日期,代码,方向,成交价,成交额,费用,分组,因子值,未来1天收益,未来1周收益,未来1月收益,备注
2010-04-09,sh.600552,买入,39.52,3952.0000000000005,5.03952,Group_1,0.9382050024521826,0.058957489878542546,0.035172064777327705,-0.13436234817813775,调仓买入
2010-04-09,sh.600433,买入,14.86,4458.0,5.04458,Group_1,0.7882069795427193,0.022207267833109112,0.03633916554508754,-0.23418573351278593,调仓买入
2010-04-09,sz.000811,买入,21.5,4300.0,5.043,Group_1,0.7077045274027005,0.012558139534883717,-0.023255813953488413,0.12651162790697668,调仓买入
2010-04-09,sz.000627,买入,12.92,3876.0,5.03876,Group_1,0.7000000000000002,-0.5123839009287926,-0.47445820433436536,-0.598297213622291,调仓买入
2010-04-09,sh.600213,买入,14.18,4254.0,5.04254,Group_1,0.6941457586618878,-0.007757404795486589,-0.009167842031029494,-0.1297602256699577,调仓买入
2010-04-09,sh.600512,买入,11.02,4408.0,5.04408,Group_1,0.6722306525037935,-0.005444646098003547,-0.029038112522686066,-0.1932849364791288,调仓买入
2010-04-09,sh.600118,买入,40.16,4015.9999999999995,5.04016,Group_1,0.6492813141683775,-0.043575697211155395,-0.0819223107569721,-0.5891434262948207,调仓买入
2010-04-09,sz.002227,买入,34.16,3415.9999999999995,5.03416,Group_1,0.6174242424242422,0.10011709601873542,0.012880562060890055,-0.17622950819672123,调仓买入
2010-04-09,sh.600545,买入,14.55,4365.0,5.04365,Group_1,0.6166666666666667,-0.02268041237113405,-0.01993127147766327,-0.1635738831615121,调仓买入
2010-04-16,sz.000811,卖出,21.0,4200.0,7.1419999999999995,,,,,,调仓卖出
2010-04-16,sz.000627,卖出,6.79,2037.0,6.038869999999999,,,,,,调仓卖出
2010-04-16,sh.600118,卖出,36.87,3686.9999999999995,6.88037,,,,,,调仓卖出
2010-04-16,sh.600209,买入,13.6,5440.0,5.0544,Group_1,1.0637329286798178,-0.02720588235294108,-0.15808823529411764,-0.44338235294117645,调仓买入
2010-04-16,sz.000661,买入,49.0,4900.0,5.049,Group_1,0.692573402417962,-0.02632653061224488,0.020204081632653192,-0.18673469387755104,调仓买入
2010-04-16,sz.002036,买入,13.57,5428.0,5.05428,Group_1,0.6232057416267944,-0.0420044215180545,-0.04347826086956519,-0.20707442888725136,调仓买入
2010-04-23,sh.600552,卖出,38.45,3845.0000000000005,6.96095,,,,,,调仓卖出
2010-04-23,sh.600213,卖出,13.26,3978.0,7.02878,,,,,,调仓卖出
2010-04-23,sz.002227,卖出,33.62,3361.9999999999995,6.71462,,,,,,调仓卖出
2010-04-23,sh.600545,卖出,14.35,4305.0,7.19555,,,,,,调仓卖出
2010-04-23,sh.600209,卖出,11.45,4580.0,7.3358,,,,,,调仓卖出
2010-04-23,sz.000661,卖出,49.99,4999.0,7.5494900000000005,,,,,,调仓卖出
2010-04-23,sz.000049,买入,20.75,4150.0,5.0415,Group_1,0.8795289855072466,0.02168674698795181,-0.010602409638554189,0.18698795180722882,调仓买入
2010-04-23,sh.600268,买入,35.72,3572.0,5.03572,Group_1,0.7306201550387597,0.008958566629339249,-0.02155655095184761,-0.38185890257558797,调仓买入
2010-04-23,sz.000404,买入,13.86,4158.0,5.04158,Group_1,0.6539379474940332,-0.06204906204906202,-0.11255411255411252,-0.2640692640692641,调仓买入
2010-04-23,sz.000915,买入,15.3,3060.0,5.0306,Group_1,0.6276595744680851,-0.00588235294117645,-0.15751633986928104,-0.17647058823529416,调仓买入
2010-04-23,sz.000848,买入,41.55,4155.0,5.04155,Group_1,0.6142191142191142,-0.056558363417569035,-0.11985559566786996,-0.10108303249097461,调仓买入
2010-04-23,sz.000811,买入,22.74,4548.0,5.04548,Group_1,0.5846689895470383,-0.009674582233948903,0.020228671943711474,0.08619173262972746,调仓买入
2010-04-23,sh.600132,买入,36.27,3627.0000000000005,5.03627,Group_1,0.5838427947598255,-0.03556658395368095,-0.12958367797077486,-0.01433691756272415,调仓买入
2010-04-30,sh.600433,卖出,10.93,3279.0,6.67229,,,,,,调仓卖出
2010-04-30,sh.600512,卖出,9.19,3676.0,6.87476,,,,,,调仓卖出
2010-04-30,sz.002036,卖出,10.92,4368.0,7.22768,,,,,,调仓卖出
2010-04-30,sh.600268,卖出,34.95,3495.0000000000005,6.782450000000001,,,,,,调仓卖出
2010-04-30,sz.000915,卖出,12.89,2578.0,6.31478,,,,,,调仓卖出
2010-04-30,sz.000848,卖出,36.57,3657.0,6.86507,,,,,,调仓卖出
2010-04-30,sh.600132,卖出,31.57,3157.0,6.61007,,,,,,调仓卖出
2010-04-30,sz.000151,买入,16.2,3240.0,5.0324,Group_1,0.6998950682056664,-0.006172839506172756,-0.06666666666666665,-0.23086419753086407,调仓买入
2010-04-30,sh.600379,买入,18.5,3700.0,5.037,Group_1,0.6503122212310435,0.002702702702702675,-0.0502702702702702,-0.006486486486486531,调仓买入
2010-04-30,sh.600563,买入,26.57,2657.0,5.02657,Group_1,0.6431663574520716,-0.018441851712457713,-0.12758750470455404,-0.15318027850959726,调仓买入
2010-04-30,sz.002020,买入,15.54,3108.0,5.03108,Group_1,0.5728744939271253,0.09395109395109391,-0.03474903474903468,-0.07786357786357778,调仓买入
2010-04-30,sz.002139,买入,22.2,2220.0,5.0222,Group_1,0.5470383275261324,-0.008108108108108136,-0.0788288288288288,-0.048648648648648596,调仓买入
2010-04-30,sz.002344,买入,34.9,3490.0,5.0349,Group_1,0.5449313855688358,-0.029226361031518544,0.0911174785100286,0.06045845272206307,调仓买入
2010-05-07,sz.000151,卖出,16.8,3360.0,6.7136,,,,,,调仓卖出
2010-05-07,sz.002020,卖出,15.9,3180.0,6.6217999999999995,,,,,,调仓卖出
2010-05-07,sh.600111,买入,38.27,3827.0000000000005,5.03827,Group_1,0.7514874141876431,0.0,0.013326365299189957,0.04886333943036303,调仓买入
2010-05-07,sz.002046,买入,25.51,5102.0,5.05102,Group_1,0.7063545150501673,-0.008232065856526916,0.0023520188161505473,0.021168169345354704,调仓买入
2010-05-07,sz.002036,买入,12.38,4952.0,5.04952,Group_1,0.6310935441370225,-0.05815831987075937,-0.06785137318255263,-0.17770597738287564,调仓买入
2010-05-14,sz.000404,卖出,11.0,3300.0,6.683000000000001,,,,,,调仓卖出
2010-05-14,sz.000811,卖出,22.94,4588.0,7.339880000000001,,,,,,调仓卖出
2010-05-14,sh.600563,卖出,24.6,2460.0,6.2546,,,,,,调仓卖出
2010-05-14,sz.002220,买入,37.08,3708.0,5.03708,Group_1,0.6908344733242133,-0.034519956850053934,0.012944983818770295,-0.4263754045307443,调仓买入
2010-05-14,sh.600980,买入,14.99,2998.0,5.02998,Group_1,0.5172064777327934,0.020680453635757212,0.04936624416277513,0.08338892595063374,调仓买入
2010-05-21,sz.002139,卖出,19.49,1948.9999999999998,5.99399,,,,,,调仓卖出
2010-05-21,sz.002036,卖出,10.5,4200.0,7.1419999999999995,,,,,,调仓卖出
2010-05-21,sz.000811,买入,23.85,2385.0,5.02385,Group_1,0.5742574257425743,0.03563941299790341,0.04318658280922416,0.10356394129979041,调仓买入
2010-05-21,sz.000559,买入,10.38,4152.0,5.04152,Group_1,0.4661016949152543,0.05876685934489401,0.11078998073217705,0.13198458574181116,调仓买入
2010-05-28,sz.002220,卖出,38.86,3886.0,6.981859999999999,,,,,,调仓卖出
2010-05-28,sh.600980,卖出,16.77,3354.0,6.71054,,,,,,调仓卖出
2010-05-28,sz.000811,卖出,24.88,2488.0,6.268879999999999,,,,,,调仓卖出
2010-05-28,sz.000665,买入,16.05,3210.0,5.0321,Group_1,0.8838028169014087,-0.09968847352024934,-0.12149532710280375,-0.25732087227414335,调仓买入
2010-05-28,sh.600132,买入,37.4,3740.0,5.0374,Group_1,0.6232638888888888,-0.054010695187165725,-0.00855614973262031,-0.03743315508021383,调仓买入
2010-05-28,sz.002192,买入,29.0,2900.0,5.029,Group_1,0.5025906735751295,-0.07517241379310347,0.036206896551724155,-0.15172413793103445,调仓买入
2010-06-04,sz.000559,卖出,11.48,4592.0,7.34192,,,,,,调仓卖出
2010-06-11,sh.600379,卖出,17.68,3536.0,6.80336,,,,,,调仓卖出
2010-06-11,sz.000559,买入,12.52,3756.0,5.03756,Group_1,0.6693333333333333,0.0,-0.06150159744408945,-0.13099041533546318,调仓买入
2010-06-11,sz.002241,买入,33.01,3301.0,5.03301,Group_1,0.575656324582339,-0.015449863677673425,0.02968797334141171,-0.11814601635867916,调仓买入
2010-06-18,sz.002192,卖出,27.11,2711.0,6.382610000000001,,,,,,调仓卖出
2010-06-18,sz.002241,卖出,29.85,2985.0,6.522349999999999,,,,,,调仓卖出
2010-06-18,sz.000159,买入,24.12,2412.0,5.02412,Group_1,0.45740181268882174,0.02072968490878946,-0.034411276948590475,-0.1181592039800996,调仓买入
2010-06-18,sh.600343,买入,19.67,3934.0000000000005,5.03934,Group_1,0.4368151935719504,0.036603965429588214,0.02491103202846956,0.0010167768174884628,调仓买入
2010-06-25,sz.000159,卖出,23.29,2329.0,6.187790000000001,,,,,,调仓卖出
2010-06-25,sz.002192,买入,27.8,2780.0,5.0278,Group_1,0.4256410256410257,-0.033812949640287804,-0.14316546762589932,-0.009712230215827344,调仓买入
2010-07-02,sz.002344,卖出,32.69,3269.0,6.66719,,,,,,调仓卖出
2010-07-02,sz.000559,卖出,10.18,3054.0,6.55754,,,,,,调仓卖出
2010-07-02,sz.000790,买入,11.16,3348.0,5.03348,Group_1,0.22368421052631593,0.034050179211469356,0.1263440860215055,0.2679211469534051,调仓买入
2010-07-09,sz.000665,卖出,11.18,2236.0,6.14036,,,,,,调仓卖出
2010-07-09,sz.000790,卖出,12.57,3771.0,6.923209999999999,,,,,,调仓卖出
2010-07-16,sz.002046,卖出,22.69,4538.0,7.31438,,,,,,调仓卖出
2010-07-16,sh.600132,卖出,32.66,3265.9999999999995,6.66566,,,,,,调仓卖出
2010-07-16,sz.000598,买入,19.6,1960.0000000000002,5.0196,Group_1,0.7013888888888891,0.034183673469387665,-0.02602040816326534,-0.025510204081632626,调仓买入
2010-07-16,sz.000790,买入,13.1,2620.0,5.0262,Group_1,0.3877118644067796,0.083206106870229,0.08091603053435126,0.06564885496183215,调仓买入
2010-07-16,sh.600673,买入,13.21,2642.0,5.02642,Group_1,0.3534836065573772,-0.004542013626040897,-0.0037850113550341735,0.12944738834216496,调仓买入
2010-07-16,sz.002341,买入,34.87,3486.9999999999995,5.03487,Group_1,0.22824938358576952,0.06681961571551498,0.055635216518497455,0.034700315457413256,调仓买入
2010-07-16,sz.000636,买入,11.98,3594.0,5.03594,Group_1,0.22745901639344268,0.017529215358931483,0.023372287145241977,-0.04173622704507507,调仓买入
2010-07-16,sz.002228,买入,18.5,3700.0,5.037,Group_1,0.1828644501278771,0.005945945945945885,0.002702702702702675,-0.0470270270270271,调仓买入
2010-07-23,sz.000049,卖出,23.96,4792.0,7.44392,,,,,,调仓卖出
2010-07-23,sh.600111,卖出,40.33,4033.0,7.05683,,,,,,调仓卖出
2010-07-23,sh.600343,卖出,19.05,3810.0,6.9431,,,,,,调仓卖出
2010-07-23,sz.000636,卖出,12.26,3678.0,6.875780000000001,,,,,,调仓卖出
2010-07-23,sz.002228,卖出,18.55,3710.0,6.892099999999999,,,,,,调仓卖出
2010-07-23,sh.600807,买入,15.85,4755.0,5.04755,Group_1,0.2599364069952306,0.00441640378548902,0.01766561514195586,0.07003154574132497,调仓买入
2010-07-23,sh.600623,买入,18.66,3732.0,5.03732,Group_1,0.21247563352826515,-0.018220793140407254,-0.05037513397642024,-0.03965702036441576,调仓买入
2010-07-23,sz.000665,买入,13.17,3951.0,5.03951,Group_1,0.21159153633854655,0.0015186028853455547,0.02733485193621865,0.0030372057706911093,调仓买入
2010-07-23,sh.600777,买入,7.45,4470.0,5.0447,Group_1,0.20355411954765756,0.0,-0.014765100671141007,0.12885906040268447,调仓买入
2010-07-30,sz.002192,卖出,28.8,2880.0,6.4688,,,,,,调仓卖出
2010-07-30,sz.002341,卖出,36.7,3670.0000000000005,6.8717,,,,,,调仓卖出
2010-07-30,sh.600807,卖出,16.13,4839.0,7.467890000000001,,,,,,调仓卖出
2010-07-30,sh.600623,卖出,17.72,3544.0,6.807440000000001,,,,,,调仓卖出
2010-07-30,sz.000665,卖出,13.53,4059.0,7.07009,,,,,,调仓卖出
2010-07-30,sh.600777,卖出,7.34,4404.0,7.24604,,,,,,调仓卖出
2010-07-30,sh.600990,买入,43.66,4366.0,5.04366,Group_1,0.5055172413793103,0.006413192853870875,-0.016949152542372725,-0.019697663765460338,调仓买入
2010-07-30,sh.600335,买入,12.29,3686.9999999999995,5.03687,Group_1,0.5006105006105006,0.00813669650122062,0.12937347436940616,0.48087876322213186,调仓买入
2010-07-30,sh.600815,买入,11.02,4408.0,5.04408,Group_1,0.3571428571428572,0.001814882032667775,0.001814882032667775,0.012704174228675091,调仓买入
2010-07-30,sz.000524,买入,13.18,3954.0,5.03954,Group_1,0.32329317269076285,0.03793626707132014,0.0022761760242793194,-0.05159332321699539,调仓买入
2010-07-30,sz.000636,买入,13.65,4095.0,5.04095,Group_1,0.30372492836676224,0.0,-0.1355311355311355,-0.17582417582417587,调仓买入
2010-07-30,sz.002193,买入,15.76,3152.0,5.03152,Group_1,0.29925803792250605,0.004441624365482344,0.029822335025380786,-0.05456852791878164,调仓买入
2010-07-30,sh.600118,买入,20.15,4029.9999999999995,5.0403,Group_1,0.29916183107672456,-0.002481389578163684,-0.004466501240694809,0.026799007444168854,调仓买入
2010-08-06,sz.000790,卖出,13.6,2720.0,6.3872,,,,,,调仓卖出
2010-08-06,sh.600990,卖出,42.92,4292.0,7.1889199999999995,,,,,,调仓卖出
2010-08-06,sh.600815,卖出,11.04,4416.0,7.25216,,,,,,调仓卖出
2010-08-06,sz.000636,卖出,11.8,3540.0,6.805400000000001,,,,,,调仓卖出
2010-08-06,sz.002193,卖出,16.23,3246.0,6.655460000000001,,,,,,调仓卖出
2010-08-06,sh.600118,卖出,20.06,4011.9999999999995,7.04612,,,,,,调仓卖出
2010-08-06,sz.002268,买入,23.48,2348.0,5.02348,Group_1,0.4945894334818586,0.006388415672913039,-0.05579216354344119,0.25170357751277694,调仓买入
2010-08-06,sh.600777,买入,7.83,3915.0,5.03915,Group_1,0.44731977818853963,0.012771392081736943,-0.04469987228607919,0.127713920817369,调仓买入
2010-08-06,sh.600460,买入,21.5,2150.0,5.0215,Group_1,0.43428952635090057,0.02651162790697681,-0.013488372093023226,0.11302325581395345,调仓买入
2010-08-06,sz.000540,买入,11.32,3396.0,5.03396,Group_1,0.4132334581772785,0.0,-0.019434628975265045,-0.12632508833922262,调仓买入
2010-08-13,sz.002268,卖出,22.17,2217.0,6.13067,,,,,,调仓卖出
2010-08-13,sh.600777,卖出,7.48,3740.0,6.9074,,,,,,调仓卖出
2010-08-13,sh.600460,卖出,21.21,2121.0,6.08171,,,,,,调仓卖出
2010-08-13,sz.000540,卖出,11.1,3330.0,6.6983,,,,,,调仓卖出
2010-08-13,sz.002280,买入,29.37,2937.0,5.02937,Group_1,0.7327433628318585,-0.0023833844058562814,-0.07116104868913853,0.03881511746680277,调仓买入
2010-08-13,sz.002132,买入,17.45,3490.0,5.0349,Group_1,0.7091087169441721,0.002865329512893977,0.14899713467048725,0.09226361031518615,调仓买入
2010-08-13,sz.002069,买入,37.95,3795.0000000000005,5.03795,Group_1,0.5958788898233811,0.021870882740447906,0.05428194993412361,0.0653491436100131,调仓买入
2010-08-20,sz.000598,卖出,18.16,1816.0,5.92616,,,,,,调仓卖出
2010-08-20,sz.000524,卖出,13.26,3978.0,7.02878,,,,,,调仓卖出
2010-08-20,sz.002280,卖出,27.28,2728.0,6.39128,,,,,,调仓卖出
2010-08-20,sz.002166,买入,33.38,3338.0000000000005,5.03338,Group_1,1.314840499306519,-0.049730377471539966,0.0011983223487117556,-0.014679448771719672,调仓买入
2010-08-20,sh.600199,买入,16.0,3200.0,5.032,Group_1,0.8223234624145788,0.016250000000000098,0.05187499999999989,-0.013125000000000053,调仓买入
2010-08-20,sz.002176,买入,28.27,2827.0,5.02827,Group_1,0.7537220843672454,0.008489564909798464,0.03006720905553606,-0.10081358330385559,调仓买入
2010-08-20,sz.002297,买入,24.22,2422.0,5.02422,Group_1,0.6831132731063236,0.011560693641618602,0.018992568125516085,-0.00867052023121373,调仓买入
2010-08-27,sh.600673,卖出,14.73,2946.0,6.50246,,,,,,调仓卖出
2010-08-27,sz.002297,卖出,24.68,2468.0,6.25868,,,,,,调仓卖出
2010-08-27,sh.600970,买入,32.55,3254.9999999999995,5.03255,Group_1,0.7149631190727079,0.0,0.02058371735791087,0.052534562211981495,调仓买入
2010-08-27,sh.600778,买入,15.97,3194.0,5.03194,Group_1,0.6279306829765545,0.005635566687538951,0.02003757044458343,-0.030682529743268683,调仓买入
2010-08-27,sz.000669,买入,24.15,2415.0,5.02415,Group_1,0.5732899022801303,0.03809523809523818,0.035196687370600444,0.2463768115942031,调仓买入
2010-09-03,sz.002069,卖出,40.6,4060.0,7.070600000000001,,,,,,调仓卖出
2010-09-03,sz.002166,卖出,32.27,3227.0000000000005,6.64577,,,,,,调仓卖出
2010-09-03,sh.600199,卖出,16.6,3320.0000000000005,6.6932,,,,,,调仓卖出
2010-09-03,sh.600778,卖出,16.29,3258.0,6.661580000000001,,,,,,调仓卖出
2010-09-03,sz.000669,卖出,25.0,2500.0,6.275,,,,,,调仓卖出
2010-09-03,sh.600742,买入,31.64,3164.0,5.03164,Group_1,0.8459743290548425,0.006005056890012517,-0.03634639696586606,0.17635903919089757,调仓买入
2010-09-03,sz.002056,买入,33.3,3329.9999999999995,5.0333,Group_1,0.8377483443708607,-0.09999999999999998,-0.13183183183183178,0.023123123123123257,调仓买入
2010-09-10,sz.002132,卖出,19.06,3811.9999999999995,6.94412,,,,,,调仓卖出
2010-09-10,sh.600970,卖出,35.19,3519.0,6.79469,,,,,,调仓卖出
2010-09-10,sh.600742,卖出,30.49,3049.0,6.55499,,,,,,调仓卖出
2010-09-10,sz.002056,卖出,28.91,2891.0,6.47441,,,,,,调仓卖出
2010-09-10,sh.600513,买入,25.45,2545.0,5.02545,Group_1,1.6373056994818653,-0.034184675834970535,-0.16974459724950886,-0.25068762278978385,调仓买入
2010-09-10,sh.600773,买入,20.43,2043.0,5.02043,Group_1,1.473365617433414,-0.02104747919725891,-0.05139500734214397,-0.15173764072442497,调仓买入
2010-09-10,sz.000669,买入,26.77,2677.0,5.02677,Group_1,1.0624036979969183,-0.0044826298094883255,-0.08031378408666412,0.15091520358610389,调仓买入
2010-09-10,sz.000790,买入,18.8,3760.0,5.0376,Group_1,0.8837675350701402,0.0037234042553191404,-0.06489361702127672,-0.12340425531914889,调仓买入
2010-09-10,sh.600361,买入,14.05,2810.0,5.0281,Group_1,0.8414154652686765,0.005693950177936058,-0.053380782918149516,-0.09110320284697515,调仓买入
2010-09-10,sh.600980,买入,26.14,2614.0,5.02614,Group_1,0.78186775732788,0.019892884468247773,-0.11055853098699309,-0.08416220351951031,调仓买入
2010-09-17,sz.002176,卖出,25.42,2542.0,6.29642,,,,,,调仓卖出
2010-09-17,sz.000790,卖出,17.58,3515.9999999999995,6.79316,,,,,,调仓卖出
2010-09-17,sh.600361,卖出,13.3,2660.0,6.3566,,,,,,调仓卖出
2010-09-17,sh.600980,卖出,23.25,2325.0,6.1857500000000005,,,,,,调仓卖出
2010-09-17,sz.002190,买入,36.74,3674.0,5.03674,Group_1,2.577409931840312,0.07784431137724557,0.05062602068590083,0.238160043549265,调仓买入
2010-09-17,sh.600644,买入,14.7,2940.0,5.0294,Group_1,0.9316688567674112,0.00612244897959191,-0.029931972789115635,0.054421768707483054,调仓买入
2010-09-17,sh.600086,买入,16.8,3360.0,5.0336,Group_1,0.86046511627907,0.024404761904761818,0.14761904761904754,0.618452380952381,调仓买入
2010-09-17,sh.600537,买入,34.71,3471.0,5.03471,Group_1,0.7882534775888717,-0.023624315759147252,-0.007202535292422985,0.06597522327859395,调仓买入
2010-09-17,sz.002056,买入,29.52,2952.0,5.02952,Group_1,0.7571428571428571,0.040989159891599014,0.047086720867208776,0.3133468834688349,调仓买入
2010-09-21,sh.600316,买入,58.12,5812.0,5.05812,Group_1,0.8105919003115263,-0.005677907777013047,0.13489332415691657,-0.18685478320715765,调仓买入
2010-09-30,sh.600644,卖出,14.18,2836.0,6.44636,,,,,,调仓卖出
2010-09-30,sh.600537,卖出,35.0,3500.0,6.785,,,,,,调仓卖出
2010-09-30,sh.600316,卖出,61.96,6196.0,8.15996,,,,,,调仓卖出
2010-09-30,sh.600367,买入,16.76,5028.000000000001,5.05028,Group_1,1.3874643874643877,0.002983293556085842,0.0375894988066825,0.33412887828162274,调仓买入
2010-10-08,sh.600335,卖出,16.56,4968.0,7.53368,,,,,,调仓卖出
2010-10-08,sz.002132,买入,22.82,4564.0,5.04564,Group_1,1.270646766169154,-0.0118317265556529,-0.005696757230499561,0.3277826468010516,调仓买入
2010-10-15,sh.600513,卖出,18.82,1882.0,5.95982,,,,,,调仓卖出
2010-10-15,sh.600773,卖出,18.45,1845.0,5.94095,,,,,,调仓卖出
2010-10-15,sz.002056,卖出,34.33,3433.0,6.75083,,,,,,调仓卖出
2010-10-15,sz.002132,卖出,22.69,4538.0,7.31438,,,,,,调仓卖出
2010-10-15,sz.002176,买入,36.15,3615.0,5.03615,Group_1,1.3642903858731197,0.0,0.009681881051175623,-0.11479944674965414,调仓买入
2010-10-22,sz.002176,卖出,36.5,3650.0,6.8615,,,,,,调仓卖出
2010-10-22,sh.600513,买入,21.99,2199.0,5.02199,Group_1,1.3798701298701297,-0.008185538881309684,0.11641655297862674,-0.05275125056844021,调仓买入
2010-10-22,sz.000960,买入,38.09,3809.0000000000005,5.03809,Group_1,1.3717310087173105,0.10002625360987127,0.017852454712522947,-0.16881071147282756,调仓买入
2010-10-22,sz.002132,买入,23.8,2380.0,5.0238,Group_1,1.3129251700680276,0.006722689075630228,0.19327731092436973,0.20336134453781507,调仓买入
2010-10-29,sz.000669,卖出,32.18,3218.0,6.64118,,,,,,调仓卖出
2010-10-29,sz.000960,卖出,38.77,3877.0000000000005,6.977270000000001,,,,,,调仓卖出
2010-10-29,sz.000758,买入,35.91,3590.9999999999995,5.03591,Group_1,1.772972972972973,0.0999721526037316,0.036758563074352546,-0.18685602896129205,调仓买入
2010-11-05,sz.002190,卖出,42.98,4298.0,7.19198,,,,,,调仓卖出
2010-11-05,sh.600513,卖出,22.96,2296.0,6.170960000000001,,,,,,调仓卖出
2010-11-05,sz.002132,卖出,30.3,3030.0,6.545300000000001,,,,,,调仓卖出
2010-11-05,sz.000795,买入,19.03,3806.0,5.03806,Group_1,1.7108262108262111,-0.03415659485023659,0.23121387283236983,0.08302679978980554,调仓买入
2010-11-05,sh.600773,买入,24.89,2489.0,5.02489,Group_1,1.4667988107036671,-0.01888308557653673,-0.1406187223784653,-0.22498995580554448,调仓买入
2010-11-12,sz.002013,买入,38.35,3835.0,5.03835,Group_1,2.7269193391642377,0.022164276401564598,0.057366362451108044,-0.02764015645371587,调仓买入
2010-11-12,sz.000970,买入,32.8,3279.9999999999995,5.0328,Group_1,1.4495892457057504,-0.007621951219512146,-0.1146341463414634,-0.11219512195121939,调仓买入
2010-11-12,sz.002057,买入,28.67,2867.0,5.02867,Group_1,1.3694214876033062,-0.009068712940355828,-0.05999302406696905,-0.0704569236135334,调仓买入
2010-11-19,sh.600367,卖出,18.81,5643.0,7.877929999999999,,,,,,调仓卖出
2010-11-19,sz.000758,卖出,30.6,3060.0,6.5606,,,,,,调仓卖出
2010-11-19,sh.600773,卖出,22.07,2207.0,6.12557,,,,,,调仓卖出
2010-11-19,sz.000970,卖出,29.04,2904.0,6.48104,,,,,,调仓卖出
2010-11-19,sz.002057,卖出,26.95,2695.0,6.37445,,,,,,调仓卖出
2010-11-19,sz.000581,买入,36.34,3634.0000000000005,5.03634,Group_1,1.2024242424242426,0.06686846450192618,0.11282333516785892,0.029719317556411662,调仓买入
2010-11-26,sh.600311,买入,20.45,2045.0,5.02045,Group_1,1.2722222222222221,-0.07481662591687033,-0.08997555012224934,-0.14083129584352072,调仓买入
2010-11-26,sz.000876,买入,19.0,3800.0,5.038,Group_1,1.2458628841607564,0.007894736842105177,0.001052631578947416,0.13315789473684214,调仓买入
2010-11-26,sh.600095,买入,16.8,3360.0,5.0336,Group_1,1.1875,-0.050000000000000044,-0.2761904761904762,-0.34523809523809523,调仓买入
2010-11-26,sz.000977,买入,26.63,2663.0,5.02663,Group_1,1.179214402618658,-0.016147202403304584,-0.08111152835148328,-0.13593691325572654,调仓买入
2010-12-03,sh.600095,卖出,12.16,2432.0,6.2403200000000005,,,,,,调仓卖出
2010-12-03,sz.002006,买入,34.24,3424.0,5.03424,Group_1,1.5419450631031921,0.004088785046729049,0.2412383177570092,0.3157126168224298,调仓买入
2010-12-03,sh.600292,买入,17.99,3597.9999999999995,5.03598,Group_1,1.1391200951248512,-0.058921623123957656,0.0027793218454696955,0.06448026681489716,调仓买入
2010-12-10,sh.600086,卖出,28.06,5612.0,7.86212,,,,,,调仓卖出
2010-12-10,sz.000581,卖出,38.16,3815.9999999999995,6.946160000000001,,,,,,调仓卖出
2010-12-10,sh.600292,卖出,18.04,3608.0,6.84008,,,,,,调仓卖出
2010-12-10,sh.600531,买入,38.7,3870.0000000000005,5.0387,Group_1,1.1440443213296398,0.019379844961240345,0.019379844961240345,-0.21240310077519386,调仓买入
2010-12-10,sz.002168,买入,38.79,3879.0,5.03879,Group_1,1.1173580786026198,0.01804588811549368,0.005413766434648082,-0.07321474606857425,调仓买入
2010-12-17,sz.000795,卖出,19.35,3870.0000000000005,6.973700000000001,,,,,,调仓卖出
2010-12-17,sz.000977,卖出,27.11,2711.0,6.382610000000001,,,,,,调仓卖出
2010-12-17,sh.600292,买入,20.12,4024.0,5.04024,Group_1,1.120126448893572,0.06610337972166991,0.018389662027832765,-0.1968190854870776,调仓买入
2010-12-17,sz.002049,买入,25.99,2599.0,5.02599,Group_1,1.0257209664848013,0.05040400153905367,0.027318199307426072,-0.11735282801077329,调仓买入
2010-12-17,sz.002118,买入,28.92,2892.0,5.02892,Group_1,0.9487870619946093,-0.0013831258644537714,-0.08540802213001386,0.04426002766251713,调仓买入
2010-12-24,sz.000876,卖出,21.53,4306.0,7.196059999999999,,,,,,调仓卖出
2010-12-24,sh.600531,卖出,30.71,3071.0,6.56621,,,,,,调仓卖出
2010-12-24,sh.600292,卖出,20.49,4098.0,7.089980000000001,,,,,,调仓卖出
2010-12-24,sh.600348,买入,28.41,2841.0,5.02841,Group_1,0.8889627659574468,0.011263639563533934,0.009503695881731833,-0.15381907778951076,调仓买入
2010-12-24,sz.000630,买入,30.18,3018.0,5.03018,Group_1,0.8538083538083536,0.0,0.16136514247846256,-0.1467859509609013,调仓买入
2010-12-24,sz.000506,买入,11.25,4500.0,5.045,Group_1,0.8352365415986949,-0.047111111111111104,0.000888888888888939,-0.07111111111111112,调仓买入
2010-12-31,sh.600311,卖出,18.58,1857.9999999999998,5.94758,,,,,,调仓卖出
2010-12-31,sh.600348,卖出,28.68,2868.0,6.46268,,,,,,调仓卖出
2010-12-31,sz.002256,买入,16.09,4827.0,5.04827,Group_1,0.7977653631284918,0.031696706028589317,-0.022995649471721502,0.013051584835301444,调仓买入
2010-12-31,sh.600516,买入,14.01,4203.0,5.04203,Group_1,0.7779187817258884,0.020699500356887945,-0.03140613847251961,0.009992862241256395,调仓买入
2011-01-07,sz.000630,卖出,32.5,3250.0,6.6575,,,,,,调仓卖出
2011-01-07,sh.600516,卖出,13.69,4107.0,7.094570000000001,,,,,,调仓卖出
2011-01-07,sh.601002,买入,16.78,3356.0,5.03356,Group_1,0.8853932584269664,0.07151370679380209,0.07806912991656723,0.6477949940405243,调仓买入
2011-01-07,sz.000581,买入,40.51,4051.0,5.04051,Group_1,0.8149641577060931,-0.061960009874105104,-0.1103431251542829,-0.0138237472229078,调仓买入
2011-01-14,sz.002049,卖出,22.83,2283.0,6.16433,,,,,,调仓卖出
2011-01-14,sz.000581,卖出,36.04,3604.0,6.8380399999999995,,,,,,调仓卖出
2011-01-14,sh.600869,买入,32.9,3290.0,5.0329,Group_1,0.9127906976744187,-0.029179331306990797,-0.021580547112462045,-0.0389057750759878,调仓买入
2011-01-14,sz.002129,买入,27.0,2700.0,5.027,Group_1,0.7363344051446945,-0.08518518518518525,-0.024074074074074026,0.13518518518518507,调仓买入
2011-01-21,sz.002013,卖出,30.85,3085.0,6.57335,,,,,,调仓卖出
2011-01-21,sz.002168,卖出,31.5,3150.0,6.6065000000000005,,,,,,调仓卖出
2011-01-21,sz.002118,卖出,28.59,2859.0,6.45809,,,,,,调仓卖出
2011-01-21,sz.002256,卖出,14.17,4251.0,7.168010000000001,,,,,,调仓卖出
2011-01-21,sz.002129,卖出,26.35,2635.0,6.34385,,,,,,调仓卖出
2011-01-21,sh.600637,买入,11.81,3543.0,5.03543,Group_1,0.7679640718562877,0.015241320914479273,-0.053344623200677455,0.08128704487722271,调仓买入
2011-01-21,sh.600502,买入,16.51,3302.0000000000005,5.03302,Group_1,0.633036597428289,-0.0012113870381589287,0.14839491217443967,0.12235009085402782,调仓买入
2011-01-21,sh.601299,买入,8.97,3588.0000000000005,5.03588,Group_1,0.6046511627906979,-0.006688963210702448,0.0033444816053511683,-0.10479375696767013,调仓买入
2011-01-21,sh.600819,买入,15.18,3036.0,5.03036,Group_1,0.60126582278481,-0.06060606060606055,-0.007246376811594124,0.15546772068511205,调仓买入
2011-01-21,sz.002171,买入,32.33,3233.0,5.03233,Group_1,0.586359175662414,-0.09990720692854926,-0.016702752861119663,-0.03402412619857709,调仓买入
2011-01-28,sh.600819,卖出,15.07,3014.0,6.537140000000001,,,,,,调仓卖出
2011-01-28,sz.002256,买入,16.1,3220.0000000000005,5.0322,Group_1,0.7200854700854704,0.012422360248447228,0.08695652173913038,0.40993788819875765,调仓买入
2011-01-28,sz.002060,买入,14.9,2980.0,5.0298,Group_1,0.6355653128430299,0.06979865771812066,0.0026845637583892135,-0.059060402684563806,调仓买入
2011-02-01,sh.601299,卖出,9.44,3776.0,6.9257599999999995,,,,,,调仓卖出
2011-02-01,sz.002450,买入,35.71,3571.0,5.03571,Group_1,0.6187669990933817,0.00756090730887693,0.02828339400728086,-0.039484738168580336,调仓买入
2011-02-11,sz.002171,卖出,29.93,2993.0,6.52643,,,,,,调仓卖出
2011-02-11,sz.002060,卖出,14.94,2988.0,6.52388,,,,,,调仓卖出
2011-02-11,sz.002450,卖出,35.81,3581.0,6.826309999999999,,,,,,调仓卖出
2011-02-11,sz.002049,买入,24.58,2458.0,5.02458,Group_1,0.8153618906942393,0.0,-0.03661513425549223,0.016273393002441017,调仓买入
2011-02-11,sh.600116,买入,22.12,2212.0,5.02212,Group_1,0.7569499602859413,-0.010849909584086936,0.020343580470162825,-0.056057866184448524,调仓买入
2011-02-11,sh.600801,买入,33.03,3303.0,5.03303,Group_1,0.6614688128772637,0.09990917347865569,0.10445049954586727,0.25552528004844066,调仓买入
2011-02-18,sz.002006,卖出,45.88,4588.0,7.339880000000001,,,,,,调仓卖出
2011-02-18,sh.600869,卖出,31.62,3162.0,6.61262,,,,,,调仓卖出
2011-02-18,sz.002049,卖出,23.68,2368.0,6.20768,,,,,,调仓卖出
2011-02-18,sh.600801,卖出,36.48,3647.9999999999995,6.86048,,,,,,调仓卖出
2011-02-18,sz.002131,买入,21.0,4200.0,5.042,Group_1,1.028985507246377,0.06000000000000005,0.008571428571428452,0.050000000000000044,调仓买入
2011-02-18,sh.600318,买入,17.24,3447.9999999999995,5.03448,Group_1,0.8617710583153346,-0.004640371229698292,0.0029002320185615993,-0.009280742459396807,调仓买入
2011-02-18,sh.600614,买入,12.22,3666.0,5.03666,Group_1,0.8599695585996956,-0.023731587561374834,0.13338788870703766,0.11865793780687395,调仓买入
2011-02-18,sh.600495,买入,22.32,4464.0,5.04464,Group_1,0.8310090237899919,0.014336917562723928,-0.08467741935483875,-0.092741935483871,调仓买入
2011-02-25,sh.600502,卖出,18.53,3706.0,6.89006,,,,,,调仓卖出
2011-02-25,sh.600116,卖出,20.89,2089.0,6.06539,,,,,,调仓卖出
2011-02-25,sh.600318,卖出,17.29,3458.0,6.76358,,,,,,调仓卖出
2011-02-25,sh.600495,卖出,20.43,4086.0,7.0838600000000005,,,,,,调仓卖出
2011-02-25,sz.002171,买入,31.23,3123.0,5.03123,Group_1,0.7495798319327729,0.040025616394492314,-0.48158821645853345,-0.2545629202689721,调仓买入
2011-03-04,sz.000506,卖出,14.41,5764.0,7.939640000000001,,,,,,调仓卖出
2011-03-04,sz.002171,卖出,16.19,1619.0000000000002,5.82569,,,,,,调仓卖出
2011-03-04,sz.000789,买入,17.4,3479.9999999999995,5.0348,Group_1,0.9594594594594592,0.009195402298850519,-0.04999999999999982,-0.0017241379310343197,调仓买入
2011-03-04,sh.600466,买入,17.02,3404.0,5.03404,Group_1,0.7209302325581395,-0.018801410105757976,0.2085781433607521,0.10987074030552302,调仓买入
2011-03-04,sh.600503,买入,21.95,2195.0,5.02195,Group_1,0.7148437499999998,0.004555808656036442,-0.059681093394077345,-0.0432801822323462,调仓买入
2011-03-04,sz.002160,买入,21.92,2192.0,5.02192,Group_1,0.6848578016910072,-0.0036496350364964014,0.20437956204379537,0.13549270072992692,调仓买入
2011-03-11,sh.600503,卖出,20.64,2064.0,6.05264,,,,,,调仓卖出
2011-03-11,sh.600851,买入,13.83,4149.0,5.04149,Group_1,1.0986342943854326,0.07302964569775838,0.011569052783803269,-0.06796818510484448,调仓买入
2011-03-11,sh.600069,买入,11.14,4456.0,5.04456,Group_1,0.8143322475570034,0.009874326750448859,-0.035008976660682256,0.027827648114901127,调仓买入
2011-03-18,sh.601002,卖出,23.76,4752.0,7.42352,,,,,,调仓卖出
2011-03-18,sz.000789,卖出,16.45,3290.0,6.677899999999999,,,,,,调仓卖出
2011-03-18,sh.600112,买入,18.14,3628.0,5.03628,Group_1,0.6858736059479555,0.037486218302094754,0.06670341786108058,0.2519294377067254,调仓买入
2011-03-25,sh.600614,卖出,14.65,4395.0,7.24145,,,,,,调仓卖出
2011-03-25,sh.600200,买入,14.45,4335.0,5.04335,Group_1,1.1064139941690958,0.01314878892733562,-0.1114186851211072,-0.05674740484429053,调仓买入
2011-04-01,sz.002131,卖出,19.25,3850.0,6.9635,,,,,,调仓卖出
2011-04-01,sz.002160,卖出,24.89,2489.0,6.26939,,,,,,调仓卖出
2011-04-01,sz.000752,买入,26.89,2689.0,5.02689,Group_1,1.1512000000000002,0.020453700260319785,-0.002975083674228385,-0.11974711788769055,调仓买入
2011-04-01,sh.600010,买入,7.89,3945.0,5.03945,Group_1,0.9243902439024392,0.0025348542458809575,0.1267427122940432,0.0025348542458809575,调仓买入
2011-04-08,sh.600466,卖出,8.31,1662.0,5.84762,,,,,,调仓卖出
2011-04-15,sh.600637,卖出,12.97,3891.0,6.98441,,,,,,调仓卖出
2011-04-15,sh.600851,卖出,13.04,3911.9999999999995,6.995119999999999,,,,,,调仓卖出
2011-04-15,sh.600069,卖出,11.02,4408.0,7.24808,,,,,,调仓卖出
2011-04-15,sh.600882,买入,19.19,3838.0000000000005,5.03838,Group_1,1.3633004926108376,0.10005211047420515,-0.11047420531526841,-0.2261594580510683,调仓买入
2011-04-15,sz.002160,买入,31.81,3181.0,5.03181,Group_1,1.0184010152284264,-0.45048726815466833,-0.4309965419679346,-0.5378811694435712,调仓买入
2011-04-22,sh.600112,卖出,21.25,4250.0,7.1675,,,,,,调仓卖出
2011-04-22,sz.002160,卖出,18.1,1810.0000000000002,5.923100000000001,,,,,,调仓卖出
2011-04-22,sh.600636,买入,31.39,3139.0,5.03139,Group_1,1.309786607799853,-0.0375915896782415,-0.028990124243389648,0.052564510990761315,调仓买入
2011-04-22,sh.600851,买入,14.23,2846.0,5.02846,Group_1,1.047482014388489,-0.06324666198172879,-0.1447645818692903,-0.29585382993675335,调仓买入
2011-04-22,sh.600339,买入,16.09,3218.0,5.03218,Group_1,0.9246411483253589,-0.04909881914232439,-0.06463642013673088,-0.2075823492852703,调仓买入
2011-04-22,sh.600614,买入,18.71,3742.0,5.03742,Group_1,0.9072375127421,-0.005344735435595993,-0.12987707108498125,-0.20897915553180113,调仓买入
2011-04-22,sz.002136,买入,28.1,2810.0,5.0281,Group_1,0.8258609486679662,-0.03487544483985772,-0.10071174377224201,-0.2110320284697509,调仓买入
2011-04-29,sh.600851,卖出,12.17,2434.0,6.241339999999999,,,,,,调仓卖出
2011-04-29,sh.600339,卖出,15.05,3010.0,6.5351,,,,,,调仓卖出
2011-04-29,sz.002136,卖出,25.27,2527.0,6.2887699999999995,,,,,,调仓卖出
2011-04-29,sh.600152,买入,11.58,3474.0,5.03474,Group_1,0.9014778325123154,0.10017271157167529,0.1968911917098446,0.04576856649395511,调仓买入
2011-05-06,sz.000056,买入,19.6,1960.0000000000002,5.0196,Group_1,1.0040899795501024,0.09999999999999987,0.17448979591836733,0.17091836734693855,调仓买入
2011-05-13,sh.600882,卖出,15.01,3002.0,6.531020000000001,,,,,,调仓卖出
2011-05-13,sh.600614,卖出,17.66,3532.0,6.80132,,,,,,调仓卖出
2011-05-13,sh.600618,买入,16.94,3388.0000000000005,5.03388,Group_1,1.0887792848335391,-0.0017709563164108877,0.10861865407319948,0.07319952774498217,调仓买入
2011-05-13,sh.600131,买入,10.95,3285.0,5.03285,Group_1,0.8686006825938564,0.0182648401826484,-0.05388127853881275,-0.25844748858447486,调仓买入
2011-05-20,sz.000056,卖出,24.84,2484.0,6.26684,,,,,,调仓卖出
2011-05-20,sh.600131,卖出,10.36,3108.0,6.5850800000000005,,,,,,调仓卖出
2011-05-20,sz.002034,买入,27.26,2726.0,5.02726,Group_1,1.0809160305343513,0.0,-0.1771826852531182,-0.3140132061628761,调仓买入
2011-05-20,sh.600882,买入,14.53,2906.0,5.02906,Group_1,0.8748387096774193,-0.05918788713007572,-0.022023399862353688,-0.10598761183757732,调仓买入
2011-05-27,sh.600695,买入,8.95,5370.0,5.0537,Group_1,0.6039426523297489,-0.07374301675977657,-0.040223463687150796,-0.03910614525139666,调仓买入
2011-06-03,sh.600200,卖出,11.39,3417.0,6.7426699999999995,,,,,,调仓卖出
2011-06-03,sh.600695,卖出,8.59,5154.0,7.62854,,,,,,调仓卖出
2011-06-03,sh.600740,买入,15.09,3018.0,5.03018,Group_1,0.8492647058823528,0.07024519549370445,0.0072895957587806315,0.09078860172299552,调仓买入
2011-06-03,sh.600810,买入,16.18,3236.0,5.03236,Group_1,0.6212424849699398,0.003708281829418958,-0.06922126081582192,0.03646477132262049,调仓买入
2011-06-17,sz.002034,卖出,19.06,1905.9999999999998,5.97206,,,,,,调仓卖出
2011-06-17,sh.600240,买入,9.92,3968.0,5.03968,Group_1,0.48502994011976064,0.007056451612903247,-0.027217741935483875,0.17439516129032273,调仓买入
2011-06-24,sh.600010,卖出,8.25,4125.0,7.10375,,,,,,调仓卖出
2011-06-24,sh.600240,卖出,9.65,3860.0,6.9685999999999995,,,,,,调仓卖出
2011-06-24,sh.600229,买入,10.32,4128.0,5.04128,Group_1,0.5380029806259314,0.016472868217054293,-0.043604651162790775,-0.08139534883720934,调仓买入
2011-06-24,sz.000011,买入,12.06,3618.0,5.03618,Group_1,0.48888888888888893,0.013266998341625147,0.0,0.0016583747927030323,调仓买入
2011-07-01,sz.000752,卖出,32.48,3247.9999999999995,6.656479999999999,,,,,,调仓卖出
2011-07-01,sh.600636,卖出,36.43,3643.0,6.8579300000000005,,,,,,调仓卖出
2011-07-01,sh.600882,卖出,14.2,2840.0,6.4484,,,,,,调仓卖出
2011-07-01,sz.002034,买入,23.07,2307.0,5.02307,Group_1,0.6765988372093024,0.10013003901170348,0.20286085825747713,0.02730819245773719,调仓买入
2011-07-01,sz.000056,买入,23.21,2321.0,5.02321,Group_1,0.5199738048461036,0.0017233950883239757,0.11417492460146472,0.037483843171046916,调仓买入
2011-07-01,sh.600532,买入,14.07,2814.0,5.02814,Group_1,0.504812834224599,0.03340440653873489,0.007107320540156392,-0.021321961620469176,调仓买入
2011-07-08,sh.600152,卖出,14.83,4449.0,7.26899,,,,,,调仓卖出
2011-07-08,sh.600229,卖出,10.27,4108.0,7.095079999999999,,,,,,调仓卖出
2011-07-08,sh.600240,买入,11.19,5595.0,5.05595,Group_1,0.48605577689243007,-0.009830205540661274,0.04110813226094745,0.15549597855227892,调仓买入
2011-07-08,sh.600619,买入,13.47,5388.0,5.05388,Group_1,0.4689203925845149,0.0029695619896064063,-0.04305864884929478,-0.1937639198218264,调仓买入
2011-07-15,sh.600618,卖出,17.38,3476.0,6.77276,,,,,,调仓卖出
2011-07-15,sh.600810,卖出,17.89,3578.0,6.8247800000000005,,,,,,调仓卖出
2011-07-15,sz.000011,卖出,12.35,3705.0,6.88955,,,,,,调仓卖出
2011-07-15,sh.600619,卖出,12.89,5156.0,7.62956,,,,,,调仓卖出
2011-07-15,sh.600242,买入,13.49,4047.0,5.04047,Group_1,0.5022271714922049,0.01630837657524098,-0.03854707190511486,-0.15492957746478875,调仓买入
2011-07-15,sh.600816,买入,20.51,2051.0,5.02051,Group_1,0.4650000000000001,0.017064846416382062,-0.04339346660165777,0.017064846416382062,调仓买入
2011-07-15,sz.000917,买入,31.68,3168.0,5.03168,Group_1,0.44525547445255453,-0.004103535353535359,-0.059343434343434365,-0.02304292929292928,调仓买入
2011-07-15,sz.000626,买入,14.51,2902.0,5.02902,Group_1,0.4267453294001966,-0.000689179875947632,-0.006202618883528577,-0.07236388697450025,调仓买入
2011-07-22,sh.600816,卖出,19.62,1962.0,6.00062,,,,,,调仓卖出
2011-07-22,sz.000917,卖出,29.8,2980.0,6.5198,,,,,,调仓卖出
2011-07-29,sh.600740,卖出,14.89,2978.0,6.51878,,,,,,调仓卖出
2011-07-29,sz.002034,卖出,23.7,2370.0,6.2087,,,,,,调仓卖出
2011-07-29,sz.000056,卖出,24.08,2408.0,6.228079999999999,,,,,,调仓卖出
2011-07-29,sh.600532,卖出,13.77,2754.0,6.40454,,,,,,调仓卖出
2011-07-29,sz.000975,买入,10.56,3168.0,5.03168,Group_1,0.6815286624203822,-0.011363636363636465,-0.11742424242424243,-0.1685606060606062,调仓买入
2011-07-29,sh.600696,买入,11.15,2230.0,5.0223,Group_1,0.6301169590643276,0.021524663677130018,0.1901345291479819,0.05650224215246635,调仓买入
2011-07-29,sh.600568,买入,16.93,1693.0,5.01693,Group_1,0.5376930063578564,-0.007088009450679333,-0.13171884229178976,-0.033077377436503186,调仓买入
2011-07-29,sz.002259,买入,10.24,3072.0,5.03072,Group_1,0.38378378378378364,-0.04296875,-0.0830078125,0.0224609375,调仓买入
2011-07-29,sh.600810,买入,17.28,1728.0,5.01728,Group_1,0.380191693290735,-0.007523148148148251,-0.06018518518518534,-0.05439814814814825,调仓买入
2011-07-29,sh.600844,买入,20.78,2078.0,5.02078,Group_1,0.37252311756935264,-0.011549566891241647,-0.048604427333975075,-0.06400384985563046,调仓买入
2011-08-05,sh.600568,卖出,14.7,1470.0,5.749700000000001,,,,,,调仓卖出
2011-08-05,sz.002259,卖出,9.39,2817.0,6.43667,,,,,,调仓卖出
2011-08-05,sh.600844,卖出,19.77,1977.0,6.00827,,,,,,调仓卖出
2011-08-05,sh.600714,买入,22.25,2225.0,5.02225,Group_1,0.4696169088507265,-0.04044943820224711,-0.022921348314606793,-0.1087640449438203,调仓买入
2011-08-05,sz.002140,买入,29.6,2960.0,5.0296,Group_1,0.3509812870835236,-0.013513513513513598,0.020270270270270174,-0.03412162162162169,调仓买入
2011-08-12,sz.000626,卖出,13.46,2692.0,6.37292,,,,,,调仓卖出
2011-08-12,sh.600810,卖出,16.14,1614.0,5.82314,,,,,,调仓卖出
2011-08-12,sh.600714,卖出,21.74,2174.0,6.10874,,,,,,调仓卖出
2011-08-12,sz.002140,卖出,30.2,3020.0,6.5402,,,,,,调仓卖出
2011-08-12,sz.000534,买入,9.07,2721.0,5.02721,Group_1,0.41497659906396267,-0.0011025358324144863,-0.08489525909592055,-0.18412348401323042,调仓买入
2011-08-19,sz.002256,卖出,13.72,2744.0,6.39944,,,,,,调仓卖出
2011-08-19,sh.600240,卖出,12.97,6485.0,8.30735,,,,,,调仓卖出
2011-08-19,sh.600242,卖出,11.0,3300.0,6.683000000000001,,,,,,调仓卖出
2011-08-19,sz.000534,卖出,8.3,2490.0,6.2699,,,,,,调仓卖出
2011-08-19,sh.600807,买入,12.95,2590.0,5.0259,Group_1,0.656010230179028,-0.05714285714285705,-0.07799227799227793,-0.22702702702702704,调仓买入
2011-08-19,sz.002136,买入,34.71,3471.0,5.03471,Group_1,0.6411347517730499,-0.014693171996542742,0.05762028233938343,0.061941803514837135,调仓买入
2011-08-19,sz.000779,买入,16.26,3252.0000000000005,5.03252,Group_1,0.5055555555555555,-0.011070110701107194,0.03075030750307506,-0.07933579335793361,调仓买入
2011-08-19,sh.600759,买入,8.35,3340.0,5.0334,Group_1,0.5045045045045045,0.0011976047904191933,-0.033532934131736414,-0.20479041916167662,调仓买入
2011-08-19,sz.002562,买入,30.42,3042.0,5.03042,Group_1,0.4948402948402948,-0.0147928994082841,0.08875739644970393,-0.09368836291913218,调仓买入
2011-08-19,sz.002233,买入,13.03,2606.0,5.02606,Group_1,0.40864864864864847,-0.008442056792018371,0.05065234075211045,-0.049117421335379774,调仓买入
2011-08-26,sz.000975,卖出,8.78,2634.0,6.34334,,,,,,调仓卖出
2011-08-26,sh.600759,卖出,8.07,3228.0,6.64628,,,,,,调仓卖出
2011-08-26,sz.002233,卖出,13.69,2738.0,6.39638,,,,,,调仓卖出
2011-08-26,sz.002583,买入,27.1,2710.0,5.0271,Group_1,0.6842759477936609,-0.049446494464944646,-0.062361623616236206,-0.08228782287822878,调仓买入
2011-08-26,sz.000752,买入,35.83,3583.0,5.03583,Group_1,0.5182203389830506,-0.03572425341892271,-0.03572425341892271,-0.21881105219090147,调仓买入
2011-08-26,sh.600240,买入,12.87,2574.0,5.02574,Group_1,0.5159010600706713,-0.007770007770007692,-0.05516705516705511,-0.29059829059829045,调仓买入
2011-09-02,sh.600807,卖出,11.16,2232.0,6.13832,,,,,,调仓卖出
2011-09-02,sh.600240,卖出,12.16,2432.0,6.2403200000000005,,,,,,调仓卖出
2011-09-02,sz.002233,买入,13.05,2610.0,5.0261,Group_1,0.5174418604651165,-0.0659003831417625,-0.09731800766283538,-0.10881226053639848,调仓买入
2011-09-02,sh.601311,买入,25.19,2519.0,5.02519,Group_1,0.48263684520306094,-0.05001984914648672,-0.02183406113537123,-0.17903930131004375,调仓买入
2011-09-02,sz.002450,买入,27.73,2773.0,5.02773,Group_1,0.45107273678702264,0.0,0.0,-0.25892535160476016,调仓买入
2011-09-09,sz.000779,卖出,15.16,3032.0,6.54632,,,,,,调仓卖出
2011-09-09,sz.002233,卖出,11.78,2356.0,6.20156,,,,,,调仓卖出
2011-09-09,sz.002041,买入,30.83,3083.0,5.03083,Group_1,0.6099216710182769,-0.009406422315926033,-0.05611417450535183,-0.15147583522542973,调仓买入
2011-09-09,sh.600470,买入,11.83,3549.0,5.03549,Group_1,0.5186136071887035,0.017751479289940697,0.03212172442941674,0.1031276415891802,调仓买入
2011-09-09,sh.600366,买入,20.78,2078.0,5.02078,Group_1,0.42036910457963095,-0.052935514918190596,-0.09480269489894144,-0.012993262752646784,调仓买入
2011-09-16,sz.002562,卖出,29.0,2900.0,6.479,,,,,,调仓卖出
2011-09-16,sz.002583,卖出,25.66,2566.0,6.30866,,,,,,调仓卖出
2011-09-16,sz.002450,卖出,26.0,2600.0,6.326,,,,,,调仓卖出
2011-09-16,sh.600366,卖出,19.68,1968.0,6.00368,,,,,,调仓卖出
2011-09-16,sz.002259,买入,9.9,2970.0,5.0297,Group_1,0.445255474452555,-0.022222222222222254,-0.5242424242424243,-0.5797979797979798,调仓买入
2011-09-16,sh.600078,买入,13.27,2654.0,5.02654,Group_1,0.44396082698585415,-0.03165033911077619,-0.009796533534287777,-0.26299924642049743,调仓买入
2011-09-23,sz.002136,卖出,35.4,3540.0,6.805400000000001,,,,,,调仓卖出
2011-09-23,sh.600470,卖出,12.66,3798.0,6.93698,,,,,,调仓卖出
2011-09-23,sh.600078,卖出,13.14,2628.0,6.34028,,,,,,调仓卖出
2011-09-23,sz.000779,买入,15.43,3086.0,5.03086,Group_1,0.3925992779783394,-0.01944264419961106,-0.12184057031756312,-0.04990278677900195,调仓买入
2011-09-23,sz.002458,买入,30.28,3028.0,5.03028,Group_1,0.3590664272890485,0.006605019815059343,-0.09511228533685612,0.028401585204755664,调仓买入
2011-09-23,sh.600366,买入,20.84,2084.0,5.02084,Group_1,0.330779054916986,-0.0033589251439539725,-0.08493282149712089,-0.0974088291746642,调仓买入
2011-09-23,sz.000970,买入,26.84,2684.0,5.02684,Group_1,0.32151649433776464,-0.0044709388971684305,-0.05029806259314462,-0.10059612518628913,调仓买入
2011-09-30,sz.000752,卖出,20.43,2043.0,6.041930000000001,,,,,,调仓卖出
2011-09-30,sz.002041,卖出,25.11,2511.0,6.280609999999999,,,,,,调仓卖出
2011-09-30,sz.002259,卖出,4.16,1248.0,5.63648,,,,,,调仓卖出
2011-09-30,sz.000779,卖出,13.55,2710.0,6.382099999999999,,,,,,调仓卖出
2011-09-30,sh.600366,卖出,19.07,1907.0,5.97257,,,,,,调仓卖出
2011-09-30,sz.000970,卖出,25.49,2549.0,6.299989999999999,,,,,,调仓卖出
2011-09-30,sz.002221,买入,10.88,2176.0,5.0217600000000004,Group_1,0.20620842572062092,0.03125,0.03125,0.10294117647058809,调仓买入
2011-09-30,sz.000563,买入,12.32,2464.0,5.02464,Group_1,0.19844357976653715,0.022727272727272707,0.12094155844155852,0.07711038961038952,调仓买入
2011-09-30,sh.600163,买入,6.04,2416.0,5.02416,Group_1,0.1843137254901961,-0.0033112582781458233,0.019867549668874274,0.038079470198675525,调仓买入
2011-09-30,sz.002235,买入,13.69,2738.0,5.02738,Group_1,0.1504201680672268,0.02994886778670569,0.06939371804236671,0.03506208911614328,调仓买入
2011-09-30,sh.600422,买入,14.04,1404.0,5.01404,Group_1,0.13961038961038952,-0.024216524216524205,0.06552706552706566,0.08475783475783483,调仓买入
2011-09-30,sz.002288,买入,15.63,1563.0,5.01563,Group_1,0.13921282798833823,0.0,0.09788867562380044,0.00895713371721052,调仓买入
2011-10-14,sh.601311,卖出,21.71,2171.0,6.10721,,,,,,调仓卖出
2011-10-14,sz.000563,卖出,13.81,2762.0,6.40862,,,,,,调仓卖出
2011-10-14,sh.600163,卖出,6.16,2464.0,6.25664,,,,,,调仓卖出
2011-10-14,sh.600422,卖出,14.96,1496.0,5.7629600000000005,,,,,,调仓卖出
2011-10-14,sh.600568,买入,18.89,1889.0,5.01889,Group_1,0.3237561317449196,-0.012175754367390157,-0.06458443620963461,0.23345685547908945,调仓买入
2011-10-14,sh.600470,买入,12.69,2538.0,5.02538,Group_1,0.279233870967742,0.028368794326241176,-0.17336485421591796,-0.11032308904649335,调仓买入
2011-10-14,sh.600088,买入,16.06,1605.9999999999998,5.01606,Group_1,0.2596078431372548,0.009339975093399788,-0.09090909090909083,0.07907845579078443,调仓买入
2011-10-14,sh.600759,买入,6.63,2652.0,5.02652,Group_1,0.22550831792975967,0.045248868778280604,-0.05580693815987936,0.27300150829562586,调仓买入
2011-10-21,sh.600696,卖出,8.91,1782.0,5.90882,,,,,,调仓卖出
2011-10-21,sz.002235,卖出,13.23,2646.0,6.3494600000000005,,,,,,调仓卖出
2011-10-21,sz.002288,卖出,14.68,1468.0,5.74868,,,,,,调仓卖出
2011-10-21,sh.600759,卖出,6.26,2504.0,6.2770399999999995,,,,,,调仓卖出
2011-10-21,sh.600850,买入,20.88,2088.0,5.02088,Group_1,0.19246145059965714,-0.007662835249042099,0.053160919540229834,0.03256704980842917,调仓买入
2011-10-21,sh.600807,买入,11.21,2242.0,5.02242,Group_1,0.18875927889713684,0.014272970561998166,0.08028545941123988,-0.07760927743086543,调仓买入
2011-10-21,sz.002041,买入,27.29,2729.0,5.02729,Group_1,0.17883369330453558,0.011359472334188325,0.09747160131916455,0.19091242213264925,调仓买入
2011-10-21,sz.002063,买入,20.62,2062.0,5.02062,Group_1,0.12370572207084463,0.01697381183317148,0.018428709990300662,0.047526673132880726,调仓买入
2011-10-28,sh.600568,卖出,18.98,1898.0,5.96798,,,,,,调仓卖出
2011-10-28,sh.600470,卖出,11.04,2208.0,6.12608,,,,,,调仓卖出
2011-10-28,sh.600850,卖出,21.99,2199.0,6.12149,,,,,,调仓卖出
2011-10-28,sz.002063,卖出,21.0,2100.0,6.071,,,,,,调仓卖出
2011-10-28,sh.600759,买入,7.41,2223.0,5.02223,Group_1,0.41954022988505746,-0.013495276653171406,0.03913630229419707,0.12415654520917685,调仓买入
2011-10-28,sh.600158,买入,8.57,2571.0,5.02571,Group_1,0.41419141914191426,0.008168028004667427,-0.008168028004667427,-0.11785297549591611,调仓买入
2011-10-28,sz.002239,买入,10.62,2124.0,5.02124,Group_1,0.34430379746835427,-0.0028248587570620654,-0.01789077212806023,0.0,调仓买入
2011-10-28,sh.600162,买入,6.59,2636.0,5.02636,Group_1,0.3127490039840639,-0.01365705614567525,-0.0273141122913505,-0.2321699544764796,调仓买入
2011-10-28,sz.002496,买入,26.03,2603.0,5.02603,Group_1,0.2873392680514344,-0.003073376872839151,-0.03534383403764896,-0.18401844026123715,调仓买入
2011-11-04,sz.002458,卖出,30.98,3098.0,6.579979999999999,,,,,,调仓卖出
2011-11-04,sh.600807,卖出,11.88,2376.0,6.21176,,,,,,调仓卖出
2011-11-04,sz.002239,卖出,10.43,2086.0,6.06386,,,,,,调仓卖出
2011-11-04,sh.600162,卖出,6.41,2564.0,6.30764,,,,,,调仓卖出
2011-11-04,sz.002496,卖出,25.11,2511.0,6.280609999999999,,,,,,调仓卖出
2011-11-04,sh.600371,买入,17.5,1750.0,5.0175,Group_1,0.4415156507413509,0.008571428571428452,0.0005714285714286671,-0.10285714285714287,调仓买入
2011-11-04,sz.002182,买入,16.55,1655.0,5.01655,Group_1,0.38377926421404673,-0.022356495468278004,-0.059818731117824764,-0.2138972809667674,调仓买入
2011-11-04,sh.600386,买入,11.24,2248.0,5.02248,Group_1,0.3365041617122473,-0.006227758007117501,-0.051601423487544484,-0.15925266903914603,调仓买入
2011-11-11,sz.002221,卖出,11.59,2318.0,6.18218,,,,,,调仓卖出
2011-11-11,sz.002041,卖出,32.9,3290.0,6.677899999999999,,,,,,调仓卖出
2011-11-11,sh.600759,卖出,8.44,2532.0,6.29132,,,,,,调仓卖出
2011-11-11,sh.600386,卖出,10.66,2132.0,6.08732,,,,,,调仓卖出
2011-11-11,sh.600568,买入,23.3,2330.0,5.0233,Group_1,0.5947980835044491,0.09999999999999987,0.17553648068669525,-0.034763948497854136,调仓买入
2011-11-11,sz.002279,买入,27.05,2705.0,5.02705,Group_1,0.523943661971831,0.02994454713493533,-0.06617375231053602,-0.16451016635859517,调仓买入
2011-11-11,sz.002512,买入,20.48,2048.0,5.02048,Group_1,0.470208183776023,0.0244140625,-0.05615234375000011,-0.1474609375,调仓买入
2011-11-11,sz.000928,买入,16.99,1698.9999999999998,5.01699,Group_1,0.4111295681063123,0.011183048852266175,0.004708652148322612,-0.0017657445556208407,调仓买入
2011-11-11,sz.002496,买入,25.14,2514.0,5.02514,Group_1,0.37980241492864986,0.026650755767700707,-0.030628480509148792,-0.2525855210819412,调仓买入
2011-11-11,sh.600470,买入,11.29,2258.0,5.02258,Group_1,0.3537170263788969,0.023029229406554608,-0.05225863596102742,-0.21169176262178913,调仓买入
2011-11-18,sz.002496,卖出,24.37,2437.0,6.24287,,,,,,调仓卖出
2011-11-18,sh.600470,卖出,10.7,2140.0,6.0914,,,,,,调仓卖出
2011-11-18,sh.600833,买入,11.63,4652.0,5.04652,Group_1,0.3126410835214448,-0.042992261392949316,-0.08770421324161659,-0.26827171109200354,调仓买入
2011-11-25,sz.002182,卖出,14.49,1449.0,5.73899,,,,,,调仓卖出
2011-11-25,sz.002512,卖出,18.63,1863.0,5.95013,,,,,,调仓卖出
2011-11-25,sh.600833,卖出,10.61,4244.0,7.16444,,,,,,调仓卖出
2011-11-25,sh.600517,买入,16.7,1670.0,5.0167,Group_1,0.4791851195748451,0.026347305389221587,-0.01676646706586815,-0.13952095808383236,调仓买入
2011-11-25,sz.002181,买入,13.18,2636.0,5.02636,Group_1,0.36580310880829003,-0.03186646433990892,-0.09256449165402114,-0.09408194233687406,调仓买入
2011-11-25,sh.600520,买入,18.32,1832.0,5.01832,Group_1,0.30113636363636376,-0.08842794759825334,-0.08679039301310043,-0.3613537117903931,调仓买入
2011-11-25,sz.000665,买入,14.71,2942.0,5.02942,Group_1,0.28471615720524035,-0.008157715839565038,-0.00747790618626798,-0.2569680489462951,调仓买入
2011-12-02,sh.600088,卖出,15.4,1540.0,5.785399999999999,,,,,,调仓卖出
2011-12-02,sh.600371,卖出,15.7,1570.0,5.8007,,,,,,调仓卖出
2011-12-02,sz.002279,卖出,21.96,2196.0,6.11996,,,,,,调仓卖出
2011-12-02,sh.600520,卖出,16.73,1673.0,5.85323,,,,,,调仓卖出
2011-12-02,sh.600826,买入,14.12,1412.0,5.01412,Group_1,0.2813067150635209,-0.09985835694050982,-0.16572237960339942,-0.32719546742209626,调仓买入
2011-12-02,sh.600373,买入,19.88,1988.0,5.01988,Group_1,0.2751763951250801,-0.027665995975855173,-0.01358148893360156,-0.17404426559356123,调仓买入
2011-12-02,sh.600763,买入,24.52,2452.0,5.02452,Group_1,0.24530218384966984,-0.05913539967373571,-0.036704730831973786,-0.14029363784665583,调仓买入
2011-12-02,sh.600312,买入,10.24,2048.0,5.02048,Group_1,0.24271844660194164,-0.03613281250000011,-0.05175781249999989,-0.1845703125,调仓买入
2011-12-09,sz.002181,卖出,12.12,2424.0,6.23624,,,,,,调仓卖出
2011-12-09,sz.000665,卖出,13.27,2654.0,6.35354,,,,,,调仓卖出
2011-12-09,sh.600826,卖出,11.78,1178.0,5.60078,,,,,,调仓卖出
2011-12-09,sh.600763,卖出,23.62,2362.0,6.20462,,,,,,调仓卖出
2011-12-09,sh.600312,卖出,9.71,1942.0000000000002,5.99042,,,,,,调仓卖出
2011-12-09,sz.002512,买入,17.46,1746.0,5.01746,Group_1,0.29621380846325174,-0.056128293241695326,-0.0618556701030929,-0.2256586483390608,调仓买入
2011-12-09,sh.600371,买入,17.53,1753.0,5.01753,Group_1,0.27583697234352256,0.0028522532800911993,-0.07358813462635494,0.06332002281802618,调仓买入
2011-12-09,sz.002606,买入,25.24,2524.0,5.02524,Group_1,0.27217741935483875,-0.008320126782884185,-0.021394611727416746,-0.17789223454833591,调仓买入
2011-12-09,sh.600637,买入,15.36,1536.0,5.01536,Group_1,0.26942148760330586,-0.01692708333333337,-0.01888020833333326,-0.1289062499999999,调仓买入
2011-12-09,sz.002292,买入,23.61,2361.0,5.02361,Group_1,0.25385023898035053,0.02414231257941557,0.12325285895806859,0.23337568826768318,调仓买入
2011-12-16,sh.600158,卖出,6.65,1995.0,6.01745,,,,,,调仓卖出
2011-12-16,sh.600568,卖出,19.01,1901.0000000000002,5.96951,,,,,,调仓卖出
2011-12-16,sz.000928,卖出,15.25,1525.0,5.77775,,,,,,调仓卖出
2011-12-16,sz.002512,卖出,16.38,1638.0,5.83538,,,,,,调仓卖出
2011-12-16,sz.002606,卖出,24.7,2470.0,6.2597000000000005,,,,,,调仓卖出
2011-12-16,sz.002279,买入,22.28,2228.0,5.02228,Group_1,0.2702394526795897,0.02019748653500897,-0.13330341113105937,-0.16696588868940765,调仓买入
2011-12-16,sh.600312,买入,9.66,1932.0,5.01932,Group_1,0.25945241199478497,-0.0041407867494824835,-0.05900621118012428,-0.15010351966873703,调仓买入
2011-12-16,sz.000665,买入,13.26,2652.0,5.02652,Group_1,0.21987120515179392,0.03167420814479627,-0.17571644042232282,-0.14102564102564097,调仓买入
2011-12-16,sz.002181,买入,11.5,2300.0,5.023,Group_1,0.2041884816753925,0.04695652173913034,0.03826086956521735,-0.09304347826086956,调仓买入
2011-12-23,sh.600517,卖出,14.37,1437.0,5.73287,,,,,,调仓卖出
2011-12-23,sz.002279,卖出,19.31,1930.9999999999998,5.9848099999999995,,,,,,调仓卖出
2011-12-23,sz.000665,卖出,10.93,2186.0,6.11486,,,,,,调仓卖出
2011-12-23,sz.002093,买入,7.51,2253.0,5.02253,Group_1,0.22113821138211365,-0.046604527296937426,-0.14513981358189076,-0.23968042609853524,调仓买入
2011-12-23,sh.600011,买入,5.3,2120.0,5.0212,Group_1,0.20728929384965844,-0.005660377358490565,0.00943396226415083,0.037735849056603765,调仓买入
2011-12-30,sh.600373,卖出,16.42,1642.0000000000002,5.83742,,,,,,调仓卖出
2011-12-30,sh.600312,卖出,8.35,1670.0,5.8517,,,,,,调仓卖出
2011-12-30,sz.002181,卖出,10.93,2186.0,6.11486,,,,,,调仓卖出
2011-12-30,sz.002093,卖出,6.42,1926.0,5.98226,,,,,,调仓卖出
2011-12-30,sz.002261,买入,19.25,1925.0,5.01925,Group_1,0.23794212218649502,0.0,0.04675324675324677,-0.033766233766233666,调仓买入
2011-12-30,sz.000046,买入,4.32,1728.0,5.01728,Group_1,0.23076923076923084,-0.04398148148148162,-0.01851851851851849,-0.07638888888888895,调仓买入
2011-12-30,sz.002532,买入,20.95,2095.0,5.02095,Group_1,0.21873182082606157,-0.008591885441527447,-0.08257756563245822,-0.1503579952267302,调仓买入
2012-01-06,sz.002261,卖出,17.19,1719.0000000000002,5.87669,,,,,,调仓卖出
2012-01-06,sz.002532,卖出,17.9,1789.9999999999998,5.9129,,,,,,调仓卖出
2012-01-06,sz.002239,买入,8.6,1720.0,5.0172,Group_1,0.24098124098124107,-0.023255813953488302,-0.17209302325581388,-0.1465116279069767,调仓买入
2012-01-06,sh.600857,买入,10.94,1094.0,5.01094,Group_1,0.22371364653243853,0.02833638025594154,0.02742230347349195,0.14168190127970748,调仓买入
2012-01-06,sh.600795,买入,2.71,1897.0,5.01897,Group_1,0.20444444444444443,0.025830258302582898,0.007380073800737907,-0.0036900369003689537,调仓买入
2012-01-06,sz.002379,买入,13.77,1377.0,5.01377,Group_1,0.19117647058823528,0.06899055918663777,0.05301379811183726,0.15032679738562105,调仓买入
2012-01-13,sz.000046,卖出,4.09,1636.0,5.83436,,,,,,调仓卖出
2012-01-13,sh.600795,卖出,2.73,1911.0,5.97461,,,,,,调仓卖出
2012-01-13,sz.002261,买入,20.81,2081.0,5.02081,Group_1,0.2933499067743939,-0.033637674195098444,-0.13983661701105243,0.02066314271984626,调仓买入
2012-01-13,sz.002148,买入,18.9,1889.9999999999998,5.0189,Group_1,0.24342105263157898,-0.0005291005291003792,-0.06984126984126982,0.2238095238095239,调仓买入
2012-01-13,sh.600066,买入,23.97,2397.0,5.02397,Group_1,0.23620422898401228,-0.02377972465581979,0.03170629954109305,0.026282853566958808,调仓买入
2012-01-20,sh.600637,卖出,11.1,1110.0,5.5661,,,,,,调仓卖出
2012-01-20,sz.002292,卖出,24.12,2412.0,6.230119999999999,,,,,,调仓卖出
2012-01-20,sz.002239,卖出,6.6,1320.0,5.6732000000000005,,,,,,调仓卖出
2012-01-20,sz.002261,卖出,17.9,1789.9999999999998,5.9129,,,,,,调仓卖出
2012-01-20,sz.002148,卖出,17.58,1757.9999999999998,5.896579999999999,,,,,,调仓卖出
2012-01-20,sh.600066,卖出,24.73,2473.0,6.261229999999999,,,,,,调仓卖出
2012-01-20,sh.600100,买入,9.49,1898.0,5.01898,Group_1,0.31805555555555554,0.04636459430979967,0.09589041095890405,0.14436248682824027,调仓买入
2012-01-20,sh.600376,买入,9.83,1966.0,5.01966,Group_1,0.28664921465968596,-0.04577822990844349,-0.008138351983723258,0.20142421159715163,调仓买入
2012-01-20,sh.600795,买入,2.8,1959.9999999999998,5.0196,Group_1,0.222707423580786,-0.010714285714285676,-0.017857142857142794,-0.03214285714285714,调仓买入
2012-01-20,sh.601628,买入,19.33,1932.9999999999998,5.01933,Group_1,0.21955835962145098,-0.02224521469218832,-0.0015519917227106994,-0.005173305742369294,调仓买入
2012-01-20,sz.000045,买入,9.6,1920.0,5.0192,Group_1,0.21518987341772133,0.034375000000000044,0.04895833333333344,0.06145833333333339,调仓买入
2012-02-03,sh.600371,卖出,18.55,1855.0,5.9460500000000005,,,,,,调仓卖出
2012-02-03,sh.600011,卖出,5.52,2208.0,6.12608,,,,,,调仓卖出
2012-02-03,sh.600376,卖出,9.75,1950.0,5.9944999999999995,,,,,,调仓卖出
2012-02-03,sh.600795,卖出,2.75,1925.0,5.981750000000001,,,,,,调仓卖出
2012-02-03,sh.601628,卖出,19.3,1930.0,5.9843,,,,,,调仓卖出
2012-02-03,sz.002148,买入,19.66,1966.0,5.01966,Group_1,0.2061349693251533,-0.010681586978636859,0.19430315361139372,0.15462868769074256,调仓买入
2012-02-03,sz.000989,买入,12.31,1231.0,5.01231,Group_1,0.18593448940269752,0.012997562956945652,0.007311129163281915,0.1316003249390738,调仓买入
2012-02-03,sh.600517,买入,13.52,1352.0,5.01352,Group_1,0.18388791593695264,0.01479289940828421,0.04215976331360949,0.13387573964497035,调仓买入
2012-02-03,sz.002445,买入,12.82,1282.0,5.01282,Group_1,0.1729185727355902,-0.005460218408736339,-0.012480499219968855,0.1341653666146645,调仓买入
2012-02-03,sh.600060,买入,14.91,1491.0,5.01491,Group_1,0.1703296703296704,-0.004024144869215318,-0.0026827632461435824,0.41314553990610325,调仓买入
2012-02-10,sz.002379,卖出,15.84,1584.0,5.80784,,,,,,调仓卖出
2012-02-10,sh.600100,卖出,10.17,2034.0,6.03734,,,,,,调仓卖出
2012-02-10,sz.000989,卖出,12.4,1240.0,5.6324000000000005,,,,,,调仓卖出
2012-02-10,sz.002445,卖出,12.66,1266.0,5.64566,,,,,,调仓卖出
2012-02-10,sh.600060,卖出,14.87,1487.0,5.75837,,,,,,调仓卖出
2012-02-10,sz.002114,买入,13.75,1375.0,5.01375,Group_1,0.3057929724596391,0.01090909090909098,-0.0036363636363636598,0.13236363636363646,调仓买入
2012-02-10,sz.002229,买入,17.25,1725.0,5.01725,Group_1,0.2445887445887447,-0.004637681159420204,-0.04637681159420293,-0.02782608695652178,调仓买入
2012-02-10,sz.000961,买入,9.38,1876.0000000000002,5.01876,Group_1,0.237467018469657,-0.04904051172707902,-0.04904051172707902,0.187633262260128,调仓买入
2012-02-17,sz.000045,卖出,10.19,2038.0,6.03938,,,,,,调仓卖出
2012-02-17,sh.600517,卖出,14.13,1413.0,5.72063,,,,,,调仓卖出
2012-02-17,sz.002229,卖出,16.45,1645.0,5.83895,,,,,,调仓卖出
2012-02-17,sz.000961,卖出,8.92,1784.0,5.90984,,,,,,调仓卖出
2012-02-17,sh.600106,买入,10.08,2016.0,5.02016,Group_1,0.2939666238767651,-0.0009920634920634885,0.06051587301587302,0.20634920634920628,调仓买入
2012-02-17,sz.001914,买入,9.0,1800.0,5.018,Group_1,0.24137931034482762,-0.004444444444444362,0.08888888888888902,0.4922222222222221,调仓买入
2012-02-17,sz.002379,买入,16.56,1655.9999999999998,5.01656,Group_1,0.21229868228404092,-0.017512077294685957,-0.0024154589371979673,-0.10084541062801922,调仓买入
2012-02-17,sh.600371,买入,20.56,2056.0,5.02056,Group_1,0.20304271503803384,0.018482490272373697,0.006809338521400754,-0.07101167315175083,调仓买入
2012-02-24,sz.002114,卖出,13.8,1380.0,5.7038,,,,,,调仓卖出
2012-02-24,sh.600106,卖出,10.69,2138.0,6.09038,,,,,,调仓卖出
2012-02-24,sz.002379,卖出,16.52,1652.0,5.84252,,,,,,调仓卖出
2012-02-24,sh.600371,卖出,20.7,2070.0,6.0557,,,,,,调仓卖出
2012-02-24,sh.600376,买入,11.81,1181.0,5.01181,Group_1,0.5025445292620865,-0.008467400508043954,0.051651143099068486,-0.0745131244707875,调仓买入
2012-02-24,sh.600060,买入,17.89,1789.0,5.01789,Group_1,0.48096026490066235,0.0989379541643376,0.17775293460033526,0.03968697596422577,调仓买入
2012-02-24,sz.000961,买入,10.31,1031.0,5.01031,Group_1,0.45621468926553677,-0.029097963142580063,0.032977691561590694,-0.009699321047526688,调仓买入
2012-02-24,sz.002272,买入,14.35,1435.0,5.01435,Group_1,0.3959143968871597,0.018118466898954688,0.08710801393728218,-0.2822299651567943,调仓买入
2012-02-24,sz.002146,买入,9.71,1942.0000000000002,5.01942,Group_1,0.3773049645390072,-0.001029866117404854,0.06694129763130774,-0.010298661174047541,调仓买入
2012-03-02,sh.600857,卖出,11.77,1177.0,5.60027,,,,,,调仓卖出
2012-03-02,sh.600067,买入,9.38,1876.0000000000002,5.01876,Group_1,0.47716535433070884,0.04690831556503183,0.05330490405117261,-0.10767590618336897,调仓买入
2012-03-02,sh.600223,买入,6.71,2013.0,5.02013,Group_1,0.44924406047516197,-0.011922503725782407,-0.014903129657227954,-0.16542473919523104,调仓买入
2012-03-02,sz.000537,买入,6.8,2040.0,5.0204,Group_1,0.44680851063829774,-0.0117647058823529,-0.051470588235294046,-0.06617647058823528,调仓买入
2012-03-09,sz.000961,卖出,11.14,1114.0,5.5681400000000005,,,,,,调仓卖出
2012-03-09,sz.002146,卖出,10.43,2086.0,6.06386,,,,,,调仓卖出
2012-03-09,sz.002114,买入,15.57,1557.0,5.01557,Group_1,0.7693181818181818,-0.01862556197816323,-0.14515093127809886,-0.34296724470134876,调仓买入
2012-03-09,sz.002298,买入,23.14,2314.0,5.02314,Group_1,0.568813559322034,0.055747623163353355,-0.002592912705272399,-0.5600691443388073,调仓买入
2012-03-16,sz.002148,卖出,21.33,2133.0,6.08783,,,,,,调仓卖出
2012-03-16,sh.600376,卖出,10.87,1087.0,5.55437,,,,,,调仓卖出
2012-03-16,sh.600067,卖出,8.78,1755.9999999999998,5.89556,,,,,,调仓卖出
2012-03-16,sh.600223,卖出,5.89,1767.0,5.90117,,,,,,调仓卖出
2012-03-16,sz.000537,卖出,7.05,2115.0,6.0786500000000006,,,,,,调仓卖出
2012-03-16,sz.002298,卖出,23.08,2308.0,6.17708,,,,,,调仓卖出
2012-03-16,sh.600106,买入,12.16,1216.0,5.01216,Group_1,0.7297297297297296,-0.04358552631578938,-0.13322368421052644,-0.13651315789473684,调仓买入
2012-03-16,sz.000695,买入,9.86,1972.0,5.01972,Group_1,0.6217105263157894,-0.030425963488843744,-0.08417849898580121,-0.026369168356997985,调仓买入
2012-03-23,sz.002272,卖出,10.3,1030.0,5.5253,,,,,,调仓卖出
2012-03-23,sz.002114,卖出,14.22,1422.0,5.72522,,,,,,调仓卖出
2012-03-23,sh.600106,卖出,10.54,1054.0,5.53754,,,,,,调仓卖出
2012-03-23,sz.000695,卖出,9.03,1805.9999999999998,5.92106,,,,,,调仓卖出
2012-03-23,sh.600010,买入,6.79,1358.0,5.01358,Group_1,0.835135135135135,-0.027982326951399128,-0.12371134020618557,-0.09278350515463918,调仓买入
2012-03-23,sh.600300,买入,7.26,1452.0,5.01452,Group_1,0.7707317073170732,-0.04269972451790627,-0.16942148760330578,-0.03305785123966942,调仓买入
2012-03-23,sz.002016,买入,8.43,1686.0,5.01686,Group_1,0.602661596958175,0.011862396204033177,-0.16251482799525507,-0.053380782918149405,调仓买入
2012-03-23,sh.600112,买入,16.6,1660.0000000000002,5.0166,Group_1,0.5946205571565804,0.01746987951807233,-0.06987951807228932,0.01746987951807233,调仓买入
2012-03-30,sh.600010,卖出,5.95,1190.0,5.6068999999999996,,,,,,调仓卖出
2012-03-30,sh.600112,卖出,15.44,1544.0,5.78744,,,,,,调仓卖出
2012-03-30,sz.002162,买入,10.14,1014.0,5.01014,Group_1,0.8571428571428572,0.01380670611439827,0.08284023668639051,-0.10552268244575935,调仓买入
2012-03-30,sh.600077,买入,10.64,1064.0,5.01064,Group_1,0.5833333333333335,0.02161654135338331,0.06766917293233066,0.1663533834586466,调仓买入
2012-04-06,sh.600060,卖出,19.18,1918.0,5.97818,,,,,,调仓卖出
2012-04-06,sz.002016,卖出,7.69,1538.0,5.7843800000000005,,,,,,调仓卖出
2012-04-06,sh.600077,卖出,10.74,1074.0,5.54774,,,,,,调仓卖出
2012-04-06,sh.600745,买入,9.96,996.0000000000001,5.00996,Group_1,0.7785714285714289,-0.011044176706827447,0.09437751004016048,0.1586345381526102,调仓买入
2012-04-06,sz.000750,买入,18.88,1888.0,5.01888,Group_1,0.7194899817850635,-0.03495762711864403,-0.0068855932203388814,0.32944915254237306,调仓买入
2012-04-13,sz.000519,买入,11.61,1161.0,5.01161,Group_1,0.7806748466257669,-0.02670111972437539,0.024978466838932123,0.031869078380706295,调仓买入
2012-04-13,sh.600679,买入,10.17,2034.0,5.02034,Group_1,0.7444253859348198,0.10029498525073732,0.08062930186824002,-0.03539823008849552,调仓买入
2012-04-20,sz.000519,卖出,11.9,1190.0,5.6068999999999996,,,,,,调仓卖出
2012-04-20,sh.600113,买入,13.95,1395.0,5.01395,Group_1,2.079470198675496,0.03154121863799286,0.2480286738351256,-0.05089605734767022,调仓买入
2012-04-20,sh.600260,买入,9.73,1946.0,5.01946,Group_1,0.7190812720848057,-0.043165467625899234,0.007194244604316502,0.27749229188078095,调仓买入
2012-04-27,sh.600745,卖出,9.4,940.0,5.4794,,,,,,调仓卖出
2012-04-27,sh.600120,买入,12.97,1297.0,5.01297,Group_1,0.9214814814814816,-0.0647648419429453,-0.09791827293754829,-0.1595990747879723,调仓买入
2012-04-27,sz.000519,买入,12.32,1232.0,5.01232,Group_1,0.6899862825788752,-0.0267857142857143,-0.011363636363636465,-0.08360389610389618,调仓买入
2012-05-04,sz.001914,卖出,11.98,2396.0,6.221959999999999,,,,,,调仓卖出
2012-05-04,sz.002162,卖出,9.07,907.0,5.46257,,,,,,调仓卖出
2012-05-04,sz.000519,卖出,12.09,1209.0,5.6165899999999995,,,,,,调仓卖出
2012-05-04,sh.600606,买入,9.77,1954.0,5.01954,Group_1,1.09656652360515,0.0020470829068577334,-0.06243602865916065,-0.1463664278403275,调仓买入
2012-05-04,sz.000852,买入,17.8,1780.0,5.0178,Group_1,0.7148362235067436,0.030337078651685445,0.07078651685393256,0.11910112359550573,调仓买入
2012-05-11,sh.600679,卖出,9.94,1988.0,6.0138799999999994,,,,,,调仓卖出
2012-05-11,sh.600120,卖出,11.44,1144.0,5.58344,,,,,,调仓卖出
2012-05-11,sh.600745,买入,11.76,1176.0,5.01176,Group_1,0.7631184407796101,-0.03911564625850328,-0.07312925170068019,-0.11904761904761907,调仓买入
2012-05-11,sz.000993,买入,10.5,1050.0,5.0105,Group_1,0.643192488262911,0.06190476190476191,0.024761904761904763,-0.07999999999999996,调仓买入
2012-05-18,sh.600745,卖出,10.9,1090.0,5.5559,,,,,,调仓卖出
2012-05-18,sz.000993,卖出,10.76,1076.0,5.548760000000001,,,,,,调仓卖出
2012-05-18,sz.000531,买入,13.31,1331.0,5.01331,Group_1,0.6742138364779875,-0.042073628850488376,-0.07963936889556733,0.03981968444778361,调仓买入
2012-05-18,sz.000407,买入,6.73,1346.0,5.01346,Group_1,0.6023809523809525,-0.004457652303120341,-0.043090638930163405,0.031203566121842385,调仓买入
2012-05-25,sz.000531,卖出,12.25,1225.0,5.62475,,,,,,调仓卖出
2012-05-25,sz.000407,卖出,6.44,1288.0,5.65688,,,,,,调仓卖出
2012-06-01,sh.600606,卖出,8.34,1668.0,5.85068,,,,,,调仓卖出
2012-06-01,sz.000407,买入,7.0,1400.0,5.014,Group_1,0.6706443914081144,-0.021428571428571463,-0.09857142857142864,-0.14428571428571424,调仓买入
2012-06-01,sh.600077,买入,14.76,1476.0,5.01476,Group_1,0.6113537117903929,-0.05352303523035229,-0.06842818428184283,-0.16327913279132789,调仓买入
2012-06-08,sz.000750,卖出,12.87,1287.0,5.656370000000001,,,,,,调仓卖出
2012-06-08,sz.000852,卖出,17.14,1714.0,5.874140000000001,,,,,,调仓卖出
2012-06-08,sh.600077,卖出,13.75,1375.0,5.70125,,,,,,调仓卖出
2012-06-08,sz.000522,买入,17.01,1701.0000000000002,5.01701,Group_1,0.43544303797468364,-0.004703115814226999,0.021751910640799288,0.33215755437977657,调仓买入
2012-06-08,sh.600606,买入,7.61,1522.0,5.01522,Group_1,0.43045112781954886,0.024967148488830526,0.0026281208935610145,-0.1235216819973719,调仓买入
2012-06-15,sh.600300,卖出,9.45,1889.9999999999998,5.963900000000001,,,,,,调仓卖出
2012-06-15,sh.600260,卖出,11.67,2334.0,6.19034,,,,,,调仓卖出
2012-06-15,sz.000407,卖出,6.94,1388.0,5.70788,,,,,,调仓卖出
2012-06-15,sh.600606,卖出,7.63,1526.0,5.7782599999999995,,,,,,调仓卖出
2012-06-15,sh.600745,买入,11.03,1103.0,5.01103,Group_1,0.6865443425076452,-0.005439709882139487,-0.06436990027198541,-0.0815956482320942,调仓买入
2012-06-15,sz.000531,买入,13.84,1384.0,5.01384,Group_1,0.6515513126491645,0.013728323699421896,-0.03684971098265899,-0.015895953757225523,调仓买入
2012-06-15,sz.000736,买入,12.09,1209.0,5.01209,Group_1,0.55,-0.006617038875103343,-0.0694789081885856,0.0719602977667495,调仓买入
2012-06-15,sh.600668,买入,12.58,1258.0,5.01258,Group_1,0.48,0.02941176470588225,-0.07392686804451509,-0.12480127186009538,调仓买入
2012-06-15,sz.000511,买入,3.89,1556.0,5.01556,Group_1,0.45692883895131087,0.010282776349614497,-0.05655526992287918,-0.04370179948586117,调仓买入
2012-06-21,sh.600745,卖出,10.59,1059.0,5.540089999999999,,,,,,调仓卖出
2012-06-21,sz.000736,卖出,11.18,1118.0,5.570180000000001,,,,,,调仓卖出
2012-06-21,sh.600668,卖出,12.21,1221.0,5.62271,,,,,,调仓卖出
2012-06-21,sz.000511,卖出,3.68,1472.0,5.750719999999999,,,,,,调仓卖出
2012-06-21,sh.600606,买入,7.81,1562.0,5.01562,Group_1,0.5194552529182879,-0.03457106274007682,0.008962868117797784,-0.08962868117797684,调仓买入
2012-06-29,sh.600606,卖出,7.88,1576.0,5.8037600000000005,,,,,,调仓卖出
2012-06-29,sh.600613,买入,17.34,1734.0,5.01734,Group_1,0.8685344827586208,0.015570934256055269,-0.053056516724336644,0.08362168396770464,调仓买入
2012-06-29,sz.000014,买入,9.7,969.9999999999999,5.0097,Group_1,0.819887429643527,-0.00412371134020606,0.05670103092783507,-0.13505154639175243,调仓买入
2012-06-29,sz.000736,买入,12.85,1285.0,5.01285,Group_1,0.6163522012578615,0.021011673151750898,0.039688715953307474,-0.04280155642023342,调仓买入
2012-06-29,sh.600543,买入,15.4,1540.0,5.0154,Group_1,0.6159496327387199,0.018181818181818077,0.03571428571428559,-0.15974025974025974,调仓买入
2012-07-06,sh.600113,卖出,11.4,1140.0,5.5814,,,,,,调仓卖出
2012-07-13,sz.000531,卖出,13.72,1372.0,5.69972,,,,,,调仓卖出
2012-07-13,sz.000014,卖出,9.21,921.0000000000001,5.46971,,,,,,调仓卖出
2012-07-13,sh.600543,卖出,15.7,1570.0,5.8007,,,,,,调仓卖出
2012-07-13,sz.000975,买入,9.5,950.0,5.0095,Group_1,0.9957983193277311,-0.03578947368421048,0.03263157894736857,-0.025263157894736876,调仓买入
2012-07-13,sz.000716,买入,11.29,1129.0,5.01129,Group_1,0.5879043600562586,-0.03454384410983158,-0.06111603188662529,-0.08148804251550046,调仓买入
2012-07-20,sz.000716,卖出,10.6,1060.0,5.5406,,,,,,调仓卖出
2012-07-20,sh.600389,买入,14.48,1448.0,5.01448,Group_1,0.8398983481575604,-0.035911602209944715,-0.12292817679558021,-0.10013812154696144,调仓买入
2012-07-27,sz.000736,卖出,12.3,1230.0,5.6273,,,,,,调仓卖出
2012-08-03,sz.000975,卖出,8.45,844.9999999999999,5.43095,,,,,,调仓卖出
2012-08-10,sz.000522,卖出,22.77,2277.0,6.16127,,,,,,调仓卖出
2012-08-10,sz.002070,买入,10.97,1097.0,5.01097,Group_1,0.7837398373983739,-0.061075660893345485,-0.028258887876025596,-0.08842297174111213,调仓买入
2012-08-17,sz.002016,买入,10.08,1008.0,5.01008,Group_1,0.40194714881780236,-0.012896825396825462,-0.018849206349206282,0.037698412698412787,调仓买入
2012-08-24,sh.600613,卖出,18.41,1841.0,5.93891,,,,,,调仓卖出
2012-08-24,sz.002016,卖出,9.89,989.0,5.504390000000001,,,,,,调仓卖出
2012-08-31,sz.002070,卖出,8.38,838.0000000000001,5.427379999999999,,,,,,调仓卖出
2012-08-31,sh.600596,买入,8.87,886.9999999999999,5.00887,Group_1,0.4306451612903224,0.06200676437429542,0.059751972942502896,-0.0011273957158962622,调仓买入
2012-08-31,sz.002193,买入,12.4,1240.0,5.0124,Group_1,0.42528735632183934,-0.0024193548387098085,-0.016129032258064613,-0.2314516129032259,调仓买入
2012-08-31,sz.002018,买入,7.52,1504.0,5.01504,Group_1,0.4242424242424241,0.0332446808510638,0.037234042553191626,-0.05452127659574457,调仓买入
2012-09-07,sz.002193,卖出,12.2,1220.0,5.6222,,,,,,调仓卖出
2012-09-07,sz.002018,卖出,7.8,1560.0,5.7956,,,,,,调仓卖出
2012-09-07,sz.002476,买入,10.87,1087.0,5.01087,Group_1,0.6646248085758037,0.07635694572217111,-0.047838086476540864,-0.006439742410303428,调仓买入
2012-09-07,sh.600613,买入,17.58,1757.9999999999998,5.01758,Group_1,0.5340314136125652,-0.00796359499431154,-0.0426621160409556,-0.058020477815699634,调仓买入
2012-09-14,sh.600596,卖出,8.99,899.0,5.458489999999999,,,,,,调仓卖出
2012-09-14,sh.600613,卖出,16.83,1682.9999999999998,5.85833,,,,,,调仓卖出
2012-09-14,sz.002070,买入,10.44,1044.0,5.01044,Group_1,0.9191176470588234,-0.005747126436781436,-0.1321839080459769,-0.10153256704980829,调仓买入
2012-09-14,sz.002018,买入,7.89,1578.0,5.01578,Group_1,0.6036585365853657,-0.03168567807351075,-0.10012674271229405,-0.03548795944233196,调仓买入
2012-09-14,sz.002443,买入,9.69,969.0,5.00969,Group_1,0.5023255813953487,-0.049535603715170184,-0.1805985552115582,-0.054695562435500444,调仓买入
2012-09-21,sz.002476,卖出,8.93,893.0,5.455430000000001,,,,,,调仓卖出
2012-09-21,sz.002443,卖出,7.94,794.0,5.40494,,,,,,调仓卖出
2012-09-21,sh.600774,买入,9.57,957.0,5.00957,Group_1,0.4094256259204714,-0.0052246603970742544,-0.0762800417972832,-0.12643678160919547,调仓买入
2012-09-21,sh.600086,买入,17.24,1723.9999999999998,5.01724,Group_1,0.310030395136778,-0.01044083526682138,-0.008120649651972012,-0.054524361948955824,调仓买入
2012-09-21,sh.600393,买入,8.08,1616.0,5.01616,Group_1,0.29903536977491973,-0.02103960396039606,0.05074257425742568,0.0705445544554455,调仓买入
2012-09-28,sh.600086,卖出,17.1,1710.0000000000002,5.8721000000000005,,,,,,调仓卖出
2012-09-28,sh.600230,买入,14.9,1490.0,5.0149,Group_1,0.3496376811594204,-0.006711409395973145,0.22550335570469815,0.1785234899328858,调仓买入
2012-09-28,sz.002443,买入,8.34,1668.0,5.01668,Group_1,0.2990654205607477,0.01318944844124692,0.03237410071942448,0.07913669064748197,调仓买入
2012-09-28,sz.000663,买入,9.56,1912.0,5.01912,Group_1,0.298913043478261,0.0020920502092049986,-0.029288702928870425,-0.09205020920502105,调仓买入
2012-10-12,sh.600774,卖出,8.6,860.0,5.4386,,,,,,调仓卖出
2012-10-12,sz.002443,卖出,8.61,1722.0,5.87822,,,,,,调仓卖出
2012-10-12,sz.000663,卖出,9.28,1855.9999999999998,5.94656,,,,,,调仓卖出
2012-10-12,sz.002476,买入,10.8,1080.0,5.0108,Group_1,0.7532467532467533,-0.02314814814814814,-0.0009259259259261077,-0.05740740740740746,调仓买入
2012-10-12,sz.002423,买入,9.34,934.0,5.00934,Group_1,0.4480620155038759,-0.017130620985010725,0.005353319057815886,-0.2044967880085653,调仓买入
2012-10-12,sh.600229,买入,7.48,1496.0,5.01496,Group_1,0.41132075471698126,-0.010695187165775444,-0.09491978609625684,-0.20454545454545459,调仓买入
2012-10-19,sh.600389,卖出,16.63,1663.0,5.84813,,,,,,调仓卖出
2012-10-19,sh.600229,卖出,6.77,1354.0,5.69054,,,,,,调仓卖出
2012-10-19,sz.002490,买入,12.65,1265.0,5.01265,Group_1,0.5617283950617284,0.057707509881423036,-0.06798418972332021,-0.16442687747035578,调仓买入
2012-10-19,sz.002158,买入,14.23,1423.0,5.01423,Group_1,0.5301075268817204,-0.012649332396345692,-0.08151791988756152,-0.21784961349262122,调仓买入
2012-10-19,sz.002008,买入,8.8,1760.0000000000002,5.0176,Group_1,0.48397976391231046,0.010227272727272751,-0.1227272727272728,-0.1681818181818182,调仓买入
2012-10-26,sz.002018,卖出,7.56,1512.0,5.77112,,,,,,调仓卖出
2012-10-26,sz.002423,卖出,8.2,819.9999999999999,5.418200000000001,,,,,,调仓卖出
2012-10-26,sz.002008,卖出,7.72,1544.0,5.78744,,,,,,调仓卖出
2012-10-26,sh.600647,买入,13.17,1317.0,5.01317,Group_1,0.48645598194130923,-0.03796507213363709,0.0,-0.10478359908883828,调仓买入
2012-10-26,sh.600987,买入,7.79,1558.0,5.01558,Group_1,0.43462246777163904,0.0,-0.047496790757381224,-0.14634146341463405,调仓买入
2012-11-02,sz.002070,卖出,8.64,864.0,5.44064,,,,,,调仓卖出
2012-11-02,sh.600393,卖出,8.39,1678.0,5.855779999999999,,,,,,调仓卖出
2012-11-02,sh.600987,卖出,7.42,1484.0,5.75684,,,,,,调仓卖出
2012-11-02,sz.001914,买入,6.09,1218.0,5.01218,Group_1,0.5695876288659794,-0.009852216748768461,-0.0673234811165846,-0.14942528735632188,调仓买入
2012-11-02,sz.000520,买入,3.02,1510.0,5.0151,Group_1,0.46601941747572817,0.019867549668874274,-0.10264900662251653,-0.152317880794702,调仓买入
2012-11-09,sz.002490,卖出,11.08,1108.0,5.56508,,,,,,调仓卖出
2012-11-09,sz.002158,卖出,12.0,1200.0,5.611999999999999,,,,,,调仓卖出
2012-11-09,sz.000520,卖出,2.71,1355.0,5.691050000000001,,,,,,调仓卖出
2012-11-09,sh.600684,买入,10.21,1021.0000000000001,5.01021,Group_1,0.6155063291139242,0.01273261508325163,-0.06464250734573951,0.04113614103819785,调仓买入
2012-11-09,sz.002606,买入,12.5,1250.0,5.0125,Group_1,0.4351320321469574,-0.03520000000000001,-0.1512,-0.13040000000000007,调仓买入
2012-11-09,sh.600744,买入,3.98,1592.0,5.01592,Group_1,0.3092105263157894,0.10050251256281406,-0.09296482412060303,-0.047738693467336724,调仓买入
2012-11-16,sh.600230,卖出,14.43,1443.0,5.73593,,,,,,调仓卖出
2012-11-16,sz.002606,卖出,10.61,1061.0,5.54111,,,,,,调仓卖出
2012-11-16,sh.600744,卖出,3.61,1444.0,5.73644,,,,,,调仓卖出
2012-11-16,sz.002679,买入,15.25,1525.0,5.01525,Group_1,0.46634615384615374,0.10032786885245915,0.0832786885245902,0.1075409836065575,调仓买入
2012-11-16,sh.600483,买入,6.41,1282.0,5.01282,Group_1,0.3844492440604752,0.004680187207488418,-0.040561622464898583,-0.1591263650546022,调仓买入
2012-11-16,sh.600109,买入,14.78,1478.0,5.01478,Group_1,0.3634686346863467,0.043301759133964834,0.03518267929634655,-0.01691474966170503,调仓买入
2012-11-16,sz.000503,买入,8.63,863.0000000000001,5.00863,Group_1,0.3421461897356144,-0.03244495944380077,-0.04403244495944392,-0.01969872537659323,调仓买入
2012-11-16,sh.600495,买入,14.15,1415.0,5.01415,Group_1,0.3399621212121211,-0.005653710247349841,-0.05865724381625437,-0.0183745583038869,调仓买入
2012-11-23,sz.002476,卖出,9.18,918.0,5.468179999999999,,,,,,调仓卖出
2012-11-23,sh.600647,卖出,11.79,1179.0,5.6012900000000005,,,,,,调仓卖出
2012-11-23,sz.001914,卖出,5.4,1080.0,5.5508,,,,,,调仓卖出
2012-11-23,sh.600483,卖出,6.15,1230.0,5.6273,,,,,,调仓卖出
2012-11-23,sz.000503,卖出,8.25,825.0,5.42075,,,,,,调仓卖出
2012-11-23,sh.600495,卖出,13.32,1332.0,5.679320000000001,,,,,,调仓卖出
2012-11-23,sz.002606,买入,11.88,1188.0,5.01188,Group_1,0.43132530120481927,-0.043771043771043905,-0.13636363636363646,0.019360269360269244,调仓买入
2012-11-23,sz.000671,买入,12.45,1245.0,5.01245,Group_1,0.41799544419134405,-0.036144578313252906,-0.008032128514056214,0.1397590361445784,调仓买入
2012-11-23,sh.600748,买入,7.02,1404.0,5.01404,Group_1,0.3764705882352941,0.014245014245014342,-0.05840455840455827,0.035612535612535634,调仓买入
2012-11-23,sh.601599,买入,8.27,827.0,5.00827,Group_1,0.37147595356550567,-0.10036275695284147,-0.2418379685610641,-0.19709794437726724,调仓买入
2012-11-30,sh.600109,卖出,12.69,1269.0,5.64719,,,,,,调仓卖出
2012-11-30,sz.002606,卖出,10.26,1026.0,5.52326,,,,,,调仓卖出
2012-11-30,sh.600748,卖出,6.61,1322.0,5.67422,,,,,,调仓卖出
2012-11-30,sh.601599,卖出,6.27,627.0,5.31977,,,,,,调仓卖出
2012-11-30,sh.600882,买入,10.08,1008.0,5.01008,Group_1,0.5089820359281438,-0.10019841269841268,-0.03273809523809523,0.07341269841269837,调仓买入
2012-11-30,sh.601005,买入,3.57,1071.0,5.01071,Group_1,0.48750000000000004,-0.06442577030812324,-0.09803921568627438,0.10364145658263313,调仓买入
2012-11-30,sh.600149,买入,8.62,861.9999999999999,5.00862,Group_1,0.44873949579831907,-0.012761020881670415,0.054524361948955935,0.04060324825986106,调仓买入
2012-11-30,sh.600744,买入,3.95,1185.0,5.01185,Group_1,0.44688644688644685,-0.09873417721518996,-0.040506329113924044,-0.027848101265822822,调仓买入
2012-11-30,sh.600483,买入,5.95,1190.0,5.0119,Group_1,0.3678160919540232,-0.008403361344537785,-0.11092436974789921,-0.05042016806722682,调仓买入
2012-11-30,sh.600495,买入,12.98,1298.0,5.01298,Group_1,0.36775553213909373,-0.016949152542372947,0.07087827426810467,0.10708782742681033,调仓买入
2012-12-07,sh.601005,卖出,3.22,966.0000000000001,5.49266,,,,,,调仓卖出
2012-12-07,sh.600744,卖出,3.79,1137.0,5.5798700000000006,,,,,,调仓卖出
2012-12-07,sh.600483,卖出,5.29,1058.0,5.53958,,,,,,调仓卖出
2012-12-07,sh.600495,卖出,13.9,1390.0,5.7089,,,,,,调仓卖出
2012-12-07,sz.001914,买入,5.67,1134.0,5.01134,Group_1,0.48041775456919056,0.008818342151675429,0.03527336860670194,0.41446208112874783,调仓买入
2012-12-07,sh.600800,买入,4.59,1377.0,5.01377,Group_1,0.42105263157894735,0.10021786492374729,0.3899782135076253,0.5577342047930285,调仓买入
2012-12-07,sz.000520,买入,3.02,1208.0,5.01208,Group_1,0.3853211009174311,0.013245033112582849,0.04635761589403975,0.043046357615893927,调仓买入
2012-12-14,sh.600149,卖出,9.4,940.0,5.4794,,,,,,调仓卖出
2012-12-14,sz.001914,卖出,5.87,1174.0,5.598739999999999,,,,,,调仓卖出
2012-12-14,sz.000520,卖出,3.16,1264.0,5.64464,,,,,,调仓卖出
2012-12-14,sh.600748,买入,7.69,769.0,5.00769,Group_1,0.4214417744916821,-0.0013003901170351995,-0.054616384915474714,0.23797139141742507,调仓买入
2012-12-14,sz.000760,买入,8.37,836.9999999999999,5.00837,Group_1,0.42105263157894735,0.015531660692951199,-0.032258064516129004,0.10155316606929521,调仓买入
2012-12-21,sh.600800,卖出,5.7,1710.0,5.8721,,,,,,调仓卖出
2012-12-21,sh.600748,卖出,7.27,727.0,5.37077,,,,,,调仓卖出
2012-12-21,sz.000760,卖出,8.1,810.0,5.4131,,,,,,调仓卖出
2012-12-21,sh.600609,买入,3.77,1131.0,5.01131,Group_1,0.6250000000000002,0.04774535809018565,0.039787798408488007,-0.01591511936339529,调仓买入
2012-12-21,sh.601996,买入,7.25,725.0,5.00725,Group_1,0.5625,0.03310344827586209,0.07172413793103449,0.07172413793103449,调仓买入
2012-12-21,sz.000656,买入,13.61,1361.0,5.01361,Group_1,0.5448354143019294,0.03085966201322554,0.0558412931667891,0.04481998530492293,调仓买入
2012-12-21,sz.002606,买入,12.11,1211.0,5.01211,Group_1,0.5407124681933841,-0.02146985962014858,-0.04872006606110646,0.13294797687861282,调仓买入
2012-12-21,sz.000551,买入,7.18,1436.0,5.01436,Group_1,0.5052410901467506,-0.01671309192200554,-0.05431754874651806,0.04596100278551529,调仓买入
2012-12-28,sz.000671,卖出,15.4,1540.0,5.785399999999999,,,,,,调仓卖出
2012-12-28,sh.600882,卖出,10.82,1082.0,5.55182,,,,,,调仓卖出
2012-12-28,sh.600609,卖出,3.92,1176.0,5.59976,,,,,,调仓卖出
2012-12-28,sz.000656,卖出,14.37,1437.0,5.73287,,,,,,调仓卖出
2012-12-28,sz.002606,卖出,11.52,1152.0,5.58752,,,,,,调仓卖出
2012-12-28,sz.000551,卖出,6.79,1358.0,5.69258,,,,,,调仓卖出
2012-12-28,sh.600217,买入,7.13,1426.0,5.01426,Group_1,0.9218328840970351,-0.005610098176718092,-0.005610098176718092,-0.04207573632538564,调仓买入
2012-12-28,sh.600567,买入,3.05,1220.0,5.0122,Group_1,0.7231638418079094,-0.016393442622950727,-0.02950819672131144,-0.10163934426229493,调仓买入
2012-12-28,sz.001914,买入,6.69,1338.0,5.01338,Group_1,0.6559405940594061,0.1001494768310911,0.1988041853512703,0.17040358744394624,调仓买入
2013-01-04,sh.600567,卖出,2.94,1176.0,5.59976,,,,,,调仓卖出
2013-01-04,sz.000631,买入,7.41,1482.0,5.01482,Group_1,0.7727272727272729,-0.01619433198380571,-0.08636977058029693,-0.07827260458839402,调仓买入
2013-01-04,sh.600748,买入,9.24,924.0,5.00924,Group_1,0.7433962264150944,0.011904761904761862,-0.005411255411255533,-0.05844155844155852,调仓买入
2013-01-04,sz.002606,买入,13.34,1334.0,5.01334,Group_1,0.6633416458852868,0.04272863568215901,-0.021739130434782594,0.0007496251874061777,调仓买入
2013-01-11,sh.601996,卖出,7.18,718.0,5.36618,,,,,,调仓卖出
2013-01-11,sz.000631,卖出,6.77,1354.0,5.69054,,,,,,调仓卖出
2013-01-11,sz.002606,卖出,13.05,1305.0,5.66555,,,,,,调仓卖出
2013-01-18,sz.001914,卖出,7.83,1566.0,5.79866,,,,,,调仓卖出
2013-01-18,sh.601996,买入,7.66,766.0,5.0076600000000004,Group_1,0.6228813559322035,-0.015665796344647487,-0.0665796344647519,0.016971279373368064,调仓买入
2013-01-25,sz.002679,卖出,16.64,1664.0,5.84864,,,,,,调仓卖出
2013-01-25,sh.600217,卖出,6.65,1330.0,5.6783,,,,,,调仓卖出
2013-01-25,sh.600748,卖出,8.77,877.0,5.4472700000000005,,,,,,调仓卖出
2013-01-25,sh.600765,买入,14.35,1435.0,5.01435,Group_1,0.8981481481481481,0.009756097560975618,0.1554006968641115,0.14425087108013956,调仓买入
2013-01-25,sz.000760,买入,9.84,984.0,5.00984,Group_1,0.6907216494845361,0.05386178861788604,0.21138211382113825,0.5396341463414636,调仓买入
2013-01-25,sh.600523,买入,14.69,1469.0,5.01469,Group_1,0.6450167973124301,-0.002722940776038074,-0.08373042886317217,-0.06875425459496254,调仓买入
2013-02-01,sh.600684,卖出,13.57,1357.0,5.692069999999999,,,,,,调仓卖出
2013-02-01,sh.601996,卖出,7.2,720.0,5.3672,,,,,,调仓卖出
2013-02-01,sh.600523,卖出,13.46,1346.0,5.68646,,,,,,调仓卖出
2013-02-01,sh.600016,买入,11.23,1123.0,5.01123,Group_1,0.8260162601626015,0.026714158504006935,-0.06322350845948355,-0.0596616206589492,调仓买入
2013-02-01,sh.600433,买入,14.03,1403.0,5.01403,Group_1,0.7782002534854247,-0.0049893086243761875,0.11475409836065587,0.9009265858873843,调仓买入
2013-02-01,sh.600217,买入,6.63,1326.0,5.01326,Group_1,0.6700251889168765,-0.004524886877828038,-0.043740573152337814,-0.06033182503770729,调仓买入
2013-02-01,sz.002305,买入,7.9,790.0,5.0079,Group_1,0.6527196652719665,-0.040506329113924044,-0.01898734177215189,-0.1354430379746836,调仓买入
2013-02-08,sh.600016,卖出,10.52,1052.0,5.536519999999999,,,,,,调仓卖出
2013-02-08,sh.600217,卖出,6.34,1268.0,5.64668,,,,,,调仓卖出
2013-02-08,sz.002305,卖出,7.75,775.0,5.39525,,,,,,调仓卖出
2013-02-08,sh.600291,买入,10.06,1006.0,5.01006,Group_1,0.8391224862888484,-0.0009940357852882276,0.01491053677932408,-0.10437375745526845,调仓买入
2013-02-08,sh.600162,买入,8.54,853.9999999999999,5.00854,Group_1,0.7791666666666666,0.007025761124121788,-0.09367681498829028,-0.19320843091334894,调仓买入
2013-02-08,sh.600418,买入,9.06,906.0,5.00906,Group_1,0.7592233009708738,0.012141280353200834,-0.12362030905077259,-0.21412803532008828,调仓买入
2013-02-22,sh.600162,卖出,7.74,774.0,5.3947400000000005,,,,,,调仓卖出
2013-02-22,sh.600418,卖出,7.94,794.0,5.40494,,,,,,调仓卖出
2013-02-22,sz.002423,买入,12.72,1272.0,5.01272,Group_1,0.8068181818181819,0.00864779874213828,0.0691823899371069,-0.02515723270440251,调仓买入
2013-02-22,sh.600499,买入,13.93,1393.0,5.01393,Group_1,0.7566204287515763,-0.011486001435750182,0.05312275664034449,0.07035175879396993,调仓买入
2013-03-01,sh.600499,卖出,14.67,1467.0,5.74817,,,,,,调仓卖出
2013-03-08,sh.600291,卖出,9.69,969.0,5.49419,,,,,,调仓卖出
2013-03-08,sz.002423,卖出,12.38,1238.0,5.63138,,,,,,调仓卖出
2013-03-08,sz.000788,买入,11.36,1136.0,5.01136,Group_1,1.2811244979919674,-0.029929577464788748,-0.05545774647887314,-0.11971830985915488,调仓买入
2013-03-08,sh.600874,买入,9.03,902.9999999999999,5.00903,Group_1,1.1654676258992804,0.0664451827242527,0.025470653377630104,-0.03765227021040973,调仓买入
2013-03-08,sh.600301,买入,8.85,885.0,5.00885,Group_1,1.1532846715328464,-0.09943502824858752,-0.12881355932203387,-0.183050847457627,调仓买入
2013-03-15,sz.000760,卖出,13.72,1372.0,5.69972,,,,,,调仓卖出
2013-03-15,sh.601901,买入,7.21,1442.0,5.01442,Group_1,0.9329758713136729,-0.01109570041608876,0.09570041608876556,-0.07350901525658815,调仓买入
2013-03-22,sh.600301,卖出,8.15,815.0,5.415649999999999,,,,,,调仓卖出
2013-03-22,sh.600864,买入,10.75,1075.0,5.01075,Group_1,0.9581056466302367,0.10046511627906973,0.012093023255814073,-0.05674418604651155,调仓买入
2013-03-29,sh.601901,卖出,7.12,1424.0,5.72624,,,,,,调仓卖出
2013-03-29,sh.600596,买入,13.66,1366.0,5.01366,Group_1,0.8763736263736264,-0.030746705710102518,-0.0380673499267935,-0.08711566617862365,调仓买入
2013-03-29,sh.600648,买入,13.83,1383.0,5.01383,Group_1,0.8489304812834224,-0.033261026753434675,-0.12509038322487354,0.08893709327548804,调仓买入
2013-04-03,sz.000788,卖出,9.99,999.0,5.50949,,,,,,调仓卖出
2013-04-03,sh.600596,卖出,11.87,1187.0,5.60537,,,,,,调仓卖出
2013-04-03,sh.600648,卖出,12.78,1278.0,5.6517800000000005,,,,,,调仓卖出
2013-04-03,sh.601901,买入,7.33,733.0,5.00733,Group_1,0.7705314009661837,-0.02046384720327421,-0.10095497953615284,0.009549795361528002,调仓买入
2013-04-12,sh.600765,卖出,13.41,1341.0,5.68391,,,,,,调仓卖出
2013-04-12,sh.601901,卖出,6.59,659.0,5.33609,,,,,,调仓卖出
2013-04-12,sh.600596,买入,13.63,1363.0,5.01363,Group_1,0.7747395833333335,-0.0506236243580338,-0.005135730007336803,-0.157006603081438,调仓买入
2013-04-19,sh.600596,卖出,13.56,1356.0,5.69156,,,,,,调仓卖出
2013-04-19,sh.600008,买入,7.91,791.0,5.00791,Group_1,0.7308533916849014,-0.010113780025284513,-0.06953223767383054,0.06194690265486735,调仓买入
2013-04-19,sh.600110,买入,5.91,1182.0,5.01182,Group_1,0.7280701754385965,-0.005076142131979711,0.021996615905245376,0.08629441624365475,调仓买入
2013-04-19,sz.000598,买入,12.66,1266.0,5.01266,Group_1,0.7108108108108107,-0.5110584518167456,-0.5821484992101106,-0.504739336492891,调仓买入
2013-04-26,sh.600433,卖出,17.33,1732.9999999999998,5.883830000000001,,,,,,调仓卖出
2013-04-26,sh.600874,卖出,8.3,830.0000000000001,5.4233,,,,,,调仓卖出
2013-04-26,sh.600864,卖出,9.27,927.0,5.47277,,,,,,调仓卖出
2013-04-26,sz.000598,卖出,5.29,529.0,5.2697899999999995,,,,,,调仓卖出
2013-04-26,sh.600775,买入,9.48,948.0,5.00948,Group_1,0.6719576719576721,-0.03270042194092837,-0.021097046413502185,-0.09704641350210974,调仓买入
2013-05-03,sh.600110,卖出,5.93,1186.0,5.60486,,,,,,调仓卖出
2013-05-03,sh.600775,卖出,9.31,931.0,5.47481,,,,,,调仓卖出
2013-05-10,sh.600008,卖出,7.7,770.0,5.3927,,,,,,调仓卖出
2013-05-10,sh.600620,买入,7.12,712.0,5.00712,Group_1,0.797979797979798,-0.015449438202247201,0.06882022471910121,-0.1025280898876405,调仓买入
2013-05-10,sh.600804,买入,11.9,1190.0,5.0119,Group_1,0.7894736842105263,0.010084033613445342,0.2336134453781511,-0.026050420168067245,调仓买入
2013-05-17,sz.002055,买入,12.3,1230.0,5.0123,Group_1,0.9339622641509433,-0.008130081300813163,-0.0325203252032521,-0.061788617886178954,调仓买入
2013-05-17,sz.002426,买入,12.25,1225.0,5.01225,Group_1,0.8148148148148149,0.010612244897959311,-0.013061224489795964,0.06040816326530618,调仓买入
2013-05-31,sh.600620,卖出,7.16,716.0,5.3651599999999995,,,,,,调仓卖出
2013-05-31,sh.600890,买入,8.75,875.0,5.00875,Group_1,0.9104803493449782,0.022857142857142687,-0.02857142857142858,-0.22399999999999998,调仓买入
2013-05-31,sh.600110,买入,6.15,615.0,5.00615,Group_1,0.7930029154518952,0.0,-0.052032520325203335,-0.15447154471544722,调仓买入
2013-06-07,sz.002055,卖出,11.58,1158.0,5.59058,,,,,,调仓卖出
2013-06-07,sh.600110,卖出,5.83,583.0,5.29733,,,,,,调仓卖出
2013-06-07,sz.000584,买入,12.32,1232.0,5.01232,Group_1,0.75,0.024350649350649345,0.05681818181818166,-0.07467532467532467,调仓买入
2013-06-14,sh.600804,卖出,12.36,1236.0,5.6303600000000005,,,,,,调仓卖出
2013-06-21,sz.000584,卖出,11.31,1131.0,5.57681,,,,,,调仓卖出
2013-07-05,sz.002260,买入,11.38,1138.0,5.01138,Group_1,0.9353741496598642,0.0448154657293498,0.0913884007029877,0.10632688927943756,调仓买入
2013-07-12,sh.600890,卖出,7.14,714.0,5.36414,,,,,,调仓卖出
2013-07-19,sz.002426,卖出,13.61,1361.0,5.69411,,,,,,调仓卖出
2013-07-19,sz.002259,买入,6.54,654.0,5.00654,Group_1,0.8956521739130434,0.022935779816513735,0.03822629969418956,0.1651376146788992,调仓买入
2013-07-26,sz.000606,买入,9.94,994.0,5.00994,Group_1,1.1059322033898304,-0.014084507042253391,-0.04225352112676051,-0.07645875251509049,调仓买入
2013-08-02,sz.000606,卖出,9.52,952.0,5.48552,,,,,,调仓卖出
2013-08-09,sh.600175,买入,5.64,1128.0,5.01128,Group_1,1.1283018867924528,0.005319148936170359,0.014184397163120588,-0.10106382978723394,调仓买入
2013-08-09,sz.000829,买入,8.38,838.0000000000001,5.00838,Group_1,1.1161616161616164,-0.03460620525059677,-0.10023866348448696,0.18377088305489253,调仓买入
2013-08-09,sz.002229,买入,12.35,1235.0,5.01235,Group_1,0.9983818770226538,-0.0008097165991902688,-0.034817813765182115,0.3141700404858301,调仓买入
2013-08-16,sz.000829,卖出,7.54,754.0,5.384539999999999,,,,,,调仓卖出
2013-08-23,sh.600822,买入,9.01,901.0,5.00901,Group_1,0.8849372384937237,0.09988901220865709,0.6104328523862375,0.8690344062153164,调仓买入
2013-08-30,sz.002260,卖出,13.45,1345.0,5.68595,,,,,,调仓卖出
2013-08-30,sz.002259,卖出,6.92,692.0,5.35292,,,,,,调仓卖出
2013-08-30,sh.600175,卖出,4.82,964.0,5.49164,,,,,,调仓卖出
2013-09-13,sz.002229,卖出,14.09,1409.0,5.718590000000001,,,,,,调仓卖出
2013-09-13,sh.600018,买入,6.51,651.0,5.00651,Group_1,1.4752851711026618,0.001536098310291889,0.06144393241167445,-0.20430107526881724,调仓买入
2013-09-18,sz.002027,买入,8.09,809.0,5.00809,Group_1,1.3180515759312321,-0.06674907292954269,-0.07292954264524099,-0.1013597033374537,调仓买入
2013-09-27,sz.002027,卖出,7.5,750.0,5.3825,,,,,,调仓卖出
2013-09-27,sz.002024,买入,11.68,1168.0,5.01168,Group_1,1.3548387096774195,0.10017123287671237,0.1566780821917808,-0.16181506849315075,调仓买入
2013-09-30,sh.600018,卖出,5.62,562.0,5.28662,,,,,,调仓卖出
2013-10-11,sh.600822,卖出,14.86,1486.0,5.75786,,,,,,调仓卖出
2013-10-25,sz.002024,卖出,10.49,1049.0,5.53499,,,,,,调仓卖出
2013-10-25,sh.603128,买入,12.29,1229.0,5.01229,Group_1,1.1868327402135228,0.01952807160292913,0.06509357200976407,-0.030919446704637865,调仓买入
2013-11-01,sh.600822,买入,11.67,1167.0,5.01167,Group_1,1.1531365313653135,-0.01799485861182515,-0.03170522707797763,-0.11139674378748932,调仓买入
2013-11-01,sh.600018,买入,4.97,994.0,5.00994,Group_1,1.0285714285714285,-0.006036217303822755,-0.03219315895372232,-0.024144869215291798,调仓买入
2013-11-08,sh.600822,卖出,11.3,1130.0,5.576300000000001,,,,,,调仓卖出
2013-11-08,sh.600018,卖出,4.81,961.9999999999999,5.49062,,,,,,调仓卖出
2013-11-15,sh.603128,卖出,11.54,1154.0,5.58854,,,,,,调仓卖出
2013-11-22,sz.000897,买入,6.29,629.0,5.00629,Group_1,1.7955555555555556,0.02861685214626397,-0.06200317965023838,-0.16216216216216228,调仓买入
2013-11-29,sz.002556,买入,12.24,1224.0,5.01224,Group_1,1.0536912751677852,-0.09967320261437917,-0.03921568627450989,-0.18055555555555558,调仓买入
2013-12-06,sz.002556,卖出,11.76,1176.0,5.59976,,,,,,调仓卖出
2013-12-06,sh.600398,买入,6.63,663.0,5.00663,Group_1,1.1525974025974026,0.0,0.045248868778280604,0.02413273001508287,调仓买入
2013-12-13,sh.600759,买入,8.13,813.0000000000001,5.00813,Group_1,0.8604118993135013,0.04920049200491983,-0.07995079950799511,0.059040590405903925,调仓买入
2013-12-20,sh.600398,卖出,6.43,643.0,5.32793,,,,,,调仓卖出
2013-12-20,sh.600759,卖出,7.48,748.0,5.38148,,,,,,调仓卖出
2013-12-20,sh.600225,买入,8.56,856.0,5.00856,Group_1,0.8813186813186815,-0.10046728971962615,-0.08528037383177578,-0.32242990654205617,调仓买入
2014-01-03,sz.000897,卖出,5.04,504.0,5.25704,,,,,,调仓卖出
2014-01-03,sh.600225,卖出,6.9,690.0,5.3519,,,,,,调仓卖出
2014-01-03,sh.600759,买入,8.14,814.0,5.00814,Group_1,0.7619047619047621,-0.027027027027027084,0.02211302211302213,0.3243243243243241,调仓买入
2014-01-03,sh.600626,买入,9.17,917.0,5.00917,Group_1,0.6492805755395685,-0.08178844056706647,-0.06652126499454736,0.2453653217011995,调仓买入
2014-01-10,sh.600626,卖出,8.56,856.0,5.43656,,,,,,调仓卖出
2014-01-10,sh.600323,买入,11.93,1193.0,5.01193,Group_1,0.7340116279069768,0.014249790444258226,0.09723386420787938,0.17770326906957257,调仓买入
2014-01-17,sh.600323,卖出,13.09,1309.0,5.66759,,,,,,调仓卖出
2014-01-17,sz.002047,买入,5.98,1196.0,5.01196,Group_1,0.9352750809061492,-0.030100334448160626,-0.0033444816053512794,0.026755852842809347,调仓买入
2014-01-30,sz.002047,卖出,5.95,1190.0,5.6068999999999996,,,,,,调仓卖出
2014-02-07,sh.600626,买入,11.42,1142.0,5.01142,Group_1,1.1877394636015328,0.0017513134851137035,0.028021015761821477,0.0008756567425569628,调仓买入
2014-02-21,sz.002047,买入,6.14,614.0,5.00614,Group_1,1.0197368421052628,-0.006514657980456029,-0.06351791530944617,0.027687296416938123,调仓买入
2014-02-28,sh.600626,卖出,9.91,991.0,5.5054099999999995,,,,,,调仓卖出
2014-02-28,sz.002047,卖出,5.75,575.0,5.29325,,,,,,调仓卖出
2014-03-07,sh.600759,卖出,10.33,1033.0,5.5268299999999995,,,,,,调仓卖出
2014-03-14,sh.600707,买入,9.18,918.0,5.00918,Group_1,0.8658536585365852,-0.03594771241830064,-0.10675381263616568,-0.0773420479302831,调仓买入
2014-03-14,sz.000559,买入,10.85,1085.0,5.01085,Group_1,0.8642611683848795,0.037788018433179804,-0.07096774193548383,0.06267281105990774,调仓买入
2014-03-21,sh.600707,卖出,8.2,819.9999999999999,5.418200000000001,,,,,,调仓卖出
2014-03-21,sz.000559,卖出,10.08,1008.0,5.51408,,,,,,调仓卖出
2014-03-21,sz.002047,买入,6.31,631.0,5.00631,Group_1,1.0894039735099335,-0.019017432646592614,-0.09508716323296351,-0.09667194928684619,调仓买入
2014-03-28,sh.600776,买入,11.97,1197.0,5.01197,Group_1,1.0426621160409555,-0.039264828738513,-0.035923141186299246,-0.11445279866332503,调仓买入
2014-03-28,sh.600662,买入,8.57,857.0,5.00857,Group_1,0.9301801801801801,-0.09918319719953328,-0.09451575262543765,-0.040840140023337135,调仓买入
2014-03-28,sh.600606,买入,9.89,989.0,5.00989,Group_1,0.8047445255474452,-0.1001011122345804,-0.11627906976744184,-0.2103134479271993,调仓买入
2014-04-04,sz.002047,卖出,5.68,568.0,5.28968,,,,,,调仓卖出
2014-04-04,sh.600606,卖出,8.74,874.0,5.445740000000001,,,,,,调仓卖出
2014-04-04,sh.600149,买入,11.43,1143.0,5.01143,Group_1,1.0374331550802136,0.035870516185476875,0.18985126859142598,-0.15048118985126846,调仓买入
2014-04-04,sz.000559,买入,9.98,998.0,5.00998,Group_1,0.8794726930320154,0.024048096192384794,0.15531062124248485,-0.1172344689378757,调仓买入
2014-04-30,sh.600776,卖出,10.99,1099.0,5.56049,,,,,,调仓卖出
2014-04-30,sz.000559,卖出,9.15,915.0,5.46665,,,,,,调仓卖出
2014-05-09,sh.600662,卖出,8.29,828.9999999999999,5.42279,,,,,,调仓卖出
2014-05-09,sh.600317,买入,5.89,589.0,5.00589,Group_1,0.7740963855421688,0.052631578947368585,0.12733446519524616,0.0016977928692700761,调仓买入
2014-05-09,sh.600870,买入,9.18,918.0,5.00918,Group_1,0.7552581261950284,-0.005446623093681824,-0.16884531590413943,-0.15795206971677556,调仓买入
2014-05-09,sh.600856,买入,10.83,1083.0,5.01083,Group_1,0.7411575562700965,-0.012003693444136765,-0.10526315789473695,-0.09233610341643583,调仓买入
2014-05-16,sh.600870,卖出,7.63,763.0,5.38913,,,,,,调仓卖出
2014-05-16,sh.600856,卖出,9.69,969.0,5.49419,,,,,,调仓卖出
2014-05-23,sz.000155,买入,5.73,573.0,5.00573,Group_1,0.6902654867256637,-0.010471204188481797,-0.09424083769633507,-0.17975567190226882,调仓买入
2014-05-30,sz.000155,卖出,5.19,519.0,5.26469,,,,,,调仓卖出
2014-05-30,sz.000607,买入,8.1,810.0,5.0081,Group_1,1.0099255583126547,-0.04814814814814816,0.004938271604938427,0.11851851851851869,调仓买入
2014-05-30,sh.600856,买入,9.28,927.9999999999999,5.00928,Group_1,0.6660682226211847,-0.00969827586206895,0.0592672413793105,-0.0021551724137930384,调仓买入
2014-06-06,sh.600856,卖出,9.8,980.0000000000001,5.4998000000000005,,,,,,调仓卖出
2014-06-06,sh.600139,买入,11.65,1165.0,5.01165,Group_1,0.5871934604904634,0.012875536480686733,0.12532188841201708,0.24549356223175955,调仓买入
2014-06-13,sh.600149,卖出,12.97,1297.0,5.6614700000000004,,,,,,调仓卖出
2014-06-20,sh.600317,卖出,2.42,242.0,5.123419999999999,,,,,,调仓卖出
2014-06-27,sh.600139,卖出,13.8,1380.0,5.7038,,,,,,调仓卖出
2014-07-04,sz.002067,买入,4.11,822.0000000000001,5.00822,Group_1,0.9027777777777779,-0.009732360097323589,-0.051094890510948954,-0.15815085158150854,调仓买入
2014-07-11,sz.002067,卖出,3.9,780.0,5.397799999999999,,,,,,调仓卖出
2014-07-11,sz.000150,买入,10.03,1002.9999999999999,5.01003,Group_1,0.982213438735178,0.09670987038883361,-0.012961116650049731,-0.012961116650049731,调仓买入
2014-08-15,sz.000607,卖出,9.28,927.9999999999999,5.473280000000001,,,,,,调仓卖出
2014-08-15,sz.000821,买入,8.9,890.0,5.0089,Group_1,1.3056994818652852,-0.02134831460674147,-0.040449438202247334,0.02921348314606731,调仓买入
2014-08-29,sz.000150,卖出,8.27,827.0,5.42177,,,,,,调仓卖出
2014-08-29,sz.000821,卖出,8.19,819.0,5.41769,,,,,,调仓卖出
2014-09-26,sh.600212,买入,8.23,823.0,5.00823,Group_1,1.486404833836858,0.05710814094775207,0.10206561360874855,0.22721749696233284,调仓买入
2014-11-14,sh.600862,买入,10.69,1069.0,5.01069,Group_1,2.599326599326599,0.03835360149672584,0.0439663236669785,0.027128157156220745,调仓买入
2014-12-19,sh.600212,卖出,9.6,960.0,5.489599999999999,,,,,,调仓卖出
2014-12-26,sh.600862,卖出,9.84,984.0,5.50184,,,,,,调仓卖出
2014-12-26,sh.601390,买入,9.13,913.0000000000001,5.00913,Group_1,1.9642857142857144,0.02409638554216853,0.003285870755750153,-0.04600219058050381,调仓买入
2014-12-26,sh.601669,买入,7.81,781.0,5.00781,Group_1,1.8713235294117645,0.05121638924455851,0.03201024327784907,-0.03585147247119069,调仓买入
2014-12-31,sh.601016,买入,10.25,1025.0,5.01025,Group_1,1.7188328912466844,0.03609756097560979,0.10146341463414621,0.0204878048780488,调仓买入
2015-01-09,sh.601669,卖出,7.72,772.0,5.39372,,,,,,调仓卖出
2015-01-09,sh.601016,卖出,11.29,1129.0,5.57579,,,,,,调仓卖出
2015-01-23,sh.601390,卖出,8.11,811.0,5.41361,,,,,,调仓卖出
2015-01-30,sz.000627,买入,8.26,826.0,5.00826,Group_1,1.7533333333333334,0.009685230024213176,-0.029055690072639306,0.06295399515738498,调仓买入
2015-03-20,sh.600282,买入,4.63,926.0,5.00926,Group_1,1.7076023391812867,0.017278617710583255,-0.023758099352051865,0.306695464362851,调仓买入
2015-03-27,sh.600282,卖出,4.52,903.9999999999999,5.46104,,,,,,调仓卖出
2015-04-03,sz.000627,卖出,11.1,1110.0,5.5661,,,,,,调仓卖出
2015-04-03,sh.600871,买入,8.89,889.0,5.00889,Group_1,2.1413427561837457,-0.0022497187851520106,-0.07424071991001124,0.10798650168728896,调仓买入
2015-04-03,sh.600282,买入,5.15,1030.0,5.0103,Group_1,2.0654761904761907,0.005825242718446422,0.23883495145631062,0.1339805825242717,调仓买入
2015-04-10,sh.600871,卖出,8.2,819.9999999999999,5.418200000000001,,,,,,调仓卖出
2015-04-17,sh.600871,买入,8.95,894.9999999999999,5.00895,Group_1,2.231046931407942,-0.04469273743016744,0.0715083798882683,-0.049162011173184306,调仓买入
2015-04-24,sh.600871,卖出,9.59,959.0,5.48909,,,,,,调仓卖出
2015-04-30,sh.600282,卖出,6.1,1220.0,5.6222,,,,,,调仓卖出
2015-04-30,sh.600871,买入,9.88,988.0000000000001,5.00988,Group_1,2.6323529411764706,-0.006072874493927127,-0.1427125506072875,-0.10728744939271262,调仓买入
2015-05-08,sh.600871,卖出,8.47,847.0000000000001,5.43197,,,,,,调仓卖出
2015-07-17,sz.000755,买入,8.99,899.0,5.00899,Group_1,1.6133720930232558,-0.012235817575083408,0.020022246941045596,0.4916573971078977,调仓买入
2015-07-24,sz.000755,卖出,9.17,917.0,5.46767,,,,,,调仓卖出
2015-07-31,sz.000755,买入,10.51,1051.0,5.01051,Group_1,1.5950617283950619,-0.010466222645099887,0.009514747859181716,0.027592768791627087,调仓买入
2015-08-07,sz.000755,卖出,10.61,1061.0,5.54111,,,,,,调仓卖出
2015-08-28,sz.000564,买入,9.82,982.0,5.00982,Group_1,0.772563176895307,-0.09979633401221999,-0.1252545824847251,-0.2627291242362525,调仓买入
2015-09-02,sz.000564,卖出,8.05,805.0000000000001,5.41055,,,,,,调仓卖出
2015-09-18,sz.002127,买入,8.45,844.9999999999999,5.00845,Group_1,0.5619223659889092,0.04497041420118353,-0.007100591715976212,0.7680473372781067,调仓买入
2015-09-25,sz.002127,卖出,8.39,839.0,5.4278900000000005,,,,,,调仓卖出
2016-01-15,sz.000520,买入,9.84,984.0,5.00984,Group_1,2.1337579617834392,0.03963414634146356,0.016260162601626105,0.25,调仓买入
2016-02-26,sz.000976,买入,8.86,886.0,5.00886,Group_1,1.4475138121546958,-0.10045146726862297,-0.14108352144469516,-0.028216704288939076,调仓买入
2016-03-11,sz.002015,买入,10.2,1019.9999999999999,5.0102,Group_1,0.9577735124760076,0.04803921568627456,0.05294117647058827,-0.008823529411764675,调仓买入
2016-03-25,sz.000520,卖出,10.01,1001.0,5.51051,,,,,,调仓卖出
2016-04-29,sz.002015,卖出,10.13,1013.0000000000001,5.51663,,,,,,调仓卖出
2016-05-06,sz.000659,买入,4.78,956.0,5.00956,Group_1,1.0084033613445382,-0.060669456066945626,-0.10041841004184104,-0.11715481171548126,调仓买入
2016-05-06,sz.002015,买入,10.35,1035.0,5.01035,Group_1,0.9565217391304348,-0.04347826086956519,-0.06763285024154586,-0.07439613526570044,调仓买入
2016-05-13,sz.000976,卖出,8.18,818.0,5.41718,,,,,,调仓卖出
2016-05-27,sz.000659,卖出,4.06,811.9999999999999,5.41412,,,,,,调仓卖出
2016-05-27,sz.002015,卖出,9.25,925.0,5.47175,,,,,,调仓卖出
2016-07-01,sz.000918,买入,6.24,624.0,5.00624,Group_1,0.7002724795640327,0.0,-0.012820512820512886,0.08974358974358965,调仓买入
2016-07-08,sz.000918,卖出,6.16,616.0,5.31416,,,,,,调仓卖出
2016-07-15,sz.000659,买入,4.7,940.0,5.0094,Group_1,0.910569105691057,0.025531914893617058,0.025531914893617058,0.09361702127659566,调仓买入
2016-07-29,sz.000659,卖出,4.87,974.0,5.49674,,,,,,调仓卖出
2016-08-26,sh.600069,买入,7.48,748.0,5.00748,Group_1,0.8560794044665012,-0.013368983957219305,0.06149732620320858,0.13770053475935828,调仓买入
2016-09-02,sh.600069,卖出,7.94,794.0,5.40494,,,,,,调仓卖出
2016-11-04,sh.600321,买入,8.72,872.0000000000001,5.00872,Group_1,1.6424242424242426,0.06077981651376141,0.05733944954128445,-0.16055045871559637,调仓买入
2016-12-23,sh.600321,卖出,7.06,706.0,5.36006,,,,,,调仓卖出
2016-12-23,sh.600050,买入,7.81,781.0,5.00781,Group_1,0.8639618138424818,0.0,-0.06402048655569781,-0.1869398207426376,调仓买入
2016-12-30,sh.600050,卖出,7.31,731.0,5.37281,,,,,,调仓卖出
2016-12-30,sh.600321,买入,6.9,690.0,5.0069,Group_1,0.8498659517426275,0.0014492753623187582,-0.07101449275362326,-0.1420289855072464,调仓买入
2017-01-06,sh.600321,卖出,6.44,644.0,5.32844,,,,,,调仓卖出
2017-05-19,sh.601212,买入,8.86,886.0,5.00886,Group_1,2.1418439716312054,-0.030474040632054167,-0.11625282167042883,-0.04740406320541757,调仓买入
2017-05-26,sh.600008,买入,7.07,707.0,5.00707,Group_1,0.6674528301886793,-0.015558698727015652,-0.06647807637906655,-0.024045261669023987,调仓买入
2017-06-02,sh.601212,卖出,7.32,732.0,5.37332,,,,,,调仓卖出
2017-06-02,sz.002109,买入,9.65,965.0,5.00965,Group_1,0.6695501730103806,-0.023834196891191706,-0.015544041450777257,-0.16269430051813472,调仓买入
2017-06-09,sh.600008,卖出,6.97,697.0,5.35547,,,,,,调仓卖出
2017-06-09,sz.002109,卖出,9.5,950.0,5.4845,,,,,,调仓卖出
2017-06-30,sh.601228,买入,8.62,861.9999999999999,5.00862,Group_1,1.1604010025062652,-0.008120649651972012,-0.012761020881670415,-0.19953596287703002,调仓买入
2017-06-30,sz.002379,买入,8.93,893.0,5.00893,Group_1,1.1161137440758293,-0.00895856662933936,-0.045912653975363926,-0.14669652855543114,调仓买入
2017-07-07,sh.601228,卖出,8.51,851.0,5.434010000000001,,,,,,调仓卖出
2017-07-14,sz.000916,买入,9.66,966.0,5.00966,Group_1,0.9397590361445782,-0.09937888198757772,-0.06832298136645965,-0.09523809523809523,调仓买入
2017-07-14,sz.002061,买入,9.67,967.0,5.00967,Group_1,0.7454873646209386,-0.061013443640124065,0.08583247156153062,0.18200620475698037,调仓买入
2017-07-21,sz.002061,卖出,10.5,1050.0,5.535500000000001,,,,,,调仓卖出
2017-07-21,sh.603993,买入,7.36,736.0,5.00736,Group_1,0.7399527186761228,-0.01902173913043481,-0.04755434782608703,-0.1684782608695652,调仓买入
2017-07-28,sh.603993,卖出,7.01,701.0,5.35751,,,,,,调仓卖出
2017-08-11,sz.002379,卖出,7.42,742.0,5.37842,,,,,,调仓卖出
2017-08-11,sh.600569,买入,4.56,911.9999999999999,5.00912,Group_1,0.6888888888888887,0.07236842105263164,0.037280701754386136,0.17763157894736858,调仓买入
2017-08-11,sh.601011,买入,9.38,938.0000000000001,5.00938,Group_1,0.6485061511423551,0.03198294243070343,-0.024520255863539453,0.4626865671641791,调仓买入
2017-08-18,sh.601011,卖出,9.15,915.0,5.46665,,,,,,调仓卖出
2017-08-25,sh.600569,卖出,4.28,856.0,5.43656,,,,,,调仓卖出
2017-09-01,sz.000916,卖出,9.02,902.0,5.460019999999999,,,,,,调仓卖出
2017-09-01,sh.600782,买入,6.96,696.0,5.00696,Group_1,1.115501519756839,0.00287356321839094,-0.027298850574712707,-0.09482758620689657,调仓买入
2017-09-08,sh.600231,买入,6.07,607.0,5.00607,Group_1,1.0369127516778525,0.046128500823723106,-0.036243822075782695,0.1120263591433277,调仓买入
2017-09-22,sh.600782,卖出,6.0,600.0,5.306,,,,,,调仓卖出
2017-09-22,sh.600231,卖出,5.49,549.0,5.27999,,,,,,调仓卖出
2017-09-29,sh.600231,买入,6.42,642.0,5.00642,Group_1,0.8342857142857143,0.02180685358255441,0.051401869158878455,-0.1339563862928349,调仓买入
2017-09-29,sh.600569,买入,5.33,533.0,5.00533,Group_1,0.8253424657534247,-0.022514071294559068,-0.0825515947467168,-0.21763602251407133,调仓买入
2017-10-13,sh.600569,卖出,4.89,488.99999999999994,5.24939,,,,,,调仓卖出
2017-10-20,sh.601619,买入,8.47,847.0000000000001,5.00847,Group_1,3.2562814070351767,-0.0011806375442738881,-0.011806375442739214,-0.06729634002361273,调仓买入
2017-10-27,sz.000868,买入,9.16,916.0,5.00916,Group_1,0.8356713426853708,0.004366812227074135,-0.007641921397379958,-0.20305676855895205,调仓买入
2017-11-03,sh.600231,卖出,5.56,556.0,5.28356,,,,,,调仓卖出
2017-11-17,sz.000868,卖出,7.73,773.0,5.394229999999999,,,,,,调仓卖出
2017-12-29,sh.601086,买入,8.18,818.0,5.00818,Group_1,0.7978021978021979,0.01589242053789741,0.022004889975550057,0.19926650366748166,调仓买入
2018-01-05,sh.601086,卖出,8.23,823.0,5.41973,,,,,,调仓卖出
2018-03-16,sz.000932,买入,8.69,869.0,5.00869,Group_1,0.6906614785992218,-0.05293440736478705,-0.18411967779056382,-0.1346375143843498,调仓买入
2018-03-30,sz.000932,卖出,7.56,756.0,5.38556,,,,,,调仓卖出
2018-04-20,sz.000932,买入,8.17,817.0,5.00817,Group_1,0.6019607843137256,0.01346389228886169,0.0489596083231334,-0.023255813953488302,调仓买入
2018-05-18,sh.601619,卖出,8.02,802.0,5.40902,,,,,,调仓卖出
2018-05-18,sz.000932,卖出,8.12,811.9999999999999,5.41412,,,,,,调仓卖出
2018-06-01,sz.000932,买入,8.11,811.0,5.00811,Group_1,0.9355608591885438,0.014796547472256671,0.04932182490752157,-0.0036991368680640013,调仓买入
2018-06-08,sz.000932,卖出,8.51,851.0,5.434010000000001,,,,,,调仓卖出
2018-06-22,sh.601003,买入,8.56,856.0,5.00856,Group_1,0.5231316725978647,-0.029205607476635476,-0.07476635514018692,0.04439252336448596,调仓买入
2018-06-29,sh.601003,卖出,7.92,792.0,5.40392,,,,,,调仓卖出
2018-07-13,sz.000650,买入,7.75,775.0,5.00775,Group_1,0.5848670756646217,0.029677419354838808,0.002580645161290196,-0.08645161290322578,调仓买入
2018-07-27,sz.000650,卖出,7.49,749.0,5.38199,,,,,,调仓卖出
2018-07-27,sh.600131,买入,8.38,838.0000000000001,5.00838,Group_1,0.42759795570698467,-0.04534606205250602,-0.10381861575179008,0.0632458233890214,调仓买入
2018-08-03,sh.600131,卖出,7.51,751.0,5.38301,,,,,,调仓卖出
2018-08-03,sz.002607,买入,7.91,791.0,5.00791,Group_1,0.9014423076923077,-0.050568900126422345,-0.04677623261694064,-0.08343868520859676,调仓买入
2018-08-03,sz.000760,买入,5.54,554.0,5.00554,Group_1,0.4427083333333335,-0.09927797833935015,-0.22563176895306858,-0.3447653429602888,调仓买入
2018-08-10,sz.000760,卖出,4.29,429.0,5.21879,,,,,,调仓卖出
2018-08-10,sh.600569,买入,4.69,469.00000000000006,5.00469,Group_1,0.363372093023256,0.02985074626865658,-0.05117270788912587,-0.14925373134328357,调仓买入
2018-08-10,sh.600581,买入,6.2,620.0,5.0062,Group_1,0.3390928725701945,0.011290322580645107,-0.07741935483870976,-0.21129032258064528,调仓买入
2018-08-10,sh.600131,买入,7.96,796.0,5.00796,Group_1,0.3355704697986577,0.002512562814070307,0.018844221105527525,0.04648241206030157,调仓买入
2018-08-10,sz.002228,买入,5.82,582.0,5.00582,Group_1,0.32574031890660615,0.04295532646048117,-0.013745704467354014,0.14604810996563566,调仓买入
2018-08-17,sh.600569,卖出,4.45,445.0,5.22695,,,,,,调仓卖出
2018-08-17,sh.600581,卖出,5.72,572.0,5.29172,,,,,,调仓卖出
2018-08-24,sz.002607,卖出,7.08,708.0,5.36108,,,,,,调仓卖出
2018-08-24,sz.002228,卖出,5.59,559.0,5.285089999999999,,,,,,调仓卖出
2018-08-31,sz.002463,买入,6.32,632.0,5.00632,Group_1,0.5192307692307692,0.09968354430379756,0.0015822784810126667,-0.020569620253164556,调仓买入
2018-08-31,sz.002526,买入,4.5,450.0,5.0045,Group_1,0.32352941176470584,-0.022222222222222143,0.0755555555555556,-0.4111111111111111,调仓买入
2018-09-07,sh.601990,买入,8.9,890.0,5.0089,Group_1,0.480865224625624,-0.03370786516853941,-0.008988764044943864,-0.2078651685393259,调仓买入
2018-09-14,sz.002526,卖出,4.4,440.00000000000006,5.2244,,,,,,调仓卖出
2018-09-14,sh.601990,卖出,8.82,882.0,5.44982,,,,,,调仓卖出
2018-09-14,sz.000593,买入,7.13,713.0,5.00713,Group_1,0.4854166666666666,0.02103786816269282,-0.005610098176718092,0.16970546984572232,调仓买入
2018-09-21,sz.000593,卖出,7.09,709.0,5.36159,,,,,,调仓卖出
2018-09-21,sz.002228,买入,7.3,730.0,5.0073,Group_1,0.5303983228511531,0.013698630136986356,-0.05342465753424652,-0.3342465753424657,调仓买入
2018-09-21,sz.002692,买入,5.49,549.0,5.00549,Group_1,0.45238095238095255,-0.07650273224043713,-0.13479052823315119,-0.31693989071038253,调仓买入
2018-09-28,sz.002228,卖出,7.26,726.0,5.37026,,,,,,调仓卖出
2018-09-28,sz.002692,卖出,4.86,486.00000000000006,5.24786,,,,,,调仓卖出
2018-09-28,sz.000593,买入,7.99,799.0,5.00799,Group_1,0.5365384615384616,0.015018773466833446,-0.08760951188986232,0.013767209011263937,调仓买入
2018-09-28,sh.600603,买入,5.7,570.0,5.0057,Group_1,0.49606299212598426,-0.10000000000000009,-0.18771929824561406,-0.18947368421052635,调仓买入
2018-09-28,sz.002478,买入,6.25,625.0,5.00625,Group_1,0.47754137115839224,-0.09599999999999997,-0.12319999999999998,-0.10239999999999994,调仓买入
2018-10-12,sz.000593,卖出,7.29,729.0,5.37179,,,,,,调仓卖出
2018-10-12,sh.600603,卖出,4.63,463.0,5.236129999999999,,,,,,调仓卖出
2018-10-12,sz.002478,卖出,5.48,548.0,5.27948,,,,,,调仓卖出
2018-10-12,sz.000659,买入,3.04,608.0,5.00608,Group_1,0.40092165898617527,-0.08881578947368418,-0.02960526315789469,0.20065789473684204,调仓买入
2018-10-19,sz.000498,买入,4.8,480.0,5.0048,Group_1,0.28686327077747986,0.060416666666666785,-0.018749999999999933,0.10624999999999996,调仓买入
2018-10-19,sz.000918,买入,6.09,609.0,5.00609,Group_1,0.28210526315789464,0.08866995073891637,0.31855500821018046,0.3940886699507389,调仓买入
2018-10-19,sh.600312,买入,6.97,697.0,5.00697,Group_1,0.27889908256880735,0.050215208034433356,0.02582496413199431,0.15064562410329985,调仓买入
2018-10-26,sh.600131,卖出,10.02,1002.0,5.51102,,,,,,调仓卖出
2018-10-26,sz.000659,卖出,3.1,620.0,5.316199999999999,,,,,,调仓卖出
2018-10-26,sz.000498,卖出,4.71,471.0,5.24021,,,,,,调仓卖出
2018-10-26,sh.600312,卖出,7.15,715.0,5.36465,,,,,,调仓卖出
2018-10-26,sh.600675,买入,6.06,606.0,5.00606,Group_1,0.34368070953436813,-0.008250825082508184,0.013201320132013139,-0.008250825082508184,调仓买入
2018-11-02,sh.600312,买入,8.15,815.0,5.00815,Group_1,0.5642994241842612,0.025766871165644023,-0.025766871165644134,-0.0012269938650306678,调仓买入
2018-11-02,sz.000750,买入,4.77,476.99999999999994,5.00477,Group_1,0.41543026706231445,0.04612159329140475,-0.03144654088050303,-0.11530398322851154,调仓买入
2018-11-02,sz.000659,买入,3.21,642.0,5.00642,Group_1,0.39565217391304364,0.09968847352024923,0.1370716510903427,0.2710280373831777,调仓买入
2018-11-09,sh.600675,卖出,6.18,618.0,5.31518,,,,,,调仓卖出
2018-11-09,sz.000750,卖出,4.62,462.0,5.23562,,,,,,调仓卖出
2018-11-09,sz.000622,买入,7.9,790.0,5.0079,Group_1,1.4458204334365328,0.09999999999999987,0.3265822784810126,-0.139240506329114,调仓买入
2018-11-09,sh.600695,买入,5.79,579.0,5.00579,Group_1,0.6637931034482758,-0.003454231433506094,0.157167530224525,-0.14335060449050085,调仓买入
2018-11-16,sz.002463,卖出,8.1,810.0,5.4131,,,,,,调仓卖出
2018-11-16,sz.000918,卖出,8.49,849.0,5.43299,,,,,,调仓卖出
2018-11-16,sh.600312,卖出,8.02,802.0,5.40902,,,,,,调仓卖出
2018-11-16,sz.000659,卖出,4.07,814.0,5.41514,,,,,,调仓卖出
2018-11-23,sz.002575,买入,7.45,745.0,5.00745,Group_1,0.7865707434052758,0.10067114093959728,-0.0013422818791946067,-0.05637583892617448,调仓买入
2018-11-23,sh.600635,买入,6.19,619.0,5.00619,Group_1,0.729050279329609,0.024232633279482885,-0.1873990306946688,-0.23101777059773843,调仓买入
2018-11-30,sh.600635,卖出,5.03,503.0,5.25653,,,,,,调仓卖出
2018-11-30,sh.600604,买入,8.14,814.0,5.00814,Group_1,0.9473684210526319,0.014742014742014753,-0.16707616707616713,-0.0528255528255529,调仓买入
2018-11-30,sh.600312,买入,8.14,814.0,5.00814,Group_1,0.6411290322580647,0.013513513513513375,0.007371007371007154,-0.0073710073710073765,调仓买入
2018-12-07,sz.002708,买入,8.0,800.0,5.008,Group_1,0.7316017316017316,0.040000000000000036,-0.030000000000000027,0.1412500000000001,调仓买入
2018-12-07,sz.002124,买入,6.83,683.0,5.00683,Group_1,0.6261904761904762,-0.019033674963396807,-0.07027818448023437,0.16251830161054182,调仓买入
2018-12-14,sh.600695,卖出,4.61,461.00000000000006,5.23511,,,,,,调仓卖出
2018-12-14,sh.600312,卖出,8.1,810.0,5.4131,,,,,,调仓卖出
2018-12-14,sz.002124,卖出,6.35,635.0,5.32385,,,,,,调仓卖出
2018-12-14,sh.600776,买入,7.4,740.0,5.0074,Group_1,0.48594377510040165,-0.03378378378378377,0.043243243243243246,1.3121621621621622,调仓买入
2018-12-21,sh.600776,卖出,7.72,772.0,5.39372,,,,,,调仓卖出
2018-12-21,sz.000068,买入,4.65,465.00000000000006,5.00465,Group_1,0.576271186440678,-0.02580645161290329,-0.08602150537634412,-0.021505376344086113,调仓买入
2018-12-28,sz.000068,卖出,4.25,425.0,5.21675,,,,,,调仓卖出
2018-12-28,sh.600695,买入,5.33,533.0,5.00533,Group_1,0.6006006006006006,0.0037523452157597337,0.039399624765478425,-0.18761726078799246,调仓买入
2019-01-04,sh.600695,卖出,5.4,540.0,5.275399999999999,,,,,,调仓卖出
2019-01-11,sh.601700,买入,7.23,723.0,5.00723,Group_1,1.6483516483516487,-0.08298755186721996,-0.11894882434301524,-0.12863070539419097,调仓买入
2019-01-11,sz.002547,买入,7.08,708.0,5.00708,Group_1,1.4246575342465753,0.0197740112994349,-0.05508474576271183,-0.026836158192090398,调仓买入
2019-01-18,sz.002575,卖出,8.3,830.0000000000001,5.4233,,,,,,调仓卖出
2019-01-18,sz.002708,卖出,7.69,769.0,5.39219,,,,,,调仓卖出
2019-01-18,sz.000068,买入,5.08,508.0,5.00508,Group_1,1.1166666666666667,-0.07283464566929132,-0.16141732283464572,0.09055118110236227,调仓买入
2019-01-18,sh.601162,买入,7.21,721.0,5.00721,Group_1,1.1020408163265305,0.009708737864077666,0.009708737864077666,0.18723994452149806,调仓买入
2019-01-25,sz.000622,卖出,6.25,625.0,5.31875,,,,,,调仓卖出
2019-01-25,sh.601700,卖出,5.3,530.0,5.2703,,,,,,调仓卖出
2019-01-25,sz.000068,卖出,4.26,426.0,5.2172600000000005,,,,,,调仓卖出
2019-01-25,sh.601162,卖出,7.28,728.0,5.37128,,,,,,调仓卖出
2019-02-01,sh.600604,卖出,6.49,649.0,5.33099,,,,,,调仓卖出
2019-02-01,sh.601700,买入,4.8,480.0,5.0048,Group_1,0.6783216783216783,0.04583333333333339,0.3125,1.0583333333333336,调仓买入
2019-02-01,sh.600218,买入,7.46,746.0,5.00746,Group_1,0.55741127348643,0.034852546916890104,0.21313672922252014,0.707774798927614,调仓买入
2019-02-22,sz.002547,卖出,8.55,855.0000000000001,5.43605,,,,,,调仓卖出
2019-02-22,sz.000862,买入,7.3,730.0,5.0073,Group_1,1.1470588235294117,0.06164383561643838,-0.07260273972602749,-0.02602739726027392,调仓买入
2019-03-01,sz.000862,卖出,6.77,677.0,5.34527,,,,,,调仓卖出
2019-03-15,sh.600218,卖出,13.28,1328.0,5.67728,,,,,,调仓卖出
2019-03-29,sh.601700,卖出,8.1,810.0,5.4131,,,,,,调仓卖出
2019-05-17,sz.002481,买入,6.9,690.0,5.0069,Group_1,1.1974522292993632,-0.10000000000000009,-0.1637681159420291,0.19710144927536222,调仓买入
2019-05-24,sz.002481,卖出,5.77,577.0,5.29427,,,,,,调仓卖出
2019-05-24,sh.600517,买入,7.61,761.0,5.00761,Group_1,0.9664082687338502,0.03810775295663604,0.01576872536136653,0.0,调仓买入
2019-06-06,sz.002481,买入,6.68,668.0,5.00668,Group_1,0.7908847184986594,0.10029940119760483,0.12425149700598803,0.05239520958083843,调仓买入
2019-06-14,sh.600313,买入,4.77,476.99999999999994,5.00477,Group_1,0.6975088967971528,-0.0545073375262054,-0.10062893081760993,-0.25786163522012573,调仓买入
2019-06-21,sh.600313,卖出,4.29,429.0,5.21879,,,,,,调仓卖出
2019-06-21,sh.600393,买入,4.87,487.0,5.00487,Group_1,0.6508474576271186,0.01642710472279263,-0.045174537987679675,-0.27926078028747436,调仓买入
2019-06-28,sh.600517,卖出,7.32,732.0,5.37332,,,,,,调仓卖出
2019-07-05,sh.601038,买入,8.62,861.9999999999999,5.00862,Group_1,0.5475763016157986,-0.088167053364269,-0.10788863109048707,-0.08004640371229699,调仓买入
2019-07-12,sh.600393,卖出,3.87,387.0,5.19737,,,,,,调仓卖出
2019-07-12,sh.601038,卖出,7.69,769.0,5.39219,,,,,,调仓卖出
2019-07-19,sz.002481,卖出,6.18,618.0,5.31518,,,,,,调仓卖出
2019-07-26,sz.002481,买入,6.84,684.0,5.00684,Group_1,0.7493606138107416,0.07017543859649122,-0.06725146198830412,0.17982456140350878,调仓买入
2019-07-26,sh.601038,买入,7.62,762.0,5.00762,Group_1,0.5519348268839104,-0.023622047244094446,0.04068241469816258,-0.09317585301837272,调仓买入
2019-08-02,sz.002481,卖出,6.38,638.0,5.32538,,,,,,调仓卖出
2019-08-02,sh.601038,卖出,7.93,793.0,5.40443,,,,,,调仓卖出
2019-08-09,sh.600095,买入,7.54,754.0,5.00754,Group_1,0.6755555555555555,0.03846153846153855,0.03846153846153855,0.18567639257294433,调仓买入
2019-08-16,sh.600095,卖出,7.83,783.0,5.39933,,,,,,调仓卖出
2019-09-12,sh.600052,买入,6.05,605.0,5.00605,Group_1,0.9329073482428114,-0.044628099173553704,-0.03966942148760333,-0.1636363636363637,调仓买入
2019-09-20,sh.600052,卖出,5.81,581.0,5.29631,,,,,,调仓卖出
2019-10-11,sh.600052,买入,5.86,586.0,5.00586,Group_1,0.9276315789473686,-0.023890784982935287,-0.13651877133105816,-0.25426621160409557,调仓买入
2019-10-18,sh.600052,卖出,5.06,505.99999999999994,5.25806,,,,,,调仓卖出
2019-11-22,sh.600223,买入,6.34,634.0,5.00634,Group_1,0.9039039039039038,-0.09936908517350151,-0.1514195583596214,0.05362776025236582,调仓买入
2019-11-29,sh.600223,卖出,5.38,538.0,5.27438,,,,,,调仓卖出
2019-12-13,sz.000673,买入,5.69,569.0,5.00569,Group_1,0.7616099071207432,0.021089630931458547,-0.01405975395430581,-0.0035149384885765356,调仓买入
2019-12-20,sz.000673,卖出,5.61,561.0,5.28611,,,,,,调仓卖出
2019-12-27,sh.600223,买入,6.96,696.0,5.00696,Group_1,0.982905982905983,0.10057471264367823,0.5114942528735631,0.2341954022988506,调仓买入
2020-01-17,sh.600223,卖出,10.63,1063.0,5.54213,,,,,,调仓卖出
2020-02-28,sz.002239,买入,4.85,484.99999999999994,5.00485,Group_1,1.7401129943502824,0.04742268041237119,0.11134020618556706,-0.1917525773195876,调仓买入
2020-03-13,sz.002239,卖出,4.11,411.00000000000006,5.20961,,,,,,调仓卖出
2020-03-13,sh.600550,买入,7.73,773.0,5.00773,Group_1,1.5766666666666667,-0.09961190168175948,-0.13712807244501946,-0.2846054333764554,调仓买入
2020-03-20,sh.600550,卖出,6.67,667.0,5.34017,,,,,,调仓卖出
2020-03-20,sz.002239,买入,3.83,766.0,5.0076600000000004,Group_1,1.2267441860465116,-0.07832898172323766,0.023498694516971286,0.06266318537859017,调仓买入
2020-04-10,sz.002239,卖出,4.04,808.0,5.41208,,,,,,调仓卖出
2020-04-10,sz.000903,买入,5.63,563.0,5.00563,Group_1,1.1488549618320612,0.03197158081705154,0.04085257548845478,-0.001776198934280604,调仓买入
2020-04-17,sh.601179,买入,7.52,752.0,5.00752,Group_1,1.0659340659340657,-0.025265957446808485,-0.11835106382978722,-0.21808510638297873,调仓买入
2020-04-17,sh.600527,买入,4.22,422.0,5.00422,Group_1,0.9812206572769953,0.09952606635071093,0.0781990521327014,-0.22274881516587675,调仓买入
2020-04-24,sh.601179,卖出,6.63,663.0,5.3381300000000005,,,,,,调仓卖出
2020-04-24,sz.002480,买入,7.9,790.0,5.0079,Group_1,1.051948051948052,-0.09999999999999998,-0.2126582278481013,-0.28481012658227844,调仓买入
2020-04-30,sz.000903,卖出,4.78,478.0,5.24378,,,,,,调仓卖出
2020-04-30,sh.600527,卖出,3.57,357.0,5.1820699999999995,,,,,,调仓卖出
2020-04-30,sz.002480,卖出,6.17,617.0,5.31467,,,,,,调仓卖出
2020-05-22,sz.002400,买入,6.8,680.0,5.0068,Group_1,1.2295081967213117,-0.01764705882352946,0.3544117647058824,0.5764705882352943,调仓买入
2020-05-22,sz.000903,买入,5.48,548.0,5.00548,Group_1,1.052434456928839,-0.06386861313868619,0.010948905109488871,0.041970802919707895,调仓买入
2020-05-29,sz.000903,卖出,5.54,554.0,5.28254,,,,,,调仓卖出
2020-06-05,sz.000564,买入,5.24,524.0,5.00524,Group_1,1.3710407239819005,-0.06679389312977113,0.013358778625954137,-0.06870229007633588,调仓买入
2020-06-05,sh.600532,买入,6.52,652.0,5.00652,Group_1,0.963855421686747,0.09969325153374231,0.18711656441717794,0.7837423312883438,调仓买入
2020-07-03,sz.000564,卖出,4.26,426.0,5.2172600000000005,,,,,,调仓卖出
2020-07-17,sz.002400,卖出,9.19,919.0,5.4686900000000005,,,,,,调仓卖出
2020-07-24,sh.600532,卖出,10.27,1027.0,5.52377,,,,,,调仓卖出
2020-09-11,sh.601216,买入,7.32,732.0,5.00732,Group_1,1.870588235294118,-0.020491803278688603,0.0983606557377048,0.06693989071038242,调仓买入
2020-09-18,sz.002285,买入,5.98,598.0,5.00598,Group_1,1.1357142857142861,0.00836120401337781,0.03344481605351168,-0.08026755852842815,调仓买入
2020-10-16,sz.002285,卖出,6.46,646.0,5.32946,,,,,,调仓卖出
2020-10-23,sh.600189,买入,6.43,643.0,5.00643,Group_1,0.8061797752808988,-0.009331259720062102,0.046656298600311175,0.5878693623639193,调仓买入
2020-10-23,sz.002285,买入,5.4,540.0,5.0054,Group_1,0.7940199335548175,0.01851851851851838,-0.009259259259259411,0.15555555555555545,调仓买入
2020-10-30,sh.601216,卖出,7.03,703.0,5.35853,,,,,,调仓卖出
2020-10-30,sh.600189,卖出,6.73,673.0,5.34323,,,,,,调仓卖出
2020-10-30,sz.002285,卖出,5.35,535.0,5.27285,,,,,,调仓卖出
2020-12-04,sh.600121,买入,4.25,425.0,5.00425,Group_1,1.0334928229665072,0.009411764705882453,0.1741176470588235,1.150588235294118,调仓买入
2021-02-05,sh.601015,买入,8.14,814.0,5.00814,Group_1,1.3731778425655978,0.09950859950859936,0.3648648648648647,0.09705159705159705,调仓买入
2021-02-26,sh.600121,卖出,4.5,450.0,5.2295,,,,,,调仓卖出
2021-03-05,sz.001896,买入,7.51,751.0,5.00751,Group_1,0.8964646464646464,0.026631158455392878,-0.05059920106524629,0.13049267643142493,调仓买入
2021-03-19,sz.001896,卖出,6.73,673.0,5.34323,,,,,,调仓卖出
2021-03-19,sh.600255,买入,2.8,560.0,5.0056,Group_1,1.258064516129032,-0.03571428571428559,-0.17142857142857149,-0.14642857142857135,调仓买入
2021-03-19,sz.002109,买入,6.43,643.0,5.00643,Group_1,0.9309309309309308,-0.02488335925349927,-0.1897356143079315,-0.24105754276827374,调仓买入
2021-03-19,sh.600722,买入,7.66,766.0,5.0076600000000004,Group_1,0.8151658767772514,0.04177545691906004,-0.14621409921671025,-0.20234986945169708,调仓买入
2021-03-26,sh.601015,卖出,6.78,678.0,5.34578,,,,,,调仓卖出
2021-03-26,sh.600255,卖出,2.32,463.99999999999994,5.23664,,,,,,调仓卖出
2021-03-26,sz.002109,卖出,5.21,521.0,5.26571,,,,,,调仓卖出
2021-03-26,sh.600722,卖出,6.54,654.0,5.33354,,,,,,调仓卖出
2021-03-26,sz.000918,买入,7.03,703.0,5.00703,Group_1,1.025936599423631,-0.01849217638691325,0.008534850640113723,-0.045519203413940335,调仓买入
2021-03-26,sh.600744,买入,6.34,634.0,5.00634,Group_1,0.9628482972136223,0.015772870662460692,-0.04416403785488965,-0.17665615141955837,调仓买入
2021-04-09,sz.002269,买入,3.46,692.0,5.00692,Group_1,1.5255474452554743,0.046242774566473965,-0.17341040462427748,-0.07514450867052014,调仓买入
2021-04-16,sz.000918,卖出,6.75,675.0,5.344250000000001,,,,,,调仓卖出
2021-04-16,sh.600744,卖出,5.86,586.0,5.29886,,,,,,调仓卖出
2021-04-16,sz.002176,买入,6.88,688.0,5.00688,Group_1,1.3806228373702423,0.10029069767441867,0.008720930232558155,0.3299418604651163,调仓买入
2021-04-16,sz.002162,买入,6.98,698.0,5.00698,Group_1,1.1151515151515152,-0.10028653295128942,-0.12464183381088823,0.08739255014326641,调仓买入
2021-04-23,sz.002269,卖出,2.5,500.0,5.255,,,,,,调仓卖出
2021-04-23,sz.002162,卖出,6.11,611.0,5.31161,,,,,,调仓卖出
2021-04-30,sz.002176,卖出,7.33,733.0,5.37383,,,,,,调仓卖出
2021-06-04,sz.002269,买入,4.27,426.99999999999994,5.00427,Group_1,2.0719424460431655,-0.007025761124121677,-0.030444964871194302,-0.20140515222482425,调仓买入
2021-06-11,sz.002269,卖出,4.14,413.99999999999994,5.211139999999999,,,,,,调仓卖出
2021-06-11,sz.000572,买入,6.92,692.0,5.00692,Group_1,2.233644859813084,-0.03179190751445082,-0.12283236994219648,-0.24710982658959535,调仓买入
2021-06-25,sz.000572,卖出,5.76,576.0,5.293760000000001,,,,,,调仓卖出
2021-07-02,sz.002280,买入,6.06,606.0,5.00606,Group_1,1.9705882352941173,0.03960396039603964,0.3415841584158419,0.2161716171617163,调仓买入
2021-08-20,sz.002280,卖出,7.19,719.0,5.366689999999999,,,,,,调仓卖出
2021-10-22,sz.002256,买入,4.23,423.00000000000006,5.00423,Group_1,1.3241758241758244,0.014184397163120366,-0.099290780141844,-0.10638297872340441,调仓买入
2021-10-29,sz.002256,卖出,3.81,381.0,5.19431,,,,,,调仓卖出
2022-01-28,sz.002374,买入,5.69,569.0,5.00569,Group_1,1.22265625,0.021089630931458547,-0.005272407732864748,-0.08084358523725832,调仓买入
2022-01-28,sz.000812,买入,6.48,648.0,5.00648,Group_1,1.0061919504643964,0.10030864197530853,0.16666666666666652,0.0092592592592593,调仓买入
2022-02-11,sz.002374,卖出,5.66,566.0,5.28866,,,,,,调仓卖出
2022-02-18,sz.000812,卖出,7.15,715.0,5.36465,,,,,,调仓卖出
2022-02-18,sz.002374,买入,6.1,610.0,5.0061,Group_1,1.3193916349809887,0.009836065573770592,-0.07868852459016384,-0.18360655737704912,调仓买入
2022-03-04,sz.002374,卖出,5.23,523.0,5.26673,,,,,,调仓卖出
2022-03-25,sh.600077,买入,6.09,609.0,5.00609,Group_1,1.206521739130435,-0.09852216748768472,-0.22824302134646957,-0.4220032840722495,调仓买入
2022-04-08,sh.600077,卖出,4.65,465.00000000000006,5.23715,,,,,,调仓卖出
2022-04-22,sz.000965,买入,5.99,599.0,5.00599,Group_1,1.1469534050179213,-0.010016694490818101,0.1402337228714523,0.05008347245409017,调仓买入
2022-05-13,sz.000965,卖出,6.9,690.0,5.3519,,,,,,调仓卖出
2022-05-20,sh.600084,买入,5.97,597.0,5.00597,Group_1,1.4874999999999998,0.0,-0.055276381909547756,-0.0737018425460636,调仓买入
2022-05-27,sh.600084,卖出,5.64,564.0,5.28764,,,,,,调仓卖出
2022-06-02,sz.000523,买入,4.23,423.00000000000006,5.00423,Group_1,1.0533980582524274,0.06146572104018899,-0.01891252955082745,-0.10165484633569755,调仓买入
2022-06-10,sz.000523,卖出,4.15,415.00000000000006,5.211650000000001,,,,,,调仓卖出
2022-08-05,sz.002031,买入,4.6,459.99999999999994,5.0046,Group_1,1.584269662921348,-0.021739130434782483,-0.09565217391304337,-0.3065217391304348,调仓买入
2022-08-12,sz.002031,卖出,4.16,416.0,5.21216,,,,,,调仓卖出
2022-09-16,sz.000509,买入,3.72,372.0,5.00372,Group_1,0.8883248730964468,-0.024193548387096864,-0.016129032258064502,0.2553763440860215,调仓买入
2022-09-23,sz.000509,卖出,3.66,366.0,5.18666,,,,,,调仓卖出
2022-09-23,sz.002219,买入,3.77,377.0,5.00377,Group_1,1.0160427807486632,0.007957559681697646,-0.021220159151193685,-0.03183023872679047,调仓买入
2022-09-30,sz.002219,卖出,3.69,369.0,5.18819,,,,,,调仓卖出
2022-10-28,sh.600191,买入,6.06,606.0,5.00606,Group_1,0.8588957055214723,-0.06765676567656753,-0.02970297029702962,-0.0643564356435643,调仓买入
2022-11-04,sh.600191,卖出,5.88,588.0,5.29988,,,,,,调仓卖出
2022-11-18,sz.000980,买入,6.35,635.0,5.00635,Group_1,1.6239669421487601,-0.0031496062992125706,-0.056692913385826715,-0.13385826771653542,调仓买入
2022-12-30,sz.000980,卖出,4.26,426.0,5.2172600000000005,,,,,,调仓卖出
2023-01-06,sz.000980,买入,4.48,448.00000000000006,5.00448,Group_1,1.1853658536585372,-0.0044642857142858094,-0.013392857142857206,-0.006696428571428603,调仓买入
2023-02-03,sz.000980,卖出,4.58,458.0,5.23358,,,,,,调仓卖出
2023-02-10,sz.002348,买入,4.87,487.0,5.00487,Group_1,1.0462184873949583,-0.024640657084188944,-0.07186858316221778,-0.07802874743326482,调仓买入
2023-02-24,sz.002348,卖出,4.38,438.0,5.223380000000001,,,,,,调仓卖出
2023-07-14,sz.002535,买入,5.17,517.0,5.00517,Group_1,1.0116731517509727,0.10058027079303677,-0.021276595744680882,-0.09671179883945846,调仓买入
2023-08-11,sh.601099,买入,4.78,478.0,5.00478,Group_1,0.7703703703703704,0.004184100418409997,-0.027196652719665204,-0.16108786610878667,调仓买入
2023-08-11,sh.600280,买入,4.75,475.0,5.00475,Group_1,0.7527675276752768,0.0378947368421052,-0.029473684210526208,-0.10315789473684212,调仓买入
2023-08-11,sz.000656,买入,2.33,466.0,5.00466,Group_1,0.6884057971014494,-0.0901287553648068,-0.15879828326180256,-0.10300429184549365,调仓买入
2023-08-18,sz.000656,卖出,1.96,392.0,5.19992,,,,,,调仓卖出
2023-08-25,sh.600280,卖出,4.07,407.0,5.20757,,,,,,调仓卖出
2023-08-25,sh.600322,买入,3.16,632.0,5.00632,Group_1,0.8372093023255816,0.10126582278481,0.09177215189873422,-0.15822784810126578,调仓买入
2023-09-01,sh.601099,卖出,3.96,396.0,5.201960000000001,,,,,,调仓卖出
2023-09-01,sz.000656,买入,2.23,446.0,5.00446,Group_1,1.3229166666666665,-0.03139013452914796,-0.06278026905829603,-0.25560538116591935,调仓买入
2023-09-01,sz.002146,买入,2.44,488.0,5.00488,Group_1,0.8769230769230769,-0.012295081967213073,-0.07786885245901642,-0.19672131147540983,调仓买入
2023-09-08,sh.600322,卖出,2.8,560.0,5.2856000000000005,,,,,,调仓卖出
2023-09-08,sz.002146,卖出,2.25,450.0,5.2295,,,,,,调仓卖出
2023-09-15,sz.002535,卖出,4.17,417.0,5.21267,,,,,,调仓卖出
2023-09-15,sz.000656,卖出,1.92,384.0,5.1958400000000005,,,,,,调仓卖出
2023-09-15,sz.000536,买入,3.52,352.0,5.00352,Group_1,0.9887005649717513,-0.03693181818181812,0.02556818181818188,0.09375,调仓买入
2023-09-15,sh.600186,买入,5.18,518.0,5.00518,Group_1,0.8303886925795052,0.007722007722007707,0.0,0.274131274131274,调仓买入
2023-09-15,sh.600280,买入,4.36,436.00000000000006,5.00436,Group_1,0.7301587301587302,0.0366972477064218,-0.07798165137614699,-0.20871559633027525,调仓买入
2023-09-22,sh.600280,卖出,4.02,401.99999999999994,5.205019999999999,,,,,,调仓卖出
2023-09-22,sz.000656,买入,1.87,561.0,5.00561,Group_1,0.6846846846846846,-0.048128342245989386,-0.11229946524064183,-0.11764705882352955,调仓买入
2023-09-28,sz.000656,卖出,1.74,522.0,5.26622,,,,,,调仓卖出
2023-11-10,sz.000536,卖出,3.72,372.0,5.18972,,,,,,调仓卖出
2023-11-24,sh.600186,卖出,6.34,634.0,5.32334,,,,,,调仓卖出
2023-11-24,sz.000536,买入,4.5,450.0,5.0045,Group_1,1.5,-0.10000000000000009,-0.16888888888888887,-0.22000000000000008,调仓买入
2023-12-01,sz.000536,卖出,3.74,374.0,5.19074,,,,,,调仓卖出
2024-06-07,sz.002496,买入,2.93,293.0,5.00293,Group_1,0.8662420382165605,0.023890784982935065,-0.1023890784982936,-0.2866894197952219,调仓买入
2024-06-14,sh.600575,买入,3.93,393.0,5.00393,Group_1,0.6239669421487604,-0.012722646310432628,-0.038167938931297773,-0.04325699745547085,调仓买入
2024-06-21,sz.002496,卖出,2.44,244.0,5.12444,,,,,,调仓卖出
2024-07-05,sh.600575,卖出,3.8,380.0,5.1938,,,,,,调仓卖出
2024-07-12,sz.001267,买入,5.51,551.0,5.00551,Group_1,0.5609065155807367,-0.06352087114337557,-0.052631578947368474,0.0362976406533575,调仓买入
2024-07-19,sz.001267,卖出,5.22,522.0,5.26622,,,,,,调仓卖出
2024-07-19,sz.000560,买入,2.57,514.0,5.00514,Group_1,0.5962732919254656,-0.023346303501945553,-0.05058365758754857,0.05058365758754868,调仓买入
2024-07-26,sz.000560,卖出,2.44,488.0,5.24888,,,,,,调仓卖出
2024-07-26,sh.600078,买入,5.46,546.0,5.00546,Group_1,0.5689655172413792,-0.003663003663003539,-0.0073260073260073,-0.014652014652014711,调仓买入
2024-07-26,sh.601777,买入,4.58,458.0,5.00458,Group_1,0.4223602484472049,0.0,-0.026200873362445476,-0.14628820960698685,调仓买入
2024-08-02,sh.600078,卖出,5.42,542.0,5.27642,,,,,,调仓卖出
2024-08-02,sh.601777,卖出,4.46,446.0,5.22746,,,,,,调仓卖出
2024-08-09,sh.600078,买入,5.21,521.0,5.00521,Group_1,0.46760563380281694,-0.0249520153550864,-0.04990403071017269,0.0019193857965451588,调仓买入
2024-08-23,sh.600078,卖出,5.38,538.0,5.27438,,,,,,调仓卖出
2024-08-30,sh.600078,买入,5.28,528.0,5.00528,Group_1,0.6815286624203822,0.015151515151515138,-0.011363636363636465,0.22916666666666674,调仓买入
2024-09-13,sh.600187,买入,3.25,325.0,5.00325,Group_1,1.1666666666666665,-0.09846153846153838,0.05846153846153834,0.021538461538461506,调仓买入
2024-09-20,sh.600078,卖出,4.96,496.0,5.25296,,,,,,调仓卖出
2024-09-20,sz.002717,买入,1.67,501.0,5.00501,Group_1,0.7395833333333333,0.10179640718562877,0.38323353293413187,0.5089820359281438,调仓买入
2024-09-20,sz.000659,买入,2.3,459.99999999999994,5.0046,Group_1,0.7293233082706765,0.04347826086956519,0.29130434782608705,0.22173913043478266,调仓买入
2024-09-20,sh.600811,买入,1.34,536.0,5.00536,Group_1,0.654320987654321,0.03731343283582067,0.18656716417910446,0.7238805970149254,调仓买入
2024-09-27,sz.000627,买入,3.37,337.0,5.00337,Group_1,0.8415300546448088,0.10089020771513346,-0.07715133531157281,-0.0029673590504452063,调仓买入
2024-10-11,sz.000659,卖出,2.68,536.0,5.273359999999999,,,,,,调仓卖出
2024-10-11,sz.000627,卖出,3.11,311.0,5.15861,,,,,,调仓卖出
2024-10-18,sh.600187,卖出,3.38,338.0,5.1723799999999995,,,,,,调仓卖出
2024-10-18,sz.002717,卖出,1.84,552.0,5.2815199999999995,,,,,,调仓卖出
2024-10-18,sh.600811,卖出,1.62,648.0,5.33048,,,,,,调仓卖出
2024-10-25,sz.002628,买入,5.45,545.0,5.00545,Group_1,2.0110497237569063,0.10091743119266061,0.2990825688073395,-0.0825688073394496,调仓买入
2024-11-01,sz.002717,买入,3.5,350.0,5.0035,Group_1,2.4313725490196076,-0.09999999999999998,-0.0485714285714286,-0.07428571428571418,调仓买入
2024-11-08,sz.002628,卖出,5.97,597.0,5.304469999999999,,,,,,调仓卖出
2024-11-08,sz.002717,卖出,3.33,333.0,5.16983,,,,,,调仓卖出
2024-11-22,sz.002542,买入,4.77,476.99999999999994,5.00477,Group_1,2.3356643356643354,-0.052410901467505266,-0.04402515723270439,-0.03144654088050303,调仓买入
2024-12-06,sz.002131,买入,5.69,569.0,5.00569,Group_1,3.064285714285715,-0.10017574692442888,-0.27768014059753954,-0.5008787346221442,调仓买入
2024-12-06,sz.002717,买入,4.54,454.0,5.00454,Group_1,3.0176991150442483,-0.09911894273127753,-0.0022026431718060735,-0.35242290748898675,调仓买入
2024-12-13,sz.002131,卖出,4.11,411.00000000000006,5.20961,,,,,,调仓卖出
2024-12-13,sh.600340,买入,3.42,342.0,5.00342,Group_1,2.320388349514563,0.0,-0.09064327485380119,-0.3099415204678363,调仓买入
2024-12-20,sh.600340,卖出,3.11,311.0,5.15861,,,,,,调仓卖出
2024-12-20,sz.002175,买入,5.61,561.0,5.00561,Group_1,2.205714285714286,-0.09625668449197866,-0.18181818181818188,-0.089126559714795,调仓买入
2024-12-27,sz.002542,卖出,4.14,413.99999999999994,5.211139999999999,,,,,,调仓卖出
2024-12-27,sz.002717,卖出,3.88,388.0,5.19788,,,,,,调仓卖出
2024-12-27,sz.002175,卖出,4.59,459.0,5.23409,,,,,,调仓卖出
2025-01-10,sz.002175,买入,4.58,458.0,5.00458,Group_1,1.2341463414634148,-0.08515283842794752,0.13318777292576423,0.25109170305676853,调仓买入
2025-01-10,sz.002131,买入,3.63,363.0,5.00363,Group_1,1.2134146341463414,-0.07988980716253447,0.05509641873278248,0.25068870523415976,调仓买入
2025-01-17,sz.002131,卖出,3.83,383.0,5.19533,,,,,,调仓卖出
2025-01-24,sz.002175,卖出,4.71,471.0,5.24021,,,,,,调仓卖出
2025-02-14,sz.002131,买入,4.37,437.0,5.00437,Group_1,1.1009615384615383,0.0389016018306636,0.004576659038901587,-0.05491990846681927,调仓买入
2025-02-21,sz.002131,卖出,4.39,438.99999999999994,5.22389,,,,,,调仓卖出
2025-07-11,sz.002141,买入,4.03,403.0,5.00403,Group_1,1.302857142857143,0.004962779156327368,-0.047146401985111774,-0.05459057071960305,调仓买入
2025-07-25,sz.002141,卖出,3.79,379.0,5.19329,,,,,,调仓卖出
2025-09-05,sz.002217,买入,3.87,387.0,5.00387,Group_1,1.7253521126760565,-0.01808785529715773,-0.03359173126614989,-0.16537467700258401,调仓买入
2025-09-12,sz.002141,买入,4.02,401.99999999999994,5.00402,Group_1,2.165354330708661,-0.01243781094527352,-0.04975124378109441,0.00995024875621886,调仓买入
2025-09-19,sz.002217,卖出,3.55,355.0,5.18105,,,,,,调仓卖出
2025-09-19,sh.601929,买入,4.78,478.0,5.00478,Group_1,1.6408839779005526,-0.10041841004184104,-0.2573221757322176,-0.2364016736401674,调仓买入
2025-09-26,sz.002141,卖出,3.73,373.0,5.19023,,,,,,调仓卖出
2025-09-26,sh.601929,卖出,3.55,355.0,5.18105,,,,,,调仓卖出
