日期,代码,方向,成交价,成交额,费用,分组,因子值,未来1天收益,未来1周收益,未来1月收益,备注
2010-01-29,sz.002266,买入,30.27,3027.0,5.03027,Group_1,0.9055431940558826,-0.020482325735051266,-0.01883052527254714,0.013544763792533887,调仓买入
2010-01-29,sz.000602,买入,20.5,4100.0,5.041,Group_1,0.8997586134841231,-0.029268292682926855,0.024390243902439046,0.0819512195121952,调仓买入
2010-01-29,sh.600893,买入,27.03,2703.0,5.02703,Group_1,0.8802288253895345,-0.014798372179060326,0.009618941916389012,0.046984831668516414,调仓买入
2010-01-29,sz.002166,买入,30.95,3095.0,5.03095,Group_1,0.8650503564557556,-0.03295638126009692,-0.047495961227786765,0.05686591276252018,调仓买入
2010-01-29,sh.600827,买入,19.0,3800.0,5.038,Group_1,0.8595723213035755,0.0031578947368420263,0.059473684210526345,0.030000000000000027,调仓买入
2010-01-29,sh.600725,买入,19.88,3976.0,5.03976,Group_1,0.8592755829909463,-0.04024144869215296,-0.03672032193158958,-0.0025150905432596016,调仓买入
2010-01-29,sz.000861,买入,13.75,4125.0,5.04125,Group_1,0.8360074416259825,0.0036363636363636598,0.02036363636363636,0.04654545454545467,调仓买入
2010-01-29,sh.600029,买入,6.09,4872.0,5.04872,Group_1,0.8259845138654549,0.01806239737274229,0.031198686371100237,0.08702791461412152,调仓买入
2010-01-29,sh.600157,买入,18.22,3644.0,5.03644,Group_1,0.8125423223643135,-0.06750823271130624,-0.06092206366630071,0.02908891328210772,调仓买入
2010-02-26,sz.002266,卖出,31.08,3108.0,6.5850800000000005,,,,,,调仓卖出
2010-02-26,sz.000602,卖出,23.0,4600.0,7.346,,,,,,调仓卖出
2010-02-26,sh.600893,卖出,29.89,2989.0,6.52439,,,,,,调仓卖出
2010-02-26,sz.002166,卖出,33.5,3350.0,6.7085,,,,,,调仓卖出
2010-02-26,sh.600827,卖出,20.7,4140.0,7.1114,,,,,,调仓卖出
2010-02-26,sh.600725,卖出,20.3,4060.0,7.070600000000001,,,,,,调仓卖出
2010-02-26,sz.000861,卖出,14.33,4299.0,7.192489999999999,,,,,,调仓卖出
2010-02-26,sh.600157,卖出,18.84,3768.0,6.92168,,,,,,调仓卖出
2010-02-26,sh.600770,买入,16.53,4959.0,5.04959,Group_1,0.8587751439995104,0.001814882032667775,0.01754385964912286,0.146400483968542,调仓买入
2010-02-26,sz.002122,买入,26.9,2690.0,5.0269,Group_1,0.8514398837086876,0.017100371747212018,0.02007434944237918,0.0475836431226766,调仓买入
2010-02-26,sh.600396,买入,8.62,5171.999999999999,5.05172,Group_1,0.8346058262865054,0.022041763341067444,0.016241299303944468,0.06844547563805126,调仓买入
2010-02-26,sz.002088,买入,22.88,4576.0,5.04576,Group_1,0.8287402973967057,-0.004370629370629264,0.020104895104895215,0.0371503496503498,调仓买入
2010-02-26,sh.600089,买入,21.96,4392.0,5.04392,Group_1,0.8066747501658148,0.012295081967213184,-0.00045537340619317135,-0.06284153005464488,调仓买入
2010-02-26,sz.000816,买入,7.11,4977.0,5.04977,Group_1,0.8041414852135211,0.011251758087201136,-0.007032348804500765,0.02390998593530247,调仓买入
2010-02-26,sh.600962,买入,15.98,4794.0,5.04794,Group_1,0.8039858467412477,-0.001877346683354264,-0.034418022528160286,-0.028785982478097716,调仓买入
2010-02-26,sz.000584,买入,12.3,4920.0,5.0492,Group_1,0.7838028094672024,-0.001626016260162677,-0.09756097560975618,-0.08943089430894324,调仓买入
2010-03-31,sh.600029,卖出,7.55,6040.0,8.0804,,,,,,调仓卖出
2010-03-31,sh.600770,卖出,19.45,5835.0,7.975849999999999,,,,,,调仓卖出
2010-03-31,sz.002122,卖出,28.89,2889.0,6.47339,,,,,,调仓卖出
2010-03-31,sh.600396,卖出,9.35,5610.0,7.8611,,,,,,调仓卖出
2010-03-31,sh.600089,卖出,20.68,4136.0,7.109360000000001,,,,,,调仓卖出
2010-03-31,sz.000816,卖出,7.15,5005.0,7.55255,,,,,,调仓卖出
2010-03-31,sh.600962,卖出,15.93,4779.0,7.43729,,,,,,调仓卖出
2010-03-31,sz.000584,卖出,10.88,4352.0,7.21952,,,,,,调仓卖出
2010-03-31,sh.600406,买入,34.37,3436.9999999999995,5.03437,Group_1,0.8506617455054649,0.09077684026767541,0.13762001745708474,0.1859179517020657,调仓买入
2010-03-31,sh.600765,买入,20.68,4136.0,5.04136,Group_1,0.8464216287601559,0.04932301740812384,0.11992263056092844,0.17408123791102526,调仓买入
2010-03-31,sz.002328,买入,24.67,4934.0,5.04934,Group_1,0.8157726185797369,0.01702472638832586,0.023104985812727907,-0.055533036076205966,调仓买入
2010-03-31,sz.002293,买入,45.91,4591.0,5.04591,Group_1,0.8118854682947286,0.0004356349379219804,-0.020910477020256835,0.08908734480505354,调仓买入
2010-03-31,sh.600066,买入,18.59,3718.0,5.03718,Group_1,0.8037642814790565,0.011296395911780666,0.09198493813878428,0.044647660032275605,调仓买入
2010-03-31,sz.002093,买入,16.2,4860.0,5.0486,Group_1,0.8004398733084517,0.0037037037037037646,-0.004938271604938205,-0.10370370370370374,调仓买入
2010-03-31,sh.600479,买入,26.77,5354.0,5.05354,Group_1,0.7865142746095198,0.004109077325364252,0.01643630930145701,0.09077325364213662,调仓买入
2010-03-31,sh.600202,买入,20.97,4194.0,5.04194,Group_1,0.7784445381779524,0.0033381020505485193,-0.045779685264663694,-0.23366714353838813,调仓买入
2010-03-31,sh.600583,买入,9.9,4950.0,5.0495,Group_1,0.7705795834468795,0.008080808080808133,0.0060606060606061,-0.15959595959595962,调仓买入
2010-04-30,sz.002088,卖出,20.0,4000.0,7.04,,,,,,调仓卖出
2010-04-30,sh.600406,卖出,40.38,4038.0000000000005,7.05938,,,,,,调仓卖出
2010-04-30,sh.600765,卖出,22.93,4586.0,7.33886,,,,,,调仓卖出
2010-04-30,sz.002328,卖出,23.0,4600.0,7.346,,,,,,调仓卖出
2010-04-30,sz.002293,卖出,47.17,4717.0,7.405670000000001,,,,,,调仓卖出
2010-04-30,sh.600066,卖出,18.75,3750.0,6.9125,,,,,,调仓卖出
2010-04-30,sz.002093,卖出,14.23,4269.0,7.17719,,,,,,调仓卖出
2010-04-30,sh.600479,卖出,28.39,5678.0,7.89578,,,,,,调仓卖出
2010-04-30,sh.600202,卖出,16.42,3284.0000000000005,6.6748400000000006,,,,,,调仓卖出
2010-04-30,sh.600583,卖出,8.44,4220.0,7.152200000000001,,,,,,调仓卖出
2010-04-30,sz.002373,买入,37.5,3750.0,5.0375,Group_1,0.9579855076319486,-0.020533333333333403,-0.12,-0.17066666666666663,调仓买入
2010-04-30,sh.600433,买入,10.93,4372.0,5.04372,Group_1,0.9327148386115784,0.02287282708142735,0.04117108874656927,0.0045745654162854255,调仓买入
2010-04-30,sh.600862,买入,10.65,4260.0,5.0426,Group_1,0.9073384575774864,0.008450704225352101,-0.07511737089201886,-0.024413145539906034,调仓买入
2010-04-30,sz.002250,买入,26.01,2601.0,5.02601,Group_1,0.8950450467772073,0.04190695886197626,0.091118800461361,0.11457131872356774,调仓买入
2010-04-30,sh.600525,买入,16.2,4860.0,5.0486,Group_1,0.8940667076403606,0.024074074074074137,-0.06851851851851853,0.020370370370370594,调仓买入
2010-04-30,sz.002299,买入,32.49,3249.0,5.03249,Group_1,0.8721514610918811,0.03416435826408115,0.03724222837796254,-0.030470914127423865,调仓买入
2010-04-30,sz.002122,买入,11.6,4640.0,5.0464,Group_1,0.8648627939336,0.0008620689655172153,-0.11206896551724133,-0.1405172413793102,调仓买入
2010-04-30,sh.600415,买入,21.21,4242.0,5.04242,Group_1,0.8274160112083926,-0.03206034889203202,-0.001885902876001877,-0.11456859971711453,调仓买入
2010-04-30,sz.002346,买入,17.42,3484.0000000000005,5.03484,Group_1,0.816319014238547,-0.020665901262916342,0.009758897818599177,-0.07060849598163033,调仓买入
2010-04-30,sh.600481,买入,20.65,4130.0,5.0413,Group_1,0.7956408698868878,-0.02469733656174322,-0.11864406779661019,-0.14140435835351084,调仓买入
2010-05-31,sz.002373,卖出,31.1,3110.0,6.5861,,,,,,调仓卖出
2010-05-31,sh.600433,卖出,10.98,4392.0,7.23992,,,,,,调仓卖出
2010-05-31,sh.600862,卖出,10.39,4156.0,7.11956,,,,,,调仓卖出
2010-05-31,sz.002250,卖出,28.99,2899.0,6.478490000000001,,,,,,调仓卖出
2010-05-31,sz.002299,卖出,31.5,3150.0,6.6065000000000005,,,,,,调仓卖出
2010-05-31,sz.002122,卖出,9.97,3988.0000000000005,7.03388,,,,,,调仓卖出
2010-05-31,sh.600415,卖出,18.78,3756.0,6.91556,,,,,,调仓卖出
2010-05-31,sh.600481,卖出,17.73,3546.0,6.80846,,,,,,调仓卖出
2010-05-31,sz.000066,买入,9.46,4730.0,5.0473,Group_1,0.9278643205759746,-0.02748414376321373,-0.019027484143763318,-0.2019027484143764,调仓买入
2010-05-31,sh.600351,买入,10.35,4140.0,5.0414,Group_1,0.923019175993286,-0.019323671497584516,-0.02801932367149751,-0.2840579710144927,调仓买入
2010-05-31,sz.002032,买入,18.55,3710.0,5.0371,Group_1,0.9151403667996044,-0.0037735849056603765,-0.05660377358490565,0.013477088948786964,调仓买入
2010-05-31,sz.002064,买入,9.1,4550.0,5.0455,Group_1,0.9035484825796197,-0.0219780219780219,-0.03076923076923066,-0.09340659340659341,调仓买入
2010-05-31,sz.002284,买入,20.06,4011.9999999999995,5.04012,Group_1,0.8863214447118563,-0.05882352941176472,0.10618145563310089,-0.15453639082751736,调仓买入
2010-05-31,sz.000536,买入,19.1,3820.0000000000005,5.0382,Group_1,0.8827903363700708,-0.03664921465968596,0.04345549738219878,-0.07958115183246084,调仓买入
2010-05-31,sz.002358,买入,41.8,4180.0,5.0418,Group_1,0.8562235947771267,-0.022248803827751185,0.05167464114832554,-0.05239234449760766,调仓买入
2010-05-31,sz.000836,买入,6.87,4809.0,5.04809,Group_1,0.8545325197887692,-0.02765647743813693,0.00727802037845704,-0.1266375545851528,调仓买入
2010-06-30,sh.600525,卖出,14.18,4254.0,7.16954,,,,,,调仓卖出
2010-06-30,sz.002346,卖出,14.79,2958.0,6.50858,,,,,,调仓卖出
2010-06-30,sz.000066,卖出,7.59,3795.0,6.93545,,,,,,调仓卖出
2010-06-30,sh.600351,卖出,7.8,3120.0,6.591200000000001,,,,,,调仓卖出
2010-06-30,sz.002032,卖出,19.4,3879.9999999999995,6.9788,,,,,,调仓卖出
2010-06-30,sz.002064,卖出,8.38,4190.0,7.136900000000001,,,,,,调仓卖出
2010-06-30,sz.002284,卖出,17.16,3432.0,6.75032,,,,,,调仓卖出
2010-06-30,sz.000536,卖出,18.58,3715.9999999999995,6.89516,,,,,,调仓卖出
2010-06-30,sz.002358,卖出,40.9,4090.0,7.0859,,,,,,调仓卖出
2010-06-30,sz.000836,卖出,6.01,4207.0,7.145569999999999,,,,,,调仓卖出
2010-06-30,sz.000791,买入,5.72,4004.0,5.04004,Group_1,0.9506459588936026,-0.0017482517482516613,0.16433566433566438,0.284965034965035,调仓买入
2010-06-30,sz.002374,买入,26.52,2652.0,5.02652,Group_1,0.8728466166491122,0.005279034690799378,0.05957767722473606,0.14479638009049767,调仓买入
2010-06-30,sz.002259,买入,5.62,3934.0,5.03934,Group_1,0.8292773325584523,0.030249110320284656,0.053380782918149405,0.17437722419928825,调仓买入
2010-06-30,sz.000928,买入,6.14,4298.0,5.04298,Group_1,0.8228458892696762,0.0016286644951140072,0.055374592833876246,0.2508143322475571,调仓买入
2010-06-30,sz.000530,买入,7.72,3860.0,5.0386,Group_1,0.7895360337492036,-0.002590673575129432,0.045336787564767,0.15284974093264259,调仓买入
2010-06-30,sh.600020,买入,3.51,4212.0,5.04212,Group_1,0.7776662324980452,0.005698005698005604,0.017094017094017033,0.0826210826210827,调仓买入
2010-06-30,sh.600030,买入,11.7,3510.0,5.0351,Group_1,0.7771778541165865,-0.0247863247863247,0.0017094017094019254,0.09145299145299157,调仓买入
2010-06-30,sz.002328,买入,15.7,3140.0,5.0314,Group_1,0.7738846792422329,-0.029299363057324834,0.019108280254777066,0.14012738853503182,调仓买入
2010-06-30,sh.600306,买入,10.15,4060.0,5.0406,Group_1,0.7655300341818786,-0.003940886699507429,0.035467980295566415,0.16354679802955663,调仓买入
2010-06-30,sh.600496,买入,8.7,4350.0,5.0435,Group_1,0.757632161779438,-0.006896551724137834,0.048275862068965614,0.21839080459770122,调仓买入
2010-07-30,sz.000791,卖出,7.4,5180.0,7.6418,,,,,,调仓卖出
2010-07-30,sz.002374,卖出,30.66,3066.0,6.5636600000000005,,,,,,调仓卖出
2010-07-30,sz.002259,卖出,6.51,4557.0,7.32407,,,,,,调仓卖出
2010-07-30,sz.000928,卖出,8.06,5642.0,7.877420000000001,,,,,,调仓卖出
2010-07-30,sz.000530,卖出,9.76,4880.0,7.4887999999999995,,,,,,调仓卖出
2010-07-30,sh.600020,卖出,3.83,4596.0,7.34396,,,,,,调仓卖出
2010-07-30,sh.600030,卖出,12.82,3846.0,6.96146,,,,,,调仓卖出
2010-07-30,sz.002328,卖出,18.79,3758.0,6.91658,,,,,,调仓卖出
2010-07-30,sh.600306,卖出,12.04,4816.0,7.456160000000001,,,,,,调仓卖出
2010-07-30,sh.600496,卖出,10.5,5250.0,7.6775,,,,,,调仓卖出
2010-07-30,sz.002390,买入,35.1,3510.0,5.0351,Group_1,0.8962994947256828,0.030199430199430166,0.0715099715099714,0.08974358974358965,调仓买入
2010-07-30,sh.600664,买入,19.37,3874.0,5.03874,Group_1,0.8705628934922173,0.02891068662880736,0.04078471863706756,0.00929272070211673,调仓买入
2010-07-30,sh.600383,买入,7.21,5047.0,5.05047,Group_1,0.860245047692556,0.006934812760055475,-0.03883495145631066,-0.09292649098474337,调仓买入
2010-07-30,sh.601369,买入,17.57,3514.0,5.03514,Group_1,0.8414810635449805,0.006829823562891413,0.031872509960159334,-0.03471826977803072,调仓买入
2010-07-30,sz.002061,买入,11.87,4748.0,5.04748,Group_1,0.8357893226931072,0.029486099410278133,0.022746419545071728,-0.02864363942712722,调仓买入
2010-07-30,sh.600563,买入,25.75,5150.0,5.0515,Group_1,0.8191523235486072,0.009320388349514541,0.04932038834951458,0.006213592233009768,调仓买入
2010-07-30,sz.002191,买入,10.45,4180.0,5.0418,Group_1,0.8106822253040781,0.014354066985645897,0.002870813397129357,0.038277511961722466,调仓买入
2010-07-30,sz.000615,买入,7.88,4728.0,5.04728,Group_1,0.8074220174663422,0.013959390862944288,0.043147208121827596,-0.006345177664974555,调仓买入
2010-07-30,sh.601107,买入,7.25,5075.0,5.05075,Group_1,0.8038833466193456,0.01379310344827589,-0.004137931034482789,-0.05241379310344829,调仓买入
2010-07-30,sh.600252,买入,33.47,3347.0,5.03347,Group_1,0.8038196874178801,0.00537795040334621,0.10218105766357932,0.11831490887361817,调仓买入
2010-08-31,sz.002390,卖出,39.48,3947.9999999999995,7.0134799999999995,,,,,,调仓卖出
2010-08-31,sh.600664,卖出,21.01,4202.0,7.14302,,,,,,调仓卖出
2010-08-31,sh.600383,卖出,6.64,4648.0,7.37048,,,,,,调仓卖出
2010-08-31,sh.601369,卖出,17.14,3428.0,6.748279999999999,,,,,,调仓卖出
2010-08-31,sz.002061,卖出,11.98,4792.0,7.44392,,,,,,调仓卖出
2010-08-31,sh.600563,卖出,29.6,5920.0,8.0192,,,,,,调仓卖出
2010-08-31,sz.002191,卖出,11.07,4428.0,7.258279999999999,,,,,,调仓卖出
2010-08-31,sz.000615,卖出,7.96,4776.0,7.43576,,,,,,调仓卖出
2010-08-31,sh.601107,卖出,6.94,4858.0,7.477580000000001,,,,,,调仓卖出
2010-08-31,sh.600252,卖出,22.0,2200.0,6.122,,,,,,调仓卖出
2010-08-31,sz.002114,买入,18.5,3700.0,5.037,Group_1,0.9054778681510789,-0.000540540540540646,0.02756756756756773,-0.037837837837837784,调仓买入
2010-08-31,sz.002248,买入,27.68,2768.0,5.02768,Group_1,0.8810840959737604,0.013005780346820872,-0.010115606936416222,-0.048771676300578104,调仓买入
2010-08-31,sh.600479,买入,18.96,3792.0,5.03792,Group_1,0.8599186899487352,-0.012658227848101333,-0.03691983122362863,-0.04061181434599148,调仓买入
2010-08-31,sz.000708,买入,13.78,4134.0,5.04134,Group_1,0.8389141555967603,0.020319303338171446,0.029753265602322276,0.019593613933236664,调仓买入
2010-08-31,sz.000829,买入,18.62,3724.0,5.03724,Group_1,0.8027276030556234,-0.05531686358754029,-0.03759398496240596,-0.0998925886143931,调仓买入
2010-08-31,sz.000951,买入,23.6,4720.0,5.0472,Group_1,0.7933447907349161,-0.018220338983050866,0.025847457627118597,0.0012711864406778073,调仓买入
2010-08-31,sh.600531,买入,17.32,3464.0,5.03464,Group_1,0.7646992059448431,-0.016743648960738988,0.04214780600461898,0.3123556581986142,调仓买入
2010-09-30,sz.002114,卖出,17.06,3411.9999999999995,6.740119999999999,,,,,,调仓卖出
2010-09-30,sz.002248,卖出,26.0,2600.0,6.326,,,,,,调仓卖出
2010-09-30,sh.600479,卖出,17.81,3561.9999999999995,6.8166199999999995,,,,,,调仓卖出
2010-09-30,sz.000708,卖出,13.56,4068.0,7.074680000000001,,,,,,调仓卖出
2010-09-30,sz.000829,卖出,16.42,3284.0000000000005,6.6748400000000006,,,,,,调仓卖出
2010-09-30,sz.000951,卖出,22.5,4500.0,7.295,,,,,,调仓卖出
2010-09-30,sh.600531,卖出,21.08,4216.0,7.15016,,,,,,调仓卖出
2010-09-30,sz.002219,买入,15.24,4572.0,5.04572,Group_1,0.9472690220858451,0.011154855643044526,0.05643044619422577,0.1351706036745408,调仓买入
2010-09-30,sh.600707,买入,17.8,3560.0,5.0356,Group_1,0.8732202344582342,0.008426966292134797,-0.11292134831460687,-0.06292134831460683,调仓买入
2010-09-30,sh.600085,买入,33.66,3365.9999999999995,5.03366,Group_1,0.8641016779465,-0.0062388591800354165,-0.1218062982768865,0.06833036244800961,调仓买入
2010-09-30,sz.002244,买入,10.2,5100.0,5.051,Group_1,0.8541897548384622,-0.0019607843137254832,0.14509803921568643,0.22058823529411775,调仓买入
2010-09-30,sh.600743,买入,5.89,4712.0,5.04712,Group_1,0.8369921485242255,0.01018675721561979,0.05602716468590829,0.07640067911714765,调仓买入
2010-09-30,sh.600362,买入,31.12,3112.0,5.03112,Group_1,0.8248956234943934,0.09993573264781475,0.3759640102827764,0.3971722365038559,调仓买入
2010-09-30,sh.600787,买入,8.0,4800.0,5.048,Group_1,0.8071557049737468,0.018750000000000044,0.03125,0.09375,调仓买入
2010-09-30,sz.002190,买入,38.1,3810.0,5.0381,Group_1,0.8053927427468877,0.07847769028871387,0.024409448818897728,0.038057742782152015,调仓买入
2010-09-30,sh.600137,买入,16.32,4896.0,5.04896,Group_1,0.8014839310707291,0.020220588235293935,-0.09865196078431371,0.03308823529411753,调仓买入
2010-10-29,sz.002219,卖出,17.35,5205.0,7.65455,,,,,,调仓卖出
2010-10-29,sh.600707,卖出,17.43,3486.0,6.77786,,,,,,调仓卖出
2010-10-29,sh.600085,卖出,37.2,3720.0000000000005,6.897200000000001,,,,,,调仓卖出
2010-10-29,sz.002244,卖出,11.8,5900.0,8.009,,,,,,调仓卖出
2010-10-29,sh.600743,卖出,6.3,5040.0,7.570399999999999,,,,,,调仓卖出
2010-10-29,sh.600362,卖出,43.74,4374.0,7.230739999999999,,,,,,调仓卖出
2010-10-29,sh.600787,卖出,8.77,5262.0,7.68362,,,,,,调仓卖出
2010-10-29,sz.002190,卖出,43.15,4315.0,7.2006499999999996,,,,,,调仓卖出
2010-10-29,sh.600137,卖出,16.76,5028.000000000001,7.56428,,,,,,调仓卖出
2010-10-29,sz.002200,买入,37.51,3751.0,5.03751,Group_1,0.862163298331568,0.03305785123966953,0.01946147693948297,0.00746467608637702,调仓买入
2010-10-29,sh.600031,买入,21.17,4234.0,5.04234,Group_1,0.8481014829421435,0.05526688710439287,0.14029286726499768,0.03259329239489839,调仓买入
2010-10-29,sh.600580,买入,18.32,5496.0,5.05496,Group_1,0.8326544790194532,0.0010917030567685337,-0.05021834061135377,0.06441048034934505,调仓买入
2010-10-29,sh.600883,买入,11.39,4556.0,5.04556,Group_1,0.8306006710057366,0.024582967515364373,0.028972783143107916,0.015803336259877065,调仓买入
2010-10-29,sh.600458,买入,40.11,4011.0,5.04011,Group_1,0.8183799640558863,0.018698578908002972,0.02617801047120416,0.24707055597107952,调仓买入
2010-10-29,sz.002269,买入,31.1,3110.0,5.0311,Group_1,0.7931205733387209,0.006109324758842405,0.006109324758842405,0.18231511254019295,调仓买入
2010-10-29,sz.002450,买入,21.89,4378.0,5.04378,Group_1,0.7726075777956081,0.04613978985838263,0.09319323892188214,0.38373686614892644,调仓买入
2010-11-30,sz.002200,卖出,37.35,3735.0,6.90485,,,,,,调仓卖出
2010-11-30,sh.600031,卖出,21.64,4328.0,7.207280000000001,,,,,,调仓卖出
2010-11-30,sh.600580,卖出,18.5,5550.0,7.830500000000001,,,,,,调仓卖出
2010-11-30,sh.600883,卖出,11.41,4564.0,7.32764,,,,,,调仓卖出
2010-11-30,sh.600458,卖出,54.89,5489.0,7.799390000000001,,,,,,调仓卖出
2010-11-30,sz.002450,卖出,30.8,6160.0,8.1416,,,,,,调仓卖出
2010-11-30,sh.600425,买入,23.34,4668.0,5.04668,Group_1,0.8087244669837103,0.02185089974293075,-0.050985432733504754,-0.17694944301628102,调仓买入
2010-11-30,sh.600403,买入,31.46,3146.0,5.03146,Group_1,0.801425631103711,0.0009535918626826234,0.1449459631277814,0.04799745708836611,调仓买入
2010-11-30,sz.002425,买入,38.95,3895.0000000000005,5.03895,Group_1,0.7778882835327547,0.03234916559691903,0.042362002567394086,-0.011553273427471145,调仓买入
2010-11-30,sh.600761,买入,18.46,5538.0,5.05538,Group_1,0.7728275420362702,-0.021668472372697867,-0.05850487540628391,-0.07042253521126762,调仓买入
2010-11-30,sh.600716,买入,6.03,6030.0,5.0603,Group_1,0.7653493043710582,0.0033167495854062867,0.04975124378109452,0.016583747927031434,调仓买入
2010-11-30,sz.002297,买入,23.47,4694.0,5.04694,Group_1,0.7615965648258831,0.0046868342564976295,-0.03493821900298255,-0.1589262888794205,调仓买入
2010-11-30,sz.002049,买入,24.3,4860.0,5.0486,Group_1,0.7598436952617488,-0.0366255144032922,-0.057613168724279906,0.057613168724279795,调仓买入
2010-11-30,sh.600055,买入,18.51,5553.000000000001,5.05553,Group_1,0.7361033183123842,-0.03889789303079427,-0.03511615343057817,-0.18746623446785537,调仓买入
2010-12-31,sz.002269,卖出,34.83,3483.0,6.776330000000001,,,,,,调仓卖出
2010-12-31,sh.600425,卖出,20.25,4050.0,7.0655,,,,,,调仓卖出
2010-12-31,sh.600403,卖出,33.92,3392.0,6.72992,,,,,,调仓卖出
2010-12-31,sz.002425,卖出,40.46,4046.0,7.063460000000001,,,,,,调仓卖出
2010-12-31,sh.600761,卖出,17.89,5367.0,7.737170000000001,,,,,,调仓卖出
2010-12-31,sh.600716,卖出,6.54,6540.0,8.3354,,,,,,调仓卖出
2010-12-31,sz.002297,卖出,20.69,4138.0,7.11038,,,,,,调仓卖出
2010-12-31,sz.002049,卖出,27.1,5420.0,7.7642,,,,,,调仓卖出
2010-12-31,sh.600055,卖出,15.99,4797.0,7.44647,,,,,,调仓卖出
2010-12-31,sh.600198,买入,19.63,3926.0,5.03926,Group_1,0.9427774970895223,0.0005094243504839557,-0.09067753438614357,-0.18492103922567493,调仓买入
2010-12-31,sh.600137,买入,17.36,5208.0,5.05208,Group_1,0.922389223234898,-0.005760368663594306,-0.06912442396313356,-0.048387096774193505,调仓买入
2010-12-31,sh.601998,买入,5.25,5775.0,5.05775,Group_1,0.89495377997451,0.011428571428571344,-0.003809523809523707,-0.01333333333333342,调仓买入
2010-12-31,sh.600452,买入,14.69,4407.0,5.04407,Group_1,0.8786412267951248,-0.006807351940095296,-0.05786249149081002,-0.1034717494894486,调仓买入
2010-12-31,sz.000717,买入,3.76,5640.0,5.0564,Group_1,0.8589292621440774,0.018617021276595924,-0.015957446808510523,-0.037234042553191404,调仓买入
2010-12-31,sz.002320,买入,39.2,3920.0000000000005,5.0392,Group_1,0.8369319760610353,-0.009183673469387754,0.007653061224489832,-0.10433673469387761,调仓买入
2010-12-31,sz.002186,买入,33.4,3340.0,5.0334,Group_1,0.8314667490451225,0.022754491017964007,-0.03233532934131733,-0.09011976047904191,调仓买入
2010-12-31,sh.600510,买入,9.11,5466.0,5.05466,Group_1,0.8246593420931436,0.016465422612513825,-0.007683863885839748,-0.028540065861690445,调仓买入
2010-12-31,sz.002187,买入,27.05,5410.0,5.0541,Group_1,0.819801744355924,0.013308687615526837,-0.007763401109057377,-0.014787430683918745,调仓买入
2010-12-31,sz.002506,买入,44.51,4451.0,5.04451,Group_1,0.8108083520318278,0.02875758256571559,0.041788362165805504,-0.013704785441473799,调仓买入
2011-01-31,sh.600198,卖出,16.0,3200.0,6.632,,,,,,调仓卖出
2011-01-31,sh.600137,卖出,16.52,4956.0,7.527559999999999,,,,,,调仓卖出
2011-01-31,sh.601998,卖出,5.18,5698.0,7.9059800000000005,,,,,,调仓卖出
2011-01-31,sh.600452,卖出,13.17,3951.0,7.01501,,,,,,调仓卖出
2011-01-31,sz.000717,卖出,3.62,5430.0,7.769299999999999,,,,,,调仓卖出
2011-01-31,sz.002320,卖出,35.11,3511.0,6.790610000000001,,,,,,调仓卖出
2011-01-31,sz.002186,卖出,30.39,3039.0,6.5498899999999995,,,,,,调仓卖出
2011-01-31,sh.600510,卖出,8.85,5310.0,7.7081,,,,,,调仓卖出
2011-01-31,sz.002187,卖出,26.65,5330.0,7.7183,,,,,,调仓卖出
2011-01-31,sz.002506,卖出,43.9,4390.0,7.238899999999999,,,,,,调仓卖出
2011-01-31,sh.600537,买入,37.49,3749.0,5.03749,Group_1,0.8959878739399104,0.017337956788476827,0.11576420378767671,0.2766070952253934,调仓买入
2011-01-31,sz.002486,买入,14.06,4218.0,5.04218,Group_1,0.8844326367237895,0.002844950213371167,0.031294452347083945,0.061166429587482085,调仓买入
2011-01-31,sh.601988,买入,3.24,5508.0,5.05508,Group_1,0.8741254960469814,0.0,0.015432098765431945,0.02777777777777768,调仓买入
2011-01-31,sz.002123,买入,40.8,4079.9999999999995,5.0408,Group_1,0.8646514742328102,0.004411764705882337,0.031862745098039325,0.001225490196078427,调仓买入
2011-01-31,sz.002019,买入,14.03,4209.0,5.04209,Group_1,0.851325163886545,0.029223093371347098,0.05488239486813984,0.13542409123307197,调仓买入
2011-01-31,sh.600166,买入,21.26,4252.0,5.04252,Group_1,0.8492539851825837,-0.01128880526810927,0.07949200376293497,0.13452492944496708,调仓买入
2011-01-31,sh.600648,买入,12.25,4900.0,5.049,Group_1,0.8293942825780496,0.0,0.07102040816326527,0.25632653061224486,调仓买入
2011-01-31,sh.600280,买入,22.72,4544.0,5.04544,Group_1,0.8292263813430282,-0.016725352112676006,0.03873239436619724,0.12103873239436624,调仓买入
2011-02-28,sh.600537,卖出,47.66,4766.0,7.43066,,,,,,调仓卖出
2011-02-28,sz.002486,卖出,15.24,4572.0,7.331720000000001,,,,,,调仓卖出
2011-02-28,sh.601988,卖出,3.24,5508.0,7.80908,,,,,,调仓卖出
2011-02-28,sz.002123,卖出,42.4,4240.0,7.1624,,,,,,调仓卖出
2011-02-28,sz.002019,卖出,15.83,4749.0,7.421989999999999,,,,,,调仓卖出
2011-02-28,sh.600166,卖出,23.22,4644.0,7.36844,,,,,,调仓卖出
2011-02-28,sh.600648,卖出,13.46,5384.0,7.74584,,,,,,调仓卖出
2011-02-28,sh.600280,卖出,24.16,4832.0,7.464320000000001,,,,,,调仓卖出
2011-02-28,sz.002258,买入,18.16,5448.0,5.05448,Group_1,0.8884533209653677,-0.004955947136563887,-0.014867841409691551,-0.0022026431718060735,调仓买入
2011-02-28,sh.600351,买入,9.34,5604.0,5.05604,Group_1,0.8562138860509744,0.011777301927194728,0.0010706638115631772,-0.017130620985010725,调仓买入
2011-02-28,sh.600835,买入,15.17,4551.0,5.04551,Group_1,0.8026873146822714,0.0039551746868820015,-0.01713909030982197,-0.06526038233355302,调仓买入
2011-02-28,sz.002369,买入,39.7,3970.0000000000005,5.0397,Group_1,0.7909891011819881,-0.01586901763224191,-0.016876574307304826,-0.08690176322418142,调仓买入
2011-02-28,sh.600615,买入,9.35,5610.0,5.0561,Group_1,0.7818771233868039,0.005347593582887722,0.04064171122994664,0.06737967914438503,调仓买入
2011-02-28,sz.002327,买入,37.82,3782.0,5.03782,Group_1,0.7580631843529572,0.0,-0.05341089370703345,-0.09941829719725004,调仓买入
2011-02-28,sz.000731,买入,7.04,5632.0,5.05632,Group_1,0.7576792083365542,-0.0028409090909091717,0.012784090909090828,0.061079545454545414,调仓买入
2011-02-28,sz.000766,买入,7.33,5131.0,5.05131,Group_1,0.7363975805675869,0.02046384720327432,0.01909959072305578,0.09413369713506126,调仓买入
2011-03-31,sz.002258,卖出,17.04,5112.0,7.60712,,,,,,调仓卖出
2011-03-31,sh.600351,卖出,8.75,5250.0,7.6775,,,,,,调仓卖出
2011-03-31,sh.600835,卖出,13.47,4041.0,7.06091,,,,,,调仓卖出
2011-03-31,sz.002369,卖出,36.1,3610.0,6.8411,,,,,,调仓卖出
2011-03-31,sh.600615,卖出,10.08,6048.0,8.08448,,,,,,调仓卖出
2011-03-31,sz.002327,卖出,34.7,3470.0000000000005,6.7697,,,,,,调仓卖出
2011-03-31,sz.000731,卖出,7.2,5760.0,7.9376,,,,,,调仓卖出
2011-03-31,sz.000766,卖出,7.92,5544.0,7.82744,,,,,,调仓卖出
2011-03-31,sh.600406,买入,33.28,3328.0,5.03328,Group_1,0.9006216697432118,0.008112980769230616,0.048377403846153744,0.08774038461538458,调仓买入
2011-03-31,sz.002437,买入,30.49,3049.0,5.03049,Group_1,0.8864637510263451,0.010167267956707082,-0.03312561495572308,-0.08658576582486055,调仓买入
2011-03-31,sz.002527,买入,26.59,5318.0,5.05318,Group_1,0.8818211970092851,0.022940955246333106,0.015043249341857745,-0.1722452049642722,调仓买入
2011-03-31,sz.000045,买入,12.96,5184.0,5.05184,Group_1,0.8791035106468379,0.022376543209876365,0.01388888888888884,-0.008487654320987748,调仓买入
2011-03-31,sz.002168,买入,22.73,4546.0,5.04546,Group_1,0.8712041731052146,0.006159260888693341,-0.014518257809063018,-0.15530136383633963,调仓买入
2011-03-31,sz.002164,买入,22.64,4528.0,5.04528,Group_1,0.8595144659368772,0.0008833922261484162,0.006183745583038913,-0.01590106007067138,调仓买入
2011-03-31,sh.600823,买入,15.85,4755.0,5.04755,Group_1,0.8556039500961222,-0.018927444794952564,0.006940063091482651,-0.06876971608832805,调仓买入
2011-03-31,sz.002157,买入,13.89,5556.0,5.05556,Group_1,0.8429784729233168,0.007919366450683807,0.011519078473722022,-0.030957523398128073,调仓买入
2011-03-31,sz.002368,买入,50.39,5039.0,5.05039,Group_1,0.8182830378201925,0.013494741020043666,-0.02163127604683479,-0.11966660051597544,调仓买入
2011-03-31,sz.002313,买入,48.32,4832.0,5.04832,Group_1,0.8089527120959891,-0.006001655629139013,-0.025248344370860876,-0.09168046357615889,调仓买入
2011-04-29,sh.600406,卖出,36.2,3620.0000000000005,6.8462000000000005,,,,,,调仓卖出
2011-04-29,sz.002437,卖出,27.36,2736.0,6.39536,,,,,,调仓卖出
2011-04-29,sz.002527,卖出,22.01,4402.0,7.24502,,,,,,调仓卖出
2011-04-29,sz.000045,卖出,12.73,5092.0,7.59692,,,,,,调仓卖出
2011-04-29,sz.002168,卖出,18.46,3692.0,6.88292,,,,,,调仓卖出
2011-04-29,sz.002164,卖出,22.28,4456.0,7.27256,,,,,,调仓卖出
2011-04-29,sh.600823,卖出,14.53,4359.0,7.22309,,,,,,调仓卖出
2011-04-29,sz.002157,卖出,13.25,5300.0,7.702999999999999,,,,,,调仓卖出
2011-04-29,sz.002368,卖出,43.9,4390.0,7.238899999999999,,,,,,调仓卖出
2011-04-29,sz.002313,卖出,41.8,4180.0,7.1318,,,,,,调仓卖出
2011-04-29,sz.002449,买入,27.19,2719.0,5.02719,Group_1,0.9014366060343769,0.004045605001838926,-0.01986024273630016,-0.13975726369988972,调仓买入
2011-04-29,sz.000046,买入,9.28,4640.0,5.0464,Group_1,0.8709106435081844,0.008620689655172376,-0.00754310344827569,-0.02155172413793094,调仓买入
2011-04-29,sz.002373,买入,22.15,4430.0,5.0443,Group_1,0.8706803795515182,-0.02708803611738142,-0.04108352144469529,-0.12234762979683966,调仓买入
2011-04-29,sz.002091,买入,19.61,3922.0,5.03922,Group_1,0.842740605402321,0.007139214686384454,0.032636409994900584,-0.1381947985721571,调仓买入
2011-04-29,sz.002367,买入,16.94,5082.0,5.05082,Group_1,0.8383083983355734,0.004132231404958775,-0.029515938606847647,-0.12278630460448647,调仓买入
2011-04-29,sz.002519,买入,20.0,4000.0,5.04,Group_1,0.833632981553748,-0.005499999999999949,-0.05349999999999999,-0.17599999999999993,调仓买入
2011-04-29,sz.002457,买入,28.2,2820.0,5.0282,Group_1,0.8259065007493303,0.014184397163120588,-0.007092198581560294,-0.3560283687943262,调仓买入
2011-04-29,sz.002382,买入,28.56,2856.0,5.02856,Group_1,0.8096203314194867,0.002450980392156854,0.024159663865546355,-0.36869747899159655,调仓买入
2011-04-29,sz.002101,买入,19.33,3865.9999999999995,5.03866,Group_1,0.7852148139206934,-0.02121055354371426,-0.019658561821003562,0.04914640455250918,调仓买入
2011-04-29,sz.002490,买入,18.0,3600.0,5.036,Group_1,0.7805001774888922,-0.0038888888888889417,-0.04499999999999993,-0.15333333333333332,调仓买入
2011-05-31,sz.002449,卖出,24.4,2440.0,6.2444,,,,,,调仓卖出
2011-05-31,sz.000046,卖出,9.05,4525.0,7.30775,,,,,,调仓卖出
2011-05-31,sz.002373,卖出,19.9,3979.9999999999995,7.0298,,,,,,调仓卖出
2011-05-31,sz.002091,卖出,17.41,3482.0,6.7758199999999995,,,,,,调仓卖出
2011-05-31,sz.002367,卖出,15.05,4515.0,7.30265,,,,,,调仓卖出
2011-05-31,sz.002519,卖出,16.73,3346.0,6.70646,,,,,,调仓卖出
2011-05-31,sz.002457,卖出,18.0,1800.0,5.918,,,,,,调仓卖出
2011-05-31,sz.002490,卖出,15.59,3118.0,6.59018,,,,,,调仓卖出
2011-05-31,sz.002387,买入,14.83,4449.0,5.04449,Group_1,0.9556633931612775,0.009440323668240103,0.009440323668240103,0.15711395819285223,调仓买入
2011-05-31,sh.600703,买入,16.31,4893.0,5.04893,Group_1,0.9551416684039262,0.01226241569589237,0.03065603923973015,-0.014101778050275904,调仓买入
2011-05-31,sz.002466,买入,27.2,2720.0,5.0272,Group_1,0.9487957299013264,0.09669117647058822,0.1496323529411765,0.14264705882352935,调仓买入
2011-05-31,sz.002329,买入,17.21,5163.0,5.05163,Group_1,0.9142794441845808,0.01104009296920383,0.008134805345729301,0.04590354445090061,调仓买入
2011-05-31,sh.600289,买入,8.83,5298.0,5.05298,Group_1,0.8782346653846237,0.007927519818799578,0.022650056625141524,-0.0022650056625140857,调仓买入
2011-05-31,sz.002233,买入,9.0,4500.0,5.045,Group_1,0.8688761443841189,0.008888888888888946,0.0022222222222221255,0.3933333333333333,调仓买入
2011-05-31,sz.002226,买入,26.34,5268.0,5.05268,Group_1,0.8430770462606958,0.012908124525436548,0.017843583902809268,-0.028094153378891318,调仓买入
2011-05-31,sz.000933,买入,14.86,4458.0,5.04458,Group_1,0.8357070828088521,0.009421265141319024,0.024899057873486008,-0.008748317631224745,调仓买入
2011-06-30,sz.002382,卖出,18.6,1860.0000000000002,5.948600000000001,,,,,,调仓卖出
2011-06-30,sz.002101,卖出,17.18,3436.0,6.75236,,,,,,调仓卖出
2011-06-30,sz.002387,卖出,17.25,5175.0,7.6392500000000005,,,,,,调仓卖出
2011-06-30,sh.600703,卖出,16.4,4920.0,7.5092,,,,,,调仓卖出
2011-06-30,sz.002466,卖出,32.32,3232.0,6.64832,,,,,,调仓卖出
2011-06-30,sz.002329,卖出,18.13,5439.0,7.77389,,,,,,调仓卖出
2011-06-30,sh.600289,卖出,8.94,5364.0,7.73564,,,,,,调仓卖出
2011-06-30,sz.002233,卖出,13.23,6615.0,8.373650000000001,,,,,,调仓卖出
2011-06-30,sz.002226,卖出,25.87,5174.0,7.63874,,,,,,调仓卖出
2011-06-30,sz.000933,卖出,15.21,4563.0,7.32713,,,,,,调仓卖出
2011-06-30,sh.600252,买入,18.61,3722.0,5.03722,Group_1,0.9392568106959821,-0.005373455131649552,0.06340677055346577,0.1740999462654489,调仓买入
2011-06-30,sh.600576,买入,14.37,4311.0,5.04311,Group_1,0.9063420815667693,0.02713987473903967,0.025748086290883876,-0.05567153792623514,调仓买入
2011-06-30,sh.600886,买入,7.25,5075.0,5.05075,Group_1,0.8904410415887091,-0.011034482758620734,-0.011034482758620734,-0.08551724137931038,调仓买入
2011-06-30,sz.002512,买入,15.55,4665.0,5.04665,Group_1,0.8601106450302682,-0.003215434083601365,0.0392282958199357,-0.009646302250803873,调仓买入
2011-06-30,sh.600331,买入,13.31,3993.0,5.03993,Group_1,0.8124668701463426,0.023290758827948732,0.08489857250187827,0.056348610067618266,调仓买入
2011-06-30,sh.600354,买入,24.42,4884.0,5.04884,Group_1,0.8104278734215774,0.03439803439803435,0.13308763308763316,0.12039312039312033,调仓买入
2011-06-30,sz.002377,买入,10.08,5040.0,5.0504,Group_1,0.8082619010121564,-0.02083333333333337,-0.022817460317460347,-0.11111111111111105,调仓买入
2011-06-30,sh.600415,买入,12.29,4916.0,5.04916,Group_1,0.8040521623308649,0.0341741253051262,0.07485760781122885,0.020341741253051326,调仓买入
2011-06-30,sz.000612,买入,17.84,3568.0,5.03568,Group_1,0.7925832677371802,0.01289237668161447,0.05381165919282527,0.10426008968609857,调仓买入
2011-06-30,sz.002459,买入,19.25,3850.0,5.0385,Group_1,0.7886302793229253,-0.023376623376623384,0.022337662337662323,0.10129870129870122,调仓买入
2011-07-29,sh.600252,卖出,21.42,4284.0,7.1848399999999994,,,,,,调仓卖出
2011-07-29,sh.600576,卖出,13.51,4053.0,7.067030000000001,,,,,,调仓卖出
2011-07-29,sh.600886,卖出,6.63,4641.0,7.36691,,,,,,调仓卖出
2011-07-29,sz.002512,卖出,15.55,4665.0,7.379149999999999,,,,,,调仓卖出
2011-07-29,sh.600331,卖出,13.86,4158.0,7.12058,,,,,,调仓卖出
2011-07-29,sh.600354,卖出,27.18,5436.0,7.77236,,,,,,调仓卖出
2011-07-29,sz.002377,卖出,9.01,4505.0,7.297549999999999,,,,,,调仓卖出
2011-07-29,sh.600415,卖出,12.43,4972.0,7.5357199999999995,,,,,,调仓卖出
2011-07-29,sz.000612,卖出,19.41,3882.0,6.97982,,,,,,调仓卖出
2011-07-29,sz.002459,卖出,21.26,4252.0,7.168519999999999,,,,,,调仓卖出
2011-07-29,sh.600016,买入,5.44,4896.0,5.04896,Group_1,0.9138337914685176,-0.007352941176470562,-0.03125000000000011,0.11948529411764697,调仓买入
2011-07-29,sh.600778,买入,13.78,4134.0,5.04134,Group_1,0.9045681273234019,-0.05007256894049339,-0.062409288824383125,0.05732946298984043,调仓买入
2011-07-29,sz.002122,买入,11.45,4580.0,5.0458,Group_1,0.8923060861335462,0.013973799126637543,-0.033187772925764136,-0.07074235807860252,调仓买入
2011-07-29,sh.600657,买入,5.99,4792.0,5.04792,Group_1,0.8839880736242438,0.0,-0.026711185308848084,-0.02003338898163609,调仓买入
2011-07-29,sz.002378,买入,28.33,2833.0,5.02833,Group_1,0.8616976952724121,0.009530533003882846,0.02965054712319115,0.09424638192728563,调仓买入
2011-07-29,sh.601318,买入,44.5,4450.0,5.0445,Group_1,0.8293939238577109,0.009213483146067292,-0.0485393258426966,-0.055955056179775364,调仓买入
2011-07-29,sh.600763,买入,18.8,3760.0,5.0376,Group_1,0.8247964386205645,0.004787234042553212,0.024468085106382986,0.07553191489361688,调仓买入
2011-07-29,sh.600486,买入,20.73,4146.0,5.04146,Group_1,0.8216968063267511,0.00868306801736618,-0.035697057404727506,-0.08490110950313567,调仓买入
2011-08-31,sh.600016,卖出,5.99,5391.0,7.74941,,,,,,调仓卖出
2011-08-31,sh.600778,卖出,14.15,4245.0,7.164949999999999,,,,,,调仓卖出
2011-08-31,sz.002122,卖出,10.19,4076.0,7.07876,,,,,,调仓卖出
2011-08-31,sh.600657,卖出,5.72,4576.0,7.33376,,,,,,调仓卖出
2011-08-31,sz.002378,卖出,30.0,3000.0,6.53,,,,,,调仓卖出
2011-08-31,sh.601318,卖出,40.73,4072.9999999999995,7.07723,,,,,,调仓卖出
2011-08-31,sh.600763,卖出,19.7,3940.0,7.009399999999999,,,,,,调仓卖出
2011-08-31,sh.600486,卖出,18.1,3620.0000000000005,6.8462000000000005,,,,,,调仓卖出
2011-08-31,sz.002383,买入,32.95,3295.0000000000005,5.03295,Group_1,0.942258983955196,-0.004552352048558639,-0.038239757207890746,-0.20212443095599397,调仓买入
2011-08-31,sz.000669,买入,25.42,5084.0,5.05084,Group_1,0.938127884943754,-0.03737214791502763,-0.04720692368214019,-0.2722265932336744,调仓买入
2011-08-31,sz.002070,买入,5.66,5094.0,5.05094,Group_1,0.9061094675301177,0.0176678445229681,0.0,-0.10070671378091878,调仓买入
2011-08-31,sz.002572,买入,45.0,4500.0,5.045,Group_1,0.8287663532730883,-0.0033333333333332993,-0.017555555555555546,-0.13355555555555554,调仓买入
2011-08-31,sz.002389,买入,27.88,2788.0,5.02788,Group_1,0.8135901295157167,-0.002152080344332785,-0.03228120516499278,-0.12123385939741749,调仓买入
2011-08-31,sh.600327,买入,9.33,4665.0,5.04665,Group_1,0.7787913247696462,-0.012861736334405016,-0.027867095391211127,-0.16291532690246524,调仓买入
2011-08-31,sz.002009,买入,15.37,4611.0,5.04611,Group_1,0.7722579818412013,0.008458035133376729,-0.04489264801561477,-0.10995445673389714,调仓买入
2011-08-31,sz.002251,买入,26.4,2640.0,5.0264,Group_1,0.7684723327705028,-0.0037878787878786735,-0.018181818181818077,-0.08863636363636362,调仓买入
2011-08-31,sh.601668,买入,3.5,4900.0,5.049,Group_1,0.764692163020386,-0.005714285714285672,0.008571428571428452,-0.03142857142857136,调仓买入
2011-08-31,sh.600277,买入,12.95,3885.0,5.03885,Group_1,0.7623325340808036,-0.00617760617760621,-0.023938223938223868,-0.1474903474903475,调仓买入
2011-09-30,sz.002383,卖出,25.86,2586.0,6.31886,,,,,,调仓卖出
2011-09-30,sz.000669,卖出,17.75,3550.0,6.8105,,,,,,调仓卖出
2011-09-30,sz.002070,卖出,5.15,4635.0,7.36385,,,,,,调仓卖出
2011-09-30,sz.002572,卖出,38.84,3884.0000000000005,6.980840000000001,,,,,,调仓卖出
2011-09-30,sz.002389,卖出,24.5,2450.0,6.249499999999999,,,,,,调仓卖出
2011-09-30,sh.600327,卖出,7.64,3820.0,6.9482,,,,,,调仓卖出
2011-09-30,sz.002009,卖出,13.8,4140.0,7.1114,,,,,,调仓卖出
2011-09-30,sz.002251,卖出,23.23,2323.0,6.18473,,,,,,调仓卖出
2011-09-30,sh.601668,卖出,3.38,4732.0,7.413320000000001,,,,,,调仓卖出
2011-09-30,sh.600277,卖出,11.19,3357.0,6.712070000000001,,,,,,调仓卖出
2011-09-30,sh.600446,买入,6.54,3924.0,5.03924,Group_1,0.974660169653708,-0.030581039755351758,0.024464831804281273,0.19571865443425085,调仓买入
2011-09-30,sz.000880,买入,13.68,4104.0,5.04104,Group_1,0.963868174225605,-0.01023391812865504,0.054824561403508776,0.040935672514619936,调仓买入
2011-09-30,sz.000759,买入,10.98,4392.0,5.04392,Group_1,0.9548815408160871,-0.10018214936247716,-0.13296903460837894,-0.14936247723132978,调仓买入
2011-09-30,sz.002259,买入,4.16,4160.0,5.0416,Group_1,0.9002275461753404,-0.028846153846153855,0.06490384615384603,0.04807692307692313,调仓买入
2011-09-30,sz.000868,买入,8.9,4450.0,5.0445,Group_1,0.8752860565515151,0.0011235955056179137,0.08426966292134841,0.12471910112359552,调仓买入
2011-09-30,sz.002346,买入,15.65,3130.0,5.0313,Group_1,0.8492769990738243,0.0012779552715653786,0.04920127795527174,0.022364217252396124,调仓买入
2011-09-30,sz.002392,买入,10.55,4220.0,5.0422,Group_1,0.8487011825307537,-0.028436018957346043,0.0028436018957345155,0.2180094786729856,调仓买入
2011-09-30,sh.601008,买入,5.72,4004.0,5.04004,Group_1,0.841934808880364,-0.0034965034965034336,0.012237762237762295,0.05594405594405605,调仓买入
2011-09-30,sz.002191,买入,9.15,3660.0,5.0366,Group_1,0.8223210721673304,-0.01857923497267755,-0.0010928961748634114,0.030601092896174853,调仓买入
2011-09-30,sh.600339,买入,10.81,4324.0,5.04324,Group_1,0.8194438911990454,-0.0009250693802035359,0.016651248843663202,-0.08880666049953756,调仓买入
2011-10-31,sh.600446,卖出,6.65,3990.0,7.0349,,,,,,调仓卖出
2011-10-31,sz.000880,卖出,13.72,4116.0,7.0991599999999995,,,,,,调仓卖出
2011-10-31,sz.000759,卖出,8.92,3568.0,6.81968,,,,,,调仓卖出
2011-10-31,sz.002259,卖出,4.04,4040.0,7.0604,,,,,,调仓卖出
2011-10-31,sz.000868,卖出,9.73,4865.0,7.48115,,,,,,调仓卖出
2011-10-31,sz.002346,卖出,15.49,3098.0,6.579979999999999,,,,,,调仓卖出
2011-10-31,sz.002392,卖出,12.21,4884.0,7.49084,,,,,,调仓卖出
2011-10-31,sh.601008,卖出,5.65,3955.0000000000005,7.01705,,,,,,调仓卖出
2011-10-31,sz.002191,卖出,9.15,3660.0,6.8666,,,,,,调仓卖出
2011-10-31,sh.600339,卖出,9.55,3820.0000000000005,6.9482,,,,,,调仓卖出
2011-10-31,sz.002019,买入,11.2,4480.0,5.0448,Group_1,0.9103555320464308,-0.0035714285714284477,0.0714285714285714,-0.05535714285714277,调仓买入
2011-10-31,sz.002165,买入,13.54,4061.9999999999995,5.04062,Group_1,0.9062610748268656,0.02363367799113747,0.005169867060561328,-0.01846381093057603,调仓买入
2011-10-31,sh.600460,买入,11.76,3528.0,5.03528,Group_1,0.8630771889745548,0.020408163265306145,0.17772108843537415,0.07738095238095233,调仓买入
2011-10-31,sz.002008,买入,8.19,4094.9999999999995,5.04095,Group_1,0.8392494660504783,0.042735042735042805,0.15750915750915762,0.08669108669108683,调仓买入
2011-10-31,sz.002069,买入,27.66,2766.0,5.02766,Group_1,0.8203647529543235,-0.005422993492407713,0.008315256688358641,0.054229934924078016,调仓买入
2011-10-31,sz.002223,买入,24.05,2405.0,5.02405,Group_1,0.8133047860066662,-0.0353430353430354,0.028690228690228636,0.025779625779625892,调仓买入
2011-10-31,sz.002164,买入,6.11,4277.0,5.04277,Group_1,0.7982855113252635,0.00654664484451728,0.05891980360065463,-0.05891980360065474,调仓买入
2011-10-31,sz.002291,买入,8.68,4340.0,5.0434,Group_1,0.794489694782358,0.017281105990783363,0.018433179723502224,0.06797235023041481,调仓买入
2011-11-30,sz.002019,卖出,10.05,4020.0000000000005,7.0502,,,,,,调仓卖出
2011-11-30,sz.002165,卖出,13.02,3906.0,6.99206,,,,,,调仓卖出
2011-11-30,sh.600460,卖出,11.62,3485.9999999999995,6.77786,,,,,,调仓卖出
2011-11-30,sz.002008,卖出,8.99,4495.0,7.2924500000000005,,,,,,调仓卖出
2011-11-30,sz.002069,卖出,28.46,2846.0,6.45146,,,,,,调仓卖出
2011-11-30,sz.002223,卖出,24.39,2439.0,6.24389,,,,,,调仓卖出
2011-11-30,sz.002164,卖出,5.45,3815.0,6.94565,,,,,,调仓卖出
2011-11-30,sz.002291,卖出,9.05,4525.0,7.30775,,,,,,调仓卖出
2011-11-30,sh.600773,买入,12.99,3897.0,5.03897,Group_1,0.9153805638087125,0.022324865280985318,-0.04618937644341803,-0.1778290993071594,调仓买入
2011-11-30,sh.601607,买入,13.29,3986.9999999999995,5.03987,Group_1,0.8739829347403769,0.007524454477050524,-0.0556809631301729,-0.17381489841986453,调仓买入
2011-11-30,sh.600007,买入,9.86,3944.0,5.03944,Group_1,0.8558005991227953,0.011156186612576224,-0.016227180527383367,-0.10141987829614607,调仓买入
2011-11-30,sh.600612,买入,33.35,3335.0,5.03335,Group_1,0.8542965887840137,0.0197901049475262,-0.019490254872563728,-0.20629685157421296,调仓买入
2011-11-30,sh.600139,买入,15.84,3168.0,5.03168,Group_1,0.8351564603984413,0.051136363636363535,-0.005681818181818121,-0.1994949494949495,调仓买入
2011-11-30,sz.002308,买入,11.27,3381.0,5.03381,Group_1,0.8163232079178708,0.013309671694764935,-0.0461401952085182,-0.09050576752440098,调仓买入
2011-11-30,sz.000039,买入,14.3,4290.0,5.0429,Group_1,0.8140922208618826,0.007692307692307665,-0.011888111888111896,-0.11188811188811199,调仓买入
2011-11-30,sh.600182,买入,8.93,3572.0,5.03572,Group_1,0.8127771783606921,0.02015677491601342,-0.0515117581187009,-0.24412094064949608,调仓买入
2011-11-30,sz.002459,买入,14.58,4374.0,5.04374,Group_1,0.80175701016044,0.028806584362139898,0.027434842249657088,-0.3964334705075445,调仓买入
2011-11-30,sz.000960,买入,21.0,4200.0,5.042,Group_1,0.7983612046848821,0.05047619047619034,-0.004285714285714226,-0.17904761904761912,调仓买入
2011-12-30,sh.600773,卖出,11.35,3405.0,6.736549999999999,,,,,,调仓卖出
2011-12-30,sh.601607,卖出,11.08,3324.0,6.69524,,,,,,调仓卖出
2011-12-30,sh.600007,卖出,9.12,3647.9999999999995,6.86048,,,,,,调仓卖出
2011-12-30,sh.600612,卖出,26.1,2610.0,6.331099999999999,,,,,,调仓卖出
2011-12-30,sh.600139,卖出,13.63,2726.0,6.39026,,,,,,调仓卖出
2011-12-30,sz.002308,卖出,10.37,3110.9999999999995,6.58661,,,,,,调仓卖出
2011-12-30,sz.000039,卖出,12.85,3855.0,6.96605,,,,,,调仓卖出
2011-12-30,sh.600182,卖出,6.95,2780.0,6.4178,,,,,,调仓卖出
2011-12-30,sz.002459,卖出,8.7,2610.0,6.331099999999999,,,,,,调仓卖出
2011-12-30,sz.000960,卖出,17.81,3561.9999999999995,6.8166199999999995,,,,,,调仓卖出
2011-12-30,sz.002552,买入,9.98,2994.0,5.02994,Group_1,0.924355951497726,-0.049098196392785565,-0.019038076152304684,-0.022044088176352727,调仓买入
2011-12-30,sh.600520,买入,8.91,3564.0,5.03564,Group_1,0.919053904590191,-0.06397306397306401,-0.04489337822671158,0.14927048260381603,调仓买入
2011-12-30,sz.002514,买入,16.84,3368.0,5.03368,Group_1,0.8991052453711331,-0.03681710213776723,0.03622327790973867,0.04453681710213786,调仓买入
2011-12-30,sz.002189,买入,9.28,3711.9999999999995,5.03712,Group_1,0.8638693149924983,-0.030172413793103425,0.032327586206896575,0.051724137931034475,调仓买入
2011-12-30,sh.600499,买入,9.16,3664.0,5.03664,Group_1,0.8447165715024936,-0.01637554585152845,0.11572052401746724,0.06659388646288211,调仓买入
2011-12-30,sh.600640,买入,7.2,3600.0,5.036,Group_1,0.8422028257866737,-0.030555555555555558,-0.005555555555555536,0.026388888888888795,调仓买入
2011-12-30,sz.000882,买入,3.94,3546.0,5.03546,Group_1,0.8386152397274835,-0.020304568527918843,0.035532994923857864,0.030456852791878042,调仓买入
2011-12-30,sh.600377,买入,5.69,3414.0000000000005,5.03414,Group_1,0.8377905780298537,0.0017574692442881013,0.0017574692442881013,0.04393673110720564,调仓买入
2011-12-30,sz.002571,买入,17.55,3510.0,5.0351,Group_1,0.8202015238976752,-0.021082621082621156,-0.007977207977208023,0.05982905982905984,调仓买入
2011-12-30,sh.601777,买入,6.74,3370.0,5.0337,Group_1,0.8154048875688614,-0.020771513353115778,0.0400593471810089,0.007418397626112627,调仓买入
2012-01-31,sz.002552,卖出,9.3,2790.0,6.4229,,,,,,调仓卖出
2012-01-31,sh.600520,卖出,8.25,3300.0,6.683000000000001,,,,,,调仓卖出
2012-01-31,sz.002514,卖出,17.1,3420.0000000000005,6.7442,,,,,,调仓卖出
2012-01-31,sz.002189,卖出,9.82,3928.0,7.00328,,,,,,调仓卖出
2012-01-31,sh.600499,卖出,9.18,3672.0,6.87272,,,,,,调仓卖出
2012-01-31,sh.600640,卖出,7.32,3660.0,6.8666,,,,,,调仓卖出
2012-01-31,sz.000882,卖出,3.84,3456.0,6.76256,,,,,,调仓卖出
2012-01-31,sh.600377,卖出,5.84,3504.0,6.78704,,,,,,调仓卖出
2012-01-31,sz.002571,卖出,17.32,3464.0,6.76664,,,,,,调仓卖出
2012-01-31,sh.601777,卖出,6.64,3320.0,6.6932,,,,,,调仓卖出
2012-01-31,sz.002494,买入,13.56,2712.0,5.02712,Group_1,0.9068765462443138,0.020648967551622377,0.06342182890855463,0.11209439528023601,调仓买入
2012-01-31,sh.600476,买入,7.46,3730.0,5.0373,Group_1,0.8609450775769761,-0.017426273458445052,0.04021447721179627,0.15147453083109919,调仓买入
2012-01-31,sz.000666,买入,8.66,3464.0,5.03464,Group_1,0.8564750288626759,-0.008083140877598205,0.05311778290993052,0.22863741339491916,调仓买入
2012-01-31,sz.000703,买入,35.3,3529.9999999999995,5.0353,Group_1,0.8504764669294417,-0.011331444759206777,0.05042492917847019,0.1830028328611899,调仓买入
2012-01-31,sh.600551,买入,11.07,3321.0,5.03321,Group_1,0.8503157044981043,-0.03252032520325199,0.0,0.1517615176151761,调仓买入
2012-01-31,sh.600250,买入,5.55,3330.0,5.0333,Group_1,0.8487821027714717,0.0,-0.0018018018018017834,0.13873873873873888,调仓买入
2012-01-31,sz.000650,买入,10.96,3288.0000000000005,5.03288,Group_1,0.8327433475547269,0.018248175182481674,0.05565693430656937,0.18156934306569328,调仓买入
2012-01-31,sz.002216,买入,25.53,2553.0,5.02553,Group_1,0.8307085354805269,0.021151586368977737,0.0019584802193497453,0.12690951821386598,调仓买入
2012-01-31,sh.600784,买入,10.9,3270.0,5.0327,Group_1,0.815052083945564,0.0009174311926605228,0.017431192660550376,0.23669724770642198,调仓买入
2012-02-29,sz.002494,卖出,14.92,2984.0,6.52184,,,,,,调仓卖出
2012-02-29,sh.600476,卖出,8.46,4230.0,7.1573,,,,,,调仓卖出
2012-02-29,sz.000666,卖出,10.83,4332.0,7.20932,,,,,,调仓卖出
2012-02-29,sz.000703,卖出,41.64,4164.0,7.12364,,,,,,调仓卖出
2012-02-29,sh.600551,卖出,12.52,3756.0,6.91556,,,,,,调仓卖出
2012-02-29,sh.600250,卖出,6.14,3684.0,6.87884,,,,,,调仓卖出
2012-02-29,sz.000650,卖出,12.8,3840.0,6.9584,,,,,,调仓卖出
2012-02-29,sz.002216,卖出,28.39,2839.0,6.44789,,,,,,调仓卖出
2012-02-29,sh.600784,卖出,14.04,4212.0,7.14812,,,,,,调仓卖出
2012-02-29,sz.002474,买入,37.5,3750.0,5.0375,Group_1,0.9239706216377792,-0.013333333333333308,0.03333333333333344,-0.0397333333333334,调仓买入
2012-02-29,sz.002269,买入,23.96,2396.0,5.02396,Group_1,0.9226747548776956,0.005008347245408995,-0.005425709515859856,0.016694490818029983,调仓买入
2012-02-29,sz.002484,买入,17.58,3515.9999999999995,5.03516,Group_1,0.8976352261063048,0.003981797497155881,0.0017064846416383617,-0.011376564277588153,调仓买入
2012-02-29,sz.002441,买入,16.7,3340.0,5.0334,Group_1,0.8864918026532151,-0.0011976047904190823,-0.011377245508981892,-0.09820359281437119,调仓买入
2012-02-29,sz.002063,买入,15.75,3150.0,5.0315,Group_1,0.884151863420133,0.013968253968253963,-0.030476190476190546,-0.009523809523809601,调仓买入
2012-02-29,sz.000711,买入,13.1,3930.0,5.0393,Group_1,0.8597149678418416,0.09083969465648845,0.032061068702289974,-0.06488549618320605,调仓买入
2012-02-29,sz.002211,买入,7.37,3685.0,5.03685,Group_1,0.8561672711430499,-0.01085481682496614,0.016282225237449044,-0.10719131614653998,调仓买入
2012-02-29,sh.600900,买入,6.53,3918.0,5.03918,Group_1,0.8535872213809486,0.004594180704440953,0.02297090352220521,-0.004594180704441064,调仓买入
2012-02-29,sh.601117,买入,6.74,4044.0,5.04044,Group_1,0.8469412736662891,-0.004451038575667643,-0.04005934718100901,-0.13204747774480718,调仓买入
2012-03-30,sz.002474,卖出,33.95,3395.0000000000005,6.731450000000001,,,,,,调仓卖出
2012-03-30,sz.002269,卖出,23.35,2335.0,6.190849999999999,,,,,,调仓卖出
2012-03-30,sz.002484,卖出,16.55,3310.0,6.6881,,,,,,调仓卖出
2012-03-30,sz.002441,卖出,14.95,2990.0,6.5249,,,,,,调仓卖出
2012-03-30,sz.002063,卖出,15.15,3030.0,6.545300000000001,,,,,,调仓卖出
2012-03-30,sz.000711,卖出,12.05,3615.0,6.84365,,,,,,调仓卖出
2012-03-30,sz.002211,卖出,5.96,2980.0,6.5198,,,,,,调仓卖出
2012-03-30,sh.600900,卖出,6.52,3911.9999999999995,6.995119999999999,,,,,,调仓卖出
2012-03-30,sh.601117,卖出,5.85,3510.0,6.7901,,,,,,调仓卖出
2012-03-30,sh.601258,买入,7.59,3795.0,5.03795,Group_1,0.8421211689113468,0.031620553359683834,0.06324110671936767,-0.00922266139657446,调仓买入
2012-03-30,sz.002632,买入,18.39,3678.0,5.03678,Group_1,0.8268793624770774,0.030995106035889064,0.03860793909733551,0.05328983143012511,调仓买入
2012-03-30,sh.600896,买入,3.8,3800.0,5.038,Group_1,0.8075359884474779,0.03947368421052633,0.06578947368421062,0.1578947368421053,调仓买入
2012-03-30,sz.002370,买入,8.08,3232.0,5.03232,Group_1,0.8043717116636946,0.023514851485148425,0.0024752475247524774,0.01980198019801982,调仓买入
2012-03-30,sz.000809,买入,20.7,2070.0,5.0207,Group_1,0.7959869168530429,0.01690821256038655,-0.05555555555555547,-0.13526570048309183,调仓买入
2012-03-30,sz.000761,买入,4.51,3608.0,5.03608,Group_1,0.7900005018270825,0.017738359201773912,0.01330376940133049,0.0509977827050998,调仓买入
2012-03-30,sz.000703,买入,20.91,2091.0,5.02091,Group_1,0.7877544032751458,0.013390722142515576,0.004782400765184214,-0.012434241989478845,调仓买入
2012-03-30,sz.002450,买入,15.48,3096.0,5.03096,Group_1,0.784573310188496,0.043281653746769955,0.0626614987080103,0.046511627906976605,调仓买入
2012-03-30,sh.600887,买入,22.04,2204.0,5.02204,Group_1,0.7615623685629982,0.03493647912885667,0.04401088929219621,0.06261343012704179,调仓买入
2012-03-30,sh.600880,买入,10.77,3231.0,5.03231,Group_1,0.7507327189160412,0.04456824512534818,0.045496750232126404,0.09842154131847725,调仓买入
2012-04-27,sh.601258,卖出,7.14,3570.0,6.8207,,,,,,调仓卖出
2012-04-27,sz.002632,卖出,18.73,3746.0,6.9104600000000005,,,,,,调仓卖出
2012-04-27,sh.600896,卖出,4.42,4420.0,7.2542,,,,,,调仓卖出
2012-04-27,sz.002370,卖出,8.54,3415.9999999999995,6.74216,,,,,,调仓卖出
2012-04-27,sz.000809,卖出,18.4,1839.9999999999998,5.9384,,,,,,调仓卖出
2012-04-27,sz.000761,卖出,4.72,3776.0,6.9257599999999995,,,,,,调仓卖出
2012-04-27,sz.000703,卖出,20.55,2055.0,6.04805,,,,,,调仓卖出
2012-04-27,sz.002450,卖出,16.23,3246.0,6.655460000000001,,,,,,调仓卖出
2012-04-27,sh.600887,卖出,22.03,2203.0,6.12353,,,,,,调仓卖出
2012-04-27,sh.600880,卖出,11.29,3386.9999999999995,6.7273700000000005,,,,,,调仓卖出
2012-04-27,sz.002431,买入,20.97,2097.0,5.02097,Group_1,0.9469051780631976,0.0371959942775395,0.06676204101096817,0.20171673819742497,调仓买入
2012-04-27,sz.002484,买入,16.09,3218.0,5.03218,Group_1,0.9160361315071475,0.009944064636420169,0.07022995649471708,-0.2374145431945308,调仓买入
2012-04-27,sz.002318,买入,11.2,3360.0,5.0336,Group_1,0.906813308276685,0.03035714285714275,0.07053571428571437,0.12053571428571441,调仓买入
2012-04-27,sz.002117,买入,8.87,3547.9999999999995,5.03548,Group_1,0.8848997168532214,0.014656144306651742,0.05298759864712532,-0.07666290868094694,调仓买入
2012-04-27,sh.600018,买入,2.86,4004.0,5.04004,Group_1,0.8559106422519883,0.02447552447552459,0.02447552447552459,0.013986013986013957,调仓买入
2012-04-27,sz.002069,买入,21.88,2188.0,5.02188,Group_1,0.8426931354559708,0.0031992687385740126,0.042047531992687404,-0.02605118829981723,调仓买入
2012-04-27,sh.600826,买入,12.13,3639.0000000000005,5.03639,Group_1,0.8362641196220101,0.0065952184666118185,0.00906842539159114,0.16652926628194553,调仓买入
2012-04-27,sz.002161,买入,9.2,3679.9999999999995,5.0368,Group_1,0.8298016033049885,0.009782608695652062,0.03152173913043499,-0.04565217391304344,调仓买入
2012-04-27,sz.002428,买入,21.6,2160.0,5.0216,Group_1,0.8203130559786603,0.04537037037037028,0.07175925925925908,0.02499999999999991,调仓买入
2012-04-27,sz.002562,买入,14.65,2930.0,5.0293,Group_1,0.8176527257622366,0.0027303754266210234,0.07235494880546067,-0.055972696245733755,调仓买入
2012-05-31,sz.002431,卖出,25.29,2529.0,6.28979,,,,,,调仓卖出
2012-05-31,sz.002484,卖出,12.51,2502.0,6.27602,,,,,,调仓卖出
2012-05-31,sz.002318,卖出,13.34,4002.0,7.04102,,,,,,调仓卖出
2012-05-31,sz.002117,卖出,8.28,3311.9999999999995,6.68912,,,,,,调仓卖出
2012-05-31,sh.600018,卖出,2.86,4004.0,7.04204,,,,,,调仓卖出
2012-05-31,sz.002069,卖出,21.3,2130.0,6.0863,,,,,,调仓卖出
2012-05-31,sh.600826,卖出,13.86,4158.0,7.12058,,,,,,调仓卖出
2012-05-31,sz.002161,卖出,9.0,3600.0,6.835999999999999,,,,,,调仓卖出
2012-05-31,sz.002428,卖出,21.93,2193.0,6.11843,,,,,,调仓卖出
2012-05-31,sz.002562,卖出,14.06,2812.0,6.43412,,,,,,调仓卖出
2012-05-31,sz.002633,买入,8.95,3579.9999999999995,5.0358,Group_1,0.9488884755826109,-0.0022346368715083775,-0.03575418994413393,-0.007821229050279155,调仓买入
2012-05-31,sz.002176,买入,10.44,3132.0,5.03132,Group_1,0.8826076590130545,-0.010536398467432928,-0.04214559386973171,0.21264367816091956,调仓买入
2012-05-31,sz.002255,买入,15.37,3074.0,5.03074,Group_1,0.8818439016500507,-0.02342225113858165,-0.0670136629798308,-0.12817176317501622,调仓买入
2012-05-31,sz.002517,买入,10.26,3078.0,5.03078,Group_1,0.8796159581967652,0.012670565302144388,0.08771929824561409,0.21539961013645237,调仓买入
2012-05-31,sh.600785,买入,19.8,3960.0,5.0396,Group_1,0.8597243075714629,0.00959595959595938,-0.06767676767676767,-0.07474747474747478,调仓买入
2012-05-31,sz.000932,买入,2.66,3990.0,5.0399,Group_1,0.8474338356890782,-0.00375939849624074,-0.022556390977443663,-0.08270676691729328,调仓买入
2012-05-31,sz.002608,买入,20.06,4011.9999999999995,5.04012,Group_1,0.8391408471612966,0.004486540378863424,-0.03589232303090717,-0.09621136590229307,调仓买入
2012-05-31,sz.002249,买入,9.77,3908.0,5.03908,Group_1,0.8288617272136112,-0.02149437052200609,-0.06550665301944714,-0.04810644831115651,调仓买入
2012-05-31,sz.002638,买入,16.83,3365.9999999999995,5.03366,Group_1,0.823296446837606,-0.013071895424836555,0.0,-0.06120023767082572,调仓买入
2012-06-29,sz.002633,卖出,8.88,3552.0000000000005,6.81152,,,,,,调仓卖出
2012-06-29,sz.002176,卖出,12.66,3798.0,6.93698,,,,,,调仓卖出
2012-06-29,sz.002255,卖出,13.4,2680.0,6.3668,,,,,,调仓卖出
2012-06-29,sz.002517,卖出,12.47,3741.0,6.90791,,,,,,调仓卖出
2012-06-29,sh.600785,卖出,18.32,3664.0,6.86864,,,,,,调仓卖出
2012-06-29,sz.000932,卖出,2.44,3660.0,6.8666,,,,,,调仓卖出
2012-06-29,sz.002249,卖出,9.3,3720.0000000000005,6.897200000000001,,,,,,调仓卖出
2012-06-29,sz.002638,卖出,15.8,3160.0,6.6116,,,,,,调仓卖出
2012-06-29,sh.600135,买入,8.48,3392.0,5.03392,Group_1,0.8790564370593217,-0.02004716981132071,-0.10495283018867929,-0.13561320754716988,调仓买入
2012-06-29,sz.000969,买入,12.23,3669.0,5.03669,Group_1,0.8409240164058035,0.008994276369582943,0.08094848732624693,0.03270645952575646,调仓买入
2012-06-29,sz.000581,买入,27.4,2740.0,5.0274,Group_1,0.8383745443110725,-0.01423357664233571,0.0036496350364965124,-0.08065693430656928,调仓买入
2012-06-29,sz.000639,买入,13.62,2724.0,5.02724,Group_1,0.833923957975665,0.0998531571218797,0.15491923641703398,0.013215859030837107,调仓买入
2012-06-29,sz.002128,买入,13.08,3924.0,5.03924,Group_1,0.8247426915741659,0.011467889908256979,0.0688073394495412,0.03822629969418956,调仓买入
2012-06-29,sz.002397,买入,20.9,2090.0,5.0209,Group_1,0.8244579764565501,0.04306220095693791,0.06698564593301448,-0.200956937799043,调仓买入
2012-06-29,sh.600739,买入,15.6,3120.0,5.0312,Group_1,0.8099139361202208,-0.014102564102564052,-0.04807692307692313,-0.044230769230769185,调仓买入
2012-06-29,sz.002464,买入,15.93,3186.0,5.03186,Group_1,0.8035775340655567,-0.007532956685499026,-0.04268675455116133,-0.08537350910232266,调仓买入
2012-07-31,sz.002608,卖出,15.66,3132.0,6.59732,,,,,,调仓卖出
2012-07-31,sh.600135,卖出,6.42,2568.0,6.30968,,,,,,调仓卖出
2012-07-31,sz.000969,卖出,12.07,3621.0,6.84671,,,,,,调仓卖出
2012-07-31,sz.000581,卖出,25.0,2500.0,6.275,,,,,,调仓卖出
2012-07-31,sz.000639,卖出,12.8,2560.0,6.3056,,,,,,调仓卖出
2012-07-31,sz.002128,卖出,13.22,3966.0,7.02266,,,,,,调仓卖出
2012-07-31,sz.002397,卖出,15.67,1567.0,5.79917,,,,,,调仓卖出
2012-07-31,sh.600739,卖出,14.66,2932.0,6.49532,,,,,,调仓卖出
2012-07-31,sz.002464,卖出,14.12,2824.0,6.44024,,,,,,调仓卖出
2012-07-31,sz.002049,买入,20.51,2051.0,5.02051,Group_1,0.9173456216925661,-0.019990248659190635,0.010726474890297322,0.05314480741101901,调仓买入
2012-07-31,sz.000701,买入,8.02,3208.0,5.03208,Group_1,0.9024813962751493,0.012468827930174564,0.07356608478802995,0.052369077306733125,调仓买入
2012-07-31,sh.600183,买入,4.39,3511.9999999999995,5.03512,Group_1,0.9004983504525218,0.011389521640091216,0.04328018223234631,0.013667425968109548,调仓买入
2012-07-31,sh.600522,买入,7.73,3092.0,5.03092,Group_1,0.8816807736213914,0.028460543337645472,0.08279430789133224,0.05562742561448886,调仓买入
2012-07-31,sz.000520,买入,2.04,3672.0,5.03672,Group_1,0.856268873387018,0.004901960784313708,0.05882352941176472,0.03921568627450989,调仓买入
2012-07-31,sh.600688,买入,5.12,3584.0,5.03584,Group_1,0.8388359822285448,0.0,0.05078125,0.033203125,调仓买入
2012-07-31,sz.002490,买入,6.46,3230.0,5.0323,Group_1,0.8185986030240481,0.03095975232198156,0.19195046439628483,0.9179566563467494,调仓买入
2012-07-31,sh.600871,买入,6.05,3630.0,5.0363,Group_1,0.8110749951622829,0.0049586776859504855,0.04958677685950419,0.028099173553719048,调仓买入
2012-07-31,sz.002127,买入,3.72,3348.0,5.03348,Group_1,0.8102963796015143,0.010752688172043001,0.08064516129032251,0.029569892473118253,调仓买入
2012-07-31,sz.002617,买入,10.24,3072.0,5.03072,Group_1,0.8080276216830035,0.013671875,0.07421875,0.08203125,调仓买入
2012-08-31,sz.002049,卖出,20.84,2084.0,6.06284,,,,,,调仓卖出
2012-08-31,sz.000701,卖出,8.54,3415.9999999999995,6.74216,,,,,,调仓卖出
2012-08-31,sh.600183,卖出,4.38,3504.0,6.78704,,,,,,调仓卖出
2012-08-31,sh.600522,卖出,8.5,3400.0,6.734,,,,,,调仓卖出
2012-08-31,sz.000520,卖出,2.08,3744.0,6.90944,,,,,,调仓卖出
2012-08-31,sh.600688,卖出,5.3,3710.0,6.892099999999999,,,,,,调仓卖出
2012-08-31,sz.002490,卖出,11.94,5970.0,8.0447,,,,,,调仓卖出
2012-08-31,sh.600871,卖出,6.3,3780.0,6.9277999999999995,,,,,,调仓卖出
2012-08-31,sz.002127,卖出,3.81,3429.0,6.7487900000000005,,,,,,调仓卖出
2012-08-31,sz.002617,卖出,10.75,3225.0,6.64475,,,,,,调仓卖出
2012-08-31,sz.002548,买入,11.91,3573.0,5.03573,Group_1,0.8913450690069687,0.01931150293870698,0.09571788413098248,-0.0008396305625524292,调仓买入
2012-08-31,sz.000776,买入,10.35,3105.0,5.03105,Group_1,0.88515390767622,0.011594202898550732,0.11400966183574868,0.31400966183574885,调仓买入
2012-08-31,sh.600633,买入,14.58,2916.0,5.02916,Group_1,0.877474918655823,0.033607681755829955,0.06995884773662553,0.02400548696844984,调仓买入
2012-08-31,sh.600281,买入,4.89,3911.9999999999995,5.03912,Group_1,0.8747409271449051,0.0,0.1513292433537834,0.23312883435582843,调仓买入
2012-08-31,sz.000564,买入,4.92,3936.0,5.03936,Group_1,0.8698322310353936,0.018292682926829285,0.05284552845528445,0.004065040650406582,调仓买入
2012-08-31,sz.000637,买入,3.78,3780.0,5.0378,Group_1,0.8624683796847515,0.013227513227513255,0.08201058201058209,-0.002645502645502562,调仓买入
2012-08-31,sh.601166,买入,12.31,3693.0,5.03693,Group_1,0.8354834034299575,-0.0016246953696182898,0.0032493907392363575,-0.024370430544273014,调仓买入
2012-08-31,sz.000756,买入,4.78,3824.0,5.03824,Group_1,0.8220490047432566,0.006276150627614996,0.03556485355648542,-0.029288702928870425,调仓买入
2012-08-31,sz.000597,买入,6.07,3642.0,5.03642,Group_1,0.8083873114273954,0.014827018121911006,0.04448105436573302,0.0032948929159801743,调仓买入
2012-09-28,sz.002548,卖出,11.9,3570.0,6.8207,,,,,,调仓卖出
2012-09-28,sz.000776,卖出,13.6,4080.0,7.0808,,,,,,调仓卖出
2012-09-28,sh.600633,卖出,14.93,2986.0,6.5228600000000005,,,,,,调仓卖出
2012-09-28,sh.600281,卖出,6.03,4824.0,7.46024,,,,,,调仓卖出
2012-09-28,sz.000564,卖出,4.94,3952.0000000000005,7.01552,,,,,,调仓卖出
2012-09-28,sz.000637,卖出,3.77,3770.0,6.9227,,,,,,调仓卖出
2012-09-28,sh.601166,卖出,12.01,3603.0,6.83753,,,,,,调仓卖出
2012-09-28,sz.000756,卖出,4.64,3711.9999999999995,6.89312,,,,,,调仓卖出
2012-09-28,sz.000597,卖出,6.09,3654.0,6.8635399999999995,,,,,,调仓卖出
2012-09-28,sz.002453,买入,8.94,3576.0,5.03576,Group_1,0.9259156214438296,0.06263982102908283,0.09843400447427308,0.03579418344519025,调仓买入
2012-09-28,sz.002662,买入,8.6,3440.0,5.0344,Group_1,0.8894007996472361,0.0046511627906977715,0.024418604651162967,-0.041860465116279055,调仓买入
2012-09-28,sz.002481,买入,17.45,3490.0,5.0349,Group_1,0.8754390545070707,-0.00859598853868182,0.04469914040114631,-0.0584527220630372,调仓买入
2012-09-28,sh.600037,买入,6.33,3798.0,5.03798,Group_1,0.8546644967930966,-0.004739336492891044,0.02843601895734582,0.03949447077409163,调仓买入
2012-09-28,sh.600292,买入,10.96,3288.0000000000005,5.03288,Group_1,0.8254222382369857,-0.0018248175182482562,0.038321167883211604,0.009124087591240837,调仓买入
2012-09-28,sh.600710,买入,4.9,3920.0000000000005,5.0392,Group_1,0.8091617749053426,-0.0020408163265307477,0.008163265306122547,-0.189795918367347,调仓买入
2012-09-28,sh.600490,买入,9.67,3868.0,5.03868,Group_1,0.8022151219135533,0.0351602895553258,0.048603929679420954,0.33505687693898656,调仓买入
2012-09-28,sz.002501,买入,19.06,3811.9999999999995,5.03812,Group_1,0.7934562821737423,0.019937040923399874,0.023084994753410415,-0.039874081846799525,调仓买入
2012-09-28,sh.600560,买入,7.02,4212.0,5.04212,Group_1,0.7905013804206954,-0.008547008547008517,0.017094017094017033,0.019943019943019946,调仓买入
2012-09-28,sz.002441,买入,12.75,3825.0,5.03825,Group_1,0.7795133094020981,-0.014901960784313717,0.007058823529411784,0.007058823529411784,调仓买入
2012-10-31,sz.002453,卖出,9.35,3740.0,6.9074,,,,,,调仓卖出
2012-10-31,sz.002662,卖出,8.17,3268.0,6.66668,,,,,,调仓卖出
2012-10-31,sz.002481,卖出,16.01,3202.0000000000005,6.63302,,,,,,调仓卖出
2012-10-31,sh.600037,卖出,6.38,3828.0,6.95228,,,,,,调仓卖出
2012-10-31,sh.600292,卖出,11.03,3309.0,6.68759,,,,,,调仓卖出
2012-10-31,sh.600710,卖出,3.91,3128.0,6.59528,,,,,,调仓卖出
2012-10-31,sh.600490,卖出,11.6,4640.0,7.3664000000000005,,,,,,调仓卖出
2012-10-31,sz.002501,卖出,18.08,3615.9999999999995,6.84416,,,,,,调仓卖出
2012-10-31,sh.600560,卖出,7.12,4272.0,7.17872,,,,,,调仓卖出
2012-10-31,sz.002441,卖出,12.69,3807.0,6.9415700000000005,,,,,,调仓卖出
2012-10-31,sh.600551,买入,10.21,4084.0000000000005,5.04084,Group_1,0.9082618322715389,0.014691478942213454,0.0,-0.16160626836434866,调仓买入
2012-10-31,sh.600588,买入,11.07,3321.0,5.03321,Group_1,0.9032991348080516,-0.008130081300812941,0.0072267389340561206,-0.2005420054200543,调仓买入
2012-10-31,sh.600096,买入,12.39,3717.0,5.03717,Group_1,0.8902528679592818,0.0177562550443906,0.012106537530266248,-0.04439063761097661,调仓买入
2012-10-31,sh.600066,买入,21.32,2132.0,5.02132,Group_1,0.8891435889336969,0.010318949343339545,0.022983114446528896,-0.024859287054409096,调仓买入
2012-10-31,sh.600007,买入,10.26,4104.0,5.04104,Group_1,0.874370733609377,0.011695906432748648,0.012670565302144388,-0.02729044834307981,调仓买入
2012-10-31,sz.000625,买入,5.38,3766.0,5.03766,Group_1,0.8662470841500514,0.014869888475836479,0.03159851301115246,-0.0018587360594795044,调仓买入
2012-10-31,sz.002296,买入,12.8,3840.0,5.0384,Group_1,0.8588198918106797,0.010156249999999867,-0.02968750000000009,-0.1976562500000001,调仓买入
2012-10-31,sz.002220,买入,6.68,4008.0,5.04008,Group_1,0.8465335681825942,0.019461077844311392,0.007485029940119903,-0.08532934131736514,调仓买入
2012-10-31,sz.002176,买入,8.88,3552.0000000000005,5.03552,Group_1,0.8412498761457169,0.011261261261261257,-0.03603603603603611,-0.22522522522522526,调仓买入
2012-10-31,sz.002106,买入,17.16,3432.0,5.03432,Group_1,0.8245694129041957,0.011072261072261114,-0.055361305361305346,-0.23076923076923084,调仓买入
2012-11-30,sh.600551,卖出,8.55,3420.0000000000005,6.7442,,,,,,调仓卖出
2012-11-30,sh.600588,卖出,8.75,2625.0,6.33875,,,,,,调仓卖出
2012-11-30,sh.600096,卖出,11.88,3564.0000000000005,6.81764,,,,,,调仓卖出
2012-11-30,sh.600066,卖出,20.8,2080.0,6.0608,,,,,,调仓卖出
2012-11-30,sh.600007,卖出,10.19,4076.0,7.07876,,,,,,调仓卖出
2012-11-30,sz.000625,卖出,5.12,3584.0,6.82784,,,,,,调仓卖出
2012-11-30,sz.002296,卖出,10.25,3075.0,6.568250000000001,,,,,,调仓卖出
2012-11-30,sz.002220,卖出,6.1,3660.0,6.8666,,,,,,调仓卖出
2012-11-30,sz.002176,卖出,6.83,2732.0,6.393319999999999,,,,,,调仓卖出
2012-11-30,sz.002106,卖出,13.68,2736.0,6.39536,,,,,,调仓卖出
2012-11-30,sh.600305,买入,12.21,3663.0000000000005,5.03663,Group_1,0.8958614315388778,0.0,0.14823914823914808,0.3292383292383292,调仓买入
2012-11-30,sz.000923,买入,4.58,3664.0,5.03664,Group_1,0.8816563122898269,-0.03056768558951961,0.06768558951965065,0.16375545851528384,调仓买入
2012-11-30,sh.600707,买入,4.46,3568.0,5.03568,Group_1,0.8526443711025058,-0.03139013452914796,0.05156950672645744,0.24215246636771304,调仓买入
2012-11-30,sz.000893,买入,11.05,3315.0,5.03315,Group_1,0.8505420113559435,-0.05339366515837107,-0.03438914027149331,0.04977375565610842,调仓买入
2012-11-30,sz.002464,买入,12.91,2582.0,5.02582,Group_1,0.8463829878770253,-0.05344694035631292,0.014717273431448463,0.1115414407436095,调仓买入
2012-11-30,sz.000919,买入,6.39,3195.0,5.03195,Group_1,0.8424371196724183,-0.06885758998435043,-0.032863849765258246,0.07981220657277,调仓买入
2012-11-30,sh.600021,买入,4.08,3672.0,5.03672,Group_1,0.8327742729753038,-0.009803921568627416,0.06617647058823528,0.11764705882352922,调仓买入
2012-11-30,sz.002329,买入,9.0,3600.0,5.036,Group_1,0.8256236199570182,-0.0022222222222221255,0.11222222222222222,0.043333333333333446,调仓买入
2012-11-30,sz.002612,买入,20.9,2090.0,5.0209,Group_1,0.8248953002227282,-0.010526315789473606,0.07942583732057407,0.31196172248803844,调仓买入
2012-11-30,sh.600594,买入,19.0,1900.0,5.019,Group_1,0.8119087879828839,-0.00736842105263158,0.04684210526315802,0.07052631578947377,调仓买入
2012-12-31,sh.600305,卖出,16.25,4875.0,7.48625,,,,,,调仓卖出
2012-12-31,sz.000923,卖出,5.25,4200.0,7.1419999999999995,,,,,,调仓卖出
2012-12-31,sh.600707,卖出,5.5,4400.0,7.244,,,,,,调仓卖出
2012-12-31,sz.000893,卖出,11.6,3480.0,6.7748,,,,,,调仓卖出
2012-12-31,sz.002464,卖出,14.44,2888.0,6.47288,,,,,,调仓卖出
2012-12-31,sz.000919,卖出,6.88,3440.0,6.7543999999999995,,,,,,调仓卖出
2012-12-31,sh.600021,卖出,4.64,4176.0,7.12976,,,,,,调仓卖出
2012-12-31,sz.002329,卖出,9.37,3747.9999999999995,6.91148,,,,,,调仓卖出
2012-12-31,sz.002612,卖出,27.5,2750.0,6.4025,,,,,,调仓卖出
2012-12-31,sh.600594,卖出,20.01,2001.0000000000002,6.02051,,,,,,调仓卖出
2012-12-31,sz.002562,买入,10.49,4196.0,5.04196,Group_1,0.9076495042308779,-0.029551954242135414,0.04003813155386071,-0.020019065776930467,调仓买入
2012-12-31,sz.002115,买入,7.32,3660.0,5.0366,Group_1,0.9063184550396765,-0.012295081967213073,0.0901639344262295,0.023224043715847076,调仓买入
2012-12-31,sz.002449,买入,6.6,3960.0,5.0396,Group_1,0.8547500096634366,0.003030303030303161,0.15454545454545454,0.10454545454545472,调仓买入
2012-12-31,sh.600845,买入,13.91,4173.0,5.04173,Group_1,0.8457078311935216,-0.017253774263120025,0.030194104960460155,0.02875629043853345,调仓买入
2012-12-31,sh.600406,买入,16.03,3206.0,5.03206,Group_1,0.8266079280461318,-0.024953212726138485,0.050530255770430355,-0.0018714909544604863,调仓买入
2012-12-31,sh.600739,买入,14.99,2998.0,5.02998,Group_1,0.8108760765316538,-0.007338225483655703,-0.016677785190126748,0.04269513008672443,调仓买入
2012-12-31,sz.002507,买入,23.62,2362.0,5.02362,Group_1,0.8075346251905198,-0.02201524132091448,0.023708721422523338,0.08001693480101602,调仓买入
2012-12-31,sh.600468,买入,10.6,3180.0,5.0318,Group_1,0.8070912071638073,-0.0018867924528301883,-0.0009433962264150386,0.03301886792452824,调仓买入
2012-12-31,sh.600731,买入,6.03,3618.0,5.03618,Group_1,0.7988300298419619,-0.0016583747927032544,0.07296849087893853,0.08291873963515761,调仓买入
2012-12-31,sz.000503,买入,9.48,3792.0,5.03792,Group_1,0.7866839409670231,-0.020042194092827148,-0.04746835443037989,0.16561181434599148,调仓买入
2013-01-31,sz.002562,卖出,10.28,4112.0,7.09712,,,,,,调仓卖出
2013-01-31,sz.002115,卖出,7.49,3745.0,6.90995,,,,,,调仓卖出
2013-01-31,sz.002449,卖出,7.29,4374.0,7.230739999999999,,,,,,调仓卖出
2013-01-31,sh.600845,卖出,14.31,4293.0,7.18943,,,,,,调仓卖出
2013-01-31,sh.600406,卖出,16.0,3200.0,6.632,,,,,,调仓卖出
2013-01-31,sh.600739,卖出,15.63,3126.0,6.594259999999999,,,,,,调仓卖出
2013-01-31,sz.002507,卖出,25.51,2551.0,6.30101,,,,,,调仓卖出
2013-01-31,sh.600468,卖出,10.95,3285.0,6.67535,,,,,,调仓卖出
2013-01-31,sh.600731,卖出,6.53,3918.0,6.99818,,,,,,调仓卖出
2013-01-31,sz.000503,卖出,11.05,4420.0,7.2542,,,,,,调仓卖出
2013-01-31,sz.002056,买入,12.77,3831.0,5.03831,Group_1,0.9127672893335108,-0.03288958496476113,-0.006264682850430692,0.07126076742364917,调仓买入
2013-01-31,sh.601088,买入,24.55,2455.0,5.02455,Group_1,0.8844699813380483,0.0020366598778003286,0.007331975560081361,-0.09205702647657843,调仓买入
2013-01-31,sz.000961,买入,12.01,3603.0,5.03603,Group_1,0.8627066301948115,-0.02164862614487928,-0.03413821815154039,-0.11823480432972522,调仓买入
2013-01-31,sz.000006,买入,5.53,3871.0,5.03871,Group_1,0.8345655076128609,0.001808318264014508,0.014466546112115841,-0.15370705244122973,调仓买入
2013-01-31,sh.600478,买入,22.24,2224.0,5.02224,Group_1,0.8260964942133001,0.006744604316546887,0.014388489208633004,0.026528776978417268,调仓买入
2013-01-31,sz.002508,买入,24.2,2420.0,5.0242,Group_1,0.7873497465734931,-0.0016528925619834212,0.06404958677685957,-0.0008264462809917106,调仓买入
2013-01-31,sz.002253,买入,14.35,4305.0,5.04305,Group_1,0.7624413659678783,0.0,-0.020905923344947674,0.013240418118466879,调仓买入
2013-01-31,sh.600467,买入,7.61,3805.0,5.03805,Group_1,0.759162369945553,0.042049934296977565,0.042049934296977565,-0.021024967148488893,调仓买入
2013-01-31,sz.002364,买入,17.96,3592.0,5.03592,Group_1,0.7447819168434462,-0.00222717149220486,0.01614699331848546,0.2371937639198216,调仓买入
2013-01-31,sz.002037,买入,21.3,4260.0,5.0426,Group_1,0.7416909021533499,0.029577464788732355,0.08028169014084519,0.13380281690140827,调仓买入
2013-02-28,sz.002056,卖出,12.63,3789.0000000000005,6.93239,,,,,,调仓卖出
2013-02-28,sh.601088,卖出,22.95,2295.0,6.17045,,,,,,调仓卖出
2013-02-28,sz.000961,卖出,12.25,3675.0,6.87425,,,,,,调仓卖出
2013-02-28,sz.000006,卖出,5.21,3647.0,6.85997,,,,,,调仓卖出
2013-02-28,sh.600478,卖出,22.28,2228.0,6.13628,,,,,,调仓卖出
2013-02-28,sz.002508,卖出,26.19,2619.0,6.33569,,,,,,调仓卖出
2013-02-28,sz.002253,卖出,14.28,4284.0,7.1848399999999994,,,,,,调仓卖出
2013-02-28,sh.600467,卖出,7.4,3700.0,6.8870000000000005,,,,,,调仓卖出
2013-02-28,sz.002364,卖出,19.46,3892.0,6.98492,,,,,,调仓卖出
2013-02-28,sz.002037,卖出,23.45,4690.0,7.3919,,,,,,调仓卖出
2013-02-28,sh.600210,买入,3.5,4200.0,5.042,Group_1,0.8432772551455685,0.0028571428571428914,-0.02857142857142858,-0.06857142857142862,调仓买入
2013-02-28,sz.002057,买入,11.83,3549.0,5.03549,Group_1,0.836569128067245,0.0,0.030431107354184306,-0.08114961961115819,调仓买入
2013-02-28,sh.600249,买入,5.6,3919.9999999999995,5.0392,Group_1,0.8289323372567268,0.0017857142857145014,-0.048214285714285654,-0.06249999999999989,调仓买入
2013-02-28,sh.600529,买入,9.85,3940.0,5.0394,Group_1,0.806907690072972,0.0030456852791880262,0.01725888324873104,-0.09137055837563457,调仓买入
2013-02-28,sz.002384,买入,8.84,3536.0,5.03536,Group_1,0.7990694505161048,0.0328054298642535,0.06108597285067874,0.041855203619909576,调仓买入
2013-02-28,sh.600569,买入,2.15,4300.0,5.043,Group_1,0.7821431268442347,0.0,-0.03255813953488362,-0.06976744186046513,调仓买入
2013-02-28,sh.601558,买入,6.19,4333.0,5.04333,Group_1,0.7796262007600574,0.008077544426494221,-0.022617124394184285,-0.1453957996768983,调仓买入
2013-02-28,sh.600093,买入,5.63,3941.0,5.03941,Group_1,0.7640262020734255,-0.003552397868561208,-0.026642984014209503,0.001776198934280604,调仓买入
2013-02-28,sz.002222,买入,6.99,4194.0,5.04194,Group_1,0.7601225262475794,0.025751072961373245,0.01859799713876975,-0.07010014306151646,调仓买入
2013-02-28,sz.000985,买入,11.3,3390.0,5.0339,Group_1,0.7578149908263436,0.014159292035398341,0.0070796460176991705,-0.036283185840708,调仓买入
2013-03-29,sh.600210,卖出,3.28,3935.9999999999995,7.00736,,,,,,调仓卖出
2013-03-29,sz.002057,卖出,10.92,3276.0,6.67076,,,,,,调仓卖出
2013-03-29,sh.600249,卖出,5.18,3626.0,6.84926,,,,,,调仓卖出
2013-03-29,sh.600529,卖出,9.03,3611.9999999999995,6.84212,,,,,,调仓卖出
2013-03-29,sz.002384,卖出,9.96,3984.0000000000005,7.03184,,,,,,调仓卖出
2013-03-29,sh.600569,卖出,2.0,4000.0,7.04,,,,,,调仓卖出
2013-03-29,sh.601558,卖出,5.3,3710.0,6.892099999999999,,,,,,调仓卖出
2013-03-29,sh.600093,卖出,5.58,3906.0,6.99206,,,,,,调仓卖出
2013-03-29,sz.002222,卖出,6.53,3918.0,6.99818,,,,,,调仓卖出
2013-03-29,sz.000985,卖出,10.76,3228.0,6.64628,,,,,,调仓卖出
2013-03-29,sh.600727,买入,4.82,3856.0,5.03856,Group_1,0.8506002028855543,0.010373443983402453,-0.02904564315352709,-0.11410788381742754,调仓买入
2013-03-29,sz.002675,买入,20.14,4028.0,5.04028,Group_1,0.8457272515390988,0.019364448857994043,0.029294935451837034,0.13704071499503456,调仓买入
2013-03-29,sh.600690,买入,12.73,3819.0,5.03819,Group_1,0.8188310780754431,0.014139827179890041,0.025923016496465,0.03613511390416324,调仓买入
2013-03-29,sh.601872,买入,2.48,3968.0,5.03968,Group_1,0.815960626571589,-0.004032258064516014,-0.024193548387096753,-0.08467741935483875,调仓买入
2013-03-29,sz.002479,买入,9.12,3647.9999999999995,5.03648,Group_1,0.802799181894714,0.05043859649122817,0.002192982456140413,-0.08223684210526316,调仓买入
2013-03-29,sh.601166,买入,17.3,3460.0,5.0346,Group_1,0.7880756525965703,-0.005780346820809301,0.004046242774566444,0.07630057803468215,调仓买入
2013-03-29,sh.600184,买入,25.92,2592.0,5.02592,Group_1,0.7830535395291477,0.01388888888888884,0.064429012345679,-0.0011574074074074403,调仓买入
2013-03-29,sz.002570,买入,39.02,3902.0000000000005,5.03902,Group_1,0.7638224908082688,0.002050230650948226,0.0017939518195797532,0.06765761148129146,调仓买入
2013-03-29,sh.600020,买入,2.38,4046.0,5.04046,Group_1,0.7615270124362125,-0.004201680672268782,-0.004201680672268782,-0.004201680672268782,调仓买入
2013-04-26,sh.600727,卖出,4.2,3360.0,6.7136,,,,,,调仓卖出
2013-04-26,sz.002675,卖出,22.33,4466.0,7.277660000000001,,,,,,调仓卖出
2013-04-26,sh.600690,卖出,12.82,3846.0,6.96146,,,,,,调仓卖出
2013-04-26,sh.601872,卖出,2.28,3647.9999999999995,6.86048,,,,,,调仓卖出
2013-04-26,sz.002479,卖出,8.14,3256.0,6.66056,,,,,,调仓卖出
2013-04-26,sh.601166,卖出,18.16,3632.0,6.85232,,,,,,调仓卖出
2013-04-26,sh.600184,卖出,24.2,2420.0,6.2342,,,,,,调仓卖出
2013-04-26,sz.002570,卖出,39.99,3999.0,7.039490000000001,,,,,,调仓卖出
2013-04-26,sh.600020,卖出,2.34,3977.9999999999995,7.02878,,,,,,调仓卖出
2013-04-26,sh.600575,买入,3.52,3872.0,5.03872,Group_1,0.9570583505447845,-0.019886363636363535,0.017045454545454586,-0.014204545454545414,调仓买入
2013-04-26,sz.002687,买入,10.0,4000.0,5.04,Group_1,0.9118218428120802,-0.03499999999999992,-0.016000000000000014,0.04700000000000015,调仓买入
2013-04-26,sz.002221,买入,10.61,3183.0,5.03183,Group_1,0.9061450877279509,0.07917059377945335,0.22337417530631498,0.28652214891611694,调仓买入
2013-04-26,sh.600156,买入,3.97,3970.0,5.0397,Group_1,0.8925345857078842,0.0,0.0176322418136019,0.07304785894206534,调仓买入
2013-04-26,sh.601369,买入,7.3,3650.0,5.0365,Group_1,0.87878273148708,-0.005479452054794498,0.049315068493150704,0.11643835616438358,调仓买入
2013-04-26,sz.002654,买入,8.75,3500.0,5.035,Group_1,0.8522884451952771,0.0034285714285713365,0.03885714285714292,0.12914285714285723,调仓买入
2013-04-26,sz.002154,买入,6.88,3440.0,5.0344,Group_1,0.8416118472860012,-0.01017441860465118,0.018895348837209225,0.09156976744186052,调仓买入
2013-04-26,sh.600433,买入,17.33,3465.9999999999995,5.03466,Group_1,0.8233481861709248,0.09982688978649734,0.28101557991921533,0.05135603000577027,调仓买入
2013-04-26,sz.002292,买入,14.89,2978.0,5.02978,Group_1,0.8210706025926187,0.02820685023505698,0.1417058428475486,0.26863666890530546,调仓买入
2013-04-26,sh.601010,买入,12.0,3600.0,5.036,Group_1,0.8021845923419034,0.0,-0.35083333333333333,-0.33499999999999996,调仓买入
2013-05-31,sh.600575,卖出,3.46,3806.0,6.94106,,,,,,调仓卖出
2013-05-31,sz.002687,卖出,10.42,4168.0,7.125680000000001,,,,,,调仓卖出
2013-05-31,sz.002221,卖出,12.88,3864.0000000000005,6.97064,,,,,,调仓卖出
2013-05-31,sh.600156,卖出,4.26,4260.0,7.1726,,,,,,调仓卖出
2013-05-31,sh.601369,卖出,8.38,4190.0,7.136900000000001,,,,,,调仓卖出
2013-05-31,sz.002654,卖出,9.68,3872.0,6.97472,,,,,,调仓卖出
2013-05-31,sz.002154,卖出,7.46,3730.0,6.9023,,,,,,调仓卖出
2013-05-31,sh.600433,卖出,17.97,3594.0,6.83294,,,,,,调仓卖出
2013-05-31,sz.002292,卖出,18.08,3615.9999999999995,6.84416,,,,,,调仓卖出
2013-05-31,sh.601010,卖出,7.92,2376.0,6.21176,,,,,,调仓卖出
2013-05-31,sh.600498,买入,16.27,3254.0,5.03254,Group_1,0.9552834978565217,-0.025199754148739983,-0.09526736324523655,0.07805777504609712,调仓买入
2013-05-31,sz.002524,买入,8.14,4070.0000000000005,5.0407,Group_1,0.9224321026589198,-0.06019656019656017,-0.004914004914005066,-0.09336609336609347,调仓买入
2013-05-31,sz.002385,买入,11.85,3555.0,5.03555,Group_1,0.8817004503750203,-0.016877637130801593,-0.012658227848101333,-0.07257383966244724,调仓买入
2013-05-31,sz.000501,买入,11.86,3558.0,5.03558,Group_1,0.8792070619986224,-0.019392917369308482,-0.030354131534569895,-0.09865092748735249,调仓买入
2013-05-31,sz.002082,买入,6.6,3960.0,5.0396,Group_1,0.8447436911759472,-0.009090909090909038,-0.05909090909090908,-0.14696969696969697,调仓买入
2013-05-31,sz.002517,买入,10.69,4276.0,5.04276,Group_1,0.8434724443935444,-0.00093545369504211,0.008419083255378768,0.11131898971000953,调仓买入
2013-05-31,sz.002476,买入,8.86,3544.0,5.03544,Group_1,0.8288990691564537,-0.018058690744921058,-0.13092550790067714,-0.26862302483069966,调仓买入
2013-05-31,sh.600826,买入,13.39,4017.0,5.04017,Group_1,0.8261557273647508,-0.027632561613144202,-0.09634055265123231,-0.1165048543689321,调仓买入
2013-05-31,sz.002482,买入,24.41,2441.0,5.02441,Group_1,0.8096817586993,-0.021302744776730775,-0.07046292503072504,-0.1614092585006146,调仓买入
2013-06-28,sh.600498,卖出,16.48,3296.0,6.680960000000001,,,,,,调仓卖出
2013-06-28,sz.002524,卖出,6.91,3455.0,6.76205,,,,,,调仓卖出
2013-06-28,sz.002385,卖出,10.32,3096.0,6.57896,,,,,,调仓卖出
2013-06-28,sz.000501,卖出,11.2,3360.0,6.7136,,,,,,调仓卖出
2013-06-28,sz.002082,卖出,5.59,3354.0,6.71054,,,,,,调仓卖出
2013-06-28,sz.002517,卖出,11.26,4504.0,7.297040000000001,,,,,,调仓卖出
2013-06-28,sz.002476,卖出,6.33,2532.0,6.29132,,,,,,调仓卖出
2013-06-28,sh.600826,卖出,11.07,3321.0,6.69371,,,,,,调仓卖出
2013-06-28,sz.002482,卖出,21.0,2100.0,6.071,,,,,,调仓卖出
2013-06-28,sz.002041,买入,21.23,2123.0,5.02123,Group_1,0.9004139428797032,0.010833725859632715,0.008007536504945678,0.03203014601978338,调仓买入
2013-06-28,sz.002511,买入,11.27,3381.0,5.03381,Group_1,0.8872130424165534,0.006211180124223725,0.018633540372670954,0.024844720496894457,调仓买入
2013-06-28,sz.000562,买入,8.79,3515.9999999999995,5.03516,Group_1,0.8802913615603908,-0.010238907849829282,-0.09783845278725822,0.03526734926052333,调仓买入
2013-06-28,sz.001696,买入,4.7,3760.0,5.0376,Group_1,0.8785906663870078,0.010638297872340496,0.004255319148936065,0.02765957446808498,调仓买入
2013-06-28,sz.002300,买入,8.23,3292.0,5.03292,Group_1,0.8740409854717985,-0.02916160388821387,0.03402187120291611,-0.12758201701093563,调仓买入
2013-06-28,sh.600575,买入,2.39,3824.0,5.03824,Group_1,0.8737850284786365,0.025104602510460206,-0.012552301255230214,-0.07949790794979072,调仓买入
2013-06-28,sz.000587,买入,10.23,3069.0,5.03069,Group_1,0.871768392770449,0.04692082111436946,0.06256109481915928,0.06451612903225801,调仓买入
2013-06-28,sz.000001,买入,9.97,2991.0,5.02991,Group_1,0.8705484390178464,-0.0220661985957874,-0.06018054162487474,-0.033099297893681046,调仓买入
2013-06-28,sh.601113,买入,3.42,3762.0,5.03762,Group_1,0.8635586344620534,0.005847953216374213,0.02631578947368407,0.09941520467836251,调仓买入
2013-07-31,sz.002041,卖出,22.77,2277.0,6.16127,,,,,,调仓卖出
2013-07-31,sz.002511,卖出,11.13,3339.0000000000005,6.70289,,,,,,调仓卖出
2013-07-31,sz.000562,卖出,8.99,3596.0,6.83396,,,,,,调仓卖出
2013-07-31,sz.001696,卖出,4.64,3711.9999999999995,6.89312,,,,,,调仓卖出
2013-07-31,sz.002300,卖出,7.23,2892.0,6.47492,,,,,,调仓卖出
2013-07-31,sh.600575,卖出,2.36,3776.0,6.9257599999999995,,,,,,调仓卖出
2013-07-31,sz.000587,卖出,10.4,3120.0,6.591200000000001,,,,,,调仓卖出
2013-07-31,sz.000001,卖出,9.59,2877.0,6.46727,,,,,,调仓卖出
2013-07-31,sh.601113,卖出,3.51,3860.9999999999995,6.969110000000001,,,,,,调仓卖出
2013-07-31,sh.600468,买入,9.44,3776.0,5.03776,Group_1,0.8496829379155817,0.004237288135593209,0.014830508474576343,0.1610169491525426,调仓买入
2013-07-31,sz.002081,买入,23.45,2345.0,5.02345,Group_1,0.8469990448258572,0.07718550106609823,0.11385927505330495,0.09893390191897655,调仓买入
2013-07-31,sh.600112,买入,9.51,3804.0,5.03804,Group_1,0.842678877034751,0.02733964248159837,0.035751840168243953,0.03890641430073627,调仓买入
2013-07-31,sh.600628,买入,6.17,3702.0,5.03702,Group_1,0.8352155888100602,-0.004862236628849326,0.0,0.147487844408428,调仓买入
2013-07-31,sz.002419,买入,8.06,3224.0,5.03224,Group_1,0.8017643108643605,0.012406947890818865,0.06079404466501237,0.06451612903225801,调仓买入
2013-07-31,sh.600403,买入,7.3,3650.0,5.0365,Group_1,0.7778115719078097,0.03013698630136985,0.15205479452054793,0.4013698630136988,调仓买入
2013-07-31,sh.600543,买入,7.28,3640.0,5.0364,Group_1,0.7576489181187809,0.024725274725274637,0.027472527472527597,0.07005494505494503,调仓买入
2013-07-31,sh.600686,买入,8.19,3276.0,5.03276,Group_1,0.743369360588558,0.028083028083028205,0.05128205128205132,0.035409035409035505,调仓买入
2013-08-30,sh.600468,卖出,11.05,4420.0,7.2542,,,,,,调仓卖出
2013-08-30,sz.002081,卖出,25.09,2509.0,6.27959,,,,,,调仓卖出
2013-08-30,sh.600112,卖出,9.97,3988.0000000000005,7.03388,,,,,,调仓卖出
2013-08-30,sh.600628,卖出,7.17,4302.0,7.19402,,,,,,调仓卖出
2013-08-30,sz.002419,卖出,8.57,3428.0,6.748279999999999,,,,,,调仓卖出
2013-08-30,sh.600403,卖出,9.34,4670.0,7.3817,,,,,,调仓卖出
2013-08-30,sh.600543,卖出,7.84,3920.0,6.9992,,,,,,调仓卖出
2013-08-30,sh.600686,卖出,8.24,3296.0,6.680960000000001,,,,,,调仓卖出
2013-08-30,sz.002063,买入,18.09,3618.0,5.03618,Group_1,0.8661716076149077,0.02487562189054726,0.051409618573797555,0.08457711442786087,调仓买入
2013-08-30,sz.002618,买入,40.61,4061.0,5.04061,Group_1,0.8567134353008182,-0.007633587786259555,0.03176557498153154,0.016005909874415192,调仓买入
2013-08-30,sz.000532,买入,12.46,3738.0000000000005,5.03738,Group_1,0.8400138614836554,0.1003210272873194,0.2215088282504012,0.3531300160513642,调仓买入
2013-08-30,sh.601918,买入,4.86,3888.0000000000005,5.03888,Group_1,0.8181201394317118,-0.006172839506172867,0.002057613168724215,0.026748971193415683,调仓买入
2013-08-30,sz.000793,买入,13.25,3975.0,5.03975,Group_1,0.8119971131913711,0.07018867924528305,0.11396226415094346,-0.012830188679245236,调仓买入
2013-08-30,sh.600477,买入,3.83,3830.0,5.0383,Group_1,0.7880740225937023,-0.018276762402088864,-0.013054830287206332,-0.005221932114882533,调仓买入
2013-08-30,sz.000979,买入,3.84,3840.0,5.0384,Group_1,0.7629255184292886,0.02604166666666674,0.0390625,0.07291666666666674,调仓买入
2013-08-30,sh.600533,买入,3.38,4056.0,5.04056,Group_1,0.7593538523625827,-0.014792899408283988,0.002958579881656931,0.02366863905325456,调仓买入
2013-08-30,sh.603077,买入,15.15,3030.0,5.0303,Group_1,0.754082928242405,0.012541254125412404,0.06600660066006592,0.0006600660066007347,调仓买入
2013-09-30,sz.002063,卖出,18.57,3714.0,6.89414,,,,,,调仓卖出
2013-09-30,sz.002618,卖出,40.66,4065.9999999999995,7.07366,,,,,,调仓卖出
2013-09-30,sh.601918,卖出,4.9,3920.0000000000005,6.9992,,,,,,调仓卖出
2013-09-30,sz.000793,卖出,13.15,3945.0,7.011950000000001,,,,,,调仓卖出
2013-09-30,sh.600477,卖出,3.74,3740.0,6.9074,,,,,,调仓卖出
2013-09-30,sz.000979,卖出,3.94,3940.0,7.009399999999999,,,,,,调仓卖出
2013-09-30,sh.600533,卖出,3.4,4080.0,7.0808,,,,,,调仓卖出
2013-09-30,sh.600741,买入,9.3,3720.0000000000005,5.0372,Group_1,0.9116695353100396,0.012903225806451424,0.1537634408602151,0.12473118279569895,调仓买入
2013-09-30,sh.600517,买入,13.87,4161.0,5.04161,Group_1,0.8899775398046502,0.009372746935832899,0.03244412400865193,-0.08940158615717364,调仓买入
2013-09-30,sz.000982,买入,8.55,4275.0,5.04275,Group_1,0.8795559034991968,0.010526315789473717,-0.028070175438596467,-0.038596491228070184,调仓买入
2013-09-30,sz.002501,买入,12.65,3795.0,5.03795,Group_1,0.8456587742597752,0.013438735177865535,0.08379446640316202,-0.07114624505928857,调仓买入
2013-09-30,sz.002081,买入,21.92,2192.0,5.02192,Group_1,0.836876228923568,0.02737226277372251,0.07709854014598538,-0.02919708029197088,调仓买入
2013-09-30,sh.600280,买入,15.39,3078.0,5.03078,Group_1,0.8268874696025849,0.03378817413905133,0.2014294996751136,-0.07732293697205983,调仓买入
2013-09-30,sz.002660,买入,9.28,3711.9999999999995,5.03712,Group_1,0.815037840096269,0.04525862068965525,0.024784482758620774,-0.15409482758620685,调仓买入
2013-09-30,sz.002517,买入,12.85,3855.0,5.03855,Group_1,0.8048818064320283,0.006225680933852118,-0.008560311284046662,-0.018677042801556465,调仓买入
2013-10-31,sh.600741,卖出,10.28,4112.0,7.09712,,,,,,调仓卖出
2013-10-31,sh.600517,卖出,12.46,3738.0000000000005,6.90638,,,,,,调仓卖出
2013-10-31,sz.000982,卖出,8.04,4019.9999999999995,7.050199999999999,,,,,,调仓卖出
2013-10-31,sz.002501,卖出,12.0,3600.0,6.835999999999999,,,,,,调仓卖出
2013-10-31,sz.002081,卖出,20.81,2081.0,6.06131,,,,,,调仓卖出
2013-10-31,sh.600280,卖出,14.01,2802.0,6.4290199999999995,,,,,,调仓卖出
2013-10-31,sz.002660,卖出,7.9,3160.0,6.6116,,,,,,调仓卖出
2013-10-31,sz.002517,卖出,12.55,3765.0,6.9201500000000005,,,,,,调仓卖出
2013-10-31,sz.002252,买入,26.89,2689.0,5.02689,Group_1,0.8404609942951687,0.002603198214949698,0.002603198214949698,0.12644105615470425,调仓买入
2013-10-31,sz.002013,买入,12.94,3882.0,5.03882,Group_1,0.8404388560121873,0.009273570324574987,-0.014683153013910322,0.204791344667697,调仓买入
2013-10-31,sh.600691,买入,7.06,3530.0,5.0353,Group_1,0.8365875303938777,-0.024079320113314484,-0.04249291784702547,0.055240793201133176,调仓买入
2013-10-31,sz.002088,买入,7.69,3845.0,5.03845,Group_1,0.8357453523075998,-0.0039011703511053764,0.027308192457737412,0.1118335500650196,调仓买入
2013-10-31,sh.600810,买入,4.98,3984.0000000000005,5.03984,Group_1,0.8234123607629235,0.0060240963855420215,-0.01807228915662662,0.13253012048192758,调仓买入
2013-10-31,sh.600816,买入,14.36,2872.0,5.02872,Group_1,0.8092161700959912,0.009749303621169991,0.0,0.06615598885793883,调仓买入
2013-10-31,sz.002216,买入,20.9,2090.0,5.0209,Group_1,0.7928315310769417,0.038277511961722466,-0.016267942583732098,0.10717703349282304,调仓买入
2013-10-31,sz.000755,买入,3.78,4158.0,5.04158,Group_1,0.7881651684477977,-0.015873015873015817,-0.021164021164021052,0.042328042328042326,调仓买入
2013-11-29,sz.000532,卖出,15.13,4539.0,7.31489,,,,,,调仓卖出
2013-11-29,sh.603077,卖出,14.6,2920.0,6.4892,,,,,,调仓卖出
2013-11-29,sz.002252,卖出,31.65,3165.0,6.61415,,,,,,调仓卖出
2013-11-29,sz.002013,卖出,16.1,4830.0,7.4633,,,,,,调仓卖出
2013-11-29,sh.600691,卖出,7.34,3670.0,6.8717,,,,,,调仓卖出
2013-11-29,sz.002088,卖出,8.71,4355.0,7.22105,,,,,,调仓卖出
2013-11-29,sh.600810,卖出,5.69,4552.0,7.32152,,,,,,调仓卖出
2013-11-29,sh.600816,卖出,15.1,3020.0,6.5402,,,,,,调仓卖出
2013-11-29,sz.002216,卖出,23.3,2330.0,6.1883,,,,,,调仓卖出
2013-11-29,sz.000755,卖出,3.9,4290.0,7.187900000000001,,,,,,调仓卖出
2013-11-29,sz.000662,买入,6.49,3894.0,5.03894,Group_1,0.8618565156867986,-0.10015408320493069,-0.09861325115562414,-0.1587057010785825,调仓买入
2013-11-29,sz.002116,买入,14.17,4251.0,5.04251,Group_1,0.816774394765331,-0.026111503175723305,0.03316866619618919,0.04375441072688768,调仓买入
2013-11-29,sz.000680,买入,3.41,4092.0,5.04092,Group_1,0.7951766861686254,-0.04398826979472148,-0.008797653958944385,-0.0674486803519061,调仓买入
2013-11-29,sz.002189,买入,7.16,4296.0,5.04296,Group_1,0.7530468154214901,-0.08519553072625707,-0.037709497206704023,0.030726256983240274,调仓买入
2013-11-29,sz.002027,买入,6.34,3804.0,5.03804,Group_1,0.7324660885182948,-0.09936908517350151,-0.08990536277602523,-0.11198738170347,调仓买入
2013-11-29,sh.600623,买入,9.56,3824.0,5.03824,Group_1,0.7211234236122095,-0.05543933054393313,0.01569037656903771,-0.02092050209205032,调仓买入
2013-11-29,sz.002492,买入,16.22,3244.0,5.03244,Group_1,0.7109088813078989,-0.05178791615289757,0.06041923551171391,0.02034525277435284,调仓买入
2013-11-29,sh.600503,买入,4.59,4131.0,5.04131,Group_1,0.7102975911753249,-0.05664488017429192,-0.05446623093681913,-0.08278867102396514,调仓买入
2013-11-29,sz.002228,买入,6.3,3780.0,5.0378,Group_1,0.7069859349157196,-0.022222222222222143,0.02539682539682553,0.031746031746031855,调仓买入
2013-11-29,sh.600367,买入,8.95,3579.9999999999995,5.0358,Group_1,0.7037681089716993,-0.013407821229050154,-0.027932960893854775,-0.06592178770949719,调仓买入
2013-12-31,sz.000662,卖出,5.59,3354.0,6.71054,,,,,,调仓卖出
2013-12-31,sz.002116,卖出,14.75,4425.0,7.25675,,,,,,调仓卖出
2013-12-31,sz.000680,卖出,3.18,3816.0,6.946160000000001,,,,,,调仓卖出
2013-12-31,sz.002189,卖出,7.61,4566.0,7.328659999999999,,,,,,调仓卖出
2013-12-31,sz.002027,卖出,5.32,3192.0,6.6279200000000005,,,,,,调仓卖出
2013-12-31,sh.600623,卖出,9.6,3840.0,6.9584,,,,,,调仓卖出
2013-12-31,sz.002492,卖出,17.05,3410.0,6.7391,,,,,,调仓卖出
2013-12-31,sh.600503,卖出,4.17,3753.0,6.91403,,,,,,调仓卖出
2013-12-31,sz.002228,卖出,6.55,3930.0,7.0043,,,,,,调仓卖出
2013-12-31,sh.600367,卖出,8.45,3379.9999999999995,6.7238,,,,,,调仓卖出
2013-12-31,sz.002305,买入,7.33,3665.0,5.03665,Group_1,0.9520759581604678,-0.006821282401091366,-0.09549795361527968,-0.1268758526603001,调仓买入
2013-12-31,sz.002370,买入,16.5,3300.0,5.033,Group_1,0.9249541547600844,0.0060606060606061,0.06787878787878787,0.08969696969696983,调仓买入
2013-12-31,sh.600971,买入,7.13,3565.0,5.03565,Group_1,0.8364656080114296,-0.033660589060308554,-0.10659186535764376,-0.13323983169705478,调仓买入
2013-12-31,sh.600247,买入,4.13,4130.0,5.0413,Group_1,0.8294763787442383,-0.007263922518159882,-0.0532687651331718,-0.041162227602905554,调仓买入
2013-12-31,sz.002433,买入,15.22,3044.0,5.03044,Group_1,0.8206799013217019,0.009198423127463773,0.03153745072273306,0.15505913272010496,调仓买入
2013-12-31,sz.000615,买入,6.59,3954.0,5.03954,Group_1,0.8184047243606747,0.0015174506828528056,-0.028831562974203306,0.04855842185128978,调仓买入
2013-12-31,sh.600348,买入,7.06,4236.0,5.04236,Group_1,0.8089481731480372,-0.022662889518413443,-0.10339943342776203,-0.13031161473087816,调仓买入
2013-12-31,sz.000568,买入,20.14,4028.0,5.04028,Group_1,0.8001018549469855,-0.009433962264151052,-0.09483614697120157,-0.16087388282025827,调仓买入
2013-12-31,sz.000936,买入,3.72,4092.0,5.04092,Group_1,0.7970848088092424,-0.0026881720430108613,-0.048387096774193616,-0.048387096774193616,调仓买入
2013-12-31,sh.601398,买入,3.58,3938.0,5.03938,Group_1,0.7941384020894169,0.0,-0.0027932960893854997,-0.03910614525139666,调仓买入
2014-01-30,sz.002305,卖出,6.35,3175.0,6.61925,,,,,,调仓卖出
2014-01-30,sz.002370,卖出,19.44,3888.0000000000005,6.98288,,,,,,调仓卖出
2014-01-30,sh.600971,卖出,6.08,3040.0,6.5504,,,,,,调仓卖出
2014-01-30,sh.600247,卖出,3.83,3830.0,6.9533,,,,,,调仓卖出
2014-01-30,sz.002433,卖出,17.74,3547.9999999999995,6.80948,,,,,,调仓卖出
2014-01-30,sz.000615,卖出,6.77,4061.9999999999995,7.071619999999999,,,,,,调仓卖出
2014-01-30,sh.600348,卖出,5.99,3594.0,6.83294,,,,,,调仓卖出
2014-01-30,sz.000568,卖出,16.37,3274.0,6.669740000000001,,,,,,调仓卖出
2014-01-30,sz.000936,卖出,3.53,3883.0,6.98033,,,,,,调仓卖出
2014-01-30,sh.601398,卖出,3.41,3751.0,6.91301,,,,,,调仓卖出
2014-01-30,sz.000411,买入,9.58,3832.0,5.03832,Group_1,0.9566141975559979,0.012526096033402823,0.10229645093945727,0.2348643006263047,调仓买入
2014-01-30,sz.002001,买入,17.44,3488.0000000000005,5.03488,Group_1,0.8878265405718087,0.00917431192660545,0.06594036697247696,0.013761467889908063,调仓买入
2014-01-30,sh.600557,买入,36.39,3639.0,5.03639,Group_1,0.8787995102965013,-0.010717230008243983,-0.024182467710909705,-0.18274251167903277,调仓买入
2014-01-30,sh.600289,买入,8.23,3292.0,5.03292,Group_1,0.8740062138949334,0.048602673147023046,0.08262454434993916,0.20413122721749688,调仓买入
2014-01-30,sz.000586,买入,6.0,3600.0,5.036,Group_1,0.8665602172795107,0.020000000000000018,0.07833333333333337,0.10499999999999998,调仓买入
2014-01-30,sh.600598,买入,8.2,3279.9999999999995,5.0328,Group_1,0.8589300282229787,0.02682926829268295,0.14146341463414647,0.1609756097560977,调仓买入
2014-01-30,sz.002651,买入,17.57,3514.0,5.03514,Group_1,0.8450993851422105,0.021058622652248227,0.14114968696642016,0.01081388730791133,调仓买入
2014-01-30,sh.601890,买入,6.33,3798.0,5.03798,Group_1,0.8269397571841477,0.04265402843601884,0.05845181674565558,0.08372827804107419,调仓买入
2014-01-30,sh.600173,买入,2.7,3780.0000000000005,5.0378,Group_1,0.8183559751879113,0.0,0.025925925925925908,0.45925925925925903,调仓买入
2014-02-28,sz.000411,卖出,11.7,4680.0,7.3868,,,,,,调仓卖出
2014-02-28,sz.002001,卖出,17.98,3596.0,6.83396,,,,,,调仓卖出
2014-02-28,sh.600557,卖出,31.95,3195.0,6.62945,,,,,,调仓卖出
2014-02-28,sh.600289,卖出,9.42,3768.0,6.92168,,,,,,调仓卖出
2014-02-28,sz.000586,卖出,6.59,3954.0,7.01654,,,,,,调仓卖出
2014-02-28,sh.600598,卖出,9.29,3715.9999999999995,6.89516,,,,,,调仓卖出
2014-02-28,sz.002651,卖出,18.44,3688.0000000000005,6.88088,,,,,,调仓卖出
2014-02-28,sh.601890,卖出,6.71,4026.0,7.05326,,,,,,调仓卖出
2014-02-28,sh.600173,卖出,4.0,5600.0,7.856,,,,,,调仓卖出
2014-02-28,sh.600639,买入,10.15,4060.0,5.0406,Group_1,0.8909132721074585,0.029556650246305383,0.0472906403940887,0.05221674876847282,调仓买入
2014-02-28,sh.600109,买入,20.51,4102.0,5.04102,Group_1,0.8835547015177957,0.0,0.076060458313018,-0.08239882983910296,调仓买入
2014-02-28,sz.002437,买入,43.98,4398.0,5.04398,Group_1,0.8725077673790731,0.006366530241018742,0.06821282401091411,0.1687130513869941,调仓买入
2014-02-28,sh.601633,买入,30.89,3089.0,5.03089,Group_1,0.8484592130942602,-0.0048559404337974454,-0.002589834898025334,0.06377468436387179,调仓买入
2014-02-28,sz.000912,买入,5.12,4096.0,5.04096,Group_1,0.8454220120034363,0.015625,0.01953125,0.05859375,调仓买入
2014-02-28,sh.600329,买入,12.17,3651.0,5.03651,Group_1,0.8418410246396396,0.021364009860312283,-0.019720624486442073,0.004930156121610629,调仓买入
2014-02-28,sz.000715,买入,12.1,3630.0,5.0363,Group_1,0.8319044443388494,0.004132231404958775,0.07190082644628104,-0.004132231404958553,调仓买入
2014-02-28,sz.002563,买入,28.89,2889.0,5.02889,Group_1,0.8296191733604815,-0.005538248528902723,-0.014884042921426088,0.054690204222914485,调仓买入
2014-02-28,sz.002699,买入,36.78,3678.0,5.03678,Group_1,0.8259850394430492,0.04676454594888524,0.011147362697117913,-0.039151712887438794,调仓买入
2014-02-28,sz.002124,买入,8.04,4019.9999999999995,5.0402,Group_1,0.8242683908715447,0.01990049751243772,-0.007462686567163979,-0.01741293532338295,调仓买入
2014-03-31,sh.600639,卖出,10.21,4084.0000000000005,7.082840000000001,,,,,,调仓卖出
2014-03-31,sh.600109,卖出,18.62,3724.0,6.89924,,,,,,调仓卖出
2014-03-31,sz.002437,卖出,53.26,5326.0,7.71626,,,,,,调仓卖出
2014-03-31,sh.601633,卖出,32.47,3247.0,6.65597,,,,,,调仓卖出
2014-03-31,sz.000912,卖出,5.42,4336.0,7.21136,,,,,,调仓卖出
2014-03-31,sh.600329,卖出,11.93,3579.0,6.825290000000001,,,,,,调仓卖出
2014-03-31,sz.000715,卖出,11.79,3536.9999999999995,6.80387,,,,,,调仓卖出
2014-03-31,sz.002563,卖出,30.28,3028.0,6.5442800000000005,,,,,,调仓卖出
2014-03-31,sz.002699,卖出,33.9,3390.0,6.7289,,,,,,调仓卖出
2014-03-31,sz.002124,卖出,8.06,4030.0000000000005,7.055300000000001,,,,,,调仓卖出
2014-03-31,sz.002125,买入,9.14,3656.0,5.03656,Group_1,0.9029127469752036,-0.01750547045951867,0.06673960612691454,-0.11050328227571116,调仓买入
2014-03-31,sh.601111,买入,3.44,4472.0,5.04472,Group_1,0.8194708171137661,0.005813953488372103,0.02034883720930236,-0.03197674418604646,调仓买入
2014-03-31,sz.002103,买入,8.13,4065.0000000000005,5.04065,Group_1,0.8086646536381134,-0.0012300123001232066,0.035670356703567,0.17343173431734304,调仓买入
2014-03-31,sh.600193,买入,5.43,4344.0,5.04344,Group_1,0.797775796656613,0.05524861878453047,0.08839779005524862,-0.0662983425414364,调仓买入
2014-03-31,sh.600022,买入,1.61,4347.0,5.04347,Group_1,0.797774387071267,0.006211180124223503,0.012422360248447006,-0.05590062111801242,调仓买入
2014-03-31,sz.002312,买入,25.2,2520.0,5.0252,Group_1,0.7897149676442962,0.0,0.016269841269841212,-0.19206349206349205,调仓买入
2014-03-31,sz.002296,买入,23.6,2360.0,5.0236,Group_1,0.7836440830707562,0.05338983050847457,0.11779661016949139,-0.025423728813559365,调仓买入
2014-03-31,sh.600818,买入,17.84,3568.0,5.03568,Group_1,0.7833151058041633,0.02298206278026904,0.033071748878923835,0.036995515695067205,调仓买入
2014-03-31,sz.002370,买入,16.68,3336.0,5.03336,Group_1,0.7728312211432444,0.01318944844124692,0.04136690647482033,-0.06294964028776973,调仓买入
2014-03-31,sz.002622,买入,13.8,4140.0,5.0414,Group_1,0.7599974118475676,0.016666666666666607,0.032608695652173836,-0.07246376811594202,调仓买入
2014-04-30,sz.002125,卖出,8.26,3304.0,6.68504,,,,,,调仓卖出
2014-04-30,sh.601111,卖出,3.31,4303.0,7.19453,,,,,,调仓卖出
2014-04-30,sz.002103,卖出,9.73,4865.0,7.48115,,,,,,调仓卖出
2014-04-30,sh.600022,卖出,1.53,4131.0,7.10681,,,,,,调仓卖出
2014-04-30,sz.002312,卖出,20.17,2017.0000000000002,6.02867,,,,,,调仓卖出
2014-04-30,sz.002296,卖出,23.29,2329.0,6.187790000000001,,,,,,调仓卖出
2014-04-30,sh.600818,卖出,18.3,3660.0,6.8666,,,,,,调仓卖出
2014-04-30,sz.002370,卖出,16.16,3232.0,6.64832,,,,,,调仓卖出
2014-04-30,sz.002622,卖出,12.93,3879.0,6.978289999999999,,,,,,调仓卖出
2014-04-30,sz.002435,买入,7.68,3840.0,5.0384,Group_1,0.9720522314477199,0.00390625,-0.0078125,0.02604166666666674,调仓买入
2014-04-30,sz.002542,买入,7.34,4404.0,5.04404,Group_1,0.9386444706369724,0.05994550408719346,0.18528610354223418,0.3024523160762944,调仓买入
2014-04-30,sh.600536,买入,27.38,2738.0,5.02738,Group_1,0.8966570118018499,0.001095690284879547,-0.0829072315558802,-0.17896274653031408,调仓买入
2014-04-30,sz.000721,买入,3.6,4320.0,5.0432,Group_1,0.8951502431573563,0.030555555555555447,0.005555555555555536,0.03611111111111098,调仓买入
2014-04-30,sz.002255,买入,11.29,3386.9999999999995,5.03387,Group_1,0.8811998438483225,0.0008857395925598865,-0.041629760850309894,-0.051372896368467535,调仓买入
2014-04-30,sh.600452,买入,8.88,3552.0000000000005,5.03552,Group_1,0.8702630972909842,0.010135135135135087,-0.024774774774774855,-0.007882882882882969,调仓买入
2014-04-30,sz.002631,买入,8.42,4210.0,5.0421,Group_1,0.8642849544091749,0.0035629453681709222,-0.04988123515439424,-0.061757719714964354,调仓买入
2014-04-30,sz.002702,买入,11.68,3504.0,5.03504,Group_1,0.8628339582874471,0.024828767123287854,0.05308219178082196,0.1986301369863015,调仓买入
2014-04-30,sz.002433,买入,9.7,3879.9999999999995,5.0388,Group_1,0.8623320922884727,0.030927835051546504,0.016494845360824684,-0.007216494845360688,调仓买入
2014-05-30,sh.600193,卖出,6.03,4824.0,7.46024,,,,,,调仓卖出
2014-05-30,sz.002435,卖出,7.88,3940.0,7.009399999999999,,,,,,调仓卖出
2014-05-30,sz.002542,卖出,9.56,5736.0,7.9253599999999995,,,,,,调仓卖出
2014-05-30,sh.600536,卖出,22.48,2248.0,6.14648,,,,,,调仓卖出
2014-05-30,sz.000721,卖出,3.73,4476.0,7.28276,,,,,,调仓卖出
2014-05-30,sz.002255,卖出,10.71,3213.0000000000005,6.638630000000001,,,,,,调仓卖出
2014-05-30,sh.600452,卖出,8.81,3524.0,6.79724,,,,,,调仓卖出
2014-05-30,sz.002631,卖出,7.9,3950.0,7.0145,,,,,,调仓卖出
2014-05-30,sz.002702,卖出,14.0,4200.0,7.1419999999999995,,,,,,调仓卖出
2014-05-30,sz.002433,卖出,9.63,3852.0000000000005,6.96452,,,,,,调仓卖出
2014-05-30,sz.002227,买入,18.85,3770.0000000000005,5.0377,Group_1,0.935145037691217,-0.033952254641909874,-0.016445623342175142,0.04244031830238715,调仓买入
2014-05-30,sz.002261,买入,17.57,3514.0,5.03514,Group_1,0.908925285757605,0.0022766078542970636,-0.00626067159931698,0.07228229937393271,调仓买入
2014-05-30,sh.600048,买入,5.02,4518.0,5.04518,Group_1,0.9053301250286215,-0.003984063745019806,0.0239043824701195,-0.01195219123505964,调仓买入
2014-05-30,sz.002698,买入,24.08,2408.0,5.02408,Group_1,0.8898256566723992,0.012873754152824102,0.01744186046511631,0.03488372093023262,调仓买入
2014-05-30,sz.002616,买入,15.42,3084.0,5.03084,Group_1,0.8894572916285325,-0.0025940337224383825,0.031128404669260812,0.0914396887159532,调仓买入
2014-05-30,sz.002452,买入,7.69,3845.0,5.03845,Group_1,0.8814546771466086,0.006501950585175553,0.03771131339401812,0.07802340702210642,调仓买入
2014-05-30,sz.000413,买入,8.06,4030.0000000000005,5.0403,Group_1,0.8748748120850235,0.001240694789081953,-0.00992555831265507,-0.06947890818858571,调仓买入
2014-05-30,sz.002303,买入,20.63,4126.0,5.04126,Group_1,0.8657552376941279,-0.00581677169171102,0.040232670867668574,-0.4677653902084342,调仓买入
2014-05-30,sh.600526,买入,9.03,4515.0,5.04515,Group_1,0.8505969368514803,-0.009966777408637828,-0.024363233665559147,-0.029900332225913595,调仓买入
2014-05-30,sz.002384,买入,20.64,4128.0,5.04128,Group_1,0.8378194058113024,0.010174418604651292,-0.012596899224806224,-0.5101744186046512,调仓买入
2014-06-30,sz.002227,卖出,19.65,3929.9999999999995,7.0043,,,,,,调仓卖出
2014-06-30,sz.002261,卖出,18.84,3768.0,6.92168,,,,,,调仓卖出
2014-06-30,sh.600048,卖出,4.96,4464.0,7.27664,,,,,,调仓卖出
2014-06-30,sz.002698,卖出,24.92,2492.0,6.27092,,,,,,调仓卖出
2014-06-30,sz.002616,卖出,16.83,3365.9999999999995,6.71666,,,,,,调仓卖出
2014-06-30,sz.002452,卖出,8.29,4145.0,7.113950000000001,,,,,,调仓卖出
2014-06-30,sz.000413,卖出,7.5,3750.0,6.9125,,,,,,调仓卖出
2014-06-30,sz.002303,卖出,10.98,2196.0,6.11996,,,,,,调仓卖出
2014-06-30,sh.600526,卖出,8.76,4380.0,7.2338000000000005,,,,,,调仓卖出
2014-06-30,sz.002384,卖出,10.11,2022.0,6.03122,,,,,,调仓卖出
2014-06-30,sh.600373,买入,14.0,4200.0,5.042,Group_1,0.9697491564301575,-0.017142857142857126,0.0035714285714285587,-0.07999999999999996,调仓买入
2014-06-30,sz.002116,买入,10.99,3297.0,5.03297,Group_1,0.9343633404967252,-0.010009099181073622,-0.048225659690627753,0.1000909918107371,调仓买入
2014-06-30,sh.603000,买入,39.19,3919.0,5.03919,Group_1,0.9296067485225266,0.0022965042102578437,-0.005613676958407754,-0.1587139576422557,调仓买入
2014-06-30,sz.002566,买入,13.41,4023.0,5.04023,Group_1,0.9123515465108066,0.028337061894108784,0.11260253542132737,0.09619686800894844,调仓买入
2014-06-30,sz.002447,买入,12.29,3686.9999999999995,5.03687,Group_1,0.8843406563069236,0.018714401952807158,0.017087062652563212,0.10170870626525641,调仓买入
2014-06-30,sh.600261,买入,9.88,3952.0000000000005,5.03952,Group_1,0.8733533123988163,-0.012145748987854366,-0.043522267206477894,-0.06376518218623484,调仓买入
2014-06-30,sz.002216,买入,18.05,3610.0,5.0361,Group_1,0.8529419065942181,0.008310249307479145,0.11689750692520762,0.024930747922437657,调仓买入
2014-07-31,sh.600373,卖出,13.18,3954.0,7.01654,,,,,,调仓卖出
2014-07-31,sz.002116,卖出,12.4,3720.0,6.897200000000001,,,,,,调仓卖出
2014-07-31,sh.603000,卖出,34.1,3410.0,6.7391,,,,,,调仓卖出
2014-07-31,sz.002566,卖出,15.14,4542.0,7.31642,,,,,,调仓卖出
2014-07-31,sz.002447,卖出,14.34,4302.0,7.19402,,,,,,调仓卖出
2014-07-31,sh.600261,卖出,9.71,3884.0000000000005,6.980840000000001,,,,,,调仓卖出
2014-07-31,sz.002216,卖出,18.71,3742.0,6.90842,,,,,,调仓卖出
2014-07-31,sh.600567,买入,2.06,4120.0,5.0412,Group_1,0.9013636625088095,-0.01941747572815533,0.029126213592232997,0.043689320388349495,调仓买入
2014-07-31,sz.002502,买入,13.92,4176.0,5.04176,Group_1,0.8472054939519921,0.004310344827586299,-0.02442528735632188,0.10775862068965525,调仓买入
2014-07-31,sh.600617,买入,18.16,3632.0,5.03632,Group_1,0.834259563711368,0.030286343612334843,0.13436123348017626,0.06442731277533031,调仓买入
2014-07-31,sz.002310,买入,17.14,3428.0,5.03428,Group_1,0.8337312412915231,-0.013418903150525074,0.019253208868144522,0.05484247374562412,调仓买入
2014-07-31,sz.002591,买入,7.51,3755.0,5.03755,Group_1,0.8196478333663172,-0.02130492676431428,0.051930758988016024,0.11584553928095875,调仓买入
2014-07-31,sz.000633,买入,5.95,4165.0,5.04165,Group_1,0.8183582805638817,0.03361344537815136,0.04033613445378159,0.17647058823529416,调仓买入
2014-07-31,sz.000638,买入,5.45,3815.0,5.03815,Group_1,0.8167995772230546,-0.012844036697247763,-0.012844036697247763,0.01284403669724754,调仓买入
2014-07-31,sh.600839,买入,3.31,3972.0,5.03972,Group_1,0.8116536765619707,-0.012084592145015116,0.0060422960725075026,0.12990936555891253,调仓买入
2014-07-31,sh.600986,买入,6.08,4256.0,5.04256,Group_1,0.8091654469732776,-0.019736842105263164,-0.050986842105263275,0.1595394736842104,调仓买入
2014-08-29,sh.600567,卖出,2.16,4320.0,7.2032,,,,,,调仓卖出
2014-08-29,sz.002502,卖出,15.74,4722.0,7.40822,,,,,,调仓卖出
2014-08-29,sh.600617,卖出,19.15,3829.9999999999995,6.9533,,,,,,调仓卖出
2014-08-29,sz.002310,卖出,18.1,3620.0000000000005,6.8462000000000005,,,,,,调仓卖出
2014-08-29,sz.002591,卖出,8.4,4200.0,7.1419999999999995,,,,,,调仓卖出
2014-08-29,sz.000633,卖出,7.05,4935.0,7.516850000000001,,,,,,调仓卖出
2014-08-29,sz.000638,卖出,5.63,3941.0,7.0099100000000005,,,,,,调仓卖出
2014-08-29,sh.600839,卖出,3.78,4536.0,7.313359999999999,,,,,,调仓卖出
2014-08-29,sz.002717,买入,25.43,2543.0,5.02543,Group_1,0.8964720818715144,0.008257963035784632,0.11561148250098308,0.059771922925678345,调仓买入
2014-08-29,sz.002240,买入,24.1,2410.0,5.0241,Group_1,0.8960270754121527,-0.0012448132780082943,0.012863070539419041,-0.019087136929460624,调仓买入
2014-08-29,sh.600186,买入,2.9,4350.0,5.0435,Group_1,0.8782548178165637,0.017241379310344973,0.04482758620689653,0.3448275862068966,调仓买入
2014-08-29,sz.002101,买入,16.79,3358.0,5.03358,Group_1,0.8483368474418168,0.00655151876116733,0.0708755211435379,0.2477665276950567,调仓买入
2014-08-29,sz.000587,买入,11.34,4536.0,5.04536,Group_1,0.8267611247281741,0.03880070546737202,0.061728395061728225,0.10758377425044108,调仓买入
2014-08-29,sh.600081,买入,13.38,4014.0000000000005,5.04014,Group_1,0.80341108894976,0.014200298953662038,0.039611360239162785,0.05156950672645744,调仓买入
2014-08-29,sz.002341,买入,20.6,4120.0,5.0412,Group_1,0.7913376411840365,0.000970873786407811,-0.002912621359223433,0.03300970873786402,调仓买入
2014-08-29,sh.600259,买入,43.45,4345.0,5.04345,Group_1,0.7910428779030385,0.016110471806674243,0.05546605293440732,0.03958573072497118,调仓买入
2014-08-29,sz.002638,买入,16.18,3236.0,5.03236,Group_1,0.7791826460186064,0.022867737948084166,0.046971569839307836,0.1248454882571075,调仓买入
2014-09-30,sz.002717,卖出,26.99,2699.0,6.3764899999999995,,,,,,调仓卖出
2014-09-30,sz.002240,卖出,23.99,2399.0,6.22349,,,,,,调仓卖出
2014-09-30,sh.600186,卖出,3.89,5835.0,7.975849999999999,,,,,,调仓卖出
2014-09-30,sz.002101,卖出,21.95,4390.0,7.238899999999999,,,,,,调仓卖出
2014-09-30,sz.000587,卖出,12.62,5048.0,7.57448,,,,,,调仓卖出
2014-09-30,sh.600081,卖出,14.1,4230.0,7.1573,,,,,,调仓卖出
2014-09-30,sh.600259,卖出,44.07,4407.0,7.24757,,,,,,调仓卖出
2014-09-30,sz.002638,卖出,18.2,3640.0,6.856400000000001,,,,,,调仓卖出
2014-09-30,sh.601377,买入,6.41,5128.0,5.05128,Group_1,0.9731685165100569,0.0015600624024960652,-0.032761310452418035,0.043681747269890936,调仓买入
2014-09-30,sz.002345,买入,9.76,4880.0,5.0488,Group_1,0.9669840558644167,0.023565573770491843,-0.006147540983606592,-0.06249999999999989,调仓买入
2014-09-30,sz.000861,买入,7.59,4554.0,5.04554,Group_1,0.9358624363332512,0.040843214756258295,0.11989459815546777,0.09222661396574439,调仓买入
2014-09-30,sz.002544,买入,17.49,3497.9999999999995,5.03498,Group_1,0.9259910936238892,-0.01829616923956523,-0.01829616923956523,0.07890222984562612,调仓买入
2014-09-30,sz.002033,买入,14.54,4362.0,5.04362,Group_1,0.9149871446459558,-0.02957359009628613,-0.03232462173314987,-0.031636863823933936,调仓买入
2014-09-30,sz.000593,买入,8.68,4340.0,5.0434,Group_1,0.908364900885087,0.008064516129032251,0.0,-0.031105990783410142,调仓买入
2014-09-30,sh.600312,买入,13.76,4128.0,5.04128,Group_1,0.8642967794499974,-0.0007267441860464574,-0.016715116279069853,0.0007267441860465684,调仓买入
2014-09-30,sz.000883,买入,4.61,5071.0,5.05071,Group_1,0.861592958171073,-0.004338394793926392,0.08459869848156165,0.2754880694143167,调仓买入
2014-10-31,sh.601377,卖出,6.45,5160.0,7.6316,,,,,,调仓卖出
2014-10-31,sz.002345,卖出,9.28,4640.0,7.3664000000000005,,,,,,调仓卖出
2014-10-31,sz.000861,卖出,8.46,5076.000000000001,7.588760000000001,,,,,,调仓卖出
2014-10-31,sz.002544,卖出,18.85,3770.0000000000005,6.922700000000001,,,,,,调仓卖出
2014-10-31,sz.002033,卖出,14.17,4251.0,7.168010000000001,,,,,,调仓卖出
2014-10-31,sz.000593,卖出,8.36,4180.0,7.1318,,,,,,调仓卖出
2014-10-31,sh.600312,卖出,13.41,4023.0,7.05173,,,,,,调仓卖出
2014-10-31,sz.000883,卖出,5.65,6215.0,8.16965,,,,,,调仓卖出
2014-10-31,sz.002296,买入,19.19,3838.0000000000005,5.03838,Group_1,0.9694736297399313,0.008337675872850392,0.02449192287649815,-0.07712350182386662,调仓买入
2014-10-31,sz.000803,买入,14.09,4227.0,5.04227,Group_1,0.8891636286936159,-0.0014194464158977516,0.017033356990773685,0.02838892831795592,调仓买入
2014-10-31,sh.600823,买入,10.3,5150.0,5.0515,Group_1,0.864458819281333,0.010679611650485477,-0.010679611650485588,0.18543689320388346,调仓买入
2014-10-31,sh.600148,买入,27.05,2705.0,5.02705,Group_1,0.8558634717162872,0.0,0.026247689463955615,-0.22144177449168212,调仓买入
2014-10-31,sh.600069,买入,4.93,4930.0,5.0493,Group_1,0.8494502946676471,0.028397565922920975,-0.020283975659229125,0.04462474645030445,调仓买入
2014-10-31,sh.600109,买入,12.76,5104.0,5.05104,Group_1,0.8478189718264427,0.005485893416927956,0.059561128526645746,0.3377742946708464,调仓买入
2014-10-31,sh.600403,买入,6.53,5224.0,5.05224,Group_1,0.8244733425853865,0.006125574272588086,-0.0214395099540583,0.021439509954058078,调仓买入
2014-10-31,sz.002534,买入,18.99,3797.9999999999995,5.03798,Group_1,0.8189487050887071,0.014218009478673244,0.0005265929436546468,0.0005265929436546468,调仓买入
2014-11-28,sz.002296,卖出,17.71,3542.0,6.80642,,,,,,调仓卖出
2014-11-28,sz.000803,卖出,14.49,4347.0,7.21697,,,,,,调仓卖出
2014-11-28,sh.600823,卖出,12.21,6105.0,8.11355,,,,,,调仓卖出
2014-11-28,sh.600148,卖出,21.06,2106.0,6.07406,,,,,,调仓卖出
2014-11-28,sh.600069,卖出,5.15,5150.0,7.6265,,,,,,调仓卖出
2014-11-28,sh.600109,卖出,17.07,6828.0,8.48228,,,,,,调仓卖出
2014-11-28,sh.600403,卖出,6.67,5336.0,7.72136,,,,,,调仓卖出
2014-11-28,sh.600520,买入,16.81,5043.0,5.05043,Group_1,0.9160474170203615,-0.01487209994051164,0.07792980368828095,-0.06543723973825089,调仓买入
2014-11-28,sz.002618,买入,33.69,3369.0,5.03369,Group_1,0.8863823108532813,-0.00385871178391195,-0.05609973285841485,-0.2270703472840605,调仓买入
2014-11-28,sz.002602,买入,23.86,4772.0,5.04772,Group_1,0.8805750011690585,-0.012573344509639539,0.11399832355406536,0.11399832355406536,调仓买入
2014-11-28,sz.000503,买入,28.26,5652.0,5.05652,Group_1,0.8625738945099113,0.01733899504600145,0.03503184713375784,0.12101910828025475,调仓买入
2014-11-28,sh.600985,买入,17.94,5382.0,5.05382,Group_1,0.8624306543708441,-0.047937569676700265,-0.07748049052396877,0.011148272017837302,调仓买入
2014-11-28,sz.002035,买入,13.55,5420.0,5.0542,Group_1,0.8565663918774292,-0.01623616236162362,-0.01697416974169741,-0.07822878228782293,调仓买入
2014-11-28,sh.600671,买入,15.96,4788.0,5.04788,Group_1,0.8367305267107887,-0.02130325814536349,-0.022556390977443663,-0.06328320802005027,调仓买入
2014-12-31,sz.002341,卖出,16.02,3204.0,6.634040000000001,,,,,,调仓卖出
2014-12-31,sz.002534,卖出,18.29,3658.0,6.86558,,,,,,调仓卖出
2014-12-31,sz.002618,卖出,26.1,2610.0,6.331099999999999,,,,,,调仓卖出
2014-12-31,sz.000503,卖出,31.28,6256.0,8.190560000000001,,,,,,调仓卖出
2014-12-31,sh.600985,卖出,16.96,5088.0,7.59488,,,,,,调仓卖出
2014-12-31,sz.002035,卖出,12.06,4824.0,7.46024,,,,,,调仓卖出
2014-12-31,sh.600671,卖出,14.85,4455.0,7.27205,,,,,,调仓卖出
2014-12-31,sz.000693,买入,24.21,4842.0,5.04842,Group_1,0.9073759588963733,0.007847996695580228,-0.061131763733994204,-0.15076414704667496,调仓买入
2014-12-31,sz.002460,买入,15.08,4524.0,5.04524,Group_1,0.8839663408118975,0.05968169761273212,0.05503978779840857,0.17572944297082227,调仓买入
2014-12-31,sh.601700,买入,13.7,4110.0,5.0411,Group_1,0.8783908682307634,0.03065693430656924,0.10218978102189791,0.5233576642335769,调仓买入
2014-12-31,sz.002405,买入,19.53,3906.0,5.03906,Group_1,0.8740162640144467,-0.0256016385048643,0.0035842293906809264,0.18637992831541217,调仓买入
2014-12-31,sz.002309,买入,18.83,3765.9999999999995,5.03766,Group_1,0.8713830036372927,0.0026553372278279586,0.043547530536378165,0.07966011683483809,调仓买入
2014-12-31,sz.002502,买入,12.18,4872.0,5.04872,Group_1,0.8639276990312421,0.028735632183908066,0.11165845648604256,0.17487684729064057,调仓买入
2014-12-31,sh.600356,买入,7.98,4788.0,5.04788,Group_1,0.80332935606572,0.015037593984962294,0.007518796992481036,0.070175438596491,调仓买入
2015-01-30,sh.600986,卖出,13.15,9205.0,9.69455,,,,,,调仓卖出
2015-01-30,sh.600520,卖出,15.14,4542.0,7.31642,,,,,,调仓卖出
2015-01-30,sz.000693,卖出,20.56,4112.0,7.09712,,,,,,调仓卖出
2015-01-30,sz.002460,卖出,17.73,5319.0,7.71269,,,,,,调仓卖出
2015-01-30,sh.601700,卖出,20.87,6261.0,8.19311,,,,,,调仓卖出
2015-01-30,sz.002405,卖出,23.17,4634.0,7.36334,,,,,,调仓卖出
2015-01-30,sz.002309,卖出,20.33,4065.9999999999995,7.07366,,,,,,调仓卖出
2015-01-30,sz.002502,卖出,14.31,5724.0,7.91924,,,,,,调仓卖出
2015-01-30,sh.600356,卖出,8.54,5123.999999999999,7.613239999999999,,,,,,调仓卖出
2015-01-30,sz.002336,买入,10.61,5305.0,5.05305,Group_1,0.9674210303377022,0.007540056550424223,-0.004712535344014945,0.08294062205466557,调仓买入
2015-01-30,sz.000906,买入,16.01,4803.000000000001,5.04803,Group_1,0.9559321919695999,-0.09993753903810132,-0.1255465334166147,0.04434728294815726,调仓买入
2015-01-30,sz.000153,买入,11.62,5810.0,5.0581,Group_1,0.9447266463250957,-0.03614457831325302,-0.0103270223752151,0.10068846815834775,调仓买入
2015-01-30,sh.600030,买入,27.86,5572.0,5.05572,Group_1,0.8837986315089752,-0.033740129217516124,0.016152189519023752,0.008973438621679763,调仓买入
2015-01-30,sz.002479,买入,9.29,5573.999999999999,5.05574,Group_1,0.8744327544188245,-0.027987082884822323,-0.04090419806243262,0.12163616792249732,调仓买入
2015-01-30,sz.002289,买入,18.54,5562.0,5.05562,Group_1,0.8407772719068927,-0.03505933117583593,-0.07497303128371091,0.03290183387270762,调仓买入
2015-01-30,sz.002009,买入,20.0,6000.0,5.06,Group_1,0.8289595893991288,-0.04499999999999993,-0.057499999999999885,0.07250000000000001,调仓买入
2015-01-30,sz.002452,买入,16.05,4815.0,5.04815,Group_1,0.8184849864269792,-0.0037383177570093906,0.0012461059190029822,0.052959501557632294,调仓买入
2015-01-30,sh.600201,买入,46.15,4615.0,5.04615,Group_1,0.8182370316328167,0.042036836403033684,0.02600216684723744,0.10335861321776818,调仓买入
2015-02-27,sz.002336,卖出,11.15,5575.0,7.843249999999999,,,,,,调仓卖出
2015-02-27,sz.000906,卖出,14.57,4371.0,7.22921,,,,,,调仓卖出
2015-02-27,sz.000153,卖出,11.95,5975.0,8.04725,,,,,,调仓卖出
2015-02-27,sh.600030,卖出,29.53,5906.0,8.01206,,,,,,调仓卖出
2015-02-27,sz.002479,卖出,9.91,5946.0,8.03246,,,,,,调仓卖出
2015-02-27,sz.002289,卖出,18.33,5498.999999999999,7.8044899999999995,,,,,,调仓卖出
2015-02-27,sz.002009,卖出,19.11,5733.0,7.923830000000001,,,,,,调仓卖出
2015-02-27,sz.002452,卖出,17.5,5250.0,7.6775,,,,,,调仓卖出
2015-02-27,sh.600201,卖出,50.28,5028.0,7.56428,,,,,,调仓卖出
2015-02-27,sz.000925,买入,23.05,4610.0,5.0461,Group_1,0.9589785039025847,0.026464208242950038,0.0004338394793925726,0.06898047722342726,调仓买入
2015-02-27,sz.002554,买入,11.92,5960.0,5.0596,Group_1,0.9079445582066247,0.02097315436241609,0.01342281879194629,0.14848993288590595,调仓买入
2015-02-27,sz.002026,买入,10.04,6023.999999999999,5.06024,Group_1,0.9070043267921261,0.02290836653386452,0.0029880478087651596,0.32470119521912366,调仓买入
2015-02-27,sh.600533,买入,4.66,6058.0,5.06058,Group_1,0.9062883300141854,0.008583690987124415,-0.0021459227467810482,0.17381974248927023,调仓买入
2015-02-27,sh.600119,买入,17.11,5133.0,5.05133,Group_1,0.8859353855798803,-0.0023378141437755406,-0.036236119228521435,0.47457627118644075,调仓买入
2015-02-27,sh.600051,买入,9.45,5670.0,5.0567,Group_1,0.8640356342087553,0.017989417989418,0.04550264550264571,0.18518518518518512,调仓买入
2015-02-27,sz.000671,买入,16.94,5082.0,5.05082,Group_1,0.860420933938727,-0.011806375442739214,-0.04132231404958697,0.18417945690672943,调仓买入
2015-02-27,sz.000402,买入,10.09,6054.0,5.06054,Group_1,0.8559934881022124,0.0049554013875123815,-0.05153617443012881,0.110009910802775,调仓买入
2015-03-31,sz.000925,卖出,24.59,4918.0,7.508179999999999,,,,,,调仓卖出
2015-03-31,sz.002554,卖出,13.91,6955.0,8.547049999999999,,,,,,调仓卖出
2015-03-31,sz.002026,卖出,14.16,8496.0,9.33296,,,,,,调仓卖出
2015-03-31,sh.600533,卖出,5.53,7189.0,8.66639,,,,,,调仓卖出
2015-03-31,sh.600119,卖出,25.12,7536.0,8.84336,,,,,,调仓卖出
2015-03-31,sh.600051,卖出,10.73,6438.0,8.28338,,,,,,调仓卖出
2015-03-31,sz.000402,卖出,11.91,7146.0,8.64446,,,,,,调仓卖出
2015-03-31,sz.002661,买入,41.85,4185.0,5.04185,Group_1,0.9282373436299578,0.1001194743130227,0.12449223416965349,0.06021505376344072,调仓买入
2015-03-31,sh.600330,买入,15.69,6276.0,5.06276,Group_1,0.8794182479805652,0.026131293817718504,0.0994263862332696,0.001274697259400881,调仓买入
2015-03-31,sz.002175,买入,63.43,6343.0,5.06343,Group_1,0.8660185202628118,0.04067475957748701,0.2139366230490305,0.48179095065426436,调仓买入
2015-03-31,sh.600421,买入,10.97,6582.0,5.06582,Group_1,0.848154682258411,0.07292616226071091,0.16408386508659967,0.5487693710118502,调仓买入
2015-03-31,sz.002371,买入,30.61,6122.0,5.06122,Group_1,0.8284075021146664,0.0029402156158118142,0.038876184253511914,0.1238157464880758,调仓买入
2015-03-31,sz.002245,买入,11.67,7002.0,5.07002,Group_1,0.8276865037831506,0.0008568980291345785,-0.027420736932305068,-0.08997429305912608,调仓买入
2015-03-31,sz.002223,买入,36.38,7276.000000000001,5.07276,Group_1,0.7964198819386272,0.010170423309510568,0.11599780098955459,0.2559098405717426,调仓买入
2015-03-31,sz.002164,买入,8.87,7095.999999999999,5.07096,Group_1,0.7856272370418835,0.004509582863585271,0.20856820744081195,0.5839909808342731,调仓买入
2015-04-30,sz.000671,卖出,25.89,7767.0,8.961170000000001,,,,,,调仓卖出
2015-04-30,sz.002661,卖出,45.14,4514.0,7.30214,,,,,,调仓卖出
2015-04-30,sh.600330,卖出,15.75,6300.0,8.213,,,,,,调仓卖出
2015-04-30,sz.002175,卖出,102.6,10260.0,10.2326,,,,,,调仓卖出
2015-04-30,sh.600421,卖出,16.71,10026.0,10.11326,,,,,,调仓卖出
2015-04-30,sz.002371,卖出,36.57,7314.0,8.73014,,,,,,调仓卖出
2015-04-30,sz.002245,卖出,10.51,6306.0,8.21606,,,,,,调仓卖出
2015-04-30,sz.002223,卖出,47.66,9532.0,9.86132,,,,,,调仓卖出
2015-04-30,sz.002164,卖出,13.72,10976.0,10.597760000000001,,,,,,调仓卖出
2015-04-30,sz.002050,买入,11.3,9040.0,5.0904,Group_1,0.9724910913935944,-0.009734513274336387,-0.059292035398230025,0.5495575221238937,调仓买入
2015-04-30,sz.000639,买入,13.97,8382.0,5.08382,Group_1,0.9421826547756074,0.03435934144595554,0.0035790980672869566,0.1918396564065854,调仓买入
2015-04-30,sz.002216,买入,15.41,7705.0,5.07705,Group_1,0.9363500132000684,-0.026606099935107097,-0.016223231667748195,0.4633354964308891,调仓买入
2015-04-30,sz.000656,买入,8.3,8300.0,5.083,Group_1,0.9352251853010716,-0.013253012048192958,-0.09518072289156632,0.12891566265060228,调仓买入
2015-04-30,sz.002726,买入,14.46,8676.0,5.08676,Group_1,0.9236225789542677,-0.011065006915629283,-0.017980636237897807,0.3623789764868601,调仓买入
2015-04-30,sz.002597,买入,11.56,8092.0,5.08092,Group_1,0.9084955402263497,-0.00865051903114189,-0.06487889273356406,0.07871972318339093,调仓买入
2015-04-30,sz.002743,买入,30.8,6160.0,5.0616,Group_1,0.9007365864493867,-0.026298701298701377,-0.01461038961038963,0.6525974025974026,调仓买入
2015-04-30,sz.000810,买入,23.39,7017.0,5.07017,Group_1,0.8909773235490146,-0.03163745190252254,0.02479692176143633,0.3591278324070115,调仓买入
2015-05-29,sz.000639,卖出,16.65,9990.0,10.094899999999999,,,,,,调仓卖出
2015-05-29,sz.002216,卖出,22.55,11275.0,10.750250000000001,,,,,,调仓卖出
2015-05-29,sz.000656,卖出,9.37,9370.0,9.7787,,,,,,调仓卖出
2015-05-29,sz.002726,卖出,19.7,11820.0,11.0282,,,,,,调仓卖出
2015-05-29,sz.002597,卖出,12.47,8729.0,9.45179,,,,,,调仓卖出
2015-05-29,sz.000810,卖出,31.79,9537.0,9.86387,,,,,,调仓卖出
2015-05-29,sz.002378,买入,20.91,10455.0,5.10455,Group_1,0.9711222319005479,0.05978000956480156,0.11956001912960312,-0.2266857962697273,调仓买入
2015-05-29,sz.002550,买入,28.3,8490.0,5.0849,Group_1,0.9686992037518581,0.03180212014134276,0.03604240282685511,-0.3250883392226148,调仓买入
2015-05-29,sz.002573,买入,25.34,10136.0,5.10136,Group_1,0.959677622785832,0.05445935280189418,0.09786898184688231,-0.22454617205998428,调仓买入
2015-05-29,sz.002603,买入,27.0,10800.0,5.108,Group_1,0.9532472216295145,0.06777777777777771,0.04481481481481486,-0.2951851851851851,调仓买入
2015-05-29,sz.002578,买入,15.23,10661.0,5.10661,Group_1,0.9432082952298911,0.04267892317793831,0.12409717662508202,-0.3171372291529875,调仓买入
2015-05-29,sz.002436,买入,26.31,10524.0,5.10524,Group_1,0.9349803159608278,0.06803496769289263,0.22044849866970728,-0.34777651083238303,调仓买入
2015-05-29,sz.002390,买入,22.05,11025.0,5.11025,Group_1,0.9349666086413916,0.029024943310657525,0.13922902494331058,-0.24489795918367352,调仓买入
2015-06-30,sz.002050,卖出,11.49,9192.0,9.68792,,,,,,调仓卖出
2015-06-30,sz.002378,卖出,16.8,8400.0,9.283999999999999,,,,,,调仓卖出
2015-06-30,sz.002550,卖出,21.01,6303.000000000001,8.21453,,,,,,调仓卖出
2015-06-30,sz.002573,卖出,20.67,8268.0,9.21668,,,,,,调仓卖出
2015-06-30,sz.002603,卖出,20.16,8064.0,9.112639999999999,,,,,,调仓卖出
2015-06-30,sz.002578,卖出,10.77,7539.0,8.84489,,,,,,调仓卖出
2015-06-30,sz.002436,卖出,18.1,7240.000000000001,8.692400000000001,,,,,,调仓卖出
2015-06-30,sz.002390,卖出,17.88,8940.0,9.5594,,,,,,调仓卖出
2015-06-30,sz.002626,买入,19.68,7872.0,5.07872,Group_1,0.9429038741321374,-0.10010162601626016,-0.4090447154471544,-0.3130081300813008,调仓买入
2015-06-30,sh.601001,买入,9.24,8316.0,5.08316,Group_1,0.9311982630260744,-0.08549783549783563,-0.3560606060606061,-0.28246753246753253,调仓买入
2015-06-30,sh.600387,买入,25.52,7656.0,5.07656,Group_1,0.9311848014021901,-0.09992163009404387,-0.4094827586206896,-0.4314263322884012,调仓买入
2015-06-30,sz.002197,买入,27.82,8346.0,5.08346,Group_1,0.924190931771747,-0.0007189072609633529,-0.2692307692307693,-0.14234363767074054,调仓买入
2015-06-30,sh.600458,买入,25.1,7530.0,5.0753,Group_1,0.9039186197882346,-0.07490039840637464,-0.24860557768924307,-0.1832669322709164,调仓买入
2015-06-30,sz.002084,买入,14.2,8520.0,5.0852,Group_1,0.8865738869989905,-0.09999999999999998,-0.4091549295774647,-0.017605633802816878,调仓买入
2015-06-30,sz.002672,买入,21.15,8460.0,5.0846,Group_1,0.88255245103299,-0.08274231678486998,-0.26808510638297867,-0.12009456264775409,调仓买入
2015-06-30,sh.600976,买入,34.04,6808.0,5.06808,Group_1,0.8717390639551449,-0.037015276145710874,-0.3360752056404229,-0.18419506462984725,调仓买入
2015-07-31,sz.002743,卖出,26.13,5226.0,7.66526,,,,,,调仓卖出
2015-07-31,sz.002626,卖出,12.98,5192.0,7.64792,,,,,,调仓卖出
2015-07-31,sh.601001,卖出,6.64,5976.0,8.04776,,,,,,调仓卖出
2015-07-31,sh.600387,卖出,14.72,4416.0,7.25216,,,,,,调仓卖出
2015-07-31,sz.002197,卖出,21.38,6414.0,8.271139999999999,,,,,,调仓卖出
2015-07-31,sh.600458,卖出,21.62,6486.0,8.30786,,,,,,调仓卖出
2015-07-31,sz.002672,卖出,18.5,7400.0,8.774000000000001,,,,,,调仓卖出
2015-07-31,sh.600976,卖出,27.74,5548.0,7.82948,,,,,,调仓卖出
2015-07-31,sz.002712,买入,65.44,6544.0,5.06544,Group_1,0.9107232309788111,-0.09993887530562351,-0.11033007334963318,-0.17176039119804398,调仓买入
2015-07-31,sz.002422,买入,20.0,6000.0,5.06,Group_1,0.9094528068065453,-0.04749999999999999,0.008000000000000007,-0.14200000000000002,调仓买入
2015-07-31,sh.600410,买入,27.85,5570.0,5.0557,Group_1,0.8903185475528488,-0.09587073608617602,0.027648114901256626,-0.31310592459605036,调仓买入
2015-07-31,sh.601318,买入,33.37,6673.999999999999,5.06674,Group_1,0.8787629202657251,-0.0002996703626010344,0.01558285885525934,-0.11147737488762355,调仓买入
2015-07-31,sz.002375,买入,20.25,6075.0,5.06075,Group_1,0.8746536652128617,0.03111111111111109,-0.0009876543209876854,-0.25876543209876546,调仓买入
2015-07-31,sz.002312,买入,26.2,5240.0,5.0524000000000004,Group_1,0.8635704530736844,0.10000000000000009,0.16106870229007653,-0.2393129770992366,调仓买入
2015-07-31,sz.000555,买入,59.0,5900.0,5.059,Group_1,0.8524101677087234,-0.03440677966101702,0.041525423728813626,-0.2745762711864407,调仓买入
2015-07-31,sz.000737,买入,6.52,6520.0,5.0652,Group_1,0.837159470004554,-0.09662576687116564,0.013803680981595123,-0.19785276073619618,调仓买入
2015-08-31,sz.002084,卖出,9.85,5910.0,8.0141,,,,,,调仓卖出
2015-08-31,sz.002712,卖出,51.4,5140.0,7.6213999999999995,,,,,,调仓卖出
2015-08-31,sz.002422,卖出,16.41,4923.0,7.51073,,,,,,调仓卖出
2015-08-31,sh.601318,卖出,30.29,6058.0,8.08958,,,,,,调仓卖出
2015-08-31,sz.002375,卖出,14.45,4335.0,7.210850000000001,,,,,,调仓卖出
2015-08-31,sz.000737,卖出,5.01,5010.0,7.5550999999999995,,,,,,调仓卖出
2015-08-31,sz.000709,买入,4.44,5772.000000000001,5.05772,Group_1,0.9819694167582748,-0.060810810810810856,-0.060810810810810856,-0.2995495495495496,调仓买入
2015-08-31,sz.000506,买入,7.91,5537.0,5.05537,Group_1,0.9428685630261829,-0.09987357774968397,-0.05689001264222504,-0.1390644753476612,调仓买入
2015-08-31,sz.002499,买入,26.72,5344.0,5.05344,Group_1,0.9390451898142523,-0.09992514970059874,-0.18413173652694603,-0.2743263473053892,调仓买入
2015-08-31,sz.000790,买入,12.56,5024.0,5.05024,Group_1,0.932762983049905,-0.10031847133757965,-0.2292993630573249,-0.2945859872611466,调仓买入
2015-08-31,sh.600588,买入,25.88,5176.0,5.05176,Group_1,0.9291759370311353,-0.06761978361669241,0.047140649149922886,-0.06684698608964457,调仓买入
2015-08-31,sh.601558,买入,3.98,5970.0,5.0597,Group_1,0.912971343453673,-0.09547738693467334,0.015075376884422065,-0.10552763819095479,调仓买入
2015-09-30,sh.600410,卖出,19.26,3852.0000000000005,6.96452,,,,,,调仓卖出
2015-09-30,sz.002312,卖出,20.35,4070.0000000000005,7.0757,,,,,,调仓卖出
2015-09-30,sz.000555,卖出,24.8,2480.0,6.2648,,,,,,调仓卖出
2015-09-30,sz.000709,卖出,3.11,4043.0,7.06193,,,,,,调仓卖出
2015-09-30,sz.000506,卖出,6.81,4767.0,7.43117,,,,,,调仓卖出
2015-09-30,sz.002499,卖出,19.39,3878.0,6.97778,,,,,,调仓卖出
2015-09-30,sz.000790,卖出,8.86,3544.0,6.807440000000001,,,,,,调仓卖出
2015-09-30,sh.600588,卖出,24.15,4830.0,7.4633,,,,,,调仓卖出
2015-09-30,sh.601558,卖出,3.56,5340.0,7.7234,,,,,,调仓卖出
2015-09-30,sz.002353,买入,39.92,3992.0,5.03992,Group_1,0.948066845974211,-0.09994989979959923,-0.2737975951903808,-0.3238977955911825,调仓买入
2015-09-30,sz.002325,买入,10.93,4372.0,5.04372,Group_1,0.9460654140863229,0.052150045745654294,0.13632204940530657,0.6706312900274476,调仓买入
2015-09-30,sz.002640,买入,25.39,2539.0,5.02539,Group_1,0.9370362234545057,0.1000393855848758,0.2666404096100825,0.4848365498227649,调仓买入
2015-09-30,sh.600074,买入,13.73,4119.0,5.04119,Group_1,0.9362850614465966,-0.05389657683903859,0.03204661325564451,0.14420975965040062,调仓买入
2015-09-30,sz.000672,买入,9.72,3888.0000000000005,5.03888,Group_1,0.9357435494285783,-0.09979423868312765,-0.1728395061728396,-0.18518518518518523,调仓买入
2015-09-30,sz.002553,买入,15.17,3034.0,5.03034,Group_1,0.9335153748258481,-0.10019775873434411,-0.1944627554383651,-0.20105471324983526,调仓买入
2015-09-30,sz.000650,买入,8.49,4245.0,5.04245,Group_1,0.9331053695122545,0.06360424028268552,0.14487632508833936,0.24146054181389864,调仓买入
2015-09-30,sz.002563,买入,10.07,4028.0,5.04028,Group_1,0.9208060167488821,0.05263157894736836,0.11519364448857994,0.21052631578947367,调仓买入
2015-10-30,sz.002353,卖出,26.05,2605.0,6.32855,,,,,,调仓卖出
2015-10-30,sz.002325,卖出,16.33,6531.999999999999,8.33132,,,,,,调仓卖出
2015-10-30,sz.002640,卖出,36.52,3652.0000000000005,6.862520000000001,,,,,,调仓卖出
2015-10-30,sh.600074,卖出,15.71,4713.0,7.40363,,,,,,调仓卖出
2015-10-30,sz.000672,卖出,7.85,3140.0,6.6014,,,,,,调仓卖出
2015-10-30,sz.002553,卖出,11.8,2360.0,6.2036,,,,,,调仓卖出
2015-10-30,sz.000650,卖出,10.48,5240.0,7.6724000000000006,,,,,,调仓卖出
2015-10-30,sz.002563,卖出,12.23,4892.0,7.4949200000000005,,,,,,调仓卖出
2015-10-30,sz.000707,买入,9.41,4705.0,5.04705,Group_1,0.9702141445781247,-0.09989373007438884,-0.17640807651434642,-0.15196599362380447,调仓买入
2015-10-30,sz.002369,买入,14.61,4383.0,5.04383,Group_1,0.9556745630443597,-0.09993155373032159,-0.1006160164271046,0.026694045174538106,调仓买入
2015-10-30,sz.002547,买入,10.22,4088.0000000000005,5.04088,Group_1,0.9423229685626259,-0.03033268101761255,0.008806262230919737,0.15655577299412915,调仓买入
2015-10-30,sz.000882,买入,6.38,4466.0,5.04466,Group_1,0.9084654094199687,-0.10031347962382442,-0.0877742946708463,-0.07366771159874608,调仓买入
2015-10-30,sz.002318,买入,14.14,4242.0,5.04242,Group_1,0.906131458283353,-0.04314002828854324,0.04455445544554437,0.0473833097595473,调仓买入
2015-10-30,sz.000630,买入,3.9,4680.0,5.0468,Group_1,0.8973319374097034,-0.0641025641025641,-0.02051282051282055,-0.017948717948717885,调仓买入
2015-10-30,sh.600475,买入,15.49,4647.0,5.04647,Group_1,0.8901342580684708,-0.031633311814073584,0.0897353131052292,0.0858618463524854,调仓买入
2015-10-30,sz.000662,买入,15.23,4569.0,5.04569,Group_1,0.8755702836275256,0.001969796454366346,0.17990807616546278,0.5036112934996715,调仓买入
2015-11-30,sz.000707,卖出,8.01,4005.0,7.04255,,,,,,调仓卖出
2015-11-30,sz.002547,卖出,12.81,5124.0,7.613239999999999,,,,,,调仓卖出
2015-11-30,sz.000882,卖出,5.97,4179.0,7.13129,,,,,,调仓卖出
2015-11-30,sz.002318,卖出,14.35,4305.0,7.19555,,,,,,调仓卖出
2015-11-30,sz.000630,卖出,3.8,4560.0,7.3256000000000006,,,,,,调仓卖出
2015-11-30,sh.600475,卖出,16.96,5088.0,7.59488,,,,,,调仓卖出
2015-11-30,sz.000662,卖出,22.68,6804.0,8.470040000000001,,,,,,调仓卖出
2015-11-30,sh.601877,买入,27.3,2730.0,5.0273,Group_1,0.947200172276469,-0.06813186813186811,-0.031135531135531136,-0.06666666666666665,调仓买入
2015-11-30,sh.600093,买入,16.94,5082.0,5.05082,Group_1,0.918459609027196,0.011806375442739103,-0.0011806375442738881,-0.025383707201888983,调仓买入
2015-11-30,sh.600555,买入,9.13,4565.0,5.04565,Group_1,0.9064076380610051,0.0657174151150055,0.06681270536692208,-0.012048192771084487,调仓买入
2015-11-30,sh.601566,买入,18.99,3797.9999999999995,5.03798,Group_1,0.8929726323322944,0.004739336492890933,0.0194839389152186,0.09110057925223813,调仓买入
2015-11-30,sh.600511,买入,32.97,3297.0,5.03297,Group_1,0.8428497931958977,-0.006976038823172437,0.04579921140430687,0.10524719441916885,调仓买入
2015-11-30,sz.002141,买入,30.6,3060.0,5.0306,Group_1,0.8213640346060712,0.045751633986928164,0.022222222222222143,-0.10098039215686272,调仓买入
2015-12-31,sz.002369,卖出,13.3,3990.0,7.0349,,,,,,调仓卖出
2015-12-31,sh.601877,卖出,25.79,2579.0,6.31529,,,,,,调仓卖出
2015-12-31,sh.600093,卖出,16.37,4911.0,7.50461,,,,,,调仓卖出
2015-12-31,sh.600555,卖出,9.02,4510.0,7.3001,,,,,,调仓卖出
2015-12-31,sh.601566,卖出,22.86,4572.0,7.331720000000001,,,,,,调仓卖出
2015-12-31,sh.600511,卖出,37.92,3792.0,6.93392,,,,,,调仓卖出
2015-12-31,sz.002141,卖出,31.6,3160.0,6.6116,,,,,,调仓卖出
2015-12-31,sz.002683,买入,12.75,5100.0,5.051,Group_1,0.9715822468826845,-0.09882352941176464,-0.18352941176470583,-0.3701960784313726,调仓买入
2015-12-31,sh.600784,买入,8.76,4380.0,5.0438,Group_1,0.9085129101505013,-0.1004566210045662,-0.14726027397260277,-0.23630136986301364,调仓买入
2015-12-31,sz.002703,买入,33.6,3360.0,5.0336,Group_1,0.885255880399444,-0.10000000000000009,-0.25297619047619047,-0.24761904761904763,调仓买入
2015-12-31,sz.000056,买入,33.83,3383.0,5.03383,Group_1,0.8384592007686086,-0.07774164942358852,-0.12887969258054977,-0.24918711203074195,调仓买入
2015-12-31,sh.600885,买入,29.89,2989.0,5.02989,Group_1,0.8196987363584024,-0.08598193375710939,-0.14854466376714626,-0.2850451656072265,调仓买入
2015-12-31,sz.000540,买入,9.12,4560.0,5.0456,Group_1,0.8157671330619412,-0.0986842105263156,-0.14583333333333326,-0.26644736842105254,调仓买入
2015-12-31,sh.603066,买入,51.08,5108.0,5.05108,Group_1,0.8155706734273263,-0.09984338292873929,-0.17736883320281904,-0.3375097885669537,调仓买入
2016-01-29,sz.002602,卖出,20.46,4092.0,7.08692,,,,,,调仓卖出
2016-01-29,sz.002683,卖出,8.03,3211.9999999999995,6.63812,,,,,,调仓卖出
2016-01-29,sh.600784,卖出,6.69,3345.0,6.7059500000000005,,,,,,调仓卖出
2016-01-29,sz.000056,卖出,25.4,2540.0,6.295400000000001,,,,,,调仓卖出
2016-01-29,sh.600885,卖出,21.37,2137.0,6.08987,,,,,,调仓卖出
2016-01-29,sz.000540,卖出,6.69,3345.0,6.7059500000000005,,,,,,调仓卖出
2016-01-29,sh.603066,卖出,33.84,3384.0000000000005,6.72584,,,,,,调仓卖出
2016-01-29,sz.000967,买入,15.97,3194.0,5.03194,Group_1,0.9661643338055769,0.011271133375078124,0.10144020037570445,0.13462742642454595,调仓买入
2016-01-29,sh.600462,买入,9.64,3856.0,5.03856,Group_1,0.9382824136108627,-0.09958506224066399,-0.24273858921161828,-0.303941908713693,调仓买入
2016-01-29,sz.002674,买入,12.88,3864.0000000000005,5.03864,Group_1,0.8879287134192291,-0.01164596273291929,0.0380434782608694,0.02251552795031042,调仓买入
2016-01-29,sz.000972,买入,7.32,3660.0,5.0366,Group_1,0.876335099329214,-0.08743169398907114,-0.07513661202185806,-0.002732240437158584,调仓买入
2016-01-29,sh.600987,买入,9.01,3604.0,5.03604,Group_1,0.8735789667954241,-0.008879023307436174,0.07769145394006682,0.4594894561598224,调仓买入
2016-01-29,sz.002199,买入,14.0,4200.0,5.042,Group_1,0.8669918595028294,-0.03785714285714281,0.004285714285714226,0.02285714285714291,调仓买入
2016-01-29,sh.600967,买入,10.86,4344.0,5.04344,Group_1,0.8595896188558858,-0.08287292817679548,-0.023020257826887658,-0.09944751381215466,调仓买入
2016-02-29,sz.000967,卖出,17.0,3400.0,6.734,,,,,,调仓卖出
2016-02-29,sz.002674,卖出,12.15,3645.0,6.85895,,,,,,调仓卖出
2016-02-29,sh.600987,卖出,12.67,5068.0,7.5846800000000005,,,,,,调仓卖出
2016-02-29,sz.002199,卖出,13.96,4188.0,7.13588,,,,,,调仓卖出
2016-02-29,sz.002335,买入,32.0,3200.0,5.032,Group_1,0.940187641413335,-0.010312499999999947,-0.030625000000000013,0.2593749999999999,调仓买入
2016-02-29,sz.002400,买入,16.0,4800.0,5.048,Group_1,0.8661212655318422,0.012499999999999956,-0.0031250000000000444,0.11250000000000004,调仓买入
2016-02-29,sz.002700,买入,11.94,4776.0,5.04776,Group_1,0.841414364749857,0.041038525963149164,0.1934673366834172,0.3149078726968175,调仓买入
2016-02-29,sh.600099,买入,8.93,4465.0,5.04465,Group_1,0.8365374554315208,0.033594624860022515,0.055991041433370636,0.16013437849944,调仓买入
2016-02-29,sz.002695,买入,27.28,2728.0,5.02728,Group_1,0.8356197728995821,0.026759530791788944,0.061583577712609916,0.15029325513196468,调仓买入
2016-03-31,sh.600462,卖出,8.1,3240.0,6.6524,,,,,,调仓卖出
2016-03-31,sz.000972,卖出,7.78,3890.0,6.9839,,,,,,调仓卖出
2016-03-31,sh.600967,卖出,10.44,4176.0,7.12976,,,,,,调仓卖出
2016-03-31,sz.002335,卖出,42.44,4244.0,7.16444,,,,,,调仓卖出
2016-03-31,sz.002400,卖出,18.3,5490.0,7.7999,,,,,,调仓卖出
2016-03-31,sz.002700,卖出,16.9,6759.999999999999,8.4476,,,,,,调仓卖出
2016-03-31,sh.600099,卖出,10.85,5425.0,7.76675,,,,,,调仓卖出
2016-03-31,sz.002695,卖出,31.25,3125.0,6.59375,,,,,,调仓卖出
2016-03-31,sz.002546,买入,15.28,4584.0,5.04584,Group_1,0.8657515510589139,-0.07198952879581155,-0.11649214659685858,-0.2604712041884816,调仓买入
2016-03-31,sz.000401,买入,10.91,4364.0,5.04364,Group_1,0.841495494159535,-0.010999083409715893,-0.0009165902841429263,-0.0009165902841429263,调仓买入
2016-03-31,sz.002536,买入,22.02,4404.0,5.04404,Group_1,0.813744712464923,-0.07356948228882842,-0.11989100817438691,-0.24931880108991822,调仓买入
2016-03-31,sz.002144,买入,21.84,4368.0,5.04368,Group_1,0.812222449906046,-0.00045787545787556727,0.017399267399267337,-0.06272893772893773,调仓买入
2016-03-31,sz.002280,买入,25.3,2530.0,5.0253,Group_1,0.7906411236837673,-0.0766798418972332,-0.09328063241106721,-0.22094861660079046,调仓买入
2016-04-29,sz.002546,卖出,11.3,3390.0,6.7289,,,,,,调仓卖出
2016-04-29,sz.002536,卖出,16.53,3306.0,6.6860599999999994,,,,,,调仓卖出
2016-04-29,sz.002144,卖出,20.47,4094.0,7.08794,,,,,,调仓卖出
2016-04-29,sz.000673,买入,15.17,4551.0,5.04551,Group_1,0.9702804614930834,-0.03427818061964405,-0.18457481872116022,-0.18391562294001318,调仓买入
2016-04-29,sh.603019,买入,35.02,3502.0000000000005,5.03502,Group_1,0.9575718442884118,0.04111936036550534,-0.0017133066818961762,-0.02598515134209034,调仓买入
2016-04-29,sz.002584,买入,13.98,4194.0,5.04194,Group_1,0.9432347252977269,0.03147353361945626,-0.08226037195994285,-0.1258941344778255,调仓买入
2016-04-29,sz.002601,买入,13.94,4182.0,5.04182,Group_1,0.9380945542156167,0.020803443328551108,-0.09038737446197986,-0.12912482065997122,调仓买入
2016-04-29,sh.600764,买入,19.45,3890.0,5.0389,Group_1,0.9325348426903374,0.017480719794344513,-0.08431876606683808,-0.03547557840616955,调仓买入
2016-04-29,sz.002707,买入,20.95,4190.0,5.0419,Group_1,0.9206101365959917,0.019093078758950055,0.06252983293556102,-0.03770883054892593,调仓买入
2016-04-29,sz.002770,买入,12.65,5060.0,5.0506,Group_1,0.9093819405500231,0.03873517786561265,0.07035573122529626,-0.08221343873517795,调仓买入
2016-05-31,sz.002703,卖出,25.5,2550.0,6.3005,,,,,,调仓卖出
2016-05-31,sz.000673,卖出,12.91,3873.0,6.97523,,,,,,调仓卖出
2016-05-31,sh.603019,卖出,37.03,3703.0,6.888529999999999,,,,,,调仓卖出
2016-05-31,sz.002584,卖出,13.13,3939.0000000000005,7.00889,,,,,,调仓卖出
2016-05-31,sz.002601,卖出,12.66,3798.0,6.93698,,,,,,调仓卖出
2016-05-31,sh.600764,卖出,20.64,4128.0,7.1052800000000005,,,,,,调仓卖出
2016-05-31,sz.002707,卖出,21.0,4200.0,7.1419999999999995,,,,,,调仓卖出
2016-05-31,sz.002770,卖出,12.13,4852.0,7.47452,,,,,,调仓卖出
2016-05-31,sz.002632,买入,11.2,4480.0,5.0448,Group_1,0.9784973976205061,0.021428571428571352,0.02767857142857144,0.06964285714285734,调仓买入
2016-05-31,sz.002748,买入,15.54,3108.0,5.03108,Group_1,0.9638110584566725,0.0045045045045044585,0.01029601029601035,0.0714285714285714,调仓买入
2016-05-31,sz.002681,买入,15.13,4539.0,5.04539,Group_1,0.959609988379236,0.009914077990746728,0.121612690019828,0.11566424322537983,调仓买入
2016-05-31,sh.603111,买入,12.65,3795.0,5.03795,Group_1,0.9152658813064597,0.05296442687747027,0.06482213438735185,0.060869565217391175,调仓买入
2016-05-31,sz.002319,买入,15.71,3142.0,5.03142,Group_1,0.8943729946611371,0.09993634627625725,0.09993634627625725,0.09993634627625725,调仓买入
2016-05-31,sh.600873,买入,6.88,4128.0,5.04128,Group_1,0.8836298686412957,0.0014534883720929148,-0.014534883720930147,-0.09738372093023251,调仓买入
2016-05-31,sh.600836,买入,12.7,3810.0,5.0381,Group_1,0.8801663267876155,0.03858267716535435,0.015748031496063186,-0.09527559055118107,调仓买入
2016-06-30,sz.002748,卖出,16.65,3329.9999999999995,6.6983,,,,,,调仓卖出
2016-06-30,sz.002681,卖出,16.88,5064.0,7.58264,,,,,,调仓卖出
2016-06-30,sh.603111,卖出,13.42,4026.0,7.05326,,,,,,调仓卖出
2016-06-30,sh.600873,卖出,6.21,3726.0,6.900259999999999,,,,,,调仓卖出
2016-06-30,sh.600836,卖出,11.49,3447.0,6.75797,,,,,,调仓卖出
2016-06-30,sh.600861,买入,13.39,4017.0,5.04017,Group_1,0.9626284340371705,-0.014189693801344383,0.030619865571321903,0.007468259895444307,调仓买入
2016-06-30,sh.600606,买入,10.82,4328.0,5.04328,Group_1,0.9488434433865214,-0.024953789279112737,-0.03604436229205177,-0.13585951940850283,调仓买入
2016-06-30,sz.002477,买入,5.97,4776.0,5.04776,Group_1,0.9325129498645252,-0.02010050251256279,0.00670016750418756,-0.09547738693467323,调仓买入
2016-06-30,sh.603318,买入,17.82,3564.0,5.03564,Group_1,0.8837208046637076,-0.027497194163860983,-0.03142536475869806,-0.1184062850729517,调仓买入
2016-06-30,sz.000895,买入,20.88,4176.0,5.04176,Group_1,0.8686182633418508,0.012931034482758674,0.0627394636015326,0.15421455938697326,调仓买入
2016-07-29,sz.000401,卖出,10.23,4092.0,7.08692,,,,,,调仓卖出
2016-07-29,sh.600861,卖出,13.56,4068.0,7.074680000000001,,,,,,调仓卖出
2016-07-29,sh.600606,卖出,9.2,3679.9999999999995,6.8768,,,,,,调仓卖出
2016-07-29,sz.002477,卖出,5.55,4440.0,7.2644,,,,,,调仓卖出
2016-07-29,sh.603318,卖出,15.07,3014.0,6.537140000000001,,,,,,调仓卖出
2016-07-29,sz.000895,卖出,24.55,4910.0,7.5041,,,,,,调仓卖出
2016-07-29,sz.000718,买入,9.24,4620.0,5.0462,Group_1,0.918039520165947,-0.0357142857142857,-0.01948051948051943,0.005411255411255311,调仓买入
2016-07-29,sz.002310,买入,11.7,4680.0,5.0468,Group_1,0.9129421817934573,-0.047863247863247804,0.11111111111111116,0.24957264957264957,调仓买入
2016-07-29,sh.603227,买入,8.89,4445.0,5.04445,Group_1,0.8754897205670537,-0.06411698537682797,-0.05849268841394839,-0.038245219347581516,调仓买入
2016-07-29,sh.603616,买入,14.61,4383.0,5.04383,Group_1,0.8624328053256568,-0.05338809034907588,-0.05475701574264191,0.03216974674880224,调仓买入
2016-07-29,sz.000063,买入,14.56,4368.0,5.04368,Group_1,0.8599247467638027,-0.024038461538461564,-0.007554945054945139,0.009615384615384581,调仓买入
2016-07-29,sh.600666,买入,33.84,3384.0000000000005,5.03384,Group_1,0.8421535258393327,-0.009751773049645585,-0.024231678486997588,-0.10549645390070927,调仓买入
2016-07-29,sz.000815,买入,21.62,4324.0,5.04324,Group_1,0.8207820525449231,0.0360777058279369,0.01618871415356149,0.05041628122109154,调仓买入
2016-08-31,sz.000718,卖出,9.24,4620.0,7.356199999999999,,,,,,调仓卖出
2016-08-31,sz.002310,卖出,14.78,5912.0,8.01512,,,,,,调仓卖出
2016-08-31,sh.603227,卖出,8.5,4250.0,7.1675,,,,,,调仓卖出
2016-08-31,sh.603616,卖出,14.83,4449.0,7.26899,,,,,,调仓卖出
2016-08-31,sz.000063,卖出,14.68,4404.0,7.24604,,,,,,调仓卖出
2016-08-31,sh.600666,卖出,30.0,3000.0,6.53,,,,,,调仓卖出
2016-08-31,sz.000815,卖出,23.0,4600.0,7.346,,,,,,调仓卖出
2016-08-31,sz.000750,买入,7.32,4392.0,5.04392,Group_1,0.8592555085274823,-0.01775956284153002,-0.005464480874316946,-0.04781420765027333,调仓买入
2016-08-31,sz.002675,买入,16.95,3390.0,5.0339,Group_1,0.8500556225680479,-0.03244837758112096,-0.0430678466076696,-0.0430678466076696,调仓买入
2016-08-31,sh.600012,买入,13.47,4041.0,5.04041,Group_1,0.8363710022212183,-0.0022271714922049712,-0.00965107646622132,-0.09502598366740911,调仓买入
2016-08-31,sh.603399,买入,9.83,3932.0,5.03932,Group_1,0.8187745295597791,-0.012207527975584886,0.01729399796541209,-0.029501525940997086,调仓买入
2016-08-31,sh.600122,买入,12.08,3624.0,5.03624,Group_1,0.8055275810240045,0.0,-0.007450331125827825,-0.024006622516556386,调仓买入
2016-08-31,sz.002638,买入,9.38,4690.0,5.0469,Group_1,0.8013630614766593,-0.030916844349680228,0.006396588486140553,-0.009594882729211274,调仓买入
2016-09-30,sz.002319,卖出,22.7,4540.0,7.3154,,,,,,调仓卖出
2016-09-30,sz.000750,卖出,6.97,4182.0,7.132820000000001,,,,,,调仓卖出
2016-09-30,sz.002675,卖出,16.22,3244.0,6.65444,,,,,,调仓卖出
2016-09-30,sh.600012,卖出,12.19,3657.0,6.86507,,,,,,调仓卖出
2016-09-30,sh.603399,卖出,9.54,3815.9999999999995,6.946160000000001,,,,,,调仓卖出
2016-09-30,sh.600122,卖出,11.79,3536.9999999999995,6.80387,,,,,,调仓卖出
2016-09-30,sz.002638,卖出,9.29,4645.0,7.36895,,,,,,调仓卖出
2016-09-30,sz.002252,买入,22.25,4450.0,5.0445,Group_1,0.9745055059368907,0.004494382022471877,-0.005393258426966363,-0.0453932584269664,调仓买入
2016-09-30,sz.002347,买入,9.77,3908.0,5.03908,Group_1,0.9644851108892111,0.003070624360286711,0.03377686796315249,0.2067553735926304,调仓买入
2016-09-30,sz.002695,买入,16.28,3256.0,5.03256,Group_1,0.9018021826193147,0.04729729729729737,0.0687960687960687,0.874078624078624,调仓买入
2016-09-30,sz.000819,买入,28.6,2860.0,5.0286,Group_1,0.885857621326212,0.019230769230769162,0.10489510489510478,0.045454545454545414,调仓买入
2016-09-30,sz.000018,买入,9.95,3979.9999999999995,5.0398,Group_1,0.8573283618046689,0.029145728643216184,0.0030150753768845018,-0.059296482412060314,调仓买入
2016-09-30,sh.600624,买入,8.61,4305.0,5.04305,Group_1,0.8552923120466359,0.022067363530778206,0.03252032520325221,0.03832752613240409,调仓买入
2016-09-30,sh.601222,买入,9.2,4600.0,5.046,Group_1,0.8425096327633491,0.007608695652173925,0.009782608695652062,0.0021739130434783593,调仓买入
2016-10-31,sz.002280,卖出,18.45,1845.0,5.94095,,,,,,调仓卖出
2016-10-31,sz.002252,卖出,21.72,4344.0,7.215440000000001,,,,,,调仓卖出
2016-10-31,sz.002347,卖出,10.46,4184.0,7.133839999999999,,,,,,调仓卖出
2016-10-31,sz.000819,卖出,29.45,2945.0,6.50195,,,,,,调仓卖出
2016-10-31,sz.000018,卖出,9.4,3760.0,6.9176,,,,,,调仓卖出
2016-10-31,sh.600624,卖出,8.81,4405.0,7.246550000000001,,,,,,调仓卖出
2016-10-31,sh.601222,卖出,9.34,4670.0,7.3817,,,,,,调仓卖出
2016-10-31,sz.000639,买入,24.7,2470.0,5.0247,Group_1,0.8938394572277693,0.06477732793522284,0.043724696356275405,-0.014979757085020307,调仓买入
2016-10-31,sz.002118,买入,8.27,4135.0,5.04135,Group_1,0.8156494623396564,0.006045949214026791,-0.014510278113663788,-0.0096735187424426,调仓买入
2016-10-31,sz.002169,买入,19.9,3979.9999999999995,5.0398,Group_1,0.8143178463174469,0.005527638190955031,-0.02010050251256279,-0.018592964824120428,调仓买入
2016-10-31,sh.600614,买入,10.94,4376.0,5.04376,Group_1,0.793515139622485,0.06032906764168189,0.01645338208409508,0.046617915904936025,调仓买入
2016-10-31,sh.603308,买入,20.82,4164.0,5.04164,Group_1,0.789018042791363,0.01392891450528344,0.04514889529298749,0.05283381364073003,调仓买入
2016-10-31,sh.600315,买入,27.09,2709.0,5.02709,Group_1,0.7863495778270074,0.0,0.0007382798080473041,0.04577334809892952,调仓买入
2016-11-30,sz.002632,卖出,11.23,4492.0,7.29092,,,,,,调仓卖出
2016-11-30,sz.002695,卖出,26.2,5240.0,7.6724000000000006,,,,,,调仓卖出
2016-11-30,sz.000639,卖出,22.75,2275.0,6.1602500000000004,,,,,,调仓卖出
2016-11-30,sz.002118,卖出,8.11,4054.9999999999995,7.0680499999999995,,,,,,调仓卖出
2016-11-30,sz.002169,卖出,19.37,3874.0,6.97574,,,,,,调仓卖出
2016-11-30,sh.600614,卖出,11.11,4444.0,7.266439999999999,,,,,,调仓卖出
2016-11-30,sh.600315,卖出,28.08,2808.0,6.43208,,,,,,调仓卖出
2016-11-30,sz.002175,买入,18.1,3620.0000000000005,5.0362,Group_1,0.9474764957091929,-0.016022099447513982,-0.0011049723756907381,-0.14585635359116023,调仓买入
2016-11-30,sh.600605,买入,23.69,2369.0,5.02369,Group_1,0.8802977771010511,-0.012241452089489346,0.0008442380751372269,-0.0008442380751371159,调仓买入
2016-11-30,sz.000534,买入,15.5,3100.0,5.031,Group_1,0.8598707494076535,-0.006451612903225823,0.012258064516128986,0.03870967741935494,调仓买入
2016-11-30,sz.000939,买入,10.85,4340.0,5.0434,Group_1,0.8454154118026059,-0.004608294930875445,0.08571428571428563,0.2184331797235024,调仓买入
2016-11-30,sz.002699,买入,34.0,3400.0,5.034,Group_1,0.8379777074332297,0.018529411764705905,0.018529411764705905,0.050000000000000044,调仓买入
2016-11-30,sh.600821,买入,13.08,3924.0,5.03924,Group_1,0.8357266406234949,0.022935779816513735,-0.0451070336391437,-0.11314984709480125,调仓买入
2016-11-30,sz.000021,买入,10.89,4356.0,5.04356,Group_1,0.8282617822655343,0.0045913682277318735,-0.03397612488521584,-0.11753902662993587,调仓买入
2016-11-30,sz.002618,买入,26.98,2698.0,5.02698,Group_1,0.813694642637953,-0.011860637509266136,-0.0011119347664937385,-0.07301704966641953,调仓买入
2016-11-30,sh.600235,买入,11.91,3573.0,5.03573,Group_1,0.780533194339136,0.0033585222502099388,-0.015113350125944613,-0.10915197313182201,调仓买入
2016-12-30,sz.002175,卖出,15.25,3050.0,6.5555,,,,,,调仓卖出
2016-12-30,sh.600605,卖出,23.63,2363.0,6.20513,,,,,,调仓卖出
2016-12-30,sz.000534,卖出,16.37,3274.0,6.669740000000001,,,,,,调仓卖出
2016-12-30,sz.000939,卖出,12.87,5148.0,7.62548,,,,,,调仓卖出
2016-12-30,sz.002699,卖出,33.8,3379.9999999999995,6.7238,,,,,,调仓卖出
2016-12-30,sh.600821,卖出,11.77,3531.0,6.80081,,,,,,调仓卖出
2016-12-30,sz.000021,卖出,9.43,3772.0,6.92372,,,,,,调仓卖出
2016-12-30,sz.002618,卖出,25.25,2525.0,6.28775,,,,,,调仓卖出
2016-12-30,sh.600235,卖出,10.61,3183.0,6.62333,,,,,,调仓卖出
2016-12-30,sz.002123,买入,15.0,3000.0,5.03,Group_1,0.9042565363140169,0.006000000000000005,0.016666666666666607,-0.020000000000000018,调仓买入
2016-12-30,sz.002350,买入,20.83,4166.0,5.04166,Group_1,0.9038516927692488,-0.0033605376860296188,0.01776284205472889,-0.04368698991838682,调仓买入
2016-12-30,sz.000671,买入,5.57,3899.0,5.03899,Group_1,0.9030651634533088,0.0017953321364452268,0.0,0.007181328545780907,调仓买入
2016-12-30,sz.000819,买入,26.2,2620.0,5.0262,Group_1,0.8823485260065792,-0.023664122137404653,-0.020992366412213803,0.2034351145038169,调仓买入
2016-12-30,sh.601225,买入,4.85,4365.0,5.04365,Group_1,0.8717120370033364,0.006185567010309256,0.008247422680412342,0.07010309278350535,调仓买入
2016-12-30,sz.002687,买入,11.95,3585.0,5.03585,Group_1,0.8666578956910348,0.035983263598326376,0.03682008368200851,-0.04435146443514637,调仓买入
2016-12-30,sh.600861,买入,15.49,3098.0,5.03098,Group_1,0.8614321617433495,0.01484828921885084,0.06455777921239503,-0.01291155584247905,调仓买入
2016-12-30,sh.600525,买入,13.95,4185.0,5.04185,Group_1,0.8597497090529014,-0.007168458781361964,0.005734767025089571,0.01863799283154144,调仓买入
2016-12-30,sz.002333,买入,14.58,4374.0,5.04374,Group_1,0.8471494058804093,-0.000685871056241405,0.04869684499314131,0.16735253772290815,调仓买入
2017-01-26,sz.002123,卖出,14.84,2968.0,6.51368,,,,,,调仓卖出
2017-01-26,sz.002350,卖出,19.7,3940.0,7.009399999999999,,,,,,调仓卖出
2017-01-26,sz.000671,卖出,5.68,3976.0,7.027760000000001,,,,,,调仓卖出
2017-01-26,sz.000819,卖出,29.78,2978.0,6.51878,,,,,,调仓卖出
2017-01-26,sh.601225,卖出,5.3,4770.0,7.4327000000000005,,,,,,调仓卖出
2017-01-26,sz.002687,卖出,11.2,3360.0,6.7136,,,,,,调仓卖出
2017-01-26,sh.600861,卖出,15.35,3070.0,6.5657000000000005,,,,,,调仓卖出
2017-01-26,sh.600525,卖出,14.34,4302.0,7.19402,,,,,,调仓卖出
2017-01-26,sz.002333,卖出,16.84,5052.0,7.57652,,,,,,调仓卖出
2017-01-26,sz.002073,买入,10.32,4128.0,5.04128,Group_1,0.9062624136244222,0.005813953488372103,0.019379844961240345,0.01065891472868219,调仓买入
2017-01-26,sh.600331,买入,6.1,4270.0,5.0427,Group_1,0.8787088970382148,-0.014754098360655665,0.05573770491803298,0.11967213114754105,调仓买入
2017-01-26,sz.000750,买入,6.49,4543.0,5.04543,Group_1,0.8647117254329957,0.0,0.02003081664098616,0.04776579352850541,调仓买入
2017-01-26,sh.600647,买入,30.97,3097.0,5.03097,Group_1,0.8602785354627933,-0.018082014853083583,0.036809815950920255,-0.019050694220213105,调仓买入
2017-01-26,sh.601877,买入,19.69,3938.0000000000005,5.03938,Group_1,0.8579141757527882,-0.008125952260030433,0.010157440325037959,0.008633824276282231,调仓买入
2017-01-26,sh.600074,买入,13.54,4061.9999999999995,5.04062,Group_1,0.820154779849494,-0.015509601181683874,0.0036927621861153614,-0.03101920236336775,调仓买入
2017-01-26,sz.000989,买入,20.29,4058.0,5.04058,Group_1,0.8085538062753262,0.0019714144898963504,0.016264169541646112,0.03154263183834405,调仓买入
2017-01-26,sz.002707,买入,13.95,4185.0,5.04185,Group_1,0.8057480896125012,0.010752688172043001,0.026523297491039433,0.01935483870967758,调仓买入
2017-01-26,sh.600516,买入,9.01,4505.0,5.04505,Group_1,0.7939859887556556,-0.006659267480577213,0.021087680355160954,0.031076581576026552,调仓买入
2017-02-28,sh.603308,卖出,19.56,3911.9999999999995,6.995119999999999,,,,,,调仓卖出
2017-02-28,sz.002073,卖出,10.58,4232.0,7.15832,,,,,,调仓卖出
2017-02-28,sh.600331,卖出,6.78,4746.0,7.42046,,,,,,调仓卖出
2017-02-28,sz.000750,卖出,6.78,4746.0,7.42046,,,,,,调仓卖出
2017-02-28,sh.600647,卖出,30.44,3044.0,6.55244,,,,,,调仓卖出
2017-02-28,sh.601877,卖出,20.12,4024.0,7.052239999999999,,,,,,调仓卖出
2017-02-28,sh.600074,卖出,13.44,4032.0,7.05632,,,,,,调仓卖出
2017-02-28,sz.000989,卖出,20.96,4192.0,7.13792,,,,,,调仓卖出
2017-02-28,sz.002707,卖出,14.59,4377.0,7.23227,,,,,,调仓卖出
2017-02-28,sh.600516,卖出,9.16,4580.0,7.3358,,,,,,调仓卖出
2017-02-28,sz.002420,买入,9.64,3856.0,5.03856,Group_1,0.8456167854727421,0.008298755186721962,0.012448132780082943,-0.020746887966805128,调仓买入
2017-02-28,sh.603686,买入,31.43,3143.0,5.03143,Group_1,0.8198669516984128,-0.0012726694241170788,0.01749920458161003,0.08876869233216667,调仓买入
2017-02-28,sz.000809,买入,5.16,4128.0,5.04128,Group_1,0.7603046170268248,0.003875968992248069,-0.011627906976744318,-0.05232558139534893,调仓买入
2017-02-28,sh.600759,买入,8.11,4054.9999999999995,5.04055,Group_1,0.759466354955446,0.004932182490752224,0.009864364981504226,-0.025893958076448675,调仓买入
2017-02-28,sh.600383,买入,12.09,3627.0,5.03627,Group_1,0.7395874645175419,-0.007444168734491274,-0.007444168734491274,-0.10504549214226633,调仓买入
2017-02-28,sh.603311,买入,27.42,2742.0,5.02742,Group_1,0.7297225530968096,0.09992706053975198,0.2560175054704594,0.020423048869438354,调仓买入
2017-02-28,sz.000559,买入,12.63,3789.0000000000005,5.03789,Group_1,0.7262103185004827,0.003958828186856556,0.016627078384797933,-0.02692003167062562,调仓买入
2017-03-31,sz.002420,卖出,8.9,3560.0,6.8156,,,,,,调仓卖出
2017-03-31,sh.603686,卖出,34.84,3484.0000000000005,6.77684,,,,,,调仓卖出
2017-03-31,sz.000809,卖出,4.62,3696.0,6.8849599999999995,,,,,,调仓卖出
2017-03-31,sh.600759,卖出,7.99,3995.0,7.03745,,,,,,调仓卖出
2017-03-31,sh.600383,卖出,11.1,3330.0,6.6983,,,,,,调仓卖出
2017-03-31,sh.603311,卖出,24.81,2481.0,6.26531,,,,,,调仓卖出
2017-03-31,sz.000559,卖出,11.98,3594.0,6.83294,,,,,,调仓卖出
2017-03-31,sz.002425,买入,18.48,3696.0,5.03696,Group_1,0.9316615533123386,0.0043290043290042934,-0.06493506493506485,-0.12391774891774887,调仓买入
2017-03-31,sz.000639,买入,19.28,3856.0,5.03856,Group_1,0.919711291291219,0.06898340248962653,0.03475103734439822,0.0010373443983402453,调仓买入
2017-03-31,sz.000711,买入,30.77,3077.0,5.03077,Group_1,0.8943508775062017,0.07799805004874893,0.07799805004874893,-0.46473838154046154,调仓买入
2017-03-31,sz.000166,买入,6.2,4340.0,5.0434,Group_1,0.8632002281205905,0.012903225806451646,0.011290322580645107,-0.05967741935483872,调仓买入
2017-03-31,sh.603566,买入,26.44,2644.0,5.02644,Group_1,0.841775132500525,0.04009077155824503,0.020045385779122515,-0.031013615733736732,调仓买入
2017-03-31,sz.000428,买入,6.37,4459.0,5.04459,Group_1,0.8391832729569535,0.01883830455259039,0.004709576138147709,-0.1067503924646781,调仓买入
2017-03-31,sh.600089,买入,11.19,3357.0,5.03357,Group_1,0.8306327115521839,0.018766756032171594,0.033065236818588195,0.002680965147453085,调仓买入
2017-03-31,sz.002514,买入,8.45,4225.0,5.04225,Group_1,0.8230899931315975,0.022485207100591875,0.04023668639053257,-0.018934911242603603,调仓买入
2017-03-31,sz.000815,买入,16.45,3290.0,5.0329,Group_1,0.8181941634287793,0.0699088145896658,0.004255319148936287,-0.13738601823708207,调仓买入
2017-04-28,sz.002425,卖出,16.08,3215.9999999999995,6.64016,,,,,,调仓卖出
2017-04-28,sz.000639,卖出,19.58,3915.9999999999995,6.997159999999999,,,,,,调仓卖出
2017-04-28,sz.000711,卖出,15.14,1514.0,5.772139999999999,,,,,,调仓卖出
2017-04-28,sz.000166,卖出,5.91,4137.0,7.10987,,,,,,调仓卖出
2017-04-28,sh.603566,卖出,25.5,2550.0,6.3005,,,,,,调仓卖出
2017-04-28,sz.000428,卖出,5.71,3997.0,7.03847,,,,,,调仓卖出
2017-04-28,sh.600089,卖出,11.33,3399.0,6.73349,,,,,,调仓卖出
2017-04-28,sz.002514,卖出,8.05,4025.0000000000005,7.0527500000000005,,,,,,调仓卖出
2017-04-28,sz.000815,卖出,14.29,2858.0,6.45758,,,,,,调仓卖出
2017-04-28,sh.603678,买入,29.71,2971.0,5.02971,Group_1,0.9868227675481493,-0.02288791652642208,-0.09660047122181092,-0.13598115112756648,调仓买入
2017-04-28,sz.002056,买入,6.59,3954.0,5.03954,Group_1,0.9454739869358463,-0.03186646433990892,0.10166919575113798,0.03490136570561453,调仓买入
2017-04-28,sz.002187,买入,13.12,3935.9999999999995,5.03936,Group_1,0.9420387973037099,-0.004573170731707266,-0.02896341463414631,-0.05487804878048774,调仓买入
2017-04-28,sz.002530,买入,36.63,3663.0000000000005,5.03663,Group_1,0.9206207656164936,-0.01665301665301666,-0.04258804258804261,-0.12639912639912643,调仓买入
2017-04-28,sz.002706,买入,12.88,3864.0000000000005,5.03864,Group_1,0.8946007467724183,-0.022515527950310643,-0.03571428571428581,-0.11180124223602494,调仓买入
2017-04-28,sz.002645,买入,19.78,3956.0,5.03956,Group_1,0.8717378239528426,0.011122345803842304,-0.039433771486349856,-0.13801820020222444,调仓买入
2017-04-28,sh.603389,买入,21.4,2140.0,5.0214,Group_1,0.8673447491628262,-0.03971962616822422,-0.06588785046728973,-0.21962616822429903,调仓买入
2017-04-28,sh.600882,买入,10.1,4040.0,5.0404,Group_1,0.8443281959008864,0.002970297029702973,-0.01980198019801971,-0.05049504950495043,调仓买入
2017-04-28,sz.002723,买入,21.6,2160.0,5.0216,Group_1,0.8419875178199588,0.027314814814814792,-0.01388888888888895,-0.13194444444444453,调仓买入
2017-04-28,sz.000550,买入,22.76,2276.0,5.02276,Group_1,0.8376282803908419,-0.03031634446397191,-0.09710017574692442,-0.132249560632689,调仓买入
2017-05-31,sh.603678,卖出,25.67,2567.0,6.30917,,,,,,调仓卖出
2017-05-31,sz.002056,卖出,6.82,4092.0,7.08692,,,,,,调仓卖出
2017-05-31,sz.002187,卖出,12.4,3720.0,6.897200000000001,,,,,,调仓卖出
2017-05-31,sz.002530,卖出,32.0,3200.0,6.632,,,,,,调仓卖出
2017-05-31,sz.002706,卖出,11.44,3432.0,6.75032,,,,,,调仓卖出
2017-05-31,sz.002645,卖出,17.05,3410.0,6.7391,,,,,,调仓卖出
2017-05-31,sh.603389,卖出,16.7,1670.0,5.8517,,,,,,调仓卖出
2017-05-31,sh.600882,卖出,9.59,3836.0,6.95636,,,,,,调仓卖出
2017-05-31,sz.002723,卖出,18.75,1875.0,5.95625,,,,,,调仓卖出
2017-05-31,sz.000550,卖出,19.75,1975.0,6.00725,,,,,,调仓卖出
2017-05-31,sz.002761,买入,30.37,3037.0,5.03037,Group_1,0.9528753001105543,-0.10009878169245978,-0.10009878169245978,0.2723081988804741,调仓买入
2017-05-31,sz.002217,买入,8.73,3492.0,5.03492,Group_1,0.9126188443917921,-0.060710194730813405,0.051546391752577136,0.12027491408934687,调仓买入
2017-05-31,sh.600641,买入,10.93,3279.0,5.03279,Group_1,0.9107584265942382,-0.021957913998170153,0.031107044830741115,0.0027447392497714773,调仓买入
2017-05-31,sh.603101,买入,16.16,3232.0,5.03232,Group_1,0.8962115615268003,-0.057549504950495045,0.02537128712871284,0.008663366336633782,调仓买入
2017-05-31,sh.603223,买入,23.99,2399.0,5.02399,Group_1,0.8946779387901966,-0.03668195081283865,0.03626511046269276,0.002917882451021203,调仓买入
2017-05-31,sz.002383,买入,13.68,2736.0,5.02736,Group_1,0.885512315044418,-0.0643274853801169,0.007309941520467822,0.1505847953216375,调仓买入
2017-05-31,sh.600604,买入,6.84,3420.0,5.0342,Group_1,0.8830066112214063,-0.01608187134502914,0.040935672514619936,0.05701754385964919,调仓买入
2017-05-31,sh.600716,买入,4.94,3458.0000000000005,5.03458,Group_1,0.8808693882914859,-0.020242914979757165,0.0323886639676112,0.036437246963562764,调仓买入
2017-05-31,sh.600863,买入,3.02,3624.0,5.03624,Group_1,0.8650067117635538,-0.019867549668874163,0.0066225165562914245,-0.009933774834437026,调仓买入
2017-05-31,sh.603398,买入,24.16,2416.0,5.02416,Group_1,0.8581257202141545,-0.10016556291390732,-0.07160596026490063,-0.11672185430463577,调仓买入
2017-06-30,sz.002761,卖出,38.09,3809.0000000000005,6.942590000000001,,,,,,调仓卖出
2017-06-30,sz.002217,卖出,9.88,3952.0000000000005,7.01552,,,,,,调仓卖出
2017-06-30,sh.600641,卖出,11.16,3348.0,6.70748,,,,,,调仓卖出
2017-06-30,sh.603101,卖出,16.6,3320.0000000000005,6.6932,,,,,,调仓卖出
2017-06-30,sh.603223,卖出,24.45,2445.0,6.24695,,,,,,调仓卖出
2017-06-30,sz.002383,卖出,15.67,3134.0,6.59834,,,,,,调仓卖出
2017-06-30,sh.600604,卖出,7.15,3575.0,6.82325,,,,,,调仓卖出
2017-06-30,sh.600716,卖出,5.14,3598.0,6.83498,,,,,,调仓卖出
2017-06-30,sh.600863,卖出,3.01,3611.9999999999995,6.84212,,,,,,调仓卖出
2017-06-30,sh.603398,卖出,21.44,2144.0,6.09344,,,,,,调仓卖出
2017-06-30,sh.603030,买入,10.29,3086.9999999999995,5.03087,Group_1,0.9022430325896226,0.019436345966958424,-0.031098153547132967,-0.18561710398445075,调仓买入
2017-06-30,sh.600562,买入,27.54,2754.0,5.02754,Group_1,0.8561808260980301,-0.0003631082062454105,-0.005809731299927345,-0.024328249818445835,调仓买入
2017-06-30,sh.603559,买入,26.09,2609.0,5.02609,Group_1,0.8355739098747463,-0.01571483326945189,-0.011115369873514691,-0.12763510923725563,调仓买入
2017-06-30,sh.603012,买入,8.26,3304.0,5.03304,Group_1,0.8199720781974542,0.08111380145278457,0.032687651331719136,-0.021791767554479424,调仓买入
2017-06-30,sh.600963,买入,7.53,3765.0,5.03765,Group_1,0.815862075947389,0.031872509960159334,0.02257636122177953,-0.04249667994687922,调仓买入
2017-06-30,sz.000797,买入,9.38,3752.0000000000005,5.03752,Group_1,0.8095913029785965,0.019189765458422103,-0.009594882729211274,0.19402985074626855,调仓买入
2017-06-30,sz.000789,买入,7.09,3545.0,5.03545,Group_1,0.8017913727172016,0.03667136812411842,0.060648801128349694,0.12552891396332866,调仓买入
2017-06-30,sz.002337,买入,5.84,3504.0,5.03504,Group_1,0.7987320177388529,0.011986301369863117,0.018835616438356295,-0.03082191780821908,调仓买入
2017-06-30,sz.002799,买入,19.9,1989.9999999999998,5.0199,Group_1,0.795416984027549,-0.0020100502512562235,0.035175879396984966,0.0005025125628141947,调仓买入
2017-06-30,sz.000821,买入,13.27,2654.0,5.02654,Group_1,0.7937912765710948,0.005275056518462717,0.006028636021100153,-0.08214016578749062,调仓买入
2017-07-31,sh.603030,卖出,8.37,2510.9999999999995,6.280609999999999,,,,,,调仓卖出
2017-07-31,sh.600562,卖出,26.6,2660.0,6.3566,,,,,,调仓卖出
2017-07-31,sh.603559,卖出,21.95,2195.0,6.1194500000000005,,,,,,调仓卖出
2017-07-31,sh.603012,卖出,8.09,3236.0,6.65036,,,,,,调仓卖出
2017-07-31,sh.600963,卖出,7.36,3680.0,6.8768,,,,,,调仓卖出
2017-07-31,sz.000797,卖出,11.3,4520.0,7.305200000000001,,,,,,调仓卖出
2017-07-31,sz.000789,卖出,8.19,4094.9999999999995,7.08845,,,,,,调仓卖出
2017-07-31,sz.002337,卖出,5.69,3414.0000000000005,6.74114,,,,,,调仓卖出
2017-07-31,sz.002799,卖出,19.7,1970.0,6.004700000000001,,,,,,调仓卖出
2017-07-31,sz.000821,卖出,12.21,2442.0,6.24542,,,,,,调仓卖出
2017-07-31,sz.002029,买入,9.43,3772.0,5.03772,Group_1,0.9283150738698077,-0.0010604453870625141,0.0031813361611878754,0.020148462354188768,调仓买入
2017-07-31,sh.600568,买入,6.8,3400.0,5.034,Group_1,0.9080471593547611,0.02499999999999991,0.1014705882352942,0.11617647058823533,调仓买入
2017-07-31,sz.002416,买入,10.36,3108.0,5.03108,Group_1,0.8765388142812255,-0.005791505791505669,0.015444015444015413,0.06853281853281867,调仓买入
2017-07-31,sh.600462,买入,5.6,3919.9999999999995,5.0392,Group_1,0.874554637428774,-0.0017857142857142794,0.012499999999999956,-0.012499999999999845,调仓买入
2017-07-31,sh.601900,买入,11.92,3576.0,5.03576,Group_1,0.8485430916595119,-0.00251677852348986,-0.010067114093959662,0.028523489932885893,调仓买入
2017-07-31,sh.603009,买入,13.32,2664.0,5.02664,Group_1,0.8438238983481298,-0.010510510510510551,-0.06981981981981977,0.008258258258258211,调仓买入
2017-07-31,sh.600983,买入,9.71,3884.0000000000005,5.03884,Group_1,0.8339620641269058,0.003089598352214118,-0.012358393408856916,-0.013388259526261659,调仓买入
2017-07-31,sh.600578,买入,4.39,3511.9999999999995,5.03512,Group_1,0.8256518433292056,0.0,0.02505694760820054,-0.018223234624145768,调仓买入
2017-07-31,sh.600163,买入,4.64,3711.9999999999995,5.03712,Group_1,0.8163213555855234,0.0021551724137931494,-0.010775862068965525,0.012931034482758674,调仓买入
2017-08-31,sz.002029,卖出,9.59,3836.0,6.95636,,,,,,调仓卖出
2017-08-31,sh.600568,卖出,7.32,3660.0,6.8666,,,,,,调仓卖出
2017-08-31,sz.002416,卖出,11.26,3378.0,6.72278,,,,,,调仓卖出
2017-08-31,sh.600462,卖出,6.32,4424.0,7.25624,,,,,,调仓卖出
2017-08-31,sh.601900,卖出,12.43,3729.0,6.90179,,,,,,调仓卖出
2017-08-31,sh.600578,卖出,4.3,3440.0,6.7543999999999995,,,,,,调仓卖出
2017-08-31,sh.600163,卖出,4.66,3728.0,6.90128,,,,,,调仓卖出
2017-08-31,sz.000957,买入,10.53,4212.0,5.04212,Group_1,0.9455489310809535,0.013295346628680038,0.09591642924976251,0.41120607787274466,调仓买入
2017-08-31,sh.603030,买入,8.6,3440.0,5.0344,Group_1,0.94317837918276,-0.008139534883720989,0.008139534883720989,-0.0604651162790697,调仓买入
2017-08-31,sh.600745,买入,22.72,2272.0,5.02272,Group_1,0.9297340938417874,0.0022007042253522346,0.10739436619718323,0.15492957746478875,调仓买入
2017-08-31,sh.601163,买入,24.8,2480.0,5.0248,Group_1,0.9074835231444992,-0.0020161290322581182,-0.020967741935483897,-0.03387096774193543,调仓买入
2017-08-31,sh.600241,买入,12.24,3672.0,5.03672,Group_1,0.891364549630666,-0.0016339869281045694,0.004901960784313708,0.015522875816993409,调仓买入
2017-08-31,sh.603520,买入,29.4,2940.0,5.0294,Group_1,0.8524901656655844,-0.006462585034013535,0.0,-0.027210884353741416,调仓买入
2017-09-29,sh.600983,卖出,8.59,3436.0,6.75236,,,,,,调仓卖出
2017-09-29,sz.000957,卖出,14.99,5996.0,8.057960000000001,,,,,,调仓卖出
2017-09-29,sh.603030,卖出,8.2,3279.9999999999995,6.6728,,,,,,调仓卖出
2017-09-29,sh.600745,卖出,27.06,2706.0,6.380059999999999,,,,,,调仓卖出
2017-09-29,sh.601163,卖出,24.3,2430.0,6.2393,,,,,,调仓卖出
2017-09-29,sh.600241,卖出,12.43,3729.0,6.90179,,,,,,调仓卖出
2017-09-29,sh.603520,卖出,28.91,2891.0,6.47441,,,,,,调仓卖出
2017-09-29,sh.603456,买入,15.99,3198.0,5.03198,Group_1,0.9611633467309578,0.03564727954971847,0.04878048780487809,0.008755472170106193,调仓买入
2017-09-29,sh.600841,买入,13.26,3978.0,5.03978,Group_1,0.9361177466362556,0.012066365007541435,0.08144796380090491,0.1244343891402715,调仓买入
2017-09-29,sh.603388,买入,23.73,2373.0,5.02373,Group_1,0.9219656377808759,0.03329119258322799,0.17951959544879892,-0.01390644753476622,调仓买入
2017-09-29,sh.603798,买入,22.81,2281.0,5.02281,Group_1,0.8924050819822026,0.017097764138535698,0.043402016659360054,-0.09513371328364739,调仓买入
2017-09-29,sz.002517,买入,18.14,3628.0,5.03628,Group_1,0.8920459701590331,-0.0011025358324144863,0.047960308710033095,0.2767364939360528,调仓买入
2017-09-29,sz.000726,买入,11.93,3579.0,5.03579,Group_1,0.8909688848728724,0.005029337803855949,0.03772003352891873,-0.07544006705783746,调仓买入
2017-09-29,sh.600976,买入,26.47,2647.0,5.02647,Group_1,0.8856719597764349,0.01208915753683426,0.02946732149603326,0.05591235360785807,调仓买入
2017-09-29,sh.600839,买入,3.51,4212.0,5.04212,Group_1,0.8482605412515403,0.02279202279202286,0.056980056980056926,0.008547008547008517,调仓买入
2017-09-29,sz.002262,买入,14.17,4251.0,5.04251,Group_1,0.8431204260013988,0.011997177134791759,0.0543401552575864,0.03246294989414267,调仓买入
2017-10-31,sh.603456,卖出,16.3,3260.0,6.6626,,,,,,调仓卖出
2017-10-31,sh.600841,卖出,14.87,4461.0,7.27511,,,,,,调仓卖出
2017-10-31,sh.603388,卖出,23.22,2322.0,6.18422,,,,,,调仓卖出
2017-10-31,sh.603798,卖出,21.4,2140.0,6.0914,,,,,,调仓卖出
2017-10-31,sz.002517,卖出,22.9,4580.0,7.3358,,,,,,调仓卖出
2017-10-31,sz.000726,卖出,11.38,3414.0000000000005,6.74114,,,,,,调仓卖出
2017-10-31,sh.600976,卖出,28.3,2830.0,6.4433,,,,,,调仓卖出
2017-10-31,sh.600839,卖出,3.72,4464.0,7.27664,,,,,,调仓卖出
2017-10-31,sz.002262,卖出,15.36,4608.0,7.35008,,,,,,调仓卖出
2017-10-31,sh.603029,买入,25.73,2573.0,5.02573,Group_1,0.934943350509854,-0.014380101049358718,-0.07811892732219206,-0.18616401088223855,调仓买入
2017-10-31,sz.002324,买入,26.24,2624.0,5.02624,Group_1,0.8996203710235507,-0.009146341463414531,0.02705792682926833,-0.05106707317073167,调仓买入
2017-10-31,sz.002126,买入,9.69,3876.0,5.03876,Group_1,0.859696863975027,-0.01547987616099078,-0.028895768833849256,-0.03405572755417963,调仓买入
2017-10-31,sz.000506,买入,8.11,4054.9999999999995,5.04055,Group_1,0.8406746607808273,0.0036991368680643344,-0.013563501849568338,-0.0308261405672009,调仓买入
2017-10-31,sh.600053,买入,27.65,2765.0,5.02765,Group_1,0.8342403878594797,0.020253164556962133,0.005063291139240533,-0.10669077757685352,调仓买入
2017-10-31,sz.002721,买入,13.07,3921.0,5.03921,Group_1,0.8022244464941803,-0.009181331293037553,-0.10941086457536342,0.01224177505738333,调仓买入
2017-10-31,sh.600988,买入,6.17,4319.0,5.04319,Group_1,0.7981738961366894,0.0032414910858995505,-0.011345218800648316,-0.09886547811993518,调仓买入
2017-10-31,sz.000100,买入,4.34,4340.0,5.0434,Group_1,0.7636423291715312,-0.02995391705069117,0.10599078341013835,-0.025345622119815503,调仓买入
2017-11-30,sh.603009,卖出,10.22,2044.0000000000002,6.04244,,,,,,调仓卖出
2017-11-30,sh.603029,卖出,21.15,2115.0,6.0786500000000006,,,,,,调仓卖出
2017-11-30,sz.002324,卖出,24.65,2465.0,6.25715,,,,,,调仓卖出
2017-11-30,sz.002126,卖出,9.44,3776.0,6.9257599999999995,,,,,,调仓卖出
2017-11-30,sz.000506,卖出,7.85,3925.0,7.00175,,,,,,调仓卖出
2017-11-30,sh.600053,卖出,24.47,2447.0,6.2479700000000005,,,,,,调仓卖出
2017-11-30,sz.002721,卖出,13.19,3957.0,7.018070000000001,,,,,,调仓卖出
2017-11-30,sh.600988,卖出,5.57,3899.0,6.9884900000000005,,,,,,调仓卖出
2017-11-30,sz.000100,卖出,4.18,4180.0,7.1318,,,,,,调仓卖出
2017-11-30,sh.600649,买入,8.94,3576.0,5.03576,Group_1,0.9541400061896844,-0.0022371364653243075,0.020134228187919323,-0.016778523489932917,调仓买入
2017-11-30,sh.603997,买入,11.72,3516.0,5.03516,Group_1,0.90303544071235,-0.0034129692832765013,-0.005972696245733822,-0.03412969283276457,调仓买入
2017-11-30,sh.600979,买入,5.28,3696.0,5.03696,Group_1,0.889946807121849,0.0037878787878786735,-0.013257575757575801,0.02651515151515138,调仓买入
2017-11-30,sz.002610,买入,2.38,4046.0,5.04046,Group_1,0.8679198314173929,0.004201680672269115,-0.02941176470588225,-0.008403361344537785,调仓买入
2017-11-30,sz.002127,买入,11.6,3480.0,5.0348,Group_1,0.8378979733833012,0.01982758620689662,0.01379310344827589,0.04655172413793118,调仓买入
2017-11-30,sz.002783,买入,19.19,3838.0000000000005,5.03838,Group_1,0.8312692611310278,0.008858780614903417,-0.053673788431474745,-0.06357477853048477,调仓买入
2017-11-30,sh.600535,买入,36.7,3670.0000000000005,5.0367,Group_1,0.8307110766452261,0.0024523160762941476,0.025613079019073615,-0.038147138964577776,调仓买入
2017-11-30,sh.603588,买入,11.87,3560.9999999999995,5.03561,Group_1,0.830092581196652,0.031171019376579734,0.017691659646166924,0.058129738837405354,调仓买入
2017-11-30,sz.000836,买入,5.06,4047.9999999999995,5.04048,Group_1,0.822066479168839,0.0,-0.12252964426877455,-0.17391304347826086,调仓买入
2017-12-29,sh.600649,卖出,8.8,3520.0000000000005,6.7951999999999995,,,,,,调仓卖出
2017-12-29,sh.603997,卖出,11.27,3381.0,6.72431,,,,,,调仓卖出
2017-12-29,sh.600979,卖出,5.37,3759.0,6.91709,,,,,,调仓卖出
2017-12-29,sz.002610,卖出,2.37,4029.0,7.05479,,,,,,调仓卖出
2017-12-29,sz.002127,卖出,12.19,3657.0,6.86507,,,,,,调仓卖出
2017-12-29,sz.002783,卖出,18.37,3674.0,6.87374,,,,,,调仓卖出
2017-12-29,sh.600535,卖出,35.58,3558.0,6.81458,,,,,,调仓卖出
2017-12-29,sh.603588,卖出,12.72,3816.0,6.946160000000001,,,,,,调仓卖出
2017-12-29,sz.000836,卖出,4.17,3336.0,6.70136,,,,,,调仓卖出
2017-12-29,sh.600088,买入,13.21,3963.0000000000005,5.03963,Group_1,0.8994588130893336,-0.015897047691143085,-0.02876608629825894,-0.04239212717638152,调仓买入
2017-12-29,sz.002872,买入,30.55,3055.0,5.03055,Group_1,0.8944217799226982,0.000654664484451617,0.014729950900163713,-0.014075286415711985,调仓买入
2017-12-29,sz.002661,买入,14.24,2848.0,5.02848,Group_1,0.8750322755743918,0.002808988764044784,0.018258426966292207,-0.0196629213483146,调仓买入
2017-12-29,sz.002290,买入,13.0,3900.0,5.039,Group_1,0.8555860822689225,0.007692307692307665,0.010000000000000009,-0.04538461538461536,调仓买入
2017-12-29,sz.002286,买入,9.74,3896.0,5.03896,Group_1,0.8404207677887797,0.03182751540041062,0.021560574948665145,0.07289527720739208,调仓买入
2017-12-29,sz.002022,买入,13.61,2722.0,5.02722,Group_1,0.8292539760622841,0.008817046289493202,0.024981631153563555,0.03894195444526094,调仓买入
2017-12-29,sh.603058,买入,12.14,3642.0,5.03642,Group_1,0.8201644815288456,0.02224052718286651,0.07413509060955503,0.42833607907743,调仓买入
2017-12-29,sz.000920,买入,9.63,3852.0000000000005,5.03852,Group_1,0.8158094478886996,0.01349948078920038,0.036344755970924236,0.005192107995846129,调仓买入
2017-12-29,sz.002346,买入,18.69,3738.0000000000005,5.03738,Group_1,0.8028281357653193,0.01872659176029945,0.0690208667736758,0.014446227929374,调仓买入
2017-12-29,sz.002188,买入,15.8,3160.0,5.0316,Group_1,0.7968139818387374,-0.03354430379746842,-0.05316455696202527,-0.1525316455696203,调仓买入
2018-01-31,sh.600088,卖出,12.0,3600.0,6.835999999999999,,,,,,调仓卖出
2018-01-31,sz.002872,卖出,29.42,2942.0,6.50042,,,,,,调仓卖出
2018-01-31,sz.002661,卖出,12.96,2592.0,6.32192,,,,,,调仓卖出
2018-01-31,sz.002286,卖出,10.48,4192.0,7.13792,,,,,,调仓卖出
2018-01-31,sz.002022,卖出,13.63,2726.0,6.39026,,,,,,调仓卖出
2018-01-31,sh.603058,卖出,20.98,6294.0,8.20994,,,,,,调仓卖出
2018-01-31,sz.000920,卖出,9.23,3692.0,6.88292,,,,,,调仓卖出
2018-01-31,sz.002346,卖出,17.87,3574.0,6.82274,,,,,,调仓卖出
2018-01-31,sh.600969,买入,11.04,3311.9999999999995,5.03312,Group_1,0.9772340825156248,-0.061594202898550665,-0.09148550724637683,-0.04619565217391308,调仓买入
2018-01-31,sh.603933,买入,40.34,4034.0000000000005,5.04034,Group_1,0.96077980648373,-0.02181457610312354,-0.16534457114526524,-0.0029747149231532655,调仓买入
2018-01-31,sh.600397,买入,3.04,4256.0,5.04256,Group_1,0.9487517410152813,-0.05921052631578949,-0.013157894736842146,-0.019736842105263164,调仓买入
2018-01-31,sz.002676,买入,6.24,4368.0,5.04368,Group_1,0.9225286532607062,-0.09935897435897434,-0.056089743589743724,-0.009615384615384692,调仓买入
2018-01-31,sz.002585,买入,6.02,4214.0,5.04214,Group_1,0.8921570851982998,-0.02491694352159457,-0.03322259136212613,0.031561461794020085,调仓买入
2018-01-31,sh.603366,买入,5.63,3941.0,5.03941,Group_1,0.8818894126351209,-0.06394316163410307,-0.11012433392539966,-0.05683836589698055,调仓买入
2018-01-31,sz.002200,买入,10.72,4288.0,5.04288,Group_1,0.8720850422546292,-0.07555970149253732,-0.23041044776119413,-0.1324626865671642,调仓买入
2018-01-31,sh.600601,买入,3.18,4134.0,5.04134,Group_1,0.8610013615299392,-0.07547169811320764,-0.14150943396226423,0.04402515723270439,调仓买入
2018-02-28,sz.002290,卖出,10.67,3201.0,6.63251,,,,,,调仓卖出
2018-02-28,sz.002188,卖出,7.24,1448.0,5.73848,,,,,,调仓卖出
2018-02-28,sh.600969,卖出,10.29,3086.9999999999995,6.57437,,,,,,调仓卖出
2018-02-28,sh.603933,卖出,38.77,3877.0000000000005,6.977270000000001,,,,,,调仓卖出
2018-02-28,sh.600397,卖出,2.94,4116.0,7.0991599999999995,,,,,,调仓卖出
2018-02-28,sz.002676,卖出,6.25,4375.0,7.23125,,,,,,调仓卖出
2018-02-28,sz.002585,卖出,5.95,4165.0,7.12415,,,,,,调仓卖出
2018-02-28,sh.603366,卖出,5.23,3661.0000000000005,6.86711,,,,,,调仓卖出
2018-02-28,sz.002200,卖出,8.82,3528.0,6.79928,,,,,,调仓卖出
2018-02-28,sh.600601,卖出,2.95,3835.0000000000005,6.955850000000001,,,,,,调仓卖出
2018-02-28,sz.000662,买入,11.42,3426.0,5.03426,Group_1,0.9735535440136369,0.03327495621716303,0.0945709281961471,0.15499124343257442,调仓买入
2018-02-28,sz.002776,买入,16.6,3320.0000000000005,5.0332,Group_1,0.9496768351310955,-0.001204819277108582,-0.03855421686746996,0.20421686746987922,调仓买入
2018-02-28,sz.002684,买入,14.22,2844.0,5.02844,Group_1,0.9217828190175249,-0.03375527426160341,-0.04992967651195501,-0.008438818565400963,调仓买入
2018-02-28,sz.000711,买入,12.92,2584.0,5.02584,Group_1,0.9206913768797671,-0.0023219814241485226,-0.03250773993808054,-0.06965944272445823,调仓买入
2018-02-28,sh.600379,买入,8.11,3244.0,5.03244,Group_1,0.8995865949810272,0.018495684340320562,0.13440197287299638,0.1134401972872996,调仓买入
2018-02-28,sz.002178,买入,6.8,3400.0,5.034,Group_1,0.8990873103008472,0.02499999999999991,0.013235294117647012,0.11176470588235299,调仓买入
2018-02-28,sz.002760,买入,22.25,2225.0,5.02225,Group_1,0.8879978364984261,0.026516853932584183,0.0017977528089887507,-0.011235955056179803,调仓买入
2018-02-28,sz.002101,买入,18.97,1897.0,5.01897,Group_1,0.8853994300752676,-0.0073800738007380184,0.0010542962572481773,-0.10911966262519768,调仓买入
2018-02-28,sz.002116,买入,8.65,3460.0,5.0346,Group_1,0.8848194247341243,0.015028901734103872,0.009248554913294793,0.07052023121387285,调仓买入
2018-02-28,sz.002150,买入,8.03,3211.9999999999995,5.03212,Group_1,0.8718288254945293,0.014943960149439661,0.047322540473225594,-0.001245330012453305,调仓买入
2018-03-30,sz.000662,卖出,13.35,4005.0,7.04255,,,,,,调仓卖出
2018-03-30,sz.002776,卖出,21.58,4316.0,7.20116,,,,,,调仓卖出
2018-03-30,sz.002684,卖出,14.07,2814.0,6.43514,,,,,,调仓卖出
2018-03-30,sh.600379,卖出,9.33,3732.0,6.903320000000001,,,,,,调仓卖出
2018-03-30,sz.002178,卖出,7.84,3920.0,6.9992,,,,,,调仓卖出
2018-03-30,sz.002760,卖出,22.93,2293.0,6.16943,,,,,,调仓卖出
2018-03-30,sz.002101,卖出,17.33,1732.9999999999998,5.883830000000001,,,,,,调仓卖出
2018-03-30,sz.002116,卖出,9.5,3800.0,6.938000000000001,,,,,,调仓卖出
2018-03-30,sz.002150,卖出,8.25,3300.0,6.683000000000001,,,,,,调仓卖出
2018-03-30,sh.600277,买入,5.53,3871.0,5.03871,Group_1,0.889094104647911,-0.009041591320072317,-0.003616636528029016,-0.023508137432188048,调仓买入
2018-03-30,sz.002484,买入,7.75,3875.0,5.03875,Group_1,0.8608827119819387,0.024516129032258194,-0.01677419354838705,0.03612903225806452,调仓买入
2018-03-30,sz.002322,买入,16.0,3200.0,5.032,Group_1,0.8578556976035562,0.0031250000000000444,-0.04125000000000001,-0.10250000000000004,调仓买入
2018-03-30,sz.000509,买入,3.85,3850.0,5.0385,Group_1,0.8310192950881522,-0.012987012987013102,-0.07792207792207795,-0.1532467532467533,调仓买入
2018-03-30,sh.600702,买入,35.75,3575.0,5.03575,Group_1,0.8136622791705737,-0.00419580419580412,0.055104895104895135,0.02629370629370631,调仓买入
2018-03-30,sh.600259,买入,32.39,3239.0,5.03239,Group_1,0.8050982480092064,0.005248533497993257,0.05217659771534411,-0.020685396727385008,调仓买入
2018-03-30,sz.002442,买入,11.6,3480.0,5.0348,Group_1,0.8014155198434079,0.0,-0.012068965517241237,-0.02155172413793105,调仓买入
2018-03-30,sh.600179,买入,16.35,3270.0000000000005,5.0327,Group_1,0.7969348746413428,-0.011620795107033732,0.036085626911315005,0.02752293577981657,调仓买入
2018-04-27,sh.600277,卖出,5.37,3759.0,6.91709,,,,,,调仓卖出
2018-04-27,sz.002484,卖出,7.61,3805.0,6.94055,,,,,,调仓卖出
2018-04-27,sz.002322,卖出,14.0,2800.0,6.428,,,,,,调仓卖出
2018-04-27,sz.000509,卖出,3.33,3330.0,6.6983,,,,,,调仓卖出
2018-04-27,sh.600702,卖出,35.22,3522.0,6.79622,,,,,,调仓卖出
2018-04-27,sh.600259,卖出,31.83,3183.0,6.62333,,,,,,调仓卖出
2018-04-27,sz.002442,卖出,11.04,3311.9999999999995,6.68912,,,,,,调仓卖出
2018-04-27,sh.600179,卖出,16.39,3278.0,6.67178,,,,,,调仓卖出
2018-04-27,sh.603716,买入,24.97,2497.0,5.02497,Group_1,0.9647411564149112,0.030036043251902234,0.010012014417300819,-0.02162595114136956,调仓买入
2018-04-27,sz.000917,买入,6.56,3935.9999999999995,5.03936,Group_1,0.9149870002584045,0.007621951219512368,0.07317073170731714,0.04725609756097571,调仓买入
2018-04-27,sz.002838,买入,22.45,2245.0,5.02245,Group_1,0.9115215672616979,-0.010690423162583396,0.03563474387527843,0.0008908685968820329,调仓买入
2018-04-27,sz.002717,买入,12.68,3804.0,5.03804,Group_1,0.9098906813654517,0.056782334384858135,0.08753943217665605,-0.1545741324921135,调仓买入
2018-04-27,sz.002552,买入,6.89,3445.0,5.03445,Group_1,0.9094004276345531,0.0,-0.15094339622641506,-0.1523947750362844,调仓买入
2018-04-27,sh.600651,买入,5.71,3997.0,5.03997,Group_1,0.9084162827162664,-0.02626970227670755,0.012259194395796813,-0.13835376532399302,调仓买入
2018-04-27,sh.603556,买入,27.03,2703.0,5.02703,Group_1,0.8705919970137913,-0.03847576766555694,0.021827598964113903,0.0573436921938586,调仓买入
2018-04-27,sz.002244,买入,6.12,3672.0,5.03672,Group_1,0.8595521229597952,0.013071895424836555,-0.014705882352941124,-0.08333333333333326,调仓买入
2018-04-27,sh.600671,买入,17.76,3552.0000000000005,5.03552,Group_1,0.8593174050075743,0.021959459459459207,0.0884009009009008,0.06306306306306286,调仓买入
2018-05-31,sh.603716,卖出,23.84,2384.0,6.21584,,,,,,调仓卖出
2018-05-31,sz.000917,卖出,6.59,3954.0,7.01654,,,,,,调仓卖出
2018-05-31,sz.002838,卖出,22.05,2205.0,6.12455,,,,,,调仓卖出
2018-05-31,sz.002717,卖出,10.57,3171.0,6.61721,,,,,,调仓卖出
2018-05-31,sz.002552,卖出,5.82,2910.0,6.4841,,,,,,调仓卖出
2018-05-31,sh.600651,卖出,4.78,3346.0,6.70646,,,,,,调仓卖出
2018-05-31,sh.603556,卖出,27.71,2771.0,6.413209999999999,,,,,,调仓卖出
2018-05-31,sz.002244,卖出,5.52,3311.9999999999995,6.68912,,,,,,调仓卖出
2018-05-31,sh.600671,卖出,19.0,3800.0,6.938000000000001,,,,,,调仓卖出
2018-05-31,sh.600378,买入,11.07,3321.0,5.03321,Group_1,0.9533852288162273,-0.027100271002710064,-0.06413730803974715,-0.13821138211382122,调仓买入
2018-05-31,sz.000626,买入,8.18,3272.0,5.03272,Group_1,0.9447993415350231,-0.023227383863080653,-0.013447432762836109,-0.13936430317848403,调仓买入
2018-05-31,sz.002567,买入,5.59,3354.0,5.03354,Group_1,0.9391617461962857,-0.003577817531305816,-0.023255813953488302,-0.1896243291592128,调仓买入
2018-05-31,sz.002366,买入,16.79,3358.0,5.03358,Group_1,0.9135206240840491,0.019058963668850515,0.020250148898153686,-0.15068493150684925,调仓买入
2018-05-31,sz.000662,买入,9.0,3600.0,5.036,Group_1,0.9033950250144743,0.014444444444444482,0.06888888888888878,-0.28555555555555556,调仓买入
2018-05-31,sz.000068,买入,4.24,3816.0,5.03816,Group_1,0.8983147836760076,-0.014150943396226578,-0.07311320754716977,-0.28301886792452835,调仓买入
2018-05-31,sz.002871,买入,26.75,2675.0,5.02675,Group_1,0.897781393253827,0.029906542056074903,-0.0930841121495326,-0.23514018691588778,调仓买入
2018-05-31,sz.002056,买入,8.21,3284.0000000000005,5.03284,Group_1,0.8899722134700165,-0.018270401948842885,-0.03410475030450688,-0.14616321559074308,调仓买入
2018-05-31,sh.600316,买入,10.56,3168.0,5.03168,Group_1,0.8867921583172929,-0.007575757575757569,-0.012310606060606188,-0.11742424242424243,调仓买入
2018-06-29,sh.600378,卖出,9.54,2861.9999999999995,6.45962,,,,,,调仓卖出
2018-06-29,sz.000626,卖出,7.04,2816.0,6.436159999999999,,,,,,调仓卖出
2018-06-29,sz.002567,卖出,4.53,2718.0,6.38618,,,,,,调仓卖出
2018-06-29,sz.002366,卖出,14.26,2852.0,6.4545200000000005,,,,,,调仓卖出
2018-06-29,sz.000662,卖出,6.43,2572.0,6.311719999999999,,,,,,调仓卖出
2018-06-29,sz.000068,卖出,3.04,2736.0,6.39536,,,,,,调仓卖出
2018-06-29,sz.002871,卖出,20.46,2046.0,6.04346,,,,,,调仓卖出
2018-06-29,sz.002056,卖出,7.01,2804.0,6.43004,,,,,,调仓卖出
2018-06-29,sh.600316,卖出,9.32,2796.0,6.42596,,,,,,调仓卖出
2018-06-29,sz.000063,买入,13.03,2606.0,5.02606,Group_1,0.987121949748006,-0.06139677666922483,0.0007674597083653367,0.1841903300076746,调仓买入
2018-06-29,sh.603609,买入,9.44,2832.0,5.02832,Group_1,0.9686783918115461,-0.01483050847457612,-0.08368644067796605,-0.028601694915254217,调仓买入
2018-06-29,sz.000411,买入,13.35,2670.0,5.0267,Group_1,0.9313706734061103,-0.013483146067415741,-0.062172284644194775,0.09363295880149813,调仓买入
2018-06-29,sz.002838,买入,19.23,1923.0,5.01923,Group_1,0.9251885634597443,-0.029121164846593772,-0.040561622464898694,-0.0249609984399376,调仓买入
2018-06-29,sz.000722,买入,6.08,3040.0,5.0304,Group_1,0.920140440922647,-0.016447368421052544,-0.03125000000000011,0.05098684210526305,调仓买入
2018-06-29,sz.002271,买入,17.01,1701.0000000000002,5.01701,Group_1,0.9145467592632645,-0.09994121105232223,-0.08230452674897126,0.021164021164021163,调仓买入
2018-06-29,sz.002647,买入,18.76,1876.0000000000002,5.01876,Group_1,0.9130161888571647,-0.01279317697228155,-0.023454157782516027,-0.05756929637526664,调仓买入
2018-06-29,sh.600993,买入,17.01,1701.0000000000002,5.01701,Group_1,0.9071027894112237,-0.01587301587301604,-0.04879482657260448,0.005878894767783471,调仓买入
2018-06-29,sh.600572,买入,7.17,2868.0,5.02868,Group_1,0.8979222342490006,0.002789400278940146,-0.046025104602510525,0.030683403068340276,调仓买入
2018-07-31,sz.000063,卖出,14.6,2920.0,6.4892,,,,,,调仓卖出
2018-07-31,sh.603609,卖出,9.23,2769.0,6.41219,,,,,,调仓卖出
2018-07-31,sz.000411,卖出,14.73,2946.0,6.50246,,,,,,调仓卖出
2018-07-31,sz.002838,卖出,18.75,1875.0,5.95625,,,,,,调仓卖出
2018-07-31,sz.000722,卖出,6.14,3070.0,6.5657000000000005,,,,,,调仓卖出
2018-07-31,sz.002271,卖出,17.31,1730.9999999999998,5.88281,,,,,,调仓卖出
2018-07-31,sz.002647,卖出,17.63,1763.0,5.8991299999999995,,,,,,调仓卖出
2018-07-31,sh.600993,卖出,16.75,1675.0,5.85425,,,,,,调仓卖出
2018-07-31,sh.600572,卖出,7.11,2844.0,6.4504399999999995,,,,,,调仓卖出
2018-07-31,sz.000682,买入,3.9,3120.0,5.0312,Group_1,0.948892211771216,-0.017948717948717885,-0.038461538461538436,-0.07948717948717954,调仓买入
2018-07-31,sz.000793,买入,4.03,3224.0,5.03224,Group_1,0.9296537043755406,-0.062034739454094434,-0.13399503722084372,-0.15384615384615385,调仓买入
2018-07-31,sh.600221,买入,2.44,3172.0,5.03172,Group_1,0.8899794241583843,-0.012295081967213073,-0.07786885245901642,-0.11475409836065564,调仓买入
2018-07-31,sh.600312,买入,5.41,2705.0,5.02705,Group_1,0.8828287652388824,-0.012939001848428888,-0.049907578558225585,-0.06654343807763408,调仓买入
2018-07-31,sh.600792,买入,3.57,3213.0,5.03213,Group_1,0.87329178532085,-0.014005602240896309,-0.0028011204481792618,-0.014005602240896309,调仓买入
2018-07-31,sz.000989,买入,15.22,3044.0,5.03044,Group_1,0.8537706769290733,0.012483574244415152,-0.05978975032851508,-0.07095926412614983,调仓买入
2018-07-31,sz.000826,买入,17.32,1732.0,5.01732,Group_1,0.843955294196822,-0.018475750577367167,-0.10739030023094687,-0.1859122401847575,调仓买入
2018-07-31,sh.601877,买入,23.12,2312.0,5.02312,Group_1,0.8426628423015142,-0.03633217993079585,-0.07871972318339104,-0.010813148788927363,调仓买入
2018-08-31,sz.000682,卖出,3.5,2800.0,6.428,,,,,,调仓卖出
2018-08-31,sz.000793,卖出,3.27,2616.0,6.33416,,,,,,调仓卖出
2018-08-31,sh.600221,卖出,2.04,2652.0,6.35252,,,,,,调仓卖出
2018-08-31,sh.600312,卖出,4.92,2460.0,6.2546,,,,,,调仓卖出
2018-08-31,sh.600792,卖出,3.5,3150.0,6.6065000000000005,,,,,,调仓卖出
2018-08-31,sz.000989,卖出,14.86,2972.0,6.51572,,,,,,调仓卖出
2018-08-31,sz.000826,卖出,13.67,1367.0,5.69717,,,,,,调仓卖出
2018-08-31,sh.601877,卖出,22.79,2279.0,6.16229,,,,,,调仓卖出
2018-08-31,sz.000611,买入,5.67,2835.0,5.02835,Group_1,0.9715701293809613,0.010582010582010692,0.0,0.10405643738977077,调仓买入
2018-08-31,sz.000018,买入,2.68,2948.0,5.02948,Group_1,0.9387006084336951,0.00746268656716409,0.06343283582089554,-0.05597014925373145,调仓买入
2018-08-31,sz.002076,买入,3.21,2889.0,5.02889,Group_1,0.9052105231744147,0.009345794392523477,0.02180685358255441,-0.04672897196261683,调仓买入
2018-08-31,sh.600687,买入,4.03,2821.0,5.02821,Group_1,0.8981506759740243,-0.017369727047146455,0.08933002481389574,0.007444168734491052,调仓买入
2018-08-31,sz.000553,买入,12.55,2510.0,5.0251,Group_1,0.8839648008721106,-0.011155378486055856,-0.025498007968127512,-0.03426294820717146,调仓买入
2018-08-31,sh.600891,买入,4.9,2940.0,5.0294,Group_1,0.8767067897707626,0.006122448979591688,0.048979591836734615,0.14897959183673448,调仓买入
2018-08-31,sh.600187,买入,2.92,2920.0,5.0292,Group_1,0.8662234207721277,0.0034246575342467,0.020547945205479534,-0.0273972602739726,调仓买入
2018-08-31,sz.002600,买入,2.8,2800.0,5.028,Group_1,0.8655737364708909,0.017857142857143016,0.11785714285714288,0.06428571428571428,调仓买入
2018-08-31,sz.002223,买入,18.9,1889.9999999999998,5.0189,Group_1,0.8571025657235812,-0.006878306878306817,-0.025925925925925797,-0.04603174603174587,调仓买入
2018-09-28,sz.000611,卖出,6.4,3200.0,6.632,,,,,,调仓卖出
2018-09-28,sz.000018,卖出,2.6,2860.0,6.4586,,,,,,调仓卖出
2018-09-28,sz.002076,卖出,3.21,2889.0,6.47339,,,,,,调仓卖出
2018-09-28,sz.000553,卖出,12.72,2544.0,6.29744,,,,,,调仓卖出
2018-09-28,sh.600891,卖出,5.72,3432.0,6.75032,,,,,,调仓卖出
2018-09-28,sh.600187,卖出,2.89,2890.0,6.4739,,,,,,调仓卖出
2018-09-28,sz.002600,卖出,3.18,3180.0,6.6217999999999995,,,,,,调仓卖出
2018-09-28,sz.002223,卖出,18.59,1859.0,5.94809,,,,,,调仓卖出
2018-09-28,sh.603729,买入,17.16,1716.0,5.01716,Group_1,0.9636698379629614,-0.06526806526806528,-0.16083916083916083,-0.0693473193473193,调仓买入
2018-09-28,sz.002372,买入,14.82,2964.0,5.02964,Group_1,0.9373721917790174,-0.04048582995951411,-0.04048582995951411,-0.053981106612685625,调仓买入
2018-09-28,sz.002645,买入,9.65,2895.0,5.02895,Group_1,0.9188878054175127,-0.05492227979274622,-0.14300518134715035,-0.15647668393782377,调仓买入
2018-09-28,sz.002477,买入,2.07,3104.9999999999995,5.03105,Group_1,0.9086957689134876,-0.02415458937198056,-0.1594202898550724,-0.24637681159420277,调仓买入
2018-09-28,sh.603399,买入,12.95,2590.0,5.0259,Group_1,0.9054493855515691,-0.02316602316602312,-0.05714285714285705,-0.16988416988416988,调仓买入
2018-09-28,sh.600490,买入,6.63,2652.0,5.02652,Group_1,0.8979734125200248,-0.03167420814479638,-0.24132730015082948,-0.25037707390648567,调仓买入
2018-09-28,sz.002100,买入,4.41,3087.0,5.03087,Group_1,0.8885691206498545,0.0022675736961450532,-0.1315192743764172,-0.013605442176870874,调仓买入
2018-10-31,sz.000711,卖出,5.98,1196.0,5.60996,,,,,,调仓卖出
2018-10-31,sh.600687,卖出,4.81,3366.9999999999995,6.717169999999999,,,,,,调仓卖出
2018-10-31,sh.603729,卖出,15.5,1550.0,5.790500000000001,,,,,,调仓卖出
2018-10-31,sz.002372,卖出,13.23,2646.0,6.3494600000000005,,,,,,调仓卖出
2018-10-31,sz.002645,卖出,8.05,2415.0,6.23165,,,,,,调仓卖出
2018-10-31,sz.002477,卖出,1.54,2310.0,6.178100000000001,,,,,,调仓卖出
2018-10-31,sh.603399,卖出,10.6,2120.0,6.081200000000001,,,,,,调仓卖出
2018-10-31,sh.600490,卖出,4.76,1904.0,5.97104,,,,,,调仓卖出
2018-10-31,sz.002100,卖出,4.13,2891.0,6.47441,,,,,,调仓卖出
2018-10-31,sh.600518,买入,12.35,2470.0,5.0247,Group_1,0.9512457864109756,-0.004858299595141724,-0.0072874493927125306,-0.11174089068825899,调仓买入
2018-10-31,sh.603898,买入,16.09,1609.0,5.01609,Group_1,0.9257561631595326,0.006836544437538894,0.05034182722187697,0.05531385954008705,调仓买入
2018-10-31,sh.603515,买入,26.22,2622.0,5.02622,Group_1,0.914407768716417,0.03279938977879482,0.06712433257055683,0.08733790999237234,调仓买入
2018-10-31,sh.603386,买入,18.06,1805.9999999999998,5.01806,Group_1,0.9111521747599798,-0.009966777408637828,0.08139534883720945,0.05980066445182741,调仓买入
2018-10-31,sz.000056,买入,5.75,2300.0,5.023,Group_1,0.9033373264602883,0.027826086956521667,0.022608695652173827,0.03304347826086973,调仓买入
2018-10-31,sh.600114,买入,6.56,1967.9999999999998,5.01968,Group_1,0.8934158487992547,-0.018292682926829174,0.0792682926829269,0.07012195121951215,调仓买入
2018-10-31,sz.002776,买入,12.77,2554.0,5.02554,Group_1,0.8882046981288516,0.10023492560689129,0.21378230227094752,0.28817541111981204,调仓买入
2018-10-31,sh.600226,买入,4.1,2460.0,5.0246,Group_1,0.8766862525868073,-0.09999999999999998,-0.2756097560975609,-0.1756097560975609,调仓买入
2018-10-31,sz.000430,买入,5.03,2515.0,5.02515,Group_1,0.8710270733434886,0.00397614314115291,0.05168986083499005,0.10735586481113324,调仓买入
2018-11-30,sh.600518,卖出,10.53,2106.0,6.07406,,,,,,调仓卖出
2018-11-30,sh.603898,卖出,16.77,1677.0,5.85527,,,,,,调仓卖出
2018-11-30,sh.603515,卖出,27.93,2793.0,6.424429999999999,,,,,,调仓卖出
2018-11-30,sh.603386,卖出,18.15,1814.9999999999998,5.92565,,,,,,调仓卖出
2018-11-30,sz.000056,卖出,5.66,2264.0,6.1546400000000006,,,,,,调仓卖出
2018-11-30,sh.600114,卖出,7.09,2127.0,6.084770000000001,,,,,,调仓卖出
2018-11-30,sz.002776,卖出,16.28,3256.0,6.66056,,,,,,调仓卖出
2018-11-30,sh.600226,卖出,3.17,1902.0,5.97002,,,,,,调仓卖出
2018-11-30,sz.000430,卖出,5.4,2700.0,6.377000000000001,,,,,,调仓卖出
2018-11-30,sh.603878,买入,12.28,2456.0,5.02456,Group_1,0.9224612233530972,0.026058631921824116,-0.008143322475570036,-0.07736156351791523,调仓买入
2018-11-30,sz.002749,买入,17.73,1773.0,5.01773,Group_1,0.8849501250819843,0.023124647490129657,0.026508742244782724,-0.021432600112803124,调仓买入
2018-11-30,sh.600882,买入,7.71,2313.0,5.02313,Group_1,0.8768236138796157,0.009079118028534339,0.0012970168612191912,-0.005188067444876765,调仓买入
2018-11-30,sz.002345,买入,4.83,2415.0,5.02415,Group_1,0.862906410579069,0.020703933747411973,0.01449275362318847,-0.07453416149068326,调仓买入
2018-11-30,sz.000639,买入,7.49,2247.0,5.02247,Group_1,0.8576172308525688,0.028037383177569986,-0.018691588785046842,-0.144192256341789,调仓买入
2018-11-30,sz.000981,买入,3.75,2625.0,5.02625,Group_1,0.8525075211953784,0.02933333333333321,0.02933333333333321,-0.16799999999999993,调仓买入
2018-11-30,sh.600189,买入,4.02,2411.9999999999995,5.02412,Group_1,0.8028454534114187,0.03980099502487566,0.08457711442786087,-0.07213930348258701,调仓买入
2018-11-30,sh.600079,买入,11.32,2264.0,5.02264,Group_1,0.7821085408380966,0.005300353356890497,-0.05830388692579502,-0.10424028268551233,调仓买入
2018-11-30,sz.002737,买入,16.79,1679.0,5.01679,Group_1,0.7816453688535248,0.028588445503275883,-0.025014889815366148,-0.11971411554496725,调仓买入
2018-11-30,sh.600535,买入,21.06,2106.0,5.02106,Group_1,0.7796523272821295,0.03751187084520424,-0.04368471035137689,-0.0883190883190883,调仓买入
2018-12-28,sh.603878,卖出,11.33,2266.0,6.15566,,,,,,调仓卖出
2018-12-28,sz.002749,卖出,17.35,1735.0000000000002,5.88485,,,,,,调仓卖出
2018-12-28,sh.600882,卖出,7.67,2301.0,6.17351,,,,,,调仓卖出
2018-12-28,sz.002345,卖出,4.47,2235.0,6.13985,,,,,,调仓卖出
2018-12-28,sz.000639,卖出,6.41,1923.0,5.98073,,,,,,调仓卖出
2018-12-28,sz.000981,卖出,3.12,2184.0,6.11384,,,,,,调仓卖出
2018-12-28,sh.600189,卖出,3.73,2238.0,6.14138,,,,,,调仓卖出
2018-12-28,sh.600079,卖出,10.14,2028.0,6.03428,,,,,,调仓卖出
2018-12-28,sz.002737,卖出,14.78,1478.0,5.75378,,,,,,调仓卖出
2018-12-28,sh.600535,卖出,19.2,1920.0,5.9792,,,,,,调仓卖出
2018-12-28,sz.002289,买入,4.87,2435.0,5.02435,Group_1,0.9505375619191337,0.10061601642710483,0.1806981519507187,0.28336755646817235,调仓买入
2018-12-28,sh.600664,买入,3.95,2370.0,5.0237,Group_1,0.9404135118159153,-0.06075949367088618,-0.025316455696202556,-0.08354430379746836,调仓买入
2018-12-28,sz.002068,买入,5.9,2360.0,5.0236,Group_1,0.9020202061380633,0.0,0.02033898305084736,-0.016949152542372947,调仓买入
2018-12-28,sh.600376,买入,7.19,2157.0,5.02157,Group_1,0.8928124302162926,-0.026425591098748313,0.0,-0.0013908205841447474,调仓买入
2018-12-28,sz.000537,买入,7.49,2247.0,5.02247,Group_1,0.8684555912573618,-0.012016021361815787,0.026702269692923997,-0.03871829105473967,调仓买入
2018-12-28,sz.002705,买入,9.18,1836.0,5.01836,Group_1,0.8352961321989013,0.03267973856209161,0.039215686274509665,0.09586056644880192,调仓买入
2018-12-28,sh.601106,买入,2.67,2403.0,5.02403,Group_1,0.8344618932646121,0.0,0.041198501872659055,0.022471910112359605,调仓买入
2018-12-28,sh.600368,买入,3.07,2149.0,5.02149,Group_1,0.8339784404004236,-0.0032573289902279035,0.02931596091205213,0.0,调仓买入
2018-12-28,sh.601000,买入,2.38,2380.0,5.0238,Group_1,0.8284719490651203,-0.008403361344537785,0.04621848739495804,0.03361344537815136,调仓买入
2019-01-31,sz.002289,卖出,5.55,2775.0,6.41525,,,,,,调仓卖出
2019-01-31,sh.600664,卖出,3.62,2172.0,6.1077200000000005,,,,,,调仓卖出
2019-01-31,sz.002068,卖出,5.51,2204.0,6.12404,,,,,,调仓卖出
2019-01-31,sh.600376,卖出,7.28,2184.0,6.11384,,,,,,调仓卖出
2019-01-31,sz.000537,卖出,6.96,2088.0,6.0648800000000005,,,,,,调仓卖出
2019-01-31,sz.002705,卖出,10.19,2038.0,6.03938,,,,,,调仓卖出
2019-01-31,sh.601106,卖出,2.71,2439.0,6.24389,,,,,,调仓卖出
2019-01-31,sh.600368,卖出,3.02,2114.0,6.078139999999999,,,,,,调仓卖出
2019-01-31,sh.601000,卖出,2.44,2440.0,6.2444,,,,,,调仓卖出
2019-01-31,sz.002319,买入,12.72,1272.0,5.01272,Group_1,0.9245763107290794,-0.0998427672955976,-0.1894654088050315,-0.029088050314465486,调仓买入
2019-01-31,sz.002265,买入,7.22,2166.0,5.02166,Group_1,0.8905282803152734,0.042936288088642804,0.11634349030470914,0.3698060941828256,调仓买入
2019-01-31,sz.002345,买入,3.93,2358.0,5.02358,Group_1,0.8903168703344086,0.03816793893129766,0.12213740458015265,0.38167938931297707,调仓买入
2019-01-31,sh.603768,买入,13.05,1305.0,5.01305,Group_1,0.8877172134909002,-0.003831417624521105,-0.0582375478927204,0.04291187739463598,调仓买入
2019-01-31,sz.002529,买入,5.83,2332.0,5.02332,Group_1,0.8574363978852934,0.04459691252144071,0.1921097770154374,0.45626072041166377,调仓买入
2019-01-31,sh.601838,买入,7.69,2307.0,5.02307,Group_1,0.8540176543838863,0.013003901170351106,0.03771131339401812,0.24317295188556565,调仓买入
2019-01-31,sh.603157,买入,7.0,2100.0,5.021,Group_1,0.8431320387751642,0.021428571428571574,0.10285714285714276,0.4257142857142857,调仓买入
2019-01-31,sh.603877,买入,16.5,1650.0,5.0165,Group_1,0.8405395745855858,0.024242424242424176,0.05454545454545445,0.21818181818181825,调仓买入
2019-01-31,sh.600781,买入,11.83,2366.0,5.02366,Group_1,0.8383818580123833,0.04395604395604402,0.08791208791208782,0.22316145393068476,调仓买入
2019-01-31,sh.600385,买入,8.1,2430.0,5.0243,Group_1,0.8366865899056669,0.009876543209876631,0.16419753086419764,0.3765432098765433,调仓买入
2019-02-28,sz.002319,卖出,11.46,1146.0,5.58446,,,,,,调仓卖出
2019-02-28,sz.002265,卖出,9.12,2735.9999999999995,6.39536,,,,,,调仓卖出
2019-02-28,sz.002345,卖出,4.92,2952.0,6.50552,,,,,,调仓卖出
2019-02-28,sh.603768,卖出,12.99,1299.0,5.66249,,,,,,调仓卖出
2019-02-28,sz.002529,卖出,8.34,3336.0,6.70136,,,,,,调仓卖出
2019-02-28,sh.601838,卖出,8.87,2660.9999999999995,6.35711,,,,,,调仓卖出
2019-02-28,sh.603157,卖出,8.63,2589.0000000000005,6.320390000000001,,,,,,调仓卖出
2019-02-28,sh.603877,卖出,18.93,1893.0,5.9654300000000005,,,,,,调仓卖出
2019-02-28,sh.600781,卖出,14.35,2870.0,6.463699999999999,,,,,,调仓卖出
2019-02-28,sh.600385,卖出,9.93,2979.0,6.51929,,,,,,调仓卖出
2019-02-28,sh.600550,买入,4.4,2640.0,5.0264,Group_1,0.9381766868833183,-0.00454545454545463,0.08181818181818179,0.1068181818181817,调仓买入
2019-02-28,sh.600966,买入,3.5,2800.0,5.028,Group_1,0.9236681644149296,-0.017142857142857126,0.06857142857142873,0.011428571428571344,调仓买入
2019-02-28,sz.000599,买入,4.25,2550.0,5.0255,Group_1,0.9176535325511825,-0.0023529411764705577,0.06352941176470583,0.04235294117647048,调仓买入
2019-02-28,sh.600703,买入,14.4,1440.0,5.0144,Group_1,0.9120587880735018,-0.025694444444444464,0.011805555555555625,-0.01736111111111116,调仓买入
2019-02-28,sh.600121,买入,3.44,2752.0,5.02752,Group_1,0.907810816766579,0.01744186046511631,0.09011627906976738,0.01744186046511631,调仓买入
2019-02-28,sz.002530,买入,8.52,2556.0,5.02556,Group_1,0.8886844607646012,-0.0023474178403755097,0.2077464788732395,0.2464788732394365,调仓买入
2019-02-28,sz.002640,买入,11.8,2360.0,5.0236,Group_1,0.880360920866216,-0.0025423728813560587,0.0991525423728814,-0.0474576271186441,调仓买入
2019-02-28,sh.603908,买入,23.94,2394.0,5.02394,Group_1,0.8602088034376743,0.005847953216374213,0.0944026733500416,0.08312447786131982,调仓买入
2019-03-29,sh.600550,卖出,5.01,3006.0,6.53306,,,,,,调仓卖出
2019-03-29,sh.600966,卖出,3.61,2888.0,6.47288,,,,,,调仓卖出
2019-03-29,sz.000599,卖出,4.87,2922.0,6.49022,,,,,,调仓卖出
2019-03-29,sh.600703,卖出,14.67,1467.0,5.74817,,,,,,调仓卖出
2019-03-29,sh.600121,卖出,3.63,2904.0,6.48104,,,,,,调仓卖出
2019-03-29,sz.002530,卖出,11.29,3386.9999999999995,6.7273700000000005,,,,,,调仓卖出
2019-03-29,sz.002640,卖出,11.44,2288.0,6.16688,,,,,,调仓卖出
2019-03-29,sh.603908,卖出,26.94,2694.0,6.373939999999999,,,,,,调仓卖出
2019-03-29,sz.002301,买入,9.9,2970.0,5.0297,Group_1,0.9059975743674393,0.07070707070707072,0.10303030303030303,0.06060606060606055,调仓买入
2019-03-29,sh.600200,买入,7.53,3012.0,5.03012,Group_1,0.8865469784511383,0.047808764940239,0.04648074369189903,-0.14741035856573714,调仓买入
2019-03-29,sh.600890,买入,6.97,2788.0,5.02788,Group_1,0.8821843325982376,0.10043041606886649,0.11764705882352944,0.03012912482065988,调仓买入
2019-03-29,sz.002268,买入,29.95,2995.0,5.02995,Group_1,0.8294615178597144,0.10016694490818034,0.12854757929883132,-0.049081803005008307,调仓买入
2019-03-29,sz.002336,买入,7.11,2844.0,5.02844,Group_1,0.8163681601050323,0.02250351617440205,0.049226441631504914,-0.02250351617440227,调仓买入
2019-03-29,sz.000887,买入,12.38,2476.0,5.02476,Group_1,0.8029311288360689,0.029079159935379684,0.04281098546041995,-0.06138933764135712,调仓买入
2019-03-29,sz.000695,买入,10.81,2162.0,5.02162,Group_1,0.7883608623996794,0.012950971322849059,0.015726179463459777,0.05550416281221082,调仓买入
2019-03-29,sz.002837,买入,19.73,1973.0,5.01973,Group_1,0.7860037996613227,0.039026862645717086,0.02686264571718211,-0.037506335529650325,调仓买入
2019-03-29,sz.002560,买入,5.9,2950.0,5.0295,Group_1,0.7752575503666633,0.037288135593220195,0.057627118644067776,0.0,调仓买入
2019-03-29,sz.002642,买入,6.95,2780.0,5.0278,Group_1,0.7665466603351425,0.054676258992805815,0.05755395683453224,-0.16690647482014387,调仓买入
2019-04-30,sz.002301,卖出,10.64,3192.0,6.6279200000000005,,,,,,调仓卖出
2019-04-30,sh.600200,卖出,6.5,2600.0,6.326,,,,,,调仓卖出
2019-04-30,sh.600890,卖出,7.24,2896.0,6.47696,,,,,,调仓卖出
2019-04-30,sz.002268,卖出,28.15,2815.0,6.43565,,,,,,调仓卖出
2019-04-30,sz.002336,卖出,6.95,2780.0,6.4178,,,,,,调仓卖出
2019-04-30,sz.000887,卖出,11.45,2290.0,6.1678999999999995,,,,,,调仓卖出
2019-04-30,sz.000695,卖出,11.26,2252.0,6.14852,,,,,,调仓卖出
2019-04-30,sz.002837,卖出,17.68,1768.0,5.901680000000001,,,,,,调仓卖出
2019-04-30,sz.002560,卖出,6.11,3055.0,6.55805,,,,,,调仓卖出
2019-04-30,sz.002642,卖出,5.5,2200.0,6.122,,,,,,调仓卖出
2019-04-30,sh.603035,买入,11.83,2366.0,5.02366,Group_1,0.9106406019678375,-0.09805579036348266,-0.09467455621301768,-0.172442941673711,调仓买入
2019-04-30,sh.600446,买入,23.21,2321.0,5.02321,Group_1,0.9088399676292419,-0.09995691512279192,-0.06462731581214998,-0.19689788884101678,调仓买入
2019-04-30,sh.603001,买入,10.66,2132.0,5.02132,Group_1,0.8916184074972281,-0.04127579737335829,-0.0065666041275798115,-0.03752345215759856,调仓买入
2019-04-30,sz.002168,买入,9.54,2861.9999999999995,5.02862,Group_1,0.8860904290970678,-0.06394129979035634,-0.10062893081760993,-0.1310272536687631,调仓买入
2019-04-30,sh.603665,买入,26.16,2616.0,5.02616,Group_1,0.8790356321149794,-0.02408256880733939,-0.04740061162079501,-0.07492354740061169,调仓买入
2019-04-30,sz.000408,买入,10.12,2023.9999999999998,5.02024,Group_1,0.865713478419505,-0.0306324110671935,-0.07312252964426857,-0.26976284584980237,调仓买入
2019-04-30,sz.002890,买入,19.56,1955.9999999999998,5.01956,Group_1,0.8543733896800187,-0.08231083844580778,-0.025051124744376208,0.03578732106339477,调仓买入
2019-04-30,sh.603477,买入,7.91,2373.0,5.02373,Group_1,0.8324444216539618,-0.08091024020227566,-0.01896333754740842,-0.034134007585335024,调仓买入
2019-05-31,sh.603035,卖出,9.79,1957.9999999999998,5.9985800000000005,,,,,,调仓卖出
2019-05-31,sh.600446,卖出,18.64,1864.0,5.950640000000001,,,,,,调仓卖出
2019-05-31,sh.603001,卖出,10.26,2052.0,6.04652,,,,,,调仓卖出
2019-05-31,sz.002168,卖出,8.29,2486.9999999999995,6.26837,,,,,,调仓卖出
2019-05-31,sh.603665,卖出,24.2,2420.0,6.2342,,,,,,调仓卖出
2019-05-31,sz.000408,卖出,7.39,1478.0,5.75378,,,,,,调仓卖出
2019-05-31,sz.002890,卖出,20.26,2026.0000000000002,6.03326,,,,,,调仓卖出
2019-05-31,sh.603477,卖出,7.64,2292.0,6.16892,,,,,,调仓卖出
2019-05-31,sh.603797,买入,9.81,1962.0,5.01962,Group_1,0.9900445412296158,0.004077471967380175,-0.04077471967380231,0.5198776758409784,调仓买入
2019-05-31,sz.002891,买入,20.2,2020.0,5.0202,Group_1,0.9820938543470242,0.010396039603960405,-0.020297029702970315,-0.10643564356435642,调仓买入
2019-05-31,sz.002877,买入,10.15,2030.0,5.0203,Group_1,0.9532386756150907,-0.07389162561576357,-0.09852216748768472,-0.05615763546798036,调仓买入
2019-05-31,sh.600507,买入,9.11,1822.0,5.01822,Group_1,0.944124613574233,-0.01975850713501648,-0.04500548847420416,0.09549945115257974,调仓买入
2019-05-31,sz.002034,买入,15.37,1537.0,5.01537,Group_1,0.9031950623175998,0.0071567989590111125,-0.022121014964216035,0.13858165256994148,调仓买入
2019-05-31,sz.000509,买入,2.68,2680.0,5.0268,Group_1,0.8657592586820282,-0.018656716417910557,-0.0746268656716419,0.04477611940298498,调仓买入
2019-05-31,sz.002788,买入,8.65,2595.0,5.02595,Group_1,0.8602102475296648,-0.03121387283236987,-0.06820809248554915,-0.05549132947976887,调仓买入
2019-05-31,sh.601369,买入,6.3,2520.0,5.0252,Group_1,0.8376917069795498,-0.00952380952380949,-0.03650793650793649,0.06825396825396846,调仓买入
2019-05-31,sz.002917,买入,15.51,1551.0,5.01551,Group_1,0.8351412906411444,0.09993552546744033,-0.10251450676982587,-0.07672469374597035,调仓买入
2019-06-28,sh.603797,卖出,13.55,2710.0,6.382099999999999,,,,,,调仓卖出
2019-06-28,sz.002891,卖出,17.9,1789.9999999999998,5.9129,,,,,,调仓卖出
2019-06-28,sz.002877,卖出,9.36,1872.0,5.95472,,,,,,调仓卖出
2019-06-28,sh.600507,卖出,9.78,1955.9999999999998,5.99756,,,,,,调仓卖出
2019-06-28,sz.002034,卖出,17.16,1716.0,5.875159999999999,,,,,,调仓卖出
2019-06-28,sz.000509,卖出,2.74,2740.0,6.3974,,,,,,调仓卖出
2019-06-28,sz.002788,卖出,7.96,2388.0,6.21788,,,,,,调仓卖出
2019-06-28,sh.601369,卖出,6.63,2652.0,6.35252,,,,,,调仓卖出
2019-06-28,sz.002917,卖出,13.93,1393.0,5.710430000000001,,,,,,调仓卖出
2019-06-28,sz.002116,买入,10.35,2070.0,5.0207,Group_1,0.9406102055640136,0.0,-0.020289855072463725,-0.10628019323671489,调仓买入
2019-06-28,sh.603010,买入,11.09,2218.0,5.02218,Group_1,0.8990485223664229,0.011722272317403082,0.0036068530207395977,-0.0009017132551848439,调仓买入
2019-06-28,sz.002611,买入,3.85,2695.0,5.02695,Group_1,0.8985991672643323,0.01558441558441559,0.1298701298701297,0.16883116883116878,调仓买入
2019-06-28,sh.600376,买入,8.93,2679.0,5.02679,Group_1,0.8725005502876022,0.02127659574468077,0.03919372900335949,-0.13101903695408734,调仓买入
2019-06-28,sz.002504,买入,3.52,2464.0,5.02464,Group_1,0.8700350857496417,0.019886363636363535,-0.011363636363636354,-0.09943181818181823,调仓买入
2019-06-28,sz.002019,买入,12.25,2450.0,5.0245,Group_1,0.8441773681769393,0.01795918367346938,0.03591836734693876,-0.04571428571428571,调仓买入
2019-06-28,sh.603628,买入,8.06,2418.0,5.02418,Group_1,0.7960427649651698,0.03349875930521096,0.013647642679900596,-0.03349875930521096,调仓买入
2019-06-28,sh.603776,买入,18.27,1827.0,5.01827,Group_1,0.7852401233036662,0.02791461412151075,-0.003284072249589376,-0.04816639299397918,调仓买入
2019-06-28,sz.002520,买入,7.37,2211.0,5.02211,Group_1,0.780581349144572,0.01899592944369055,0.028493894165535938,-0.020352781546811416,调仓买入
2019-07-31,sz.002116,卖出,9.11,1822.0,5.929220000000001,,,,,,调仓卖出
2019-07-31,sh.603010,卖出,10.97,2194.0,6.11894,,,,,,调仓卖出
2019-07-31,sz.002611,卖出,4.65,3255.0000000000005,6.66005,,,,,,调仓卖出
2019-07-31,sh.600376,卖出,7.73,2319.0,6.182689999999999,,,,,,调仓卖出
2019-07-31,sz.002504,卖出,3.15,2205.0,6.12455,,,,,,调仓卖出
2019-07-31,sz.002019,卖出,11.45,2290.0,6.1678999999999995,,,,,,调仓卖出
2019-07-31,sh.603628,卖出,7.81,2343.0,6.19493,,,,,,调仓卖出
2019-07-31,sh.603776,卖出,17.4,1739.9999999999998,5.8874,,,,,,调仓卖出
2019-07-31,sz.002520,卖出,7.26,2178.0,6.11078,,,,,,调仓卖出
2019-07-31,sz.000566,买入,6.1,2440.0,5.0244,Group_1,0.9149874392747941,-0.006557377049180357,-0.11475409836065564,-0.003278688524590123,调仓买入
2019-07-31,sh.600699,买入,15.58,1558.0,5.01558,Group_1,0.8617098904972033,-0.003209242618742003,-0.08087291399229779,0.0025673940949935137,调仓买入
2019-07-31,sh.600661,买入,20.53,2053.0,5.02053,Group_1,0.8608079079493154,-0.00243546030199715,-0.053580126643935744,-0.06867998051631763,调仓买入
2019-07-31,sh.603568,买入,19.28,1928.0,5.01928,Group_1,0.8482885927199676,0.029045643153526868,-0.026452282157676477,0.03578838174273846,调仓买入
2019-07-31,sh.600180,买入,8.17,2451.0,5.02451,Group_1,0.8436026911904316,0.03427172582619331,0.02080783353733162,0.023255813953488413,调仓买入
2019-07-31,sz.002273,买入,11.52,2304.0,5.02304,Group_1,0.8425224609266018,-0.01388888888888895,-0.0859375,0.07118055555555558,调仓买入
2019-07-31,sz.002419,买入,12.77,2554.0,5.02554,Group_1,0.826256501760631,-0.020360219263899748,-0.05403288958496477,-0.08927173061863736,调仓买入
2019-07-31,sz.002112,买入,6.95,2085.0,5.02085,Group_1,0.8172054033776626,0.008633093525179714,-0.06474820143884896,-0.0014388489208633226,调仓买入
2019-07-31,sh.603159,买入,12.92,2584.0,5.02584,Group_1,0.8073830727889465,-0.010061919504643968,-0.09365325077399378,-0.07585139318885448,调仓买入
2019-08-30,sz.000566,卖出,5.82,2328.0,6.1872799999999994,,,,,,调仓卖出
2019-08-30,sh.600699,卖出,15.05,1505.0,5.76755,,,,,,调仓卖出
2019-08-30,sh.600661,卖出,19.11,1911.0,5.97461,,,,,,调仓卖出
2019-08-30,sh.603568,卖出,20.64,2064.0,6.05264,,,,,,调仓卖出
2019-08-30,sh.600180,卖出,8.0,2400.0,6.224,,,,,,调仓卖出
2019-08-30,sz.002273,卖出,11.88,2376.0,6.21176,,,,,,调仓卖出
2019-08-30,sz.002419,卖出,11.7,2340.0,6.1934,,,,,,调仓卖出
2019-08-30,sz.002112,卖出,6.72,2016.0,6.02816,,,,,,调仓卖出
2019-08-30,sh.603159,卖出,11.5,2300.0,6.173,,,,,,调仓卖出
2019-08-30,sh.603798,买入,10.16,2032.0,5.02032,Group_1,0.8861933833953299,0.032480314960629864,0.0915354330708662,0.19291338582677153,调仓买入
2019-08-30,sh.603359,买入,15.6,1560.0,5.0156,Group_1,0.8846362067421041,0.029487179487179382,0.04294871794871802,0.01602564102564097,调仓买入
2019-08-30,sz.002258,买入,12.28,2456.0,5.02456,Group_1,0.8776994770547873,0.013029315960912058,0.03583061889250816,-0.057817589576547146,调仓买入
2019-08-30,sh.603660,买入,11.76,2352.0,5.02352,Group_1,0.8702019750992811,0.017857142857143016,0.07568027210884365,-0.00340136054421758,调仓买入
2019-08-30,sz.002206,买入,3.72,2232.0,5.02232,Group_1,0.8701668350569399,0.032258064516129004,0.029569892473118253,-0.048387096774193616,调仓买入
2019-08-30,sz.000703,买入,11.3,2260.0,5.0226,Group_1,0.8684513818600549,0.001769911504424737,0.1265486725663716,0.15132743362831858,调仓买入
2019-08-30,sh.600277,买入,4.37,2185.0,5.02185,Group_1,0.866038598811149,0.03661327231121292,0.059496567505720854,-0.020594965675057142,调仓买入
2019-08-30,sh.600577,买入,2.76,2484.0,5.02484,Group_1,0.8569736397996278,0.018115942028985588,0.0,-0.047101449275362306,调仓买入
2019-08-30,sh.603708,买入,24.98,2498.0,5.02498,Group_1,0.852389897651325,0.022417934347477964,0.02281825460368303,0.06565252201761407,调仓买入
2019-08-30,sh.600356,买入,7.51,2253.0,5.02253,Group_1,0.8186035922424684,0.017310252996005415,0.01997336884154466,0.02796271637816239,调仓买入
2019-09-30,sh.603798,卖出,12.12,2424.0,6.23624,,,,,,调仓卖出
2019-09-30,sh.603359,卖出,15.85,1585.0,5.808350000000001,,,,,,调仓卖出
2019-09-30,sz.002258,卖出,11.57,2314.0,6.18014,,,,,,调仓卖出
2019-09-30,sh.603660,卖出,11.72,2344.0,6.19544,,,,,,调仓卖出
2019-09-30,sz.002206,卖出,3.54,2124.0,6.08324,,,,,,调仓卖出
2019-09-30,sz.000703,卖出,13.01,2602.0,6.32702,,,,,,调仓卖出
2019-09-30,sh.600277,卖出,4.28,2140.0,6.0914,,,,,,调仓卖出
2019-09-30,sh.600577,卖出,2.63,2367.0,6.20717,,,,,,调仓卖出
2019-09-30,sh.603708,卖出,26.62,2662.0,6.357620000000001,,,,,,调仓卖出
2019-09-30,sh.600356,卖出,7.72,2316.0,6.18116,,,,,,调仓卖出
2019-09-30,sz.000715,买入,7.12,2136.0,5.02136,Group_1,0.9094403220546835,0.037921348314606584,0.0393258426966292,-0.1264044943820225,调仓买入
2019-09-30,sz.002577,买入,9.65,1930.0,5.0193,Group_1,0.9031004726705597,-0.029015544041450902,0.024870466321243567,0.04870466321243505,调仓买入
2019-09-30,sh.603363,买入,18.05,1805.0,5.01805,Group_1,0.8950177947926279,0.06980609418282535,0.06648199445983383,0.11855955678670371,调仓买入
2019-09-30,sz.000521,买入,3.24,2592.0,5.02592,Group_1,0.8908829820313144,0.0092592592592593,0.04938271604938271,0.06790123456790109,调仓买入
2019-09-30,sh.600615,买入,8.59,2577.0,5.02577,Group_1,0.8847817041918629,-0.0186263096623982,-0.013969732246798539,0.1455180442374855,调仓买入
2019-09-30,sh.600433,买入,3.25,2600.0,5.026,Group_1,0.8500851765146996,-0.01538461538461533,0.040000000000000036,-0.009230769230769154,调仓买入
2019-09-30,sh.600975,买入,8.9,1780.0,5.0178,Group_1,0.807178753743163,0.04494382022471921,0.02134831460674147,0.0011235955056179137,调仓买入
2019-09-30,sz.000030,买入,4.69,2345.0,5.02345,Group_1,0.7953832252007245,-0.021321961620469176,0.025586353944562656,-0.021321961620469176,调仓买入
2019-10-31,sz.000715,卖出,6.3,1890.0,5.963900000000001,,,,,,调仓卖出
2019-10-31,sz.002577,卖出,9.39,1878.0,5.95778,,,,,,调仓卖出
2019-10-31,sh.603363,卖出,20.8,2080.0,6.0608,,,,,,调仓卖出
2019-10-31,sz.000521,卖出,3.35,2680.0,6.3668,,,,,,调仓卖出
2019-10-31,sh.600615,卖出,9.35,2805.0,6.43055,,,,,,调仓卖出
2019-10-31,sh.600433,卖出,3.19,2552.0,6.30152,,,,,,调仓卖出
2019-10-31,sz.000030,卖出,4.54,2270.0,6.1577,,,,,,调仓卖出
2019-10-31,sh.603980,买入,7.87,2361.0,5.02361,Group_1,0.9144261791646389,0.006353240152477735,0.0050825921219821435,-0.008894536213468918,调仓买入
2019-10-31,sz.002052,买入,3.37,2696.0,5.02696,Group_1,0.909400137339556,0.008902077151335286,-0.029673590504451064,-0.083086053412463,调仓买入
2019-10-31,sh.600579,买入,7.3,2190.0,5.0219,Group_1,0.9074452329614413,-0.03424657534246578,-0.012328767123287676,-0.06712328767123288,调仓买入
2019-10-31,sz.002547,买入,7.25,2175.0,5.02175,Group_1,0.8926632209659041,0.028965517241379413,-0.0013793103448275223,0.10896551724137926,调仓买入
2019-10-31,sh.603126,买入,5.14,2570.0,5.0257,Group_1,0.8784204958831573,0.001945525291829009,-0.03696498054474695,-0.08365758754863806,调仓买入
2019-10-31,sh.600227,买入,2.29,2519.0,5.02519,Group_1,0.8783383303110591,-0.03056768558951961,-0.048034934497816484,-0.004366812227074357,调仓买入
2019-10-31,sh.600121,买入,2.25,2700.0,5.027,Group_1,0.8592120154079379,0.004444444444444251,0.0,0.026666666666666616,调仓买入
2019-10-31,sh.600397,买入,2.11,2532.0,5.02532,Group_1,0.8525462496298103,0.018957345971563955,-0.004739336492890933,0.24644549763033186,调仓买入
2019-10-31,sh.600989,买入,9.42,1884.0,5.01884,Group_1,0.8490255899579372,0.005307855626327074,-0.009554140127388533,-0.002123142250530785,调仓买入
2019-11-29,sh.600975,卖出,7.23,1446.0,5.73746,,,,,,调仓卖出
2019-11-29,sh.603980,卖出,7.57,2271.0,6.15821,,,,,,调仓卖出
2019-11-29,sz.002052,卖出,3.07,2456.0,6.25256,,,,,,调仓卖出
2019-11-29,sh.600579,卖出,6.74,2022.0,6.03122,,,,,,调仓卖出
2019-11-29,sz.002547,卖出,7.89,2367.0,6.20717,,,,,,调仓卖出
2019-11-29,sh.603126,卖出,4.66,2330.0,6.1883,,,,,,调仓卖出
2019-11-29,sh.600227,卖出,2.28,2508.0,6.27908,,,,,,调仓卖出
2019-11-29,sh.600121,卖出,2.32,2784.0,6.419840000000001,,,,,,调仓卖出
2019-11-29,sh.600397,卖出,2.67,3204.0,6.634040000000001,,,,,,调仓卖出
2019-11-29,sh.600989,卖出,9.42,1884.0,5.96084,,,,,,调仓卖出
2019-11-29,sz.002843,买入,8.18,2454.0,5.02454,Group_1,0.902008867015812,-0.004889975550122161,-0.018337408312958492,0.0,调仓买入
2019-11-29,sh.600279,买入,4.07,2442.0,5.02442,Group_1,0.8992232931056774,0.0,0.02211302211302213,0.04668304668304657,调仓买入
2019-11-29,sh.600452,买入,18.33,1832.9999999999998,5.01833,Group_1,0.8811371424782871,-0.0005455537370430141,-0.04909983633387882,-0.01909438079650838,调仓买入
2019-11-29,sz.002535,买入,2.64,2376.0,5.02376,Group_1,0.8652343881008391,-0.015151515151515138,0.022727272727272707,0.04924242424242431,调仓买入
2019-11-29,sz.002898,买入,12.9,2580.0,5.0258,Group_1,0.854342431103843,-0.007751937984496138,0.01782945736434116,0.050387596899224896,调仓买入
2019-11-29,sh.600141,买入,9.68,1936.0,5.01936,Group_1,0.8273050619519602,0.0010330578512396382,0.0020661157024792765,0.052685950413223104,调仓买入
2019-11-29,sz.002309,买入,5.85,2340.0,5.0234,Group_1,0.8134483166862536,0.011965811965811923,0.07008547008547006,0.05811965811965836,调仓买入
2019-11-29,sz.002613,买入,2.63,2367.0,5.02367,Group_1,0.8055359758580355,-0.0038022813688212143,0.03041825095057038,0.04562737642585546,调仓买入
2019-12-31,sz.002843,卖出,8.2,2460.0,6.2546,,,,,,调仓卖出
2019-12-31,sh.600279,卖出,4.6,2760.0,6.4075999999999995,,,,,,调仓卖出
2019-12-31,sh.600452,卖出,18.45,1845.0,5.94095,,,,,,调仓卖出
2019-12-31,sz.002535,卖出,2.77,2493.0,6.2714300000000005,,,,,,调仓卖出
2019-12-31,sz.002898,卖出,13.88,2776.0,6.41576,,,,,,调仓卖出
2019-12-31,sh.600141,卖出,10.28,2056.0,6.04856,,,,,,调仓卖出
2019-12-31,sz.002309,卖出,6.15,2460.0,6.2546,,,,,,调仓卖出
2019-12-31,sz.002613,卖出,2.75,2475.0,6.26225,,,,,,调仓卖出
2019-12-31,sz.000039,买入,9.82,1964.0,5.01964,Group_1,0.9532543462760334,0.004073319755600657,-0.010183299389001976,-0.16496945010183306,调仓买入
2019-12-31,sh.601918,买入,3.24,2592.0,5.02592,Group_1,0.8897499900808876,0.006172839506172645,0.04938271604938271,-0.11111111111111116,调仓买入
2019-12-31,sh.601101,买入,4.89,2445.0,5.02445,Group_1,0.8619204313749805,0.006134969325153339,0.006134969325153339,-0.18609406952965235,调仓买入
2019-12-31,sz.002270,买入,4.92,2460.0,5.0246,Group_1,0.8265550080105913,0.016260162601626105,0.0060975609756097615,-0.1544715447154471,调仓买入
2019-12-31,sz.000791,买入,3.68,2576.0,5.02576,Group_1,0.8089566035006094,0.005434782608695565,0.010869565217391353,-0.14130434782608692,调仓买入
2019-12-31,sz.002287,买入,21.77,2177.0,5.02177,Group_1,0.7975187514381948,0.002756086357372567,-0.00045934772622868714,0.006890215893431417,调仓买入
2019-12-31,sh.601218,买入,2.84,2556.0,5.02556,Group_1,0.776039223383369,0.010563380281690238,0.01760563380281699,-0.08098591549295775,调仓买入
2019-12-31,sz.002572,买入,20.95,2095.0,5.02095,Group_1,0.7754246488675977,0.021957040572792463,0.012410501193317547,-0.10310262529832936,调仓买入
2019-12-31,sh.603036,买入,10.71,2142.0,5.02142,Group_1,0.7717839130777564,0.0037348272642390157,0.012138188608776801,-0.16246498599439774,调仓买入
2019-12-31,sh.603159,买入,11.57,2314.0,5.02314,Group_1,0.7682660622937599,0.016421780466724156,0.10890233362143475,-0.09248055315471049,调仓买入
2020-01-23,sz.000039,卖出,9.17,1834.0,5.93534,,,,,,调仓卖出
2020-01-23,sh.601918,卖出,3.04,2432.0,6.2403200000000005,,,,,,调仓卖出
2020-01-23,sh.601101,卖出,4.47,2235.0,6.13985,,,,,,调仓卖出
2020-01-23,sz.002270,卖出,4.85,2425.0,6.236750000000001,,,,,,调仓卖出
2020-01-23,sz.000791,卖出,3.51,2457.0,6.253069999999999,,,,,,调仓卖出
2020-01-23,sz.002287,卖出,22.39,2239.0,6.14189,,,,,,调仓卖出
2020-01-23,sh.601218,卖出,2.92,2628.0,6.34028,,,,,,调仓卖出
2020-01-23,sz.002572,卖出,19.69,1969.0000000000002,6.0041899999999995,,,,,,调仓卖出
2020-01-23,sh.603036,卖出,10.22,2044.0000000000002,6.04244,,,,,,调仓卖出
2020-01-23,sh.603159,卖出,11.37,2274.0,6.159739999999999,,,,,,调仓卖出
2020-01-23,sz.000918,买入,5.74,2296.0,5.02296,Group_1,0.897958638293704,-0.09930313588850181,-0.1480836236933799,-0.191637630662021,调仓买入
2020-01-23,sz.000910,买入,13.1,1310.0,5.0131,Group_1,0.8711098711146711,-0.10000000000000009,-0.10610687022900755,-0.05877862595419847,调仓买入
2020-01-23,sh.600561,买入,5.32,2128.0,5.02128,Group_1,0.8663729263286138,-0.09962406015037595,-0.1071428571428572,-0.12218045112781961,调仓买入
2020-01-23,sh.600225,买入,2.42,2420.0,5.0242,Group_1,0.86343626200554,-0.09917355371900816,-0.008264462809917328,0.037190082644628086,调仓买入
2020-01-23,sh.600836,买入,4.23,2538.0000000000005,5.02538,Group_1,0.8582095394510469,-0.099290780141844,-0.04018912529550844,0.004728132387706863,调仓买入
2020-02-28,sz.000918,卖出,4.64,1855.9999999999998,5.94656,,,,,,调仓卖出
2020-02-28,sz.000910,卖出,12.33,1233.0,5.628830000000001,,,,,,调仓卖出
2020-02-28,sh.600561,卖出,4.67,1868.0,5.95268,,,,,,调仓卖出
2020-02-28,sh.600225,卖出,2.51,2510.0,6.2801,,,,,,调仓卖出
2020-02-28,sh.600836,卖出,4.25,2550.0,6.3005,,,,,,调仓卖出
2020-02-28,sz.000753,买入,2.64,2376.0,5.02376,Group_1,0.954111674820779,0.03409090909090895,0.09090909090909083,0.022727272727272707,调仓买入
2020-02-28,sh.600992,买入,6.11,2444.0,5.02444,Group_1,0.9537228162344147,0.04091653027823239,0.10310965630114555,0.029459901800327204,调仓买入
2020-02-28,sz.002248,买入,7.01,2103.0,5.02103,Group_1,0.8598004081938289,0.05563480741797444,0.21398002853067055,0.26818830242510705,调仓买入
2020-02-28,sz.000546,买入,8.9,1780.0,5.0178,Group_1,0.853482829696378,0.06629213483146068,0.05730337078651693,-0.053932584269662964,调仓买入
2020-02-28,sz.002400,买入,2.88,2304.0,5.02304,Group_1,0.8511804401341985,0.03472222222222232,0.08333333333333348,-0.00694444444444442,调仓买入
2020-02-28,sz.000905,买入,6.38,1914.0,5.01914,Group_1,0.8338049769018211,0.043887147335423204,0.07523510971786851,-0.045454545454545414,调仓买入
2020-03-31,sz.000753,卖出,2.67,2403.0,6.22553,,,,,,调仓卖出
2020-03-31,sh.600992,卖出,6.19,2476.0,6.26276,,,,,,调仓卖出
2020-03-31,sz.002248,卖出,8.62,2585.9999999999995,6.318859999999999,,,,,,调仓卖出
2020-03-31,sz.000546,卖出,8.21,1642.0000000000002,5.83742,,,,,,调仓卖出
2020-03-31,sz.002400,卖出,2.81,2248.0,6.14648,,,,,,调仓卖出
2020-03-31,sz.000905,卖出,6.04,1812.0,5.924119999999999,,,,,,调仓卖出
2020-03-31,sz.002952,买入,22.32,2232.0,5.02232,Group_1,0.9647044892502127,0.09991039426523307,0.20071684587813632,0.032258064516129004,调仓买入
2020-03-31,sz.002447,买入,1.94,2522.0,5.02522,Group_1,0.9452288332984393,-0.061855670103092675,0.0,-0.21134020618556693,调仓买入
2020-03-31,sh.601877,买入,23.65,2365.0,5.02365,Group_1,0.9286973658486467,0.0033826638477802984,0.01733615221987317,0.03467230443974634,调仓买入
2020-03-31,sh.600438,买入,11.61,2322.0,5.02322,Group_1,0.9012138625373471,0.02067183462532296,0.07924203273040487,0.22136089577950036,调仓买入
2020-03-31,sz.002411,买入,7.72,2316.0,5.02316,Group_1,0.8898168545861338,0.006476683937823857,0.15414507772020736,-0.020725388601036343,调仓买入
2020-04-30,sz.002952,卖出,23.79,2379.0,6.21329,,,,,,调仓卖出
2020-04-30,sh.601877,卖出,24.9,2490.0,6.2699,,,,,,调仓卖出
2020-04-30,sh.600438,卖出,15.11,3022.0,6.54122,,,,,,调仓卖出
2020-04-30,sz.002411,卖出,7.72,2316.0,6.18116,,,,,,调仓卖出
2020-04-30,sh.600715,买入,2.51,2510.0,5.0251,Group_1,0.904676335023679,0.003984063745019917,0.05179282868525914,0.19920318725099606,调仓买入
2020-04-30,sz.002105,买入,4.69,2345.0,5.02345,Group_1,0.8912461305333544,0.006396588486140553,0.006396588486140553,0.06609808102345416,调仓买入
2020-04-30,sz.002292,买入,6.37,2548.0,5.02548,Group_1,0.8794416219179337,-0.0031397174254317317,0.023547880690737655,0.08163265306122436,调仓买入
2020-04-30,sz.000898,买入,2.63,2630.0,5.0263,Group_1,0.8602583020112947,-0.0038022813688212143,-0.0038022813688212143,-0.04562737642585557,调仓买入
2020-04-30,sz.002655,买入,9.09,1818.0,5.01818,Group_1,0.8446447817997426,0.028602860286028653,0.11551155115511569,0.38173817381738173,调仓买入
2020-04-30,sz.002058,买入,18.28,1828.0,5.01828,Group_1,0.8406785170562445,-0.007111597374179546,0.01695842450765861,-0.008752735229759279,调仓买入
2020-04-30,sh.600959,买入,3.46,2422.0,5.02422,Group_1,0.8358983160792443,0.0,-0.020231213872832332,0.06069364161849711,调仓买入
2020-04-30,sh.600090,买入,3.28,2624.0,5.02624,Group_1,0.8351569464644286,-0.0060975609756097615,-0.024390243902438935,-0.10365853658536583,调仓买入
2020-04-30,sz.002967,买入,26.31,2631.0,5.02631,Group_1,0.8222293268035052,0.003420752565564511,-0.004180919802356464,-0.012542759407069504,调仓买入
2020-05-29,sz.002447,卖出,1.3,1690.0,5.8618999999999994,,,,,,调仓卖出
2020-05-29,sh.600715,卖出,2.49,2490.0,6.2699,,,,,,调仓卖出
2020-05-29,sz.002105,卖出,4.99,2495.0,6.272449999999999,,,,,,调仓卖出
2020-05-29,sz.002292,卖出,6.61,2644.0,6.34844,,,,,,调仓卖出
2020-05-29,sz.000898,卖出,2.46,2460.0,6.2546,,,,,,调仓卖出
2020-05-29,sz.002655,卖出,12.17,2434.0,6.241339999999999,,,,,,调仓卖出
2020-05-29,sz.002058,卖出,18.24,1823.9999999999998,5.9302399999999995,,,,,,调仓卖出
2020-05-29,sh.600959,卖出,3.64,2548.0,6.29948,,,,,,调仓卖出
2020-05-29,sh.600090,卖出,2.85,2280.0,6.162800000000001,,,,,,调仓卖出
2020-05-29,sz.002967,卖出,25.53,2553.0,6.30203,,,,,,调仓卖出
2020-05-29,sh.603351,买入,24.36,2436.0,5.02436,Group_1,0.9787133465466115,0.011083743842364546,-0.048850574712643535,-0.04105090311986859,调仓买入
2020-05-29,sz.002868,买入,13.07,1307.0,5.01307,Group_1,0.914250247879636,0.014537107880642663,0.1193573068094873,0.1361897475133893,调仓买入
2020-05-29,sh.603869,买入,11.15,2230.0,5.0223,Group_1,0.9065370191336426,0.0017937219730941312,0.0008968609865471766,-0.025112107623318503,调仓买入
2020-05-29,sz.002905,买入,10.0,2000.0,5.02,Group_1,0.8779869638678176,0.04499999999999993,0.1499999999999999,-0.013000000000000123,调仓买入
2020-05-29,sz.002917,买入,9.84,1968.0,5.01968,Group_1,0.8554434390673199,0.016260162601626105,0.021341463414634276,-0.005081300813008172,调仓买入
2020-05-29,sh.603897,买入,17.7,1770.0,5.0177,Group_1,0.8235041400577703,0.035593220338983045,0.03446327683615813,0.10056497175141255,调仓买入
2020-05-29,sz.002446,买入,7.12,2136.0,5.02136,Group_1,0.818142215638764,0.022471910112359605,0.002808988764044784,0.004213483146067398,调仓买入
2020-06-30,sh.603351,卖出,23.36,2336.0,6.19136,,,,,,调仓卖出
2020-06-30,sz.002868,卖出,14.85,1485.0,5.75735,,,,,,调仓卖出
2020-06-30,sh.603869,卖出,10.87,2174.0,6.10874,,,,,,调仓卖出
2020-06-30,sz.002905,卖出,9.87,1973.9999999999998,6.00674,,,,,,调仓卖出
2020-06-30,sz.002917,卖出,9.79,1957.9999999999998,5.9985800000000005,,,,,,调仓卖出
2020-06-30,sh.603897,卖出,19.48,1948.0,5.99348,,,,,,调仓卖出
2020-06-30,sz.002446,卖出,7.15,2145.0,6.0939499999999995,,,,,,调仓卖出
2020-06-30,sh.600388,买入,8.8,1760.0000000000002,5.0176,Group_1,0.9078659541283126,0.004545454545454408,0.06931818181818183,0.027272727272727115,调仓买入
2020-06-30,sz.002915,买入,19.11,1911.0,5.01911,Group_1,0.9069429218092748,-0.010465724751439032,0.043432757718472104,0.03349031920460499,调仓买入
2020-06-30,sz.002713,买入,6.91,2073.0,5.02073,Group_1,0.8934673075526822,-0.0014471780028942893,0.0723589001447178,0.2532561505065123,调仓买入
2020-06-30,sz.002309,买入,5.5,2200.0,5.022,Group_1,0.8916143719153807,-0.0018181818181818299,0.08363636363636373,0.0072727272727273196,调仓买入
2020-06-30,sh.603368,买入,22.95,2295.0,5.02295,Group_1,0.8812930301288866,0.026143790849673332,0.08148148148148149,0.05882352941176472,调仓买入
2020-06-30,sh.601139,买入,6.5,2600.0,5.026,Group_1,0.8734678020298747,0.007692307692307665,0.07692307692307687,0.1661538461538461,调仓买入
2020-06-30,sz.002757,买入,17.05,1705.0,5.01705,Group_1,0.8640592290962413,-0.024633431085044122,0.039882697947213996,0.11026392961876819,调仓买入
2020-06-30,sh.600909,买入,6.83,2049.0,5.02049,Group_1,0.8624302899534022,0.013177159590043841,0.21669106881405575,0.1390922401171304,调仓买入
2020-06-30,sz.000001,买入,12.8,2560.0,5.0256,Group_1,0.8228181990099664,0.02499999999999991,0.20937499999999987,0.04218749999999982,调仓买入
2020-06-30,sz.002500,买入,6.54,1962.0,5.01962,Group_1,0.8204341912688713,0.00917431192660545,0.3883792048929664,0.21712538226299682,调仓买入
2020-07-31,sh.600388,卖出,9.16,1832.0,5.9343200000000005,,,,,,调仓卖出
2020-07-31,sz.002915,卖出,19.69,1969.0000000000002,6.0041899999999995,,,,,,调仓卖出
2020-07-31,sz.002713,卖出,9.31,2793.0,6.424429999999999,,,,,,调仓卖出
2020-07-31,sz.002309,卖出,5.76,2304.0,6.17504,,,,,,调仓卖出
2020-07-31,sh.603368,卖出,26.57,2657.0,6.35507,,,,,,调仓卖出
2020-07-31,sh.601139,卖出,7.79,3116.0,6.58916,,,,,,调仓卖出
2020-07-31,sz.002757,卖出,19.58,1957.9999999999998,5.9985800000000005,,,,,,调仓卖出
2020-07-31,sh.600909,卖出,8.09,2427.0,6.237769999999999,,,,,,调仓卖出
2020-07-31,sz.000001,卖出,13.34,2668.0,6.36068,,,,,,调仓卖出
2020-07-31,sz.002500,卖出,8.27,2481.0,6.26531,,,,,,调仓卖出
2020-07-31,sz.002078,买入,12.68,2536.0,5.02536,Group_1,0.9033926311199244,0.005520504731861164,0.037066246056782326,0.09305993690851744,调仓买入
2020-07-31,sh.600291,买入,10.6,2120.0,5.0212,Group_1,0.8995532211574859,0.017924528301886733,-0.024528301886792447,-0.20471698113207548,调仓买入
2020-07-31,sz.002655,买入,9.96,1992.0000000000002,5.01992,Group_1,0.8461714514527633,0.008032128514056103,-0.01807228915662662,-0.050200803212851364,调仓买入
2020-07-31,sz.002050,买入,23.72,2372.0,5.02372,Group_1,0.8440672149055055,0.02023608768971341,-0.04721753794266437,-0.05902192242833049,调仓买入
2020-07-31,sz.002539,买入,7.59,2277.0,5.02277,Group_1,0.8294577018564934,0.0026350461133071157,-0.05138339920948609,0.00922266139657446,调仓买入
2020-07-31,sz.002301,买入,16.64,1664.0,5.01664,Group_1,0.813681391540166,0.03245192307692313,-0.05348557692307698,-0.02644230769230782,调仓买入
2020-07-31,sh.600998,买入,18.72,1872.0,5.01872,Group_1,0.8099683929676638,0.07852564102564119,-0.017094017094017144,-0.05502136752136744,调仓买入
2020-07-31,sz.002351,买入,19.95,1995.0,5.01995,Group_1,0.7797727419427483,0.010025062656641603,-0.04461152882205521,-0.07769423558897248,调仓买入
2020-08-31,sz.002078,卖出,13.96,2792.0,6.42392,,,,,,调仓卖出
2020-08-31,sz.002655,卖出,9.61,1922.0,5.98022,,,,,,调仓卖出
2020-08-31,sz.002050,卖出,22.6,2260.0,6.1526,,,,,,调仓卖出
2020-08-31,sz.002539,卖出,7.69,2307.0,6.17657,,,,,,调仓卖出
2020-08-31,sz.002301,卖出,16.4,1639.9999999999998,5.8364,,,,,,调仓卖出
2020-08-31,sh.600998,卖出,17.72,1772.0,5.90372,,,,,,调仓卖出
2020-08-31,sz.002351,卖出,18.35,1835.0000000000002,5.93585,,,,,,调仓卖出
2020-08-31,sz.002240,买入,13.62,2724.0,5.02724,Group_1,0.963700970630968,0.009544787077826689,0.06461086637298097,-0.1820851688693097,调仓买入
2020-08-31,sh.600858,买入,6.62,2648.0,5.02648,Group_1,0.8984737863424495,-0.028700906344410915,0.049848942598187396,0.0558912386706949,调仓买入
2020-08-31,sz.000608,买入,4.56,2735.9999999999995,5.02736,Group_1,0.8904690220330447,-0.00877192982456143,-0.01754385964912264,-0.07456140350877194,调仓买入
2020-08-31,sz.002262,买入,18.3,1830.0,5.0183,Group_1,0.8583987309042856,-0.013114754098360715,-0.10163934426229504,-0.14262295081967225,调仓买入
2020-08-31,sh.601018,买入,3.71,2597.0,5.02597,Group_1,0.8415660950663865,0.016172506738544534,0.037735849056603765,0.02156334231805923,调仓买入
2020-08-31,sh.603809,买入,28.3,2830.0,5.0283,Group_1,0.8270723235958112,0.008833922261484162,0.02473498233215543,-0.1176678445229683,调仓买入
2020-08-31,sz.002120,买入,20.78,2078.0,5.02078,Group_1,0.8261352359605616,0.002406159769008598,-0.04956689124157854,-0.11164581328200196,调仓买入
2020-08-31,sh.603879,买入,9.02,2706.0,5.02706,Group_1,0.815493252175639,-0.06762749445676264,-0.10643015521064292,-0.20288248337028814,调仓买入
2020-09-30,sh.600291,卖出,5.77,1154.0,5.58854,,,,,,调仓卖出
2020-09-30,sz.002240,卖出,11.68,2336.0,6.19136,,,,,,调仓卖出
2020-09-30,sh.600858,卖出,6.97,2788.0,6.42188,,,,,,调仓卖出
2020-09-30,sz.000608,卖出,4.15,2490.0,6.2699,,,,,,调仓卖出
2020-09-30,sz.002262,卖出,15.34,1534.0,5.7823400000000005,,,,,,调仓卖出
2020-09-30,sh.601018,卖出,3.73,2611.0,6.33161,,,,,,调仓卖出
2020-09-30,sh.603809,卖出,25.26,2526.0,6.28826,,,,,,调仓卖出
2020-09-30,sz.002120,卖出,18.73,1873.0,5.955229999999999,,,,,,调仓卖出
2020-09-30,sh.603879,卖出,7.36,2208.0,6.12608,,,,,,调仓卖出
2020-09-30,sh.600068,买入,5.94,2376.0,5.02376,Group_1,0.9218424808531444,0.02188552188552184,0.025252525252525082,0.19528619528619506,调仓买入
2020-09-30,sz.002911,买入,15.58,1558.0,5.01558,Group_1,0.9073378435024286,0.032734274711168077,0.05263157894736836,0.05840821566110388,调仓买入
2020-09-30,sh.600979,买入,3.13,2504.0,5.02504,Group_1,0.8771441133143153,0.04472843450479247,0.051118210862619806,-0.019169329073482455,调仓买入
2020-09-30,sh.600883,买入,7.84,2352.0,5.02352,Group_1,0.8571593445453899,0.044642857142857206,0.05994897959183687,0.026785714285714413,调仓买入
2020-09-30,sh.600483,买入,7.93,2379.0,5.02379,Group_1,0.8558463220344594,0.032786885245901676,0.06809583858764201,-0.031525851197982346,调仓买入
2020-09-30,sh.600126,买入,6.18,2472.0,5.02472,Group_1,0.8525321282300538,0.03721682847896446,0.04530744336569592,-0.003236245954692518,调仓买入
2020-10-30,sh.600068,卖出,6.95,2780.0,6.4178,,,,,,调仓卖出
2020-10-30,sz.002911,卖出,15.76,1576.0,5.8037600000000005,,,,,,调仓卖出
2020-10-30,sh.600979,卖出,3.05,2440.0,6.2444,,,,,,调仓卖出
2020-10-30,sh.600883,卖出,7.77,2331.0,6.18881,,,,,,调仓卖出
2020-10-30,sh.600483,卖出,7.64,2292.0,6.16892,,,,,,调仓卖出
2020-10-30,sh.600126,卖出,5.79,2316.0,6.18116,,,,,,调仓卖出
2020-10-30,sh.603500,买入,14.51,1451.0,5.01451,Group_1,0.876082598761667,-0.016540317022742945,-0.002067539627842785,-0.09786354238456241,调仓买入
2020-10-30,sh.603303,买入,12.3,2460.0,5.0246,Group_1,0.8459288063401217,0.02276422764227637,0.007317073170731714,0.01300813008130075,调仓买入
2020-10-30,sh.603602,买入,11.33,2266.0,5.02266,Group_1,0.8348666861113485,-0.026478375992939118,0.06796116504854366,0.142983230361871,调仓买入
2020-10-30,sz.000678,买入,4.75,2375.0,5.02375,Group_1,0.8339519610914127,-0.002105263157894721,0.03368421052631576,0.06105263157894747,调仓买入
2020-10-30,sz.002035,买入,8.94,1788.0,5.01788,Group_1,0.8233994100230807,0.023489932885906173,0.05480984340044737,0.08277404921700215,调仓买入
2020-10-30,sh.600183,买入,23.91,2391.0,5.02391,Group_1,0.8128344320381804,-0.01129234629861986,0.11334169803429539,0.1534922626516102,调仓买入
2020-10-30,sz.002639,买入,5.64,2256.0,5.02256,Group_1,0.810414647626282,0.09929078014184411,0.13652482269503552,0.27659574468085113,调仓买入
2020-10-30,sz.002530,买入,8.72,1744.0000000000002,5.01744,Group_1,0.7944033395176485,-0.0011467889908256534,0.006880733944953921,-0.06307339449541294,调仓买入
2020-11-30,sh.603500,卖出,13.03,1303.0,5.664529999999999,,,,,,调仓卖出
2020-11-30,sh.603303,卖出,12.12,2424.0,6.23624,,,,,,调仓卖出
2020-11-30,sh.603602,卖出,13.81,2762.0,6.40862,,,,,,调仓卖出
2020-11-30,sz.000678,卖出,4.95,2475.0,6.26225,,,,,,调仓卖出
2020-11-30,sz.002035,卖出,9.64,1928.0,5.983280000000001,,,,,,调仓卖出
2020-11-30,sh.600183,卖出,27.91,2791.0,6.4234100000000005,,,,,,调仓卖出
2020-11-30,sz.002639,卖出,6.96,2784.0,6.419840000000001,,,,,,调仓卖出
2020-11-30,sz.002530,卖出,8.28,1655.9999999999998,5.84456,,,,,,调仓卖出
2020-11-30,sz.002721,买入,3.58,2506.0,5.02506,Group_1,0.9579820866157828,-0.0027932960893854997,0.033519553072625774,-0.12849162011173187,调仓买入
2020-11-30,sh.603055,买入,6.6,2640.0,5.0264,Group_1,0.8650249148207046,0.03333333333333344,0.07424242424242422,-0.08939393939393936,调仓买入
2020-11-30,sz.002737,买入,14.76,1476.0,5.01476,Group_1,0.8542178357138989,0.00880758807588089,0.014227642276422925,-0.0006775067750677266,调仓买入
2020-11-30,sh.603998,买入,6.3,2520.0,5.0252,Group_1,0.8541081462641622,0.007936507936507908,0.03809523809523818,-0.053968253968254,调仓买入
2020-11-30,sz.002949,买入,21.4,2140.0,5.0214,Group_1,0.8315759141154875,0.03130841121495331,0.04299065420560755,-0.12803738317757007,调仓买入
2020-11-30,sh.600502,买入,4.03,2418.0,5.02418,Group_1,0.8287744004588593,0.007444168734491052,-0.01488833746898266,-0.07692307692307698,调仓买入
2020-11-30,sh.600996,买入,6.3,2520.0,5.0252,Group_1,0.8159007242908359,0.004761904761904745,-0.006349206349206327,-0.16190476190476188,调仓买入
2020-11-30,sz.000690,买入,7.16,2148.0,5.02148,Group_1,0.8058617085145912,0.022346368715083775,-0.020949720670391137,0.04748603351955305,调仓买入
2020-12-31,sz.002721,卖出,3.15,2205.0,6.12455,,,,,,调仓卖出
2020-12-31,sh.603055,卖出,6.06,2424.0,6.23624,,,,,,调仓卖出
2020-12-31,sz.002737,卖出,14.67,1467.0,5.74817,,,,,,调仓卖出
2020-12-31,sh.603998,卖出,5.99,2396.0,6.221959999999999,,,,,,调仓卖出
2020-12-31,sz.002949,卖出,18.75,1875.0,5.95625,,,,,,调仓卖出
2020-12-31,sh.600502,卖出,3.78,2268.0,6.156680000000001,,,,,,调仓卖出
2020-12-31,sh.600996,卖出,5.46,2184.0,6.11384,,,,,,调仓卖出
2020-12-31,sz.000690,卖出,7.3,2190.0,6.116899999999999,,,,,,调仓卖出
2020-12-31,sh.603967,买入,13.46,1346.0,5.01346,Group_1,0.9313541180597966,0.008172362555720625,-0.00965824665676085,-0.09732540861812777,调仓买入
2020-12-31,sh.600094,买入,4.02,2411.9999999999995,5.02412,Group_1,0.9221638369869568,-0.02238805970149238,-0.05970149253731338,-0.08208955223880587,调仓买入
2020-12-31,sh.603633,买入,9.63,1926.0000000000002,5.01926,Group_1,0.9107755031978446,0.01038421599169248,-0.09657320872274155,-0.1370716510903427,调仓买入
2020-12-31,sz.002870,买入,24.83,2483.0,5.02483,Group_1,0.9031905609827579,-0.025372533225936356,-0.07329842931937158,-0.08658880386629075,调仓买入
2020-12-31,sh.603306,买入,22.98,2298.0,5.0229800000000004,Group_1,0.8644027707608257,-0.01871192341166228,-0.020452567449956383,-0.03611836379460409,调仓买入
2020-12-31,sh.603566,买入,20.73,2073.0,5.02073,Group_1,0.8541496862318727,0.07670043415340078,-0.01881331403762665,0.07621804148576938,调仓买入
2020-12-31,sz.002915,买入,16.18,1618.0,5.01618,Group_1,0.8369216708274286,0.01174289245982707,-0.058714462299134684,0.012978986402966575,调仓买入
2020-12-31,sh.600731,买入,8.17,2451.0,5.02451,Group_1,0.8316695448570403,0.003671970624234966,-0.020807833537331732,0.05875152998776012,调仓买入
2020-12-31,sz.002096,买入,7.29,2187.0,5.02187,Group_1,0.8303217085773046,0.03840877914952001,-0.08367626886145407,-0.03155006858710563,调仓买入
2021-01-29,sh.603967,卖出,12.15,1215.0,5.61965,,,,,,调仓卖出
2021-01-29,sh.600094,卖出,3.69,2214.0,6.1291400000000005,,,,,,调仓卖出
2021-01-29,sh.603633,卖出,8.31,1662.0,5.84762,,,,,,调仓卖出
2021-01-29,sz.002870,卖出,22.68,2268.0,6.156680000000001,,,,,,调仓卖出
2021-01-29,sh.603306,卖出,22.15,2215.0,6.12965,,,,,,调仓卖出
2021-01-29,sh.603566,卖出,22.31,2231.0,6.13781,,,,,,调仓卖出
2021-01-29,sz.002915,卖出,16.39,1639.0,5.83589,,,,,,调仓卖出
2021-01-29,sh.600731,卖出,8.65,2595.0,6.32345,,,,,,调仓卖出
2021-01-29,sz.002096,卖出,7.06,2118.0,6.08018,,,,,,调仓卖出
2021-01-29,sz.002591,买入,4.44,2220.0,5.0222,Group_1,0.9277316951491273,-0.04504504504504503,-0.029279279279279424,0.14639639639639634,调仓买入
2021-01-29,sz.002677,买入,19.4,1939.9999999999998,5.0194,Group_1,0.9205202771610695,0.07216494845360844,0.05670103092783507,-0.09896907216494832,调仓买入
2021-01-29,sz.002161,买入,4.67,2335.0,5.02335,Group_1,0.9104321410913878,-0.07494646680942174,-0.0770877944325482,0.03426124197002145,调仓买入
2021-01-29,sh.603909,买入,16.0,1600.0,5.016,Group_1,0.8983772164719375,0.001875000000000071,0.0024999999999999467,0.05750000000000011,调仓买入
2021-01-29,sz.002168,买入,3.64,2184.0,5.02184,Group_1,0.8943356515887889,-0.06043956043956045,-0.18956043956043955,-0.09065934065934067,调仓买入
2021-01-29,sz.002366,买入,3.05,2440.0,5.0244,Group_1,0.8773292578962413,-0.06557377049180324,-0.2557377049180327,-0.016393442622950727,调仓买入
2021-01-29,sz.000709,买入,2.06,2472.0,5.02472,Group_1,0.8654213699093972,0.004854368932038833,-0.009708737864077666,0.10679611650485432,调仓买入
2021-01-29,sz.002478,买入,3.74,2244.0,5.02244,Group_1,0.8582269399923242,-0.010695187165775444,0.03208556149732611,0.13101604278074874,调仓买入
2021-01-29,sz.002248,买入,4.5,2250.0,5.0225,Group_1,0.8493231915995487,-0.04444444444444451,-0.07555555555555549,0.08666666666666667,调仓买入
2021-01-29,sz.002808,买入,7.08,2124.0,5.02124,Group_1,0.842890654145168,0.0,-0.10451977401129942,0.05932203389830515,调仓买入
2021-02-26,sz.002591,卖出,5.1,2550.0,6.3005,,,,,,调仓卖出
2021-02-26,sz.002677,卖出,17.28,1728.0,5.88128,,,,,,调仓卖出
2021-02-26,sz.002161,卖出,4.63,2315.0,6.18065,,,,,,调仓卖出
2021-02-26,sh.603909,卖出,16.02,1602.0,5.81702,,,,,,调仓卖出
2021-02-26,sz.002168,卖出,3.79,2274.0,6.159739999999999,,,,,,调仓卖出
2021-02-26,sz.002366,卖出,3.16,2528.0,6.289280000000001,,,,,,调仓卖出
2021-02-26,sz.002478,卖出,4.08,2448.0,6.24848,,,,,,调仓卖出
2021-02-26,sz.002248,卖出,4.83,2415.0,6.23165,,,,,,调仓卖出
2021-02-26,sz.002808,卖出,7.13,2139.0,6.09089,,,,,,调仓卖出
2021-02-26,sz.002796,买入,11.78,2356.0,5.02356,Group_1,0.9596502038609279,0.014431239388794648,0.002546689303905003,-0.06536502546689305,调仓买入
2021-02-26,sh.600755,买入,6.46,1938.0,5.01938,Group_1,0.9260046100503603,0.003095975232198178,0.02786377708978316,0.02941176470588247,调仓买入
2021-02-26,sz.000761,买入,3.01,2408.0,5.02408,Group_1,0.9236570833186797,0.029900332225913706,0.023255813953488413,0.05315614617940212,调仓买入
2021-02-26,sh.601086,买入,3.87,2322.0,5.02322,Group_1,0.9203620189992929,0.05167958656330751,0.0620155038759691,0.1550387596899223,调仓买入
2021-02-26,sh.600681,买入,5.15,2060.0,5.0206,Group_1,0.9096652142403924,0.009708737864077666,0.06796116504854366,0.058252427184465994,调仓买入
2021-02-26,sh.603022,买入,10.45,2090.0,5.0209,Group_1,0.8807713237052003,0.019138755980861344,0.038277511961722466,0.000956937799043267,调仓买入
2021-02-26,sh.600017,买入,2.73,2457.0,5.02457,Group_1,0.8758770922562932,0.01098901098901095,0.03296703296703285,0.03663003663003672,调仓买入
2021-03-31,sz.000709,卖出,2.36,2832.0,6.444319999999999,,,,,,调仓卖出
2021-03-31,sz.002796,卖出,10.52,2104.0,6.073040000000001,,,,,,调仓卖出
2021-03-31,sh.600755,卖出,6.62,1986.0,6.012860000000001,,,,,,调仓卖出
2021-03-31,sz.000761,卖出,3.2,2560.0,6.3056,,,,,,调仓卖出
2021-03-31,sh.601086,卖出,4.75,2850.0,6.4535,,,,,,调仓卖出
2021-03-31,sh.600681,卖出,5.72,2288.0,6.16688,,,,,,调仓卖出
2021-03-31,sh.603022,卖出,10.33,2066.0,6.053660000000001,,,,,,调仓卖出
2021-03-31,sh.600017,卖出,2.89,2601.0,6.326510000000001,,,,,,调仓卖出
2021-03-31,sz.000955,买入,5.66,2264.0,5.02264,Group_1,0.8874592983693129,0.010600706713780772,0.06890459363957602,0.026501766784452263,调仓买入
2021-03-31,sh.603089,买入,8.99,1798.0,5.01798,Group_1,0.8841392279114747,-0.04671857619577302,-0.04894327030033363,-0.006674082313681939,调仓买入
2021-03-31,sh.600135,买入,5.91,2364.0,5.02364,Group_1,0.8366777107357521,-0.02368866328257202,0.008460236886632888,0.008460236886632888,调仓买入
2021-03-31,sz.002368,买入,21.27,2127.0,5.02127,Group_1,0.8323305145851041,0.0009402914903620108,0.01833568406205921,0.020686412787964237,调仓买入
2021-03-31,sh.600900,买入,21.44,2144.0,5.02144,Group_1,0.8270155270289136,0.008861940298507287,-0.027052238805970186,-0.0611007462686568,调仓买入
2021-04-30,sz.000955,卖出,5.79,2316.0,6.18116,,,,,,调仓卖出
2021-04-30,sh.603089,卖出,8.73,1746.0,5.89046,,,,,,调仓卖出
2021-04-30,sh.600135,卖出,5.96,2384.0,6.21584,,,,,,调仓卖出
2021-04-30,sz.002368,卖出,20.41,2041.0,6.04091,,,,,,调仓卖出
2021-04-30,sh.600900,卖出,19.97,1997.0,6.01847,,,,,,调仓卖出
2021-04-30,sz.002905,买入,9.23,1846.0,5.01846,Group_1,0.8953212456649431,-0.04658721560130008,-0.054171180931744334,-0.07475622968580731,调仓买入
2021-04-30,sh.603909,买入,17.18,1718.0,5.01718,Group_1,0.885024709033633,0.0034924330616996624,0.02968568102444702,0.061699650756693813,调仓买入
2021-04-30,sh.601882,买入,17.0,1700.0,5.017,Group_1,0.8588915190444655,0.008823529411764675,0.002941176470588225,-0.1352941176470589,调仓买入
2021-04-30,sh.600675,买入,3.24,2592.0,5.02592,Group_1,0.843359637659998,-0.0092592592592593,0.01851851851851838,0.006172839506172645,调仓买入
2021-04-30,sh.600992,买入,6.34,2536.0,5.02536,Group_1,0.8380250841584697,0.09936908517350163,0.05362776025236582,0.03312302839116721,调仓买入
2021-04-30,sh.600395,买入,6.52,2608.0,5.02608,Group_1,0.8274675316812985,0.026073619631902023,0.16871165644171793,0.12269938650306766,调仓买入
2021-05-31,sz.002905,卖出,8.52,1704.0,5.86904,,,,,,调仓卖出
2021-05-31,sh.603909,卖出,18.35,1835.0000000000002,5.93585,,,,,,调仓卖出
2021-05-31,sh.601882,卖出,14.87,1487.0,5.75837,,,,,,调仓卖出
2021-05-31,sh.600675,卖出,3.25,2600.0,6.326,,,,,,调仓卖出
2021-05-31,sh.600992,卖出,6.58,2632.0,6.34232,,,,,,调仓卖出
2021-05-31,sh.600395,卖出,6.81,2724.0,6.38924,,,,,,调仓卖出
2021-05-31,sz.002291,买入,21.7,2170.0,5.0217,Group_1,0.8981386343199175,0.04055299539170498,-0.03686635944700467,-0.1322580645161291,调仓买入
2021-05-31,sz.000880,买入,7.96,2388.0,5.02388,Group_1,0.8769792112380815,-0.0012562814070351536,0.007537688442210921,-0.04648241206030157,调仓买入
2021-05-31,sz.000089,买入,7.88,2364.0,5.02364,Group_1,0.8715546519295634,0.002538071065989911,-0.005076142131979711,-0.015228426395939132,调仓买入
2021-05-31,sz.002404,买入,6.96,2088.0,5.02088,Group_1,0.8711244821267531,0.06321839080459779,-0.027298850574712707,-0.07614942528735635,调仓买入
2021-05-31,sz.002506,买入,2.93,2637.0,5.02637,Group_1,0.8530873151816603,0.006825938566553003,-0.0068259385665528916,0.10921501706484626,调仓买入
2021-05-31,sh.603567,买入,18.61,1861.0,5.01861,Group_1,0.84204536892733,0.026329930145083447,0.001612036539494932,-0.1305749596990865,调仓买入
2021-06-30,sz.002291,卖出,18.78,1878.0,5.95778,,,,,,调仓卖出
2021-06-30,sz.000880,卖出,7.6,2280.0,6.162800000000001,,,,,,调仓卖出
2021-06-30,sz.000089,卖出,7.77,2331.0,6.18881,,,,,,调仓卖出
2021-06-30,sz.002404,卖出,6.4,1920.0,5.9792,,,,,,调仓卖出
2021-06-30,sz.002506,卖出,3.48,3132.0,6.59732,,,,,,调仓卖出
2021-06-30,sh.603567,卖出,16.29,1629.0,5.8307899999999995,,,,,,调仓卖出
2021-06-30,sz.000788,买入,6.6,1980.0,5.0198,Group_1,0.8718643607455211,0.003030303030303161,0.007575757575757791,0.027272727272727337,调仓买入
2021-06-30,sz.002695,买入,15.83,1583.0,5.01583,Group_1,0.8393787935760486,0.036007580543272244,0.0031585596967782514,-0.13960833859759958,调仓买入
2021-06-30,sz.002582,买入,9.35,1870.0,5.0187,Group_1,0.8356928724021363,-0.007486631016042855,-0.010695187165775333,-0.04919786096256673,调仓买入
2021-07-30,sz.000788,卖出,6.88,2064.0,6.05264,,,,,,调仓卖出
2021-07-30,sz.002695,卖出,13.95,1395.0,5.71145,,,,,,调仓卖出
2021-07-30,sz.002582,卖出,8.79,1757.9999999999998,5.896579999999999,,,,,,调仓卖出
2021-07-30,sz.000498,买入,6.05,2420.0,5.0242,Group_1,0.9263547653828543,0.02975206611570247,0.023140495867768784,0.06280991735537178,调仓买入
2021-07-30,sh.603709,买入,16.28,1628.0,5.01628,Group_1,0.8828644738703268,0.01228501228501222,-0.0006142506142506887,0.0030712530712528885,调仓买入
2021-07-30,sz.002674,买入,14.43,1443.0,5.01443,Group_1,0.8484216257341715,-0.03534303534303529,-0.03465003465003469,-0.017325017325017344,调仓买入
2021-07-30,sz.002417,买入,4.92,2460.0,5.0246,Group_1,0.841197580722081,0.014227642276422925,-0.012195121951219412,-0.024390243902439046,调仓买入
2021-07-30,sh.603353,买入,25.15,2515.0,5.02515,Group_1,0.8369685491055306,0.0007952286282306709,-0.03618290258449308,-0.07355864811133195,调仓买入
2021-07-30,sh.600883,买入,7.73,2319.0,5.02319,Group_1,0.8312480484551502,0.025873221216041298,0.02069857697283295,0.0038809831824060392,调仓买入
2021-07-30,sh.603158,买入,12.64,2528.0,5.02528,Group_1,0.828987161863026,0.027689873417721556,0.08227848101265822,0.2713607594936709,调仓买入
2021-08-31,sz.000498,卖出,6.85,2740.0,6.3974,,,,,,调仓卖出
2021-08-31,sh.603709,卖出,16.33,1632.9999999999998,5.8328299999999995,,,,,,调仓卖出
2021-08-31,sz.002674,卖出,13.51,1351.0,5.68901,,,,,,调仓卖出
2021-08-31,sz.002417,卖出,4.79,2395.0,6.22145,,,,,,调仓卖出
2021-08-31,sh.603353,卖出,22.78,2278.0,6.16178,,,,,,调仓卖出
2021-08-31,sh.600883,卖出,7.68,2304.0,6.17504,,,,,,调仓卖出
2021-08-31,sh.603158,卖出,14.47,2894.0,6.4759400000000005,,,,,,调仓卖出
2021-08-31,sz.002487,买入,11.61,2322.0,5.02322,Group_1,0.9239841610063266,-0.06373815676141259,0.21705426356589164,1.070628768303187,调仓买入
2021-08-31,sz.002362,买入,16.93,1693.0,5.01693,Group_1,0.9077185659793111,0.005906674542232704,0.021854695806261093,-0.020673360897814574,调仓买入
2021-08-31,sh.603056,买入,9.68,1936.0,5.01936,Group_1,0.8177504210235066,0.02892561983471076,0.1621900826446281,0.12809917355371914,调仓买入
2021-08-31,sh.600098,买入,6.89,2067.0,5.02067,Group_1,0.817436151801748,-0.01596516690856309,0.16545718432510892,0.25399129172714097,调仓买入
2021-08-31,sz.002198,买入,7.46,2238.0,5.02238,Group_1,0.8101356230513133,-0.017426273458445052,0.030831099195710587,0.01608579088471851,调仓买入
2021-08-31,sh.600200,买入,6.73,2019.0000000000002,5.02019,Group_1,0.8034585718265954,0.005943536404160454,0.0520059435364042,0.15750371471025248,调仓买入
2021-09-30,sz.002487,卖出,24.04,4808.0,7.45208,,,,,,调仓卖出
2021-09-30,sz.002362,卖出,16.58,1657.9999999999998,5.84558,,,,,,调仓卖出
2021-09-30,sh.603056,卖出,10.92,2184.0,6.11384,,,,,,调仓卖出
2021-09-30,sh.600098,卖出,8.64,2592.0,6.32192,,,,,,调仓卖出
2021-09-30,sz.002198,卖出,7.58,2274.0,6.159739999999999,,,,,,调仓卖出
2021-09-30,sh.600200,卖出,7.79,2337.0,6.19187,,,,,,调仓卖出
2021-09-30,sz.000055,买入,4.42,2652.0,5.02652,Group_1,0.9122909362264493,0.011312217194570096,-0.02262443438914019,0.05429864253393668,调仓买入
2021-09-30,sh.600479,买入,8.47,2541.0,5.02541,Group_1,0.8719783992514768,0.029515938606847758,0.037780401416764864,-0.011806375442739214,调仓买入
2021-09-30,sh.603096,买入,25.8,2580.0,5.0258,Group_1,0.8321785100182476,0.024418604651162745,0.0771317829457363,0.03914728682170532,调仓买入
2021-09-30,sh.600399,买入,21.74,2174.0,5.02174,Group_1,0.8271698609260781,-0.06623735050597968,-0.04001839926402928,0.02667893284268641,调仓买入
2021-09-30,sh.600077,买入,2.39,2868.0,5.02868,Group_1,0.8172881161531225,0.01673640167364021,0.008368200836819994,-0.07112970711297073,调仓买入
2021-09-30,sh.600638,买入,5.19,2595.0,5.02595,Group_1,0.8151757116572733,0.02312138728323676,0.0038535645472059787,-0.06743737957610796,调仓买入
2021-09-30,sz.000582,买入,8.03,2409.0,5.02409,Group_1,0.8108803876753163,0.014943960149439661,0.011207970112079746,-0.05977584059775831,调仓买入
2021-10-29,sz.000055,卖出,4.64,2784.0,6.419840000000001,,,,,,调仓卖出
2021-10-29,sh.600479,卖出,8.4,2520.0,6.2852,,,,,,调仓卖出
2021-10-29,sh.603096,卖出,27.29,2729.0,6.39179,,,,,,调仓卖出
2021-10-29,sh.600399,卖出,21.3,2130.0,6.0863,,,,,,调仓卖出
2021-10-29,sh.600077,卖出,2.26,2711.9999999999995,6.38312,,,,,,调仓卖出
2021-10-29,sh.600638,卖出,4.97,2485.0,6.2673499999999995,,,,,,调仓卖出
2021-10-29,sz.000582,卖出,7.45,2235.0,6.13985,,,,,,调仓卖出
2021-10-29,sh.603579,买入,28.3,2830.0,5.0283,Group_1,0.8944461509478605,0.0007067137809186885,0.01978798586572439,0.07738515901060072,调仓买入
2021-10-29,sz.002412,买入,5.14,2570.0,5.0257,Group_1,0.8797423877130303,0.005836575875486361,-0.015564202334630406,0.009727626459144156,调仓买入
2021-10-29,sh.603889,买入,5.95,2380.0,5.0238,Group_1,0.8753074121766782,0.043697478991596705,-0.015126050420168013,0.05882352941176472,调仓买入
2021-10-29,sh.600919,买入,6.29,2516.0,5.02516,Group_1,0.8546153540261058,0.049284578696343395,0.004769475357710773,-0.05564387917329083,调仓买入
2021-10-29,sz.002734,买入,9.92,1984.0,5.01984,Group_1,0.8249303789502989,0.016129032258064502,0.010080645161290258,0.33669354838709675,调仓买入
2021-10-29,sh.603950,买入,16.27,1627.0,5.01627,Group_1,0.8226321387355839,0.006146281499692874,-0.004302397049784856,0.07559926244622006,调仓买入
2021-10-29,sh.600143,买入,11.73,2346.0,5.02346,Group_1,0.8192271012916932,0.01449275362318847,0.04688832054560943,0.09633418584825226,调仓买入
2021-11-30,sh.603579,卖出,30.68,3068.0,6.56468,,,,,,调仓卖出
2021-11-30,sz.002412,卖出,5.32,2660.0,6.3566,,,,,,调仓卖出
2021-11-30,sh.603889,卖出,6.16,2464.0,6.25664,,,,,,调仓卖出
2021-11-30,sh.600919,卖出,5.89,2356.0,6.20156,,,,,,调仓卖出
2021-11-30,sz.002734,卖出,13.59,2718.0,6.38618,,,,,,调仓卖出
2021-11-30,sh.603950,卖出,17.76,1776.0000000000002,5.90576,,,,,,调仓卖出
2021-11-30,sh.600143,卖出,13.57,2714.0,6.38414,,,,,,调仓卖出
2021-11-30,sh.600963,买入,7.13,2852.0,5.02852,Group_1,0.9224301724246439,0.09957924263674611,0.10098176718092566,0.10799438990182342,调仓买入
2021-11-30,sz.000026,买入,11.94,2388.0,5.02388,Group_1,0.9052311092934149,-0.00335008375209378,-0.038525963149078635,-0.03015075376884413,调仓买入
2021-11-30,sh.605255,买入,17.33,1732.9999999999998,5.01733,Group_1,0.8972589159915452,0.029428736295441515,-0.07386035776110778,-0.027120600115406734,调仓买入
2021-11-30,sh.605007,买入,18.12,1812.0,5.01812,Group_1,0.8874324238599026,0.01655629139072845,0.02924944812362007,0.2224061810154523,调仓买入
2021-11-30,sz.002643,买入,25.7,2570.0,5.0257,Group_1,0.873575837633724,-0.007003891050583633,-0.08949416342412453,-0.08054474708171211,调仓买入
2021-11-30,sh.603009,买入,6.27,2508.0,5.02508,Group_1,0.8507794644916818,0.062200956937799035,0.014354066985646119,0.19298245614035103,调仓买入
2021-11-30,sz.002480,买入,4.75,2850.0,5.0285,Group_1,0.8372359640671349,0.010526315789473717,0.04421052631578948,0.3726315789473684,调仓买入
2021-11-30,sh.600416,买入,18.54,1854.0,5.01854,Group_1,0.8245302940096281,-0.009708737864077666,-0.03182308522114352,0.08252427184466016,调仓买入
2021-12-31,sh.600963,卖出,7.88,3152.0,6.607520000000001,,,,,,调仓卖出
2021-12-31,sz.000026,卖出,11.85,2370.0,6.2087,,,,,,调仓卖出
2021-12-31,sh.605255,卖出,16.73,1673.0,5.85323,,,,,,调仓卖出
2021-12-31,sh.605007,卖出,23.01,2301.0,6.17351,,,,,,调仓卖出
2021-12-31,sz.002643,卖出,23.64,2364.0,6.205640000000001,,,,,,调仓卖出
2021-12-31,sh.603009,卖出,7.5,3000.0,6.53,,,,,,调仓卖出
2021-12-31,sh.600416,卖出,21.89,2189.0,6.11639,,,,,,调仓卖出
2021-12-31,sz.000627,买入,3.31,2979.0,5.02979,Group_1,0.8856741956760961,0.01812688821752273,0.03625377643504546,-0.02114803625377637,调仓买入
2021-12-31,sz.000633,买入,5.92,2960.0,5.0296,Group_1,0.8632603655200127,0.03040540540540526,0.023648648648648685,-0.02533783783783794,调仓买入
2021-12-31,sh.600968,买入,2.93,2930.0,5.0293,Group_1,0.8337259862246365,0.017064846416382284,0.020477815699658786,-0.03412969283276457,调仓买入
2021-12-31,sh.603558,买入,11.78,2356.0,5.02356,Group_1,0.8104864384203049,0.0016977928692700761,0.008488964346349936,-0.06621392190152797,调仓买入
2021-12-31,sh.600327,买入,5.95,2975.0,5.02975,Group_1,0.8093344144488911,0.020168067226890685,0.031932773109243584,0.025210084033613356,调仓买入
2022-01-28,sz.002480,卖出,5.39,3234.0,6.64934,,,,,,调仓卖出
2022-01-28,sz.000627,卖出,3.16,2844.0,6.4504399999999995,,,,,,调仓卖出
2022-01-28,sz.000633,卖出,5.73,2865.0,6.46115,,,,,,调仓卖出
2022-01-28,sh.600968,卖出,2.68,2680.0,6.3668,,,,,,调仓卖出
2022-01-28,sh.603558,卖出,11.02,2204.0,6.12404,,,,,,调仓卖出
2022-01-28,sh.600327,卖出,5.89,2945.0,6.50195,,,,,,调仓卖出
2022-01-28,sh.605178,买入,29.04,2904.0,5.02904,Group_1,0.971564882102362,0.02031680440771355,0.012396694214876103,-0.06749311294765847,调仓买入
2022-01-28,sz.002451,买入,6.45,2580.0,5.0258,Group_1,0.896846282021835,0.02635658914728678,0.013953488372093092,0.055813953488371926,调仓买入
2022-01-28,sz.000965,买入,2.67,2937.0,5.02937,Group_1,0.883744756002546,0.06367041198501866,0.23220973782771548,0.0898876404494382,调仓买入
2022-01-28,sz.000635,买入,9.17,2751.0,5.02751,Group_1,0.8605724371770209,0.028353326063249806,0.04252998909487471,0.04252998909487471,调仓买入
2022-01-28,sz.000850,买入,4.59,2754.0,5.02754,Group_1,0.8472371048225229,0.015250544662309462,0.03703703703703698,0.039215686274509665,调仓买入
2022-01-28,sz.002538,买入,8.26,2478.0,5.02478,Group_1,0.7941000898859868,0.03995157384987902,0.05447941888619878,0.10653753026634383,调仓买入
2022-02-28,sh.605178,卖出,28.03,2803.0,6.42953,,,,,,调仓卖出
2022-02-28,sz.002451,卖出,6.7,2680.0,6.3668,,,,,,调仓卖出
2022-02-28,sz.000965,卖出,2.84,3124.0,6.593240000000001,,,,,,调仓卖出
2022-02-28,sz.000635,卖出,9.36,2808.0,6.43208,,,,,,调仓卖出
2022-02-28,sz.000850,卖出,4.69,2814.0000000000005,6.43514,,,,,,调仓卖出
2022-02-28,sz.002538,卖出,9.45,2835.0,6.44585,,,,,,调仓卖出
2022-02-28,sz.002461,买入,7.91,3164.0,5.03164,Group_1,0.9449732073517101,0.055625790139064435,0.008849557522123908,-0.031605562579013924,调仓买入
2022-02-28,sh.600310,买入,4.77,2861.9999999999995,5.02862,Group_1,0.9037420703920379,0.014675052410901612,0.02096436058700224,-0.0838574423480083,调仓买入
2022-02-28,sh.601162,买入,3.52,3168.0,5.03168,Group_1,0.9032769332257211,0.011363636363636465,-0.005681818181818232,-0.02840909090909094,调仓买入
2022-02-28,sz.000021,买入,13.62,2724.0,5.02724,Group_1,0.8965014053607224,-0.001468428781204123,-0.08149779735682816,-0.16226138032305426,调仓买入
2022-02-28,sh.603377,买入,7.47,2988.0,5.02988,Group_1,0.8628669562345147,0.021419009370816644,0.0053547523427042165,-0.10575635876840694,调仓买入
2022-02-28,sh.601236,买入,9.79,2936.9999999999995,5.02937,Group_1,0.8582795802841475,0.0010214504596528506,-0.01736465781409602,-0.0449438202247191,调仓买入
2022-02-28,sh.603809,买入,18.79,1879.0,5.01879,Group_1,0.8550107106019956,0.01596593932943069,-0.05375199574241607,-0.1399680681213411,调仓买入
2022-02-28,sz.002183,买入,5.39,2695.0,5.02695,Group_1,0.850409573477211,0.011131725417439897,-0.029684601113172393,-0.09461966604823746,调仓买入
2022-03-31,sz.002461,卖出,7.69,3076.0,6.56876,,,,,,调仓卖出
2022-03-31,sh.600310,卖出,4.05,2430.0,6.2393,,,,,,调仓卖出
2022-03-31,sh.601162,卖出,3.47,3123.0,6.5927299999999995,,,,,,调仓卖出
2022-03-31,sz.000021,卖出,11.34,2268.0,6.156680000000001,,,,,,调仓卖出
2022-03-31,sh.603377,卖出,6.71,2684.0,6.3688400000000005,,,,,,调仓卖出
2022-03-31,sh.601236,卖出,10.38,3114.0000000000005,6.58814,,,,,,调仓卖出
2022-03-31,sh.603809,卖出,15.84,1584.0,5.80784,,,,,,调仓卖出
2022-03-31,sz.002183,卖出,4.89,2445.0,6.24695,,,,,,调仓卖出
2022-03-31,sz.002373,买入,10.7,2140.0,5.0214,Group_1,0.9078274650584575,0.005607476635514086,-0.0663551401869158,-0.1971962616822429,调仓买入
2022-03-31,sz.002585,买入,16.27,1627.0,5.01627,Group_1,0.8768601681323687,-0.0012292562999385304,-0.09465273509526728,-0.17148125384142587,调仓买入
2022-03-31,sh.603813,买入,16.63,1663.0,5.01663,Group_1,0.8726499675836218,-0.019843656043295188,-0.021647624774503882,-0.1575466025255562,调仓买入
2022-03-31,sh.601801,买入,5.24,2620.0,5.0262,Group_1,0.8571725643118457,0.01526717557251911,0.005725190839694472,-0.07442748091603069,调仓买入
2022-03-31,sz.002609,买入,9.06,2718.0,5.02718,Group_1,0.8550891720220428,0.03863134657836631,-0.0573951434878589,-0.2483443708609272,调仓买入
2022-04-29,sz.002373,卖出,8.57,1714.0,5.874140000000001,,,,,,调仓卖出
2022-04-29,sz.002585,卖出,13.38,1338.0,5.68238,,,,,,调仓卖出
2022-04-29,sh.603813,卖出,13.42,1342.0,5.68442,,,,,,调仓卖出
2022-04-29,sh.601801,卖出,4.74,2370.0,6.2087,,,,,,调仓卖出
2022-04-29,sz.002609,卖出,6.79,2037.0,6.038869999999999,,,,,,调仓卖出
2022-04-29,sh.603700,买入,13.87,2774.0,5.02774,Group_1,0.9831506766956655,-0.012256669069935056,-0.019466474405191003,0.06128334534967572,调仓买入
2022-04-29,sz.002382,买入,8.92,2676.0,5.02676,Group_1,0.9702414391043581,0.024663677130045025,0.0033632286995515237,-0.008968609865470878,调仓买入
2022-04-29,sz.002288,买入,4.5,2700.0,5.027,Group_1,0.9295208203927444,0.020000000000000018,0.06666666666666665,0.10888888888888903,调仓买入
2022-04-29,sh.603711,买入,12.76,2552.0,5.02552,Group_1,0.9115800846345965,-0.04780564263322884,-0.10579937304075238,-0.08150470219435735,调仓买入
2022-04-29,sh.600363,买入,18.0,1800.0,5.018,Group_1,0.9096795018746517,0.004444444444444251,0.05555555555555558,0.18611111111111112,调仓买入
2022-04-29,sz.002636,买入,8.03,2409.0,5.02409,Group_1,0.9060570102173089,-0.02241594022415938,-0.016189290161892744,0.06849315068493156,调仓买入
2022-05-31,sh.603700,卖出,13.88,2776.0,6.41576,,,,,,调仓卖出
2022-05-31,sz.002382,卖出,8.87,2660.9999999999995,6.35711,,,,,,调仓卖出
2022-05-31,sz.002288,卖出,4.99,2994.0,6.52694,,,,,,调仓卖出
2022-05-31,sh.603711,卖出,11.59,2318.0,6.18218,,,,,,调仓卖出
2022-05-31,sh.600363,卖出,21.14,2114.0,6.078139999999999,,,,,,调仓卖出
2022-05-31,sz.002636,卖出,8.45,2535.0,6.2928500000000005,,,,,,调仓卖出
2022-05-31,sh.603029,买入,12.48,2496.0,5.02496,Group_1,0.9257468424567102,0.0,0.033653846153846256,-0.04006410256410253,调仓买入
2022-05-31,sh.600143,买入,8.94,2682.0,5.02682,Group_1,0.8887930205943244,-0.005592841163310824,0.015659955257270708,0.06375838926174504,调仓买入
2022-05-31,sh.601579,买入,13.22,2644.0,5.02644,Group_1,0.8806863830912653,-0.03555219364599094,-0.04614220877458408,-0.08774583963691374,调仓买入
2022-05-31,sh.605077,买入,20.89,2089.0,5.02089,Group_1,0.877245056070933,-0.010052656773575919,-0.006701771182383909,0.02249880325514586,调仓买入
2022-05-31,sh.600301,买入,16.27,1627.0,5.01627,Group_1,0.8755480380687569,-0.02827289489858631,-0.020282728948985862,-0.10571604179471417,调仓买入
2022-05-31,sz.002471,买入,2.36,2832.0,5.02832,Group_1,0.8630520536826088,0.008474576271186418,0.01271186440677985,0.06779661016949157,调仓买入
2022-05-31,sz.002852,买入,10.28,2056.0,5.02056,Group_1,0.8564652108020319,-0.0077821011673151474,-0.021400778210116655,0.22470817120622577,调仓买入
2022-05-31,sh.601377,买入,6.19,2476.0,5.02476,Group_1,0.8505656804194548,-0.00646203554119551,0.06462035541195466,0.13570274636510504,调仓买入
2022-05-31,sz.003006,买入,10.78,2156.0,5.02156,Group_1,0.8401483497720482,0.010204081632653184,0.041743970315399004,0.08812615955473113,调仓买入
2022-06-30,sh.603029,卖出,11.94,2388.0,6.21788,,,,,,调仓卖出
2022-06-30,sh.600143,卖出,9.52,2856.0,6.45656,,,,,,调仓卖出
2022-06-30,sh.601579,卖出,12.43,2486.0,6.267860000000001,,,,,,调仓卖出
2022-06-30,sh.605077,卖出,22.05,2205.0,6.12455,,,,,,调仓卖出
2022-06-30,sh.600301,卖出,14.55,1455.0,5.74205,,,,,,调仓卖出
2022-06-30,sz.002471,卖出,2.53,3035.9999999999995,6.54836,,,,,,调仓卖出
2022-06-30,sz.002852,卖出,12.9,2580.0,6.3158,,,,,,调仓卖出
2022-06-30,sh.601377,卖出,7.05,2820.0,6.4382,,,,,,调仓卖出
2022-06-30,sz.003006,卖出,12.34,2468.0,6.25868,,,,,,调仓卖出
2022-06-30,sz.003019,买入,25.24,2524.0,5.02524,Group_1,0.948607132161136,0.06616481774960392,0.005546751188589605,0.04873217115689377,调仓买入
2022-06-30,sz.002757,买入,11.63,2326.0,5.02326,Group_1,0.9142702105834829,-0.011177987962166847,-0.0309544282029236,-0.017196904557179815,调仓买入
2022-06-30,sz.002118,买入,2.89,2890.0,5.0289,Group_1,0.8111726477361707,-0.04844290657439454,-0.09688581314878897,-0.06228373702422152,调仓买入
2022-06-30,sh.601939,买入,6.06,2424.0,5.02424,Group_1,0.8090976383241314,0.0033003300330034513,0.004950495049504955,-0.0742574257425741,调仓买入
2022-06-30,sh.603351,买入,23.23,2323.0,5.02323,Group_1,0.8080506531974977,-0.01937150236762808,-0.04089539388721475,-0.08523461041756353,调仓买入
2022-06-30,sh.605007,买入,19.44,1944.0000000000002,5.01944,Group_1,0.7990404052219563,0.0005144032921808872,0.07253086419753085,-0.03343621399176966,调仓买入
2022-06-30,sz.002685,买入,3.63,2904.0,5.02904,Group_1,0.7987493093670579,0.005509641873278293,0.1322314049586779,0.12121212121212133,调仓买入
2022-06-30,sh.605222,买入,22.77,2277.0,5.02277,Group_1,0.7962939418609271,-0.015371102327623953,-0.03864734299516903,0.06587615283267456,调仓买入
2022-07-29,sz.003019,卖出,26.2,2620.0,6.3362,,,,,,调仓卖出
2022-07-29,sz.002757,卖出,11.38,2276.0,6.16076,,,,,,调仓卖出
2022-07-29,sz.002118,卖出,2.66,2660.0,6.3566,,,,,,调仓卖出
2022-07-29,sh.601939,卖出,5.57,2228.0,6.13628,,,,,,调仓卖出
2022-07-29,sh.603351,卖出,20.79,2079.0,6.06029,,,,,,调仓卖出
2022-07-29,sh.605007,卖出,18.36,1836.0,5.9363600000000005,,,,,,调仓卖出
2022-07-29,sz.002685,卖出,3.88,3104.0,6.5830400000000004,,,,,,调仓卖出
2022-07-29,sh.605222,卖出,23.92,2392.0,6.21992,,,,,,调仓卖出
2022-07-29,sh.603926,买入,10.57,2114.0,5.02114,Group_1,0.8777467228308946,0.0066225165562914245,-0.0056764427625355385,0.02554399243140959,调仓买入
2022-07-29,sh.600125,买入,5.22,2610.0,5.0261,Group_1,0.8698779915051034,-0.01532567049808431,-0.05363984674329492,-0.019157088122605304,调仓买入
2022-07-29,sh.603106,买入,5.13,2565.0,5.02565,Group_1,0.8508401660777213,0.0019493177387914784,0.015594541910331383,-0.019493177387914118,调仓买入
2022-07-29,sz.002702,买入,5.9,2360.0,5.0236,Group_1,0.846107339323221,-0.027118644067796627,-0.07796610169491525,-0.03898305084745768,调仓买入
2022-07-29,sz.002705,买入,22.75,2275.0,5.02275,Group_1,0.8407360316037625,0.0,-0.05934065934065935,-0.10769230769230764,调仓买入
2022-07-29,sh.600827,买入,11.53,2306.0,5.02306,Group_1,0.8242326097188849,-0.030355594102341676,-0.0745880312228967,-0.018213356461404984,调仓买入
2022-07-29,sz.002091,买入,9.76,2928.0,5.02928,Group_1,0.8109606504562867,0.012295081967213184,-0.044057377049180335,-0.004098360655737654,调仓买入
2022-07-29,sh.601965,买入,16.6,1660.0000000000002,5.0166,Group_1,0.8043379699056294,-0.06084337349397595,-0.08433734939759052,-0.1174698795180723,调仓买入
2022-07-29,sh.600459,买入,17.44,1744.0000000000002,5.01744,Group_1,0.8032394472597494,0.0,0.0034403669724769603,-0.047018348623853234,调仓买入
2022-07-29,sh.600493,买入,5.63,2815.0,5.02815,Group_1,0.8029340892446086,0.023090586145648295,-0.02131438721136769,0.017761989342806483,调仓买入
2022-08-31,sh.603926,卖出,10.4,2080.0,6.0608,,,,,,调仓卖出
2022-08-31,sh.600125,卖出,5.18,2590.0,6.3209,,,,,,调仓卖出
2022-08-31,sh.603106,卖出,4.99,2495.0,6.272449999999999,,,,,,调仓卖出
2022-08-31,sz.002702,卖出,6.33,2532.0,6.29132,,,,,,调仓卖出
2022-08-31,sz.002705,卖出,19.16,1916.0,5.9771600000000005,,,,,,调仓卖出
2022-08-31,sh.600827,卖出,11.31,2262.0,6.15362,,,,,,调仓卖出
2022-08-31,sz.002091,卖出,9.19,2757.0,6.40607,,,,,,调仓卖出
2022-08-31,sh.601965,卖出,15.75,1575.0,5.803249999999999,,,,,,调仓卖出
2022-08-31,sh.600459,卖出,16.16,1616.0,5.82416,,,,,,调仓卖出
2022-08-31,sh.600493,卖出,5.76,2880.0,6.4688,,,,,,调仓卖出
2022-08-31,sh.603103,买入,13.68,2736.0,5.02736,Group_1,0.8896595410468924,-0.02266081871345038,-0.05774853801169588,-0.13304093567251463,调仓买入
2022-08-31,sh.605151,买入,19.0,1900.0,5.019,Group_1,0.856933119273708,-0.023684210526315752,0.03263157894736857,0.1210526315789473,调仓买入
2022-08-31,sh.600129,买入,26.07,2607.0,5.02607,Group_1,0.8409506869136187,0.021097046413502074,-0.012274645186037603,-0.08016877637130804,调仓买入
2022-08-31,sh.603081,买入,11.52,2304.0,5.02304,Group_1,0.8362767070876975,-0.01822916666666663,-0.012152777777777679,-0.12673611111111105,调仓买入
2022-08-31,sh.603859,买入,25.41,2541.0,5.02541,Group_1,0.8160160529912994,-0.0007870916961826291,0.022825659189295466,-0.08972845336481705,调仓买入
2022-08-31,sh.603909,买入,12.5,2500.0,5.025,Group_1,0.8089096834016729,-0.0008000000000000229,0.0031999999999998696,-0.12560000000000004,调仓买入
2022-09-30,sh.603103,卖出,11.55,2310.0,6.178100000000001,,,,,,调仓卖出
2022-09-30,sh.605151,卖出,21.01,2101.0,6.07151,,,,,,调仓卖出
2022-09-30,sh.600129,卖出,24.14,2414.0,6.23114,,,,,,调仓卖出
2022-09-30,sh.603081,卖出,9.89,1978.0,6.00878,,,,,,调仓卖出
2022-09-30,sh.603859,卖出,22.75,2275.0,6.1602500000000004,,,,,,调仓卖出
2022-09-30,sh.603909,卖出,10.8,2160.0,6.1016,,,,,,调仓卖出
2022-09-30,sh.603949,买入,17.24,1723.9999999999998,5.01724,Group_1,0.9312931576298337,-0.016241299303944134,-0.001160092807424573,-0.03828306264501158,调仓买入
2022-09-30,sz.000681,买入,9.9,1980.0,5.0198,Group_1,0.9223800878281335,-0.03232323232323231,0.04343434343434338,0.11919191919191907,调仓买入
2022-09-30,sz.002966,买入,6.67,2668.0,5.02668,Group_1,0.9213312579151572,0.03148425787106457,0.05697151424287861,0.05397301349325345,调仓买入
2022-09-30,sh.603928,买入,10.39,2078.0,5.02078,Group_1,0.8961221292147479,-0.023099133782483183,0.046198267564966145,0.10875842155919146,调仓买入
2022-09-30,sz.000020,买入,8.1,2430.0,5.0243,Group_1,0.86615157352818,-0.0024691358024691024,0.07160493827160486,0.14814814814814836,调仓买入
2022-09-30,sz.000691,买入,4.28,2568.0,5.02568,Group_1,0.8646602775768165,-0.02570093457943934,0.004672897196261516,0.05607476635513997,调仓买入
2022-09-30,sh.603018,买入,7.87,2361.0,5.02361,Group_1,0.8632748037279594,-0.017789072426937724,0.016518424396442244,0.017789072426937613,调仓买入
2022-09-30,sz.002349,买入,11.01,2202.0,5.02202,Group_1,0.8512028573959385,-0.013623978201634857,0.0363306085376931,0.1852861035422344,调仓买入
2022-09-30,sh.605028,买入,16.38,1638.0,5.01638,Group_1,0.8455112401821149,-0.020146520146520075,0.0482295482295485,0.047008547008547064,调仓买入
2022-10-31,sh.603949,卖出,15.33,1533.0,5.781829999999999,,,,,,调仓卖出
2022-10-31,sz.000681,卖出,10.12,2023.9999999999998,6.03224,,,,,,调仓卖出
2022-10-31,sz.002966,卖出,6.87,2748.0,6.401479999999999,,,,,,调仓卖出
2022-10-31,sh.603928,卖出,11.08,2216.0,6.13016,,,,,,调仓卖出
2022-10-31,sz.000020,卖出,9.33,2799.0,6.42749,,,,,,调仓卖出
2022-10-31,sz.000691,卖出,4.33,2598.0,6.32498,,,,,,调仓卖出
2022-10-31,sh.603018,卖出,7.69,2307.0,6.17657,,,,,,调仓卖出
2022-10-31,sz.002349,卖出,13.26,2652.0,6.35252,,,,,,调仓卖出
2022-10-31,sh.605028,卖出,16.64,1664.0,5.84864,,,,,,调仓卖出
2022-10-31,sz.002637,买入,10.48,2096.0,5.02096,Group_1,0.9435927229156754,0.08110687022900764,0.16984732824427473,0.08874045801526709,调仓买入
2022-10-31,sz.000739,买入,20.82,2082.0,5.02082,Group_1,0.9363649676262742,0.03746397694524495,0.036503362151776964,0.0009606147934677622,调仓买入
2022-10-31,sz.000906,买入,8.18,2454.0,5.02454,Group_1,0.9239877244408307,0.008557457212714059,0.07334963325183375,0.09046454767726164,调仓买入
2022-10-31,sz.002132,买入,4.3,2580.0,5.0258,Group_1,0.9147696295815654,0.037209302325581506,0.13720930232558137,0.037209302325581506,调仓买入
2022-10-31,sh.600587,买入,27.52,2752.0,5.02752,Group_1,0.914618690796664,0.0007267441860465684,-0.06795058139534882,-0.04869186046511631,调仓买入
2022-10-31,sz.002456,买入,4.68,2340.0,5.0234,Group_1,0.9129135554977587,0.008547008547008517,0.1645299145299146,0.07051282051282048,调仓买入
2022-10-31,sz.002241,买入,21.68,2168.0,5.02168,Group_1,0.8822915260308206,0.051199261992619816,0.10378228782287824,-0.19511070110701112,调仓买入
2022-10-31,sh.600682,买入,8.34,2502.0,5.02502,Group_1,0.8732532722259289,0.02278177458033559,0.02278177458033559,0.050359712230215736,调仓买入
2022-11-30,sz.002637,卖出,11.58,2316.0,6.18116,,,,,,调仓卖出
2022-11-30,sz.000739,卖出,20.6,2060.0,6.0506,,,,,,调仓卖出
2022-11-30,sz.000906,卖出,9.12,2735.9999999999995,6.39536,,,,,,调仓卖出
2022-11-30,sz.002132,卖出,4.56,2735.9999999999995,6.39536,,,,,,调仓卖出
2022-11-30,sh.600587,卖出,26.41,2641.0,6.34691,,,,,,调仓卖出
2022-11-30,sz.002456,卖出,5.1,2550.0,6.3005,,,,,,调仓卖出
2022-11-30,sz.002241,卖出,18.14,1814.0,5.92514,,,,,,调仓卖出
2022-11-30,sh.600682,卖出,8.88,2664.0000000000005,6.358640000000001,,,,,,调仓卖出
2022-11-30,sz.002833,买入,13.65,2730.0,5.0273,Group_1,0.9305400107627662,-0.00073260073260073,0.00879120879120876,-0.10329670329670326,调仓买入
2022-11-30,sh.600352,买入,9.77,1954.0,5.01954,Group_1,0.8669972289104239,0.00921187308085969,0.01944728761514858,0.014329580348004134,调仓买入
2022-11-30,sh.601518,买入,2.87,2583.0,5.02583,Group_1,0.80163735123987,-0.0034843205574913716,0.03832752613240409,0.0,调仓买入
2022-11-30,sz.002266,买入,4.12,2472.0,5.02472,Group_1,0.7804964572298974,0.024271844660194164,0.016990291262136026,-0.04126213592233008,调仓买入
2022-11-30,sh.603356,买入,14.99,1499.0,5.01499,Group_1,0.7650214041598015,0.046697798532354895,0.048032021347565124,-0.10607071380920607,调仓买入
2022-11-30,sh.600501,买入,12.37,2474.0,5.02474,Group_1,0.7649665953839442,-0.0016168148746967814,-0.0202101859337106,-0.11479385610347614,调仓买入
2022-12-30,sz.002833,卖出,12.33,2466.0,6.25766,,,,,,调仓卖出
2022-12-30,sh.601518,卖出,2.91,2619.0,6.33569,,,,,,调仓卖出
2022-12-30,sz.002266,卖出,3.91,2346.0,6.19646,,,,,,调仓卖出
2022-12-30,sh.603356,卖出,13.4,1340.0,5.6834,,,,,,调仓卖出
2022-12-30,sh.600501,卖出,10.98,2196.0,6.11996,,,,,,调仓卖出
2022-12-30,sh.600989,买入,12.07,2414.0,5.02414,Group_1,0.8649622481024772,0.0190555095277547,0.05385252692626352,0.11433305716652842,调仓买入
2022-12-30,sh.600234,买入,6.97,2788.0,5.02788,Group_1,0.8564260839383163,0.010043041606886627,0.012912482065997155,0.0746054519368724,调仓买入
2022-12-30,sh.600851,买入,5.85,2340.0,5.0234,Group_1,0.8514448904739166,0.04444444444444451,0.03418803418803429,0.06666666666666687,调仓买入
2022-12-30,sh.603677,买入,11.2,2240.0,5.0224,Group_1,0.8426132998723246,0.010714285714285898,-0.0071428571428571175,0.09553571428571428,调仓买入
2022-12-30,sz.002925,买入,16.52,1652.0,5.01652,Group_1,0.8361246135282541,0.03631961259079919,0.041767554479418934,0.1652542372881356,调仓买入
2022-12-30,sz.003816,买入,2.69,2690.0,5.0269,Group_1,0.8323152290268795,0.0074349442379182396,-0.0037174721189590088,0.003717472118959231,调仓买入
2023-01-31,sh.600352,卖出,10.04,2007.9999999999998,6.02408,,,,,,调仓卖出
2023-01-31,sh.600989,卖出,13.38,2676.0,6.36476,,,,,,调仓卖出
2023-01-31,sh.600234,卖出,7.22,2888.0,6.47288,,,,,,调仓卖出
2023-01-31,sh.600851,卖出,6.13,2452.0,6.25052,,,,,,调仓卖出
2023-01-31,sh.603677,卖出,11.91,2382.0,6.21482,,,,,,调仓卖出
2023-01-31,sz.002925,卖出,19.29,1929.0,5.98379,,,,,,调仓卖出
2023-01-31,sz.003816,卖出,2.71,2710.0,6.382099999999999,,,,,,调仓卖出
2023-01-31,sh.600011,买入,7.48,2244.0,5.02244,Group_1,0.9249595298329009,0.014705882352941124,0.06951871657753994,0.09224598930481287,调仓买入
2023-01-31,sh.603030,买入,2.74,2740.0,5.0274,Group_1,0.9162921706481122,0.010948905109488871,0.0036496350364962904,-0.03649635036496357,调仓买入
2023-01-31,sh.603429,买入,10.84,2168.0,5.02168,Group_1,0.914710479618243,0.02029520295202958,0.024907749077490715,0.03321033210332103,调仓买入
2023-01-31,sz.000543,买入,4.44,2664.0000000000005,5.02664,Group_1,0.9038156480670986,0.009009009009008917,0.02702702702702675,0.04054054054054057,调仓买入
2023-01-31,sh.600647,买入,13.33,2666.0,5.02666,Group_1,0.8904069133127414,0.06526631657914472,0.054013503375843985,-0.04576144036009,调仓买入
2023-01-31,sh.600594,买入,5.33,2665.0,5.02665,Group_1,0.8861911394935088,0.018761726078799112,0.0018761726078799779,0.07317073170731692,调仓买入
2023-01-31,sh.600567,买入,2.52,2772.0,5.02772,Group_1,0.865945256562116,0.04761904761904767,0.023809523809523725,0.0714285714285714,调仓买入
2023-01-31,sz.000663,买入,9.13,2739.0000000000005,5.02739,Group_1,0.8644172709513493,0.0021905805038333614,0.005476451259583737,0.02190580503833517,调仓买入
2023-01-31,sh.600523,买入,17.15,1714.9999999999998,5.01715,Group_1,0.8639454288560681,0.006997084548105104,-0.01282798833819232,-0.05131195335276961,调仓买入
2023-02-28,sh.600011,卖出,8.17,2451.0,6.2500100000000005,,,,,,调仓卖出
2023-02-28,sh.603030,卖出,2.64,2640.0,6.3464,,,,,,调仓卖出
2023-02-28,sh.603429,卖出,11.2,2240.0,6.1424,,,,,,调仓卖出
2023-02-28,sz.000543,卖出,4.62,2772.0,6.4137200000000005,,,,,,调仓卖出
2023-02-28,sh.600647,卖出,12.72,2544.0,6.29744,,,,,,调仓卖出
2023-02-28,sh.600594,卖出,5.72,2860.0,6.4586,,,,,,调仓卖出
2023-02-28,sh.600567,卖出,2.7,2970.0,6.5147,,,,,,调仓卖出
2023-02-28,sz.000663,卖出,9.33,2799.0,6.42749,,,,,,调仓卖出
2023-02-28,sh.600523,卖出,16.27,1627.0,5.82977,,,,,,调仓卖出
2023-02-28,sh.600234,买入,7.39,2217.0,5.02217,Group_1,0.9468013578043962,-0.006765899864682012,-0.024357239512855178,0.010825439783491264,调仓买入
2023-02-28,sh.600246,买入,5.85,2340.0,5.0234,Group_1,0.853016040651045,-0.0017094017094017033,-0.018803418803418737,0.1675213675213676,调仓买入
2023-02-28,sh.603356,买入,14.68,1468.0,5.01468,Group_1,0.8521987831549658,-0.0034059945504086864,-0.038147138964577665,-0.07152588555858308,调仓买入
2023-02-28,sz.002122,买入,3.7,2590.0,5.0259,Group_1,0.8324871400204753,-0.037837837837837895,-0.12432432432432428,-0.06756756756756754,调仓买入
2023-02-28,sh.600824,买入,3.63,2541.0,5.02541,Group_1,0.8040342380863572,0.0027548209366392573,-0.008264462809917328,-0.04683195592286504,调仓买入
2023-02-28,sh.603177,买入,17.8,1780.0,5.0178,Group_1,0.8022558431846494,0.01179775280898876,-0.035955056179775347,-0.1629213483146068,调仓买入
2023-02-28,sh.600933,买入,25.38,2538.0,5.02538,Group_1,0.7973441278650275,-0.01733648542159172,-0.05437352245862881,-0.09535066981875484,调仓买入
2023-03-31,sh.600234,卖出,7.47,2241.0,6.14291,,,,,,调仓卖出
2023-03-31,sh.600246,卖出,6.47,2588.0,6.3198799999999995,,,,,,调仓卖出
2023-03-31,sh.603356,卖出,12.26,1226.0,5.625260000000001,,,,,,调仓卖出
2023-03-31,sz.002122,卖出,3.55,2485.0,6.2673499999999995,,,,,,调仓卖出
2023-03-31,sh.600824,卖出,3.5,2450.0,6.249499999999999,,,,,,调仓卖出
2023-03-31,sh.603177,卖出,15.37,1537.0,5.78387,,,,,,调仓卖出
2023-03-31,sh.600933,卖出,24.18,2418.0,6.233180000000001,,,,,,调仓卖出
2023-03-31,sh.600225,买入,4.71,2355.0,5.02355,Group_1,0.94166508046519,-0.010615711252653925,-0.04670912951167727,-0.09554140127388544,调仓买入
2023-03-31,sh.603890,买入,9.54,1907.9999999999998,5.01908,Group_1,0.9349804705429768,0.0062893081761006275,0.03983228511530412,-0.170859538784067,调仓买入
2023-03-31,sh.603103,买入,16.0,1600.0,5.016,Group_1,0.9314249350590774,0.013125000000000053,-0.015625,0.11624999999999996,调仓买入
2023-03-31,sh.603181,买入,12.88,2576.0,5.02576,Group_1,0.9082195572210664,0.0015527950310558758,-0.017080745341614967,-0.16226708074534169,调仓买入
2023-03-31,sz.002739,买入,14.3,1430.0,5.0143,Group_1,0.9012896097039685,0.013286713286713159,-0.007692307692307776,0.055944055944055826,调仓买入
2023-03-31,sh.600857,买入,10.28,2056.0,5.02056,Group_1,0.8696915822236896,-0.015564202334630406,-0.049610894941634176,-0.027237354085603016,调仓买入
2023-03-31,sh.603308,买入,19.94,1994.0000000000002,5.01994,Group_1,0.8638398470482167,-0.00852557673019061,-0.010030090270812586,-0.1048144433299899,调仓买入
2023-03-31,sh.603633,买入,12.07,2414.0,5.02414,Group_1,0.8420460136542013,-0.0074565037282519064,-0.0041425020712511085,0.05716652858326432,调仓买入
2023-04-28,sh.600225,卖出,4.41,2205.0,6.12455,,,,,,调仓卖出
2023-04-28,sh.603890,卖出,8.14,1628.0,5.83028,,,,,,调仓卖出
2023-04-28,sh.603103,卖出,16.24,1623.9999999999998,5.82824,,,,,,调仓卖出
2023-04-28,sh.603181,卖出,10.67,2134.0,6.0883400000000005,,,,,,调仓卖出
2023-04-28,sz.002739,卖出,14.27,1427.0,5.72777,,,,,,调仓卖出
2023-04-28,sh.600857,卖出,9.91,1982.0,6.01082,,,,,,调仓卖出
2023-04-28,sh.603308,卖出,19.81,1980.9999999999998,6.01031,,,,,,调仓卖出
2023-04-28,sh.603633,卖出,11.6,2320.0,6.1832,,,,,,调仓卖出
2023-04-28,sh.603681,买入,17.39,1739.0,5.01739,Group_1,0.9773054005489193,-0.08855664174813116,-0.10005750431282345,-0.12190914318573898,调仓买入
2023-04-28,sh.600955,买入,19.32,1932.0,5.01932,Group_1,0.9573996489339165,0.012939958592132594,-0.007763975155279379,-0.05020703933747406,调仓买入
2023-04-28,sz.002671,买入,4.16,2496.0,5.02496,Group_1,0.9044051041720905,0.019230769230769162,0.016826923076923128,0.04807692307692313,调仓买入
2023-04-28,sh.600299,买入,8.15,2445.0,5.02445,Group_1,0.8988485080957701,0.0,0.0,-0.014723926380368235,调仓买入
2023-04-28,sh.603667,买入,11.39,2278.0,5.02278,Group_1,0.898428740281014,0.015803336259877065,-0.007901668129938533,0.052677787532923626,调仓买入
2023-04-28,sh.603612,买入,18.8,1880.0,5.0188,Group_1,0.8762982574260779,0.005851063829787284,0.0037234042553191404,-0.02659574468085102,调仓买入
2023-04-28,sz.000036,买入,4.24,2544.0,5.02544,Group_1,0.8630941172873928,-0.03537735849056611,-0.04952830188679247,-0.09905660377358494,调仓买入
2023-04-28,sh.601678,买入,5.03,2515.0,5.02515,Group_1,0.863005466706868,0.0,-0.003976143141153132,-0.05765407554671964,调仓买入
2023-05-31,sh.603681,卖出,15.27,1527.0,5.77877,,,,,,调仓卖出
2023-05-31,sh.600955,卖出,18.35,1835.0000000000002,5.93585,,,,,,调仓卖出
2023-05-31,sz.002671,卖出,4.36,2616.0,6.33416,,,,,,调仓卖出
2023-05-31,sh.600299,卖出,8.03,2409.0,6.2285900000000005,,,,,,调仓卖出
2023-05-31,sh.603667,卖出,11.99,2398.0,6.22298,,,,,,调仓卖出
2023-05-31,sh.603612,卖出,18.3,1830.0,5.9333,,,,,,调仓卖出
2023-05-31,sh.601678,卖出,4.74,2370.0,6.2087,,,,,,调仓卖出
2023-05-31,sh.603580,买入,13.5,1350.0,5.0135,Group_1,0.9573352075365136,0.046666666666666634,0.03703703703703698,0.05407407407407416,调仓买入
2023-05-31,sz.002187,买入,6.55,2620.0,5.0262,Group_1,0.9351666443293235,0.012213740458015376,0.032061068702289974,-0.016793893129770865,调仓买入
2023-05-31,sh.603520,买入,17.1,1710.0000000000002,5.0171,Group_1,0.9280534398564843,0.004678362573099282,-0.03801169590643283,-0.024561403508772006,调仓买入
2023-05-31,sh.603626,买入,6.69,2676.0,5.02676,Group_1,0.8935031835355908,0.014947683109117982,0.020926756352765308,0.049327354260089606,调仓买入
2023-05-31,sz.002543,买入,8.6,2580.0,5.0258,Group_1,0.8857862214052956,-0.02209302325581386,-0.0918604651162791,-0.08023255813953478,调仓买入
2023-05-31,sh.603327,买入,11.38,2276.0,5.02276,Group_1,0.841370024121945,0.002636203866432263,-0.011423550087873546,0.04393673110720564,调仓买入
2023-05-31,sh.603578,买入,13.72,1372.0,5.01372,Group_1,0.8392737057109122,-0.0196793002915453,0.0021865889212826506,0.05903790087463556,调仓买入
2023-05-31,sz.002805,买入,19.39,1939.0,5.01939,Group_1,0.827773001521566,0.1000515729757605,0.08870551830840623,0.11810211449200625,调仓买入
2023-06-30,sz.000036,卖出,4.12,2472.0,6.26072,,,,,,调仓卖出
2023-06-30,sh.603580,卖出,14.23,1423.0,5.72573,,,,,,调仓卖出
2023-06-30,sz.002187,卖出,6.44,2576.0,6.31376,,,,,,调仓卖出
2023-06-30,sh.603520,卖出,16.68,1668.0,5.85068,,,,,,调仓卖出
2023-06-30,sh.603626,卖出,7.02,2808.0,6.43208,,,,,,调仓卖出
2023-06-30,sz.002543,卖出,7.91,2373.0,6.210229999999999,,,,,,调仓卖出
2023-06-30,sh.603327,卖出,11.88,2376.0,6.21176,,,,,,调仓卖出
2023-06-30,sh.603578,卖出,14.53,1453.0,5.741029999999999,,,,,,调仓卖出
2023-06-30,sz.002805,卖出,21.68,2168.0,6.1056799999999996,,,,,,调仓卖出
2023-06-30,sh.603739,买入,13.11,2622.0,5.02622,Group_1,0.9267495789026278,0.005339435545385296,0.012967200610221274,0.04195270785659799,调仓买入
2023-06-30,sh.600998,买入,10.38,2076.0,5.02076,Group_1,0.8914955318805157,-0.014450867052023142,-0.06936416184971106,-0.037572254335260125,调仓买入
2023-06-30,sz.002672,买入,5.95,2380.0,5.0238,Group_1,0.8763484259545946,0.001680672268907557,-0.008403361344537785,0.036974789915966255,调仓买入
2023-06-30,sz.002312,买入,8.13,2439.0000000000005,5.02439,Group_1,0.8594811385998428,0.017220172201721784,-0.008610086100861003,0.04428044280442789,调仓买入
2023-06-30,sh.600231,买入,2.22,2664.0000000000005,5.02664,Group_1,0.8575961941763078,0.009009009009008917,0.0045045045045044585,0.144144144144144,调仓买入
2023-06-30,sh.603855,买入,26.6,2660.0,5.0266,Group_1,0.8407503546704095,-0.02894736842105272,-0.0552631578947369,-0.07293233082706774,调仓买入
2023-07-31,sh.603739,卖出,13.76,2752.0,6.40352,,,,,,调仓卖出
2023-07-31,sh.600998,卖出,9.91,1982.0,6.01082,,,,,,调仓卖出
2023-07-31,sz.002672,卖出,6.24,2496.0,6.27296,,,,,,调仓卖出
2023-07-31,sz.002312,卖出,8.59,2577.0,6.31427,,,,,,调仓卖出
2023-07-31,sh.600231,卖出,2.57,3084.0,6.57284,,,,,,调仓卖出
2023-07-31,sh.603855,卖出,24.97,2497.0,6.27347,,,,,,调仓卖出
2023-07-31,sh.600185,买入,6.95,2085.0,5.02085,Group_1,0.9595992066695692,-0.010071942446043258,-0.018705035971222972,-0.10647482014388487,调仓买入
2023-07-31,sh.603709,买入,16.93,1693.0,5.01693,Group_1,0.9222561520754096,-0.006497341996455908,-0.042528056704075556,-0.054341405788540964,调仓买入
2023-07-31,sh.600888,买入,8.33,2499.0,5.02499,Group_1,0.9147293587610271,0.004801920768307211,0.0036014405762303525,-0.06602641056422565,调仓买入
2023-07-31,sz.001300,买入,12.94,2588.0,5.02588,Group_1,0.912473348503478,-0.008500772797527034,-0.01777434312210191,-0.10355486862442043,调仓买入
2023-07-31,sh.600615,买入,9.17,1834.0,5.01834,Group_1,0.8969476780926762,0.007633587786259666,-0.01199563794983638,-0.0719738276990185,调仓买入
2023-07-31,sh.600603,买入,6.72,2688.0,5.02688,Group_1,0.8947646090643169,-0.007440476190476164,-0.03273809523809523,-0.09970238095238093,调仓买入
2023-07-31,sh.603360,买入,11.22,2244.0,5.02244,Group_1,0.8856473307305777,-0.005347593582887722,-0.03297682709447425,-0.09893048128342252,调仓买入
2023-07-31,sz.002445,买入,2.5,2500.0,5.025,Group_1,0.8779315877215488,0.0040000000000000036,-0.0119999999999999,-0.04800000000000004,调仓买入
2023-07-31,sz.002042,买入,3.27,2616.0,5.02616,Group_1,0.8739380314632481,0.00917431192660545,-0.01834862385321101,-0.04587155963302747,调仓买入
2023-07-31,sh.600370,买入,2.82,2538.0,5.02538,Group_1,0.8718523689839235,-0.0035460992907800915,-0.024822695035460973,-0.06737588652482263,调仓买入
2023-08-31,sh.600185,卖出,6.19,1857.0000000000002,5.94707,,,,,,调仓卖出
2023-08-31,sh.603709,卖出,16.93,1693.0,5.86343,,,,,,调仓卖出
2023-08-31,sh.600888,卖出,7.9,2370.0,6.2087,,,,,,调仓卖出
2023-08-31,sz.001300,卖出,12.18,2436.0,6.24236,,,,,,调仓卖出
2023-08-31,sh.600615,卖出,8.93,1786.0,5.91086,,,,,,调仓卖出
2023-08-31,sh.600603,卖出,5.88,2352.0,6.199520000000001,,,,,,调仓卖出
2023-08-31,sh.603360,卖出,10.5,2100.0,6.071,,,,,,调仓卖出
2023-08-31,sz.002445,卖出,2.38,2380.0,6.213799999999999,,,,,,调仓卖出
2023-08-31,sz.002042,卖出,3.07,2456.0,6.25256,,,,,,调仓卖出
2023-08-31,sh.600370,卖出,2.55,2295.0,6.17045,,,,,,调仓卖出
2023-08-31,sh.605033,买入,18.35,1835.0000000000002,5.01835,Group_1,0.9591308344416746,-0.0005449591280655142,0.020708446866484875,0.02452316076294281,调仓买入
2023-08-31,sh.600027,买入,5.1,2550.0,5.0255,Group_1,0.9492957227014386,-0.023529411764705688,0.0039215686274509665,0.009803921568627638,调仓买入
2023-08-31,sz.002671,买入,4.65,2325.0,5.02325,Group_1,0.9207416499446524,-0.006451612903225823,-0.010752688172043112,0.02580645161290307,调仓买入
2023-08-31,sh.600560,买入,13.0,1300.0,5.013,Group_1,0.8930881298418785,-0.014615384615384586,-0.019230769230769273,0.15076923076923077,调仓买入
2023-08-31,sh.603223,买入,10.15,2030.0,5.0203,Group_1,0.891232539813429,0.016748768472906406,-0.012807881773399088,-0.017733990147783207,调仓买入
2023-08-31,sh.605151,买入,17.77,1777.0,5.01777,Group_1,0.8659804637325886,0.0011254924029262536,-0.0022509848058525073,0.009566685424873489,调仓买入
2023-08-31,sh.603633,买入,8.77,1754.0,5.01754,Group_1,0.8538809753905299,-0.007981755986317007,0.010262257696693311,0.0011402508551880963,调仓买入
2023-08-31,sh.601366,买入,5.33,2132.0,5.02132,Group_1,0.8476909343125667,0.007504690431519689,-0.0037523452157599557,0.011257035647279423,调仓买入
2023-09-28,sh.605033,卖出,18.8,1880.0,5.9588,,,,,,调仓卖出
2023-09-28,sh.600027,卖出,5.15,2575.0,6.31325,,,,,,调仓卖出
2023-09-28,sz.002671,卖出,4.77,2385.0,6.21635,,,,,,调仓卖出
2023-09-28,sh.600560,卖出,14.96,1496.0,5.7629600000000005,,,,,,调仓卖出
2023-09-28,sh.603223,卖出,9.97,1994.0000000000002,6.01694,,,,,,调仓卖出
2023-09-28,sh.605151,卖出,17.94,1794.0000000000002,5.9149400000000005,,,,,,调仓卖出
2023-09-28,sh.603633,卖出,8.78,1755.9999999999998,5.89556,,,,,,调仓卖出
2023-09-28,sh.601366,卖出,5.39,2156.0,6.09956,,,,,,调仓卖出
2023-09-28,sh.600327,买入,4.8,2400.0,5.024,Group_1,0.9246164376242373,-0.004166666666666541,0.01041666666666674,-0.004166666666666541,调仓买入
2023-09-28,sz.002982,买入,21.8,2180.0,5.0218,Group_1,0.9212961262978187,-0.03256880733944956,-0.03944954128440359,0.003669724770642091,调仓买入
2023-09-28,sz.002002,买入,1.85,2590.0,5.0259,Group_1,0.9006478111478722,-0.010810810810810811,-0.10810810810810823,-0.22702702702702715,调仓买入
2023-09-28,sh.601019,买入,9.17,1834.0,5.01834,Group_1,0.8956964523032205,-0.0032715376226826187,-0.030534351145038108,-0.06543075245365315,调仓买入
2023-09-28,sz.002453,买入,11.89,2378.0,5.02378,Group_1,0.8953230377439614,-0.02270815811606408,-0.016820857863751093,-0.08074011774600509,调仓买入
2023-09-28,sh.600537,买入,5.65,2260.0,5.0226,Group_1,0.867131300407665,0.001769911504424737,-0.019469026548672663,-0.07964601769911506,调仓买入
2023-09-28,sz.002462,买入,14.16,1416.0,5.01416,Group_1,0.8550005585592826,-0.004237288135593209,0.003531073446327637,0.021892655367231617,调仓买入
2023-09-28,sz.002683,买入,22.31,2231.0,5.02231,Group_1,0.845361052904331,-0.008964589870013362,-0.013446884805020098,-0.036754818467055195,调仓买入
2023-10-31,sh.600327,卖出,4.71,2355.0,6.20105,,,,,,调仓卖出
2023-10-31,sz.002982,卖出,21.83,2183.0,6.1133299999999995,,,,,,调仓卖出
2023-10-31,sz.002002,卖出,1.38,1931.9999999999998,5.98532,,,,,,调仓卖出
2023-10-31,sh.601019,卖出,8.26,1652.0,5.84252,,,,,,调仓卖出
2023-10-31,sz.002453,卖出,10.96,2192.0,6.11792,,,,,,调仓卖出
2023-10-31,sh.600537,卖出,5.17,2068.0,6.054679999999999,,,,,,调仓卖出
2023-10-31,sz.002462,卖出,14.7,1470.0,5.749700000000001,,,,,,调仓卖出
2023-10-31,sz.002683,卖出,21.53,2153.0,6.0980300000000005,,,,,,调仓卖出
2023-10-31,sz.002809,买入,10.48,2096.0,5.02096,Group_1,0.9579711868949159,0.00858778625954204,0.01908396946564883,0.03912213740458026,调仓买入
2023-10-31,sh.605366,买入,8.03,2409.0,5.02409,Group_1,0.9383973710774904,0.016189290161892966,0.028642590286426017,0.04358655043586568,调仓买入
2023-10-31,sh.603599,买入,16.64,1664.0,5.01664,Group_1,0.8902165697424175,-0.013822115384615419,-0.01562500000000011,-0.022235576923076983,调仓买入
2023-10-31,sz.002597,买入,21.78,2178.0,5.02178,Group_1,0.8822929556574539,-0.0036730945821855654,0.00045913682277309853,-0.044995408631772316,调仓买入
2023-10-31,sz.002064,买入,7.25,2175.0,5.02175,Group_1,0.8814761324709518,0.0027586206896550447,-0.0027586206896551557,-0.040000000000000036,调仓买入
2023-10-31,sz.002111,买入,9.24,1848.0,5.01848,Group_1,0.878907894873937,0.010822510822510845,0.005411255411255311,0.03679653679653683,调仓买入
2023-10-31,sz.002787,买入,8.75,1750.0,5.0175,Group_1,0.8773334219688916,0.010285714285714231,0.03200000000000003,0.14057142857142857,调仓买入
2023-10-31,sz.000524,买入,8.58,1716.0,5.01716,Group_1,0.8771119652757333,-0.005827505827505908,-0.004662004662004726,0.0174825174825175,调仓买入
2023-11-30,sz.002809,卖出,10.75,2150.0,6.0965,,,,,,调仓卖出
2023-11-30,sh.605366,卖出,8.27,2481.0,6.26531,,,,,,调仓卖出
2023-11-30,sh.603599,卖出,16.4,1639.9999999999998,5.8364,,,,,,调仓卖出
2023-11-30,sz.002597,卖出,20.29,2029.0,6.03479,,,,,,调仓卖出
2023-11-30,sz.002064,卖出,6.86,2058.0,6.04958,,,,,,调仓卖出
2023-11-30,sz.002111,卖出,9.5,1900.0,5.969,,,,,,调仓卖出
2023-11-30,sz.002787,卖出,9.82,1964.0,6.00164,,,,,,调仓卖出
2023-11-30,sz.000524,卖出,8.95,1789.9999999999998,5.9129,,,,,,调仓卖出
2023-11-30,sh.600661,买入,9.37,1873.9999999999998,5.01874,Group_1,0.8564640551873236,0.10032017075773769,0.6104589114194239,0.11526147278548571,调仓买入
2023-11-30,sz.002852,买入,11.27,2254.0,5.02254,Group_1,0.8495084077460332,0.0017746228926351915,0.0026619343389531203,-0.051464063886424105,调仓买入
2023-11-30,sh.603313,买入,10.11,2022.0,5.02022,Group_1,0.838289241204763,-0.008902077151335286,-0.015825914935707286,0.06231454005934722,调仓买入
2023-11-30,sh.600785,买入,14.42,1442.0,5.01442,Group_1,0.833760698259761,0.0006934812760055475,-0.012482662968099856,-0.014563106796116387,调仓买入
2023-11-30,sh.601168,买入,12.82,1282.0,5.01282,Group_1,0.8335296188041037,0.004680187207488418,-0.00858034321372847,0.109204368174727,调仓买入
2023-11-30,sz.002459,买入,19.9,1989.9999999999998,5.0199,Group_1,0.8231855124088611,-0.01005025125628134,-0.04271356783919589,0.03869346733668366,调仓买入
2023-11-30,sz.002225,买入,3.81,2286.0,5.02286,Group_1,0.8094959675362671,0.005249343832020914,0.002624671916010346,-0.023622047244094446,调仓买入
2023-11-30,sz.000504,买入,11.91,2382.0,5.02382,Group_1,0.7949566164768663,0.0025188916876572875,-0.017632241813602123,-0.06045340050377834,调仓买入
2023-12-29,sh.600661,卖出,10.7,2140.0,6.0914,,,,,,调仓卖出
2023-12-29,sz.002852,卖出,10.82,2164.0,6.1036399999999995,,,,,,调仓卖出
2023-12-29,sh.600785,卖出,14.8,1480.0,5.7548,,,,,,调仓卖出
2023-12-29,sh.601168,卖出,14.27,1427.0,5.72777,,,,,,调仓卖出
2023-12-29,sz.002459,卖出,20.72,2072.0,6.05672,,,,,,调仓卖出
2023-12-29,sz.002225,卖出,3.78,2268.0,6.156680000000001,,,,,,调仓卖出
2023-12-29,sz.000504,卖出,11.6,2320.0,6.1832,,,,,,调仓卖出
2023-12-29,sz.002123,买入,11.15,2230.0,5.0223,Group_1,0.9575415836928735,0.0026905829596413078,-0.0663677130044843,-0.2044843049327355,调仓买入
2023-12-29,sz.002555,买入,18.81,1880.9999999999998,5.01881,Group_1,0.9230831818350002,0.016480595427963873,-0.017012227538543367,-0.05369484316852724,调仓买入
2023-12-29,sh.603377,买入,4.21,2526.0,5.02526,Group_1,0.9008356920749805,0.028503562945368266,0.016627078384798155,-0.08551068883610446,调仓买入
2023-12-29,sz.002923,买入,12.34,2468.0,5.02468,Group_1,0.8490828122151616,0.008103727714748654,-0.04294975688816849,-0.17585089141004862,调仓买入
2023-12-29,sh.600883,买入,8.5,1700.0,5.017,Group_1,0.8459860199116118,0.025882352941176467,-0.0023529411764705577,-0.08352941176470585,调仓买入
2023-12-29,sh.600663,买入,8.75,1750.0,5.0175,Group_1,0.8054172686667002,0.0034285714285713365,-0.010285714285714231,0.06514285714285717,调仓买入
2023-12-29,sz.002558,买入,11.14,2228.0,5.02228,Group_1,0.8051866647312288,0.015260323159784539,-0.006283662477558405,-0.11131059245960506,调仓买入
2023-12-29,sh.603308,买入,14.33,1433.0,5.01433,Group_1,0.8029559239729981,-0.02442428471737612,-0.11095603628750872,-0.25122121423586874,调仓买入
2024-01-31,sh.603313,卖出,9.39,1878.0,5.95778,,,,,,调仓卖出
2024-01-31,sz.002123,卖出,8.0,1600.0,5.816,,,,,,调仓卖出
2024-01-31,sz.002555,卖出,16.62,1662.0,5.84762,,,,,,调仓卖出
2024-01-31,sh.603377,卖出,3.44,2064.0,6.05264,,,,,,调仓卖出
2024-01-31,sz.002923,卖出,9.22,1844.0000000000002,5.940440000000001,,,,,,调仓卖出
2024-01-31,sh.600883,卖出,6.98,1396.0,5.71196,,,,,,调仓卖出
2024-01-31,sh.600663,卖出,9.05,1810.0000000000002,5.923100000000001,,,,,,调仓卖出
2024-01-31,sz.002558,卖出,9.2,1839.9999999999998,5.9384,,,,,,调仓卖出
2024-01-31,sh.603308,卖出,9.97,997.0000000000001,5.50847,,,,,,调仓卖出
2024-01-31,sz.002848,买入,8.53,1705.9999999999998,5.01706,Group_1,0.9267516575551618,-0.04572098475967157,-0.3223915592028135,-0.02461899179366933,调仓买入
2024-01-31,sz.002007,买入,17.6,1760.0000000000002,5.0176,Group_1,0.9111102638082249,0.009090909090909038,0.0732954545454545,0.09375,调仓买入
2024-01-31,sh.603933,买入,11.36,1136.0,5.01136,Group_1,0.9092851519859996,-0.008802816901408383,-0.31338028169014087,0.506161971830986,调仓买入
2024-01-31,sz.002180,买入,19.4,1939.9999999999998,5.0194,Group_1,0.8803278800917964,-0.021134020618556737,-0.039175257731958624,0.21288659793814446,调仓买入
2024-01-31,sz.000955,买入,4.66,1864.0,5.01864,Group_1,0.8553017941903953,-0.045064377682403456,-0.2339055793991417,0.1802575107296136,调仓买入
2024-01-31,sh.600000,买入,6.83,2049.0,5.02049,Group_1,0.8455660220148422,-0.004392386530014725,0.016105417276720324,0.04538799414348449,调仓买入
2024-01-31,sh.601328,买入,6.0,1800.0,5.018,Group_1,0.8443252060831963,-0.0033333333333332993,0.01333333333333342,0.06166666666666676,调仓买入
2024-02-29,sz.002848,卖出,8.62,1723.9999999999998,5.87924,,,,,,调仓卖出
2024-02-29,sz.002007,卖出,19.73,1973.0,6.00623,,,,,,调仓卖出
2024-02-29,sh.603933,卖出,14.21,1421.0,5.72471,,,,,,调仓卖出
2024-02-29,sz.002180,卖出,23.43,2343.0,6.19493,,,,,,调仓卖出
2024-02-29,sz.000955,卖出,4.7,1880.0,5.9588,,,,,,调仓卖出
2024-02-29,sh.600000,卖出,7.15,2145.0,6.0939499999999995,,,,,,调仓卖出
2024-02-29,sh.601328,卖出,6.27,1880.9999999999998,5.95931,,,,,,调仓卖出
2024-02-29,sh.600828,买入,3.26,1955.9999999999998,5.01956,Group_1,0.9322380531829593,-0.012269938650306678,-0.024539877300613355,-0.009202453987730008,调仓买入
2024-02-29,sz.002077,买入,14.95,1495.0,5.01495,Group_1,0.8902712917407922,0.012040133779264384,-0.00936454849498325,-0.07692307692307687,调仓买入
2024-02-29,sz.002269,买入,1.68,2184.0,5.02184,Group_1,0.8892032596990815,-0.005952380952380931,-0.011904761904761862,-0.023809523809523836,调仓买入
2024-02-29,sz.002188,买入,4.48,2240.0,5.0224,Group_1,0.8839597421509883,-0.0022321428571430157,-0.022321428571428714,0.10491071428571419,调仓买入
2024-02-29,sz.002264,买入,4.34,2170.0,5.0217,Group_1,0.8769417122939194,0.004608294930875667,-0.025345622119815503,0.048387096774193505,调仓买入
2024-02-29,sh.605169,买入,8.24,1648.0,5.01648,Group_1,0.8765879649641733,0.0060679611650484855,-0.0060679611650485965,0.05218446601941751,调仓买入
2024-02-29,sz.003016,买入,6.63,1989.0,5.01989,Group_1,0.8763420838308879,0.016591251885369473,-0.010558069381598867,0.02413273001508287,调仓买入
2024-02-29,sz.001267,买入,4.34,2170.0,5.0217,Group_1,0.8593461145167348,-0.027649769585253448,-0.05299539170506906,-0.08525345622119807,调仓买入
2024-02-29,sh.605162,买入,6.55,1965.0,5.01965,Group_1,0.8588017959613959,-0.007633587786259555,0.02900763358778624,0.3068702290076337,调仓买入
2024-03-29,sh.600828,卖出,3.28,1967.9999999999998,6.00368,,,,,,调仓卖出
2024-03-29,sz.002077,卖出,13.85,1385.0,5.70635,,,,,,调仓卖出
2024-03-29,sz.002269,卖出,1.64,2132.0,6.08732,,,,,,调仓卖出
2024-03-29,sz.002188,卖出,4.99,2495.0,6.272449999999999,,,,,,调仓卖出
2024-03-29,sz.002264,卖出,4.59,2295.0,6.17045,,,,,,调仓卖出
2024-03-29,sh.605169,卖出,8.86,1772.0,5.90372,,,,,,调仓卖出
2024-03-29,sz.003016,卖出,6.94,2082.0,6.061819999999999,,,,,,调仓卖出
2024-03-29,sz.001267,卖出,3.94,1970.0,6.004700000000001,,,,,,调仓卖出
2024-03-29,sh.605162,卖出,7.98,2394.0,6.22094,,,,,,调仓卖出
2024-03-29,sh.600549,买入,19.51,1951.0000000000002,5.01951,Group_1,0.9543820480871487,0.00871348026652985,0.08405945668887727,-0.01742696053305992,调仓买入
2024-03-29,sz.000573,买入,2.86,2288.0,5.02288,Group_1,0.8869656175530579,0.013986013986013957,0.013986013986013957,-0.08041958041958042,调仓买入
2024-03-29,sz.000402,买入,3.11,2177.0,5.02177,Group_1,0.8552349464737729,0.012861736334405238,-0.012861736334405127,-0.006430868167202619,调仓买入
2024-03-29,sz.000811,买入,11.85,1185.0,5.01185,Group_1,0.8476730527210513,0.0075949367088608,-0.05569620253164553,-0.040506329113924044,调仓买入
2024-03-29,sz.002583,买入,4.85,1939.9999999999998,5.0194,Group_1,0.8332805359962226,0.014432989690721598,-0.179381443298969,-0.12371134020618546,调仓买入
2024-03-29,sz.002107,买入,4.85,1939.9999999999998,5.0194,Group_1,0.8267601158577467,0.026804123711340333,0.014432989690721598,-0.006185567010309145,调仓买入
2024-04-30,sh.600549,卖出,19.17,1917.0000000000002,5.97767,,,,,,调仓卖出
2024-04-30,sz.000573,卖出,2.63,2104.0,6.073040000000001,,,,,,调仓卖出
2024-04-30,sz.000402,卖出,3.09,2163.0,6.10313,,,,,,调仓卖出
2024-04-30,sz.000811,卖出,11.37,1137.0,5.5798700000000006,,,,,,调仓卖出
2024-04-30,sz.002583,卖出,4.25,1700.0,5.867,,,,,,调仓卖出
2024-04-30,sz.002107,卖出,4.82,1928.0,5.983280000000001,,,,,,调仓卖出
2024-04-30,sz.002593,买入,3.36,2016.0,5.02016,Group_1,0.9120670371538755,0.02083333333333348,0.005952380952380931,-0.050595238095238027,调仓买入
2024-04-30,sz.002717,买入,1.89,2268.0,5.02268,Group_1,0.9088362461041372,0.005291005291005346,-0.005291005291005346,-0.3492063492063492,调仓买入
2024-04-30,sz.002129,买入,10.43,2086.0,5.02086,Group_1,0.891258528074662,0.016299137104506256,0.033557046979865834,0.05944391179290509,调仓买入
2024-04-30,sh.603159,买入,12.98,1298.0,5.01298,Group_1,0.8859452256413827,0.0007704160246533309,-0.02157164869029282,-0.11556240369799686,调仓买入
2024-04-30,sh.603949,买入,14.94,1494.0,5.01494,Group_1,0.8663774309503965,0.025435073627844806,-0.025435073627844695,-0.09839357429718865,调仓买入
2024-04-30,sz.002137,买入,5.23,2092.0,5.02092,Group_1,0.8621563673296493,0.0019120458891013214,-0.015296367112810683,-0.007648183556405397,调仓买入
2024-04-30,sz.002631,买入,4.7,1880.0,5.0188,Group_1,0.8614246771221792,0.04893617021276575,0.029787234042553123,-0.05531914893617018,调仓买入
2024-05-31,sz.002593,卖出,3.19,1914.0,5.97614,,,,,,调仓卖出
2024-05-31,sz.002717,卖出,1.23,1476.0,5.75276,,,,,,调仓卖出
2024-05-31,sz.002129,卖出,11.05,2210.0,6.1271,,,,,,调仓卖出
2024-05-31,sh.603159,卖出,11.48,1148.0,5.58548,,,,,,调仓卖出
2024-05-31,sh.603949,卖出,13.47,1347.0,5.68697,,,,,,调仓卖出
2024-05-31,sz.002137,卖出,5.19,2076.0,6.05876,,,,,,调仓卖出
2024-05-31,sz.002631,卖出,4.44,1776.0000000000002,5.90576,,,,,,调仓卖出
2024-05-31,sz.002551,买入,2.74,1918.0000000000002,5.01918,Group_1,0.9354545813823362,-0.04379562043795626,-0.08394160583941623,-0.13138686131386867,调仓买入
2024-05-31,sz.002031,买入,2.56,2048.0,5.02048,Group_1,0.9348484556094081,-0.0390625,-0.14453125,-0.10546875,调仓买入
2024-05-31,sz.002559,买入,8.34,1668.0,5.01668,Group_1,0.901929386578129,-0.01918465227817745,-0.08393285371702641,-0.08752997601918455,调仓买入
2024-05-31,sz.002303,买入,2.78,1945.9999999999998,5.01946,Group_1,0.8884256370190392,-0.03237410071942437,-0.07194244604316535,-0.09352517985611508,调仓买入
2024-05-31,sz.002376,买入,5.79,1737.0,5.01737,Group_1,0.876784990569636,-0.02763385146804842,-0.07944732297063906,-0.06563039723661479,调仓买入
2024-05-31,sh.600370,买入,1.62,2106.0,5.02106,Group_1,0.8729645227085019,-0.012345679012345734,-0.05555555555555558,-0.1728395061728395,调仓买入
2024-05-31,sz.002661,买入,8.54,1707.9999999999998,5.01708,Group_1,0.8672963753724001,-0.016393442622950727,-0.07494145199063218,-0.1018735362997657,调仓买入
2024-05-31,sz.002687,买入,4.51,1804.0,5.01804,Group_1,0.8585329748309711,-0.0177383592017738,-0.015521064301551979,-0.05764966740576494,调仓买入
2024-05-31,sh.600261,买入,3.21,1926.0,5.01926,Group_1,0.8522621820689776,-0.024922118380062308,-0.07165109034267914,-0.15264797507788153,调仓买入
2024-06-28,sz.002551,卖出,2.33,1631.0,5.83181,,,,,,调仓卖出
2024-06-28,sz.002031,卖出,2.27,1816.0,5.92616,,,,,,调仓卖出
2024-06-28,sz.002559,卖出,7.66,1532.0,5.78132,,,,,,调仓卖出
2024-06-28,sz.002303,卖出,2.41,1687.0,5.86037,,,,,,调仓卖出
2024-06-28,sz.002376,卖出,5.39,1617.0,5.824669999999999,,,,,,调仓卖出
2024-06-28,sh.600370,卖出,1.31,1703.0,5.86853,,,,,,调仓卖出
2024-06-28,sz.002661,卖出,7.47,1494.0,5.76194,,,,,,调仓卖出
2024-06-28,sz.002687,卖出,4.2,1680.0,5.8568,,,,,,调仓卖出
2024-06-28,sh.600261,卖出,2.7,1620.0,5.8262,,,,,,调仓卖出
2024-06-28,sz.002953,买入,7.84,1568.0,5.01568,Group_1,0.9408341155199562,0.0,-0.05612244897959173,-0.06505102040816324,调仓买入
2024-06-28,sz.002123,买入,7.03,1406.0,5.01406,Group_1,0.9324371499086097,-0.0369843527738265,-0.06970128022759603,-0.15220483641536275,调仓买入
2024-06-28,sh.603880,买入,3.55,1775.0,5.01775,Group_1,0.9226126653969341,0.0028169014084507005,-0.025352112676056304,-0.06760563380281681,调仓买入
2024-06-28,sh.603985,买入,11.9,1190.0,5.0119,Group_1,0.9054569645139602,0.006722689075630228,-0.05882352941176483,-0.06974789915966384,调仓买入
2024-06-28,sz.001965,买入,11.86,1186.0,5.01186,Group_1,0.8891166092530349,0.021079258010118007,0.016020236087689765,0.044688026981450246,调仓买入
2024-06-28,sz.000810,买入,8.58,1716.0,5.01716,Group_1,0.8860229284340487,0.0034965034965033226,-0.04895104895104896,-0.09673659673659674,调仓买入
2024-06-28,sh.603230,买入,11.54,1154.0,5.01154,Group_1,0.8818050509161306,0.03379549393414227,0.0077989601386483365,-0.05025996533795485,调仓买入
2024-06-28,sz.000721,买入,6.91,1382.0,5.01382,Group_1,0.878919283134854,0.02749638205499272,0.076700434153401,-0.01881331403762665,调仓买入
2024-07-31,sz.002953,卖出,7.59,1518.0,5.77418,,,,,,调仓卖出
2024-07-31,sz.002123,卖出,6.35,1270.0,5.6476999999999995,,,,,,调仓卖出
2024-07-31,sh.603880,卖出,3.52,1760.0,5.8976,,,,,,调仓卖出
2024-07-31,sh.603985,卖出,11.46,1146.0,5.58446,,,,,,调仓卖出
2024-07-31,sz.001965,卖出,12.32,1232.0,5.6283199999999995,,,,,,调仓卖出
2024-07-31,sz.000810,卖出,8.25,1650.0,5.8415,,,,,,调仓卖出
2024-07-31,sh.603230,卖出,11.31,1131.0,5.57681,,,,,,调仓卖出
2024-07-31,sz.000721,卖出,7.02,1404.0,5.71604,,,,,,调仓卖出
2024-07-31,sh.600785,买入,10.42,1042.0,5.01042,Group_1,0.9360567364071865,-0.013435700575815779,-0.008637236084452993,-0.12476007677543188,调仓买入
2024-07-31,sz.002927,买入,10.94,1094.0,5.01094,Group_1,0.935120037085623,0.00822669104204743,0.080438756855576,-0.054844606946983565,调仓买入
2024-07-31,sz.002873,买入,8.15,1630.0,5.0163,Group_1,0.9289337826881275,0.01104294478527601,0.14846625766871147,-0.05030674846625771,调仓买入
2024-07-31,sz.000802,买入,4.98,1494.0000000000002,5.01494,Group_1,0.9042340466563685,-0.002008032128514192,0.014056224899598346,-0.05421686746987964,调仓买入
2024-07-31,sz.000723,买入,4.4,1760.0000000000002,5.0176,Group_1,0.8883313399618379,-0.00454545454545463,-0.01363636363636378,-0.12045454545454548,调仓买入
2024-07-31,sz.000926,买入,2.2,1760.0000000000002,5.0176,Group_1,0.8780645114458534,-0.00909090909090915,-0.036363636363636376,-0.10000000000000009,调仓买入
2024-07-31,sh.601200,买入,7.55,1510.0,5.0151,Group_1,0.8730604139426185,0.0,-0.021192052980132492,-0.027814569536423805,调仓买入
2024-07-31,sz.000753,买入,2.83,1698.0,5.01698,Group_1,0.8696106071945192,0.0035335689045936647,-0.010600706713780994,-0.06713780918727918,调仓买入
2024-07-31,sz.002443,买入,5.5,1650.0,5.0165,Group_1,0.867827822074175,-0.0036363636363635488,-0.025454545454545396,-0.06909090909090909,调仓买入
2024-08-30,sh.600785,卖出,9.31,931.0,5.47481,,,,,,调仓卖出
2024-08-30,sz.002927,卖出,10.58,1058.0,5.53958,,,,,,调仓卖出
2024-08-30,sz.002873,卖出,7.94,1588.0,5.80988,,,,,,调仓卖出
2024-08-30,sz.000802,卖出,4.83,1449.0,5.73899,,,,,,调仓卖出
2024-08-30,sz.000723,卖出,4.02,1607.9999999999998,5.82008,,,,,,调仓卖出
2024-08-30,sz.000926,卖出,1.96,1568.0,5.7996799999999995,,,,,,调仓卖出
2024-08-30,sh.601200,卖出,7.39,1478.0,5.75378,,,,,,调仓卖出
2024-08-30,sz.000753,卖出,2.7,1620.0,5.8262,,,,,,调仓卖出
2024-08-30,sz.002443,卖出,5.2,1560.0,5.7956,,,,,,调仓卖出
2024-08-30,sh.600481,买入,3.91,1564.0,5.01564,Group_1,0.8805774059342812,-0.06649616368286448,-0.06393861892583119,0.29923273657288996,调仓买入
2024-08-30,sz.002833,买入,15.26,1526.0,5.01526,Group_1,0.8731809037696885,-0.04521625163826992,-0.050458715596330195,0.21100917431192667,调仓买入
2024-08-30,sz.000812,买入,3.6,1800.0,5.018,Group_1,0.8684661263527084,-0.005555555555555536,-0.01388888888888895,0.27222222222222214,调仓买入
2024-08-30,sh.603223,买入,8.5,1700.0,5.017,Group_1,0.8663974150569019,0.010588235294117565,0.022352941176470464,0.11764705882352944,调仓买入
2024-08-30,sz.002397,买入,2.0,1800.0,5.018,Group_1,0.8559349246408399,-0.010000000000000009,-0.030000000000000027,0.2749999999999999,调仓买入
2024-08-30,sz.003036,买入,7.52,1504.0,5.01504,Group_1,0.8532368242117286,0.0013297872340425343,-0.015957446808510523,0.27393617021276606,调仓买入
2024-08-30,sz.003037,买入,5.18,1554.0,5.01554,Group_1,0.8517161190619399,-0.0038610038610037423,0.009652509652509744,0.2722007722007722,调仓买入
2024-08-30,sh.603583,买入,16.27,1627.0,5.01627,Group_1,0.8310921200816571,-0.022741241548862923,-0.049170251997541436,0.2642901044867856,调仓买入
2024-09-30,sh.600481,卖出,4.63,1852.0,5.94452,,,,,,调仓卖出
2024-09-30,sz.002833,卖出,18.39,1839.0,5.93789,,,,,,调仓卖出
2024-09-30,sz.000812,卖出,4.32,2160.0,6.1016,,,,,,调仓卖出
2024-09-30,sh.603223,卖出,9.04,1807.9999999999998,5.92208,,,,,,调仓卖出
2024-09-30,sz.002397,卖出,2.45,2205.0,6.12455,,,,,,调仓卖出
2024-09-30,sz.003036,卖出,9.11,1822.0,5.929220000000001,,,,,,调仓卖出
2024-09-30,sz.003037,卖出,6.32,1896.0,5.96696,,,,,,调仓卖出
2024-09-30,sh.603583,卖出,19.11,1911.0,5.97461,,,,,,调仓卖出
2024-09-30,sh.600681,买入,3.71,1855.0,5.01855,Group_1,0.9602511185818507,0.037735849056603765,-0.0646900269541778,-0.040431266846361114,调仓买入
2024-09-30,sz.000078,买入,2.62,1834.0,5.01834,Group_1,0.9498736495955767,0.03435114503816794,-0.04961832061068694,0.041984732824427384,调仓买入
2024-09-30,sz.000970,买入,9.64,1928.0,5.01928,Group_1,0.9484397449224656,0.051867219917012486,-0.04149377593361003,0.08817427385892107,调仓买入
2024-09-30,sz.000089,买入,7.09,1418.0,5.01418,Group_1,0.9165146661563505,0.01128349788434413,-0.02961918194640334,0.007052186177715081,调仓买入
2024-09-30,sz.000507,买入,5.12,1536.0,5.01536,Group_1,0.9124608253806966,0.0234375,-0.03710937500000011,-0.02734374999999989,调仓买入
2024-09-30,sz.002627,买入,5.45,1635.0,5.01635,Group_1,0.8805391510442333,-0.016513761467889854,-0.09724770642201841,-0.0678899082568808,调仓买入
2024-09-30,sz.000782,买入,4.58,1832.0,5.01832,Group_1,0.8794553339669036,0.0065502183406114245,-0.07205240174672489,0.013100436681222627,调仓买入
2024-09-30,sz.002510,买入,4.36,1744.0000000000002,5.01744,Group_1,0.8788090485426748,0.04587155963302725,-0.00917431192660556,0.11238532110091737,调仓买入
2024-10-31,sh.600681,卖出,3.51,1755.0,5.89505,,,,,,调仓卖出
2024-10-31,sz.000078,卖出,2.78,1945.9999999999998,5.9924599999999995,,,,,,调仓卖出
2024-10-31,sz.000970,卖出,10.19,2038.0,6.03938,,,,,,调仓卖出
2024-10-31,sz.000089,卖出,6.95,1390.0,5.7089,,,,,,调仓卖出
2024-10-31,sz.000507,卖出,5.0,1500.0,5.765,,,,,,调仓卖出
2024-10-31,sz.002627,卖出,5.16,1548.0,5.78948,,,,,,调仓卖出
2024-10-31,sz.000782,卖出,4.9,1960.0000000000002,5.9996,,,,,,调仓卖出
2024-10-31,sz.002510,卖出,4.6,1839.9999999999998,5.9384,,,,,,调仓卖出
2024-10-31,sh.600103,买入,2.24,2016.0000000000002,5.02016,Group_1,0.9355385714475503,-0.013392857142857206,0.0848214285714286,0.01785714285714257,调仓买入
2024-10-31,sz.002228,买入,2.97,1782.0000000000002,5.01782,Group_1,0.9203218572643354,-0.023569023569023684,0.047138047138046923,0.03367003367003352,调仓买入
2024-10-31,sz.002988,买入,20.15,2014.9999999999998,5.02015,Group_1,0.8512258925065893,-0.06203473945409432,0.13101736972704714,0.016377171215880892,调仓买入
2024-10-31,sh.601010,买入,2.22,1998.0000000000002,5.01998,Group_1,0.8505219272666306,-0.018018018018018056,0.07657657657657646,0.058558558558558405,调仓买入
2024-10-31,sz.002035,买入,7.88,1576.0,5.01576,Group_1,0.8435097787696914,-0.010152284263959421,0.060913705583756306,0.0012690355329949554,调仓买入
2024-10-31,sz.000949,买入,3.7,1850.0,5.0185,Group_1,0.8365990503322646,-0.002702702702702786,0.06756756756756754,0.16486486486486474,调仓买入
2024-11-29,sh.600103,卖出,2.27,2043.0,6.041930000000001,,,,,,调仓卖出
2024-11-29,sz.002228,卖出,3.1,1860.0,5.9486,,,,,,调仓卖出
2024-11-29,sz.002988,卖出,20.97,2097.0,6.06947,,,,,,调仓卖出
2024-11-29,sh.601010,卖出,2.34,2106.0,6.07406,,,,,,调仓卖出
2024-11-29,sz.002035,卖出,8.16,1632.0,5.83232,,,,,,调仓卖出
2024-11-29,sz.000949,卖出,4.2,2100.0,6.071,,,,,,调仓卖出
2024-11-29,sz.002729,买入,13.1,1310.0,5.0131,Group_1,0.8555003460000135,0.010687022900763399,0.05496183206106875,0.017557251908397076,调仓买入
2024-11-29,sh.605196,买入,12.51,1251.0,5.01251,Group_1,0.7959530356058446,-0.00959232613908867,-0.07194244604316546,-0.07274180655475626,调仓买入
2024-11-29,sh.600169,买入,2.49,1992.0000000000002,5.01992,Group_1,0.7900137671632144,0.04819277108433728,0.1686746987951806,0.04417670682730912,调仓买入
2024-11-29,sh.603158,买入,8.18,1636.0,5.01636,Group_1,0.7763420800114081,0.014669926650366927,0.023227383863080542,0.019559902200489088,调仓买入
2024-11-29,sz.002925,买入,14.05,1405.0,5.01405,Group_1,0.742064805700409,0.03131672597864754,0.03131672597864754,0.1594306049822063,调仓买入
2024-12-31,sz.002729,卖出,12.56,1256.0,5.64056,,,,,,调仓卖出
2024-12-31,sh.605196,卖出,11.68,1168.0,5.59568,,,,,,调仓卖出
2024-12-31,sh.600169,卖出,2.49,1992.0000000000002,6.01592,,,,,,调仓卖出
2024-12-31,sh.603158,卖出,8.08,1616.0,5.82416,,,,,,调仓卖出
2024-12-31,sz.002925,卖出,15.66,1566.0,5.79866,,,,,,调仓卖出
2024-12-31,sh.601339,买入,5.44,1632.0000000000002,5.01632,Group_1,0.8914760740018313,-0.02757352941176472,-0.03860294117647056,-0.04779411764705899,调仓买入
2024-12-31,sz.002149,买入,17.7,1770.0,5.0177,Group_1,0.8596454014552539,-0.04689265536723153,-0.08135593220338966,0.009604519774011333,调仓买入
2024-12-31,sz.000767,买入,2.53,2023.9999999999998,5.02024,Group_1,0.8406690843289379,-0.02371541501976271,-0.035573122529644174,0.0,调仓买入
2024-12-31,sh.601218,买入,3.26,1955.9999999999998,5.01956,Group_1,0.8092450204568736,-0.027607361963190136,-0.05214723926380371,-0.036809815950920144,调仓买入
2024-12-31,sh.600477,买入,2.57,2056.0,5.02056,Group_1,0.8030392899782041,-0.01945525291828787,-0.046692607003890885,-0.027237354085603016,调仓买入
2024-12-31,sh.601968,买入,4.95,1980.0,5.0198,Group_1,0.7961880517955728,-0.022222222222222254,-0.048484848484848575,-0.048484848484848575,调仓买入
2024-12-31,sz.000537,买入,9.12,1823.9999999999998,5.01824,Group_1,0.7937083145970293,-0.02302631578947356,-0.033991228070175294,-0.06249999999999989,调仓买入
2025-01-27,sh.601339,卖出,5.24,1572.0,5.8017199999999995,,,,,,调仓卖出
2025-01-27,sz.002149,卖出,17.0,1700.0,5.867,,,,,,调仓卖出
2025-01-27,sz.000767,卖出,2.49,1992.0000000000002,6.01592,,,,,,调仓卖出
2025-01-27,sh.601218,卖出,3.05,1830.0,5.9333,,,,,,调仓卖出
2025-01-27,sh.600477,卖出,2.46,1968.0,6.00368,,,,,,调仓卖出
2025-01-27,sh.601968,卖出,4.72,1888.0,5.96288,,,,,,调仓卖出
2025-01-27,sz.000537,卖出,8.42,1684.0,5.85884,,,,,,调仓卖出
2025-01-27,sz.000059,买入,4.35,1739.9999999999998,5.0174,Group_1,0.9313167160451646,0.0,0.08965517241379328,0.07816091954022997,调仓买入
2025-01-27,sh.605287,买入,11.85,1185.0,5.01185,Group_1,0.9127338330363781,0.005063291139240533,0.01940928270042197,0.12827004219409277,调仓买入
2025-01-27,sh.600755,买入,6.39,1917.0,5.01917,Group_1,0.9124569420025118,-0.006259780907668211,-0.0015649452269169695,-0.004694835680751019,调仓买入
2025-01-27,sz.000001,买入,11.47,1147.0,5.01147,Group_1,0.9068917168753953,-0.008718395815170088,-0.0043591979075850995,0.0034873583260679464,调仓买入
2025-01-27,sz.002446,买入,5.75,1725.0,5.01725,Group_1,0.879174858609565,0.026086956521739202,0.09565217391304337,0.10608695652173927,调仓买入
2025-01-27,sz.000639,买入,3.02,1812.0,5.01812,Group_1,0.869909017741795,0.01655629139072845,0.08609271523178808,0.043046357615893927,调仓买入
2025-01-27,sz.002462,买入,12.63,1263.0,5.01263,Group_1,0.8695285674856634,-0.0031670625494854,0.017418844022169422,0.0015835312747425334,调仓买入
2025-01-27,sz.002672,买入,3.87,1935.0,5.01935,Group_1,0.8521299716861368,0.012919896640826822,0.056847545219638196,0.036175710594315236,调仓买入
2025-01-27,sz.002501,买入,1.55,2015.0,5.02015,Group_1,0.851765384690533,0.04516129032258065,0.10967741935483866,0.29677419354838697,调仓买入
2025-02-28,sz.000059,卖出,4.68,1872.0,5.95472,,,,,,调仓卖出
2025-02-28,sh.605287,卖出,12.55,1255.0,5.6400500000000005,,,,,,调仓卖出
2025-02-28,sh.600755,卖出,6.31,1892.9999999999998,5.96543,,,,,,调仓卖出
2025-02-28,sz.000001,卖出,11.53,1153.0,5.58803,,,,,,调仓卖出
2025-02-28,sz.002446,卖出,6.2,1860.0,5.9486,,,,,,调仓卖出
2025-02-28,sz.000639,卖出,3.18,1908.0,5.9730799999999995,,,,,,调仓卖出
2025-02-28,sz.002462,卖出,12.52,1252.0,5.638520000000001,,,,,,调仓卖出
2025-02-28,sz.002672,卖出,4.0,2000.0,6.02,,,,,,调仓卖出
2025-02-28,sh.600543,买入,4.73,1892.0000000000002,5.01892,Group_1,0.8841318169105834,0.01691331923890038,0.027484143763213398,-0.00634249471458781,调仓买入
2025-02-28,sh.603701,买入,15.01,1501.0,5.01501,Group_1,0.8383823024149092,0.020652898067954784,0.0812791472351766,0.07195203197868083,调仓买入
2025-02-28,sh.603071,买入,12.35,1235.0,5.01235,Group_1,0.8160278660258277,0.0024291497975710286,0.0032388663967612974,0.03238866396761142,调仓买入
2025-02-28,sh.600372,买入,11.4,1140.0,5.0114,Group_1,0.7865095144307053,0.006140350877193113,0.04210526315789487,0.03157894736842093,调仓买入
2025-02-28,sz.002494,买入,4.24,1696.0,5.01696,Group_1,0.7734105696573251,0.002358490566037652,0.014150943396226356,-0.021226415094339535,调仓买入
2025-02-28,sz.002972,买入,10.7,1070.0,5.0107,Group_1,0.7707625438144573,0.0018691588785046953,0.058878504672897236,0.026168224299065512,调仓买入
2025-03-31,sz.002501,卖出,2.16,2808.0,6.43208,,,,,,调仓卖出
2025-03-31,sh.600543,卖出,4.58,1832.0,5.9343200000000005,,,,,,调仓卖出
2025-03-31,sh.603701,卖出,15.73,1573.0,5.80223,,,,,,调仓卖出
2025-03-31,sh.603071,卖出,12.63,1263.0,5.64413,,,,,,调仓卖出
2025-03-31,sh.600372,卖出,11.1,1110.0,5.5661,,,,,,调仓卖出
2025-03-31,sz.002494,卖出,4.12,1648.0,5.8404799999999994,,,,,,调仓卖出
2025-03-31,sz.002972,卖出,11.08,1108.0,5.56508,,,,,,调仓卖出
2025-03-31,sh.603208,买入,15.03,1503.0,5.01503,Group_1,0.8509640971410709,0.001996007984031989,-0.07518296739853625,-0.055222887558216915,调仓买入
2025-03-31,sz.001872,买入,20.84,2084.0,5.02084,Group_1,0.8386276218992035,-0.0028790786948176272,-0.09213051823416496,-0.09213051823416496,调仓买入
2025-03-31,sz.000026,买入,10.96,1096.0,5.01096,Group_1,0.8218030515405989,0.006386861313868453,-0.13138686131386867,-0.059306569343065774,调仓买入
2025-03-31,sh.600966,买入,4.53,1812.0,5.01812,Group_1,0.817149562837095,0.008830022075055233,-0.07064017660044153,-0.039735099337748436,调仓买入
2025-03-31,sh.603408,买入,13.4,1340.0,5.0134,Group_1,0.8119228739201549,0.008955223880596996,-0.18656716417910446,-0.17164179104477617,调仓买入
2025-03-31,sh.601018,买入,3.74,1870.0,5.0187,Group_1,0.7984597858097421,-0.005347593582887722,-0.0401069518716578,-0.042780748663101664,调仓买入
2025-03-31,sz.001205,买入,18.01,1801.0000000000002,5.01801,Group_1,0.7903950326305584,0.01110494169905607,-0.14214325374791792,-0.09827873403664644,调仓买入
2025-04-30,sh.603208,卖出,14.06,1406.0,5.71706,,,,,,调仓卖出
2025-04-30,sz.001872,卖出,19.04,1904.0,5.97104,,,,,,调仓卖出
2025-04-30,sz.000026,卖出,10.21,1021.0000000000001,5.52071,,,,,,调仓卖出
2025-04-30,sh.600966,卖出,4.3,1720.0,5.8772,,,,,,调仓卖出
2025-04-30,sh.603408,卖出,10.97,1097.0,5.55947,,,,,,调仓卖出
2025-04-30,sh.601018,卖出,3.56,1780.0,5.9078,,,,,,调仓卖出
2025-04-30,sz.001205,卖出,16.5,1650.0,5.8415,,,,,,调仓卖出
2025-04-30,sh.601616,买入,3.71,1855.0,5.01855,Group_1,0.9423796013145773,0.037735849056603765,0.037735849056603765,-0.008086253369272156,调仓买入
2025-04-30,sh.600894,买入,10.45,1045.0,5.01045,Group_1,0.9393992499873574,0.003827751196172402,0.032535885167464196,-0.012440191387559696,调仓买入
2025-04-30,sz.002421,买入,3.17,1902.0,5.01902,Group_1,0.9239253450001382,0.05993690851735023,0.06940063091482651,0.03785488958990535,调仓买入
2025-04-30,sh.603456,买入,13.7,1370.0,5.0137,Group_1,0.9157146240318459,0.016058394160584077,0.01532846715328473,0.11605839416058394,调仓买入
2025-04-30,sh.600399,买入,4.99,1996.0,5.01996,Group_1,0.9034386504469413,0.018036072144288484,0.08817635270541069,0.014028056112224352,调仓买入
2025-04-30,sz.002845,买入,12.99,1299.0,5.01299,Group_1,0.890426900006359,0.050808314087759765,0.06158583525789063,0.0038491147036181506,调仓买入
2025-04-30,sh.601908,买入,2.38,1904.0,5.01904,Group_1,0.8828549960694214,0.10084033613445387,0.2016806722689075,0.2899159663865547,调仓买入
2025-04-30,sh.600303,买入,3.85,1925.0,5.01925,Group_1,0.8781557720903165,0.10129870129870122,0.16103896103896087,0.06753246753246755,调仓买入
2025-05-30,sh.601616,卖出,3.67,1835.0,5.93585,,,,,,调仓卖出
2025-05-30,sh.600894,卖出,10.44,1044.0,5.53244,,,,,,调仓卖出
2025-05-30,sz.002421,卖出,3.28,1967.9999999999998,6.00368,,,,,,调仓卖出
2025-05-30,sh.603456,卖出,15.12,1512.0,5.77112,,,,,,调仓卖出
2025-05-30,sh.600399,卖出,5.07,2028.0,6.03428,,,,,,调仓卖出
2025-05-30,sz.002845,卖出,13.04,1304.0,5.66504,,,,,,调仓卖出
2025-05-30,sh.601908,卖出,3.04,2432.0,6.2403200000000005,,,,,,调仓卖出
2025-05-30,sh.600303,卖出,3.99,1995.0,6.01745,,,,,,调仓卖出
2025-05-30,sz.002198,买入,6.17,1851.0,5.01851,Group_1,0.9036306276303483,0.01944894651539708,0.05834683954619124,-0.0032414910858994395,调仓买入
2025-05-30,sh.600707,买入,6.14,1842.0,5.01842,Group_1,0.9033012228275754,0.004885993485342022,0.030944625407166138,0.05211726384364823,调仓买入
2025-05-30,sz.002905,买入,8.6,1720.0,5.0172,Group_1,0.9025807993840503,0.01744186046511631,0.04651162790697683,0.07906976744186034,调仓买入
2025-05-30,sz.002890,买入,12.69,1269.0,5.01269,Group_1,0.8830228665590415,0.008668242710796026,0.03152088258471242,0.03940110323089052,调仓买入
2025-05-30,sz.001216,买入,12.91,1291.0,5.01291,Group_1,0.845181708879875,0.0023237800154918276,0.026336173508907823,0.04570100697133994,调仓买入
2025-05-30,sh.603616,买入,4.06,2029.9999999999998,5.0203,Group_1,0.8304947234208135,0.009852216748768461,0.051724137931034475,0.1798029556650247,调仓买入
2025-05-30,sz.002889,买入,14.72,1472.0,5.01472,Group_1,0.8201607608779093,-0.004755434782608758,-0.0020380434782609758,0.01970108695652173,调仓买入
2025-05-30,sz.003005,买入,20.85,2085.0,5.02085,Group_1,0.8169854605593094,0.021103117505995028,0.019664268585131817,-0.03069544364508392,调仓买入
2025-06-30,sz.002198,卖出,6.15,1845.0,5.94095,,,,,,调仓卖出
2025-06-30,sh.600707,卖出,6.46,1938.0,5.98838,,,,,,调仓卖出
2025-06-30,sz.002905,卖出,9.28,1855.9999999999998,5.94656,,,,,,调仓卖出
2025-06-30,sz.002890,卖出,13.19,1319.0,5.672689999999999,,,,,,调仓卖出
2025-06-30,sz.001216,卖出,13.5,1350.0,5.6884999999999994,,,,,,调仓卖出
2025-06-30,sh.603616,卖出,4.79,2395.0,6.22145,,,,,,调仓卖出
2025-06-30,sz.002889,卖出,15.01,1501.0,5.76551,,,,,,调仓卖出
2025-06-30,sz.003005,卖出,20.21,2021.0,6.030709999999999,,,,,,调仓卖出
2025-06-30,sz.001336,买入,21.27,2127.0,5.02127,Group_1,0.9029251250595388,-0.0009402914903620108,0.021156558533145242,0.067700987306065,调仓买入
2025-06-30,sh.601156,买入,13.09,1309.0,5.01309,Group_1,0.8798132840477719,0.006111535523300127,0.012223071046600475,0.0847975553857907,调仓买入
2025-06-30,sh.600730,买入,6.25,1875.0,5.01875,Group_1,0.861618780203344,0.006399999999999961,0.0048000000000001375,0.19199999999999995,调仓买入
2025-06-30,sh.603227,买入,8.38,1676.0000000000002,5.01676,Group_1,0.8454230537481049,0.0023866348448686736,0.0035799522673030104,0.034606205250596656,调仓买入
2025-06-30,sh.603037,买入,12.44,1244.0,5.01244,Group_1,0.8157262106441833,-0.024919614147909885,-0.03778135048231501,0.000803858520900258,调仓买入
2025-07-31,sz.001336,卖出,22.41,2241.0,6.14291,,,,,,调仓卖出
2025-07-31,sh.601156,卖出,14.08,1408.0,5.71808,,,,,,调仓卖出
2025-07-31,sh.600730,卖出,8.38,2514.0000000000005,6.282140000000001,,,,,,调仓卖出
2025-07-31,sh.603227,卖出,8.45,1689.9999999999998,5.8618999999999994,,,,,,调仓卖出
2025-07-31,sh.603037,卖出,12.23,1223.0,5.62373,,,,,,调仓卖出
2025-07-31,sh.603360,买入,19.63,1963.0,5.01963,Group_1,0.8979619147636406,0.020886398369842185,0.0402445236882325,0.2964849719816607,调仓买入
2025-07-31,sh.603819,买入,12.47,1247.0,5.01247,Group_1,0.8773859668440714,-0.02886928628708907,0.00801924619085792,-0.01122694466720131,调仓买入
2025-07-31,sz.002614,买入,6.58,1974.0,5.01974,Group_1,0.870540048753607,0.015197568389057725,0.04863221884498481,0.07294832826747721,调仓买入
2025-07-31,sh.601880,买入,1.53,2142.0,5.02142,Group_1,0.8610605575146082,0.0,0.03921568627450989,0.07189542483660127,调仓买入
2025-07-31,sh.600439,买入,3.15,2205.0,5.02205,Group_1,0.8445446234559755,0.0,0.0,-0.01904761904761909,调仓买入
2025-07-31,sz.002715,买入,16.86,1686.0,5.01686,Group_1,0.832024374023717,0.03558718861209975,0.06583629893238441,0.3362989323843417,调仓买入
2025-07-31,sh.600736,买入,5.44,2176.0,5.0217600000000004,Group_1,0.829934072072999,0.0055147058823528106,0.022058823529411686,0.045955882352941124,调仓买入
2025-08-29,sh.603360,卖出,26.35,2635.0,6.34385,,,,,,调仓卖出
2025-08-29,sh.603819,卖出,12.21,1221.0,5.62271,,,,,,调仓卖出
2025-08-29,sz.002614,卖出,6.94,2082.0,6.061819999999999,,,,,,调仓卖出
2025-08-29,sh.601880,卖出,1.66,2324.0,6.18524,,,,,,调仓卖出
2025-08-29,sh.600439,卖出,3.06,2142.0,6.09242,,,,,,调仓卖出
2025-08-29,sz.002715,卖出,23.01,2301.0,6.17351,,,,,,调仓卖出
2025-08-29,sh.600736,卖出,5.63,2252.0,6.14852,,,,,,调仓卖出
2025-08-29,sh.603759,买入,7.97,2391.0,5.02391,Group_1,0.9582872679615894,-0.0012547051442910462,-0.0012547051442910462,-0.023839397741530655,调仓买入
2025-08-29,sh.600023,买入,5.08,2032.0,5.02032,Group_1,0.8744965783418447,0.0019685039370078705,0.003937007874015741,-0.023622047244094557,调仓买入
2025-08-29,sz.002513,买入,5.1,2039.9999999999998,5.0204,Group_1,0.8360215314370263,0.019607843137255054,0.015686274509803866,0.6843137254901961,调仓买入
2025-08-29,sh.603917,买入,13.27,1327.0,5.01327,Group_1,0.8336484182127206,0.008289374529012905,0.0,0.04898266767143933,调仓买入
2025-09-30,sh.603759,卖出,7.7,2310.0,6.178100000000001,,,,,,调仓卖出
2025-09-30,sh.600023,卖出,4.95,1980.0,6.0098,,,,,,调仓卖出
2025-09-30,sz.002513,卖出,10.4,4160.0,7.1216,,,,,,调仓卖出
2025-09-30,sh.603917,卖出,14.02,1402.0,5.715020000000001,,,,,,调仓卖出
2025-09-30,sz.002856,买入,10.48,2096.0,5.02096,Group_1,0.9314635310325682,0.01049618320610679,0.01717557251908386,0.1975190839694656,调仓买入
2025-09-30,sh.600665,买入,3.24,2592.0,5.02592,Group_1,0.9054813453626706,0.0030864197530864335,0.05246913580246915,0.11419753086419737,调仓买入
2025-09-30,sh.600688,买入,2.7,2430.0,5.0243,Group_1,0.892904580211777,0.014814814814814836,0.01851851851851838,0.022222222222222143,调仓买入
2025-09-30,sz.002316,买入,5.28,2112.0,5.02112,Group_1,0.8801008270993933,0.007575757575757569,0.007575757575757569,0.05492424242424243,调仓买入
2025-09-30,sh.600985,买入,12.33,2466.0,5.02466,Group_1,0.877417595598034,0.033252230332522226,0.06244931062449299,0.08840227088402264,调仓买入
2025-09-30,sh.600310,买入,3.87,2322.0,5.02322,Group_1,0.8688170563659093,0.010335917312661591,0.025839793281653867,0.046511627906976605,调仓买入
2025-09-30,sh.600099,买入,10.56,2112.0,5.02112,Group_1,0.8606400860024493,-0.007575757575757569,0.006628787878787845,0.05018939393939381,调仓买入
2025-09-30,sh.601868,买入,2.41,2410.0,5.0241,Group_1,0.852755871651485,0.029045643153526868,0.03734439834024883,0.008298755186721962,调仓买入
2025-10-31,sz.002856,卖出,11.25,2250.0,6.1475,,,,,,调仓卖出
2025-10-31,sh.600665,卖出,3.47,2776.0,6.41576,,,,,,调仓卖出
2025-10-31,sh.600688,卖出,2.74,2466.0,6.25766,,,,,,调仓卖出
2025-10-31,sz.002316,卖出,5.32,2128.0,6.08528,,,,,,调仓卖出
2025-10-31,sh.600985,卖出,13.28,2656.0,6.35456,,,,,,调仓卖出
2025-10-31,sh.600310,卖出,3.93,2358.0,6.20258,,,,,,调仓卖出
2025-10-31,sh.600099,卖出,10.82,2164.0,6.1036399999999995,,,,,,调仓卖出
2025-10-31,sh.601868,卖出,2.41,2410.0,6.2291,,,,,,调仓卖出
2025-10-31,sh.603819,买入,11.75,2350.0,5.0235,Group_1,0.9042942714233861,0.007659574468085184,0.028085106382978786,-0.012765957446808529,调仓买入
2025-10-31,sz.002403,买入,13.8,1380.0,5.0138,Group_1,0.8758627067617933,0.018840579710144967,-0.025362318840579823,-0.051449275362318914,调仓买入
2025-10-31,sz.000933,买入,24.73,2473.0,5.02473,Group_1,0.8490215658870401,0.05701577031945004,0.09664375252729474,-0.008491710473109593,调仓买入
2025-10-31,sh.600199,买入,10.39,2078.0,5.02078,Group_1,0.848573639878577,0.009624639076034613,-0.012512030798845108,-0.031761308950914335,调仓买入
2025-10-31,sh.601918,买入,7.24,2172.0,5.02172,Group_1,0.8483475559453559,0.02071823204419876,0.03038674033149169,-0.06077348066298349,调仓买入
2025-10-31,sh.603995,买入,18.33,1832.9999999999998,5.01833,Group_1,0.8030104407150378,0.003818876159301654,0.03327877795962908,-0.06437534097108566,调仓买入
2025-10-31,sz.002622,买入,3.33,2331.0,5.02331,Group_1,0.800266997973582,0.039039039039038936,0.03603603603603611,0.012012012012011963,调仓买入
2025-10-31,sh.601339,买入,5.34,2136.0,5.02136,Group_1,0.7929699340230262,-0.01872659176029956,-0.0037453183520598232,0.011235955056179803,调仓买入
2025-11-28,sh.603819,卖出,11.6,2320.0,6.1832,,,,,,调仓卖出
2025-11-28,sz.000933,卖出,24.52,2452.0,6.25052,,,,,,调仓卖出
2025-11-28,sh.600199,卖出,10.06,2012.0,6.026120000000001,,,,,,调仓卖出
2025-11-28,sh.601918,卖出,6.8,2040.0,6.0404,,,,,,调仓卖出
2025-11-28,sh.603995,卖出,17.15,1714.9999999999998,5.87465,,,,,,调仓卖出
2025-11-28,sz.002622,卖出,3.37,2359.0,6.20309,,,,,,调仓卖出
2025-11-28,sh.601339,卖出,5.4,2160.0,6.1016,,,,,,调仓卖出
2025-11-28,sz.002719,买入,9.69,1938.0,5.01938,Group_1,0.8841119408464754,-0.003095975232198067,-0.02786377708978327,-0.0980392156862745,调仓买入
2025-11-28,sz.002488,买入,8.9,2670.0,5.0267,Group_1,0.8140516132722032,-0.013483146067415852,-0.07078651685393267,-0.011235955056179692,调仓买入
2025-11-28,sz.001336,买入,26.07,2607.0,5.02607,Group_1,0.8102284944040057,-0.0034522439585730202,-0.06559263521288838,-0.016877637130801704,调仓买入
2025-11-28,sz.002908,买入,10.08,2016.0,5.02016,Group_1,0.8064787704422419,0.007936507936507908,-0.04067460317460314,-0.06646825396825395,调仓买入
2025-11-28,sz.000839,买入,2.82,2538.0,5.02538,Group_1,0.8006866244194403,0.0177304964539009,-0.03191489361702127,-0.06737588652482263,调仓买入
2025-11-28,sh.605177,买入,20.39,2039.0,5.02039,Group_1,0.7823121730433577,-0.005885237861696924,-0.04315841098577733,-0.1142717018146151,调仓买入
2025-11-28,sh.600742,买入,9.57,1914.0,5.01914,Group_1,0.7680765686148635,0.017763845350052154,0.03134796238244508,0.03657262277951934,调仓买入
2025-12-31,sz.002403,卖出,12.66,1266.0,5.64566,,,,,,调仓卖出
2025-12-31,sz.002719,卖出,8.54,1707.9999999999998,5.87108,,,,,,调仓卖出
2025-12-31,sz.002488,卖出,8.79,2636.9999999999995,6.34487,,,,,,调仓卖出
2025-12-31,sz.001336,卖出,24.46,2446.0,6.24746,,,,,,调仓卖出
2025-12-31,sz.002908,卖出,10.53,2106.0,6.07406,,,,,,调仓卖出
2025-12-31,sz.000839,卖出,2.64,2376.0,6.21176,,,,,,调仓卖出
2025-12-31,sh.605177,卖出,17.8,1780.0,5.9078,,,,,,调仓卖出
2025-12-31,sh.600742,卖出,10.0,2000.0,6.02,,,,,,调仓卖出
2025-12-31,sh.600533,买入,2.56,2304.0,5.02304,Group_1,0.9435275862020285,0.0078125,0.0234375,0.01953125,调仓买入
2025-12-31,sh.605033,买入,20.08,2007.9999999999998,5.02008,Group_1,0.9026524976678726,-0.008466135458167212,0.01195219123505975,0.046314741035856644,调仓买入
2025-12-31,sz.000409,买入,11.14,2228.0,5.02228,Group_1,0.8768054645926803,0.012567324955116588,0.060143626570915654,0.05116696588868952,调仓买入
2025-12-31,sh.600458,买入,13.27,1327.0,5.01327,Group_1,0.8640115347998532,0.015825169555388152,0.06556141672946514,0.10097965335342884,调仓买入
2025-12-31,sz.000949,买入,5.5,2200.0,5.022,Group_1,0.8608634071505837,-0.010909090909090868,0.10181818181818181,0.3218181818181818,调仓买入
2025-12-31,sz.000713,买入,6.62,1986.0,5.01986,Group_1,0.8492755601799565,0.009063444108761365,0.024169184290030232,0.11480362537764344,调仓买入
2025-12-31,sz.000767,买入,2.8,2520.0,5.0252,Group_1,0.8460826260347167,0.0035714285714285587,0.025000000000000133,0.07857142857142874,调仓买入
2025-12-31,sz.002110,买入,4.39,2195.0,5.02195,Group_1,0.8395029616189558,-0.02733485193621865,-0.004555808656036331,0.013667425968109548,调仓买入
2026-01-30,sh.600533,卖出,2.61,2349.0,6.19799,,,,,,调仓卖出
2026-01-30,sh.605033,卖出,21.01,2101.0,6.07151,,,,,,调仓卖出
2026-01-30,sz.000409,卖出,11.71,2342.0,6.19442,,,,,,调仓卖出
2026-01-30,sh.600458,卖出,14.61,1461.0,5.74511,,,,,,调仓卖出
2026-01-30,sz.000949,卖出,7.27,2908.0,6.48308,,,,,,调仓卖出
2026-01-30,sz.000713,卖出,7.38,2214.0,6.1291400000000005,,,,,,调仓卖出
2026-01-30,sz.000767,卖出,3.02,2718.0,6.38618,,,,,,调仓卖出
2026-01-30,sz.002110,卖出,4.45,2225.0,6.1347499999999995,,,,,,调仓卖出
2026-01-30,sz.002883,买入,10.29,2058.0,5.02058,Group_1,0.9861968590811241,0.011661807580175099,0.06316812439261432,-0.008746355685131157,调仓买入
2026-01-30,sh.601236,买入,8.17,2451.0,5.02451,Group_1,0.9153833989401953,-0.003671970624234966,0.00244798041615657,-0.03549571603427171,调仓买入
2026-01-30,sz.000531,买入,6.46,2584.0,5.02584,Group_1,0.9129495933180924,-0.04024767801857587,-0.023219814241486114,0.10681114551083604,调仓买入
2026-01-30,sh.601186,买入,7.27,2181.0,5.02181,Group_1,0.9003078847850872,-0.019257221458046758,-0.005502063273727487,-0.00687757909215958,调仓买入
2026-01-30,sh.603321,买入,7.77,2331.0,5.02331,Group_1,0.8835535745139711,-0.002574002574002532,0.028314028314028405,0.019305019305019266,调仓买入
2026-01-30,sz.000100,买入,4.85,2425.0,5.02425,Group_1,0.8766789666122826,-0.020618556701030855,0.01030927835051565,-0.016494845360824795,调仓买入
2026-02-27,sz.002883,卖出,10.73,2146.0,6.09446,,,,,,调仓卖出
2026-02-27,sh.601236,卖出,8.16,2448.0,6.24848,,,,,,调仓卖出
2026-02-27,sz.000531,卖出,6.92,2768.0,6.4116800000000005,,,,,,调仓卖出
2026-02-27,sh.601186,卖出,7.36,2208.0,6.12608,,,,,,调仓卖出
2026-02-27,sh.603321,卖出,8.14,2442.0,6.24542,,,,,,调仓卖出
2026-02-27,sz.000100,卖出,4.97,2485.0,6.2673499999999995,,,,,,调仓卖出
2026-02-27,sh.600683,买入,6.73,2692.0,5.02692,Group_1,0.846787479477802,0.019316493313521477,0.04160475482912318,,调仓买入
2026-02-27,sz.002516,买入,6.75,2700.0,5.027,Group_1,0.8354365981630072,-0.029629629629629672,-0.07259259259259265,,调仓买入
2026-02-27,sh.600216,买入,16.29,1629.0,5.01629,Group_1,0.8322134123530891,0.04665438919582576,0.12829957028852057,,调仓买入
2026-02-27,sh.603166,买入,16.39,1639.0,5.01639,Group_1,0.820999607782274,-0.02806589383770597,-0.06772422208663831,,调仓买入
2026-02-27,sz.002206,买入,7.35,2205.0,5.02205,Group_1,0.8186691267553317,-0.017687074829931926,-0.014965986394557707,,调仓买入
2026-02-27,sz.000990,买入,8.9,2670.0,5.0267,Group_1,0.8127496450014083,0.004494382022471877,0.003370786516853963,,调仓买入
2026-02-27,sz.002388,买入,5.62,2248.0,5.02248,Group_1,0.809563233817796,-0.05693950177935947,-0.06583629893238441,,调仓买入
2026-02-27,sh.600333,买入,5.72,2288.0,5.02288,Group_1,0.7980676550558328,0.034965034965035,0.027972027972027913,,调仓买入
2026-03-20,sh.600683,卖出,10.86,4344.0,7.215440000000001,,,,,,调仓卖出
2026-03-20,sz.002516,卖出,5.8,2320.0,6.1832,,,,,,调仓卖出
2026-03-20,sh.600216,卖出,15.2,1520.0,5.7752,,,,,,调仓卖出
2026-03-20,sh.603166,卖出,13.24,1324.0,5.67524,,,,,,调仓卖出
2026-03-20,sz.002206,卖出,6.24,1872.0,5.95472,,,,,,调仓卖出
2026-03-20,sz.000990,卖出,9.3,2790.0,6.4229,,,,,,调仓卖出
2026-03-20,sz.002388,卖出,4.95,1980.0,6.0098,,,,,,调仓卖出
2026-03-20,sh.600333,卖出,5.59,2236.0,6.14036,,,,,,调仓卖出
2026-03-20,sh.603477,买入,18.47,1847.0,5.01847,Group_1,0.9287713721905833,,,,调仓买入
2026-03-20,sh.600210,买入,6.98,2094.0,5.02094,Group_1,0.9025639604839277,,,,调仓买入
2026-03-20,sz.000959,买入,4.8,2400.0,5.024,Group_1,0.8796797910137477,,,,调仓买入
2026-03-20,sh.600476,买入,10.87,2174.0,5.02174,Group_1,0.8772867817625479,,,,调仓买入
2026-03-20,sh.600439,买入,2.57,2570.0,5.0257,Group_1,0.8738384753226247,,,,调仓买入
2026-03-20,sh.601838,买入,17.09,1709.0,5.01709,Group_1,0.8404791592108313,,,,调仓买入
2026-03-20,sh.600489,买入,26.08,2608.0,5.02608,Group_1,0.8278800297488149,,,,调仓买入
2026-03-20,sh.600235,买入,6.57,2628.0,5.02628,Group_1,0.8125499588947788,,,,调仓买入
