日期,代码,方向,成交价,成交额,费用,因子值,未来1天收益,未来1周收益,未来1月收益,备注
2010-02-05,sh.600209,买入,14.79,4437.0,5.04437,0.7949029126213591,0.10006761325219737,0.15551048005409074,-0.014198782961460377,调仓买入
2010-02-05,sh.600552,买入,34.35,3435.0,5.03435,0.7498726439123791,-0.048326055312954974,-0.09199417758369721,0.009606986899563186,调仓买入
2010-02-05,sz.000735,买入,11.45,4580.0,5.0458,0.719219219219219,0.10043668122270755,0.10043668122270755,-0.125764192139738,调仓买入
2010-02-05,sz.000886,买入,10.0,4000.0,5.04,0.3966480446927374,0.0,0.0009999999999998899,-0.09499999999999997,调仓买入
2010-02-05,sh.600373,买入,16.52,4956.0,5.04956,0.38940285954583675,0.017554479418886215,0.03389830508474567,-0.0714285714285714,调仓买入
2010-02-05,sh.600133,买入,17.62,3524.0,5.03524,0.34812547819433814,-0.08910329171396136,0.05618615209988631,-0.3473325766174802,调仓买入
2010-02-05,sz.000523,买入,10.88,4352.0,5.04352,0.33007334963325197,0.0431985294117645,-0.04687500000000011,0.0900735294117645,调仓买入
2010-02-05,sh.600012,买入,7.6,4560.0,5.0456,0.3080895008605853,0.010526315789473717,-0.02894736842105261,-0.051315789473684204,调仓买入
2010-02-12,sh.600373,卖出,17.08,5123.999999999999,7.613239999999999,,,,,调仓卖出
2010-02-12,sz.000523,卖出,10.37,4148.0,7.11548,,,,,调仓卖出
2010-02-12,sh.600012,卖出,7.38,4428.0,7.258279999999999,,,,,调仓卖出
2010-02-12,sh.600692,买入,12.74,5096.0,5.05096,0.3847826086956523,0.03532182103610659,0.09419152276295129,0.06985871271585564,调仓买入
2010-02-12,sh.600403,买入,17.45,5235.0,5.05235,0.34541249036237454,0.027507163323782224,0.21891117478510025,0.13753581661891134,调仓买入
2010-02-12,sz.002198,买入,30.12,3012.0,5.03012,0.31070496083550925,-0.0073041168658699585,-0.03751660026560433,-0.12217795484727756,调仓买入
2010-02-26,sh.600552,卖出,35.74,3574.0,6.82274,,,,,调仓卖出
2010-02-26,sz.000886,卖出,9.44,3776.0,6.9257599999999995,,,,,调仓卖出
2010-02-26,sh.600133,卖出,20.29,4058.0,7.06958,,,,,调仓卖出
2010-02-26,sh.600692,卖出,13.94,5576.0,7.8437600000000005,,,,,调仓卖出
2010-02-26,sz.002198,卖出,28.99,2899.0,6.478490000000001,,,,,调仓卖出
2010-02-26,sh.600545,买入,15.09,4527.0,5.04527,0.6527929901423877,0.008614976805831676,-0.039098740888005246,-0.08084824387011269,调仓买入
2010-02-26,sz.000632,买入,9.71,4855.0,5.04855,0.5437201907790143,0.016477857878475666,-0.09371781668383106,-0.20082389289392388,调仓买入
2010-02-26,sz.000639,买入,22.65,4530.0,5.0453,0.4380952380952381,0.04768211920529808,0.026490066225165698,0.016777041942604987,调仓买入
2010-02-26,sz.000151,买入,13.8,4140.0,5.0414,0.40816326530612246,-0.01521739130434785,-0.04492753623188417,-0.03985507246376818,调仓买入
2010-03-05,sh.600209,卖出,14.85,4455.0,7.27205,,,,,调仓卖出
2010-03-05,sz.000735,卖出,10.34,4136.0,7.109360000000001,,,,,调仓卖出
2010-03-05,sz.000151,卖出,13.18,3954.0,7.01654,,,,,调仓卖出
2010-03-05,sz.000753,买入,10.39,4156.0,5.04156,0.5279411764705884,0.010587102983637964,-0.02694898941289714,-0.09913378248315696,调仓买入
2010-03-05,sh.600039,买入,12.07,4828.0,5.04828,0.4648058252427185,0.07125103562551782,-0.03396851698425851,-0.09610604805302403,调仓买入
2010-03-05,sz.000627,买入,11.71,4684.0,5.04684,0.46009975062344166,0.0076857386848847575,-0.017933390264731064,0.13492741246797602,调仓买入
2010-03-05,sh.600821,买入,7.71,4626.0,5.04626,0.3866906474820144,0.016861219195849486,-0.04928664072632938,-0.06095979247730221,调仓买入
2010-03-05,sh.600781,买入,16.23,4869.0,5.04869,0.36731255265374907,0.036968576709796475,-0.04559457794208255,-0.026494146642020877,调仓买入
2010-03-12,sh.600403,卖出,18.69,5607.0,7.85957,,,,,调仓卖出
2010-03-12,sh.600545,卖出,14.47,4341.0,7.21391,,,,,调仓卖出
2010-03-12,sz.000632,卖出,8.53,4265.0,7.17515,,,,,调仓卖出
2010-03-12,sz.000639,卖出,22.39,4478.0,7.28378,,,,,调仓卖出
2010-03-12,sh.600821,卖出,7.33,4398.0,7.24298,,,,,调仓卖出
2010-03-12,sh.600781,卖出,15.49,4647.0,7.36997,,,,,调仓卖出
2010-03-12,sh.600680,买入,14.69,4407.0,5.04407,0.42898832684824906,0.02042205582028589,0.05377808032675291,0.055139550714772056,调仓买入
2010-03-12,sz.000815,买入,13.14,3942.0,5.03942,0.40234791889007493,0.007610350076103556,0.028158295281582868,0.1339421613394216,调仓买入
2010-03-12,sh.600379,买入,13.47,4041.0,5.04041,0.38437821171634123,0.09948032665181894,0.3556050482553823,0.40608760207869343,调仓买入
2010-03-12,sz.000519,买入,22.8,4560.0,5.0456,0.3652694610778444,-0.07894736842105265,-0.011842105263157876,-0.08991228070175439,调仓买入
2010-03-12,sz.002199,买入,25.58,2558.0,5.02558,0.3548728813559321,-0.010946051602814588,0.13956215793588744,0.05824863174354977,调仓买入
2010-03-12,sh.600220,买入,7.06,4942.0,5.04942,0.34732824427480913,-0.031161473087818692,-0.019830028328611804,-0.06090651558073645,调仓买入
2010-03-19,sz.000753,卖出,10.0,4000.0,7.04,,,,,调仓卖出
2010-03-19,sz.000627,卖出,11.7,4680.0,7.3868,,,,,调仓卖出
2010-03-19,sz.000519,卖出,22.53,4506.0,7.29806,,,,,调仓卖出
2010-03-19,sz.002199,卖出,29.15,2915.0,6.486649999999999,,,,,调仓卖出
2010-03-19,sh.600220,卖出,6.92,4844.0,7.47044,,,,,调仓卖出
2010-03-19,sz.000049,买入,13.8,4140.0,5.0414,0.3911290322580645,0.032608695652173836,0.03188405797101446,0.2927536231884058,调仓买入
2010-03-19,sh.600433,买入,13.72,4116.0,5.04116,0.3692614770459084,-0.009475218658892226,-0.099125364431487,0.09183673469387754,调仓买入
2010-03-19,sz.000923,买入,11.78,4712.0,5.04712,0.3634259259259258,0.005093378607809784,-0.04329371816638372,-0.10865874363327666,调仓买入
2010-03-19,sh.600980,买入,13.46,4038.0000000000005,5.04038,0.35140562248995977,0.03046062407132233,-0.04977711738484414,-0.057206537890044706,调仓买入
2010-03-19,sz.000504,买入,11.33,4532.0,5.04532,0.3488095238095237,0.012356575463371655,-0.001765225066195919,0.04589585172109434,调仓买入
2010-03-26,sh.600039,卖出,11.12,4448.0,7.26848,,,,,调仓卖出
2010-03-26,sh.600433,卖出,12.36,3708.0,6.89108,,,,,调仓卖出
2010-03-26,sz.000923,卖出,11.27,4508.0,7.29908,,,,,调仓卖出
2010-03-26,sh.600980,卖出,12.79,3836.9999999999995,6.956869999999999,,,,,调仓卖出
2010-03-26,sz.002090,买入,28.08,2808.0,5.02808,0.43999999999999995,0.035612535612535634,0.07158119658119655,0.0794159544159545,调仓买入
2010-03-26,sz.002126,买入,24.5,4900.0,5.049,0.32432432432432434,0.004081632653061273,0.12897959183673469,0.0,调仓买入
2010-03-26,sz.000712,买入,25.02,5004.0,5.05004,0.29637305699481864,-0.0007993605115906854,0.023980815347721895,0.03677058353317353,调仓买入
2010-03-26,sz.000671,买入,33.71,3371.0,5.03371,0.2905819295558958,0.00978938000593299,0.08068822307920498,-0.6499555028181548,调仓买入
2010-04-02,sz.000815,卖出,14.55,4365.0,7.2261500000000005,,,,,调仓卖出
2010-04-02,sz.000049,卖出,13.84,4152.0,7.117520000000001,,,,,调仓卖出
2010-04-02,sz.000504,卖出,12.38,4952.0,7.52552,,,,,调仓卖出
2010-04-02,sz.000712,卖出,25.62,5124.0,7.613239999999999,,,,,调仓卖出
2010-04-02,sz.000671,卖出,36.43,3643.0,6.8579300000000005,,,,,调仓卖出
2010-04-02,sz.002354,买入,30.5,3050.0,5.0305,0.7378917378917378,-0.0727868852459016,-0.11770491803278693,-0.26393442622950825,调仓买入
2010-04-02,sz.000159,买入,24.01,4802.0,5.04802,0.43343283582089565,0.005414410662224034,0.22199083715118695,-0.06913785922532278,调仓买入
2010-04-02,sh.600584,买入,12.21,4884.0,5.04884,0.4131944444444444,-0.0016380016380017626,0.07616707616707608,-0.0884520884520884,调仓买入
2010-04-02,sh.600512,买入,10.51,5255.0,5.05255,0.4032042723631508,0.013320647002854402,0.04281636536631783,-0.1141769743101807,调仓买入
2010-04-02,sz.000559,买入,10.51,5255.0,5.05255,0.3883751651254952,-0.028544243577545148,0.06850618458610858,0.056137012369172234,调仓买入
2010-04-02,sz.002036,买入,11.3,4520.0,5.0452,0.3882063882063882,0.022123893805309658,0.1681415929203538,-0.01415929203539823,调仓买入
2010-04-09,sh.600680,卖出,15.4,4620.0,7.356199999999999,,,,,调仓卖出
2010-04-09,sz.002126,卖出,25.3,5060.0,7.5806000000000004,,,,,调仓卖出
2010-04-09,sh.600512,卖出,11.02,5510.0,7.8101,,,,,调仓卖出
2010-04-09,sz.002036,卖出,12.47,4988.0,7.54388,,,,,调仓卖出
2010-04-09,sz.000536,买入,26.3,5260.0,5.0526,0.515850144092219,0.011406844106463865,0.05057034220532319,-0.2053231939163499,调仓买入
2010-04-09,sz.002280,买入,57.85,5785.0,5.05785,0.42487684729064035,0.012445980985306804,-0.0824546240276578,-0.6791702679343129,调仓买入
2010-04-09,sz.002297,买入,36.88,3688.0000000000005,5.03688,0.41411042944785303,0.0027114967462038564,-0.07809110629067251,-0.12744034707158358,调仓买入
2010-04-09,sz.002344,买入,30.7,6140.0,5.0614,0.41214351425942963,-0.004885993485342022,0.07850162866449506,0.24039087947882742,调仓买入
2010-04-16,sh.600379,卖出,18.43,5529.0,7.81979,,,,,调仓卖出
2010-04-16,sz.002090,卖出,28.75,2875.0,6.46625,,,,,调仓卖出
2010-04-16,sh.600584,卖出,12.18,4872.0,7.48472,,,,,调仓卖出
2010-04-16,sz.000559,卖出,10.8,5400.0,7.7540000000000004,,,,,调仓卖出
2010-04-16,sz.002280,卖出,53.08,5308.0,7.7070799999999995,,,,,调仓卖出
2010-04-16,sz.002297,卖出,34.0,3400.0,6.734,,,,,调仓卖出
2010-04-16,sz.002357,买入,33.78,3378.0,5.03378,0.5361527967257846,-0.07045589105979877,-0.004736530491415203,-0.35553582001184136,调仓买入
2010-04-16,sz.002036,买入,13.57,4071.0,5.04071,0.5264341957255343,-0.0420044215180545,-0.04347826086956519,-0.20707442888725136,调仓买入
2010-04-16,sz.000545,买入,14.05,4215.0,5.04215,0.458982346832814,-0.09893238434163709,-0.07473309608540935,-0.24128113879003565,调仓买入
2010-04-16,sh.600132,买入,34.1,3410.0,5.0341,0.4237995824634657,0.0008797653958945162,0.06363636363636371,-0.09266862170087975,调仓买入
2010-04-16,sz.000404,买入,12.04,4816.0,5.04816,0.4198113207547167,0.004152823920265947,0.15116279069767447,-0.1735880398671097,调仓买入
2010-04-23,sz.002354,卖出,24.23,2423.0,6.23573,,,,,调仓卖出
2010-04-23,sz.002344,卖出,33.89,6778.0,8.45678,,,,,调仓卖出
2010-04-23,sz.002036,卖出,12.98,3894.0,6.98594,,,,,调仓卖出
2010-04-23,sz.000545,卖出,13.0,3900.0,6.989,,,,,调仓卖出
2010-04-23,sz.002046,买入,26.1,5220.0,5.0522,0.5895249695493301,0.019157088122605304,-0.08314176245210736,0.02758620689655178,调仓买入
2010-04-23,sz.000049,买入,20.75,4150.0,5.0415,0.5168128654970761,0.02168674698795181,-0.010602409638554189,0.18698795180722882,调仓买入
2010-04-23,sz.002213,买入,22.39,4478.0,5.04478,0.49465954606141516,-0.041983028137561496,-0.15542652970075932,-0.15721304153640014,调仓买入
2010-04-23,sh.600111,买入,37.99,3799.0,5.03799,0.4673619157976052,0.012371676757041206,-0.061858383785206694,0.023953672018952155,调仓买入
2010-04-23,sz.002220,买入,42.33,4233.0,5.04233,0.45965517241379295,-0.05031892274982275,-0.13182140326009917,-0.08811717458067558,调仓买入
2010-04-30,sz.000159,卖出,22.02,4404.0,7.24604,,,,,调仓卖出
2010-04-30,sz.000536,卖出,23.0,4600.0,7.346,,,,,调仓卖出
2010-04-30,sz.002357,卖出,34.88,3488.0000000000005,6.778880000000001,,,,,调仓卖出
2010-04-30,sh.600132,卖出,31.57,3157.0,6.61007,,,,,调仓卖出
2010-04-30,sz.000404,卖出,12.3,4920.0,7.5092,,,,,调仓卖出
2010-04-30,sz.002213,卖出,18.91,3782.0,6.92882,,,,,调仓卖出
2010-04-30,sz.002220,卖出,36.75,3675.0,6.87425,,,,,调仓卖出
2010-04-30,sz.002192,买入,28.15,2815.0,5.02815,0.4075,0.010657193605683846,-0.09555950266429836,-0.04724689165186491,调仓买入
2010-04-30,sz.002041,买入,47.68,4768.0,5.04768,0.3580176587866706,0.04215604026845643,0.05809563758389258,0.19546979865771807,调仓买入
2010-04-30,sh.600789,买入,9.12,4560.0,5.0456,0.3179190751445087,0.02083333333333348,-0.10307017543859642,-0.0010964912280702066,调仓买入
2010-04-30,sh.600100,买入,28.16,2816.0,5.02816,0.30733519034354684,-0.04012784090909083,-0.1594460227272727,-0.11044034090909094,调仓买入
2010-04-30,sh.600563,买入,26.57,2657.0,5.02657,0.27740384615384617,-0.018441851712457713,-0.12758750470455404,-0.15318027850959726,调仓买入
2010-04-30,sh.600343,买入,17.8,3560.0,5.0356,0.26330731014904196,0.035955056179775235,-0.01179775280898876,0.05617977528089879,调仓买入
2010-04-30,sh.600365,买入,13.6,4080.0,5.0408,0.25461254612546114,0.08749999999999991,-0.039705882352941146,-0.0794117647058824,调仓买入
2010-05-07,sh.600789,卖出,8.32,4160.0,7.1216,,,,,调仓卖出
2010-05-07,sh.600100,卖出,25.78,2578.0,6.31478,,,,,调仓卖出
2010-05-07,sh.600563,卖出,25.76,2576.0,6.31376,,,,,调仓卖出
2010-05-07,sh.600343,卖出,18.49,3697.9999999999995,6.88598,,,,,调仓卖出
2010-05-07,sh.600365,卖出,13.59,4077.0,7.07927,,,,,调仓卖出
2010-05-07,sh.600354,买入,21.63,4326.0,5.04326,0.2821576763485476,-0.09986130374479885,-0.07859454461396209,-0.015718908922792374,调仓买入
2010-05-07,sh.600088,买入,26.78,2678.0,5.02678,0.2795031055900621,-0.10007468259895447,-0.12285287528005984,-0.07393577296489917,调仓买入
2010-05-07,sh.600452,买入,13.4,4020.0,5.0402,0.2665406427221173,-0.08432835820895523,-0.047761194029850795,0.015671641791044744,调仓买入
2010-05-07,sz.000811,买入,26.9,2690.0,5.0269,0.26409774436090205,-0.09962825278810405,-0.14721189591078054,-0.06505576208178443,调仓买入
2010-05-14,sz.002046,卖出,25.57,5114.0,7.608140000000001,,,,,调仓卖出
2010-05-14,sh.600354,卖出,19.93,3986.0,7.03286,,,,,调仓卖出
2010-05-14,sh.600088,卖出,23.49,2349.0,6.19799,,,,,调仓卖出
2010-05-14,sh.600452,卖出,12.76,3828.0,6.95228,,,,,调仓卖出
2010-05-14,sz.000811,卖出,22.94,2294.0,6.16994,,,,,调仓卖出
2010-05-14,sz.000665,买入,14.38,4314.0,5.04314,0.21761219305673163,-0.01251738525730195,-0.013212795549374268,-0.004867872044506227,调仓买入
2010-05-14,sh.600343,买入,19.05,3810.0,5.0381,0.19660804020100509,-0.01942257217847776,0.014173228346456623,0.06719160104986854,调仓买入
2010-05-14,sh.600085,买入,28.34,2834.0,5.02834,0.17447161210111894,-0.04904728299223715,-0.05222300635144672,-0.017642907551164377,调仓买入
2010-05-21,sh.600111,卖出,37.71,3771.0,6.923209999999999,,,,,调仓卖出
2010-05-21,sz.002192,卖出,24.68,2468.0,6.25868,,,,,调仓卖出
2010-05-21,sz.002041,卖出,53.24,5324.0,7.71524,,,,,调仓卖出
2010-05-21,sh.600085,卖出,26.86,2686.0,6.36986,,,,,调仓卖出
2010-05-21,sh.600803,买入,12.56,3768.0,5.03768,0.11446317657497795,0.015923566878980777,0.02070063694267521,-0.026273885350318493,调仓买入
2010-05-21,sz.000962,买入,15.17,4551.0,5.04551,0.10972933430870513,0.02175346077785112,0.11997363216875412,0.015820698747528006,调仓买入
2010-05-21,sh.600807,买入,14.18,4254.0,5.04254,0.10694769711163143,0.06205923836389293,0.15232722143864597,0.15655853314527501,调仓买入
2010-05-21,sz.000811,买入,23.85,2385.0,5.02385,0.10672853828306272,0.03563941299790341,0.04318658280922416,0.10356394129979041,调仓买入
2010-05-28,sz.000049,卖出,25.88,5176.0,7.63976,,,,,调仓卖出
2010-05-28,sh.600343,卖出,19.72,3944.0,7.01144,,,,,调仓卖出
2010-05-28,sh.600803,卖出,12.82,3846.0,6.96146,,,,,调仓卖出
2010-05-28,sh.600807,卖出,16.34,4902.0,7.500019999999999,,,,,调仓卖出
2010-05-28,sz.000811,卖出,24.88,2488.0,6.268879999999999,,,,,调仓卖出
2010-05-28,sz.002184,买入,14.41,4323.0,5.04323,0.29819819819819826,-0.04233171408743919,0.03192227619708521,-0.17834836918806385,调仓买入
2010-05-28,sh.600482,买入,15.52,4656.0,5.04656,0.26693877551020395,-0.06443298969072164,-0.018685567010309212,-0.21778350515463907,调仓买入
2010-05-28,sh.600673,买入,11.01,4404.0,5.04404,0.22742474916387945,-0.02997275204359673,0.015440508628519423,-0.043596730245231696,调仓买入
2010-05-28,sh.600651,买入,11.89,4756.0,5.04756,0.22073921971252575,-0.05382674516400343,-0.06307821698906646,-0.1766190075693862,调仓买入
2010-05-28,sh.600456,买入,27.3,2730.0,5.0273,0.2074303405572755,-0.07032967032967041,-0.07216117216117224,-0.297069597069597,调仓买入
2010-05-28,sz.002193,买入,15.72,4716.0,5.04716,0.20183486238532122,-0.05089058524173029,0.0025445292620864812,-0.06106870229007644,调仓买入
2010-06-04,sz.000665,卖出,14.1,4230.0,7.1573,,,,,调仓卖出
2010-06-04,sz.000962,卖出,15.84,4752.0,7.42352,,,,,调仓卖出
2010-06-04,sz.002184,卖出,14.87,4461.0,7.27511,,,,,调仓卖出
2010-06-04,sh.600482,卖出,15.23,4569.0,7.33019,,,,,调仓卖出
2010-06-04,sh.600651,卖出,11.14,4456.0,7.27256,,,,,调仓卖出
2010-06-04,sh.600456,卖出,25.33,2533.0,6.29183,,,,,调仓卖出
2010-06-04,sh.600259,买入,29.4,2940.0,5.0294,0.39866793529971445,0.0295918367346939,-0.01122448979591828,-0.15612244897959182,调仓买入
2010-06-04,sz.000751,买入,7.42,4452.0,5.04452,0.24705882352941178,0.008086253369272267,-0.040431266846361114,-0.15633423180592998,调仓买入
2010-06-04,sh.600595,买入,12.61,3783.0,5.03783,0.23748773307163895,-0.04361617763679615,0.019825535289452745,-0.11974623314829502,调仓买入
2010-06-04,sh.600777,买入,6.44,4508.0,5.04508,0.23371647509578564,-0.021739130434782705,0.05590062111801242,0.12422360248447206,调仓买入
2010-06-04,sz.000060,买入,14.59,4377.0,5.04377,0.21179401993355484,-0.0315284441398217,0.030157642220699055,-0.10349554489376289,调仓买入
2010-06-04,sh.600173,买入,7.68,4608.0,5.04608,0.20376175548589348,-0.02734375,0.006510416666666741,-0.09635416666666663,调仓买入
2010-06-11,sz.002193,卖出,16.11,4833.0,7.46483,,,,,调仓卖出
2010-06-11,sz.000751,卖出,7.12,4272.0,7.17872,,,,,调仓卖出
2010-06-11,sh.600595,卖出,12.86,3858.0,6.96758,,,,,调仓卖出
2010-06-11,sh.600777,卖出,6.8,4760.0,7.4276,,,,,调仓卖出
2010-06-11,sz.000060,卖出,15.03,4509.0,7.29959,,,,,调仓卖出
2010-06-11,sz.002166,买入,24.75,4950.0,5.0495,0.4981840193704601,-0.06222222222222218,-0.013737373737373715,0.00484848484848488,调仓买入
2010-06-11,sz.002280,买入,25.5,2550.0,5.0255,0.38888888888888884,-0.014901960784313717,-0.00588235294117645,0.0168627450980392,调仓买入
2010-06-11,sz.002268,买入,22.35,4470.0,5.0447,0.3873370577281192,-0.0872483221476511,-0.05234899328859066,-0.06935123042505598,调仓买入
2010-06-11,sz.000598,买入,23.8,4760.0,5.0476,0.3507377979568671,-0.06722689075630262,-0.12268907563025222,-0.19621848739495806,调仓买入
2010-06-11,sh.600990,买入,42.48,4248.0,5.04248,0.3026678932842686,-0.025894538606402895,-0.0826271186440678,-0.08474576271186429,调仓买入
2010-06-11,sz.002200,买入,25.34,5068.0,5.05068,0.2765743073047857,-0.05880031570639299,-0.05445935280189418,-0.23480662983425415,调仓买入
2010-06-11,sz.002375,买入,46.09,4609.0,5.04609,0.2610123119015051,-0.06509004122369277,-0.023866348448687402,-0.09090909090909105,调仓买入
2010-06-18,sh.600173,卖出,7.84,4704.0,7.399039999999999,,,,,调仓卖出
2010-06-18,sz.000598,卖出,20.79,4158.0,7.12058,,,,,调仓卖出
2010-06-18,sh.600990,卖出,38.19,3819.0,6.94769,,,,,调仓卖出
2010-06-18,sz.002375,卖出,41.55,4155.0,7.11905,,,,,调仓卖出
2010-06-18,sz.002199,买入,17.86,5358.0,5.05358,0.3171091445427727,0.022396416573348343,-0.06494960806271,-0.13941769316909292,调仓买入
2010-06-18,sh.600198,买入,17.97,5391.0,5.05391,0.30028943560057875,0.04396215915414592,-0.003895381190873737,-0.08180300500834714,调仓买入
2010-06-18,sz.002226,买入,20.38,4076.0,5.04076,0.26741293532338317,0.029931305201177594,-0.01962708537782132,-0.012757605495583801,调仓买入
2010-06-18,sz.002209,买入,10.28,5140.0,5.0514,0.25365853658536586,0.03404669260700399,-0.006809338521400643,0.03404669260700399,调仓买入
2010-06-25,sh.600673,卖出,12.06,4824.0,7.46024,,,,,调仓卖出
2010-06-25,sh.600259,卖出,26.34,2634.0,6.34334,,,,,调仓卖出
2010-06-25,sz.002268,卖出,21.14,4228.0,7.15628,,,,,调仓卖出
2010-06-25,sz.002200,卖出,23.41,4682.0,7.3878200000000005,,,,,调仓卖出
2010-06-25,sz.002199,卖出,16.7,5010.0,7.5550999999999995,,,,,调仓卖出
2010-06-25,sh.600198,卖出,17.9,5370.0,7.7387,,,,,调仓卖出
2010-06-25,sz.002226,卖出,19.98,3996.0,7.03796,,,,,调仓卖出
2010-06-25,sz.002209,卖出,10.21,5105.0,7.60355,,,,,调仓卖出
2010-06-25,sh.600199,买入,12.67,3801.0,5.03801,0.37717391304347836,-0.07576953433307021,-0.07498026835043403,0.05445935280189418,调仓买入
2010-06-25,sz.000567,买入,10.1,4040.0,5.0404,0.2752525252525253,-0.04059405940594063,-0.0534653465346534,0.06039603960396045,调仓买入
2010-06-25,sh.600536,买入,21.55,4310.0,5.0431,0.2736406619385341,-0.025986078886310993,-0.08213457076566122,-0.022273781902552248,调仓买入
2010-06-25,sz.000799,买入,13.36,4008.0,5.04008,0.2591894439208293,-0.03967065868263464,-0.12649700598802394,0.08907185628742531,调仓买入
2010-06-25,sz.000753,买入,9.1,4550.0,5.0455,0.24828532235939638,-0.08681318681318673,-0.20659340659340664,-0.12967032967032965,调仓买入
2010-06-25,sz.002398,买入,29.98,2998.0,5.02998,0.24501661129568109,-0.05470313542361571,-0.16177451634422957,-0.19312875250166772,调仓买入
2010-06-25,sz.000540,买入,10.05,4020.0000000000005,5.0402,0.23464373464373467,0.0009950248756218638,0.023880597014925176,0.10447761194029836,调仓买入
2010-07-02,sz.002280,卖出,21.63,2163.0,6.10313,,,,,调仓卖出
2010-07-02,sh.600199,卖出,11.72,3516.0,6.79316,,,,,调仓卖出
2010-07-02,sh.600536,卖出,19.78,3956.0,7.01756,,,,,调仓卖出
2010-07-02,sz.000799,卖出,11.67,3501.0,6.7855099999999995,,,,,调仓卖出
2010-07-02,sz.000753,卖出,7.22,3610.0,6.8411,,,,,调仓卖出
2010-07-02,sz.002398,卖出,25.13,2513.0,6.28163,,,,,调仓卖出
2010-07-02,sz.000813,买入,9.53,3811.9999999999995,5.03812,0.450532724505327,-0.0031479538300104304,0.06295907660020994,0.23609653725078705,调仓买入
2010-07-02,sz.002108,买入,16.66,3332.0,5.03332,0.3848711554447217,-0.03001200480192079,0.024009603841536498,0.007803121248499245,调仓买入
2010-07-02,sz.002183,买入,12.47,3741.0,5.03741,0.2842430484037075,-0.007217321571772239,0.03769045709703289,0.04490777866880502,调仓买入
2010-07-02,sh.601002,买入,7.62,3810.0,5.0381,0.2742474916387958,0.015748031496062964,0.03280839895013132,0.04330708661417315,调仓买入
2010-07-09,sz.002166,卖出,26.12,5224.0,7.66424,,,,,调仓卖出
2010-07-09,sz.002183,卖出,12.94,3882.0,6.97982,,,,,调仓卖出
2010-07-09,sh.601002,卖出,7.87,3935.0,7.00685,,,,,调仓卖出
2010-07-09,sh.600679,买入,10.3,4120.0,5.0412,0.40902872777017807,-0.005825242718446644,-0.01553398058252431,0.0883495145631068,调仓买入
2010-07-09,sz.000810,买入,13.63,4089.0000000000005,5.04089,0.29933269780743577,-0.0044020542920030215,-0.06603081438004399,0.026412325752017463,调仓买入
2010-07-09,sh.600823,买入,12.65,3795.0,5.03795,0.2650000000000001,0.03083003952569152,-0.002371541501976382,0.07351778656126484,调仓买入
2010-07-16,sz.000540,卖出,10.4,4160.0,7.1216,,,,,调仓卖出
2010-07-16,sh.600679,卖出,10.14,4056.0,7.06856,,,,,调仓卖出
2010-07-16,sz.000810,卖出,12.73,3819.0,6.94769,,,,,调仓卖出
2010-07-16,sh.600823,卖出,12.62,3785.9999999999995,6.93086,,,,,调仓卖出
2010-07-16,sh.600640,买入,10.81,4324.0,5.04324,0.3788265306122449,0.016651248843663202,0.011100832562442209,-0.021276595744680882,调仓买入
2010-07-16,sz.000790,买入,13.1,3930.0,5.0393,0.3126252505010019,0.083206106870229,0.08091603053435126,0.06564885496183215,调仓买入
2010-07-16,sz.002411,买入,39.7,3970.0000000000005,5.0397,0.3016393442622951,0.0176322418136019,0.02670025188916858,-0.04735516372795978,调仓买入
2010-07-16,sh.600623,买入,16.49,3297.9999999999995,5.03298,0.2943485086342228,0.019405700424499628,0.13159490600363877,0.13098847786537293,调仓买入
2010-07-16,sz.000518,买入,5.18,4144.0,5.04144,0.26960784313725483,0.015444015444015413,0.14478764478764483,0.17374517374517384,调仓买入
2010-07-23,sz.000567,卖出,10.71,4284.0,7.1848399999999994,,,,,调仓卖出
2010-07-23,sz.000813,卖出,11.83,4732.0,7.413320000000001,,,,,调仓卖出
2010-07-23,sz.002108,卖出,16.95,3390.0,6.7289,,,,,调仓卖出
2010-07-23,sz.000790,卖出,14.16,4248.0,7.16648,,,,,调仓卖出
2010-07-23,sz.002411,卖出,40.76,4076.0,7.07876,,,,,调仓卖出
2010-07-23,sz.000518,卖出,5.93,4744.0,7.41944,,,,,调仓卖出
2010-07-23,sz.002190,买入,20.0,4000.0,5.04,0.8231540565177757,0.010000000000000009,-0.010999999999999899,0.7929999999999999,调仓买入
2010-07-23,sz.000810,买入,14.05,4215.0,5.04215,0.41348088531187144,-0.014234875444839923,-0.048398576512455604,0.05053380782918149,调仓买入
2010-07-23,sh.600679,买入,10.61,4244.0,5.04244,0.36726804123711343,0.029217719132893505,0.027332704995287616,0.016965127238454336,调仓买入
2010-07-23,sz.002176,买入,20.2,4040.0,5.0404,0.3368630046326935,0.0024752475247524774,-0.005940594059405946,0.39950495049504964,调仓买入
2010-07-23,sz.002319,买入,25.92,2592.0,5.02592,0.3170731707317074,-0.00038580246913588745,-0.013503086419753174,-0.06057098765432101,调仓买入
2010-07-23,sh.600537,买入,24.78,2478.0,5.02478,0.27666151468315303,0.010492332526230719,0.07425343018563346,0.08999192897497976,调仓买入
2010-07-23,sz.000157,买入,22.67,4534.0,5.04534,0.27216610549943887,-0.005734450816056613,0.0013233348037051673,0.07454786060873397,调仓买入
2010-07-30,sz.000810,卖出,13.37,4010.9999999999995,7.04561,,,,,调仓卖出
2010-07-30,sz.002176,卖出,20.08,4015.9999999999995,7.04816,,,,,调仓卖出
2010-07-30,sz.002319,卖出,25.57,2557.0,6.30407,,,,,调仓卖出
2010-07-30,sz.000157,卖出,22.7,4540.0,7.3154,,,,,调仓卖出
2010-07-30,sz.000006,买入,8.93,4465.0,5.04465,0.6629422718808193,0.002239641657334701,0.002239641657334701,-0.10638297872340419,调仓买入
2010-07-30,sh.600507,买入,9.18,4590.0,5.0459,0.5098684210526314,0.006535947712418277,0.045751633986928164,0.020697167755991286,调仓买入
2010-07-30,sh.600335,买入,12.29,4916.0,5.04916,0.502444987775061,0.00813669650122062,0.12937347436940616,0.48087876322213186,调仓买入
2010-07-30,sz.000090,买入,11.68,4672.0,5.04672,0.45999999999999996,0.006849315068493178,-0.02568493150684925,0.017123287671233056,调仓买入
2010-07-30,sh.600869,买入,17.49,3497.9999999999995,5.03498,0.4371405094494658,0.012578616352201477,0.014293882218410436,0.12692967409948563,调仓买入
2010-08-06,sh.600640,卖出,11.61,4644.0,7.36844,,,,,调仓卖出
2010-08-06,sh.600623,卖出,18.6,3720.0000000000005,6.897200000000001,,,,,调仓卖出
2010-08-06,sh.600679,卖出,11.21,4484.0,7.28684,,,,,调仓卖出
2010-08-06,sh.600537,卖出,28.06,2806.0,6.43106,,,,,调仓卖出
2010-08-06,sz.000090,卖出,11.38,4552.0,7.32152,,,,,调仓卖出
2010-08-06,sh.600869,卖出,17.74,3547.9999999999995,6.80948,,,,,调仓卖出
2010-08-06,sh.600175,买入,6.54,3924.0,5.03924,0.6268656716417913,-0.016819571865443472,-0.03669724770642202,-0.03516819571865448,调仓买入
2010-08-06,sh.600478,买入,16.85,3370.0000000000005,5.0337,0.4664926022628373,0.005341246290801127,-0.011869436201780603,0.01958456973293754,调仓买入
2010-08-06,sz.002246,买入,14.47,4341.0,5.04341,0.45573440643863194,0.1002073255010365,0.09260539046302685,0.27919834139599176,调仓买入
2010-08-06,sz.002018,买入,9.49,3796.0,5.03796,0.45107033639143723,-0.013698630136986356,-0.07481559536354065,-0.11485774499473123,调仓买入
2010-08-06,sh.600737,买入,13.87,4161.0,5.04161,0.44629822732012503,0.007209805335256059,-0.02667627974044695,-0.05984138428262442,调仓买入
2010-08-13,sz.002190,卖出,27.18,5436.0,7.77236,,,,,调仓卖出
2010-08-13,sh.600507,卖出,8.94,4470.0,7.2797,,,,,调仓卖出
2010-08-13,sh.600478,卖出,16.65,3329.9999999999995,6.6983,,,,,调仓卖出
2010-08-13,sz.002018,卖出,8.78,3511.9999999999995,6.791119999999999,,,,,调仓卖出
2010-08-13,sh.600737,卖出,13.5,4050.0,7.0655,,,,,调仓卖出
2010-08-13,sz.002132,买入,17.45,3490.0,5.0349,0.6958211856171042,0.002865329512893977,0.14899713467048725,0.09226361031518615,调仓买入
2010-08-13,sz.002157,买入,17.95,3590.0,5.0359,0.49583333333333335,0.0027855153203342198,-0.11532033426183841,-0.027298050139275665,调仓买入
2010-08-13,sz.002099,买入,23.0,4600.0,5.046,0.467772814294831,0.006956521739130528,-0.07260869565217398,0.13695652173913042,调仓买入
2010-08-13,sz.000090,买入,12.8,3840.0,5.0384,0.4446952595936797,0.022656249999999822,0.04999999999999982,-0.09843750000000007,调仓买入
2010-08-13,sh.600970,买入,27.23,2723.0,5.02723,0.4331578947368422,0.03378626514873284,0.03048108703635699,0.29232464193903773,调仓买入
2010-08-20,sz.000006,卖出,8.17,4085.0,7.083349999999999,,,,,调仓卖出
2010-08-20,sz.002157,卖出,15.88,3176.0,6.61976,,,,,调仓卖出
2010-08-20,sz.002099,卖出,21.33,4266.0,7.17566,,,,,调仓卖出
2010-08-20,sz.000090,卖出,13.44,4032.0,7.05632,,,,,调仓卖出
2010-08-20,sh.600970,卖出,28.06,2806.0,6.43106,,,,,调仓卖出
2010-08-20,sh.600225,买入,11.43,4572.0,5.04572,0.532171581769437,-0.01924759405074361,-0.06474190726159235,-0.12073490813648291,调仓买入
2010-08-20,sz.002181,买入,15.18,4554.0,5.04554,0.4470924690181124,-0.007246376811594124,0.0039525691699604515,-0.005270092226614009,调仓买入
2010-08-20,sh.600346,买入,11.71,4684.0,5.04684,0.41939393939393943,-0.03415883859948765,-0.05380017079419308,-0.07856532877882161,调仓买入
2010-08-27,sh.600175,卖出,6.2,3720.0,6.897200000000001,,,,,调仓卖出
2010-08-27,sz.002246,卖出,16.88,5064.0,7.58264,,,,,调仓卖出
2010-08-27,sh.600225,卖出,10.69,4276.0,7.18076,,,,,调仓卖出
2010-08-27,sh.600346,卖出,11.08,4432.0,7.26032,,,,,调仓卖出
2010-08-27,sh.600513,买入,18.56,3711.9999999999995,5.03712,0.8977505112474438,0.01346982758620685,0.360991379310345,0.08512931034482762,调仓买入
2010-08-27,sh.600970,买入,32.55,3254.9999999999995,5.03255,0.4701897018970187,0.0,0.02058371735791087,0.052534562211981495,调仓买入
2010-08-27,sz.002085,买入,11.88,3564.0000000000005,5.03564,0.46485819975339115,0.028619528619528545,0.2643097643097643,0.031144781144781142,调仓买入
2010-08-27,sh.600303,买入,20.77,4154.0,5.04154,0.4565217391304348,0.07318247472315842,-0.008184882041405772,-0.04573904670197393,调仓买入
2010-08-27,sz.002176,买入,29.12,2912.0,5.02912,0.45019920318725126,0.06318681318681318,0.08173076923076916,0.009615384615384581,调仓买入
2010-09-03,sh.600335,卖出,17.99,7195.999999999999,8.66996,,,,,调仓卖出
2010-09-03,sz.002132,卖出,20.05,4010.0,7.0451,,,,,调仓卖出
2010-09-03,sh.600970,卖出,33.22,3322.0,6.69422,,,,,调仓卖出
2010-09-03,sh.600303,卖出,20.6,4120.0,7.1012,,,,,调仓卖出
2010-09-03,sz.002176,卖出,31.5,3150.0,6.6065000000000005,,,,,调仓卖出
2010-09-03,sz.002056,买入,33.3,3329.9999999999995,5.0333,0.7407213800313643,-0.09999999999999998,-0.13183183183183178,0.023123123123123257,调仓买入
2010-09-10,sh.600773,买入,20.43,4086.0,5.04086,0.8899167437557816,-0.02104747919725891,-0.05139500734214397,-0.15173764072442497,调仓买入
2010-09-10,sz.002190,买入,46.23,4623.0,5.04623,0.7008830022075054,-0.09993510707332898,-0.20527795803590732,-0.19749080683538822,调仓买入
2010-09-10,sh.600980,买入,26.14,5228.0,5.05228,0.5987767584097858,0.019892884468247773,-0.11055853098699309,-0.08416220351951031,调仓买入
2010-09-10,sh.600796,买入,9.93,4965.0,5.04965,0.5812101910828025,-0.009063444108761365,-0.13897280966767367,-0.15407854984894254,调仓买入
2010-09-10,sz.002170,买入,14.81,4443.0,5.04443,0.5158648925281475,0.04659014179608367,-0.09182984469952737,-0.08035111411208651,调仓买入
2010-09-17,sz.002181,卖出,15.1,4530.0,7.3103,,,,,调仓卖出
2010-09-17,sh.600513,卖出,21.13,4226.0,7.15526,,,,,调仓卖出
2010-09-17,sz.002190,卖出,36.74,3674.0,6.87374,,,,,调仓卖出
2010-09-17,sh.600980,卖出,23.25,4650.0,7.3715,,,,,调仓卖出
2010-09-17,sh.600796,卖出,8.55,4275.0,7.18025,,,,,调仓卖出
2010-09-17,sz.002170,卖出,13.45,4035.0,7.05785,,,,,调仓卖出
2010-09-17,sh.600086,买入,16.8,3360.0,5.0336,0.6184971098265895,0.024404761904761818,0.14761904761904754,0.618452380952381,调仓买入
2010-09-17,sh.600367,买入,14.48,4344.0,5.04344,0.5739130434782611,-0.08977900552486195,0.11602209944751385,0.3383977900552486,调仓买入
2010-09-17,sz.002461,买入,27.59,2759.0,5.02759,0.5019052803483941,-0.0105110547299746,-0.11127220007249006,-0.08372598767669437,调仓买入
2010-09-17,sh.600259,买入,42.84,4284.0,5.04284,0.4621160409556315,-0.057889822595705076,0.23015873015873023,1.1276844070961718,调仓买入
2010-09-17,sh.600081,买入,16.69,3338.0000000000005,5.03338,0.45510026155187444,-0.043738765727980855,-0.02995805871779511,-0.06111443978430209,调仓买入
2010-09-17,sh.600532,买入,11.42,4568.0,5.04568,0.4492385786802031,-0.020140105078809145,-0.06479859894921192,-0.10070052539404561,调仓买入
2010-09-17,sh.600723,买入,15.58,4674.0,5.04674,0.43594470046082945,0.005134788189987249,-0.005134788189987138,-0.04172015404364571,调仓买入
2010-09-21,sz.002085,卖出,12.31,3693.0,6.88343,,,,,调仓卖出
2010-09-21,sh.600532,卖出,10.77,4308.0,7.19708,,,,,调仓卖出
2010-09-21,sh.600353,买入,16.99,6795.999999999999,5.06796,0.39605587510271145,0.002354326074161417,-0.07004120070629771,-0.13772807533843423,调仓买入
2010-09-30,sz.002056,卖出,31.66,3166.0,6.61466,,,,,调仓卖出
2010-09-30,sz.002461,卖出,23.85,2385.0,6.21635,,,,,调仓卖出
2010-09-30,sh.600081,卖出,16.5,3300.0,6.683000000000001,,,,,调仓卖出
2010-09-30,sh.600353,卖出,15.78,6312.0,8.21912,,,,,调仓卖出
2010-09-30,sz.000876,买入,17.15,3429.9999999999995,5.0343,1.0035046728971961,0.026239067055393805,0.042565597667638455,0.1545189504373179,调仓买入
2010-09-30,sz.002287,买入,30.13,3013.0,5.03013,0.38592456301747946,-0.0006637902422834685,-0.0750082973780285,-0.09658148025224034,调仓买入
2010-09-30,sz.002102,买入,12.7,3810.0,5.0381,0.3849509269356597,0.04488188976377949,-0.0944881889763779,-0.0795275590551181,调仓买入
2010-10-08,sh.600723,卖出,15.29,4587.0,7.33937,,,,,调仓卖出
2010-10-08,sz.002287,卖出,30.11,3011.0,6.53561,,,,,调仓卖出
2010-10-08,sz.002102,卖出,13.27,3981.0,7.03031,,,,,调仓卖出
2010-10-15,sh.600773,卖出,18.45,3690.0,6.8819,,,,,调仓卖出
2010-10-15,sh.600086,卖出,22.46,4492.0,7.29092,,,,,调仓卖出
2010-10-15,sh.600367,卖出,18.03,5409.0,7.75859,,,,,调仓卖出
2010-10-15,sz.000960,买入,38.38,3838.0000000000005,5.03838,0.7390122338015406,-0.09353830119854101,-0.007556018759770744,-0.04351224596143832,调仓买入
2010-10-15,sh.600058,买入,30.15,3015.0,5.03015,0.6484417714598141,-0.09684908789386393,0.04577114427860707,0.08490878938640134,调仓买入
2010-10-15,sh.601958,买入,25.17,2517.0,5.02517,0.6011450381679391,-0.098927294398093,-0.08700834326579265,0.17878426698450545,调仓买入
2010-10-15,sh.600292,买入,15.01,4503.0,5.04503,0.5866807610993656,-0.028647568287808123,0.04996668887408395,0.10126582278481022,调仓买入
2010-10-22,sh.600058,卖出,31.53,3153.0,6.60803,,,,,调仓卖出
2010-10-22,sh.601958,卖出,22.98,2298.0,6.1719800000000005,,,,,调仓卖出
2010-10-22,sh.600348,买入,28.88,2888.0,5.02888,0.7893432465923171,0.06232686980609414,0.039127423822714835,-0.08033240997229918,调仓买入
2010-10-22,sh.600531,买入,31.14,3114.0,5.03114,0.6970027247956403,0.09987154784842645,0.0012845215157353262,0.18111753371868988,调仓买入
2010-10-22,sh.600971,买入,49.55,4955.0,5.04955,0.654424040066778,0.030272452068617506,-0.04540867810292637,-0.1023208879919274,调仓买入
2010-10-22,sh.600095,买入,13.8,4140.0,5.0414,0.6121495327102804,0.013768115942028869,0.14275362318840568,0.10652173913043472,调仓买入
2010-10-29,sz.000876,卖出,19.48,3896.0,6.98696,,,,,调仓卖出
2010-10-29,sz.000960,卖出,38.77,3877.0000000000005,6.977270000000001,,,,,调仓卖出
2010-10-29,sh.600292,卖出,17.98,5394.0,7.75094,,,,,调仓卖出
2010-10-29,sh.600531,卖出,31.18,3118.0,6.59018,,,,,调仓卖出
2010-10-29,sh.600971,卖出,47.3,4730.0,7.4123,,,,,调仓卖出
2010-10-29,sz.000758,买入,35.91,3590.9999999999995,5.03591,0.9828823854224185,0.0999721526037316,0.036758563074352546,-0.18685602896129205,调仓买入
2010-10-29,sz.000928,买入,15.05,4515.0,5.04515,0.72,0.10033222591362123,0.10099667774086374,-0.07508305647840541,调仓买入
2010-10-29,sz.000602,买入,31.0,3100.0,5.031,0.7070484581497798,0.000322580645161441,-0.05032258064516126,-0.11129032258064508,调仓买入
2010-11-05,sh.600259,卖出,80.58,8058.0,9.109580000000001,,,,,调仓卖出
2010-11-05,sh.600095,卖出,16.09,4827.0,7.46177,,,,,调仓卖出
2010-11-05,sz.000758,卖出,37.23,3722.9999999999995,6.89873,,,,,调仓卖出
2010-11-05,sz.000602,卖出,29.44,2944.0,6.5014400000000006,,,,,调仓卖出
2010-11-05,sz.002013,买入,41.06,4106.0,5.04106,1.5377008652657604,0.023136872868972036,-0.06600097418412076,-0.12834875791524603,调仓买入
2010-11-05,sz.002006,买入,26.02,5204.0,5.05204,0.8323943661971831,0.06610299769408146,-0.03727901614142959,0.31591083781706386,调仓买入
2010-11-05,sh.600311,买入,19.8,3960.0,5.0396,0.8032786885245902,0.01414141414141401,0.016161616161616266,-0.06010101010101021,调仓买入
2010-11-05,sz.000777,买入,43.8,4380.0,5.0438,0.7196702002355713,-0.02100456621004554,-0.15753424657534243,-0.2009132420091324,调仓买入
2010-11-05,sz.000795,买入,19.03,3806.0,5.03806,0.6334763948497855,-0.03415659485023659,0.23121387283236983,0.08302679978980554,调仓买入
2010-11-05,sz.002057,买入,29.25,2925.0,5.02925,0.5983606557377048,-0.022222222222222143,-0.019829059829059803,-0.0010256410256410664,调仓买入
2010-11-12,sh.600348,卖出,31.48,3148.0,6.60548,,,,,调仓卖出
2010-11-12,sz.000970,买入,32.8,6559.999999999999,5.0656,0.7874659400544957,-0.007621951219512146,-0.1146341463414634,-0.11219512195121939,调仓买入
2010-11-12,sz.000977,买入,23.93,7179.0,5.07179,0.7265512265512266,0.013372335979941585,0.06142916840785628,0.09486000835771002,调仓买入
2010-11-12,sz.002106,买入,53.5,5350.0,5.0535,0.7163939685595122,0.10000000000000009,0.2656074766355139,0.2717757009345796,调仓买入
2010-11-19,sz.000928,卖出,13.7,4110.0,7.0961,,,,,调仓卖出
2010-11-19,sz.000777,卖出,36.29,3629.0,6.85079,,,,,调仓卖出
2010-11-19,sz.002057,卖出,26.95,2695.0,6.37445,,,,,调仓卖出
2010-11-19,sz.000970,卖出,29.04,5808.0,7.96208,,,,,调仓卖出
2010-11-26,sz.002013,卖出,36.75,3675.0,6.87425,,,,,调仓卖出
2010-11-26,sh.600311,卖出,20.45,4090.0,7.0859,,,,,调仓卖出
2010-11-26,sz.000795,卖出,20.45,4090.0,7.0859,,,,,调仓卖出
2010-11-26,sz.000977,卖出,26.63,7989.0,9.07439,,,,,调仓卖出
2010-11-26,sz.002106,卖出,63.19,6319.0,8.22269,,,,,调仓卖出
2010-11-26,sz.002049,买入,24.36,4872.0,5.04872,0.7449856733524354,-0.02791461412151064,-0.031609195402298784,0.09605911330049266,调仓买入
2010-11-26,sz.002289,买入,43.96,4396.0,5.04396,0.6233382570162482,-0.005914467697907155,-0.14217470427661505,-0.2099636032757053,调仓买入
2010-11-26,sh.600252,买入,37.01,3701.0,5.03701,0.6218229623137597,-0.01459065117535796,-0.02080518778708451,-0.03593623345041874,调仓买入
2010-11-26,sz.002035,买入,16.11,4833.0,5.04833,0.5950495049504951,0.0,0.008690254500310468,-0.05834885164494097,调仓买入
2010-11-26,sh.600986,买入,11.1,4440.0,5.0444,0.5438108484005562,-0.018018018018017945,-0.10990990990990979,-0.16576576576576574,调仓买入
2010-11-26,sz.002118,买入,29.9,2990.0,5.0299,0.5108640727640221,-0.025083612040133763,-0.15083612040133776,-0.11538461538461542,调仓买入
2010-12-03,sz.002006,卖出,34.24,6848.0,8.49248,,,,,调仓卖出
2010-12-03,sz.002289,卖出,37.71,3771.0,6.923209999999999,,,,,调仓卖出
2010-12-03,sh.600252,卖出,36.24,3624.0,6.8482400000000005,,,,,调仓卖出
2010-12-03,sz.002035,卖出,16.25,4875.0,7.48625,,,,,调仓卖出
2010-12-03,sh.600986,卖出,9.88,3952.0000000000005,7.01552,,,,,调仓卖出
2010-12-03,sz.002118,卖出,25.39,2539.0,6.29489,,,,,调仓卖出
2010-12-03,sz.002135,买入,19.7,3940.0,5.0394,0.4690529455630126,-0.04010152284263957,-0.05279187817258879,-0.15786802030456848,调仓买入
2010-12-03,sz.000506,买入,10.15,5075.0,5.05075,0.46253602305475505,0.03842364532019693,0.15270935960591125,0.10935960591132998,调仓买入
2010-12-03,sh.600801,买入,27.06,2706.0,5.02706,0.4020725388601034,0.029933481152993435,0.07501847745750179,0.11234294161123448,调仓买入
2010-12-03,sz.002450,买入,32.5,3250.0,5.0325,0.3581278729628081,-0.050153846153846104,0.025846153846153852,-0.01846153846153853,调仓买入
2010-12-03,sz.002256,买入,13.11,3933.0,5.03933,0.357142857142857,-0.05339435545385196,-0.01449275362318836,0.22730739893211283,调仓买入
2010-12-03,sz.002205,买入,32.79,3279.0,5.03279,0.34993824619184855,0.021957913998170042,-0.010978956999085021,-0.04696553827386396,调仓买入
2010-12-03,sh.600378,买入,17.78,3556.0,5.03556,0.32984293193717296,-0.009561304836895435,-0.011248593925759387,-0.032620922384702045,调仓买入
2010-12-10,sz.002450,卖出,33.34,3334.0000000000005,6.700340000000001,,,,,调仓卖出
2010-12-10,sz.002256,卖出,12.92,3876.0,6.97676,,,,,调仓卖出
2010-12-10,sz.002205,卖出,32.43,3243.0,6.65393,,,,,调仓卖出
2010-12-10,sh.600378,卖出,17.58,3515.9999999999995,6.79316,,,,,调仓卖出
2010-12-10,sz.002006,买入,42.5,4250.0,5.0425,0.6966067864271457,0.10000000000000009,0.07623529411764718,0.007058823529411784,调仓买入
2010-12-10,sz.000790,买入,24.69,4938.0,5.04938,0.5666243654822336,0.012555690562980892,0.007290400972053357,-0.1944106925880924,调仓买入
2010-12-10,sz.002222,买入,19.6,3920.0000000000005,5.0392,0.4996174445294568,0.015816326530612157,-0.022448979591836782,-0.09948979591836749,调仓买入
2010-12-10,sz.000666,买入,12.19,4876.0,5.04876,0.42907385697538114,0.010664479081214262,-0.011484823625922735,-0.0237899917965545,调仓买入
2010-12-10,sz.002168,买入,38.79,3879.0,5.03879,0.372125928546162,0.01804588811549368,0.005413766434648082,-0.07321474606857425,调仓买入
2010-12-17,sz.002049,卖出,25.99,5198.0,7.650980000000001,,,,,调仓卖出
2010-12-17,sz.002135,卖出,18.48,3696.0,6.8849599999999995,,,,,调仓卖出
2010-12-17,sh.600801,卖出,29.56,2956.0,6.50756,,,,,调仓卖出
2010-12-17,sz.000790,卖出,24.87,4974.0,7.53674,,,,,调仓卖出
2010-12-17,sz.002222,卖出,19.16,3832.0,6.95432,,,,,调仓卖出
2010-12-17,sz.000666,卖出,12.05,4820.0,7.4582,,,,,调仓卖出
2010-12-17,sz.002168,卖出,39.0,3900.0,6.989,,,,,调仓卖出
2010-12-17,sh.600495,买入,18.28,3656.0,5.03656,0.46474358974358987,-0.05306345733041584,-0.10667396061269163,-0.09682713347921224,调仓买入
2010-12-17,sz.000789,买入,13.06,5224.0,5.05224,0.4495005549389568,-0.03522205206738138,-0.05895865237366016,-0.19601837672281774,调仓买入
2010-12-17,sz.002256,买入,14.87,4461.0,5.04461,0.40681173131504256,0.01882985877605936,0.03564223268325506,-0.03160726294552785,调仓买入
2010-12-17,sh.601002,买入,14.86,4458.0,5.04458,0.39530516431924867,-0.00605652759084796,-0.0767160161507402,0.17900403768506057,调仓买入
2010-12-17,sh.600636,买入,14.12,4236.0,5.04236,0.3762183235867447,-0.03682719546742208,0.08073654390934859,-0.053824362606232246,调仓买入
2010-12-17,sz.002457,买入,41.3,4130.0,5.0413,0.3621372031662269,0.04818401937046013,-0.04721549636803868,-0.08111380145278435,调仓买入
2010-12-24,sz.000506,卖出,11.25,5625.0,7.86875,,,,,调仓卖出
2010-12-24,sh.600495,卖出,16.33,3265.9999999999995,6.66566,,,,,调仓卖出
2010-12-24,sz.002256,卖出,15.4,4620.0,7.356199999999999,,,,,调仓卖出
2010-12-24,sh.601002,卖出,13.72,4116.0,7.0991599999999995,,,,,调仓卖出
2010-12-24,sh.600636,卖出,15.26,4578.0,7.33478,,,,,调仓卖出
2010-12-24,sz.002457,卖出,39.35,3935.0,7.00685,,,,,调仓卖出
2010-12-24,sh.600239,买入,20.06,4011.9999999999995,5.04012,0.2648171500630516,-0.06729810568295103,-0.07427716849451638,-0.02093718843469583,调仓买入
2010-12-24,sz.000630,买入,30.18,3018.0,5.03018,0.261705685618729,0.0,0.16136514247846256,-0.1467859509609013,调仓买入
2010-12-24,sh.600614,买入,8.49,5094.0,5.05094,0.25591715976331364,0.002355712603062443,0.0800942285041224,0.1366313309776208,调仓买入
2010-12-24,sz.000979,买入,16.58,4973.999999999999,5.04974,0.2513207547169809,-0.0663449939686368,0.06453558504221957,0.05006031363088059,调仓买入
2010-12-24,sz.002146,买入,14.14,4242.0,5.04242,0.23493449781659392,-0.024045261669023987,-0.03889674681753896,-0.06082036775106092,调仓买入
2010-12-24,sh.600679,买入,12.74,5096.0,5.05096,0.2333010648596321,0.04788069073783352,0.04552590266875978,-0.21507064364207218,调仓买入
2010-12-31,sz.000789,卖出,12.38,4952.0,7.52552,,,,,调仓卖出
2010-12-31,sh.600239,卖出,18.57,3714.0,6.89414,,,,,调仓卖出
2010-12-31,sz.002146,卖出,13.59,4077.0,7.07927,,,,,调仓卖出
2010-12-31,sh.600679,卖出,13.32,5328.0,7.717280000000001,,,,,调仓卖出
2010-12-31,sz.002008,买入,22.4,4480.0,5.0448,0.35839902971497883,0.0714285714285714,-0.03437499999999993,-0.09419642857142851,调仓买入
2010-12-31,sh.600495,买入,16.61,4983.0,5.04983,0.33628318584070804,0.0746538229981939,0.12462372065021077,0.25285972305839843,调仓买入
2010-12-31,sh.600516,买入,14.01,5604.0,5.05604,0.3179680150517403,0.020699500356887945,-0.03140613847251961,0.009992862241256395,调仓买入
2010-12-31,sh.601808,买入,25.54,5108.0,5.05108,0.31649484536082473,0.009005481597494036,-0.06969459671104139,0.018794048551292075,调仓买入
2011-01-07,sz.002006,卖出,45.0,4500.0,7.295,,,,,调仓卖出
2011-01-07,sz.000630,卖出,32.5,3250.0,6.6575,,,,,调仓卖出
2011-01-07,sz.000979,卖出,18.15,5445.0,7.77695,,,,,调仓卖出
2011-01-07,sh.600495,卖出,18.14,5442.0,7.77542,,,,,调仓卖出
2011-01-07,sh.600516,卖出,13.69,5476.0,7.7927599999999995,,,,,调仓卖出
2011-01-07,sh.601808,卖出,24.74,4948.0,7.52348,,,,,调仓卖出
2011-01-07,sh.600332,买入,24.38,4876.0,5.04876,0.46602525556223684,-0.07095980311730932,-0.10992616899097618,-0.09803117309269893,调仓买入
2011-01-07,sh.600395,买入,33.7,3370.0000000000005,5.0337,0.40651085141903187,-0.0026706231454006746,-0.11038575667655792,-0.12997032640949557,调仓买入
2011-01-07,sz.002146,买入,14.85,4455.0,5.04455,0.36992619926199266,0.007407407407407529,-0.03703703703703698,-0.16363636363636358,调仓买入
2011-01-07,sh.600288,买入,12.58,5032.0,5.05032,0.36442516268980474,-0.03020667726550086,-0.032591414944356134,-0.06915739268680443,调仓买入
2011-01-07,sh.600869,买入,30.53,3053.0,5.03053,0.3532801418439717,-0.019980347199475945,0.07762856207009494,0.06026858827382897,调仓买入
2011-01-07,sz.002479,买入,39.49,3949.0,5.03949,0.33547514372675025,0.06254748037477831,-0.04735376044568251,0.12889339073183081,调仓买入
2011-01-07,sz.002118,买入,33.45,3345.0000000000005,5.03345,0.3337320574162681,-0.03736920777279518,0.002989536621823552,-0.07892376681614366,调仓买入
2011-01-14,sz.002008,卖出,21.49,4298.0,7.19198,,,,,调仓卖出
2011-01-14,sh.600332,卖出,21.7,4340.0,7.2134,,,,,调仓卖出
2011-01-14,sh.600395,卖出,29.98,2998.0,6.528980000000001,,,,,调仓卖出
2011-01-14,sz.002146,卖出,14.3,4290.0,7.187900000000001,,,,,调仓卖出
2011-01-14,sh.600288,卖出,12.17,4868.0,7.48268,,,,,调仓卖出
2011-01-14,sz.002479,卖出,37.62,3761.9999999999995,6.918620000000001,,,,,调仓卖出
2011-01-14,sz.002282,买入,22.63,4526.0,5.04526,0.2778091473743647,-0.06849315068493156,0.01590808661069376,0.19045514803358388,调仓买入
2011-01-14,sz.000755,买入,12.92,5168.0,5.05168,0.25193798449612403,-0.0727554179566563,-0.07120743034055732,0.056501547987616085,调仓买入
2011-01-14,sh.601002,买入,18.09,5427.0,5.05427,0.2272727272727273,-0.031509121061359835,0.1166390270867883,0.5505804311774463,调仓买入
2011-01-14,sh.600383,买入,7.33,5131.0,5.05131,0.22575250836120397,-0.08185538881309684,-0.019099590723055893,-0.068212824010914,调仓买入
2011-01-21,sh.600614,卖出,9.74,5844.0,7.98044,,,,,调仓卖出
2011-01-21,sz.002118,卖出,28.59,2859.0,6.45809,,,,,调仓卖出
2011-01-21,sz.002282,卖出,22.99,4598.0,7.34498,,,,,调仓卖出
2011-01-21,sz.000755,卖出,12.0,4800.0,7.448,,,,,调仓卖出
2011-01-21,sh.600383,卖出,7.19,5033.0,7.5668299999999995,,,,,调仓卖出
2011-01-21,sz.002171,买入,32.33,3233.0,5.03233,0.6486486486486487,-0.09990720692854926,-0.016702752861119663,-0.03402412619857709,调仓买入
2011-01-21,sh.600069,买入,8.75,4375.0,5.04375,0.5034364261168385,-0.07771428571428574,-0.08799999999999997,0.0605714285714285,调仓买入
2011-01-21,sh.600637,买入,11.81,4724.0,5.04724,0.40930787589498796,0.015241320914479273,-0.053344623200677455,0.08128704487722271,调仓买入
2011-01-21,sh.600112,买入,13.45,4035.0,5.04035,0.30963972736124634,0.009665427509293778,0.06617100371747209,0.26245353159851303,调仓买入
2011-01-21,sz.000850,买入,12.0,4800.0,5.048,0.30434782608695654,-0.06999999999999995,-0.060833333333333406,0.029166666666666563,调仓买入
2011-01-21,sh.600821,买入,7.65,4590.0,5.0459,0.2922297297297298,-0.09934640522875826,-0.045751633986928164,-0.03529411764705892,调仓买入
2011-01-21,sz.002060,买入,14.32,4296.0,5.04296,0.2774308652988402,-0.005586592178770999,0.0405027932960893,-0.012569832402234637,调仓买入
2011-01-21,sh.600819,买入,15.18,4554.0,5.04554,0.27348993288590595,-0.06060606060606055,-0.007246376811594124,0.15546772068511205,调仓买入
2011-01-28,sh.600869,卖出,30.07,3007.0,6.53357,,,,,调仓卖出
2011-01-28,sz.000850,卖出,11.27,4508.0,7.29908,,,,,调仓卖出
2011-01-28,sh.600821,卖出,7.3,4380.0,7.2338000000000005,,,,,调仓卖出
2011-01-28,sz.002060,卖出,14.9,4470.0,7.2797,,,,,调仓卖出
2011-01-28,sh.600819,卖出,15.07,4521.0,7.3057099999999995,,,,,调仓卖出
2011-01-28,sh.600502,买入,18.96,3792.0,5.03792,0.4363636363636365,0.10021097046413496,0.03850210970464141,-0.031118143459915593,调仓买入
2011-01-28,sh.600072,买入,23.79,4758.0,5.04758,0.3633237822349571,0.10004203446826399,0.13955443463640194,0.046237915090374226,调仓买入
2011-01-28,sh.600318,买入,15.48,4644.0,5.04644,0.34843205574912894,0.018733850129198926,0.054263565891472965,0.14534883720930236,调仓买入
2011-02-01,sh.600112,卖出,15.1,4530.0,7.3103,,,,,调仓卖出
2011-02-01,sh.600318,卖出,14.98,4494.0,7.29194,,,,,调仓卖出
2011-02-01,sh.600478,买入,23.55,4710.0,5.0471,0.38285378743394016,0.03397027600849256,0.02972399150743099,0.16730360934182587,调仓买入
2011-02-01,sz.002060,买入,15.33,4599.0,5.04599,0.32957502168256725,0.03131115459882583,-0.005870841487279788,-0.0971950424005219,调仓买入
2011-02-01,sz.000880,买入,23.5,4700.0,5.047,0.3261851015801356,0.04936170212765956,0.06808510638297882,-0.01191489361702136,调仓买入
2011-02-11,sz.002060,卖出,14.94,4482.0,7.285819999999999,,,,,调仓卖出
2011-02-11,sz.000880,卖出,24.95,4990.0,7.5449,,,,,调仓卖出
2011-02-11,sh.600116,买入,22.12,4424.0,5.04424,0.7752808988764044,-0.010849909584086936,0.020343580470162825,-0.056057866184448524,调仓买入
2011-02-11,sh.601118,买入,14.88,5952.0,5.05952,0.35149863760218003,0.006720430107526765,0.02889784946236551,-0.06720430107526887,调仓买入
2011-02-18,sh.600069,卖出,8.71,4355.0,7.22105,,,,,调仓卖出
2011-02-18,sh.600637,卖出,11.77,4708.0,7.40108,,,,,调仓卖出
2011-02-18,sh.600502,卖出,19.55,3910.0,6.9941,,,,,调仓卖出
2011-02-18,sh.600478,卖出,24.21,4842.0,7.46942,,,,,调仓卖出
2011-02-18,sz.000789,买入,16.02,4806.0,5.04806,0.49719626168224296,0.00811485642946308,0.03121098626716612,0.02684144818976275,调仓买入
2011-02-18,sz.000009,买入,21.79,4358.0,5.04358,0.48635743519781705,0.10004589261128949,0.09821018815970639,-0.0954566314823313,调仓买入
2011-02-18,sh.600801,买入,36.48,3647.9999999999995,5.03648,0.4222222222222223,0.0074013157894736725,0.0699013157894739,0.19544956140350878,调仓买入
2011-02-18,sh.601117,买入,7.41,5187.0,5.05187,0.4114285714285715,0.010796221322537214,0.08232118758434548,0.08636977058029705,调仓买入
2011-02-18,sz.000795,买入,23.18,4636.0,5.04636,0.4057004244996969,-0.0017256255392579245,-0.07420189818809309,-0.0651423641069887,调仓买入
2011-02-25,sh.601002,卖出,25.39,7617.0,8.88467,,,,,调仓卖出
2011-02-25,sz.002171,卖出,31.23,3123.0,6.5927299999999995,,,,,调仓卖出
2011-02-25,sh.600072,卖出,25.53,5106.0,7.60406,,,,,调仓卖出
2011-02-25,sh.601118,卖出,14.91,5964.0,8.041640000000001,,,,,调仓卖出
2011-02-25,sh.601117,卖出,8.02,5614.0,7.86314,,,,,调仓卖出
2011-02-25,sz.000795,卖出,21.46,4292.0,7.1889199999999995,,,,,调仓卖出
2011-02-25,sz.000885,买入,16.34,4902.0,5.04902,0.4814143245693563,-0.02631578947368418,0.027539779681762466,0.09363525091799274,调仓买入
2011-02-25,sz.002059,买入,12.33,4932.0,5.04932,0.4784172661870505,0.041362530413625365,-0.0032441200324412334,-0.03325223033252234,调仓买入
2011-02-25,sh.600776,买入,8.4,5880.0,5.0588,0.46596858638743455,0.029761904761904656,-0.04404761904761911,-0.050000000000000044,调仓买入
2011-02-25,sz.000931,买入,8.9,5340.0,5.0534,0.4401294498381878,0.033707865168539186,0.004494382022471877,0.04719101123595504,调仓买入
2011-02-25,sh.600736,买入,6.91,5528.0,5.05528,0.43958333333333344,0.09985528219971052,0.1765557163531115,0.20405209840810423,调仓买入
2011-03-04,sh.600116,卖出,20.86,4172.0,7.12772,,,,,调仓卖出
2011-03-04,sz.000789,卖出,17.4,5220.0,7.6622,,,,,调仓卖出
2011-03-04,sz.000009,卖出,20.92,4184.0,7.133839999999999,,,,,调仓卖出
2011-03-04,sz.002059,卖出,12.29,4916.0,7.50716,,,,,调仓卖出
2011-03-04,sh.600776,卖出,8.03,5621.0,7.86671,,,,,调仓卖出
2011-03-04,sz.000931,卖出,8.94,5364.0,7.73564,,,,,调仓卖出
2011-03-04,sh.600466,买入,17.02,5106.0,5.05106,0.6460348162475822,-0.018801410105757976,0.2085781433607521,0.10987074030552302,调仓买入
2011-03-04,sh.600851,买入,11.4,4560.0,5.0456,0.5510204081632655,-0.01140350877192986,0.213157894736842,0.11403508771929816,调仓买入
2011-03-04,sh.600503,买入,21.95,4390.0,5.0439,0.5200831024930748,0.004555808656036442,-0.059681093394077345,-0.0432801822323462,调仓买入
2011-03-04,sz.000752,买入,13.55,5420.0,5.0542,0.49064906490649074,0.03321033210332103,0.06346863468634689,0.9845018450184502,调仓买入
2011-03-04,sz.000056,买入,14.0,4200.0,5.042,0.4644351464435146,0.0014285714285713347,0.15500000000000003,0.09071428571428575,调仓买入
2011-03-04,sh.600735,买入,13.67,5468.0,5.05468,0.43894736842105253,0.00585223116313105,-0.03218727139722011,-0.15215801024140452,调仓买入
2011-03-11,sh.600801,卖出,41.47,4147.0,7.1149700000000005,,,,,调仓卖出
2011-03-11,sz.000885,卖出,17.03,5109.0,7.60559,,,,,调仓卖出
2011-03-11,sh.600503,卖出,20.64,4128.0,7.1052800000000005,,,,,调仓卖出
2011-03-11,sh.600735,卖出,13.23,5292.0,7.69892,,,,,调仓卖出
2011-03-11,sz.002058,买入,26.01,5202.0,5.05202,0.5381431105854524,-0.008073817762399127,-0.10957324106113042,-0.5332564398308344,调仓买入
2011-03-11,sh.600730,买入,11.84,4736.0,5.04736,0.5063613231552162,0.01858108108108114,-0.00929054054054046,0.007601351351351315,调仓买入
2011-03-11,sz.002417,买入,32.88,3288.0000000000005,5.03288,0.46524064171123003,0.010340632603406119,-0.02676399026763998,-0.1383819951338201,调仓买入
2011-03-18,sz.000056,卖出,16.8,5040.0,7.570399999999999,,,,,调仓卖出
2011-03-18,sz.002417,卖出,32.0,3200.0,6.632,,,,,调仓卖出
2011-03-18,sh.600200,买入,11.36,5680.0,5.0568,0.6755162241887904,0.07042253521126773,0.27200704225352124,0.433098591549296,调仓买入
2011-03-18,sz.002136,买入,24.18,4836.0,5.04836,0.5255520504731861,0.0,0.07981803143093469,0.2572373862696442,调仓买入
2011-03-18,sz.002011,买入,34.86,3486.0,5.03486,0.40000000000000013,-0.034136546184738936,-0.050774526678140974,-0.14773379231210548,调仓买入
2011-03-25,sh.600736,卖出,8.32,6656.0,8.39456,,,,,调仓卖出
2011-03-25,sh.600851,卖出,13.92,5568.0,7.8396799999999995,,,,,调仓卖出
2011-03-25,sz.002058,卖出,25.03,5006.0,7.55306,,,,,调仓卖出
2011-03-25,sh.600730,卖出,12.4,4960.0,7.5296,,,,,调仓卖出
2011-03-25,sz.002011,卖出,33.09,3309.0000000000005,6.68759,,,,,调仓卖出
2011-03-25,sh.600247,买入,9.17,5502.0,5.05502,0.6825688073394496,0.0010905125408942062,-0.09378407851690285,-0.19738276990185388,调仓买入
2011-03-25,sh.600636,买入,24.51,4902.0,5.04902,0.62317880794702,0.059975520195838294,0.10648714810281512,0.2407180742554058,调仓买入
2011-03-25,sz.002225,买入,15.78,4734.0,5.04734,0.5623762376237624,0.10012674271229405,0.06020278833967052,-0.05513307984790872,调仓买入
2011-03-25,sz.000801,买入,24.37,4874.0,5.0487400000000004,0.492345376607471,0.018054985638079613,-0.09684037751333607,-0.4357816988100124,调仓买入
2011-03-25,sh.600962,买入,16.98,5094.0,5.05094,0.47523892267593393,-0.019434628975265156,-0.03180212014134276,0.13604240282685498,调仓买入
2011-03-25,sh.600255,买入,14.49,4347.0,5.04347,0.4122807017543859,-0.021394064872325758,-0.10213940648723263,-0.2091097308488612,调仓买入
2011-04-01,sh.600466,卖出,18.89,5667.0,7.89017,,,,,调仓卖出
2011-04-01,sz.000801,卖出,22.01,4402.0,7.24502,,,,,调仓卖出
2011-04-01,sh.600962,卖出,16.44,4932.0,7.51532,,,,,调仓卖出
2011-04-01,sh.600255,卖出,13.01,3903.0,6.990530000000001,,,,,调仓卖出
2011-04-01,sh.600010,买入,7.89,5523.0,5.05523,0.6471816283924843,0.0025348542458809575,0.1267427122940432,0.0025348542458809575,调仓买入
2011-04-01,sh.600961,买入,23.86,4772.0,5.04772,0.3839907192575407,-0.025984911986588477,-0.029337803855825628,-0.1906957250628668,调仓买入
2011-04-01,sh.600112,买入,21.81,4362.0,5.04362,0.3631249999999999,0.03988995873452539,0.043558000917010675,-0.11691884456671242,调仓买入
2011-04-08,sh.600200,卖出,12.78,6390.0,8.2589,,,,,调仓卖出
2011-04-08,sh.600961,卖出,22.58,4516.0,7.30316,,,,,调仓卖出
2011-04-08,sz.002408,买入,63.77,6377.0,5.06377,0.39540481400437644,-0.0006272541947625054,0.1569703622392975,-0.4881605770738592,调仓买入
2011-04-15,sz.002136,卖出,27.76,5552.0,7.831519999999999,,,,,调仓卖出
2011-04-15,sh.600247,卖出,7.78,4668.0,7.38068,,,,,调仓卖出
2011-04-15,sh.600112,卖出,25.04,5008.0,7.554080000000001,,,,,调仓卖出
2011-04-15,sh.600882,买入,19.19,3838.0000000000005,5.03838,1.0858695652173918,0.10005211047420515,-0.11047420531526841,-0.2261594580510683,调仓买入
2011-04-15,sz.002075,买入,10.58,5290.0,5.0529,0.6928000000000001,-0.022684310018903586,-0.09262759924385633,-0.19565217391304346,调仓买入
2011-04-15,sh.600889,买入,11.87,4748.0,5.04748,0.45823095823095805,0.07076663858466747,0.10278011794439768,-0.006739679865206405,调仓买入
2011-04-15,sh.600056,买入,26.0,5200.0,5.052,0.4184397163120568,0.0015384615384614886,-0.054230769230769194,-0.07423076923076921,调仓买入
2011-04-22,sz.000752,卖出,23.77,9508.0,9.84908,,,,,调仓卖出
2011-04-22,sz.002225,卖出,15.81,4743.0,7.4189300000000005,,,,,调仓卖出
2011-04-22,sh.600010,卖出,7.9,5530.0,7.8203,,,,,调仓卖出
2011-04-22,sz.002408,卖出,70.9,7090.000000000001,8.6159,,,,,调仓卖出
2011-04-22,sh.600056,卖出,24.59,4918.0,7.508179999999999,,,,,调仓卖出
2011-04-22,sh.600618,买入,14.16,5664.0,5.05664,0.5892255892255893,-0.026836158192090398,-0.08757062146892658,0.23305084745762716,调仓买入
2011-04-22,sh.600768,买入,15.37,6148.0,5.06148,0.5142857142857142,0.0,-0.09759271307742357,-0.1333767078724788,调仓买入
2011-04-22,sz.002204,买入,41.31,4131.0,5.04131,0.4961970300615719,-0.024691358024691468,-0.08787218591140167,-0.20309852335996126,调仓买入
2011-04-22,sh.600152,买入,11.92,5960.0,5.0596,0.4770755885997522,-0.07802013422818788,-0.028523489932885893,0.20973154362416113,调仓买入
2011-04-22,sz.002102,买入,14.77,5908.0,5.05908,0.3973509933774835,0.035883547731889065,-0.035883547731888954,0.08259986459038604,调仓买入
2011-04-22,sh.600876,买入,10.69,6414.0,5.06414,0.3955613577023498,0.10009354536950421,0.024321796071094415,0.13938260056127216,调仓买入
2011-04-29,sh.600636,卖出,30.48,6096.0,8.10896,,,,,调仓卖出
2011-04-29,sz.002075,卖出,8.46,4230.0,7.1573,,,,,调仓卖出
2011-04-29,sh.600889,卖出,11.25,4500.0,7.295,,,,,调仓卖出
2011-04-29,sh.600152,卖出,11.58,5790.0,7.9529,,,,,调仓卖出
2011-04-29,sh.600022,买入,5.28,6864.0,5.06864,0.47075208913649047,0.022727272727272707,0.11174242424242431,-0.14393939393939403,调仓买入
2011-04-29,sz.002034,买入,20.5,6150.0,5.0615,0.43557422969187676,0.013658536585365866,0.07268292682926814,-0.015121951219512098,调仓买入
2011-04-29,sh.600102,买入,10.45,6270.0,5.0627,0.3822751322751323,0.024880382775119836,0.11004784688995217,-0.1454545454545454,调仓买入
2011-05-06,sh.600882,卖出,16.63,3326.0,6.6962600000000005,,,,,调仓卖出
2011-05-06,sh.600768,卖出,14.94,5976.0,8.04776,,,,,调仓卖出
2011-05-06,sz.002204,卖出,37.4,3740.0,6.9074,,,,,调仓卖出
2011-05-06,sh.600816,买入,20.54,4108.0,5.04108,0.5102941176470588,0.023369036027263812,0.05842259006815964,-0.049172346640701026,调仓买入
2011-05-06,sz.002075,买入,9.28,4640.0,5.0464,0.4847999999999999,-0.012931034482758563,-0.0818965517241379,-0.16163793103448265,调仓买入
2011-05-06,sz.001896,买入,8.38,5028.000000000001,5.05028,0.47275922671353254,-0.005966587112171906,0.06205250596658707,0.07040572792362765,调仓买入
2011-05-13,sh.600022,卖出,5.3,6890.0,8.5139,,,,,调仓卖出
2011-05-13,sh.600102,卖出,10.87,6521.999999999999,8.32622,,,,,调仓卖出
2011-05-13,sz.002075,卖出,8.52,4260.0,7.1726,,,,,调仓卖出
2011-05-13,sh.600532,买入,16.29,4887.0,5.04887,0.6639427987742594,0.012277470841006721,-0.09269490484960097,-0.14180478821362796,调仓买入
2011-05-13,sz.000411,买入,16.18,4854.0,5.04854,0.498148148148148,-0.03337453646477129,-0.024721878862793645,-0.2039555006180469,调仓买入
2011-05-13,sz.000056,买入,23.02,4604.0,5.04604,0.4794344473007712,0.014335360556038346,0.07906168549087744,0.03388357949609033,调仓买入
2011-05-20,sz.002102,卖出,17.77,7108.0,8.62508,,,,,调仓卖出
2011-05-20,sh.600876,卖出,12.29,7373.999999999999,8.76074,,,,,调仓卖出
2011-05-20,sz.001896,卖出,7.63,4578.0,7.33478,,,,,调仓卖出
2011-05-20,sz.002195,买入,32.48,6495.999999999999,5.06496,0.37510584250635026,-0.05480295566502458,-0.46490147783251234,-0.5113916256157636,调仓买入
2011-05-20,sh.600152,买入,15.34,6136.0,5.06136,0.3397379912663756,-0.059973924380704036,-0.12320730117340295,-0.2444589308996089,调仓买入
2011-05-27,sh.600816,卖出,19.46,3892.0,6.98492,,,,,调仓卖出
2011-05-27,sz.002195,卖出,17.38,3476.0,6.77276,,,,,调仓卖出
2011-05-27,sh.600714,买入,20.31,6093.0,5.06093,0.48464912280701755,0.03594288527818801,0.2289512555391433,0.11915312653865096,调仓买入
2011-05-27,sh.600619,买入,12.72,5088.0,5.05088,0.43891402714932126,0.030660377358490365,0.06446540880503138,-0.003144654088050425,调仓买入
2011-05-27,sh.600167,买入,14.69,5876.0,5.05876,0.433170731707317,-0.029271613342409797,-0.055139550714771834,0.012253233492171445,调仓买入
2011-05-27,sh.600114,买入,17.01,5103.000000000001,5.05103,0.3851791530944628,-0.0064667842445621515,0.04291593180482045,-0.06525573192239864,调仓买入
2011-06-03,sh.600618,卖出,17.91,7164.0,8.653640000000001,,,,,调仓卖出
2011-06-03,sz.002034,卖出,21.94,6582.0,8.35682,,,,,调仓卖出
2011-06-03,sh.600532,卖出,14.06,4218.0,7.15118,,,,,调仓卖出
2011-06-03,sz.000411,卖出,13.05,3915.0,6.996650000000001,,,,,调仓卖出
2011-06-03,sz.000056,卖出,22.95,4590.0,7.3408999999999995,,,,,调仓卖出
2011-06-03,sh.600152,卖出,12.9,5160.0,7.6316,,,,,调仓卖出
2011-06-03,sh.600229,买入,10.25,5125.0,5.05125,0.45596590909090917,0.10048780487804865,0.11609756097560964,-0.0009756097560975618,调仓买入
2011-06-03,sz.000732,买入,10.23,5115.0,5.05115,0.4013698630136988,0.0009775171065493637,-0.01270772238514184,-0.09677419354838712,调仓买入
2011-06-03,sh.600242,买入,10.21,5105.0,5.05105,0.3613333333333335,0.03134182174338873,-0.05876591576885415,-0.10773751224289929,调仓买入
2011-06-03,sh.600810,买入,16.18,4854.0,5.04854,0.350584307178631,0.003708281829418958,-0.06922126081582192,0.03646477132262049,调仓买入
2011-06-03,sh.600975,买入,13.34,5336.0,5.05336,0.344758064516129,0.008995502248875686,-0.07946026986506749,0.045727136431784166,调仓买入
2011-06-03,sh.600568,买入,14.94,4482.0,5.04482,0.33273862622658323,0.0997322623828647,0.05756358768406966,-0.021419009370816644,调仓买入
2011-06-10,sz.000732,卖出,10.22,5110.0,7.6061,,,,,调仓卖出
2011-06-10,sh.600242,卖出,9.77,4885.0,7.49135,,,,,调仓卖出
2011-06-10,sh.600810,卖出,14.96,4488.0,7.288880000000001,,,,,调仓卖出
2011-06-10,sz.000752,买入,36.97,3697.0,5.03697,0.5133033155955791,-0.02272112523667824,-0.15228563700297537,-0.12685961590478756,调仓买入
2011-06-10,sh.600721,买入,22.17,4434.0,5.04434,0.3460837887067396,0.008570139828597112,-0.08795669824086616,0.05322507893549844,调仓买入
2011-06-10,sh.600272,买入,13.13,5252.0,5.05252,0.3235887096774195,-0.031226199543031186,-0.17136329017517138,-0.07692307692307698,调仓买入
2011-06-17,sh.600714,卖出,21.89,6567.0,8.34917,,,,,调仓卖出
2011-06-17,sh.600114,卖出,14.94,4482.0,7.285819999999999,,,,,调仓卖出
2011-06-17,sh.600568,卖出,13.69,4107.0,7.094570000000001,,,,,调仓卖出
2011-06-17,sh.600272,卖出,10.88,4352.0,7.21952,,,,,调仓卖出
2011-06-17,sz.002423,买入,11.18,5590.0,5.0559,0.2125813449023859,0.04114490161001805,0.14042933810375668,0.13595706618962433,调仓买入
2011-06-17,sh.600139,买入,25.07,5014.0,5.05014,0.17589118198874298,-0.08895093737534909,-0.0658157159952133,-0.04587155963302747,调仓买入
2011-06-17,sz.000707,买入,10.18,6108.0,5.06108,0.15550510783200888,0.01964636542239706,0.06974459724950899,0.13359528487229855,调仓买入
2011-06-24,sh.600619,卖出,12.29,4916.0,7.50716,,,,,调仓卖出
2011-06-24,sh.600167,卖出,14.4,5760.0,7.9376,,,,,调仓卖出
2011-06-24,sh.600229,卖出,10.32,5160.0,7.6316,,,,,调仓卖出
2011-06-24,sh.600975,卖出,12.81,5124.0,7.613239999999999,,,,,调仓卖出
2011-06-24,sz.000752,卖出,33.88,3388.0000000000005,6.72788,,,,,调仓卖出
2011-06-24,sh.600139,卖出,23.42,4684.0,7.38884,,,,,调仓卖出
2011-06-24,sz.000707,卖出,10.89,6534.0,8.33234,,,,,调仓卖出
2011-06-24,sz.002362,买入,25.6,5120.0,5.0512,0.3466596528143082,-0.009375000000000022,-0.04492187500000011,-0.06406250000000002,调仓买入
2011-06-24,sz.002542,买入,24.75,4950.0,5.0495,0.304004214963119,0.049292929292929166,0.04323232323232329,0.10222222222222221,调仓买入
2011-06-24,sz.002136,买入,26.98,5396.0,5.05396,0.27565011820330976,0.10007412898443291,0.100815418828762,0.27242401779095626,调仓买入
2011-06-24,sz.002233,买入,11.24,4496.0,5.04496,0.27005649717514135,0.020462633451957313,0.19306049822064053,0.4822064056939501,调仓买入
2011-06-24,sh.601117,买入,8.37,5021.999999999999,5.05022,0.2681818181818181,0.02508960573476715,0.06212664277180413,0.0131421744324971,调仓买入
2011-06-24,sz.002468,买入,16.14,4842.0,5.04842,0.25603112840466924,0.047087980173481814,0.030978934324659146,-0.029120198265179753,调仓买入
2011-07-01,sz.002362,卖出,24.45,4890.0,7.4939,,,,,调仓卖出
2011-07-01,sz.002542,卖出,25.82,5164.0,7.63364,,,,,调仓卖出
2011-07-01,sz.002136,卖出,29.7,5940.0,8.0294,,,,,调仓卖出
2011-07-01,sz.002468,卖出,16.64,4992.0,7.545920000000001,,,,,调仓卖出
2011-07-01,sh.600807,买入,10.26,5130.0,5.0513,0.5245170876671619,0.00877192982456143,-0.05555555555555558,-0.19590643274853803,调仓买入
2011-07-01,sz.002150,买入,10.47,5235.0,5.05235,0.30548628428927693,0.03629417382999045,0.04011461318051568,-0.054441260744985676,调仓买入
2011-07-01,sz.000707,买入,10.75,5375.0,5.05375,0.28742514970059885,0.051162790697674376,0.026976744186046453,-0.038139534883720905,调仓买入
2011-07-01,sh.600493,买入,7.81,5467.0,5.05467,0.2824302134646961,0.010243277848911658,-0.007682458386683688,-0.07938540332906519,调仓买入
2011-07-01,sz.002192,买入,23.61,4722.0,5.04722,0.2789815817984831,0.09995764506565008,0.06903854299025824,-0.09191020753917822,调仓买入
2011-07-08,sh.600721,卖出,23.35,4670.0,7.3817,,,,,调仓卖出
2011-07-08,sh.601117,卖出,8.79,5273.999999999999,7.68974,,,,,调仓卖出
2011-07-08,sh.600807,卖出,9.69,4845.0,7.47095,,,,,调仓卖出
2011-07-08,sz.002150,卖出,10.89,5445.0,7.77695,,,,,调仓卖出
2011-07-08,sz.000707,卖出,11.04,5520.0,7.815200000000001,,,,,调仓卖出
2011-07-08,sh.600493,卖出,7.75,5425.0,7.76675,,,,,调仓卖出
2011-07-08,sz.002459,买入,19.68,3936.0,5.03936,0.40270848182466157,0.010162601626016121,0.07164634146341475,-0.029471544715447107,调仓买入
2011-07-08,sz.002136,买入,34.47,3447.0,5.03447,0.38991935483870965,0.02233826515810855,-0.017116333043225906,-0.13054830287206265,调仓买入
2011-07-08,sz.002586,买入,27.55,5510.0,5.0551,0.3302752293577982,0.015607985480943665,0.05226860254083476,0.147005444646098,调仓买入
2011-07-08,sz.002460,买入,35.08,3508.0,5.03508,0.3222766679231057,0.014823261117445918,0.035062713797035405,-0.1291334093500569,调仓买入
2011-07-08,sz.002583,买入,20.54,4108.0,5.04108,0.31835686777920413,0.00778967867575453,0.09055501460564752,0.2054527750730284,调仓买入
2011-07-08,sz.000789,买入,18.28,5484.0,5.05484,0.31133428981348654,0.01641137855579844,0.07768052516411372,0.003829321663019636,调仓买入
2011-07-15,sz.002423,卖出,12.7,6350.0,8.2385,,,,,调仓卖出
2011-07-15,sz.002192,卖出,25.57,5114.0,7.608140000000001,,,,,调仓卖出
2011-07-15,sz.002459,卖出,21.09,4218.0,7.15118,,,,,调仓卖出
2011-07-15,sz.002586,卖出,28.99,5798.0,7.95698,,,,,调仓卖出
2011-07-15,sz.002460,卖出,36.31,3631.0,6.85181,,,,,调仓卖出
2011-07-15,sz.002583,卖出,22.4,4480.0,7.284800000000001,,,,,调仓卖出
2011-07-15,sz.000789,卖出,19.7,5910.0,8.0141,,,,,调仓卖出
2011-07-15,sz.000620,买入,8.98,5388.0,5.05388,6.675213675213676,0.007795100222717233,-0.04008908685968837,-0.24053452115812923,调仓买入
2011-07-15,sz.002102,买入,14.0,5600.0,5.056,0.7834394904458599,0.0,-0.10214285714285709,-0.1735714285714286,调仓买入
2011-07-15,sh.600242,买入,13.49,5396.0,5.05396,0.5870588235294119,0.01630837657524098,-0.03854707190511486,-0.15492957746478875,调仓买入
2011-07-15,sz.002466,买入,43.6,4360.0,5.0436,0.5175774451792552,-0.01788990825688075,-0.07064220183486236,-0.18669724770642204,调仓买入
2011-07-15,sh.600696,买入,9.14,5484.0,5.05484,0.48859934853420217,0.09956236323851209,0.23413566739606106,0.3577680525164113,调仓买入
2011-07-15,sz.002532,买入,25.86,5172.0,5.05172,0.44630872483221484,-0.0034802784222738303,-0.0556844547563804,-0.15699922660479504,调仓买入
2011-07-15,sh.600232,买入,9.02,5412.0,5.05412,0.44320000000000004,0.0232815964523283,-0.006651884700665023,-0.11751662971175159,调仓买入
2011-07-22,sz.002136,卖出,34.33,3433.0,6.75083,,,,,调仓卖出
2011-07-22,sz.002466,卖出,40.52,4052.0000000000005,7.066520000000001,,,,,调仓卖出
2011-07-22,sz.002532,卖出,24.42,4884.0,7.49084,,,,,调仓卖出
2011-07-22,sh.601311,买入,26.57,5314.0,5.05314,0.5474665113570178,-0.02634550244636802,0.04328189687617612,-0.04215280391418896,调仓买入
2011-07-22,sh.600668,买入,15.28,6112.0,5.06112,0.37163375224416506,-0.0490837696335078,-0.10405759162303663,-0.20287958115183247,调仓买入
2011-07-22,sh.600070,买入,13.28,5312.0,5.05312,0.37048503611971095,0.004518072289156683,0.01957831325301207,-0.20707831325301207,调仓买入
2011-07-22,sz.002431,买入,36.11,3611.0,5.03611,0.36676760030280087,-0.03157020216006645,0.060094156743284444,-0.025200775408473985,调仓买入
2011-07-29,sz.002233,卖出,14.21,5684.0,7.89884,,,,,调仓卖出
2011-07-29,sz.002102,卖出,12.39,4956.0,7.527559999999999,,,,,调仓卖出
2011-07-29,sh.600232,卖出,8.18,4908.0,7.503080000000001,,,,,调仓卖出
2011-07-29,sh.600668,卖出,13.69,5476.0,7.7927599999999995,,,,,调仓卖出
2011-07-29,sh.600070,卖出,13.54,5416.0,7.762160000000001,,,,,调仓卖出
2011-07-29,sh.600193,买入,19.68,5904.0,5.05904,0.38591549295774663,0.001524390243902607,-0.09705284552845528,-0.03302845528455278,调仓买入
2011-07-29,sz.002259,买入,10.24,5120.0,5.0512,0.38565629228687426,-0.04296875,-0.0830078125,0.0224609375,调仓买入
2011-07-29,sz.002469,买入,36.23,3622.9999999999995,5.03623,0.33887657058388765,-0.013248688931824404,-0.04223019597019029,-0.011040574109853707,调仓买入
2011-07-29,sz.002450,买入,27.71,5542.0,5.05542,0.33606557377049184,-0.012991699747383567,-0.01551786358715268,0.03572717430530492,调仓买入
2011-07-29,sz.002501,买入,30.18,6036.0,5.06036,0.33186231244483677,-0.025182239893969505,-0.09774685222001323,-0.14579191517561296,调仓买入
2011-08-05,sz.000620,卖出,7.2,4320.0,7.2032,,,,,调仓卖出
2011-08-05,sh.600242,卖出,11.63,4652.0,7.37252,,,,,调仓卖出
2011-08-05,sz.002259,卖出,9.39,4695.0,7.39445,,,,,调仓卖出
2011-08-05,sz.002501,卖出,27.23,5446.0,7.77746,,,,,调仓卖出
2011-08-05,sz.000779,买入,15.4,4620.0,5.0462,0.2654067378800329,-0.053896103896103886,-0.01558441558441559,-0.0071428571428572285,调仓买入
2011-08-05,sh.601233,买入,34.47,3447.0,5.03447,0.2180212014134275,0.012764722947490537,0.0388743835219032,0.0005802146794315899,调仓买入
2011-08-05,sz.002517,买入,23.55,4710.0,5.0471,0.21266735324407815,-0.09766454352441611,-0.0789808917197452,-0.13757961783439498,调仓买入
2011-08-05,sz.002298,买入,14.85,4455.0,5.04455,0.20928338762214982,-0.048484848484848464,0.06734006734006726,0.01548821548821544,调仓买入
2011-08-12,sh.601311,卖出,27.06,5412.0,7.760120000000001,,,,,调仓卖出
2011-08-12,sz.002431,卖出,38.7,3870.0000000000005,6.973700000000001,,,,,调仓卖出
2011-08-12,sh.600193,卖出,16.8,5040.0,7.570399999999999,,,,,调仓卖出
2011-08-12,sz.002469,卖出,36.03,3603.0,6.83753,,,,,调仓卖出
2011-08-12,sz.000779,卖出,15.16,4548.0,7.31948,,,,,调仓卖出
2011-08-12,sh.601233,卖出,35.81,3581.0,6.826309999999999,,,,,调仓卖出
2011-08-12,sz.002517,卖出,21.69,4338.0,7.21238,,,,,调仓卖出
2011-08-12,sz.002298,卖出,15.85,4755.0,7.425050000000001,,,,,调仓卖出
2011-08-12,sz.000750,买入,13.21,3963.0000000000005,5.03963,2.0091116173120733,-0.0007570022710069457,-0.015897047691143085,0.10370931112793325,调仓买入
2011-08-12,sz.000819,买入,21.71,4342.0,5.04342,0.31416464891041174,0.009672961768770083,-0.11423307231690472,-0.2261630584983878,调仓买入
2011-08-12,sh.600767,买入,8.01,4806.0,5.04806,0.279552715654952,-0.0074906367041197575,-0.09488139825218478,-0.21722846441947574,调仓买入
2011-08-12,sz.000718,买入,8.68,4340.0,5.0434,0.2435530085959885,0.0011520737327188613,-0.026497695852534586,-0.07027649769585242,调仓买入
2011-08-12,sz.002041,买入,30.3,3030.0,5.0303,0.24078624078624067,-0.0066006600660065695,-0.0762376237623763,0.01749174917491736,调仓买入
2011-08-12,sh.600212,买入,7.23,5061.0,5.05061,0.2401372212692967,-0.009681881051175734,-0.019363762102351356,-0.14246196403872757,调仓买入
2011-08-12,sz.002471,买入,18.01,3602.0000000000005,5.03602,0.2378006872852234,-0.01277068295391448,-0.06551915602443104,-0.14491948917268194,调仓买入
2011-08-19,sh.600696,卖出,12.47,7482.0,8.81582,,,,,调仓卖出
2011-08-19,sz.002450,卖出,28.01,5602.0,7.85702,,,,,调仓卖出
2011-08-19,sz.000819,卖出,19.23,3846.0,6.96146,,,,,调仓卖出
2011-08-19,sh.600767,卖出,7.25,4350.0,7.218500000000001,,,,,调仓卖出
2011-08-19,sz.000718,卖出,8.45,4225.0,7.15475,,,,,调仓卖出
2011-08-19,sz.002041,卖出,27.99,2799.0,6.42749,,,,,调仓卖出
2011-08-19,sz.002471,卖出,16.83,3365.9999999999995,6.71666,,,,,调仓卖出
2011-08-19,sh.600759,买入,8.35,5010.0,5.0501,0.5017985611510791,0.0011976047904191933,-0.033532934131736414,-0.20479041916167662,调仓买入
2011-08-19,sh.600807,买入,12.95,5180.0,5.0518,0.34475597092419497,-0.05714285714285705,-0.07799227799227793,-0.22702702702702704,调仓买入
2011-08-19,sz.002298,买入,16.08,4823.999999999999,5.04824,0.26315789473684204,-0.038557213930348055,0.03606965174129373,-0.12624378109452727,调仓买入
2011-08-19,sz.000779,买入,16.26,4878.000000000001,5.04878,0.22716981132075476,-0.011070110701107194,0.03075030750307506,-0.07933579335793361,调仓买入
2011-08-19,sz.002325,买入,26.96,5392.0,5.05392,0.21990950226244332,-0.04970326409495551,0.009643916913946615,-0.0986646884272997,调仓买入
2011-08-19,sh.600780,买入,8.53,5118.0,5.0511800000000004,0.2065063649222063,-0.0386869871043376,0.024618991793669442,-0.09964830011723325,调仓买入
2011-08-19,sz.002329,买入,23.73,4746.0,5.04746,0.20456852791878188,-0.04003371260008426,-0.07121786767804472,-0.23388116308470297,调仓买入
2011-08-26,sh.600212,卖出,7.04,4928.0,7.51328,,,,,调仓卖出
2011-08-26,sz.000779,卖出,16.76,5028.000000000001,7.56428,,,,,调仓卖出
2011-08-26,sz.002325,卖出,27.22,5444.0,7.776439999999999,,,,,调仓卖出
2011-08-26,sh.600780,卖出,8.74,5244.0,7.67444,,,,,调仓卖出
2011-08-26,sz.002329,卖出,22.04,4408.0,7.24808,,,,,调仓卖出
2011-08-26,sh.600366,买入,21.75,4350.0,5.0435,0.2824292452830188,0.0004597701149426925,-0.059310344827586126,-0.045057471264367877,调仓买入
2011-08-26,sz.002604,买入,35.24,3524.0,5.03524,0.2653500897666068,-0.024971623155505163,-0.12939841089670834,-0.293700340522134,调仓买入
2011-08-26,sz.002562,买入,33.12,3311.9999999999995,5.03312,0.2641221374045801,0.09993961352657021,0.0869565217391306,-0.19444444444444442,调仓买入
2011-08-26,sz.002041,买入,27.43,5486.0,5.05486,0.2605698529411764,0.09989063069631787,0.027706890266131934,0.04046664236237696,调仓买入
2011-08-26,sz.002471,买入,16.77,5031.0,5.05031,0.25617977528089897,0.031604054859868835,-0.036970781156827726,-0.1657722122838402,调仓买入
2011-09-02,sh.600807,卖出,11.16,4464.0,7.27664,,,,,调仓卖出
2011-09-02,sz.002298,卖出,15.08,4524.0,7.30724,,,,,调仓卖出
2011-09-02,sz.002604,卖出,30.68,3068.0,6.56468,,,,,调仓卖出
2011-09-02,sz.002041,卖出,28.19,5638.0,7.87538,,,,,调仓卖出
2011-09-02,sh.600057,买入,6.82,5456.0,5.05456,0.7135678391959799,-0.06304985337243407,-0.15982404692082108,-0.189149560117302,调仓买入
2011-09-02,sz.002235,买入,15.89,4767.0,5.04767,0.25513428120063186,-0.037130270610446825,-0.06670862177470105,-0.11264946507237261,调仓买入
2011-09-02,sz.000679,买入,9.24,5544.0,5.05544,0.24026845637583882,-0.01948051948051943,-0.044372294372294396,-0.1829004329004329,调仓买入
2011-09-02,sh.600078,买入,12.83,5132.0,5.05132,0.2172675521821632,-0.023382696804364778,0.06391270459859699,-0.14731098986749813,调仓买入
2011-09-02,sz.002458,买入,28.55,5710.0,5.0571,0.21644652748189186,-0.06900175131348518,-0.04168126094570934,-0.05604203152364273,调仓买入
2011-09-09,sz.000750,卖出,14.58,4374.0,7.230739999999999,,,,,调仓卖出
2011-09-09,sh.600759,卖出,6.73,4038.0000000000005,7.05938,,,,,调仓卖出
2011-09-09,sh.600366,卖出,20.78,4156.0,7.11956,,,,,调仓卖出
2011-09-09,sz.002471,卖出,15.4,4620.0,7.356199999999999,,,,,调仓卖出
2011-09-09,sz.002235,卖出,14.83,4449.0,7.26899,,,,,调仓卖出
2011-09-09,sz.000679,卖出,8.83,5298.0,7.70198,,,,,调仓卖出
2011-09-09,sz.002458,卖出,27.36,5472.0,7.79072,,,,,调仓卖出
2011-09-09,sh.600470,买入,11.83,4732.0,5.04732,0.3707995365005792,0.017751479289940697,0.03212172442941674,0.1031276415891802,调仓买入
2011-09-09,sz.002335,买入,25.62,2562.0,5.02562,0.29003021148036257,-0.03786104605776741,-0.14168618266978927,-0.19750195160031236,调仓买入
2011-09-09,sh.600146,买入,30.49,3049.0,5.03049,0.262003311258278,-0.055755985569039046,0.10659232535257468,-0.2551656280747785,调仓买入
2011-09-09,sz.002095,买入,16.61,4983.0,5.04983,0.2526395173453997,-0.02227573750752565,-0.015051173991571298,-0.08609271523178808,调仓买入
2011-09-09,sz.002288,买入,16.7,5010.0,5.0501,0.241635687732342,-0.0365269461077844,-0.01856287425149694,0.02754491017964078,调仓买入
2011-09-09,sh.600615,买入,11.3,4520.0,5.0452,0.23497267759562845,0.0265486725663715,-0.0026548672566372167,-0.0017699115044248481,调仓买入
2011-09-09,sz.002496,买入,22.75,4550.0,5.0455,0.21657754010695185,-0.005274725274725278,-0.06285714285714283,0.12439560439560426,调仓买入
2011-09-16,sz.002562,卖出,29.0,2900.0,6.479,,,,,调仓卖出
2011-09-16,sz.002335,卖出,23.0,2300.0,6.173,,,,,调仓卖出
2011-09-16,sz.002095,卖出,16.86,5058.0,7.57958,,,,,调仓卖出
2011-09-16,sz.002288,卖出,16.09,4827.0,7.46177,,,,,调仓卖出
2011-09-16,sh.600615,卖出,11.11,4444.0,7.266439999999999,,,,,调仓卖出
2011-09-16,sz.002496,卖出,22.31,4462.0,7.27562,,,,,调仓卖出
2011-09-16,sz.002080,买入,16.66,3332.0,5.03332,0.3457189014539579,-0.032412965186074394,-0.060624249699879895,-0.16926770708283312,调仓买入
2011-09-16,sz.000750,买入,17.02,3404.0,5.03404,0.3092307692307692,0.00763807285546414,0.027027027027026973,-0.11692126909518219,调仓买入
2011-09-16,sz.002182,买入,13.83,4149.0,5.04149,0.29737335834896816,-0.03687635574837311,-0.029645697758496015,-0.010122921185827916,调仓买入
2011-09-16,sz.002106,买入,28.98,2898.0,5.02898,0.24005134788189975,-0.06487232574189095,-0.033816425120772986,-0.15700483091787443,调仓买入
2011-09-16,sh.600243,买入,9.49,4745.0,5.04745,0.21510883482714482,-0.004214963119072768,-0.1401475237091675,-0.26343519494204426,调仓买入
2011-09-16,sz.000563,买入,14.13,4239.0,5.04239,0.21496130696474625,-0.06440198159943389,-0.009200283085633476,-0.15852795470629866,调仓买入
2011-09-23,sh.600146,卖出,30.06,3006.0,6.53306,,,,,调仓卖出
2011-09-23,sz.002080,卖出,15.65,3130.0,6.596299999999999,,,,,调仓卖出
2011-09-23,sz.002182,卖出,13.42,4026.0,7.05326,,,,,调仓卖出
2011-09-23,sz.002106,卖出,28.0,2800.0,6.428,,,,,调仓卖出
2011-09-23,sh.600243,卖出,8.16,4080.0,7.0808,,,,,调仓卖出
2011-09-23,sz.000563,卖出,14.0,4200.0,7.1419999999999995,,,,,调仓卖出
2011-09-23,sh.600303,买入,9.3,4650.0,5.0465,0.2704918032786885,-0.022580645161290436,-0.10107526881720441,-0.09892473118279566,调仓买入
2011-09-23,sh.600615,买入,12.51,3753.0,5.03753,0.24850299401197606,-0.0687450039968025,-0.16546762589928055,-0.21742605915267788,调仓买入
2011-09-23,sz.002239,买入,9.15,4575.0,5.04575,0.2232620320855614,0.0043715846994534235,0.04918032786885229,0.1606557377049178,调仓买入
2011-09-23,sz.002149,买入,20.88,4176.0,5.04176,0.1809954751131222,0.02490421455938696,-0.09051724137931039,-0.13074712643678166,调仓买入
2011-09-23,sz.002496,买入,25.19,2519.0,5.02519,0.17162790697674435,-0.019055180627232993,-0.12346169114728078,0.03334656609765774,调仓买入
2011-09-30,sh.600057,卖出,5.24,4192.0,7.13792,,,,,调仓卖出
2011-09-30,sh.600078,卖出,10.78,4312.0,7.199120000000001,,,,,调仓卖出
2011-09-30,sh.600615,卖出,10.44,3132.0,6.59732,,,,,调仓卖出
2011-09-30,sz.002149,卖出,18.99,3797.9999999999995,6.93698,,,,,调仓卖出
2011-09-30,sz.002496,卖出,22.08,2208.0,6.12608,,,,,调仓卖出
2011-09-30,sz.000928,买入,14.18,4254.0,5.04254,0.1895973154362416,0.03314527503526099,0.14950634696755993,0.07898448519040913,调仓买入
2011-09-30,sz.000838,买入,10.38,4152.0,5.04152,0.15977653631284938,0.01156069364161838,0.00481695568400764,-0.12042389210019266,调仓买入
2011-09-30,sz.002606,买入,26.28,2628.0,5.02628,0.13864818024263448,-0.007610350076103556,0.3253424657534245,0.121765601217656,调仓买入
2011-09-30,sh.601666,买入,14.01,4203.0,5.04203,0.12892828364222408,0.024268379728765055,-0.0035688793718771095,-0.001427551748750866,调仓买入
2011-09-30,sh.600293,买入,14.63,2926.0,5.02926,0.12365591397849474,0.004101161995898828,0.05126452494873557,-0.008202323991797766,调仓买入
2011-10-14,sh.600470,卖出,12.69,5076.0,7.588760000000001,,,,,调仓卖出
2011-10-14,sh.600303,卖出,9.29,4645.0,7.36895,,,,,调仓卖出
2011-10-14,sz.000928,卖出,16.3,4890.0,7.4939,,,,,调仓卖出
2011-10-14,sz.000838,卖出,10.43,4172.0,7.12772,,,,,调仓卖出
2011-10-14,sh.601666,卖出,13.96,4188.0,7.13588,,,,,调仓卖出
2011-10-14,sh.600293,卖出,15.38,3076.0,6.56876,,,,,调仓卖出
2011-10-14,sh.600633,买入,15.82,4746.0,5.04746,1.173076923076923,0.0018963337547408532,-0.12073324905183314,0.22629582806573945,调仓买入
2011-10-14,sz.002182,买入,15.08,4524.0,5.04524,0.27905004240882114,0.03846153846153855,-0.09217506631299743,0.03183023872679058,调仓买入
2011-10-14,sh.600583,买入,6.79,4753.0,5.04753,0.27631578947368407,-0.014727540500736325,-0.07069219440353469,-0.06332842415316642,调仓买入
2011-10-14,sz.000510,买入,9.0,4500.0,5.045,0.2534818941504178,0.006666666666666821,-0.16000000000000003,-0.046666666666666634,调仓买入
2011-10-14,sz.002500,买入,9.76,3904.0,5.03904,0.24173027989821882,0.0010245901639343025,-0.04508196721311475,-0.09221311475409844,调仓买入
2011-10-14,sh.600568,买入,18.89,3778.0,5.03778,0.238688524590164,-0.012175754367390157,-0.06458443620963461,0.23345685547908945,调仓买入
2011-10-14,sh.601099,买入,9.35,4675.0,5.04675,0.22703412073490803,0.009625668449197766,-0.059893048128342286,-0.059893048128342286,调仓买入
2011-10-21,sz.000750,卖出,15.03,3006.0,6.53306,,,,,调仓卖出
2011-10-21,sz.000510,卖出,7.56,3780.0,6.9277999999999995,,,,,调仓卖出
2011-10-21,sh.600568,卖出,17.67,3534.0000000000005,6.80234,,,,,调仓卖出
2011-10-21,sh.600458,买入,16.35,3270.0000000000005,5.0327,0.20931952662721898,-0.031192660550458773,0.07033639143730874,0.04342507645259919,调仓买入
2011-10-21,sh.600745,买入,9.25,3700.0,5.037,0.15625,0.025945945945945903,0.041081081081081106,-0.0670270270270269,调仓买入
2011-10-21,sh.601808,买入,15.82,3164.0,5.03164,0.1438900939985539,0.04804045512010102,0.0802781289506953,0.005056890012642201,调仓买入
2011-10-28,sz.002239,卖出,10.62,5310.0,7.7081,,,,,调仓卖出
2011-10-28,sz.002606,卖出,30.13,3013.0,6.53663,,,,,调仓卖出
2011-10-28,sz.002182,卖出,15.02,4506.0,7.29806,,,,,调仓卖出
2011-10-28,sh.600583,卖出,6.64,4648.0,7.37048,,,,,调仓卖出
2011-10-28,sz.002500,卖出,9.81,3924.0,7.00124,,,,,调仓卖出
2011-10-28,sh.601099,卖出,9.3,4650.0,7.3715,,,,,调仓卖出
2011-10-28,sh.600458,卖出,17.5,3500.0,6.785,,,,,调仓卖出
2011-10-28,sh.600745,卖出,9.63,3852.0000000000005,6.96452,,,,,调仓卖出
2011-10-28,sh.601808,卖出,17.09,3418.0,6.743180000000001,,,,,调仓卖出
2011-10-28,sh.600158,买入,8.57,4285.0,5.04285,0.4403361344537815,0.008168028004667427,-0.008168028004667427,-0.11785297549591611,调仓买入
2011-10-28,sh.600373,买入,18.38,3676.0,5.03676,0.316618911174785,0.006528835690968515,0.1398258977149076,0.16594124047878123,调仓买入
2011-10-28,sh.600162,买入,6.59,3954.0,5.03954,0.315369261477046,-0.01365705614567525,-0.0273141122913505,-0.2321699544764796,调仓买入
2011-10-28,sz.002201,买入,11.87,3560.9999999999995,5.03561,0.3015350877192984,0.0033698399326032025,-0.024431339511373107,-0.1440606571187868,调仓买入
2011-10-28,sh.600716,买入,6.88,4128.0,5.04128,0.295668549905838,0.027616279069767602,0.029069767441860517,0.01744186046511631,调仓买入
2011-10-28,sh.600088,买入,16.96,3392.0,5.03392,0.2956455309396486,0.021226415094339535,0.07016509433962259,-0.011202830188679291,调仓买入
2011-10-28,sh.601999,买入,9.65,3860.0,5.0386,0.26640419947506566,0.033160621761658016,0.060103626943005084,0.0,调仓买入
2011-10-28,sh.600551,买入,13.56,4068.0,5.04068,0.24976958525345627,0.002949852507374562,0.010324483775811188,-0.005899705014749235,调仓买入
2011-11-04,sh.600162,卖出,6.41,3846.0,6.96146,,,,,调仓卖出
2011-11-04,sz.002201,卖出,11.58,3474.0,6.77174,,,,,调仓卖出
2011-11-04,sh.601999,卖出,10.23,4092.0,7.08692,,,,,调仓卖出
2011-11-04,sh.600551,卖出,13.7,4110.0,7.0961,,,,,调仓卖出
2011-11-04,sz.002512,买入,21.0,4200.0,5.042,0.5228426395939088,-0.02619047619047621,-0.024761904761904763,-0.17142857142857149,调仓买入
2011-11-04,sh.600371,买入,17.5,3500.0,5.035,0.4919011082693947,0.008571428571428452,0.0005714285714286671,-0.10285714285714287,调仓买入
2011-11-04,sz.002616,买入,22.88,4576.0,5.04576,0.4490183660544649,0.007430069930070005,-0.06468531468531469,-0.14117132867132864,调仓买入
2011-11-11,sh.600633,卖出,19.4,5820.0,7.9682,,,,,调仓卖出
2011-11-11,sh.600088,卖出,17.33,3465.9999999999995,6.767659999999999,,,,,调仓卖出
2011-11-11,sz.002279,买入,27.05,2705.0,5.02705,0.5282485875706215,0.02994454713493533,-0.06617375231053602,-0.16451016635859517,调仓买入
2011-11-11,sh.600792,买入,18.41,3682.0,5.03682,0.3497067448680351,0.017925040738728804,-0.06626833242802821,-0.18739815317762076,调仓买入
2011-11-11,sh.600756,买入,14.14,4242.0,5.04242,0.3068391866913125,0.023338048090523422,0.006364922206506307,-0.09405940594059403,调仓买入
2011-11-11,sh.600057,买入,7.47,5229.0,5.05229,0.27692307692307705,0.009370816599732379,-0.05622489959839361,-0.14725568942436407,调仓买入
2011-11-18,sh.600158,卖出,7.68,3840.0,6.9584,,,,,调仓卖出
2011-11-18,sh.600716,卖出,7.39,4434.0,7.261340000000001,,,,,调仓卖出
2011-11-18,sz.002616,卖出,21.81,4362.0,7.22462,,,,,调仓卖出
2011-11-18,sh.600792,卖出,17.19,3438.0000000000005,6.75338,,,,,调仓卖出
2011-11-18,sh.600289,买入,9.36,4680.0,5.0468,0.4203338391502276,-0.038461538461538436,-0.10683760683760679,-0.17414529914529908,调仓买入
2011-11-18,sz.000669,买入,23.99,4798.0,5.04798,0.41952662721893486,-0.03418090871196322,-0.057940808670279176,-0.013338891204668468,调仓买入
2011-11-18,sh.600405,买入,9.01,4505.0,5.04505,0.3840245775729647,0.021087680355160954,0.015538290788013276,-0.17203107658157601,调仓买入
2011-11-18,sh.600862,买入,13.12,5248.0,5.05248,0.3709508881922674,0.0,-0.07012195121951215,-0.27286585365853666,调仓买入
2011-11-25,sh.600373,卖出,21.43,4286.0,7.18586,,,,,调仓卖出
2011-11-25,sz.002512,卖出,18.63,3726.0,6.900259999999999,,,,,调仓卖出
2011-11-25,sh.600371,卖出,16.06,3211.9999999999995,6.63812,,,,,调仓卖出
2011-11-25,sz.002279,卖出,24.1,2410.0,6.2291,,,,,调仓卖出
2011-11-25,sh.600756,卖出,14.05,4215.0,7.14965,,,,,调仓卖出
2011-11-25,sh.600289,卖出,8.36,4180.0,7.1318,,,,,调仓卖出
2011-11-25,sz.000669,卖出,22.6,4520.0,7.305200000000001,,,,,调仓卖出
2011-11-25,sh.600862,卖出,12.2,4880.0,7.4887999999999995,,,,,调仓卖出
2011-11-25,sz.002057,买入,22.76,2276.0,5.02276,0.37855844942459105,-0.061511423550087985,-0.024604569420035194,-0.21880492091388404,调仓买入
2011-11-25,sh.600520,买入,18.32,3664.0,5.03664,0.3702318623784593,-0.08842794759825334,-0.08679039301310043,-0.3613537117903931,调仓买入
2011-11-25,sh.600517,买入,16.7,3340.0,5.0334,0.3688524590163935,0.026347305389221587,-0.01676646706586815,-0.13952095808383236,调仓买入
2011-11-25,sz.000928,买入,19.32,3864.0,5.03864,0.2760898282694848,-0.09989648033126297,-0.17701863354037262,-0.32453416149068315,调仓买入
2011-11-25,sz.000592,买入,7.67,3835.0,5.03835,0.2719734660033166,0.0013037809647979959,0.0052151238591917615,-0.2685788787483703,调仓买入
2011-11-25,sz.002215,买入,13.87,4161.0,5.04161,0.2666666666666666,-0.023792357606344683,-0.17591925018024512,-0.38716654650324434,调仓买入
2011-12-02,sh.600057,卖出,6.05,4235.0,7.1598500000000005,,,,,调仓卖出
2011-12-02,sh.600405,卖出,8.21,4105.0,7.0935500000000005,,,,,调仓卖出
2011-12-02,sz.000928,卖出,15.9,3180.0,6.6217999999999995,,,,,调仓卖出
2011-12-02,sz.000592,卖出,7.71,3855.0,6.96605,,,,,调仓卖出
2011-12-02,sz.000516,买入,6.01,4207.0,5.04207,0.25469728601252606,-0.009983361064891727,0.0,-0.1797004991680533,调仓买入
2011-12-02,sh.600826,买入,14.12,4236.0,5.04236,0.24734982332155475,-0.09985835694050982,-0.16572237960339942,-0.32719546742209626,调仓买入
2011-12-02,sz.000669,买入,26.25,2625.0,5.02625,0.2175324675324677,-0.02857142857142858,-0.0552380952380952,-0.2666666666666667,调仓买入
2011-12-02,sz.000711,买入,14.88,4464.0,5.04464,0.2087733549959383,-0.08669354838709686,-0.11491935483870974,-0.21303763440860213,调仓买入
2011-12-09,sh.600520,卖出,15.25,3050.0,6.5555,,,,,调仓卖出
2011-12-09,sz.002215,卖出,10.51,3153.0,6.60803,,,,,调仓卖出
2011-12-09,sh.600826,卖出,11.78,3534.0,6.80234,,,,,调仓卖出
2011-12-09,sz.000669,卖出,24.8,2480.0,6.2648,,,,,调仓卖出
2011-12-09,sz.000711,卖出,13.17,3951.0,7.01501,,,,,调仓卖出
2011-12-09,sz.000719,买入,15.3,3060.0,5.0306,0.650485436893204,-0.004575163398692794,-0.04640522875816999,-0.12156862745098052,调仓买入
2011-12-09,sh.600077,买入,11.19,3357.0,5.03357,0.22295081967213104,0.0071492403932083,-0.2654155495978552,-0.2788203753351206,调仓买入
2011-12-09,sh.600200,买入,12.47,3741.0,5.03741,0.19558964525407485,0.015236567762630271,-0.08981555733761037,-0.28708901363271855,调仓买入
2011-12-09,sh.600732,买入,7.09,3545.0,5.03545,0.187604690117253,-0.10014104372355426,-0.19464033850493656,-0.3173483779971792,调仓买入
2011-12-09,sh.600353,买入,9.9,3960.0,5.0396,0.16470588235294126,0.003030303030302939,-0.039393939393939426,-0.31212121212121213,调仓买入
2011-12-09,sz.002289,买入,24.29,2429.0,5.02429,0.1533713200379867,-0.024701523260600933,-0.10662824207492794,-0.3268834911486207,调仓买入
2011-12-16,sh.600517,卖出,16.41,3282.0,6.67382,,,,,调仓卖出
2011-12-16,sh.600200,卖出,11.35,3405.0,6.736549999999999,,,,,调仓卖出
2011-12-16,sh.600732,卖出,5.71,2855.0,6.45605,,,,,调仓卖出
2011-12-16,sh.600353,卖出,9.51,3804.0,6.94004,,,,,调仓卖出
2011-12-16,sz.002289,卖出,21.7,2170.0,6.1067,,,,,调仓卖出
2011-12-16,sz.002464,买入,22.48,2248.0,5.02248,0.31924882629108,0.008451957295373624,-0.03380782918149472,-0.32517793594306055,调仓买入
2011-12-16,sz.000961,买入,8.64,3456.0,5.03456,0.23782234957020054,-0.0023148148148149916,0.006944444444444198,-0.04513888888888895,调仓买入
2011-12-16,sz.002532,买入,22.62,2262.0,5.02262,0.20640000000000014,0.018567639257294433,0.02077807250221042,-0.19938107869142363,调仓买入
2011-12-16,sh.600857,买入,10.34,3102.0,5.03102,0.18036529680365287,-0.021276595744680882,-0.01740812379110246,0.11605415860735002,调仓买入
2011-12-23,sz.002057,卖出,17.78,1778.0,5.90678,,,,,调仓卖出
2011-12-23,sz.000516,卖出,5.59,3913.0,6.99563,,,,,调仓卖出
2011-12-23,sh.600077,卖出,6.89,2067.0,6.05417,,,,,调仓卖出
2011-12-23,sh.600857,卖出,10.16,3048.0,6.55448,,,,,调仓卖出
2011-12-23,sz.002379,买入,15.09,3018.0,5.03018,0.2930591259640103,-0.045725646123260355,-0.1285619615639496,-0.02717031146454607,调仓买入
2011-12-23,sh.600371,买入,20.34,2034.0,5.02034,0.2665006226650064,-0.02015732546705995,-0.09390363815142577,-0.0752212389380531,调仓买入
2011-12-23,sz.002111,买入,10.89,3267.0,5.03267,0.19538968166849635,-0.09090909090909094,-0.23507805325987152,-0.28191000918273645,调仓买入
2011-12-23,sz.002146,买入,8.2,3279.9999999999995,5.0328,0.18326118326118324,0.0060975609756097615,0.07317073170731736,-0.01585365853658527,调仓买入
2011-12-23,sh.600376,买入,9.14,3656.0,5.03656,0.1778350515463918,0.00547045951859948,0.049234135667395984,0.05251641137855567,调仓买入
2011-12-30,sz.000719,卖出,13.47,2694.0,6.373939999999999,,,,,调仓卖出
2011-12-30,sz.002464,卖出,17.49,1748.9999999999998,5.89199,,,,,调仓卖出
2011-12-30,sz.000961,卖出,8.42,3368.0,6.7176800000000005,,,,,调仓卖出
2011-12-30,sz.002532,卖出,20.95,2095.0,6.06845,,,,,调仓卖出
2011-12-30,sz.002379,卖出,13.15,2630.0,6.3413,,,,,调仓卖出
2011-12-30,sz.002111,卖出,8.33,2499.0,6.27449,,,,,调仓卖出
2011-12-30,sz.002148,买入,18.18,1818.0,5.01818,0.2820874471086037,-0.010451045104510559,0.030803080308030806,0.050605060506050625,调仓买入
2011-12-30,sh.600011,买入,5.35,3210.0,5.0321,0.19419642857142838,0.0018691588785046953,0.026168224299065512,0.007476635514018781,调仓买入
2011-12-30,sh.600379,买入,9.64,2892.0,5.02892,0.1828220858895706,-0.049792531120331995,-0.1203319502074689,-0.15145228215767648,调仓买入
2011-12-30,sz.002414,买入,20.39,2039.0,5.02039,0.17318757192174927,-0.03285924472780788,-0.07307503678273675,-0.1294752329573321,调仓买入
2011-12-30,sz.002164,买入,6.4,3200.0,5.032,0.17216117216117222,-0.03749999999999998,0.1015625,0.08906249999999982,调仓买入
2011-12-30,sz.002261,买入,19.25,1925.0,5.01925,0.16737416616130996,0.0,0.04675324675324677,-0.033766233766233666,调仓买入
2011-12-30,sh.601991,买入,5.16,3096.0,5.03096,0.1492204899777283,0.01744186046511631,0.021317829457364157,-0.005813953488372103,调仓买入
2012-01-06,sh.600371,卖出,16.93,1693.0,5.86343,,,,,调仓卖出
2012-01-06,sz.002146,卖出,7.92,3168.0,6.615679999999999,,,,,调仓卖出
2012-01-06,sh.600376,卖出,9.04,3615.9999999999995,6.84416,,,,,调仓卖出
2012-01-06,sh.600379,卖出,7.87,2361.0,6.20411,,,,,调仓卖出
2012-01-06,sz.002414,卖出,17.35,1735.0000000000002,5.88485,,,,,调仓卖出
2012-01-06,sh.600857,买入,10.94,3282.0,5.03282,0.24177071509648118,0.02833638025594154,0.02742230347349195,0.14168190127970748,调仓买入
2012-01-06,sz.000537,买入,5.49,3294.0,5.03294,0.15094339622641528,0.02003642987249532,-0.029143897996357082,0.10200364298724951,调仓买入
2012-01-06,sh.600027,买入,3.17,3487.0,5.03487,0.14855072463768115,0.05362776025236582,-0.02208201892744477,0.03785488958990535,调仓买入
2012-01-06,sz.000539,买入,5.4,3240.0,5.0324,0.1464968152866244,0.02777777777777768,-0.02777777777777779,-0.024074074074074248,调仓买入
2012-01-06,sz.002517,买入,18.6,1860.0000000000002,5.0186,0.12727272727272743,0.01774193548387082,-0.0790322580645163,-0.19354838709677424,调仓买入
2012-01-13,sh.600011,卖出,5.34,3204.0,6.634040000000001,,,,,调仓卖出
2012-01-13,sh.601991,卖出,5.01,3006.0,6.53306,,,,,调仓卖出
2012-01-13,sh.600857,卖出,11.24,3372.0,6.71972,,,,,调仓卖出
2012-01-13,sz.000537,卖出,5.33,3198.0,6.63098,,,,,调仓卖出
2012-01-13,sh.600027,卖出,3.1,3410.0,6.7391,,,,,调仓卖出
2012-01-13,sz.000539,卖出,5.25,3150.0,6.6065000000000005,,,,,调仓卖出
2012-01-13,sz.002006,买入,24.97,2497.0,5.02497,0.32960596379126716,0.026431718061673992,0.028033640368442247,0.04685622747296758,调仓买入
2012-01-13,sz.002218,买入,11.4,3420.0,5.0342,0.30285714285714294,-0.03947368421052644,-0.058771929824561364,-0.02017543859649129,调仓买入
2012-01-13,sz.002141,买入,6.89,3445.0,5.03445,0.26190476190476186,-0.05805515239477499,-0.06095791001451378,-0.04934687953555872,调仓买入
2012-01-13,sh.600742,买入,20.6,2060.0,5.0206,0.24697336561743355,-0.014077669902912704,0.06553398058252413,-0.004368932038834927,调仓买入
2012-01-20,sz.002148,卖出,17.58,1757.9999999999998,5.896579999999999,,,,,调仓卖出
2012-01-20,sz.002164,卖出,6.76,3380.0,6.723800000000001,,,,,调仓卖出
2012-01-20,sz.002261,卖出,17.9,1789.9999999999998,5.9129,,,,,调仓卖出
2012-01-20,sz.002517,卖出,14.28,1428.0,5.72828,,,,,调仓卖出
2012-01-20,sz.002006,卖出,25.67,2567.0,6.30917,,,,,调仓卖出
2012-01-20,sz.002218,卖出,10.73,3219.0,6.64169,,,,,调仓卖出
2012-01-20,sz.002141,卖出,6.47,3235.0,6.64985,,,,,调仓卖出
2012-01-20,sh.600742,卖出,21.95,2195.0,6.1194500000000005,,,,,调仓卖出
2012-01-20,sz.002114,买入,9.89,2967.0,5.02967,0.39099859353023914,0.010111223458038276,0.053589484327603465,0.39534883720930236,调仓买入
2012-01-20,sz.000935,买入,8.83,2649.0,5.02649,0.3419452887537995,-0.0305775764439411,-0.04303510758776907,0.10079275198188009,调仓买入
2012-01-20,sz.000789,买入,12.98,2596.0,5.02596,0.32719836400818014,-0.011556240369799742,-0.05238828967642528,0.03775038520801233,调仓买入
2012-01-20,sh.601377,买入,10.76,2152.0,5.02152,0.3042424242424242,-0.012081784386617,-0.009293680297397744,0.07342007434944242,调仓买入
2012-01-20,sz.000528,买入,14.54,2908.0,5.02908,0.29359430604982206,-0.035075653370013726,-0.04676753782668497,0.011691884456671353,调仓买入
2012-01-20,sh.600010,买入,4.77,2861.9999999999995,5.02862,0.2891891891891891,-0.004192872117400381,0.012578616352201255,0.07127882599580726,调仓买入
2012-01-20,sh.600060,买入,14.34,2868.0,5.02868,0.27807486631016043,-0.01324965132496514,0.03974895397489542,0.24755927475592743,调仓买入
2012-01-20,sz.000157,买入,9.28,2784.0,5.02784,0.2764786795048142,-0.0021551724137930384,-0.02909482758620685,0.0549568965517242,调仓买入
2012-02-03,sz.000935,卖出,8.45,2535.0,6.2928500000000005,,,,,调仓卖出
2012-02-03,sz.000789,卖出,12.3,2460.0,6.2546,,,,,调仓卖出
2012-02-03,sh.601377,卖出,10.66,2132.0,6.08732,,,,,调仓卖出
2012-02-03,sz.000528,卖出,13.86,2772.0,6.4137200000000005,,,,,调仓卖出
2012-02-03,sh.600010,卖出,4.83,2898.0,6.47798,,,,,调仓卖出
2012-02-03,sh.600060,卖出,14.91,2982.0,6.5208200000000005,,,,,调仓卖出
2012-02-03,sz.000157,卖出,9.01,2703.0,6.37853,,,,,调仓卖出
2012-02-03,sz.000506,买入,11.29,2258.0,5.02258,0.5637119113573406,0.001771479185119773,0.008857395925597977,-0.020372010628874948,调仓买入
2012-02-03,sz.002118,买入,12.44,2488.0,5.02488,0.5115431348724178,0.010450160771704242,0.0112540192926045,0.020900321543408262,调仓买入
2012-02-03,sz.000552,买入,17.1,1710.0000000000002,5.0171,0.41322314049586795,-0.008771929824561542,0.08070175438596494,0.05321637426900594,调仓买入
2012-02-03,sz.000791,买入,7.08,2832.0,5.02832,0.40755467196819084,0.029661016949152463,0.02259887005649719,0.13418079096045177,调仓买入
2012-02-03,sz.000752,买入,17.11,1711.0,5.01711,0.38542510121457485,0.005844535359438963,0.039158386908240805,0.12565751022793692,调仓买入
2012-02-03,sz.000519,买入,9.47,2841.0,5.02841,0.36258992805755397,0.011615628299894265,0.08553326293558583,0.2175290390707496,调仓买入
2012-02-03,sz.000034,买入,5.21,2605.0,5.02605,0.3567708333333335,-0.007677543186180413,0.0499040307101728,0.028790786948176716,调仓买入
2012-02-03,sz.000510,买入,6.62,2648.0,5.02648,0.3537832310838447,-0.012084592145015116,0.02114803625377637,0.1178247734138973,调仓买入
2012-02-10,sz.000506,卖出,11.39,2278.0,6.16178,,,,,调仓卖出
2012-02-10,sz.000791,卖出,7.24,2896.0,6.47696,,,,,调仓卖出
2012-02-10,sz.000752,卖出,17.78,1778.0,5.90678,,,,,调仓卖出
2012-02-10,sz.000510,卖出,6.76,2704.0,6.379040000000001,,,,,调仓卖出
2012-02-10,sh.600193,买入,14.45,2890.0,5.0289,0.612723214285714,0.08581314878892732,0.0339100346020762,0.07128027681660898,调仓买入
2012-02-10,sh.600146,买入,13.5,2700.0,5.027,0.534090909090909,-0.015555555555555656,0.021481481481481435,0.09259259259259256,调仓买入
2012-02-17,sz.002118,卖出,13.3,2660.0,6.3566,,,,,调仓卖出
2012-02-17,sz.000552,卖出,17.63,1763.0,5.8991299999999995,,,,,调仓卖出
2012-02-17,sz.000034,卖出,5.39,2695.0,6.37445,,,,,调仓卖出
2012-02-17,sh.600193,卖出,14.94,2988.0,6.52388,,,,,调仓卖出
2012-02-17,sz.002019,买入,11.37,2274.0,5.02274,0.574792243767313,0.0518909410729993,0.029023746701847042,0.0008795074758136678,调仓买入
2012-02-17,sh.600568,买入,23.8,2380.0,5.0238,0.5454545454545454,0.015546218487394903,0.003361344537815114,-0.07731092436974785,调仓买入
2012-02-17,sz.002036,买入,13.66,2732.0,5.02732,0.4455026455026456,-0.008052708638360162,-0.00512445095168379,0.12079062957540265,调仓买入
2012-02-17,sz.000050,买入,8.34,2502.0,5.02502,0.44290657439446357,0.017985611510791477,0.05515587529976029,-0.0767386091127098,调仓买入
2012-02-17,sz.002642,买入,27.26,2726.0,5.02726,0.4197916666666668,0.010271460014673384,0.2674247982391782,0.16837857666911216,调仓买入
2012-02-17,sh.600696,买入,8.78,2634.0,5.02634,0.4115755627009645,-0.009111617312072884,0.0205011389521641,-0.11731207289293843,调仓买入
2012-02-24,sz.002114,卖出,13.8,4140.0,7.1114,,,,,调仓卖出
2012-02-24,sh.600568,卖出,23.88,2388.0,6.21788,,,,,调仓卖出
2012-02-24,sz.002036,卖出,13.59,2718.0,6.38618,,,,,调仓卖出
2012-02-24,sz.000050,卖出,8.8,2640.0,6.3464,,,,,调仓卖出
2012-02-24,sh.600696,卖出,8.96,2688.0000000000005,6.3708800000000005,,,,,调仓卖出
2012-02-24,sz.002289,买入,29.11,2911.0,5.02911,0.9088524590163933,0.02026794915836483,-0.010649261422191691,-0.09721745104774981,调仓买入
2012-02-24,sz.002272,买入,14.35,2870.0,5.0287,0.5734649122807018,0.018118466898954688,0.08710801393728218,-0.2822299651567943,调仓买入
2012-02-24,sz.000902,买入,9.2,2760.0,5.0276,0.5384615384615383,-0.03804347826086951,-0.03804347826086951,-0.07173913043478264,调仓买入
2012-02-24,sz.002298,买入,20.05,2005.0,5.02005,0.527037319116527,0.012468827930174564,0.12618453865336643,0.09326683291770577,调仓买入
2012-03-02,sz.000519,卖出,11.53,3459.0,6.7640899999999995,,,,,调仓卖出
2012-03-02,sh.600146,卖出,14.28,2856.0,6.45656,,,,,调仓卖出
2012-03-02,sz.000902,卖出,8.85,2655.0,6.354050000000001,,,,,调仓卖出
2012-03-02,sz.002298,卖出,22.58,2258.0,6.151579999999999,,,,,调仓卖出
2012-03-02,sh.601258,买入,10.17,3051.0,5.03051,0.5111441307578009,0.03834808259587019,0.004916420845624492,-0.2536873156342183,调仓买入
2012-03-02,sz.002285,买入,15.51,3102.0,5.03102,0.48848368522072927,-0.012250161186331376,-0.047711154094132846,-0.20116054158607344,调仓买入
2012-03-02,sz.002312,买入,13.41,2682.0,5.02682,0.4497297297297298,0.0,0.015659955257270708,-0.15212527964205824,调仓买入
2012-03-02,sz.000517,买入,7.61,3044.0,5.03044,0.44402277039848226,-0.006570302233902869,0.06964520367936933,-0.1103810775295665,调仓买入
2012-03-02,sh.600060,买入,21.07,2107.0,5.02107,0.41314553990610325,-0.00047460844803048907,0.0018984337921215122,-0.1514000949216897,调仓买入
2012-03-09,sz.002019,卖出,12.53,2506.0,6.27806,,,,,调仓卖出
2012-03-09,sz.002289,卖出,29.95,2995.0,6.52745,,,,,调仓卖出
2012-03-09,sz.002285,卖出,14.77,2954.0,6.50654,,,,,调仓卖出
2012-03-09,sz.002312,卖出,13.62,2724.0,6.38924,,,,,调仓卖出
2012-03-09,sh.600060,卖出,21.11,2111.0,6.0766100000000005,,,,,调仓卖出
2012-03-09,sz.002646,买入,25.7,2570.0,5.0257,0.5046838407494145,0.0019455252918287869,0.054474708171206254,-0.15097276264591442,调仓买入
2012-03-09,sz.002396,买入,18.09,1809.0,5.01809,0.446043165467626,0.02100608070757315,-0.06357103372028738,-0.06965174129353247,调仓买入
2012-03-09,sh.600345,买入,15.01,3002.0,5.03002,0.4446583253128007,0.017988007994670152,0.13590939373750843,-0.07461692205196535,调仓买入
2012-03-09,sh.600171,买入,6.98,2792.0,5.02792,0.4274028629856852,-0.004297994269340966,-0.06876790830945567,-0.09742120343839544,调仓买入
2012-03-16,sz.002642,卖出,31.85,3185.0,6.624350000000001,,,,,调仓卖出
2012-03-16,sh.601258,卖出,9.24,2772.0,6.4137200000000005,,,,,调仓卖出
2012-03-16,sz.000517,卖出,7.72,3088.0,6.57488,,,,,调仓卖出
2012-03-16,sz.002396,卖出,16.94,1694.0000000000002,5.86394,,,,,调仓卖出
2012-03-16,sh.600171,卖出,6.5,2600.0,6.326,,,,,调仓卖出
2012-03-16,sh.601789,买入,10.23,3069.0,5.03069,0.7078464106844742,-0.03616813294232657,-0.11045943304007833,-0.18475073313782997,调仓买入
2012-03-16,sz.002231,买入,23.14,2314.0,5.02314,0.5614035087719298,-0.050129645635263564,-0.11408815903197933,-0.503457216940363,调仓买入
2012-03-16,sz.001914,买入,13.43,2686.0,5.02686,0.4922222222222221,-0.005956813104988856,-0.017870439314966458,-0.09977661950856287,调仓买入
2012-03-16,sh.600197,买入,14.82,2964.0,5.02964,0.4346563407550823,-0.00877192982456143,-0.09919028340080971,-0.12348178137651822,调仓买入
2012-03-23,sz.002272,卖出,10.3,2060.0,6.0506,,,,,调仓卖出
2012-03-23,sh.600197,卖出,13.35,2670.0,6.3617,,,,,调仓卖出
2012-03-23,sh.600300,买入,7.26,2904.0,5.02904,0.665137614678899,-0.04269972451790627,-0.16942148760330578,-0.03305785123966942,调仓买入
2012-03-23,sz.000852,买入,15.46,3092.0,5.03092,0.3466898954703832,0.011642949547218562,-0.06662354463130671,0.0685640362225095,调仓买入
2012-03-23,sz.002276,买入,13.96,2792.0,5.02792,0.33844678811121787,0.017191977077363862,-0.5709169054441261,-0.5401146131805158,调仓买入
2012-03-23,sh.600010,买入,6.79,3395.0,5.03395,0.3287671232876712,-0.027982326951399128,-0.12371134020618557,-0.09278350515463918,调仓买入
2012-03-30,sz.002646,卖出,21.26,2126.0,6.08426,,,,,调仓卖出
2012-03-30,sh.600345,卖出,13.1,2620.0,6.3362,,,,,调仓卖出
2012-03-30,sz.002231,卖出,18.8,1880.0,5.9588,,,,,调仓卖出
2012-03-30,sz.002276,卖出,5.99,1198.0,5.6109800000000005,,,,,调仓卖出
2012-03-30,sh.600010,卖出,5.95,2975.0,6.51725,,,,,调仓卖出
2012-03-30,sz.002162,买入,10.14,2028.0,5.02028,0.42616033755274274,0.01380670611439827,0.08284023668639051,-0.10552268244575935,调仓买入
2012-03-30,sz.000019,买入,11.53,2306.0,5.02306,0.2984234234234233,0.0017346053772768766,-0.07285342584562016,-0.1335646140503035,调仓买入
2012-03-30,sh.600841,买入,18.3,1830.0,5.0183,0.23565158676569875,0.011475409836065653,0.05737704918032782,0.02786885245901627,调仓买入
2012-04-06,sz.001914,卖出,12.5,2500.0,6.275,,,,,调仓卖出
2012-04-06,sz.000852,卖出,14.8,2960.0,6.509600000000001,,,,,调仓卖出
2012-04-06,sz.000019,卖出,11.22,2244.0,6.1444399999999995,,,,,调仓卖出
2012-04-06,sh.600841,卖出,18.15,1814.9999999999998,5.92565,,,,,调仓卖出
2012-04-06,sz.000750,买入,18.88,1888.0,5.01888,0.3985185185185185,-0.03495762711864403,-0.0068855932203388814,0.32944915254237306,调仓买入
2012-04-06,sh.600745,买入,9.96,1992.0000000000002,5.01992,0.39300699300699304,-0.011044176706827447,0.09437751004016048,0.1586345381526102,调仓买入
2012-04-06,sh.600010,买入,6.39,2556.0,5.02556,0.2678571428571428,0.012519561815336422,0.0046948356807512415,0.031298904538341166,调仓买入
2012-04-13,sh.601789,卖出,8.23,2469.0,6.259189999999999,,,,,调仓卖出
2012-04-13,sh.600300,卖出,7.29,2916.0,6.48716,,,,,调仓卖出
2012-04-13,sz.000889,买入,7.39,2956.0,5.02956,0.5525210084033614,0.02706359945872805,0.09201623815967541,0.06224627875507438,调仓买入
2012-04-13,sh.600679,买入,10.17,2034.0,5.02034,0.4243697478991597,0.10029498525073732,0.08062930186824002,-0.03539823008849552,调仓买入
2012-04-13,sh.600699,买入,11.3,2260.0,5.0226,0.3663845223700122,-0.012389380530973493,0.04867256637168138,-0.0212389380530974,调仓买入
2012-04-13,sz.002618,买入,18.0,1800.0,5.018,0.28113879003558706,-0.0183333333333332,-0.10611111111111116,-0.20777777777777784,调仓买入
2012-04-20,sz.002162,卖出,10.24,2048.0,6.04448,,,,,调仓卖出
2012-04-20,sh.600010,卖出,6.16,2464.0,6.25664,,,,,调仓卖出
2012-04-20,sz.002618,卖出,16.09,1609.0,5.82059,,,,,调仓卖出
2012-04-20,sh.600113,买入,13.95,2790.0,5.0279,1.550274223034735,0.03154121863799286,0.2480286738351256,-0.05089605734767022,调仓买入
2012-04-20,sz.000014,买入,8.37,2510.9999999999995,5.02511,0.486678507992895,-0.026284348864993867,-0.02389486260453999,-0.1469534050179211,调仓买入
2012-04-20,sz.000563,买入,16.33,1632.9999999999998,5.01633,0.4224738675958186,0.009185548071034999,-0.052663808940599965,-0.12063686466625834,调仓买入
2012-04-27,sh.600745,卖出,9.4,1880.0,5.9588,,,,,调仓卖出
2012-04-27,sh.600699,卖出,10.65,2130.0,6.0863,,,,,调仓卖出
2012-04-27,sz.000563,卖出,15.47,1547.0,5.78897,,,,,调仓卖出
2012-04-27,sh.600120,买入,12.97,2594.0,5.02594,0.6111801242236024,-0.0647648419429453,-0.09791827293754829,-0.1595990747879723,调仓买入
2012-04-27,sh.600830,买入,11.03,2206.0,5.02206,0.49457994579945797,0.015412511332728807,-0.04623753399818675,-0.12148685403445147,调仓买入
2012-04-27,sz.000606,买入,8.02,2406.0,5.02406,0.46617915904936,0.0,-0.026184538653366562,-0.0723192019950124,调仓买入
2012-04-27,sh.600732,买入,7.7,2310.0,5.0231,0.44736842105263164,0.018181818181818077,-0.0012987012987012436,-0.09220779220779218,调仓买入
2012-04-27,sh.601002,买入,13.96,1396.0,5.01396,0.4451345755693583,-0.01074498567335247,-0.0336676217765044,-0.002865329512894088,调仓买入
2012-05-04,sz.000889,卖出,7.78,3112.0,6.58712,,,,,调仓卖出
2012-05-04,sh.600120,卖出,11.75,2350.0,6.1985,,,,,调仓卖出
2012-05-04,sh.600830,卖出,11.06,2212.0,6.12812,,,,,调仓卖出
2012-05-04,sh.600606,买入,9.77,2931.0,5.02931,1.078723404255319,0.0020470829068577334,-0.06243602865916065,-0.1463664278403275,调仓买入
2012-05-04,sz.002625,买入,22.0,2200.0,5.022,0.6628873771730914,-0.05909090909090908,-0.19045454545454554,-0.24318181818181828,调仓买入
2012-05-04,sz.000036,买入,3.92,3136.0,5.03136,0.49618320610687006,0.010204081632652962,-0.0535714285714286,-0.07908163265306123,调仓买入
2012-05-11,sz.000750,卖出,24.47,2447.0,6.2479700000000005,,,,,调仓卖出
2012-05-11,sh.600679,卖出,9.94,1988.0,6.0138799999999994,,,,,调仓卖出
2012-05-11,sz.000014,卖出,7.43,2229.0,6.1367899999999995,,,,,调仓卖出
2012-05-11,sh.600732,卖出,7.32,2196.0,6.11996,,,,,调仓卖出
2012-05-11,sh.601002,卖出,12.47,1247.0,5.63597,,,,,调仓卖出
2012-05-11,sz.002625,卖出,17.81,1780.9999999999998,5.90831,,,,,调仓卖出
2012-05-11,sz.000036,卖出,3.71,2968.0,6.51368,,,,,调仓卖出
2012-05-11,sh.600167,买入,12.45,1245.0,5.01245,0.41799544419134405,0.0072289156626506035,0.01847389558232937,-0.12128514056224904,调仓买入
2012-05-11,sz.000666,买入,14.48,1448.0,5.01448,0.4031007751937985,-0.024861878453038777,-0.08839779005524873,-0.15055248618784522,调仓买入
2012-05-11,sh.600198,买入,11.7,2340.0,5.0234,0.3879003558718861,-0.011111111111111072,-0.04102564102564088,-0.0444444444444444,调仓买入
2012-05-18,sh.600113,卖出,13.56,2712.0,6.38312,,,,,调仓卖出
2012-05-18,sz.000606,卖出,7.23,2169.0,6.106190000000001,,,,,调仓卖出
2012-05-18,sz.000666,卖出,13.2,1320.0,5.6732000000000005,,,,,调仓卖出
2012-05-18,sh.600198,卖出,11.22,2244.0,6.1444399999999995,,,,,调仓卖出
2012-05-18,sz.000975,买入,9.48,1896.0,5.01896,0.8515625,0.0,0.053797468354430444,-0.044303797468354444,调仓买入
2012-05-18,sh.600332,买入,20.43,2043.0,5.02043,0.573959938366718,0.04111600587371522,0.18306412139011274,0.04503181595692607,调仓买入
2012-05-18,sz.000007,买入,16.03,1603.0,5.01603,0.4236234458259327,-0.04242046163443547,-0.011228945726762363,-0.0049906425452278524,调仓买入
2012-05-18,sz.000522,买入,17.04,1704.0,5.01704,0.39329517579721984,0.007042253521126751,0.13028169014084523,0.0199530516431925,调仓买入
2012-05-18,sz.000407,买入,6.73,2019.0000000000002,5.02019,0.3762781186094071,-0.004457652303120341,-0.043090638930163405,0.031203566121842385,调仓买入
2012-05-18,sh.600429,买入,8.25,2475.0,5.02475,0.3458401305057097,-0.01696969696969708,-0.1575757575757576,-0.18181818181818177,调仓买入
2012-05-25,sh.600606,卖出,8.28,2484.0,6.26684,,,,,调仓卖出
2012-05-25,sz.000407,卖出,6.44,1932.0000000000002,5.985320000000001,,,,,调仓卖出
2012-05-25,sh.600429,卖出,6.95,2085.0,6.06335,,,,,调仓卖出
2012-05-25,sh.600613,买入,12.98,2596.0,5.02596,0.5324675324675323,-0.016178736517719616,0.025423728813559254,0.21494607087827422,调仓买入
2012-05-25,sh.600059,买入,15.82,1582.0,5.01582,0.3305298570227082,-0.0018963337547408532,-0.0056890012642224486,-0.1441213653603035,调仓买入
2012-05-25,sh.600520,买入,12.76,2552.0,5.02552,0.325025960539979,0.023510971786833812,0.10501567398119116,0.025078369905956244,调仓买入
2012-06-01,sh.600167,卖出,11.81,1181.0,5.602309999999999,,,,,调仓卖出
2012-06-01,sz.000007,卖出,15.93,1593.0,5.81243,,,,,调仓卖出
2012-06-01,sh.600059,卖出,15.73,1573.0,5.80223,,,,,调仓卖出
2012-06-01,sz.000663,买入,9.36,1872.0,5.01872,0.6895306859205774,-0.007478632478632563,-0.1004273504273504,-0.1581196581196581,调仓买入
2012-06-01,sh.600696,买入,10.17,2034.0,5.02034,0.3139534883720929,0.003933136676499638,-0.01868239921337267,-0.1553588987217306,调仓买入
2012-06-01,sz.002342,买入,8.62,1723.9999999999998,5.01724,0.30211480362537757,-0.03480278422273775,-0.10208816705336421,-0.10556844547563793,调仓买入
2012-06-01,sz.000407,买入,7.0,2100.0,5.021,0.2962962962962963,-0.021428571428571463,-0.09857142857142864,-0.14428571428571424,调仓买入
2012-06-08,sz.000975,卖出,9.09,1818.0,5.92718,,,,,调仓卖出
2012-06-08,sh.600332,卖出,21.96,2196.0,6.11996,,,,,调仓卖出
2012-06-08,sz.000522,卖出,17.01,1701.0000000000002,5.86751,,,,,调仓卖出
2012-06-08,sh.600520,卖出,13.07,2614.0,6.33314,,,,,调仓卖出
2012-06-08,sz.002342,卖出,7.74,1548.0,5.78948,,,,,调仓卖出
2012-06-08,sz.000407,卖出,6.31,1892.9999999999998,5.96543,,,,,调仓卖出
2012-06-08,sh.600614,买入,16.71,1671.0,5.01671,0.3787128712871288,-0.007181328545781018,-0.05685218432076611,-0.1639736684619988,调仓买入
2012-06-08,sz.002084,买入,5.78,2312.0,5.02312,0.2930648769574946,-0.00692041522491349,-0.09515570934256057,-0.02768166089965396,调仓买入
2012-06-08,sh.600735,买入,10.16,2032.0,5.02032,0.2747804265997491,0.021653543307086576,-0.04527559055118113,-0.09153543307086609,调仓买入
2012-06-08,sz.000885,买入,11.5,2300.0,5.023,0.24864277958740488,-0.017391304347825987,-0.07565217391304346,-0.21304347826086956,调仓买入
2012-06-08,sz.002390,买入,16.78,1678.0,5.01678,0.22660818713450293,0.09594755661501786,0.0786650774731823,0.14719904648390925,调仓买入
2012-06-08,sz.002239,买入,10.7,2140.0,5.0214,0.22006841505131125,-0.035514018691588656,-0.0663551401869158,-0.22990654205607475,调仓买入
2012-06-08,sh.600528,买入,7.26,2178.0,5.02178,0.20999999999999996,0.02892561983471076,-0.02754820936639124,-0.1336088154269972,调仓买入
2012-06-15,sh.600613,卖出,11.81,2362.0,6.20462,,,,,调仓卖出
2012-06-15,sz.000663,卖出,9.0,1800.0,5.918,,,,,调仓卖出
2012-06-15,sh.600696,卖出,9.05,1810.0000000000002,5.923100000000001,,,,,调仓卖出
2012-06-15,sz.002084,卖出,5.23,2092.0,6.0669200000000005,,,,,调仓卖出
2012-06-15,sh.600735,卖出,9.7,1939.9999999999998,5.9894,,,,,调仓卖出
2012-06-15,sz.000885,卖出,10.63,2126.0,6.08426,,,,,调仓卖出
2012-06-15,sz.002239,卖出,9.99,1998.0,6.01898,,,,,调仓卖出
2012-06-15,sh.600528,卖出,7.06,2118.0,6.08018,,,,,调仓卖出
2012-06-15,sh.600615,买入,11.76,1176.0,5.01176,0.3303167420814479,-0.014455782312925214,-0.11904761904761907,-0.22704081632653061,调仓买入
2012-06-15,sz.002325,买入,14.98,1498.0,5.01498,0.3256637168141592,0.06475300400534034,0.008678237650200149,0.09212283044058744,调仓买入
2012-06-15,sz.000996,买入,16.34,1634.0,5.01634,0.2549923195084485,0.01652386780905757,-0.0611995104039168,-0.19645042839657278,调仓买入
2012-06-15,sz.002542,买入,15.59,1559.0,5.01559,0.24819855884707764,0.10006414368184724,0.01347017318794097,0.02565747273893515,调仓买入
2012-06-21,sz.002390,卖出,17.18,1718.0,5.87618,,,,,调仓卖出
2012-06-21,sh.600615,卖出,10.31,1031.0,5.52581,,,,,调仓卖出
2012-06-21,sz.002325,卖出,15.09,1509.0,5.76959,,,,,调仓卖出
2012-06-21,sz.000996,卖出,15.42,1542.0,5.78642,,,,,调仓卖出
2012-06-21,sz.002542,卖出,15.79,1579.0,5.80529,,,,,调仓卖出
2012-06-21,sz.002645,买入,15.22,1522.0,5.01522,0.34452296819787986,-0.00854139290407363,-0.022996057818659765,-0.20959264126149812,调仓买入
2012-06-21,sh.601996,买入,6.48,1944.0000000000002,5.01944,0.29600000000000004,0.0,-0.00462962962962965,-0.12191358024691357,调仓买入
2012-06-21,sh.600605,买入,10.39,2078.0,5.02078,0.29551122194513724,-0.0019249278152070337,-0.024061597690086645,-0.2569778633301252,调仓买入
2012-06-21,sz.000722,买入,9.89,1978.0,5.01978,0.2810880829015545,-0.1001011122345804,-0.12234580384226501,-0.20728008088978778,调仓买入
2012-06-21,sh.600976,买入,18.68,1868.0,5.01868,0.2733469665985002,-0.027837259100642386,0.05192719486081354,0.04068522483940051,调仓买入
2012-06-21,sz.000501,买入,16.6,1660.0000000000002,5.0166,0.26620900076277665,-0.06927710843373502,-0.10361445783132528,-0.19457831325301211,调仓买入
2012-06-21,sz.002349,买入,13.12,1312.0,5.01312,0.24714828897338403,0.0022865853658537993,0.1425304878048781,0.04268292682926833,调仓买入
2012-06-29,sh.600614,卖出,14.91,1491.0,5.76041,,,,,调仓卖出
2012-06-29,sz.002645,卖出,14.87,1487.0,5.75837,,,,,调仓卖出
2012-06-29,sh.601996,卖出,6.45,1935.0,5.9868500000000004,,,,,调仓卖出
2012-06-29,sh.600605,卖出,10.14,2028.0,6.03428,,,,,调仓卖出
2012-06-29,sz.000722,卖出,8.68,1736.0,5.88536,,,,,调仓卖出
2012-06-29,sz.000501,卖出,14.88,1488.0,5.7588799999999996,,,,,调仓卖出
2012-06-29,sz.000014,买入,9.7,1939.9999999999998,5.0194,0.3125845737483084,-0.00412371134020606,0.05670103092783507,-0.13505154639175243,调仓买入
2012-06-29,sh.600027,买入,4.19,2095.0,5.02095,0.30937499999999996,-0.004773269689737569,-0.011933174224343812,0.0023866348448686736,调仓买入
2012-06-29,sz.002596,买入,15.8,1580.0,5.0158,0.2866449511400653,0.012658227848101111,0.05569620253164542,0.4284810126582279,调仓买入
2012-06-29,sh.600613,买入,17.34,1734.0,5.01734,0.2768777614138438,0.015570934256055269,-0.053056516724336644,0.08362168396770464,调仓买入
2012-07-06,sh.600976,卖出,18.23,1823.0,5.92973,,,,,调仓卖出
2012-07-06,sh.600027,卖出,4.14,2070.0,6.0557,,,,,调仓卖出
2012-07-06,sh.600687,买入,20.29,2029.0,5.02029,0.43392226148409874,-0.0009857072449481752,-0.12321340561853134,-0.08920650566781663,调仓买入
2012-07-06,sz.000736,买入,13.36,1336.0,5.01336,0.403361344537815,-0.09356287425149701,-0.04116766467065858,-0.2597305389221556,调仓买入
2012-07-06,sh.600778,买入,12.89,1289.0,5.01289,0.4010869565217392,-0.024049650892164487,-0.04499612102404971,-0.1210240496508922,调仓买入
2012-07-13,sz.002349,卖出,13.54,1354.0,5.69054,,,,,调仓卖出
2012-07-13,sz.000014,卖出,9.21,1842.0000000000002,5.93942,,,,,调仓卖出
2012-07-13,sh.600687,卖出,17.79,1779.0,5.90729,,,,,调仓卖出
2012-07-13,sz.000736,卖出,12.81,1281.0,5.65331,,,,,调仓卖出
2012-07-13,sh.600778,卖出,12.31,1231.0,5.62781,,,,,调仓卖出
2012-07-13,sh.600438,买入,7.39,1478.0,5.01478,0.4321705426356588,-0.025710419485791558,-0.03518267929634644,-0.06089309878213789,调仓买入
2012-07-13,sz.002138,买入,12.9,1290.0,5.0129,0.3285272914521111,-0.015503875968992276,-0.04031007751937976,-0.05658914728682174,调仓买入
2012-07-20,sh.600613,卖出,18.17,1817.0000000000002,5.92667,,,,,调仓卖出
2012-07-20,sh.600438,卖出,7.13,1426.0,5.72726,,,,,调仓卖出
2012-07-20,sz.002138,卖出,12.38,1238.0,5.63138,,,,,调仓卖出
2012-07-20,sh.600389,买入,14.48,1448.0,5.01448,0.6955503512880565,-0.035911602209944715,-0.12292817679558021,-0.10013812154696144,调仓买入
2012-07-20,sh.600094,买入,6.7,2010.0,5.0201,0.3267326732673268,-0.09999999999999998,-0.14477611940298507,-0.25074626865671645,调仓买入
2012-07-20,sh.600080,买入,9.91,1982.0,5.01982,0.30394736842105274,0.012108980827447047,-0.13723511604439953,-0.18869828456104953,调仓买入
2012-07-27,sh.600080,卖出,8.55,1710.0000000000002,5.8721000000000005,,,,,调仓卖出
2012-07-27,sh.600272,买入,11.29,1129.0,5.01129,0.3852760736196317,-0.00797165633303809,0.16209034543844103,-0.024800708591674048,调仓买入
2012-07-27,sz.002018,买入,6.43,1929.0,5.01929,0.35940803382663833,0.0762052877138415,0.21617418351477458,0.1710730948678072,调仓买入
2012-07-27,sh.600792,买入,13.85,1385.0,5.01385,0.23440285204991085,-0.031046931407942235,-0.11624548736462093,-0.14729241877256316,调仓买入
2012-07-27,sh.600851,买入,6.92,2076.0,5.02076,0.23351158645276282,-0.06069364161849711,-0.00433526011560692,-0.09393063583815031,调仓买入
2012-07-27,sh.600596,买入,7.63,1526.0,5.01526,0.23263327948303703,-0.013106159895150626,0.05242463958060273,0.08781127129750987,调仓买入
2012-08-03,sh.600094,卖出,5.45,1635.0,5.83385,,,,,调仓卖出
2012-08-03,sh.600792,卖出,12.24,1224.0,5.62424,,,,,调仓卖出
2012-08-03,sh.600851,卖出,6.89,2067.0,6.05417,,,,,调仓卖出
2012-08-03,sh.600596,卖出,8.03,1605.9999999999998,5.81906,,,,,调仓卖出
2012-08-03,sh.600381,买入,4.8,1920.0,5.0192,0.32963988919667586,-0.008333333333333304,0.07291666666666674,-0.033333333333333326,调仓买入
2012-08-03,sh.600613,买入,21.33,2133.0,5.02133,0.29902557856272804,0.00046882325363339916,-0.020159399906235387,-0.25269573370839193,调仓买入
2012-08-03,sz.000582,买入,9.73,1946.0,5.01946,0.27189542483660123,0.09969167523124356,0.09969167523124356,-0.031860226104830525,调仓买入
2012-08-10,sz.002596,卖出,22.24,2224.0,6.13424,,,,,调仓卖出
2012-08-10,sh.600389,卖出,14.48,1448.0,5.73848,,,,,调仓卖出
2012-08-10,sh.600613,卖出,20.9,2090.0,6.0659,,,,,调仓卖出
2012-08-10,sh.600209,买入,9.59,1918.0,5.01918,1.4217171717171717,-0.03232533889468203,-0.10427528675703857,-0.22314911366006251,调仓买入
2012-08-10,sz.002070,买入,10.97,1097.0,5.01097,1.0314814814814817,-0.061075660893345485,-0.028258887876025596,-0.08842297174111213,调仓买入
2012-08-10,sh.600273,买入,7.25,1450.0,5.0145,0.48261758691206547,-0.020689655172413834,-0.06206896551724139,-0.15172413793103445,调仓买入
2012-08-10,sh.600503,买入,6.06,1817.9999999999998,5.01818,0.41920374707259955,-0.08580858085808574,-0.155115511551155,-0.16831683168316824,调仓买入
2012-08-17,sh.600272,卖出,12.36,1236.0,5.6303600000000005,,,,,调仓卖出
2012-08-17,sh.600273,卖出,6.8,1360.0,5.6936,,,,,调仓卖出
2012-08-17,sh.600503,卖出,5.12,1536.0,5.78336,,,,,调仓卖出
2012-08-17,sz.000863,买入,7.92,1584.0,5.01584,1.262857142857143,0.02020202020202011,-0.07828282828282829,-0.15656565656565657,调仓买入
2012-08-17,sz.000976,买入,5.21,2084.0,5.02084,0.41192411924119243,0.0998080614203456,0.0998080614203456,-0.07101727447216888,调仓买入
2012-08-17,sz.002098,买入,9.01,1802.0,5.01802,0.33087149187592324,0.023307436182020025,-0.10210876803551605,-0.13096559378468364,调仓买入
2012-08-17,sz.000663,买入,8.73,1746.0,5.01746,0.3207261724659607,0.013745704467353903,-0.12371134020618557,0.014891179839633395,调仓买入
2012-08-24,sz.002018,卖出,7.53,2259.0,6.15209,,,,,调仓卖出
2012-08-24,sh.600381,卖出,5.15,2060.0,6.0506,,,,,调仓卖出
2012-08-24,sz.000582,卖出,9.48,1896.0,5.96696,,,,,调仓卖出
2012-08-24,sz.002098,卖出,8.09,1618.0,5.8251800000000005,,,,,调仓卖出
2012-08-24,sz.002476,买入,9.88,1976.0000000000002,5.01976,0.73943661971831,-0.011133603238866474,-0.0334008097165992,-0.09615384615384626,调仓买入
2012-08-24,sz.002490,买入,12.35,1235.0,5.01235,0.6621803499327052,0.021862348178137703,-0.03319838056680158,-0.10040485829959511,调仓买入
2012-08-24,sz.002513,买入,13.59,1359.0,5.01359,0.4068322981366459,-0.05665930831493737,-0.11846946284032378,0.024282560706401668,调仓买入
2012-08-31,sh.600209,卖出,7.26,1452.0,5.74052,,,,,调仓卖出
2012-08-31,sz.002070,卖出,8.38,838.0000000000001,5.427379999999999,,,,,调仓卖出
2012-08-31,sz.000863,卖出,6.3,1260.0,5.6426,,,,,调仓卖出
2012-08-31,sz.000976,卖出,4.31,1723.9999999999998,5.87924,,,,,调仓卖出
2012-08-31,sz.000663,卖出,7.79,1558.0,5.79458,,,,,调仓卖出
2012-08-31,sz.002513,卖出,11.98,1198.0,5.6109800000000005,,,,,调仓卖出
2012-08-31,sh.600538,买入,4.77,1430.9999999999998,5.01431,0.4281437125748502,-0.002096436058700135,0.03983228511530412,0.10901467505241103,调仓买入
2012-08-31,sz.002637,买入,13.51,1351.0,5.01351,0.38422131147540983,0.012583271650629113,0.025906735751295207,-0.022945965951147285,调仓买入
2012-08-31,sz.000050,买入,8.04,1607.9999999999998,5.01608,0.36040609137055823,0.018656716417910557,0.08457711442786087,-0.05721393034825861,调仓买入
2012-08-31,sh.600207,买入,3.61,1805.0,5.01805,0.357142857142857,0.033240997229917024,0.016620498614958512,0.13296398891966765,调仓买入
2012-08-31,sz.002509,买入,14.2,1420.0,5.0142,0.32462686567164156,0.006338028169013965,0.007746478873239537,-0.057042253521126685,调仓买入
2012-08-31,sh.600393,买入,7.58,1516.0,5.01516,0.3182608695652174,0.08047493403693928,0.14643799472295504,0.12005277044854878,调仓买入
2012-09-07,sz.002490,卖出,12.58,1258.0,5.641579999999999,,,,,调仓卖出
2012-09-07,sz.002637,卖出,13.86,1386.0,5.706860000000001,,,,,调仓卖出
2012-09-07,sz.000050,卖出,8.72,1744.0000000000002,5.88944,,,,,调仓卖出
2012-09-07,sh.600207,卖出,3.67,1835.0,5.93585,,,,,调仓卖出
2012-09-07,sz.002509,卖出,14.31,1431.0,5.7298100000000005,,,,,调仓卖出
2012-09-07,sh.600393,卖出,8.69,1738.0,5.88638,,,,,调仓卖出
2012-09-07,sh.600179,买入,6.1,1830.0,5.0183,0.639784946236559,0.0016393442622952836,0.06229508196721323,0.17704918032786887,调仓买入
2012-09-07,sz.002435,买入,13.2,1320.0,5.0132,0.44736842105263164,0.022727272727272707,-0.045454545454545414,-0.2053030303030302,调仓买入
2012-09-07,sz.002513,买入,13.71,1371.0,5.01371,0.4104938271604939,0.005835156819839371,-0.08460977388767321,-0.10649161196207158,调仓买入
2012-09-07,sz.002512,买入,12.21,1221.0,5.01221,0.3812217194570138,0.027027027027026973,-0.02293202293202301,-0.18181818181818188,调仓买入
2012-09-07,sh.603002,买入,7.98,1596.0,5.01596,0.37823834196891193,0.10025062656641581,-0.04385964912280704,-0.11654135338345872,调仓买入
2012-09-07,sh.600868,买入,2.24,1792.0000000000002,5.01792,0.36585365853658547,0.008928571428571175,-0.013392857142857206,-0.008928571428571397,调仓买入
2012-09-14,sh.600538,卖出,4.69,1407.0000000000002,5.71757,,,,,调仓卖出
2012-09-14,sz.002513,卖出,12.55,1255.0,5.6400500000000005,,,,,调仓卖出
2012-09-14,sh.600868,卖出,2.21,1768.0,5.901680000000001,,,,,调仓卖出
2012-09-14,sh.600800,买入,3.92,1960.0,5.0196,0.6824034334763949,-0.08163265306122447,0.08673469387755106,0.6020408163265307,调仓买入
2012-09-14,sz.002401,买入,12.55,1255.0,5.01255,0.677807486631016,-0.005577689243027928,-0.11075697211155378,-0.10996015936254988,调仓买入
2012-09-14,sh.600217,买入,3.78,1890.0,5.0189,0.5684647302904562,-0.052910052910052796,-0.10846560846560838,0.07671957671957674,调仓买入
2012-09-14,sh.600435,买入,10.21,2042.0000000000002,5.02042,0.42002781641168285,0.028403525954945996,-0.12438785504407457,-0.15866797257590604,调仓买入
2012-09-21,sz.002476,卖出,8.93,1786.0,5.91086,,,,,调仓卖出
2012-09-21,sz.002435,卖出,11.07,1107.0,5.56457,,,,,调仓卖出
2012-09-21,sz.002512,卖出,10.21,1021.0000000000001,5.52071,,,,,调仓卖出
2012-09-21,sh.603002,卖出,6.72,1344.0,5.68544,,,,,调仓卖出
2012-09-21,sh.600217,卖出,3.37,1685.0,5.85935,,,,,调仓卖出
2012-09-21,sh.600807,买入,7.83,1566.0,5.01566,0.41335740072202176,0.048531289910600295,0.011494252873563093,-0.13282247765006383,调仓买入
2012-09-21,sz.002613,买入,7.05,1410.0,5.0141,0.3377609108159394,0.004255319148936287,-0.04539007092198577,-0.16312056737588643,调仓买入
2012-09-21,sh.600483,买入,5.92,1184.0,5.01184,0.303964757709251,0.008445945945945832,-0.10304054054054057,0.01520270270270263,调仓买入
2012-09-21,sz.002423,买入,7.98,1596.0,5.01596,0.27884615384615397,0.015037593984962294,0.10902255639097724,0.027568922305764243,调仓买入
2012-09-28,sh.600179,卖出,6.22,1866.0,5.9516599999999995,,,,,调仓卖出
2012-09-28,sh.600435,卖出,8.55,1710.0000000000002,5.8721000000000005,,,,,调仓卖出
2012-09-28,sh.600483,卖出,5.31,1062.0,5.54162,,,,,调仓卖出
2012-09-28,sz.002451,买入,8.92,892.0,5.00892,0.3850931677018632,-0.022421524663677084,-0.06726457399103136,-0.16367713004484308,调仓买入
2012-09-28,sh.600230,买入,14.9,1490.0,5.0149,0.363220494053065,-0.006711409395973145,0.22550335570469815,0.1785234899328858,调仓买入
2012-10-12,sz.002401,卖出,11.93,1193.0,5.60843,,,,,调仓卖出
2012-10-12,sz.002613,卖出,6.64,1328.0,5.67728,,,,,调仓卖出
2012-10-12,sz.002451,卖出,8.32,832.0,5.424320000000001,,,,,调仓卖出
2012-10-12,sz.000520,买入,3.25,1625.0,5.01625,0.49082568807339433,-0.003076923076922977,0.0738461538461539,-0.1661538461538462,调仓买入
2012-10-12,sz.000519,买入,14.11,1411.0,5.01411,0.3739045764362221,-0.02834868887313957,-0.05102763997165127,-0.2267895109851169,调仓买入
2012-10-12,sz.002413,买入,9.78,977.9999999999999,5.00978,0.3039999999999998,-0.01635991820040905,-0.0756646216768917,-0.17689161554192212,调仓买入
2012-10-12,sz.000530,买入,7.89,1578.0,5.01578,0.29983525535420097,0.015209125475285079,0.011406844106463865,-0.13307984790874527,调仓买入
2012-10-12,sh.600647,买入,12.66,1266.0,5.01266,0.2958034800409417,-0.020537124802527673,0.0781990521327014,0.0007898894154818592,调仓买入
2012-10-19,sh.600807,卖出,7.46,1492.0,5.7609200000000005,,,,,调仓卖出
2012-10-19,sz.002423,卖出,9.39,1878.0,5.95778,,,,,调仓卖出
2012-10-19,sz.000519,卖出,13.39,1339.0,5.68289,,,,,调仓卖出
2012-10-19,sz.000530,卖出,7.98,1596.0,5.81396,,,,,调仓卖出
2012-10-19,sh.600647,卖出,13.65,1365.0,5.69615,,,,,调仓卖出
2012-10-19,sh.600301,买入,5.92,1184.0,5.01184,0.5999999999999999,0.0016891891891892552,-0.09121621621621623,-0.24831081081081074,调仓买入
2012-10-19,sz.002158,买入,14.23,1423.0,5.01423,0.45501022494887544,-0.012649332396345692,-0.08151791988756152,-0.21784961349262122,调仓买入
2012-10-19,sh.600609,买入,3.65,1460.0,5.0146,0.3984674329501916,0.10136986301369855,0.14520547945205475,-0.11232876712328754,调仓买入
2012-10-19,sz.000737,买入,6.26,1252.0,5.01252,0.3319148936170211,-0.004792332268370503,-0.10383386581469645,-0.21246006389776362,调仓买入
2012-10-26,sh.600230,卖出,17.08,1707.9999999999998,5.87108,,,,,调仓卖出
2012-10-26,sz.002413,卖出,8.47,847.0000000000001,5.43197,,,,,调仓卖出
2012-10-26,sz.000737,卖出,5.61,1122.0,5.57222,,,,,调仓卖出
2012-10-26,sz.000156,买入,11.78,1178.0,5.01178,8.424,-0.04923599320882854,-0.06281833616298815,-0.1901528013582343,调仓买入
2012-10-26,sz.002067,买入,2.86,1716.0,5.01716,0.368421052631579,0.08391608391608396,0.0,-0.14685314685314688,调仓买入
2012-11-02,sh.600800,卖出,5.52,2760.0,6.4075999999999995,,,,,调仓卖出
2012-11-02,sz.000520,卖出,3.02,1510.0,5.7701,,,,,调仓卖出
2012-11-02,sh.600301,卖出,5.32,1064.0,5.5426400000000005,,,,,调仓卖出
2012-11-02,sz.001914,买入,6.09,1827.0,5.01827,0.5074257425742574,-0.009852216748768461,-0.0673234811165846,-0.14942528735632188,调仓买入
2012-11-02,sz.002334,买入,17.15,1714.9999999999998,5.01715,0.4208782104391051,0.0011661807580176653,0.10495626822157433,-0.3107871720116617,调仓买入
2012-11-02,sh.600743,买入,3.95,1580.0,5.0158,0.36206896551724155,-0.025316455696202556,-0.08354430379746836,-0.10886075949367091,调仓买入
2012-11-09,sz.002158,卖出,12.0,1200.0,5.611999999999999,,,,,调仓卖出
2012-11-09,sh.600609,卖出,3.47,1388.0,5.70788,,,,,调仓卖出
2012-11-09,sz.002067,卖出,2.54,1524.0,5.777240000000001,,,,,调仓卖出
2012-11-09,sh.600743,卖出,3.62,1448.0,5.73848,,,,,调仓卖出
2012-11-09,sh.600684,买入,10.21,1021.0000000000001,5.01021,0.6129541864139021,0.01273261508325163,-0.06464250734573951,0.04113614103819785,调仓买入
2012-11-09,sh.600744,买入,3.98,1592.0,5.01592,0.45255474452554734,0.10050251256281406,-0.09296482412060303,-0.047738693467336724,调仓买入
2012-11-09,sh.600490,买入,14.31,1431.0,5.01431,0.41124260355029585,-0.006988120195667302,0.061495457721872704,-0.03214535290006992,调仓买入
2012-11-09,sz.000631,买入,5.83,1166.0,5.01166,0.4048192771084336,0.025728987993139052,-0.097770154373928,0.006861063464836947,调仓买入
2012-11-09,sz.002606,买入,12.5,1250.0,5.0125,0.3858093126385811,-0.03520000000000001,-0.1512,-0.13040000000000007,调仓买入
2012-11-09,sz.000567,买入,8.61,861.0,5.00861,0.3559055118110237,-0.03600464576074314,-0.1591173054587688,-0.06504065040650397,调仓买入
2012-11-16,sz.000156,卖出,10.59,1059.0,5.540089999999999,,,,,调仓卖出
2012-11-16,sz.001914,卖出,5.54,1662.0,5.84762,,,,,调仓卖出
2012-11-16,sz.002334,卖出,13.74,1374.0,5.700740000000001,,,,,调仓卖出
2012-11-16,sz.000567,卖出,7.24,724.0,5.3692400000000005,,,,,调仓卖出
2012-11-16,sz.002679,买入,15.25,1525.0,5.01525,0.4849074975657255,0.10032786885245915,0.0832786885245902,0.1075409836065575,调仓买入
2012-11-16,sh.600748,买入,6.93,1386.0,5.01386,0.2669104204753199,0.005772005772005873,0.01298701298701288,0.1096681096681098,调仓买入
2012-11-16,sh.600495,买入,14.15,1415.0,5.01415,0.2104362703165099,-0.005653710247349841,-0.05865724381625437,-0.0183745583038869,调仓买入
2012-11-16,sh.601599,买入,8.09,1618.0,5.01618,0.1879588839941264,-0.012360939431396711,0.02224969097651419,-0.15327564894932022,调仓买入
2012-11-16,sh.600197,买入,14.0,1400.0,5.014,0.16763969974979154,-0.05142857142857149,-0.0535714285714286,-0.06285714285714294,调仓买入
2012-11-23,sh.600744,卖出,3.56,1424.0,5.72624,,,,,调仓卖出
2012-11-23,sz.000631,卖出,5.16,1032.0,5.52632,,,,,调仓卖出
2012-11-23,sh.600495,卖出,13.32,1332.0,5.679320000000001,,,,,调仓卖出
2012-11-23,sh.601599,卖出,8.27,1654.0,5.84354,,,,,调仓卖出
2012-11-23,sh.600197,卖出,13.25,1325.0,5.67575,,,,,调仓卖出
2012-11-23,sz.000760,买入,7.2,1440.0,5.0144,0.3610586011342156,0.001388888888888884,0.11944444444444446,0.125,调仓买入
2012-11-23,sh.600277,买入,5.97,1194.0,5.01194,0.30349344978165926,-0.04355108877721936,-0.13400335008375208,-0.08877721943048567,调仓买入
2012-11-23,sz.002532,买入,16.82,1682.0,5.01682,0.25055762081784394,-0.03567181926278251,-0.07372175980975026,0.010701545778834642,调仓买入
2012-11-23,sz.002645,买入,13.55,1355.0,5.01355,0.24769797421731132,-0.023616236162361637,-0.10922509225092258,0.041328413284132726,调仓买入
2012-11-23,sz.002514,买入,11.86,1186.0,5.01186,0.24188481675392648,-0.024451939291736835,0.02360876897133224,0.12984822934232731,调仓买入
2012-11-30,sh.600684,卖出,9.13,913.0000000000001,5.46563,,,,,调仓卖出
2012-11-30,sh.600490,卖出,12.95,1295.0,5.66045,,,,,调仓卖出
2012-11-30,sz.002606,卖出,10.26,1026.0,5.52326,,,,,调仓卖出
2012-11-30,sh.600748,卖出,6.61,1322.0,5.67422,,,,,调仓卖出
2012-11-30,sh.600277,卖出,5.17,1034.0,5.527340000000001,,,,,调仓卖出
2012-11-30,sz.002532,卖出,15.58,1558.0,5.79458,,,,,调仓卖出
2012-11-30,sz.002645,卖出,12.07,1207.0,5.61557,,,,,调仓卖出
2012-11-30,sh.600744,买入,3.95,1185.0,5.01185,0.31666666666666665,-0.09873417721518996,-0.040506329113924044,-0.027848101265822822,调仓买入
2012-11-30,sh.601005,买入,3.57,1071.0,5.01071,0.24390243902439024,-0.06442577030812324,-0.09803921568627438,0.10364145658263313,调仓买入
2012-11-30,sh.600074,买入,4.04,1212.0,5.01212,0.21321321321321318,-0.02970297029702973,0.022277227722772297,-0.007425742574257432,调仓买入
2012-11-30,sh.600381,买入,4.8,960.0,5.0096,0.19999999999999996,-0.012499999999999956,-0.09375,-0.12916666666666665,调仓买入
2012-11-30,sh.600149,买入,8.62,861.9999999999999,5.00862,0.19390581717451516,-0.012761020881670415,0.054524361948955935,0.04060324825986106,调仓买入
2012-11-30,sh.601996,买入,5.2,1040.0,5.0104,0.1633109619686801,0.0038461538461538325,0.3865384615384615,0.49423076923076903,调仓买入
2012-12-07,sz.000760,卖出,7.58,1516.0,5.77316,,,,,调仓卖出
2012-12-07,sh.600744,卖出,3.79,1137.0,5.5798700000000006,,,,,调仓卖出
2012-12-07,sh.600074,卖出,4.13,1239.0,5.63189,,,,,调仓卖出
2012-12-07,sh.600381,卖出,4.35,869.9999999999999,5.4437,,,,,调仓卖出
2012-12-07,sh.600149,卖出,9.09,909.0,5.46359,,,,,调仓卖出
2012-12-07,sh.600667,买入,4.04,1212.0,5.01212,0.3883161512027491,-0.03960396039603964,-0.09158415841584155,-0.05693069306930698,调仓买入
2012-12-07,sh.600961,买入,10.34,1034.0,5.01034,0.28287841191067,0.008704061895551174,0.014506769825918697,-0.04255319148936165,调仓买入
2012-12-14,sz.002679,卖出,16.89,1689.0,5.86139,,,,,调仓卖出
2012-12-14,sz.002514,卖出,13.28,1328.0,5.67728,,,,,调仓卖出
2012-12-14,sh.600667,卖出,3.67,1101.0,5.56151,,,,,调仓卖出
2012-12-14,sh.600961,卖出,10.49,1049.0,5.53499,,,,,调仓卖出
2012-12-14,sz.002321,买入,6.6,1320.0,5.0132,0.39534883720930214,0.021212121212121238,0.016666666666666607,0.10303030303030303,调仓买入
2012-12-14,sz.002556,买入,7.1,1420.0,5.0142,0.38132295719844356,0.030985915492957927,0.011267605633802802,0.10422535211267614,调仓买入
2012-12-14,sh.601038,买入,9.94,994.0,5.00994,0.3729281767955801,-0.03420523138832998,-0.04929577464788737,0.10563380281690149,调仓买入
2012-12-14,sh.600800,买入,6.38,1276.0,5.01276,0.372043010752688,-0.029780564263322762,-0.10658307210031348,0.17554858934169282,调仓买入
2012-12-14,sh.600223,买入,5.53,1106.0,5.01106,0.34878048780487814,-0.023508137432188048,-0.0452079566003617,-0.02893309222423146,调仓买入
2012-12-14,sh.600801,买入,14.4,1440.0,5.0144,0.3271889400921659,-0.029166666666666674,-0.01388888888888895,0.012499999999999956,调仓买入
2012-12-21,sz.002556,卖出,7.18,1436.0,5.73236,,,,,调仓卖出
2012-12-21,sh.601038,卖出,9.45,944.9999999999999,5.48195,,,,,调仓卖出
2012-12-21,sh.600800,卖出,5.7,1140.0,5.5814,,,,,调仓卖出
2012-12-21,sh.600223,卖出,5.28,1056.0,5.53856,,,,,调仓卖出
2012-12-21,sh.600801,卖出,14.2,1420.0,5.7242,,,,,调仓卖出
2012-12-21,sh.600209,买入,9.29,928.9999999999999,5.00929,0.6442477876106192,0.07642626480086134,0.034445640473627526,0.026910656620021456,调仓买入
2012-12-21,sz.002587,买入,13.14,1314.0,5.01314,0.3313069908814592,0.019786910197869156,-0.0060882800608828,0.06544901065449005,调仓买入
2012-12-21,sz.000551,买入,7.18,1436.0,5.01436,0.3222836095764272,-0.01671309192200554,-0.05431754874651806,0.04596100278551529,调仓买入
2012-12-21,sh.600094,买入,6.52,1304.0,5.01304,0.314516129032258,0.052147239263803824,0.06748466257668717,-0.03834355828220859,调仓买入
2012-12-21,sz.000750,买入,11.32,1132.0,5.01132,0.3117033603707995,0.06537102473498235,0.0680212014134276,0.11660777385159005,调仓买入
2012-12-21,sh.600510,买入,7.55,755.0,5.00755,0.2950257289879932,0.003973509933774766,0.0,-0.017218543046357615,调仓买入
2012-12-28,sh.601005,卖出,3.94,1182.0,5.60282,,,,,调仓卖出
2012-12-28,sh.601996,卖出,7.77,1554.0,5.79254,,,,,调仓卖出
2012-12-28,sz.002321,卖出,6.69,1338.0,5.68238,,,,,调仓卖出
2012-12-28,sz.002587,卖出,13.06,1306.0,5.66606,,,,,调仓卖出
2012-12-28,sz.000551,卖出,6.79,1358.0,5.69258,,,,,调仓卖出
2012-12-28,sh.600094,卖出,6.96,1392.0,5.709919999999999,,,,,调仓卖出
2012-12-28,sh.600510,卖出,7.55,755.0,5.385050000000001,,,,,调仓卖出
2012-12-28,sh.600217,买入,7.13,1426.0,5.01426,0.9805555555555554,-0.005610098176718092,-0.005610098176718092,-0.04207573632538564,调仓买入
2012-12-28,sh.600567,买入,3.05,1525.0,5.01525,0.6486486486486485,-0.016393442622950727,-0.02950819672131144,-0.10163934426229493,调仓买入
2013-01-04,sh.600684,买入,15.19,1519.0,5.01519,0.617678381256656,-0.004608294930875556,-0.06649111257406182,-0.10664911125740617,调仓买入
2013-01-04,sz.002321,买入,6.79,1358.0,5.01358,0.6014150943396226,0.042709867452135564,-0.04270986745213545,0.0854197349042709,调仓买入
2013-01-11,sh.600209,卖出,9.53,952.9999999999999,5.4860299999999995,,,,,调仓卖出
2013-01-11,sz.000750,卖出,11.72,1172.0,5.597720000000001,,,,,调仓卖出
2013-01-11,sh.600217,卖出,6.77,1354.0,5.69054,,,,,调仓卖出
2013-01-11,sh.600567,卖出,2.76,1380.0,5.7038,,,,,调仓卖出
2013-01-11,sh.600684,卖出,14.18,1418.0,5.723179999999999,,,,,调仓卖出
2013-01-11,sz.002321,卖出,6.5,1300.0,5.663,,,,,调仓卖出
2013-01-11,sh.600803,买入,11.62,1162.0,5.01162,0.6576319543509273,0.02151462994836484,-0.0103270223752151,-0.0843373493975903,调仓买入
2013-01-11,sz.002145,买入,12.0,1200.0,5.012,0.5686274509803921,0.014999999999999902,-0.06666666666666676,-0.10833333333333339,调仓买入
2013-01-11,sh.600391,买入,12.14,1214.0,5.01214,0.5367088607594936,0.09967051070840194,0.03294892915980219,0.07742998352553543,调仓买入
2013-01-11,sh.600532,买入,13.49,1349.0,5.01349,0.5364464692482918,0.010378057820607856,-0.05930318754633068,-0.036323202372127494,调仓买入
2013-01-18,sz.002145,卖出,11.2,1120.0,5.571199999999999,,,,,调仓卖出
2013-01-18,sh.600532,卖出,12.69,1269.0,5.64719,,,,,调仓卖出
2013-01-18,sh.600435,买入,11.54,1154.0,5.01154,0.528476821192053,-0.008665511265164572,-0.0034662045060658286,-0.051993067590987874,调仓买入
2013-01-18,sh.600567,买入,2.79,1395.0,5.01395,0.508108108108108,0.010752688172043001,-0.06093189964157708,-0.03584229390681004,调仓买入
2013-01-25,sh.600391,卖出,12.56,1256.0,5.64056,,,,,调仓卖出
2013-01-25,sh.600567,卖出,2.62,1310.0,5.6681,,,,,调仓卖出
2013-01-25,sh.600765,买入,14.35,1435.0,5.01435,1.0297029702970297,0.009756097560975618,0.1554006968641115,0.14425087108013956,调仓买入
2013-01-25,sz.000966,买入,5.57,1114.0,5.01114,0.47745358090185674,0.09156193895870723,0.07001795332136429,0.13644524236983835,调仓买入
2013-02-01,sh.600803,卖出,11.2,1120.0,5.571199999999999,,,,,调仓卖出
2013-02-01,sh.600435,卖出,11.29,1129.0,5.57579,,,,,调仓卖出
2013-02-01,sz.000966,卖出,5.96,1192.0,5.60792,,,,,调仓卖出
2013-02-08,sh.600291,买入,10.06,1006.0,5.01006,0.5892575039494472,-0.0009940357852882276,0.01491053677932408,-0.10437375745526845,调仓买入
2013-02-08,sh.600162,买入,8.54,853.9999999999999,5.00854,0.5698529411764703,0.007025761124121788,-0.09367681498829028,-0.19320843091334894,调仓买入
2013-02-08,sz.000760,买入,12.59,1259.0,5.01259,0.5023866348448687,0.07783955520254171,0.08022239872915016,0.08975377283558394,调仓买入
2013-02-22,sh.600765,卖出,15.12,1512.0,5.77112,,,,,调仓卖出
2013-02-22,sh.600162,卖出,7.74,774.0,5.3947400000000005,,,,,调仓卖出
2013-02-22,sz.000760,卖出,13.6,1360.0,5.6936,,,,,调仓卖出
2013-02-22,sh.600247,买入,6.58,1316.0,5.01316,0.6327543424317617,0.003039513677811412,0.02583586626139822,-0.10942249240121582,调仓买入
2013-02-22,sh.600499,买入,13.93,1393.0,5.01393,0.5257393209200436,-0.011486001435750182,0.05312275664034449,0.07035175879396993,调仓买入
2013-02-22,sz.000523,买入,7.84,784.0,5.00784,0.38761061946902653,0.007653061224489832,-0.020408163265306145,-0.0982142857142857,调仓买入
2013-02-22,sh.600136,买入,10.35,1035.0,5.01035,0.3781624500665779,0.006763285024154575,-0.004830917874396046,0.09565217391304359,调仓买入
2013-03-01,sz.000523,卖出,7.68,768.0,5.39168,,,,,调仓卖出
2013-03-01,sh.600136,卖出,10.3,1030.0,5.5253,,,,,调仓卖出
2013-03-01,sh.600732,买入,12.37,1237.0,5.01237,0.5404732254047322,-0.448666127728375,-0.4874696847210994,-0.5836701697655617,调仓买入
2013-03-08,sh.600291,卖出,9.69,969.0,5.49419,,,,,调仓卖出
2013-03-08,sh.600499,卖出,13.98,1398.0,5.71298,,,,,调仓卖出
2013-03-08,sh.600732,卖出,6.34,634.0,5.32334,,,,,调仓卖出
2013-03-08,sh.600301,买入,8.85,885.0,5.00885,0.74901185770751,-0.09943502824858752,-0.12881355932203387,-0.183050847457627,调仓买入
2013-03-08,sh.600874,买入,9.03,902.9999999999999,5.00903,0.6388384754990926,0.0664451827242527,0.025470653377630104,-0.03765227021040973,调仓买入
2013-03-08,sz.002163,买入,6.1,1220.0,5.0122,0.6052631578947367,-0.09999999999999987,-0.14754098360655732,-0.1885245901639343,调仓买入
2013-03-08,sz.000788,买入,11.36,1136.0,5.01136,0.4869109947643979,-0.029929577464788748,-0.05545774647887314,-0.11971830985915488,调仓买入
2013-03-08,sh.600008,买入,6.72,672.0,5.00672,0.47368421052631593,0.04761904761904767,-0.028273809523809423,0.1116071428571428,调仓买入
2013-03-08,sh.600277,买入,8.94,894.0,5.00894,0.46798029556650245,-0.016778523489932917,0.05369127516778538,-0.08165548098433995,调仓买入
2013-03-08,sh.600507,买入,6.15,1230.0,5.0123,0.43356643356643354,-0.22113821138211387,-0.29105691056910565,-0.33983739837398386,调仓买入
2013-03-15,sh.600247,卖出,6.31,1262.0,5.64362,,,,,调仓卖出
2013-03-15,sh.600507,卖出,4.36,872.0000000000001,5.44472,,,,,调仓卖出
2013-03-22,sh.600301,卖出,8.15,815.0,5.415649999999999,,,,,调仓卖出
2013-03-22,sz.002163,卖出,5.51,1102.0,5.56202,,,,,调仓卖出
2013-03-22,sz.000788,卖出,11.05,1105.0,5.56355,,,,,调仓卖出
2013-03-22,sh.600110,买入,6.7,1340.0,5.0134,0.8559556786703602,-0.005970149253731294,-0.14626865671641798,-0.12985074626865678,调仓买入
2013-03-22,sh.600338,买入,12.37,1237.0,5.01237,0.7422535211267605,-0.03476151980598219,-0.1269199676637024,-0.20129345189975734,调仓买入
2013-03-22,sh.600864,买入,10.75,1075.0,5.01075,0.6362252663622525,0.10046511627906973,0.012093023255814073,-0.05674418604651155,调仓买入
2013-03-22,sh.601901,买入,7.9,790.0,5.0079,0.40569395017793597,-0.013924050632911467,-0.09873417721518996,-0.13291139240506333,调仓买入
2013-03-29,sh.600874,卖出,9.09,909.0,5.46359,,,,,调仓卖出
2013-03-29,sh.600008,卖出,7.78,778.0,5.396780000000001,,,,,调仓卖出
2013-03-29,sh.600277,卖出,8.2,819.9999999999999,5.418200000000001,,,,,调仓卖出
2013-03-29,sh.601901,卖出,7.12,712.0,5.363119999999999,,,,,调仓卖出
2013-03-29,sh.600620,买入,5.61,1122.0,5.01122,0.3293838862559244,-0.03208556149732633,-0.0445632798573975,0.142602495543672,调仓买入
2013-04-03,sh.600338,卖出,10.15,1015.0,5.517650000000001,,,,,调仓卖出
2013-04-03,sh.600620,卖出,5.2,1040.0,5.5304,,,,,调仓卖出
2013-04-03,sh.600515,买入,8.96,896.0000000000001,5.00896,0.3784615384615386,-0.006696428571428603,0.10937499999999978,0.007812499999999778,调仓买入
2013-04-03,sh.600678,买入,8.68,868.0,5.00868,0.3415765069551777,0.03571428571428581,-0.08870967741935476,-0.07027649769585242,调仓买入
2013-04-03,sz.000797,买入,7.39,739.0,5.00739,0.2942206654991244,-0.005412719891745632,-0.010825439783491264,-0.03653585926928271,调仓买入
2013-04-03,sh.600728,买入,11.05,1105.0,5.01105,0.2819025522041765,0.019909502262443368,-0.033484162895927705,0.060633484162895934,调仓买入
2013-04-12,sh.600110,卖出,5.88,1176.0,5.59976,,,,,调仓卖出
2013-04-12,sh.600864,卖出,10.2,1019.9999999999999,5.5202,,,,,调仓卖出
2013-04-12,sh.600678,卖出,7.91,791.0,5.40341,,,,,调仓卖出
2013-04-12,sz.000797,卖出,7.31,731.0,5.37281,,,,,调仓卖出
2013-04-12,sh.600728,卖出,10.68,1068.0,5.54468,,,,,调仓卖出
2013-04-12,sz.002193,买入,11.06,1106.0,5.01106,0.3739130434782607,0.05605786618444841,-0.05244122965641951,-0.2088607594936709,调仓买入
2013-04-12,sh.600337,买入,7.7,770.0,5.0077,0.3414634146341464,0.003896103896103842,-0.03766233766233762,-0.11688311688311692,调仓买入
2013-04-12,sh.600233,买入,11.49,1149.0,5.01149,0.336046511627907,0.019147084421235805,0.03742384682332456,-0.04177545691906004,调仓买入
2013-04-19,sh.600337,卖出,7.41,741.0,5.37791,,,,,调仓卖出
2013-04-19,sh.600233,卖出,11.92,1192.0,5.60792,,,,,调仓卖出
2013-04-19,sz.000790,买入,11.73,1173.0,5.01173,0.3639534883720932,-0.002557544757033292,-0.1483375959079284,0.008525149190110826,调仓买入
2013-04-19,sz.000553,买入,9.79,978.9999999999999,5.00979,0.35972222222222205,0.01838610827374887,-0.07660878447395303,-0.06741573033707848,调仓买入
2013-04-26,sh.600515,卖出,8.69,869.0,5.4431899999999995,,,,,调仓卖出
2013-04-26,sz.002193,卖出,8.61,861.0,5.43911,,,,,调仓卖出
2013-04-26,sz.000790,卖出,9.99,999.0,5.50949,,,,,调仓卖出
2013-04-26,sz.000553,卖出,9.04,903.9999999999999,5.46104,,,,,调仓卖出
2013-04-26,sh.600775,买入,9.48,948.0,5.00948,0.48124999999999996,-0.03270042194092837,-0.021097046413502185,-0.09704641350210974,调仓买入
2013-05-03,sz.000688,买入,7.55,755.0,5.00755,0.9973544973544974,0.013245033112582849,0.003973509933774766,0.07549668874172188,调仓买入
2013-05-03,sh.600418,买入,8.29,828.9999999999999,5.00829,0.4195205479452053,0.0723763570566951,0.07358262967430651,0.0579010856453559,调仓买入
2013-05-10,sh.600775,卖出,8.95,894.9999999999999,5.456449999999999,,,,,调仓卖出
2013-05-10,sh.600418,卖出,8.9,890.0,5.4539,,,,,调仓卖出
2013-05-10,sz.002185,买入,7.15,715.0,5.00715,0.4711934156378601,0.00419580419580412,0.01538461538461533,0.09090909090909083,调仓买入
2013-05-17,sz.002185,卖出,7.26,726.0,5.37026,,,,,调仓卖出
2013-05-24,sz.002432,买入,11.44,1144.0,5.01144,0.591098748261474,0.0996503496503498,-0.07080419580419572,-0.18793706293706303,调仓买入
2013-05-31,sz.000688,卖出,8.12,811.9999999999999,5.41412,,,,,调仓卖出
2013-05-31,sz.002432,卖出,10.63,1063.0,5.54213,,,,,调仓卖出
2013-05-31,sh.600890,买入,8.75,875.0,5.00875,0.7712550607287447,0.022857142857142687,-0.02857142857142858,-0.22399999999999998,调仓买入
2013-05-31,sh.601238,买入,9.17,917.0,5.00917,0.5437710437710437,0.0021810250817884125,-0.07633587786259532,-0.17884405670665204,调仓买入
2013-06-07,sh.601238,卖出,8.47,847.0000000000001,5.43197,,,,,调仓卖出
2013-06-07,sz.000748,买入,10.72,1072.0,5.01072,0.3904020752269781,-0.051305970149253755,-0.059701492537313494,-0.1324626865671642,调仓买入
2013-06-07,sh.600851,买入,9.04,903.9999999999999,5.00904,0.38863287250384015,-0.08738938053097334,-0.044247787610619316,-0.16150442477876092,调仓买入
2013-06-07,sh.600860,买入,9.78,977.9999999999999,5.00978,0.3735955056179774,-0.06134969325153372,0.026584867075664542,-0.14621676891615543,调仓买入
2013-06-14,sz.000748,卖出,10.08,1008.0,5.51408,,,,,调仓卖出
2013-06-14,sh.600851,卖出,8.4,840.0,5.4284,,,,,调仓卖出
2013-06-14,sh.600860,卖出,9.36,936.0,5.47736,,,,,调仓卖出
2013-06-14,sh.600460,买入,6.69,669.0,5.00669,0.42340425531914905,-0.014947683109118204,-0.10612855007473843,-0.13452914798206284,调仓买入
2013-06-21,sh.600890,卖出,7.42,742.0,5.37842,,,,,调仓卖出
2013-06-21,sh.600460,卖出,5.98,598.0,5.3049800000000005,,,,,调仓卖出
2013-06-21,sh.600835,买入,10.22,1022.0000000000001,5.01022,0.3829499323410015,-0.019569471624266255,0.07534246575342451,0.27690802348336585,调仓买入
2013-06-21,sh.600838,买入,6.67,667.0,5.00667,0.37242798353909445,-0.03748125937031488,-0.0779610194902548,-0.23238380809595205,调仓买入
2013-06-21,sh.600190,买入,4.95,990.0,5.0099,0.2823834196891193,-0.08484848484848484,-0.11919191919191918,-0.17979797979797996,调仓买入
2013-06-21,sz.002263,买入,7.15,715.0,5.00715,0.2767857142857144,-0.04895104895104907,-0.06433566433566429,-0.16923076923076918,调仓买入
2013-06-21,sh.600753,买入,10.42,1042.0,5.01042,0.27539779681762555,-0.05950095969289815,-0.051823416506717734,0.2888675623800383,调仓买入
2013-06-28,sh.600838,卖出,6.15,615.0,5.31365,,,,,调仓卖出
2013-06-28,sh.600190,卖出,4.36,872.0000000000001,5.44472,,,,,调仓卖出
2013-06-28,sz.002263,卖出,6.69,669.0,5.34119,,,,,调仓卖出
2013-06-28,sh.600753,卖出,9.88,988.0000000000001,5.50388,,,,,调仓卖出
2013-06-28,sz.001896,买入,6.17,617.0,5.00617,0.3413043478260871,0.02917341977309551,-0.07617504051863855,-0.17828200972447317,调仓买入
2013-07-05,sz.001896,卖出,5.7,570.0,5.2907,,,,,调仓卖出
2013-07-05,sz.000829,买入,6.87,687.0,5.00687,0.5266666666666666,0.0,-0.09170305676855894,-0.033478893740902516,调仓买入
2013-07-12,sh.600835,卖出,12.16,1216.0,5.620159999999999,,,,,调仓卖出
2013-07-12,sz.000829,卖出,6.24,624.0,5.31824,,,,,调仓卖出
2013-07-12,sh.600830,买入,9.09,909.0,5.00909,0.45207667731629386,0.011001100110010986,-0.09680968096809672,-0.047304730473047285,调仓买入
2013-07-19,sh.600830,卖出,8.21,821.0000000000001,5.41871,,,,,调仓卖出
2013-07-19,sz.000062,买入,9.3,930.0000000000001,5.0093,0.606217616580311,0.04516129032258065,-0.06774193548387109,0.10752688172043001,调仓买入
2013-07-19,sz.002259,买入,6.54,654.0,5.00654,0.6029411764705883,0.022935779816513735,0.03822629969418956,0.1651376146788992,调仓买入
2013-07-19,sz.000829,买入,7.2,720.0,5.0072,0.522198731501057,0.0277777777777779,0.023611111111111027,0.047222222222222276,调仓买入
2013-07-19,sh.601519,买入,5.78,578.0,5.00578,0.5130890052356023,0.0017301038062282892,-0.11072664359861606,-0.08996539792387548,调仓买入
2013-07-19,sh.600175,买入,4.13,826.0,5.00826,0.485611510791367,-0.03389830508474567,0.004842615012106588,0.38498789346246975,调仓买入
2013-07-26,sz.002259,卖出,6.79,679.0,5.34629,,,,,调仓卖出
2013-07-26,sz.000829,卖出,7.37,737.0,5.37587,,,,,调仓卖出
2013-07-26,sh.601519,卖出,5.14,514.0,5.26214,,,,,调仓卖出
2013-07-26,sh.600175,卖出,4.15,830.0000000000001,5.4233,,,,,调仓卖出
2013-08-02,sz.000062,卖出,9.16,916.0,5.46716,,,,,调仓卖出
2013-08-02,sh.600175,买入,4.95,990.0,5.0099,0.7805755395683456,0.101010101010101,0.13939393939393918,-0.02626262626262621,调仓买入
2013-08-02,sz.002579,买入,8.79,878.9999999999999,5.00879,0.7001934235976788,0.0022753128555177415,-0.03185437997724683,0.03640500568828209,调仓买入
2013-08-09,sz.002579,卖出,8.51,851.0,5.434010000000001,,,,,调仓卖出
2013-08-09,sz.002127,买入,5.6,560.0,5.0056,0.7073170731707317,-0.03214285714285714,-0.09107142857142858,-0.07321428571428557,调仓买入
2013-08-09,sh.600654,买入,7.72,772.0,5.00772,0.6673866090712743,0.010362694300518172,-0.041450777202072464,0.03886010362694292,调仓买入
2013-08-09,sz.000909,买入,7.16,716.0,5.00716,0.6199095022624435,-0.009776536312849249,-0.029329608938547524,-0.08519553072625707,调仓买入
2013-08-16,sh.600175,卖出,5.72,1144.0,5.58344,,,,,调仓卖出
2013-08-16,sh.600654,卖出,7.4,740.0,5.3774,,,,,调仓卖出
2013-08-16,sz.000909,卖出,6.95,695.0,5.35445,,,,,调仓卖出
2013-08-16,sz.002579,买入,9.79,978.9999999999999,5.00979,0.8506616257088846,0.036772216547497516,0.009193054136874546,-0.12768130745658834,调仓买入
2013-08-16,sz.000428,买入,8.47,847.0000000000001,5.00847,0.5627306273062731,0.0720188902007084,0.05785123966942152,0.018890200708382432,调仓买入
2013-08-23,sz.000428,卖出,8.96,896.0000000000001,5.4569600000000005,,,,,调仓卖出
2013-08-23,sh.600822,买入,9.01,901.0,5.00901,0.6904315196998123,0.09988901220865709,0.6104328523862375,0.8690344062153164,调仓买入
2013-08-23,sz.002160,买入,6.0,600.0,5.006,0.6000000000000001,-0.0016666666666665941,-0.08166666666666667,-0.07666666666666666,调仓买入
2013-08-23,sz.000616,买入,4.34,868.0,5.00868,0.5781818181818181,-0.004608294930875445,-0.07834101382488479,-0.10599078341013823,调仓买入
2013-08-30,sz.002127,卖出,5.41,541.0,5.2759100000000005,,,,,调仓卖出
2013-08-30,sz.002579,卖出,9.11,911.0,5.4646099999999995,,,,,调仓卖出
2013-08-30,sz.002160,卖出,5.51,551.0,5.28101,,,,,调仓卖出
2013-08-30,sz.000616,卖出,4.0,800.0,5.408,,,,,调仓卖出
2013-09-13,sh.600822,卖出,13.71,1371.0,5.69921,,,,,调仓卖出
2013-09-13,sh.600018,买入,6.51,651.0,5.00651,1.593625498007968,0.001536098310291889,0.06144393241167445,-0.20430107526881724,调仓买入
2013-09-13,sh.600398,买入,6.16,616.0,5.00616,0.9870967741935484,0.0,-0.07142857142857151,-0.0535714285714286,调仓买入
2013-09-18,sz.002027,买入,8.09,809.0,5.00809,0.8901869158878504,-0.06674907292954269,-0.07292954264524099,-0.1013597033374537,调仓买入
2013-09-27,sz.002556,买入,10.8,1080.0,5.0108,0.8120805369127517,0.05925925925925912,0.20740740740740726,-0.045370370370370394,调仓买入
2013-09-27,sz.000548,买入,7.25,725.0,5.00725,0.5658747300215983,0.0027586206896550447,0.034482758620689724,-0.13103448275862073,调仓买入
2013-09-30,sh.600018,卖出,5.62,562.0,5.28662,,,,,调仓卖出
2013-09-30,sz.000548,卖出,7.27,727.0,5.37077,,,,,调仓卖出
2013-10-11,sh.600398,卖出,5.85,585.0,5.298349999999999,,,,,调仓卖出
2013-10-11,sz.002556,卖出,13.04,1304.0,5.66504,,,,,调仓卖出
2013-10-11,sz.002177,买入,6.85,685.0,5.00685,0.6789215686274508,0.0350364963503651,-0.03211678832116782,-0.20875912408759123,调仓买入
2013-10-18,sz.002027,卖出,7.6,760.0,5.3876,,,,,调仓卖出
2013-10-25,sz.002177,卖出,5.75,575.0,5.29325,,,,,调仓卖出
2013-10-25,sh.600081,买入,9.95,994.9999999999999,5.00995,0.4441219158200289,0.0010050251256283893,-0.17085427135678388,-0.17688442211055277,调仓买入
2013-10-25,sz.002256,买入,8.74,874.0,5.00874,0.4327868852459018,-0.041189931350114395,-0.12700228832951943,0.06407322654462244,调仓买入
2013-11-01,sh.600081,卖出,8.25,825.0,5.42075,,,,,调仓卖出
2013-11-01,sz.002256,卖出,7.63,763.0,5.38913,,,,,调仓卖出
2013-11-01,sz.000897,买入,3.7,740.0,5.0074,0.46825396825396837,0.08108108108108092,0.2189189189189189,0.5945945945945945,调仓买入
2013-11-08,sz.000897,卖出,4.51,902.0,5.460019999999999,,,,,调仓卖出
2013-11-08,sz.000554,买入,6.23,623.0,5.00623,0.44883720930232585,-0.03049759229534521,-0.0979133226324238,-0.1556982343499198,调仓买入
2013-11-08,sz.000096,买入,6.89,689.0,5.00689,0.42355371900826433,0.0159651669085632,-0.08708272859216248,-0.09579100145137875,调仓买入
2013-11-08,sz.001896,买入,7.12,712.0,5.00712,0.4126984126984128,-0.0070224719101122934,-0.1095505617977528,-0.061797752808988804,调仓买入
2013-11-15,sz.000554,卖出,5.62,562.0,5.28662,,,,,调仓卖出
2013-11-15,sz.000096,卖出,6.29,629.0,5.32079,,,,,调仓卖出
2013-11-15,sz.001896,卖出,6.34,634.0,5.32334,,,,,调仓卖出
2013-11-15,sh.600483,买入,7.84,784.0,5.00784,0.7499999999999998,-0.003826530612244916,-0.061224489795918324,-0.11989795918367341,调仓买入
2013-11-15,sz.000897,买入,4.61,922.0000000000001,5.00922,0.5114754098360659,0.09978308026030369,0.36442516268980474,0.351409978308026,调仓买入
2013-11-15,sh.601908,买入,9.94,994.0,5.00994,0.3767313019390581,-0.007042253521126751,-0.007042253521126751,-0.1338028169014085,调仓买入
2013-11-22,sh.601908,卖出,9.87,986.9999999999999,5.50337,,,,,调仓卖出
2013-11-22,sz.000096,买入,6.84,684.0,5.00684,0.5032967032967033,-0.04678362573099415,0.04385964912280693,-0.20906432748538006,调仓买入
2013-11-29,sh.600483,卖出,7.54,754.0,5.384539999999999,,,,,调仓卖出
2013-11-29,sz.000096,卖出,7.14,714.0,5.36414,,,,,调仓卖出
2013-12-06,sz.000897,卖出,6.03,1206.0,5.61506,,,,,调仓卖出
2013-12-06,sh.600870,买入,5.29,529.0,5.00529,0.7119741100323624,-0.001890359168241873,-0.009451795841209809,-0.10018903591682427,调仓买入
2013-12-06,sz.002170,买入,7.52,752.0,5.00752,0.6563876651982379,-0.00930851063829774,-0.017287234042553168,-0.20744680851063824,调仓买入
2013-12-13,sh.600759,买入,8.13,813.0000000000001,5.00813,0.7635574837310195,0.04920049200491983,-0.07995079950799511,0.059040590405903925,调仓买入
2013-12-13,sh.600626,买入,7.64,764.0,5.00764,0.4834951456310679,-0.010471204188481686,-0.009162303664921434,0.12434554973821998,调仓买入
2013-12-20,sz.002170,卖出,6.68,668.0,5.34068,,,,,调仓卖出
2013-12-20,sz.002242,买入,10.57,1057.0,5.01057,0.3745123537061119,0.08230842005676431,-0.03784295175023655,0.151371807000946,调仓买入
2013-12-27,sh.600870,卖出,5.17,517.0,5.263669999999999,,,,,调仓卖出
2014-01-03,sz.002270,买入,9.0,900.0,5.009,0.37614678899082565,-0.07555555555555549,-0.1333333333333333,0.07000000000000006,调仓买入
2014-01-03,sz.000601,买入,5.04,1008.0,5.01008,0.35483870967741926,-0.03373015873015872,-0.04960317460317465,-0.029761904761904878,调仓买入
2014-01-10,sh.600759,卖出,8.32,832.0,5.424320000000001,,,,,调仓卖出
2014-01-10,sh.600626,卖出,8.56,856.0,5.43656,,,,,调仓卖出
2014-01-10,sz.002270,卖出,7.8,780.0,5.397799999999999,,,,,调仓卖出
2014-01-17,sz.002242,卖出,13.2,1320.0,5.6732000000000005,,,,,调仓卖出
2014-01-17,sz.000601,卖出,5.11,1022.0000000000001,5.5212200000000005,,,,,调仓卖出
2014-01-17,sz.002270,买入,9.5,950.0,5.0095,0.4913657770800628,-0.03894736842105251,0.0052631578947368585,-0.040000000000000036,调仓买入
2014-01-24,sz.002270,卖出,9.55,955.0000000000001,5.48705,,,,,调仓卖出
2014-01-24,sz.000620,买入,8.55,855.0000000000001,5.00855,0.5833333333333333,-0.04444444444444451,-0.07251461988304109,-0.19532163742690067,调仓买入
2014-01-30,sz.000620,卖出,7.9,790.0,5.402900000000001,,,,,调仓卖出
2014-02-14,sh.600662,买入,7.14,714.0,5.00714,0.745721271393643,0.0,0.0182072829131652,0.11624649859943981,调仓买入
2014-02-28,sz.000554,买入,8.88,888.0000000000001,5.00888,0.7867203219315897,-0.012387387387387538,-0.05855855855855874,-0.2432432432432433,调仓买入
2014-03-07,sh.600662,卖出,8.0,800.0,5.408,,,,,调仓卖出
2014-03-14,sz.000554,卖出,7.4,740.0,5.3774,,,,,调仓卖出
2014-03-14,sh.600149,买入,7.77,777.0,5.00777,0.48565965583173987,0.014157014157014203,0.11196911196911219,0.7503217503217503,调仓买入
2014-03-14,sz.002274,买入,9.65,965.0,5.00965,0.37857142857142856,-0.013471502590673645,0.031088082901554293,-0.049740932642487135,调仓买入
2014-03-21,sz.002274,卖出,9.95,994.9999999999999,5.5074499999999995,,,,,调仓卖出
2014-03-21,sh.600155,买入,7.65,765.0,5.00765,0.5937500000000002,0.1006535947712417,0.2522875816993464,0.04836601307189525,调仓买入
2014-03-21,sz.000923,买入,9.1,910.0,5.0091,0.5319865319865318,0.06703296703296724,-0.12417582417582418,-0.15604395604395604,调仓买入
2014-03-21,sz.000511,买入,5.6,560.0,5.0056,0.44329896907216493,0.048214285714285765,-0.08571428571428563,0.04285714285714293,调仓买入
2014-03-28,sz.000511,卖出,5.12,512.0,5.26112,,,,,调仓卖出
2014-03-28,sh.600606,买入,9.89,989.0,5.00989,0.8910133843212236,-0.1001011122345804,-0.11627906976744184,-0.2103134479271993,调仓买入
2014-03-28,sz.000687,买入,5.33,1066.0,5.01066,0.7590759075907592,-0.007504690431519689,-0.03001876172607887,-0.2476547842401502,调仓买入
2014-03-28,sh.601000,买入,4.77,953.9999999999999,5.00954,0.5794701986754964,0.014675052410901612,-0.03144654088050303,0.002096436058700357,调仓买入
2014-03-28,sz.002274,买入,9.99,999.0,5.00999,0.5,-0.10010010010010006,-0.10510510510510518,-0.2122122122122122,调仓买入
2014-04-04,sz.000923,卖出,8.19,819.0,5.41769,,,,,调仓卖出
2014-04-04,sz.002274,卖出,8.94,894.0,5.45594,,,,,调仓卖出
2014-04-04,sh.600743,买入,3.83,766.0,5.0076600000000004,0.49027237354085607,-0.018276762402088864,-0.08877284595300261,-0.2532637075718016,调仓买入
2014-04-04,sz.000671,买入,10.24,1024.0,5.01024,0.4862119013062409,-0.0166015625,-0.0830078125,-0.1572265624999999,调仓买入
2014-04-11,sz.000687,卖出,4.91,982.0,5.50082,,,,,调仓卖出
2014-04-11,sh.600743,卖出,3.45,690.0,5.3519,,,,,调仓卖出
2014-04-11,sz.000671,卖出,9.2,919.9999999999999,5.4692,,,,,调仓卖出
2014-04-18,sh.600155,卖出,8.34,834.0,5.425339999999999,,,,,调仓卖出
2014-04-18,sh.600606,卖出,8.78,877.9999999999999,5.44778,,,,,调仓卖出
2014-04-18,sh.600652,买入,7.81,781.0,5.00781,0.9189189189189186,-0.03585147247119069,-0.10499359795134433,-0.21766965428937257,调仓买入
2014-04-18,sh.600545,买入,8.62,861.9999999999999,5.00862,0.4511784511784509,0.0058004640371229765,-0.10324825986078878,0.04872389791183296,调仓买入
2014-04-25,sh.600149,卖出,10.35,1035.0,5.52785,,,,,调仓卖出
2014-04-25,sh.601000,卖出,4.75,950.0,5.4845,,,,,调仓卖出
2014-04-25,sh.600545,卖出,7.73,773.0,5.394229999999999,,,,,调仓卖出
2014-04-25,sh.600856,买入,9.4,940.0,5.0094,0.4506172839506173,-0.06702127659574475,0.006382978723404209,0.02872340425531905,调仓买入
2014-04-30,sh.600870,买入,8.19,819.0,5.00819,0.4598930481283421,-0.031746031746031744,0.1208791208791209,-0.046398046398046344,调仓买入
2014-04-30,sh.600234,买入,9.2,919.9999999999999,5.0092,0.3529411764705881,0.005434782608695787,0.2467391304347828,0.3369565217391306,调仓买入
2014-05-09,sh.600652,卖出,6.27,627.0,5.31977,,,,,调仓卖出
2014-05-09,sh.600317,买入,5.89,589.0,5.00589,0.6780626780626782,0.052631578947368585,0.12733446519524616,0.0016977928692700761,调仓买入
2014-05-16,sh.600856,卖出,9.69,969.0,5.49419,,,,,调仓卖出
2014-05-16,sh.600870,卖出,7.63,763.0,5.38913,,,,,调仓卖出
2014-05-16,sz.002040,买入,8.42,842.0,5.00842,0.33650793650793664,-0.0665083135391924,-0.08194774346793343,0.005938242280285166,调仓买入
2014-05-16,sh.601001,买入,5.91,591.0,5.00591,0.3251121076233183,-0.0033840947546531774,0.005076142131979822,0.010152284263959421,调仓买入
2014-05-23,sh.600234,卖出,11.07,1107.0,5.56457,,,,,调仓卖出
2014-05-23,sz.002040,卖出,7.73,773.0,5.394229999999999,,,,,调仓卖出
2014-05-23,sh.600760,买入,8.1,810.0,5.0081,0.40625,-0.020987654320987592,-0.032098765432098775,-0.09629629629629621,调仓买入
2014-05-23,sz.000505,买入,4.45,890.0,5.0089,0.2535211267605635,-0.020224719101123556,-0.06516853932584266,0.13707865168539302,调仓买入
2014-05-23,sh.600876,买入,6.36,636.0,5.00636,0.24950884086444014,0.011006289308175932,0.14622641509433953,0.17295597484276715,调仓买入
2014-05-30,sh.600317,卖出,5.75,575.0,5.29325,,,,,调仓卖出
2014-05-30,sh.601001,卖出,5.98,598.0,5.3049800000000005,,,,,调仓卖出
2014-05-30,sh.600760,卖出,7.84,784.0,5.39984,,,,,调仓卖出
2014-05-30,sz.000505,卖出,4.16,832.0,5.424320000000001,,,,,调仓卖出
2014-05-30,sz.000607,买入,8.1,810.0,5.0081,0.9058823529411764,-0.04814814814814816,0.004938271604938427,0.11851851851851869,调仓买入
2014-05-30,sz.000911,买入,8.57,857.0,5.00857,0.3103975535168195,-0.03500583430571769,-0.012835472578763052,0.08868144690781787,调仓买入
2014-06-06,sh.600876,卖出,6.81,681.0,5.34731,,,,,调仓卖出
2014-06-06,sh.600074,买入,5.51,551.0,5.00551,0.8006535947712417,-0.025408348457350183,0.05444646098003636,0.04900181488203281,调仓买入
2014-06-06,sz.000622,买入,5.41,541.0,5.00541,0.3358024691358026,-0.09981515711645106,-0.18484288354898337,-0.19408502772643255,调仓买入
2014-06-13,sz.000911,卖出,8.17,817.0,5.41667,,,,,调仓卖出
2014-06-13,sz.000622,卖出,4.41,441.0,5.22491,,,,,调仓卖出
2014-06-20,sz.000607,卖出,8.51,851.0,5.434010000000001,,,,,调仓卖出
2014-06-20,sz.002067,买入,3.22,966.0000000000001,5.00966,0.4504504504504505,0.052795031055900665,0.4409937888198756,0.08695652173913038,调仓买入
2014-06-27,sh.600074,卖出,5.75,575.0,5.29325,,,,,调仓卖出
2014-07-04,sh.600052,买入,5.68,568.0,5.00568,0.6182336182336183,0.0035211267605634866,-0.03169014084507038,-0.10563380281690138,调仓买入
2014-07-04,sz.000812,买入,7.2,720.0,5.0072,0.561822125813449,0.03611111111111098,0.011111111111111072,-0.15555555555555556,调仓买入
2014-07-04,sz.000821,买入,6.77,677.0,5.00677,0.5563218390804598,0.048744460856720906,-0.039881831610044216,-0.11373707533234856,调仓买入
2014-07-04,sz.000509,买入,5.28,528.0,5.00528,0.512893982808023,0.0,-0.02083333333333337,-0.10795454545454553,调仓买入
2014-07-11,sh.600052,卖出,5.5,550.0,5.2805,,,,,调仓卖出
2014-07-11,sz.000821,卖出,6.5,650.0,5.3315,,,,,调仓卖出
2014-07-11,sz.000509,卖出,5.17,517.0,5.263669999999999,,,,,调仓卖出
2014-07-18,sz.002067,卖出,3.5,1050.0,5.535500000000001,,,,,调仓卖出
2014-07-18,sz.000812,卖出,6.26,626.0,5.31926,,,,,调仓卖出
2014-07-18,sz.002212,买入,7.09,709.0,5.00709,0.6224256292906178,0.019746121297602448,-0.06488011283497885,0.023977433004231274,调仓买入
2014-07-25,sz.002212,卖出,6.63,663.0,5.3381300000000005,,,,,调仓卖出
2014-07-25,sz.000031,买入,5.07,507.0,5.00507,0.5696594427244583,0.04930966469428011,0.015779092702169706,0.05917159763313595,调仓买入
2014-07-25,sh.600210,买入,4.43,886.0,5.00886,0.4966216216216215,0.006772009029345494,0.02483069977426644,-0.042889390519187276,调仓买入
2014-08-01,sh.600210,卖出,4.54,908.0,5.46308,,,,,调仓卖出
2014-08-01,sz.000889,买入,7.51,751.0,5.00751,0.5777310924369747,0.05858854860186424,0.06524633821571246,0.05858854860186424,调仓买入
2014-08-01,sz.000059,买入,6.5,650.0,5.0065,0.5550239234449761,0.10000000000000009,0.1615384615384614,0.05384615384615388,调仓买入
2014-08-01,sz.002066,买入,9.38,938.0000000000001,5.00938,0.5301794453507342,0.01492537313432818,-0.011727078891258125,-0.093816631130064,调仓买入
2014-08-08,sz.000031,卖出,5.0,500.0,5.255,,,,,调仓卖出
2014-08-08,sz.002066,卖出,9.27,927.0,5.47277,,,,,调仓卖出
2014-08-08,sz.000751,买入,7.92,792.0,5.00792,1.0412371134020617,0.007575757575757569,-0.05681818181818188,-0.09217171717171713,调仓买入
2014-08-08,sh.600556,买入,8.37,836.9999999999999,5.00837,0.9285714285714284,0.002389486260454099,-0.002389486260453988,0.08602150537634423,调仓买入
2014-08-08,sh.600157,买入,4.12,824.0,5.00824,0.8070175438596494,0.04854368932038833,0.24029126213592233,0.27427184466019416,调仓买入
2014-08-15,sz.000059,卖出,6.89,689.0,5.35139,,,,,调仓卖出
2014-08-22,sz.000889,卖出,8.37,836.9999999999999,5.42687,,,,,调仓卖出
2014-08-22,sh.600157,卖出,5.13,1026.0,5.52326,,,,,调仓卖出
2014-08-29,sh.600556,卖出,8.27,827.0,5.42177,,,,,调仓卖出
2014-09-05,sz.000751,卖出,7.19,719.0,5.366689999999999,,,,,调仓卖出
2014-09-05,sh.600317,买入,4.99,499.0,5.00499,1.096638655462185,-0.012024048096192508,0.03006012024048088,-0.06813627254509014,调仓买入
2014-09-19,sh.600317,卖出,4.75,475.0,5.242249999999999,,,,,调仓卖出
2014-09-26,sh.600212,买入,8.23,823.0,5.00823,1.3514285714285714,0.05710814094775207,0.10206561360874855,0.22721749696233284,调仓买入
2014-09-26,sz.000720,买入,5.18,518.0,5.00518,0.8368794326241136,0.013513513513513598,-0.027027027027026973,-0.09266409266409259,调仓买入
2014-10-10,sz.000720,卖出,5.04,504.0,5.25704,,,,,调仓卖出
2014-10-10,sh.601106,买入,4.24,848.0,5.00848,0.9272727272727272,0.061320754716981174,0.007075471698112956,0.03301886792452824,调仓买入
2014-10-17,sh.601106,卖出,4.27,853.9999999999999,5.43554,,,,,调仓卖出
2014-10-24,sh.600212,卖出,8.78,877.9999999999999,5.44778,,,,,调仓卖出
2014-10-24,sz.000815,买入,8.07,807.0,5.00807,0.720682302771855,-0.009913258983890949,0.0173482032218093,0.11028500619578696,调仓买入
2014-10-31,sz.000158,买入,8.68,868.0,5.00868,0.5955882352941175,-0.004608294930875445,-0.017281105990783474,0.29147465437788034,调仓买入
2014-11-07,sz.000815,卖出,8.82,882.0,5.44982,,,,,调仓卖出
2014-11-07,sz.000158,卖出,8.53,852.9999999999999,5.43503,,,,,调仓卖出
2014-11-07,sh.600744,买入,4.92,492.0,5.00492,0.6237623762376239,0.0060975609756097615,-0.11585365853658547,-0.11382113821138207,调仓买入
2014-11-14,sh.600744,卖出,4.35,434.99999999999994,5.22185,,,,,调仓卖出
2014-11-14,sh.600115,买入,4.65,465.00000000000006,5.00465,0.48089171974522293,-0.043010752688172116,-0.04516129032258065,0.22795698924731167,调仓买入
2014-11-21,sh.600115,卖出,4.44,444.00000000000006,5.22644,,,,,调仓卖出
2014-12-26,sh.601669,买入,7.81,781.0,5.00781,0.8507109004739337,0.05121638924455851,0.03201024327784907,-0.03585147247119069,调仓买入
2014-12-26,sh.601390,买入,9.13,913.0000000000001,5.00913,0.7937131630648333,0.02409638554216853,0.003285870755750153,-0.04600219058050381,调仓买入
2015-01-09,sh.601669,卖出,7.72,772.0,5.39372,,,,,调仓卖出
2015-01-09,sh.601390,卖出,8.63,863.0000000000001,5.44013,,,,,调仓卖出
2015-01-09,sh.600227,买入,5.62,562.0,5.00562,0.9788732394366197,-0.06405693950177938,0.028469750889679846,-0.0854092526690392,调仓买入
2015-01-30,sh.600227,卖出,5.61,561.0,5.28611,,,,,调仓卖出
2015-01-30,sz.000627,买入,8.26,826.0,5.00826,1.0146341463414634,0.009685230024213176,-0.029055690072639306,0.06295399515738498,调仓买入
2015-02-06,sh.600981,买入,7.33,733.0,5.00733,0.7410926365795725,0.0395634379263301,0.08321964529331516,0.20736698499317874,调仓买入
2015-02-17,sz.000627,卖出,8.2,819.9999999999999,5.418200000000001,,,,,调仓卖出
2015-02-27,sh.600981,卖出,7.73,773.0,5.394229999999999,,,,,调仓卖出
2015-03-06,sz.000976,买入,8.96,896.0000000000001,5.00896,1.3703703703703707,-0.022321428571428714,-0.0926339285714286,-0.02008928571428592,调仓买入
2015-03-13,sz.000976,卖出,8.13,813.0000000000001,5.414630000000001,,,,,调仓卖出
2015-07-17,sh.600667,买入,7.82,782.0,5.00782,0.4838709677419357,-0.0012787723785167016,0.11125319693094626,0.03324808184143224,调仓买入
2015-07-31,sh.600667,卖出,6.95,695.0,5.35445,,,,,调仓卖出
2015-08-21,sh.600868,买入,7.9,790.0,5.0079,0.6561844863731658,-0.09999999999999998,-0.15316455696202536,-0.3126582278481014,调仓买入
2015-09-02,sz.002506,买入,7.11,711.0,5.00711,2.722513089005236,-0.016877637130801704,0.05907172995780585,0.13080168776371282,调仓买入
2015-09-02,sz.000564,买入,8.05,805.0000000000001,5.00805,0.2384615384615385,0.001242236024844745,0.06956521739130417,0.012422360248447228,调仓买入
2015-09-11,sh.600868,卖出,6.17,617.0,5.31467,,,,,调仓卖出
2015-09-11,sz.002506,卖出,7.53,753.0,5.38403,,,,,调仓卖出
2015-09-11,sz.000564,卖出,8.61,861.0,5.43911,,,,,调仓卖出
2015-09-11,sz.002079,买入,8.51,851.0,5.00851,0.3214285714285714,-0.099882491186839,-0.20094007050528795,-0.047003525264394885,调仓买入
2015-09-18,sz.002079,卖出,6.8,680.0,5.3468,,,,,调仓卖出
2015-09-25,sz.002067,买入,8.31,831.0,5.00831,0.6073500967117988,-0.02527075812274382,0.13477737665463296,0.3489771359807461,调仓买入
2015-10-23,sz.002067,卖出,12.12,1212.0,5.61812,,,,,调仓卖出
2016-03-11,sh.600425,买入,6.06,606.0,5.00606,0.5112219451371571,-0.02970297029702962,-0.1369636963696368,-0.16831683168316824,调仓买入
2016-03-18,sh.600425,卖出,5.23,523.0,5.26673,,,,,调仓卖出
2016-03-18,sh.600423,买入,8.17,817.0,5.00817,0.36393989983305497,0.006119951040391758,0.04528763769889821,0.22399020807833536,调仓买入
2016-03-25,sh.600423,卖出,8.54,853.9999999999999,5.43554,,,,,调仓卖出
2016-04-01,sh.601880,买入,6.55,655.0,5.00655,0.6293532338308458,0.013740458015267132,-0.03053435114503822,-0.0931297709923663,调仓买入
2016-04-08,sh.601880,卖出,6.31,631.0,5.32181,,,,,调仓卖出
2016-05-13,sz.000918,买入,6.02,602.0,5.00602,0.3144104803493448,-0.0647840531561461,0.0033222591362127574,-0.11129568106312293,调仓买入
2016-05-20,sz.000918,卖出,6.04,604.0,5.308039999999999,,,,,调仓卖出
2016-06-03,sh.600460,买入,7.9,790.0,5.0079,0.42086330935251826,-0.0113924050632912,-0.11772151898734184,-0.012658227848101333,调仓买入
2016-06-08,sh.600460,卖出,7.62,762.0,5.38862,,,,,调仓卖出
2016-10-28,sh.600321,买入,6.5,650.0,5.0065,0.6169154228855722,0.10000000000000009,0.34153846153846157,0.1923076923076923,调仓买入
2016-11-11,sh.600321,卖出,9.22,922.0000000000001,5.47022,,,,,调仓卖出
2016-12-02,sh.601003,买入,5.95,595.0,5.00595,0.6346153846153846,0.04537815126050404,-0.008403361344537785,-0.20000000000000007,调仓买入
2016-12-09,sh.601003,卖出,5.9,590.0,5.3008999999999995,,,,,调仓卖出
2017-03-31,sh.601008,买入,8.29,828.9999999999999,5.00829,0.44930069930069916,-0.01568154402895039,0.014475271411338975,0.06031363088057895,调仓买入
2017-04-07,sh.601008,卖出,7.89,789.0,5.40239,,,,,调仓卖出
2017-04-28,sh.600008,买入,7.51,751.0,5.00751,0.7546728971962615,0.037283621837550074,-0.07723035952063917,-0.07323568575233019,调仓买入
2017-04-28,sh.601992,买入,8.08,808.0,5.00808,0.686847599164927,0.021039603960395947,-0.12995049504950495,-0.16460396039603964,调仓买入
2017-05-05,sh.601992,卖出,7.77,777.0,5.3962699999999995,,,,,调仓卖出
2017-05-12,sh.600008,卖出,7.15,715.0,5.36465,,,,,调仓卖出
2017-06-09,sz.002305,买入,6.63,663.0,5.00663,0.5490654205607475,-0.04675716440422317,-0.08748114630467574,-0.2036199095022624,调仓买入
2017-06-23,sz.002305,卖出,5.78,578.0,5.294779999999999,,,,,调仓卖出
2017-07-07,sh.603993,买入,5.97,597.0,5.00597,0.42142857142857126,0.09045226130653261,0.055276381909547645,0.17420435510887766,调仓买入
2017-07-14,sh.603993,卖出,6.3,630.0,5.321300000000001,,,,,调仓卖出
2017-07-14,sz.000933,买入,8.83,883.0,5.00883,0.3159463487332339,0.07361268403171017,0.2163080407701019,0.4496036240090602,调仓买入
2017-07-21,sz.000933,卖出,10.74,1074.0,5.54774,,,,,调仓卖出
2017-07-21,sz.000916,买入,9.0,900.0,5.009,0.8556701030927836,0.011111111111111072,-0.0011111111111110628,-0.008888888888888946,调仓买入
2017-07-28,sz.000916,卖出,8.99,899.0,5.458489999999999,,,,,调仓卖出
2017-08-04,sh.600117,买入,8.05,805.0000000000001,5.00805,0.5304182509505706,0.045962732919254456,-0.11552795031055907,-0.034782608695652306,调仓买入
2017-08-11,sh.600117,卖出,7.12,712.0,5.363119999999999,,,,,调仓卖出
2017-08-11,sh.600569,买入,4.56,455.99999999999994,5.00456,0.5199999999999998,0.07236842105263164,0.037280701754386136,0.17763157894736858,调仓买入
2017-08-18,sh.601619,买入,8.95,894.9999999999999,5.00895,3.4974874371859297,0.08044692737430181,0.2726256983240225,0.14078212290502812,调仓买入
2017-08-18,sz.002600,买入,8.54,853.9999999999999,5.00854,0.5035211267605633,0.04449648711943799,0.0562060889929743,0.02693208430913363,调仓买入
2017-08-25,sh.600569,卖出,4.28,428.0,5.21828,,,,,调仓卖出
2017-08-25,sh.601600,买入,7.54,754.0,5.00754,0.38602941176470584,0.01458885941644561,0.07294429708222805,0.07294429708222805,调仓买入
2017-09-01,sh.601600,卖出,8.09,809.0,5.41259,,,,,调仓卖出
2017-09-08,sh.601619,卖出,10.67,1067.0,5.54417,,,,,调仓卖出
2017-09-08,sz.002600,卖出,9.34,934.0,5.4763399999999995,,,,,调仓卖出
2017-09-08,sz.000717,买入,8.94,894.0,5.00894,0.5574912891986061,0.0704697986577183,-0.08277404921700227,-0.10514541387024601,调仓买入
2017-09-15,sz.000717,卖出,8.2,819.9999999999999,5.418200000000001,,,,,调仓卖出
2017-10-27,sz.000725,买入,5.92,592.0,5.00592,0.48,0.038851351351351315,0.01520270270270263,-0.023648648648648574,调仓买入
2017-11-03,sz.000725,卖出,6.01,601.0,5.306509999999999,,,,,调仓卖出
2017-12-01,sh.600782,买入,7.51,751.0,5.00751,0.47254901960784323,-0.04127829560585883,-0.11051930758988016,-0.12383488681757648,调仓买入
2017-12-08,sh.600782,卖出,6.68,668.0,5.34068,,,,,调仓卖出
2017-12-08,sh.600903,买入,8.92,892.0,5.00892,1.1037735849056602,-0.0011210762331838042,0.08968609865470856,1.27914798206278,调仓买入
2017-12-22,sh.600903,卖出,12.67,1267.0,5.64617,,,,,调仓卖出
2017-12-22,sh.600256,买入,5.45,545.0,5.00545,0.30071599045346065,-0.031192660550458662,-0.071559633027523,-0.1009174311926605,调仓买入
2017-12-22,sh.600691,买入,3.84,768.0,5.00768,0.2929292929292928,-0.015625,-0.04687499999999989,-0.05208333333333326,调仓买入
2017-12-29,sh.600256,卖出,5.06,505.99999999999994,5.25806,,,,,调仓卖出
2017-12-29,sh.600691,卖出,3.66,732.0,5.37332,,,,,调仓卖出
2017-12-29,sh.600130,买入,7.32,732.0,5.00732,0.3406593406593408,0.001366120218579292,-0.06557377049180335,-0.06693989071038253,调仓买入
2017-12-29,sz.000425,买入,4.63,926.0,5.00926,0.23796791443850251,0.01943844492440605,0.05399568034557234,0.004319654427645814,调仓买入
2018-01-05,sh.600130,卖出,6.86,686.0,5.34986,,,,,调仓卖出
2018-01-05,sz.000425,卖出,4.75,950.0,5.4845,,,,,调仓卖出
2018-01-12,sz.002447,买入,7.7,770.0,5.0077,0.4051094890510949,-0.10000000000000009,-0.2064935064935065,-0.3194805194805195,调仓买入
2018-01-19,sz.002447,卖出,6.11,611.0,5.31161,,,,,调仓卖出
2018-01-19,sz.000517,买入,5.69,569.0,5.00569,0.6834319526627222,-0.07029876977152905,-0.10896309314586994,-0.2864674868189808,调仓买入
2018-01-26,sz.000608,买入,9.42,942.0,5.00942,0.4741784037558685,-0.0997876857749469,-0.2409766454352441,-0.2526539278131634,调仓买入
2018-02-02,sz.000517,卖出,4.36,436.00000000000006,5.22236,,,,,调仓卖出
2018-02-02,sz.000608,卖出,7.15,715.0,5.36465,,,,,调仓卖出
2018-02-02,sz.000055,买入,8.43,843.0,5.00843,0.32131661442006276,-0.03202846975088958,-0.12218268090154205,-0.021352313167259718,调仓买入
2018-02-14,sz.000055,卖出,7.26,726.0,5.37026,,,,,调仓卖出
2018-02-14,sz.000816,买入,3.96,792.0,5.00792,0.33333333333333326,-0.005050505050505083,-0.010101010101010055,-0.058080808080808066,调仓买入
2018-02-23,sz.000825,买入,7.16,716.0,5.00716,0.35606060606060597,0.0013966480446927498,-0.06284916201117319,-0.2332402234636871,调仓买入
2018-02-23,sz.000055,买入,7.85,785.0,5.00785,0.2519936204146731,0.01146496815286624,0.04713375796178365,-0.10318471337579616,调仓买入
2018-03-02,sz.000825,卖出,6.71,671.0,5.34221,,,,,调仓卖出
2018-03-02,sz.000055,卖出,8.22,822.0000000000001,5.41922,,,,,调仓卖出
2018-03-16,sz.000816,卖出,3.9,780.0,5.397799999999999,,,,,调仓卖出
2018-04-20,sh.600555,买入,5.68,568.0,5.00568,0.3271028037383177,-0.06866197183098588,0.022887323943661997,-0.08978873239436613,调仓买入
2018-04-27,sz.002181,买入,5.96,596.0,5.00596,0.38604651162790704,-0.06543624161073824,-0.04026845637583898,-0.025167785234899376,调仓买入
2018-04-27,sh.601003,买入,7.7,770.0,5.0077,0.36042402826855113,0.042857142857142705,-0.04025974025974033,-0.1532467532467533,调仓买入
2018-04-27,sz.002195,买入,7.35,735.0,5.00735,0.3291139240506329,-0.04081632653061218,-0.061224489795918324,-0.19999999999999996,调仓买入
2018-05-04,sh.600555,卖出,5.41,541.0,5.2759100000000005,,,,,调仓卖出
2018-05-04,sz.002181,卖出,5.52,552.0,5.2815199999999995,,,,,调仓卖出
2018-05-04,sh.601003,卖出,7.28,728.0,5.37128,,,,,调仓卖出
2018-05-04,sz.002195,卖出,6.78,678.0,5.34578,,,,,调仓卖出
2018-06-15,sh.600569,买入,4.22,422.0,5.00422,0.2375366568914954,-0.02132701421800942,-0.0308056872037914,0.02369668246445511,调仓买入
2018-06-22,sh.601003,买入,8.56,856.0,5.00856,0.3374999999999999,-0.029205607476635476,-0.07476635514018692,0.04439252336448596,调仓买入
2018-06-22,sh.600117,买入,5.74,574.0,5.00574,0.25877192982456165,-0.03832752613240431,-0.08710801393728218,-0.15505226480836243,调仓买入
2018-06-22,sh.600983,买入,7.44,744.0,5.00744,0.2216748768472907,-0.021505376344086002,-0.026881720430107503,-0.09139784946236562,调仓买入
2018-06-29,sh.600569,卖出,3.94,394.0,5.20094,,,,,调仓卖出
2018-06-29,sh.601003,卖出,7.92,792.0,5.40392,,,,,调仓卖出
2018-06-29,sh.600117,卖出,5.24,524.0,5.267239999999999,,,,,调仓卖出
2018-06-29,sh.600983,卖出,7.24,724.0,5.3692400000000005,,,,,调仓卖出
2018-07-06,sz.002374,买入,4.79,479.0,5.00479,0.27055702917771884,-0.0041753653444677186,-0.039665970772442716,-0.18162839248434237,调仓买入
2018-07-06,sh.600448,买入,4.67,467.0,5.00467,0.22572178477690286,-0.010706638115631661,-0.05567451820128477,-0.10920770877944319,调仓买入
2018-07-06,sh.600313,买入,3.33,666.0,5.00666,0.18085106382978733,-0.021021021021021102,-0.08408408408408419,-0.14714714714714716,调仓买入
2018-07-13,sz.002374,卖出,4.6,459.99999999999994,5.2346,,,,,调仓卖出
2018-07-13,sh.600448,卖出,4.41,441.0,5.22491,,,,,调仓卖出
2018-07-13,sh.600313,卖出,3.05,610.0,5.3111,,,,,调仓卖出
2018-07-13,sz.000650,买入,7.75,775.0,5.00775,0.29166666666666674,0.029677419354838808,0.002580645161290196,-0.08645161290322578,调仓买入
2018-07-20,sz.000650,卖出,7.77,777.0,5.3962699999999995,,,,,调仓卖出
2018-07-20,sh.600448,买入,4.76,476.0,5.00476,0.4782608695652173,-0.006302521008403228,-0.050420168067226934,-0.2142857142857142,调仓买入
2018-07-20,sz.000593,买入,6.99,699.0,5.00699,0.45625000000000004,0.025751072961373245,-0.03290414878397718,-0.12303290414878398,调仓买入
2018-07-27,sh.600448,卖出,4.52,451.99999999999994,5.23052,,,,,调仓卖出
2018-07-27,sz.000593,卖出,6.76,676.0,5.34476,,,,,调仓卖出
2018-07-27,sz.000721,买入,6.13,613.0,5.00613,0.5363408521303257,-0.09951060358890707,-0.2593800978792822,-0.30831973898858067,调仓买入
2018-07-27,sz.002504,买入,4.81,480.99999999999994,5.00481,0.4575757575757575,0.0020790020790022457,-0.043659043659043606,-0.3076923076923076,调仓买入
2018-08-03,sz.000721,卖出,4.54,454.0,5.231540000000001,,,,,调仓卖出
2018-08-03,sz.002504,卖出,4.6,459.99999999999994,5.2346,,,,,调仓卖出
2018-08-03,sz.000760,买入,5.54,554.0,5.00554,0.9236111111111112,-0.09927797833935015,-0.22563176895306858,-0.3447653429602888,调仓买入
2018-08-03,sz.000955,买入,6.74,674.0,5.00674,0.6977329974811082,0.04896142433234418,-0.22700296735905046,-0.31305637982195844,调仓买入
2018-08-03,sz.002628,买入,6.6,660.0,5.0066,0.6541353383458646,-0.05454545454545445,-0.05606060606060592,-0.13484848484848477,调仓买入
2018-08-03,sz.002256,买入,4.42,442.0,5.00442,0.43506493506493493,-0.09954751131221717,-0.05429864253393668,-0.171945701357466,调仓买入
2018-08-03,sz.000557,买入,4.45,445.0,5.00445,0.4037854889589907,-0.09887640449438206,-0.11011235955056187,-0.101123595505618,调仓买入
2018-08-10,sz.000955,卖出,5.21,521.0,5.26571,,,,,调仓卖出
2018-08-10,sz.002256,卖出,4.18,418.0,5.2131799999999995,,,,,调仓卖出
2018-08-10,sz.000557,卖出,3.96,396.0,5.201960000000001,,,,,调仓卖出
2018-08-17,sz.000760,卖出,3.92,392.0,5.19992,,,,,调仓卖出
2018-08-17,sz.002628,卖出,5.7,570.0,5.2907,,,,,调仓卖出
2018-08-17,sz.000509,买入,3.66,366.0,5.00366,0.5123966942148761,-0.05464480874316946,-0.10109289617486339,-0.23770491803278693,调仓买入
2018-08-17,sz.000659,买入,3.05,610.0,5.0061,0.3436123348017621,0.0,-0.03934426229508181,0.016393442622950838,调仓买入
2018-08-17,sh.600821,买入,5.41,541.0,5.00541,0.3358024691358026,-0.08317929759704257,-0.1386321626617375,-0.06284658040665436,调仓买入
2018-08-24,sz.000509,卖出,3.29,329.0,5.16779,,,,,调仓卖出
2018-08-24,sz.000659,卖出,2.93,586.0,5.29886,,,,,调仓卖出
2018-08-24,sh.600821,卖出,4.66,466.0,5.23766,,,,,调仓卖出
2018-08-24,sz.002611,买入,5.7,570.0,5.0057,0.1875,0.0052631578947368585,-0.061403508771929904,-0.038596491228070184,调仓买入
2018-08-31,sz.002611,卖出,5.35,535.0,5.27285,,,,,调仓卖出
2018-08-31,sz.002526,买入,4.5,450.0,5.0045,0.4516129032258065,-0.022222222222222143,0.0755555555555556,-0.4111111111111111,调仓买入
2018-08-31,sz.002463,买入,6.32,632.0,5.00632,0.4495412844036697,0.09968354430379756,0.0015822784810126667,-0.020569620253164556,调仓买入
2018-08-31,sz.000659,买入,2.97,594.0,5.00594,0.29130434782608705,-0.01683501683501687,-0.023569023569023684,-0.08754208754208759,调仓买入
2018-09-07,sz.000659,卖出,2.9,580.0,5.2958,,,,,调仓卖出
2018-09-07,sz.002585,买入,6.79,679.0,5.00679,0.24587155963302743,0.013254786450662692,0.038291605301914444,-0.18851251840942562,调仓买入
2018-09-14,sz.002463,卖出,6.19,619.0,5.31569,,,,,调仓卖出
2018-09-14,sz.002692,买入,4.76,476.0,5.00476,0.3370786516853932,0.01680672268907557,0.15336134453781525,-0.1470588235294118,调仓买入
2018-09-14,sz.002478,买入,5.84,584.0,5.00584,0.30066815144766146,0.010273972602739878,0.05650684931506844,-0.06164383561643827,调仓买入
2018-09-14,sz.000008,买入,4.56,455.99999999999994,5.00456,0.25619834710743805,0.002192982456140413,0.002192982456140413,-0.12061403508771928,调仓买入
2018-09-21,sz.002526,卖出,2.6,260.0,5.1326,,,,,调仓卖出
2018-09-21,sz.002585,卖出,6.46,646.0,5.32946,,,,,调仓卖出
2018-09-21,sz.002478,卖出,6.17,617.0,5.31467,,,,,调仓卖出
2018-09-21,sz.000008,卖出,4.57,457.0,5.2330700000000006,,,,,调仓卖出
2018-09-21,sz.000669,买入,6.36,636.0,5.00636,0.3856209150326799,0.015723270440251458,-0.03930817610062898,0.13050314465408808,调仓买入
2018-09-21,sh.600333,买入,6.87,687.0,5.00687,0.3658051689860835,0.005822416302765587,0.018922852983988436,-0.14847161572052403,调仓买入
2018-09-21,sh.600312,买入,6.48,648.0,5.00648,0.3012048192771084,0.0015432098765431057,0.11882716049382713,0.10339506172839497,调仓买入
2018-09-28,sz.000669,卖出,5.96,596.0,5.30396,,,,,调仓卖出
2018-09-28,sh.600333,卖出,6.41,641.0,5.32691,,,,,调仓卖出
2018-09-28,sh.600603,买入,5.7,570.0,5.0057,0.45408163265306123,-0.10000000000000009,-0.18771929824561406,-0.18947368421052635,调仓买入
2018-09-28,sz.000629,买入,4.43,443.0,5.00443,0.44299674267100975,-0.0022573363431150906,-0.06772009029345372,-0.08126410835214437,调仓买入
2018-10-12,sz.002692,卖出,4.23,423.00000000000006,5.21573,,,,,调仓卖出
2018-10-12,sh.600603,卖出,4.63,463.0,5.236129999999999,,,,,调仓卖出
2018-10-19,sh.600312,卖出,6.97,697.0,5.35547,,,,,调仓卖出
2018-10-19,sh.600532,买入,4.33,433.0,5.00433,0.21971830985915508,0.0323325635103926,0.1270207852193994,0.24480369515011535,调仓买入
2018-10-19,sz.000498,买入,4.8,480.0,5.0048,0.18518518518518512,0.060416666666666785,-0.018749999999999933,0.10624999999999996,调仓买入
2018-10-26,sz.000629,卖出,3.69,369.0,5.18819,,,,,调仓卖出
2018-10-26,sz.000498,卖出,4.71,471.0,5.24021,,,,,调仓卖出
2018-10-26,sz.000750,买入,4.4,440.00000000000006,5.0044,0.30952380952380976,0.011363636363636243,0.084090909090909,0.03409090909090895,调仓买入
2018-11-02,sh.600532,卖出,4.93,493.0,5.25143,,,,,调仓卖出
2018-11-02,sh.600687,买入,5.17,517.0,5.00517,0.39729729729729724,0.04061895551257244,0.18375241779497098,0.030947775628626717,调仓买入
2018-11-09,sz.000750,卖出,4.62,462.0,5.23562,,,,,调仓卖出
2018-11-09,sh.600687,卖出,6.12,612.0,5.31212,,,,,调仓卖出
2018-11-09,sh.600695,买入,5.79,579.0,5.00579,1.0827338129496407,-0.003454231433506094,0.157167530224525,-0.14335060449050085,调仓买入
2018-11-23,sh.600635,买入,6.19,619.0,5.00619,0.8929663608562692,0.024232633279482885,-0.1873990306946688,-0.23101777059773843,调仓买入
2018-11-30,sh.600695,卖出,5.15,515.0,5.262650000000001,,,,,调仓卖出
2018-11-30,sh.600635,卖出,5.03,503.0,5.25653,,,,,调仓卖出
2018-11-30,sz.000068,买入,3.97,397.0,5.00397,0.526923076923077,0.0025188916876572875,-0.1435768261964736,0.07052896725440805,调仓买入
2018-12-07,sz.000068,卖出,3.4,340.0,5.1734,,,,,调仓卖出
2018-12-07,sz.002288,买入,4.58,458.0,5.00458,0.5525423728813559,-0.026200873362445476,-0.10917030567685593,0.06768558951965065,调仓买入
2018-12-07,sz.002089,买入,4.65,465.00000000000006,5.00465,0.3716814159292037,0.06451612903225801,-0.027956989247312047,-0.027956989247312047,调仓买入
2018-12-14,sz.002288,卖出,4.08,408.0,5.20808,,,,,调仓卖出
2018-12-14,sz.002089,卖出,4.52,451.99999999999994,5.23052,,,,,调仓卖出
2018-12-21,sz.002288,买入,4.83,483.0,5.00483,0.5093749999999999,0.010351966873705987,-0.06625258799171851,-0.1097308488612837,调仓买入
2018-12-28,sz.002288,卖出,4.51,451.0,5.23001,,,,,调仓卖出
2018-12-28,sz.002547,买入,5.29,529.0,5.00529,0.3812010443864229,0.07372400756143671,0.22873345935727785,0.10396975425330801,调仓买入
2019-01-04,sz.002547,卖出,5.37,537.0,5.2738700000000005,,,,,调仓卖出
2019-01-11,sh.600614,买入,5.7,570.0,5.0057,0.5616438356164384,0.02807017543859658,0.07017543859649122,-0.15614035087719302,调仓买入
2019-01-18,sh.600157,买入,2.23,446.0,5.00446,0.6277372262773722,-0.03139013452914796,-0.2017937219730942,-0.06278026905829603,调仓买入
2019-01-25,sh.600157,卖出,1.78,356.0,5.18156,,,,,调仓卖出
2019-01-25,sh.601700,买入,5.3,530.0,5.0053,0.6825396825396826,0.015094339622641506,-0.09433962264150941,0.5811320754716982,调仓买入
2019-01-25,sz.002170,买入,4.46,446.0,5.00446,0.49664429530201337,-0.10089686098654715,-0.22197309417040356,-0.07174887892376691,调仓买入
2019-02-01,sh.600614,卖出,4.18,418.0,5.2131799999999995,,,,,调仓卖出
2019-02-01,sh.601700,卖出,4.8,480.0,5.244800000000001,,,,,调仓卖出
2019-02-01,sz.002170,卖出,3.47,347.0,5.17697,,,,,调仓卖出
2019-02-01,sz.002565,买入,5.62,562.0,5.00562,0.4750656167979004,0.053380782918149405,0.15480427046263356,1.1476868327402134,调仓买入
2019-03-01,sz.002565,卖出,9.45,944.9999999999999,5.48195,,,,,调仓卖出
2019-04-30,sh.600794,买入,5.62,562.0,5.00562,0.5524861878453038,-0.09964412811387913,-0.08362989323843417,-0.10854092526690395,调仓买入
2019-05-10,sh.600794,卖出,5.15,515.0,5.262650000000001,,,,,调仓卖出
2019-05-10,sh.600127,买入,5.29,529.0,5.00529,0.39210526315789473,-0.007561436672967825,0.022684310018903586,-0.009451795841209809,调仓买入
2019-05-24,sh.600127,卖出,4.18,418.0,5.2131799999999995,,,,,调仓卖出
2019-05-24,sh.600368,买入,5.3,530.0,5.0053,0.365979381443299,0.026415094339622858,-0.02264150943396226,-0.08490566037735847,调仓买入
2019-05-31,sh.600368,卖出,5.18,518.0,5.2641800000000005,,,,,调仓卖出
2019-05-31,sh.600313,买入,4.21,421.0,5.00421,0.5143884892086332,0.030878859857482066,-0.061757719714964354,-0.0665083135391924,调仓买入
2019-06-06,sh.600313,卖出,3.82,382.0,5.19482,,,,,调仓卖出
2019-07-19,sz.000536,买入,3.55,355.0,5.00355,0.33458646616541343,0.022535211267605604,-0.03943661971830981,-0.14929577464788724,调仓买入
2019-07-26,sh.600078,买入,5.98,598.0,5.00598,0.41706161137440767,-0.02006688963210701,-0.06020066889632114,-0.0652173913043479,调仓买入
2019-08-02,sz.000536,卖出,3.06,306.0,5.156059999999999,,,,,调仓卖出
2019-08-02,sz.002617,买入,5.65,565.0,5.00565,0.29290617848970246,-0.0212389380530974,0.003539823008849474,0.08672566371681412,调仓买入
2019-08-02,sh.600069,买入,2.98,298.0,5.00298,0.2844827586206897,-0.10067114093959728,-0.1912751677852349,-0.14093959731543626,调仓买入
2019-08-09,sh.600078,卖出,5.14,514.0,5.26214,,,,,调仓卖出
2019-08-09,sz.002617,卖出,5.67,567.0,5.28917,,,,,调仓卖出
2019-08-09,sh.600069,卖出,2.41,241.0,5.12291,,,,,调仓卖出
2019-08-30,sz.000068,买入,5.26,526.0,5.00526,0.5654761904761905,0.017110266159695797,-0.07414448669201512,-0.22813688212927763,调仓买入
2019-09-06,sz.000068,卖出,4.87,487.0,5.24837,,,,,调仓卖出
2019-09-06,sh.600052,买入,4.85,484.99999999999994,5.00485,0.8653846153846152,0.10103092783505163,0.19175257731958784,0.1793814432989691,调仓买入
2019-09-06,sz.000595,买入,4.6,459.99999999999994,5.0046,0.8181818181818181,0.04347826086956519,-0.06304347826086953,-0.22173913043478255,调仓买入
2019-09-12,sz.000595,卖出,4.17,417.0,5.21267,,,,,调仓卖出
2019-09-20,sz.000595,买入,4.63,463.0,5.00463,0.618881118881119,-0.09935205183585316,-0.2289416846652268,-0.3131749460043196,调仓买入
2019-09-27,sh.600052,卖出,5.0,500.0,5.255,,,,,调仓卖出
2019-09-27,sz.000595,卖出,3.57,357.0,5.1820699999999995,,,,,调仓卖出
2019-11-08,sz.000673,买入,4.75,475.0,5.00475,0.6101694915254237,-0.052631578947368474,0.01473684210526316,0.1873684210526314,调仓买入
2019-11-08,sh.600208,买入,4.39,438.99999999999994,5.00439,0.4488448844884487,-0.0341685649202732,-0.1093394077448746,-0.12528473804100226,调仓买入
2019-11-15,sh.600208,卖出,3.91,391.0,5.19941,,,,,调仓卖出
2019-11-22,sz.002502,买入,4.0,400.0,5.004,0.4285714285714286,-0.09999999999999998,-0.16749999999999998,-0.135,调仓买入
2019-11-22,sz.002418,买入,3.65,365.0,5.00365,0.38783269961977185,-0.0986301369863013,-0.18356164383561646,-0.19999999999999996,调仓买入
2019-11-29,sz.002418,卖出,2.98,298.0,5.15198,,,,,调仓卖出
2019-12-06,sz.000673,卖出,5.64,564.0,5.28764,,,,,调仓卖出
2019-12-13,sz.002502,卖出,3.5,350.0,5.1785,,,,,调仓卖出
2019-12-13,sz.000835,买入,5.22,522.0,5.00522,0.657142857142857,0.03831417624521083,0.03639846743295028,-0.07279693486590033,调仓买入
2019-12-13,sz.002071,买入,3.78,378.0,5.00378,0.42641509433962255,0.005291005291005346,0.06878306878306883,-0.07671957671957663,调仓买入
2019-12-20,sz.002071,卖出,4.04,404.0,5.20604,,,,,调仓卖出
2019-12-27,sz.000835,卖出,5.2,520.0,5.2652,,,,,调仓卖出
2020-02-21,sz.002613,买入,5.23,523.0,5.00523,0.7433333333333334,0.0994263862332696,0.07648183556405352,-0.14340344168260033,调仓买入
2020-02-28,sz.002239,买入,4.85,484.99999999999994,5.00485,1.4494949494949494,0.04742268041237119,0.11134020618556706,-0.1917525773195876,调仓买入
2020-03-06,sz.002239,卖出,5.39,539.0,5.27489,,,,,调仓卖出
2020-03-13,sz.002613,卖出,4.67,467.0,5.23817,,,,,调仓卖出
2020-03-20,sz.002503,买入,3.84,384.0,5.00384,0.6551724137931034,-0.09895833333333326,-0.10156249999999989,-0.01041666666666663,调仓买入
2020-03-27,sz.002503,卖出,3.45,345.0,5.17595,,,,,调仓卖出
2020-04-17,sh.600527,买入,4.22,422.0,5.00422,0.736625514403292,0.09952606635071093,0.0781990521327014,-0.22274881516587675,调仓买入
2020-04-17,sh.600396,买入,2.96,296.0,5.00296,0.6536312849162011,-0.023648648648648574,-0.07094594594594594,-0.19932432432432423,调仓买入
2020-04-24,sh.600396,卖出,2.75,275.0,5.14025,,,,,调仓卖出
2020-04-24,sz.002400,买入,5.25,525.0,5.00525,0.8229166666666667,-0.024761904761904763,-0.07999999999999996,0.5409523809523809,调仓买入
2020-05-08,sh.600527,卖出,3.62,362.0,5.18462,,,,,调仓卖出
2020-05-15,sz.000564,买入,3.49,349.0,5.00349,0.7277227722772277,0.1002865329512892,0.034383954154727725,0.5214899713467047,调仓买入
2020-05-22,sz.002400,卖出,6.8,680.0,5.3468,,,,,调仓卖出
2020-05-29,sz.000564,卖出,3.94,394.0,5.20094,,,,,调仓卖出
2020-06-05,sz.000564,买入,5.24,524.0,5.00524,1.0,-0.06679389312977113,0.013358778625954137,-0.06870229007633588,调仓买入
2020-06-05,sz.002071,买入,3.42,342.0,5.00342,0.8586956521739129,-0.09941520467836251,-0.18128654970760238,-0.48830409356725146,调仓买入
2020-06-12,sz.000564,卖出,5.31,531.0,5.27081,,,,,调仓卖出
2020-06-12,sz.002071,卖出,2.8,280.0,5.142799999999999,,,,,调仓卖出
2020-08-14,sz.002506,买入,5.16,516.0,5.00516,0.8763636363636365,0.10077519379844957,-0.00387596899224818,-0.2655038759689923,调仓买入
2020-08-21,sz.002506,卖出,5.14,514.0,5.26214,,,,,调仓卖出
2020-09-30,sh.600481,买入,4.3,430.0,5.0043,0.3694267515923566,0.04651162790697683,0.006976744186046657,-0.0604651162790697,调仓买入
2020-10-16,sh.600481,卖出,4.34,434.0,5.22134,,,,,调仓卖出
2020-10-16,sz.002132,买入,4.29,429.0,5.00429,0.5159010600706713,-0.011655011655011593,-0.09324009324009319,-0.17948717948717952,调仓买入
2020-10-30,sz.002132,卖出,3.62,362.0,5.18462,,,,,调仓卖出
2020-11-13,sz.000816,买入,4.36,436.00000000000006,5.00436,1.9066666666666667,0.10091743119266039,-0.04587155963302758,-0.27064220183486243,调仓买入
2020-11-20,sz.000545,买入,4.45,445.0,5.00445,0.7519685039370079,0.035955056179775235,-0.1505617977528091,-0.21797752808988768,调仓买入
2020-11-27,sz.000545,卖出,3.78,378.0,5.19278,,,,,调仓卖出
2020-12-04,sz.000816,卖出,3.4,340.0,5.1734,,,,,调仓卖出
2020-12-04,sh.600121,买入,4.25,425.0,5.00425,1.0047169811320753,0.009411764705882453,0.1741176470588235,1.150588235294118,调仓买入
2020-12-04,sh.600844,买入,4.3,430.0,5.0043,0.5808823529411762,0.10000000000000009,-0.16279069767441856,-0.051162790697674376,调仓买入
2020-12-18,sh.600844,卖出,3.74,374.0,5.19074,,,,,调仓卖出
2021-01-15,sh.600121,卖出,6.85,685.0,5.34935,,,,,调仓卖出
2021-02-05,sz.000918,买入,5.04,504.0,5.00504,0.5319148936170213,-0.005952380952381042,0.24007936507936511,0.3134920634920635,调仓买入
2021-02-10,sz.000918,卖出,5.64,564.0,5.28764,,,,,调仓卖出
2021-03-05,sh.600010,买入,2.08,416.0,5.00416,0.8086956521739133,-0.0673076923076924,-0.13461538461538458,-0.2596153846153846,调仓买入
2021-03-12,sh.600010,卖出,1.8,360.0,5.183599999999999,,,,,调仓卖出
2021-04-09,sz.002269,买入,3.46,346.0,5.00346,1.5441176470588234,0.046242774566473965,-0.17341040462427748,-0.07514450867052014,调仓买入
2021-04-16,sz.002269,卖出,2.86,286.0,5.14586,,,,,调仓卖出
2021-06-25,sz.000982,买入,2.6,260.0,5.0026,0.830985915492958,0.026923076923076827,-0.14615384615384608,-0.06153846153846154,调仓买入
2021-07-02,sz.000982,卖出,2.22,222.00000000000003,5.11322,,,,,调仓卖出
2021-07-30,sh.600010,买入,2.85,285.0,5.00285,0.8627450980392157,-0.056140350877193046,-0.028070175438596467,0.16491228070175423,调仓买入
2021-08-06,sh.600010,卖出,2.77,277.0,5.14127,,,,,调仓卖出
2021-09-03,sz.002610,买入,4.78,478.0,5.00478,1.2027649769585254,-0.03556485355648531,0.14435146443514624,-0.16527196652719667,调仓买入
2021-09-10,sh.600725,买入,4.7,470.0,5.0047,0.8007662835249043,-0.04042553191489373,-0.10425531914893627,-0.09574468085106391,调仓买入
2021-09-17,sz.002610,卖出,4.99,499.0,5.2544900000000005,,,,,调仓卖出
2021-09-17,sh.600725,卖出,4.21,421.0,5.214709999999999,,,,,调仓卖出
2021-09-24,sh.600863,买入,4.32,432.0,5.00432,0.8461538461538465,-0.09953703703703709,0.004629629629629539,-0.17129629629629628,调仓买入
2021-09-30,sh.600863,卖出,4.11,411.00000000000006,5.20961,,,,,调仓卖出
2021-10-08,sh.600863,买入,4.34,434.0,5.00434,0.75,0.062211981566820285,-0.034562211981566726,-0.20967741935483863,调仓买入
2021-10-15,sh.600863,卖出,4.19,419.00000000000006,5.213690000000001,,,,,调仓卖出
2021-10-15,sz.000809,买入,3.5,350.0,5.0035,0.5555555555555556,0.05714285714285716,-0.14857142857142858,-0.02857142857142858,调仓买入
2021-10-22,sz.000809,卖出,2.98,298.0,5.15198,,,,,调仓卖出
2022-01-14,sz.000620,买入,3.78,378.0,5.00378,0.9585492227979273,-0.050264550264550234,-0.042328042328042215,-0.12169312169312174,调仓买入
2022-01-21,sz.000620,卖出,3.62,362.0,5.18462,,,,,调仓卖出
2022-01-28,sz.000620,买入,3.2,320.0,5.0032,0.6080402010050252,-0.10000000000000009,0.13124999999999987,-0.11250000000000004,调仓买入
2022-02-11,sz.000620,卖出,3.62,362.0,5.18462,,,,,调仓卖出
2022-02-18,sz.000711,买入,4.43,443.0,5.00443,0.5821428571428571,0.009029345372460584,-0.15349887133182838,-0.19413092550790068,调仓买入
2022-02-25,sz.000711,卖出,3.75,375.0,5.19125,,,,,调仓卖出
2022-04-15,sz.002305,买入,3.45,345.0,5.00345,0.7692307692307694,-0.09855072463768122,-0.32463768115942027,-0.11304347826086958,调仓买入
2022-04-22,sz.002305,卖出,2.33,233.0,5.11883,,,,,调仓卖出
2022-05-20,sh.601975,买入,3.05,305.0,5.00305,0.5641025641025641,0.02622950819672143,0.032786885245901676,0.17049180327868863,调仓买入
2022-05-27,sh.601975,卖出,3.15,315.0,5.1606499999999995,,,,,调仓卖出
2022-06-17,sz.002630,买入,3.59,359.0,5.00359,0.7427184466019416,-0.08635097493036215,-0.1866295264623955,-0.22562674094707524,调仓买入
2022-06-24,sz.002630,卖出,2.92,292.0,5.1489199999999995,,,,,调仓卖出
2022-07-15,sz.002031,买入,4.19,419.00000000000006,5.00419,1.2287234042553195,0.10023866348448696,0.1050119331742243,-0.007159904534606243,调仓买入
2022-07-22,sz.002031,卖出,4.63,463.0,5.236129999999999,,,,,调仓卖出
2022-09-23,sz.000620,买入,3.94,394.0,5.00394,0.7990867579908676,0.0076142131979695105,-0.08629441624365475,-0.36548223350253806,调仓买入
2022-10-14,sz.000620,卖出,3.06,306.0,5.156059999999999,,,,,调仓卖出
2022-12-09,sz.002348,买入,3.65,365.0,5.00365,0.5400843881856539,0.03287671232876721,0.049315068493150704,0.10136986301369855,调仓买入
2022-12-16,sz.002348,卖出,3.83,383.0,5.19533,,,,,调仓卖出
2023-02-10,sz.002195,买入,3.09,309.0,5.00309,0.4855769230769229,0.02912621359223322,-0.04207119741100318,-0.0453074433656957,调仓买入
2023-02-17,sz.002195,卖出,2.96,296.0,5.1509599999999995,,,,,调仓卖出
2023-05-19,sh.601333,买入,3.56,356.0,5.00356,0.435483870967742,0.05337078651685401,-0.030898876404494402,0.1432584269662922,调仓买入
2023-05-26,sh.601333,卖出,3.45,345.0,5.17595,,,,,调仓卖出
2023-07-21,sz.000980,买入,4.22,422.0,5.00422,0.6746031746031744,-0.04739336492891,-0.05213270142180093,-0.03791469194312802,调仓买入
2023-07-28,sz.000656,买入,2.31,231.0,5.00231,1.0810810810810811,0.09956709956709964,0.09956709956709964,-0.22510822510822515,调仓买入
2023-08-04,sz.000980,卖出,4.52,451.99999999999994,5.23052,,,,,调仓卖出
2023-08-04,sz.002146,买入,2.91,291.0,5.00291,0.7017543859649125,-0.0756013745704468,-0.09621993127147777,-0.16151202749140903,调仓买入
2023-08-04,sh.600239,买入,3.73,373.0,5.00373,0.5940170940170941,-0.09919571045576414,-0.20643431635388743,-0.2841823056300268,调仓买入
2023-08-04,sh.600743,买入,2.48,248.0,5.00248,0.5308641975308641,-0.10080645161290325,-0.1411290322580645,-0.2016129032258065,调仓买入
2023-08-11,sh.600239,卖出,2.96,296.0,5.1509599999999995,,,,,调仓卖出
2023-08-11,sh.600743,卖出,2.13,213.0,5.10863,,,,,调仓卖出
2023-08-18,sz.000656,卖出,1.96,196.0,5.09996,,,,,调仓卖出
2023-08-18,sz.002146,卖出,2.44,244.0,5.12444,,,,,调仓卖出
2023-08-18,sh.600322,买入,3.11,311.0,5.00311,0.4880382775119618,-0.04501607717041789,0.016077170418006492,-0.15112540192926038,调仓买入
2023-08-25,sz.000826,买入,4.31,430.99999999999994,5.00431,0.33436532507739924,0.06496519721577743,-0.09976798143851506,-0.17169373549883982,调仓买入
2023-09-01,sz.000826,卖出,3.88,388.0,5.19788,,,,,调仓卖出
2023-09-08,sh.600322,卖出,2.8,280.0,5.142799999999999,,,,,调仓卖出
2023-09-15,sz.000536,买入,3.52,352.0,5.00352,0.9027027027027026,-0.03693181818181812,0.02556818181818188,0.09375,调仓买入
2023-10-20,sz.000536,卖出,3.89,389.0,5.19839,,,,,调仓卖出
2024-03-29,sh.600165,买入,3.96,396.0,5.00396,0.8591549295774648,-0.101010101010101,-0.2702020202020201,-0.5681818181818181,调仓买入
2024-04-03,sh.603843,买入,3.88,388.0,5.00388,0.7017543859649125,-0.10051546391752564,-0.19072164948453607,-0.14175257731958757,调仓买入
2024-04-12,sh.600165,卖出,2.48,248.0,5.12648,,,,,调仓卖出
2024-04-12,sh.603843,卖出,3.14,314.0,5.16014,,,,,调仓卖出
2024-05-24,sz.000560,买入,3.32,332.0,5.00332,1.0880503144654088,-0.0030120481927710108,-0.14457831325301207,-0.35843373493975905,调仓买入
2024-05-31,sz.000520,买入,3.27,327.0,5.00327,0.3292682926829269,0.00917431192660545,0.021406727828746197,-0.27828746177370034,调仓买入
2024-06-07,sz.000560,卖出,2.5,250.0,5.1275,,,,,调仓卖出
2024-06-07,sz.000520,卖出,3.34,334.0,5.1703399999999995,,,,,调仓卖出
2024-06-07,sz.000692,买入,3.69,369.0,5.00369,0.32733812949640284,-0.04065040650406504,-0.12195121951219501,-0.20054200542005418,调仓买入
2024-06-14,sz.000692,卖出,3.24,324.0,5.16524,,,,,调仓卖出
2024-07-05,sz.000793,买入,1.32,264.0,5.00264,0.4347826086956521,-0.09090909090909094,-0.08333333333333337,-0.06818181818181823,调仓买入
2024-07-05,sz.000679,买入,3.14,314.0,5.00314,0.40807174887892383,-0.0987261146496815,-0.15605095541401282,-0.006369426751592355,调仓买入
2024-07-12,sz.000793,卖出,1.21,242.0,5.123419999999999,,,,,调仓卖出
2024-07-12,sz.000679,卖出,2.65,265.0,5.13515,,,,,调仓卖出
2024-07-12,sh.603030,买入,2.13,213.0,5.00213,0.3653846153846152,-0.023474178403755763,-0.07981220657276988,-0.07042253521126762,调仓买入
2024-07-26,sh.603030,卖出,1.82,182.0,5.092820000000001,,,,,调仓卖出
2024-07-26,sh.600811,买入,0.95,285.0,5.00285,0.4393939393939392,0.10526315789473695,0.28421052631578947,0.33684210526315805,调仓买入
2024-08-02,sh.600811,卖出,1.22,366.0,5.18666,,,,,调仓卖出
2024-08-02,sh.600187,买入,2.65,265.0,5.00265,0.8661971830985915,-0.09811320754716979,0.01132075471698113,-0.04528301886792452,调仓买入
2024-08-09,sz.002607,买入,2.18,218.00000000000003,5.00218,0.5034482758620691,-0.10091743119266061,-0.1330275229357799,-0.11926605504587162,调仓买入
2024-08-09,sh.600280,买入,3.45,345.0,5.00345,0.46808510638297873,-0.09855072463768122,-0.255072463768116,-0.23478260869565215,调仓买入
2024-08-16,sz.002607,卖出,1.89,189.0,5.09639,,,,,调仓卖出
2024-08-16,sh.600280,卖出,2.57,257.0,5.13107,,,,,调仓卖出
2024-08-16,sh.600811,买入,1.35,270.0,5.0027,0.4516129032258065,0.04444444444444429,-0.059259259259259345,-0.04444444444444451,调仓买入
2024-08-23,sh.600811,卖出,1.27,254.0,5.1295399999999995,,,,,调仓卖出
2024-08-30,sh.600187,卖出,2.53,252.99999999999997,5.12903,,,,,调仓卖出
2024-09-20,sz.002717,买入,1.67,334.0,5.00334,0.5754716981132073,0.10179640718562877,0.38323353293413187,0.5089820359281438,调仓买入
2024-09-20,sz.000627,买入,2.68,268.0,5.00268,0.5491329479768787,-0.06343283582089565,0.2574626865671641,0.3432835820895521,调仓买入
2024-09-27,sz.002640,买入,2.43,243.00000000000003,5.00243,0.7482014388489211,0.09876543209876543,0.06172839506172845,0.18930041152263377,调仓买入
2024-09-30,sz.002640,卖出,2.67,267.0,5.13617,,,,,调仓卖出
2024-10-11,sz.000627,卖出,3.11,311.0,5.15861,,,,,调仓卖出
2024-10-18,sz.002717,卖出,1.84,368.0,5.18768,,,,,调仓卖出
2024-10-18,sh.600225,买入,3.46,346.0,5.00346,1.3378378378378377,-0.046242774566474076,-0.10693641618497118,-0.476878612716763,调仓买入
2024-10-25,sh.600225,卖出,3.09,309.0,5.15759,,,,,调仓卖出
2025-09-19,sh.600162,买入,2.99,299.0,5.00299,0.7283236994219655,-0.09698996655518399,-0.3076923076923078,-0.24749163879598668,调仓买入
2025-09-26,sh.600162,卖出,2.07,206.99999999999997,5.10557,,,,,调仓卖出
2025-11-07,sz.000620,买入,3.16,316.0,5.00316,0.9268292682926831,0.10126582278481,0.10126582278481,-0.05379746835443033,调仓买入
2025-11-21,sz.000620,卖出,2.95,295.0,5.15045,,,,,调仓卖出
