date,code,open,high,low,close,preclose,volume,amount,adjustflag,turn,tradestatus,pctChg,peTTM,pbMRQ,psTTM,pcfNcfTTM,isST,报告日,净利润,营业利润,利润总额,应收账款,存货,资产总计,负债合计,经营活动产生的现金流量净额,投资活动产生的现金流量净额,筹资活动产生的现金流量净额,现金及现金等价物净增加额,实际披露日,stock_status,营业总收入,营业总成本,营业成本,所得税费用,归属于母公司所有者的净利润,货币资金,流动资产合计,非流动资产合计,流动负债合计,非流动负债合计,所有者权益(或股东权益)合计,流通股本,流通市值
2010-01-04,sh.600000,21.83,21.87,21.16,21.19,21.69,66191338.0,1419984112.0,3,0.835129,1,-2.3052,14.435065,2.877081,5.316299,7.09124,0,2009-09-30,10290733118.98,13585412480.36,13591562852.07,1575265796.58,,1587382922414.0002,1522261210505.24,40793086276.34,-29838291377.61,7129777059.47,18084571958.2,2009-12-30,正常票,,,,,,,,,,,,7925881869.747068,167949436819.9404
2010-01-04,sh.600003,3.87,3.87,3.87,3.87,3.87,0.0,0.0,3,,0,0.0,14.616711,1.251395,6.373314,88.204958,1,2009-09-30,210125893.08,280383563.49,283723602.31,25494787.24,7265359.73,5289278813.19,1152786688.74,295097518.0,-106148066.49,-1592096.98,187357354.53,2009-12-30,退市票,558588898.36,301026613.38,217678307.0,73597709.23,201234607.87,795688029.01,1013100142.87,4276178670.32,765786688.74,387000000.0,4136492124.45,,
2010-01-04,sh.600004,10.15,10.28,10.14,10.15,10.15,15478854.0,157747809.0,3,1.52501,1,0.0,23.850926,1.936616,3.724792,72.550299,0,2009-09-30,400267874.44,545880963.13,549179352.96,1077178655.57,27653653.69,9199575635.32,2976751052.16,630370222.09,-264224011.35,-131186173.99,234960036.75,2009-12-30,正常票,2349252600.06,1806742862.18,1352172928.68,148911478.52,378685744.03,795704976.14,2012961792.16,7186613843.16,2726751052.16,250000000.0,6222824583.16,1015000163.9333513,10302251663.923515
2010-01-04,sh.600005,8.35,8.38,8.17,8.18,8.28,56517668.0,466915654.0,3,1.802594,1,-1.2077,-69.227791,2.38092,1.218806,760.47878,0,2009-09-30,1053036855.59,1389548144.66,1396552198.84,545388135.01,8963764636.97,74127607694.72,47120273123.23,6298001534.2,-3101062617.17,-3544603388.45,-347836614.88,2009-12-30,退市票,37396004895.0,36547850468.94,34170345818.91,343515343.25,1052538797.01,1882501882.2,13926558770.68,60201048924.04,34982813101.52,12137460021.71,27007334571.49,3135352053.762522,25647179799.77743
2010-01-04,sh.600006,6.93,7.07,6.9,6.91,6.86,23281430.0,162801866.0,3,1.164071,1,0.7289,70.432299,2.583973,1.062389,8.611565,0,2009-09-30,298823501.86,301008717.05,355740779.05,858309358.06,2436618925.53,14822180516.82,8129837657.01,2490061755.72,11971515.29,-1180938124.57,1326386996.48,2009-12-30,正常票,10356005144.43,10225661222.9,9027248913.17,56917277.19,256093522.33,5070132383.57,10450498242.18,4371682274.64,8036256757.12,93580899.89,6692342859.81,2000000859.0541298,13820005936.064037
2010-01-04,sh.600007,12.4,12.4,11.83,11.86,12.28,5257993.0,63162879.0,3,0.521998,1,-3.4202,38.565061,2.773622,13.55399,-586.319137,0,2009-09-30,237307076.0,315955158.0,316928207.0,16874019.0,7577056.0,8781233635.0,4473022153.0,279433146.0,-487770977.0,251727644.0,43197941.0,2009-12-30,正常票,655548161.0,339802535.0,244503080.0,79621131.0,237001344.0,235964530.0,299593722.0,8481639913.0,903022153.0,3570000000.0,4308211482.0,1007282211.8092407,11946367032.057594
2010-01-04,sh.600008,7.27,7.3,7.13,7.15,7.24,14070632.0,101152799.0,3,0.639574,1,-1.2431,47.366442,3.378579,8.130128,33.099305,0,2009-09-30,231541860.24,106853688.34,294262025.84,234306250.94,654050158.97,13420836808.0,6263358203.81,535020804.84,-216375957.3,-392136228.74,-73433678.76,2009-12-30,正常票,1340180469.74,1223582441.31,802661882.25,62720165.6,186750959.26,2042013038.26,4679753902.74,8741082905.26,2986273839.65,3277084364.16,7157478604.19,2200000625.4162927,15730004471.726494
2010-01-04,sh.600009,17.45,18.25,17.45,17.9,17.42,47821206.0,857248185.0,3,4.373319,1,2.7555,51.177737,2.736846,10.245908,317.685776,0,2009-09-30,509701065.21,596390420.0,596317129.8,1385097372.51,17927118.48,16972837384.53,4252654129.89,734624749.42,-110516932.63,-566954981.35,57152835.44,2009-12-30,正常票,2438599575.71,2031336336.02,1707351504.28,86616064.59,476635299.38,434205065.07,1887840185.39,15084997199.14,1773492910.89,2479161219.0,12720183254.64,1093476281.9725704,19573225447.30901
2010-01-04,sh.600010,4.65,4.66,4.58,4.58,4.64,31292193.0,143979130.0,3,1.150172,1,-1.2931,-44.407968,2.146984,0.785966,-32.500335,0,2009-09-30,-328884044.11,-492576743.31,-431477866.67,533276500.08,10974564710.34,40922450581.04,27219372453.4,971288870.56,-2381182025.7,238700823.78,-1171192331.36,2009-12-30,正常票,24807111724.04,25315516511.14,23967131530.54,-102593822.56,-328884044.11,3258888842.79,19513374519.78,21409076061.26,17176322816.22,10043049637.18,13703078127.64,2720653345.7604604,12460592323.582909
2010-01-04,sh.600011,8.11,8.13,7.99,8.01,8.01,13471969.0,108432774.0,3,0.468067,1,0.0,32.306034,2.427654,1.355051,-22.300194,0,2009-09-30,4241763543.0,4553440197.0,4681336180.0,7703630209.0,3896102772.0,188446334414.0,141252947603.0,11365699579.0,-18951219154.0,7623678855.0,67758238.0,2009-12-30,正常票,56677500280.0,52725722215.0,47704098180.0,439572637.0,4130611622.0,6302740998.0,21546971063.0,166899363351.0,51209585223.0,90043362380.0,47193386811.0,2878213802.7248235,23054492559.825836
2010-01-04,sh.600012,5.97,5.97,5.86,5.87,5.94,4457081.0,26295595.0,3,0.382385,1,-1.1785,14.278326,1.888064,5.647122,-496.782107,0,2009-09-30,577822225.21,743914987.33,746718088.04,,1859439.85,9068873636.36,3693863799.82,803554857.51,-736519534.24,-124383637.42,-57348314.15,2009-12-30,正常票,1303016739.73,560758625.22,380359078.28,168895862.83,535413191.72,473886398.07,499681723.25,8569191913.11,3326615078.58,367248721.24,5375009836.54,1165600376.5838096,6842074210.546963
2010-01-04,sh.600015,12.41,12.57,12.25,12.28,12.42,44973906.0,558132565.0,3,1.188528,1,-1.1272,23.507309,2.104577,3.662196,0.989417,0,2009-09-30,2642517080.41,3446519888.64,3437762666.05,,,823631673943.5598,794512434969.8301,9599909321.04,2638024058.67,-1387721175.64,10851638197.04,2009-12-30,正常票,,,,,,,,,,,,3784000545.212229,46467526695.20617
2010-01-04,sh.600016,8.03,8.15,7.92,7.93,7.91,243569126.0,1957852262.0,3,1.293997,1,0.2528,18.683444,2.96173,4.510587,3.462924,0,2009-09-30,10213000000.0,13405000000.0,13473000000.0,,,1402936000000.0,1342525000000.0,15516000000.0,-14941000000.0,-10794000000.0,-10119000000.0,2009-12-30,正常票,,,,,,,,,,,,18823005462.918385,149266433320.94278
2010-01-04,sh.600017,6.91,7.02,6.85,6.91,6.91,18001888.0,125331695.0,3,1.42805,1,0.0,33.461802,2.581259,5.402586,34.536323,0,2009-09-30,310419795.79,400772540.7,404171110.34,266732262.56,124860113.92,7683451959.34,3352728287.16,398263194.24,-1782414083.9,1679540256.92,295389367.26,2009-12-30,正常票,1753545945.85,1382184163.74,1244575335.42,93751314.55,280296349.6,545971867.73,1379863566.13,6303588393.21,1613955514.17,1738772772.99,4330723672.18,1260592276.180806,8710692628.409369
2010-01-04,sh.600018,5.81,5.85,5.77,5.79,5.8,18708002.0,108775591.0,3,0.089125,1,-0.1724,35.483349,3.94091,7.417351,103.557565,0,2009-09-30,3478277260.76,3617063228.96,3833695961.7,2531730065.51,1058082284.64,64963031366.41,27959133994.34,2219912436.2,-1010338901.55,-103821063.28,1106265399.56,2009-12-30,正常票,12059328104.11,8591536887.85,6696184816.99,355418700.94,2728400193.87,7541586004.32,22490854563.66,42472176802.75,19790305194.02,8168828800.32,37003897372.07,20990745582.047688,121536416920.0561
2010-01-04,sh.600019,9.7,9.72,9.44,9.45,9.66,78327671.0,748314223.0,3,0.44728,1,-2.1739,-85.448102,1.781482,1.123015,-40.849301,0,2009-09-30,3996824564.31,4923499598.74,5073278846.0,7582452065.84,30867997223.57,201189624007.11,102245007462.39,18933989191.13,-12721645645.8,-7760554650.99,-1540643403.42,2009-12-30,正常票,106514822913.14,102263039924.18,96898770374.22,1076454281.69,3704584433.9,5649254577.29,55683193650.86,145506430356.24997,70902632694.59,31342374767.8,98944616544.72,17511999418.70864,165488394506.79663
2010-01-04,sh.600020,4.4,4.4,4.32,4.33,4.38,9785571.0,42649469.0,3,0.762423,1,-1.1416,25.781678,1.606679,4.685414,-36.380491,0,2009-09-30,381285876.27,518410206.63,520212033.66,134222352.78,423154384.89,20902821575.02,15112979074.14,398918478.95,-1669810872.09,1010784485.28,-260107907.86,2009-12-30,正常票,1483913625.33,1014587939.35,546337028.73,138926157.39,381876653.71,1749627061.2,3700082112.77,17202739462.25,6275584022.03,8837395052.11,5789842500.88,1283483184.5314217,5557482189.021056
2010-01-04,sh.600021,5.82,5.86,5.77,5.79,5.8,5522963.0,32039201.0,3,0.258114,1,-0.1724,613.740654,2.173926,1.474093,11.369346,0,2009-09-30,370174719.74,410237947.27,379126520.82,745075407.3,384833441.51,31914614862.32,23786269898.18,2905708102.77,-853271070.52,-496130997.09,1556306035.16,2009-12-30,正常票,7785051703.56,7897798467.26,7015738789.93,8951801.08,280579633.83,2355746761.77,4085650762.25,27828964100.07,15640870606.42,8145399291.76,8128344964.14,2139737867.7638562,12389082254.352728
2010-01-04,sh.600022,5.27,5.27,5.27,5.27,5.27,0.0,0.0,3,,0,0.0,-10.33936,2.50091,0.628175,17.530706,0,2009-09-30,-605750132.89,-574069032.15,-573517252.94,795324570.37,4318889744.97,28853894351.11,22233584232.05,-1777569497.54,-2430876771.02,4003221147.49,-205512158.87,2009-12-30,正常票,18776466349.26,19350535381.41,18760142185.72,32232879.95,-607905100.08,3949554992.15,10658049430.87,18195844920.24,16376676855.29,5856907376.76,6620310119.06,,
2010-01-04,sh.600026,14.46,14.51,14.0,14.0,14.35,19419386.0,275118108.0,3,0.920982,1,-2.439,30.703656,2.24285,4.856251,-27.317877,0,2009-09-30,906434800.17,1055145304.22,1150553179.31,665016888.33,306282177.21,31789516000.45,10342881018.29,1433219282.74,-2334423909.93,-226170213.3,-1134658860.56,2009-12-30,正常票,6572293980.25,5545801415.09,5204577454.89,244118379.14,905663973.96,808310993.88,2153415400.66,29636100599.79,3076404931.68,7266476086.61,21446634982.16,2108552175.8297122,29519730461.61597
2010-01-04,sh.600027,5.38,5.38,5.29,5.3,5.37,15988109.0,84953845.0,3,0.348321,1,-1.3035,-126.709341,3.000742,1.026205,-13.196776,0,2009-09-30,1300017000.0,1370604000.0,1398741000.0,2567389000.0,1540332000.0,94904847000.0,77832407000.0,5941205000.0,-11032684000.0,4995754000.0,-95725000.0,2009-12-30,正常票,26834715000.0,25624231000.0,22299700000.0,98724000.0,904061000.0,1775166000.0,7363784000.0,87541063000.0,30353587000.0,47478820000.0,17072440000.0,4590050269.722468,24327266429.529083
2010-01-04,sh.600028,14.18,14.22,13.81,13.82,14.09,84226021.0,1180334595.0,3,0.120457,1,-1.9163,18.620188,3.284012,0.994978,-343.331721,0,2009-09-30,53365000000.0,70030000000.0,69717000000.0,29074000000.0,135940000000.0,843734000000.0,455984000000.0,109164000000.0,-71179000000.0,-37965000000.0,22000000.0,2009-12-30,正常票,893448000000.0,825723000000.0,663086000000.0,16352000000.0,50555000000.0,8601000000.0,202334000000.0,641400000000.0,292236000000.0,163748000000.0,387750000000.0,69922064305.10474,966322928696.5475
2010-01-04,sh.600029,6.09,6.12,5.97,6.05,6.06,40235931.0,244635553.0,3,2.682395,1,-0.165,-10.793932,4.689741,0.87568,-27.780597,0,2009-09-30,484000000.0,-1181000000.0,595000000.0,1268000000.0,1152000000.0,92540000000.0,79337000000.0,9035000000.0,-13519000000.0,3831000000.0,-653000000.0,2009-12-30,正常票,40830000000.0,42360000000.0,35639000000.0,111000000.0,322000000.0,3996000000.0,8684000000.0,83856000000.0,36181000000.0,43156000000.0,13203000000.0,1500000223.6807034,9075001353.268255
2010-01-04,sh.600030,32.0,32.3,31.24,31.29,31.77,110620758.0,3510114277.0,3,1.683606,1,-1.5109,26.950972,3.577852,10.902544,5.552128,0,2009-09-30,7130032414.02,9377293222.19,9418359362.07,,,180311743077.44,119412314851.79,44487355118.87,12855735285.75,-952486958.9,56388720151.88,2009-12-30,正常票,,,,,,132432197560.98,,,,,,6570465892.851416,205589877787.3208
2010-01-04,sh.600031,36.8,36.89,36.11,36.41,36.81,6169426.0,226602363.0,3,0.414612,1,-1.0867,32.168223,7.641769,3.474309,-78.787391,0,2009-09-30,2273903959.56,2568418529.84,2569540154.29,4783803302.7,3155175028.15,15890562313.43,8136819476.27,3722349681.5,-1539220301.4,-2472321157.04,-285959889.82,2009-12-30,正常票,14197531415.27,11616065816.26,9199755104.73,295636194.73,1978084741.91,2272004195.59,11319972514.95,4570589798.48,5920570733.14,2216248743.13,7753742837.16,1487999864.9339626,54178075082.245575
2010-01-04,sh.600033,6.65,6.69,6.55,6.57,6.6,30136221.0,199183832.0,3,3.374093,1,-0.4545,17.066481,2.81259,5.90145,-15.259618,0,2009-09-30,754480243.61,1012668951.91,1016781069.13,195573399.39,2589114.07,11093320978.15,5486153740.0,943415042.4,-1549573888.82,779279554.54,173120708.12,2009-12-30,正常票,1505772230.65,459561315.19,279708348.64,262300825.52,570904096.25,321897698.22,1254286731.55,9839034246.6,3855567479.43,1630586260.57,5607167238.15,893165096.5163083,5868094684.112145
2010-01-04,sh.600035,5.54,5.54,5.4,5.44,5.5,5295148.0,28915166.0,3,0.568361,1,-1.0909,17.042608,1.949115,6.838011,18.044172,0,2009-09-30,234355358.41,312641686.45,312877273.6,8672261.07,7400.0,3476660805.88,876120327.49,323031126.16,-402830432.34,274351637.78,194552331.6,2009-12-30,正常票,560721822.8,248080136.35,192959211.46,78521915.19,234265536.64,409494126.5,504224325.87,2972436480.01,876120327.49,,2600540478.39,931652242.1489159,5068188197.290103
2010-01-04,sh.600036,17.93,18.11,17.66,17.71,18.05,74613558.0,1332370091.0,3,0.476493,1,-1.8837,22.341394,3.869564,6.689706,-14.689435,0,2009-09-30,13078000000.0,16295000000.0,16457000000.0,,,2016901000000.0,1929396000000.0,52647000000.0,-59204000000.0,-4417000000.0,-10768000000.0,2009-12-30,正常票,,,,,,,,,,,,15658899081.413578,277319102731.8345
2010-01-04,sh.600037,14.24,14.55,14.01,14.43,14.19,14146028.0,202917911.0,3,1.334077,1,1.6913,48.571532,3.486483,10.464116,-30.940043,0,2009-09-30,246673608.44,259180107.52,290869721.26,10738027.89,235270721.78,5584454320.88,1193043228.41,459711884.83,-545598976.24,-158868950.36,-244756041.77,2009-12-30,正常票,1043805053.23,791475301.31,703875773.69,44196112.82,246630835.74,1415393004.65,1779250909.51,3805203411.37,768599374.48,424443853.93,4391411092.47,1060360683.8285946,15301004667.64662
2010-01-04,sh.600038,21.18,21.35,20.8,20.81,21.13,3623571.0,75824122.0,3,2.15057,1,-1.5144,70.918525,5.373706,3.184446,345.914849,0,2009-09-30,43450519.8,49869733.45,49903017.24,521959452.74,1825294306.6,3331198535.71,2024790279.12,6542194.61,-28451165.6,-33047568.57,-54956539.56,2009-12-30,正常票,1054315043.85,1004445310.4,919111342.09,6452497.44,43450519.8,74666842.48,2969087378.96,362111156.75,2024790279.12,,1306408256.59,168493515.6725891,3506350061.146579
2010-01-04,sh.600039,8.93,9.02,8.75,8.76,8.94,13140837.0,116257146.0,3,5.825083,1,-2.0134,180.180652,2.910577,0.945933,71.818109,0,2009-09-30,28278314.02,30597379.78,29717651.53,127519591.47,1179414987.29,6025426458.84,4704227246.33,154030962.29,-153702748.02,268434607.46,268762821.73,2009-12-30,正常票,1984964088.27,1963017692.72,1782118608.35,1439337.51,9091210.69,549150179.88,2805526216.75,3219900242.09,2708701257.94,1995525988.39,1321199212.51,225590553.8170014,1976173251.4369323
2010-01-04,sh.600048,22.42,22.58,21.88,21.9,22.4,27748848.0,615896167.0,3,0.870403,1,-2.2321,27.946238,3.300213,3.801295,6.523683,0,2009-09-30,1930839694.84,2459272719.03,2617153992.31,386617139.46,52847931100.09,79454825843.14,54549843671.93,5229570322.77,-190295387.69,6137705727.66,11176970348.91,2009-12-30,正常票,11451083729.84,8993032732.85,7364264588.81,686314297.47,1786628403.7,16646730874.27,78299834636.94,1154991206.2,37877699434.85,16672144237.08,24904982171.21,3188045997.0841093,69818207336.14198
2010-01-04,sh.600050,7.31,7.32,7.13,7.14,7.29,159456999.0,1148140611.0,3,0.752276,1,-2.0576,8.082658,2.129673,0.696447,-42.147637,0,2009-09-30,9230313293.0,11837406094.0,12179268657.0,10856178921.0,1320694603.0,370086041923.0,159189012383.0,47210468795.0,-60737915345.0,14476741261.0,949294711.0,2009-12-30,正常票,118218406612.0,107340615911.0,76761522724.0,2948955364.0,3095115927.0,11552004968.0,33718498625.0,336367543298.0,146796809786.0,12392202597.0,210897029540.0,21196608558.560955,151343785108.1252
2010-01-04,sh.600051,12.71,12.75,12.33,12.34,12.61,6414728.0,79928553.0,3,2.121272,1,-2.1412,33.902555,2.751062,1.317429,6.704915,0,2009-09-30,136992222.48,186860567.23,185285892.8,84862671.96,1344386145.32,4716892855.63,3180081181.57,228004996.61,6987145.23,449651171.69,684642674.59,2009-12-30,正常票,1978348649.33,1838205476.22,1682436295.37,48293670.32,91756738.99,1447459016.21,3167403051.57,1549489804.06,2527901135.62,652180045.95,1536811674.06,302400069.3923269,3731616856.301314
2010-01-04,sh.600052,8.32,8.34,8.16,8.17,8.3,7952549.0,65475851.0,3,1.883046,1,-1.5663,40.83351,4.853416,2.452897,48.203131,0,2009-09-30,-10692918.15,26698421.16,28260423.44,5514936.45,7136743824.18,9241805763.42,7755784594.71,563404044.56,8678024.87,-359968521.98,212113547.45,2009-12-30,正常票,1014938425.72,981006095.88,709206683.19,38953341.59,-12416952.59,546256912.41,8169424794.13,1072380969.29,6181131561.19,1574653033.52,1486021168.71,422323671.3282628,3450384394.751907
2010-01-04,sh.600053,9.67,10.5,9.52,10.09,9.65,3453269.0,33483790.0,3,0.955832,1,4.5596,25.277931,4.883581,18.315138,9.867637,0,2009-09-30,971739.83,538797.81,971739.83,10196428.8,2368049204.95,3017653495.22,2271123065.67,460435289.56,-75781.0,-28528185.08,431831323.48,2009-12-30,正常票,57551885.13,57013087.32,32431265.66,,979099.71,500258273.38,3002635592.71,15017902.51,1315323035.57,955800030.1,746530429.55,361284095.9499159,3645356528.134651
2010-01-04,sh.600054,18.64,19.04,18.33,18.35,18.59,5469997.0,102468396.0,3,4.650567,1,-1.291,45.023662,6.84971,7.247748,260.393616,0,2009-09-30,181754310.82,246092347.74,246287020.4,60404981.5,343163242.55,1880937448.01,599383387.71,106565709.55,-98118957.14,12937974.11,21384726.52,2009-12-30,正常票,882497902.58,637907622.14,510632410.12,64532709.58,170506455.9,307881265.78,753801059.72,1127136388.29,528880845.76,70502541.95,1281554060.3,117620002.03416057,2158327037.3268466
2010-01-04,sh.600055,10.21,10.24,10.0,10.05,10.21,3021916.0,30491402.0,3,1.396127,1,-1.5671,66.344354,4.350743,3.148809,-47.780099,0,2009-09-30,18176737.06,20928138.31,21943177.03,180851643.21,172759181.24,900271920.61,392952639.69,-19068924.63,-12599263.39,-107874209.75,-139542397.77,2009-12-30,正常票,427848088.25,407377220.52,288935424.77,3766439.97,17812854.03,119902869.93,545840947.61,354430973.0,381252639.69,11700000.0,507319280.92,216449936.14477766,2175321858.2550154
2010-01-04,sh.600056,28.0,28.0,27.13,27.19,27.85,2962004.0,81201943.0,3,1.238304,1,-2.3698,31.817438,5.216714,1.496479,10.233294,0,2009-09-30,184466507.72,250121384.48,250334492.51,851820216.98,1662213625.69,4845868235.01,3463844415.19,766239736.89,-136818545.21,94245870.27,723667061.95,2009-12-30,正常票,3442751998.08,3268123604.34,3070977271.93,65867984.79,151484735.42,1189003609.21,3980304907.21,865563327.8,2280005930.34,1183838484.85,1382023819.82,239198452.07638833,6503805911.956999
2010-01-04,sh.600057,3.98,3.98,3.98,3.98,3.98,0.0,0.0,3,,0,0.0,-4.271424,-1.404753,3.689274,130.622217,1,2009-09-30,-151608284.45,-163520022.4,-151608284.45,149968632.65,373163633.55,1274575072.44,2477183985.84,-21147310.29,299819.64,27169045.52,6075471.01,2009-12-30,正常票,293373067.88,456904190.0,258388648.17,,-140600886.54,55285729.79,659141579.87,615433492.57,2474343985.84,2840000.0,-1202608913.4,,
2010-01-04,sh.600058,19.48,19.53,19.17,19.19,19.42,7139194.0,137790818.0,3,0.666025,1,-1.1843,-24.393043,2.535001,0.268946,-13.966345,0,2009-09-30,138612427.21,158922174.26,197334740.52,1894971034.42,16992436568.75,46583943751.26,35710482413.19,-1405547657.47,-1939666648.56,3730474308.32,385451757.65,2009-12-30,正常票,53514183770.31,53667736695.57,52485250109.69,58722313.31,214454882.88,2497899218.54,33546713414.17,13037230337.09,30952345147.45,4758137265.74,10873461338.07,1071910814.1586277,20569968523.704067
2010-01-04,sh.600059,9.85,10.05,9.72,9.91,9.75,15386158.0,152796579.0,3,4.631784,1,1.641,82.12611,4.239352,9.207685,172.152662,0,2009-09-30,46507155.55,47989635.71,59214204.92,158146279.99,1017266940.1,2235143004.15,905683094.67,11813512.83,-202649647.1,119090502.94,-71505512.26,2009-12-30,正常票,467120543.63,422282821.38,292586406.09,12707049.37,45888317.65,112830444.23,1324037293.88,911105710.27,812787581.76,92895512.91,1329459909.48,332186431.8370632,3291967539.505296
2010-01-04,sh.600060,25.8,26.44,25.6,25.94,25.79,6038776.0,157046971.0,3,1.222999,1,0.5816,38.000663,4.663534,0.910812,36.850775,0,2009-09-30,311315525.02,321785174.6,384985780.68,650707982.75,2010785582.19,7970497012.78,4634408030.23,451246991.27,-202967354.5,-68139957.78,185399895.05,2009-12-30,正常票,13049337898.84,12727893833.69,10424998128.31,73670255.66,309097304.13,861199244.14,6729267786.93,1241229225.85,4514705625.17,119702405.06,3336088982.55,493767860.80773574,12808338309.352665
2010-01-04,sh.600061,10.2,10.5,10.1,10.34,10.2,7222296.0,74183644.0,3,1.683193,1,1.3725,-753.943791,8.331175,3.772622,-415.820933,0,2009-09-30,-3390110.94,3525909.63,2850229.0,53519923.55,228638486.38,838163022.68,303697407.07,-50753788.99,-18390070.39,12746172.33,-56397687.05,2009-12-30,正常票,877875841.58,876301634.4,811933431.55,6240339.94,-3544464.99,87804570.29,525480145.96,312682876.72,272526559.7,31170847.37,534465615.61,429083058.2113876,4436718821.905747
2010-01-04,sh.600062,23.65,24.1,23.49,23.71,23.55,4036750.0,95961116.0,3,1.399015,1,0.6794,30.162168,4.025045,2.710221,2796.059493,0,2009-09-30,351084706.97,412784855.88,426547960.14,740025712.26,561278678.73,4686600755.29,1249106458.59,235444986.09,-206488071.62,-143924651.88,-114967737.41,2009-12-30,正常票,3772376913.74,3360382982.63,2532924688.85,75463253.17,352833692.39,952710714.29,2960828001.17,1725772754.12,1210340565.12,38765893.47,3437494296.7,288542295.8295658,6841337834.119006
2010-01-04,sh.600063,12.38,12.65,12.25,12.46,12.34,8725372.0,109023607.0,3,2.370515,1,0.9724,220.457353,2.384053,2.791959,128.259729,0,2009-09-30,45166769.9,41930517.93,48648540.49,99238496.79,308067842.54,3815459788.03,1875462021.36,125809282.31,-190835476.44,160884221.64,95858027.51,2009-12-30,正常票,1178938262.56,1149358311.05,1002127408.46,3481770.59,44876241.48,458183788.03,977163558.35,2838296229.68,1324192969.85,551269051.51,1939997766.67,368079172.6692301,4586266491.458608
2010-01-04,sh.600064,25.68,25.79,25.0,25.06,25.44,5069798.0,128824338.0,3,1.473154,1,-1.4937,35.705796,1.527466,4.830036,24.801316,0,2009-09-30,228424296.43,276678018.8,270599896.13,145529182.67,5921148547.37,14204754301.81,8446613214.06,491066645.53,-23448652.1,-255178584.06,212439409.37,2009-12-30,正常票,1355394017.65,1306473848.72,995548370.57,42175599.7,227872063.34,680919008.93,7114132559.49,7090621742.32,5203444980.57,3243168233.49,5758141087.75,344145825.89464504,8624294396.919804
2010-01-04,sh.600066,20.01,20.34,19.68,19.68,19.99,4231745.0,84325433.0,3,1.052281,1,-1.5508,21.743509,5.389511,1.238767,67.148478,0,2009-09-30,340682885.69,387112891.51,394051043.41,804516776.09,485240048.96,5783267762.5,3860893105.43,840764580.45,-976970232.07,-22921166.66,-159294150.72,2009-12-30,正常票,5832802762.37,5470445294.41,4858571714.4,53368157.72,337409156.73,1201179997.14,3735739413.39,2047528349.11,3400946807.12,459946298.31,1922374657.07,402149710.96123564,7914306311.717117
2010-01-04,sh.600067,13.99,13.99,13.49,13.58,13.99,9262645.0,126655986.0,3,1.797679,1,-2.9307,56.32472,5.308467,2.030937,-58.21947,0,2009-09-30,187784699.33,256576365.58,262151611.19,380462363.38,5790854132.19,9379496090.88,7509968415.82,1907852999.02,186360840.84,-1680235581.14,413997343.86,2009-12-30,正常票,2936666075.73,2707136944.46,2431179344.82,74366911.86,154212843.43,1277863509.4,8543609574.68,835886516.2,6231003858.03,1278964557.79,1869527675.06,515255782.5952242,6997173527.643145
2010-01-04,sh.600068,11.79,11.79,11.45,11.47,11.71,23741827.0,274039006.0,3,1.93344,1,-2.0495,21.72656,4.409976,0.984986,48.549971,0,2009-09-30,946716952.0,1005661887.14,1098963215.79,2128150246.72,7610521299.87,39781748822.18,33178006483.47,-174658752.0,-4275823299.59,4889659834.84,450245585.83,2009-12-30,退市票,18575895783.01,17677951332.82,15800209702.33,152246263.79,865464365.41,3718170011.07,19481916200.7,20299832621.48,18929048414.98,14248958068.49,6603742338.71,1227957785.0877192,14084675794.95614
2010-01-04,sh.600069,9.47,9.56,9.3,9.42,9.43,5135764.0,48426996.0,3,1.347828,1,-0.106,-179.611075,2.616578,2.489257,13.853536,0,2009-09-30,26401898.35,6700445.36,35255368.77,237340543.81,403086304.62,4368062722.92,2282461635.23,78371087.78,-193006297.16,490667789.54,376032580.16,2009-12-30,退市票,1647616542.45,1641107528.84,1441140172.93,8853470.42,27279243.87,808845549.41,1800131844.37,2567930878.55,1713282331.12,569179304.11,2085601087.69,381040014.007722,3589396931.9527416
2010-01-04,sh.600070,9.1,9.1,8.84,8.87,8.95,2707356.0,24239185.0,3,1.924536,1,-0.8939,50.780113,2.894042,1.595211,21.26063,0,2009-09-30,38489909.45,28754206.51,43226766.32,51126167.04,103877879.07,1331650313.15,708213796.24,-11902981.06,19143219.07,-12595068.78,-5508925.97,2009-12-30,退市票,580337315.29,563572030.7,517949513.95,4736856.87,23832917.15,302206147.75,556230964.4,775419348.75,674721135.67,33492660.57,623436516.91,140675778.4733567,1247794155.0586739
2010-01-04,sh.600071,7.76,7.76,7.57,7.59,7.68,3422707.0,26150540.0,3,2.080584,1,-1.1719,50.791853,3.222929,2.074348,14.015587,0,2009-09-30,41220372.43,45714789.63,48638564.77,134724311.56,108091969.11,1133266429.85,396503747.23,115222107.66,-13044117.28,-34402975.67,68218129.13,2009-12-30,正常票,614190321.18,568575130.65,518820844.05,7418192.34,26737312.89,309822907.41,573648313.0,559618116.85,396503747.23,,736762682.62,164507032.64083546,1248608377.743941
2010-01-04,sh.600072,17.74,17.79,17.39,17.4,17.73,2981577.0,52237583.0,3,0.822625,1,-1.8613,79.414865,4.804349,4.607725,-47.436488,0,2009-09-30,52595328.99,64324826.16,65011298.73,246862403.67,496063554.32,2260897757.53,898040151.78,-170927902.69,-103100825.62,86217485.79,-185647241.14,2009-12-30,正常票,925718325.89,898332414.27,853152208.8,12415969.74,52583003.77,293699267.27,1155636925.62,1105260831.91,639892789.81,258147361.97,1362857605.75,362446679.8358912,6306572229.144506
2010-01-04,sh.600073,10.56,10.94,10.56,10.75,10.57,8686258.0,93618762.0,3,2.437222,1,1.7029,155.459645,4.599153,2.293589,79.896172,0,2009-09-30,6533745.65,1348390.73,9269804.57,252431719.75,308422785.25,2523316203.0,1569308880.48,-124822042.3,4887061.69,165957886.43,47284655.79,2009-12-30,正常票,1497998484.03,1537225264.98,1386088725.06,2736058.92,1816217.04,372416960.73,1277143346.38,1246172856.62,1487906589.59,81402290.89,954007322.52,356399950.4353727,3831299467.180257
2010-01-04,sh.600074,4.74,4.83,4.72,4.74,4.74,10869484.0,51887297.0,3,1.643801,1,0.0,-15.16127,3.974916,1.720071,83.35501,0,2009-09-30,-110712524.62,-104189013.54,-104372678.03,142920184.26,184406627.24,3528164551.16,2533345284.14,111139578.83,-2851194.5,-92068092.39,16133076.18,2009-12-30,退市票,1358148101.79,1458210624.93,1259939628.64,6339846.59,-86818399.54,101681331.14,651078809.9,2877085741.26,261101327.08,2272243957.06,994819267.02,661240867.9639446,3134281714.1490974
2010-01-04,sh.600075,9.53,9.9,9.52,9.68,9.44,14518230.0,141881703.0,3,3.31019,1,2.5424,-36.305034,2.635405,1.382435,13.220045,0,2009-09-30,14989796.25,11221106.14,20718682.49,220574902.1,1011282468.63,5045407947.01,2958808669.59,631477923.17,-79058040.56,-487392264.05,65027618.56,2009-12-30,正常票,2309139533.38,2300262813.97,1928130284.19,5728886.24,9597276.05,618085378.95,2216215618.84,2829192328.17,2236384061.21,722424608.38,2086599277.42,438592044.56541777,4245570991.393244
2010-01-04,sh.600076,8.7,8.7,8.37,8.46,8.72,4879116.0,41641870.0,3,1.334784,1,-2.9817,-64.671299,78.476923,219.238406,-6039.624486,1,2009-09-30,-28255331.08,-28007732.32,-28003633.32,9289968.59,6750443.76,263352906.27,212793633.76,-32833155.19,32814960.0,-1135151.43,-1153346.62,2009-12-30,正常票,9821874.3,30103662.93,5009818.56,251697.76,-27558075.18,5895319.77,64597783.88,198755122.39,209464633.76,3329000.0,50559272.51,365535996.835443,3092434533.227848
2010-01-04,sh.600077,11.9,12.25,11.65,11.96,11.86,9347178.0,111589755.0,3,7.519473,1,0.8432,-48.948284,6.533465,3.755612,-63.314825,0,2009-09-30,-20910563.43,-20810949.94,-20742502.02,2888255.01,32262646.36,618845974.75,262472746.52,84278493.94,-147058580.0,62621568.28,-158517.78,2009-12-30,退市票,391145736.0,411956685.94,393440753.94,168061.41,-17332868.9,57502171.6,311361846.34,307484128.41,262472746.52,,356373228.23,124306291.14566939,1486703242.102206
2010-01-04,sh.600078,8.58,8.58,8.58,8.58,8.58,0.0,0.0,3,,0,0.0,-43.297935,3.650379,2.054919,31.958398,0,2009-09-30,60196264.56,67878515.17,69234948.86,180879982.61,824494108.48,5096547987.3,3479136006.56,359417050.02,-186255976.24,-92960326.5,80200747.28,2009-12-30,正常票,1840804714.41,1772926199.24,1533280701.19,9038684.3,62690494.9,1229772733.97,2566505135.28,2530042852.02,2963005304.26,516130702.3,1617411980.74,,
2010-01-04,sh.600079,14.26,14.26,13.7,13.8,14.16,8826456.0,122705426.0,3,2.713785,1,-2.5424,34.415418,3.789137,5.174639,12.526269,0,2009-09-30,196687132.68,214172278.57,218261262.8,307340019.84,563802600.26,3266375289.39,1309553543.71,125924640.62,7852706.64,423562106.45,557339453.71,2009-12-30,正常票,975083956.08,870773999.77,438295533.92,21574130.12,163345957.36,684605879.51,2074508716.05,1191866573.34,1225467482.38,84086061.33,1956821745.68,325245220.2366805,4488384039.2661915
2010-01-04,sh.600080,6.0,6.07,5.9,6.06,5.94,4744648.0,28313800.0,3,1.554115,1,2.0202,-31.928114,2.859685,3.680011,-78.924971,1,2009-09-30,-46778864.58,-47838067.58,-47308114.4,11776719.47,37960825.45,1360240151.99,710800125.96,11819725.96,-38924925.14,14775737.2,-12329461.98,2009-12-30,正常票,240413854.49,288251922.07,172256928.21,-529249.82,-46615976.11,35727163.58,101644006.13,1258596145.86,710800125.96,,649440026.03,305295811.4425252,1850092617.3417027
2010-01-04,sh.600081,8.55,8.73,8.46,8.61,8.51,6091772.0,52397052.0,3,4.317283,1,1.1751,-38.349017,8.003276,2.500156,-3009.094018,0,2009-09-30,16525545.74,20433410.04,22856121.09,406331611.69,87975391.56,1305286110.14,880989613.41,-15168629.57,64942201.09,-69044216.23,-19270644.71,2009-12-30,正常票,881120912.79,907742191.78,763846109.25,6330575.35,7240853.84,21353254.66,621954364.06,683331746.08,880989613.41,,424296496.73,141101984.7436455,1214888088.6427877
2010-01-04,sh.600082,7.77,7.8,7.59,7.61,7.72,5244904.0,40215581.0,3,0.86957,1,-1.4249,32.059743,2.997143,4.685963,-15.369074,0,2009-09-30,54929732.16,81899347.54,73980340.6,38662335.81,1405583782.61,2563109719.52,921487280.64,-315937607.85,124340222.19,-253350793.18,-444948178.84,2009-12-30,正常票,495024199.05,461801969.27,433447846.2,19050608.44,54975657.44,447714605.89,2019596520.36,543513199.16,470697809.43,450789471.21,1641622438.88,603160642.6164657,4590052490.311304
2010-01-04,sh.600083,8.75,8.76,8.55,8.56,8.75,3968178.0,34237254.0,3,1.975995,1,-2.1714,-396.586279,88.988792,,-15815.731624,1,2009-09-30,-6127038.76,-5330017.42,-6127038.76,,,40234121.15,18109986.73,-12982409.57,-5210328.64,-4000000.0,-22193397.95,2009-12-30,退市票,0.0,5447602.49,0.0,,-6127038.76,688579.56,6020759.94,34213361.21,17740721.57,369265.16,22124134.42,200819232.8421884,1719012633.1291327
2010-01-04,sh.600084,10.75,11.04,10.52,11.03,10.51,11902845.0,130563472.0,3,4.039208,1,4.9477,-30.273914,8.269465,19.628248,8.995744,1,2009-09-30,-212030195.81,-305679851.64,-211419422.51,230284281.83,906181065.25,3417920219.03,2334563101.83,-450845200.3,-4414138.62,1476184863.13,1020925524.21,2009-12-30,正常票,270021151.83,575501935.19,206911643.49,610773.3,-208506555.43,1129455272.13,2376910099.78,1041010119.25,1763859301.83,570703800.0,1083357117.2,294682645.7067821,3250349582.1458063
2010-01-04,sh.600085,21.12,21.22,20.71,20.75,21.03,3959413.0,82863732.0,3,0.760218,1,-1.3314,34.611037,3.622175,3.335281,24.455344,0,2009-09-30,318222347.5,371368319.84,374974371.86,356241384.37,1786012166.77,4985822671.34,1143241961.76,531813435.13,-19263399.49,-98473687.26,412580317.91,2009-12-30,正常票,2489711268.16,2124493036.13,1390165677.67,56752024.36,232949398.35,1592945101.99,3878650942.51,1107171728.83,1101094902.4,42147059.36,3842580709.58,520825999.910552,10807139498.143955
2010-01-04,sh.600086,9.72,9.99,9.58,9.66,9.73,6676409.0,65493439.0,3,4.153786,1,-0.7194,377.158189,9.087517,3.800342,-46.589813,0,2009-09-30,13432340.09,19907695.91,21382425.38,160614828.63,695324519.02,1317724391.97,839938392.34,-82687899.48,15785.0,74656008.38,-8016106.1,2009-12-30,退市票,813739830.32,793832134.41,737463883.67,7950085.29,12095768.27,65128663.24,994593825.33,323130566.64,534738392.34,305200000.0,477785999.63,160730692.4333608,1552658488.9062653
2010-01-04,sh.600087,7.56,7.6,7.34,7.37,7.51,15740547.0,116700254.0,3,1.910355,1,-1.8642,83.821522,2.730801,3.627655,-12.665603,0,2009-09-30,1966589.34,-3439214.43,26781650.7,224085717.85,154472542.68,13060703480.32,8691358471.5,13721248.66,-984100451.24,580562028.18,-389306196.77,2009-12-30,退市票,2311839250.36,2306408631.56,2058498758.41,24815061.36,1929440.28,1062582688.84,3620400104.36,9440303375.96,1856408694.8,6834949776.7,4369345008.82,823959264.1158319,6072579776.533681
2010-01-04,sh.600088,15.8,16.32,15.7,15.99,15.77,4065036.0,65429223.0,3,3.390734,1,1.3951,69.125041,4.430481,3.716723,99.445161,0,2009-09-30,33852606.05,40907195.1,42408076.4,29931827.5,273711423.07,1835186602.76,957114066.23,64818041.22,-4430840.07,-28173000.0,32214201.15,2009-12-30,正常票,753626813.06,712719617.96,682046588.39,8555470.35,33871387.74,847584714.89,1378723156.82,456463445.94,957114066.23,,878072536.53,119886608.62220392,1916986871.8690407
2010-01-04,sh.600089,24.0,24.53,23.66,24.14,23.8,33823813.0,814629189.0,3,1.881844,1,1.4286,29.684481,6.768618,3.022308,126.059599,0,2009-09-30,1258608933.77,1434862224.72,1448108627.61,2168860850.11,2011483768.03,17267059584.22,9863537614.04,920685932.21,-1053528848.6,578440941.0,445598024.61,2009-12-30,正常票,10713799845.99,9329763292.96,8179468935.74,189499693.84,1219839024.83,3911597049.91,10550702441.36,6716357142.86,6671131665.33,3192405948.71,7403521970.18,1797376031.1694272,43388657392.42997
2010-01-04,sh.600090,9.17,9.51,9.13,9.36,9.19,10382537.0,97179098.0,3,2.821981,1,1.8498,53.805383,10.135521,3.424926,-82.534227,0,2009-09-30,61105677.8,102647336.25,86157393.59,6158779.22,239708270.37,1121673964.06,548564043.02,132754702.65,-74420128.02,-37708751.43,20625823.2,2009-12-30,退市票,814118287.71,710550951.46,470404560.43,25051715.79,24993515.66,71536767.38,384492013.04,737181951.02,546086822.38,2477220.64,573109921.04,367916616.0225742,3443699525.9712944
2010-01-04,sh.600091,8.44,8.5,8.16,8.23,8.39,8093881.0,66907387.0,3,2.405128,1,-1.907,-15.38942,1.785244,49.516292,-3.456541,0,2009-09-30,-62426076.81,-66165435.57,-62426076.81,13278776.88,7505829.67,1841796141.28,290406936.95,-238676536.42,-357609463.87,-44270555.48,-640556555.77,2009-12-30,退市票,30297354.02,136388048.46,86271763.32,,-62426076.81,3000354.43,129521311.59,1712274829.69,256667672.03,33739264.92,1551389204.33,336525997.7847333,2769608961.7683554
2010-01-04,sh.600093,7.76,7.97,7.64,7.65,7.64,21371423.0,166854218.0,3,6.627877,1,0.1309,-58.090246,7.836629,8.802935,-120.028069,0,2009-09-30,19569707.42,9467062.05,23777874.75,101206115.73,145847025.52,891019317.82,542759267.12,45353839.03,-6580826.14,-69415687.11,-30642674.22,2009-12-30,退市票,228935939.14,218763877.09,166732628.7,4208167.33,16563903.26,57874456.01,381905366.46,509113951.36,537899130.82,4860136.3,348260050.7,322447489.5958389,2466723295.408168
2010-01-04,sh.600094,4.37,4.37,4.37,4.37,4.37,0.0,0.0,3,,0,0.0,1.645223,-1.18163,8.269496,-68.815873,1,2009-09-30,0.0,0.0,0.0,,,13207007.66,13207007.66,-63423852.68,50379225.14,-58031949.39,-71076576.93,2009-12-30,正常票,0.0,0.0,0.0,0.0,0.0,12737966.92,13207007.66,,13207007.66,,,,
2010-01-04,sh.600095,6.82,6.89,6.71,6.78,6.81,9137061.0,62077866.0,3,2.529195,1,-0.4405,-77.238117,3.714856,7.562412,47.203268,0,2009-09-30,-32010549.48,-36823236.54,-31140955.35,70817463.37,439606448.15,1252906045.93,529753999.69,125394552.86,6736967.01,-95306521.53,36824998.34,2009-12-30,正常票,221214744.16,255984574.63,200801654.34,869594.13,-33102962.07,131325992.63,792920546.1,459985499.83,512384780.01,17369219.68,723152046.24,361263603.63673025,2449367232.657031
2010-01-04,sh.600096,24.24,24.28,23.78,23.8,24.07,9289493.0,222634578.0,3,3.194639,1,-1.1217,-246.456723,3.244596,2.428361,5.412576,0,2009-09-30,-149200407.81,-160204041.99,-137629712.76,615558881.7,948000387.76,20798714543.93,14841556347.09,1079702663.42,-2036089620.75,3103437732.18,2143833632.04,2009-12-30,正常票,4375293154.83,4535362487.93,3750923622.41,11570695.05,-57787042.33,4139230619.82,7070391742.44,13728322801.49,4751816367.7,10089739979.39,5957158196.84,290783810.0016935,6920654678.040305
2010-01-04,sh.600097,19.06,19.88,19.06,19.51,18.89,2834769.0,55538970.0,3,2.455411,1,3.2822,68.35655,7.171598,5.105822,86.479621,0,2009-09-30,102357157.99,91708259.46,102357157.99,13474917.03,130606060.62,1061172335.09,510014113.28,164651202.95,-249087875.9,195073866.28,109911981.23,2009-12-30,正常票,648743345.8,557035086.34,367799140.55,,102357157.99,155784923.71,302936874.96,758235460.13,301014113.28,209000000.0,551158221.81,115449877.84122497,2252427116.682299
2010-01-04,sh.600098,7.45,7.46,7.34,7.36,7.4,8453567.0,62487969.0,3,0.410527,1,-0.5405,23.134751,1.75512,2.101979,2711.305842,0,2009-09-30,762409236.01,940237251.1,947903648.15,673746894.85,287515467.12,14905293711.09,4528106755.62,1186883783.07,-559195687.82,-336525931.99,291129889.8,2009-12-30,正常票,5391990607.1,4630291229.68,4335648569.64,185494412.14,523806847.18,2277936329.86,3472421719.52,11432871991.57,2063407403.57,2464699352.05,10377186955.47,2059198785.9507418,15155703064.59746
2010-01-04,sh.600099,7.8,7.94,7.78,7.93,7.8,4445007.0,34966018.0,3,2.028572,1,1.6667,-350.47858,3.633997,8.548823,139.29265,0,2009-09-30,1411161.62,-2765206.25,1564997.91,8935391.7,22496313.88,531874566.03,53717364.39,2769477.4,3359482.4,,6128959.8,2009-12-30,正常票,153542766.71,157893502.06,143710327.59,153836.29,1411161.62,300942071.33,360318079.57,171556486.46,53717364.39,,478157201.64,219120001.65633756,1737621613.1347568
2010-01-04,sh.600100,18.7,20.54,18.55,19.77,18.73,75489505.0,1463532563.0,3,7.726897,1,5.5526,75.971222,2.665353,1.403757,26.998714,0,2009-09-30,333330737.07,315003749.15,384888682.34,3058143041.56,4856579817.47,20051136554.81,10846667664.72,-218029555.9,-497104195.68,735884803.29,20430906.28,2009-12-30,正常票,9608442286.98,9528011407.62,8041379096.98,51557945.27,257111995.72,3261750014.75,13643293258.72,6407843296.09,9513609778.06,1333057886.66,9204468890.09,976970509.6366626,19314706975.51682
2010-01-04,sh.600101,8.85,8.85,8.73,8.75,8.79,3819149.0,33536926.0,3,1.473955,1,-0.4551,28.699296,2.636599,4.263781,-255.766993,0,2009-09-30,91290000.53,96476939.77,104878787.79,6754522.11,47998961.69,1994917261.84,913369381.87,152251571.38,-14556442.75,-98463025.0,39232103.63,2009-12-30,正常票,505814535.6,425204551.8,345971607.18,13588787.26,91096074.92,99105269.68,225368261.68,1769549000.16,433968639.96,479400741.91,1081547879.97,259108928.0201906,2267203120.1766677
2010-01-04,sh.600102,13.07,13.07,13.07,13.07,13.07,0.0,0.0,3,,0,0.0,-15.331766,2.141817,0.460404,-13.265211,0,2009-09-30,-173306058.12,-120931426.88,-154339683.18,62016550.7,2220774039.76,16241160964.41,10590907983.71,1323237142.73,-914611820.45,-397180961.15,11582143.09,2009-12-30,退市票,20079967001.4,20201898428.28,18755939205.1,18966374.94,-175088370.29,733232097.47,4571432174.44,11669728789.97,5608529964.41,4982378019.3,5650252980.7,,
2010-01-04,sh.600103,4.54,4.58,4.5,4.52,4.52,19574315.0,88783410.0,3,2.005233,1,0.0,-75.220076,2.56706,3.671267,80.996461,0,2009-09-30,-38811273.02,-42894438.25,-37670000.15,328479862.65,439667899.03,2914096785.47,939881568.3,15763347.54,-70385361.74,31194640.6,-23025105.14,2009-12-30,正常票,915436214.19,963441155.6,806114491.64,1141272.87,-47731943.53,164173778.26,1142865617.75,1771231167.72,588354730.73,351526837.57,1974215217.17,976161623.1131245,4412250536.471322
2010-01-04,sh.600104,26.41,27.11,26.35,26.96,26.13,35678186.0,958867227.0,3,0.54462,1,3.1764,73.465079,4.441186,1.429648,9.862529,0,2009-09-30,5106902836.19,5503673651.24,5552322041.49,4884036338.79,6345632875.17,119974098222.7,76020448110.54,11977071241.68,-1474460594.78,-241272216.36,10265650584.85,2009-12-30,正常票,99610941673.76,99450235001.14,86112792350.99,445419205.3,3973920196.28,34043355912.19,66553023691.74,53421074530.96,63488155821.77,12532292288.77,43953650112.16,6551023833.131357,176615602541.2214
2010-01-04,sh.600105,11.12,11.12,10.88,10.94,11.02,7235141.0,79400863.0,3,2.658899,1,-0.726,34.554642,2.680944,1.625748,20.609511,0,2009-09-30,86770233.64,97170737.6,106166741.19,419739760.3,1979048551.82,4399703803.08,3163027311.93,126427628.42,-46484587.0,167249761.35,247192802.77,2009-12-30,正常票,1084632417.81,1029444078.33,813146592.84,19396507.55,70316906.42,472035058.5,3081401991.92,1318301811.16,2807380025.75,355647286.18,1236676491.15,272110411.11377305,2976887897.584677
2010-01-04,sh.600106,9.8,9.8,9.5,9.5,9.74,12171314.0,117089593.0,3,2.949835,1,-2.4641,55.598714,2.712471,12.800179,20.061402,0,2009-09-30,97924603.33,117306858.95,116806243.3,135115693.61,181327977.19,4853442105.12,3408340775.65,234537726.19,-162337880.61,229732988.95,301932834.53,2009-12-30,正常票,242671459.21,169726748.21,26872223.7,18881639.97,97924603.33,534898964.88,892537867.59,3960904237.53,110776554.15,3297564221.5,1445101329.47,412609993.440311,3919794937.682955
2010-01-04,sh.600107,15.23,15.64,15.1,15.37,15.36,20030121.0,309157126.0,3,7.454143,1,0.0651,398.986493,12.160125,15.545243,35.237572,0,2009-09-30,11137024.62,17109348.75,17550020.52,32697376.06,111606303.49,1363304542.66,802114454.07,48288712.04,-7323204.53,23216956.38,63115321.61,2009-12-30,正常票,267339730.37,250710845.19,160667657.26,6412995.9,4592915.13,418974089.09,996098399.49,367206143.17,796504562.48,5609891.59,561190088.59,268711252.25260633,4130091947.122559
2010-01-04,sh.600108,5.95,6.04,5.8,5.81,5.77,55221668.0,327010001.0,3,3.83167,1,0.6932,152.740701,5.810605,8.975237,639.45628,0,2009-09-30,58605357.72,56295975.21,58902861.34,284509275.44,400961531.46,3321272419.83,1300872234.44,-28851399.02,-44745449.72,107463877.48,33867028.74,2009-12-30,正常票,908131452.14,850606065.7,738386100.99,297503.62,61581249.3,130235210.71,1186268451.87,2135003967.96,1245920415.84,54951818.6,2020400185.39,1441190603.5749424,8373317406.770414
2010-01-04,sh.600109,24.34,24.39,23.6,23.61,24.15,8153093.0,194924275.0,3,3.046099,1,-2.236,54.273365,9.700806,18.722375,4.23068,0,2009-09-30,369390660.79,476421285.02,493375285.67,,,10691529335.68,8253344864.59,4428771144.67,-56875371.71,-60049150.06,4311840733.61,2009-12-30,正常票,,,,,,9247021107.22,,,,,,267656862.10461316,6319378514.289916
2010-01-04,sh.600110,7.48,7.61,7.36,7.51,7.43,27862023.0,208865934.0,3,2.850883,1,1.0767,-596.214677,5.802837,11.408487,-41.269537,0,2009-09-30,11171340.51,16722206.29,17909420.35,196259360.38,188137751.38,3021176427.44,1469349193.23,53596697.64,-402265084.01,258043635.75,-90509656.63,2009-12-30,正常票,511561688.86,493977537.22,409292817.08,6738079.84,4070523.9,392981765.8,1777112301.47,1244064125.97,656717021.74,812632171.49,1551827234.21,977312046.829,7339613471.68579
2010-01-04,sh.600111,27.74,28.6,27.31,28.11,27.42,20523767.0,576353226.0,3,4.161714,1,2.5164,-180.09521,13.920916,9.835178,42.840755,0,2009-09-30,-28904209.31,-34911294.37,-8492497.12,223880335.59,1478068982.65,6113646145.54,3764188552.34,-218770279.81,-175644053.19,399114542.32,4700209.32,2009-12-30,正常票,1565740673.74,1597166988.08,1273170534.23,20411712.19,-13647785.14,1610682166.65,3910039141.5,2203607004.04,3008115041.62,756073510.72,2349457593.2,493156593.6534803,13862631847.59933
2010-01-04,sh.600112,20.45,20.52,19.46,19.63,20.09,6489260.0,127944106.0,3,2.00985,1,-2.2897,131.595514,12.75477,19.292156,6673.858668,0,2009-09-30,54354691.25,53728511.65,62202910.23,179089723.95,199858769.84,846733048.31,323195893.47,45778648.35,-10614824.8,-35391295.4,-58560.67,2009-12-30,退市票,274046291.98,224351824.42,158051062.0,7848218.98,56522038.49,52181827.08,564900799.53,281832248.78,296343737.4,26852156.07,523537154.84,322872851.2078015,6337994069.209144
2010-01-04,sh.600113,9.25,9.33,9.11,9.15,9.2,1160252.0,10666015.0,3,0.786612,1,-0.5435,57.383345,3.281526,7.110631,10.564763,0,2009-09-30,20378196.67,27879271.86,27736658.45,1532396.24,280735675.06,793738433.66,367601905.86,125721484.68,12562586.08,-22357237.94,115926832.82,2009-12-30,正常票,149800568.57,131673506.1,117976793.94,7358461.78,18601192.67,210331649.26,511693797.46,282044636.2,367601905.86,,426136527.8,147499911.01076517,1349624185.7485013
2010-01-04,sh.600114,7.06,7.17,7.0,7.06,7.04,3996254.0,28365916.0,3,3.7113,1,0.2841,-41.243429,2.508992,2.406551,-116.265084,0,2009-09-30,-23876523.13,-28914005.18,-24159137.33,156276984.29,189938848.48,1372385193.26,743831970.03,24853627.97,-45946249.2,32582108.83,11491581.9,2009-12-30,正常票,459168553.65,488082558.83,409675376.99,-282614.2,-21745972.58,47885663.55,465650846.09,906734347.17,628039112.8,115792857.23,628553223.23,107678010.40066823,760206753.4287177
2010-01-04,sh.600115,6.19,6.19,6.08,6.09,6.16,7638975.0,46832412.0,3,1.929034,1,-1.1364,-5.589985,-17.284089,1.492217,-32.216072,1,2009-09-30,1262692000.0,-94281000.0,1291303000.0,1486971000.0,958325000.0,71188173000.0,74005095000.0,5097005000.0,-5409748000.0,-1636663000.0,-1945830000.0,2009-12-30,正常票,28900251000.0,31929099000.0,26858576000.0,28611000.0,1196663000.0,2394707000.0,7481566000.0,63706607000.0,40711790000.0,33293305000.0,-2816922000.0,396000018.6621905,2411640113.65274
2010-01-04,sh.600116,9.38,9.6,9.26,9.42,9.34,5447423.0,51401073.0,3,3.080648,1,0.8565,33.412556,3.612135,3.217071,24.400167,0,2009-09-30,60559687.85,45307439.45,71426177.72,28635347.96,95380178.95,1791689533.79,1198730472.07,94587671.92,-140532056.59,82442153.95,36497769.28,2009-12-30,正常票,458716162.14,421340183.17,326551642.81,10866489.87,58131335.9,318736469.37,464439290.5,1327250243.29,677414219.88,521316252.19,592959061.72,176827180.5152682,1665712040.4538264
2010-01-04,sh.600117,10.58,11.02,10.53,10.76,10.49,15043365.0,162888931.0,3,3.703362,1,2.5739,-31.597626,3.310647,1.578352,24.495884,0,2009-09-30,27763824.8,17211489.94,34443301.23,421390258.41,1035176124.67,10684573987.39,7787573313.76,158488326.85,-771432192.43,960655753.58,347711888.0,2009-12-30,正常票,3791929061.62,3775517571.68,3229424671.06,6679476.43,17838668.91,993448252.48,3303810628.45,7380763358.94,6139941301.14,1647632012.62,2897000673.63,406208331.78069013,4370801649.960226
2010-01-04,sh.600118,24.18,24.18,23.64,23.79,24.22,7930908.0,189434298.0,3,4.621345,1,-1.7754,42.701363,5.441255,3.853559,69.895718,0,2009-09-30,112725000.43,134777651.32,139405685.17,1253721808.0,241328821.76,3211475148.0,1616002603.35,-361491815.92,-74786406.26,16641932.3,-419593042.21,2009-12-30,正常票,1438743979.43,1303966328.11,1206841185.0,26680684.74,111784755.93,1151353409.91,2821366353.91,390108794.09,1595711557.96,20291045.39,1595472544.65,171614713.89822662,4082714043.638811
2010-01-04,sh.600119,9.96,10.19,9.75,9.95,9.84,10561456.0,105720340.0,3,4.10313,1,1.1179,270.056849,5.049974,5.054397,20.260045,0,2009-09-30,2399764.3,-5856440.53,-1359043.69,55067286.68,23577898.75,997485098.62,373637396.95,34008371.17,150991212.41,-65657796.7,119351371.94,2009-12-30,正常票,401355865.97,464092274.12,324269706.56,-3758807.99,5125629.88,266839174.3,441120919.13,556364179.49,283104459.2,90532937.75,623847701.67,257399984.8895843,2561129849.651364
2010-01-04,sh.600120,9.69,9.9,9.55,9.58,9.64,10762377.0,105031048.0,3,2.129168,1,-0.6224,63.057306,4.233948,1.234217,11.147095,0,2009-09-30,117173921.67,151762460.65,156948081.83,192565666.08,1914902224.47,3548472261.47,2186161654.05,638890693.75,14309167.56,-280433274.91,390084527.34,2009-12-30,正常票,2711215358.68,2588807948.45,2311844709.72,39774160.16,69027895.89,727114259.75,3053516299.98,494955961.49,1863862620.98,322299033.07,1362310607.42,505473358.6076815,4842434775.461589
2010-01-04,sh.600121,12.86,12.94,12.6,12.66,12.74,5062571.0,64382031.0,3,0.804681,1,-0.6279,68.273214,4.859643,1.569778,1838.891127,0,2009-09-30,75508512.84,104688418.37,102540443.14,486652270.35,1113998822.24,5383865632.82,3664480646.94,-173124416.11,-431414017.96,508829011.52,-95709422.55,2009-12-30,正常票,3979860082.07,3875697713.7,3569929117.18,27031930.3,78212938.47,904239341.96,3108896094.82,2274969538.0,2884480646.94,780000000.0,1719384985.88,629140118.8794069,7964913905.013291
2010-01-04,sh.600122,17.6,17.7,17.16,17.25,17.3,7478656.0,129599634.0,3,2.923725,1,-0.289,73.903355,3.308225,0.974071,8.421541,0,2009-09-30,95671653.63,112063718.78,118685712.81,354857086.5,2057153291.82,6677580789.36,4273140447.37,-186254867.64,-145905288.14,1026581555.62,694394132.17,2009-12-30,退市票,7900714056.5,7790962412.72,7260961655.48,23014059.18,89335522.97,1958793893.59,5965946032.79,711634756.57,4256753370.27,16387077.1,2404440341.99,255792046.10556737,4412412795.321037
2010-01-04,sh.600123,43.99,44.2,43.15,43.2,43.74,5260238.0,229734129.0,3,0.92091,1,-1.2346,17.4913,4.924986,4.527853,3785.783428,0,2009-09-30,901199842.52,1300244748.91,1238201515.62,55915134.86,639536782.97,11459713567.13,5828643874.88,853775293.45,-627805470.24,291608245.25,517578068.46,2009-12-30,正常票,4094310981.63,3159089490.48,2334073841.51,337001673.1,958717991.3,1355008725.41,3919235521.63,7540478045.5,4404577837.48,1424066037.4,5631069692.25,571200008.6870595,24675840375.28097
2010-01-04,sh.600125,11.07,11.44,11.07,11.18,11.01,19711348.0,221946806.0,3,2.804277,1,1.5441,28.311144,4.180213,6.132551,58.187685,0,2009-09-30,295597526.66,391492011.96,392227603.06,162226169.72,296605396.04,2927401071.56,234817443.28,526874105.4,-112573854.69,-96177786.03,318122464.68,2009-12-30,正常票,1161157917.32,773999864.76,686222997.39,96630076.4,295234315.18,870744013.91,1382837328.71,1544563742.85,195233842.85,39583600.43,2692583628.28,702903029.9075305,7858455874.366191
2010-01-04,sh.600126,6.74,6.76,6.63,6.66,6.71,4491336.0,30053074.0,3,1.09257,1,-0.7452,-22.16669,1.644165,0.377909,30.928344,0,2009-09-30,123697784.56,159551938.42,159378960.86,254033860.22,1239595675.85,8343297785.86,4572429557.19,701336995.52,-154544038.6,-439667182.37,107125774.55,2009-12-30,正常票,11638861686.37,11490401233.28,11147494695.0,35681176.3,112622025.1,1038740811.98,5016971984.82,3326325801.04,4428132681.6,144296875.59,3770868228.67,411079930.8053489,2737792339.1636233
2010-01-04,sh.600127,8.65,8.86,8.36,8.37,8.45,51966351.0,447784838.0,3,9.544574,1,-0.9467,-33.136726,8.152885,3.836237,-123.895431,0,2009-09-30,1570976.61,-7393353.23,4678126.93,113027124.99,395756672.66,1468607330.11,886170486.67,35777206.06,-12964340.72,-53997067.79,-31184202.45,2009-12-30,正常票,761303068.1,770321863.39,624333458.09,3107150.32,1139369.07,72254793.22,715745854.88,752861475.23,771990486.67,114180000.0,582436843.44,544459616.531864,4557126990.371701
2010-01-04,sh.600128,17.86,18.29,17.68,17.92,18.0,14107868.0,254865960.0,3,5.717069,1,-0.4444,119.025398,3.577456,1.785634,-15.266381,0,2009-09-30,44952190.78,55285162.5,59635034.9,91305544.49,439415524.36,2680966320.56,1352497104.42,-163611280.12,15002357.75,-38192473.73,-186801396.1,2009-12-30,正常票,1830914107.76,1819251515.32,1703531890.84,14682844.12,37144248.5,939206829.03,1956192662.42,724773658.14,1330677799.32,21819305.1,1328469216.14,246767495.7220212,4422073523.33862
2010-01-04,sh.600129,13.0,13.18,12.94,13.11,12.92,6539070.0,85572356.0,3,1.991312,1,1.4706,168.317699,3.555574,0.834516,11.987522,0,2009-09-30,73914006.62,70712719.68,95474509.53,454317863.81,703970706.59,6170197736.74,4477524826.41,44431558.86,-19690216.18,217215368.8,241956711.48,2009-12-30,正常票,3988343847.66,3917396275.67,3047801376.06,21560502.91,36240756.23,1349030741.82,2758982628.96,3411215107.78,3615003607.55,862521218.86,1692672910.33,328379982.6446082,4305061572.470814
2010-01-04,sh.600130,4.86,4.97,4.79,4.91,4.84,15627913.0,76381069.0,3,2.034885,1,1.4463,-23.554309,7.134779,3.318016,-1101.558816,1,2009-09-30,-40252263.91,-46050862.48,-40252263.91,21643204.17,111689635.95,1173890450.25,645369525.25,16129036.64,5956002.47,89917344.64,111438093.05,2009-12-30,正常票,880861518.21,928982679.83,812931914.6,,-40252263.91,594899290.17,794166575.25,379723875.0,627489757.89,17879767.36,528520925.0,767999813.2572602,3770879083.0931478
2010-01-04,sh.600131,6.3,6.33,6.21,6.23,6.3,3225230.0,20156661.0,3,0.888371,1,-1.1111,-13.612179,6.595246,9.100675,-38.798144,0,2009-09-30,-84635895.43,-104467663.31,-92629913.56,23029889.34,,1795474049.77,1308687441.83,47128789.35,-60777680.02,-7934779.29,-21583669.96,2009-12-30,正常票,266686653.58,319220456.52,243911587.93,-7994018.13,-84635895.43,81340759.68,190923074.8,1604550974.97,365655648.05,943031793.78,486786607.94,363049896.9462083,2261800857.974878
2010-01-04,sh.600132,23.55,23.61,23.0,23.02,23.52,2584899.0,60044360.0,3,0.534102,1,-2.1259,67.747896,9.560619,4.945649,164.985402,0,2009-09-30,149264778.97,163897334.42,183449344.12,97723974.87,831837249.67,3481023862.97,2234355216.12,626978622.64,-147622630.24,-253084290.16,226271702.24,2009-12-30,正常票,1880445971.34,1716588648.92,1014399290.8,34184565.15,144448677.83,492116853.17,1686683447.48,1794340415.49,2024355216.12,210000000.0,1246668646.85,483971039.23969585,11141013323.297798
2010-01-04,sh.600133,11.12,11.86,11.1,11.68,11.0,13825907.0,159715128.0,3,7.755419,1,6.1818,273.112681,3.680574,11.872547,18.276339,0,2009-09-30,32936469.82,43727983.49,43795566.71,85273731.71,448009752.4,2818225833.92,1919308574.98,249060124.55,-285041475.46,44075657.72,8094306.81,2009-12-30,正常票,215505724.34,186546124.87,119830301.61,10859096.89,35476873.22,351020253.93,915538806.96,1902687026.96,784339964.66,1134968610.32,898917258.94,178274146.11641228,2082242026.6396954
2010-01-04,sh.600135,11.88,12.07,11.77,11.85,11.92,2967063.0,35216758.0,3,1.398849,1,-0.5872,-1706.252637,4.152874,6.197935,51.678472,0,2009-09-30,-1323229.16,656724.16,2362205.77,50269816.82,194323872.39,1049088011.81,66174335.61,90715124.2,20859955.65,-1221816.01,111374416.05,2009-12-30,正常票,496764715.37,498115664.16,405028269.48,3685434.93,-3153241.69,336153530.41,599862306.06,449225705.75,66174335.61,,982913676.2,212107454.05687106,2513473330.573922
2010-01-04,sh.600136,11.81,11.81,11.81,11.81,10.74,1078698.0,12739423.0,3,1.034286,1,9.9628,30.959647,11.94507,22.006779,320.22648,0,2009-09-30,37080223.77,12445640.24,39528365.26,2511935.25,45718540.91,194786405.15,89060871.28,9275667.46,5599499.14,-6994620.1,7880546.5,2009-12-30,正常票,43135731.79,30690091.55,18713614.41,2448141.49,37025202.74,40405370.67,100926611.81,93859793.34,75932955.87,13127915.41,105725533.87,104293976.71437107,1231711864.9967225
2010-01-04,sh.600137,19.18,19.22,18.88,18.9,19.14,1084519.0,20644387.0,3,3.673567,1,-1.2539,56.53182,5.166535,9.214158,9.052357,0,2009-09-30,23086338.08,27099826.94,27211428.06,59780222.58,74573936.55,494974819.33,139337568.63,-3938061.42,-45795121.79,222677792.29,172913472.82,2009-12-30,正常票,141610931.49,114544406.73,100383895.39,4125089.98,23086338.08,243682528.45,415140877.15,79833942.18,139337568.63,,355637250.7,29522232.75089307,557970198.991879
2010-01-04,sh.600138,16.07,16.24,15.94,16.0,15.95,12701408.0,204921757.0,3,3.815254,1,0.3135,30.140298,3.211937,1.255426,22.927209,0,2009-09-30,296545285.52,381214573.26,391736912.46,382669881.21,1645281508.86,5790050421.49,2895249750.47,357257055.18,-40873578.94,1611232.23,318340584.67,2009-12-30,正常票,3671881946.78,3341796448.88,2758285574.8,95191626.94,179920319.15,654846506.69,3180115508.16,2609934913.33,2107491783.09,787757967.38,2894800671.02,332911203.2907901,5326579252.652641
2010-01-04,sh.600139,26.1,26.25,25.66,26.06,25.96,3009805.0,78315295.0,3,2.867134,1,0.3852,51.470268,23.514826,23.976248,49.465442,0,2009-09-30,55194496.14,54178892.31,71761800.88,67449235.24,10177158.56,402062294.78,139278576.25,95738671.73,-48770440.34,49643050.0,96611281.39,2009-12-30,退市票,104340794.38,38879765.7,20168723.15,16567304.74,55194496.14,138090799.5,270218855.2,131843439.58,138786076.25,492500.0,262783718.53,104976084.1314009,2735676752.4643073
2010-01-04,sh.600141,21.03,21.18,20.4,20.54,20.81,2832406.0,58324199.0,3,0.959487,1,-1.2975,45.940039,5.153135,2.117972,-1631.430896,0,2009-09-30,116897298.24,130501006.08,140839722.05,285869198.34,369897267.6,3787879530.93,2547337307.99,168219487.14,-495053018.88,383200378.21,55849872.66,2009-12-30,正常票,2396837349.99,2282101182.15,2050546679.02,23942423.81,114024162.76,204947434.46,1059246590.53,2728632940.4,1061303613.54,1486033694.45,1240542222.94,295200039.1876075,6063408804.913459
2010-01-04,sh.600143,10.61,10.67,10.4,10.42,10.57,9485182.0,99530858.0,3,1.437658,1,-1.4191,106.574212,4.982544,2.40908,-87.047223,0,2009-09-30,212452604.36,241162731.11,248299707.13,1363749431.02,2489303223.88,7027375313.04,3976173662.62,411147260.41,-79414074.48,-140664238.23,190390412.58,2009-12-30,正常票,4771944501.93,4530140391.82,4136233627.18,35847102.77,218201461.11,932677338.31,5720653222.85,1306722090.19,2568497906.54,1407675756.08,3051201650.42,659766230.9116632,6874764126.09953
2010-01-04,sh.600145,8.02,8.21,8.02,8.1,7.91,7006156.0,56910799.0,3,3.007154,1,2.402,-19.52866,13.838129,35.31293,-623.061254,0,2009-09-30,-32096620.97,-31682618.54,-31864775.42,27161681.8,135763190.46,686133052.93,450266326.12,17741298.09,8011543.21,-28682420.13,-2929578.83,2009-12-30,退市票,122777362.97,154459981.51,107591276.26,231845.55,-31671194.68,5882106.98,351433057.31,334699995.62,450266326.12,,235866726.81,232982946.66651595,1887161867.998779
2010-01-04,sh.600146,26.4,26.4,26.4,26.4,26.4,0.0,0.0,3,,0,0.0,-232.249108,17.511689,59.290672,659.89386,0,2009-09-30,-29265123.64,-29600649.91,-29265123.64,5803248.96,69111421.42,359510306.38,57997422.1,-7455023.3,509944.86,-4889375.08,-11834453.52,2009-12-30,退市票,62395406.45,91996056.36,56281258.49,,-29265123.64,23520147.7,235884751.08,123625555.3,51247422.1,6750000.0,301512884.28,,
2010-01-04,sh.600148,11.78,12.32,11.77,12.08,11.73,3932385.0,47531941.0,3,2.778748,1,2.9838,-75.83681,6.43156,4.235412,67.447282,0,2009-09-30,-23513834.91,-28296088.86,-24110854.77,153201988.18,143495805.68,607874979.9,322533002.92,26877163.3,-7240718.46,-19974827.74,-338382.9,2009-12-30,正常票,278344442.8,306640531.66,234460474.5,-597019.86,-25221932.1,46988274.09,468217003.33,139657976.57,313805083.35,8727919.57,285341976.98,141516431.14093107,1709518488.1824474
2010-01-04,sh.600149,6.05,6.08,5.93,5.96,6.05,4567705.0,27289616.0,3,1.469697,1,-1.4876,-123.410521,3.94815,,-266.795133,1,2009-09-30,-13927309.3,-13927309.3,-13927309.3,,,615347184.85,35094992.64,-1553458.09,-23685.0,,-1577143.09,2009-12-30,正常票,0.0,6929381.16,0.0,,-13898922.35,1530050.42,1530050.42,613817134.43,2217181.56,32878811.08,580252192.21,310792292.56098366,1852322063.6634626
2010-01-04,sh.600150,78.0,78.48,76.6,76.62,77.84,2292641.0,176903752.0,3,0.873199,1,-1.5673,17.065464,3.800134,1.794259,20.72483,0,2009-09-30,2022775315.6,2359889011.41,2512508088.86,580109253.39,3237410724.11,41981658611.69,27520350725.78,2438052435.82,1648424611.52,-1933863412.86,2679961115.1,2009-12-30,正常票,18946446747.02,16589417365.12,16136893892.08,489732773.26,1965203431.94,18328042432.56,26976609518.47,15005049093.22,21577102780.62,5943247945.16,14461307885.91,262556530.64192697,20117081377.784447
2010-01-04,sh.600151,11.56,11.72,11.41,11.63,11.51,7935704.0,91864794.0,3,1.060152,1,1.0426,-1249.151525,6.950839,9.764666,-56.097145,0,2009-09-30,48709014.44,38435866.63,58285640.96,359345575.27,346889433.62,5439706827.85,3186866339.32,47280111.88,-1410344467.94,1314535450.64,-48311215.37,2009-12-30,正常票,658709799.56,677268035.07,513474828.25,9576626.52,21251231.26,411251630.86,2653454346.17,2786252481.68,1257764632.85,1929101706.47,2252840488.53,748543982.3723391,8705566514.990305
2010-01-04,sh.600152,7.23,7.24,7.05,7.07,7.18,5747853.0,40828992.0,3,1.958421,1,-1.532,3262.823965,2.47015,0.994304,5.081281,0,2009-09-30,-3926118.33,-9410155.71,-400053.66,151151259.09,1202341659.54,3444627289.97,2440215990.16,644504489.84,-131443268.75,-140169703.34,371674487.34,2009-12-30,正常票,1529720062.52,1569878558.13,1405020245.21,3526064.67,2417368.44,646772515.72,2263206289.61,1181421000.36,2134778609.5,305437380.66,1004411299.81,293494248.6829951,2075004338.1887753
2010-01-04,sh.600153,13.1,13.13,12.6,12.62,12.96,13775999.0,176696604.0,3,1.108113,1,-2.6235,23.397866,3.67857,0.455831,-1551.186736,0,2009-09-30,869523825.76,1138736681.73,1148379406.8,1055565407.64,11678554201.74,25788446762.29,20562784606.89,3327668751.21,-861800138.56,-1722815757.14,751302413.61,2009-12-30,正常票,27974669112.77,26937433379.73,25609641646.82,278855581.04,700490594.31,2805614010.84,22019181810.12,3769264952.17,15676961902.95,4885822703.94,5225662155.4,1243194421.5075538,15689113599.425327
2010-01-04,sh.600155,5.53,5.58,5.47,5.48,5.52,3587328.0,19808680.0,3,1.616956,1,-0.7246,-3.181317,-0.915412,3.517913,-42.751055,1,,,,,,,,,,,,,,正常票,,,,,,,,,,,,221856871.80108798,1215775657.4699621
2010-01-04,sh.600156,5.85,5.88,5.78,5.82,5.81,3812304.0,22197239.0,3,0.957104,1,0.1721,445.556554,3.902152,2.844422,42.512018,0,2009-09-30,5331243.24,3544745.8,7962356.11,15831901.64,174648477.86,911944216.8,272121474.89,63156737.33,39775492.66,-39185828.92,63746401.07,2009-12-30,正常票,578740151.81,582309483.08,540815826.35,2631112.87,5989880.9,91167009.42,426102152.88,485842063.92,238572511.82,33548963.07,639822741.91,398316588.37493104,2318202544.3420987
2010-01-04,sh.600157,19.35,19.5,18.85,18.97,19.37,5132782.0,97725348.0,3,3.833324,1,-2.065,256.191527,13.471809,2.999409,32.30017,0,2009-09-30,15377464.74,25109406.09,20916239.73,76970772.25,364995288.56,1140321634.93,762273710.02,35177478.8,-61435790.01,106116670.76,79858239.21,2009-12-30,正常票,1154100972.41,1135915123.69,1103665335.18,5538774.99,15205006.0,266007766.66,949936991.86,190384643.07,754872860.02,7400850.0,378047924.91,133898986.88448979,2540063781.198771
2010-01-04,sh.600158,8.26,8.4,8.25,8.27,8.25,9936528.0,82826123.0,3,1.655994,1,0.2424,96.561167,5.69202,4.645271,33.808428,0,2009-09-30,51608065.31,81803954.93,82874219.39,46809820.52,1274602347.74,3490731016.87,2023994336.77,111830784.12,-21533866.39,147831109.7,238129402.06,2009-12-30,正常票,509024215.13,426431647.64,309687029.76,31266154.08,32549947.18,666161521.67,2990559891.05,500171125.82,1973994336.77,50000000.0,1466736680.1,600034058.0944134,4962281660.440799
2010-01-04,sh.600159,18.1,19.03,18.1,18.59,17.96,10321207.0,192948068.0,3,2.487028,1,3.5078,36.136773,5.36787,6.527302,-39.522284,0,2009-09-30,214288477.08,280360530.13,285568409.74,87515325.79,2017802266.66,2941438795.47,1498143350.13,625426978.08,-3037828.0,-603902156.67,18486993.41,2009-12-30,正常票,1173807078.75,893446548.62,784854998.94,71279932.66,213851293.14,99340241.49,2766927432.11,174511363.36,1497964292.33,179057.8,1443295445.34,415001640.5122901,7714880497.123473
2010-01-04,sh.600160,9.51,9.6,9.32,9.4,9.36,9287823.0,87511141.0,3,1.668072,1,0.4274,707.763371,2.730649,1.431889,-105.488517,0,2009-09-30,33803427.06,-27447152.38,-26507911.62,72808789.74,189956052.96,4475852022.05,2493301303.69,286368933.44,16684861.62,-40921344.98,265633451.26,2009-12-30,正常票,2823466673.52,2834579044.95,2448091939.83,-60311338.68,29429164.8,551280001.42,1479077651.92,2996774370.13,1873573862.43,619727441.26,1982550718.36,556799886.3358417,5233918931.556911
2010-01-04,sh.600161,26.62,27.2,26.51,26.75,26.6,6224494.0,167268196.0,3,1.274858,1,0.5639,139.680999,18.014029,20.445381,123.776979,0,2009-09-30,171566191.59,221153747.64,211968236.65,168972889.5,299591403.11,1443492913.08,622375846.53,239897150.66,-95842794.9,36205965.77,180260321.53,2009-12-30,正常票,762889243.58,540774267.78,293437578.44,40402045.06,126808955.06,227562479.89,803511756.21,639981156.87,450971172.51,171404674.02,821117066.55,488249985.48857987,13060687111.819511
2010-01-04,sh.600162,8.84,8.85,8.4,8.48,8.82,16058659.0,137750861.0,3,4.439806,1,-3.8549,28.559836,5.341825,3.588579,9.623904,0,2009-09-30,173504718.68,236864005.28,240976553.56,18803629.62,3264286661.15,6300584583.97,4649104783.5,551534175.75,128511422.24,154329577.03,834375175.02,2009-12-30,正常票,892956222.83,672545342.14,411332546.03,67471834.88,129054169.58,2272292791.42,5862449846.68,438134737.29,2607238723.88,2041866059.62,1651479800.47,361697312.9006088,3067193213.3971624
2010-01-04,sh.600163,5.4,5.5,5.38,5.44,5.39,11978979.0,65182895.0,3,1.770938,1,0.9276,-17.859264,1.905604,3.36794,-23.815468,0,2009-09-30,-196754823.06,-202705305.07,-203423485.75,242378581.08,416262460.19,4322669990.94,2225195091.75,10290953.76,-724946270.94,648462321.75,-66192995.43,2009-12-30,正常票,898465617.3,1096617886.52,922660536.5,-6668662.69,-196827068.89,679995149.06,2257747205.8,2064922785.14,1338685728.97,886509362.78,2097474899.19,676420010.186692,3679724855.4156046
2010-01-04,sh.600165,8.2,8.2,7.94,7.98,8.11,3465652.0,27887044.0,3,1.786847,1,-1.603,-90.916485,3.292323,1.086781,48.31055,0,2009-09-30,-14795044.59,-27295547.59,-16154954.22,228493151.37,461385731.59,1587712586.67,1108257817.97,22965367.58,-15564440.7,7047704.49,14358812.56,2009-12-30,正常票,1023967923.44,1051263471.03,930738843.77,-1359909.63,-14424065.65,92641475.74,894912067.27,692800519.4,1033862133.92,74395684.05,479454768.7,193953483.42639297,1547748797.742616
2010-01-04,sh.600166,19.12,19.79,19.12,19.6,19.05,18484785.0,361959742.0,3,3.066506,1,2.8871,27.062669,4.838056,0.488446,3.973125,0,2009-09-30,697962280.18,905624594.99,933606320.85,653097180.16,3628948735.34,17669756177.75,13957189518.78,4808165934.07,-404290021.3,44298855.98,4449430365.08,2009-12-30,正常票,32113815244.18,31172500090.69,28206337039.34,235644040.67,698067662.18,6490824442.09,11920374260.06,5749381917.69,12059465666.0,1897723852.78,3712566658.97,602796309.5457827,11814807667.097342
2010-01-04,sh.600167,10.58,10.58,10.45,10.52,10.53,1320954.0,13894638.0,3,1.180477,1,-0.095,64.783656,4.514491,9.466435,10.875391,0,2009-09-30,22767838.61,33824410.81,34009097.21,15022562.17,21759882.71,1083470808.99,589353337.97,91186564.7,-39776796.13,,51409768.57,2009-12-30,正常票,140083567.93,106259157.12,83023249.51,11241258.6,22788807.81,286036520.54,360008736.42,723462072.57,589347837.96,5500.01,494117471.02,111900020.07663004,1177188211.206148
2010-01-04,sh.600168,8.19,8.27,8.02,8.08,8.18,4218013.0,34257882.0,3,0.95614,1,-1.2225,63.478644,2.40559,15.104431,-262.827342,0,2009-09-30,37300250.76,-106180152.08,46160680.26,18668511.23,459572315.06,3604070627.16,1954848279.18,156269325.2,-101923587.05,-52716955.31,1628782.84,2009-12-30,正常票,161887331.79,268079112.87,183003768.69,8860429.5,37290204.7,273581365.73,955077388.34,2648993238.82,618759142.47,1336089136.71,1649222347.98,441150145.37620014,3564493174.639697
2010-01-04,sh.600169,17.45,17.61,17.12,17.19,17.4,7752840.0,134884611.0,3,1.590156,1,-1.2069,24.004388,4.226691,1.57978,8.425672,0,2009-09-30,405915145.64,398666906.94,406085145.64,4394149777.9,1940672784.4,11140351287.98,8233105544.89,33445625.2,-387377369.23,742987115.34,391163943.08,2009-12-30,正常票,5742128225.99,5343596175.46,4860599130.7,170000.0,405915145.64,1862905061.45,9637921246.44,1502430041.54,7916129353.16,316976191.73,2907245743.09,487552164.6932754,8381021711.077405
2010-01-04,sh.600170,15.49,15.49,15.3,15.34,15.46,5679618.0,87282253.0,3,1.61144,1,-0.7762,33.859218,2.776785,0.27743,4.065386,0,2009-09-30,601002127.91,564477667.64,748552073.33,2420102493.0,4312339565.0,20714910502.0,16326164900.0,3101779910.02,-1126294516.26,4019390.09,1980250694.15,2009-12-30,正常票,43013750772.72,42482939093.27,40221217557.82,147549945.42,536870662.71,8684455298.0,16428381853.0,4286528649.0,15256916026.0,1069248874.0,4388745602.0,352456064.1413891,5406676023.928908
2010-01-04,sh.600171,7.9,8.41,7.75,8.16,7.88,66482327.0,541136568.0,3,9.866661,1,3.5533,-96.011454,3.225632,11.534409,1038.600806,0,2009-09-30,-49567165.39,-52040708.11,-49046234.57,136118055.47,166500444.93,1943454805.94,231638207.68,11100348.97,-9184989.77,-5996270.86,-4326551.0,2009-12-30,正常票,362640943.2,416191119.37,337498026.27,520930.82,-53898855.76,487312301.18,816196271.93,1127258534.01,117376207.68,114262000.0,1711816598.26,673807755.227427,5498271282.655805
2010-01-04,sh.600172,8.73,8.87,8.72,8.74,8.75,11069891.0,97034978.0,3,4.410392,1,-0.1143,111.648855,2.213177,3.711384,41.712461,0,2009-09-30,24689252.98,32948733.41,33361218.94,351294839.09,315617095.03,2158303441.17,1081895515.63,103872268.41,-133909602.91,121792935.67,91695633.52,2009-12-30,正常票,460271860.53,427539951.92,331748133.95,8671965.96,18606309.94,198788609.29,929557884.73,1228745556.44,758065597.83,323829917.8,1076407925.54,250995625.78564447,2193701769.366533
2010-01-04,sh.600173,14.21,14.74,14.0,14.28,13.44,23855016.0,343087187.0,3,12.218068,1,6.25,55.577962,12.760489,6.815191,148.033413,0,2009-09-30,127554332.33,193655571.68,180183895.07,37609641.0,1536215006.94,2056374734.33,1485373875.96,171639051.6,-144098456.21,-95319835.92,-67779240.53,2009-12-30,正常票,713653980.71,519998409.03,399987421.72,52629562.74,102762827.3,87035447.52,1748514557.79,307860176.54,1259214205.88,226159670.08,571000858.37,195243765.21721765,2788080967.301868
2010-01-04,sh.600175,13.35,13.4,12.93,13.19,13.26,5775290.0,76137028.0,3,2.992322,1,-0.5279,65.917164,4.35013,4.059696,12.612166,0,2009-09-30,58217356.86,78664166.16,77911858.91,43008611.83,1196314350.74,3281664332.64,1649321495.81,149603514.18,-38786306.34,463097843.77,573915051.61,2009-12-30,退市票,1380797610.77,1336944242.1,1262694428.32,19694502.05,60950877.3,1131668511.65,2563593532.67,718070799.97,1470321495.81,179000000.0,1632342836.83,193003627.2834274,2545717843.8684072
2010-01-04,sh.600176,18.68,18.86,18.39,18.73,18.68,4271536.0,79577118.0,3,0.999442,1,0.2677,-279.923596,5.509379,2.588396,7.066481,0,2009-09-30,-59298780.64,-144922997.94,-58119781.65,1719230029.0,1021559813.32,14963791647.01,11624297098.09,-310433386.27,-1577913738.91,2903082524.62,1015438397.11,2009-12-30,正常票,2324722764.76,2511835469.74,1882701249.68,1178998.99,-43490052.08,2294028817.59,5865555075.27,9098236571.74,6069112558.33,5555184539.76,3339494548.92,427392084.78330904,8005053747.991379
2010-01-04,sh.600177,14.59,14.68,14.42,14.53,14.51,17305522.0,252004590.0,3,1.209589,1,0.1378,27.499831,2.692683,2.925747,124.073092,0,2009-09-30,1907308271.44,2204809522.54,2173030204.5,555262930.11,15326826184.0,35799530288.04,22800890690.7,2494333053.44,-1603601576.33,-2910788384.99,-2018575635.7,2009-12-30,正常票,8494830172.58,7291261915.14,5454997957.74,265721933.06,1749087207.88,1945678292.36,19936987137.61,15862543150.43,17887637034.14,4913253656.56,12998639597.34,1430694392.8888242,20787989528.674614
2010-01-04,sh.600178,16.94,18.31,16.93,17.7,16.81,8617045.0,153192218.0,3,1.864838,1,5.2945,39.943472,4.052284,3.994619,36.920031,0,2009-09-30,108503740.59,113763657.23,113859624.6,1166558154.62,241514116.53,3738783581.51,1720461025.27,-90452032.87,-1268229.42,108090943.33,16370681.04,2009-12-30,正常票,1626963735.66,1593135305.61,1424225317.12,5355884.01,108503740.59,588400584.62,2273881939.2,1464901642.31,1497461147.96,222999877.31,2018322556.24,462080084.1681691,8178817489.776592
2010-01-04,sh.600179,6.83,6.9,6.7,6.76,6.81,4313591.0,29292054.0,3,2.209618,1,-0.7342,-16.672209,3.395785,1.9182,620.827442,0,2009-09-30,-73019755.86,-72222074.45,-73019755.86,231337562.62,213024071.05,1909014216.11,1127244860.83,4467551.79,-20562570.0,45767285.89,29672267.68,2009-12-30,正常票,1097336182.4,1169558256.85,1111050381.01,,-72570493.26,174767293.17,696421844.61,1212592371.5,1115102860.83,12142000.0,781769355.28,195218856.8340772,1319679472.1983619
2010-01-04,sh.600180,7.18,7.18,7.18,7.18,7.18,0.0,0.0,3,,0,0.0,1.256924,5.462449,,28.853911,1,2009-09-30,-91411.4,-91411.4,-91411.4,,,426518969.73,96610381.13,-211070425.77,105329470.0,,-105740955.77,2009-12-30,正常票,0.0,91411.4,0.0,,-91411.4,14600102.38,96518969.73,330000000.0,96610381.13,,329908588.6,,
2010-01-04,sh.600182,11.58,11.7,11.3,11.31,11.52,5147604.0,58813764.0,3,3.028002,1,-1.8229,34.096808,8.196111,1.544659,188.359225,0,2009-09-30,226174620.26,280006435.19,286555849.99,955768615.44,292705084.48,3119412584.73,2068573744.31,58555101.4,-31475280.71,61999348.65,87948748.53,2009-12-30,正常票,1951650648.23,1671644213.04,1517119766.31,60381229.73,115064295.37,199802267.28,1557779299.8,1561633284.93,936106645.2,1132467099.11,1050838840.42,170000019.81504637,1922700224.1081746
2010-01-04,sh.600183,10.41,10.9,10.26,10.8,10.35,37156004.0,396809412.0,3,3.883939,1,4.3478,118.672379,4.882643,3.111937,102.5508,0,2009-09-30,220189293.91,232243846.46,238167263.55,1347961195.57,533601160.07,4515943198.43,2205479536.18,368902168.08,-100240337.27,-180015451.55,88894887.5,2009-12-30,正常票,2598401989.91,2428086366.77,2208136331.08,17977969.64,205954424.32,381527149.69,2386790525.22,2129152673.21,1871750525.85,333729010.33,2310463662.25,956657764.192486,10331903853.27885
2010-01-04,sh.600184,21.54,21.77,21.33,21.55,21.5,1842876.0,39824130.0,3,3.011328,1,0.2326,314.415154,6.471528,4.585056,-30.729491,0,2009-09-30,44209547.83,42506934.12,44970705.27,185354083.73,146681412.86,1159653399.21,646115686.43,-54828312.74,-111407003.44,-81360126.63,-249472223.83,2009-12-30,正常票,951476712.97,909268549.69,796728590.99,761157.44,41740204.75,76153261.93,689887965.46,469765433.75,375673599.31,270442087.12,513537712.78,61198115.91430758,1318819397.9533284
2010-01-04,sh.600185,13.03,13.5,13.03,13.2,12.89,6502203.0,86194941.0,3,1.92604,1,2.405,-29.59873,5.022344,13.923034,-192.665394,1,2009-09-30,168569936.82,210037943.64,210080525.9,32991482.69,2472226282.96,4478124642.36,2960059477.6,69058498.01,190666349.18,453910769.99,713635617.18,2009-12-30,正常票,128927997.74,116350521.29,73715995.0,41510589.08,168569936.82,1094957217.21,3883282976.65,594841665.71,1775945319.66,1184114157.94,1518065164.76,337594390.56302047,4456245955.4318695
2010-01-04,sh.600186,6.16,6.35,6.14,6.23,6.15,36791777.0,230018621.0,3,4.482926,1,1.3008,-22.146439,4.081387,2.746657,221.798704,0,2009-09-30,191132789.2,-3957912.23,192204109.73,707438815.11,331993561.48,3705102360.32,2083983894.97,38565043.34,-10791016.35,6593875.0,34367901.99,2009-12-30,正常票,1822872548.28,1826895035.26,1601497077.55,1071320.53,191132897.09,248771297.67,2033963129.19,1671139231.13,2063983894.97,20000000.0,1621118465.35,820708996.757921,5113017049.801848
2010-01-04,sh.600187,7.68,7.69,7.56,7.56,7.61,2632191.0,20039112.0,3,2.699683,1,-0.657,16.961458,10.267163,29.935398,1308.433831,1,2009-09-30,16176049.56,1962667.73,22411924.35,11079456.08,3634820.76,440578024.42,196952628.63,38086746.91,-23483177.44,-11312922.2,3290647.27,2009-12-30,正常票,57782760.84,55820093.11,34558630.29,6235874.79,16037842.74,16092544.56,114863006.34,325715018.08,98988941.57,97963687.06,243625395.79,97500002.77810395,737100021.0024658
2010-01-04,sh.600188,23.2,23.33,22.93,23.22,23.04,9554746.0,221295477.0,3,2.654096,1,0.7812,40.422808,4.144946,5.472217,-65.281857,0,2009-09-30,3055420141.0,4100822660.0,4097914066.0,267758085.0,750952936.0,34392633540.0,6760528986.0,5835899331.0,-3071804247.0,-2289837861.0,517339752.0,2009-12-30,正常票,15338487160.0,11329702703.0,8487296499.0,1042493925.0,3028439481.0,10212483889.0,16517124165.0,17875509375.0,6538743224.0,221785762.0,27632104554.0,360000015.0710449,8359200349.949662
2010-01-04,sh.600189,10.1,10.49,10.01,10.28,10.01,8918284.0,91655086.0,3,2.872233,1,2.6973,-350.41078,2.518833,2.428154,428.601554,0,2009-09-30,-16633075.39,-16222441.18,-16633075.39,139112580.75,376015882.95,2131713866.97,787778853.88,63344545.88,-69578964.71,-83236375.72,-89470794.55,2009-12-30,正常票,896739988.47,912029854.06,700268162.28,,-13521084.42,118360329.53,741380895.56,1390332971.41,786137130.23,1641723.65,1343935013.09,310500018.62662256,3191940191.48168
2010-01-04,sh.600190,6.08,6.1,5.99,6.01,6.08,5385278.0,32447954.0,3,0.51594,1,-1.1513,63.316414,2.655912,13.506345,13.175465,0,2009-09-30,133672780.02,178675758.31,179225215.38,50506562.73,2671223.23,5105842894.39,1558440848.74,247307285.43,-460126290.59,739358908.24,526533805.5,2009-12-30,退市票,524484641.71,346129284.27,220772670.72,45552435.36,130665124.91,861471825.59,962641857.59,4143201036.8,957628365.9,600812482.84,3547402045.65,1043779896.887235,6273117180.292282
2010-01-04,sh.600191,9.3,9.41,9.18,9.19,9.24,13942071.0,129925105.0,3,2.875057,1,-0.5411,-112.170185,2.321979,47.484325,-41.770635,0,2009-09-30,59604935.68,65109216.33,65019355.08,40603148.36,150448063.31,2445791410.68,519181359.76,-298723338.9,153714627.79,25881175.95,-119127535.16,2009-12-30,正常票,69778633.94,147989276.18,104983128.84,5414419.4,59963538.83,193727496.19,550046747.63,1895744663.05,227365825.51,291815534.25,1926610050.92,484931985.6962836,4456524948.548846
2010-01-04,sh.600192,12.17,12.35,12.15,12.18,12.18,4700662.0,57576871.0,3,2.713475,1,0.0,-245.262341,3.190053,2.777724,120.466933,0,2009-09-30,28253125.81,8547865.68,31740416.02,690631123.5,387382610.56,2621639322.74,1464787811.79,98053364.69,-41247435.81,-152613359.14,-95807430.26,2009-12-30,正常票,917816592.55,908587826.78,726512234.82,3487290.21,23428954.87,404210376.35,1852458650.8,769180671.94,1204694106.98,260093704.81,1156851510.95,173234026.4789615,2109990442.513751
2010-01-04,sh.600193,11.81,12.19,11.72,12.16,11.81,5950264.0,71231024.0,3,2.727727,1,2.9636,-216.934524,8.888062,48.142404,222.856749,0,2009-09-30,-1210756.36,-2066299.01,-2156616.14,,104398711.36,682315666.11,363108705.85,84885502.65,-64794241.86,-14661540.92,5429719.87,2009-12-30,正常票,41823425.11,36639533.03,19218745.41,-945859.78,-1487753.48,10478403.08,131066809.39,551248856.72,308460789.43,54647916.42,319206960.26,218140011.81203252,2652582543.6343155
2010-01-04,sh.600195,20.5,21.3,20.5,20.89,20.27,10988095.0,230645666.0,3,5.466714,1,3.0587,34.309479,6.629191,4.047345,-489.591636,0,2009-09-30,235110943.92,288413134.24,292255624.43,741062869.35,297090815.25,2384330107.42,1010591632.58,-367264535.38,-57774707.41,247607401.59,-177449793.29,2009-12-30,正常票,1519922740.04,1241193723.65,894231650.24,57144680.51,198931733.57,40010204.24,1218196241.66,1166133865.76,1002240632.58,8351000.0,1373738474.84,200999997.4390466,4198889946.501683
2010-01-04,sh.600196,19.7,19.7,19.36,19.37,19.57,9526558.0,185187718.0,3,1.389422,1,-1.022,10.428691,3.937474,6.442143,67.19849,0,2009-09-30,2265311230.18,2850720504.94,2887950239.69,597842920.48,551569877.6,10976722110.72,4431343191.17,114687553.85,-490501956.0,480508532.79,104313792.0,2009-12-30,正常票,2793234341.22,2739559758.22,1858744846.14,622639009.51,2217181504.9,1181091880.46,2670186991.6,8306535119.12,1914970635.88,2516372555.29,6545378919.55,685648996.4891876,13281021061.995564
2010-01-04,sh.600197,13.13,13.7,12.9,13.46,13.13,19684250.0,262743348.0,3,4.463549,1,2.5133,49.313142,6.117884,7.107663,-63.761777,0,2009-09-30,97090345.8,151861661.17,152602478.24,99268076.92,305627078.78,1449691869.06,428450799.1,49316372.79,-172708095.53,47277788.88,-76113933.86,2009-12-30,正常票,702969774.61,552624287.22,375467588.12,55512132.44,98959116.25,311736487.24,871189219.05,578502650.01,337182013.1,91268786.0,1021241069.96,440999975.57997006,5935859671.306397
2010-01-04,sh.600198,18.35,20.27,18.0,20.27,18.43,30980688.0,603923126.0,3,7.08401,1,9.9837,157.911829,18.849259,2.820287,396.433768,0,2009-09-30,68131042.13,57975297.61,95869607.71,863853020.74,909372560.48,3374904044.8,2747391796.18,17719979.37,-84764193.77,-171542612.37,-238578220.42,2009-12-30,正常票,2180967446.14,2125166346.47,1686878431.79,27738565.58,38957773.19,501756245.56,2466498981.82,908405062.98,2547641345.94,199750450.24,627512248.62,437332640.6936184,8864732626.859646
2010-01-04,sh.600199,17.6,17.7,17.3,17.39,17.39,7371974.0,128937311.0,3,2.827529,1,0.0,89.554069,7.278515,4.751674,23.900214,0,2009-09-30,45367312.45,64085873.06,63952264.93,51323029.96,165436163.29,914156921.69,287772239.57,176373507.67,-3766924.44,-13204766.0,159401817.23,2009-12-30,正常票,743880408.83,679800139.15,476536814.34,18584952.48,45369546.4,238827148.43,487782945.64,426373976.05,287772239.57,,626384682.12,260721428.49816924,4533945641.583163
2010-01-04,sh.600200,5.21,5.25,5.12,5.16,5.21,7677798.0,39760717.0,3,1.564011,1,-0.9597,-118.15124,4.11772,1.518489,-74.190233,0,2009-09-30,-24427452.06,-21928190.18,-19634390.83,252729340.77,364365328.04,2004542028.28,1158779274.72,63741315.65,-22738817.72,-129175468.07,-88311563.68,2009-12-30,退市票,1599001357.23,1619588555.67,1431964853.32,4793061.23,-28985237.72,264260113.14,1182572961.36,821969066.92,1123779274.72,35000000.0,845762753.56,490904347.85944605,2533066434.9547415
2010-01-04,sh.600201,9.77,9.98,9.71,9.85,9.74,9312509.0,92087361.0,3,3.316244,1,1.1294,59.906024,3.792431,4.432089,17.760478,0,2009-09-30,45220807.97,60485972.19,59427165.23,220625648.4,367831633.33,1481246705.85,740636734.88,-177263092.11,-57324966.75,142361368.91,-92226689.95,2009-12-30,正常票,398888291.57,338044385.37,240000512.69,14206357.26,43571734.25,247351293.47,1096640862.84,384605843.01,729578360.92,11058373.96,740609970.97,280814952.09640783,2766027278.149617
2010-01-04,sh.600202,18.95,19.75,18.95,19.31,18.84,13402159.0,260548790.0,3,3.496148,1,2.4947,21.338314,6.374154,4.909204,3094.623463,0,2009-09-30,215515031.68,210272916.46,252163101.02,1525796714.19,73330521.34,2826394857.99,1665094387.88,-43096216.54,-82025391.06,8029674.49,-117091933.11,2009-12-30,正常票,1006471452.39,806392869.14,704750234.37,36648069.34,215515031.68,243160957.66,2092799413.17,733595444.82,1661264387.88,3830000.0,1161300470.11,383340722.4179297,7402309349.890223
2010-01-04,sh.600203,7.21,7.45,7.11,7.31,7.18,17602595.0,128190372.0,3,7.317824,1,1.8106,-19.859914,9.597947,1.51131,-39.284665,0,2009-09-30,-42614087.09,-43469911.59,-42614087.09,80399548.75,29649758.94,1269820589.12,1061139655.54,-10075237.69,46078786.88,-36178516.02,-136628.07,2009-12-30,正常票,708804573.34,759594997.58,694424548.59,,-40586481.21,95262451.74,660860578.47,608960010.65,1056459655.54,4680000.0,208680933.58,240544115.29984868,1758377482.8418937
2010-01-04,sh.600206,12.29,13.44,12.08,13.14,12.22,32740145.0,428704297.0,3,21.346468,1,7.5286,-63.966666,3.919797,6.298232,-37.742659,0,2009-09-30,-61873887.89,-63107623.46,-61501033.82,173521520.85,307332594.05,1125470438.39,396363895.17,-49089345.88,-10243355.2,12355676.36,-47015147.52,2009-12-30,正常票,275387730.75,338495354.21,288654110.24,372854.07,-61873887.89,32903172.33,536667632.51,588802805.88,396363895.17,,729106543.22,153374998.61803836,2015347481.8410242
2010-01-04,sh.600207,5.83,5.87,5.71,5.72,5.83,4873657.0,28113004.0,3,1.107649,1,-1.8868,-5.24975,2.664584,2.983603,-24.228937,1,2009-09-30,-519502054.8,-535013057.64,-518995135.6,437692925.64,414167236.61,2170790492.37,1134281245.07,-314035013.89,84262002.21,68686990.38,-161161553.0,2009-12-30,正常票,474379558.37,995152491.7,541286236.72,506919.2,-519281137.06,90338758.95,1202955922.27,967834570.1,706156245.07,428125000.0,1036509247.3,440000126.3938305,2516800722.97271
2010-01-04,sh.600208,9.95,10.05,9.57,9.6,9.93,33491036.0,326871764.0,3,1.052201,1,-3.3233,45.486644,5.469295,7.241509,80.58094,0,2009-09-30,673694842.18,857492062.64,892108594.46,56826828.04,10606505183.66,20985671129.25,14547084435.58,1658987106.78,-816975560.33,1053629405.96,1895640952.41,2009-12-30,正常票,3792828690.94,3285028531.93,2691386464.97,218413752.28,628559699.95,5024272030.21,17489440612.04,3496230517.21,10273753831.92,4273330603.66,6438586693.67,3182950405.863518,30556323896.289776
2010-01-04,sh.600209,6.73,6.94,6.55,6.59,6.59,16511946.0,111543871.0,3,7.379228,1,0.0,-63.626124,4.359753,12.281536,365.843436,0,2009-09-30,-31234049.18,-31265540.8,-31166685.25,68092880.98,396437177.51,1482363691.1,664559477.22,33884036.23,-652167.35,-18398134.83,14833734.05,2009-12-30,退市票,74408288.17,105643337.83,55656814.72,67363.93,-24817698.32,39604917.16,546192851.02,936170840.08,664171915.22,387562.0,817804213.88,223762512.826545,1474594959.5269315
2010-01-04,sh.600210,7.9,7.93,7.8,7.81,7.86,17749506.0,139387663.0,3,1.235405,1,-0.6361,22.124716,3.595881,2.273455,108.269466,0,2009-09-30,577592808.33,637560849.57,696965715.15,966792556.04,1323440019.17,8264239945.78,4769513803.4,908089804.96,-388727588.9,-384686121.32,134370432.32,2009-12-30,正常票,3972520332.77,3365095539.92,2827018968.73,119372906.82,527224787.26,924687446.47,3669353289.04,4594886656.74,3588495341.38,1181018462.02,3494726142.38,1436735807.2858698,11220906654.902643
2010-01-04,sh.600211,14.49,14.75,14.22,14.68,14.58,4394268.0,63704679.0,3,6.387946,1,0.6859,87.566934,6.936761,1.882511,27.207385,0,2009-09-30,18389751.52,9301486.13,18723911.27,142569892.81,187982114.75,782715786.74,485173041.27,1798790.91,123184999.55,-69348021.15,55635769.31,2009-12-30,正常票,829322545.97,823323330.77,694970803.96,334159.75,17854841.75,160085180.05,536965169.78,245750616.96,472551371.27,12621670.0,297542745.47,68789999.16405055,1009837187.7282621
2010-01-04,sh.600212,5.38,5.38,5.28,5.3,5.35,8030320.0,42680829.0,3,1.575508,1,-0.9346,100.535806,2.655925,4.062694,962.799379,0,2009-09-30,24781645.22,23606680.34,24781645.22,40302715.15,57854584.64,1280030110.33,258918694.43,48744544.62,-450085.5,-41959132.78,6335326.34,2009-12-30,正常票,514635054.77,496100288.07,433528929.73,,24781645.22,20665013.84,155115022.31,1124915088.02,258918694.43,,1021111415.9,509697189.7318199,2701395105.5786457
2010-01-04,sh.600213,8.71,8.97,8.71,8.76,8.68,5081482.0,44961416.0,3,4.479938,1,0.9217,-41.067498,7.342277,3.372177,169.443783,0,2009-09-30,-43853600.8,-43890848.02,-43853600.8,180673220.75,113530864.51,868279921.62,605800022.99,-64722301.74,16165789.23,2352205.8,-46108722.41,2009-12-30,退市票,383811018.91,429841824.35,358119893.26,,-43853600.8,98995858.55,514850118.29,353429803.33,568800022.99,37000000.0,262479898.63,113427507.25568077,993624963.5597636
2010-01-04,sh.600215,8.15,8.19,8.06,8.08,8.12,5432479.0,44075732.0,3,1.51865,1,-0.4926,36.156974,1.255921,12.503859,-142.115461,0,2009-09-30,10417317.33,33009550.83,35829936.39,37725682.94,34693827.12,3141170863.37,839545227.68,150555389.48,-4763032.78,-198367157.25,-52574800.55,2009-12-30,正常票,131640139.45,96041523.1,116065219.79,25412619.06,10458051.0,41080014.69,1983428006.43,1157742856.94,617014184.76,222531042.92,2301625635.69,357717643.9600961,2890358563.1975765
2010-01-04,sh.600216,35.54,35.54,34.45,34.55,35.57,7378602.0,257046775.0,3,1.639767,1,-2.8676,16.885347,6.990803,4.316195,-271.746085,0,2009-09-30,730558065.94,875614920.72,864386318.7,1032239888.48,464967607.96,3529314659.32,1293981276.09,801584274.29,-20817686.07,-787714355.72,-12367183.54,2009-12-30,正常票,2976765546.57,2109141281.21,1806850467.88,133828252.76,731917809.06,611190860.97,2251364097.61,1277950561.71,1007273954.47,286707321.62,2235333383.23,449978685.99624217,15546763601.170166
2010-01-04,sh.600217,5.78,5.78,5.78,5.78,5.78,0.0,0.0,3,,0,0.0,-8.674548,-21.576432,6.049926,-881.192028,1,2009-09-30,-232297126.58,-269096419.71,-232297126.58,106629962.69,110745161.74,1597180596.28,1741024708.57,16205549.36,-6041013.07,-21982796.3,-11818260.01,2009-12-30,正常票,479776698.79,749402099.29,428316273.37,,-228268136.59,7286488.21,268688078.18,1328492518.1,1670092793.83,70931914.74,-143844112.29,,
2010-01-04,sh.600218,9.6,9.62,9.33,9.35,9.56,5437744.0,51456204.0,3,1.918752,1,-2.1967,82.519946,2.874841,1.445236,27.912758,0,2009-09-30,35309834.03,43289599.89,46359370.39,285129181.75,237300719.51,1747633782.86,737074481.12,151845586.71,-76132318.65,50725582.28,126453651.64,2009-12-30,正常票,1598164156.17,1557162811.97,1446077255.2,11049536.36,34760195.22,305249686.51,1014272471.64,733361311.22,737074481.12,,1010559301.74,283400043.3615183,2649790405.4301963
2010-01-04,sh.600219,13.3,13.36,13.07,13.09,13.23,26582661.0,350605359.0,3,3.207698,1,-1.0582,51.159977,1.916157,3.223035,-34.592186,0,2009-09-30,489542884.68,557687982.21,566528333.98,424428852.09,1347271672.86,14548361738.16,2428335124.48,399301810.0,-816312201.67,74108772.13,-342901619.54,2009-12-30,正常票,5181916827.7,4627250532.35,4473429771.42,76985449.3,396021622.63,1466503404.4,4027761850.03,10520599888.13,2301330767.63,127004356.85,12120026613.68,828714579.739115,10847873848.785015
2010-01-04,sh.600220,5.81,5.85,5.74,5.8,5.79,23406072.0,135578136.0,3,1.837271,1,0.1727,83.753006,3.698505,3.856235,-14.587771,0,2009-09-30,103832350.64,119353898.05,124710141.36,358910624.58,310517617.15,5673263750.1,2357292910.24,807294793.85,-228046912.99,-1132206313.31,-561366362.82,2009-12-30,退市票,1860179535.92,1746944909.13,1534278978.15,20877790.72,79857437.72,343225652.81,1297302407.89,4375961342.21,1687292910.24,670000000.0,3315970839.86,1273958604.9091287,7388959908.472946
2010-01-04,sh.600221,6.71,6.99,6.6,6.61,6.65,48965996.0,332968561.0,3,1.463771,1,-0.6015,-20.946015,3.593703,1.594983,-10.908708,0,2009-09-30,360551000.0,179311000.0,360551000.0,409913000.0,284915000.0,55080370000.0,47963057000.0,1356794000.0,-4701000000.0,5118742000.0,1774536000.0,2009-12-30,正常票,11366333000.0,11194188000.0,9119291000.0,,350490000.0,8761347000.0,10120721000.0,44959649000.0,23275136000.0,24687921000.0,7117313000.0,3345195115.9026923,22111739716.1168
2010-01-04,sh.600222,9.83,9.92,9.65,9.71,9.81,6532428.0,63881947.0,3,2.059212,1,-1.0194,117.809006,5.481679,4.228201,102.769776,0,2009-09-30,21445029.59,22760523.85,25632990.17,128277543.88,173361533.57,1132514572.19,556588852.93,31351284.41,-15728987.18,72070934.31,87693231.54,2009-12-30,正常票,547427019.94,524666496.09,475560882.16,4187960.58,20123274.26,124453972.3,581339339.63,551175232.56,538443303.4,18145549.53,575925719.26,317229503.3245727,3080298477.281601
2010-01-04,sh.600223,12.41,12.48,11.81,11.81,12.43,9247253.0,109996842.0,3,3.020467,1,-4.9879,37.610439,25.669855,4.680832,22.962213,1,2009-09-30,84191646.27,116786447.92,115581766.64,81292534.54,4580666789.19,6476287958.42,5926580781.69,-457429593.22,-4732084.65,635166084.7,173004406.83,2009-12-30,正常票,717577303.84,603574330.71,493682496.9,31390120.37,83427019.02,790945770.7,6403551216.72,72736741.7,4446712651.07,1479868130.62,549707176.73,306153088.24761206,3615667972.2042985
2010-01-04,sh.600225,11.15,11.26,10.6,10.64,11.08,5360760.0,58669468.0,3,4.735004,1,-3.9711,42.865594,9.56913,10.889545,-36.462869,1,2009-09-30,65452276.03,87736747.15,87145179.37,88015308.35,5081175187.27,6606291225.31,5805943198.5,-96682910.19,-114263642.9,151378883.82,-59567669.27,2009-12-30,退市票,497157601.81,407010757.09,299556004.64,21692903.34,60716985.69,372841577.51,6466779486.58,139511738.73,4550943198.5,1255000000.0,800348026.81,113215532.65847293,1204613267.486152
2010-01-04,sh.600226,12.26,12.26,12.01,12.06,12.19,4151334.0,50292749.0,3,1.535449,1,-1.0664,31.377195,2.890334,2.389729,-36.677591,0,2009-09-30,97816626.08,109827140.08,115578487.53,316559093.21,255548261.33,2034962592.24,824889122.85,-6527552.96,-43833627.29,-66328747.96,-117275396.96,2009-12-30,正常票,1071389392.02,1010853781.27,904651981.2,17761861.45,93430374.6,212296388.05,935636545.63,1099326046.61,775328522.85,49560600.0,1210073469.39,270366127.4324318,3260615496.835128
2010-01-04,sh.600227,12.1,12.19,11.93,11.98,12.14,7192349.0,86571385.0,3,2.68547,1,-1.318,28.59417,2.150728,4.021127,1.879397,0,2009-09-30,142651188.02,166540096.92,169122464.31,16229196.26,211065771.01,8476930265.32,5906308334.88,236624068.14,-1242594058.56,3580090725.34,2574120734.92,2009-12-30,正常票,871982782.52,705442685.6,504783359.1,26471276.29,138208692.78,3284839811.26,4844212118.12,3632718147.2,1621923958.0,4284384376.88,2570621930.44,267824589.36424538,3208538580.5836596
2010-01-04,sh.600228,8.65,8.65,8.65,8.65,8.65,0.0,0.0,3,,0,0.0,-47.527406,6.914164,2.866032,-135.714432,0,2009-09-30,-47532636.53,-41859614.05,-42501494.14,92623976.1,139530481.98,944344131.59,540137051.81,35454100.21,-18983871.56,-62610714.62,-46140485.97,2009-12-30,正常票,496953561.81,539405661.81,482082384.62,5031142.39,-49392053.48,28301088.66,376018413.45,568325718.14,403307051.81,136830000.0,404207079.78,,
2010-01-04,sh.600229,7.12,7.3,7.12,7.15,7.02,12927195.0,93244459.0,3,6.169819,1,1.8519,-21.005987,2.020776,1.813137,10.788765,0,2009-09-30,-97940796.63,-124509632.51,-94372924.93,133826111.85,209394712.94,2746426620.31,1276845691.95,142347704.68,-81319766.85,168448581.84,229476519.67,2009-12-30,正常票,1192991676.07,1323016916.33,1160114853.06,3567871.7,-98628995.52,469202703.48,909959685.75,1836466934.56,1176128573.16,100717118.79,1469580928.36,209523083.25414407,1498090045.2671301
2010-01-04,sh.600230,19.95,20.35,19.5,20.01,19.95,6752661.0,134308018.0,3,2.603871,1,0.3008,161.381298,4.647882,3.360245,9.523555,0,2009-09-30,47804527.99,74145103.11,73004301.44,9472961.96,236954491.06,3742311182.22,2300940846.14,104188573.35,-145472381.42,426602992.42,385319184.35,2009-12-30,正常票,1166514802.12,1092369699.01,944206341.79,25199773.45,52800834.4,887216810.71,1316177997.82,2426133184.4,1458099132.54,842841713.6,1441370336.08,259331625.8754754,5189225833.768263
2010-01-04,sh.600231,13.13,13.5,12.96,13.16,13.02,12454630.0,164874193.0,3,3.343265,1,1.0753,-240.130182,3.473461,1.271474,-38.387792,0,2009-09-30,210462438.48,261228968.2,276531909.14,90150185.04,1304761200.04,6359618765.68,3313473022.82,98383078.27,-814046036.31,277350324.85,-438312733.3,2009-12-30,正常票,6859736369.69,6599112266.31,6197879558.87,66069470.66,210462438.48,490217937.89,2857083093.88,3502535671.8,3082806522.82,230666500.0,3046145742.86,372528949.9934944,4902480981.914386
2010-01-04,sh.600232,6.31,6.45,6.28,6.34,6.26,8617637.0,54873813.0,3,3.866197,1,1.278,-59.422024,1.868083,2.915943,33.43003,0,2009-09-30,4280824.39,-18963575.94,5977696.68,202504212.99,719875001.12,2206731727.64,934639005.66,3646014.27,28585870.45,21545292.93,53121797.74,2009-12-30,正常票,537329659.59,556293235.53,492806476.15,1696872.29,6204538.21,458981816.33,1441440479.67,765291247.97,934020757.12,618248.54,1272092721.98,222896996.71279034,1413166959.1590908
2010-01-04,sh.600233,16.79,16.95,16.55,16.73,16.66,3156885.0,52984262.0,3,3.205968,1,0.4202,29.394534,3.942977,3.059057,55.749106,0,2009-09-30,100791661.1,131044015.67,131318415.12,94273232.42,128866980.81,1040020505.74,185246626.49,146215132.76,-157014347.24,-17547349.1,-28565554.69,2009-12-30,正常票,629208145.98,522318783.25,459212194.11,30526754.02,80254866.64,271578377.06,732556553.66,307463952.08,182287186.49,2959440.0,854773879.25,98469011.54347143,1647386563.122277
2010-01-04,sh.600234,7.14,7.37,7.05,7.11,7.1,3827070.0,27427729.0,3,3.311447,1,0.1408,-31.665477,-5.966804,13.281171,-282.119313,1,2009-09-30,-16789682.98,-16833531.88,-16789682.98,12292955.11,12253932.08,344061338.36,516370649.76,-248897.63,-805457.55,-993404.33,-2047759.51,2009-12-30,正常票,54891865.37,72199366.1,41982442.77,,-16789682.98,8520000.94,37596240.87,306465097.49,491283071.94,25087577.82,-172309311.4,115570927.15057798,821709292.0406095
2010-01-04,sh.600235,9.08,9.25,8.91,9.18,9.05,15279057.0,139547338.0,3,5.800705,1,1.4365,43.803623,2.678426,2.031579,-52.056137,0,2009-09-30,69972229.06,100165291.65,90847271.19,162894656.43,182377395.41,1971693989.19,1042204268.43,176344158.07,-36792227.87,-178513489.86,-39248723.86,2009-12-30,正常票,900630829.6,804562773.02,643710547.48,20875042.13,65357955.38,169050318.78,601796046.84,1369897942.35,830854268.43,211350000.0,929489720.76,263400000.51717854,2418012004.747699
2010-01-04,sh.600236,7.9,8.0,7.84,7.94,7.87,9127023.0,72194259.0,3,1.133,1,0.8895,43.652831,2.887225,4.203634,-20.227116,0,2009-09-30,593840838.21,706094627.81,707933148.23,423771917.55,99534287.77,14307204040.71,9507800065.21,1776881380.64,-956113659.04,-2025657401.36,-1204582436.93,2009-12-30,正常票,2938046926.66,2231843871.01,1705062875.5,114092310.02,457188180.19,780208836.08,1481985466.7,12825218574.01,2187780065.21,7320020000.0,4799403975.5,805562488.9673433,6396166162.400706
2010-01-04,sh.600237,7.03,7.25,6.9,7.15,7.04,15868323.0,113317054.0,3,3.967081,1,1.5625,-60.035598,3.939985,5.648993,43.973693,0,2009-09-30,-53002963.63,-55716047.42,-52834228.14,226942707.44,193289159.28,1583375212.5,807243551.78,86046914.1,-12883709.24,-46785325.73,26377879.13,2009-12-30,正常票,360331591.49,416047638.91,335419876.47,168735.49,-45403787.32,141721026.37,667139386.2,916235826.3,746278110.02,60965441.76,776131660.72,399999974.79254895,2859999819.766725
2010-01-04,sh.600238,16.0,16.23,15.94,15.99,15.93,5710886.0,91994411.0,3,3.680098,1,0.3766,-12.242595,5.210181,3.774345,169.710817,0,2009-09-30,36821924.07,32110748.91,38185352.86,133369090.26,184936404.35,1115964864.97,606328548.55,-74609795.57,75623632.12,14015456.99,14992915.18,2009-12-30,正常票,299146711.88,343260436.42,173377071.24,1363428.79,37066230.12,117683612.38,585709140.01,530255724.96,566777174.79,39551373.76,509636316.42,155182986.97480336,2481375961.7271056
2010-01-04,sh.600239,27.12,27.37,26.7,26.88,27.32,5155423.0,139271720.0,3,2.24183,1,-1.6105,94.743928,5.97813,19.72005,5.439402,0,2009-09-30,94499629.8,122251813.65,123781507.58,274523163.86,4882227005.27,9314836418.93,6110735766.72,-2424428613.77,-9691971.99,5584196719.75,3150076133.99,2009-12-30,正常票,437087251.86,314835438.21,229527066.06,29281877.78,100767967.47,3352729367.64,9265270359.54,49566059.39,2936557468.55,3174178298.17,3204100652.21,229964939.3575784,6181457569.931707
2010-01-04,sh.600240,8.15,8.17,7.92,7.96,8.14,11251339.0,90231929.0,3,1.785927,1,-2.2113,20.81035,2.341688,7.579117,-11.995488,0,2009-09-30,69610176.86,94909283.72,95385681.95,490636.18,4121061231.55,5997103947.76,3804582775.8,-456742847.99,-400113511.88,597807993.57,-259048366.3,2009-12-30,退市票,415647807.45,328391324.69,243156179.56,25775505.09,70489212.74,443842348.1,5572302386.5,424801561.26,2423947775.8,1380635000.0,2192521171.96,629999938.407337,5014799509.722403
2010-01-04,sh.600241,13.01,13.15,12.9,12.91,13.01,1020196.0,13228443.0,3,1.804144,1,-0.7686,555.025545,2.832089,0.834216,-33.006144,0,2009-09-30,8791057.68,15118947.34,15195660.27,167748523.21,824597334.77,1425042074.64,890141354.41,-71939131.09,-85257247.62,135775407.97,-21081076.53,2009-12-30,正常票,1099443890.74,1097791590.67,999194278.42,6404602.59,11836828.79,56041113.69,1088466190.74,336575883.9,696144033.33,193997321.08,534900720.23,56547370.94156564,730026558.8556124
2010-01-04,sh.600242,7.59,7.59,7.34,7.37,7.43,1455015.0,10775042.0,3,1.523188,1,-0.8075,6.915419,-36.399215,29.762094,-2735.233088,1,2009-09-30,20710624.67,-2668142.66,26842391.61,3372122.85,996590.6,135973087.34,150049846.55,-26258137.68,-84522063.11,224431436.03,113651235.24,2009-12-30,退市票,150115633.62,152791695.16,113771415.19,6131766.94,20710624.67,4629468.09,11432188.6,124540898.74,118049846.55,32000000.0,-14076759.21,95524321.35757372,704014248.4053183
2010-01-04,sh.600243,8.39,8.49,8.3,8.34,8.35,4586922.0,38461215.0,3,3.351788,1,-0.1198,89.706256,2.639978,2.060098,6.283039,0,2009-09-30,14027226.28,-299525.39,19157400.1,273476263.58,423092536.22,1603053072.51,849510561.94,-26900665.66,-28801541.6,331485865.21,275783657.95,2009-12-30,正常票,670366372.69,670665898.08,532251406.46,5130173.82,14157226.55,420452601.49,1223580876.16,379472196.35,625242141.97,224268419.97,753542510.57,136850003.63984835,1141329030.3563352
2010-01-04,sh.600246,10.05,10.08,9.9,9.96,10.02,8819823.0,88068103.0,3,0.869805,1,-0.5988,32.652468,3.520998,3.089257,39.866742,0,2009-09-30,191480879.53,202108503.94,304925500.24,23466496.63,5732490775.59,9286179142.81,5971453796.78,497621677.37,-370130069.6,320964280.71,448454847.08,2009-12-30,正常票,1498372737.55,1291249403.11,808183631.0,113444620.71,157466231.6,1339217285.21,7990074111.79,1296105031.02,4058453796.78,1913000000.0,3314725346.03,1014000034.4904891,10099440343.525272
2010-01-04,sh.600247,6.44,6.53,6.37,6.44,6.42,7625756.0,49012981.0,3,2.266591,1,0.3115,197.121887,4.408086,7.872384,559.916139,0,2009-09-30,10673011.01,16285371.03,16301613.31,4585147.22,2287901.74,694170756.25,185613947.05,25225658.74,-1458408.49,-12533795.08,11233455.17,2009-12-30,退市票,175987522.4,159702151.37,130108774.63,5628602.3,9342535.49,25994800.93,121843948.78,572326807.47,158613947.05,27000000.0,508556809.2,336441642.9783759,2166684180.780741
2010-01-04,sh.600248,13.26,13.26,12.71,12.73,13.11,4971666.0,64339717.0,3,5.444046,1,-2.8986,34.193389,7.333299,1.546466,7.547072,0,2009-09-30,52651696.81,66359478.88,66407063.8,350154521.94,665714110.67,2044816088.67,1516614701.3,-49268981.24,-42264911.55,15681190.36,-75852702.43,2009-12-30,正常票,1883684684.54,1817473053.62,1717758844.68,13755366.99,52651696.81,524211573.47,1741857278.12,302958810.55,1510745292.86,5869408.44,528201387.37,91322997.63815367,1162541759.9336963
2010-01-04,sh.600249,9.97,10.1,9.96,9.97,9.95,10317150.0,103481415.0,3,2.724502,1,0.201,102.995455,1.707794,6.518737,-22.839807,0,2009-09-30,53133833.8,55981894.09,59478094.71,127376663.66,149330963.45,3658794543.47,851626417.46,-89602606.18,-117794779.47,146650618.72,-60713261.98,2009-12-30,正常票,510752139.95,589284289.1,413376976.14,6344260.91,53537842.03,371703826.71,764555034.6,2894239508.87,497056372.79,354570044.67,2807168126.01,378680213.85192597,3775441732.103702
2010-01-04,sh.600250,7.49,7.5,7.33,7.34,7.45,4627406.0,34327248.0,3,1.788767,1,-1.4765,93.071161,2.89389,0.314288,12.111036,0,2009-09-30,11749629.7,-7498190.7,13968038.09,1008802363.11,378156472.95,4441611501.34,3745572123.32,-51063589.99,78893588.99,-17458592.08,10371406.92,2009-12-30,正常票,4549243897.9,4580643068.17,4300270516.68,2218408.39,14573058.58,1083058902.82,3326266088.58,1115345412.76,3478668626.44,266903496.88,696039378.02,258692496.00423083,1898802920.6710541
2010-01-04,sh.600251,25.76,27.95,25.76,26.92,25.42,10343035.0,281157521.0,3,2.856403,1,5.9009,2895.198005,12.518068,22.266507,146.892789,0,2009-09-30,-10334097.45,-16320357.35,-11257680.48,28881517.29,313036317.61,1733954762.67,921001702.55,-1177509.8,-31475298.98,285453710.72,252800901.94,2009-12-30,正常票,293171855.03,332775572.6,276566394.43,-923583.03,-13216139.73,383118313.56,950342786.66,783611976.01,596905886.92,324095815.63,812953060.12,362099990.7926158,9747731752.137217
2010-01-04,sh.600252,26.7,27.52,26.7,27.46,26.52,7215981.0,195753614.0,3,3.37462,1,3.5445,65.588769,13.859018,10.244085,1321.554718,0,2009-09-30,76385054.57,79391885.88,92721691.98,32660177.56,261227884.62,1355900320.57,830720916.42,-131465044.01,-152291979.56,286364572.86,2607549.29,2009-12-30,正常票,483228319.3,403861433.42,242672708.13,16336637.41,75039951.99,96504235.77,817728603.95,538171716.62,503734810.52,326986105.9,525179404.15,213830920.2221287,5871797069.299654
2010-01-04,sh.600253,8.4,8.45,8.31,8.35,8.37,4468089.0,37449653.0,3,1.06536,1,-0.2389,640.275029,4.653581,1.68007,-65.438486,1,2009-09-30,15201015.26,15217795.9,18004612.49,706443858.35,518376685.47,3086867945.16,2281844391.02,-71177101.61,-4559149.45,121312522.28,45576271.22,2009-12-30,退市票,1619133187.1,1603915391.2,1435272467.53,2803597.23,12323273.17,390143192.8,1788410730.26,1298457214.9,2163715817.66,118128573.36,805023554.14,419397105.2038747,3501965828.4523535
2010-01-04,sh.600255,7.16,7.2,7.06,7.13,7.13,6456706.0,45999200.0,3,1.43642,1,0.0,633.068031,2.884894,1.28015,69.284574,0,2009-09-30,10400024.5,12692556.66,13557245.03,83153721.07,255412358.14,1998914722.14,886230300.79,-127469258.36,-43853220.18,-15536204.15,-186858682.69,2009-12-30,正常票,1924046329.3,1875776528.77,1793576485.81,3157220.53,10408271.8,854124038.95,1459538479.07,539376243.07,833604458.43,52625842.36,1112684421.35,449499867.7267094,3204934056.891438
2010-01-04,sh.600256,23.18,24.95,22.95,24.61,22.9,25664878.0,624061541.0,3,4.639271,1,7.4672,47.196266,7.544738,8.653723,23.047031,0,2009-09-30,360147408.22,431835403.77,477351931.37,504940308.19,1031540549.87,8975549545.16,4842845753.32,719478306.32,-1312433677.46,1641046737.9,1048091366.76,2009-12-30,正常票,2171008337.1,1743020470.72,1487336049.13,117204523.15,358236215.39,1250431213.08,5290301005.61,3685248539.55,2864914677.57,1977931075.75,4132703791.84,553209286.5452353,13614480541.87824
2010-01-04,sh.600257,7.53,7.94,7.53,7.69,7.46,23271020.0,180557196.0,3,5.44925,1,3.0831,-26.620737,6.449354,8.370928,-672.294115,0,2009-09-30,20361950.47,18755977.63,20178881.33,23907685.51,245907934.67,1021121079.65,486647137.06,-16957787.75,36547239.61,-19717924.53,-128472.67,2009-12-30,正常票,280534946.97,270276431.87,197261397.99,-183069.14,17917367.58,20491231.37,333364769.81,687756309.84,477313803.74,9333333.32,534473942.59,427049961.00380784,3284014200.1192822
2010-01-04,sh.600258,23.5,23.97,23.14,23.14,23.13,3749218.0,88426642.0,3,3.250076,1,0.0432,32.890998,4.699864,3.391914,269.028783,0,2009-09-30,157404989.47,195459129.03,195634201.25,36418464.9,11594037.69,2000142254.85,611446989.27,183937272.84,-215432429.49,-39854435.63,-71349992.83,2009-12-30,正常票,1144120643.25,963381697.34,599275384.75,38229211.78,125103448.77,222162182.61,509031846.43,1491110408.42,366774554.41,244672434.86,1388695265.58,115357856.24705392,2669380793.556828
2010-01-04,sh.600259,15.75,16.2,15.66,16.06,15.66,3399774.0,54414011.0,3,3.422706,1,2.5543,180.614693,16.813366,7.701784,108.17153,1,2009-09-30,4977742.96,-5620193.9,12039154.32,72325719.81,272074473.84,1015738557.16,701968775.12,-79663300.63,-10333385.6,46783646.5,-43213039.73,2009-12-30,正常票,386101825.87,393287231.07,329276291.25,7061411.36,9362820.87,47484357.64,491080715.82,524657841.34,680035460.41,21933314.71,313769782.04,99330003.80400771,1595239861.0923636
2010-01-04,sh.600260,7.84,7.95,7.83,7.84,7.84,11420249.0,90130600.0,3,2.164402,1,0.0,35.715564,2.813814,4.475949,11.585814,0,2009-09-30,151341686.52,180128890.86,182773365.07,117509693.98,1125829405.81,2900565685.74,1413513805.11,-83907701.09,108132909.35,414135337.53,438359091.41,2009-12-30,退市票,668393964.94,621016082.06,498947095.56,31431678.55,151415686.73,584575553.13,2199868488.94,700697196.8,947075966.42,466437838.69,1487051880.63,527639920.86497796,4136696979.581427
2010-01-04,sh.600261,18.55,20.0,18.35,19.65,18.49,6599543.0,127327074.0,3,3.339126,1,6.2737,44.499954,5.006491,2.977084,52.541953,0,2009-09-30,101973187.5,103059390.74,122520962.67,460611516.59,318246883.4,2226077625.69,1128682942.74,171781880.12,-100350832.83,67002644.99,131346698.9,2009-12-30,正常票,1230731119.46,1147258936.58,1012133223.05,20547775.17,95181227.33,637938663.96,1514079366.26,711998259.43,950637874.71,178045068.03,1097394682.95,197642826.296462,3883681536.725478
2010-01-04,sh.600262,12.79,12.92,12.72,12.86,12.79,2069754.0,26568789.0,3,3.135991,1,0.5473,48.7255,3.11878,1.308054,39.621146,0,2009-09-30,24543699.09,18416805.32,30609689.33,812770030.29,1088427473.09,3075177133.84,2346052567.35,52189308.73,-13818073.03,116050043.43,160926063.31,2009-12-30,正常票,1249659361.45,1237623831.64,1020280986.72,6065990.24,28616099.25,474812548.63,2569328606.38,505848527.46,1633697085.5,712355481.85,729124566.49,65999998.08672919,848759975.3953373
2010-01-04,sh.600263,11.0,11.08,10.78,10.82,10.97,4537522.0,49388283.0,3,1.111775,1,-1.3674,35.910319,2.416445,0.497208,6.021348,0,2009-09-30,70688469.06,81180505.67,88035122.52,1216446899.43,2672092661.63,10669316906.42,8406083964.4,341198803.69,-2133102500.16,1992207900.72,200295593.24,2009-12-30,退市票,6306719955.31,6227165515.71,5812965610.86,17346653.46,73958187.09,1638979301.16,7187275659.37,3482041247.05,5945821785.78,2460262178.62,2263232942.02,408133120.46052486,4416000363.382879
2010-01-04,sh.600265,10.18,10.47,10.13,10.31,10.12,4761248.0,49317825.0,3,3.668142,1,1.8775,-16.3078,4.023461,6.167769,-16.569647,0,2009-09-30,-34861097.75,-39075352.16,-32904468.6,18649112.95,254402841.6,699529684.6,361698480.81,58649899.64,-11275971.89,-57309126.33,-9935198.58,2009-12-30,正常票,140120086.61,179195438.77,143237235.85,1956629.15,-34520446.82,3844911.38,426804594.15,272725090.45,311698480.81,50000000.0,337831203.79,129799991.38528444,1338237911.1822827
2010-01-04,sh.600266,17.93,17.93,17.42,17.42,17.89,7549184.0,132650205.0,3,1.047044,1,-2.6272,47.41892,3.368162,5.844728,10.296097,0,2009-09-30,408047704.63,560006409.85,556260909.29,14100212.58,7815314122.19,14029475666.18,10040304573.56,1807519984.73,-7465645.62,-270267830.22,1529786508.89,2009-12-30,正常票,2115446388.26,1574122177.24,1230247268.17,148213204.66,372749160.61,2756366052.15,12239573085.6,1789902580.58,6813785960.58,3226518612.98,3989171092.62,720999690.5574168,12559814609.510202
2010-01-04,sh.600267,24.0,24.1,23.67,23.97,24.13,3847783.0,91866122.0,3,0.795358,1,-0.6631,45.836922,6.975999,3.112276,115.362751,0,2009-09-30,199918842.71,238565033.16,239863526.5,737168502.7,566664498.4,4885436133.5,3183609423.71,267328584.64,-661440985.68,386015095.94,-8794195.78,2009-12-30,正常票,2919969706.18,2681296486.99,2127064278.69,39944683.79,193833780.09,386784200.25,1896379982.78,2989056150.72,1963864635.57,1219744788.14,1701826709.79,483780008.4993173,11596206803.728636
2010-01-04,sh.600268,19.8,20.05,19.6,19.71,19.8,1845696.0,36510926.0,3,1.042766,1,-0.4545,46.771904,4.271058,2.082445,-128.415137,0,2009-09-30,60026606.61,34211108.19,85339625.73,1489023517.62,485337542.33,3221694102.35,2244608581.05,-315531443.5,-139185186.41,520395563.63,65678933.72,2009-12-30,正常票,1282025293.51,1266710969.01,939611624.5,25313019.12,39466980.93,214930596.37,2431541868.65,790152233.7,2095812186.2,148796394.85,977085521.3,177000017.26178262,3488670340.2297354
2010-01-04,sh.600269,8.75,8.77,8.51,8.58,8.69,25118964.0,216256052.0,3,1.075603,1,-1.2658,18.11794,2.495055,5.726225,49.410515,0,2009-09-30,832190977.17,1038646108.54,1031229729.1,167551659.29,240672943.08,14020898593.46,5423382176.09,1265342098.84,-1489520347.42,624740276.99,400562028.41,2009-12-30,正常票,2222393203.84,1186723718.84,846385464.51,199038751.93,767202176.88,910834336.22,1763866782.79,12257031810.67,3712866387.47,1710515788.62,8597516417.37,2335337852.3488684,20037198773.15329
2010-01-04,sh.600270,8.87,9.06,8.78,8.98,8.79,7896565.0,70559999.0,3,2.386795,1,2.1615,43.061651,1.922579,3.440685,-291.164409,0,2009-09-30,115574793.02,119863020.13,122936119.82,358023458.24,307360.16,4962597555.39,729383501.91,2238078.83,-78569231.46,-90692898.63,-167248516.25,2009-12-30,退市票,1453125000.08,1512815098.42,1313418152.71,7361326.8,115673302.66,2062863606.9,2651469790.68,2311127764.71,559896129.29,169487372.62,4233214053.48,330843872.2219545,2970977972.5531516
2010-01-04,sh.600271,20.28,20.65,20.02,20.54,20.28,14380463.0,293955025.0,3,1.557338,1,1.2821,30.912487,5.608951,2.922346,33.065086,0,2009-09-30,665336789.53,762072644.97,784150025.47,404339104.65,595207950.34,5080480842.26,1230428221.46,456307307.37,-8168872.37,-282257452.78,165880982.22,2009-12-30,正常票,4848720803.49,4132571786.11,3639412577.86,118813235.94,504524372.71,2758107072.48,4115667252.09,964813590.17,1191563004.76,38865216.7,3850052620.8,923400250.9410288,18966641154.32873
2010-01-04,sh.600272,9.31,9.47,9.23,9.25,9.25,3955861.0,36953501.0,3,2.86262,1,0.0,99.977031,10.285504,2.62957,47.023339,0,2009-09-30,40071236.61,38123331.88,42865286.83,131681785.97,94624190.04,959436522.1,721773492.81,1256309.29,62269664.25,-70431637.98,-6916694.65,2009-12-30,正常票,662166748.54,635931753.39,489223174.32,2794050.22,39636619.24,98368460.01,378089967.37,581346554.73,427263014.42,294510478.39,237663029.29,138190224.33994034,1278259575.144448
2010-01-04,sh.600273,13.46,13.46,13.0,13.07,13.41,3983954.0,52474394.0,3,1.853002,1,-2.5354,-110.108587,5.289668,2.729333,36.215983,0,2009-09-30,-29347167.15,-44223443.13,-37763328.78,28087664.22,310736012.93,1644018785.71,827058180.28,31925091.53,-70255948.16,181822323.82,142687023.7,2009-12-30,正常票,982698854.19,1026922297.32,973974539.92,-8416161.63,-28993341.13,237172333.01,612419134.84,1031599650.87,727058180.28,100000000.0,816960605.43,214999983.81005523,2810049788.397422
2010-01-04,sh.600275,6.86,6.88,6.66,6.67,6.86,11867913.0,80102270.0,3,2.332359,1,-2.7697,-2486.524944,11.538909,64.173037,-5755.982954,1,2009-09-30,-15280759.27,-14106063.94,-14193250.45,28554391.48,2632197216.07,3064121588.67,2761874505.11,-2210394.03,-67714.0,,-2278108.03,2009-12-30,退市票,25394929.02,39500992.96,17269923.2,1087508.82,-15222556.9,1753421.75,2690184338.96,373937249.71,2761674505.11,200000.0,302247083.56,508837318.78325766,3393944916.2843285
2010-01-04,sh.600276,52.01,52.5,50.01,51.0,52.5,1174549.0,59633112.0,3,0.189217,1,-2.8571,50.961924,13.106335,11.239234,132.769251,0,2009-09-30,492382519.44,562625675.43,563406766.78,725511803.24,171293284.02,2739534964.79,274402180.33,380500821.37,-43931919.55,-49808031.0,286814475.77,2009-12-30,正常票,2211470314.4,1703360752.28,352740919.12,71024247.34,472790274.71,671996756.43,2059708086.54,679826878.25,274402180.33,,2465132784.46,620741793.8134524,31657831484.48607
2010-01-04,sh.600277,15.51,16.3,15.45,15.93,14.91,7041643.0,111198056.0,3,7.929827,1,6.841,-192.453764,1.916805,2.456458,-198.937215,0,2009-09-30,19340347.41,1825536.34,29578682.03,633948282.78,791972943.92,11703106355.04,5967246080.94,503629096.76,-286907884.5,-208370865.73,8350346.53,2009-12-30,退市票,3296837622.8,3327376251.8,2928073360.64,10238334.62,30107042.09,325072077.64,2065858891.93,9637247463.11,3503405307.94,2463840773.0,5735860274.1,88799453.00193812,1414575286.3208742
2010-01-04,sh.600278,12.16,12.35,12.04,12.15,12.12,5982345.0,73015316.0,3,3.768484,1,0.2475,37.7936,2.288981,0.939418,-332.762827,0,2009-09-30,79581699.27,99702937.53,102736951.39,274111040.25,32839584.78,2763176342.91,876424642.08,81844683.02,-145448991.49,-5556778.83,-68802314.21,2009-12-30,正常票,2859262147.46,2835256406.23,2600265847.72,23155252.12,74170086.35,653380226.85,1177516766.1,1585659576.81,741507369.33,134917272.75,1886751700.83,158746726.8004853,1928772730.6258967
2010-01-04,sh.600279,10.49,10.49,10.28,10.28,10.34,2921595.0,30230430.0,3,1.938194,1,-0.5803,89.975163,2.865144,5.008268,-46.091055,0,2009-09-30,26892661.07,30998453.96,31897272.61,92916136.37,46587211.46,3206973257.31,2147803109.65,30487189.91,-292167854.65,231626822.51,-30053842.23,2009-12-30,正常票,344545628.54,315071833.57,200762461.14,5004611.54,24778214.67,323713543.59,698236647.58,2508736609.73,856093109.65,1291710000.0,1059170147.66,150738006.6185325,1549586708.0385141
2010-01-04,sh.600280,23.65,23.65,22.85,22.89,23.67,541937.0,12538231.0,3,0.450266,1,-3.2953,77.610594,5.095994,0.807564,15.457771,0,2009-09-30,23619721.87,53692778.44,51176428.33,3229024.7,946419448.1,3808160909.36,3107389566.22,-113469057.32,-80589559.27,202096713.39,8038096.8,2009-12-30,正常票,3035784622.27,2985186232.39,2461897101.72,27556706.46,16997117.05,624141214.41,2050442328.36,1757718581.0,2770930116.17,336459450.05,700771343.14,120359298.72564216,2755024347.829949
2010-01-04,sh.600281,11.3,11.73,11.0,11.57,11.13,21731851.0,246617288.0,3,4.224682,1,3.9533,-44.148004,4.878914,2.277907,-57.482874,0,2009-09-30,-95981508.5,-92555837.11,-93809280.11,338668086.79,521474337.46,4103020974.02,2752423995.33,45397242.28,-53465796.12,-32240253.34,-40308807.18,2009-12-30,正常票,2003634803.93,2096190641.04,1917124429.54,2172228.39,-98893534.44,405558057.38,1957328740.44,2145692233.58,2636793232.83,115630762.5,1350596978.69,514402054.403148,5951631769.444423
2010-01-04,sh.600282,6.12,6.16,6.03,6.06,6.09,8885788.0,54130382.0,3,0.527409,1,-0.4926,-24.646039,2.31724,0.455319,-16.527926,0,2009-09-30,108997668.28,92600360.82,111930300.31,289372285.37,3902462655.97,12340234767.59,7934179741.41,73653557.31,-92011859.26,-246423128.3,-264781430.25,2009-12-30,正常票,17249953405.19,17157981463.44,16711998658.86,2932632.03,108997668.28,1513755155.08,8405411324.16,3934823443.43,7930419741.41,3760000.0,4406055026.18,1684800221.4600053,10209889342.047632
2010-01-04,sh.600283,11.34,11.39,11.23,11.27,11.3,3153070.0,35609527.0,3,1.483246,1,-0.2655,79.8138,3.372794,5.385444,13.353621,0,2009-09-30,44394753.8,65240791.12,64474398.98,22286938.36,498518574.45,2671494494.05,1468807257.53,118276514.54,-13353200.24,92231620.71,197154935.01,2009-12-30,正常票,477894092.73,423839005.81,281050989.08,20079645.18,30314726.32,427067946.64,1156741694.43,1514752799.62,996092639.62,472714617.91,1202687236.52,212579032.74305138,2395765699.014189
2010-01-04,sh.600284,14.02,14.06,13.8,13.81,13.89,4336727.0,60283967.0,3,1.253389,1,-0.576,43.226662,2.224972,3.385974,-3.712207,0,2009-09-30,75014703.64,61452797.46,87148403.24,258903614.14,885137081.43,11016309572.13,7785471832.01,-58324125.43,-1446394271.34,1293715490.53,-211002906.24,2009-12-30,正常票,836603336.95,812178822.12,746723791.55,12133699.6,72514431.81,346062252.79,1847701385.72,9168608186.41,7284116944.01,501354888.0,3230837740.12,346000084.57071185,4778261167.921531
2010-01-04,sh.600285,12.08,12.15,11.83,11.9,12.12,5470762.0,65297064.0,3,2.725569,1,-1.8152,97.191629,4.095956,5.196216,37.342561,0,2009-09-30,25257910.84,26972598.95,32809557.6,44986492.75,76849074.39,1032424712.61,429618821.43,64242764.99,-19864778.5,-23949673.15,19898161.45,2009-12-30,正常票,335288910.9,319152452.34,129058282.71,7551646.76,24753813.85,191566076.39,501511887.57,530912825.04,416612239.8,13006581.63,602805891.18,200719996.448448,2388567957.7365313
2010-01-04,sh.600287,8.62,8.73,8.48,8.53,8.57,7731315.0,66484900.0,3,1.770006,1,-0.4667,-50.318125,4.792414,0.824666,-13.203927,0,2009-09-30,-59905463.48,1489834.09,-46476778.89,325225530.12,824466978.83,4072992024.63,3014372950.29,-51604348.6,-143233243.31,95435549.2,-100825594.69,2009-12-30,正常票,2987447763.13,3027005440.14,2757894672.07,13428684.59,-45285013.72,741620169.88,2706628248.19,1366363776.44,2847903882.3,166469067.99,1058619074.34,436795976.96278995,3725869683.492598
2010-01-04,sh.600288,10.76,11.37,10.6,11.16,10.76,51597044.0,572108102.0,3,15.650644,1,3.7175,55.969783,4.644839,1.589522,-92.455949,0,2009-09-30,13706398.2,10458935.45,21388616.63,223344869.53,767703165.29,2527510309.6,1146437056.96,-84709709.12,2642756.9,-25992007.53,-108102928.83,2009-12-30,正常票,2133260143.43,2132234400.41,1858120830.59,7682218.43,11337892.74,505423838.16,1881337991.16,646172318.44,987467056.96,158970000.0,1381073252.64,329680005.50009316,3679228861.3810396
2010-01-04,sh.600289,16.75,17.23,16.53,17.13,16.5,9877660.0,167754890.0,3,2.806384,1,3.8182,67.620404,4.327198,6.136622,60.906936,0,2009-09-30,60482038.76,63207395.57,74370798.45,362180019.52,83882516.61,2503505488.63,1108792463.07,179313514.75,-1767335.2,-194678521.71,-17132342.16,2009-12-30,正常票,702019590.98,649813795.41,338539968.02,13888759.69,62360319.24,195289902.56,1415984975.92,1087520512.71,1108792463.07,,1394713025.56,351971077.3721629,6029264555.38515
2010-01-04,sh.600290,16.12,16.29,15.85,16.2,16.04,6227714.0,100202710.0,3,5.240758,1,0.9975,53.492082,5.915179,4.291908,21.392377,0,2009-09-30,66601405.31,79450702.69,81660607.46,632243932.19,254742699.79,1661035734.23,881485400.93,-62336027.41,-22596009.4,279564168.02,194632131.21,2009-12-30,退市票,824270968.25,744820265.56,648028877.48,15059202.15,63833193.25,320863114.8,1432335600.45,228700133.78,881485400.93,,779550333.3,118832313.95153145,1925083486.0148094
2010-01-04,sh.600291,16.57,16.74,16.38,16.52,16.54,6264609.0,103607606.0,3,1.95769,1,-0.1209,86.479405,1.921973,8.261578,55.328987,0,2009-09-30,77681030.79,90436486.9,94197978.41,43358387.58,93616247.31,3773506863.89,998406003.19,83256118.91,-7932654.45,-17224775.92,58098688.54,2009-12-30,退市票,487734434.59,450267099.56,358938169.86,16516947.62,76864689.2,186910122.1,383838775.79,3389668088.1,426387182.61,572018820.58,2775100860.7,320000051.08061033,5286400843.851683
2010-01-04,sh.600292,9.95,9.97,9.6,9.66,9.78,3673476.0,35687781.0,3,1.098199,1,-1.227,-68.866361,3.899675,1.219626,7.092031,0,2009-09-30,49300690.74,59556445.12,59826289.88,712658527.14,385940036.03,5359804321.39,4281212759.98,955659062.02,-386150743.07,-16866511.94,552641807.01,2009-12-30,正常票,2029795424.81,1989779152.64,1815749873.34,10525599.14,35116223.39,767916231.48,2193630466.0,3166173855.39,2498897962.74,1782314797.24,1078591561.41,334500031.4150714,3231270303.46959
2010-01-04,sh.600293,13.9,14.56,13.9,14.26,14.14,13721750.0,194495253.0,3,6.394278,1,0.8487,-69.728365,7.230538,7.243922,-108.06612,0,2009-09-30,5937763.3,7638579.02,7468737.54,49479471.77,216020630.79,1941620806.59,1251048301.91,45585702.25,-2561625.66,-33139999.22,9884077.37,2009-12-30,正常票,505183069.47,497544490.45,433769114.18,1530974.24,5993998.1,391600304.67,828591321.54,1113029485.05,1027972830.37,223075471.54,690572504.68,214594204.38085425,3060113354.4709816
2010-01-04,sh.600295,13.04,13.49,12.95,13.28,12.9,10925532.0,145274664.0,3,5.690381,1,2.9457,-149.013091,3.708814,1.8659,8.874063,0,2009-09-30,206179131.0,175259228.0,223352408.0,1528373468.0,2856006858.0,20448036245.0,14101427983.0,696713736.0,-2086286288.0,2991354707.0,1601942627.0,2009-12-30,正常票,5003133503.0,4848239997.0,3934925751.0,17173277.0,120747488.0,3048112350.0,9309305280.0,11138730965.0,9998964041.0,4102463942.0,6346608262.0,192000008.43528754,2549760112.0206184
2010-01-04,sh.600297,9.24,9.32,9.09,9.1,9.24,3781703.0,34676750.0,3,1.380184,1,-1.5152,100.246212,4.046426,2.328287,30.968403,0,2009-09-30,23113926.76,27068170.2,27036248.35,334010725.26,175707361.69,1936227147.07,1136143432.86,20764810.77,-175720206.26,310458452.77,155503057.28,2009-12-30,退市票,1037518895.74,1010230284.49,893226525.48,3922321.59,22175342.25,559515922.64,1272344735.8,663882411.27,788965253.96,347178178.9,800083714.21,273999915.9532352,2493399235.1744404
2010-01-04,sh.600298,30.3,31.25,30.08,30.79,29.9,2830072.0,87421192.0,3,1.042768,1,2.9766,45.734157,8.478214,5.401729,621.587736,0,2009-09-30,213937101.34,209875256.02,226375276.99,102650853.56,411975325.37,2245240929.69,1103271383.79,228296178.13,-170081916.52,-35799600.85,22414660.76,2009-12-30,正常票,1189132651.33,984702464.24,759868357.1,12438175.65,155285875.49,66383026.53,634684892.37,1610556037.32,1015899936.88,87371446.91,1141969545.9,271399966.2436899,8356404960.643211
2010-01-04,sh.600299,13.66,13.74,13.46,13.49,13.58,6729710.0,91630680.0,3,2.478379,1,-0.6627,-13.962386,2.548394,1.018166,52.026371,0,2009-09-30,-181633891.56,-182587261.89,-166217267.87,541290967.56,1295200146.54,12689661143.07,9707645249.04,7147056.52,-1064897180.09,1062086713.24,4223557.1,2009-12-30,正常票,5321686015.41,5513847158.94,4889549153.16,15416623.69,-185937896.98,1335458293.05,4659007382.66,8030653760.41,7413644843.98,2294000405.06,2982015894.03,271536758.5022307,3663030872.195092
2010-01-04,sh.600300,8.52,8.67,8.46,8.5,8.47,24094374.0,206476410.0,3,1.500272,1,0.3542,55.854657,5.802141,5.314137,91.244849,0,2009-09-30,283452628.32,366846120.04,368007512.22,127880662.43,443016839.18,3999861901.85,1187045581.57,102228603.86,223566731.18,-218614403.42,107126794.92,2009-12-30,正常票,2037935234.96,2037384562.22,1499077122.16,84554883.9,269522285.02,1055023161.28,1930378153.41,2069483748.44,1137517170.9,49528410.67,2812816320.28,1606000378.598014,13651003218.08312
2010-01-04,sh.600301,9.25,9.26,9.09,9.14,9.2,1719822.0,15723583.0,3,0.731378,1,-0.6522,-7.194658,3.85867,1.653019,11.826653,0,2009-09-30,-200883183.83,-213583647.09,-200920571.5,44861919.92,92230801.01,2666634733.89,1671359121.95,17185554.07,-219892489.99,241576086.09,38869150.17,2009-12-30,正常票,1088157498.55,1302203210.52,1125363744.12,-37387.67,-184745290.77,488370788.42,943690675.52,1722944058.37,1162699375.18,508659746.77,995275611.94,235148172.3541042,2149254295.3165126
2010-01-04,sh.600302,8.07,8.2,8.06,8.07,8.06,7900113.0,63991475.0,3,2.283205,1,0.1241,142.839974,2.281721,5.971871,48.416235,0,2009-09-30,18007622.18,23230576.72,23074882.01,199072017.4,355375397.65,1473073204.95,232553613.9,-14139080.81,65263661.38,-50447398.95,1849468.33,2009-12-30,正常票,359661110.4,385715021.01,307453494.44,5067259.83,17760331.66,344645923.19,943922456.41,529150748.54,232553613.9,,1240519591.05,346009797.6309617,2792299066.881861
2010-01-04,sh.600303,14.45,14.5,13.93,14.1,14.38,11406235.0,162183781.0,3,5.95587,1,-1.9471,30.292241,2.318665,0.858846,10.293637,0,2009-09-30,112884567.27,136414606.13,144326799.38,575259209.05,436569662.36,5129642633.96,3711914610.22,267765828.96,-197445079.6,295763330.93,365965245.56,2009-12-30,正常票,2953012634.93,2853375706.65,2492648337.96,31442232.11,106733355.05,1675688930.06,3179205929.34,1950436704.62,2821446731.19,890467879.03,1417728023.74,191512491.038253,2700326123.6393676
2010-01-04,sh.600305,13.55,13.56,13.35,13.45,13.45,1860454.0,25030364.0,3,1.463196,1,0.0,-29.493274,3.981636,2.020531,11.294348,0,2009-09-30,18577067.94,28876763.37,27938538.54,49308576.69,1032761086.78,2814388847.01,2148220465.02,226966825.34,-15022530.41,37900426.54,249844721.47,2009-12-30,正常票,624459940.19,609239234.78,451158898.36,9361470.6,14983836.98,647179272.22,1987381765.02,827007081.99,1954591431.4,193629033.62,666168381.99,127150019.54625355,1710167762.8971102
2010-01-04,sh.600306,10.81,10.84,10.62,10.71,10.69,2340838.0,25062227.0,3,2.078056,1,0.1871,-92.204249,4.06016,1.241196,9.537414,0,2009-09-30,844164.95,4280168.73,4553709.23,14311324.58,475365940.19,1804419317.89,1288583811.28,68045898.16,23434246.23,103158576.33,194638720.72,2009-12-30,退市票,1118964880.86,1138684712.13,947517556.33,3709544.28,1089734.31,406942579.31,971576851.48,832842466.41,1161940260.89,126643550.39,515835506.61,112645568.7430945,1206434041.2385423
2010-01-04,sh.600307,15.38,15.52,15.19,15.26,15.17,7494110.0,115052167.0,3,0.857842,1,0.5933,-49.523409,3.162269,1.007657,53.83715,0,2009-09-30,279792591.96,330240456.46,331582323.48,664265505.14,4353545113.89,27109514400.94,17132901850.79,1803069321.47,-1259693205.19,-369742557.31,173633558.97,2009-12-30,正常票,24921691279.37,24591450822.91,22498930677.48,51789731.52,274319277.29,2779856636.55,10400640890.67,16708873510.27,14619929850.79,2512972000.0,9976612550.15,873600266.7157822,13331140070.082836
2010-01-04,sh.600308,14.19,14.2,13.95,14.0,14.13,12938178.0,181738212.0,3,2.616754,1,-0.92,39.967201,1.751682,1.764681,6.654559,0,2009-09-30,248880144.16,234440831.07,316414543.47,1164824333.72,769127022.08,12034032316.75,6548911360.64,530458767.1,-698052167.04,1544332831.99,1375622928.29,2009-12-30,正常票,4138327964.65,3899680175.54,3436437879.25,67534399.31,247991655.55,2260041434.02,4538532576.79,7495499739.96,5009112503.06,1539798857.58,5485120956.11,494436160.21987545,6922106243.078257
2010-01-04,sh.600309,24.0,24.01,23.59,23.61,24.01,8577409.0,203883515.0,3,0.515676,1,-1.666,33.736457,8.100103,6.348099,35.650124,0,2009-09-30,1031806446.51,836538644.21,1174882397.85,416047295.22,787356714.6,9993483481.05,4416950433.02,971572847.79,-1389053610.71,878115980.08,459209884.0,2009-12-30,正常票,4654460556.01,3828376239.89,3253577491.3,143075951.34,864060587.13,1730812401.04,5056570993.14,4936912487.91,3938209091.03,478741341.99,5576533048.03,1663332984.2769492,39271291758.77877
2010-01-04,sh.600310,26.38,26.55,25.92,26.07,25.91,1210499.0,31623005.0,3,0.772248,1,0.6175,71.997769,5.846086,3.731063,-117.759241,0,2009-09-30,73924450.2,86566606.81,85980287.97,162570136.69,179303574.64,2959403316.42,2037082846.56,101399571.57,-145106672.51,-22593632.78,-66302312.72,2009-12-30,正常票,885589346.65,799167818.97,646748592.56,12055837.77,59495261.21,140638921.47,760742945.16,2198660371.26,1022277846.56,1014805000.0,922320469.86,156750033.66794086,4086473377.723218
2010-01-04,sh.600311,11.86,11.96,11.63,11.7,11.72,13594156.0,160645986.0,3,2.042391,1,-0.1706,-100.378343,8.486247,28.420975,-1805.494012,0,2009-09-30,-72319860.19,-81173933.36,-71881628.4,41401420.5,34942662.64,1319580403.74,401916763.31,-76653542.59,-52123355.15,122352573.07,-6424324.67,2009-12-30,退市票,165612257.12,246786190.48,175396730.95,438231.79,-72319860.19,597197.3,89236457.31,1230343946.43,401916763.31,,917663640.43,665600073.6391808,7787520861.578415
2010-01-04,sh.600312,15.58,15.7,15.35,15.61,15.41,13228405.0,205262491.0,3,1.938308,1,1.2979,78.840883,6.975751,4.54862,48.068126,0,2009-09-30,97431650.81,90946613.77,99676781.13,1388536956.25,786472508.09,4201613715.36,2666441299.03,-171327952.04,-87423060.55,277847209.12,18993875.27,2009-12-30,正常票,1500936469.78,1498019463.79,1202826118.25,2245130.32,97657048.56,662781336.68,2996207623.4,1205406091.96,2496149443.03,170291856.0,1535172416.33,682471774.351651,10653384397.62927
2010-01-04,sh.600313,7.63,7.83,7.6,7.71,7.53,3271114.0,25338561.0,3,2.001049,1,2.3904,-114.767127,5.246608,4.437016,23.069572,1,2009-09-30,-5698547.43,-5706349.78,-5734884.49,2915018.53,34144482.05,647837621.27,200809376.62,70238494.74,-28533772.51,-774891.88,40929830.35,2009-12-30,正常票,376692339.79,386448254.08,362081680.1,-36337.06,-5509800.86,438919204.52,587368410.98,60469210.29,179809376.62,21000000.0,447028244.65,163469960.00597686,1260353391.6460814
2010-01-04,sh.600315,33.19,33.19,32.36,32.47,32.9,761882.0,24841989.0,3,0.241509,1,-1.307,46.648868,8.332873,4.101513,47.413531,0,2009-09-30,185842206.84,202429354.43,209318786.92,283940892.61,248789834.57,1937804312.82,629189371.97,421980275.66,-69669505.15,-141693147.58,210614491.56,2009-12-30,正常票,2181544628.1,1992075118.49,1018272015.98,23476580.08,190271685.58,689605047.82,1327344896.39,610459416.43,624249470.06,4939901.91,1308614940.85,315467332.4803631,10243224285.637388
2010-01-04,sh.600316,33.6,34.68,33.58,34.35,33.31,5002206.0,171765618.0,3,1.417859,1,3.1222,84.321807,6.532398,7.549376,25.836821,0,2009-09-30,112334422.62,130403417.81,130264576.43,602156667.06,921922787.73,3465742880.45,1607024834.0,219179768.69,45067346.36,-29208315.0,235032644.7,2009-12-30,正常票,977236707.02,905340675.38,810889825.69,17930153.81,111901426.77,967553995.91,2549983336.8,915759543.65,1331400935.21,275623898.79,1858718046.45,352799961.06806105,12118678662.687899
2010-01-04,sh.600317,8.32,8.36,8.18,8.18,8.29,9152276.0,75320436.0,3,1.954199,1,-1.3269,38.080609,2.764531,4.499811,-43.301711,0,2009-09-30,154164141.42,187712720.52,187665757.59,272233505.23,47300824.99,9142212418.76,5872203672.86,466566521.1,-2623518396.77,2061586459.66,-95365416.01,2009-12-30,退市票,1432320234.03,1270903996.91,942572335.73,33501616.17,148352588.08,167331205.71,658803760.16,8483408658.6,821803672.86,5050400000.0,3270008745.9,468338997.2055047,3831012997.1410284
2010-01-04,sh.600318,8.15,8.25,8.06,8.07,8.14,2664333.0,21611112.0,3,2.172938,1,-0.86,-14.084124,5.214841,3.480519,-33.402588,0,2009-09-30,-49853505.26,-54186519.53,-50487017.22,8889570.63,67277275.2,1333402808.99,958906217.39,-53862434.15,-148217706.6,173386775.0,-28693365.75,2009-12-30,正常票,418314026.62,472643046.15,384319903.3,-633511.96,-49853505.26,30439931.76,255575853.1,1077826955.89,393906217.39,565000000.0,374496591.6,122614312.97165404,989497505.6812482
2010-01-04,sh.600319,7.09,7.18,6.99,7.12,7.0,4865172.0,34553013.0,3,1.541592,1,1.7143,159.762351,2.089758,1.153513,-34.833351,0,2009-09-30,18540818.03,20508058.21,22478744.49,231977329.46,490954856.54,3438217698.62,2231482033.65,67234376.91,-20322058.95,141363489.05,187974740.74,2009-12-30,正常票,1379341756.81,1344658918.35,1204525244.66,3937926.46,6872937.33,527018550.31,1656245596.52,1781972102.1,2054932033.65,176550000.0,1206735664.97,315594009.3098563,2247029346.2861767
2010-01-04,sh.600320,10.35,10.41,10.17,10.18,10.34,19659656.0,201463794.0,3,0.771694,1,-1.5474,25.279887,2.795369,1.508609,-1399.3171,0,2009-09-30,974300003.0,922057138.0,1006286984.0,5355641585.0,5227164832.0,50477218154.0,34068154537.0,-397417278.0,-3339573556.0,1499654674.0,-2237336160.0,2009-12-30,正常票,21790624412.0,20873016547.0,19305348933.0,31986981.0,1015906317.0,1530580910.0,29530441119.0,20946777035.0,26845235489.0,7222919048.0,16409063617.0,2547597363.7218895,25934541162.688835
2010-01-04,sh.600321,10.53,10.56,10.36,10.37,10.52,5266195.0,54898825.0,3,3.491871,1,-1.4259,86.43291,2.013442,3.752436,-40.72705,0,2009-09-30,27312509.48,26993553.71,27371899.77,1179532.25,202334319.35,2251404386.92,1070256542.95,53423221.8,-332615938.46,313852714.97,34659998.3,2009-12-30,退市票,405092234.75,378098681.04,346418767.4,59390.29,27617615.97,106005898.92,887510076.09,1363894310.83,520356542.95,549900000.0,1181147843.97,150812988.223219,1563930687.874781
2010-01-04,sh.600322,6.38,6.38,6.26,6.29,6.33,9878604.0,62279864.0,3,0.949122,1,-0.6319,109.459085,1.862997,7.760773,241.245892,0,2009-09-30,56403795.8,72843813.68,81316626.51,8235922.31,7953595761.11,9866289493.92,5857766351.77,-94542901.9,146459330.98,-353782034.18,-301865605.1,2009-12-30,正常票,772798602.57,692014835.33,498329924.47,24912830.71,62569350.38,701644951.92,8813372532.52,1052916961.4,3526293117.49,2331473234.28,4008523142.15,1040814984.796475,6546726254.369828
2010-01-04,sh.600323,12.29,12.55,12.18,12.2,12.13,9010791.0,111541003.0,3,4.634925,1,0.5771,36.325989,3.369494,7.398729,-245.184904,0,2009-09-30,88658139.98,104778272.52,105920240.32,11672552.44,16731270.32,2030233883.56,947037886.79,171849567.16,-307559334.75,128501873.62,-7207893.97,2009-12-30,正常票,336486465.15,231777826.23,182138942.81,17262100.34,86416107.8,143569444.47,330578107.5,1699655776.06,401357886.79,545680000.0,1083195996.77,194410718.62004238,2371810767.164517
2010-01-04,sh.600325,18.86,18.95,18.35,18.37,18.74,11343815.0,211797052.0,3,1.388394,1,-1.9744,21.065969,3.140291,4.007105,7.39988,0,2009-09-30,357731812.24,472835055.94,476223565.29,1109973.5,10211634380.02,17021587113.34,11881858293.31,2095713840.33,-660997971.52,1146961509.35,2581677378.16,2009-12-30,正常票,1899778954.8,1427785294.76,1038848375.22,118491753.05,365513518.74,4433716665.93,14860291203.76,2161295909.58,7282614095.41,4599244197.9,5139728820.03,817045809.7629348,15009131525.345114
2010-01-04,sh.600326,14.58,15.19,14.52,14.91,14.56,16012911.0,239799373.0,3,4.771709,1,2.4038,115.345469,7.019343,7.10631,-2875.722479,0,2009-09-30,80772384.36,91118110.15,86470179.82,214458756.72,515462677.88,2133658874.32,926048799.66,20877344.79,-41927212.66,-54009103.0,-75058970.87,2009-12-30,正常票,750175404.77,661453907.54,588542139.4,5697795.46,59255492.17,177067162.65,1167243451.27,966415423.05,735978351.49,190070448.17,1207610074.66,335580208.26500523,5003500905.231228
2010-01-04,sh.600327,14.4,14.85,14.23,14.74,14.34,5220160.0,75845369.0,3,1.600933,1,2.7894,32.107247,5.6854,0.940754,22.736333,0,2009-09-30,164411967.53,216735454.15,216760446.7,53199654.03,355483121.59,2496284942.31,1462331970.4,334799471.34,-53773025.85,-172165603.52,108860841.97,2009-12-30,正常票,3997543250.05,3798279611.55,3470096543.47,52348479.17,131469054.79,633301542.79,1277060838.0,1219224104.31,1416794787.39,45537183.01,1033952971.91,326069860.5125886,4806269743.955556
2010-01-04,sh.600328,10.72,10.72,10.35,10.36,10.57,7813461.0,81707452.0,3,3.574434,1,-1.9868,2607.895156,3.861531,3.902796,5.189639,0,2009-09-30,4907895.28,6602281.48,10011146.09,224552173.45,188596199.51,3722118906.02,2441551145.69,-36769936.95,14299177.85,736939098.01,714360302.57,2009-12-30,正常票,716476374.33,705880696.79,470189947.11,5103250.81,6733101.57,799581382.66,1464903992.68,2257214913.34,1060223356.51,1381327789.18,1280567760.33,218592957.6542748,2264623041.298287
2010-01-04,sh.600329,21.82,22.13,21.48,21.69,21.6,2078278.0,45332377.0,3,2.408831,1,0.4167,34.952409,5.44687,3.030797,113.834271,0,2009-09-30,232998205.28,177181970.22,222273476.2,439503000.0,456503000.0,3624670000.0,1885492000.0,-35860718.66,39023977.98,-40589812.27,-37426552.95,2009-12-30,正常票,2060071707.9,1945748240.57,1243980935.3,-10724729.08,224479345.54,324171000.0,1641230000.0,1983440000.0,1740331000.0,145161000.0,1739178000.0,86277451.59373987,1871357925.0682178
2010-01-04,sh.600330,6.04,6.12,5.94,6.04,6.02,17577730.0,105892054.0,3,2.985255,1,0.3322,-30.346211,2.444601,3.80909,-36.618909,0,2009-09-30,-94751370.0,-105116491.15,-96020632.16,272055078.72,263727089.0,2210820088.77,714903341.22,-45987718.0,13743300.51,-25879334.81,-58383413.3,2009-12-30,正常票,592849092.95,734123971.01,589526963.95,-1269262.16,-94896133.65,259189123.04,919274063.33,1291546025.44,528519704.86,186383636.36,1495916747.55,588818375.6496514,3556462988.9238944
2010-01-04,sh.600331,18.2,18.29,17.98,18.02,18.08,9520900.0,172729208.0,3,1.565937,1,-0.3319,-39.670665,11.903335,5.026282,16.056707,0,2009-09-30,185422849.92,227807053.05,225197688.62,498178159.46,1204500470.16,8161037360.19,5941463036.76,613547762.6,-1268785139.91,1331467818.41,676230441.1,2009-12-30,正常票,2951469944.62,2723630118.18,2360360472.95,39774838.7,145348262.38,2000446778.99,4400527630.83,3760509729.36,4973436124.28,968026912.48,2219574323.43,608000194.1329696,10956163498.276112
2010-01-04,sh.600332,11.39,11.46,11.17,11.21,11.37,5685191.0,63934244.0,3,0.961961,1,-1.4072,47.531906,2.799447,2.479926,-761.669125,0,2009-09-30,150205287.95,156138178.58,169949347.02,404777676.0,586812085.51,4197079086.55,853785862.61,333455442.08,73450640.98,-256637856.31,150268225.83,2009-12-30,正常票,2899885317.44,2139599412.3,2129999239.65,19744059.07,153118957.14,538512506.88,1912510827.96,2284568258.59,738299314.51,115486548.1,3343293223.94,591000154.8919344,6625111736.338585
2010-01-04,sh.600333,12.01,12.45,12.01,12.1,11.77,28654938.0,349365082.0,3,13.222113,1,2.8037,91.990707,4.478159,3.527061,147.949327,0,2009-09-30,45805388.44,48179916.69,55823426.91,157191459.65,297915847.65,1945433113.78,668365126.75,19612905.06,-96167620.4,13010029.51,-63544685.83,2009-12-30,正常票,1134601673.61,1086421756.92,964173454.31,10018038.47,44625499.42,213760625.87,874107558.55,1071325555.23,667230599.94,1134526.81,1277067987.03,216719808.70228535,2622309685.2976527
2010-01-04,sh.600335,7.4,7.75,7.4,7.5,7.5,11014190.0,83350862.0,3,6.696395,1,0.0,-107.789597,5.344339,4.430233,51.186954,0,2009-09-30,-2889575.24,-3888798.04,-1268999.03,212991439.93,401564506.69,1109430005.54,706741136.41,-49659159.59,-4990058.34,41104521.78,-13810646.42,2009-12-30,正常票,323217604.6,327106402.64,255277558.78,1620576.21,-3606557.1,103809589.47,814666941.03,294763064.51,703091136.41,3650000.0,402688869.13,164479395.25670156,1233595464.4252617
2010-01-04,sh.600336,7.75,7.81,7.68,7.74,7.73,5656582.0,43825242.0,3,1.663524,1,0.1294,57.437079,5.505931,1.089483,21.224759,0,2009-09-30,35509248.85,40467950.69,44580116.84,137706480.68,264902134.35,2364382951.29,1873909374.72,367865677.04,-15953618.82,-109149090.8,242543488.99,2009-12-30,正常票,2027363401.85,1986561260.1,1524619927.74,9070867.99,35959538.36,395613434.13,1265650959.66,1098731991.63,1850088521.33,23820853.39,490473576.57,340036092.05517924,2631879352.507087
2010-01-04,sh.600337,9.41,9.57,9.15,9.31,9.42,12525719.0,117352021.0,3,3.116416,1,-1.1677,107.557474,3.455975,2.596,-129.740167,0,2009-09-30,46910218.31,59562915.45,62906631.09,313019568.4,645969878.33,2568983025.73,1064864148.1,30595132.43,-85660550.12,-289663513.41,-354360715.54,2009-12-30,正常票,1232835247.67,1173272332.22,746904275.37,15996412.78,30704031.7,139306391.2,1273377926.05,1295605099.68,768497148.1,296367000.0,1504118877.63,401927053.38440055,3741940867.0087695
2010-01-04,sh.600338,15.28,15.28,15.28,15.28,15.28,0.0,0.0,3,,0,0.0,-177.396189,-22.229144,6.147974,139.491516,1,2009-09-30,-25928046.81,-25690751.8,-25923177.07,2168187.17,94716076.99,533541306.66,630637601.26,-4808895.73,-17676700.98,19231728.75,-3253867.96,2009-12-30,正常票,305625368.6,328186253.03,290915758.48,4869.74,-26320546.31,33908590.85,273630522.46,259910784.2,534708098.84,95929502.42,-97096294.6,,
2010-01-04,sh.600339,9.76,10.29,9.64,10.15,9.71,32243308.0,325773197.0,3,7.81121,1,4.5314,-187.487584,4.549256,7.260641,-326.948185,0,2009-09-30,-19288030.28,-21961252.96,-18396070.04,31192744.34,134658335.05,3647369165.41,2453742347.06,63737739.65,-42608795.1,-41260040.67,-20131098.05,2009-12-30,正常票,573840789.64,639496623.58,473232949.58,891960.24,-11955723.34,60726756.08,345394826.52,3301974338.89,1870925047.54,582817299.52,1193626818.35,412782501.0465728,4189742385.622714
2010-01-04,sh.600340,13.91,14.25,13.87,14.08,13.91,1851812.0,26102907.0,3,1.274258,1,1.2221,-66.274587,8.090131,9.496812,-529.165534,1,2009-09-30,-12100435.48,-10548642.74,-12100435.48,25085978.97,41310380.59,325013427.67,72091525.87,22035215.86,-723695.68,-23440853.71,-2163054.36,2009-12-30,正常票,131108451.46,141400323.0,113078914.73,,-12100435.48,38400113.28,120247733.34,204765694.33,72091525.87,,252921901.8,145324730.1566873,2046172200.606157
2010-01-04,sh.600343,14.34,14.45,14.22,14.32,14.32,2226805.0,31919159.0,3,1.203678,1,0.0,176.576069,5.470288,5.625455,619.564172,0,2009-09-30,17465692.65,17134678.97,21046692.15,230688433.79,265157659.55,1019132944.94,488059043.77,-22370204.18,-36924639.46,48557869.0,-10736974.64,2009-12-30,正常票,312370142.95,295235463.98,237652043.67,3580999.5,15660037.55,66579789.35,614108835.25,405024109.69,462932355.75,25126688.02,531073901.17,185000058.15508798,2649200832.78086
2010-01-04,sh.600345,13.49,14.11,13.31,13.9,13.49,9902365.0,136987356.0,3,5.001194,1,3.0393,85.307942,2.778973,4.871415,38.309469,0,2009-09-30,54144854.8,61743124.15,62098261.91,130464209.85,102931660.02,1614800231.58,491032087.08,-4323942.64,94080084.32,-33004529.0,56668827.4,2009-12-30,正常票,420213539.24,438339468.7,337810238.89,7953407.11,38640496.22,614832769.68,928827049.41,685973182.17,489747548.72,1284538.36,1123768144.5,198000017.59579813,2752200244.581594
2010-01-04,sh.600346,8.1,8.28,8.09,8.1,8.07,3377085.0,27567213.0,3,1.608136,1,0.3717,-146.884409,5.251701,4.34224,18.896457,0,2009-09-30,-9910005.32,-11747889.96,-10319478.24,178235685.99,248909771.04,1270954120.11,943152276.21,-105251991.68,-134310929.59,308994212.17,69431290.9,2009-12-30,正常票,271557794.37,282642223.95,206064282.01,-409472.92,-10081318.72,143561255.17,624665458.29,646288661.82,582092276.21,361060000.0,327801843.9,209999962.68972278,1700999697.7867544
2010-01-04,sh.600348,48.37,48.6,47.77,48.18,48.37,9221883.0,444903104.0,3,0.958616,1,-0.3928,23.795246,8.1659,2.335724,19.790076,0,2009-09-30,1423426582.58,1926234356.85,1924496346.02,670194798.1,544425396.69,13482589172.37,7397634585.51,2697683020.97,-1094478099.8,755428594.78,2358757674.82,2009-12-30,正常票,14368672715.89,12442438359.04,11467244297.08,501069763.44,1391673181.86,4597258710.13,8048942321.11,5433646851.26,5475173565.97,1922461019.54,6084954586.86,961999695.3941933,46349145324.09223
2010-01-04,sh.600350,5.28,5.31,5.21,5.23,5.26,13599939.0,71615964.0,3,2.040195,1,-0.5703,18.60056,1.952099,4.909404,-140.018835,0,2009-09-30,696788072.0,916092874.0,929856638.0,8135440.0,65758802.0,14448572449.0,5415098765.0,1207168774.0,-636811775.0,2287222.0,572644221.0,2009-12-30,正常票,2677905728.0,1732388702.0,1346205309.0,233068566.0,698283133.0,905137807.0,1073595553.0,13374976896.0,3915664747.0,1499434018.0,9033473684.0,666599957.3570173,3486317776.9772005
2010-01-04,sh.600351,16.8,17.73,16.72,17.57,16.69,12395341.0,216136277.0,3,3.916676,1,5.2726,44.64493,6.485263,3.929123,22.344754,0,2009-09-30,108538981.79,125508757.48,130950073.17,129472503.44,306706921.01,2157538067.06,1272947264.04,269095422.28,-221002274.01,169893600.48,217996733.7,2009-12-30,正常票,1089322882.17,964130275.79,705697859.41,22411091.38,108751379.34,616824831.57,1200259718.19,957278348.87,828864707.5,444082556.54,884590803.02,316476037.33369833,5560483975.95308
2010-01-04,sh.600352,11.49,11.75,11.28,11.65,11.42,24157973.0,278447119.0,3,1.832927,1,2.014,29.750427,4.05829,3.739944,18.462973,0,2009-09-30,505082841.59,548230905.57,551023090.57,1019340074.62,1021607357.33,9110475965.92,5121021356.46,460142102.83,-769502057.04,1312627173.8,1001916248.25,2009-12-30,正常票,3215987325.23,2713695559.95,2361207057.38,45940248.98,488397285.52,2308087772.98,5574621888.91,3535854077.01,3230630985.71,1890390370.75,3989454609.46,1317999734.8503242,15354696911.006277
2010-01-04,sh.600353,13.1,13.15,12.9,13.03,13.02,2968251.0,38671893.0,3,2.621193,1,0.0768,76.846603,3.60185,5.02842,59.538026,0,2009-09-30,17922352.42,20794798.01,20749815.19,131160910.32,116940522.98,608457775.29,198820540.87,5328292.79,-4786421.04,6544104.58,7085976.33,2009-12-30,正常票,211968282.8,191263484.79,147108447.06,2827462.77,17956387.32,158648607.5,474803974.53,133653800.76,197626031.05,1194509.82,409637234.42,113240459.59225437,1475523188.4870744
2010-01-04,sh.600354,18.63,19.96,18.62,19.18,18.15,13701540.0,266092285.0,3,7.36775,1,5.6749,5922.501732,6.859168,2.918803,-30.23546,0,2009-09-30,-19324357.51,-18320514.94,-18133908.1,177461513.51,408510453.68,1990165106.05,1295911655.86,367033027.26,-107704946.68,-406557084.61,-147229004.03,2009-12-30,正常票,743394477.34,763329705.69,590827755.38,1190449.41,-55176886.7,364419650.18,1283892049.83,706273056.22,1280796700.42,15114955.44,694253450.19,185966407.65498284,3566835698.822571
2010-01-04,sh.600355,7.14,7.24,7.01,7.14,7.14,4794386.0,34299689.0,3,2.260135,1,0.0,-20.845256,3.268005,10.565223,39.410441,0,2009-09-30,-31258161.67,-41229441.16,-32081577.13,77344388.15,165682457.7,639678785.23,102115866.27,20652727.87,-1006671.83,7637356.5,27268180.72,2009-12-30,正常票,118836480.94,165217501.42,83772423.91,-823415.46,-31258161.67,103771582.93,376913575.99,262765209.24,99955246.46,2160619.81,537562918.96,212128302.07045156,1514596076.783024
2010-01-04,sh.600356,13.11,13.25,12.98,13.06,13.12,1848941.0,24211464.0,3,2.12522,1,-0.4573,26.410216,2.284792,2.340857,31.7673,0,2009-09-30,72793348.41,94641390.16,96341334.63,183543297.67,229146226.34,1682810270.26,568009132.23,76632383.73,-58892458.79,21750718.57,39490643.51,2009-12-30,正常票,816386930.44,721745540.28,589008217.33,23547986.22,72234493.39,194294018.17,812615248.04,870195022.22,451009132.23,117000000.0,1114801138.03,86999981.17841917,1136219754.1901546
2010-01-04,sh.600358,6.43,6.5,6.35,6.36,6.41,7351132.0,47286623.0,3,1.701651,1,-0.78,245.006036,4.951538,14.742134,26.478189,0,2009-09-30,2799475.48,-1740859.79,4651134.65,6885260.21,11579459.21,1014915325.62,416356014.06,-8478935.65,-9228802.65,88362849.25,70655110.95,2009-12-30,正常票,138088692.98,140866280.06,46877833.52,1851659.17,3317048.96,142595743.08,382644520.22,632270805.4,349754809.86,66601204.2,598559311.56,431999981.19473386,2747519880.3985076
2010-01-04,sh.600359,20.87,20.87,20.87,20.87,20.87,0.0,0.0,3,,0,0.0,-220.800438,6.866512,4.265859,38.094898,0,2009-09-30,30772454.06,26579675.09,30772454.06,78217178.44,677658050.97,2934226479.26,1825606922.3,11682125.08,-111705049.56,125104977.79,25082053.31,2009-12-30,正常票,1076591883.69,1053940422.9,910028355.29,,18832671.87,342916933.02,1512558867.61,1421667611.65,1385001308.96,440605613.34,1108619556.96,,
2010-01-04,sh.600360,7.55,7.97,7.45,7.74,7.49,45905142.0,355304407.0,3,11.188357,1,3.3378,-131.729302,2.747653,4.642563,146.96304,0,2009-09-30,-11973604.57,-17021852.61,-6114216.66,297794210.48,273893393.86,2550085391.36,1060577559.04,84592891.11,-65778302.85,-40941563.44,-24216971.26,2009-12-30,正常票,817222303.52,851841036.42,702388860.44,5859387.91,-12387841.25,348836670.25,1090842772.17,1459242619.19,910844653.54,149732905.5,1489507832.32,410293861.7350161,3175674489.829025
2010-01-04,sh.600361,9.74,10.02,9.65,9.9,9.57,17146224.0,170075753.0,3,3.536705,1,3.4483,65.323644,2.70278,0.529579,25.488291,0,2009-09-30,60399364.45,79864569.25,80297848.18,6489105.22,731556020.43,5420260395.06,3644459850.94,283027559.97,-115270516.11,-7457413.64,160299630.22,2009-12-30,正常票,6905804111.68,6829165525.79,5530987657.44,19898483.73,60399364.45,2304150630.18,3704449508.19,1715810886.87,3516621749.76,127838101.18,1775800544.12,484807864.947741,4799597862.9826355
2010-01-04,sh.600362,40.34,41.12,40.1,40.2,40.21,13469261.0,549593132.0,3,3.812665,1,-0.0249,-1661.928509,5.432068,2.689429,-40.056668,0,2009-09-30,1786580050.0,2318401774.0,2353452670.0,1488592894.0,10098455376.0,39639489380.0,16937123293.0,2544972701.0,-2391195894.0,262626250.0,416403057.0,2009-12-30,正常票,34407512143.0,32158654850.0,30847376023.0,566872620.0,1762845682.0,4556726818.0,22447428442.0,17192060938.0,11627591372.0,5309531921.0,22702366087.0,353276802.4465827,14201727458.352625
2010-01-04,sh.600363,11.0,12.19,10.89,11.71,11.09,35832591.0,413310715.0,3,9.663414,1,5.5906,154.259054,5.094709,3.947311,-392.872326,0,2009-09-30,27107374.46,25897141.61,30310127.25,420542981.11,284710100.65,1801289937.31,792542250.33,-10882381.58,-49623957.21,34520192.57,-25937698.11,2009-12-30,正常票,820039679.12,814184899.65,668406484.11,3202752.79,22826813.38,163114185.91,1007506486.09,793783451.22,642215307.66,150326942.67,1008747686.98,370806745.9388577,4342146994.944024
2010-01-04,sh.600365,11.87,11.9,11.52,11.68,11.79,7031153.0,82264107.0,3,5.022252,1,-0.933,1189.225786,8.426767,21.075693,-1298.574494,0,2009-09-30,304435.64,-862770.13,118372.54,40146006.63,75314328.93,294636289.66,100587957.08,7354222.04,-13760.68,-12693861.35,-5353399.99,2009-12-30,正常票,55058444.04,55921214.17,28115973.75,-186063.1,304435.64,1871042.49,148072156.57,146564133.09,100587957.08,,194048332.58,140000003.98227727,1635200046.5129986
2010-01-04,sh.600366,15.47,15.52,15.13,15.14,15.35,6693991.0,102055659.0,3,1.691395,1,-1.3681,15.932535,3.800404,6.351505,158.87795,0,2009-09-30,370110419.51,426812272.82,431829157.57,225133476.02,228949349.63,2374405698.86,693742946.09,80923793.8,27854925.18,-61301132.93,47477586.05,2009-12-30,正常票,698647994.29,637855833.22,516794146.89,61718738.06,357677964.8,394242337.33,1124713619.93,1249692078.93,551432023.97,142310922.12,1680662752.77,395767458.2223549,5991919317.486453
2010-01-04,sh.600367,9.67,10.3,9.61,10.01,9.71,12197675.0,121346527.0,3,7.923357,1,3.0896,-88.401831,2.759742,4.080261,27.868893,0,2009-09-30,-14143398.19,-11180038.36,-8821442.93,165393374.38,235459663.66,1432814293.75,224320840.07,115931772.56,-38562179.13,-8998087.92,68371505.51,2009-12-30,正常票,511153156.87,520511077.54,405020645.16,5321955.26,-11578849.55,440141079.05,964879287.34,467935006.41,213690200.01,10630640.06,1208493453.68,153945795.95492163,1540997417.5087655
2010-01-04,sh.600368,7.77,8.29,7.73,7.91,7.6,33965784.0,270470440.0,3,6.110408,1,4.0789,39.87027,2.099552,19.865289,-43.458003,0,2009-09-30,79879374.53,80160518.73,80345757.14,4864902.99,340772024.51,3555096125.53,1336137978.52,-17129652.15,-480802529.59,536433700.67,38501518.93,2009-12-30,正常票,167895434.38,101756063.68,43938851.01,466382.61,81310214.16,537549434.02,1320264980.62,2234831144.91,487390046.98,848747931.54,2218958147.01,555867693.2866021,4396913453.897023
2010-01-04,sh.600369,19.13,19.15,18.55,18.57,18.99,10356693.0,194578309.0,3,4.30712,1,-2.2117,80.544199,8.341824,53.763192,5.339422,0,2009-09-30,601807972.62,739068875.69,735961189.69,,,13601830669.72,9363599649.53,4223269589.83,-118267881.66,-50474.0,4104981620.47,2009-12-30,正常票,,,,,,9908495630.03,,,,,,240455176.5448838,4465252628.438492
2010-01-04,sh.600370,7.56,7.61,7.36,7.37,7.54,8477674.0,63032181.0,3,2.658431,1,-2.2546,231.670563,2.100448,2.451791,-47.352067,0,2009-09-30,20004711.44,24286318.48,24386318.48,121800005.3,227096450.41,1484558705.37,210200016.21,4570056.91,-53318551.92,-733750.0,-50071883.74,2009-12-30,正常票,705824256.59,681537938.11,653973384.3,4381607.04,16605627.85,246293921.77,669740230.63,814818474.74,210200016.21,,1274358689.16,318897650.53146005,2350275684.4168606
2010-01-04,sh.600371,13.2,13.59,12.9,12.94,12.93,8166156.0,108489442.0,3,5.268488,1,0.0773,56.14388,6.282684,3.246495,-19.050808,0,2009-09-30,28586036.98,45491476.79,46233141.0,436247.39,242720940.99,653610812.54,314016363.24,286154151.16,-15991439.54,-317277331.11,-47114619.49,2009-12-30,正常票,510123570.2,464632093.41,351425768.51,17647104.02,23831535.69,50020725.12,358118884.62,295491927.92,310194863.24,3821500.0,339594449.3,154999992.4076889,2005699901.755494
2010-01-04,sh.600372,8.34,8.34,8.34,8.34,8.34,0.0,0.0,3,,0,0.0,-16.005839,5.743531,3.498939,-13.311196,1,2009-09-30,39671934.06,55054479.18,58160928.48,275060991.88,133598457.68,976093002.72,267765330.67,8461557.33,-116545572.6,-40026881.18,-148110896.99,2009-12-30,正常票,1047770213.88,980366121.51,824732317.89,18488994.42,39668188.34,109150644.19,620473480.42,355619522.3,227989340.19,39775990.48,708327672.05,,
2010-01-04,sh.600373,12.13,12.45,12.04,12.06,12.09,4307794.0,52471801.0,3,2.29749,1,-0.2481,-9.897304,30.290366,4.048117,-85.787342,0,2009-09-30,-84926604.31,-60375416.59,-61259160.37,64627196.31,355292440.3,987955033.13,913202301.71,56563049.47,-18473864.05,-56539021.66,-18449836.24,2009-12-30,正常票,495604345.87,556163774.9,514073121.63,23667443.94,-84926551.37,33424067.64,493292281.22,494662751.91,744662301.71,168540000.0,74752731.42,187500010.8814402,2261250131.230169
2010-01-04,sh.600375,15.2,15.35,14.8,15.01,14.9,5840020.0,87950151.0,3,3.114989,1,0.7383,64.639699,5.40966,1.30143,37.562021,0,2009-09-30,53060315.95,65881325.15,66395815.37,307618504.36,377534559.71,1756194619.28,1235996805.28,588733309.18,-9767273.42,-405272668.84,174515614.96,2009-12-30,正常票,1895558748.09,1829677422.94,1684016735.59,13335499.42,53060315.95,496838941.39,1317897673.21,438296946.07,1235996805.28,,520197814.0,187481239.90164974,2814093410.923763
2010-01-04,sh.600376,19.75,19.79,19.4,19.42,19.68,4387838.0,85867168.0,3,2.435533,1,-1.3211,30.130101,2.545404,4.169169,2.974147,0,2009-09-30,379409920.83,563834590.38,556011009.52,42444820.52,16682074281.47,31838889440.17,22810562994.66,-154174555.41,426308637.85,6694519775.78,6966653337.33,2009-12-30,正常票,2670198957.81,2116502837.65,1359065635.49,176601088.69,408947281.48,9766712238.18,28545589528.23,3293299911.94,15229268912.42,7581294082.24,9028326445.51,180159250.56240258,3498692645.9218583
2010-01-04,sh.600377,7.18,7.18,7.0,7.01,7.14,5526100.0,39196899.0,3,1.304131,1,-1.8207,19.351879,2.180833,6.427377,-1016.154868,0,2009-09-30,1556990609.0,2037423335.0,2038254117.0,47684189.0,49443904.0,24778039512.0,8146258378.0,1737776598.0,-22698287.0,-1598051375.0,117026936.0,2009-12-30,正常票,4184190403.0,2279835446.0,1767650750.0,481263508.0,1518156204.0,577620200.0,1225172135.0,23552867377.0,3630680121.0,4515578257.0,16631781134.0,423738106.0644982,2970404123.512132
2010-01-04,sh.600378,11.35,11.4,10.98,11.19,11.28,6843780.0,76061093.0,3,2.786393,1,-0.7979,71.293738,6.043397,5.226001,114.404363,0,2009-09-30,24807033.41,26845125.51,27167281.09,94858207.35,105394389.55,716563854.57,242865107.01,14030015.15,-2657281.71,-1520000.0,9852733.44,2009-12-30,正常票,334726410.08,300379112.44,240578500.01,2360247.68,23654564.69,250435479.92,505828673.54,210735181.03,241738767.73,1126339.28,473698747.56,245614312.12323603,2748424152.659011
2010-01-04,sh.600379,12.9,13.0,12.47,12.65,12.85,5755543.0,72715021.0,3,3.443514,1,-1.5564,303.561296,8.312888,6.166826,182.140709,0,2009-09-30,8238408.88,6862371.26,9684217.92,156804473.46,128649436.14,578787050.41,249265533.72,16316509.36,-13884059.14,15490241.58,17922691.8,2009-12-30,正常票,330723978.36,323954299.46,248791233.83,1445809.04,7614518.62,73714915.78,409999796.8,168787253.61,216065533.72,33200000.0,329521516.69,167141559.46512777,2114340727.2338662
2010-01-04,sh.600380,11.68,12.28,11.68,12.06,11.68,24600123.0,296259673.0,3,2.240705,1,3.2534,43.205655,4.457221,3.930065,49.295255,0,2009-09-30,554078964.1,635414854.26,638821664.83,726217728.76,442618358.35,6008798052.97,1833670468.42,454593308.53,189388224.36,-464133070.01,179712416.83,2009-12-30,正常票,2670486403.01,2152699341.7,1197792257.64,84742700.73,335673834.21,1024714299.97,2837618143.72,3171179909.25,1379977762.85,453692705.57,4175127584.55,1097874240.4734223,13240363340.109474
2010-01-04,sh.600381,7.49,7.75,7.49,7.54,7.48,5862586.0,44642066.0,3,1.913477,1,0.8021,108.116953,-10.569765,44.152519,562.126286,1,2009-09-30,53719147.33,8004467.03,57640709.44,6919407.32,1148687.8,382415831.87,558982040.25,13328889.18,-6953311.71,-1183769.59,5191807.88,2009-12-30,正常票,37755629.97,31994933.17,13158455.0,3921562.11,51039051.81,5481640.39,61346195.93,321069635.94,454341048.37,104640991.88,-176566208.38,306383928.31479025,2310134819.4935184
2010-01-04,sh.600382,8.99,9.0,8.57,8.61,8.88,19020085.0,165291630.0,3,6.828201,1,-3.0405,292.465214,3.556153,4.579212,-164.808803,0,2009-09-30,24321517.18,13165734.45,30532914.17,165802613.37,461301244.14,1673485816.76,829753467.0,-250391038.08,35338143.82,116980718.92,-98072175.34,2009-12-30,正常票,448936571.06,459859292.07,384829775.44,6211396.99,23777521.28,40322272.91,946370153.45,727115663.31,797056792.38,32696674.62,843732349.76,278551920.1909844,2398332032.8443756
2010-01-04,sh.600383,13.87,13.93,13.49,13.51,13.88,57702532.0,786986980.0,3,2.644964,1,-2.6657,26.651139,2.396338,3.160896,19.119385,0,2009-09-30,918947104.99,1166297968.0,1176740600.06,13672103.57,34613543478.39,49946239786.21,34725683881.26,1580461151.22,-710913382.3,4619882789.92,5488933926.65,2009-12-30,正常票,5207040283.26,4050428938.75,3167539752.64,257793495.07,769126739.89,10285589919.79,48577692196.84,1368547589.37,21681564258.3,13044119622.96,15220555904.95,2181599900.7926006,29473414659.708035
2010-01-04,sh.600385,6.91,7.1,6.85,6.9,6.94,4343701.0,30339441.0,3,3.042365,1,-0.5764,-52.178221,-4.491586,229.595968,-49640.513397,1,2009-09-30,-6867518.69,-12936730.59,-6867518.69,1182060.33,5435352.13,55127210.69,282650247.06,-336285.25,,352921.54,16636.29,2009-12-30,退市票,2256773.04,14994258.03,1388603.16,,-6867518.69,250199.06,8612890.96,46514319.73,282650247.06,,-227523036.37,142773828.9127044,985139419.4976605
2010-01-04,sh.600386,14.65,15.09,14.4,14.95,14.6,5186303.0,76958951.0,3,1.286285,1,2.3973,44.791789,6.251721,4.452196,108.479574,0,2009-09-30,95447485.95,95441712.61,109588683.22,147240291.85,67750083.03,1687540526.58,656001153.84,161250203.69,-50203991.44,-81272214.21,29773998.04,2009-12-30,正常票,1085787850.43,992597054.61,799444943.02,14141197.27,87886309.27,487923442.34,787542972.71,899997553.87,344602535.68,311398618.16,1031539372.74,403200146.15734464,6027842185.052302
2010-01-04,sh.600387,14.24,14.58,14.2,14.3,14.09,5705581.0,82198367.0,3,1.923986,1,1.4904,28.705639,4.576656,5.107691,-79.545595,0,2009-09-30,201275706.33,59811662.66,264898570.68,24727353.03,236251183.42,1690151430.62,721868430.33,-142752620.69,190605830.86,-36127537.2,11725672.97,2009-12-30,退市票,603651640.92,616615206.19,548479466.78,63622864.35,200518058.41,63664303.26,374276059.23,1315875371.39,681489057.82,40379372.51,968283000.29,296550026.87129736,4240665384.2595525
2010-01-04,sh.600388,34.28,34.29,33.5,33.73,34.34,4938676.0,166915719.0,3,2.957291,1,-1.7764,26.959707,3.744797,2.060426,19.40123,0,2009-09-30,185543590.4,223976655.81,236069340.2,687232591.14,1845077310.03,4862046403.64,2945081269.39,-67398466.95,-66999533.81,461420065.79,327018057.27,2009-12-30,正常票,2473917542.58,2251426114.11,2012776327.83,50525749.8,179609335.37,797306424.57,4287515576.32,574530827.32,2908527579.19,36553690.2,1916965134.25,167000001.01444194,5632910034.217126
2010-01-04,sh.600389,16.08,16.64,16.01,16.31,15.93,6877306.0,112415857.0,3,7.152238,1,2.3854,-73.309248,3.609696,1.428713,-40.139156,0,2009-09-30,-60320461.34,-57100875.31,-53083665.42,150431754.79,268204798.17,3477304183.87,2487461535.13,-113580249.55,-146466758.71,242346578.17,-28352955.72,2009-12-30,正常票,1802845107.19,1861032266.66,1650668219.26,7236795.92,-64869534.79,258531360.92,803869685.22,2673434498.65,1531920662.32,955540872.81,989842648.74,96156000.40155263,1568304366.5493233
2010-01-04,sh.600390,13.66,13.78,13.5,13.66,13.56,1655182.0,22599548.0,3,1.506206,1,0.7375,-139.209943,3.203971,2.236074,-18.29932,0,2009-09-30,-14925027.31,-13128156.73,-10688309.29,261642164.99,238188325.19,1416243942.07,652181861.83,8660081.33,-52927230.51,-8798463.75,-53070722.78,2009-12-30,正常票,737935740.48,755261647.21,654805901.24,4236718.02,-17312424.73,88766526.32,654546851.32,761697090.75,570790451.25,81391410.58,764062080.24,109890811.74819382,1501108488.4803276
2010-01-04,sh.600391,23.27,23.9,23.02,23.66,23.25,2256442.0,52878834.0,3,3.142624,1,1.7634,38.929927,5.497485,2.902795,71.861248,0,2009-09-30,51280002.87,57335952.93,56429855.41,184204124.27,449634746.71,1581115165.28,1012174648.81,106366998.33,-69474472.65,4104425.03,40996950.71,2009-12-30,正常票,757847771.2,700511818.27,574336859.45,5149852.54,51677285.49,144020388.09,808315065.82,772800099.46,550915232.27,461259416.54,568940516.47,71801208.16235095,1698816585.1212234
2010-01-04,sh.600392,25.85,25.96,25.5,25.68,25.85,4208792.0,107948070.0,3,2.687607,1,-0.6576,306.149788,7.950828,7.901876,-100.689745,0,2009-09-30,17160308.38,17059012.62,21229688.04,254801630.86,107176204.9,1411081287.49,901522971.82,-28213348.2,-18636520.01,-7112884.26,-53962752.47,2009-12-30,正常票,338531103.83,321651283.31,260377745.48,4069379.66,17259830.15,186630776.77,1034300036.35,376781251.14,895720241.82,5802730.0,509558315.67,156599979.08920464,4021487463.010775
2010-01-04,sh.600393,11.38,11.55,11.03,11.07,11.56,8791365.0,98252653.0,3,3.040154,1,-4.2388,26.649222,3.838999,2.247907,-3167.228521,0,2009-09-30,42070479.43,65405397.17,66273223.66,21275203.73,1830312599.65,2819407820.95,1864568647.25,209165231.82,-26256681.38,-120570727.93,62337822.51,2009-12-30,退市票,828144463.49,762739066.32,609270790.2,24202744.23,42147436.38,171912998.9,2655464272.04,163943548.91,1754068647.25,110500000.0,954839173.7,289174989.16173327,3201167130.020387
2010-01-04,sh.600395,29.8,29.87,28.87,28.89,29.44,5203532.0,151537216.0,3,1.953933,1,-1.8682,40.602601,6.145495,7.500925,109.868451,0,2009-09-30,680341772.53,805382962.72,801069986.08,109840045.63,232660449.79,7023394580.61,1809330126.79,1363381268.26,-547277510.48,-355536758.16,460566999.62,2009-12-30,正常票,3378900041.68,2573517078.96,2122846749.96,120728213.55,681315233.7,832030636.41,2373788887.07,4649605693.54,1213805632.63,595524494.16,5214064453.82,266310666.74241132,7693715162.188263
2010-01-04,sh.600396,8.78,8.82,8.67,8.7,8.71,3188327.0,27845369.0,3,1.126651,1,-0.1148,131.26337,2.88375,1.589393,5.843425,0,2009-09-30,36194245.24,37405740.87,39210745.3,190143471.78,180347525.5,7757255865.94,6079402903.92,322865820.95,-1230020419.82,1338255934.1,431101334.94,2009-12-30,正常票,1391922459.65,1384178730.21,1135042221.05,3016500.06,24838317.13,825463469.6,2602342916.35,5154912949.59,3147944572.69,2931458331.23,1677852962.02,282991538.6397385,2462026386.1657248
2010-01-04,sh.600397,14.97,15.0,14.6,14.61,14.69,3535413.0,52116502.0,3,1.313147,1,-0.5446,-19.550823,6.641487,4.601856,62.399426,0,2009-09-30,7543392.75,1615832.24,24849116.74,139577802.73,107972360.07,1925251643.83,1285963239.66,118143027.19,-28212700.91,-4878133.03,85057929.7,2009-12-30,正常票,621873423.0,622915454.39,457008744.63,17305723.99,10341363.91,197983978.39,532919971.29,1392331672.54,1023057439.66,262905800.0,639288404.17,269232081.4044429,3933480709.3189106
2010-01-04,sh.600398,5.58,5.72,5.56,5.65,5.59,11378850.0,64084672.0,3,2.294004,1,1.0733,52.682415,1.995282,3.539011,-15.41546,0,2009-09-30,44217350.01,43670964.24,50711209.0,112568626.54,226836613.3,2172794198.06,293951756.41,35249778.13,151631609.54,-149659520.42,35230235.1,2009-12-30,正常票,725461425.27,681790461.03,574369617.72,6493858.99,47678915.46,667238618.73,1087269965.51,1085524232.55,292551756.41,1400000.0,1878842441.65,496025726.1975131,2802545353.0159492
2010-01-04,sh.600399,8.35,8.38,8.25,8.31,8.24,2215980.0,18428202.0,3,0.953254,1,0.8495,192.60426,2.66774,1.103513,10.944414,0,2009-09-30,14073604.74,19876737.04,20430502.41,536301498.31,1172602956.29,5398075533.69,3778277465.17,168642728.33,-164823027.42,447701456.37,451100020.43,2009-12-30,正常票,3107237326.47,3088896981.8,2863003403.46,6356897.67,14073604.74,1284836716.05,3300112165.02,2097963368.67,3764609956.94,13667508.23,1619798068.52,232464799.51828158,1931782483.99692
2010-01-04,sh.600400,6.59,6.64,6.44,6.45,6.58,7700912.0,50087272.0,3,3.367178,1,-1.9757,89.4061,2.197536,2.680918,36.991454,0,2009-09-30,18108679.97,28118409.69,29771478.18,314115800.57,1717338936.18,4141067656.99,2786264040.46,344487361.59,-83868242.75,-187077189.54,73541929.3,2009-12-30,正常票,702463905.28,677011927.06,546313117.55,11662798.21,18033079.33,569976520.81,3188603085.2,952464571.79,1651180889.16,1135083151.3,1354803616.53,228705224.3748326,1475148697.2176702
2010-01-04,sh.600401,2.78,2.78,2.78,2.78,2.78,0.0,0.0,3,,0,0.0,-10.803864,6.916606,1.837873,46.592286,1,2009-09-30,2696472.28,1410901.43,6700871.91,61793534.24,53740059.92,1262064059.52,1139273649.1,46642342.36,4322315.07,-20592190.43,30434677.71,2009-12-30,退市票,277344675.36,285830157.62,198035314.98,4004399.63,1696358.74,52549320.39,301159451.29,960904608.23,143643649.1,995630000.0,122790410.42,,
2010-01-04,sh.600403,12.97,12.97,12.97,12.97,12.97,0.0,0.0,3,,0,0.0,76.3613,5.473743,5.333705,16.88609,0,2009-09-30,53921094.63,59883651.41,63806826.91,80278610.37,16182369.05,474337707.98,68182292.88,14164249.81,3719624.68,4949886.42,22833758.4,2009-12-30,正常票,247427439.25,187543787.84,121464732.64,9885732.28,18454619.58,318897435.51,444168883.58,30168824.4,57291792.88,10890500.0,406155415.1,,
2010-01-04,sh.600405,9.9,10.0,9.73,9.9,9.78,7322611.0,72576188.0,3,3.508893,1,1.227,41.832317,5.411161,3.334975,35.808451,0,2009-09-30,24498177.69,27714820.86,28973079.0,329512532.03,306037319.39,879041826.76,496827548.96,32236156.85,-5558660.35,2521194.57,29294808.98,2009-12-30,正常票,395155769.3,366898821.19,249214247.58,4474901.31,24468286.12,124681435.05,791144975.15,87896851.61,496827548.96,,382214277.8,208687212.74772415,2066003406.202469
2010-01-04,sh.600406,48.9,49.0,47.75,48.0,48.96,1377951.0,66169747.0,3,0.540246,1,-1.9608,68.496764,12.604444,8.961156,-124.267696,0,2009-09-30,169604270.53,149159280.56,190680997.1,791755934.0,731425155.49,2435264621.31,1463950027.71,-245000475.25,-170892280.94,53759873.17,-362254477.62,2009-12-30,正常票,1213609525.35,1071632805.99,831081566.52,21076726.57,170135291.19,317061001.59,1999763669.47,435500951.84,1461087027.71,2863000.0,971314593.6,255059917.1488544,12242876023.145012
2010-01-04,sh.600408,8.56,8.6,8.41,8.42,8.51,9828026.0,83291694.0,3,1.184385,1,-1.0576,-21.626311,2.859617,2.142541,6.512296,0,2009-09-30,-226016630.89,-194184087.19,-196546967.83,816866874.07,557328084.03,6484119595.64,3329669844.9,60817943.73,-154642807.16,1204511255.44,1110848747.84,2009-12-30,正常票,2645142490.01,2873250090.77,2606463905.03,29469663.06,-214400791.37,1616885542.39,3813988924.96,2670130670.68,2471171276.92,858498567.98,3154449750.74,829799938.3646365,6986915481.03024
2010-01-04,sh.600409,8.69,8.7,8.44,8.49,8.62,17735264.0,150832857.0,3,1.888466,1,-1.5081,-109.495318,3.233464,2.374114,-6.374764,0,2009-09-30,23132071.08,35465271.68,36987372.3,197717376.71,184144611.25,5739595292.67,3209951737.65,-474694991.04,-455858601.47,250195601.67,-680357990.84,2009-12-30,正常票,2605108188.47,2570089995.93,2231415474.45,13855301.22,12079187.46,374749067.22,1279326814.1,4460268478.57,2379058285.11,830893452.54,2529643555.02,939135997.153245,7973264615.83105
2010-01-04,sh.600410,16.98,17.7,16.62,17.33,16.98,9610150.0,165553841.0,3,2.313846,1,2.0612,42.341163,5.398498,2.695758,-73.230213,0,2009-09-30,141309351.94,165581345.97,164994667.76,598824401.65,916798957.35,2994531298.92,1391778214.73,-160780719.84,-123502927.67,18239276.64,-266460472.43,2009-12-30,正常票,2241412506.27,2074975719.67,1806548873.31,23685315.82,144803944.1,784338378.86,2730753305.06,263777993.86,1344853438.28,46924776.45,1602753084.19,415332308.20028645,7197708901.110964
2010-01-04,sh.600415,44.8,45.19,43.55,43.64,44.73,3134395.0,138193145.0,3,1.042611,1,-2.4368,38.023325,4.898757,10.400886,-13.16837,0,2009-09-30,607052707.58,801922143.77,811060686.52,41287618.76,3359837355.31,12363329339.82,6263472501.71,-157035241.74,-339265095.64,201253537.19,-295046800.19,2009-12-30,正常票,1981627909.37,1179705765.6,897637093.96,204007978.94,601762628.04,378608670.12,3958143836.82,8405185503.0,6083472501.71,180000000.0,6099856838.11,300629381.4279727,13119466205.516727
2010-01-04,sh.600416,24.2,25.15,24.01,24.66,24.1,9073169.0,223935823.0,3,3.860923,1,2.3237,43.179637,4.57296,1.236789,33.82335,0,2009-09-30,176427929.0,208741624.0,211215437.0,1420966600.0,1224314465.0,6065065310.0,4488119563.0,-108041557.0,24756491.0,188169456.0,104884390.0,2009-12-30,正常票,3525282164.0,3321134744.0,2784561063.0,34787508.0,98895727.0,1092704674.0,4406547741.0,1658517569.0,4119605701.0,368513862.0,1576945747.0,234999998.70497286,5795099968.0646305
2010-01-04,sh.600418,10.77,10.94,10.7,10.7,10.65,24278838.0,262458412.0,3,2.756239,1,0.4695,141.809257,3.251371,0.794097,2.489086,0,2009-09-30,257327910.23,256990214.87,275540919.16,845594496.62,932738849.05,16129888334.03,11812641361.35,6258019841.53,-530828029.39,-187199308.99,5539127086.01,2009-12-30,正常票,14866394963.14,14611614434.84,12691376202.7,18213008.93,255583527.38,6257032804.17,9272239260.83,6857649073.2,11198797285.05,613844076.3,4317246972.68,880868386.2321084,9425291732.68356
2010-01-04,sh.600419,10.82,10.82,10.6,10.69,10.71,1129652.0,12100052.0,3,1.409247,1,-0.1867,55.820366,5.565491,2.047531,-132.70242,1,2009-09-30,1652206.17,-20209727.17,1667718.05,23605995.0,104735000.33,425638594.55,271665489.21,-10209413.67,-24907037.81,34285460.3,-830991.18,2009-12-30,正常票,254852907.78,274103390.56,234435051.46,15511.88,1053853.1,8751707.91,154093217.53,271545377.02,268114529.2,3550960.01,153973105.34,80159971.95665488,856910100.2166406
2010-01-04,sh.600420,14.25,14.52,13.9,14.49,14.04,3714335.0,53268395.0,3,1.290895,1,3.2051,63.229316,7.110691,3.863123,137.296372,0,2009-09-30,72929406.07,83002520.82,86920866.3,128686397.99,154199414.57,996995891.64,315985668.73,119131558.85,-64611185.34,-21084927.75,33354194.07,2009-12-30,正常票,949011524.94,860882364.87,669462053.03,13991460.23,56619697.27,227679968.2,642257233.78,354738657.86,308468248.43,7517420.3,681010222.91,287733316.8073314,4169255760.538232
2010-01-04,sh.600421,8.95,9.09,8.82,8.97,8.99,1283277.0,11441587.0,3,0.912743,1,-0.2225,-6.161289,-6.512492,88.52151,-4042.379772,1,2009-09-30,-18927832.19,-19262480.38,-18635044.35,1844290.64,2079181.67,78179461.58,347204687.06,110686.56,-137329.91,-8577.09,-35220.44,2009-12-30,正常票,14595841.79,33858322.17,12335943.48,292787.84,-18919282.55,613077.12,7598783.61,70580677.97,347204687.06,,-269025225.48,140595655.07486776,1261143026.0215638
2010-01-04,sh.600422,10.66,10.8,10.55,10.66,10.62,2609842.0,27803683.0,3,0.830694,1,0.3766,65.487147,5.172717,2.390616,-163.423342,0,2009-09-30,46074189.5,49963227.9,52752117.87,251445061.04,238243926.11,1220322930.67,503745779.81,51332250.54,-14029587.75,-45487922.14,-8185240.22,2009-12-30,正常票,1035991018.53,986027790.63,684009497.5,6677928.37,40890276.32,127885857.87,784902719.69,435420210.98,469745779.81,34000000.0,716577150.86,314176098.53929365,3349117210.42887
2010-01-04,sh.600423,13.61,14.88,13.61,14.51,14.17,27363712.0,391082180.0,3,10.278158,1,2.3994,-133.225344,2.828057,2.690171,35.806325,0,2009-09-30,3313830.2,-7384433.17,3627606.29,58632070.84,259306883.95,3892408379.25,2453728510.52,138318581.57,-147935658.14,64067839.32,54450762.75,2009-12-30,正常票,1080253865.15,1087818298.32,934812205.3,313776.09,2059996.49,203070144.94,711688582.64,3180719796.61,986247249.3,1467481261.22,1438679868.73,266231673.02935022,3863021575.655872
2010-01-04,sh.600425,22.67,23.7,22.08,23.27,22.56,7355345.0,169367293.0,3,3.00751,1,3.1472,43.149008,5.792242,7.056441,-95.446552,0,2009-09-30,194187993.99,202953771.28,242605764.46,175887440.75,246151541.61,2888299678.19,1326888941.75,285933847.29,-628802042.34,271641615.93,-71226579.12,2009-12-30,正常票,1019738364.45,826837683.79,705117792.53,48417770.47,185420624.07,246554202.58,1144390218.18,1743909460.01,613388941.75,713500000.0,1561410736.44,244565936.60536456,5691049344.806833
2010-01-04,sh.600426,23.41,24.0,23.17,23.18,23.49,5513944.0,129405700.0,3,1.112243,1,-1.3197,32.811182,4.311225,3.078268,-26.928021,0,2009-09-30,331552007.97,390279098.13,390558930.01,19760220.96,225655290.62,5999336364.88,3333856136.48,428795372.31,-500412825.51,22043660.2,-49573793.0,2009-12-30,正常票,2886273557.87,2495994459.74,2279525638.65,59006922.04,331552007.97,530907241.13,1074555906.52,4924780458.36,903126136.48,2430730000.0,2665480228.4,495749939.53659403,11491483598.45825
2010-01-04,sh.600428,10.58,10.69,10.42,10.43,10.55,11061010.0,116598161.0,3,0.844079,1,-1.1374,46.404,3.244539,3.07567,-72.211407,0,2009-09-30,92447452.58,70392394.82,116090947.14,141247082.11,129043206.33,7257315422.09,3001694154.96,-26056487.55,-578059204.28,172986415.59,-437341601.63,2009-12-30,正常票,2904082831.54,2839182248.2,2626669394.94,23643494.56,100832953.02,2258724297.98,2769595613.36,4487719808.73,1542611696.89,1459082458.07,4255621267.13,1310423550.4022727,13667717630.695704
2010-01-04,sh.600429,8.16,8.2,8.03,8.05,8.08,6917316.0,56041854.0,3,1.089341,1,-0.3713,380.095665,8.394832,3.16333,53.205551,0,2009-09-30,-1969795.96,-6927154.89,-1254988.42,191385584.08,238222764.38,1743829966.68,852741580.58,97856237.77,-93875566.81,82451601.34,87893361.84,2009-12-30,正常票,1833040085.29,1905260919.81,1398129742.38,714807.54,198864.31,254529536.95,730900574.15,1012929392.53,826312772.35,26428808.23,891088386.1,635000059.6691028,5111750480.336278
2010-01-04,sh.600432,29.5,29.68,29.15,29.16,29.4,5226858.0,153204108.0,3,0.740991,1,-0.8163,-311.409662,8.103614,32.797913,23.473023,0,2009-09-30,80225072.01,102172788.05,99010323.52,89326057.31,622328539.37,5949051303.5,3074413982.34,4341218.94,-391640821.44,653061054.19,278648941.95,2009-12-30,退市票,690648419.65,601433739.27,479832893.33,18785251.51,77055849.56,1472850665.42,2971036240.08,2978015063.42,2427963548.99,646450433.35,2874637321.16,705387514.8281153,20569099932.387844
2010-01-04,sh.600433,8.4,8.47,8.35,8.39,8.4,2475489.0,20824749.0,3,1.547181,1,-0.119,-127.814053,4.634743,3.239049,32.298549,0,2009-09-30,8903315.38,8895927.51,9968737.69,110471900.99,168956418.72,882001197.84,481115221.96,-42213102.72,-4344450.09,67908603.55,21351050.74,2009-12-30,正常票,429208379.22,420312451.71,345876127.56,1065422.31,8891592.66,145108526.42,470161009.01,411840188.83,441494924.4,39620297.56,400885975.88,159999961.21979266,1342399674.6340606
2010-01-04,sh.600435,23.63,24.58,23.63,24.16,23.38,25474840.0,616002662.0,3,13.395861,1,3.3362,61.285174,6.178564,7.180758,43.766112,0,2009-09-30,103947936.6,112449979.44,115813990.43,474594332.24,284809180.9,2703003149.53,693435167.95,-128089950.12,-69014094.85,578113046.6,381010844.79,2009-12-30,正常票,1274380026.68,1171657239.55,1052002482.2,11866053.83,100081162.14,565673855.05,1701009642.11,1001993507.42,619489169.1,73945998.85,2009567981.58,190169485.93300572,4594494780.141418
2010-01-04,sh.600436,39.5,40.74,39.5,40.51,39.31,1560181.0,62970411.0,3,2.451881,1,3.0527,38.561506,7.255701,8.288813,464.857168,0,2009-09-30,100059450.52,120171937.31,120431264.11,155583500.13,341910192.62,1206595144.12,393810023.91,64206577.22,-26223089.63,-69467193.31,-33545976.29,2009-12-30,正常票,536767433.97,421097743.1,337270756.56,20371813.59,99357193.82,131950470.46,707465183.23,499129960.89,325150251.03,68659772.88,812785120.21,63632003.34763391,2577732455.61265
2010-01-04,sh.600438,10.75,11.15,10.75,10.84,10.5,18791410.0,206057029.0,3,2.733216,1,3.2381,57.688747,5.887405,0.716092,1261.606213,0,2009-09-30,202300444.46,249348257.37,257380453.98,510670192.31,828898959.42,5885836722.28,4220762919.29,363909262.14,-268347774.68,138496247.29,230152515.67,2009-12-30,正常票,8137763257.31,7888704317.32,7354445993.73,55080009.52,202159681.29,751562173.64,2460929171.06,3424907551.22,3067362846.77,1153400072.52,1665073802.99,687520122.8150281,7452718131.314904
2010-01-04,sh.600439,11.68,12.21,11.61,12.1,11.68,22412025.0,267165390.0,3,3.635409,1,3.5959,49.208202,5.722161,5.121779,252.151158,0,2009-09-30,94673783.23,104979242.61,108357866.24,160621032.97,1000472970.05,2153371371.36,849745075.2,-54828587.93,-36734744.55,184388944.98,88905762.62,2009-12-30,正常票,1158226988.56,1053347756.43,893864088.5,13684083.01,94673783.23,464672570.79,1712996284.74,440375086.62,697020649.9,152724425.3,1303626296.16,616492532.2020164,7459559639.644398
2010-01-04,sh.600444,15.35,15.35,15.05,15.09,15.24,2368885.0,35922307.0,3,2.94208,1,-0.9843,-16.623295,12.951114,10.268464,42.412975,0,2009-09-30,-45828738.61,-45917664.38,-45965042.97,29937864.94,39038405.76,595423232.55,461712995.68,-9831351.02,3136182.04,46346133.82,39650964.84,2009-12-30,正常票,116354995.45,162272659.83,117670246.17,-136304.36,-38904862.81,56494351.78,142048516.76,453374715.79,421745308.71,39967686.97,133710236.87,80517355.06852296,1215006887.9840114
2010-01-04,sh.600446,15.1,15.38,14.82,15.21,15.04,4361140.0,66054340.0,3,3.173123,1,1.1303,39.234435,5.23047,1.794936,466.525505,0,2009-09-30,20067741.03,22143271.59,24136309.77,112406344.37,436046031.68,1008798448.04,570101400.08,18650648.93,-10107747.62,-15866286.54,-7323385.23,2009-12-30,正常票,709705397.9,688099137.52,575452409.47,4068568.74,16760489.4,243415333.92,885798958.42,122999489.62,560881400.08,9220000.0,438697047.96,137439992.0835089,2090462279.5901706
2010-01-04,sh.600448,6.8,6.8,6.55,6.7,6.75,11045000.0,73621887.0,3,3.453721,1,-0.7407,-29.495167,4.800525,1.699285,-70.814866,0,2009-09-30,-69177463.68,-69638921.53,-69177463.68,127309388.74,307296391.61,1293692179.29,836481193.5,38153081.01,-8518276.75,-71339395.64,-41704591.38,2009-12-30,正常票,1025751151.41,1095390072.94,1022944730.81,,-69122687.99,141024519.58,645253260.78,648438918.51,817663115.32,18818078.18,457210985.79,319800007.0069354,2142660046.9464674
2010-01-04,sh.600449,37.58,37.69,36.9,37.01,37.27,4315261.0,160529463.0,3,3.086618,1,-0.6976,16.944793,3.673599,4.418419,-2989.34184,0,2009-09-30,364562541.39,346774069.91,421723236.81,65785104.2,237502663.88,3673018091.94,1597981281.63,510932985.77,-609605141.1,371467203.52,272795048.19,2009-12-30,正常票,1255545208.46,908771138.55,702421862.36,57160695.42,345455758.0,977301964.07,1461105771.33,2211912320.61,1170792679.6,427188602.03,2075036810.31,139805476.41463894,5174200682.105786
2010-01-04,sh.600452,10.2,10.38,10.13,10.27,10.12,3923968.0,40225345.0,3,5.071695,1,1.4822,64.075653,3.515234,2.507302,-21.571771,0,2009-09-30,15246849.27,19932159.62,20293578.52,9893882.09,7680669.49,995770198.55,525841531.69,135391914.21,-4795852.03,-208745478.07,-78149415.89,2009-12-30,正常票,534451875.64,521844235.36,464754446.56,5046729.25,15255149.63,118312785.75,181821226.97,813948971.58,335841531.69,190000000.0,469928666.86,77369952.25462098,794589409.6549575
2010-01-04,sh.600455,15.62,15.83,15.38,15.79,15.66,1499313.0,23434821.0,3,3.194497,1,0.8301,-27.490376,7.069709,5.339741,145.017346,0,2009-09-30,-21372241.78,-28717411.26,-20353613.0,41255578.39,35393250.57,711839421.23,531371518.56,58068858.45,-54371221.27,8208544.05,11906181.23,2009-12-30,正常票,124904388.64,151667986.33,84459167.93,1018628.78,-19037258.6,92356777.63,208110644.41,503728776.82,441371518.56,90000000.0,180467902.67,46934243.48183767,741091704.5782167
2010-01-04,sh.600456,23.05,23.05,22.63,22.67,22.95,3327771.0,75820623.0,3,1.588217,1,-1.22,243.95221,2.60925,4.520986,-190.331369,0,2009-09-30,25487222.72,24386195.41,30029583.17,536204824.42,1070954724.62,5255289370.42,1404545171.57,101974568.92,-213154425.85,146335840.3,39389407.58,2009-12-30,正常票,1691777361.86,1670148792.86,1539850163.44,4542360.45,24173329.39,1296016293.16,3758990390.53,1496298979.89,941075171.57,463470000.0,3850744198.85,209528735.68284434,4750016437.930081
2010-01-04,sh.600458,21.36,22.49,21.2,22.15,21.4,4298810.0,94794964.0,3,2.925405,1,3.5047,52.215698,9.046103,3.214928,111.731317,0,2009-09-30,76389197.37,86303736.23,86793158.17,415527492.59,357747545.79,1544209554.17,1035556756.85,51970371.88,-100241127.43,32310146.89,-15521909.44,2009-12-30,正常票,1187982452.97,1102198977.91,884298768.23,10403960.8,76353446.02,100536606.7,1061529595.08,482679959.09,1026245022.85,9311734.0,508652797.32,146947516.6686322,3254887494.210203
2010-01-04,sh.600459,26.72,26.9,26.41,26.74,26.47,1287585.0,34354651.0,3,1.943965,1,1.02,-35.92401,5.070643,2.86087,-90.707558,0,2009-09-30,24401923.86,24775170.48,29133811.55,142915594.09,246159456.29,1317939918.77,700202902.79,-26194410.82,47049480.64,-151471318.48,-130616248.66,2009-12-30,正常票,842054124.35,817315923.09,750515065.67,4731887.69,22079895.83,98740001.13,583889552.27,734050366.5,341812577.05,358390325.74,617737015.98,66234988.79866665,1771123600.476346
2010-01-04,sh.600460,12.4,12.4,12.4,12.4,11.27,2247848.0,27873315.0,3,0.556288,1,10.0266,199.97204,6.684044,6.077445,43.788342,0,2009-09-30,46376139.99,40456414.78,51872999.68,273664081.2,276700309.22,1833130345.37,1069580618.63,131565268.39,48354153.04,-66401853.31,110492290.99,2009-12-30,正常票,666039331.23,687511710.92,490645240.91,5496859.69,47468220.94,318752880.76,921496015.39,911634329.98,988448021.61,81132597.02,763549726.74,404079901.05844456,5010590773.124713
2010-01-04,sh.600461,11.2,11.29,11.11,11.15,11.16,2486661.0,27892557.0,3,3.357725,1,-0.0896,62.282019,3.139917,7.468474,51.556905,0,2009-09-30,24539604.05,32715262.82,32703287.63,47098516.37,5239092.7,713065925.9,172427133.53,51180842.9,-13505067.72,-5811266.85,31864508.33,2009-12-30,正常票,159782696.91,127067434.09,101973906.8,8163683.58,23325143.64,79720670.56,135716502.66,577349423.24,90595820.06,81831313.47,540638792.37,74057911.23454125,825745710.2651349
2010-01-04,sh.600462,5.82,5.82,5.68,5.69,5.77,3135673.0,17955550.0,3,1.028359,1,-1.3865,-6.511754,27.865407,5.05868,-28.79232,1,2009-09-30,-179290968.54,-173328297.15,-179290968.54,16018901.18,135785759.58,1503764752.53,1419921943.54,-8748137.22,-3000.0,-899319.73,-9654056.91,2009-12-30,退市票,310687229.41,484138585.41,420240293.56,,-179290968.54,5010256.08,244845228.54,1258919523.99,1347661943.54,72260000.0,83842808.99,304920071.6870276,1734995207.899187
2010-01-04,sh.600463,9.81,10.06,9.67,9.99,9.71,8964662.0,88779433.0,3,3.557406,1,2.8836,40.406128,4.172037,3.022306,11.461261,0,2009-09-30,58904931.72,79344445.71,79406845.84,200544384.12,987678571.25,1972756863.26,1336800508.96,-104901493.01,-5143907.67,292789319.63,182743918.95,2009-12-30,正常票,605639040.11,525692015.52,453735494.97,20501914.12,58192644.21,268637061.7,1474728089.23,498028774.03,796192995.28,540607513.68,635956354.3,251999968.51638526,2517479685.4786887
2010-01-04,sh.600466,10.64,10.74,10.47,10.5,10.64,1945910.0,20521433.0,3,1.666128,1,-1.3158,119.619657,3.81929,6.27484,971.116235,0,2009-09-30,10847252.08,10486399.74,13099493.4,44599229.44,30894440.22,541685676.5,53602825.15,11840464.32,-3371512.01,-100000.0,8368952.31,2009-12-30,退市票,225999681.7,215513281.96,132475996.25,2252241.32,10459233.58,168264978.11,262495349.68,279190326.82,48861714.04,4741111.11,488082851.35,116792347.28664304,1226319646.509752
2010-01-04,sh.600467,10.09,10.56,10.09,10.16,9.87,23500078.0,242024458.0,3,3.708977,1,2.9382,102.007843,5.020818,14.01519,380.687428,0,2009-09-30,72322636.7,68933077.87,73123621.41,20416510.65,424994281.75,1701473244.89,367313239.82,-15913929.21,-37600067.72,45024958.46,-8489038.47,2009-12-30,正常票,398261890.56,329328812.69,297293914.18,800984.71,72785418.54,35087833.53,503373056.13,1198100188.76,346111871.82,21201368.0,1334160005.07,633599992.6664414,6437375925.491045
2010-01-04,sh.600468,17.34,17.38,16.98,17.17,17.35,3796192.0,64961600.0,3,2.445496,1,-1.0375,333.006472,11.947158,12.41321,90.553418,0,2009-09-30,16754453.84,11148896.37,18011642.52,137365103.55,100177259.5,880806969.84,330396823.71,35481043.49,-50684152.28,33525967.25,18322858.46,2009-12-30,正常票,311749588.56,315817266.1,245376121.05,1257188.68,16431454.41,109290413.72,373129159.95,507677809.89,330396823.71,,550410146.13,155231985.6585331,2665333193.7570133
2010-01-04,sh.600469,15.84,15.91,15.68,15.7,15.76,3538953.0,55829441.0,3,1.122408,1,-0.3807,93.364605,3.635194,1.174528,23.012963,0,2009-09-30,254403462.33,273312643.97,277632183.71,730440277.68,560449696.3,5394497580.75,3775164069.15,291026190.66,-126336380.05,4904353.32,169526476.61,2009-12-30,正常票,4016720735.77,3744250898.11,3177701547.2,23228721.38,254403462.33,783014335.63,2306260403.07,3088237177.68,2509906982.8,1265257086.35,1619333511.6,315300051.3182372,4950210805.696323
2010-01-04,sh.600470,12.95,13.35,12.95,13.12,12.9,6769901.0,89373703.0,3,2.995531,1,1.7054,276.409848,2.735477,1.144621,39.727552,0,2009-09-30,31294237.04,32476998.78,39551013.92,24610913.65,614428553.33,2094811068.49,960392824.98,311996747.52,-105820187.53,-249438854.13,-43262294.14,2009-12-30,正常票,2043554683.52,2011077684.74,1941150285.04,8256776.88,39293711.11,357923765.33,1085928218.32,1008882850.17,933017420.34,27375404.64,1134418243.51,226000031.38007918,2965120411.706639
2010-01-04,sh.600475,18.9,19.1,18.6,18.9,18.69,4835531.0,90983984.0,3,1.888879,1,1.1236,46.654417,4.915141,1.959779,33.627929,0,2009-09-30,111230191.89,107951134.28,127379060.59,621983353.94,1119553583.98,4464884647.41,3314619062.43,192343656.53,-28031261.41,-107456953.58,56855441.54,2009-12-30,正常票,1980262401.33,1895964003.9,1663582939.7,16148868.7,96490209.09,1157925877.53,3087648841.53,1377235805.88,2954701427.86,359917634.57,1150265584.98,256000040.23550478,4838400760.45104
2010-01-04,sh.600476,11.77,12.2,11.68,11.86,11.71,5609019.0,67353299.0,3,3.482349,1,1.281,-38.483037,7.42083,5.809534,-26.141176,0,2009-09-30,-5699958.36,-7684272.09,-5598026.06,110505200.93,125934342.64,536148224.87,275772576.63,-32508353.08,6811804.42,-26416207.73,-52112756.39,2009-12-30,正常票,210200888.44,217887433.95,181319855.54,101932.3,-5661019.18,51874680.67,433892001.41,102256223.46,275772576.63,,260375648.24,161069984.6569083,1910290018.0309324
2010-01-04,sh.600477,9.79,9.79,9.43,9.49,9.72,17089491.0,163873575.0,3,9.255778,1,-2.3663,30.634639,4.400173,1.064159,-1164.406053,0,2009-09-30,74846800.74,94673974.49,94350708.64,519309377.46,970344650.04,3163620845.25,2394825651.04,108604254.98,-34390837.4,-56647724.35,17548721.59,2009-12-30,正常票,1929895973.47,1833654635.47,1656964131.48,19503907.9,65041674.38,284513711.62,1934122898.24,1229497947.01,2383354542.69,11471108.35,768795194.21,184635921.47521257,1752194894.7997673
2010-01-04,sh.600478,17.1,17.3,16.78,16.98,16.95,5287125.0,89824262.0,3,2.661961,1,0.177,-969.357204,7.70023,2.994301,69.607348,0,2009-09-30,13480458.09,10609896.79,19966340.95,156716605.08,86594526.25,1598703842.13,954700351.78,98318576.09,-280540345.43,285299161.09,103077391.75,2009-12-30,正常票,1077627740.83,1067041137.78,981379080.96,6485882.86,13262980.44,271888581.9,811053625.15,787650216.98,811200351.78,143500000.0,644003490.35,198617673.211591,3372528091.1328154
2010-01-04,sh.600479,27.0,27.5,26.69,27.38,26.88,4972722.0,134384216.0,3,2.745664,1,1.8601,52.46087,6.744131,6.759731,1261.095012,0,2009-09-30,93664568.41,109419563.08,108907117.98,61095375.23,89661195.7,1295437775.49,386213498.29,63023702.45,-474461907.82,216495961.01,-194942244.36,2009-12-30,正常票,676877620.73,574714355.56,269864390.51,15242549.57,90832489.37,312293362.53,998331308.45,297106467.04,382751776.43,3461721.86,909224277.2,181111818.4890795,4958841590.230997
2010-01-04,sh.600480,13.48,14.06,13.48,13.55,13.3,18865488.0,260750272.0,3,9.092678,1,1.8797,31.001402,5.279729,1.948597,38.415224,0,2009-09-30,220449444.02,259860522.9,262256571.45,635758028.61,449014797.45,2305714833.28,1007332940.75,282087473.74,-61318988.81,-166547713.74,54207459.27,2009-12-30,正常票,1769766055.51,1514952599.28,1329531112.37,41807127.43,127261645.09,272301823.8,1645092275.38,660622557.9,959789435.56,47543505.19,1298381892.53,207479996.5422728,2811353953.1477966
2010-01-04,sh.600481,21.25,21.47,20.9,20.99,21.19,7162613.0,151112438.0,3,1.065636,1,-0.9438,49.711732,6.935456,4.10472,98.076546,0,2009-09-30,344627670.41,399486490.91,396507350.11,377603419.87,549605911.24,3954097746.98,1768548439.24,394688052.2,-69620636.31,-309631228.03,15627269.91,2009-12-30,正常票,2700592255.57,2299072022.9,2084929381.58,51879679.7,294572151.64,768977226.78,2083582942.96,1870514804.02,1758548439.24,10000000.0,2185549307.74,672144428.3038486,14108311550.097782
2010-01-04,sh.600482,11.98,12.24,11.95,11.96,11.98,7583885.0,91598624.0,3,2.570537,1,-0.1669,-19.816892,5.253567,2.265693,72.22494,0,2009-09-30,29105968.09,35521708.93,36408412.22,238627063.92,594280363.83,2564737733.33,1496849740.88,156518958.74,-59273292.25,-195469899.93,-98156591.6,2009-12-30,正常票,1989781426.39,1954509717.46,1740667068.98,7302444.13,28743673.6,292186789.75,1424553949.78,1140183783.55,1492364327.61,4485413.27,1067887992.45,295031154.9687867,3528572613.426689
2010-01-04,sh.600483,6.55,6.86,6.55,6.58,6.41,12653868.0,84809649.0,3,7.934931,1,2.6521,135.875459,2.713567,2.024188,-391.547299,0,2009-09-30,15014033.69,20960328.81,21272173.21,264729722.62,153210349.9,1159826372.21,437825603.34,28665657.14,15128847.09,-59756262.88,-15994440.09,2009-12-30,正常票,725370179.31,717175463.62,661061780.01,6258139.52,14495259.83,42267312.04,552806541.39,607019830.82,379413103.34,58412500.0,722000768.87,159470422.6161513,1049315380.8142756
2010-01-04,sh.600485,17.4,18.42,17.32,18.05,17.29,9298233.0,166186622.0,3,6.805311,1,4.3956,44.781138,6.334112,8.377866,122.370979,0,2009-09-30,21726517.16,7457793.55,22821932.61,114137579.89,204805469.93,611496574.91,220007242.62,-18369772.33,-4504852.98,-67.92,-22927512.25,2009-12-30,退市票,168178435.25,158909777.35,79400009.75,1095415.45,21726517.16,145282335.76,501021788.83,110474786.08,195082742.62,24924500.0,391489332.29,136632006.97220156,2466207725.848238
2010-01-04,sh.600486,39.44,40.35,39.28,39.71,39.19,1988084.0,79428102.0,3,2.513364,1,1.3269,32.537834,3.43381,3.372271,11.842843,0,2009-09-30,143752859.45,171600353.72,170552444.32,126331822.99,129572880.31,2525270351.7,964236758.81,226025716.52,-171819854.15,367669293.52,417264637.93,2009-12-30,正常票,1340476361.63,1168878687.12,1073432499.18,26799584.87,139735874.1,916268113.56,1366119193.12,1159151158.58,964236758.81,,1561033592.89,79100520.258904,3141081659.4810777
2010-01-04,sh.600487,32.08,32.44,31.39,32.2,31.96,4374048.0,140080830.0,3,2.633065,1,0.7509,33.393806,4.345341,3.111534,40.301403,0,2009-09-30,146126512.54,164612393.68,170305879.87,597896153.95,526804854.39,2653535588.4,1260219148.99,47686071.18,-196457862.02,227602683.64,78830892.8,2009-12-30,正常票,1312388065.39,1147458733.17,966263612.48,24179367.33,123604446.15,596561915.34,1819957897.31,833577691.09,1240729536.26,19489612.73,1393316439.41,166120016.02694958,5349064516.067777
2010-01-04,sh.600488,9.45,9.81,9.37,9.68,9.47,19460992.0,187754879.0,3,3.584703,1,2.2175,92.819629,3.505575,5.871628,659.205066,0,2009-09-30,48085671.98,55416207.04,56744420.65,125684705.49,518047441.17,2506755138.84,969754811.39,151810372.74,-150913376.77,-31422170.42,-30815894.51,2009-12-30,正常票,676931844.02,621535848.63,504255677.02,8658748.67,46860934.28,132151447.96,935421325.17,1571333813.67,719754811.39,250000000.0,1537000327.45,542889940.9518725,5255174628.414125
2010-01-04,sh.600489,57.95,57.95,57.3,57.41,58.28,9921617.0,570892572.0,3,2.636161,1,-1.4928,136.758741,10.99098,3.181802,732.46532,0,2009-09-30,495286822.53,683896634.17,671594037.32,34155839.43,1573281080.66,10656233624.04,5889682786.5,343528325.52,-1687805308.13,1953213807.82,608936825.21,2009-12-30,正常票,12179650229.31,11501368296.39,10829457853.63,176307214.79,360554726.99,1418964352.57,4480895289.44,6175338334.6,2987086036.65,2902596749.85,4766550837.54,376366124.83076715,21607179226.53434
2010-01-04,sh.600490,11.49,11.5,11.22,11.26,11.4,1694900.0,19188428.0,3,1.284015,1,-1.2281,-20.203028,7.679985,13.501629,76.158883,0,2009-09-30,-46931617.45,-45339651.43,-45967184.67,17340215.71,175850946.91,456332254.51,253130228.45,-23841361.74,17291924.6,24461658.74,17912221.6,2009-12-30,正常票,64081938.35,109290158.79,60265114.46,964432.78,-45087556.55,65783171.78,291176067.96,165156186.55,253130228.45,,203202026.06,132000015.57614203,1486320175.3873591
2010-01-04,sh.600491,17.75,17.75,17.3,17.32,17.55,1685506.0,29464503.0,3,0.433515,1,-1.3105,67.394104,3.769941,1.079104,-8648.949771,0,2009-09-30,143798906.92,178490757.57,189617208.88,2830902306.04,3499499590.68,9458544345.46,7164186434.93,53882973.48,-233099767.31,273596721.51,94235446.9,2009-12-30,正常票,5356558086.98,5177641834.37,4819146262.45,45818301.96,138228577.37,1076110130.03,8451678869.56,1006865475.9,6892892576.68,271293858.25,2294357910.53,388799926.1847918,6734014721.520595
2010-01-04,sh.600493,8.56,9.0,8.5,8.79,8.56,3537925.0,31213477.0,3,2.081132,1,2.6869,-3807.130945,2.730334,2.211284,-41.722317,0,2009-09-30,9967996.28,5039004.53,11568553.41,79326613.15,106790743.23,987468370.34,440172783.07,143474809.65,-2927895.07,-158351436.53,-17977609.84,2009-12-30,正常票,474774870.26,470083723.35,419243621.44,1600557.13,10060865.0,87608940.92,322522386.04,664945984.3,372241803.07,67930980.0,547295587.27,170000028.8304634,1494300253.4197733
2010-01-04,sh.600495,20.97,21.5,20.5,21.16,20.47,4950935.0,104425683.0,3,4.810937,1,3.3708,57.240739,2.688501,2.317907,7.612036,0,2009-09-30,10375263.7,2863685.85,8133716.48,442433093.98,491407394.77,2175524520.86,808431514.47,-71084555.75,-193434353.89,744551095.14,480179736.58,2009-12-30,正常票,937469759.62,934606073.77,837417251.64,-2241547.22,15866981.23,702376482.71,1715758242.62,459766278.24,736431514.47,72000000.0,1367093006.39,102909994.45638137,2177575482.6970296
2010-01-04,sh.600496,11.84,11.88,11.56,11.6,11.84,9412842.0,109754628.0,3,2.72836,1,-2.027,23.806054,4.709553,1.004173,348.140919,0,2009-09-30,135663797.01,165619559.74,171984061.34,844044071.58,922169975.93,3969862377.48,2996529236.08,92983692.42,-76527497.19,116606476.87,132784532.25,2009-12-30,正常票,3018348713.4,2866954792.97,2585256277.7,36320264.33,131125150.86,725739483.16,2849300519.8,1120561857.68,2767277955.08,229251281.0,973333141.4,345000000.0,4002000000.0
2010-01-04,sh.600497,26.71,26.83,26.35,26.47,26.45,8971659.0,238467173.0,3,1.024806,1,0.0756,678.146162,10.976556,7.363175,115.429913,0,2009-09-30,173979952.85,206743360.29,202311970.89,59932917.05,946924522.75,6060936858.58,3281417085.37,721251415.25,-771754509.83,265055868.25,216471083.83,2009-12-30,正常票,2776181301.26,2563650341.47,2144922679.0,28332018.04,176159516.9,722540438.18,2201370537.46,3859566321.12,2333756261.4,947660823.97,2779519773.21,875449499.7101889,23173148257.328697
2010-01-04,sh.600498,27.07,27.76,26.1,27.37,26.72,8340522.0,224229456.0,3,4.172116,1,2.4326,50.111786,3.863638,2.643301,54.023333,0,2009-09-30,247946259.9,225489864.88,267760862.56,1565973300.47,2533427404.61,6761692007.9,3279857980.36,-520833566.83,-215500338.45,734167993.69,-1574203.22,2009-12-30,正常票,3291916344.97,3105414327.3,2433142926.64,19814602.66,200844452.86,1195518097.95,5667466783.12,1094225224.78,3117680269.52,162177710.84,3481834027.54,199911076.29797447,5471566158.275561
2010-01-04,sh.600499,22.1,23.12,21.82,23.0,21.83,10118440.0,229278620.0,3,2.264135,1,5.3596,81.656605,9.341285,9.434565,410.204526,0,2009-09-30,95084361.22,94346565.7,106752720.73,192454071.92,343028429.22,1764879218.9,625574076.09,198668814.14,-78474976.36,-13801751.64,106309518.49,2009-12-30,正常票,882614207.15,810656122.69,715124399.2,11668359.51,94818918.07,449742030.06,1072993016.1,691886202.8,625574076.09,,1139305142.81,446900913.5939332,10278721012.660463
2010-01-04,sh.600500,11.89,11.96,11.73,11.77,11.87,13416071.0,158823190.0,3,0.933234,1,-0.8425,43.380804,2.991981,0.929048,14.813695,0,2009-09-30,557692547.25,686467273.18,707861993.52,1346295777.11,2159455355.58,18823213829.63,10936690748.19,351912140.98,-245030850.9,1018588946.91,1150836423.25,2009-12-30,正常票,14271965890.39,13807113730.69,12977147526.13,150169446.27,467309492.25,4437881578.91,9102792109.21,9720421720.42,7503654682.32,3433036065.87,7886523081.44,1437589179.134065,16920424638.407944
2010-01-04,sh.600501,11.23,11.48,11.16,11.36,11.15,5796028.0,65880674.0,3,3.371583,1,1.8834,86.790772,3.632441,1.827709,-1693.399379,0,2009-09-30,33836291.44,39489340.76,41014282.94,676757162.43,607256665.84,2929542904.95,1801415824.37,-19570036.9,-50994116.28,-181518603.95,-252413946.77,2009-12-30,正常票,1389388939.88,1356560322.39,1076195167.12,7177991.5,30333386.73,248426337.96,1714981592.37,1214561312.58,1787462351.79,13953472.58,1128127080.58,171908210.4756134,1952877271.002968
2010-01-04,sh.600502,12.94,13.27,12.67,13.09,12.81,8409265.0,109662414.0,3,3.769619,1,2.1858,87.970478,5.027325,1.58576,41.203752,0,2009-09-30,25706648.16,26018701.16,36477383.12,479465928.76,755314552.19,2914713302.23,2309430147.77,46075309.8,-28041896.26,132074168.53,150095629.72,2009-12-30,正常票,1354828636.28,1329123495.44,1162669215.97,10770734.96,24028629.71,383192225.24,2044556180.36,870157121.87,2149930147.77,159500000.0,605283154.46,223079971.74250236,2920116830.109356
2010-01-04,sh.600503,13.5,13.55,13.1,13.13,13.48,2156005.0,28593496.0,3,2.040377,1,-2.5964,80.644828,6.247911,93.118164,8.562215,0,2009-09-30,89365913.26,91503310.49,111930504.73,10941977.0,2333584046.83,3876185145.21,2338689534.48,-282996679.72,81748566.68,1278955751.21,1077707638.17,2009-12-30,正常票,70805383.06,62764475.27,40292679.26,22564591.47,89416249.74,1413868639.93,3871830867.82,4354277.39,688689534.48,1650000000.0,1537495610.73,105666991.9333535,1387407604.0849316
2010-01-04,sh.600505,10.48,10.6,10.28,10.31,10.48,5604574.0,58096249.0,3,1.654249,1,-1.6221,23.531042,9.315218,9.994807,-691.181487,0,2009-09-30,154634118.94,56896114.97,163175942.54,29482333.7,3143013.06,1714381671.7,1267081363.82,100560904.44,-72178076.41,-27134453.77,1248374.26,2009-12-30,正常票,283563134.12,227270228.46,132581906.33,8541823.6,155026386.35,28784490.01,233730423.5,1480651248.2,522764301.65,744317062.17,447300307.88,338798693.5461348,3493014530.4606504
2010-01-04,sh.600506,11.86,12.23,11.86,12.08,11.9,2313002.0,27989472.0,3,1.565941,1,1.5126,-21.180431,7.468513,65.86829,-325.135289,1,2009-09-30,-12171908.68,-12240011.5,-12171908.68,10928866.57,9440026.44,391545452.37,152635906.02,-5838433.29,-421242.62,-2086560.0,-8346235.91,2009-12-30,正常票,13922014.64,26162026.14,12257411.1,,-12171908.68,38439405.95,61606469.7,329938982.67,90567906.02,62068000.0,238909546.35,147706842.08408874,1784298652.375792
2010-01-04,sh.600507,9.18,9.26,9.11,9.15,9.18,2765852.0,25352957.0,3,0.484608,1,-0.3268,125.237408,3.484997,0.591836,30.002444,0,2009-09-30,40724880.1,59753014.98,42866454.49,196891195.5,1207179951.78,7011340236.22,5101573977.78,-354656909.7,-197867393.65,351781971.99,-200859519.86,2009-12-30,正常票,8185849185.26,8121857055.15,7658606335.85,2141574.39,40825033.46,1001957400.46,3436328715.65,3575011520.57,5100519465.04,1054512.74,1909766258.44,570740062.0707871,5222271567.947701
2010-01-04,sh.600508,25.26,25.37,24.96,25.01,25.15,6499761.0,163242699.0,3,0.89935,1,-0.5567,21.30034,4.006228,2.945357,-79.681897,0,2009-09-30,639462168.69,848305856.97,857654869.42,84564589.03,302400162.53,7938336830.32,3345467804.11,899220944.18,-427939880.41,-252823904.75,218457159.02,2009-12-30,正常票,5321440383.21,4471115270.38,4039141163.79,218192700.73,623362378.33,957030300.42,2307419867.52,5630916962.8,2214346498.17,1131121305.94,4592869026.21,722717629.3990104,18075167911.269253
2010-01-04,sh.600509,9.52,9.74,9.2,9.63,9.47,16953061.0,162932970.0,3,2.585504,1,1.6895,93.116381,3.450373,4.24852,-15.354248,0,2009-09-30,51142890.48,61662967.44,64678619.94,252931722.2,863183617.56,6620841630.8,4631631615.09,422903577.26,-322282275.57,-166414683.68,-65793381.99,2009-12-30,正常票,1026411405.82,965029048.14,714022259.51,13535729.46,50806458.94,424869693.8,2275476553.07,4345365077.73,2309852834.85,2321778780.24,1989210015.71,655696568.2512965,6314357952.259986
2010-01-04,sh.600510,12.52,12.54,12.18,12.29,12.42,4634614.0,57027412.0,3,1.817363,1,-1.0467,30.75336,2.795876,6.570791,18.438531,0,2009-09-30,306621496.14,409282271.77,408933122.05,1609132187.92,3153731815.82,6474888329.1,2967031264.25,-85767945.85,-49016530.62,360553405.62,223469827.04,2009-12-30,正常票,1847203444.68,1443153731.67,1323999684.33,102311625.91,307920148.72,574144222.74,5553561644.78,921326684.32,2626135555.15,340895709.1,3507857064.85,255018617.6344517,3134178810.727411
2010-01-04,sh.600511,25.6,26.12,25.31,25.97,25.6,3120261.0,80090472.0,3,1.123838,1,1.4453,54.06072,12.499487,2.481788,406.160371,0,2009-09-30,191100311.0,226514260.3,245789286.05,985498341.72,481007756.2,2426859494.48,1392532896.32,140573420.01,-4886723.87,-34924073.7,100762622.44,2009-12-30,正常票,3877620207.0,3674989007.33,3520667911.82,54688975.05,188551545.41,375235988.61,1966568672.14,460290822.34,1351519579.52,41013316.8,1034326598.16,277643308.0212629,7210396709.312197
2010-01-04,sh.600512,6.64,6.7,6.58,6.61,6.64,5501635.0,36493670.0,3,1.493101,1,-0.4518,96.065296,2.304749,1.191492,25.028418,0,2009-09-30,35988055.19,44792132.94,50199802.86,584442003.45,651856237.59,2916879622.64,1835018572.97,-39803076.04,-69813016.68,132561905.75,22945813.03,2009-12-30,正常票,1329570071.9,1284777938.96,1171245272.47,14211747.67,37008625.88,458017817.17,1879722695.54,1037156927.1,1376661354.22,458357218.75,1081861049.67,368470384.78977644,2435589243.4604225
2010-01-04,sh.600513,14.0,14.08,13.76,13.8,13.98,2035456.0,28293062.0,3,2.261618,1,-1.2876,75.678749,4.294913,5.065223,-107.186193,0,2009-09-30,13458620.06,16052228.62,16051794.42,82349485.36,36379700.17,366211586.33,75568842.84,-5105676.22,-3999504.28,-3358166.34,-12463346.84,2009-12-30,正常票,187907000.29,172207634.67,93601369.59,2593174.36,13456687.65,71197551.21,243465459.7,122746126.63,75555418.59,13424.25,290642743.49,89999991.1567736,1241999877.9634757
2010-01-04,sh.600515,8.28,8.42,8.23,8.25,8.19,3871117.0,32177747.0,3,1.547242,1,0.7326,-32.77122,41.934568,7.104962,145.563985,1,2009-09-30,-4425869.83,-1988994.27,-906108.68,11122944.62,11982172.08,909263269.51,844264035.99,38951055.1,-10395893.86,-25811994.59,2743166.65,2009-12-30,正常票,252132382.22,254121376.49,170732833.02,3519761.15,-4631171.66,21280248.64,107076754.86,802186514.65,603157957.13,241106078.86,64999233.52,250194668.9658114,2064106018.9679441
2010-01-04,sh.600516,10.26,10.31,10.15,10.23,10.21,11729592.0,120010354.0,3,1.901656,1,0.1959,52.773761,4.954178,4.839793,-46.282806,0,2009-09-30,142125428.74,97756117.7,190340665.64,564025538.04,1436588659.46,5616853226.17,2645248645.29,-133695144.09,-207525725.92,244923717.37,-96286805.49,2009-12-30,正常票,1561801404.44,1464381191.7,1173854569.52,48215236.9,165914243.69,1218982635.92,3717851995.1,1899001231.07,2450841370.34,194407274.95,2971604580.88,616809349.3250093,6309959643.594846
2010-01-04,sh.600517,18.76,18.77,18.25,18.27,18.65,6691618.0,123101984.0,3,1.081552,1,-2.0375,42.453825,10.031416,7.658316,59.116499,0,2009-09-30,239885201.91,291814074.54,300733901.64,397917234.57,351643614.85,1776571165.71,513262093.96,72753876.55,-46105590.85,-337796875.2,-311148751.04,2009-12-30,正常票,1040349497.33,748558403.67,658279248.83,60848699.73,205441518.69,462628129.58,1308281198.57,468289967.14,513262093.96,,1263309071.75,618705157.0335962,11303743219.003801
2010-01-04,sh.600518,10.65,10.65,10.47,10.47,10.63,12484603.0,131340862.0,3,0.736829,1,-1.5052,40.989622,4.349576,8.185173,18.46054,0,2009-09-30,320864653.69,372306886.48,370787367.48,224393777.19,786879767.46,5954439182.45,1875868223.53,100004177.2,-138654763.51,1182204992.02,1143554405.71,2009-12-30,正常票,1743874980.18,1413796295.57,1221856850.37,49922713.79,320864653.69,2625907456.65,3845153742.73,2109285439.72,1055398722.09,820469501.44,4078570958.92,1694369114.1363873,17740044625.007977
2010-01-04,sh.600519,172.0,172.0,169.31,169.94,169.82,4430488.0,753405635.0,3,0.469431,1,0.0707,36.110125,11.505291,16.772972,107.408529,0,2009-09-30,3979795618.2,5305959144.12,5305366861.11,41565282.45,3405325024.77,16737940329.3,2522260598.27,2077542093.22,-1041420549.16,-1234562872.42,-198441328.36,2009-12-30,正常票,7807202385.78,2502215363.92,743207551.34,1325571242.91,3786951421.67,7895280562.8,12844858380.95,3893081948.35,2512260598.27,10000000.0,14215679731.03,943799621.2435906,160389307634.13577
2010-01-04,sh.600520,14.6,14.73,14.28,14.53,14.71,5141469.0,74690135.0,3,4.548363,1,-1.2237,-59.211072,6.93249,10.370904,181.806711,0,2009-09-30,-37036192.73,-28419727.29,-38876158.29,61689056.2,74881002.28,406917163.42,119787982.0,3080118.38,-42278049.96,81611007.5,42413075.92,2009-12-30,正常票,112557787.06,138243661.13,91637533.87,-1839965.56,-37036192.73,69034203.33,240409965.4,166507198.02,119761840.0,26142.0,287129181.42,113039988.23312914,1642471029.0273664
2010-01-04,sh.600521,25.7,26.18,25.7,25.91,26.0,748396.0,19445372.0,3,0.25011,1,-0.3462,50.070414,6.866671,9.234726,55.423062,0,2009-09-30,100292907.87,119052405.61,119723567.27,170509327.58,490418234.67,1726287167.15,576886390.31,105713703.47,-105098991.59,110545541.31,111415553.48,2009-12-30,正常票,638572197.08,519519791.47,371204018.53,19430659.4,100981063.96,261578959.08,1001075960.86,725211206.29,433108640.31,143777750.0,1149400776.84,299226740.2342969,7752964839.4706335
2010-01-04,sh.600522,24.8,25.58,24.78,25.29,24.77,6080442.0,153001274.0,3,2.245338,1,2.0993,28.593366,5.298818,2.418243,23.646713,0,2009-09-30,273223519.98,328933569.9,338588158.47,998167506.36,1106175836.96,3667480139.61,1975028327.59,-34306509.07,-202466483.71,342609689.58,106121209.04,2009-12-30,正常票,2561848746.07,2263174364.85,1937244799.48,65364638.49,236125514.23,493310677.75,2856315269.58,811164870.03,1873227950.32,101800377.27,1692451812.02,270802970.4213798,6848607121.956695
2010-01-04,sh.600523,16.11,17.07,16.11,16.59,16.01,8484702.0,141014194.0,3,6.038219,1,3.6227,57.459958,3.500293,2.909073,-546.897304,0,2009-09-30,102875614.17,122098891.31,137252692.06,440283492.04,391186239.57,2212121801.35,705718453.62,75452712.4,-52615249.67,-31034865.53,-8197402.8,2009-12-30,正常票,1274483850.58,1168008663.54,974389231.32,34377077.89,78194123.46,354601960.81,1420934774.93,791187026.42,639965150.76,65753302.86,1506403347.73,140516632.47060102,2331170932.687271
2010-01-04,sh.600525,25.63,26.05,25.0,25.77,25.53,2767980.0,70986822.0,3,1.825476,1,0.9401,50.330195,3.765006,6.708463,79.358015,0,2009-09-30,111198045.77,120934670.0,131032927.61,401968358.07,178291615.95,2185953669.95,596693321.31,15438189.4,-122436922.03,120885276.81,13878504.66,2009-12-30,正常票,640772774.53,553277971.34,377801602.2,19834881.84,99384407.18,171304915.79,829014202.57,1356939467.38,557237599.16,39455722.15,1589260348.64,151630588.40543506,3907520263.208061
2010-01-04,sh.600526,17.6,17.77,17.2,17.39,17.8,6919333.0,120631691.0,3,4.942381,1,-2.3034,237.694628,4.765767,1.595631,19.37618,0,2009-09-30,8766684.68,6835705.62,13119449.33,300487903.94,1022380776.53,2233769509.97,1695858020.63,-135197644.95,-25179674.97,251856954.81,91479634.89,2009-12-30,正常票,1060140980.9,1053490832.53,916691579.2,4352764.65,8561024.7,500183222.9,1951029336.04,282740173.93,1497648020.63,198210000.0,537911489.34,139999991.90673482,2434599859.2581186
2010-01-04,sh.600527,7.44,7.56,7.43,7.49,7.43,4813772.0,36141647.0,3,1.370358,1,0.8075,38.929136,3.56431,2.967302,291.76807,0,2009-09-30,55246400.14,72392234.27,72392234.27,32352826.31,240590816.32,1232764467.37,462369000.28,58506321.59,-179280731.26,80799663.82,-40040780.4,2009-12-30,正常票,655347319.23,582955084.96,561335825.77,17145834.13,52726645.26,219319782.88,574177054.26,658587413.11,462369000.28,,770395467.09,351278425.053891,2631075403.6536436
2010-01-04,sh.600528,13.12,13.15,12.79,12.83,13.06,16863376.0,217954364.0,3,1.304407,1,-1.7611,33.673043,4.745668,0.541439,-189.11213,0,2009-09-30,421470320.48,494741410.43,504513000.92,5223645551.86,9197932094.69,26491079948.69,22075852574.38,-733279156.82,-640423858.36,1231911645.76,-141780430.07,2009-12-30,正常票,27375107326.09,26863147028.86,25356256812.2,83042680.44,431179979.68,3526135237.68,23423324161.56,3067755787.13,20905951354.37,1169901220.01,4415227374.31,1292800176.6319866,16586626266.188389
2010-01-04,sh.600529,15.02,15.05,14.58,14.71,14.94,5858830.0,86263405.0,3,2.276334,1,-1.5395,27.420663,2.43789,3.374325,71.623008,0,2009-09-30,110542370.33,136258988.67,134437389.71,335968297.07,284413805.4,2164282138.82,608449085.68,151599709.23,-89928466.0,-13846638.69,47824604.54,2009-12-30,正常票,858937268.99,728952592.35,582879138.94,23895019.38,110165069.08,142234005.26,1217307742.02,946974396.8,608449085.68,,1555833053.14,257380068.12708503,3786060802.149421
2010-01-04,sh.600530,10.28,10.28,10.08,10.09,10.19,5491089.0,55844822.0,3,1.759964,1,-0.9814,-22.5798,3.812923,10.330246,56.97777,0,2009-09-30,23479854.31,27003739.71,28956549.66,59702286.39,114218885.34,1172960925.01,251936956.86,68692126.89,5833132.49,-69805274.69,4709493.3,2009-12-30,正常票,238369025.77,253338911.37,94839991.45,5476695.35,25634758.44,138355175.62,471660922.84,701300002.17,216671956.86,35265000.0,921023968.15,312000075.0015341,3148080756.765479
2010-01-04,sh.600531,21.21,21.48,20.77,20.87,21.2,2265503.0,47809292.0,3,0.99247,1,-1.5566,339.833278,4.763977,0.841031,34.657943,0,2009-09-30,59110020.1,70451058.72,86494901.17,188498943.45,1950664186.41,3983156523.22,2983156480.56,-62550591.89,-105640490.68,393283704.69,225114651.1,2009-12-30,正常票,4442252224.77,4401410714.89,4324949008.69,27384881.07,59110020.1,682820080.94,3190175456.05,792981067.17,2403191342.54,579965138.02,1000000042.66,228269166.8262013,4763977511.662821
2010-01-04,sh.600532,8.86,9.0,8.83,8.83,8.85,4645810.0,41454125.0,3,3.054444,1,-0.226,-19.477547,4.281644,3.073777,-18.617011,0,2009-09-30,921646.57,-15183316.14,304703.86,105750042.41,99086057.72,938863931.43,626533660.66,43001018.37,-7100450.23,-80446346.4,-44974120.19,2009-12-30,退市票,300910723.91,316094040.05,268024035.62,-616942.71,156925.56,23290224.06,449533788.85,489330142.58,586453660.66,40080000.0,312330270.77,152100022.13168746,1343043195.4228003
2010-01-04,sh.600533,6.73,6.73,6.6,6.63,6.71,10330831.0,68718442.0,3,0.983889,1,-1.1923,34.28032,2.62923,3.476165,21.542121,0,2009-09-30,211539951.05,280425210.11,282511343.02,14562136.21,6054632732.87,8197418916.93,5012031088.71,1115887597.31,-5346075.08,-742544247.94,367996792.59,2009-12-30,正常票,1570532743.09,1290542532.98,1030283582.48,70971391.97,161886780.87,1494211473.46,8029825486.62,167593430.31,3445648958.09,1566382130.62,3185387828.22,1049999644.2688149,6961497641.502243
2010-01-04,sh.600535,22.83,23.2,22.49,22.8,22.4,4459156.0,102262492.0,3,0.913761,1,1.7857,34.38049,5.729514,2.879832,123.350754,0,2009-09-30,224473448.49,265234798.79,270207768.39,552131787.83,380548654.6,3980177947.36,1873201359.49,375022269.85,-349776837.52,55582512.93,80825294.27,2009-12-30,正常票,2861468793.15,2602962967.19,1935768238.94,45734319.9,225395035.87,505881640.36,1763052071.83,2217125875.53,1543294727.85,329906631.64,2106976587.87,488000253.8957123,11126405788.82224
2010-01-04,sh.600536,23.43,23.88,23.43,23.69,23.59,1167109.0,27565256.0,3,0.723514,1,0.4239,254.866259,5.196359,2.366573,44.152155,0,2009-09-30,-24070090.03,-46190517.1,-13771413.95,866497053.43,290913162.96,2863451740.41,1213497098.08,-334590668.68,-67207112.6,244312297.91,-157610008.58,2009-12-30,正常票,1900077311.02,1916633837.63,1349865162.95,10298676.08,3618663.89,415885528.27,1921126559.38,942325181.03,1031706099.33,181790998.75,1649954642.33,161311184.02684674,3821461949.5959992
2010-01-04,sh.600537,26.5,26.63,25.45,25.62,26.34,5437207.0,140419531.0,3,2.363654,1,-2.7335,-2590.737996,11.920778,16.746705,635.112367,0,2009-09-30,8675926.75,1268067.13,10115820.17,36988819.35,123418889.91,900814682.61,378182650.26,19992522.4,-3365315.96,27872016.17,44513007.83,2009-12-30,正常票,290889005.26,291338596.0,212199856.12,1439893.42,5425811.39,68791205.97,339172754.99,561641927.62,372505035.46,5677614.8,522632032.35,230033964.36195824,5893470166.95337
2010-01-04,sh.600538,8.2,8.25,8.11,8.14,8.11,4726374.0,38658398.0,3,1.69273,1,0.3699,-11.412436,10.10009,9.904523,296.091436,0,2009-09-30,-84002579.42,-81779925.6,-83950183.58,99759645.53,50332564.2,1151898427.5,913110573.22,11286851.13,11584659.39,-17450702.88,5420807.64,2009-12-30,正常票,173577846.1,254998634.47,148488781.3,52395.84,-82061140.72,11977878.66,210617865.78,941280561.72,893857573.22,19253000.0,238787854.28,279216059.2652106,2272818722.4188147
2010-01-04,sh.600539,8.41,8.43,8.27,8.3,8.35,3482782.0,29036923.0,3,2.865093,1,-0.5988,345.630142,2.144127,3.671387,35.866979,0,2009-09-30,14148168.72,14561283.93,18778982.46,99021224.46,85522100.38,1095320267.79,204981145.4,20946614.39,-4329812.04,5040130.55,21656932.9,2009-12-30,正常票,412224673.99,397663390.06,338761762.94,4630813.74,14148168.72,376907148.67,612793069.47,482527198.32,199391266.88,5589878.52,890339122.39,121559125.65490894,1008940742.9357443
2010-01-04,sh.600540,13.99,14.25,13.34,13.36,13.28,13566436.0,187401815.0,3,10.498616,1,0.6024,1480.262292,3.577539,2.560883,-43.214941,0,2009-09-30,8747423.29,3409908.78,11604188.03,17967057.26,282567187.31,1929800049.02,994757877.07,149394531.18,-92376731.73,220766763.21,277784562.66,2009-12-30,正常票,652007087.12,648589531.93,612097406.12,2856764.74,6553395.59,527629057.18,1336451531.52,593348517.5,994284792.31,473084.76,935042171.95,129221184.96380857,1726395031.1164823
2010-01-04,sh.600543,13.24,13.62,13.13,13.44,13.13,8870345.0,119234080.0,3,2.771957,1,2.361,153.511386,4.349289,12.566274,336.604344,0,2009-09-30,25313731.32,33442666.11,33521297.39,87319680.48,214844903.03,1092849291.79,100537126.37,139019234.21,-46451363.37,-50475875.0,42091995.84,2009-12-30,正常票,222297198.48,188854532.37,142856847.79,8207566.07,25313731.32,395404866.36,726534344.06,366314947.73,88879701.17,11657425.2,992312165.42,320002979.84420395,4300840049.106101
2010-01-04,sh.600545,8.33,8.79,8.24,8.6,8.3,39257994.0,338743685.0,3,10.607749,1,3.6145,63.606525,4.045577,4.43151,21.005992,0,2009-09-30,85417629.92,101767874.78,102121022.45,198250463.99,1207876420.77,3176761802.37,1715292642.26,-123543416.51,-91089686.29,624130825.02,409497722.22,2009-12-30,正常票,924528797.76,824522237.33,713075448.65,16703392.53,87371774.35,522302626.81,2231103000.22,945658802.15,1415075721.43,300216920.83,1461469160.11,370087885.7521987,3182755817.468909
2010-01-04,sh.600546,34.39,35.02,33.65,33.76,34.39,2567714.0,88195755.0,3,1.420715,1,-1.8319,8582.120487,39.23731,9.154645,409.935688,0,2009-09-30,769635677.85,1097089214.98,1054421283.15,517946798.9,719233621.31,1741795349.96,1096491172.7,37238976.02,-718889957.31,951449548.06,269798566.77,2009-12-30,正常票,10221077611.41,9127739932.32,8493563737.3,284785605.3,513023719.37,185360566.72,1467048491.7,274746858.26,1096491172.7,,645304177.26,180733926.22728696,6101577349.4332075
2010-01-04,sh.600547,79.91,80.68,78.5,79.17,80.3,6733155.0,535680718.0,3,1.946224,1,-1.4072,88.082296,20.358231,3.013697,381.277191,0,2009-09-30,676592613.9,922110334.58,910244730.57,42224578.25,305677942.72,5993974041.06,3004423606.51,965089609.27,-1407253574.21,707091968.72,264928003.78,2009-12-30,正常票,15422362047.39,14502758400.51,13910082128.96,233652116.67,626133368.99,552088988.07,2178650092.16,3815323948.9,2560714752.11,443708854.4,2989550434.55,345959920.3380495,27389646893.163376
2010-01-04,sh.600548,5.96,6.01,5.91,5.94,5.94,6508386.0,38835861.0,3,0.454093,1,0.0,24.444322,1.600903,10.864597,50.655219,0,2009-09-30,448165657.39,482631901.74,482539584.34,205629631.59,2863604.54,23436230524.21,14647910964.7,427165646.27,-1599578610.02,1238829894.98,64506684.89,2009-12-30,正常票,909020934.28,738652291.01,419595944.74,34373926.95,455202671.83,1082328745.32,2555305456.35,20880925067.86,4816136140.86,9831774823.84,8788319559.51,1433271598.5491958,8513633295.382223
2010-01-04,sh.600549,19.15,19.24,18.82,19.04,18.93,4600006.0,87860868.0,3,0.683135,1,0.5811,136.014007,6.806134,3.891109,18.480778,0,2009-09-30,52627990.71,52990761.13,72797718.41,435003933.48,6323669734.5,11228842123.1,7958614171.13,1279493259.91,-204936405.73,-387086053.91,686931816.02,2009-12-30,正常票,1840210099.25,1786217864.3,1522226465.49,20169727.7,31586495.76,958125217.57,8728478806.46,2500363316.64,6886606159.95,1072008011.18,3270227951.97,673367050.4365901,12820908640.312674
2010-01-04,sh.600550,31.79,31.79,31.1,31.11,31.58,11595762.0,363277878.0,3,2.026098,1,-1.4883,50.418753,9.006322,6.390819,74.232591,0,2009-09-30,532573568.14,580431888.1,604261074.94,1909514807.32,2207504006.4,15747786295.64,11095006982.91,-260504263.6,-1624873359.15,2182332945.66,296955322.91,2009-12-30,正常票,4650260025.69,4203460033.81,3683419511.76,71687506.8,515888364.25,3328837599.52,8753219024.93,6994567270.71,6499144982.91,4595862000.0,4652779312.73,572319897.6554934,17804872016.062397
2010-01-04,sh.600551,18.95,19.06,18.5,18.53,18.79,2755363.0,51654938.0,3,1.836909,1,-1.3837,31.869409,3.791039,4.427355,-361.393274,0,2009-09-30,171506899.07,157484611.67,172682815.58,423885773.69,590788619.49,2517822797.13,516377800.7,34375578.97,-17328980.33,-23886471.08,-6839872.44,2009-12-30,正常票,1299154727.35,1142988212.8,960812710.53,1175916.51,167279230.11,380338047.91,1572297275.45,945525521.68,503794200.95,12583599.75,2001444996.43,149999972.78036094,2779499495.620088
2010-01-04,sh.600552,19.36,19.85,19.18,19.43,19.25,2409307.0,47115145.0,3,2.059237,1,0.9351,307.367227,10.820456,4.319704,16.809349,0,2009-09-30,-343662.33,-1177606.86,-322330.23,86276047.82,69551329.92,882351911.44,620965891.43,29760102.44,-35614773.59,129238564.07,123383892.92,2009-12-30,正常票,392837429.71,394015036.57,339708280.33,21332.1,-2505039.32,172949682.56,392421548.85,489930362.59,478615891.43,142350000.0,261386020.01,116999985.91711397,2273309726.3695245
2010-01-04,sh.600553,10.15,10.3,10.06,10.15,10.15,5073537.0,51745764.0,3,1.345623,1,0.0,39.125912,4.324215,2.106282,18.896814,0,2009-09-30,116131110.36,89462682.47,143181636.26,273000822.31,200303215.97,2403297744.28,1340418839.64,211165751.28,-2046841.43,-6889644.24,202229265.61,2009-12-30,退市票,1433457283.51,1339166984.34,1134679822.75,27050525.9,92389814.5,375838014.63,1118783487.16,1284514257.12,1190802639.64,149616200.0,1062878904.64,377040003.0320528,3826956030.7753363
2010-01-04,sh.600555,9.1,9.1,8.72,8.75,9.01,14005730.0,123942822.0,3,2.158048,1,-2.8857,-126.955206,3.904211,525.400568,184.862833,0,2009-09-30,-10830955.19,-10745362.38,-7215426.22,6725547.18,536278620.57,2785309083.64,784264653.88,7748758.04,-58680737.66,136657079.71,85723550.14,2009-12-30,退市票,9112741.14,58908725.24,5509128.11,3615528.97,18977874.62,357493671.29,1466220980.94,1319088102.7,769719199.34,14545454.54,2001044429.76,648999929.5659782,5678749383.702309
2010-01-04,sh.600556,4.09,4.09,4.09,4.09,4.09,0.0,0.0,3,,0,0.0,-1.808844,-1.70935,81.757166,17.349618,1,2009-09-30,115799339.57,63683183.79,115885332.76,22138808.58,12356789.97,703912722.23,1648544394.65,-26506164.69,293058488.84,-180122383.24,86429940.91,2009-12-30,正常票,9083731.16,47652142.6,14920161.42,85993.19,115609117.76,88175637.51,640774292.03,63138430.2,1648544394.65,,-944631672.42,,
2010-01-04,sh.600557,21.14,21.25,20.79,20.91,20.95,3541056.0,74517014.0,3,1.498947,1,-0.1909,40.002282,6.476992,6.904643,-53.600086,0,2009-09-30,120872172.13,133951063.35,142055636.21,316707823.9,54535720.03,1399513822.12,363813503.25,-43986955.62,-22439825.84,-48767066.34,-115157689.93,2009-12-30,正常票,693952495.68,561398958.71,166915444.72,21183464.08,120681154.59,225660633.45,900766865.62,498746956.5,359424639.75,4388863.5,1035700318.87,236236237.83896297,4939699733.212716
2010-01-04,sh.600558,18.85,19.14,18.64,18.84,18.81,2397079.0,45306527.0,3,2.008974,1,0.1595,39.506618,3.169221,1.184824,10.839585,0,2009-09-30,69300863.25,83263763.22,83597274.73,200576292.88,308187504.72,1789166007.73,986393114.88,22505970.79,-43118897.11,216275350.96,195623987.74,2009-12-30,正常票,1505137023.61,1421923260.39,1268723321.83,14296411.48,61505419.18,496251867.26,1204270656.76,584895350.97,730720784.88,255672330.0,802772892.85,119318567.58723608,2247961813.343528
2010-01-04,sh.600559,24.94,25.49,24.82,25.39,25.0,3207812.0,81074009.0,3,3.598587,1,1.56,176.518825,9.296788,4.827465,-152.991629,0,2009-09-30,17329082.8,20620080.48,26830302.05,952638.44,403649662.61,1030019609.96,647672505.09,74258980.61,-41822914.07,-44587629.4,-12151562.86,2009-12-30,正常票,633136073.11,611956474.54,366465796.48,9501219.25,17329082.8,17193250.28,520311877.59,509707732.37,483072105.09,164600400.0,382347104.87,89140876.68298696,2263286858.981039
2010-01-04,sh.600560,15.17,15.28,15.0,15.1,15.1,1173030.0,17759259.0,3,1.180134,1,0.0,42.880617,3.137383,3.087943,45.450904,0,2009-09-30,29524385.97,40065755.99,38676653.76,178708939.6,836400019.84,1651513226.54,1165312479.29,21052773.55,-12726687.43,-2257271.74,6068814.38,2009-12-30,正常票,395535022.15,355423246.49,320044148.94,9152267.79,28076165.22,214355111.47,1476369808.76,175143417.78,1156512479.29,8800000.0,486200747.25,99398034.46049346,1500910320.3534513
2010-01-04,sh.600561,11.99,12.06,11.8,11.84,11.92,3837140.0,45794993.0,3,2.066044,1,-0.6711,27.427216,3.927998,2.348015,-821.096602,0,2009-09-30,80307311.57,100654164.42,106921872.91,25461125.66,7493779.42,1534330172.17,892345760.36,178396923.25,-88003726.77,-89598742.66,794453.82,2009-12-30,正常票,745677276.91,645974767.56,511834791.18,26614561.34,68881989.01,144450061.04,296766166.91,1237564005.26,695779930.41,196565829.95,641984411.81,185724021.3664375,2198972412.97862
2010-01-04,sh.600562,25.55,25.55,24.88,25.36,25.6,2063368.0,51832989.0,3,3.119238,1,-0.9375,-37.245156,7.485453,10.088766,172.67287,0,2009-09-30,-33426897.89,-40078777.44,-36235584.33,36526111.86,155464472.14,697251503.32,394445565.39,13142164.44,-41542369.14,25523515.2,-2876689.5,2009-12-30,正常票,159868444.73,203845916.46,121916958.74,-2808686.44,-32915468.61,120303080.47,418583764.08,278667739.24,374871721.64,19573843.75,302805937.93,66149745.54682906,1677557547.067585
2010-01-04,sh.600563,16.47,17.59,16.26,17.16,16.46,11841761.0,202532579.0,3,5.263005,1,4.2527,36.783603,3.893713,5.43848,64.998195,0,2009-09-30,96358408.66,115036252.67,116724451.57,224064489.98,113806039.9,1134854980.07,117953277.32,115603769.09,-30188430.55,-58615547.64,26774394.94,2009-12-30,正常票,539887553.34,425136275.05,354759601.24,20366042.91,83885221.08,197822389.96,592088170.45,542766809.62,117953277.32,,1016901702.75,224999995.24986202,3860999918.4876323
2010-01-04,sh.600565,6.56,6.58,6.45,6.45,6.5,12493630.0,81074523.0,3,2.630406,1,-0.7692,63.679112,4.505298,5.924678,-55.054552,0,2009-09-30,21455346.16,22984602.17,24368601.11,189422593.2,2543793652.17,3992393697.92,2762508348.91,-555348550.62,-87202968.09,473106770.34,-169444748.37,2009-12-30,退市票,480261052.46,466227341.99,368719013.66,2913254.95,24348483.21,744009113.57,3785369156.91,207024541.01,1762702748.91,999805600.0,1229885349.01,474969643.46948725,3063554200.378193
2010-01-04,sh.600566,10.42,10.45,10.29,10.37,10.34,2535409.0,26289678.0,3,2.385369,1,0.2901,130.308187,2.161872,5.114849,-311.8588,0,2009-09-30,5864629.05,6980032.85,6938494.82,172291232.0,92494343.6,843073259.31,332088133.7,743877.62,-18230244.4,-5006739.43,-22493106.21,2009-12-30,正常票,148837999.7,141857966.85,102048115.63,1073865.77,5859667.84,60948894.9,380039166.53,463034092.78,282088133.7,50000000.0,510985125.61,106290012.15325597,1102227426.0292642
2010-01-04,sh.600567,6.02,6.15,5.93,6.06,6.0,23664972.0,143058742.0,3,5.309681,1,1.0,-125.518707,2.228497,1.102191,-28.899859,0,2009-09-30,26428038.47,20204933.08,35740819.19,419363120.13,500215211.53,4660787523.53,3321454082.79,394244872.23,-186013585.0,-137568755.12,70662532.11,2009-12-30,正常票,1974206556.75,1956053691.17,1655431317.96,9312780.72,20290705.3,208640372.66,1347579519.33,3313208004.2,2041613121.37,1279840961.42,1339333440.74,445694797.86073774,2700910475.0360703
2010-01-04,sh.600568,17.68,18.28,17.68,17.92,17.74,3267222.0,58677750.0,3,3.822806,1,1.0147,25.34589,4.87391,1.272553,67.240143,0,2009-09-30,132074561.32,141809809.73,147665941.47,78685700.7,707672909.6,1487620306.47,836588600.91,-99483986.49,-90211335.16,119885312.62,-69810009.03,2009-12-30,正常票,1922244245.36,1821263295.71,1683008938.38,15591380.15,95483763.86,122084403.92,1207953064.38,279667242.09,685098223.41,151490377.5,651031705.56,85466591.81763344,1531561325.3719914
2010-01-04,sh.600569,5.73,5.81,5.67,5.74,5.72,21090427.0,121616046.0,3,1.044993,1,0.3497,-16.486268,1.363132,0.600364,21.721607,0,2009-09-30,-251345226.44,-303705537.68,-308603654.31,155518863.03,5193552680.11,26960774324.86,16755535587.81,70567174.35,-751595420.84,809488699.14,127619450.18,2009-12-30,正常票,16736970169.59,17040675707.27,15969882621.67,-57258427.87,-256648822.06,2685897849.45,10701453309.55,16259321015.31,11904460313.27,4851075274.54,10205238737.05,2018236198.7113786,11584675780.603313
2010-01-04,sh.600570,20.98,22.1,20.98,21.3,21.01,5998280.0,129018361.0,3,1.346306,1,1.3803,53.838549,13.11554,14.140126,63.016681,0,2009-09-30,127824452.5,109243586.18,138913669.65,101573903.53,215064886.62,995577673.0,203196550.05,-128201701.88,122234706.6,35141229.25,29100445.64,2009-12-30,正常票,406526336.81,312336894.34,117222827.36,11089217.15,123582435.42,236046787.01,624998940.82,370578732.18,124053399.3,79143150.75,792381122.95,445536155.97048515,9489920122.171333
2010-01-04,sh.600571,9.95,10.18,9.62,10.01,9.83,9294799.0,92362455.0,3,4.777469,1,1.8311,-71.621881,5.871656,3.304115,-100.191379,0,2009-09-30,11126963.38,2664707.78,15642873.93,110942828.15,206236136.02,800891905.46,453174295.43,-14874299.66,-8521370.8,19364149.69,-3857081.01,2009-12-30,正常票,357501106.32,351263323.38,232022828.3,4515910.55,11258625.41,110588144.96,505579529.04,295312376.42,412770318.89,40403976.54,347717610.03,194554878.32574108,1947494332.0406682
2010-01-04,sh.600572,12.33,12.5,12.22,12.28,12.42,4648026.0,57315959.0,3,2.755686,1,-1.1272,43.082559,4.219587,3.159308,41.607075,0,2009-09-30,69221582.77,66733491.46,79865529.7,288279866.69,207071595.98,1961753880.42,887895511.64,94041472.68,-43198446.84,-49471881.11,1326297.97,2009-12-30,正常票,959019974.05,903488280.02,420177139.57,10643946.93,63474165.43,361786695.8,1076027559.31,885726321.11,820854636.36,67040875.28,1073858368.78,168670378.26515794,2071272245.0961394
2010-01-04,sh.600573,11.3,11.47,11.19,11.2,11.29,4295669.0,48485989.0,3,3.39731,1,-0.7972,33.526837,2.548156,2.524723,17.528533,0,2009-09-30,73639474.28,92128528.15,94735070.68,5677642.69,138320768.62,1332871234.77,217004021.19,254904508.51,-26174344.24,-25000000.0,203730164.27,2009-12-30,正常票,928559504.01,835837541.65,615571121.24,21095596.4,73638586.37,314181683.83,491583865.06,841287369.71,217004021.19,,1115867213.58,126443244.80250551,1416164341.7880616
2010-01-04,sh.600575,15.39,15.39,15.0,15.03,15.2,2294153.0,34729407.0,3,0.644787,1,-1.1184,592.916421,10.052542,39.741937,57.30839,0,2009-09-30,5345630.49,6573702.75,6576660.22,14823462.11,2634705.59,802027278.88,269550728.82,2951968.36,-33405553.67,16028419.11,-14425166.2,2009-12-30,正常票,94064770.22,90248715.69,59737576.66,1231029.73,5343932.48,109872893.15,143850350.63,658176928.25,159550728.82,110000000.0,532476550.06,355800132.44683903,5347675990.67599
2010-01-04,sh.600576,16.91,17.18,16.68,16.78,16.89,2299800.0,38808701.0,3,2.219415,1,-0.6513,-428.726471,7.20381,10.440174,909.181199,0,2009-09-30,-13822564.67,-2656869.52,-7744741.68,5243524.07,547711737.98,947202009.15,438471088.53,90743582.46,-1946759.64,-80422500.0,8374322.82,2009-12-30,正常票,164836069.34,167128284.41,56429211.37,6077822.99,-13597639.7,156864016.09,744195352.83,203006656.32,338471088.53,100000000.0,508730920.62,103621900.36563689,1738775488.135387
2010-01-04,sh.600577,8.09,8.09,7.95,7.97,8.05,4894920.0,39184442.0,3,1.662225,1,-0.9938,29.368051,3.088943,0.730267,22.381418,0,2009-09-30,74576636.26,98053642.34,102161127.16,808413961.33,332677486.43,2658114224.48,1581253608.72,220334468.94,-101768457.74,27005350.73,145563952.99,2009-12-30,正常票,2560707927.57,2462654285.23,2362673286.34,27584490.9,50907370.63,464490881.13,1916122775.59,741991448.89,1528877570.72,52376038.0,1076860615.76,294479989.1711411,2347005513.6939945
2010-01-04,sh.600578,10.15,10.23,10.07,10.12,10.07,2526514.0,25645810.0,3,0.440651,1,0.4965,36.440008,3.419912,3.308635,-31.164245,0,2009-09-30,116151080.08,143604929.79,150633272.07,151943265.93,36179249.35,6933944201.54,4931491409.73,629111489.36,-1812829883.34,1015695260.73,-168023133.25,2009-12-30,正常票,1278637839.22,1147737413.54,1040938468.68,34482191.99,116151080.08,205695791.55,1086330133.55,5847614067.99,3593474811.25,1338016598.48,2002452791.81,573359415.9550302,5802397289.464905
2010-01-04,sh.600579,7.39,7.42,7.23,7.24,7.28,3106251.0,22679676.0,3,1.215278,1,-0.5495,-8.129891,41.390871,1.860202,249.824842,1,2009-09-30,10809159.21,-10468054.29,10809159.21,226834159.18,187962341.36,1419070689.82,1374361700.73,-6436518.79,-1220117.68,21378776.47,13722140.0,2009-12-30,正常票,856530390.52,866998444.81,770607366.05,,10809159.21,37381784.88,571346795.85,847723893.97,1374361700.73,,44708989.09,255600035.54742208,1850544257.3633358
2010-01-04,sh.600580,18.8,20.03,18.8,20.02,18.21,27313973.0,538217013.0,3,9.579575,1,9.9396,32.184322,5.13976,2.657127,26.694313,0,2009-09-30,167775204.21,179787921.58,187590254.13,442459940.38,376436674.62,2413938702.01,1130994529.66,88032573.9,-78354532.92,118118000.24,127796041.22,2009-12-30,正常票,1624581511.02,1466048681.78,1260052598.27,19815049.92,145910724.09,490329644.55,1554167488.34,859771213.67,960994529.66,170000000.0,1282944172.35,285127189.8805532,5708246341.408674
2010-01-04,sh.600581,16.3,17.28,15.98,16.04,16.0,21471772.0,353331444.0,3,2.801462,1,0.25,-26.667734,4.500672,0.798412,-123.7077,0,2009-09-30,-51835204.27,19570440.18,15695234.38,52538401.01,2155798146.96,12305108329.1,9573551564.17,-350609394.17,-114768672.68,160502544.31,-304875522.54,2009-12-30,正常票,12147397088.74,12201421828.17,11313937582.75,67530438.65,-51835204.27,170946715.26,4784529920.58,7520578408.52,8053551564.17,1520000000.0,2731556764.93,766448804.2315048,12293838819.873337
2010-01-04,sh.600582,34.8,34.8,34.0,34.33,34.75,2431046.0,83599049.0,3,0.749365,1,-1.2086,40.173179,10.812505,4.397411,175.438771,0,2009-09-30,690208264.68,794580450.06,819238962.82,1821274368.89,1855974419.83,7999101302.77,4242186544.52,234246261.34,-299008672.9,177291266.35,112236088.11,2009-12-30,正常票,4579072557.59,3787379460.63,3031246511.61,129030698.14,373341609.5,1064768767.36,5917221079.9,2081880222.87,3935944719.44,306241825.08,3756914758.25,324414137.3029165,11137137333.609123
2010-01-04,sh.600583,11.58,11.59,10.89,11.09,11.4,138098204.0,1532717283.0,3,4.420274,1,-2.7193,29.95427,4.100423,2.78495,147.727618,0,2009-09-30,804587286.6,934933082.87,933388865.9,1345352609.43,3284510293.29,16322098260.21,7501418450.22,959020765.69,-2265657048.0,-1521507155.26,-2827473070.55,2009-12-30,正常票,9562359437.7,8629170323.05,8351263063.41,128801579.3,794865579.44,718687659.45,6323379748.93,9998718511.28,5100852666.14,2400565784.08,8820679809.99,3124200083.5242343,34647378926.28376
2010-01-04,sh.600584,8.89,9.28,8.71,9.09,8.75,45241171.0,407550355.0,3,6.071141,1,3.8857,1006.295927,4.12857,3.186288,26.214448,0,2009-09-30,8482826.97,15156817.05,12092817.66,423483398.9,354800605.37,4938412067.87,3175451180.49,278828037.75,-233481143.09,-55982323.69,-10889543.49,2009-12-30,正常票,1643172347.87,1628830346.47,1323505965.12,3609990.69,1104193.49,1026737413.9,1906202004.56,3032210063.31,2799761112.66,375690067.83,1762960887.38,745183994.244245,6773722507.680187
2010-01-04,sh.600585,50.35,50.35,47.77,48.2,49.86,6919458.0,335886536.0,3,0.676733,1,-3.3293,30.146004,3.143655,3.375866,-44.353562,0,2009-09-30,2296556876.0,2651790295.0,2794138508.0,410570292.0,2032230957.0,42684565872.0,15113748258.0,6489688086.0,-5695409686.0,-4024915611.0,-3230637211.0,2009-12-30,正常票,17667929572.0,15036635663.0,12971296075.0,497581632.0,2235048220.0,3565101197.0,8384740170.0,34299825702.0,9206261051.0,5907487207.0,27570817614.0,1022479766.7617805,49283524757.91782
2010-01-04,sh.600586,16.3,16.75,16.3,16.66,16.25,15969928.0,265244205.0,3,4.408115,1,2.5231,200.102654,4.217475,4.745459,21.025368,0,2009-09-30,90176122.0,105231650.08,114237538.49,114888744.2,501246325.06,6123227536.5,3707919581.45,107450905.39,-277756084.4,902312195.71,732007016.7,2009-12-30,正常票,1714757948.37,1611579595.13,1401471511.55,24061416.49,77210736.39,1292174789.56,2218283229.78,3904944306.72,2582609581.45,1125310000.0,2415307955.05,362284740.7565366,6035663781.0039
2010-01-04,sh.600587,16.31,16.31,16.15,16.21,16.23,1771733.0,28735281.0,3,1.318313,1,-0.1232,58.864465,3.418576,2.723967,28.258459,0,2009-09-30,31272964.01,35021661.12,37145759.36,199488130.16,285218028.29,1111362816.85,413940711.98,96259751.48,-16596327.53,-20034264.05,59629159.9,2009-12-30,正常票,629687056.25,594197796.89,465704229.47,5872795.35,28779321.59,219160456.18,791688701.47,319674115.38,399930711.98,14010000.0,697422104.87,134393956.51867196,2178526035.1676726
2010-01-04,sh.600588,27.59,27.75,27.2,27.21,27.66,4170016.0,114116349.0,3,0.867905,1,-1.6269,26.645469,8.220878,8.704716,46.3478,0,2009-09-30,346510575.0,275997659.0,377691972.0,309997391.0,6628828.0,2841466020.0,732654830.0,-128992287.0,178029121.0,-150393178.0,-101442078.0,2009-12-30,正常票,1255826539.0,1259463859.0,206941702.0,31181397.0,348755811.0,983696133.0,1409048677.0,1432417343.0,694644036.0,38010794.0,2108811190.0,480469175.7738462,13073566272.806356
2010-01-04,sh.600589,7.73,7.77,7.66,7.67,7.71,5673315.0,43764238.0,3,1.063913,1,-0.5188,45.353064,2.721237,3.778278,14.059795,0,2009-09-30,98877515.91,111041268.42,111168660.18,357145961.16,291064714.63,2674347974.4,970928838.98,-115438489.91,-186165391.2,598504716.88,296900835.77,2009-12-30,正常票,927036452.67,815995184.25,752275936.18,12291144.27,98880908.55,443220882.41,1284890622.96,1389457351.44,966418838.98,4510000.0,1703419135.42,533249899.19288504,4090026726.809428
2010-01-04,sh.600590,15.53,16.27,15.53,15.87,15.43,11554964.0,184679239.0,3,3.045283,1,2.8516,55.602955,3.646196,2.488162,11.424393,0,2009-09-30,76015474.11,79151841.76,91029535.27,908095143.03,748907410.24,4131947969.69,2170570425.84,-163098813.01,-86132930.98,602680676.15,353423897.16,2009-12-30,正常票,1469520092.86,1390222415.29,1160128117.73,15014061.16,72649213.47,743628633.2,2825874147.82,1306073821.87,1913291772.75,257278653.09,1961377543.85,379438101.48350745,6021682670.543263
2010-01-04,sh.600591,7.22,7.27,7.14,7.23,7.19,13401910.0,96749822.0,3,1.239196,0,0.5563,-9.91221,8.646143,0.76865,21.409912,1,2009-09-30,-252521219.79,-738448110.76,-240930829.29,545514597.6,304862279.62,16062973983.53,14954789569.42,337984386.92,-1261762532.14,1392515639.29,468136591.16,2009-12-30,退市票,9056514076.85,9845942424.55,8081259317.62,11590390.5,-133949224.82,1697194856.09,3502666373.71,12560307609.82,10138779264.8,4816010304.62,1108184414.11,1081500424.4687684,7819248068.909196
2010-01-04,sh.600592,11.81,12.25,11.71,11.93,11.83,11908623.0,143378882.0,3,5.785558,1,0.8453,49.253107,4.580971,8.414228,-326.873148,0,2009-09-30,48039833.87,54646626.37,55411774.83,126093453.27,279359643.62,1067662146.14,262797784.62,7431184.09,-37190888.1,-37147748.7,-66907452.71,2009-12-30,正常票,324342935.86,279295275.32,231034014.63,7371940.96,47957563.63,134810191.39,683101007.67,384561138.47,252924284.53,9873500.09,804864361.52,205833611.90052888,2455594989.9733095
2010-01-04,sh.600593,14.12,14.2,13.99,14.0,14.08,1590989.0,22357494.0,3,1.729336,1,-0.5682,184.477427,4.593855,10.718018,45.648974,0,2009-09-30,16800269.38,16759353.21,16800269.38,,2755573.03,639856982.6,338391987.85,56546449.56,-12029511.92,8528673.81,53045611.45,2009-12-30,正常票,102239308.56,88679955.35,47084465.56,,16891985.68,74611051.72,153062806.59,486794176.01,310391987.85,28000000.0,301464994.75,91999993.06092049,1287999902.852887
2010-01-04,sh.600594,17.9,18.23,17.57,17.69,17.89,3524006.0,63168283.0,3,1.498493,1,-1.1179,37.775375,6.274441,3.327511,44.058321,0,2009-09-30,83593643.47,90944361.32,97657116.99,132027515.22,109155513.53,1255068212.9,583038157.83,3003676.7,-58565902.53,74746983.5,19184757.67,2009-12-30,正常票,916161531.76,810239015.58,251685534.23,14063473.52,81916174.02,179202654.83,786776492.78,468291720.12,552908157.83,30130000.0,672030055.07,235170000.79413116,4160157314.0481806
2010-01-04,sh.600595,26.2,26.96,25.64,26.51,25.99,16548803.0,437576462.0,3,3.619158,1,2.0008,286.510102,6.726472,3.148814,19.069937,0,2009-09-30,241320325.07,291583341.91,345389295.65,71821090.73,930136140.83,10734880534.95,8093384605.58,211425285.1,-702315668.75,1508716791.72,1017826408.07,2009-12-30,正常票,4246574719.96,3923954794.88,3712686538.42,104068970.58,251102815.8,1938952934.25,4073515048.44,6661365486.51,6035788484.43,2057596121.15,2641495929.37,457255610.28283376,12121846228.597923
2010-01-04,sh.600596,45.25,45.98,44.81,45.79,45.11,4646613.0,211179103.0,3,2.124871,1,1.5074,43.787686,3.647136,3.446358,25.2789,0,2009-09-30,246708346.76,280815053.27,306985473.28,245038344.31,475202476.23,5386736736.17,1300324972.27,230528369.05,-563908601.48,851852566.8,517528550.25,2009-12-30,正常票,2925936273.23,2647883434.9,2372816749.08,60277126.52,243906457.0,1915072710.2,2849077864.33,2537658871.84,845595492.35,454729479.92,4086411763.9,218677416.18197057,10013238886.972431
2010-01-04,sh.600597,9.63,9.85,9.51,9.64,9.53,13778892.0,133800103.0,3,2.663756,1,1.1542,-253.500451,4.782526,1.331638,29.876822,0,2009-09-30,108434731.0,158866134.0,183812506.0,722042054.0,536466425.0,4483315526.0,2293728473.0,305297369.0,-107381610.0,108829780.0,306745539.0,2009-12-30,正常票,6082175902.0,5920187656.0,3804115412.0,75377775.0,115913959.0,1007635348.0,2500758193.0,1982557333.0,2084717801.0,209010672.0,2189587053.0,517273053.5379367,4986512236.10571
2010-01-04,sh.600598,15.64,15.99,15.16,15.17,15.25,56705005.0,884078842.0,3,3.307414,1,-0.5246,46.287141,5.166876,4.492963,-371.505095,0,2009-09-30,385560036.45,334070704.12,385901654.37,861086813.5,1546649162.52,9675132115.51,4381355809.32,1050906139.78,-203542264.1,-1071077843.39,-223741913.06,2009-12-30,正常票,4563560759.14,4230685040.22,3366669985.48,341617.92,401897507.14,790152676.53,4479406797.04,5195725318.47,3818969707.62,562386101.7,5293776306.19,1714481616.1508658,26008686117.008633
2010-01-04,sh.600599,24.07,24.3,23.6,23.61,24.04,6362268.0,151199632.0,3,8.765403,1,-1.7887,565.419166,12.902257,20.268387,-1023.620098,0,2009-09-30,12130728.81,12622946.66,13723550.77,48827793.65,30231023.27,313433444.24,76400710.82,-49364014.07,-9215058.07,7946715.5,-50632356.64,2009-12-30,正常票,101339488.97,88712442.39,64022918.78,1592821.96,12318084.78,48494588.34,200876721.52,112556722.72,76196784.23,203926.59,237032733.42,72583861.80304545,1713704977.169903
2010-01-04,sh.600600,37.6,37.79,36.47,36.91,37.61,2738285.0,101644261.0,3,0.983159,1,-1.8612,39.742431,7.081254,2.819751,27.042088,0,2009-09-30,1302709030.0,1560601349.0,1658664268.0,115693172.0,1848693933.0,14670990492.0,7268903149.0,3842209041.0,-895610089.0,-405787261.0,2544006979.0,2009-12-30,正常票,14734547772.0,13182112666.0,8315565176.0,355955238.0,1254963597.0,4961402640.0,7268430933.0,7402559559.0,5809600539.0,1459302610.0,7402087343.0,278519039.1381252,10280137734.5882
2010-01-04,sh.600601,5.18,5.27,5.08,5.19,5.15,44242653.0,229316179.0,3,2.562583,1,0.7767,108.018653,3.174941,1.20201,-73.823052,0,2009-09-30,51921177.15,39648541.37,58346215.42,777304219.16,549109375.89,5745748806.13,2902039153.3,-334268122.06,-165913817.35,643976424.82,143441247.77,2009-12-30,正常票,5778821443.7,5739908152.33,5362372211.72,6425038.27,52800637.06,1318113024.89,3168177278.77,2577571527.36,2646465101.36,255574051.94,2843709652.83,1726486634.7743661,8960465634.47896
2010-01-04,sh.600602,8.33,8.33,7.76,7.99,8.0,51801935.0,416278403.0,3,5.889444,1,-0.125,-9.910782,5.618382,18.956534,-81.37659,0,2009-09-30,-222275507.79,-221522534.85,-220625943.06,102670716.73,48818163.16,3531081863.89,1768521323.83,-1757723.63,291226263.36,-181102631.17,108841786.01,2009-12-30,正常票,477030539.39,591998253.3,458625430.59,1649564.73,-205482646.69,271276575.81,445494410.43,3085587453.46,1742489934.13,26031389.7,1762560540.06,879572587.8368145,7027784976.816148
2010-01-04,sh.600603,8.7,8.7,8.48,8.62,8.61,5506727.0,47028346.0,3,2.829158,1,0.1161,397.679621,-6.274956,550.149636,-110.947785,1,2009-09-30,5859551.94,-4467512.71,5859551.94,,,4398596.95,271781105.48,-230093.95,-11198.0,-12000000.0,-12241291.95,2009-12-30,正常票,416740.0,4884252.71,23129.07,,5859551.94,973297.69,1887378.17,2511218.78,27624235.02,244156870.46,-267382508.53,194641904.0576737,1677813212.977147
2010-01-04,sh.600604,7.49,7.67,7.35,7.39,7.3,5147224.0,38683010.0,3,1.543284,1,1.2329,-164.339921,13.586334,17.313261,10.933079,1,2009-09-30,-77357720.72,-79918147.48,-77388809.23,86650566.69,112988255.3,1045961234.91,732602067.09,-79339533.14,527203029.21,-123280731.11,324592617.4,2009-12-30,正常票,186078969.53,266012193.33,185761396.94,-31088.51,-76863326.31,489647163.04,725909561.88,320051673.03,207456140.44,525145926.65,313359167.82,333524095.3706511,2464743064.7891116
2010-01-04,sh.600605,11.06,11.07,10.9,10.92,11.0,1438179.0,15757983.0,3,0.976065,1,-0.7273,37.035067,4.72714,1.296289,164.008362,0,2009-09-30,2824535.37,-5855861.41,-2080545.24,174507442.99,43256574.97,554380575.33,214004982.47,-12944216.26,-462928.64,11005285.6,-2401859.3,2009-12-30,正常票,937480600.45,943730808.88,909284071.9,-4905080.61,2824535.37,39702837.19,323179648.23,231200927.1,208291905.97,5713076.5,340375592.86,147344592.829371,1609002953.6967313
2010-01-04,sh.600606,10.17,10.25,10.01,10.02,10.15,4595320.0,46426479.0,3,1.65775,1,-1.2808,24.792007,2.325379,7.136887,-78.036197,0,2009-09-30,94658169.63,125203508.83,127638029.32,207610.66,1068701910.75,3198501710.49,1476542526.4,509710636.12,-47532697.61,-329987846.05,132190092.46,2009-12-30,正常票,400195614.92,323853354.0,146093740.79,32979859.69,92499541.67,678132117.12,2006548210.17,1191953500.32,1225527686.96,251014839.44,1721959184.09,277202231.9408837,2777566364.0476546
2010-01-04,sh.600607,22.65,22.69,22.24,22.27,22.43,2653985.0,59337108.0,3,0.721555,1,-0.7133,15.352218,3.544711,2.387986,8.036271,0,2009-09-30,576114188.17,784931340.23,793269044.72,649704580.29,399888707.27,4140535065.3,1174309051.42,243394891.71,779053988.44,-19147191.09,1003244990.35,2009-12-30,退市票,2693724777.93,2460518889.14,1870685349.86,217154856.55,467299474.11,1766682917.63,2948535337.38,1191999727.92,1074593620.48,99715430.94,2966226013.88,367814650.3038577,8191232262.266911
2010-01-04,sh.600608,6.46,6.67,6.41,6.59,6.46,5603592.0,36685354.0,3,2.130764,1,2.0124,-17.288817,-97.991908,6.537457,305.113096,1,2009-09-30,-54107575.78,-62522550.53,-52670954.96,109145947.64,62793315.52,776069419.83,743649304.12,29605357.08,3964900.55,-27200318.76,6370902.54,2009-12-30,正常票,222048748.32,285106331.51,181337396.21,1436620.82,-54817639.29,31076881.1,246454678.93,529614740.9,633649304.12,110000000.0,32420115.71,262985107.689073,1733071859.670991
2010-01-04,sh.600609,5.65,5.67,5.55,5.57,5.58,9480215.0,53062647.0,3,0.867622,1,-0.1792,-12.361456,24.358557,1.60802,-28.573643,0,2009-09-30,-153497902.54,-136224720.57,-132579073.88,650934337.17,561827914.49,4541129889.76,4152070520.0,199242154.91,-7104567.66,-191134803.17,1002784.08,2009-12-30,正常票,3303834301.27,3260751768.9,2925138549.4,20918828.66,-184582557.49,1303891930.44,3214404692.87,1326725196.89,3793024527.43,359045992.57,389059369.76,1092666506.8428416,6086152443.114628
2010-01-04,sh.600610,14.33,14.38,14.0,14.1,14.35,647729.0,9116371.0,3,2.51643,1,-1.7422,2223.501978,25.837125,71.177133,-262.492446,1,2009-09-30,6206421.76,-4484132.42,6206421.76,4075274.75,13042870.12,375535679.04,179283376.45,-6009506.65,-1308533.75,-4332856.69,-11650730.48,2009-12-30,正常票,54378241.51,69948068.3,48406456.42,,6301138.97,46173842.09,104475962.72,271059716.32,164107547.08,15175829.37,196252302.59,25739996.74141542,362933954.0539574
2010-01-04,sh.600611,12.18,12.55,12.18,12.25,12.15,20509281.0,254527749.0,3,2.868305,1,0.823,46.891388,4.398046,5.078676,265.053432,0,2009-09-30,410394325.03,352335955.68,460211602.99,88387993.67,1217605493.01,8500035237.29,3807125114.52,814193901.26,-282818477.76,-564727338.39,-33578075.57,2009-12-30,正常票,2531873624.2,2474659842.4,2032038543.74,49817277.96,391631970.39,1065283769.52,2890242969.98,5609792267.31,3585266662.59,221858451.93,4692910122.77,715031386.132228,8759134480.119793
2010-01-04,sh.600612,25.9,26.8,25.67,26.32,25.88,4051634.0,107008315.0,3,5.175385,1,1.7002,72.227179,7.851302,0.702906,103.200742,0,2009-09-30,214476275.11,269439810.09,280167715.34,802007132.78,1323830831.45,3737252794.67,2484683348.58,-67346319.64,-1767229.36,169041235.59,99777863.95,2009-12-30,正常票,8942632178.76,8703755976.31,8263661313.17,65691440.23,135782501.94,743871792.47,2943992707.55,793260087.12,2465664255.7,19019092.88,1252569446.09,78286620.22245687,2060503844.255065
2010-01-04,sh.600613,13.09,13.28,12.89,12.94,13.07,1310065.0,17022790.0,3,1.280879,1,-0.9946,1374.593297,9.589451,30.736327,146.453322,0,2009-09-30,11069732.66,11181644.28,12193244.28,53166793.3,8117419.15,267454970.75,47446623.49,7785976.87,3202855.85,-1199192.44,9789639.16,2009-12-30,正常票,52467664.43,43349646.64,16030572.83,1123511.62,10227594.87,14647139.11,120367927.18,147087043.57,47446623.49,,220008347.26,102278591.49849439,1323484973.9905174
2010-01-04,sh.600614,7.87,7.95,7.81,7.83,7.86,4960846.0,39137453.0,3,1.50257,1,-0.3817,60.56881,6.272854,6.595506,-30.862305,0,2009-09-30,68338345.57,68249307.79,77950438.44,143873515.33,819854218.78,1820552671.83,1073493529.02,32589693.97,-387704646.82,286961526.69,-68153426.16,2009-12-30,退市票,529089055.53,479440628.61,402071174.41,9612092.87,69613860.51,101395541.02,1153763719.55,666788952.28,963044140.81,110449388.21,747059142.81,330157396.9931517,2585132418.456378
2010-01-04,sh.600615,12.27,12.57,12.1,12.25,12.18,6338268.0,77904680.0,3,4.140684,1,0.5747,62.135339,6.502018,16.501296,69.411424,0,2009-09-30,4756631.33,10062912.85,8007703.09,275490.93,531730220.08,757366013.05,403129623.47,85907343.58,-923259.1,-70030461.74,14953622.74,2009-12-30,正常票,89439956.0,79546174.05,54920628.33,3251071.76,4756631.33,85605195.71,674324325.58,83041687.47,141949290.1,261180333.37,354236389.58,153072970.55269128,1875143889.2704682
2010-01-04,sh.600616,18.13,19.45,17.9,18.97,17.92,22254031.0,417439372.0,3,6.087662,1,5.8594,40.634378,7.409371,6.685535,-359.770492,0,2009-09-30,106906898.94,123580124.14,134624861.26,47508629.82,430116326.96,1051916008.15,115984256.63,84348363.68,79873014.17,-205217585.4,-40996207.55,2009-12-30,正常票,639574400.96,516660948.57,302247097.95,27717962.32,106906898.94,144921166.12,640742563.02,411173445.13,115984256.63,,935931751.52,365559569.50303745,6934665033.47262
2010-01-04,sh.600617,7.5,7.65,7.46,7.47,7.5,1008438.0,7608389.0,3,1.67322,1,-0.4,-19.607633,-53.345343,58.640862,2635.287509,1,2009-09-30,-24864196.78,-25136071.18,-24864196.78,,78851496.73,107048781.52,117594806.39,1214963.48,-19096.34,,1195867.14,2009-12-30,正常票,12880450.55,38021808.39,13023218.46,,-24018204.86,3245174.25,92738975.63,14309805.89,112648908.37,4945898.02,-10546024.87,60269301.10804318,450211679.2770825
2010-01-04,sh.600618,8.83,8.83,8.64,8.68,8.64,5278081.0,46035445.0,3,0.703894,1,0.463,-56.863851,3.935603,2.081777,-196.590209,0,2009-09-30,-130463987.33,-151699275.75,-130296646.77,207590258.33,453056191.32,6058315243.93,3457474876.03,201712686.44,220602907.82,-842546490.42,-419022039.0,2009-12-30,正常票,3572442441.11,3786328260.66,3321474148.61,167340.56,-130440945.42,371639045.2,1353805740.58,4704509503.35,2973377916.1,484096959.93,2600840367.9,749840316.8658917,6508613950.39594
2010-01-04,sh.600619,9.33,9.63,9.25,9.5,9.29,6169244.0,58269780.0,3,2.130167,1,2.2605,-1501.491985,3.437114,1.352792,-85.372582,0,2009-09-30,61968402.77,79256653.68,81465293.85,708499008.53,450920366.02,5075214077.3,3050261822.83,216040430.97,-343685895.1,113943415.2,-13887799.0,2009-12-30,正常票,3162630325.73,3139542640.66,2789018147.56,19496891.08,42649398.6,126404317.09,2581616552.6,2493597524.7,2512922332.98,537339489.85,2024952254.47,289613161.784968,2751325036.957196
2010-01-04,sh.600620,7.77,7.77,7.61,7.62,7.69,4569450.0,35144997.0,3,1.297615,1,-0.9103,-252.870098,5.037817,10.013276,131.246601,0,2009-09-30,-42534980.33,-33981116.13,-36748589.8,9296038.84,796535150.85,1464564269.5,907487940.45,-47519593.35,5833762.95,75117731.06,33431900.66,2009-12-30,正常票,50632367.0,97738635.64,46570967.16,5786390.53,-40069958.01,110599899.58,1014554236.32,450010033.18,622163190.93,285324749.52,557076329.05,352142199.34264016,2683323558.990918
2010-01-04,sh.600621,8.8,8.91,8.73,8.78,8.76,7495341.0,66095556.0,3,1.430184,1,0.2283,62.901128,4.382361,4.566604,-74.369121,0,,,,,,,,,,,,,,正常票,,,,,,,,,,,,524082285.9156584,4601442470.33948
2010-01-04,sh.600622,12.33,12.46,12.15,12.29,12.27,17407825.0,214435418.0,3,3.847315,1,0.163,19.881133,3.771279,7.056338,17.244603,0,2009-09-30,223660993.84,275765202.95,281079718.9,34307691.57,1064291559.19,3527528156.38,1784857950.76,462922671.58,31814269.73,-155099492.81,339601184.27,2009-12-30,正常票,776726463.42,566601890.93,428924726.21,57418725.06,208410463.28,1516285115.76,2789996777.12,737531379.26,1770171397.2,14686553.56,1742670205.62,452466850.25790715,5560817589.669679
2010-01-04,sh.600623,18.4,18.44,18.07,18.26,18.26,2477509.0,45210774.0,3,0.386816,1,0.0,254.082066,9.495192,2.304706,-56.40389,0,2009-09-30,192615894.27,243285794.28,234742920.69,767369140.87,1169452585.71,8952700658.75,6719050323.47,1456462222.41,-269234520.56,-1254402032.74,-62830164.14,2009-12-30,正常票,5657842497.82,5418184263.64,4770479718.53,42127026.42,162459598.21,1502459851.83,4239295918.73,4713404740.02,5525417609.46,1193632714.01,2233650335.28,640487725.4301788,11695305866.355064
2010-01-04,sh.600624,10.15,10.23,9.98,10.16,10.08,6635801.0,67040916.0,3,1.922557,1,0.7937,143.182045,6.61968,6.27401,42.30463,0,2009-09-30,24705110.66,22068478.68,29535419.07,91457503.44,170745284.09,1213998325.6,642410196.14,14555373.43,-1544118.86,86095267.76,99767431.26,2009-12-30,正常票,417842623.34,392969704.03,261425197.26,4830308.41,21033585.11,271629956.11,827731773.16,386266552.44,588584820.01,53825376.13,571588129.46,345154968.09717476,3506774475.8672957
2010-01-04,sh.600626,8.1,8.1,7.9,7.91,8.1,9654384.0,77154280.0,3,2.038961,1,-2.3457,47.471494,2.182644,0.856206,-262.047354,0,2009-09-30,61940351.31,74120928.14,82028866.61,339743376.9,203449457.61,2924367879.51,1017455917.02,58840170.53,-19565376.75,-37469891.86,1905900.12,2009-12-30,正常票,3745183302.99,3695448563.92,3482406194.5,20088515.3,63934127.86,917438193.46,1653215185.83,1271152693.68,998458345.35,18997571.67,1906911962.49,473495275.2897187,3745347627.541675
2010-01-04,sh.600628,15.2,15.83,15.07,15.38,15.1,25106652.0,390665923.0,3,5.900683,1,1.8543,47.627087,4.760449,2.987871,417.81486,0,2009-09-30,131303196.53,175390023.06,175393738.28,122784795.37,87392848.01,3915871335.71,2164093436.96,92746753.53,-30007895.16,-89044040.3,-26342415.06,2009-12-30,正常票,1915592373.61,1737824861.23,1388283510.03,44090541.75,127881908.6,262842181.27,497471604.7,3418399731.01,2152010743.97,12082692.99,1751777898.75,425487219.0219336,6543993428.55734
2010-01-04,sh.600629,13.85,14.47,13.81,14.06,13.79,4133649.0,58859779.0,3,4.783456,1,1.9579,274.64518,10.658659,16.538509,-247.478202,0,2009-09-30,970565.16,-7242392.96,3071969.89,60229967.22,12862087.67,621142214.89,201284528.39,-26145215.68,-7692156.16,-11208175.0,-45045546.84,2009-12-30,正常票,134474472.38,141723867.34,103412094.83,2101404.73,3075915.92,95929869.74,180910022.81,440232192.08,187698842.7,13585685.69,419857686.5,86415533.03720155,1215002394.503054
2010-01-04,sh.600630,10.25,10.4,10.17,10.29,10.21,11667363.0,119916362.0,3,2.746156,1,0.7835,211.333079,3.214748,1.356262,309.960723,0,2009-09-30,21390046.35,2836724.24,32242958.68,296190985.34,979115442.88,2830475589.52,1439921843.32,25476334.57,18960943.42,-75089354.34,-30203172.09,2009-12-30,正常票,2081139390.95,2092259881.09,1663591013.12,10852912.33,21116157.67,210148573.49,1810786257.96,1019689331.56,1431890518.4,8031324.92,1390553746.2,424861624.75838953,4371826118.763828
2010-01-04,sh.600631,18.11,18.68,17.96,18.35,18.02,20564965.0,379476760.0,3,1.867798,1,1.8313,46.897922,3.603406,2.03946,61.938069,0,2009-09-30,418034572.16,521883659.82,540209397.5,83796006.87,134486836.45,14266260786.59,7696265279.02,808137750.24,-227219177.58,-52894539.06,528023354.16,2009-12-30,退市票,7649220107.47,7207426991.8,5632383015.77,122174825.34,329332256.9,1063002023.93,1501620469.79,12764640316.8,7248458496.0,447806783.02,6569995507.57,1101027252.4116633,20203850081.754025
2010-01-04,sh.600633,7.93,7.96,7.83,7.86,7.89,1574591.0,12395172.0,3,1.430056,1,-0.3802,-34.612095,10.104098,3.189095,595.35553,1,2009-09-30,-15204085.87,-15254523.34,-15204085.87,57498640.23,36895036.64,226143270.36,107609458.96,12632864.57,-1412961.4,-1163058.96,9937098.57,2009-12-30,正常票,269665429.03,284927102.37,214283234.67,,-15192397.26,43298901.43,142387460.81,83755809.55,107509458.96,100000.0,118533811.4,110106946.86082223,865440602.3260628
2010-01-04,sh.600634,12.2,12.59,11.93,12.37,12.2,4759150.0,58032829.0,3,5.457285,1,1.3934,-644.579512,5.451555,74.312528,-744.396053,0,2009-09-30,-4155322.28,-4172285.26,-3930107.29,,47279990.36,257728745.31,48241023.52,-1035365.13,-18530.0,-1772423.88,-2826319.01,2009-12-30,退市票,2213000.0,6385285.26,933978.73,225214.99,-4193587.13,2601427.73,250063680.18,7665065.13,48241023.52,,209487721.79,87207283.47520791,1078754096.5883217
2010-01-04,sh.600635,10.76,10.79,10.58,10.6,10.7,13156847.0,140402845.0,3,0.879859,1,-0.9346,106.688334,6.423381,4.718471,95.557484,0,2009-09-30,208302301.36,229792398.7,247359765.03,173998631.33,434716866.36,8630696281.3,5458029744.67,177966111.72,6876454.99,2481379.38,187323946.09,2009-12-30,正常票,2584034330.64,2569345525.23,2205503139.95,39057463.67,151016189.31,971257967.99,1684295505.09,6946400776.21,4392959480.68,1065070263.99,3172666536.63,1495335843.5840287,15850559941.990704
2010-01-04,sh.600636,9.7,9.9,9.5,9.77,9.65,14890216.0,144995639.0,3,4.288313,1,1.2435,-51.149843,4.679424,1.613015,-26.85161,0,2009-09-30,42580467.41,29690232.55,43840148.4,200315584.66,284745776.47,2267702605.97,1335389088.23,43856643.42,16963681.77,-246330354.71,-185734811.57,2009-12-30,正常票,1541748249.93,1520277695.77,1303147534.7,1259680.99,4532771.39,213583272.8,829059240.26,1438643365.71,1307773790.66,27615297.57,932313517.74,347227825.95393574,3392415859.569952
2010-01-04,sh.600637,6.86,6.87,6.64,6.73,6.83,18802991.0,126683605.0,3,2.652551,1,-1.4641,-4.087756,4.762771,1.78753,-35.97185,0,2009-09-30,-161111919.32,-172070552.69,-160852682.56,660703722.15,225052430.08,3364256712.79,2291519220.32,204664243.68,67118317.5,-356355438.0,-82946731.61,2009-12-30,正常票,1851381038.13,2053288759.51,1726063943.7,259236.76,-162766406.5,300162071.7,1394157043.98,1970099668.81,2289715595.48,1803624.84,1072737492.47,708864447.8466201,4770657734.007753
2010-01-04,sh.600638,16.84,17.64,16.84,17.41,17.25,72933010.0,1261704413.0,3,12.996737,1,0.9275,52.729391,3.752791,21.697603,404.951205,0,2009-09-30,136361651.48,141865794.76,165308604.67,13331923.1,1687985026.35,4977531476.95,2113854055.68,118275532.21,-250586765.98,171824799.64,39513565.87,2009-12-30,正常票,367841225.56,306207507.99,204461887.38,28946953.19,133576569.81,660766755.32,2564832834.91,2412698642.04,1338744845.78,775109209.9,2863677421.27,561164006.0116627,9769865344.663048
2010-01-04,sh.600639,13.79,13.8,13.53,13.59,13.68,2553211.0,34781337.0,3,0.427707,1,-0.6579,47.745408,3.542339,13.515197,-401.015032,0,2009-09-30,202953960.88,244517177.74,251907826.69,23081171.48,1478679959.75,6554176175.07,2959288581.12,-151558182.71,20746432.51,119377616.37,-11434862.08,2009-12-30,正常票,611530779.5,387806825.56,221883451.57,48953865.81,189121730.71,63567631.83,1842615829.74,4711560345.33,2154657757.59,804630823.53,3594887593.95,596953288.1154622,8112595185.489131
2010-01-04,sh.600640,12.5,13.08,12.27,12.91,12.56,19881369.0,253726344.0,3,9.632154,1,2.7866,-107.522917,5.029241,12.954843,149.659082,0,2009-09-30,-13482588.84,-12626461.18,-13014457.98,22405363.11,121033417.28,1247752962.14,217437942.63,60013651.35,-9222885.78,-129083411.98,-78292646.41,2009-12-30,正常票,350188677.8,363647009.73,326440864.22,468130.86,-13482588.84,793838017.82,959786835.36,287966126.78,210428119.02,7009823.61,1030315019.51,206406261.7769608,2664704839.540564
2010-01-04,sh.600641,9.51,9.57,9.33,9.34,9.52,6735490.0,63389131.0,3,0.835504,1,-1.8908,21.413359,2.921686,5.219755,4.514853,0,2009-09-30,266750385.01,355773175.24,362569060.92,3262111.19,2212263966.77,5119402083.89,2466347068.64,674026366.84,114176966.86,750631251.29,1538834033.34,2009-12-30,正常票,1121846746.87,911403199.57,746364098.42,95818675.91,272444180.72,2192373188.05,4650056469.99,469345613.9,1036913778.56,1429433290.08,2653055015.25,806158917.252341,7529524287.136865
2010-01-04,sh.600642,11.42,11.46,11.28,11.29,11.38,15541378.0,176461631.0,3,0.537832,1,-0.7909,21.904207,2.218996,2.225919,40.669892,0,2009-09-30,2045589407.58,2281412118.52,2293816717.22,897080527.18,415478414.73,30871511954.19,11147380498.89,2654722125.25,-681030735.75,-2948599040.29,-974907650.79,2009-12-30,正常票,10868751866.36,9378921709.63,8760927704.24,248227309.64,1400217287.1,4511612603.85,6521963709.78,24349548244.41,6094838166.07,5052542332.82,19724131455.3,2889634309.5985365,32623971355.367474
2010-01-04,sh.600643,11.6,11.64,11.35,11.37,11.57,11157152.0,128105710.0,3,1.543419,1,-1.7286,243.270939,8.202281,9.21577,79.742578,0,2009-09-30,55376782.16,63057385.31,66830635.03,22165107.03,373161742.68,2056061430.68,911753926.48,98914393.18,40557626.1,-39658269.04,102104908.03,2009-12-30,正常票,386237271.59,402100490.71,298301922.17,11453852.87,55558930.96,563779321.76,1052364032.12,1003697398.56,813486448.85,98267477.63,1144307504.2,722885489.9414871,8219208020.634707
2010-01-04,sh.600644,10.8,10.8,10.49,10.5,10.51,4308825.0,45596060.0,3,1.751898,1,-0.0951,49.274243,5.113917,3.773804,-26.607566,0,2009-09-30,62806738.11,80263137.68,83849509.02,31566652.62,44321734.16,3402974227.06,2417479168.89,101331628.21,-1111166344.69,881316892.84,-128517823.64,2009-12-30,正常票,680352283.11,602720187.31,487962290.52,21042770.91,54814927.23,463276497.02,744836165.32,2658138061.74,663622301.39,1753856867.5,985495058.17,245951819.11275655,2582494100.6839437
2010-01-04,sh.600645,7.6,7.6,7.42,7.47,7.53,4379719.0,32827237.0,3,1.736415,1,-0.7968,79.609526,15.746809,8.225754,26.620611,1,2009-09-30,42734863.94,40620174.04,48795672.76,24122851.58,38620041.14,687024801.4,403510163.0,66441476.56,19651711.98,-11611154.0,74482034.54,2009-12-30,正常票,225358421.78,190162981.37,85294410.9,6060808.82,28268166.64,271281638.55,365674659.36,321350142.04,400248975.7,3261187.3,283514638.4,252227664.46961123,1884140653.5879958
2010-01-04,sh.600647,19.14,19.94,19.14,19.2,18.97,2661742.0,51845496.0,3,4.973662,1,1.2124,118.357138,17.07792,5.993718,18.836131,0,2009-09-30,4901572.52,6869362.4,7433269.13,8016322.29,334720346.05,679406629.14,589567119.34,421931665.07,233869.36,-365570496.17,56595038.26,2009-12-30,退市票,91697361.81,85160604.49,55448798.11,2531696.61,1440732.98,97282412.97,573489416.98,105917212.16,526061519.04,63505600.3,89839509.8,53516744.80493447,1027521500.2547418
2010-01-04,sh.600648,16.33,16.49,16.15,16.31,16.2,1333250.0,21791623.0,3,1.047395,1,0.679,71.51993,4.203631,2.118215,-40.538222,0,2009-09-30,193235327.52,249709343.24,257104172.27,407201357.17,6732717234.32,20036665797.95,15650505163.72,235866173.09,-147208493.08,-104408182.3,49995916.02,2009-12-30,正常票,4991972046.75,4747961980.55,4138989672.62,63868844.75,148077112.81,4329734517.35,11981553843.29,8055111954.66,13357473881.84,2293031281.88,4386160634.23,127291995.85638654,2076132452.4176643
2010-01-04,sh.600649,12.65,12.93,12.65,12.77,12.63,16321778.0,208718828.0,3,1.464836,1,1.1085,38.924093,2.749519,9.856339,-209.825022,0,2009-09-30,553767626.37,690179584.19,724311401.36,528098827.65,7912258695.83,20756027331.93,9769677608.45,-139359661.22,-700023022.99,1318058035.45,478660932.61,2009-12-30,正常票,2005493471.45,1472672360.0,1255914464.91,170543774.99,536119082.01,2003930307.7,11169815630.9,9586211701.03,5350720942.43,4418956666.02,10986349723.48,1114239273.2019148,14228835518.788452
2010-01-04,sh.600650,16.05,16.48,15.62,15.64,15.88,10620316.0,170969730.0,3,4.555443,1,-1.5113,31.365702,4.614569,5.388121,-123.229164,0,2009-09-30,226817261.52,233816657.24,258639261.41,55733060.36,35315723.4,2667366728.88,608834161.2,270103328.75,-90447709.05,-230259243.92,-50603624.22,2009-12-30,正常票,1189607237.07,1073915263.58,865442256.87,31821999.89,200188785.82,559001949.09,763803484.85,1903563244.03,522654097.47,86180063.73,2058532567.68,233134647.9365453,3646225893.7275686
2010-01-04,sh.600651,9.54,9.8,9.38,9.67,9.48,17750919.0,170079480.0,3,2.882168,1,2.0042,87.43971,6.483383,4.578328,-59.191196,0,2009-09-30,62776967.23,70189145.3,72701938.12,269141684.25,203353402.03,1752419036.53,755455573.32,57353690.78,-2599228.35,-78474411.95,-24444216.18,2009-12-30,正常票,936382944.56,912006506.83,707235662.2,9924970.89,60201453.68,196762372.63,758236916.77,994182119.76,751302925.33,4152647.99,996963463.21,615887727.5717446,5955634325.61877
2010-01-04,sh.600652,6.76,6.83,6.73,6.74,6.76,10317393.0,69927139.0,3,1.852306,1,-0.2959,324.953205,3.967621,1.968821,-9.148832,0,2009-09-30,99909506.17,141767975.29,144456888.72,341529710.55,24766733.62,3931651051.57,1993484219.56,-331842042.36,-51494781.85,22535352.11,-360801472.1,2009-12-30,退市票,1396009710.37,1243299571.89,819173449.37,44547382.55,43022478.19,125858392.19,1090973392.79,2840677658.78,1082437749.25,911046470.31,1938166832.01,557002622.6768147,3754197676.841731
2010-01-04,sh.600653,4.48,4.49,4.37,4.41,4.46,22908837.0,101527266.0,3,1.31179,1,-1.1211,495.329844,4.463722,2.757164,29.527827,0,2009-09-30,47301691.7,47494173.58,53506437.74,77643933.8,344112505.09,5035459199.05,2970189577.9,145237702.16,-659873290.1,797129276.31,282493224.21,2009-12-30,正常票,2023763641.94,2066662209.8,1853013389.96,6204746.04,41654419.26,877709128.41,1796531028.33,3238928170.72,2089736784.89,880452793.01,2065269621.15,1746379908.36948,7701535395.909407
2010-01-04,sh.600654,6.7,6.73,6.57,6.69,6.66,12829862.0,85621731.0,3,1.699222,1,0.4505,-448.360132,4.829962,4.402636,1355.156452,0,2009-09-30,10111894.87,6000536.56,12294330.57,312398459.13,309173055.8,2041232402.68,929255117.92,-68137539.47,55198255.81,-58447449.68,-71543793.42,2009-12-30,正常票,869452116.26,923992482.27,699808689.78,2182435.7,6355541.63,259418575.87,1013130417.08,1028101985.6,862477200.26,66777917.66,1111977284.76,755043308.0550982,5051239730.888607
2010-01-04,sh.600655,27.48,28.5,27.2,28.17,27.33,15159871.0,425151635.0,3,1.898515,1,3.0735,49.543822,6.050412,2.759181,274.926693,0,2009-09-30,424606715.32,457629999.64,475047933.78,234594854.77,1592075891.67,8230300393.41,4388725185.89,554874389.62,-20433760.44,-381166778.62,153484653.92,2009-12-30,正常票,6512688844.95,6262246894.97,5579750968.92,50441218.46,403976163.38,1599246961.69,4105194296.46,4125106096.95,2954188315.66,1434536870.23,3841575207.52,798512047.574025,22494084380.160286
2010-01-04,sh.600656,6.25,6.4,6.2,6.24,6.22,2930064.0,18457663.0,3,2.747126,1,0.3215,-6.048016,-8.395929,15.773631,-14.93165,1,2009-09-30,-241544539.77,-247388010.29,-241287206.46,70420388.82,124178876.39,423333032.29,483165687.83,-11257411.03,,14821944.43,3564533.4,2009-12-30,退市票,6024901.85,252754743.51,28044541.15,257333.31,-192443657.23,4413503.32,291978148.72,131354883.57,483165687.83,,-59832655.54,106659250.43117788,665553722.69055
2010-01-04,sh.600657,11.24,11.3,11.0,11.17,11.22,8809719.0,98026452.0,3,1.772455,1,-0.4456,35.53603,3.688567,8.264956,-87.665498,0,2009-09-30,117534409.43,155549838.63,192557356.87,221156833.02,6723990774.83,11749316069.34,6897496138.97,955080957.06,110582560.27,-805842988.89,259821062.71,2009-12-30,正常票,1122133045.08,1041013833.86,755863611.53,75022947.44,100925853.35,1388394850.86,9659750607.76,2089565461.58,5796619048.83,1100877090.14,4851819930.37,497034847.1470362,5551879242.632394
2010-01-04,sh.600658,11.85,11.99,11.76,11.89,12.01,2698714.0,32047522.0,3,1.615772,1,-0.9992,-113.363912,75.933613,24.818994,2271.297213,0,2009-09-30,65010618.38,76659203.63,87038039.56,92550790.89,120767085.54,402140880.28,301662846.95,71267423.51,5118535.79,48082150.42,124468109.72,2009-12-30,正常票,155538913.52,80410522.34,80179728.69,22027421.18,65010618.38,47611387.33,277518787.48,124622092.8,294254757.2,7408089.75,100478033.33,167023193.86646137,1985905775.0722258
2010-01-04,sh.600660,15.0,15.1,14.72,14.77,14.94,16724424.0,248491540.0,3,0.94869,1,-1.1379,116.246017,7.612906,5.445366,-903.166108,0,2009-09-30,617867241.0,703899187.0,728474909.0,998377430.0,1265941120.0,8845847139.0,4959800331.0,1511449085.0,122997203.0,-1689420727.0,-54974439.0,2009-12-30,正常票,4143864789.0,3452981753.0,2439133504.0,110607668.0,617867241.0,88533260.0,2587910406.0,6257936733.0,2696800331.0,2263000000.0,3886046808.0,1762896625.873573,26037983164.15267
2010-01-04,sh.600661,9.05,9.15,9.01,9.07,9.08,2899746.0,26310548.0,3,1.669622,1,-0.1101,-36.484235,4.84867,3.850632,-144.128916,0,2009-09-30,1297466.44,1229855.66,3167921.05,56422198.8,95246038.19,987426720.22,561203087.96,11340456.36,-24834753.83,-14912645.34,-28406021.88,2009-12-30,正常票,272071789.04,276515372.36,212688738.86,1870454.61,1471302.45,129101508.76,315738414.05,671688306.17,557089220.27,4113867.69,426223632.26,173676796.30479237,1575248542.4844668
2010-01-04,sh.600662,8.67,8.89,8.45,8.47,8.59,31290401.0,272467767.0,3,5.699078,1,-1.397,61.011412,4.51753,5.26717,420.071746,0,2009-09-30,72206388.12,120401252.84,108684030.78,18131470.09,501327736.99,2931430029.75,1310906450.65,234927606.01,-245961384.74,31547321.23,20510502.27,2009-12-30,正常票,943437951.43,852176201.77,615154203.73,36477642.66,64298329.66,446188985.6,1224428197.33,1707001832.42,1303436402.57,7470048.08,1620523579.1,549043213.6566652,4650396019.671955
2010-01-04,sh.600663,25.32,25.47,24.92,24.92,25.28,3780138.0,95020211.0,3,0.278343,1,-1.4241,47.159382,5.02824,14.807459,-21.446246,0,2009-09-30,1821127638.3,2237333335.55,2220775857.58,2277883.9,9856042083.63,19312408587.16,8340137245.56,-1472988002.56,-1970850691.46,1143505031.26,-2300420077.44,2009-12-30,正常票,3196116388.37,1057298061.46,664063469.79,399648219.28,1007978119.39,875638045.67,11284087495.01,8028321092.15,7978014775.27,362122470.29,10972271341.6,1358086246.1064227,33843509252.972054
2010-01-04,sh.600664,18.48,18.48,17.98,18.13,18.47,7824331.0,142180374.0,3,0.96561,1,-1.8408,23.177944,3.895659,2.212505,15.133321,0,2009-09-30,728736670.06,863547109.24,864415878.14,1736907620.23,1432806606.5,10578871717.53,4794145438.61,1641669555.63,239596203.22,-765485668.75,1115780090.1,2009-12-30,正常票,8032483240.99,7232169132.89,5434096016.71,135679208.08,727241603.11,2679447188.54,7191526242.91,3387345474.62,4602555676.18,191589762.43,5784726278.92,810299292.6750966,14690726176.199501
2010-01-04,sh.600665,6.7,6.73,6.49,6.5,6.66,8128591.0,53443697.0,3,1.128811,1,-2.4024,32.825098,3.099544,3.007486,3.33667,0,2009-09-30,116834326.69,138821647.09,150241567.45,20713440.9,3390901347.12,6096282342.43,4520094107.86,1221870796.54,37592178.33,62249139.86,1321712114.73,2009-12-30,正常票,1112385834.78,974153744.02,691077685.85,33407240.76,84738979.23,1635938273.77,5729313166.46,366969175.97,3241346480.14,1278747627.72,1576188234.57,720102036.5676805,4680663237.689923
2010-01-04,sh.600666,11.7,11.8,11.5,11.51,11.69,4385274.0,50974476.0,3,2.267101,1,-1.5398,51.899228,5.723808,3.327214,13.277275,0,2009-09-30,37373052.01,43046427.92,44228644.84,155990008.22,122929865.39,1314365217.84,910629194.53,127625732.32,-4325949.92,56241395.71,179541178.11,2009-12-30,正常票,496753836.23,453472556.0,327546960.24,6855592.83,37937865.46,532614952.79,896899962.15,417465255.69,699789572.95,210839621.58,403736023.31,193430905.81319493,2226389725.9098735
2010-01-04,sh.600667,8.01,8.14,7.86,8.07,7.93,12116815.0,97279735.0,3,3.84236,1,1.7654,117.364742,4.181709,6.50094,12.101113,0,2009-09-30,27924620.2,34147323.38,34552125.35,134511564.55,140661984.15,1366215223.53,427061051.51,-46962648.83,-9386467.41,345407616.32,289058500.08,2009-12-30,正常票,450045999.63,434675102.94,390007674.78,6627505.15,27403020.16,385379154.45,785321272.19,580893951.34,421293574.38,5767477.13,939154172.02,315348249.5133199,2544860373.5724916
2010-01-04,sh.600668,6.6,6.72,6.58,6.63,6.61,7967610.0,52897796.0,3,2.318025,1,0.3026,43.091163,2.451077,1.758105,26.942387,0,2009-09-30,43913403.31,22957162.15,48851572.39,157335643.46,134101051.71,2084785142.59,1072898972.11,13841144.55,-37869007.69,114373083.79,90278620.38,2009-12-30,正常票,913257100.48,902122263.8,780709701.42,4938169.08,38467340.55,275529901.66,689914550.91,1394870591.68,927762927.23,145136044.88,1011886170.48,343724075.4521629,2278890620.24784
2010-01-04,sh.600671,12.06,12.16,11.9,12.0,12.19,4498182.0,53977534.0,3,3.696107,1,-1.5587,-38.664526,7.733152,5.770494,150.74576,0,2009-09-30,-36420152.25,-38054057.15,-35788621.08,56824418.07,54859478.78,315363630.36,111485466.17,-14525187.49,-22321190.77,27569808.67,-9276569.59,2009-12-30,正常票,192721630.5,228326679.81,118879988.66,631531.17,-35866478.32,19527521.63,175455752.72,139907877.64,110685466.17,800000.0,203878164.19,121700535.18472274,1460406422.216673
2010-01-04,sh.600673,8.21,8.27,8.1,8.15,8.16,6638831.0,54276029.0,3,2.778433,1,-0.1225,200.190113,3.66148,3.101485,-428.57696,0,2009-09-30,42218006.81,58486965.4,73981613.53,501599762.19,521168818.32,4877685794.9,2620739191.9,151639233.0,-171891675.6,-290496259.77,-311008041.79,2009-12-30,正常票,1706451701.17,1642775112.59,1436745568.08,31763606.72,27272947.48,267391943.84,1563231829.22,3314453965.68,1859084400.47,761654791.43,2256946603.0,238941554.4661325,1947373668.89898
2010-01-04,sh.600674,16.33,16.34,16.0,16.02,16.2,5556709.0,89937510.0,3,1.649061,1,-1.1111,89.855196,7.816388,18.485976,-102.39984,0,2009-09-30,164020310.33,158752852.41,167563183.84,149783702.78,27298288.37,6552919148.34,4390986408.18,392158808.42,-400635275.62,75070191.91,66593724.71,2009-12-30,正常票,662815143.61,583569315.89,397589990.89,3542873.51,132505285.0,266059012.81,577139881.13,5975779267.21,1166367884.5,3224618523.68,2161932740.16,336962004.4376769,5398131311.091584
2010-01-04,sh.600675,14.76,14.89,14.37,14.38,14.74,14390824.0,209181116.0,3,1.791424,1,-2.4423,29.99476,4.60255,3.820822,10.226966,0,2009-09-30,404823337.3,549206995.41,563690410.69,29537838.77,7275507870.16,12549841896.07,8662309063.68,841010739.54,123817773.92,558573546.46,1523402059.92,2009-12-30,正常票,2500679645.45,1963913868.75,1243104437.72,158867073.39,308581565.96,3076380903.8,11333101897.06,1216739999.01,4847609063.68,3814700000.0,3887532832.39,803317584.2235005,11551706861.133938
2010-01-04,sh.600676,8.42,8.87,8.35,8.6,8.35,32408006.0,280836738.0,3,8.718718,1,2.994,43.502749,3.758186,1.820594,21.175572,0,2009-09-30,121729872.02,142405587.19,153196342.1,427576362.14,257363560.26,4434525839.66,2278330820.27,255891248.03,48216603.53,-108398098.58,195615774.46,2009-12-30,正常票,2640856073.01,2524035678.17,2133573058.39,31466470.08,90112292.04,805544268.12,1935159523.57,2499366316.09,1932161461.5,346169358.77,2156195019.39,371706092.5700315,3196672396.102271
2010-01-04,sh.600677,12.88,12.88,12.1,12.13,12.59,21349079.0,262314113.0,3,7.625244,1,-3.6537,-103.382796,5.097159,1.263372,-337.022174,0,2009-09-30,-5094917.24,-37805158.08,430084.95,455141511.38,658010480.65,2856739222.7,1981904200.24,-141170486.55,-97459476.07,161649691.48,-77171110.96,2009-12-30,退市票,2067109694.0,2107416505.81,1883457667.62,5525002.19,-13270760.39,367366853.82,1851702900.87,1005036321.83,1688682921.81,293221278.43,874835022.46,279978961.98469186,3396144808.8743124
2010-01-04,sh.600678,6.72,6.87,6.65,6.75,6.73,5055360.0,34110670.0,3,1.814717,1,0.2972,-21.949467,7.229274,3.676324,-9.237848,1,2009-09-30,-96504039.74,-88464147.23,-88975923.45,166607868.57,137174347.08,2150691457.07,1567723106.46,-91423936.1,-211568511.38,58787350.19,-244205097.29,2009-12-30,正常票,470349623.27,558596142.04,382272296.88,7528116.29,-109926306.92,95514533.95,738252750.09,1412438706.98,1096344594.48,471378511.98,582968350.61,278575667.7211929,1880385757.118052
2010-01-04,sh.600679,9.23,9.37,9.18,9.28,9.23,2135047.0,19795567.0,3,1.172976,1,0.5417,-502.866226,5.472711,3.422726,31.161892,0,2009-09-30,5997590.63,7835090.45,7564627.35,121703524.42,50267601.23,1268313647.58,549941665.07,28417231.48,-85336831.75,50969611.88,-5911888.94,2009-12-30,正常票,697230834.46,705477562.9,623364337.17,1567036.72,3301301.98,408424141.33,695114468.34,573199179.24,465122414.92,84819250.15,718371982.51,182019666.21652958,1689142502.4893944
2010-01-04,sh.600680,11.53,11.92,11.4,11.74,11.46,5690012.0,66687126.0,3,7.483688,1,2.4433,-36.979774,3.202522,6.326836,-13.22392,0,2009-09-30,-13101769.13,-32843824.35,-13119875.41,334495154.58,385471074.86,2052442438.57,635383879.87,-57986617.48,11970589.03,-93377314.59,-139473223.76,2009-12-30,退市票,536714733.67,568731306.48,458867006.12,-18106.28,-11991056.87,378420739.96,1218361103.37,834081335.2,631487980.22,3895899.65,1417058558.7,76032191.6146157,892617929.5555882
2010-01-04,sh.600681,4.42,4.42,4.42,4.42,4.42,0.0,0.0,3,,0,0.0,12.661676,-1.875149,140.159867,-965.770548,1,2009-09-30,-5749048.28,-44016465.28,-5749048.28,659182.9,37996005.84,73176245.88,563622986.94,1288864.0,8774157.7,-10000045.46,62976.24,2009-12-30,正常票,4037346.87,48053812.15,754304.72,,-5749048.28,148263.09,39736545.4,33439700.48,479904488.52,83718498.42,-490446741.06,,
2010-01-04,sh.600682,11.42,11.53,11.18,11.29,11.3,5890314.0,66930324.0,3,1.965366,1,-0.0885,66.001283,4.004939,2.756862,-93.696569,0,2009-09-30,60990378.91,78516767.85,79823582.07,5523760.85,385800303.03,2527928642.4,1517812894.74,20288197.01,-123886627.45,37291687.46,-66306742.98,2009-12-30,正常票,984437002.66,911932234.81,728193212.12,18833203.16,60990378.91,258507237.0,950067064.78,1577861577.62,1511601443.67,6211451.07,1010115747.66,299705703.67046136,3383677394.4395084
2010-01-04,sh.600683,12.39,12.39,12.16,12.22,12.28,2436586.0,29824857.0,3,0.863267,1,-0.4886,50.493324,4.093411,6.517283,24.123793,0,2009-09-30,67436697.31,105266585.46,95164405.52,8444365.25,2445795354.31,4033631976.35,2523287946.03,-167457742.43,-395977252.85,688660195.3,125225667.09,2009-12-30,正常票,474483477.47,435645203.46,356740328.06,27727708.21,69780488.67,397722850.79,3182638523.3,850993453.05,2387998702.68,135289243.35,1510344030.32,282251725.1325488,3449116081.1197467
2010-01-04,sh.600684,13.2,13.2,13.2,13.2,13.2,0.0,0.0,3,,0,0.0,71.175968,3.261028,6.194415,8.267643,0,2009-09-30,32193907.7,43501196.54,43701822.93,,945924910.63,1765469202.15,1007781866.52,194407331.14,-980537.95,246031025.54,439457818.73,2009-12-30,正常票,341426187.92,298285506.23,216446330.52,11507915.23,32192253.67,651822596.85,1641632923.79,123836278.36,650537817.61,357244048.91,757687335.63,,
2010-01-04,sh.600685,26.55,26.55,25.97,25.98,26.49,3210520.0,83906823.0,3,0.951887,1,-1.9253,23.851532,4.270651,1.778526,-242.056032,0,2009-09-30,410712803.82,488139528.4,481215613.35,469378642.78,1567240764.56,10546134657.43,7435695134.17,69025013.89,182215012.38,-321906844.76,-68270538.37,2009-12-30,正常票,5060055004.33,4593117652.58,4417384586.57,70502809.53,405091361.38,5828121659.58,8498853551.03,2047281106.4,7213354731.56,222340402.61,3110439523.26,337279530.02824914,8762522190.133913
2010-01-04,sh.600686,11.05,11.24,10.94,11.01,10.97,8901342.0,98903867.0,3,2.013237,1,0.3646,62.487158,3.401411,0.458973,8.189911,0,2009-09-30,154478226.67,167046201.96,185225025.4,2100681092.99,1245757233.44,8539314236.11,6164452352.46,632286482.28,-135030913.68,-193175700.17,302850551.02,2009-12-30,正常票,7960284521.23,7798516247.38,7060363117.78,30746798.73,77267707.16,2703518652.58,6636290099.06,1903024137.05,5792548315.36,371904037.1,2374861883.65,442140791.1736174,4867970110.8215275
2010-01-04,sh.600687,10.82,11.02,10.78,10.86,10.72,4131187.0,45065435.0,3,3.25576,1,1.306,201.202475,6.49775,3.340466,17.963436,0,2009-09-30,4778335.97,4886369.88,7551055.56,9101259.53,290925872.27,525677716.28,293011262.74,32428887.77,33567503.67,5296943.25,71293334.69,2009-12-30,退市票,151534138.08,158434123.33,132450152.98,2772719.59,5095463.86,76530603.68,417101005.3,108576710.98,221011262.74,72000000.0,232666453.54,126888560.58186108,1378009767.9190114
2010-01-04,sh.600688,10.96,11.05,10.79,10.88,10.97,9606952.0,104627844.0,3,1.334299,1,-0.8204,-38.622096,5.107743,1.752065,-210.015523,0,2009-09-30,1592732000.0,2012545000.0,2095061000.0,1136012000.0,6533114000.0,30865244000.0,15243855000.0,1203146000.0,-977688000.0,-510171000.0,-284710000.0,2009-12-30,正常票,34264070000.0,32581466000.0,27466240000.0,502329000.0,1537871000.0,342975000.0,9466655000.0,21398589000.0,14689024000.0,554831000.0,15621389000.0,719999940.0434237,7833599347.67245
2010-01-04,sh.600689,9.7,9.81,9.6,9.69,9.69,4501688.0,43765366.0,3,2.957665,1,0.0,39.600367,4.969159,1.434257,41.309059,0,2009-09-30,22538681.04,24087888.94,24067118.46,81236553.5,74511744.67,881123547.97,473609597.2,-48054108.18,-23527020.74,11869442.15,-59580076.68,2009-12-30,正常票,995375310.02,1018272488.01,901632478.18,1528437.42,22820838.22,223148929.98,533170757.07,347952790.9,432936359.46,40673237.74,407513950.77,152204120.4801761,1474857927.4529061
2010-01-04,sh.600690,24.77,24.8,23.98,24.06,24.79,12109210.0,293027494.0,3,1.602394,1,-2.9447,32.735477,4.269714,1.038181,6.726742,0,2009-09-30,1427443467.68,1766125436.38,1824763181.43,1071589561.97,1562870301.81,16912123790.91,8253193016.08,5183922843.77,-253587124.8,-488119087.82,4442362172.15,2009-12-30,正常票,34093445524.34,32452622025.35,24357970689.52,397319713.75,1066008737.12,6514122061.03,12364866638.24,4547257152.67,8244514176.81,8678839.27,8658930774.83,755694916.481215,18182019690.538033
2010-01-04,sh.600691,10.78,10.96,10.7,10.78,10.69,3679274.0,39934205.0,3,4.506429,1,0.8419,-42.917487,-29.474196,38.939376,287.226528,1,2009-09-30,-21130475.16,-20961443.54,-21130475.16,50523946.61,36171982.93,141473035.27,183343012.36,7073181.72,1156.72,-2106911.9,4967426.54,2009-12-30,正常票,21365152.69,42129407.8,20345408.19,,-21130475.16,5283882.05,107619241.36,33853793.91,179017320.48,4325691.88,-41869977.09,81645000.9530828,880133110.2742325
2010-01-04,sh.600692,9.69,9.69,9.69,9.69,9.69,0.0,0.0,3,,0,0.0,120.137257,6.303012,7.350533,176.663591,0,2009-09-30,16043579.02,10414708.35,19112881.54,20684994.26,308629424.04,1053333880.02,455868724.14,30772443.36,27001747.08,-56932142.46,842047.98,2009-12-30,正常票,312614105.75,302835003.9,244693601.24,3069302.52,16157184.04,92019492.78,462676460.16,590657419.86,450270887.54,5597836.6,597465155.88,,
2010-01-04,sh.600693,11.7,12.0,11.7,11.83,11.65,5961181.0,70861938.0,3,2.123747,1,1.5451,46.125699,7.038521,2.759546,35.224328,0,2009-09-30,66038934.93,82090985.16,84476661.25,13869910.56,16173082.17,1333563683.26,755374616.24,121364126.42,-46765360.83,80064449.4,154663214.99,2009-12-30,正常票,1064012828.49,980904813.28,825653035.09,18437726.32,65958876.01,321215601.56,394449410.54,939114272.72,755141216.24,233400.0,578189067.02,280691673.725731,3320582500.175398
2010-01-04,sh.600694,44.4,44.42,43.0,43.77,43.79,2708463.0,118864467.0,3,1.01164,1,-0.0457,-431.384808,4.136499,0.650323,13.181356,0,2009-09-30,6279759.71,130048798.9,121818426.67,125876678.8,1237871464.19,11195945247.59,7992209525.11,1405687383.95,-252757454.33,383917692.24,1535584048.87,2009-12-30,正常票,15432917003.19,15303560676.69,12474666140.46,115538666.96,-11703101.26,3256664265.46,5472291937.08,5723653310.51,6441398974.42,1550810550.69,3203735722.48,267729923.6882685,11718538759.835514
2010-01-04,sh.600695,7.46,7.7,7.46,7.51,7.42,9263713.0,70473424.0,3,2.810824,1,1.2129,-203.841606,23.520519,7.338405,15859.403906,0,2009-09-30,-13270229.23,-12413437.26,-11447375.55,81102230.63,205407913.66,713921288.66,456827155.43,-80926125.56,26476381.94,40441635.13,-14008108.49,2009-12-30,退市票,516831990.7,541146911.25,459437848.23,1822853.68,-15329187.94,43755017.18,405379703.89,308541584.77,448791710.14,8035445.29,257094133.23,329572858.3504339,2475092166.2117586
2010-01-04,sh.600696,7.8,7.8,7.48,7.49,7.8,21780421.0,165658261.0,3,6.395368,1,-3.9744,402.940046,5.496335,52.179462,124.516617,0,2009-09-30,8275353.13,3020789.77,9944500.4,2315281.73,481063583.53,744285775.23,209440426.44,158734858.12,-26360713.29,-110610542.62,21763602.21,2009-12-30,正常票,31397116.8,39698701.06,19979507.75,1669147.27,5033678.68,24319014.76,557077563.1,187208212.13,208235545.75,1204880.69,534845348.79,340565562.4508238,2550836062.75667
2010-01-04,sh.600697,24.65,24.65,23.73,24.16,24.47,807195.0,19365911.0,3,0.523621,1,-1.2669,34.048568,5.057237,1.022941,57.589302,0,2009-09-30,103079234.26,136161492.4,137562245.01,4441063.61,195688065.28,2965773684.19,1983876625.98,286384275.92,-370375025.81,22987683.21,-61003066.68,2009-12-30,正常票,2702053078.44,2565891931.29,2277564940.77,34483010.75,80304686.91,185543951.02,746863708.84,2218909975.35,1954367748.16,29508877.82,981897058.21,154156345.90667677,3724417317.105311
2010-01-04,sh.600698,6.48,6.75,6.43,6.65,6.45,7355232.0,48976254.0,3,1.748119,1,3.1008,-719.006333,17.777819,4.321395,201.289983,1,2009-09-30,-28771764.18,-38466757.03,-28544302.74,43343189.21,186405427.41,1180496693.01,804599613.87,6386024.69,21445443.01,-9003293.72,18817973.89,2009-12-30,正常票,1089280901.53,1127813316.24,936042285.59,227461.44,-23442439.24,149493625.09,439903461.75,740593231.26,804599613.87,,375897079.14,420751218.8815521,2797995605.5623217
2010-01-04,sh.600699,7.29,7.3,7.0,7.01,6.95,9894580.0,70574153.0,3,5.32758,1,0.8633,-4.81365,-28.517501,5.053906,2328.214738,1,2009-09-30,-212657622.53,-212072441.0,-212657622.53,29148350.9,38285171.69,946964819.37,992618300.35,33951909.71,-226825.12,-38439108.0,-4714023.41,2009-12-30,正常票,121188047.83,220334138.24,150062217.73,1130158.1,-212657622.53,20053584.61,151128538.08,795836281.29,430150900.35,562467400.0,-45653480.98,185723724.4677696,1301923308.519065
2010-01-04,sh.600701,4.95,5.02,4.92,4.97,4.95,8398593.0,41775786.0,3,2.16748,1,0.404,-63.970925,3.090802,5.852499,453.035441,1,2009-09-30,-3163960.84,-2152493.73,-2098937.55,71103098.9,18573846.15,1225214123.19,415146897.49,21292766.24,-19093984.84,-7336625.84,-5137844.44,2009-12-30,退市票,279465113.52,281602068.07,223678377.03,1065023.29,-3051375.09,7378560.62,356058995.77,869155127.42,392556897.49,22590000.0,810067225.7,387481914.4813332,1925785114.972226
2010-01-04,sh.600702,16.61,16.69,16.45,16.52,16.57,4640162.0,76914285.0,3,1.375678,1,-0.3018,121.581077,3.113703,7.316261,557.549973,0,2009-09-30,45373212.16,51272038.09,51799507.47,70780129.21,1060175949.94,2954860712.06,1160610760.06,-33668335.89,-3734949.28,107902480.72,70499195.55,2009-12-30,正常票,548289684.34,505770072.52,283467396.03,6426295.31,45373212.16,317110757.58,1617015330.62,1337845381.44,1055129316.4,105481443.66,1794249952.0,337300007.7052915,5572196127.291415
2010-01-04,sh.600703,52.21,58.03,52.21,58.03,52.75,5305235.0,297550835.0,3,7.079069,1,10.0095,97.739707,11.323934,35.960691,19.200947,0,2009-09-30,142095324.4,102381008.51,158035038.76,157887167.85,89873456.05,1758761940.82,335753103.27,182335926.84,-169848416.58,730164793.46,742652303.72,2009-12-30,正常票,343475406.15,241094397.64,204822671.53,15939714.36,142095324.4,851203694.5,1230894002.49,527867938.33,159753103.27,176000000.0,1423008837.55,74942552.47406122,4348916320.069773
2010-01-04,sh.600704,26.19,27.5,26.01,27.33,26.56,19733926.0,533939043.0,3,5.265862,1,2.8991,88.460859,5.417569,21.173895,9.994037,0,2009-09-30,252069425.62,367715569.9,355061571.26,376141494.67,6020669447.15,15124748281.88,12248472749.96,1892392188.59,161354104.7,-999722177.21,1054024116.08,2009-12-30,正常票,16302383324.69,16067509242.93,15197680667.8,102992145.64,155052207.12,3430176947.75,12614959685.02,2509788596.86,11213449348.84,1035023401.12,2876275531.92,374752053.8897525,10241973632.806936
2010-01-04,sh.600705,4.44,4.44,4.44,4.44,4.44,0.0,0.0,3,,0,0.0,704.425521,-278.899814,,-666.639115,1,2009-09-30,-5690672.46,-5690672.46,-5690672.46,,,5456845.08,9824175.07,-1428001.68,,,-1428001.68,2009-12-30,退市票,0.0,5690672.46,0.0,,-5690672.46,427764.33,447764.33,5009080.75,9824175.07,,-4367329.99,,
2010-01-04,sh.600706,9.0,9.04,8.95,8.96,8.99,1042100.0,9366979.0,3,1.377681,1,-0.3337,-63.149536,198.046723,4.443422,-1021.990369,1,2009-09-30,-29558866.92,-33088489.02,-29606185.57,55491997.21,97138948.27,803307468.14,722242566.93,35188087.07,-17971014.06,-17864783.43,-647710.42,2009-12-30,正常票,126977124.66,160065613.68,92639619.3,-47318.65,-23087213.28,3871084.77,239491197.92,563816270.22,700032566.93,22210000.0,81064901.21,75641603.53521606,677748767.675536
2010-01-04,sh.600707,12.29,13.04,12.29,12.86,12.23,11623420.0,148128981.0,3,2.829261,1,5.1513,-28.793236,4.231654,3.579272,26.772825,0,2009-09-30,-184714402.96,-185376405.58,-184638472.18,467423288.79,214119714.06,1994429277.28,690272231.03,-87141611.48,-107042562.39,265925974.23,71727670.39,2009-12-30,正常票,889535610.03,1074912015.61,909860120.04,75930.78,-177812008.45,323882630.03,1143748811.81,850680465.47,480673050.77,209599180.26,1304157046.25,410828834.80880696,5283258815.641257
2010-01-04,sh.600708,9.6,9.88,9.45,9.48,9.55,14209541.0,137271719.0,3,4.42192,1,-0.733,29.036238,4.680751,2.7054,115.049955,0,2009-09-30,102278882.67,96283946.86,118322540.82,92260979.66,50052739.48,2635253824.99,1612209262.39,297341881.04,-231446183.87,-79735412.93,-11903415.02,2009-12-30,正常票,1243151247.61,1150183489.34,926315851.1,16043658.15,92020706.0,189000356.32,550832479.72,2084421345.27,1544430132.12,67779130.27,1023044562.6,321343240.0405254,3046333915.584181
2010-01-04,sh.600710,6.79,6.8,6.6,6.61,6.61,6720072.0,44890716.0,3,1.382162,1,0.0,205.251193,2.817555,2.444704,-29.448894,0,2009-09-30,40086884.37,41568851.14,40122237.6,491848803.88,406489767.98,2312165927.48,1163733902.72,-148502631.8,1872302.48,101710052.08,-44799388.06,2009-12-30,正常票,1023646817.69,1093499716.63,953637495.54,35353.23,40654115.47,331003208.13,1296922315.58,1015243611.9,1059698471.42,104035431.3,1148432024.76,486200025.7567492,3213782170.2521124
2010-01-04,sh.600711,11.39,11.42,11.2,11.27,11.29,755574.0,8522236.0,3,1.585616,1,-0.1771,-79.738679,64.079828,5.774428,-1340.088396,1,2009-09-30,-17012269.58,-14559273.98,-17031362.14,9656400.03,14011706.69,242281813.85,210089306.22,-14292612.02,-1274402.99,8569414.71,-6997600.3,2009-12-30,正常票,93175860.06,103021846.84,88744091.24,-19092.56,-16122985.34,591613.72,89222123.93,153059689.92,174926228.66,35163077.56,32192507.63,47651764.36161089,537035384.3553547
2010-01-04,sh.600712,9.24,9.31,9.02,9.03,9.13,4229954.0,38702350.0,3,3.689673,1,-1.0953,64.91557,6.905037,1.144822,-145.801041,0,2009-09-30,14111573.16,15034650.16,15306447.2,1348801.46,69849727.05,846924042.24,612662746.02,22840435.6,-7446440.87,-52456806.84,-37062812.11,2009-12-30,正常票,1020358747.9,1006873942.26,853941205.91,1194874.04,14923367.6,230102865.27,317379526.09,529544516.15,612119108.5,543637.52,234261296.22,114643059.15456463,1035226824.1657186
2010-01-04,sh.600713,9.7,9.75,9.6,9.7,9.66,4353181.0,42126284.0,3,1.831188,1,0.4141,87.60548,5.577266,0.228181,-154.824964,0,2009-09-30,51182410.08,66799139.62,68587270.02,2211131588.47,1043315214.91,6134129442.07,5457386398.7,-373775805.96,-129786426.53,522256436.36,18694203.87,2009-12-30,正常票,9617013828.68,9555287689.46,8950938172.79,17404859.94,43303849.04,1201582249.1,5086421544.11,1047707897.96,5282832214.64,174554184.06,676743043.37,237724417.15432823,2305926846.3969836
2010-01-04,sh.600714,11.27,11.34,11.07,11.08,11.2,1051748.0,11798115.0,3,0.69681,1,-1.0714,-38.445872,52.449401,65.976577,13647.376931,1,2009-09-30,20544753.53,24949477.94,27294832.41,12482072.1,46107836.84,368070239.35,310313195.74,44453221.51,-48396813.29,-4726691.59,-8670283.37,2009-12-30,正常票,211262714.63,186313236.69,110287045.46,6750078.88,20544753.53,459088.7,65805054.45,302265184.9,297203195.74,13110000.0,57757043.61,150937558.3014021,1672388145.979535
2010-01-04,sh.600715,7.76,7.84,7.61,7.66,7.75,5220218.0,40115463.0,3,2.327794,1,-1.1613,1073.32643,9.542486,24.39668,-7170.306582,1,2009-09-30,-4110138.29,-2993767.53,-4110138.29,41823233.69,12205847.89,328629338.72,148613263.48,658487.1,-682674.3,,-24187.2,2009-12-30,正常票,45989463.72,48983231.25,37870763.24,,-4110138.29,31903.34,69679924.65,258949414.07,148613263.48,,180016075.24,224256012.34473497,1717801054.56067
2010-01-04,sh.600716,9.59,9.68,9.51,9.58,9.55,3933500.0,37687278.0,3,1.340183,1,0.3141,-22.455291,77.901739,5.795109,-284.915504,1,2009-09-30,162764329.92,215578045.89,215535245.89,62067635.59,296596222.41,1535115906.45,1494698607.3,522910724.38,12618912.62,-576295884.05,-40766247.05,2009-12-30,正常票,787520211.0,576942165.11,472682060.73,52770915.97,162764329.92,83517166.74,497110404.24,1038005502.21,1465858190.65,28840416.65,40417299.15,293504693.0158046,2811774959.091408
2010-01-04,sh.600717,12.49,12.49,12.21,12.22,12.43,13607255.0,167520944.0,3,1.565304,1,-1.6895,37.318242,2.138404,2.232101,39.622214,0,2009-09-30,629821897.28,770100067.77,753518988.91,1449985278.78,229377625.93,21153169869.58,8444668949.59,809350169.15,-725885877.58,348741230.62,437696267.04,2009-12-30,正常票,6881638792.38,6174600930.79,5233913575.77,123697091.63,489707729.11,2287100835.23,4598775641.15,16554394228.43,4180857553.97,4263811395.62,12708500919.99,869304301.2731073,10622898561.557371
2010-01-04,sh.600718,22.9,23.62,22.51,23.28,22.61,9021189.0,208972186.0,3,3.583116,1,2.9633,37.607353,5.867201,5.631801,101.282076,0,2009-09-30,383991509.0,418583489.0,450343285.0,812644324.0,421878066.0,5607915212.0,1599045146.0,71429743.0,-57118137.0,-164177240.0,-158647206.0,2009-12-30,正常票,2688801533.0,2373875817.0,1749096142.0,66351776.0,384854242.0,1001499496.0,2426296142.0,3181619070.0,1002594921.0,596450225.0,4008870066.0,251769381.7336642,5861191206.759704
2010-01-04,sh.600719,8.68,8.74,8.58,8.67,8.58,2413018.0,20887957.0,3,1.777769,1,1.049,144.829994,2.480731,2.825463,24.980204,0,2009-09-30,-20205107.48,-20582937.55,-20205107.48,350669818.44,117770571.1,2007593016.88,1300567856.43,-16597753.06,-26091550.89,123994041.29,81304737.34,2009-12-30,正常票,430897038.18,450334270.48,364913822.26,,-20205107.48,171613850.58,1061888235.99,945704780.89,1249039269.97,51528586.46,707025160.45,135732932.68135512,1176804526.347349
2010-01-04,sh.600720,17.55,17.66,17.12,17.24,17.3,8257687.0,143713111.0,3,2.086306,1,-0.3468,24.006775,4.071689,3.442845,8.07326,0,2009-09-30,364999456.54,354598782.18,428550002.08,173279959.99,257672024.99,4963244707.72,2758035145.06,765377018.39,-773936502.72,979480707.69,970921223.36,2009-12-30,正常票,1885776447.55,1531177665.37,1079822179.43,63550545.54,310597606.54,1332593493.66,2325333142.52,2637911565.2,1389973145.06,1368062000.0,2205209562.66,395804210.8875688,6823664595.701685
2010-01-04,sh.600721,13.6,13.79,13.5,13.59,13.59,909609.0,12393462.0,3,1.195393,1,0.0,336.494954,7.438976,33.927902,108.39052,1,2009-09-30,3994460.24,4512899.12,5741429.97,1079133.8,782359.86,919659642.54,570689637.27,13363775.0,-88472128.76,87644929.62,12536575.86,2009-12-30,正常票,46213635.3,41540129.51,25428567.96,1746969.73,3162860.57,61786069.17,143181185.49,776478457.05,308840129.99,261849507.28,348970005.27,76092883.26098613,1034102283.5168016
2010-01-04,sh.600722,6.3,6.43,6.22,6.26,6.25,3564445.0,22452685.0,3,1.471299,1,0.16,-2.130476,-1.663091,2.641271,32.123357,1,2009-09-30,-40220302.24,-30404910.31,-38612988.07,8067756.5,110453933.31,1647041747.28,3204247902.68,173161543.72,-62570775.29,-97269952.63,13321123.76,2009-12-30,正常票,755199214.1,785604124.41,725402300.17,1607314.17,-40731059.5,98406226.57,408906169.4,1238135577.88,1394647887.04,1809600015.64,-1557206155.4,242265168.39880952,1516579954.1765475
2010-01-04,sh.600723,10.9,11.23,10.81,10.85,10.87,14530920.0,159711255.0,3,4.888121,1,-0.184,4357.943919,4.10676,1.853812,49.784966,0,2009-09-30,32365727.28,42192296.33,41110965.56,57501738.73,252747922.09,1795471468.56,641147675.03,14909112.86,-6878857.67,-44231839.61,-36201584.42,2009-12-30,退市票,1736122023.07,1693929726.74,1342703291.65,8745238.28,29775848.76,302905304.07,668937834.97,1126533633.59,641147675.03,,1154323793.53,297270055.3034591,3225380100.042531
2010-01-04,sh.600724,9.35,9.36,9.17,9.21,9.38,6480111.0,59806322.0,3,1.458226,1,-1.8124,113.139835,5.686178,16.066268,43.436641,0,2009-09-30,241577554.52,289892077.2,314587671.19,96636103.72,2258821784.28,6673923635.77,3999706819.28,789115615.09,-111311573.97,-162471656.38,515169479.66,2009-12-30,正常票,1026780454.58,875256630.4,696503132.68,73010116.67,183096481.35,1302000330.56,4045725525.91,2628198109.86,3572642777.12,427064042.16,2674216816.49,444383175.17312133,4092769043.344448
2010-01-04,sh.600725,21.6,22.12,21.23,21.84,21.33,5732050.0,124761744.0,3,4.008124,1,2.391,-49.221235,4.936152,1.958838,42.017255,0,2009-09-30,-3003302.15,-17311667.11,-7610194.07,203334544.43,628935631.03,9259725400.85,7368681340.04,-149234536.67,-1559948817.53,2099972786.41,390792539.03,2009-12-30,正常票,3013014944.74,3030621147.98,2681473075.14,-4606891.92,-11879661.78,901507951.93,2299769380.62,6959956020.23,2520541340.04,4848140000.0,1891044060.81,143010795.0752023,3123355764.442418
2010-01-04,sh.600726,4.88,4.91,4.83,4.84,4.88,5543184.0,26911669.0,3,0.769266,1,-0.8197,-46.630505,3.139794,1.629809,-32.414413,0,2009-09-30,-253384579.56,-272149388.55,-241596668.13,780345175.95,349291150.19,18576660808.58,14896734760.71,455920303.58,-1995534958.51,1080023118.69,-459591536.24,2009-12-30,正常票,4309068772.22,4612828727.15,4024950435.73,11787911.43,-236998436.07,931578366.61,2693821634.15,15882839174.43,5234100961.33,9662633799.38,3679926047.87,720580917.3939834,3487611640.186879
2010-01-04,sh.600727,6.77,6.8,6.66,6.69,6.74,3693128.0,24806172.0,3,1.385406,1,-0.7418,-3.324104,1.590337,6.495647,37.060354,1,2009-09-30,-19857466.56,-18403991.44,-19857466.56,233934919.32,139681158.88,2056342522.23,579862381.89,609017633.6,-4607882.39,-258145428.68,346264322.53,2009-12-30,正常票,225326401.93,243730393.37,218596358.46,,-19857466.56,429854017.96,906811485.36,1149531036.87,517362381.89,62500000.0,1476480140.34,266573697.5298216,1783378036.4745066
2010-01-04,sh.600728,18.85,19.46,18.38,18.61,18.8,3942112.0,74086430.0,3,4.859606,1,-1.0106,67.136765,-26.687433,28.674592,-54.834579,1,2009-09-30,12028183.47,8073027.2,13891135.26,49219935.78,38234212.26,258862506.37,403629892.52,-96061541.27,-1289675.24,-1189268.4,-98540484.91,2009-12-30,正常票,236331620.24,227650259.98,170310108.35,1862951.79,12010777.55,35466681.42,134352704.13,124509802.24,276565969.68,127063922.84,-144767386.15,81119992.03227586,1509643051.7206535
2010-01-04,sh.600729,39.83,40.19,38.38,38.71,40.15,1720014.0,67119525.0,3,1.26705,1,-3.5866,52.954463,8.835204,1.14798,34.449498,0,2009-09-30,111415089.8,129176400.87,131048098.41,10135425.0,563885121.15,2524779165.67,1612239558.69,278521289.69,-53668313.87,-86166028.2,138686947.62,2009-12-30,正常票,5193464144.74,5067255983.87,4396399128.46,19633008.61,109898175.69,372378102.46,1188053554.74,1336725610.93,1607239558.69,5000000.0,912539606.98,135749496.86279154,5254863023.5586605
2010-01-04,sh.600730,8.2,8.39,8.06,8.37,8.22,38209371.0,314921219.0,3,17.230065,1,1.8248,94.192091,3.392751,2.467863,150.704338,0,2009-09-30,19114003.87,27817061.28,28141915.03,330358705.1,364823463.66,1252870720.66,441869365.45,891594.14,-2536203.48,4514427.58,2869818.24,2009-12-30,正常票,755537109.77,723009136.51,686916346.41,9027911.16,15579337.53,169061142.72,905603711.8,347267008.86,387869365.45,54000000.0,811001355.21,221759877.28427026,1856130172.8693419
2010-01-04,sh.600731,8.09,8.24,8.03,8.07,8.08,3282645.0,26686987.0,3,1.287107,1,-0.1238,2231.769865,5.592871,3.149194,66.3584,0,2009-09-30,6238518.24,-2524224.04,9548450.38,52052243.35,274347252.3,1247826589.0,839333081.54,41472182.8,-19915608.59,-34671835.03,-13114902.98,2009-12-30,正常票,461693775.78,464173640.43,356164416.19,3309932.14,3501610.11,116564903.17,516722712.32,731103876.68,776038918.57,63294162.97,408493507.46,255040567.72280782,2058177381.5230591
2010-01-04,sh.600732,9.82,9.89,9.6,9.71,9.8,3990946.0,38892510.0,3,1.609313,1,-0.9184,42.899885,4.429791,16.145372,-76.20556,0,2009-09-30,35224877.87,48865782.8,48861920.8,,1521980901.06,1858250033.09,1050737239.01,12169516.98,-54515.0,-38807795.24,-26692793.26,2009-12-30,正常票,142586646.93,93720864.13,73845522.23,13637042.93,34426584.91,150270072.25,1715794278.92,142455754.17,240737239.01,810000000.0,807512794.08,247990664.33937958,2407989350.735376
2010-01-04,sh.600733,26.6,26.83,26.05,26.07,26.16,1720700.0,45351239.0,3,2.276058,1,-0.344,-1145.594767,20.59143,21.22272,25.602776,0,2009-09-30,-819081.17,-655173.05,-819081.17,2431813.05,279496716.0,781870216.24,462095650.86,164495440.23,-38526.0,-23499149.1,140957765.13,2009-12-30,正常票,142297127.71,148896154.49,110692687.99,,-3600584.26,254451149.98,762263453.71,19606762.53,457309935.71,4785715.15,319774565.38,75600006.67821296,1970892174.1010118
2010-01-04,sh.600734,7.53,7.57,7.32,7.45,7.55,9859533.0,73245083.0,3,4.610772,1,-1.3245,21.905692,-390.688175,2.562144,19.60323,0,2009-09-30,-20218081.73,-44319964.4,-10159789.13,92061175.23,731243999.34,1495616894.37,1329358708.73,14825485.51,114270846.57,-31795589.6,97296587.12,2009-12-30,正常票,619792380.57,664338544.97,493135835.13,10058292.6,-22184851.52,205201566.51,1299408454.72,196208439.65,1025179567.13,304179141.6,166258185.64,213836923.6214673,1593085080.9799314
2010-01-04,sh.600735,13.87,14.08,13.6,13.91,13.87,2194725.0,30594511.0,3,2.629625,1,0.2884,-676.058775,10.887843,1.069001,50.403853,0,2009-09-30,3503354.06,10945741.22,9984770.61,148193202.84,283310714.11,1160892483.9,895325247.54,-16574137.61,-4536538.74,4575227.73,-16535448.62,2009-12-30,正常票,1448407553.72,1436857970.97,1341977498.57,6481416.55,4024912.08,223410843.69,789703232.74,371189251.16,887908602.19,7416645.35,265567236.36,83461520.17873271,1160949745.686172
2010-01-04,sh.600736,8.5,8.53,8.13,8.14,8.41,13175298.0,109018693.0,3,1.535668,1,-3.2105,35.120213,2.809139,2.459213,11.181265,0,2009-09-30,111237061.79,147351843.02,151023181.17,572789279.35,7640680641.29,12165115396.49,9005638108.26,305410070.21,-202878722.5,570646680.42,673177680.55,2009-12-30,正常票,1242347397.18,1103912199.39,880485133.14,39786119.38,91435754.24,1790978053.13,10258886484.59,1906228911.9,7091089186.23,1914548922.03,3159477288.23,857952239.6768051,6983731230.969194
2010-01-04,sh.600737,16.99,17.36,16.72,16.73,16.75,14037873.0,239101352.0,3,2.883435,1,-0.1194,44.186199,5.557321,4.804951,302.882978,0,2009-09-30,244121544.75,232761278.21,244163577.7,229278183.59,2302570981.33,6960145625.08,3864827693.5,418456540.82,-619750328.5,177490915.28,-20351004.99,2009-12-30,正常票,2040626070.56,1874353812.21,1443040066.13,42032.95,236045775.89,176182158.89,3214297511.35,3745848113.73,3747009800.8,117817892.7,3095317931.58,486845481.17089516,8144924899.989077
2010-01-04,sh.600738,9.3,9.38,9.17,9.25,9.3,8995088.0,82979444.0,3,4.068934,1,-0.5376,85.248678,6.16373,3.489453,23.253848,0,2009-09-30,22059673.45,29802571.73,29491360.31,,35103595.11,921343102.07,526889816.03,81439518.96,-18282140.97,-20886041.5,42271336.49,2009-12-30,正常票,531954310.15,503588554.17,412711422.7,7431686.86,22059673.45,193710662.37,244157498.81,677185603.26,524889816.03,2000000.0,394453286.04,221067434.36978826,2044873767.9205413
2010-01-04,sh.600739,38.09,38.09,38.09,38.09,38.09,0.0,0.0,3,,0,0.0,30.627403,5.709762,8.220631,-144.972514,0,2009-09-30,968747078.16,1000843336.18,1003755962.71,500589292.14,535373481.07,7545995060.12,1174224905.5,104035343.44,-157985923.72,-165723840.64,-219688446.19,2009-12-30,正常票,2839655007.44,2730387797.8,2309838889.84,35008884.55,922837651.54,340681186.42,2026357847.89,5519637212.23,1160412655.54,13812249.96,6371770154.62,,
2010-01-04,sh.600740,9.48,9.49,9.28,9.31,9.37,6187927.0,57961168.0,3,1.354528,1,-0.6403,-6.888874,3.659807,2.108471,-258.951114,0,2009-09-30,-426126746.18,-355816356.07,-425153931.85,547704769.54,386416566.58,6222867927.44,4776424751.92,-19905599.51,-415077428.93,815921646.98,380938618.54,2009-12-30,正常票,1912262165.82,2251339645.47,2058370139.64,972814.33,-427808129.13,494032735.65,1679865951.68,4543001975.76,3119278893.93,1657145857.99,1446443175.52,456832712.2067613,4253112550.644948
2010-01-04,sh.600741,11.58,11.66,11.33,11.34,11.58,20910979.0,240123638.0,3,1.42004,1,-2.0725,254.282509,2.457493,1.856473,5.403925,0,2009-09-30,1532491233.45,1664091138.68,1663106395.16,4421477548.67,1890446896.57,25858654064.55,11146454234.91,2184393309.94,766788184.95,2354044725.92,5312739315.99,2009-12-30,正常票,15788073622.16,14859441177.39,13287046389.2,130615161.71,983138988.74,6521732610.53,15096171260.89,10762482803.66,10335084826.83,811369408.08,14712199829.64,1472562674.290865,16698860726.458408
2010-01-04,sh.600742,28.06,28.06,26.9,26.98,28.01,5193352.0,141855410.0,3,2.455214,1,-3.6773,23.064477,3.866159,1.945581,-151.578172,0,2009-09-30,179563013.75,165518781.08,181199983.02,159814939.74,369643911.07,2078602639.59,602485911.16,-146410829.35,248483405.69,-108922581.49,-6850005.15,2009-12-30,正常票,2364738080.37,2419610283.88,2308699894.29,1636969.27,179563013.75,66877158.28,707494644.89,1371107994.7,596935911.16,5550000.0,1476116728.43,211523394.70205045,5706901189.061321
2010-01-04,sh.600743,10.07,10.07,9.75,9.83,10.06,4787235.0,47452162.0,3,2.719402,1,-2.2863,14.94335,4.782242,3.264489,3.656372,0,2009-09-30,212874525.42,310708892.63,313199008.13,380902.2,2454133768.34,6453884344.03,4761818322.15,188704645.19,765144798.54,1106327811.1,2060177254.83,2009-12-30,正常票,818801445.42,624663282.3,401220095.94,100324482.71,216855408.48,2655064906.9,5641691685.56,812192658.47,2299919516.84,2461898805.31,1692066021.88,176039989.67420045,1730473098.4973905
2010-01-04,sh.600744,5.79,5.88,5.71,5.78,5.75,13834041.0,80564349.0,3,2.916208,1,0.5217,-4.096352,2.892441,1.205182,24.014598,0,2009-09-30,-442988337.68,-446234028.13,-443370338.1,592221216.7,544890577.14,13926854834.15,12382135439.33,673701272.98,-1082063898.77,646611663.88,238249038.09,2009-12-30,正常票,2414464543.41,2870198571.54,2424941689.36,-382000.42,-447965346.87,828162059.52,3361816609.22,10565038224.93,3417511754.25,8964623685.08,1544719394.82,474384577.50613123,2741942857.985439
2010-01-04,sh.600745,9.27,9.37,9.21,9.27,9.3,2974182.0,27646759.0,3,3.995157,1,-0.3226,40.487086,8.748032,4.541132,45.27354,0,2009-09-30,24269359.1,27183590.53,32522051.66,207787435.38,1537792914.75,1991021762.14,1579781846.23,83879851.71,-1073974.62,-31455060.0,51350817.09,2009-12-30,正常票,211976425.2,184792834.67,147370069.7,8252692.56,20508253.35,158418961.83,1980070324.63,10951437.51,1167781846.23,412000000.0,411239915.91,74444683.90103318,690102219.7625775
2010-01-04,sh.600746,9.4,9.82,9.33,9.6,9.37,7258476.0,69550337.0,3,2.382477,1,2.4546,189.59067,7.291104,4.0315,-240.065625,0,2009-09-30,15815733.95,18351522.08,17206640.42,26692795.14,37858690.06,578439795.41,174982912.34,9757924.57,-5175048.6,-12612214.75,-8033848.36,2009-12-30,正常票,532520641.23,514169119.15,475726357.91,1390906.47,15815733.95,10015606.81,157795479.4,420644316.01,174412687.62,570224.72,403456883.07,304660905.4358132,2924744692.1838064
2010-01-04,sh.600747,7.56,7.66,7.47,7.53,7.54,23581461.0,178206546.0,3,3.255578,1,-0.1326,-22.923266,9.509867,17.342988,-268.837051,0,2009-09-30,-129073116.66,-135046710.01,-128562956.17,141535799.29,708835823.48,2621409826.24,1685103826.14,95342101.92,-14259609.72,-119261332.02,-38279169.9,2009-12-30,退市票,255548660.26,412170541.31,245170854.97,510160.49,-123573028.22,282159622.08,1584574078.1,1036835748.14,1612190450.72,72913375.42,936306000.1,724340224.6851404,5454281891.879107
2010-01-04,sh.600748,14.05,14.05,13.61,13.62,13.95,11420116.0,157182352.0,3,1.311235,1,-2.3656,43.984401,6.043486,6.876189,9.901533,0,2009-09-30,201520645.6,242383191.26,254966498.02,545953.89,8413729415.9,13658570037.87,10999338075.39,594771449.04,466831311.82,168507940.34,1230109239.5,2009-12-30,正常票,1360414304.44,1099473108.68,940061558.55,53445852.42,178516916.71,2748416003.83,11732291682.27,1926278355.6,6806310947.3,4193027128.09,2659231962.48,870943499.8303126,11862250467.688856
2010-01-04,sh.600749,9.72,9.82,9.55,9.62,9.63,6060348.0,58739630.0,3,4.114952,1,-0.1038,-305.499404,5.535514,16.803287,-36.095479,0,2009-09-30,6673112.12,7429951.6,6673112.12,44358803.66,7543628.36,651122111.8,352905437.71,2508523.03,-16292962.6,3779774.5,-10004665.07,2009-12-30,正常票,70947853.01,62301187.54,27998588.85,,4578637.46,70788442.64,304376874.93,346745236.87,174905437.71,178000000.0,298216674.09,147276274.42555833,1416797759.973871
2010-01-04,sh.600750,23.3,23.98,23.02,23.7,23.18,4246695.0,100170288.0,3,2.162457,1,2.2433,40.11143,7.504283,3.998123,37.847694,0,2009-09-30,125731652.71,159826965.28,160107525.11,33562960.94,101520815.35,1735402983.7,755648333.37,304247353.98,6271876.48,-125432671.21,185086559.25,2009-12-30,正常票,1345047910.76,1181336943.1,503279368.69,34375872.4,128641381.95,315654721.41,799199444.52,936203539.18,672147109.75,83501223.62,979754650.33,196382864.49164078,4654273888.451886
2010-01-04,sh.600751,9.56,9.56,9.25,9.32,9.43,1423500.0,13290404.0,3,1.372851,1,-1.1665,-52.878972,-12.324722,20.862066,149978.555844,1,2009-09-30,-170362161.93,-170488884.13,-170353850.38,36388257.23,,489346907.07,860186883.72,-48325697.76,35626233.12,-2897634.72,-15597099.36,2009-12-30,正常票,126419656.06,292339750.33,232347030.44,8311.55,-170362161.93,17166878.8,125093709.22,364253197.85,825400085.42,34786798.3,-370839976.65,103689329.72332758,966384553.0214131
2010-01-04,sh.600753,8.6,8.74,8.53,8.63,8.61,2479497.0,21396789.0,3,2.597108,1,0.2323,-26.434137,10.22126,95.94863,-3198.580005,0,2009-09-30,903887.69,-2291481.94,903887.69,72626966.37,132285508.89,243008195.75,116520496.53,-920510.49,,,-920510.49,2009-12-30,正常票,1962876.67,4254358.61,1904628.79,,1117077.05,178182.08,240847716.92,2160478.83,116520496.53,,126487699.22,95471462.87331909,823918724.5967438
2010-01-04,sh.600754,23.81,24.48,23.4,23.44,23.57,12702279.0,305522069.0,3,2.840144,1,-0.5515,51.284988,4.175899,18.572503,66.250116,0,2009-09-30,255886952.0,297802810.92,308950623.66,48639080.0,16126332.0,4112618307.0,647398061.0,283571973.46,34951981.33,-227247532.26,91276422.53,2009-12-30,正常票,1382540698.81,1304778958.53,262505380.62,53063671.66,250373137.91,899375726.0,1010622139.0,3101996168.0,255823855.0,391574206.0,3465220246.0,447240668.07880163,10483321259.76711
2010-01-04,sh.600755,15.51,15.87,15.38,15.65,15.62,31455721.0,493745330.0,3,6.145989,1,0.1921,41.697222,3.280717,0.654789,57.690324,0,2009-09-30,495610521.16,615486104.06,639816867.57,484133522.29,2193823180.41,11071260792.27,7722119866.56,516747259.69,-189329394.12,-340950568.88,-13732913.31,2009-12-30,正常票,13130056695.14,12572991780.18,11805795438.85,144206346.41,317501688.59,1227747197.7,7808968628.35,3262292163.92,7304545834.71,417574031.85,3349140925.71,511808937.5037931,8009809871.934362
2010-01-04,sh.600756,14.22,14.59,14.21,14.46,14.19,5552239.0,80248499.0,3,2.987781,1,1.9027,84.954094,3.872899,6.470776,24.694157,0,2009-09-30,14878278.87,12166692.45,13699875.08,173629916.12,112677532.01,982857495.81,286219211.33,-27066853.77,47372226.95,-29108249.75,-8802876.57,2009-12-30,正常票,234418439.88,254497081.84,183879631.96,-1178403.79,15291727.6,291514429.34,680647933.3,302209562.51,277889211.33,8330000.0,696638284.48,185831525.13520902,2687123853.4551225
2010-01-04,sh.600757,5.98,5.98,5.86,5.9,5.93,2347521.0,13864974.0,3,0.79475,1,-0.5059,-5.544123,-3.616519,5.288242,-214.568619,1,2009-09-30,-156626613.26,-159809499.0,-156625429.16,47732315.45,146294195.44,1238069333.56,2109088524.31,-13793159.91,-6851346.11,2160043.28,-18484487.58,2009-12-30,正常票,406031899.26,567937132.26,418031378.14,1184.1,-143549551.48,7106985.95,398941871.67,839127461.89,1836722298.5,272366225.81,-871019190.75,295378546.71280277,1742733425.6055365
2010-01-04,sh.600758,14.08,14.1,13.77,13.83,13.96,3174378.0,44118936.0,3,3.610933,1,-0.9312,86.26964,8.350443,12.354639,34.601994,0,2009-09-30,18512910.22,24600343.26,25147439.09,26153131.79,23474114.57,600249047.52,335662549.57,36210218.05,-24857443.42,20000000.0,31352774.63,2009-12-30,正常票,119401531.73,94801188.47,84224214.03,6634528.87,18512910.22,69588948.26,131020185.38,469228862.14,186422981.79,149239567.78,264586497.95,87910188.30867258,1215797904.3089418
2010-01-04,sh.600759,7.32,7.63,7.27,7.51,7.29,10256658.0,77350248.0,3,5.0241,1,3.0178,41.340233,4.397824,51.076041,59.911879,0,2009-09-30,66563809.34,80001636.38,79971008.91,24544129.24,103302020.52,2514902451.37,912172223.95,-343889700.67,74974679.56,388530927.33,119615906.22,2009-12-30,正常票,112578310.19,107270269.24,53248614.94,13407199.57,66563809.34,126282238.18,1017273827.09,1497628624.28,406775274.44,505396949.51,1602730227.42,204149161.04376903,1533160199.4387054
2010-01-04,sh.600760,8.51,8.71,8.46,8.55,8.38,7669468.0,66003539.0,3,3.751004,1,2.0286,185.176684,5.012828,2.034405,31.23977,0,2009-09-30,30388149.54,30168952.67,30388149.54,3915639.9,267583469.21,1036176714.46,570541401.22,90386133.11,4607216.18,-26348235.08,68645114.21,2009-12-30,正常票,982444202.72,952275250.05,842879613.7,,30388149.54,95939487.55,436725075.54,599451638.92,572967357.98,-2425956.76,465635313.24,204464404.73004028,1748170660.4418445
2010-01-04,sh.600761,14.13,14.25,14.04,14.09,14.21,4508198.0,63763566.0,3,1.262962,1,-0.8445,107.046267,2.419235,1.77052,38.757363,0,2009-09-30,51888528.14,47065867.86,58715870.39,407023086.03,654430459.84,3184957983.08,1030967137.29,308761957.28,-140972873.39,-46682304.1,120707023.25,2009-12-30,正常票,2209808042.7,2162742174.84,1873365495.76,6827342.25,40847324.73,551571519.12,1881452729.2,1303505253.88,1000117137.29,30850000.0,2153990845.79,356954366.00626147,5029487017.028224
2010-01-04,sh.600763,10.44,10.59,10.28,10.44,10.53,4447341.0,46327563.0,3,2.77404,1,-0.8547,61.560895,7.922516,9.366341,68.702091,0,2009-09-30,24553717.12,35487938.07,34055976.23,4741531.71,7536056.16,238755419.58,22595589.1,24282616.04,-754856.35,,23527759.69,2009-12-30,正常票,140055826.69,103341512.33,75397714.15,9502259.11,24933224.46,78416968.01,101972993.27,136782426.31,22595589.1,,216159830.48,160320002.5954925,1673740827.0969417
2010-01-04,sh.600764,8.11,8.19,7.94,8.18,8.08,5831142.0,47114842.0,3,1.768476,1,1.2376,149.867856,4.90925,2.019561,29.014032,0,2009-09-30,-2848402.18,-19849781.17,3857813.43,439489999.98,328065842.54,1729769540.57,1064907055.47,84397085.47,-8437247.34,-60615562.5,15338825.82,2009-12-30,正常票,840408599.75,878342334.87,778130784.4,6706215.61,-12515886.07,260817032.76,1232112194.43,497657346.14,1064907055.47,,664862485.1,329726951.34115475,2697166461.970646
2010-01-04,sh.600765,22.41,22.41,21.89,21.91,22.1,1174276.0,25956144.0,3,1.309115,1,-0.8597,59.041273,4.249242,6.326597,11.794677,0,2009-09-30,238028104.46,269048512.89,270948888.57,733468431.91,682513350.5,4703918917.21,1936964656.16,-143151492.97,-490201088.74,1525824400.33,893316335.8,2009-12-30,正常票,2087794876.62,1890341986.56,1586238138.51,32920784.11,237790153.99,1300183887.96,3213039789.85,1490879127.36,1606826907.87,330137748.29,2766954261.05,89699988.15994011,1965326740.584288
2010-01-04,sh.600766,7.9,8.02,7.86,7.87,7.9,1564984.0,12408449.0,3,2.054482,1,-0.3797,-18.571268,38.62738,48.569008,22.569086,0,2009-09-30,-329444.68,-211281.04,-329444.68,1652695.07,328078708.14,659766282.14,580003515.16,11289790.07,5591518.48,47069526.91,63950835.46,2009-12-30,退市票,21954918.84,27851990.92,17096301.9,,1316083.91,91482374.73,552825987.26,106940294.88,438220557.21,141782957.95,79762766.98,76174140.2455704,599490483.7326391
2010-01-04,sh.600767,6.02,6.13,5.9,6.04,6.06,5355060.0,32261872.0,3,2.122909,1,-0.33,532.480899,5.605284,29.716301,-237.933149,0,2009-09-30,-13068204.48,-12659047.24,-13065327.84,3332777.34,256525757.43,495826716.38,124156427.75,694622.31,-12926719.53,8883340.03,-3352084.54,2009-12-30,退市票,66954391.04,79613438.28,45401338.12,2876.64,-13065832.96,6448872.69,276406756.78,219419959.6,75356427.75,48800000.0,371670288.63,252251038.5513463,1523596272.8501318
2010-01-04,sh.600768,8.9,9.3,8.88,9.14,8.93,3843469.0,35010705.0,3,4.060086,1,2.3516,-21.995357,9.3571,2.912708,87.200322,0,2009-09-30,1020592.54,1452959.81,1040169.79,36419631.23,86796625.62,570362006.71,439717958.36,32672112.06,-1755633.46,-49430827.84,-18514349.24,2009-12-30,正常票,371244558.43,370165038.62,333381934.74,19577.25,1020592.54,82320896.63,236483907.03,333878099.68,423282578.32,16435380.04,130644048.35,94664718.92467302,865235530.9715115
2010-01-04,sh.600769,5.72,5.89,5.64,5.77,5.76,9624469.0,55348766.0,3,2.566681,1,0.1736,-10.156216,3.775716,3.739952,-158.089691,0,2009-09-30,-79347735.46,-74999926.34,-75982020.36,38283739.4,100129349.98,1145441724.72,572406390.56,-21535746.55,-23104168.7,42069107.37,-2570807.88,2009-12-30,正常票,458549905.68,533549832.02,477022464.83,3365715.1,-79347735.46,109795401.71,318042765.86,827398958.86,437415356.67,134991033.89,573035334.16,374977217.6596936,2163618545.896432
2010-01-04,sh.600770,17.28,17.75,17.12,17.32,17.24,15877629.0,276760284.0,3,3.920402,1,0.464,590.976702,11.471348,15.181816,-47.47908,0,2009-09-30,53751628.32,57820976.86,66846542.86,98700342.74,143879488.36,1345373539.78,364926944.85,-26201483.4,-180707976.93,152625078.37,-54258150.85,2009-12-30,正常票,360827854.96,362480483.43,302476057.06,13094914.54,28047073.57,171453697.05,485173913.33,860199626.45,343713666.89,21213277.96,980446594.93,405000022.9568294,7014600397.612286
2010-01-04,sh.600771,6.64,6.75,6.51,6.54,6.65,2277059.0,15022330.0,3,1.368667,1,-1.6541,-14.307199,-1.521886,8.267873,-7.479672,1,2009-09-30,-101106648.95,-101707881.49,-101106648.95,142287877.84,75714049.13,1249334955.25,2192863155.06,-23359274.27,8352866.89,-16479186.68,-31485594.06,2009-12-30,正常票,202860555.7,316970679.54,138748483.51,,-106203154.67,22514467.32,605601338.55,643733616.7,1497864017.67,694999137.39,-943528199.81,166370563.4752646,1088063485.1282306
2010-01-04,sh.600773,9.31,9.45,9.1,9.12,9.16,3854525.0,35663165.0,3,2.315257,1,-0.4367,-197.34903,-256.486742,172.668415,-23554.244719,1,2009-09-30,85053679.19,106399701.72,110244701.72,26687134.51,14100230.79,71435022.21,82324654.92,-922451061.55,8190273.18,2031990764.5,1117729976.13,2009-12-30,正常票,390187148.94,291712935.36,226769636.56,25191022.53,85306830.35,2452545.61,58535951.88,12899070.33,72714719.83,9609935.09,-10889632.71,166483677.62196597,1518331139.9123297
2010-01-04,sh.600774,7.9,7.95,7.82,7.88,7.9,2759552.0,21747493.0,3,1.605729,1,-0.2532,250.368964,2.918454,2.278452,-29.798945,0,2009-09-30,-575372.88,1880974.54,1709643.51,8762986.7,12465471.77,1470938965.81,908636224.37,-3479103.3,-37368040.44,722272.74,-40124871.0,2009-12-30,正常票,433440968.05,430065543.23,300604761.65,2285016.39,551841.66,39813460.61,130409120.31,1340529845.5,855938135.81,52698088.56,562302741.44,171856645.79764083,1354230368.8854098
2010-01-04,sh.600775,9.7,10.08,9.45,9.85,9.64,9703687.0,94965696.0,3,2.349476,1,2.1784,-136.547939,4.572407,7.56216,-29.039346,0,2009-09-30,-34100441.99,-33300018.28,-30811416.48,190125004.41,347928304.49,2493614180.62,1071556398.63,-46859834.83,-115668309.51,-64600371.64,-227134746.34,2009-12-30,正常票,631515552.43,728254583.42,556316276.18,3289025.51,-36383405.94,232809636.48,876076125.78,1617538054.84,1070308361.01,1248037.62,1422057781.99,413014944.6089256,4068197204.397917
2010-01-04,sh.600776,6.26,6.45,6.18,6.36,6.24,27821887.0,176732797.0,3,2.910239,1,1.9231,82.116502,3.2806,1.62214,-185.774784,0,2009-09-30,76344411.15,67966011.49,76304652.86,615458488.73,289742439.62,3471704147.37,777301245.86,-309660892.43,63795499.01,-476850.0,-246566702.45,2009-12-30,正常票,2872555062.95,2838761331.92,2651576295.39,-39758.29,74699384.44,1198813487.42,2166758937.6,1304945209.77,743420381.55,33880864.31,2694402901.51,956000074.2207084,6080160472.043706
2010-01-04,sh.600777,6.98,7.04,6.91,6.97,6.96,10424257.0,72724819.0,3,2.117015,1,0.1437,591.786825,3.213388,8.083208,16.749482,0,2009-09-30,921078.07,-42022506.17,1730875.39,101562486.69,2457036170.67,4226144403.05,2140989630.58,46166648.5,45786200.26,165620022.16,257548067.54,2009-12-30,正常票,275889940.66,321245811.36,231898422.68,809797.32,1451011.94,495721196.37,3457258976.02,768885427.03,1820989630.58,320000000.0,2085154772.47,492403549.33715636,3432052738.8799796
2010-01-04,sh.600778,8.96,9.7,8.96,9.5,8.89,16184792.0,152048768.0,3,5.278302,1,6.8616,70.162597,3.406043,1.590114,13.887473,0,2009-09-30,15678263.17,17938840.71,24670575.0,67767876.6,257843694.34,2451436816.33,1477163512.11,373944643.44,-282558479.8,86933589.14,178319752.78,2009-12-30,正常票,1347321748.38,1335220067.04,1086211194.29,8992311.83,21006934.71,475328576.9,1209856793.94,1241580022.39,1382288693.86,94874818.25,974273304.22,306628760.537006,2912973225.1015573
2010-01-04,sh.600779,22.93,23.3,22.49,22.6,22.91,7609220.0,173351428.0,3,2.576571,1,-1.3531,47.290614,8.334531,9.614025,165.341665,0,2009-09-30,152175409.09,225441457.18,234053478.65,110726849.57,1120734230.85,2965256816.02,1627876679.02,575033558.23,-42314300.61,-292911401.31,239807856.31,2009-12-30,正常票,844897632.63,632042672.67,218050413.4,81878069.56,151839502.88,614286340.91,2134437756.27,830819059.75,1472259499.02,155617180.0,1337380137.0,295323513.3050865,6674311400.694955
2010-01-04,sh.600780,6.5,6.54,6.42,6.45,6.48,5721545.0,37004904.0,3,0.880717,1,-0.463,81.732281,3.374275,2.990463,149.443976,0,2009-09-30,22379402.49,24906836.27,27277490.87,178878407.0,104715326.47,2693969121.41,1024875180.87,335791556.69,-49243268.67,-280854635.52,5693652.5,2009-12-30,正常票,1379377534.79,1354318844.32,1237033026.37,4898088.38,22428947.2,143843025.11,503688425.48,2190280695.93,926138325.36,98736855.51,1669093940.54,649646254.1315769,4190218339.148671
2010-01-04,sh.600781,11.26,11.29,11.01,11.14,11.21,2555204.0,28387773.0,3,2.420503,1,-0.6244,70.984586,10.231092,7.772869,348.415714,0,2009-09-30,18225075.0,19649111.35,21820454.88,107450707.06,176984191.08,535619876.95,295959500.02,7136116.45,-38187205.24,25141447.38,-5909641.41,2009-12-30,退市票,154832771.51,135661823.22,86436720.01,3595379.88,15437936.5,24401879.69,315346320.12,220273556.83,295959500.02,,239660376.93,105565000.33257549,1175994103.704891
2010-01-04,sh.600782,9.0,9.03,8.78,8.82,8.96,6240343.0,55292571.0,3,1.948637,1,-1.5625,76.156934,1.511734,0.564675,38.164549,0,2009-09-30,151689693.26,160875696.55,176402638.68,616266308.75,3366420302.75,24209834269.23,16048557698.73,1632366432.29,-929248986.32,-135253681.21,557222763.53,2009-12-30,正常票,15292768092.24,15130611510.78,14289210020.79,24712945.42,147305859.2,3321752376.18,8773763476.97,15436070792.26,12467466484.8,3581091213.93,8161276570.5,320241430.2920452,2824529415.1758385
2010-01-04,sh.600783,23.7,24.17,23.35,23.66,23.67,2288662.0,54449751.0,3,1.131439,1,-0.0422,-832.008168,15.708103,15.671281,44.427079,0,2009-09-30,80791410.56,67043116.23,81924549.12,100168302.16,95074807.33,711351919.06,397991536.76,-4681710.18,-109170231.77,189520455.5,75691303.19,2009-12-30,正常票,116947776.89,141848356.6,86604777.17,1133138.56,80173016.74,144259944.56,389809855.1,321542063.96,397986351.91,5184.85,313360382.3,202278867.88417226,4785918014.139516
2010-01-04,sh.600784,8.88,8.99,8.82,8.89,8.87,4552097.0,40586991.0,3,2.272056,1,0.2255,81.537481,5.309922,0.682943,-41.381418,0,2009-09-30,24721404.06,37193684.92,35095001.01,49880796.39,297036159.3,1593407973.9,1159049703.01,-30116053.8,-9703761.78,142589456.63,102769641.05,2009-12-30,正常票,2608841008.84,2659856644.96,2475226034.07,10373596.95,23342640.49,299913506.9,895499829.02,697908144.88,1085863953.01,73185750.0,434358270.89,200351443.80244148,1781124335.403705
2010-01-04,sh.600785,28.39,28.7,27.56,27.65,28.39,1253550.0,35028150.0,3,0.725185,1,-2.6066,30.195673,5.954171,1.539642,71.372737,0,2009-09-30,153970613.3,193523289.26,193491167.24,20946318.15,213569299.52,1693676774.79,847813257.49,179529867.66,-92450431.26,-47874867.02,39204569.38,2009-12-30,正常票,2315213620.18,2132639028.5,1881580317.65,39520553.94,138581286.21,753148327.6,1123029219.77,570647555.02,847813257.49,,845863517.3,172859339.34099576,4779560732.778532
2010-01-04,sh.600787,9.69,9.8,9.65,9.65,9.69,8765138.0,85241417.0,3,2.23605,1,-0.4128,51.002368,2.49491,0.599633,-646.959102,0,2009-09-30,194795589.02,201499867.95,265344966.52,721697669.16,1130996908.69,8382507566.8,5073729521.78,184925816.55,-177667200.96,2436135.59,9694751.18,2009-12-30,正常票,10092292378.27,9888064047.97,9441384494.22,70549377.5,181467501.33,1236788244.79,5110864369.57,3271643197.23,4876224638.25,197504883.53,3308778045.02,391992039.5339997,3782723181.503097
2010-01-04,sh.600789,6.82,6.92,6.68,6.7,6.82,20117359.0,137231649.0,3,4.944978,1,-1.7595,241.95974,2.598257,2.168263,44.116621,0,2009-09-30,17282529.21,16620697.29,19095297.15,325018972.68,326069469.98,2521352137.77,998148755.71,130011558.06,-57574882.46,-8064951.51,64503552.15,2009-12-30,正常票,1431180613.08,1419717738.99,1233045824.97,1812767.94,14439148.27,186566356.21,1009556715.62,1511795422.15,953286464.71,44862291.0,1523203382.06,406824034.4041976,2725721030.508124
2010-01-04,sh.600790,9.1,9.35,8.99,9.26,9.12,25706896.0,236409556.0,3,5.62296,1,1.5351,93.222616,4.74541,10.664623,-25.659983,0,2009-09-30,38184922.05,49990001.02,58044234.51,1985462.0,662772409.91,4130343130.87,2833670628.41,47460353.07,-372292386.0,104984326.99,-219847705.94,2009-12-30,正常票,210166660.33,165283934.18,89987545.12,19859312.46,43994438.31,145689651.69,977936256.19,3152406874.68,2698656500.62,135014127.79,1296672502.46,457177287.4073442,4233461681.3920074
2010-01-04,sh.600791,7.53,7.59,7.28,7.32,7.5,4082749.0,30257412.0,3,1.650804,1,-2.4,-21.000522,4.143813,53.674054,-8.821427,0,2009-09-30,-29601276.03,-28872645.07,-28815131.6,619484.01,1219759245.86,2570942945.44,1659103369.45,-292474994.41,-7234005.82,138440664.67,-161268335.56,2009-12-30,正常票,28596477.5,58832306.91,21054155.66,786144.43,-28058927.89,47758575.23,2486125370.44,84817575.0,1656053369.45,3050000.0,911839575.99,247318821.61661837,1810373774.2336464
2010-01-04,sh.600792,12.8,12.99,12.63,12.67,12.79,1237650.0,15816199.0,3,0.980511,1,-0.9382,-6.273807,-14.97794,1.394828,-16.782843,1,2009-09-30,-137231115.37,-140122793.87,-135178229.21,54053351.34,291359595.06,989788666.0,1062495595.07,-33373298.11,-33571281.25,33841255.21,-33104627.55,2009-12-30,正常票,874258110.2,1014380904.07,864014219.64,2052886.16,-138870695.17,88730263.62,577941297.59,411847368.41,1061447678.38,1047916.69,-72706929.07,126224999.00562052,1599270737.401212
2010-01-04,sh.600793,11.34,11.55,11.34,11.46,11.46,586932.0,6734212.0,3,0.55739,1,0.0,-27.186828,62.12379,2.302702,651.721076,1,2009-09-30,-46947798.18,-47855878.23,-46947798.18,38053026.16,142129773.99,793093117.14,773668384.6,-10977956.89,-1239613.04,-2038831.27,-14256401.2,2009-12-30,正常票,396658217.57,444514095.8,401620182.51,,-46947798.18,33213881.36,247308160.25,545784956.89,773668384.6,,19424732.54,105300059.20450671,1206738678.4836469
2010-01-04,sh.600794,10.75,10.87,10.66,10.69,10.75,2566290.0,27592451.0,3,1.439606,1,-0.5581,40.360398,6.681842,9.886606,63.287463,0,2009-09-30,41848042.61,54296353.81,56620510.48,7347910.89,25908726.9,467114957.86,168317434.08,84499408.25,-70216155.34,17675653.75,31915368.42,2009-12-30,正常票,166998781.25,112702427.44,85373734.33,14772467.87,41847085.48,65609965.3,100214577.72,366900380.14,105317434.08,63000000.0,298797523.78,178263358.16883233,1905635298.8248177
2010-01-04,sh.600795,7.4,7.44,7.24,7.25,7.38,37193352.0,271379909.0,3,0.682726,1,-1.7615,27.040941,2.568227,2.296435,503.841463,0,2009-09-30,2732114492.28,3148579313.91,3164526913.79,1937950298.13,1404491167.5,85545961831.77,62611892705.64,9282050303.69,-12730148679.69,4638403535.11,1190031834.14,2009-12-30,正常票,20737406031.51,18374478506.43,16503144862.46,432412421.51,1848738670.64,1261520924.88,10590490976.33,74955470855.44,33183292602.71,29428600102.93,22934069126.13,5447771433.928105,39496342895.97877
2010-01-04,sh.600796,8.06,8.17,8.0,8.03,8.04,5474950.0,44250301.0,3,1.998143,1,-0.1244,-109.359034,5.099855,6.397846,70.297023,0,2009-09-30,23938666.96,23752620.01,25811814.62,52491968.19,143017702.98,778203488.99,326563326.86,13763306.08,30562633.15,-51697074.33,-6906489.05,2009-12-30,正常票,273987682.02,270159610.96,225355716.17,1873147.66,24837184.48,90579510.06,301117101.11,477086387.88,302996477.82,23566849.04,451640162.13,274001910.77415377,2200235343.5164547
2010-01-04,sh.600797,6.93,7.15,6.84,7.05,6.9,25350637.0,178049028.0,3,3.117993,1,2.1739,80.431195,3.61647,1.196272,-14.804312,0,2009-09-30,79798564.91,77767146.53,99043115.0,697740185.22,494175350.38,3869595208.74,2211021496.56,-244127465.08,-319438898.69,-40420299.9,-602724630.16,2009-12-30,正常票,3410472939.83,3473467289.39,3053509753.85,19244550.09,82606823.45,434417712.02,2619726758.4,1249868450.34,2041166800.66,169854695.9,1658573712.18,813043422.4836297,5731956128.509589
2010-01-04,sh.600798,5.86,5.88,5.76,5.79,5.84,7154165.0,41499248.0,3,1.302682,1,-0.8562,216.181374,2.709632,5.166054,96.852784,0,2009-09-30,-43682569.63,-23223495.61,-23140495.61,52066893.7,30392205.51,6941772043.0,4488471426.48,92096904.63,-237471327.77,4965388.68,-140409034.46,2009-12-30,正常票,650460736.7,671849520.84,464408578.65,20542074.02,7019729.64,604751576.84,709352677.23,6232419365.77,1316071426.48,3172400000.0,2453300616.52,549187368.8283097,3179794865.515913
2010-01-04,sh.600800,5.9,6.0,5.88,5.9,5.9,7426927.0,44080605.0,3,2.102084,1,0.0,25.881425,15.517871,19.954885,-583.216771,1,2009-09-30,-67173102.01,-17666314.04,-66848873.78,136772252.73,83193020.69,1264826634.07,1025125115.48,23633311.32,-2929275.07,-24100000.0,-3395963.75,2009-12-30,正常票,139632951.15,157299265.19,105696940.52,324228.23,-67081996.35,25771492.14,583126164.03,681700470.04,839407786.63,185717328.85,239701518.59,353312569.8116726,2084544161.8888686
2010-01-04,sh.600801,24.05,24.06,23.51,23.55,23.75,2457675.0,58368310.0,3,2.532721,1,-0.8421,22.341769,2.197355,1.375583,28.313732,0,2009-09-30,339996742.0,383120722.0,440398556.0,387096629.0,642254404.0,13898195214.0,8752261066.0,943304307.0,-2619427059.0,2025902793.0,349561153.0,2009-12-30,正常票,5089084311.0,4706316289.0,3979728410.0,100401814.0,301894480.0,1393625242.0,2996687934.0,10901507280.0,3721454062.0,5030807004.0,5145934148.0,97036941.6923538,2285219976.854932
2010-01-04,sh.600802,7.9,8.09,7.82,7.99,7.89,8033887.0,64040249.0,3,2.103808,1,1.2674,-49.458359,2.20023,2.661506,13.941404,0,2009-09-30,-94953613.69,-126141994.01,-126884286.38,57203038.08,166704669.44,3397167466.4,2003552639.87,-24610710.96,-186134737.06,312294814.11,101549366.09,2009-12-30,正常票,805781737.51,946659671.52,705494113.49,-31930672.69,-94809579.73,406570803.47,892920730.92,2504246735.48,1062829166.64,940723473.23,1393614826.53,381873583.52092963,3051169932.3322277
2010-01-04,sh.600803,11.2,11.76,11.16,11.49,11.14,4735260.0,54375514.0,3,2.506963,1,3.1418,818.378043,7.082451,3.922481,20.062491,0,2009-09-30,8470658.0,8464538.87,10210326.3,190913963.92,152131155.78,1156431526.12,746760068.0,-2214186.61,-30410786.91,23704186.6,-8920786.92,2009-12-30,正常票,557612465.01,548299627.83,435433998.1,1739668.3,5966443.93,183540499.56,615300786.28,541130739.84,746760068.0,,409671458.12,188884319.39362487,2170280829.83275
2010-01-04,sh.600804,10.95,11.21,10.82,11.03,10.85,13668930.0,150972082.0,3,2.434306,1,1.659,61.121809,6.909649,7.989102,-90.046828,0,2009-09-30,178106237.22,170425473.18,186592228.64,418365228.06,67348989.02,2617538150.97,705393672.75,87990757.41,-208608927.02,-45018042.41,-165636212.02,2009-12-30,退市票,1175635601.84,1006235394.71,756759103.93,8485991.42,169312316.86,326516390.39,1231483799.56,1386054351.41,477279439.05,228114233.7,1912144478.22,561512398.1948038,6193481752.088686
2010-01-04,sh.600805,11.93,12.9,11.93,12.68,11.91,35862597.0,449596767.0,3,6.58977,1,6.4652,37.918551,5.311767,3.284104,16.890275,0,2009-09-30,203506093.19,236595926.33,264422706.91,189903028.66,101118054.31,8895895358.85,7032707507.73,302443634.54,270604945.46,404746260.4,977794453.71,2009-12-30,正常票,1675318917.97,1738271580.26,1308463513.34,60916613.72,149308364.46,2610291615.33,3505804735.32,5390090623.53,4751489354.56,2281218153.17,1863187851.12,544216216.9544612,6900661630.982568
2010-01-04,sh.600806,14.89,15.3,14.86,14.89,14.86,7049212.0,106368959.0,3,4.44598,1,0.2019,24.784292,5.313383,4.587091,-304.976828,0,2009-09-30,189059074.77,197977751.82,215815930.94,217073986.59,590669161.43,2073382104.14,818676699.11,84421062.66,-76683195.57,-41555252.51,-34563184.43,2009-12-30,退市票,1028584622.05,840468052.25,654561834.04,26756856.17,189457309.69,293378217.45,1391531023.91,681851080.23,783294726.41,35381972.7,1254705405.03,158552490.11466542,2360846577.8073683
2010-01-04,sh.600807,18.41,19.0,18.41,18.62,18.44,2072673.0,38779687.0,3,2.526928,1,0.9761,-170.531571,8.029302,17.819279,-163.036774,0,2009-09-30,-21545111.5,-27054668.34,-28706737.6,7484231.41,874036080.53,1192575805.88,820083233.62,-108139448.9,9853144.04,97077982.59,-1208322.27,2009-12-30,正常票,38240262.67,65294931.01,24299733.27,-7161626.1,-20474796.05,21998131.29,996556614.6,196019191.28,820083233.62,,372492572.26,82023429.2389811,1527276252.4298282
2010-01-04,sh.600808,5.07,5.12,5.01,5.05,5.05,43642021.0,221035332.0,3,0.731298,1,0.0,-16.684415,1.491864,0.755216,11.193665,0,2009-09-30,106075803.0,46320078.0,165055465.0,771428725.0,9141465004.0,71940721925.0,45204119569.0,9399747213.0,-5136686970.0,-71378672.0,4213333829.0,2009-12-30,正常票,37829132760.0,37918967544.0,36118940126.0,58979662.0,6914878.0,12371695709.0,27201986280.0,44738735645.0,23638503294.0,21565616275.0,26736602356.0,5967747894.83904,30137126868.93715
2010-01-04,sh.600809,42.94,43.02,42.03,42.39,42.93,1691153.0,72041027.0,3,0.390635,1,-1.2579,44.487405,11.053218,8.473086,92.866478,0,2009-09-30,468485065.96,638814507.59,632430211.66,100387690.35,668242034.72,2422823446.17,620098118.95,444888520.47,-26148625.43,-194375592.88,224364302.16,2009-12-30,正常票,1707376581.49,1068731204.8,446145867.17,163945145.7,366696822.39,766460476.78,1899148111.3,523675334.87,620098118.95,,1802725327.22,432924085.1434203,18351651969.229588
2010-01-04,sh.600810,12.8,13.12,12.62,12.97,12.64,6344149.0,82186872.0,3,3.04849,1,2.6108,-28.345334,2.287687,1.164283,-31.382134,0,2009-09-30,-60747539.9,-52471149.52,-52572714.36,572135583.91,395370313.99,6757364873.96,4096377954.49,70817552.31,-730609122.46,369029088.18,-290762481.97,2009-12-30,正常票,4026358397.63,4111363311.12,3826740107.03,8174825.54,-42869756.38,589916951.89,2599919675.34,4157445198.62,3401560233.36,694817721.13,2660986919.47,208107915.72221,2699159666.9170637
2010-01-04,sh.600811,7.12,7.16,7.01,7.02,7.06,12517121.0,88716411.0,3,1.008575,1,-0.5666,26.810092,2.394464,9.101608,-48.726016,0,2009-09-30,208075291.59,205668975.58,210408026.71,31227214.71,159861026.25,8249914256.47,3117694185.91,-300734003.52,99128726.7,-344061050.95,-545666327.77,2009-12-30,退市票,923420143.51,1140541466.37,681676673.75,2332735.12,238297167.18,899600731.04,2316472677.97,5933441578.5,2270488980.25,847205205.66,5132220070.56,1241069925.3897827,8712310876.236275
2010-01-04,sh.600812,11.7,11.95,11.6,11.9,11.7,13688908.0,161419554.0,3,1.330858,1,1.7094,-28.615545,19.613781,2.706154,-312.388852,0,2009-09-30,-535782329.36,-465978675.17,-465740755.91,762458486.39,758161192.54,6739814919.81,6030945614.02,875683081.39,-515355149.54,-412853921.57,-54169864.38,2009-12-30,正常票,3385723337.58,3871373132.33,2364891075.04,70041573.45,-513569365.45,1172209785.5,3373246919.67,3366568000.14,5225910659.88,805034954.14,708869305.79,1028577654.4154222,12240074087.543524
2010-01-04,sh.600814,8.96,9.11,8.86,9.02,8.93,8558717.0,77039897.0,3,2.757469,1,1.0078,45.880791,4.974951,1.698114,-10.743558,0,2009-09-30,48379190.17,69070409.0,67520746.95,13014353.48,30369445.19,1100244049.27,530510778.66,-5338575.92,-448124153.32,69101939.37,-384364811.77,2009-12-30,正常票,1137127659.78,1069515905.79,916543034.09,19141556.78,51069553.21,52279820.53,132437510.54,967806538.73,524671623.32,5839155.34,569733270.61,310383072.30289805,2799655312.17214
2010-01-04,sh.600815,8.19,8.5,8.12,8.31,8.16,5388514.0,44445000.0,3,0.770587,1,1.8382,62.459022,3.091206,1.258767,19.932314,0,2009-09-30,88540977.7,92334277.02,100955145.72,1239932993.95,1772336181.44,5980900869.88,4066839383.76,405577473.03,-86592460.89,-68880017.72,249049305.07,2009-12-30,正常票,3858073567.33,3772660256.49,3359086797.36,12414168.02,86306711.32,586653701.58,4717228764.97,1263672104.91,3063995240.61,1002844143.15,1914061486.12,699273930.1337811,5810966359.411721
2010-01-04,sh.600816,19.75,19.89,19.25,19.26,19.76,8307240.0,161455400.0,3,1.830394,1,-2.5304,272.622195,39.820213,54.725453,159.833823,0,2009-09-30,32612248.72,29891680.81,32612256.5,83189147.61,,586363158.3,325464545.62,38797128.37,-515541.79,10745227.52,49026814.1,2009-12-30,正常票,124567267.45,94785986.96,,,,119047073.15,,,,,,453849826.8678765,8741147665.475302
2010-01-04,sh.600817,6.98,7.31,6.98,7.19,7.27,1989995.0,14206949.0,3,2.213391,1,-1.1004,-0.375795,-0.33799,60.771766,74.304637,1,2009-09-30,-7364901.87,-4613452.63,-8640343.91,2323816.62,6783.47,122482244.46,2832314740.62,-8958231.92,39689562.43,-19423796.85,11307384.89,2009-12-30,正常票,11049997.65,17016758.22,6673818.82,-1275442.04,-11071953.24,13369626.84,19058699.06,103423545.4,2603096000.86,229218739.76,-2709832496.16,89907070.1922977,646431834.6826205
2010-01-04,sh.600818,20.11,20.4,19.93,19.95,20.08,2058162.0,41478438.0,3,1.201798,1,-0.6474,104.0269,14.828215,8.520894,92.8952,0,2009-09-30,64537898.61,75967217.43,77365333.24,40792459.06,93271832.37,740536816.73,376116964.33,32000086.13,80053483.14,-31814111.46,80124909.51,2009-12-30,正常票,499157869.94,509874147.26,444372565.42,12827434.63,65461214.61,137735244.14,389373443.66,351163373.07,372250372.12,3866592.21,364419852.4,171256900.07804972,3416575156.5570917
2010-01-04,sh.600819,8.6,8.6,8.39,8.41,8.54,3024353.0,25736052.0,3,0.556203,1,-1.5222,-55.148214,3.188145,2.758102,-49.980106,0,2009-09-30,-114802627.12,-136772096.36,-114925939.63,283268998.27,533143860.66,5951059355.27,3576483092.0,391016681.49,-57996567.84,-339378349.14,-7616711.17,2009-12-30,正常票,1696352409.47,1914050823.19,1492305263.11,-123312.51,-98059236.11,1025075209.41,2324150328.9,3626909026.37,1678193759.13,1898289332.87,2374576263.27,543749853.9202414,4572936271.46923
2010-01-04,sh.600820,13.93,14.3,13.88,14.03,13.89,20174084.0,285034044.0,3,2.750306,1,1.0079,26.411002,2.689796,0.726549,7.867382,0,2009-09-30,234715304.25,255040547.64,292381359.67,2012000689.19,3553225264.61,16886034822.56,12967909314.67,364444431.82,-663950199.15,920645928.1,620784873.27,2009-12-30,正常票,10379974212.56,10267075440.8,9304505103.24,57666055.42,231690903.83,3970101461.59,10360658637.21,6525376185.35,10057507932.88,2910401381.79,3918125507.89,733521433.6150231,10291305713.618774
2010-01-04,sh.600821,5.96,6.09,5.9,5.91,5.95,9676945.0,58130158.0,3,2.32469,1,-0.6723,-25.514628,4.378848,4.993352,-23.76708,0,2009-09-30,2863373.43,-8178493.74,3670444.48,32417241.34,45771666.32,1214019212.79,651694494.93,-114495150.94,-2425907.52,119965967.55,3044909.09,2009-12-30,正常票,382951774.32,396094625.73,322621510.53,807071.05,2863373.43,306184673.71,639482873.77,574536339.02,625680341.38,26014153.55,562324717.86,416268190.597456,2460145006.430965
2010-01-04,sh.600822,13.75,14.05,13.52,13.82,13.59,3833753.0,53355767.0,3,2.059272,1,1.6924,63.106371,5.550424,0.11415,-34.988201,0,2009-09-30,65888493.61,69029415.77,73881132.47,325521781.78,1659396785.05,6145445577.78,5207922839.3,-433258726.75,8818096.15,428875651.77,6128469.08,2009-12-30,正常票,33570835639.67,33550888468.38,33241553011.94,7992638.86,59454494.1,825384281.11,4992274930.32,1153170647.46,4818420241.05,389502598.25,937522738.48,186170306.78802997,2572873639.810574
2010-01-04,sh.600823,16.75,16.8,16.25,16.29,16.66,2611912.0,42871886.0,3,0.546019,1,-2.2209,129.985507,3.142524,21.662952,12.335128,0,2009-09-30,99898369.78,138888078.83,138647868.12,75022601.05,7210853549.01,13027049024.5,6516741329.69,-424381744.37,-105677501.19,2238773032.99,1708719529.54,2009-12-30,退市票,824495815.52,716789523.11,455395567.62,38749498.34,88505327.72,2039771420.29,9929631621.83,3097417402.67,4034143719.29,2482597610.4,6510307694.81,478355515.10112286,7792411340.997291
2010-01-04,sh.600824,9.4,10.07,9.25,9.53,9.31,42189070.0,408678187.0,3,5.763824,1,2.3631,62.229918,5.528874,4.841616,329.155796,0,2009-09-30,100167468.2,124563187.14,132916056.73,31137247.43,195026650.41,2000667884.11,737135262.32,225134044.84,-16991122.27,-151497066.92,56645688.69,2009-12-30,正常票,1094403507.77,971497668.42,694175226.46,32748588.53,100392621.06,195553606.5,471564992.85,1529102891.26,557108809.66,180026452.66,1263532621.79,731963189.7157166,6975609197.990779
2010-01-04,sh.600825,11.81,12.31,11.75,12.06,11.77,16378953.0,196752913.0,3,2.771802,1,2.4639,49.366758,5.196321,4.251606,-521.375006,0,2009-09-30,168064096.17,196670044.79,217679774.32,562432638.35,646695016.98,3543231738.66,1360937551.33,225438882.89,182516542.39,-298565632.65,109389554.4,2009-12-30,正常票,1610843020.32,1421036117.68,992030147.31,49615678.15,162448402.44,490315148.22,1858035329.79,1685196408.87,1360937551.33,,2182294187.33,590913528.4554957,7126417153.173279
2010-01-04,sh.600826,16.84,16.91,16.55,16.56,16.81,2088651.0,34923065.0,3,1.295377,1,-1.4872,628.310464,2.566752,3.160733,102.474322,0,2009-09-30,6450974.89,1225038.91,6687149.15,55790214.07,49907152.42,2508092348.8,693212078.27,22879074.03,14611277.73,-14908867.18,23659188.43,2009-12-30,正常票,1090798520.38,1111780107.55,1042940622.07,236174.26,8393451.32,184318884.05,436847597.27,2071244751.53,297444192.37,395767885.9,1814880270.53,161238851.7010878,2670115384.170014
2010-01-04,sh.600827,18.73,19.4,18.61,18.81,18.64,4413633.0,84222816.0,3,2.074896,1,0.912,59.823956,3.200887,0.344048,6.352498,0,2009-09-30,480731307.19,689605858.46,654783596.43,77210045.28,2138019157.16,17564505246.12,12463561635.2,1568445252.34,-846266463.75,-185013086.05,537146835.87,2009-12-30,正常票,21778442950.64,21281579581.44,17326619114.68,174052289.24,184138776.0,7472141937.0,10279063892.24,7285441353.88,12230094626.83,233467008.37,5100943610.92,212715866.24100682,4001185443.993338
2010-01-04,sh.600828,22.51,22.93,21.61,22.07,22.48,2201017.0,48387127.0,3,1.087652,1,-1.8238,37.525884,9.792241,2.756834,72.072231,0,2009-09-30,79274511.78,80551894.34,111309468.69,4970916.49,116763731.16,1486609438.67,1012476749.31,71641632.33,-33625581.05,14049679.8,52065731.08,2009-12-30,正常票,1207690420.23,1142598937.73,954950943.38,32034956.91,81251718.19,117936169.73,364063825.85,1122545612.82,484143449.31,528333300.0,474132689.36,202364083.36489978,4466175319.863338
2010-01-04,sh.600829,19.55,19.64,19.11,19.19,19.49,1316688.0,25434100.0,3,0.340588,1,-1.5393,25.176853,5.22117,2.775746,-819.4191,0,2009-09-30,230038778.69,252568026.79,274923133.22,276236468.35,292902681.75,3185719958.87,1588703240.9,480757894.08,-51119312.02,-313865650.53,115772931.53,2009-12-30,正常票,1989803767.55,1738684957.41,1094787426.79,44884354.53,217979777.98,395162326.83,2087743746.1,1097976212.77,1543727934.23,44975306.67,1597016717.97,386592598.6822789,7418711968.712932
2010-01-04,sh.600830,11.4,11.63,11.3,11.52,11.35,5887226.0,67753681.0,3,1.615937,1,1.4978,121.599732,4.068859,5.925876,-12.674501,0,2009-09-30,35029605.57,38081571.88,49173431.28,51063569.41,236843233.06,1834320724.58,394875690.88,82399210.75,30498114.14,-403668428.92,-290771104.03,2009-12-30,正常票,635584150.8,597555280.24,494708773.27,14143825.71,34497179.34,557462004.66,1105441559.08,728879165.5,303235720.63,91639970.25,1439445033.7,364322742.78019506,4196997996.827847
2010-01-04,sh.600831,8.91,9.03,8.75,8.89,8.85,8688789.0,77365498.0,3,2.178262,1,0.452,119.585782,3.249092,4.140781,-61.229491,0,2009-09-30,52864676.96,58419697.72,59692874.3,21944504.99,86792491.41,2770312750.49,1584334861.15,310332963.64,-351563909.95,35955880.83,-5275065.48,2009-12-30,正常票,707289084.42,647603997.91,454270988.27,6828197.34,52957972.49,183057916.64,363539134.28,2406773616.21,1004334861.15,580000000.0,1185977889.34,398886313.95121425,3546099331.0262947
2010-01-04,sh.600832,11.5,11.62,11.33,11.36,11.36,38629204.0,443874104.0,3,1.21234,1,0.0,77.151494,5.124514,20.504404,-55.307363,0,2009-09-30,391511463.86,472297512.83,479763945.41,124377923.14,1310703240.68,10457526441.52,1976345096.83,232712482.7,-75042787.88,-1190571030.04,-1032909095.94,2009-12-30,退市票,1380148330.54,1072884662.44,864215727.09,88252481.55,361917477.37,1356494200.33,3136739934.38,7320786507.14,1661085149.53,315259947.3,8481181344.69,3186334196.6775,36196756474.25639
2010-01-04,sh.600833,11.29,11.38,11.12,11.26,11.24,4287860.0,48384323.0,3,2.690888,1,0.1779,47.885185,4.622907,1.730794,38.876531,0,2009-09-30,32736695.83,43490908.29,43546379.89,92380907.45,158928622.08,726404836.39,338282888.53,32308213.39,21934868.78,-4281717.7,49961364.47,2009-12-30,正常票,789298492.45,768884255.86,653009897.53,10809684.06,32747075.49,154009824.57,421583544.18,304821292.21,305634887.99,32648000.54,388121947.86,159347397.5877108,1794251696.8376236
2010-01-04,sh.600834,12.8,13.16,12.6,12.71,12.77,22410433.0,289312220.0,3,4.694445,1,-0.4699,100.393409,6.154765,7.112996,-3706.476977,0,2009-09-30,55662362.72,69600700.4,69597766.0,15804928.92,,1311565662.6,325740278.21,89301768.33,-287129489.0,178565138.0,-19262582.67,2009-12-30,正常票,624165061.1,554564360.7,518075779.0,13935403.28,55662362.72,1949244.78,36629593.87,1274936068.73,325046196.48,694081.73,985825384.39,477381948.2388227,6067524562.115437
2010-01-04,sh.600835,13.72,13.74,13.4,13.44,13.68,6736620.0,91055692.0,3,0.835286,1,-1.7544,20.45033,2.748177,1.297406,10.259182,0,2009-09-30,771765851.95,840570207.21,874000272.29,1261750567.03,1944766656.67,12900358473.54,6103327658.84,1616122875.99,-42311994.38,-272498681.61,1300824980.45,2009-12-30,正常票,8066224111.63,7426665798.8,6534738603.12,102234420.34,493135407.43,5459021755.54,9362321585.69,3538036887.85,6069491038.05,33836620.79,6797030814.7,806504598.4249706,10839421802.831604
2010-01-04,sh.600836,15.01,15.17,14.87,14.89,15.02,5616160.0,84175254.0,3,1.822462,1,-0.8655,578.189256,11.173952,4.141989,189.051798,0,2009-09-30,-1147221.07,5572833.05,9773209.0,133181329.89,1138494534.18,2273135136.8,1691920626.29,146643262.84,-68272094.1,-74901672.98,3340716.92,2009-12-30,退市票,853287008.19,849050401.83,687288641.36,10920430.07,883348.29,212692711.11,1662745150.77,610389986.03,1595472534.0,96448092.29,581214510.51,308163352.65152305,4588552320.981178
2010-01-04,sh.600837,19.2,19.35,18.51,18.54,19.19,131466419.0,2484368080.0,3,3.284669,1,-3.3872,36.215008,3.640791,18.820903,7.778516,0,2009-09-30,3628375627.27,4414780743.77,4585131768.79,,,100875666221.16,58682509045.08,23910229870.36,-2280872350.35,-874337578.87,20751682136.84,2009-12-30,退市票,,,,,,76491141126.29,,,,,,4002425175.8700805,74204962760.63129
2010-01-04,sh.600838,9.89,10.68,9.72,10.42,9.71,60988710.0,639874001.0,3,15.213632,1,7.312,303.131728,7.432077,23.328862,426.745833,0,2009-09-30,12110228.08,34053164.23,12199004.96,44461574.22,20967274.16,1032127231.54,469578365.07,-62326346.82,76164350.97,-7165712.0,6672292.15,2009-12-30,正常票,125263019.47,176103894.22,84478465.06,88776.88,11899955.21,100926179.96,187382220.31,844745011.23,442279793.85,27298571.22,562548866.47,400881985.31422347,4177190286.9742084
2010-01-04,sh.600839,6.58,6.67,6.49,6.56,6.56,30869001.0,203165767.0,3,1.62999,1,0.0,-3664.54225,1.303161,0.441594,7.899793,0,2009-09-30,367978338.54,418814142.44,459789319.64,3463216994.73,7242771593.97,34478681662.3,21166915645.13,-1046303093.48,-1146440367.36,3074389085.28,891704360.45,2009-12-30,正常票,21734704800.83,21484519459.52,18004108480.53,91810981.1,83311482.14,5631836075.82,22087488703.24,12391192959.06,16479631352.86,4687284292.27,13311766017.17,1893815360.8304346,12423428767.04765
2010-01-04,sh.600841,19.58,19.78,19.0,19.31,19.27,898797.0,17445742.0,3,0.341346,1,0.2076,338.68203,5.003022,3.121474,43.793602,0,2009-09-30,2430802.81,16173536.03,16841939.54,512794085.68,219539780.69,3225280200.38,1306152716.34,100105363.73,-105327431.81,-19131427.2,-24319554.11,2009-12-30,正常票,2539386263.7,2526212166.25,2126977324.94,14411136.73,41946647.08,679853999.87,2315972135.49,909308064.89,1222431205.95,83721510.39,1919127484.04,263309662.33674926,5084509579.722628
2010-01-04,sh.600842,13.61,13.61,13.34,13.39,13.65,1670481.0,22471817.0,3,0.775131,1,-1.9048,84.432933,7.819518,8.372066,101.838373,0,2009-09-30,46634474.08,45753627.75,44073337.07,86814564.7,60957400.05,722597113.41,311378104.39,25458750.97,15015138.24,-28322622.93,12151266.28,2009-12-30,退市票,282801904.55,256022033.67,126887042.63,-2561137.01,36062827.34,46205745.95,248582956.4,474014157.01,262677045.21,48701059.18,411219009.02,215509507.42519653,2885672304.423382
2010-01-04,sh.600843,12.5,12.6,12.21,12.24,12.46,1780644.0,21912149.0,3,0.868848,1,-1.7657,-24.742372,16.106762,3.266183,-88.400491,0,2009-09-30,-198495106.99,-195512884.84,-195255240.85,247457230.45,447388621.0,1804828629.6,1419186678.35,-99791857.85,15879146.11,-39298224.41,-116982109.51,2009-12-30,正常票,1197203655.91,1409040960.35,1047984605.78,3239866.14,-184963727.13,265812215.05,1056658969.43,748169660.17,758216796.14,660969882.21,385641951.25,204943097.0664604,2508503508.0934753
2010-01-04,sh.600844,28.06,28.7,27.7,28.48,28.23,1609831.0,45326817.0,3,1.481305,1,0.8856,-186.8918,8.728133,42.127901,23.316128,0,2009-09-30,-43781599.05,-46357727.82,-45097930.75,14131257.95,37403953.98,3333119054.76,1180102065.04,11300873.7,-1187994825.65,1692657420.91,515963468.96,2009-12-30,正常票,198745388.09,245055190.02,208140547.64,-1316331.7,-34303005.84,535482242.32,1256145912.41,2076973142.35,599396845.84,580705219.2,2153016989.72,108676538.59265985,3095107819.1189523
2010-01-04,sh.600845,31.62,31.99,31.48,31.8,31.56,840913.0,26622697.0,3,1.531372,1,0.7605,43.891022,9.074512,3.812715,61.583165,0,2009-09-30,172367898.65,178112486.49,195396823.55,880739036.73,344985899.01,2059966196.1,1109387276.12,211472848.3,-16927013.88,-28454240.53,166410429.11,2009-12-30,正常票,1714401575.27,1536052379.15,1268099883.59,23028924.9,170176976.96,461170556.0,1870361501.72,189604694.38,1079782019.64,29605256.48,950578919.98,54912392.28613296,1746214074.6990283
2010-01-04,sh.600846,10.13,10.25,9.92,10.17,10.03,18614498.0,187899768.0,3,6.693702,1,1.3958,75.469518,3.264632,2.799499,6.540175,0,2009-09-30,50798507.98,53131597.09,57835792.17,80127469.24,1329831881.53,2792872173.52,1539889318.09,236041146.38,-6831480.51,433525926.46,662858093.8,2009-12-30,正常票,1041263866.5,1010723598.06,861982990.85,7037284.19,41330387.97,878291842.56,2415225666.24,377646507.28,986774079.32,553115238.77,1252982855.43,278089732.70695347,2828172581.629717
2010-01-04,sh.600847,11.6,11.67,11.35,11.36,11.54,464699.0,5321570.0,3,0.524136,1,-1.5598,-383.482609,18.189016,12.19052,83.479512,1,2009-09-30,4912656.04,1341534.7,4945017.08,24913951.5,17212813.28,167893287.58,111254114.38,26093422.48,-7076908.1,-9730868.41,9285645.97,2009-12-30,正常票,67735762.34,69010207.86,62246346.66,32361.04,4305839.64,14264797.93,77530499.97,90362787.61,111254114.38,,56639173.2,88660004.27369995,1007177648.5492314
2010-01-04,sh.600848,10.75,10.77,10.6,10.64,10.7,2617030.0,27925911.0,3,0.895809,1,-0.5607,517.620294,26.304965,3.849899,367.985453,0,2009-09-30,6503680.23,6732048.01,6770901.82,440630496.4,219361163.72,1222213945.36,1059023760.81,-29455647.68,-53564929.96,81292410.92,-1728218.79,2009-12-30,正常票,842173703.04,837570524.66,677163884.66,267221.59,6601845.19,139250742.06,941979591.97,280234353.39,880575154.98,178448605.83,163190184.55,292141516.7742231,3108385738.4777336
2010-01-04,sh.600850,14.48,14.48,14.48,14.48,14.48,0.0,0.0,3,,0,0.0,-100.424108,10.918706,2.713997,87.153279,0,2009-09-30,-8805747.06,-12466884.87,-9209790.98,224665078.86,159251003.11,704693479.27,397028795.49,-81475616.29,-966180.21,25487537.73,-57021166.51,2009-12-30,正常票,616183481.53,627643743.61,521244529.2,-404043.92,-11584458.05,179839166.15,647992911.88,56700567.39,397028795.49,,307664683.78,,
2010-01-04,sh.600851,5.9,5.93,5.83,5.89,5.87,10746185.0,63227711.0,3,1.455716,1,0.3407,-21.147893,2.10112,7.064164,29.945192,0,2009-09-30,-1473939.37,5262474.83,6407504.47,329292429.49,409348158.85,5434845527.59,1830380036.06,37282258.39,117539104.48,120383868.43,274795122.95,2009-12-30,正常票,913216224.78,977152728.46,775066757.42,7881443.84,2008896.86,526737079.25,1421833291.77,4013012235.82,1274627119.38,555752916.68,3604465491.53,738206147.3529178,4348034207.908686
2010-01-04,sh.600853,5.61,5.63,5.55,5.56,5.59,4744152.0,26486401.0,3,0.883771,1,-0.5367,102.293992,3.996818,0.681161,23.835141,0,2009-09-30,18205430.97,27128190.88,24746768.55,701926978.83,2587646381.98,5924201548.87,5169760619.23,77333159.97,-23764899.22,54449486.8,108017747.55,2009-12-30,正常票,3739628612.31,3712500421.43,3482859071.83,6541337.58,18373505.29,288117065.61,4307535906.92,1616665641.95,4329558539.11,840202080.12,754440929.64,536807838.2295866,2984651580.5565014
2010-01-04,sh.600854,8.02,8.08,7.93,8.01,7.98,4976827.0,39812881.0,3,0.95808,1,0.3759,20.925785,1.863649,6.120951,13.261518,1,2009-09-30,54729192.62,-78400789.19,68095312.31,218458984.96,1284325379.52,2885028211.82,558546763.96,150514778.88,-43974683.1,,106540095.78,2009-12-30,正常票,650757139.38,793930271.88,516057177.52,13366119.69,81007376.21,234031466.03,1809404567.82,1075623644.0,558546763.96,,2326481447.86,519458395.95858383,4160861751.6282563
2010-01-04,sh.600855,10.85,11.14,10.65,10.84,10.77,6149602.0,66939040.0,3,2.637028,1,0.65,-146.09301,5.378534,9.034233,114.254439,0,2009-09-30,-11127818.34,-11681599.43,-9532757.58,137497998.01,205253854.66,807082419.81,184429482.02,-16197282.57,-1100240.5,-886500.33,-18183226.88,2009-12-30,正常票,230126283.08,243531802.51,175162276.12,1595060.76,-11505243.8,170566801.64,572951922.06,234130497.75,174205973.52,10223508.5,622652937.79,233201998.61359075,2527909664.9713235
2010-01-04,sh.600856,8.0,8.08,7.81,7.83,7.99,6541950.0,52086312.0,3,2.785805,1,-2.0025,-52.536883,12.430625,6.024646,213.828936,0,2009-09-30,4777926.84,5131314.84,4777926.84,6337725.57,33429580.93,465894610.74,317975163.74,11797227.21,-1015540.04,8398951.87,19180639.04,2009-12-30,退市票,217787704.92,212654107.98,155064985.79,,4777926.84,32245636.39,122237881.69,343656729.05,277975163.74,40000000.0,147919447.0,234831583.68945423,1838731300.2884266
2010-01-04,sh.600857,9.75,9.8,9.6,9.61,9.75,2670792.0,25822564.0,3,1.190617,1,-1.4359,245.109596,5.131182,2.975458,-71.629009,0,2009-09-30,5457864.16,9161827.4,8743564.33,22006023.72,51904423.76,678573469.58,254093095.17,40668051.23,-55240347.2,-4183448.5,-18755744.47,2009-12-30,正常票,505657224.68,496211266.43,412756990.63,3285700.17,5511019.58,125396796.17,331525464.29,347048005.29,252612845.3,1480249.87,424480374.41,224319995.43094042,2155715156.091337
2010-01-04,sh.600858,26.29,26.38,25.94,26.0,25.98,4864811.0,126953543.0,3,2.081787,1,0.077,46.361808,5.046227,1.26651,11.837592,0,2009-09-30,152145249.71,201299784.82,204624971.98,,1073039609.63,5135421813.42,3765250045.21,362996939.68,-1196717995.66,1217766278.17,384045222.19,2009-12-30,正常票,4551813662.14,4350513877.32,3712405777.24,52479722.27,155619053.4,1099537293.52,2929356094.51,2206065718.91,3245250045.21,520000000.0,1370171768.21,233684377.89264706,6075793825.208823
2010-01-04,sh.600859,36.88,36.91,35.88,36.46,36.89,2928495.0,105902070.0,3,0.745215,1,-1.1656,39.715845,5.75435,1.365728,328.816947,0,2009-09-30,305011691.96,391591961.05,393345190.96,125780557.11,285208484.35,6560231931.63,3951336803.54,472829252.66,-188774787.51,-321628285.45,-37517121.25,2009-12-30,正常票,7835289433.09,7480125939.79,6307475684.03,88333499.0,273244250.75,1074700183.0,1799627724.94,4760604206.69,3794125853.16,157210950.38,2608895128.09,392973168.81705284,14327801735.069746
2010-01-04,sh.600860,7.92,8.7,7.78,8.7,7.91,17791569.0,146491294.0,3,5.525332,1,9.9874,-14.977311,4.365374,4.983661,-363.571361,0,2009-09-30,-58407376.99,-62995071.16,-58241617.13,263666283.25,604279363.89,1829536898.22,965117694.66,58448431.52,-2350624.16,-70288311.86,-14191199.52,2009-12-30,正常票,532155055.35,596442168.78,459873534.44,165759.86,-55839585.7,60592310.48,1010159507.29,819377390.93,927707941.08,37409753.58,864419203.56,321999999.27606165,2801399993.701736
2010-01-04,sh.600861,10.45,10.67,10.3,10.57,10.39,12579196.0,131918262.0,3,5.552337,1,1.7324,37.323335,1.705072,2.083005,4.077518,0,2009-09-30,53227655.16,60753284.57,70843252.59,15204577.94,21493457.93,2769165820.04,645816618.13,192768843.76,253352085.37,-32876261.97,413244667.16,2009-12-30,正常票,1193756582.96,1155927063.77,932675510.11,17615597.43,50972550.26,1264972561.82,1469591270.61,1299574549.43,635835628.9,9980989.23,2123349201.91,226556781.4057396,2394705179.4586678
2010-01-04,sh.600862,12.99,13.31,12.94,12.99,12.9,10997276.0,144220522.0,3,8.170058,1,0.6977,225.85834,10.794189,11.511278,7.727962,0,2009-09-30,43200977.14,-17032883.65,53815248.54,135919716.16,750588386.88,2413903694.15,2116233361.05,193035005.16,69000679.94,75070447.26,337106132.36,2009-12-30,正常票,207083795.24,229284334.58,184016320.83,10614271.4,41159925.25,496368154.41,1698920805.72,714982888.43,1940682011.93,175551349.12,297670333.1,134604625.81783387,1748514089.373662
2010-01-04,sh.600863,7.57,7.71,7.57,7.69,7.57,10038115.0,76710550.0,3,1.75205,1,1.5852,-32.407327,4.70125,2.222874,-63.624854,0,2009-09-30,589249912.72,665966164.02,658732262.41,777304002.58,278135129.32,22971755223.01,17516110615.38,2066445200.69,-953836360.88,-1232923248.07,-120314406.61,2009-12-30,正常票,5536608567.49,4984066920.13,4239554055.68,69482349.69,233095406.39,563071472.12,2272620495.46,20699134727.55,5326379391.53,12189731223.85,5455644607.63,572935418.5097457,4405873368.339945
2010-01-04,sh.600864,10.96,11.01,10.8,10.83,10.95,5387607.0,58676654.0,3,0.986058,1,-1.0959,27.201838,2.843548,8.956607,103.784393,0,2009-09-30,218207628.2,281894152.99,288930763.89,38455076.48,165685892.4,3683676124.28,1472868552.45,-55641271.51,217760121.03,-192609008.99,-31004660.17,2009-12-30,正常票,441431289.99,442593176.36,362353797.46,70723135.69,221765677.76,214155244.19,609894041.82,3073782082.46,616503093.88,856365458.57,2210807571.83,546378306.3470911,5917277057.7389965
2010-01-04,sh.600865,10.3,10.45,10.18,10.22,10.2,11713542.0,120793446.0,3,4.498944,1,0.1961,38.687568,4.579421,3.497377,99.369987,0,2009-09-30,84060407.31,108582107.11,111317149.46,12368994.3,6971413.86,1002921264.13,163256957.42,33601872.89,-167561266.79,-29169278.5,-163128672.4,2009-12-30,正常票,740377903.05,665665967.04,556382797.1,27256742.15,84060407.31,192512841.22,527109791.36,475811472.77,161376957.42,1880000.0,839664306.71,260362031.62342098,2660899963.1913624
2010-01-04,sh.600866,12.84,12.84,12.84,12.84,12.84,0.0,0.0,3,,0,0.0,69.71129,7.745829,5.772462,56.344973,0,2009-09-30,88339244.5,100987791.06,101794327.93,100010920.36,159978262.01,1371331966.21,505632868.69,220774360.73,8354288.83,-138260074.31,90868575.25,2009-12-30,正常票,897784286.97,810754281.86,627231388.12,13455083.43,88906457.87,219612009.18,541584713.82,829747252.39,440632868.69,65000000.0,865699097.52,,
2010-01-04,sh.600867,13.29,13.45,13.01,13.25,13.19,8547659.0,113332123.0,3,2.72458,1,0.4549,98.721395,4.089663,10.874856,-4970.476303,0,2009-09-30,70977588.22,52530865.04,81708133.21,330192086.54,178395117.78,2286326370.96,697565221.95,98222092.08,-36065999.78,-71596811.48,-9440719.18,2009-12-30,正常票,413965414.66,336004455.93,177303096.55,10730544.99,74424058.42,9204861.57,752004432.49,1534321938.47,383517071.95,314048150.0,1588761149.01,313723913.4105073,4156841852.689222
2010-01-04,sh.600868,3.75,3.75,3.68,3.7,3.73,22603697.0,83990007.0,3,1.190829,1,-0.8043,-18.341585,3.612948,13.827355,10985.91362,1,2009-09-30,7903456.31,-84967045.01,10321123.42,209883443.77,91868538.52,5199783883.7,3031157111.64,178826166.25,412685438.11,-600235587.37,-8723983.01,2009-12-30,正常票,392203980.31,501408204.34,305340418.63,2417667.11,4066435.76,14940206.59,343053084.68,4856730799.02,1004713538.11,2026443573.53,2168626772.06,1898148012.8549106,7023147647.5631695
2010-01-04,sh.600869,17.66,17.88,17.43,17.61,17.66,787542.0,13824933.0,3,0.656285,1,-0.2831,-32.350285,36.140511,10.581647,236.564472,0,2009-09-30,145692856.11,143199942.15,173188376.77,76962958.14,26396091.34,259612170.98,199654215.31,565878907.27,-68569826.39,-276551135.6,224137528.99,2009-12-30,正常票,4754792959.12,4611593016.97,3805978691.77,27495520.66,145844871.29,39449005.62,156214998.0,103397172.98,199554215.31,100000.0,59957955.67,120000000.0,2113200000.0
2010-01-04,sh.600870,3.35,3.35,3.35,3.35,3.35,0.0,0.0,3,,0,0.0,-2.116466,-1.226571,0.333289,32.14138,1,2009-09-30,96168506.74,99234644.59,97417966.47,1102486914.59,346101924.9,2095394113.79,3097179926.75,-746667967.78,-9412857.72,763758185.98,17475409.32,2009-12-30,退市票,3089671065.04,2990391900.55,2648270841.36,1249459.73,94777146.42,350383544.46,1856127998.9,239266114.89,2748146405.2,349033521.55,-1001785812.96,,
2010-01-04,sh.600871,8.8,8.82,8.62,8.66,8.75,2776775.0,24115071.0,3,1.388388,1,-1.0286,-45.669325,4.921024,2.813662,20.051065,0,2009-09-30,375794000.0,370037000.0,375794000.0,209596000.0,1034995000.0,9208052000.0,2168866000.0,1449982000.0,-114170000.0,-5683000.0,1330129000.0,2009-12-30,正常票,9637265000.0,9267228000.0,8581610000.0,,375794000.0,2236423000.0,4669490000.0,4538562000.0,2147357000.0,21509000.0,7039186000.0,199999927.97402456,1731999376.2550528
2010-01-04,sh.600872,10.47,10.77,10.37,10.59,10.44,16043668.0,169503802.0,3,2.215316,1,1.4368,96.549499,4.77655,7.88746,60.242327,0,2009-09-30,63114656.53,52155903.4,77432458.57,42635388.03,854667121.55,2703117619.19,861466923.13,28659390.16,-39282428.09,126618385.1,115992307.07,2009-12-30,正常票,705442123.97,664279709.36,517338199.12,14317802.04,63861546.55,406397332.51,1505592346.72,1197525272.47,534872658.75,326594264.38,1841650696.06,724215777.7942289,7669445086.840884
2010-01-04,sh.600873,20.97,22.83,20.82,22.83,20.75,10550387.0,233444592.0,3,9.747522,1,10.0241,275.997649,10.481721,2.534734,21.736188,0,2009-09-30,12541033.45,16376109.97,14123360.89,168014095.35,425748688.51,1116957925.94,837553869.0,22384802.4,10250745.72,-55726593.88,-23091045.76,2009-12-30,正常票,671146047.07,654687662.95,497554747.23,1582327.44,8874360.69,193812613.37,863691146.35,253266779.59,771507956.15,66045912.85,279404056.94,108236606.18565416,2471041719.2184844
2010-01-04,sh.600874,7.58,7.73,7.42,7.55,7.6,14423599.0,109063385.0,3,1.326639,1,-0.6579,40.27394,3.314261,8.537678,23.208716,0,2009-09-30,204310000.0,268654000.0,273015000.0,482563000.0,9288000.0,7085431000.0,3712012000.0,2023987000.0,-157596000.0,-1658356000.0,208035000.0,2009-12-30,正常票,922883000.0,654871000.0,399634000.0,68705000.0,200663000.0,1105983000.0,1820264000.0,5265167000.0,1335590000.0,2376422000.0,3373419000.0,1087228628.1347075,8208576142.417041
2010-01-04,sh.600875,45.9,45.9,45.0,45.22,45.09,3854127.0,174837649.0,3,0.811017,1,0.2883,95.461489,13.788505,1.433081,17.374337,0,2009-09-30,1094260747.15,1415141989.56,1295741649.72,11062970165.1,26878469882.08,68650052835.81,65142013396.95,4443215709.91,-3005084682.43,-2273579922.02,-837640592.73,2009-12-30,正常票,22850970188.85,21466488318.89,19122130074.17,201480902.57,1071395193.77,11065485469.39,61552726477.51,7097326358.3,60917931232.19,4224082164.76,3508039438.86,475221481.17733663,21489515378.83916
2010-01-04,sh.600876,7.94,8.05,7.75,7.93,7.9,2386519.0,18733681.0,3,3.361294,1,0.3797,144.492714,34.836419,4.126131,-2183.15101,1,2009-09-30,-94492329.86,-95237077.11,-94492329.86,67550004.08,181193924.77,1636281439.69,1510538562.56,43280848.14,-46684.07,-79648508.44,-36419824.22,2009-12-30,正常票,691158654.31,806143492.69,643301069.77,,-90212751.32,144105844.8,608275287.53,1028006152.16,1503596776.2,6941786.36,125742877.13,71000007.7351163,563030061.3394723
2010-01-04,sh.600877,7.78,8.3,7.78,8.1,7.78,25077216.0,203303459.0,3,3.648752,1,4.1131,669.077367,6.033061,1.548276,74.845559,0,2009-09-30,7679131.47,-13054813.82,13673885.9,548343363.13,254703423.9,3414749138.37,2487505156.7,-29968397.03,165496682.36,-88926734.52,49341016.73,2009-12-30,正常票,2704847028.83,2747333794.35,2431556919.24,5994754.43,6705892.33,754203231.69,1994139108.66,1420610029.71,2326125985.57,161379171.13,927243981.67,687282007.6563164,5566984262.016163
2010-01-04,sh.600879,11.6,11.67,11.45,11.53,11.58,15069142.0,174294191.0,3,2.48547,1,-0.4318,43.266358,3.199556,3.997298,-39.803123,0,2009-09-30,120068905.39,145580819.34,149893149.04,866553438.99,2329061720.8,5913759502.44,2937386925.46,-199291608.89,-239302954.39,418543932.62,-20003090.54,2009-12-30,正常票,1525326174.17,1385355056.83,1061453221.09,29824243.65,120619320.58,502723400.49,4045455867.48,1868303634.96,2428291314.61,509095610.85,2976372576.98,606289434.1915212,6990517176.228239
2010-01-04,sh.600880,27.07,28.3,26.91,28.2,26.93,4246368.0,118073876.0,3,1.757643,1,4.7159,45.357635,8.639258,12.125898,105.570601,0,2009-09-30,210802970.83,254820189.26,254996122.58,148985590.2,53015707.76,2011945072.28,732622225.88,178889456.9,-196936220.76,3710544.81,-14336219.05,2009-12-30,正常票,651205718.39,419738166.92,316324429.7,44193151.75,192481525.89,577334182.57,876712211.95,1135232860.33,705048811.57,27573414.31,1279322846.4,241594453.48116767,6812963588.168928
2010-01-04,sh.600881,9.11,9.15,8.87,8.89,9.08,21019691.0,188795844.0,3,1.109375,1,-2.0925,26.159735,2.478194,2.979324,10.817074,0,2009-09-30,695071966.89,730649774.26,782529492.33,384482729.58,1971915242.09,18135275939.19,10378879193.44,613774545.46,-814664634.12,951580259.43,750690170.77,2009-12-30,正常票,5225764939.77,4735752178.82,3832469066.25,87457525.44,574885237.63,2218321581.66,6493939097.14,11641336842.05,8516384311.87,1862494881.57,7756396745.75,1894732709.859155,16844173790.647888
2010-01-04,sh.600882,8.08,8.08,7.9,7.93,7.95,2237974.0,17870180.0,3,1.047121,1,-0.2516,-16.328663,3.883448,2.46586,16.463713,0,2009-09-30,4575482.98,-5448954.66,4479042.73,95036695.15,274368472.75,1714027224.58,1273630496.07,13193389.54,-4331429.95,28225487.15,37088350.87,2009-12-30,正常票,596094382.84,602070024.14,515489029.64,-96440.25,4012623.62,296837026.55,736634093.82,977393130.76,1206732996.07,66897500.0,440396728.51,213726398.3818489,1694850339.1680617
2010-01-04,sh.600883,10.43,10.82,10.4,10.63,10.41,5290479.0,56521385.0,3,2.240893,1,2.1134,253.134692,5.114505,33.327781,-60.046305,0,2009-09-30,20249830.58,20408977.01,20271595.31,23887172.4,21984363.21,504003211.51,12314791.67,-5090408.31,313901.56,-96828585.0,-101605091.75,2009-12-30,正常票,63084322.0,70340701.92,59175813.12,21764.73,20273666.09,21526565.98,72006028.05,431997183.46,12076236.19,238555.48,491688419.84,236087979.21185887,2509615219.02206
2010-01-04,sh.600884,17.0,17.07,16.54,16.66,16.88,11008167.0,184568764.0,3,3.674643,1,-1.3033,64.794817,2.395391,3.114534,-18.765666,0,2009-09-30,90513402.64,84945994.97,105790870.61,322849631.63,594001839.47,5278070870.91,2070981879.89,99712686.49,-353530771.9,340253650.93,85860323.77,2009-12-30,正常票,1450524604.69,1446587413.56,1149955907.86,15277467.97,88459808.79,656397316.67,1870304581.61,3407766289.3,1611123204.9,459858674.99,3207088991.02,299571060.37239534,4990853865.804107
2010-01-04,sh.600885,9.93,10.03,9.82,9.82,9.9,2987392.0,29617867.0,3,1.943098,1,-0.8081,-15.099693,29.160504,2.482641,-27.033253,0,2009-09-30,-31135127.15,-28609832.34,-26848045.26,51887707.21,123730322.24,675197760.54,593369547.23,67781910.1,-26962653.44,-71696824.04,-30877567.38,2009-12-30,正常票,457772324.56,486148550.85,409714651.26,4287081.89,-37689644.66,60141096.16,293129742.27,382068018.27,590251204.85,3118342.38,81828213.31,153743763.82457292,1509763760.757306
2010-01-04,sh.600886,9.89,9.9,9.75,9.76,9.84,5552431.0,54452172.0,3,0.526482,1,-0.813,124.149702,4.895484,3.181753,-59.51867,0,2009-09-30,612880514.11,766899760.69,790187409.09,856671651.63,322521036.56,18218202242.61,12433476749.94,3567904696.04,-8448967751.89,4349093896.77,-531973736.58,2009-12-30,正常票,7986878857.72,7287521132.12,5624993924.75,177306894.98,322389960.56,848274581.06,2985217514.87,15232984727.74,4087881399.1,8345595350.84,5784725492.67,1054628838.2128924,10293177460.95783
2010-01-04,sh.600887,26.6,27.0,26.35,26.61,26.48,5437687.0,144962056.0,3,0.747188,1,0.4909,-20.214167,6.409641,0.973726,7.374553,1,2009-09-30,550949383.86,568632200.51,664492514.24,281292261.13,1180441066.73,13740511578.95,10168159552.54,2615047380.77,-402603993.58,415439727.81,2627076612.01,2009-12-30,正常票,19295312727.77,18738864869.83,12384287489.61,113543130.38,526038742.88,5445282558.63,7626711580.25,6113799998.7,9703735834.05,464423718.49,3572352026.41,727753523.8788632,19365521270.41655
2010-01-04,sh.600888,15.79,16.38,15.61,16.02,15.72,6616285.0,106119970.0,3,1.934254,1,1.9084,70.916624,3.077069,6.825513,-112.679661,0,2009-09-30,124523226.63,128553263.26,147488173.98,,,,,59928501.25,-64047279.59,-74622377.87,-78741156.21,2009-12-30,正常票,699007378.15,580899371.61,500787409.92,22964947.35,124654360.73,,,,,,,342058747.19659364,5479781130.08943
2010-01-04,sh.600889,9.78,9.88,9.68,9.69,9.78,3458614.0,33819539.0,3,1.351596,1,-0.9202,27.71586,3.1293,3.392709,47.751111,0,2009-09-30,89876782.05,-12490776.06,89876782.05,20949863.97,70448270.88,2051498087.38,1259121465.31,76188870.42,-46200046.38,-104828583.72,-74839759.68,2009-12-30,正常票,548666534.29,566163056.41,470905895.94,,89876782.05,175359151.8,616006628.9,1435491458.48,1149121465.31,110000000.0,792376622.07,255891109.4735409,2479584850.798611
2010-01-04,sh.600890,8.04,8.06,7.78,7.81,8.05,4436126.0,35065498.0,3,1.351898,1,-2.9814,-196.647005,16.523558,76.990962,402.707875,1,2009-09-30,-10266353.62,-10018163.86,-9906815.06,1500000.0,226231751.8,388227815.95,113818302.03,19002236.69,11730.78,,19013967.47,2009-12-30,退市票,43598351.78,53617515.69,31128067.55,359538.56,-10264427.95,32723331.45,279505353.11,108722462.84,80775829.93,33042472.1,274409513.92,328140584.57072943,2562777965.497397
2010-01-04,sh.600891,8.86,8.89,8.75,8.75,8.85,3099512.0,27272932.0,3,2.394937,1,-1.1299,393.514993,12.461414,10.286182,-28.810283,1,2009-09-30,13141994.54,10879175.67,11259440.3,18729.46,13381064.12,696911829.62,521176289.62,-77776603.24,-7200.0,,-77783803.24,2009-12-30,退市票,154401247.6,143522071.93,91073081.64,-1882554.24,13467696.79,2827232.78,176775144.7,520136684.92,441630132.28,79546157.34,175735540.0,129419354.24606158,1132419349.6530387
2010-01-04,sh.600892,15.61,15.86,15.3,15.5,15.79,510827.0,7957986.0,3,2.110598,1,-1.8366,762.609751,-26.352821,9.093676,-2045.505484,1,2009-09-30,-9568576.77,-9568784.76,-9568576.77,10568103.49,35546986.81,145476683.76,165243516.36,-18593372.53,-11099.0,6043912.15,-12560559.38,2009-12-30,正常票,75533427.93,85102212.69,72492384.41,,-8563152.85,252307.27,55870382.72,89606301.04,143511348.86,21732167.5,-19766832.6,24202951.011988074,375145740.68581516
2010-01-04,sh.600893,26.2,26.76,25.89,26.35,25.99,3588468.0,94934804.0,3,2.450132,1,1.3851,86.107935,7.429304,2.585319,-405.185391,0,2009-09-30,102973787.32,109477403.28,115489705.34,1210388507.93,2704006399.63,7551964236.74,5899163631.56,50624749.47,-355182431.71,86391657.94,-217187913.65,2009-12-30,正常票,3098336437.06,2987241876.95,2619416669.15,12515918.02,95293217.42,719100299.12,5068176907.6,2483787329.14,4560206763.25,1338956868.31,1652800605.18,146460190.71625528,3859226025.373327
2010-01-04,sh.600894,7.78,7.83,7.66,7.66,7.76,7258058.0,55966403.0,3,0.951989,1,-1.2887,-5.816357,9.925621,1.006543,136.223307,0,2009-09-30,29910833.96,35905196.32,30161081.78,221418930.34,1593243039.14,4628817043.4,4040937675.99,-445447671.02,-129512907.84,673930540.13,98956973.29,2009-12-30,正常票,4466508935.93,4447226186.27,4269702430.61,250247.82,30930329.09,629861441.25,2987618062.35,1641198981.05,3794707751.59,246229924.4,587879367.41,762409859.7777916,5840059525.897884
2010-01-04,sh.600895,12.92,12.93,12.61,12.62,12.87,17239334.0,219335032.0,3,1.113156,1,-1.9425,34.947291,3.542285,10.83252,-37.294364,0,2009-09-30,551902019.77,675803134.86,678303239.95,860570674.64,2938900754.55,11967655929.87,6323587243.33,-359277100.12,-101677876.25,649198220.66,188176075.76,2009-12-30,正常票,1517883096.93,902251776.83,643074324.34,126401220.18,476882675.07,2119667523.9,6005226351.67,5962429578.2,4500249109.71,1823338133.62,5644068686.54,1548689851.1978555,19544465922.116936
2010-01-04,sh.600896,8.99,9.02,8.86,8.87,8.94,6970476.0,62309784.0,3,1.199086,1,-0.783,-30.233296,3.673386,6.36564,710.709339,0,2009-09-30,-5339722.86,10456667.16,11957421.56,56369635.77,61243458.54,2641677896.38,935894919.97,82789603.09,-74921611.94,31335383.12,39970631.49,2009-12-30,退市票,599302641.46,600970757.33,552880631.23,17297144.42,-24619803.57,186636184.98,334760383.05,2306917513.33,338204289.7,597690630.27,1705782976.41,581315768.8439361,5156270869.645713
2010-01-04,sh.600897,18.5,18.95,18.35,18.78,18.25,5149559.0,96606500.0,3,1.729142,1,2.9041,20.195823,4.371526,7.428691,-156.436106,0,2009-09-30,236843055.84,296812430.79,295977487.04,189789078.69,834158.45,1590735106.2,162745932.41,267675347.6,-185865936.46,-116163769.43,-34379047.74,2009-12-30,正常票,563368852.23,297943887.76,234007953.68,59134431.2,215437449.32,98041610.37,309480764.15,1281254342.05,159192612.44,3553319.97,1427989173.79,297810069.9653354,5592873113.948999
2010-01-04,sh.600898,5.71,5.77,5.65,5.65,5.68,3343568.0,19057590.0,3,1.649042,1,-0.5282,-17.809025,6.433693,1.533121,-36.790434,1,2009-09-30,-10166911.65,-10475222.18,-10274629.47,9223243.68,96179193.76,757373114.81,535609401.47,-863624.82,-2965933.01,23277.6,-3806280.23,2009-12-30,退市票,630836341.01,641311563.19,568964762.2,-107717.82,-10166911.65,190345403.16,563146105.14,194227009.67,535609401.47,,221763713.34,202758207.4925927,1145583872.3331487
2010-01-04,sh.600900,13.4,13.42,13.18,13.19,13.36,29704266.0,394184551.0,3,0.605051,1,-1.2725,33.059468,2.392497,16.544034,67.732608,0,2009-09-30,3902999718.55,4585366157.49,5073197610.34,6284034268.61,221943641.81,168501650396.15002,107884076224.97,4864003106.39,-19986108762.59,16414969509.01,1292863852.81,2009-12-30,正常票,7065517453.15,3438865174.9,2480711978.9,1170197891.79,3901139579.48,4015665104.81,11369577377.74,157132073018.40997,34016692218.55,73867384006.42,60617574171.18,4909382184.311735,64754751011.071785
2010-01-04,sh.600960,10.5,10.55,10.31,10.33,10.44,3735322.0,38954585.0,3,4.146482,1,-1.0536,51.42375,2.522404,1.61843,-18.127121,0,2009-09-30,30187243.59,35038858.93,37614666.24,312325412.69,254393065.83,1785315214.97,1114072994.0,45280429.55,-20777142.45,-571333449.14,-546830162.04,2009-12-30,正常票,825745815.87,790816956.94,636032976.74,7427422.65,29297787.16,211233013.28,1097382035.59,687933179.38,875742994.0,238330000.0,671242220.97,90084124.32515082,930569004.278808
2010-01-04,sh.600961,16.16,16.16,15.81,15.83,16.16,8804199.0,140793025.0,3,3.408153,1,-2.0421,-426.115721,3.950678,1.101705,-233.348387,0,2009-09-30,49782769.02,45751550.53,55495266.98,99952064.1,1728077472.36,5505306402.97,3389818430.54,-473989057.22,-105066139.99,285462103.56,-295276075.52,2009-12-30,正常票,6068400921.85,6024990762.1,5588129419.25,5712497.96,50155466.11,313122142.49,2513731003.36,2991575399.61,1626229720.66,1763588709.88,2115487972.43,258327575.0824567,4089325513.5552897
2010-01-04,sh.600962,13.55,13.73,13.3,13.43,13.37,4706894.0,63784937.0,3,2.965907,1,0.4488,121.821965,2.692654,2.895832,-22.117159,0,2009-09-30,-1613269.22,3660395.63,2549714.32,95011382.05,343192590.27,1425568081.0,331129948.42,439876977.5,-91388749.28,-403660599.9,-55278724.25,2009-12-30,正常票,663453373.37,659792977.74,549722125.99,4162983.54,7012212.09,168963212.71,695439170.2,730128910.8,324678325.86,6451622.56,1094438132.58,158699986.20995197,2131340814.799655
2010-01-04,sh.600963,10.05,10.49,9.95,10.33,10.0,36541313.0,374950691.0,3,6.938811,1,3.3,799.935927,2.25306,2.233133,433.810798,0,2009-09-30,67596588.35,52196037.71,82781067.35,585455732.38,2076972792.51,9613590655.15,6623334388.29,45106056.4,-1799856283.81,1767176094.13,12425866.72,2009-12-30,正常票,2340300122.82,2288104085.11,1943799426.39,15184479.0,67596588.35,603136669.71,4237342064.32,5376248590.83,4026510679.4,2596823708.89,2990256266.86,526622111.4827886,5440006411.617207
2010-01-04,sh.600965,7.2,7.27,7.03,7.05,7.02,13239373.0,95022207.0,3,4.738447,1,0.4274,1172.695916,3.872405,3.643584,-80.897978,0,2009-09-30,-1654779.52,1076911.33,1756668.43,63327618.69,153696488.01,635452064.03,126777743.72,29987273.66,-12435923.46,-32034942.65,-14483592.45,2009-12-30,正常票,389038730.94,387961819.61,354456258.06,3411447.95,-1654779.52,24426084.36,257956297.1,377495766.93,86777743.72,40000000.0,508674320.31,279403209.5325747,1969792627.2046516
2010-01-04,sh.600966,10.29,10.45,10.21,10.26,10.22,8729131.0,90147634.0,3,2.226912,1,0.3914,40.127302,1.851086,1.846946,5.265667,0,2009-09-30,150409047.43,187432199.06,186703479.89,255686182.78,463700199.99,6178244685.6,3139651083.63,251069064.52,-878226824.93,1496953191.59,869795431.18,2009-12-30,正常票,2233681574.98,2046249375.92,1864664200.43,36294432.46,133444779.91,1291004281.36,3433162238.42,2745082447.18,1398244290.29,1741406793.34,3038593601.97,391983652.6993433,4021752276.6952624
2010-01-04,sh.600967,12.5,12.72,12.4,12.44,12.42,4842048.0,60775783.0,3,2.942063,1,0.161,44.276928,2.454961,0.966256,9.815209,0,2009-09-30,37878737.53,38133411.74,43844836.71,413224218.46,425021594.01,2329761270.99,1354083288.36,97332976.37,-12838709.5,-100134196.38,-15639929.51,2009-12-30,正常票,1765890559.9,1727757148.16,1622320125.84,5966099.18,34016338.31,530464491.14,1588850573.77,740910697.22,1345663288.36,8420000.0,975677982.63,164580024.2890788,2047375502.1561403
2010-01-04,sh.600969,11.98,11.98,11.68,11.7,11.9,1790194.0,21103111.0,3,1.937439,1,-1.6807,-36.209154,3.842925,1.770726,11.767177,0,2009-09-30,91270710.08,107305375.1,104999088.99,145389874.11,37343917.64,2902288519.65,2100740646.69,245997778.64,-139125851.92,-1658575.29,105213351.43,2009-12-30,正常票,1100372812.0,993081906.97,870439251.94,13728378.91,49351624.4,576668027.76,932090900.07,1970197619.58,828860646.69,1271880000.0,801547872.96,92400018.78768829,1081080219.8159528
2010-01-04,sh.600970,37.23,37.6,36.85,37.38,37.17,2444142.0,90911222.0,3,0.727423,1,0.565,26.604014,8.090149,1.006953,-2.839036,0,2009-09-30,583580079.04,764396634.5,788137656.88,1360101093.45,2719421745.43,17651787409.37,15610381671.04,-65639101.61,-300267306.91,164004205.34,-226360834.29,2009-12-30,正常票,11211107328.45,10391504295.66,9831745016.55,204557577.84,511550803.08,7420648478.05,15902961984.76,1748825424.61,15226508975.68,383872695.36,2041405738.33,336000098.97954834,12559683699.855518
2010-01-04,sh.600971,34.0,34.55,34.0,34.25,33.84,3482207.0,119735158.0,3,2.438997,1,1.2116,32.524867,14.335631,3.095344,-40.230317,0,2009-09-30,412374303.68,559447126.14,560793362.95,196244643.16,469073413.03,10425275897.33,9448759346.06,1357181537.0,-1058855503.74,-453100271.2,-154774237.94,2009-12-30,正常票,3588305480.79,3028858354.65,2535498032.03,148419059.27,409473391.42,407211302.97,2615623960.03,7809651937.3,4169490918.24,5279268427.82,976516551.27,142772090.33057442,4889944093.822174
2010-01-04,sh.600973,19.95,20.25,19.9,20.09,19.9,2912712.0,58529566.0,3,1.867123,1,0.9548,-4370.39973,3.508176,0.819431,-54.235241,0,2009-09-30,75570449.65,86938028.38,90185802.57,1232904503.16,319886475.41,2664382462.49,1771029410.4,137718618.97,-38904136.36,16035118.62,111443666.03,2009-12-30,正常票,2759433159.54,2672495131.16,2430382145.91,14615352.92,75570449.65,436176578.7,2189333154.48,475049308.01,1690385257.9,80644152.5,893353052.09,156000006.42700025,3134040129.118435
2010-01-04,sh.600975,11.7,11.81,11.31,11.33,11.36,16780967.0,194801539.0,3,9.308434,1,-0.2641,113.142752,4.468933,3.342197,-22.283593,0,2009-09-30,13440550.17,6819528.85,14169070.63,12284571.17,161998127.05,710071458.14,238246937.74,-45478967.92,-59556536.45,90815314.99,-14220189.38,2009-12-30,正常票,382727635.3,384403189.66,343068672.07,728520.46,13688146.45,119115626.86,419039872.41,291031585.73,235453069.66,2793868.08,471824520.4,180277015.44642204,2042538585.0079618
2010-01-04,sh.600976,15.08,15.08,14.62,14.82,14.95,3656223.0,54182606.0,3,2.38659,1,-0.8696,60.640815,2.988357,1.702749,67.119622,0,2009-09-30,34533019.01,40977058.52,42034230.27,197248593.52,195242124.81,1291039239.42,483844044.71,41247435.49,80698465.71,-83334169.2,38611732.0,2009-12-30,正常票,1089524281.26,1057978485.77,897863462.74,7501211.26,34098565.35,379851198.02,928432811.63,362606427.79,482405164.71,1438880.0,807195194.71,153198622.30211306,2270403582.5173154
2010-01-04,sh.600978,7.83,8.04,7.76,7.92,7.77,34727825.0,275541907.0,3,4.347687,1,1.9305,34.637719,2.83308,4.37575,25.762003,0,2009-09-30,214244668.23,285378764.86,282343559.07,780284029.72,401367276.67,4200161860.13,1386059137.8,278142383.81,-116424891.26,85317884.38,247140943.43,2009-12-30,退市票,1402312454.7,1116933689.84,994764291.21,68098890.84,214230268.28,1073556170.54,2397000931.52,1803160928.61,1379398743.75,6660394.05,2814102722.33,798765527.5092251,6326222977.873063
2010-01-04,sh.600979,8.07,8.16,7.97,8.0,7.97,4194134.0,33762797.0,3,1.763382,1,0.3764,43.565821,4.543613,3.126283,190.979266,0,2009-09-30,37284239.32,49703017.1,45417504.21,24778917.63,20581587.17,1403242815.22,925203536.52,95945018.6,-41768182.72,-16931668.07,37245167.81,2009-12-30,正常票,423346362.4,375796861.14,247875926.67,8133264.89,33561416.1,102470632.44,207385011.4,1195857803.82,624442580.2,300760956.32,478039278.7,237846025.4216046,1902768203.3728368
2010-01-04,sh.600980,11.28,11.67,11.12,11.44,11.18,4321528.0,49528194.0,3,3.324252,1,2.3256,-56.12009,4.93547,8.009591,-43.254644,0,2009-09-30,-26905329.11,-27677483.71,-26870962.34,60761938.56,107541458.3,447983322.02,131556329.41,-2851282.13,-5421455.02,-7125741.25,-15398458.93,2009-12-30,正常票,140463101.38,168140585.09,139108796.59,34366.77,-27031339.43,35535324.94,237949236.23,210034085.79,126858891.6,4697437.81,316426992.61,130000012.03278212,1487200137.6550274
2010-01-04,sh.600981,7.16,7.53,7.05,7.25,7.14,19821603.0,145665852.0,3,6.401005,1,1.5406,75.156707,4.4874,0.796731,93.695821,0,2009-09-30,42771716.6,56209754.54,60971235.4,342321918.01,588732596.5,2237956635.83,1330051714.0,268604450.82,24639263.72,-239595678.2,58922936.03,2009-12-30,正常票,3393297268.58,3359876580.18,3193793944.27,18199518.8,35326598.29,580556518.63,1685690199.95,552266435.88,1314872411.29,15179302.71,907904921.83,309663919.9625684,2245063419.728621
2010-01-04,sh.600982,9.3,9.39,9.27,9.29,9.29,2886838.0,26932047.0,3,1.718356,1,0.0,29.553168,3.772566,1.706781,34.655435,0,2009-09-30,39549716.49,48202656.87,52981095.2,65629166.27,30445270.24,736458558.81,315136605.76,81710092.53,-14938899.45,-32709064.24,34062128.84,2009-12-30,正常票,679796733.82,632278110.77,598282768.04,13431378.71,38557920.58,263193688.5,406071232.47,330387326.34,308410860.44,6725745.32,421321953.05,167999995.3443873,1560719956.7493577
2010-01-04,sh.600983,25.18,25.38,24.6,24.62,25.21,1596218.0,39756797.0,3,1.298395,1,-2.3403,43.384768,11.020749,4.930631,74.654913,0,2009-09-30,154987500.53,166308831.33,176112949.81,176108254.46,338792178.27,1746833124.36,1002921805.95,164948870.11,-74206935.44,29784489.35,120632722.94,2009-12-30,正常票,1301716069.09,1135422617.02,765811102.71,21125449.28,154987500.53,314028030.96,1447196253.91,299636870.45,1002921805.95,,743911318.41,122937780.87561952,3026728165.1577525
2010-01-04,sh.600984,9.78,9.81,9.51,9.58,9.77,873705.0,8419800.0,3,0.617215,1,-1.9447,-64.056105,4.817588,2.542015,17.266594,1,2009-09-30,-5638764.44,-9249183.99,-9195793.45,279635531.92,123590031.5,798991964.05,517501193.71,-11777209.46,-1663545.59,90874344.38,77433589.33,2009-12-30,正常票,410633274.05,419882458.04,352063458.86,-3557029.01,-5638764.44,95528643.8,560743683.19,238248280.86,517501193.71,,281490770.34,141556021.80763593,1356106688.9171522
2010-01-04,sh.600985,20.5,20.5,19.96,20.06,20.35,2493416.0,50155354.0,3,4.18089,1,-1.4251,33.757861,5.21018,4.496873,50.447487,0,2009-09-30,47970739.49,54417092.2,55160120.84,97637650.98,36157556.19,528734013.77,108182559.51,33577763.36,9412568.27,-12662715.98,30327615.65,2009-12-30,正常票,300362655.95,248563559.31,184586163.98,7189381.35,42151483.97,170482585.19,393776549.8,134957463.97,107713248.27,469311.24,420551454.26,59638402.34973893,1196346351.135763
2010-01-04,sh.600986,7.88,7.98,7.81,7.87,7.86,6794671.0,53511196.0,3,2.026628,1,0.1272,-225.000455,4.486484,4.819849,14.600363,0,2009-09-30,1978175.4,8257916.52,8538500.66,344276804.34,60166214.52,1322232504.71,685850926.4,341106205.68,-2942479.52,-276922008.85,61241717.31,2009-12-30,正常票,477990114.76,472942043.3,391337164.83,6560325.26,10738714.96,455566399.54,991452939.89,330779564.82,667381702.67,18469223.73,636381578.31,335269768.30479,2638573076.5586977
2010-01-04,sh.600987,8.99,9.09,8.86,8.91,8.99,5517920.0,49360653.0,3,2.183637,1,-0.8899,24.301068,3.132511,2.12572,49.671592,0,2009-09-30,132943557.63,166607354.91,169481552.81,121389592.64,86750862.53,1741398882.53,339699688.29,182474836.67,-193298368.26,-30172563.12,-41017047.54,2009-12-30,正常票,1426554145.27,1259946790.36,1178493141.77,36537995.18,116226145.81,217574472.54,619253481.9,1122145400.63,278788540.39,60911147.9,1401699194.24,252694014.61873013,2251503670.2528853
2010-01-04,sh.600988,12.58,12.84,12.48,12.62,12.88,770058.0,9710748.0,3,2.261019,1,-2.0186,-78.450002,-53.822869,194.243853,-9719.910375,1,2009-09-30,-1856000.44,-1772834.56,-1801000.44,16732865.69,5556804.36,111799440.86,133920844.13,-8933835.64,-6837.61,8000000.0,-940673.25,2009-12-30,正常票,6213759.04,7986593.6,4564723.17,55000.0,-1853320.5,501963.08,66716920.17,45082520.69,133920844.13,,-22121403.27,34058006.58906449,429812043.1539938
2010-01-04,sh.600990,52.09,52.8,51.1,51.16,52.09,529456.0,27391438.0,3,0.900435,1,-1.7854,142.391338,8.699287,8.687839,-530.808364,0,2009-09-30,18710926.0,14551425.17,22548857.62,138693839.37,183494437.41,596548210.61,244726440.52,-72721014.94,-16307743.12,29745987.37,-59269618.16,2009-12-30,正常票,347083110.34,334004225.11,267399271.45,3837931.62,17344831.88,45003699.65,420838150.74,175710059.87,238625710.0,6100730.52,351821770.09,58800024.43263534,3008209249.9736238
2010-01-04,sh.600991,11.45,11.45,11.23,11.26,11.34,4585444.0,52007405.0,3,0.880341,1,-0.7055,73.050765,2.507855,1.2019,69.960017,0,2009-09-30,85560234.93,88666036.99,90623882.29,194227517.06,880105546.8,6716117011.63,4316559305.57,129630971.21,-213916347.13,21926544.94,-62358830.98,2009-12-30,退市票,3571154564.53,3483631632.98,2648517773.81,5063647.36,87595670.73,734114197.75,2524270997.42,4191846014.21,3491879474.75,824679830.82,2399557706.06,520871344.172315,5865011335.380267
2010-01-04,sh.600992,10.63,10.8,10.51,10.65,10.64,4482905.0,47629959.0,3,2.727326,1,0.094,67.876638,2.141053,1.418899,-55.876579,0,2009-09-30,23864606.6,26277371.11,27049207.65,139045307.4,304805705.19,1288554306.15,470946892.98,51252544.01,-26384687.94,-5973186.67,18894669.4,2009-12-30,正常票,889618672.42,863421301.31,770613542.97,3184601.05,23864606.6,572471322.24,1074850237.14,213704069.01,470946892.98,,817607413.17,164369972.63986775,1750540208.6145916
2010-01-04,sh.600993,38.8,39.95,38.8,38.85,38.34,1700140.0,67185805.0,3,1.028166,1,1.3302,38.320466,6.948112,6.084824,17.542331,0,2009-09-30,160836340.31,186726143.66,188228814.36,121182252.04,153785361.72,1486363327.77,463315924.26,184647695.25,138584675.98,78137516.31,401366311.17,2009-12-30,正常票,767542897.17,660225533.97,481123479.32,27392474.05,155668554.66,749384339.86,1151705747.33,334657580.44,460192848.23,3123076.03,1023047403.51,165356566.9356894,6424102625.451533
2010-01-04,sh.600995,8.58,8.61,8.41,8.43,8.5,6287977.0,53248648.0,3,1.865851,1,-0.8235,29.055595,4.461879,3.608675,-43.60217,0,2009-09-30,94185879.12,107150649.59,110597023.85,61183066.54,6348429.13,1762075177.03,857976765.39,99458854.13,-319838913.42,158832871.87,-61547187.42,2009-12-30,正常票,802214089.92,696252832.62,556390198.32,16411144.73,94185879.12,104610771.29,224895939.36,1537179237.67,471596765.39,386380000.0,904098411.64,337003169.06333894,2840936715.203947
2010-01-04,sh.600997,25.41,25.56,24.95,24.96,25.21,7791185.0,196041476.0,3,1.179698,1,-0.9917,71.431771,6.430307,3.447235,39.218969,0,2009-09-30,641346579.38,886299680.83,877382409.42,348512806.28,652692454.24,13105283970.89,7544768473.2,604684909.86,-1471362845.97,710327895.17,-155172425.83,2009-12-30,正常票,7083870775.71,6198114092.1,5519958510.96,236035830.04,619398115.25,2515046068.67,5360292853.23,7744991117.66,4989068473.2,2555700000.0,5560515497.69,660438942.8480849,16484556013.488201
2010-01-04,sh.600999,29.42,29.6,29.16,29.21,29.39,8563888.0,251338524.0,3,2.985629,1,-0.6125,48.232708,11.26014,19.46655,-2.70801,0,2009-09-30,2622490385.17,3276460392.99,3271850199.16,,,,,25439064253.82,2555947231.61,838480495.88,28831951436.29,2009-12-30,正常票,,,,,,,,,,,,286836978.0706176,8378508129.44274
2010-01-04,sh.601001,45.6,45.8,44.75,44.78,44.99,3948587.0,178190883.0,3,0.471839,1,-0.4668,20.582846,4.857666,4.435112,-21.764093,0,2009-09-30,1407427943.01,1898806151.62,1879968752.19,283200133.03,376140482.08,13918228420.32,3662589206.55,2187244311.23,-1268765593.29,-491550810.67,426927907.27,2009-12-30,正常票,6865452487.91,4966646336.29,3470086565.59,472540809.18,1061228153.69,3849302420.44,6044370730.81,7873857689.51,2685032863.55,977556343.0,10255639213.77,836850493.494603,37474165098.688324
2010-01-04,sh.601002,7.92,8.25,7.82,7.95,7.93,20599654.0,166003327.0,3,6.836925,1,0.2522,-264.146357,3.650747,3.441346,83.430963,0,2009-09-30,-34552326.05,-33623105.85,-31617012.03,329408861.64,948136789.93,3198233294.93,1387464071.86,193688317.85,-250671225.26,82520405.67,23721579.62,2009-12-30,正常票,1246794703.38,1282715240.53,1032205196.83,2935314.02,-12257765.76,238502732.52,1766221375.14,1432011919.79,1093393284.27,294070787.59,1810769223.07,301299985.00788003,2395334880.8126464
2010-01-04,sh.601003,8.44,8.48,8.32,8.38,8.39,6134888.0,51602990.0,3,1.496168,1,-0.1192,-182.303961,4.437208,0.848886,92.503403,0,2009-09-30,87382063.31,101821927.49,102802427.43,176771892.71,4151201819.89,14812323095.5,9972295495.38,761533272.23,-919677735.73,368413790.4,210109405.54,2009-12-30,正常票,19064580008.87,18962758081.38,17866525663.86,15420364.12,87382063.31,662463275.68,6317452841.87,8494870253.63,7883014662.05,2089280833.33,4840027600.12,410040048.978457,3436135610.43947
2010-01-04,sh.601005,5.89,5.89,5.75,5.75,5.84,8161639.0,47229275.0,3,2.331897,1,-1.5411,-61.370604,1.809613,0.902377,6.352867,0,2009-09-30,35332000.0,94902000.0,101872000.0,390980000.0,2995642000.0,15508420000.0,10001453000.0,-376854000.0,-782698000.0,2535313000.0,1375761000.0,2009-12-30,正常票,7964508000.0,7870910000.0,7104914000.0,66540000.0,35332000.0,2624063000.0,7552707000.0,7955713000.0,5672664000.0,4328789000.0,5506967000.0,349999978.5582296,2012499876.7098203
2010-01-04,sh.601006,10.38,10.42,10.17,10.21,10.3,36138673.0,371551180.0,3,0.278488,1,-0.8738,23.211441,3.229652,6.267437,306.248302,0,2009-09-30,4984339863.0,6664689019.0,6656331930.0,2138005617.0,806989018.0,66703219503.0,25679393357.0,5799376796.0,-3600388326.0,-362768791.0,1836219679.0,2009-12-30,正常票,23680964813.0,17017814794.0,14172689249.0,1671992067.0,4983555863.0,6489196318.0,10748689250.0,55954530253.0,25678886483.0,506874.0,41023826146.0,12976743342.621586,132492549528.1664
2010-01-04,sh.601007,8.5,8.58,8.43,8.47,8.47,2235539.0,18992248.0,3,1.510499,1,0.0,41.608611,2.653935,5.947522,-48.239126,0,2009-09-30,45491305.78,59443546.13,60190012.98,31204871.92,57367847.23,1421393670.84,180866278.17,16984003.55,-140357864.61,77601860.09,-45772000.97,2009-12-30,正常票,326148058.54,270237180.14,170379400.69,14698707.2,43796424.76,449767861.61,679835468.16,741558202.68,180866278.17,,1240527392.67,148000031.77757815,1253560269.156087
2010-01-04,sh.601008,7.73,7.86,7.69,7.79,7.7,5039830.0,39274789.0,3,1.8312,1,1.1688,62.94814,2.493661,4.424644,-33.025104,0,2009-09-30,58077321.28,75911879.01,74119837.65,169127594.83,17854213.82,2475172054.49,795752186.32,26555167.72,-90358767.24,-40559891.5,-104363491.02,2009-12-30,正常票,720482790.38,655122028.67,496035363.33,16042516.37,58077321.28,174719098.64,504292044.95,1970880009.54,795752186.32,,1679419868.17,275220074.26823944,2143964378.5495853
2010-01-04,sh.601009,19.52,19.58,18.81,18.87,19.35,15999071.0,305224704.0,3,1.377798,1,-2.4806,23.623341,2.956352,9.768266,14.619917,0,2009-09-30,1224384923.38,1449572007.97,1448895794.25,,,146566434578.92,134714109688.87,8631789740.98,-6636322050.31,-478831085.8,1516636604.87,2009-12-30,正常票,,,,,,,,,,,,1161205851.6560483,21911954420.749634
2010-01-04,sh.601088,35.03,35.15,34.2,34.27,34.82,18665512.0,647678406.0,3,1.036973,1,-1.5796,23.207943,4.150307,5.787453,-32.132055,0,2009-09-30,27966000000.0,34778000000.0,34635000000.0,7514000000.0,9342000000.0,300809000000.0,110715000000.0,40995000000.0,-45571000000.0,-15034000000.0,-19610000000.0,2009-12-30,正常票,88153000000.0,53716000000.0,42439000000.0,6669000000.0,24720000000.0,69343000000.0,90476000000.0,210333000000.0,52197000000.0,58518000000.0,190094000000.0,1799999807.1309476,61685993390.37758
2010-01-04,sh.601099,18.3,18.34,17.74,17.79,18.19,11589603.0,208108910.0,3,4.469629,1,-2.199,140.190032,15.917285,53.341712,10.769952,0,2009-09-30,300341191.65,300434223.94,300341191.65,,,5318200005.26,3638017452.94,2277786854.52,-5147746.12,,2272619511.16,2009-12-30,正常票,,,,,,3953429894.41,,,,,,259296755.94999048,4612889288.35033
2010-01-04,sh.601107,8.36,8.41,8.14,8.15,8.36,21445487.0,176501046.0,3,4.289097,1,-2.512,35.197823,3.500044,13.669265,-55.571497,0,2009-09-30,662969727.1,778450159.04,778949443.75,2448164.29,64626279.13,9371982754.15,2140796670.02,962323139.45,-1014929614.4,-368585100.26,-421191575.21,2009-12-30,正常票,1511733926.69,741889008.85,528379367.91,115979716.65,652015340.47,1086423247.27,1385606886.34,7986375867.81,1633611218.02,507185452.0,7231186084.13,500000046.6298617,4075000380.0333734
2010-01-04,sh.601111,9.74,9.77,9.48,9.49,9.71,40522347.0,388099688.0,3,0.516493,1,-2.2657,-25.653923,4.925454,2.330442,183.481774,0,2009-09-30,3729832000.0,3053565000.0,4045376000.0,2450979000.0,839729000.0,101959366000.0,77905457000.0,4753513000.0,-2227785000.0,-850116000.0,1660796000.0,2009-12-30,正常票,36459360000.0,35940774000.0,30258540000.0,315544000.0,3810947000.0,4575296000.0,9285949000.0,92673417000.0,38803845000.0,39101612000.0,24053909000.0,7845672061.383214,74455427862.5267
2010-01-04,sh.601139,16.7,18.21,16.6,17.73,16.78,39640863.0,690438606.0,3,38.116214,1,5.6615,114.981699,14.855002,4.830511,62.202577,0,2009-09-30,231823480.76,256213302.33,258845769.53,,,,,249974494.84,114685626.3,-306373128.81,58286992.33,2009-12-30,正常票,2652613128.26,2462646111.21,1914839964.09,27022288.77,216747399.39,,,,,,,104000001.15436439,1843920020.4668808
2010-01-04,sh.601166,40.65,40.65,38.9,38.94,40.31,19908894.0,785835029.0,3,0.500223,1,-3.3987,16.88578,3.486262,6.621774,-5.695731,0,2009-09-30,9571886137.72,12275713795.24,12254168788.45,,,1266311615091.4402,1210463826491.26,-15698254322.72,-59569247615.17,3387707699.49,-71784359957.11,2009-12-30,正常票,,,,,,,,,,,,3980003718.34162,154981344792.2227
2010-01-04,sh.601168,14.8,14.82,14.54,14.56,14.7,19927103.0,292437604.0,3,1.164851,1,-0.9524,-139.034673,3.47774,3.550734,-20.537954,0,2009-09-30,212252413.0,270267879.0,261596580.0,773873997.0,1419618333.0,18656295951.0,7627954575.0,-202510266.0,-1478797225.0,415549825.0,-1265757666.0,2009-12-30,正常票,7523094640.0,7200257979.0,6818394634.0,49344167.0,183335296.0,3752011144.0,7270769845.0,11385526106.0,5242945832.0,2385008743.0,11028341376.0,1710699737.5630014,24907788178.9173
2010-01-04,sh.601169,19.39,19.46,18.72,18.77,19.34,36677071.0,696022020.0,3,0.927297,1,-2.9473,21.561158,3.208939,9.790932,-21.272661,0,2009-09-30,4391831000.0,5602778000.0,5597140000.0,,,501679776000.0,465234887000.0,7638583000.0,-23511027000.0,-1403457000.0,-17223864000.0,2009-12-30,正常票,,,,,,,,,,,,3955266867.033971,74240359094.22763
2010-01-04,sh.601186,9.18,9.21,9.04,9.06,9.14,37165204.0,338215587.0,3,1.516947,1,-0.8753,22.653813,2.220387,0.354079,22.226237,0,2009-09-30,3736648000.0,4707201000.0,4819359000.0,37034948000.0,33456632000.0,264706317000.0,213766119000.0,7456147000.0,-7822761000.0,3560811000.0,3207607000.0,2009-12-30,正常票,224875892000.0,220168691000.0,204149521000.0,1082711000.0,3675760000.0,63089583000.0,223843644000.0,40862673000.0,190348363000.0,23417756000.0,50940198000.0,2450000164.8047028,22197001493.130608
2010-01-04,sh.601299,6.0,6.12,5.96,6.01,6.13,267834220.0,1614439780.0,3,16.482106,1,-1.9576,44.115319,7.43382,1.437106,-44.930127,0,2009-09-30,871350000.0,944314000.0,1058198000.0,,,,,2612423000.0,-2793503000.0,-543403000.0,-725779000.0,2009-12-30,退市票,24733108000.0,23982582000.0,21294636000.0,186848000.0,800073000.0,,,,,,,1624999984.8320353,9766249908.840532
2010-01-04,sh.601318,55.49,55.59,53.83,53.89,55.09,29364012.0,1603219301.0,3,0.747825,1,-2.1783,47.741518,4.372693,2.015566,10.777491,0,2009-09-30,12175000000.0,17030000000.0,17199000000.0,2620000000.0,,873205000000.0,775669000000.0,62008000000.0,-27944000000.0,-3493000000.0,,2009-12-30,正常票,,,,,,107677000000.0,,,,,,3926588707.251028,211603865433.7579
2010-01-04,sh.601328,9.4,9.44,9.14,9.16,9.35,114165487.0,1058538519.0,3,0.71555,1,-2.0321,15.689713,2.860658,5.851983,19.050367,0,2009-09-30,23076000000.0,29435000000.0,29261000000.0,,,3300898000000.0,3143481000000.0,85734000000.0,-173178000000.0,6000000000.0,-81474000000.0,2009-12-30,正常票,,,,,,,,,,,,15954927957.515198,146147140090.8392
2010-01-04,sh.601333,4.8,4.84,4.72,4.72,4.77,40970086.0,195724591.0,3,0.761889,1,-1.0482,28.890828,1.464538,2.782844,24.123273,0,2009-09-30,1006864876.0,1261221449.0,1259187107.0,514489642.0,224350071.0,29525987614.0,6641832764.0,2091675097.0,-994785700.0,-491294199.0,605580115.0,2009-12-30,正常票,9017572709.0,7760322011.0,6770723225.0,252322231.0,1007845918.0,2179832072.0,2999865274.0,26526122340.0,3163890029.0,3477942735.0,22884154850.0,5377435033.187248,25381493356.64381
2010-01-04,sh.601390,6.32,6.33,6.21,6.23,6.3,57367330.0,358939021.0,3,1.227109,1,-1.1111,28.335905,2.150518,0.412129,-50.378403,0,2009-09-30,5199500000.0,6139394000.0,6381007000.0,52647541000.0,85929186000.0,297186098000.0,230378984000.0,1028227000.0,-12143599000.0,8688076000.0,-1463625000.0,2009-12-30,正常票,241378768000.0,235461196000.0,219014338000.0,1181507000.0,4923383000.0,48190978000.0,226781194000.0,70404904000.0,194824942000.0,35554042000.0,66807114000.0,4674998716.495438,29125242003.76658
2010-01-04,sh.601398,5.43,5.5,5.35,5.35,5.44,166346189.0,904593979.0,3,0.066283,1,-1.6544,15.151265,2.765356,5.865269,7.776568,0,2009-09-30,100433000000.0,128087000000.0,128873000000.0,,,11670134000000.0,11019227000000.0,342196000000.0,-346505000000.0,-16319000000.0,-20922000000.0,2009-12-30,正常票,,,,,,,,,,,,250963578896.54965,1342655147096.5405
2010-01-04,sh.601588,5.94,5.97,5.82,5.83,5.93,13902117.0,81562847.0,3,0.522636,1,-1.6863,22.458387,2.151734,3.152824,46.702251,0,2009-09-30,739845125.0,992518137.0,988952518.0,62115552.0,13325569723.0,25811856861.0,16454827165.0,446938008.0,-573590019.0,319518935.0,192866924.0,2009-12-30,正常票,4235087886.0,3239024007.0,2283404384.0,249107393.0,640063916.0,5252915627.0,18994299654.0,6817557207.0,7620993279.0,8833833886.0,9357029696.0,2659999885.1973457,15507799330.700525
2010-01-04,sh.601600,14.5,14.59,14.35,14.47,14.47,24190957.0,349927673.0,3,0.615342,1,0.0,-32.303338,3.789814,3.106424,-75.874455,0,2009-09-30,-3621617000.0,-4455336000.0,-4335019000.0,2496238000.0,19751529000.0,133156742000.0,76489592000.0,-120702000.0,-7596466000.0,-687011000.0,-8383570000.0,2009-12-30,正常票,45060869000.0,49916160000.0,45605866000.0,-713402000.0,-3500492000.0,8515459000.0,37156528000.0,96000214000.0,37393265000.0,39096327000.0,56667150000.0,3931302755.215799,56885950867.97261
2010-01-04,sh.601601,25.77,26.05,25.14,25.22,25.62,28289704.0,727946736.0,3,1.097695,1,-1.5613,140.381404,4.27438,2.207902,-34.607127,0,2009-09-30,4977000000.0,6512000000.0,6488000000.0,,,365633000000.0,315092000000.0,27551000000.0,-38344000000.0,5217000000.0,,2009-12-30,正常票,,,,,,11996000000.0,,,,,,2577191660.707209,64996773683.03581
2010-01-04,sh.601607,14.15,14.2,13.92,13.95,14.0,5346082.0,74838323.0,3,1.335878,1,-0.3571,59.760967,4.4433,0.41584,20.046535,0,2009-09-30,1319224561.62,1638515421.41,1688399971.93,3815445885.3,1709149366.56,9162359876.03,6910427554.13,1275492496.96,357677839.89,12097204.43,1646231523.59,2009-12-30,正常票,23402199793.54,22521958998.8,18957993021.0,369175410.31,1025668952.12,1319619026.58,7045290751.86,2117069124.17,6844323292.18,66104261.95,2251932321.9,400192382.83735496,5582683740.581101
2010-01-04,sh.601618,5.42,5.43,5.33,5.34,5.42,117113099.0,628756245.0,3,3.346089,1,-1.476,32.728807,2.727585,0.664494,45.170875,0,2009-09-30,4215088000.0,4657855000.0,5306852000.0,27678430000.0,52736596000.0,232596675000.0,187773885000.0,417342000.0,-15929360000.0,51435681000.0,35885856000.0,2009-12-30,正常票,120290507000.0,115794956000.0,105731239000.0,1091764000.0,3546650000.0,63496264000.0,179866549000.0,52730126000.0,139249747000.0,48524138000.0,44822790000.0,3499999521.829814,18689997446.571205
2010-01-04,sh.601628,31.71,31.88,31.0,31.04,31.69,16668838.0,522008446.0,3,1.111256,1,-2.0511,52.126222,5.922866,2.55515,31.587271,0,2009-09-30,23602000000.0,29986000000.0,29873000000.0,,,1128245000000.0,978450000000.0,111549000000.0,-70229000000.0,-17088000000.0,,2009-12-30,正常票,,,,,,58291000000.0,,,,,,1499999820.023469,46559994413.52847
2010-01-04,sh.601666,32.44,32.45,31.4,31.42,32.0,7534856.0,239816130.0,3,0.539306,1,-1.8125,30.050654,5.651697,2.698236,-15.891896,0,2009-09-30,1140603132.23,1527089512.96,1529706014.44,185027007.28,397204635.19,14757116871.8,6629017281.22,2157868144.96,-2293072473.4,-1055751128.42,-1190955456.86,2009-12-30,正常票,13787877851.69,12263132116.03,11125215413.59,389102882.21,1141352046.32,3296013357.92,6400870750.69,8356246121.11,4989557281.22,1639460000.0,8128099590.58,1397139286.4162462,43898116379.198456
2010-01-04,sh.601668,4.72,4.72,4.67,4.67,4.72,189604035.0,890046003.0,3,1.580692,1,-1.0593,35.602816,2.064593,0.591009,2.260308,0,2009-09-30,5619985000.0,7651200000.0,7721674000.0,38506482000.0,58324228000.0,280474793000.0,194456026000.0,12730253000.0,-2172567000.0,40604044000.0,50640233000.0,2009-12-30,正常票,176217396000.0,168678426000.0,155812912000.0,2101689000.0,3591016000.0,84698839000.0,248604006000.0,31870787000.0,153936032000.0,40519994000.0,86018767000.0,11995001872.597572,56016658745.03066
2010-01-04,sh.601699,51.78,51.78,51.78,51.78,51.78,0.0,0.0,3,,0,0.0,21.028762,6.622732,3.499426,412.886762,0,2009-09-30,1863092854.21,2514958002.4,2504885881.55,665071294.68,391299577.96,19201879814.9,9600946862.36,2513404871.28,-1331452512.84,-745292488.99,436659869.45,2009-12-30,正常票,13327295234.09,10834130127.16,9033459439.27,641793027.34,1754961540.07,3426573581.93,10524361016.72,8677518798.18,8468297047.37,1132649814.99,9600932952.54,,
2010-01-04,sh.601727,9.71,9.74,9.57,9.58,9.62,9842029.0,94743863.0,3,0.463005,1,-0.4158,47.904544,5.355174,2.081183,89.943707,0,2009-09-30,2939116000.0,3186258000.0,3297998000.0,14486176000.0,20880478000.0,90411041000.0,61300917000.0,3708027000.0,-1240940000.0,-2309523000.0,148444000.0,2009-12-30,正常票,43144232000.0,40612071000.0,36407843000.0,358882000.0,2119371000.0,16791449000.0,70554293000.0,19856748000.0,58138219000.0,3162698000.0,29110124000.0,2125685251.7791383,20364064712.044144
2010-01-04,sh.601766,5.66,5.68,5.56,5.56,5.69,68146502.0,382164074.0,3,2.27155,1,-2.2847,48.285154,3.934054,1.619345,-19.441481,0,2009-09-30,1368188000.0,1421833000.0,1623047000.0,9100989000.0,12442675000.0,54704087000.0,35064605000.0,-1486578000.0,-2588341000.0,668958000.0,-3392506000.0,2009-12-30,正常票,29363139000.0,28045791000.0,24454692000.0,254859000.0,1039846000.0,9822675000.0,38236049000.0,16468038000.0,31952760000.0,3111845000.0,19639482000.0,3000000088.0456076,16680000489.533577
2010-01-04,sh.601788,25.61,25.65,24.73,24.76,25.52,40528991.0,1018839012.0,3,7.794037,1,-2.9781,43.623995,3.941363,17.360476,4.167793,0,2009-09-30,1914864602.08,2542911702.81,2549764503.0,,,59529783431.14,37905347934.5,10181990146.84,-13746721.02,10647643339.32,20815418263.48,2009-12-30,正常票,,,,,,48675072928.45,,,,,,519999982.0375499,12875199555.249737
2010-01-04,sh.601808,16.31,16.39,15.89,15.91,16.26,9072828.0,145931590.0,3,1.814638,1,-2.1525,22.642316,3.254505,4.026885,-176.213343,0,2009-09-30,2805539968.0,3670106224.0,3324829398.0,5292192469.0,908972348.0,60515254082.0,38539392749.0,2949976924.0,-5024014209.0,1013300853.0,-1034788718.0,2009-12-30,正常票,13525105196.0,9886997137.0,7697499023.0,519289430.0,2805539968.0,3260699334.0,10829963806.0,49685290276.0,4790253944.0,33749138805.0,21975861333.0,499980051.1176334,7954682613.281548
2010-01-04,sh.601857,13.85,13.89,13.61,13.63,13.82,33717736.0,462902705.0,3,0.842943,1,-1.3748,24.821157,3.03062,2.777061,32.654082,0,2009-09-30,84147000000.0,107804000000.0,107130000000.0,23424000000.0,101921000000.0,1424869000000.0,543273000000.0,194957000000.0,-167655000000.0,91148000000.0,118594000000.0,2009-12-30,正常票,683019000000.0,576887000000.0,409681000000.0,22983000000.0,81149000000.0,161153000000.0,370697000000.0,1054172000000.0,412976000000.0,130297000000.0,881596000000.0,4000001898.111735,54520025871.26295
2010-01-04,sh.601866,4.65,4.66,4.57,4.57,4.63,21813004.0,100332001.0,3,0.933526,1,-1.2959,-9.309144,2.026865,2.490857,-6.765683,0,2009-09-30,-5343948450.56,-5349272860.52,-5325180135.84,2246140863.6,957008934.74,45041845969.97,17969503135.89,-3250642826.04,-1010523162.27,-792322299.75,-5048127302.45,2009-12-30,正常票,14107546891.67,19503129304.14,18906668083.1,18768314.72,-5353742872.86,6683850268.43,10337599114.52,34704246855.45,7585223703.15,10384279432.74,27072342834.08,2336625225.221365,10678377279.261639
2010-01-04,sh.601872,5.69,5.69,5.57,5.59,5.66,9578822.0,53837721.0,3,0.27899,1,-1.2367,89.762729,2.034083,9.654511,-10.343461,0,2009-09-30,358484420.0,340396402.0,377539479.0,62702808.0,66580147.0,14311067163.0,4715361714.0,618243922.0,-1913537455.0,-353871475.0,-1649399197.0,2009-12-30,正常票,1347732319.0,1031867268.0,975436105.0,19055059.0,349433855.0,3276644263.0,3578799275.0,10732267888.0,947518479.0,3767843235.0,9595705449.0,3433392594.716656,19192664604.466106
2010-01-04,sh.601888,21.38,21.59,20.7,20.74,20.94,17765900.0,377557247.0,3,10.094261,1,-0.9551,73.673226,5.002081,3.184389,8.202605,0,2009-09-30,341189659.88,435838705.2,439290891.09,602281056.54,433402091.77,5609246326.07,1654840675.25,56482648.66,-15768736.22,2297517312.12,2338780457.9,2009-12-30,正常票,4278504852.59,3895677550.87,3265155462.5,98101231.21,245577426.43,3458997926.68,4831542999.94,777703326.13,1650928703.44,3911971.81,3954405650.82,176000006.3402363,3650240131.4965005
2010-01-04,sh.601898,13.69,13.76,13.45,13.46,13.58,20309530.0,276085986.0,3,1.331481,1,-0.8837,29.667899,2.645493,3.65466,62.243729,0,2009-09-30,5257066000.0,6886409000.0,6963789000.0,4668083000.0,4711133000.0,100391615000.0,27532345000.0,4445120000.0,762891000.0,-1006075000.0,4200510000.0,2009-12-30,正常票,38246357000.0,31576747000.0,23961041000.0,1706723000.0,4934036000.0,38477609000.0,53612066000.0,46779549000.0,13420108000.0,14112237000.0,72859270000.0,1525333820.009448,20530993217.32717
2010-01-04,sh.601899,9.69,9.74,9.6,9.62,9.64,81810249.0,790334293.0,3,1.293449,1,-0.2075,41.360697,7.896018,7.494169,-56.535516,0,2009-09-30,3245132285.0,3908631587.0,3963807912.0,412313942.0,1855026404.0,28802999553.0,7656195455.0,3167757887.0,-1890091111.0,-884314405.0,391125283.0,2009-12-30,正常票,14758399604.0,10812308762.0,9784015498.0,718675627.0,2890649215.0,4661618664.0,8265270105.0,20537729448.0,6678909179.0,977286276.0,21146804098.0,6324969055.602502,60846202314.896065
2010-01-04,sh.601918,18.02,18.1,17.79,17.84,17.95,8707413.0,156063893.0,3,0.831037,1,-0.6128,35.537361,5.556974,6.24526,-40.059468,0,2009-09-30,585176161.26,776488098.16,775300215.39,295334824.79,427586821.15,15963616954.55,9976180601.5,870234866.95,-1661099215.96,413666722.83,-377197626.18,2009-12-30,正常票,3734777325.48,2978368108.58,2431779396.8,190124054.13,580508090.48,1182443049.3,2536198345.29,13427418609.26,4939148191.41,5037032410.09,5987436353.05,1047776813.7880743,18692338357.979244
2010-01-04,sh.601919,13.99,13.99,13.69,13.71,13.9,30689362.0,424452063.0,3,1.41892,1,-1.3669,-9.870128,3.127139,2.409361,20.385432,0,2009-09-30,-4705747641.47,-3772085152.22,-4503486560.68,5688163047.71,1798397692.07,135403118982.7,80244147480.83,-6564471725.57,-8270615750.46,26058151879.21,11241761380.65,2009-12-30,正常票,39283489120.97,44474006519.18,40315320424.33,202261080.79,-5358420355.31,43417409245.23,56923854424.35,78479264558.35,27643466316.32,52600681164.51,55158971501.87,2162867674.005582,29652915810.616528
2010-01-04,sh.601939,6.21,6.27,6.12,6.12,6.19,113984517.0,705783462.0,3,1.266495,1,-1.1309,15.136713,2.680282,5.374565,-63.131332,0,2009-09-30,86162000000.0,111016000000.0,111604000000.0,,,9353972000000.0,8816947000000.0,154938000000.0,-299300000000.0,15733000000.0,-128610000000.0,2009-12-30,正常票,,,,,,,,,,,,8999997394.383713,55079984053.62833
2010-01-04,sh.601958,19.2,19.25,18.8,18.81,19.06,11262557.0,213015929.0,3,1.74451,1,-1.3116,105.182061,4.61186,14.009041,-24.186843,0,2009-09-30,460427574.54,549957947.12,551809772.53,384155854.8,700202239.26,14040431850.94,749346096.64,-389929511.75,-973540063.67,-1059632591.37,-2423113684.76,2009-12-30,正常票,3524537727.23,2974579780.11,2821555313.19,91382197.99,454810807.79,7290538559.23,9882914834.51,4157517016.43,569183192.58,180162904.06,13291085754.3,645600025.221982,12143736474.42548
2010-01-04,sh.601988,4.34,4.38,4.29,4.29,4.33,74707131.0,323707188.0,3,0.042013,1,-0.9238,16.401386,2.198389,4.954886,-14.80484,0,2009-09-30,65079000000.0,84531000000.0,84760000000.0,,,8342336000000.0,7818002000000.0,-194112000000.0,-163591000000.0,-13637000000.0,-362185000000.0,2009-12-30,正常票,,,,,,,,,,,,177819082188.8463,762843862590.1506
2010-01-04,sh.601989,7.76,7.8,7.62,7.63,7.81,85240856.0,654889269.0,3,7.121208,1,-2.3047,41.564572,9.350389,3.160064,39.371006,0,2009-09-30,1058220896.84,1062053700.35,1251378807.9,,,,,-938559280.99,-784361115.47,2176543745.27,453623348.81,2009-12-30,退市票,13063580114.64,12027714067.96,10799559721.87,193157911.06,1049876488.0,,,,,,,1196999947.1999695,9133109597.135767
2010-01-04,sh.601991,9.05,9.13,8.95,8.96,9.05,6532990.0,58852215.0,3,0.077182,1,-0.9945,56.646042,4.107675,2.340839,-85.299607,0,2009-09-30,1731959000.0,2106412000.0,2176188000.0,6219708000.0,1867459000.0,181534530000.0,149280695000.0,8895233000.0,-20629383000.0,12655908000.0,923180000.0,2009-12-30,正常票,35763950000.0,33970092000.0,29569736000.0,444229000.0,1009634000.0,6228834000.0,21313503000.0,160221027000.0,41619122000.0,107661573000.0,32253835000.0,8464395843.590474,75840986758.57065
2010-01-04,sh.601998,8.3,8.32,8.05,8.07,8.23,75368300.0,612097210.0,3,3.274131,1,-1.9441,25.684857,3.045735,8.656437,1711.951557,0,2009-09-30,11755000000.0,15443000000.0,15541000000.0,,,1428861000000.0,1325433000000.0,-85219000000.0,4188000000.0,-2600000000.0,-83594000000.0,2009-12-30,正常票,,,,,,,,,,,,2301932940.374102,18576598828.819004
2010-01-04,sh.601999,11.24,11.54,11.24,11.36,11.26,6290353.0,71706409.0,3,4.250239,1,0.8881,50.547453,4.443605,4.783599,-1373.947972,0,2009-09-30,70551817.41,62570011.83,72326586.92,567271225.39,572388777.18,2431136152.64,1022250052.45,47834170.46,-202467513.48,52676958.79,-101956384.23,2009-12-30,正常票,967265079.22,904742525.24,725503163.8,1774769.51,71004723.24,595177331.15,1808961665.34,622174487.3,1022250052.45,,1408886100.19,147999983.0597762,1681279807.5590575
2010-01-04,sz.000001,24.52,24.58,23.68,23.71,24.37,24192276.0,580249471.45,3,0.827337,1,-2.7082,78.793993,3.857301,4.946358,-17.032596,0,2009-09-30,3637419000.0,4526449000.0,4540642000.0,4690149000.0,,554264684000.0,535176249000.0,-257833000.0,5918074000.0,1111984000.0,6772225000.0,2009-12-30,正常票,,,,,,,,,,,,2924113873.790245,69330739947.56671
2010-01-04,sz.000002,10.85,10.87,10.6,10.6,10.81,96983253.0,1034344760.35,3,1.004373,1,-1.942646,24.722906,3.335433,2.428427,15.191113,0,2009-09-30,3669981960.35,5022741585.01,5017079166.86,501523208.25,86752229378.23,129502509181.71,87138359462.8,11241209259.63,-271617624.56,-3333377729.4,7636330165.25,2009-12-30,正常票,29543838457.46,24837033896.31,20618995957.09,1347097206.51,2957592238.84,27614616095.17,123792767959.72,5709741221.99,62865226540.52,24273132922.28,42364149718.91,9656099178.293324,102354651289.90923
2010-01-04,sz.000004,10.0,10.0,10.0,10.0,10.0,0.0,0.0,3,,0,0.0,-83.713642,14.217875,16.68557,29.770866,1,2009-09-30,-2160879.1,395605.16,-34352.99,7566788.77,44340293.65,184260650.58,101139084.62,24409703.97,-2393646.77,2098330.0,24114387.2,2009-12-30,正常票,38587637.06,37999145.14,19352275.7,2126526.11,-2118466.02,56792294.63,113846785.04,70413865.54,90539084.62,10600000.0,83121565.96,,
2010-01-04,sz.000005,6.01,6.05,5.91,5.99,6.02,22358222.0,133478420.7,3,2.446883,1,-0.4983,-475.251109,7.398789,97.261002,-85.538774,0,2009-09-30,-11721761.19,-20445504.03,-11721761.19,1136817.28,69577032.94,1329657221.3,589420141.94,-18914691.6,-222394.1,13530583.29,-5606502.41,2009-12-30,退市票,34268768.3,54714272.33,23639068.04,,-11721761.19,26492376.18,225591752.11,1104065469.19,588952184.56,467957.38,740237079.36,913742994.6589191,5473320538.006926
2010-01-04,sz.000006,11.33,11.35,11.11,11.12,11.33,6299805.0,70548557.2,3,1.277015,1,-1.8535,63.73975,2.99174,7.392124,8.709648,0,2009-09-30,173643566.87,159002279.0,206816603.1,129554.2,5605373833.18,7599040123.1,5638266533.25,489434348.01,123021427.66,245297404.91,857751230.87,2009-12-30,正常票,625117965.16,541298498.37,278850551.14,33173036.23,173689182.76,1013538160.34,6656450133.03,942589990.07,1992724293.97,3645542239.28,1960773589.85,493322709.6001221,5485748530.753357
2010-01-04,sz.000007,7.09,7.09,6.9,6.93,7.03,2590179.0,18101416.11,3,1.400359,1,-1.4225,49.007813,-43.811179,9.369372,-12.623787,1,2009-09-30,51641610.11,-30206342.72,52289092.78,5169802.16,20482193.6,421999913.45,445233010.42,-20450978.63,-4936788.0,-98065827.86,-123452986.56,2009-12-30,正常票,99762604.1,129968946.82,21311417.15,647482.67,55313221.1,73266713.55,175388004.46,246611908.99,394385240.99,50847769.43,-23233096.97,184965355.31245917,1281809912.315342
2010-01-04,sz.000008,12.28,12.28,12.28,12.28,12.28,0.0,0.0,3,,0,0.0,2622.923562,12.243366,85.409209,-85.956016,1,2009-09-30,-86468.13,-86468.13,-86468.13,4300724.0,,79325136.11,5451544.77,-1031035.5,-7047909.75,,-8078945.25,2009-12-30,正常票,7726029.93,8155081.92,5852712.71,,-86468.13,27002151.46,32465674.26,46859461.85,5451544.77,,73873591.34,,
2010-01-04,sz.000009,11.0,11.03,10.8,10.84,10.98,17362671.0,189401385.35,3,1.757142,1,-1.275,55.452781,6.243979,3.652452,14.579196,0,2009-09-30,321775708.91,367191347.51,376776156.51,282045128.24,2162312516.0,7207183925.87,4367546001.48,734135049.79,-266579568.95,368749388.39,836304869.23,2009-12-30,正常票,2297152580.17,2069563096.4,1530049098.55,55000447.6,192961076.02,1438346629.37,5207430486.53,1999753439.34,2737681115.73,1629864885.75,2839637924.39,988119969.8146194,10711220472.790474
2010-01-04,sz.000010,11.95,12.08,11.79,11.81,11.86,1920679.0,22836715.0,3,2.833117,1,-0.4216,184.658762,37.898914,11.841994,209.99767,1,2009-09-30,10555612.95,11402728.26,12169536.72,78876830.05,68173609.14,239857899.63,159610395.04,-327788.26,2210680.32,6583529.25,8466421.31,2009-12-30,正常票,99829441.19,96086912.19,61982476.79,1613923.77,7019917.35,14265226.43,192345650.95,47512248.68,153905379.93,5705015.11,80247504.59,67793846.8478358,800645331.2729408
2010-01-04,sz.000011,10.79,10.79,10.63,10.64,10.69,3625940.0,38667462.48,3,2.594826,1,-0.4677,34.669255,8.676914,5.364105,15.619531,0,2009-09-30,160281578.11,197153098.54,199205199.93,74818686.53,1198822375.06,2571190262.5,1839513775.04,567648705.42,-538551.0,-191907584.22,375201888.83,2009-12-30,正常票,758785069.84,565921369.82,355041716.72,38923621.82,160281697.11,646910616.69,2009088580.03,562101682.47,1447818723.64,391695051.4,731676487.46,139737308.01217502,1486804957.2495422
2010-01-04,sz.000012,19.79,19.8,19.36,19.41,19.6,8868055.0,173666359.4,3,1.56435,1,-0.9694,52.486686,4.702326,5.224383,-146.407229,0,2009-09-30,630055992.0,664550807.0,695420288.0,409859551.0,351656713.0,10792232390.0,5477898312.0,1053901801.0,-829278188.0,-246051558.0,-19595549.0,2009-12-30,正常票,3547329604.0,2901833100.0,2345420473.0,65364296.0,577602312.0,403271697.0,1466324786.0,9325907604.0,4247970277.0,1229928035.0,5314334078.0,566884328.954518,11003224825.007195
2010-01-04,sz.000014,15.51,15.74,15.16,15.18,15.5,4043621.0,61909923.48,3,2.004731,1,-2.0645,19.348706,6.743703,4.049237,12.357215,0,2009-09-30,69188193.37,90282100.39,89963566.92,4651290.92,1185726160.14,1723797444.28,1233465512.28,329415800.64,-742268.0,-243510530.63,85162891.0,2009-12-30,正常票,470992766.87,381177956.92,221898125.0,20775373.55,69482319.04,360227454.82,1602635856.73,121161587.55,1003254897.39,230210614.89,490331932.0,201703919.37870967,3061865496.1688128
2010-01-04,sz.000016,7.7,7.7,7.51,7.58,7.69,9750341.0,74026326.3,3,1.625301,1,-1.4304,48.962908,2.387607,0.747764,48.587592,0,2009-09-30,107741890.25,121742365.61,130922838.98,1269899678.96,3138627541.72,12835775228.26,8793300959.25,-54690811.58,-175134468.77,634132985.71,397626531.94,2009-12-30,正常票,9025977839.56,8916193390.75,7353006874.32,23180948.73,106646848.4,4033814149.0,11120678111.0,1715097117.26,8726934522.42,66366436.83,4042474269.01,599909862.8500197,4547316760.40315
2010-01-04,sz.000017,3.49,3.49,3.49,3.49,3.49,0.0,0.0,3,,0,0.0,-12.102173,-0.908742,6.426755,279.801506,1,2009-09-30,-74008928.79,-83763864.85,-74008928.79,423192.06,50941646.95,208707737.28,2049514822.36,15452346.17,8228937.57,,23681273.38,2009-12-30,正常票,198415641.9,282179506.75,188479330.42,,-74048909.49,33767872.91,122842157.52,85865579.76,1870426379.44,179088442.92,-1840807085.08,,
2010-01-04,sz.000018,8.61,8.89,8.61,8.73,8.6,1266465.0,11110565.7,3,1.270015,1,1.5116,-88.439913,11.361276,53.509662,-395.161856,1,2009-09-30,-431591.0,-469091.0,-431591.0,2776556.0,949481.0,193563332.0,62800091.0,-4268199.0,-728230.0,,-5032588.0,2009-12-30,退市票,20176605.0,27700013.0,20238958.0,,-261603.0,56335840.0,66977579.0,126585753.0,50070070.0,12730021.0,130763241.0,99720475.74241251,870559753.2312613
2010-01-04,sz.000019,10.44,10.7,10.36,10.5,10.43,3023910.0,31902991.52,3,4.124196,1,0.6711,1431.867494,5.646289,10.952451,2490.449793,0,2009-09-30,8081468.03,8664058.22,9810260.63,37279577.67,45083597.99,576414280.39,193091425.9,-2415993.65,-26761347.35,62422972.16,33245631.16,2009-12-30,正常票,139999269.28,145474170.53,104403064.87,1728792.6,5340113.86,75747399.45,207390289.53,369023990.86,163591425.9,29500000.0,383322854.49,73321200.05935702,769872600.6232487
2010-01-04,sz.000020,10.9,11.34,10.75,11.12,11.02,6808851.0,75540947.15,3,10.527713,1,0.9074,164.613642,12.208517,7.02775,91.230867,0,2009-09-30,10105170.71,10850736.29,10805617.5,203324606.75,118447182.28,695299736.5,437385299.63,-69945095.04,-7816049.85,144346851.08,66516517.28,2009-12-30,正常票,370475322.72,359624586.43,316949913.23,700446.79,10105170.71,90831171.84,455334884.32,239964852.18,213929025.22,223456274.41,257914436.87,64675499.79753438,719191557.7485822
2010-01-04,sz.000021,13.03,13.17,12.85,13.1,12.89,11719208.0,152797932.26,3,1.333856,1,1.6292,42.26874,3.250629,1.072813,125.088801,0,2009-09-30,162949473.42,188716958.66,189416728.32,911646546.77,449883582.56,5165180522.36,1310502452.14,250336156.51,-70024473.76,-1548482.84,178759296.08,2009-12-30,正常票,8690533768.94,8527593947.47,8371213903.89,26467254.9,165925108.21,1813512702.11,3294176890.53,1871003631.83,1291785683.68,18716768.46,3854678070.22,878596190.293405,11509610092.843605
2010-01-04,sz.000023,9.73,9.85,9.73,9.77,9.8,2009158.0,19626271.17,3,2.187799,1,-0.3061,51.250925,4.635903,2.340733,-36.85389,0,2009-09-30,8931259.68,8024198.92,8683609.28,157706034.42,591039901.74,1204321218.49,908625486.54,65164638.63,-11372011.33,-55524900.52,-1732273.22,2009-12-30,退市票,411112832.05,403088633.13,345054303.48,-247650.4,9410636.3,61584013.7,844947059.72,359374158.77,907499263.3,1126223.24,295695731.95,91834670.3696272,897224729.5112576
2010-01-04,sz.000024,26.65,26.66,25.7,25.75,26.63,19158871.0,501219943.77,3,2.963777,1,-3.3045,24.568557,2.824944,6.362869,6.576218,0,2009-09-30,944677910.0,1193553413.0,1214291087.0,98966936.0,26123813898.0,42449156659.0,25331827592.0,5152035316.0,38905840.0,-2621703703.0,2568799118.0,2009-12-30,退市票,5287377216.0,4236491338.0,3052074092.0,269613177.0,960923356.0,10015974827.0,37352320035.0,5096836624.0,18579166888.0,6752660704.0,17117329067.0,646434296.5074633,16645683135.06718
2010-01-04,sz.000025,11.39,11.43,11.11,11.19,11.28,1361811.0,15250533.42,3,0.759538,1,-0.7979,333.271988,14.887282,5.425452,175.079553,0,2009-09-30,2070837.41,-7854928.12,2708752.27,13580262.43,21861146.38,604153725.11,414540116.03,10675795.19,-343610.32,-128812.13,10204302.98,2009-12-30,正常票,327467491.34,338920615.87,276940421.99,637914.86,1308837.99,49878973.69,126621795.67,477531929.44,214567812.25,199972303.78,189613609.08,179294650.16891846,2006307135.3901975
2010-01-04,sz.000026,13.14,13.29,12.73,12.75,13.07,3185744.0,41098221.12,3,4.004859,1,-2.4484,55.103381,4.561997,2.66221,-935.714711,0,2009-09-30,48236690.22,58322565.63,59331932.42,117756842.0,722405862.12,1484390816.72,777586696.3,81159012.38,-34881657.73,-68694720.83,-22417366.18,2009-12-30,正常票,885816723.98,827681397.96,592630189.22,11095242.2,47818455.08,85816429.55,961980312.56,522410504.16,651496309.43,126090386.87,706804120.42,79546970.31780645,1014223871.5520322
2010-01-04,sz.000027,13.77,13.77,13.4,13.41,13.56,8493921.0,114834524.12,3,1.418829,1,-1.1062,15.701547,2.314531,2.97451,-36.423465,0,2009-09-30,1963123547.77,1876190397.31,2287710781.72,2035088303.06,1216639854.51,29657180681.29,14364727088.31,2559038526.45,-1630053698.82,-2385404093.33,-1457603085.54,2009-12-30,正常票,7882345599.68,6627610000.69,5906469044.05,324587233.95,1745576046.19,2543273686.2,7330447919.41,22326732761.88,8495335932.34,5869391155.97,15292453592.98,598657132.0433964,8027992140.701945
2010-01-04,sz.000028,27.78,27.89,27.16,27.56,27.68,1103908.0,30311860.02,3,0.473257,1,-0.4335,44.848368,10.13832,0.797844,257.586183,0,2009-09-30,150547439.74,192073113.18,198267625.02,2505138257.78,952126620.0,5012704506.58,4176212783.15,193885384.5,-111038594.72,-5029045.44,77817697.48,2009-12-30,正常票,7989576619.75,7826188445.07,7321908635.78,47720185.28,146079711.67,459477701.64,4253542536.47,759161970.11,4052804563.72,123408219.43,836491723.43,233257616.89737287,6428579921.691596
2010-01-04,sz.000029,7.21,7.26,7.1,7.18,7.18,8004561.0,57360945.14,3,0.897714,1,0.0,542.253808,5.955345,10.137283,553.512337,0,2009-09-30,11240655.39,17517363.27,17524101.27,14770531.54,2077168694.76,3417077642.44,2208570664.58,-565752936.74,7554184.3,603193873.97,45152400.62,2009-12-30,正常票,453788395.82,444165289.78,343034458.71,6283445.88,11269480.88,373565794.19,2533204210.67,883873431.77,1589963077.17,618607587.41,1208506977.86,891660484.2967805,6402122277.250883
2010-01-04,sz.000030,7.84,7.84,7.62,7.68,7.74,779500.0,5968661.9,3,1.290891,1,-0.7752,-47.735399,-1.298302,1194.768229,68237.581744,1,2009-09-30,17417355.75,-26453981.13,17417355.75,,2000000.0,43628768.66,1749753730.46,13437.53,,,13437.53,2009-12-30,正常票,1390478.22,27844459.35,0.0,,17417355.75,43501.66,32494907.67,11133860.99,1015258365.04,734495365.42,-1706124961.8,60384649.05247615,463754104.72301686
2010-01-04,sz.000031,11.28,11.35,10.97,10.97,11.23,24324760.0,269690210.72,3,1.34116,1,-2.3152,118.193368,6.132177,19.949515,-30.675138,0,2009-09-30,132272144.74,149158157.69,151527596.52,11197259.34,5612076823.2,9728097669.65,5986951787.77,440404092.79,80952264.7,-269309718.81,251965982.88,2009-12-30,正常票,442619687.15,444478236.87,244864511.53,19255451.78,127832802.37,1545354985.24,7930766297.85,1797331371.8,4297014260.23,1689937527.54,3741145881.88,1813710519.251991,19896404396.194344
2010-01-04,sz.000032,8.65,8.9,8.55,8.81,8.63,7414065.0,65189117.84,3,3.184474,1,2.0857,103.067048,2.822401,1.817894,98.087177,0,2009-09-30,25569564.65,36327115.93,37977383.62,98054132.02,439018917.51,1314700304.34,538946885.85,133922131.34,24232702.57,-45508826.02,112188817.43,2009-12-30,正常票,803180256.08,792777133.11,675160540.26,12407818.97,19308301.98,263431724.97,924550415.24,390149889.1,532545224.43,6401661.42,775753418.49,232819140.61788544,2051136628.843571
2010-01-04,sz.000033,7.37,7.49,7.17,7.24,7.35,7826158.0,57250732.83,3,2.453825,1,-1.4966,-213.545616,8.048174,38.424129,497.242098,0,2009-09-30,-11457486.56,-11455590.06,-11457486.56,23530135.21,1418802.52,476549901.21,180225420.82,3491148.12,-7823854.81,6296203.81,1963497.12,2009-12-30,退市票,44275926.16,55731516.22,25408645.54,,-11457486.56,7343414.32,56777921.97,419771979.24,42840885.58,137384535.24,296324480.39,318937088.015649,2309104517.233299
2010-01-04,sz.000034,8.8,8.8,8.8,8.8,8.8,0.0,0.0,3,,0,0.0,-13.48488,-2.747145,9.011364,148.910039,1,2009-09-30,-2376386.11,-3171846.03,-2096497.41,20006267.18,37161592.4,163563781.41,1298937524.01,12014074.9,-304198.18,-1518675.14,10191201.58,2009-12-30,正常票,269702556.53,273063074.38,215442830.56,279888.7,-487937.79,40214792.36,112910394.14,50653387.27,829645687.06,469291836.95,-1135373742.6,,
2010-01-04,sz.000035,6.95,6.97,6.73,6.76,6.9,2172449.0,14773914.51,3,2.544073,1,-2.029,-7.854896,-0.81448,236.510389,-110091.53761,1,2009-09-30,-14170346.72,-19643854.24,-14170346.72,13674329.21,,571893676.76,1816914334.66,-419304.63,383600.0,,-35704.63,2009-12-30,正常票,4258351.5,70757463.34,1966844.37,,-14170346.72,607469.93,81227533.42,490666143.34,1586123212.18,230791122.48,-1245020657.9,85392557.52488233,577253688.8682046
2010-01-04,sz.000036,6.57,6.75,6.53,6.67,6.54,15390260.0,102814240.95,3,1.369377,1,1.9878,48.868514,5.176192,4.695109,11.982625,1,2009-09-30,395998452.55,492533661.73,489066196.18,2175524.93,1093543897.74,3166514314.38,1320357545.15,876641880.67,9076138.0,-407655545.71,478062472.96,2009-12-30,正常票,1576432045.71,1084099043.06,639506073.82,93067743.63,268067501.81,1374483837.97,2604011895.41,562502418.97,884280683.97,436076861.18,1846156769.23,1123887724.1256425,7496331119.9180355
2010-01-04,sz.000037,7.25,7.28,7.16,7.18,7.24,3820082.0,27505741.46,3,1.127216,1,-0.8287,28.731055,2.229638,2.37464,-64.970095,0,2009-09-30,215091316.14,-161245405.02,215432497.91,592824747.82,1311879385.9,5223649340.71,3072676253.52,236872808.32,-235753587.75,-88480167.43,-87366154.28,2009-12-30,正常票,1487870813.13,1649382307.95,1469557913.14,341181.77,167875933.6,342141561.01,2288121319.31,2935528021.4,2848076253.52,224600000.0,2150973087.19,338895296.0213482,2433268225.43328
2010-01-04,sz.000038,12.33,12.33,12.33,12.33,12.33,0.0,0.0,3,,0,0.0,6.282237,11.972834,,22.423888,1,2009-09-30,-4615687.5,-4615967.72,-4615687.5,,300234920.05,361865741.79,235722017.74,-71544258.56,-47217.0,92000000.0,20408524.44,2009-12-30,退市票,0.0,4615967.72,0.0,,-4422770.16,52939139.18,361441514.0,424227.79,143722017.74,92000000.0,126143724.05,,
2010-01-04,sz.000039,13.25,13.35,13.09,13.09,13.1,12573695.0,165895403.24,3,1.021176,1,-0.0763,72.444269,2.67705,1.926274,-190.229276,0,2009-09-30,861688000.0,1095240000.0,1147339000.0,2892409000.0,7497306000.0,31673665000.0,17014869000.0,1333457000.0,755986000.0,-2045420000.0,-121429000.0,2009-12-30,正常票,13885634000.0,14236433000.0,12022410000.0,285651000.0,775764000.0,2980114000.0,16181478000.0,15492187000.0,11640536000.0,5374333000.0,14658796000.0,1231295584.698426,16117659203.702396
2010-01-04,sz.000040,7.2,7.21,7.04,7.04,7.18,3234080.0,22928676.45,3,0.88368,1,-1.9499,-42.339119,4.189512,7.457092,501.455263,0,2009-09-30,-30472202.89,-29466532.01,-30064014.46,5763691.44,1214132337.57,2710513700.91,1800819932.42,70017828.43,16625301.24,17081433.69,103696062.54,2009-12-30,退市票,359682854.37,414750897.92,238294242.21,408188.43,-19557418.12,236297451.26,1723091688.9,987422012.01,1259649246.62,541170685.8,909693768.49,365978634.79992753,2576489588.99149
2010-01-04,sz.000042,22.58,22.58,21.51,21.65,22.33,2512032.0,55081212.07,3,1.049762,1,-3.0452,22.309055,2.660682,2.316037,3.330691,0,2009-09-30,165458600.37,240520012.4,239444300.55,42311508.16,3351861276.78,6346776024.03,4395344733.2,708782904.48,574099204.97,82662787.13,1365527401.86,2009-12-30,正常票,1470364897.38,1216252020.55,890663824.08,73985700.18,165135580.9,1729666700.1,5170440950.66,1176335073.37,2459234288.25,1936110444.95,1951431290.83,239295383.14398882,5180745045.067358
2010-01-04,sz.000045,13.9,14.5,13.56,14.34,13.76,5040715.0,70738974.64,3,2.577363,1,4.2151,77.675693,7.391073,8.676546,193.628985,0,2009-09-30,38303135.9,44048202.07,44883912.01,49358394.63,39881106.62,713575504.17,237991244.45,33380103.72,-16018665.57,-2730817.52,14830360.06,2009-12-30,正常票,314130345.51,296130742.09,255286253.02,6580776.11,38303135.9,98853285.24,215907735.88,497667768.29,189336981.81,48654262.64,475584259.72,195576447.71031475,2804566260.1659136
2010-01-04,sz.000046,14.33,14.44,13.79,13.84,14.33,8930323.0,124823355.34,3,2.00899,1,-3.4194,143.98482,3.776865,19.516783,13.03574,0,2009-09-30,208198495.39,369186172.97,358899352.79,42396670.63,15286923463.33,21458046895.72,12704179828.74,92077561.89,-5122429.82,1476603053.01,1563561553.17,2009-12-30,退市票,1362939125.46,993752952.49,679193589.0,150700857.4,217182247.74,3127129326.18,21236210002.2,221836893.52,7183298878.52,5520880950.22,8753867066.98,444518041.4038896,6152129693.029832
2010-01-04,sz.000048,4.99,5.08,4.93,5.02,4.95,3830639.0,19214893.37,3,1.008468,1,1.4141,54.90379,-11.699848,1.692337,20.441944,1,2009-09-30,-6092042.18,-2242315.75,-823689.58,26782814.82,511421353.99,1332977122.18,1434686337.92,220945232.59,-20344935.41,-187457297.22,13135205.88,2009-12-30,正常票,705308404.85,709752144.64,622851996.32,5268352.6,-9459896.71,167929675.97,800588386.2,532388735.98,1323654166.95,111032170.97,-101709215.74,379847352.61803055,1906833710.1425133
2010-01-04,sz.000049,10.85,10.88,10.66,10.73,10.69,2692891.0,29013373.93,3,3.776611,1,0.3742,-34.67077,13.102957,1.91173,217.174249,0,2009-09-30,-46624133.42,-38825513.02,-41852304.94,285293294.24,90699578.56,631011997.83,470536992.22,-56229090.2,-12654999.01,58065218.36,-11053545.27,2009-12-30,正常票,596147866.17,635175005.68,537690624.56,4771828.48,-39856695.5,57214772.71,473200593.82,157811404.01,470536992.22,,160475005.61,71304431.40688835,765096548.9959121
2010-01-04,sz.000050,6.65,6.82,6.56,6.75,6.65,12441443.0,83404552.17,3,3.985248,1,1.5038,-25.660051,3.149327,2.019402,9.059417,0,2009-09-30,-213918424.77,-241677381.35,-238111948.58,365549767.56,302897877.91,5779630117.78,3836949036.34,294444229.57,-467076312.62,727363970.0,554731886.95,2009-12-30,正常票,1582234481.26,1809956052.17,1539537001.5,-24193523.81,-120648111.71,867015615.05,1599170244.15,4180459873.63,1323408105.79,2513540930.55,1942681081.44,312187422.213122,2107265099.9385736
2010-01-04,sz.000055,9.7,10.35,9.69,10.06,9.72,14166816.0,141992025.39,3,6.516298,1,3.4979,98.380289,7.238059,5.205607,55.522311,0,2009-09-30,33010325.01,31766652.96,33114426.0,315394744.88,175647925.52,1442126684.62,735785207.45,9813490.56,10427906.17,60855551.05,81075496.17,2009-12-30,正常票,601972120.76,590649857.92,492555505.92,104100.99,37452964.05,228228391.94,792026938.96,650099745.66,729505289.54,6279917.91,706341477.17,217405895.18772778,2187103305.5885415
2010-01-04,sz.000056,10.05,10.28,9.97,9.98,10.09,5860084.0,59031289.65,3,4.928904,1,-1.0902,-138.802199,9.670311,75.343527,-26.747275,0,2009-09-30,2452799.7,-13915272.09,2443371.72,822876.08,1321099376.57,1424942331.31,1273860935.02,-43738336.66,8281479.6,-10085535.38,-45542392.44,2009-12-30,正常票,13105582.18,27770854.27,11830885.33,-9427.98,9113934.35,22872491.62,1350286265.83,74656065.48,822823887.34,451037047.68,151081396.29,118892232.4313884,1186544479.6652563
2010-01-04,sz.000058,6.7,7.0,6.64,6.7,6.72,26981103.0,183689003.42,3,5.012259,1,-0.2976,-30.82733,4.651404,17.524779,117.148281,0,2009-09-30,-177115850.18,-151324134.55,-149453032.86,19451902.18,2333011.89,1482483593.9,258223615.46,53732623.69,40771358.89,-23183783.16,71322265.39,2009-12-30,正常票,207531519.48,153332297.18,124263257.75,27662817.32,-179367562.66,471494324.48,547333491.75,935150102.15,232308402.14,25915213.32,1224259978.44,538302250.5421208,3606625078.63221
2010-01-04,sz.000059,11.65,11.92,11.65,11.84,11.62,12917652.0,152210419.32,3,1.309808,1,1.8933,57.34291,2.2713,4.820834,-2.686376,0,2009-09-30,245615589.9,284906880.37,282338976.67,23710651.18,1706525153.85,18746523821.39,12488434724.84,186662866.86,-3733321713.35,280668513.9,-3265990332.59,2009-12-30,正常票,2267606657.18,1982699776.81,1460833245.03,36723386.77,245615589.9,1324511477.47,7450019153.72,11296504667.67,3811795988.61,8676638736.23,6258089096.55,986224851.275912,11676902239.106798
2010-01-04,sz.000060,28.01,28.85,27.71,28.2,27.9,17743104.0,504655869.82,3,1.734981,1,1.0753,-142.448279,7.60891,4.368679,-233.846212,0,2009-09-30,234985742.49,333169896.25,335254245.14,272516055.52,2498631919.29,10444278067.72,6039794104.39,195112041.08,-1017510946.79,1039357185.73,261819665.71,2009-12-30,正常票,5040947838.29,4702532247.56,4010609297.91,100268502.65,210959999.84,1215977392.13,4729042769.81,5715235297.91,4043257543.14,1996536561.25,4404483963.33,1022668490.3177614,28839251426.960873
2010-01-04,sz.000061,14.19,14.67,13.9,14.02,13.88,42062104.0,602485389.41,3,8.808344,1,1.0086,89.519219,3.664534,5.617899,-13.488896,0,2009-09-30,203087807.03,218553317.69,246066487.71,52814194.06,81506664.49,6364443264.92,2806822149.72,240320752.46,-101881321.88,-302737982.69,-164298620.03,2009-12-30,正常票,886337615.36,806535030.45,412050013.13,42978680.68,156100819.27,1396918045.66,2267611711.25,4096831553.67,2087257114.23,719565035.49,3557621115.2,477525673.3842366,6694909940.846996
2010-01-04,sz.000062,10.22,10.25,10.06,10.1,10.17,1768485.0,17900945.58,3,1.059686,1,-0.6883,257.814142,4.96835,4.514563,29.309325,0,2009-09-30,48066361.31,69534166.11,72058944.23,243717978.42,219946819.35,2255513400.63,860418345.15,370181223.75,11831599.53,-481689852.98,-99758512.67,2009-12-30,正常票,1438508794.17,1372984965.03,1142871225.34,23992582.92,41993595.6,624911290.6,1327883512.09,927629888.54,851982239.52,8436105.63,1395095055.48,166887644.0756979,1685565205.1645486
2010-01-04,sz.000063,45.04,45.5,44.21,45.4,44.87,11721358.0,528042354.62,3,0.798783,1,1.1812,40.826473,5.411769,1.463533,28.83985,0,2009-09-30,1319730000.0,985156000.0,1814153000.0,16283185000.0,10896054000.0,59692574000.0,43331217000.0,-3536009000.0,-1037498000.0,1161066000.0,-3400323000.0,2009-12-30,正常票,42843475000.0,41873317000.0,28731931000.0,494423000.0,1192015000.0,8295245000.0,50140149000.0,9552425000.0,35333613000.0,7997604000.0,16361357000.0,1467402035.3462706,66620052404.72068
2010-01-04,sz.000065,28.18,28.89,27.9,28.8,28.17,1177103.0,33474260.45,3,0.724651,1,2.2364,73.574866,11.092301,2.976045,36.343582,0,2009-09-30,20896544.45,28369909.81,28104933.03,350271685.76,493695798.54,2683940935.85,2172045408.98,116875158.51,41752281.94,-19753750.3,138621117.45,2009-12-30,正常票,997711090.66,992791269.09,921291921.25,7208388.58,28929734.64,397625899.8,1819833824.41,864107111.44,1686671677.23,485373731.75,511895526.87,162437228.40374193,4678192178.027767
2010-01-04,sz.000066,16.15,16.46,15.9,16.23,16.1,5684549.0,92002543.74,3,1.033407,1,0.8075,49.676401,4.625563,2.230213,-97.555417,0,2009-09-30,204327866.49,107301629.58,203760092.65,437024203.1,321836445.31,4475802744.99,2545317655.53,-82061942.77,-390429846.71,413916281.4,-54167776.13,2009-12-30,正常票,3193499927.97,3192307623.97,2942994857.54,-567773.84,204327866.49,526855938.25,1512386761.52,2963415983.47,2524891634.99,20426020.54,1930485089.46,550078429.8925787,8927772917.156553
2010-01-04,sz.000068,8.05,8.18,8.0,8.06,8.02,15283742.0,123932606.14,3,3.222037,1,0.4988,-5.472539,10.391848,8.179934,255.151014,0,2009-09-30,-1324210493.26,-1345772958.67,-1322160863.61,71052842.11,48352896.42,1431643402.01,736177873.18,232429479.15,-1375032.39,-287428724.2,-56374277.44,2009-12-30,正常票,475036778.83,1820809737.5,416319414.39,2049629.65,-1324210493.26,124967838.46,303690645.4,1127952756.61,336177873.18,400000000.0,695465528.83,474350294.5496902,3823263374.070503
2010-01-04,sz.000069,17.2,17.23,16.57,16.58,17.17,34742021.0,583399606.99,3,2.695518,1,-3.4362,52.377487,8.75111,12.04429,712.02568,0,2009-09-30,1004481685.52,1236599710.02,1246394150.87,59837423.27,2682633098.37,16003901771.62,8697593839.79,6724790228.26,-1811363914.3,-2323701393.88,2587713637.59,2009-12-30,正常票,5647357317.0,4563167756.77,2825450085.41,241912465.35,953204700.37,1244711574.39,4159677516.24,11844224255.38,7888048383.79,809545456.0,7306307931.83,1288881061.0799112,21369647992.704926
2010-01-04,sz.000070,9.8,10.04,9.71,9.99,9.8,4694009.0,46434023.75,3,1.974809,1,1.9388,56.782441,3.614244,3.001624,1048.608427,0,2009-09-30,31002006.28,24324749.09,32001377.37,263726977.82,211509898.38,1172282323.28,450490736.74,-44463699.68,-94575563.26,24934411.24,-114104851.7,2009-12-30,正常票,607431247.51,587306971.22,517826199.52,999371.09,30824906.92,218418462.97,762685364.9,409596958.38,324283561.86,126207174.88,721791586.54,237694328.91991073,2374566345.9099083
2010-01-04,sz.000078,17.06,17.3,16.8,16.9,16.99,26292863.0,447898966.85,3,5.985645,1,-0.5297,700.136808,16.165257,4.420172,241.385266,0,2009-09-30,25441486.05,15614749.23,32760819.55,711280412.63,277413475.94,3068805694.81,2314797830.78,101419541.58,-238869453.16,141345821.11,3901344.93,2009-12-30,正常票,1986914645.14,1971657679.81,1668018871.23,7319333.5,31192650.61,415084755.41,1854796197.33,1214009497.48,2142477830.78,172320000.0,754007864.03,439265325.6248909,7423584003.060656
2010-01-04,sz.000088,8.37,8.38,8.21,8.21,8.31,5838383.0,48354783.35,3,1.437468,1,-1.2034,21.570173,2.639696,26.230797,-99.623064,0,2009-09-30,379115242.46,412303537.48,412303664.25,14277952.09,314461.51,4545813031.22,344541472.85,191004953.07,138171979.96,-403042898.3,-73102840.39,2009-12-30,正常票,289920039.18,115282608.02,96327421.16,33188421.79,336386326.3,1737757398.98,1809428143.36,2736384887.86,113449296.67,231092176.18,4201271558.37,406157424.02613485,3334552451.2545676
2010-01-04,sz.000089,7.51,7.58,7.49,7.49,7.51,19839596.0,149471130.75,3,3.03764,1,-0.2663,24.477544,2.507441,7.902236,421.564078,0,2009-09-30,457508772.74,563602419.03,574702361.95,357324813.86,2463799.5,5645287607.49,572089740.42,317631403.26,-427341309.12,-9280712.59,-119035575.48,2009-12-30,正常票,1226059955.1,687044632.82,587685008.37,117193589.21,451589721.38,1375766905.0,1795062859.41,3850224748.08,469514086.67,102575653.75,5073197867.07,653125320.9728605,4891908654.086725
2010-01-04,sz.000090,12.0,12.07,11.65,11.72,11.95,8417109.0,99302838.92,3,1.930762,1,-1.9247,-101.517964,2.261656,1.698583,-13.353882,0,2009-09-30,51106017.62,85089730.42,88376888.35,238163942.65,2844458581.09,5406025259.17,3039712502.4,18329327.06,198607918.32,-477772815.84,-260835570.46,2009-12-30,正常票,1879521643.64,1941566897.37,1661041375.68,37270870.73,51106017.62,394912495.23,3743821882.8,1662203376.37,2472836108.96,566876393.44,2366312756.77,435947517.0942871,5109304900.345045
2010-01-04,sz.000096,7.78,7.95,7.76,7.76,7.78,5797632.0,45433386.81,3,1.135034,1,-0.2571,29.420462,2.519756,4.482119,113.578206,0,2009-09-30,108200147.75,107799184.76,117494721.19,8716164.19,27046281.68,1745949952.5,113846470.49,-17422841.38,-18592307.35,-15804917.52,-51820066.25,2009-12-30,正常票,584065727.4,568543194.88,505109328.4,9294573.44,106906439.91,622050473.95,783689794.28,962260158.22,113846470.49,,1632103482.01,510789280.3211181,3963724815.2918763
2010-01-04,sz.000099,7.78,7.9,7.71,7.84,7.78,5375779.0,42058123.67,3,1.961763,1,0.7712,30.531553,2.737903,5.127678,-26.173041,0,2009-09-30,89804989.62,66334732.48,106023344.84,220847678.24,225070423.88,2387840874.53,888658807.47,69294831.43,-22273170.11,-85074193.0,-38052531.68,2009-12-30,正常票,581664868.16,515330135.68,427382753.59,16218355.22,89671472.44,220583867.94,750763441.1,1637077433.43,297837202.47,590821605.0,1499182067.06,274027953.4276057,2148379154.8724284
2010-01-04,sz.000100,5.16,5.23,5.1,5.19,5.13,94953634.0,490206097.1,3,3.802134,1,1.1696,82.80304,3.066591,0.379975,20.992998,0,2009-09-30,246778003.0,297601662.0,432098460.0,5658919819.0,5166225322.0,25422389123.0,18162111305.0,482268445.0,-914105589.0,1508534853.0,1053401481.0,2009-12-30,正常票,30679347428.0,30420710467.0,25986393522.0,185320457.0,153402422.0,6678186420.0,19877412601.0,5544976522.0,16252545315.0,1909565990.0,7260277818.0,2497377367.5520115,12961388537.59494
2010-01-04,sz.000150,7.93,8.03,7.78,7.81,7.93,4771999.0,37629736.89,3,2.858094,1,-1.5132,19.11656,3.629324,4.000329,30.378169,0,2009-09-30,70682059.82,95151486.15,95348635.64,25998.91,810372033.28,1161061315.35,463840506.79,58752804.32,-91554.0,,58661250.32,2009-12-30,退市票,260135014.0,164973167.48,140911471.77,24666575.82,70682059.82,317952982.48,1146691877.02,14369438.33,343066121.05,120774385.74,697220808.56,166964382.55704677,1303991827.7705352
2010-01-04,sz.000151,10.62,10.99,10.46,10.86,10.58,9303637.0,99936481.75,3,5.219845,1,2.6465,66.006048,3.640114,4.010524,-14.757089,0,2009-09-30,22098363.14,27593048.04,28552326.79,2334009.95,119149151.57,1077725309.21,187021667.71,-115214807.13,-21821963.4,-27589044.15,-164692266.19,2009-12-30,正常票,508985888.73,489846670.01,439332286.73,6453963.65,21962522.3,150079032.26,457883128.93,619842180.28,180366207.84,6655459.87,890703641.5,178235886.31463194,1935641725.3769028
2010-01-04,sz.000153,7.57,7.61,7.44,7.44,7.55,4371407.0,32728304.52,3,2.046829,1,-1.457,79.07828,2.896868,2.105332,32.725069,0,2009-09-30,20930623.53,23138786.82,24696543.11,237676401.96,109963006.82,1208499868.95,533478743.15,22942872.41,-13868344.51,25735358.05,34808194.12,2009-12-30,正常票,705310606.02,688843424.7,520000471.15,3765919.58,20174854.0,144491580.21,593027797.29,615472071.66,530128271.74,3350471.41,675021125.8,213569721.75008273,1588958729.8206155
2010-01-04,sz.000155,9.04,9.07,8.93,9.0,8.96,4981633.0,44799797.6,3,1.059922,1,0.4464,72.29451,2.369079,1.835043,87.769826,0,2009-09-30,72992134.24,72654067.32,86202867.89,61038089.39,237668271.72,3167287952.27,1231894559.91,295551392.01,-419833681.22,136159851.85,11877562.64,2009-12-30,正常票,1680418838.28,1607795770.96,1408872677.43,13210733.65,83967684.97,175196316.5,754686924.72,2412601027.55,737668898.5,494225661.41,1935393392.36,469999962.261374,4229999660.352366
2010-01-04,sz.000156,1.25,1.25,1.25,1.25,1.25,0.0,0.0,3,,0,0.0,6.278076,-0.26045,0.225479,8.216931,1,2009-09-30,1403540.01,-24687635.51,4120804.82,29749802.71,22993364.73,343281031.95,910949270.45,155206.61,26548179.18,-14000000.0,12703385.79,2009-12-30,正常票,508473175.8,533160811.31,433678425.37,2717264.81,911406.12,30478516.85,163244579.0,180036452.95,781394215.23,129555055.22,-567668238.5,,
2010-01-04,sz.000157,26.16,26.25,25.52,25.57,26.01,9876394.0,254864315.47,3,1.201536,1,-1.6917,23.034724,6.451121,2.316817,32.341201,0,2009-09-30,1730759664.08,1995604769.19,2045602198.28,5472210594.44,6041599800.75,29264648609.32,22334712304.68,-72142103.55,-1786344974.76,753349704.18,-1105137374.13,2009-12-30,正常票,14805746188.56,12808296464.63,10970443639.63,314842534.2,1775093140.35,3330654737.8,18137775359.23,11126873250.09,17288249017.3,5046463287.38,6929936304.64,821980698.0398424,21018046448.87877
2010-01-04,sz.000158,9.43,9.73,9.31,9.41,9.32,17621491.0,167255371.77,3,2.451307,1,0.9657,40.125786,2.89837,2.675685,57.576387,0,2009-09-30,84547574.55,-14838215.66,84086912.76,153386043.32,695239105.47,4340860090.28,2003165135.28,3841099.02,169663088.79,-111385933.34,62118254.47,2009-12-30,正常票,1745101051.82,1760812701.48,1631533105.57,-460661.79,85888763.88,939741774.27,2205000896.08,2135859194.2,1615940068.61,387225066.67,2337694955.0,718861040.2532201,6764482388.782801
2010-01-04,sz.000159,18.77,18.77,18.77,18.77,18.77,0.0,0.0,3,,0,0.0,42.665797,4.108645,8.774223,-88.124724,0,2009-09-30,91749995.98,75708323.64,108393925.89,26522937.62,625726611.68,2211438594.26,1113064973.83,-148200155.52,-263136174.8,329433294.33,-81903035.99,2009-12-30,正常票,352466934.41,276190402.89,200361337.18,16643929.91,91634712.89,351562201.9,1186106982.33,1025331611.93,664580133.38,448484840.45,1098373620.43,,
2010-01-04,sz.000301,7.03,7.11,6.99,7.05,7.0,14169615.0,100006081.27,3,1.163125,1,0.7143,86.286373,3.522295,11.39569,55.109702,0,2009-09-30,78142619.84,52866312.45,107372096.01,77091113.17,1129351834.87,4028879496.82,1560651366.25,112169997.87,-32216650.3,95947938.54,175901286.11,2009-12-30,正常票,577765187.94,528957557.01,405539111.59,29229476.17,78495915.28,436643652.9,1871976928.46,2156902568.36,1058018815.09,502632551.16,2468228130.57,1218236646.9639978,8588568361.096185
2010-01-04,sz.000338,64.99,65.1,63.3,63.62,64.48,3579772.0,228205702.86,3,1.274753,1,-1.3337,23.086136,5.074621,1.758919,-110.93959,0,2009-09-30,2764841697.22,3178023562.0,3246359507.59,5547562444.55,5160253847.54,36984812123.94,22923039281.95,1162964203.92,-1033793029.48,9482090.39,142129948.79,2009-12-30,正常票,25435502600.81,22270557471.53,19400300013.51,481517810.37,2382150473.45,7639325730.48,26945422512.97,10039389610.97,19566812286.04,3356226995.91,14061772841.99,280820833.52618116,17865821428.935646
2010-01-04,sz.000400,22.76,22.94,22.4,22.46,22.8,8613062.0,194090336.71,3,3.26203,1,-1.4912,133.835201,3.83793,3.129111,-447.303029,0,2009-09-30,135861421.67,131132481.27,164067749.77,1565432334.08,1294724594.36,4905201646.9,2428950829.3,-164695383.11,-36557293.33,93093877.14,-108158799.3,2009-12-30,正常票,1811720593.97,1684400505.65,1211901079.51,28206328.1,82466455.38,835151333.43,3994980851.84,910220795.06,2426074525.77,2876303.53,2476250817.6,264039938.32061628,5930337014.681042
2010-01-04,sz.000401,19.35,19.95,19.13,19.15,19.3,11789417.0,229544758.09,3,0.972994,1,-0.7772,27.662948,3.620276,3.895574,21.022564,0,2009-09-30,808789024.64,915378336.4,974460175.73,575553689.85,856002930.26,19688753717.94,12634736197.83,1343949796.89,-3299051341.52,3767643837.32,1812542292.69,2009-12-30,正常票,4872863739.13,4248715971.84,3263889727.07,165671151.09,740555680.6,4571609060.9,8414533135.79,11274220582.15,5447244381.88,7187491815.95,7054017520.11,1211663895.1524882,23203363592.170147
2010-01-04,sz.000402,12.16,12.18,11.7,11.71,12.13,61171723.0,725948291.92,3,2.55198,1,-3.4625,17.955656,1.929166,5.28014,7.80931,0,2009-09-30,971110226.36,1317851881.27,1350472345.61,864921450.8,15192366396.65,39148287982.3,23597236476.69,-1625891658.53,242933410.25,6724220797.16,5341262299.56,2009-12-30,正常票,2835147023.82,2502008190.71,1604495109.4,379362119.25,962331656.56,12639618168.56,30251925451.0,8896362531.3,10616359310.45,12980877166.24,15551051505.61,2397029874.8422794,28069219834.403095
2010-01-04,sz.000403,5.06,5.06,5.06,5.06,5.06,0.0,0.0,3,,0,0.0,-7.063785,64.647866,2.612768,-185.960209,1,2009-09-30,-132436.79,10545193.92,11157821.23,46393430.59,192573834.53,1291620830.19,1114490743.95,39738328.16,-57075686.98,15868834.1,-1468524.72,2009-12-30,正常票,324838427.89,314306233.97,190704504.52,11290258.02,15305188.74,6797996.28,329988509.01,961632321.18,916576327.23,197914416.72,177130086.24,,
2010-01-04,sz.000404,8.57,8.57,8.35,8.44,8.46,4773106.0,40270335.57,3,2.098357,1,-0.2364,42.956708,5.218639,0.868174,-27.151295,0,2009-09-30,132505595.15,145878381.35,152246443.78,743547564.69,349877694.0,2534037134.52,1731622475.14,-85307824.16,-50092077.35,-17494879.35,-151378888.56,2009-12-30,正常票,2663845792.25,2519847176.3,2284531746.48,19740848.63,78286499.42,213077840.96,1733380710.76,800656423.76,1590104136.0,141518339.14,802414659.38,227468729.1056765,1919836073.6519096
2010-01-04,sz.000407,8.77,8.88,8.68,8.78,8.73,7675852.0,67210397.58,3,1.547366,1,0.5727,24.218077,4.690972,3.301584,-57.629609,0,2009-09-30,113420574.68,157296817.77,157393277.88,163437199.52,333081217.44,2194141593.52,1147430766.45,-112914432.36,187091841.18,38100028.4,112148039.97,2009-12-30,正常票,1075571974.31,1075480880.55,961991967.78,43972703.2,111458227.56,387969090.85,1211728587.62,982413005.9,961737685.02,185693081.43,1046710827.07,496059238.7321422,4355400116.068209
2010-01-04,sz.000408,8.98,9.03,8.77,8.88,8.91,3157804.0,27936973.29,3,1.251599,1,-0.3367,-21.636537,9.88608,7.523925,-268.395985,1,2009-09-30,-39048553.92,-43898797.95,-41394327.01,35073747.9,38756496.65,596054113.9,361250584.2,32564558.3,-13399.0,-30657275.23,1893884.07,2009-12-30,正常票,123719879.26,146410387.27,114708751.03,-2345773.09,-38065425.29,3095826.37,393196208.33,202857905.57,361250584.2,,234803529.7,252301575.8242057,2240437993.318947
2010-01-04,sz.000409,8.77,8.77,8.35,8.35,8.67,1456030.0,12446575.19,3,0.877391,1,-3.6909,2339.246075,28.707727,,-24047.071536,1,2009-09-30,-5313006.04,-4838725.47,-5313006.04,2085058.8,,60377601.26,10531295.08,-5609321.28,4746150.0,,-863171.28,2009-12-30,正常票,9589017.38,13455842.75,9361518.91,,-5313006.04,14156.62,40122020.23,20255581.03,10441295.08,90000.0,49846306.18,165949958.45637804,1385682153.1107566
2010-01-04,sz.000410,11.35,11.38,11.13,11.15,11.32,5889451.0,65929899.34,3,1.09951,1,-1.5018,-150.611981,4.946094,1.008344,48.598707,0,2009-09-30,-17831481.6,-10237289.51,9588646.29,1780941543.67,2793047001.59,9304160280.25,7936907791.14,-839243537.16,-416103438.64,1433877768.38,178530792.58,2009-12-30,正常票,4066594944.87,4076973093.36,3374874149.98,27420127.89,-26088946.05,715581869.8,6988453981.33,2315706298.92,6883129743.43,1053778047.71,1367252489.11,535643241.08011746,5972422138.04331
2010-01-04,sz.000411,7.22,7.32,7.18,7.19,7.21,2165632.0,15683736.0,3,1.063489,1,-0.2774,64.44045,9.542667,0.316882,-19.487422,0,2009-09-30,40203683.93,58390049.79,57255805.33,940921380.49,508326533.23,1903231230.49,1584658739.43,-217352980.84,-11059767.11,19835143.5,-208577604.45,2009-12-30,正常票,3588804810.18,3529310821.04,3402115326.45,17052121.4,19551939.45,68304376.02,1657915225.64,245316004.85,1578608437.97,6050301.46,318572491.06,203634640.32068035,1464133063.9056919
2010-01-04,sz.000413,9.25,9.47,9.15,9.35,9.24,4269179.0,39759639.3,3,1.50953,1,1.1905,-299.350772,15.107729,44.687471,4188.535503,0,2009-09-30,-12580803.14,-12194397.81,-12194939.05,102758916.78,39892796.4,387335515.53,134883275.63,-12331241.43,-37930.07,,-12369171.5,2009-12-30,退市票,50647456.02,62841853.83,47590947.75,385864.09,-12328697.84,5138531.52,240220807.07,147114708.46,129384781.32,5498494.31,252452239.9,282815114.6383311,2644321321.868396
2010-01-04,sz.000415,8.95,8.95,8.51,8.69,8.92,25005045.0,216850622.56,3,8.327209,1,-2.5785,-22.5712,8.043696,10.867921,439.533682,0,2009-09-30,-15907321.43,-19949157.7,-15881673.11,109801944.37,246648384.97,1122119855.69,761106859.09,112339879.15,-32268954.83,-82224485.8,-2153561.48,2009-12-30,正常票,162004371.37,181953529.07,110560307.49,25648.32,-13081732.65,33598697.11,611254904.8,510864950.89,668106893.79,92999965.3,361012996.6,300281222.6761692,2609443825.05591
2010-01-04,sz.000416,8.82,8.96,8.76,8.78,8.78,4569895.0,40518719.23,3,1.110008,1,0.0,66.435833,6.657406,7.685555,106.522658,0,2009-09-30,66522987.49,79690553.01,88786809.04,380604.18,38093620.88,977773913.49,237042486.75,-10029928.63,149635232.39,58988429.44,198593733.2,2009-12-30,退市票,452540366.67,445218697.35,380574014.41,22263821.55,62069338.7,406146993.01,552515176.01,425258737.48,176104990.75,60937496.0,740731426.74,411699285.0501978,3614719722.7407365
2010-01-04,sz.000417,14.7,14.84,14.1,14.28,14.67,7964791.0,114499107.67,3,1.669248,1,-2.6585,38.241767,7.227547,1.222905,43.636142,0,2009-09-30,188073854.57,259280413.86,259837268.99,44766864.52,490859398.29,3440220022.17,2210619351.12,332351749.32,-101919006.03,-294781640.2,-64348896.91,2009-12-30,正常票,4304032604.13,4078443906.93,3542603109.46,71763414.42,131333484.05,1147596945.1,2108323733.4,1331896288.77,2187230403.9,23388947.22,1229600671.05,477148452.47680396,6813679901.36876
2010-01-04,sz.000418,14.66,15.31,14.51,15.31,14.63,7822516.0,116938539.14,3,2.247008,1,4.648,134.498692,4.726737,2.214343,14.582464,0,2009-09-30,135390834.43,154849079.94,159206219.54,528605578.93,401943634.85,3470314689.59,1636628437.44,364408055.56,38220540.71,-20796912.25,381831684.02,2009-12-30,退市票,2917972991.53,2758011283.55,2250684996.86,23815385.11,135853881.33,999829894.36,2493764431.39,976550258.2,1628211216.39,8417221.05,1833686252.15,348130313.7327504,5329875103.248409
2010-01-04,sz.000419,7.45,7.5,7.36,7.4,7.35,4019748.0,29816252.1,3,1.145981,1,0.6803,52.469217,3.481596,1.218533,25.742032,0,2009-09-30,35507889.85,44348468.54,49959690.26,12115851.75,233068854.31,2459433796.97,1671371945.93,217289300.05,-195770865.86,60486034.93,82004477.07,2009-12-30,正常票,1653644323.82,1632106002.38,1280729996.39,14451800.41,38445067.01,414368003.85,828908602.75,1630525194.22,1410402641.47,260969304.46,788061851.04,350769166.3299828,2595691830.841873
2010-01-04,sz.000420,5.58,5.64,5.54,5.59,5.64,8815311.0,49209957.39,3,2.802839,1,-0.8865,-9.052285,2.512125,1.250401,13.306265,0,2009-09-30,-39726451.56,-26025251.07,-17521091.04,69360242.72,323644097.59,2662175909.97,1737862529.78,24895729.89,-12144533.4,133557067.8,146140034.25,2009-12-30,正常票,1347275462.45,1373300713.52,1198163659.31,22205360.52,-34338174.02,229496989.12,830769489.57,1831406420.4,1530425156.72,207437373.06,924313380.19,314513641.3472197,1758131255.130958
2010-01-04,sz.000421,6.57,6.64,6.5,6.56,6.54,4433384.0,29201630.38,3,1.577284,1,0.3058,98.47441,3.614033,1.361059,-25.56794,0,2009-09-30,69114292.23,-8253239.93,89247455.56,66986595.38,738825746.14,2709481327.89,1703418943.04,167512615.72,-196020007.69,40807582.82,12300193.33,2009-12-30,正常票,1209540384.15,1217256536.44,1053452162.47,20133163.33,52970565.43,382012368.54,1433197768.52,1276283559.37,1331850778.27,371568164.77,1006062384.85,281077092.0138669,1843865723.6109667
2010-01-04,sz.000422,21.35,22.11,21.33,21.88,21.35,10083108.0,220220959.73,3,1.859304,1,2.4824,787.629773,5.712617,1.497593,55.139159,0,2009-09-30,333988769.72,364392125.96,402673177.0,246701726.48,1020520243.32,11802043213.53,8541838767.68,832969381.22,-1182559980.93,839304773.25,489679574.29,2009-12-30,正常票,6374951829.7,6017170683.93,5357409208.86,68684407.28,175616920.2,880780457.49,3177794344.94,8624248868.59,5754058767.68,2787780000.0,3260204445.85,542305507.86746,11865644512.140024
2010-01-04,sz.000423,26.15,26.44,25.58,25.62,26.15,4490099.0,116131694.98,3,0.842911,1,-2.0268,48.500164,7.460695,8.694324,11.805525,0,2009-09-30,249464286.74,296766708.79,296834083.72,160529788.69,194718360.9,2743889636.86,445857811.93,374367633.26,124252747.93,642438477.09,1141058858.28,2009-12-30,正常票,1446519821.38,1152958242.04,813697827.7,47369796.98,241905359.38,1680873917.79,2177568060.74,566321576.12,437157811.93,8700000.0,2298031824.93,532689572.20869106,13647506839.986666
2010-01-04,sz.000425,35.2,36.5,35.16,36.1,35.12,5327316.0,192371243.01,3,1.513606,1,2.7904,172.116841,7.94574,7.582592,13.510103,0,2009-09-30,1286649066.91,1529825617.15,1560718707.26,2416298738.75,3193164312.44,16351862244.66,12369184757.25,3195150844.79,-270256093.1,-413648658.93,2513113576.15,2009-12-30,正常票,14247801509.82,12726166164.76,11363423089.01,274069640.35,1306825386.69,5535412429.55,12577072023.38,3774790221.28,12126289833.56,242894923.69,3982677487.41,351961871.1870857,12705823549.853794
2010-01-04,sz.000426,15.35,15.35,15.35,15.35,15.35,0.0,0.0,3,,0,0.0,-129.762782,4.945309,20.299734,379.067906,0,2009-09-30,91319579.84,101418835.14,93414565.09,130739326.16,21204226.48,1624520201.87,425094542.15,10664212.64,15430991.08,21909965.75,48005169.47,2009-12-30,正常票,194114190.86,277695769.61,196732669.82,2094985.25,91697591.44,94443036.8,455435251.22,1169084950.65,282244542.15,142850000.0,1199425659.72,,
2010-01-04,sz.000428,8.77,8.87,8.7,8.79,8.7,5527543.0,48533465.81,3,1.831766,1,1.0345,45.378624,3.880315,4.180285,-5392.096747,0,2009-09-30,98488105.45,65228539.73,101869650.8,125456090.78,258241854.83,3642763740.64,2326905455.39,257547578.12,-755092345.11,415204757.77,-82340009.22,2009-12-30,正常票,839010106.89,773958910.6,410273101.11,3381545.35,89182383.56,131414608.95,944495767.29,2698267973.35,1168908696.03,1157996759.36,1315858285.25,301760323.09803766,2652473240.0317507
2010-01-04,sz.000429,5.47,5.54,5.41,5.43,5.46,5846793.0,31903576.65,3,1.259335,1,-0.5495,19.428373,1.895645,7.558949,9.248209,0,2009-09-30,354496482.86,414490070.85,415450206.66,31130337.32,270835.44,9411265244.28,5398735918.23,393638272.25,-1046080243.97,1393213888.77,740771744.62,2009-12-30,正常票,694026669.6,483817549.59,281819027.25,60953723.8,305571609.77,1091537470.38,1542332626.35,7868932617.93,1545357870.71,3853378047.52,4012529326.05,464276225.15057546,2521019902.5676246
2010-01-04,sz.000430,7.1,7.12,6.95,7.0,7.07,1690472.0,11912386.86,3,1.525952,1,-0.9901,-39.121692,-30.452982,16.900639,41.160529,1,2009-09-30,-9696577.01,-8954568.19,-9472966.03,923737.35,1054572.27,356512858.05,394911492.6,17309675.54,-21674760.8,44302265.74,39937180.48,2009-12-30,正常票,71328522.26,80290390.95,33373547.4,223610.98,-9035839.43,41082104.39,49238336.19,307274521.86,332280192.6,62631300.0,-38398634.55,110781466.25844063,775470263.8090844
2010-01-04,sz.000488,8.59,8.61,8.48,8.48,8.56,14352568.0,122795808.37,3,1.771966,1,-0.9346,65.518359,1.38585,1.256562,-26.822733,0,2009-09-30,532169708.15,577731551.67,692765968.31,1824127319.03,2458638492.32,27342002818.04,12898708824.0,827943359.85,-1416501328.89,304666048.83,-289643509.94,2009-12-30,正常票,10795602483.46,10212958070.56,8884372450.49,160596260.16,461673747.96,2782391849.59,10292676327.62,17049326490.42,8137159467.33,4761549356.67,14443293994.04,809979875.4603645,6868629343.903891
2010-01-04,sz.000498,3.64,3.64,3.64,3.64,3.64,0.0,0.0,3,,0,0.0,36.896882,-2.114468,37.854679,289.915824,1,2009-09-30,-99424738.93,-99424738.93,-99424738.93,12847358.65,14221714.2,686067837.87,1444721069.38,1335746.71,-88000.0,500000.0,1747746.71,2009-12-30,正常票,6412184.25,105836923.18,55785574.08,,-99424738.93,1762088.23,154826649.57,531241188.3,1411852319.77,32868749.61,-758653231.51,,
2010-01-04,sz.000501,14.87,14.98,14.68,14.72,14.86,1668869.0,24719861.03,3,0.329036,1,-0.9421,31.814593,5.576624,0.992144,1633.173193,0,2009-09-30,221823762.52,281035789.0,293696813.26,30784040.23,337588626.17,5589293103.43,4129717796.32,564023067.2,-568564711.28,-18767285.74,-23309062.35,2009-12-30,正常票,5636171294.09,5398642285.82,4547824334.86,71873050.74,165713404.63,1394685149.35,2012178706.82,3577114396.61,3632365274.81,497352521.51,1459575307.11,507199516.1623652,7465976877.910016
2010-01-04,sz.000502,10.01,10.14,9.96,10.02,9.96,2593032.0,26088910.86,3,1.927947,1,0.6024,627.265264,6.930727,5.329778,30.86133,0,2009-09-30,27525542.05,7865117.2,31148048.23,2620812.32,434624900.5,669287327.14,327281075.29,132709890.36,23234718.0,-96577127.5,59367480.86,2009-12-30,退市票,286687941.65,278822824.45,225291751.64,3622506.18,26339961.61,138360229.14,608517110.48,60770216.66,306007035.29,21274040.0,342006251.85,134497058.26975533,1347660523.8629484
2010-01-04,sz.000503,11.2,11.63,11.1,11.42,11.18,31731109.0,362394725.81,3,5.576823,1,2.1467,1300.636599,6.606215,28.41084,83.231191,0,2009-09-30,6303209.92,10726849.98,10113484.24,45710353.97,252618.48,1630005357.13,308727685.55,45333756.3,-24859960.57,-5722953.21,14645272.29,2009-12-30,正常票,203162806.24,211361855.4,58577667.62,3810274.32,5197866.59,197717397.62,1174685372.37,455319984.76,303016486.53,5711199.02,1321277671.58,568981819.9358308,6497772383.667188
2010-01-04,sz.000504,8.2,8.4,8.11,8.27,8.17,8654977.0,71283933.16,3,4.612836,1,1.224,-15.178094,9.833718,25.344026,-443.858505,0,2009-09-30,-16131077.3,-17721586.8,-16131077.3,115497906.59,28774905.18,557237111.77,295208441.59,91324447.3,-382246.0,-53782354.81,37159846.49,2009-12-30,正常票,82374094.52,101036670.01,67536116.43,,-16131077.3,88155830.55,238488346.87,318748764.9,293708441.59,1500000.0,262028670.18,187628109.9089584,1551684468.9470859
2010-01-04,sz.000505,7.5,7.65,7.36,7.44,7.48,5286272.0,39478241.35,3,1.477247,1,-0.5348,56.76021,6.072778,27.097496,9.630698,1,2009-09-30,68782623.69,66778069.96,69077057.12,3625454.11,566000811.89,1810647018.13,1278360354.21,81673206.3,-7609822.88,241528978.77,315592362.19,2009-12-30,正常票,72688429.93,137040284.18,58169541.66,294433.43,70637761.25,352247898.36,1006905337.42,803741680.71,974429104.21,303931250.0,532286663.92,357846182.79813737,2662375600.018142
2010-01-04,sz.000506,8.25,8.25,8.08,8.09,8.21,4403915.0,35805301.07,3,2.260467,1,-1.4616,25.064422,9.794635,6.00807,-276.000309,1,2009-09-30,183058277.03,242296335.0,247196694.51,42758357.93,2232039493.4,3115844770.62,2476399980.65,-103082678.21,-692620.0,153409559.09,49634260.88,2009-12-30,正常票,799915340.38,557619005.38,458188035.99,64138417.48,183058277.03,145211065.25,2730927119.2,384917651.42,2259912480.65,216487500.0,639444789.97,194823237.85306314,1576119994.2312808
2010-01-04,sz.000507,9.48,9.56,9.35,9.41,9.46,5306998.0,50023559.74,3,2.151458,1,-0.5285,160.05792,2.867951,5.817933,-13.682477,0,2009-09-30,-19960090.42,-25235891.64,-19853148.29,34904656.27,128113531.5,1576049410.91,443907644.23,11462159.9,9501543.03,-124322416.95,-103358714.02,2009-12-30,正常票,258212172.85,307142925.17,243828844.03,106942.13,-19955356.45,120171448.83,337728279.95,1238321130.96,367639324.33,76268319.9,1132141766.68,246669839.70869988,2321163191.658866
2010-01-04,sz.000509,9.49,9.57,9.36,9.37,9.47,2518176.0,23809835.45,3,1.669875,1,-1.056,-52.522446,484.181069,6.170852,-376.551108,1,2009-09-30,-9721426.51,-19107541.91,-9020469.95,67879687.89,73766405.55,664379105.78,646344676.16,6284399.68,-281168.22,-3608706.3,2394525.16,2009-12-30,正常票,271975479.78,297853021.69,221798506.75,700956.56,-10293525.33,12940715.33,288097618.75,376281487.03,632904217.23,13440458.93,18034429.62,150800269.48124862,1412998525.0392995
2010-01-04,sz.000510,9.56,9.7,9.5,9.54,9.49,13494369.0,129385958.85,3,2.215425,1,0.5269,-63.07094,5.523194,3.369218,-361.936815,0,2009-09-30,-47040984.07,-50834603.48,-48160521.13,29905218.02,667015715.68,2838235046.29,1755357563.22,223495315.25,-40378199.28,-76454505.56,106662610.41,2009-12-30,正常票,1438771204.25,1489450935.61,1345532767.94,-1119537.06,-46796605.5,395951260.49,1200161668.99,1638073377.3,1688652723.9,66704839.32,1082877483.07,609109719.3540742,5810906722.637868
2010-01-04,sz.000511,5.35,5.38,5.26,5.29,5.35,17238689.0,91426842.25,3,1.492771,1,-1.1215,70.029414,4.112205,11.904055,19.19793,0,2009-09-30,87165113.18,123932095.53,120833035.83,79813180.76,1419876739.39,2190110782.57,704518196.76,291834738.75,-61928.0,8821380.0,300594190.75,2009-12-30,退市票,468480901.21,341097380.51,284275936.71,33667922.65,87165113.18,345447337.48,1884562064.21,305548718.36,234518196.76,470000000.0,1485592585.81,1154811354.186275,6108952063.645395
2010-01-04,sz.000513,39.89,40.6,38.91,39.1,39.59,2422344.0,96231490.97,3,1.363402,1,-1.2377,33.204155,5.735569,4.905985,101.976909,0,2009-09-30,374014588.57,427447926.05,428816438.06,503862399.36,292830490.41,2979590825.08,890201853.84,360461931.74,60358037.29,-388257059.46,32807091.0,2009-12-30,正常票,1880951358.95,1512703211.49,883560597.75,54801849.49,349642291.68,572990991.36,1711792465.03,1267798360.05,778126592.31,112075261.53,2089388971.24,177669095.39519525,6946861629.952134
2010-01-04,sz.000514,13.58,13.69,13.23,13.27,13.58,7187817.0,96273492.11,3,3.172814,1,-2.2828,72.074793,4.109851,20.855484,158.768033,0,2009-09-30,89269024.29,104818632.95,104782036.51,28370793.43,974010169.44,3354238122.66,1198970242.55,-88656747.56,62128346.14,-47190301.48,-73718702.9,2009-12-30,正常票,283403995.51,197457103.58,135879505.13,15513012.22,86543047.95,405259809.86,1602216935.44,1752021187.22,583337385.0,615632857.55,2155267880.11,226543913.38414422,3006237730.6075935
2010-01-04,sz.000516,8.54,8.9,8.44,8.8,8.52,9521454.0,82840643.96,3,3.34508,1,3.2864,43.146953,5.201782,1.488391,22.368191,0,2009-09-30,62491943.28,87827190.11,84965465.61,34212824.21,35813837.96,2137170054.2,1494084619.42,226640957.57,-400183804.32,254984434.45,81441587.7,2009-12-30,正常票,1676485332.63,1588659580.27,1415890699.03,22473522.33,60444042.89,488635828.01,738065127.02,1399104927.18,1222891741.54,271192877.88,643085434.78,284640546.71338207,2504836811.0777626
2010-01-04,sz.000517,10.03,10.04,9.73,9.74,9.92,2824904.0,27733454.95,3,2.304994,1,-1.8145,28.91884,7.980076,8.394974,-161.793156,1,2009-09-30,447950331.67,602460024.47,600992650.14,6631950.0,2406895544.37,2820961257.28,1525593314.7,-45091330.57,-25766358.82,204189809.25,133332119.86,2009-12-30,正常票,1404968214.51,802230917.46,691874103.57,153042318.47,447950331.67,336842088.12,2765290970.06,55670287.22,1104593314.7,421000000.0,1295367942.58,122555807.08669956,1193693561.0244536
2010-01-04,sz.000518,4.15,4.16,4.09,4.1,4.14,12214987.0,50266244.22,3,1.355334,1,-0.9662,-29.060598,5.994789,21.600927,-175.118629,1,2009-09-30,2192765.61,2634579.26,2032633.57,93517470.04,188892385.45,747832810.64,43691127.59,-99569626.88,121628973.9,-55383749.53,-33324402.51,2009-12-30,正常票,138279463.29,141857697.83,94728101.05,-160132.04,2192765.61,30714050.01,400031599.14,347801211.5,43691127.59,,704141683.05,901252901.4988188,3695136896.1451564
2010-01-04,sz.000519,17.25,18.49,17.2,17.86,17.02,10703969.0,191802610.9,3,6.845599,1,4.9354,-472.520061,10.020906,12.179043,322.208642,0,2009-09-30,4947268.9,4978383.61,5011366.14,84616364.2,90442568.92,472840754.56,119311953.46,439877.4,3154338.77,-1074304.81,2519911.36,2009-12-30,正常票,221220716.44,218019915.74,175813515.34,64097.24,5298175.83,29735243.19,251553908.11,221286846.45,112445280.7,6866672.76,353528801.1,156362781.40159833,2792639275.832546
2010-01-04,sz.000520,5.68,5.69,5.57,5.59,5.66,7733489.0,43468814.46,3,1.155728,1,-1.236744,-13.235555,3.059251,2.05321,55.759824,0,2009-09-30,-205032968.36,-209862806.89,-193345503.95,213041835.44,72852209.12,6472697356.98,5139326308.41,-122734073.51,-221618108.63,561634253.93,217277756.83,2009-12-30,正常票,1302999655.95,1542567042.42,1309856211.44,11687464.41,-208675888.9,857455642.83,2001744198.5,4470953158.48,2653070022.97,2486256285.44,1333371048.57,669144383.453546,3740517103.5053225
2010-01-04,sz.000521,13.13,13.31,12.94,13.17,13.13,10474512.0,138018442.01,3,4.016143,1,0.3046,28.659421,4.244617,1.156945,-44.399598,0,2009-09-30,185667579.25,214355706.23,221382399.27,285150344.78,452445402.16,4415290701.41,3116270567.4,-254599988.19,290763881.91,-34404814.96,1569338.95,2009-12-30,正常票,5243601241.39,5147658310.64,3874797126.25,35714820.02,186855278.46,278463740.15,2474985103.74,1940305597.67,2973819288.81,142451278.59,1299020134.01,260810235.09372053,3434870796.1842995
2010-01-04,sz.000522,13.43,13.44,13.12,13.15,13.4,16722959.0,221143234.29,3,3.565435,1,-1.8657,79.060422,7.116533,2.313786,673.582956,0,2009-09-30,75325275.76,64999229.36,87180737.24,250690705.1,416032657.06,2858429357.2,1935439428.38,190063323.97,13920575.37,-129159801.35,74824097.99,2009-12-30,退市票,2046151280.81,2006745718.47,1333083140.06,11855461.48,66635025.55,237299706.02,1351645566.31,1506783790.89,1756636247.77,178803180.61,922989928.82,469029978.10926294,6167744212.136807
2010-01-04,sz.000523,8.25,8.29,8.19,8.23,8.27,2272768.0,18729993.93,3,2.413874,1,-0.4837,253.369648,3.081986,1.512843,32.441178,0,2009-09-30,7166949.1,9699501.2,9852297.03,136782038.13,102057276.86,742987106.28,280181006.26,16631931.92,-35690650.29,58412273.3,39353554.93,2009-12-30,正常票,695583248.13,684678946.47,587028699.73,2685347.93,7176124.25,126777460.65,428658790.86,314328315.42,269312855.45,10868150.81,462806100.02,94154375.91191587,774890513.7550676
2010-01-04,sz.000524,8.47,8.51,8.33,8.33,8.4,2495606.0,20988636.71,3,1.351955,1,-0.8333,-193.031803,3.644191,9.89364,-79.444197,0,2009-09-30,-27521310.87,-36872922.43,-36285316.89,22684360.86,4259947.56,796585304.25,180157077.8,-22802338.09,-12460801.92,-1715287.5,-36977833.96,2009-12-30,正常票,151514185.05,190347978.43,80423570.94,-8764006.02,-27521310.87,24206873.21,62575943.92,734009360.33,111346268.15,68810809.65,616428226.45,184592386.58091432,1537654580.2190163
2010-01-04,sz.000525,16.9,17.75,16.9,17.55,16.94,9649820.0,168435518.69,3,3.491049,1,3.6009,-1514.301426,7.898923,1.440215,-24.438962,0,2009-09-30,28327847.47,13048477.28,37950797.34,129395900.46,1082910634.47,3661757235.94,2887097537.87,62539382.71,-33869161.53,-103087795.85,-74417574.67,2009-12-30,正常票,2375255828.82,2365492515.24,2202091390.4,9622949.87,15639995.9,630685311.96,2564050300.12,1097706935.82,2725270916.16,161826621.71,774659698.07,276416057.17937505,4851101803.498033
2010-01-04,sz.000526,13.22,13.22,13.22,13.22,13.22,0.0,0.0,3,,0,0.0,-164.733304,8.967722,183.139264,952.27273,0,2009-09-30,-2324905.24,-2627742.58,-2324905.24,,10838.0,186194724.07,43979449.08,-6367812.99,-2580375.16,9904238.87,956050.72,2009-12-30,正常票,5055488.57,7683231.15,2497364.4,,-2074265.3,24309026.97,26005566.48,160189157.59,43377275.54,602173.54,142215274.99,,
2010-01-04,sz.000527,23.06,23.06,22.0,22.37,23.2,15119980.0,339660740.55,3,0.727701,1,-3.5776,34.390091,5.119436,1.06659,17.254135,0,2009-09-30,1981605870.0,2285720550.0,2276664410.0,3830805950.0,3557499940.0,29903535730.0,17819176580.0,3179584620.0,-818012110.0,469453810.0,2831026320.0,2009-12-30,退市票,35656772980.0,33426842830.0,27727055070.0,295058540.0,1551136770.0,4884696680.0,19620830520.0,10282705210.0,17752657660.0,66518920.0,12084359150.0,2077773701.0118165,46479797691.63434
2010-01-04,sz.000528,22.0,22.17,21.6,21.86,21.73,10357632.0,227204302.32,3,1.593125,1,0.5983,27.499335,3.743252,1.592625,15.202197,0,2009-09-30,568329680.0,666075928.24,684673233.26,1022287899.13,2090638820.3,8537813683.79,4726547497.75,1388959073.3,-362433394.93,-217016291.31,810924197.47,2009-12-30,正常票,7289869862.6,6621866503.86,5773061498.79,116343553.26,565848560.61,1690007913.25,5565541959.66,2972271724.13,4598003889.78,128543607.97,3811266186.04,650145594.3507259,14212182692.506868
2010-01-04,sz.000529,7.43,7.56,7.4,7.42,7.41,4844493.0,36231053.95,3,2.038395,1,0.135,9.702931,6.896763,5.580951,15.738795,0,2009-09-30,42270869.88,39654630.81,53197223.61,50378167.58,89700566.68,827643683.09,187979951.95,-44005019.91,-12341194.54,-106929211.77,-163275426.22,2009-12-30,正常票,719427638.74,680874217.45,601227276.66,10926353.73,41039347.08,299095547.07,479111285.57,348532397.52,187047541.63,932410.32,639663731.14,237662131.2356045,1763453013.7681854
2010-01-04,sz.000530,9.63,9.67,9.5,9.56,9.56,4253063.0,40744454.82,3,2.690668,1,0.0,26.474076,1.965818,2.586225,25.828707,0,2009-09-30,101263890.38,96080243.93,104149706.99,451266197.38,283659220.42,2701669428.72,911496794.8,59994857.83,52102681.43,-113676539.18,-1578682.93,2009-12-30,正常票,958336722.44,943966188.33,774875258.89,2885816.61,92908709.6,310759100.82,1158130535.05,1543538893.67,833804509.91,77692284.89,1790172633.92,158067178.85670024,1511122229.8700545
2010-01-04,sz.000531,17.5,17.68,17.15,17.22,17.46,3878448.0,67378063.05,3,1.455216,1,-1.3746,23.255325,5.094062,1.600858,78.696867,0,2009-09-30,363708143.93,413875369.41,471908006.24,464844882.99,663184577.09,5981652956.59,3921527786.89,207309672.16,-564054636.62,342751153.86,-13993810.6,2009-12-30,正常票,2186487767.91,1784814484.16,1536848719.54,108199862.31,206485598.38,349019988.12,1498409356.09,4483243600.5,2324929371.04,1596598415.85,2060125169.7,266520434.07988915,4589481874.855691
2010-01-04,sz.000532,12.35,12.47,12.21,12.37,12.33,6532837.0,80586234.81,3,2.072617,1,0.3244,143.106552,7.404322,22.005311,198.974078,0,2009-09-30,64310359.27,71058711.64,74239421.13,68900105.78,107191222.56,944059206.18,169995590.44,11096050.58,22698279.82,-9275978.58,24518351.82,2009-12-30,正常票,125380783.06,127951689.4,95264791.64,9929061.86,43147265.74,122570255.09,328576343.91,615482862.27,114856835.76,55138754.68,774063615.74,315197501.51619905,3898993093.755382
2010-01-04,sz.000533,11.16,11.35,10.95,11.34,11.17,9076421.0,101286927.94,3,2.278554,1,1.5219,62.657749,8.819679,2.372449,-158.002673,0,2009-09-30,83490080.93,100704952.2,103622611.98,756671320.58,717390947.84,2681403297.55,1941216344.27,108610907.71,-12211715.24,-130949523.14,-34550330.67,2009-12-30,正常票,1926685445.31,1829937343.82,1351755683.93,20132531.05,83490080.93,404243880.5,2184160498.39,497242799.16,1916424501.1,24791843.17,740186953.28,398341272.57901275,4517190031.046004
2010-01-04,sz.000534,8.04,8.12,7.97,8.07,8.03,5523184.0,44412288.9,3,2.663589,1,0.4981,52.800261,3.506173,3.037124,63.586437,0,2009-09-30,18552460.53,43628693.26,43461406.0,10699343.76,722831369.77,1375710384.5,751082136.93,278729050.64,55565384.59,-328923594.8,5370840.43,2009-12-30,正常票,376671906.89,333845057.41,217466035.01,24908945.47,3063154.78,359256123.77,1202229246.55,173481137.95,678561825.56,72520311.37,624628247.57,207358717.88027358,1673384853.2938077
2010-01-04,sz.000536,19.4,20.18,19.13,19.5,19.7,12300753.0,242929050.52,3,18.036086,1,-1.0152,-1183.516971,64.025418,23.934394,-2898.348741,0,2009-09-30,202198170.77,227369865.63,230409627.49,14462380.12,67986659.42,168331892.78,124134121.09,184186735.0,-99332717.99,-433547081.69,-349060031.4,2009-12-30,正常票,1207757349.44,990405861.67,837771606.4,28211456.72,151648628.08,8759944.61,105068875.66,63263017.12,111147891.09,12986230.0,44197771.69,68200789.23997146,1329915390.1794434
2010-01-04,sz.000537,14.31,14.8,13.75,13.79,14.28,27646506.0,389918817.4,3,5.392151,1,-3.4314,-134.907926,15.316795,4.956635,42.015409,0,2009-09-30,32172956.6,48486089.11,48645772.95,85617616.26,2092697414.56,3011083557.69,2291709379.88,641897062.17,2168465.07,-522057655.06,122007872.18,2009-12-30,正常票,318948858.68,268370850.63,199113740.32,16472816.35,22244453.74,465756676.43,2690221948.98,320861608.71,2071034096.3,220675283.58,719374177.81,512717577.82747555,7070375398.240888
2010-01-04,sz.000538,60.3,60.5,58.2,58.2,60.4,2570498.0,152116310.62,3,0.531056,1,-3.6424,54.439943,9.181733,4.48773,19.375235,0,2009-09-30,413317650.61,482154729.66,484822150.83,395473634.81,1563288892.5,5651142563.06,2213879878.39,350035140.93,-195721735.85,-180752316.46,-26438911.39,2009-12-30,正常票,5310421397.66,4832682202.01,3771371410.5,71504500.22,410622108.07,2308895082.94,4746266522.58,904876040.48,2194048443.23,19831435.16,3437262684.67,484035205.3267452,28170848950.01657
2010-01-04,sz.000539,7.84,7.87,7.73,7.73,7.83,7175904.0,55714782.75,3,0.361171,1,-1.2771,20.250385,2.218431,1.784356,61.205107,0,2009-09-30,979906177.0,1300339731.0,1255669248.0,2496071221.19,669912117.65,27105184927.98,15191255484.02,3878592665.0,-2560592233.0,-1252383894.0,65616538.0,2009-12-30,正常票,8869340687.0,7968951244.0,6939585592.0,275763071.0,869754635.0,1454600610.18,6003641180.93,21101543747.05,7968467934.89,7222787549.13,11913929443.96,1986843904.9646842,15358303385.37701
2010-01-04,sz.000540,18.57,18.62,17.8,18.13,18.53,10177284.0,184055321.04,3,3.382009,1,-2.1587,23.617048,9.626481,6.911505,51.629158,0,2009-09-30,328413979.33,212240351.06,441385414.94,121784949.03,3301318033.19,4827109549.76,3711055286.09,-56423084.87,-8512604.12,652943695.34,588008006.35,2009-12-30,退市票,1036093819.66,824347330.06,643813571.12,112971435.61,328994147.54,717637182.17,4561634081.17,265475468.59,2069822686.27,1641232599.82,1116054263.67,300924213.9805069,5455755999.46659
2010-01-04,sz.000541,10.48,10.74,10.34,10.59,10.39,19575282.0,207229785.39,3,3.179685,1,1.9249,64.005071,4.015045,5.842985,-2508.704906,0,2009-09-30,147291311.42,165872448.66,176365743.04,253920567.2,283018136.3,2914368177.92,288119609.98,327794293.84,-132977219.04,-146333048.86,45797605.09,2009-12-30,正常票,1305694929.0,1144870236.14,1010374019.45,29074431.62,134408571.49,966941783.77,1614085589.91,1300282588.01,288118718.98,891.0,2626248567.94,615635888.4606494,6519584058.798277
2010-01-04,sz.000543,9.44,9.45,9.21,9.24,9.35,5586012.0,52005994.7,3,0.722643,1,-1.1765,83.801757,1.760416,2.277964,14.969317,0,2009-09-30,159018259.91,86892308.74,192012752.37,306657906.57,187640363.58,10759200957.95,5377740360.74,820811677.96,-875296565.36,360460177.95,305975290.55,2009-12-30,正常票,2420900142.25,2426267148.46,2297465927.37,32994492.46,130300026.54,847613415.78,1756625390.32,9002575567.63,2882191809.27,2495548551.47,5381460597.21,772997455.1749618,7142496485.816648
2010-01-04,sz.000544,10.2,10.29,10.01,10.23,10.31,7275154.0,73929443.57,3,6.37173,1,-0.7759,46.730802,5.529442,10.017609,-120.6318,0,2009-09-30,42920185.81,57242160.92,57242160.92,143914853.11,2081736.37,681037437.73,182510911.07,-41148037.71,-8265389.98,-25732778.75,-75146206.44,2009-12-30,正常票,191076031.72,133853688.16,115222631.19,14321975.11,42920185.81,23893952.44,199659106.4,481378331.33,152310911.07,30200000.0,498526526.66,114178629.66572657,1168047381.480383
2010-01-04,sz.000545,10.65,10.92,10.53,10.82,10.65,6370946.0,68114739.54,3,5.759633,1,1.5962,-52.699598,105.949878,16.941819,1264.758621,0,2009-09-30,-31476100.36,-22277471.98,-31476100.36,72755779.77,56062934.51,311055702.13,294895267.29,-5574446.97,114908534.62,-106859940.42,2474147.23,2009-12-30,正常票,71878918.0,76364523.07,37556120.43,,-31475922.05,2632715.25,196998084.19,114057617.94,287595267.29,7300000.0,16160434.84,110613749.17464359,1196840766.0696437
2010-01-04,sz.000546,14.17,14.35,13.83,14.12,14.14,3448412.0,48334777.29,3,2.35808,1,-0.1414,-303.221934,18.394069,8.254561,300.866722,0,2009-09-30,10265516.09,14682208.12,14255170.08,477858.3,148040391.96,304903165.91,146294654.09,27524632.9,22389316.3,-74677446.81,-24763497.61,2009-12-30,正常票,287139391.0,291843535.18,256631953.13,3989653.99,10399987.8,20510541.91,246667446.35,58235719.56,137484515.47,8810138.62,158608511.82,146238125.9329624,2064882338.1734288
