date,code,open,high,low,close,preclose,volume,amount,adjustflag,turn,tradestatus,pctChg,peTTM,pbMRQ,psTTM,pcfNcfTTM,isST
2010-01-04,sh.600068,11.7900,11.7900,11.4500,11.4700,11.7100,23741827,274039006.0000,3,1.933440,1,-2.049500,21.726560,4.409976,0.984986,48.549971,0
2010-01-05,sh.600068,11.3000,11.8000,11.1600,11.7200,11.4700,60781506,697331547.0000,3,4.949804,1,2.179600,22.200112,4.506095,1.006455,49.608165,0
2010-01-06,sh.600068,11.5900,12.0600,11.5600,11.9300,11.7200,63728401,758872261.0000,3,5.189788,1,1.791800,22.597895,4.586836,1.024489,50.497049,0
2010-01-07,sh.600068,11.8500,12.0000,11.4500,11.5500,11.9300,47179661,554840532.0000,3,3.842124,1,-3.185200,21.878096,4.440734,0.991856,48.888593,0
2010-01-08,sh.600068,11.5400,11.6400,11.2700,11.4800,11.5500,33287810,380291806.0000,3,2.368654,1,-0.606100,23.541670,4.778400,1.067275,52.605999,0
2010-01-11,sh.600068,11.7000,11.8300,11.4000,11.7600,11.4800,39531111,460467252.0000,3,2.812907,1,2.439000,24.115857,4.894946,1.093306,53.889072,0
2010-01-12,sh.600068,11.7000,12.0500,11.5600,12.0400,11.7600,48194492,572243552.0000,3,3.429366,1,2.381000,24.690044,5.011493,1.119337,55.172145,0
2010-01-13,sh.600068,11.8500,12.4600,11.7700,12.0600,12.0400,87735029,1068426248.0000,3,6.242944,1,0.166100,24.731057,5.019817,1.121197,55.263794,0
2010-01-14,sh.600068,12.0700,12.5500,12.0700,12.4500,12.0600,73088048,903095311.0000,3,5.200711,1,3.233800,25.530818,5.182150,1.157454,57.050931,0
2010-01-15,sh.600068,12.5000,12.5800,12.3400,12.4300,12.4500,41641999,518075983.0000,3,2.963111,1,-0.160600,25.489805,5.173825,1.155595,56.959283,0
2010-01-18,sh.600068,12.4300,13.2000,12.4300,13.0800,12.4300,76649576,983830998.0000,3,5.454138,1,5.229300,26.822739,5.444379,1.216024,59.937846,0
2010-01-19,sh.600068,13.0500,13.5100,13.0100,13.2700,13.0800,79149004,1053575538.0000,3,5.631990,1,1.452600,27.212366,5.523464,1.233688,60.808502,0
2010-01-20,sh.600068,13.2800,13.3500,12.8100,12.8700,13.2700,56365604,734283970.0000,3,4.010796,1,-3.014300,26.392099,5.356969,1.196501,58.975541,0
2010-01-21,sh.600068,12.9700,13.1000,12.5500,12.8900,12.8700,44087408,564138965.0000,3,3.137119,1,0.155400,26.433112,5.365294,1.198360,59.067189,0
2010-01-22,sh.600068,12.6700,12.8600,12.1100,12.3800,12.8900,46476405,579669563.0000,3,3.307112,1,-3.956600,25.387271,5.153013,1.150947,56.730163,0
2010-01-25,sh.600068,12.3100,12.5300,12.1100,12.2100,12.3800,21628998,266803094.0000,3,1.539050,1,-1.373200,25.038658,5.082253,1.135142,55.951154,0
2010-01-26,sh.600068,12.2100,12.4600,11.9400,12.0400,12.2100,30806868,375005140.0000,3,2.192118,1,-1.392300,24.690044,5.011493,1.119337,55.172145,0
2010-01-27,sh.600068,12.0400,12.5600,11.9200,12.3400,12.0400,37895567,466554089.0000,3,2.696527,1,2.491700,25.305245,5.136364,1.147228,56.546867,0
2010-01-28,sh.600068,12.3600,12.5500,12.0500,12.3900,12.3400,31025110,383081823.0000,3,2.207647,1,0.405200,25.407778,5.157175,1.151876,56.775987,0
2010-01-29,sh.600068,12.3100,13.0400,12.2000,12.8600,12.3900,53444022,680038702.0000,3,3.802905,1,3.793400,26.371592,5.352807,1.195571,58.929717,0
2010-02-01,sh.600068,12.7900,13.1900,12.5000,12.8400,12.8600,48770793,629309312.0000,3,3.470373,1,-0.155500,26.330579,5.344482,1.193712,58.838069,0
2010-02-02,sh.600068,12.9200,13.0600,12.6000,12.6400,12.8400,23829441,305505513.0000,3,1.695627,1,-1.557600,25.920445,5.261235,1.175118,57.921588,0
2010-02-03,sh.600068,12.6200,12.8500,12.1300,12.6900,12.6400,35065666,439313073.0000,3,2.495160,1,0.395600,26.022978,5.282047,1.179767,58.150708,0
2010-02-04,sh.600068,12.6200,13.7500,12.5000,13.3400,12.6900,79681351,1053473507.0000,3,5.669870,1,5.122100,27.355913,5.552601,1.240196,61.129271,0
2010-02-05,sh.600068,13.0000,13.7000,12.9600,13.3400,13.3400,65480263,873216149.0000,3,4.659366,1,0.000000,27.355913,5.552601,1.240196,61.129271,0
2010-02-08,sh.600068,13.3000,13.6600,13.0900,13.5900,13.3400,34113572,459607266.0000,3,2.427413,1,1.874100,27.868580,5.656660,1.263438,62.274872,0
2010-02-09,sh.600068,13.5600,13.6700,13.0000,13.2400,13.5900,26522321,353118332.0000,3,1.887243,1,-2.575400,27.150846,5.510977,1.230899,60.671030,0
2010-02-10,sh.600068,13.3700,13.6000,13.1900,13.2600,13.2400,21312346,284967131.0000,3,1.516518,1,0.151100,27.191859,5.519302,1.232759,60.762678,0
2010-02-11,sh.600068,13.3900,13.4900,13.2200,13.4100,13.2600,21496843,287149973.0000,3,1.529646,1,1.131200,27.499459,5.581737,1.246704,61.450039,0
2010-02-12,sh.600068,13.4900,13.4900,13.1400,13.2400,13.4100,18942251,251724651.0000,3,1.347870,1,-1.267700,27.150846,5.510977,1.230899,60.671030,0
2010-02-22,sh.600068,13.2800,13.9500,13.1500,13.7600,13.2400,37773404,515170627.0000,3,2.687834,1,3.927500,28.217193,5.727420,1.279243,63.053881,0
2010-02-23,sh.600068,13.7500,14.0000,13.4800,13.8000,13.7600,30517668,419483336.0000,3,2.171540,1,0.290700,28.299220,5.744070,1.282962,63.237177,0
2010-02-24,sh.600068,13.8000,14.1000,13.6600,14.0300,13.8000,24964274,347843842.0000,3,1.776378,1,1.666700,28.770874,5.839804,1.304344,64.291130,0
2010-02-25,sh.600068,14.0500,14.3200,13.9300,14.0800,14.0300,35455169,501658927.0000,3,2.522876,1,0.356400,28.873407,5.860616,1.308993,64.520250,0
2010-02-26,sh.600068,13.9900,14.2200,13.7500,13.8000,14.0800,36270341,508734864.0000,3,2.580881,1,-1.988600,28.299220,5.744070,1.282962,63.237177,0
2010-03-01,sh.600068,13.8000,13.9100,13.6000,13.8400,13.8000,32026906,439295757.0000,3,2.278932,1,0.289900,28.381247,5.760719,1.286680,63.420473,0
2010-03-02,sh.600068,13.8300,14.0000,13.6400,13.7400,13.8400,26404866,364493471.0000,3,1.878886,1,-0.722500,28.176180,5.719095,1.277383,62.962232,0
2010-03-03,sh.600068,13.7500,14.0900,13.7500,14.0300,13.7400,30280593,421164937.0000,3,2.154670,1,2.110600,28.770874,5.839804,1.304344,64.291130,0
2010-03-04,sh.600068,14.0500,14.3400,13.5100,13.6000,14.0300,45380350,636174174.0000,3,3.229120,1,-3.064900,27.889086,5.660822,1.264368,62.320696,0
2010-03-05,sh.600068,13.6400,13.7600,13.3600,13.6300,13.6000,23670725,320847535.0000,3,1.684333,1,0.220600,27.950606,5.673309,1.267157,62.458168,0
2010-03-08,sh.600068,13.5600,13.6700,13.4600,13.6400,13.6300,14108427,191458970.0000,3,1.003910,1,0.073400,27.971113,5.677472,1.268087,62.503992,0
2010-03-09,sh.600068,13.6800,13.7300,13.4500,13.6100,13.6400,13430855,182423711.0000,3,0.955697,1,-0.219900,27.909593,5.664985,1.265298,62.366520,0
2010-03-10,sh.600068,13.5700,13.6800,13.2000,13.2800,13.6100,19512167,261214833.0000,3,1.388423,1,-2.424700,27.232873,5.527626,1.234618,60.854327,0
2010-03-11,sh.600068,13.2600,13.3700,12.9200,13.0400,13.2800,18449876,241578938.0000,3,1.312834,1,-1.807200,26.740712,5.427729,1.212306,59.754550,0
2010-03-12,sh.600068,13.0500,13.2600,12.9000,12.9700,13.0400,16079214,210532409.0000,3,1.144145,1,-0.536800,26.597165,5.398593,1.205798,59.433781,0
2010-03-15,sh.600068,12.9600,13.1000,12.8800,13.0800,12.9700,10692623,138820603.0000,3,0.760853,1,0.848100,26.822739,5.444379,1.216024,59.937846,0
2010-03-16,sh.600068,13.1500,13.1900,13.0300,13.1900,13.0800,9947451,130548813.0000,3,0.707829,1,0.841000,27.048312,5.490165,1.226251,60.441910,0
2010-03-17,sh.600068,13.2000,13.4000,13.1200,13.3600,13.1900,21316978,282794067.0000,3,1.516848,1,1.288900,27.396926,5.560925,1.242055,61.220919,0
2010-03-18,sh.600068,13.3800,13.4900,13.1600,13.3300,13.3600,11754714,156510299.0000,3,0.836428,1,-0.224600,27.335406,5.548438,1.239266,61.083447,0
2010-03-19,sh.600068,13.3300,13.3300,13.3300,13.3300,13.3300,0,0.0000,3,,0,0.000000,27.335406,5.548438,1.239266,61.083447,0
2010-03-22,sh.600068,13.6500,13.8700,13.4900,13.5900,13.3300,37108033,507591111.0000,3,2.640489,1,1.950500,27.868580,5.656660,1.263438,62.274872,0
2010-03-23,sh.600068,13.6400,13.7900,13.5400,13.7400,13.5900,17767159,243250104.0000,3,1.264254,1,1.103800,28.176180,5.719095,1.277383,62.962232,0
2010-03-24,sh.600068,13.8100,14.4500,13.7000,14.2100,13.7400,50025272,706200078.0000,3,3.559638,1,3.420700,29.139994,5.914727,1.321078,65.115962,0
2010-03-25,sh.600068,14.4500,14.8500,14.2100,14.2700,14.2100,50567690,732334129.0000,3,3.598235,1,0.422200,29.263034,5.939701,1.326657,65.390907,0
2010-03-26,sh.600068,14.3000,14.3900,14.1000,14.2900,14.2700,23423818,333679813.0000,3,1.666764,1,0.140200,29.304047,5.948026,1.328516,65.482555,0
2010-03-29,sh.600068,14.2500,14.5800,14.2200,14.3800,14.2900,21505880,309112922.0000,3,1.530290,1,0.629800,29.488607,5.985487,1.336883,65.894971,0
2010-03-30,sh.600068,14.4000,14.4000,14.1200,14.1900,14.3800,17815880,253429850.0000,3,1.267721,1,-1.321300,29.098981,5.906402,1.319219,65.024314,0
2010-03-31,sh.600068,14.1900,14.5000,14.1900,14.3800,14.1900,17486173,250659796.0000,3,1.244260,1,1.339000,29.488607,5.985487,1.336883,65.894971,0
2010-04-01,sh.600068,14.4000,14.8000,14.2200,14.6100,14.3800,27250046,398241876.0000,3,1.939026,1,1.599400,29.960261,6.081221,1.358266,66.948924,0
2010-04-02,sh.600068,14.5600,14.6600,14.4100,14.4700,14.6100,14679109,212842238.0000,3,1.044518,1,-0.958200,29.673168,6.022948,1.345250,66.307387,0
2010-04-06,sh.600068,14.5400,14.6300,14.1500,14.2200,14.4700,22809588,326304211.0000,3,1.623057,1,-1.727700,29.160501,5.918889,1.322008,65.161786,0
2010-04-07,sh.600068,14.2000,14.3400,14.0500,14.1400,14.2200,15791110,223893988.0000,3,1.123645,1,-0.562600,28.996447,5.885590,1.314571,64.795194,0
2010-04-08,sh.600068,14.1800,14.5800,14.1200,14.2400,14.1400,23906705,343038710.0000,3,1.701125,1,0.707200,29.201514,5.927214,1.323868,65.253434,0
2010-04-09,sh.600068,14.2600,14.5300,14.2400,14.4600,14.2400,19708412,283891064.0000,3,1.402387,1,1.544900,29.652661,6.018786,1.344321,66.261563,0
2010-04-12,sh.600068,14.5300,14.8500,14.3700,14.8200,14.4600,34003799,497287485.0000,3,2.419601,1,2.489600,26.042018,4.209233,1.295279,31.843558,0
2010-04-13,sh.600068,14.8500,15.0000,14.3200,14.6400,14.8200,31621122,465124821.0000,3,2.250058,1,-1.214600,25.725719,4.158109,1.279547,31.456794,0
2010-04-14,sh.600068,14.6500,14.7000,14.3000,14.6000,14.6400,16432245,238714689.0000,3,1.169266,1,-0.273200,25.655430,4.146748,1.276051,31.370846,0
2010-04-15,sh.600068,14.6300,14.6600,14.3400,14.3900,14.6000,14307748,206224070.0000,3,1.018094,1,-1.438400,25.286413,4.087103,1.257697,30.919622,0
2010-04-16,sh.600068,14.3500,14.4200,14.1500,14.3000,14.3900,10535530,150322828.0000,3,0.749675,1,-0.625400,25.128263,4.061541,1.249831,30.726240,0
2010-04-19,sh.600068,14.2000,14.2900,13.2800,13.4300,14.3000,24582389,340705791.0000,3,1.749204,1,-6.083900,23.599481,3.814440,1.173792,28.856881,0
2010-04-20,sh.600068,13.4500,13.6000,13.0600,13.5400,13.4300,19209224,256020125.0000,3,1.366867,1,0.819100,23.792775,3.845683,1.183406,29.093237,0
2010-04-21,sh.600068,13.6100,13.9900,13.4600,13.9500,13.5400,21986081,303024226.0000,3,1.564459,1,3.028100,24.513236,3.962132,1.219241,29.974199,0
2010-04-22,sh.600068,13.9900,14.2200,13.7900,13.8100,13.9500,23292159,326969408.0000,3,1.657395,1,-1.003600,24.267225,3.922369,1.207005,29.673383,0
2010-04-23,sh.600068,13.8100,14.1100,13.7000,13.9200,13.8100,19720010,274849279.0000,3,1.403213,1,0.796500,24.460519,3.953612,1.216619,29.909739,0
2010-04-26,sh.600068,13.9200,14.0900,13.3700,13.3800,13.9200,21267346,290212247.0000,3,1.513316,1,-3.879300,23.511620,3.800239,1.169422,28.749447,0
2010-04-27,sh.600068,13.4000,13.4500,12.3500,12.7600,13.3800,35384503,451634794.0000,3,2.517848,1,-4.633800,22.422143,3.624144,1.115234,27.417260,0
2010-04-28,sh.600068,12.5800,13.0500,12.4800,12.5700,12.7600,21512755,274131054.0000,3,1.530779,1,-1.489000,22.088271,3.570179,1.098628,27.009010,0
2010-04-29,sh.600068,12.8500,12.8800,12.0000,12.0800,12.5700,22695074,283148116.0000,3,1.614909,1,-3.898200,21.227232,3.431008,1.055801,25.956152,0
2010-04-30,sh.600068,12.1400,12.3000,11.6800,12.2100,12.0800,21108584,252376138.0000,3,1.502019,1,1.076200,20.406978,2.911572,0.995710,38.898597,0
2010-05-04,sh.600068,11.9000,12.2100,11.8000,12.0800,12.2100,8916703,107617217.0000,3,0.634484,1,-1.064700,20.189705,2.880572,0.985109,38.484443,0
2010-05-05,sh.600068,11.9700,12.0600,11.5000,12.0300,12.0800,22703571,268383258.0000,3,1.615513,1,-0.413900,20.106138,2.868649,0.981032,38.325153,0
2010-05-06,sh.600068,12.0200,12.1200,11.3600,11.4000,12.0300,24334622,286033879.0000,3,1.731574,1,-5.236900,19.053198,2.718421,0.929656,36.318100,0
2010-05-07,sh.600068,11.2200,11.2300,10.7000,10.7400,11.4000,34245967,375074120.0000,3,2.436833,1,-5.789500,17.950118,2.561039,0.875834,34.215473,0
2010-05-10,sh.600068,10.9000,11.0600,10.5700,10.8800,10.7400,18651227,202149707.0000,3,1.327162,1,1.303500,18.184105,2.594423,0.887250,34.661485,0
2010-05-11,sh.600068,11.1100,11.1800,10.4900,10.5100,10.8800,24917503,270364515.0000,3,1.773050,1,-3.400700,17.565712,2.506193,0.857077,33.482740,0
2010-05-12,sh.600068,10.3600,10.4300,9.9500,10.2300,10.5100,20665292,209962456.0000,3,1.470476,1,-2.664100,17.097738,2.439425,0.834244,32.590716,0
2010-05-13,sh.600068,10.2500,10.6800,10.1500,10.6300,10.2300,28891772,301772204.0000,3,2.055846,1,3.910100,17.766272,2.534808,0.866863,33.865036,0
2010-05-14,sh.600068,10.5300,10.6200,10.3900,10.5100,10.6300,19212941,201835074.0000,3,1.367131,1,-1.128900,17.565712,2.506193,0.857077,33.482740,0
2010-05-17,sh.600068,10.5100,10.5100,10.5100,10.5100,10.5100,0,0.0000,3,,0,0.000000,17.565712,2.506193,0.857077,33.482740,0
2010-05-18,sh.600068,9.8000,10.4000,9.7000,10.1400,10.5100,26886696,268943641.0000,3,1.860181,1,-3.520500,16.947318,2.417964,0.826904,32.303994,0
2010-05-19,sh.600068,9.9100,10.3400,9.9100,10.0400,10.1400,17755664,179912748.0000,3,1.228442,1,-0.986200,16.780185,2.394118,0.818750,31.985415,0
2010-05-20,sh.600068,10.0300,10.3100,9.9600,10.0900,10.0400,21488704,218307803.0000,3,1.486716,1,0.498000,16.863752,2.406041,0.822827,32.144704,0
2010-05-21,sh.600068,9.8400,10.6000,9.7600,10.5800,10.0900,33240933,342758044.0000,3,2.299804,1,4.856300,17.682705,2.522885,0.862786,33.705746,0
2010-05-24,sh.600068,10.7100,11.1500,10.7100,11.0900,10.5800,36282989,398350894.0000,3,2.510272,1,4.820400,18.535085,2.644499,0.904376,35.330503,0
2010-05-25,sh.600068,10.9800,11.0400,10.6800,10.7900,11.0900,25283713,274185559.0000,3,1.749277,1,-2.705100,18.033685,2.572961,0.879911,34.374763,0
2010-05-26,sh.600068,10.7700,11.0900,10.7400,11.0100,10.7900,23470382,257394594.0000,3,1.623820,1,2.038900,18.401378,2.625422,0.897852,35.075639,0
2010-05-27,sh.600068,11.4400,11.5300,11.1200,11.2400,11.0100,39718698,448422738.0000,3,2.747975,1,2.089000,18.785785,2.680268,0.916608,35.808372,0
2010-05-28,sh.600068,11.3300,11.3700,10.8800,11.0600,11.2400,32740814,363019768.0000,3,2.265203,1,-1.601400,18.484945,2.637345,0.901929,35.234929,0
2010-05-31,sh.600068,11.0600,11.2700,10.8000,10.8100,11.0600,20834391,231017173.0000,3,1.441446,1,-2.260400,18.067112,2.577731,0.881542,34.438479,0
2010-06-01,sh.600068,10.7000,10.9700,10.5300,10.7700,10.8100,23372177,251498079.0000,3,1.617026,1,-0.370000,18.000258,2.568192,0.878280,34.311047,0
2010-06-02,sh.600068,10.6400,10.8900,10.5600,10.8800,10.7700,14131140,151590590.0000,3,0.977676,1,1.021400,18.184105,2.594423,0.887250,34.661485,0
2010-06-03,sh.600068,10.9300,11.1300,10.8200,10.8400,10.8800,18863655,207661032.0000,3,1.305099,1,-0.367600,18.117252,2.584884,0.883989,34.534053,0
2010-06-04,sh.600068,10.7600,10.9800,10.7200,10.9200,10.8400,10209982,110897902.0000,3,0.706387,1,0.738000,18.250958,2.603961,0.890512,34.788917,0
2010-06-07,sh.600068,10.6100,10.9200,10.6100,10.8500,10.9200,12673791,136843326.0000,3,0.876848,1,-0.641000,18.133965,2.587269,0.884804,34.565911,0
2010-06-08,sh.600068,10.9800,11.0700,10.7900,10.9700,10.8500,12480918,136541964.0000,3,0.863504,1,1.106000,18.334525,2.615884,0.894590,34.948207,0
2010-06-09,sh.600068,10.9700,11.2400,10.9100,11.1900,10.9700,17080877,189442645.0000,3,1.181756,1,2.005463,18.702218,2.668345,0.912531,35.649083,0
2010-06-10,sh.600068,11.1500,11.3000,11.0400,11.1900,11.1900,15898047,177675814.0000,3,1.099921,1,0.000000,18.702218,2.668345,0.912531,35.649083,0
2010-06-11,sh.600068,11.2700,11.3300,11.1000,11.2700,11.1900,17560487,196877690.0000,3,1.214938,1,0.714900,18.835925,2.687421,0.919054,35.903946,0
2010-06-17,sh.600068,11.3200,11.3600,11.1900,11.2700,11.2700,10604911,119574148.0000,3,0.733711,1,0.000000,18.835925,2.687421,0.919054,35.903946,0
2010-06-18,sh.600068,11.2700,11.2700,11.2700,11.2700,11.2700,0,0.0000,3,,0,0.000000,18.835925,2.687421,0.919054,35.903946,0
2010-06-21,sh.600068,11.0000,11.6000,10.9000,11.5800,11.2700,29075539,327680563.0000,3,2.011618,1,2.750700,19.354038,2.761343,0.944335,36.891544,0
2010-06-22,sh.600068,11.5700,12.0800,11.4600,11.8900,11.5800,34602936,410536135.0000,3,2.394036,1,2.677000,19.872151,2.835265,0.969615,37.879141,0
2010-06-23,sh.600068,11.8500,12.1000,11.6300,11.8700,11.8900,27274174,324714062.0000,3,1.886989,1,-0.168200,19.838725,2.830496,0.967984,37.815425,0
2010-06-24,sh.600068,11.9000,11.9300,11.6700,11.8500,11.8700,10536644,124175597.0000,3,0.728987,1,-0.168500,19.805298,2.825727,0.966353,37.751709,0
2010-06-25,sh.600068,11.7800,11.8100,11.5000,11.6800,11.8500,10765722,125244217.0000,3,0.744836,1,-1.434600,19.521171,2.785189,0.952489,37.210124,0
2010-06-28,sh.600068,11.6700,11.7400,11.3000,11.3800,11.6800,10902443,125255092.0000,3,0.754296,1,-2.568500,19.019771,2.713652,0.928025,36.254384,0
2010-06-29,sh.600068,11.3800,11.4900,10.6500,10.7000,11.3800,17237846,189814749.0000,3,1.192616,1,-5.975400,17.883265,2.551500,0.872572,34.088041,0
2010-06-30,sh.600068,10.5600,10.6500,10.2800,10.4300,10.7000,13291340,138767073.0000,3,0.919574,1,-2.523400,17.432005,2.487117,0.850554,33.227876,0
2010-07-01,sh.600068,10.5000,10.6400,10.2500,10.2800,10.4300,10369246,108160481.0000,3,0.717406,1,-1.438200,17.181305,2.451348,0.838321,32.750006,0
2010-07-02,sh.600068,10.3000,10.4800,9.9900,10.3600,10.2800,20589603,209273573.0000,3,1.424511,1,0.778200,17.315012,2.470425,0.844845,33.004870,0
2010-07-05,sh.600068,10.2500,10.5800,10.0600,10.4100,10.3600,15411854,158958047.0000,3,1.066283,1,0.482600,17.398578,2.482347,0.848923,33.164160,0
2010-07-06,sh.600068,10.3800,10.7900,10.3800,10.6600,10.4100,11422754,121327825.0000,3,0.790294,1,2.401500,17.816412,2.541962,0.869310,33.960609,0
2010-07-07,sh.600068,10.7000,11.1000,10.6200,10.9200,10.6600,15913596,174147020.0000,3,1.100997,1,2.439000,18.250958,2.603961,0.890512,34.788917,0
2010-07-08,sh.600068,10.9900,11.0200,10.7700,10.9300,10.9200,7479247,81314625.0000,3,0.517459,1,0.091600,18.267672,2.606346,0.891328,34.820775,0
2010-07-09,sh.600068,11.0800,11.3900,10.9300,11.2300,10.9300,17453747,195246843.0000,3,1.207554,1,2.744700,18.769072,2.677883,0.915793,35.776514,0
2010-07-12,sh.600068,11.4100,11.4400,11.2400,11.3600,11.2300,13802125,156834683.0000,3,0.954913,1,1.157600,18.986345,2.708883,0.926394,36.190668,0
2010-07-13,sh.600068,11.3000,11.3000,11.0400,11.1600,11.3600,12911958,144257074.0000,3,0.893326,1,-1.760600,18.652078,2.661191,0.910084,35.553509,0
2010-07-14,sh.600068,11.2100,11.4700,11.2000,11.3800,11.1600,13356957,151758475.0000,3,0.924113,1,1.971300,19.019771,2.713652,0.928025,36.254384,0
2010-07-15,sh.600068,7.5200,7.7300,7.3000,7.3500,7.5200,16813204,127263150.0000,3,0.775491,1,-2.260600,18.426448,2.628999,0.899075,35.123426,0
2010-07-16,sh.600068,7.3500,7.4400,7.1400,7.3100,7.3500,18540557,135138763.0000,3,0.855164,1,-0.544217,18.326168,2.614692,0.894182,34.932278,0
2010-07-19,sh.600068,7.2300,7.8000,7.1300,7.6700,7.3100,32393492,244591119.0000,3,1.494116,1,4.924800,19.228688,2.743459,0.938218,36.652609,0
2010-07-20,sh.600068,7.7300,8.0300,7.7300,7.9500,7.6700,44195862,349239038.0000,3,2.038488,1,3.650600,19.930648,2.843611,0.972469,37.990644,0
2010-07-21,sh.600068,8.0500,8.1600,7.8500,7.9400,7.9500,40892538,327574439.0000,3,1.886125,1,-0.125800,19.905578,2.840034,0.971246,37.942857,0
2010-07-22,sh.600068,7.9900,8.7200,7.9900,8.6000,7.9400,103920732,884090739.0000,3,4.793234,1,8.312300,21.560198,3.076108,1.051979,41.096798,0
2010-07-23,sh.600068,8.6600,8.7200,8.5000,8.7000,8.6000,65537706,564223741.0000,3,3.022858,1,1.162800,21.810898,3.111876,1.064211,41.574667,0
2010-07-26,sh.600068,8.7000,8.8500,8.5400,8.7400,8.7000,51166615,447061204.0000,3,2.360006,1,0.459800,21.911178,3.126184,1.069104,41.765815,0
2010-07-27,sh.600068,8.7500,9.0900,8.6200,9.0200,8.7400,68057033,603477550.0000,3,3.139059,1,3.203700,22.613138,3.226336,1.103355,43.103850,0
2010-07-28,sh.600068,9.0000,9.1000,8.9100,9.0600,9.0200,55418623,500193182.0000,3,2.556126,1,0.443500,22.713418,3.240644,1.108248,43.294998,0
2010-07-29,sh.600068,9.0600,9.1500,8.7500,8.8900,9.0600,83257895,741243363.0000,3,3.840183,1,-1.876400,22.287228,3.179837,1.087453,42.482620,0
2010-07-30,sh.600068,8.9000,8.9900,8.7600,8.8000,8.8900,39295983,347773936.0000,3,1.812486,1,-1.012400,22.061598,3.147645,1.076444,42.052537,0
2010-08-02,sh.600068,8.8000,9.0900,8.7200,8.9500,8.8000,47574967,425645200.0000,3,2.194345,1,1.704500,22.437648,3.201298,1.094792,42.769342,0
2010-08-03,sh.600068,8.9900,9.0300,8.7700,8.8000,8.9500,50493357,452047091.0000,3,2.328953,1,-1.676000,22.061598,3.147645,1.076444,42.052537,0
2010-08-04,sh.600068,8.7900,8.8500,8.5600,8.8000,8.8000,40297399,350169660.0000,3,1.858675,1,0.000000,22.061598,3.147645,1.076444,42.052537,0
2010-08-05,sh.600068,8.8300,9.2200,8.7700,9.0900,8.8000,78593749,711750811.0000,3,3.625054,1,3.295500,22.788628,3.251374,1.111917,43.438359,0
2010-08-06,sh.600068,9.1000,9.5800,9.1000,9.4600,9.0900,90744780,851403076.0000,3,4.185507,1,4.070400,23.716218,3.383719,1.157177,45.206477,0
2010-08-09,sh.600068,9.5000,9.5200,9.3500,9.4400,9.4600,43413390,409259089.0000,3,2.002397,1,-0.211400,23.666078,3.376565,1.154730,45.110903,0
2010-08-10,sh.600068,9.4400,9.4400,8.9000,8.9300,9.4400,54075461,495571506.0000,3,2.494174,1,-5.402500,22.387508,3.194144,1.092346,42.673768,0
2010-08-11,sh.600068,8.8700,9.2900,8.8200,9.1800,8.9300,45519536,414116130.0000,3,2.099541,1,2.799600,23.014258,3.283566,1.122926,43.868442,0
2010-08-12,sh.600068,9.0700,9.4400,9.0100,9.2200,9.1800,43870414,406682588.0000,3,2.023477,1,0.435700,23.114538,3.297874,1.127819,44.059590,0
2010-08-13,sh.600068,9.2000,9.3500,9.0600,9.2500,9.2200,30322084,278472594.0000,3,1.398574,1,0.325400,23.189748,3.308604,1.131489,44.202951,0
2010-08-16,sh.600068,9.2600,9.5400,9.1500,9.4900,9.2500,59333243,558843476.0000,3,2.736683,1,2.594600,23.791428,3.394449,1.160847,45.349838,0
2010-08-17,sh.600068,9.5800,9.6500,9.4300,9.5100,9.4900,47612606,454306421.0000,3,2.196081,1,0.210700,23.841568,3.401603,1.163293,45.445412,0
2010-08-18,sh.600068,9.5100,9.9400,9.4500,9.7900,9.5100,73862400,717404260.0000,3,3.406825,1,2.944300,24.543528,3.501755,1.197543,46.783447,0
2010-08-19,sh.600068,9.7300,9.9500,9.6700,9.8100,9.7900,50048220,491545319.0000,3,2.308421,1,0.204300,24.593668,3.508909,1.199990,46.879021,0
2010-08-20,sh.600068,9.7300,9.8000,9.4800,9.5900,9.8100,37311414,358675325.0000,3,1.720950,1,-2.242600,24.042128,3.430218,1.173079,45.827708,0
2010-08-23,sh.600068,9.5800,9.6400,9.2500,9.3300,9.5900,37853577,355132786.0000,3,1.745956,1,-2.711200,23.390308,3.337219,1.141275,44.585247,0
2010-08-24,sh.600068,9.3200,9.5700,9.0700,9.4300,9.3300,36084219,336319243.0000,3,1.664347,1,1.071800,23.641008,3.372988,1.153507,45.063116,0
2010-08-25,sh.600068,9.3200,9.4600,9.1200,9.1400,9.4300,30987695,288434010.0000,3,1.429275,1,-3.075300,22.913978,3.269259,1.118033,43.677294,0
2010-08-26,sh.600068,9.1600,9.3600,9.1600,9.2400,9.1400,19525004,180590497.0000,3,0.900570,1,1.094100,23.164678,3.305027,1.130266,44.155164,0
2010-08-27,sh.600068,9.2500,9.3900,9.1600,9.3000,9.2400,22842100,212056147.0000,3,1.053568,1,0.649400,23.315098,3.326489,1.137605,44.441886,0
2010-08-30,sh.600068,9.3900,9.8800,9.3800,9.8400,9.3000,64595433,626102923.0000,3,2.979396,1,5.806500,24.134483,3.538004,1.101094,56.095475,0
2010-08-31,sh.600068,9.8400,9.8700,9.5900,9.7500,9.8400,35353399,344199416.0000,3,1.630638,1,-0.914600,23.913740,3.505644,1.091023,55.582407,0
2010-09-01,sh.600068,9.8300,10.1000,9.6500,9.8900,9.7500,56403747,558606428.0000,3,2.601563,1,1.435900,24.257117,3.555982,1.106689,56.380513,0
2010-09-02,sh.600068,9.9500,10.0200,9.8100,9.9500,9.8900,59800860,593368304.0000,3,2.758252,1,0.606700,24.404279,3.577555,1.113403,56.722559,0
2010-09-03,sh.600068,9.9600,10.2600,9.9500,10.1000,9.9500,64801128,656596393.0000,3,2.988884,1,1.507500,24.772182,3.631488,1.130188,57.577673,0
2010-09-06,sh.600068,10.1700,10.2500,9.9300,10.0500,10.1000,32866221,330066968.0000,3,1.515920,1,-0.495000,24.649548,3.613510,1.124593,57.292635,0
2010-09-07,sh.600068,10.0300,10.0300,9.7400,9.9300,10.0500,49544491,488993443.0000,3,2.285187,1,-1.194000,24.355225,3.570364,1.111165,56.608543,0
2010-09-08,sh.600068,9.8800,9.9400,9.6700,9.8800,9.9300,38004881,372191038.0000,3,1.752935,1,-0.503527,24.232590,3.552386,1.105570,56.323505,0
2010-09-09,sh.600068,9.8800,9.9800,9.6600,9.7000,9.8800,32811516,321198911.0000,3,1.513397,1,-1.821900,23.791106,3.487667,1.085428,55.297369,0
2010-09-10,sh.600068,9.7000,9.7900,9.5000,9.7500,9.7000,27166830,262699246.0000,3,1.253041,1,0.515500,23.913740,3.505644,1.091023,55.582407,0
2010-09-13,sh.600068,9.7500,9.8000,9.5900,9.7400,9.7500,36653250,355955250.0000,3,1.690593,1,-0.102600,23.889213,3.502049,1.089904,55.525399,0
2010-09-14,sh.600068,9.7100,9.8800,9.7100,9.8200,9.7400,35107195,344125858.0000,3,1.619282,1,0.821400,24.085429,3.530813,1.098856,55.981460,0
2010-09-15,sh.600068,9.8100,9.8100,9.4600,9.5100,9.8200,41098709,393179418.0000,3,1.895635,1,-3.156800,23.325094,3.419352,1.064167,54.214224,0
2010-09-16,sh.600068,9.4800,9.6200,8.8800,8.9800,9.5100,52572659,479956864.0000,3,2.424858,1,-5.573100,22.025168,3.228788,1.004860,51.192822,0
2010-09-17,sh.600068,9.0100,9.1000,8.7800,8.9000,8.9800,31734363,282063490.0000,3,1.463714,1,-0.890900,21.828953,3.200024,0.995909,50.736761,0
2010-09-20,sh.600068,8.9800,9.2400,8.9500,9.1100,8.9000,40539280,370189743.0000,3,1.869832,1,2.359600,22.344018,3.275530,1.019407,51.933921,0
2010-09-21,sh.600068,9.1200,9.2100,8.9000,8.9700,9.1100,14467966,130765522.0000,3,0.667320,1,-1.536800,22.000641,3.225193,1.003741,51.135814,0
2010-09-27,sh.600068,8.9700,9.2300,8.9300,9.1700,8.9700,19263692,175144745.0000,3,0.552370,1,2.229700,22.491179,3.297104,1.026121,52.275966,0
2010-09-28,sh.600068,9.1500,9.2100,8.9800,9.0100,9.1700,16532808,149539520.0000,3,0.474065,1,-1.744800,22.098749,3.239575,1.008217,51.363845,0
2010-09-29,sh.600068,9.0900,9.0900,8.5400,8.6000,9.0100,37471491,329024404.0000,3,1.074464,1,-4.550500,21.093145,3.092158,0.962339,49.026533,0
2010-09-30,sh.600068,8.6200,8.8600,8.6000,8.7000,8.6000,34452726,300430296.0000,3,0.987903,1,1.162800,21.338415,3.128113,0.973529,49.596609,0
2010-10-08,sh.600068,8.8000,9.1700,8.6800,9.0500,8.7000,39668493,356386556.0000,3,1.137461,1,4.023000,22.196856,3.253957,1.012693,51.591875,0
2010-10-11,sh.600068,9.1400,9.4300,9.1000,9.2100,9.0500,45802366,425427205.0000,3,1.313345,1,1.768000,22.589287,3.311486,1.030597,52.503996,0
2010-10-12,sh.600068,9.2100,9.6000,9.1100,9.5700,9.2100,49825896,467229945.0000,3,1.428716,1,3.908800,23.472256,3.440925,1.070881,54.556270,0
2010-10-13,sh.600068,9.6100,9.7800,9.3900,9.5700,9.5700,45941837,439789958.0000,3,1.317344,1,0.000000,23.472256,3.440925,1.070881,54.556270,0
2010-10-14,sh.600068,9.6000,9.6300,9.0000,9.1800,9.5700,67393849,620568802.0000,3,1.932463,1,-4.075200,22.515706,3.300699,1.027240,52.332974,0
2010-10-15,sh.600068,9.1800,9.1800,8.7600,8.8200,9.1800,109755072,982820496.0000,3,3.147136,1,-3.921600,21.632737,3.171260,0.986957,50.280700,0
2010-10-18,sh.600068,8.6200,8.9800,8.6200,8.8800,8.8200,57479221,505813880.0000,3,1.648169,1,0.680300,21.779899,3.192833,0.993671,50.622746,0
2010-10-19,sh.600068,8.8800,9.1500,8.7800,9.1000,8.8800,56105622,504468571.0000,3,1.608782,1,2.477500,22.319491,3.271935,1.018288,51.876913,0
2010-10-20,sh.600068,8.9300,9.3200,8.8800,9.1900,9.1000,66801871,612328375.0000,3,1.915488,1,0.989000,22.540233,3.304295,1.028359,52.389981,0
2010-10-21,sh.600068,9.2600,9.3300,9.1000,9.1700,9.1900,40763209,375176130.0000,3,1.168851,1,-0.217600,22.491179,3.297104,1.026121,52.275966,0
2010-10-22,sh.600068,9.2200,9.5100,9.1600,9.4400,9.1700,60060845,560634885.0000,3,1.722195,1,2.944400,23.153406,3.394183,1.056334,53.815171,0
2010-10-25,sh.600068,9.5500,9.6700,9.3500,9.5000,9.4400,67303456,637758485.0000,3,1.929871,1,0.635600,23.300568,3.415756,1.063048,54.157217,0
2010-10-26,sh.600068,9.5000,9.5500,9.1800,9.3300,9.5000,54373779,505594996.0000,3,1.559123,1,-1.789500,22.883610,3.354632,1.044025,53.188088,0
2010-10-27,sh.600068,9.3800,9.9000,9.3000,9.6900,9.3300,118630044,1144770376.0000,3,3.401618,1,3.858500,23.766579,3.484071,1.084309,55.240361,0
2010-10-28,sh.600068,9.6900,9.6900,9.6900,9.6900,9.6900,0,0.0000,3,,0,0.000000,23.766579,3.484071,1.084309,55.240361,0
2010-10-29,sh.600068,9.8900,9.9000,9.3800,9.6500,9.6900,71761969,688819644.0000,3,2.057715,1,-0.412800,23.668471,3.469689,1.079833,55.012331,0
2010-11-01,sh.600068,9.7300,9.7300,9.4900,9.6800,9.6500,64246736,617435098.0000,3,1.842222,1,0.310900,23.418659,3.443539,1.026271,15.159665,0
2010-11-02,sh.600068,9.6200,10.6500,9.5500,10.6500,9.6800,200223404,2097198101.0000,3,5.741240,1,10.020700,25.765363,3.788605,1.129110,16.678764,0
2010-11-03,sh.600068,10.6400,10.9900,10.2900,10.4400,10.6500,151805723,1608942304.0000,3,4.352903,1,-1.971800,25.257314,3.713900,1.106846,16.349887,0
2010-11-04,sh.600068,10.4400,10.8500,10.3000,10.6200,10.4400,72225882,763288097.0000,3,2.071017,1,1.724100,25.692785,3.777933,1.125930,16.631781,0
2010-11-05,sh.600068,10.6000,11.3000,10.5100,11.1800,10.6200,115005116,1273696219.0000,3,3.297677,1,5.273100,27.047583,3.977146,1.185301,17.508787,0
2010-11-08,sh.600068,11.1600,11.4900,11.0200,11.2400,11.1800,74620464,838838608.0000,3,2.139680,1,0.536700,27.192740,3.998490,1.191662,17.602751,0
2010-11-09,sh.600068,11.2200,11.2200,10.9200,11.0500,11.2400,57029301,627769976.0000,3,1.635268,1,-1.690400,26.733076,3.930900,1.171518,17.305196,0
2010-11-10,sh.600068,10.9900,11.4500,10.8300,11.2100,11.0500,59875212,669620384.0000,3,1.716872,1,1.448000,27.120162,3.987818,1.188481,17.555769,0
2010-11-11,sh.600068,11.2500,11.9200,11.1900,11.4000,11.2100,92578053,1072792341.0000,3,2.654599,1,1.694900,27.579825,4.055408,1.208625,17.853324,0
2010-11-12,sh.600068,11.4000,11.5100,10.4500,10.4700,11.4000,88283214,963341741.0000,3,2.531448,1,-8.157900,25.329892,3.724572,1.110027,16.396869,0
2010-11-15,sh.600068,10.6000,11.2000,10.4600,11.1900,10.4700,80202967,871784102.0000,3,2.299754,1,6.876800,27.071776,3.980703,1.186361,17.524447,0
2010-11-16,sh.600068,11.2000,11.4900,10.6000,10.8700,11.1900,88687719,977226179.0000,3,2.543047,1,-2.859700,26.297605,3.866867,1.152435,17.023301,0
2010-11-17,sh.600068,10.6500,11.1800,10.5600,10.7100,10.8700,71070359,774765901.0000,3,2.037884,1,-1.471900,25.910520,3.809949,1.135471,16.772728,0
2010-11-18,sh.600068,10.8300,10.9800,10.0700,10.5800,10.7100,58559641,609160321.0000,3,1.679149,1,-1.213800,25.596013,3.763703,1.121689,16.569138,0
2010-11-19,sh.600068,10.5800,10.7400,10.2100,10.6100,10.5800,48555061,509211658.0000,3,1.392276,1,0.283600,25.668592,3.774375,1.124869,16.616120,0
2010-11-22,sh.600068,10.4800,11.0000,10.3600,10.7800,10.6100,48363254,518486928.0000,3,1.386776,1,1.602300,26.079870,3.834851,1.142893,16.882354,0
2010-11-23,sh.600068,10.6100,10.7500,10.0000,10.4400,10.7800,42967031,446013248.0000,3,1.232044,1,-3.154000,25.257314,3.713900,1.106846,16.349887,0
2010-11-24,sh.600068,10.4800,10.7500,10.4000,10.6200,10.4400,36959505,391933928.0000,3,1.059783,1,1.724100,25.692785,3.777933,1.125930,16.631781,0
2010-11-25,sh.600068,10.7500,11.1900,10.7100,11.1100,10.6200,76685547,844422256.0000,3,2.198895,1,4.613900,26.878233,3.952244,1.177879,17.399161,0
2010-11-26,sh.600068,11.1000,11.2900,10.9600,11.1300,11.1100,74295443,826328810.0000,3,2.130360,1,0.180000,26.926619,3.959359,1.180000,17.430483,0
2010-11-29,sh.600068,11.1300,11.4500,11.0200,11.4000,11.1300,70728914,798732740.0000,3,2.028093,1,2.425900,27.579825,4.055408,1.208625,17.853324,0
2010-11-30,sh.600068,11.5000,12.5400,11.5000,12.0400,11.4000,157653030,1891017574.0000,3,4.520570,1,5.614000,29.128166,4.283080,1.276478,18.855616,0
2010-12-01,sh.600068,12.1000,12.3500,11.8000,11.9600,12.0400,74768558,901570981.0000,3,2.143927,1,-0.664500,28.934624,4.254621,1.267996,18.730330,0
2010-12-02,sh.600068,12.4000,12.8000,12.0900,12.1600,11.9600,87159498,1075464186.0000,3,2.499226,1,1.672200,29.418480,4.325768,1.289200,19.043546,0
2010-12-03,sh.600068,12.2000,12.2500,11.5000,11.9400,12.1600,61173446,726054854.0000,3,1.754098,1,-1.809200,28.886238,4.247506,1.265876,18.699008,0
2010-12-06,sh.600068,11.8400,12.4500,11.8000,12.1300,11.9400,53705288,652651676.0000,3,1.539955,1,1.591300,29.345902,4.315096,1.286019,18.996564,0
2010-12-07,sh.600068,12.1400,12.1600,11.7700,12.1200,12.1300,37803817,452357184.0000,3,1.083993,1,-0.082400,29.321709,4.311539,1.284959,18.980903,0
2010-12-08,sh.600068,12.1400,12.2500,11.7900,11.9100,12.1200,38120053,455126900.0000,3,1.093061,1,-1.732700,28.813660,4.236834,1.262695,18.652026,0
2010-12-09,sh.600068,11.9800,12.1000,11.4800,11.5200,11.9100,45791950,539270041.0000,3,1.313046,1,-3.274600,27.870139,4.098096,1.221347,18.041254,0
2010-12-10,sh.600068,11.4700,11.8500,11.4100,11.7700,11.5200,37089748,432892785.0000,3,1.063518,1,2.170100,28.474960,4.187031,1.247852,18.432774,0
2010-12-13,sh.600068,11.8500,12.4500,11.8500,12.3800,11.7700,67942066,831589359.0000,3,1.948183,1,5.182700,29.950723,4.404031,1.312524,19.388084,0
2010-12-14,sh.600068,12.3900,12.7900,12.2100,12.6000,12.3800,55515693,693736215.0000,3,1.591867,1,1.777100,30.482965,4.482293,1.335849,19.732622,0
2010-12-15,sh.600068,12.5400,12.8900,12.2100,12.4600,12.6000,52381816,659379301.0000,3,1.502005,1,-1.111100,30.144265,4.432490,1.321006,19.513370,0
2010-12-16,sh.600068,12.5000,12.6500,12.2300,12.2900,12.4600,27869016,345011027.0000,3,0.799121,1,-1.364400,29.732987,4.372014,1.302983,19.247137,0
2010-12-17,sh.600068,12.3100,12.3100,12.0500,12.2400,12.2900,29462050,357489379.0000,3,0.844800,1,-0.406800,29.612023,4.354227,1.297682,19.168833,0
2010-12-20,sh.600068,12.5000,12.7600,11.9500,12.6200,12.2400,71809686,896140177.0000,3,2.059083,1,3.104600,30.531350,4.489408,1.337969,19.763943,0
2010-12-21,sh.600068,12.6700,12.9700,12.4800,12.8800,12.6200,57070445,728824317.0000,3,1.636448,1,2.060200,31.160364,4.581899,1.365534,20.171124,0
2010-12-22,sh.600068,12.9000,13.2500,12.6100,12.7400,12.8800,55891240,723955872.0000,3,1.602635,1,-1.087000,30.821664,4.532096,1.350691,19.951873,0
2010-12-23,sh.600068,12.7400,12.7400,12.7400,12.7400,12.7400,0,0.0000,3,,0,0.000000,30.821664,4.532096,1.350691,19.951873,0
2010-12-24,sh.600068,12.4500,12.5600,11.8000,11.9800,12.7400,56379099,682179925.0000,3,1.616624,1,-5.965500,28.983009,4.261736,1.270116,18.761651,0
2010-12-27,sh.600068,12.0500,12.2300,11.4400,11.5100,11.9800,56848270,673745757.0000,3,1.630077,1,-3.923200,27.845946,4.094539,1.220287,18.025593,0
2010-12-28,sh.600068,11.4000,11.4300,11.0600,11.1800,11.5100,29446055,331330315.0000,3,0.844341,1,-2.867100,27.047583,3.977146,1.185301,17.508787,0
2010-12-29,sh.600068,11.1900,11.4900,11.1700,11.3600,11.1800,23162070,261453384.0000,3,0.664153,1,1.610000,27.483054,4.041178,1.204384,17.790681,0
2010-12-30,sh.600068,11.3400,11.4400,11.1100,11.2800,11.3600,23507111,264530215.0000,3,0.674047,1,-0.704200,27.289511,4.012719,1.195903,17.665395,0
2010-12-31,sh.600068,11.2800,11.7100,11.2800,11.6000,11.2800,42088668,486980816.0000,3,1.206858,1,2.836900,28.063682,4.126555,1.229829,18.166541,0
2011-01-04,sh.600068,11.8600,11.8900,11.5700,11.8700,11.6000,41215818,483777917.0000,3,1.181829,1,2.327600,28.716888,4.222604,1.258454,18.589383,0
2011-01-05,sh.600068,11.9000,12.5500,11.7000,12.3900,11.8700,66496780,818486843.0000,3,1.906740,1,4.380800,29.974915,4.407588,1.313585,19.403745,0
2011-01-06,sh.600068,12.3900,12.7400,12.2000,12.5000,12.3900,60132065,753002102.0000,3,1.724237,1,0.887800,30.241037,4.446719,1.325247,19.576014,0
2011-01-07,sh.600068,12.4000,12.7000,12.2000,12.3100,12.5000,38215959,476185032.0000,3,1.095811,1,-1.520000,29.781373,4.379129,1.305103,19.278458,0
2011-01-10,sh.600068,12.5100,13.0000,12.3100,12.3400,12.3100,59958115,759346522.0000,3,1.719249,1,0.243700,29.853951,4.389801,1.308284,19.325441,0
2011-01-11,sh.600068,12.3400,12.6900,12.2200,12.4600,12.3400,34895579,433422432.0000,3,1.000602,1,0.972400,30.144265,4.432490,1.321006,19.513370,0
2011-01-12,sh.600068,12.5000,12.9500,12.2900,12.9300,12.4600,62535077,792580067.0000,3,1.793142,1,3.772100,31.281328,4.599686,1.370835,20.249428,0
2011-01-13,sh.600068,13.0800,13.1100,12.3500,12.4300,12.9300,61313375,779215477.0000,3,1.758110,1,-3.867000,30.071687,4.421817,1.317825,19.466388,0
2011-01-14,sh.600068,12.4000,12.7900,12.1600,12.5500,12.4300,42908198,533248106.0000,3,1.230357,1,0.965400,30.362001,4.464506,1.330548,19.654318,0
2011-01-17,sh.600068,12.4800,12.7200,12.2000,12.3400,12.5500,41733053,520607484.0000,3,1.196661,1,-1.673300,29.853951,4.389801,1.308284,19.325441,0
2011-01-18,sh.600068,12.3000,12.3000,11.7000,11.8200,12.3400,40765937,484562099.0000,3,1.168930,1,-4.213900,28.595924,4.204818,1.253153,18.511078,0
2011-01-19,sh.600068,11.8300,12.8500,11.7200,12.8100,11.8200,69074026,859806057.0000,3,1.980641,1,8.375600,30.991014,4.556998,1.358113,20.061499,0
2011-01-20,sh.600068,12.5000,12.7400,12.4000,12.4300,12.8100,48052085,603277803.0000,3,1.377854,1,-2.966400,30.071687,4.421817,1.317825,19.466388,0
2011-01-21,sh.600068,12.4800,13.3600,12.4200,13.0300,12.4300,92852919,1208915985.0000,3,2.662481,1,4.827000,31.523256,4.635260,1.381437,20.406037,0
2011-01-24,sh.600068,13.2000,13.7500,13.0400,13.4000,13.0300,96018308,1296276336.0000,3,2.753246,1,2.839600,32.418391,4.766883,1.420664,20.985487,0
2011-01-25,sh.600068,13.2000,13.3900,12.1900,12.5100,13.4000,85326243,1091187681.0000,3,2.446659,1,-6.641800,30.265229,4.450276,1.326307,19.591674,0
2011-01-26,sh.600068,12.4900,13.3800,12.4000,13.2800,12.5100,65379284,855893038.0000,3,1.874697,1,6.155100,32.128077,4.724194,1.407942,20.797557,0
2011-01-27,sh.600068,13.1000,14.0500,13.0000,13.7300,13.2800,105417553,1440690439.0000,3,3.022761,1,3.388600,33.216755,4.884276,1.455651,21.502293,0
2011-01-28,sh.600068,13.5000,14.5500,13.5000,14.2800,13.7300,101815366,1441615813.0000,3,2.919471,1,4.005800,34.547360,5.079932,1.513962,22.363638,0
2011-01-31,sh.600068,14.7500,15.7100,14.5100,15.7100,14.2800,197585570,3016088221.0000,3,5.665603,1,10.014000,38.006935,5.588637,1.665570,24.603134,0
2011-02-01,sh.600068,15.6000,15.6100,14.9600,15.1400,15.7100,113175115,1718302413.0000,3,3.245203,1,-3.628300,36.627943,5.385866,1.605139,23.710468,0
2011-02-09,sh.600068,14.8900,15.8600,14.7000,15.4200,15.1400,131924336,2020533529.0000,3,3.782821,1,1.849400,37.305343,5.485473,1.634824,24.148970,0
2011-02-10,sh.600068,15.1000,15.1800,14.4700,14.6500,15.4200,108056815,1590451235.0000,3,3.098440,1,-4.993500,35.442495,5.211555,1.553189,22.943088,0
2011-02-11,sh.600068,14.5300,14.8500,14.4000,14.6400,14.6500,61517532,900968823.0000,3,1.763964,1,-0.068300,35.418302,5.207997,1.552129,22.927427,0
2011-02-14,sh.600068,14.6500,14.8500,14.2000,14.7200,14.6400,91757455,1334080374.0000,3,2.631069,1,0.546400,35.611845,5.236456,1.560611,23.052714,0
2011-02-15,sh.600068,14.6500,15.3500,14.5800,14.9100,14.7200,143015974,2153110170.0000,3,4.100865,1,1.290800,36.071508,5.304047,1.580754,23.350269,0
2011-02-16,sh.600068,14.7500,14.7500,14.3600,14.6300,14.9100,73049756,1063272487.0000,3,2.094641,1,-1.877900,35.394109,5.204440,1.551069,22.911766,0
2011-02-17,sh.600068,14.6300,14.9700,14.3500,14.7900,14.6300,71930605,1058007427.0000,3,2.062551,1,1.093600,35.781194,5.261358,1.568032,23.162339,0
2011-02-18,sh.600068,14.7500,15.0800,14.4700,14.7800,14.7900,53436849,791031852.0000,3,1.532257,1,-0.067600,35.757002,5.257801,1.566972,23.146678,0
2011-02-21,sh.600068,14.6000,15.0500,14.5500,14.9400,14.7800,60587039,903316065.0000,3,1.737283,1,1.082500,36.144087,5.314719,1.583935,23.397251,0
2011-02-22,sh.600068,15.0100,15.0500,14.1000,14.1300,14.9400,84485978,1221503832.0000,3,2.422565,1,-5.421700,34.184468,5.026571,1.498059,22.128726,0
2011-02-23,sh.600068,14.1000,14.2600,13.7000,13.9800,14.1300,68258193,950319953.0000,3,1.957247,1,-1.061600,33.821575,4.973211,1.482156,21.893814,0
2011-02-24,sh.600068,13.8100,14.1700,13.7500,14.0200,13.9800,41793922,584454128.0000,3,1.198406,1,0.286100,33.918347,4.987440,1.486397,21.956457,0
2011-02-25,sh.600068,14.0300,14.1500,13.7700,14.0600,14.0200,38435789,536217087.0000,3,1.102114,1,0.285300,34.015118,5.001670,1.490637,22.019100,0
2011-02-28,sh.600068,14.0600,14.7000,13.9800,14.4600,14.0600,61098616,882402516.0000,3,1.751952,1,2.845000,34.982831,5.143965,1.533045,22.645533,0
2011-03-01,sh.600068,14.4800,14.5000,14.1000,14.2800,14.4600,55605871,792837063.0000,3,1.594452,1,-1.244815,34.547360,5.079932,1.513962,22.363638,0
2011-03-02,sh.600068,14.1500,14.1500,13.2500,13.6400,14.2800,140425013,1904112814.0000,3,4.026571,1,-4.481800,32.999019,4.852260,1.446109,21.361346,0
2011-03-03,sh.600068,13.4400,13.5500,13.1000,13.1700,13.6400,104924968,1390518004.0000,3,3.008637,1,-3.445700,31.861956,4.685063,1.396280,20.625288,0
2011-03-04,sh.600068,13.1800,13.3400,13.0600,13.3100,13.1700,56725656,749913449.0000,3,1.626561,1,1.063000,32.200656,4.734867,1.411123,20.844539,0
2011-03-07,sh.600068,13.5000,13.5000,13.1400,13.4500,13.3100,89365832,1192200772.0000,3,2.562491,1,1.051800,32.539355,4.784670,1.425965,21.063791,0
2011-03-08,sh.600068,13.4000,13.4800,13.2000,13.3800,13.4500,50287381,671328221.0000,3,1.441949,1,-0.520400,32.370005,4.759768,1.418544,20.954165,0
2011-03-09,sh.600068,13.5000,14.0900,13.4600,13.8800,13.3800,104403180,1446109861.0000,3,2.993675,1,3.736900,33.579647,4.937637,1.471554,21.737206,0
2011-03-10,sh.600068,13.8900,13.8900,13.5000,13.5700,13.8800,54026399,737444455.0000,3,1.549162,1,-2.233400,32.829669,4.827358,1.438688,21.251720,0
2011-03-11,sh.600068,13.4600,13.5200,13.2100,13.3000,13.5700,48574271,648652114.0000,3,1.392827,1,-1.989700,32.176463,4.731309,1.410062,20.828878,0
2011-03-14,sh.600068,13.2100,13.2700,12.8800,13.0000,13.3000,49238173,640448572.0000,3,1.411864,1,-2.255600,31.450678,4.624588,1.378257,20.359054,0
2011-03-15,sh.600068,12.9300,12.9300,12.1700,12.7200,13.0000,81048269,1014817344.0000,3,2.323992,1,-2.153800,30.773279,4.524981,1.348571,19.920551,0
2011-03-16,sh.600068,12.7200,12.8800,12.5100,12.8700,12.7200,45037156,572262014.0000,3,1.291403,1,1.179200,31.136171,4.578342,1.364474,20.155464,0
2011-03-17,sh.600068,12.7900,13.6200,12.6500,13.1900,12.8700,101592860,1349908008.0000,3,2.913091,1,2.486400,31.910342,4.692178,1.398400,20.656610,0
2011-03-18,sh.600068,13.3300,13.4000,13.1300,13.2900,13.1900,38457985,509547041.0000,3,1.102751,1,0.758200,32.152270,4.727752,1.409002,20.813218,0
2011-03-21,sh.600068,13.2000,13.5200,12.9800,13.0900,13.2900,45497372,600686249.0000,3,1.304599,1,-1.504900,31.668413,4.656604,1.387798,20.500001,0
2011-03-22,sh.600068,13.1500,13.2600,12.6800,12.8000,13.0900,37030735,475155428.0000,3,1.061826,1,-2.215400,30.966821,4.553440,1.357053,20.045838,0
2011-03-23,sh.600068,12.7400,12.9500,12.5000,12.8800,12.8000,51841832,658077103.0000,3,1.486522,1,0.625000,31.160364,4.581899,1.365534,20.171124,0
2011-03-24,sh.600068,12.8800,12.9000,12.5000,12.5100,12.8800,57655988,725848867.0000,3,1.653238,1,-2.872700,30.265229,4.450276,1.326307,19.591674,0
2011-03-25,sh.600068,12.4000,12.6400,12.3700,12.5200,12.5100,56988753,713971614.0000,3,1.634105,1,0.079900,30.289422,4.453834,1.327367,19.607335,0
2011-03-28,sh.600068,12.3200,12.5100,12.1000,12.1800,12.5200,96967088,1186413110.0000,3,2.780451,1,-2.715700,29.466866,4.332883,1.291320,19.074868,0
2011-03-29,sh.600068,12.2500,12.6600,11.9400,12.3000,12.1800,82358022,1018913580.0000,3,2.361548,1,0.985200,29.757180,4.375572,1.304043,19.262797,0
2011-03-30,sh.600068,12.2000,12.2500,11.9000,11.9900,12.3000,49533700,595840915.0000,3,1.420338,1,-2.520300,29.007202,4.265293,1.271177,18.777312,0
2011-03-31,sh.600068,11.9400,12.0800,11.6600,11.7300,11.9900,36586038,432751468.0000,3,1.049074,1,-2.168500,28.378189,4.172801,1.243612,18.370131,0
2011-04-01,sh.600068,11.8000,11.9500,11.6900,11.8800,11.7300,28268577,334536639.0000,3,0.810578,1,1.278800,30.093648,4.052168,1.132493,29.583378,0
2011-04-06,sh.600068,11.8500,12.2500,11.8000,12.1800,11.8800,52820020,637914336.0000,3,1.514570,1,2.525300,30.853588,4.154496,1.161091,30.330433,0
2011-04-07,sh.600068,12.2000,12.3100,12.0000,12.2100,12.1800,38234010,464971124.0000,3,1.096329,1,0.246300,30.929582,4.164729,1.163951,30.405139,0
2011-04-08,sh.600068,12.2200,12.3900,12.1000,12.3400,12.2100,36851161,451383074.0000,3,1.056677,1,1.064700,31.258890,4.209071,1.176344,30.728863,0
2011-04-11,sh.600068,12.3600,12.4000,12.0500,12.0700,12.3400,45940572,558561742.0000,3,1.317308,1,-2.188000,30.574944,4.116976,1.150605,30.056513,0
2011-04-12,sh.600068,12.0000,12.1800,11.8100,11.9000,12.0700,46517306,557002164.0000,3,1.333845,1,-1.408500,30.144311,4.058990,1.134400,29.633182,0
2011-04-13,sh.600068,11.8600,12.0400,11.7300,12.0300,11.9000,30740611,364701261.0000,3,0.881462,1,1.092400,30.473618,4.103332,1.146792,29.956906,0
2011-04-14,sh.600068,12.0300,12.0400,11.8800,11.9200,12.0300,25740100,307280915.0000,3,0.738076,1,-0.914400,30.194973,4.065812,1.136306,29.682986,0
2011-04-15,sh.600068,11.9000,11.9700,11.7400,11.9100,11.9200,25498405,301501471.0000,3,0.731146,1,-0.083900,30.169642,4.062401,1.135353,29.658084,0
2011-04-18,sh.600068,11.8700,11.9800,11.8300,11.9300,11.9100,24833125,295949020.0000,3,0.712069,1,0.167900,30.220305,4.069223,1.137260,29.707887,0
2011-04-19,sh.600068,11.9300,11.9300,11.9300,11.9300,11.9300,0,0.0000,3,,0,0.000000,30.220305,4.069223,1.137260,29.707887,0
2011-04-20,sh.600068,12.5900,13.1200,12.5500,13.1200,11.9300,127923211,1669179185.0000,3,3.668092,1,9.974900,33.234736,4.475122,1.250699,32.671206,0
2011-04-21,sh.600068,14.2000,14.2000,13.2100,13.3300,13.1200,239078699,3257040702.0000,3,6.855384,1,1.600600,33.766694,4.546751,1.270718,33.194144,0
2011-04-22,sh.600068,13.0300,13.1200,12.4000,12.6200,13.3300,111763193,1423796276.0000,3,3.204717,1,-5.326300,31.968168,4.304576,1.203036,31.426114,0
2011-04-25,sh.600068,12.5400,12.5500,12.0300,12.1000,12.6200,60732661,741223490.0000,3,1.741459,1,-4.120400,30.650938,4.127209,1.153465,30.131219,0
2011-04-26,sh.600068,12.0600,12.3800,12.0100,12.1300,12.1000,39393207,479877615.0000,3,1.129568,1,0.247900,30.726932,4.137441,1.156325,30.205924,0
2011-04-27,sh.600068,12.1300,12.1300,12.1300,12.1300,12.1300,0,0.0000,3,,0,0.000000,30.726932,4.137441,1.156325,30.205924,0
2011-04-28,sh.600068,12.1300,12.2200,11.5000,11.5300,12.1300,52275937,612090201.0000,3,1.498969,1,-4.946400,29.207050,3.932786,1.099128,28.711814,0
2011-04-29,sh.600068,11.5500,11.6700,11.3300,11.6400,11.5300,30578401,352602310.0000,3,0.876810,1,0.954000,27.643333,3.783941,1.048335,20.202058,0
2011-05-03,sh.600068,11.6500,11.6900,11.3500,11.6500,11.6400,29415729,339037890.0000,3,0.843472,1,0.085900,27.667081,3.787191,1.049236,20.219414,0
2011-05-04,sh.600068,11.6100,11.6100,11.0900,11.1300,11.6500,38756165,439604803.0000,3,1.111301,1,-4.463500,26.432156,3.618149,1.002403,19.316916,0
2011-05-05,sh.600068,11.1300,11.3700,11.0600,11.1000,11.1300,32575795,365849971.0000,3,0.934084,1,-0.269500,26.360910,3.608397,0.999701,19.264849,0
2011-05-06,sh.600068,11.1000,11.3800,11.0700,11.2900,11.1000,33721861,379447577.0000,3,0.966946,1,1.711700,26.812133,3.670162,1.016813,19.594608,0
2011-05-09,sh.600068,11.2900,11.6400,11.2100,11.4700,11.2900,36376914,417248355.0000,3,1.043078,1,1.594300,27.239607,3.728677,1.033024,19.907011,0
2011-05-10,sh.600068,11.4800,11.5200,11.2800,11.4900,11.4700,26915714,306390879.0000,3,0.771786,1,0.174400,27.287104,3.735178,1.034826,19.941722,0
2011-05-11,sh.600068,11.4900,11.4900,11.2500,11.2900,11.4900,30916960,350186083.0000,3,0.886518,1,-1.740600,26.812133,3.670162,1.016813,19.594608,0
2011-05-12,sh.600068,11.1800,11.2500,11.1000,11.1200,11.2900,22110170,246853040.0000,3,0.633991,1,-1.505800,26.408407,3.614898,1.001502,19.299561,0
2011-05-13,sh.600068,11.1500,11.2100,10.9700,11.1700,11.1200,22812388,253108063.0000,3,0.654126,1,0.449600,26.527150,3.631153,1.006005,19.386339,0
2011-05-16,sh.600068,11.1700,11.2400,11.0000,11.0400,11.1700,24248886,269093810.0000,3,0.695317,1,-1.163800,26.218419,3.588892,0.994297,19.160715,0
2011-05-17,sh.600068,11.0500,11.1600,10.8800,11.1200,11.0400,27312531,301156979.0000,3,0.783164,1,0.724600,26.408407,3.614898,1.001502,19.299561,0
2011-05-18,sh.600068,11.0800,11.4000,11.0000,11.3600,11.1200,34736409,390842672.0000,3,0.996038,1,2.158300,26.978373,3.692918,1.023117,19.716098,0
2011-05-19,sh.600068,11.3400,11.3500,11.1000,11.1300,11.3600,22464561,251918721.0000,3,0.644153,1,-2.024600,26.432156,3.618149,1.002403,19.316916,0
2011-05-20,sh.600068,11.1000,11.1400,11.0300,11.1100,11.1300,11686141,129591717.0000,3,0.335090,1,-0.179700,26.384659,3.611648,1.000602,19.282205,0
2011-05-23,sh.600068,11.0500,11.7500,11.0300,11.1900,11.1100,72660671,831712286.0000,3,2.083485,1,0.720100,26.574647,3.637654,1.007807,19.421051,0
2011-05-24,sh.600068,11.2300,11.6000,11.2000,11.4600,11.1900,55977052,639151971.0000,3,1.605096,1,2.412900,27.215858,3.725426,1.032124,19.889655,0
2011-05-25,sh.600068,11.5500,11.6200,11.2300,11.2800,11.4600,42250132,481396143.0000,3,1.211488,1,-1.570700,26.788384,3.666911,1.015912,19.577252,0
2011-05-26,sh.600068,11.3400,11.4500,10.8900,10.9100,11.2800,33011569,368322005.0000,3,0.946579,1,-3.280100,25.909687,3.546632,0.982589,18.935091,0
2011-05-27,sh.600068,10.8500,10.9000,10.1300,10.2800,10.9100,39089383,407575855.0000,3,1.120856,1,-5.774500,24.413528,3.341831,0.925849,17.841680,0
2011-05-30,sh.600068,10.2600,10.8000,10.0800,10.5400,10.2800,36196298,381026355.0000,3,1.037899,1,2.529200,25.030990,3.426352,0.949266,18.292929,0
2011-05-31,sh.600068,10.6000,10.6000,10.2100,10.4900,10.5400,25813310,267959786.0000,3,0.740175,1,-0.474400,24.912247,3.410098,0.944762,18.206150,0
2011-06-01,sh.600068,10.4000,10.6500,10.3600,10.4300,10.4900,24977195,261035205.0000,3,0.716200,1,-0.572000,24.769756,3.390593,0.939359,18.102016,0
2011-06-02,sh.600068,10.2900,10.2900,10.0200,10.1300,10.4300,27323518,276828377.0000,3,0.783479,1,-2.876300,24.057299,3.293069,0.912340,17.581344,0
2011-06-03,sh.600068,10.1300,10.2800,10.1100,10.2500,10.1300,16592386,169384857.0000,3,0.475773,1,1.184600,24.342282,3.332078,0.923147,17.789613,0
2011-06-07,sh.600068,10.2500,10.2900,10.1300,10.2900,10.2500,18303207,186981520.0000,3,0.524829,1,0.390200,24.437276,3.345081,0.926750,17.859036,0
2011-06-08,sh.600068,10.2900,10.5100,10.2000,10.4400,10.2900,28707513,298212932.0000,3,0.823164,1,1.457700,24.793505,3.393844,0.940259,18.119372,0
2011-06-09,sh.600068,10.4000,10.4000,10.1100,10.1200,10.3400,17913995,183067523.0000,3,0.513669,1,-2.127700,24.033550,3.289818,0.911439,17.563989,0
2011-06-10,sh.600068,10.1000,10.1200,9.8500,10.0300,10.1200,20630309,206510517.0000,3,0.591557,1,-0.889300,23.819813,3.260560,0.903333,17.407787,0
2011-06-13,sh.600068,9.9700,10.1000,9.8300,10.0600,10.0300,13007141,129532901.0000,3,0.372969,1,0.299100,23.891059,3.270313,0.906035,17.459854,0
2011-06-14,sh.600068,10.0600,10.6000,10.0100,10.4100,10.0600,43038025,445826554.0000,3,1.234080,1,3.479100,24.722259,3.384091,0.937557,18.067305,0
2011-06-15,sh.600068,10.3300,10.7300,10.3000,10.4900,10.4100,38795092,410350393.0000,3,1.112417,1,0.768500,24.912247,3.410098,0.944762,18.206150,0
2011-06-16,sh.600068,10.3600,10.5700,10.2500,10.2600,10.4900,17072349,177246785.0000,3,0.489535,1,-2.192600,24.366030,3.335329,0.924048,17.806969,0
2011-06-17,sh.600068,10.3000,10.6200,10.2600,10.4000,10.2600,32181377,337054489.0000,3,0.922774,1,1.364500,24.698510,3.380840,0.936657,18.049949,0
2011-06-20,sh.600068,10.4000,10.7500,10.3700,10.7300,10.4000,45469171,483898717.0000,3,1.303791,1,3.173100,25.482213,3.488117,0.966378,18.622688,0
2011-06-21,sh.600068,10.7300,10.7300,10.7300,10.7300,10.7300,0,0.0000,3,,0,0.000000,25.482213,3.488117,0.966378,18.622688,0
2011-06-22,sh.600068,10.8100,10.9500,10.6600,10.7100,10.7300,34399543,371500024.0000,3,0.986378,1,-0.186400,25.434716,3.481615,0.964576,18.587976,0
2011-06-23,sh.600068,10.7100,10.9000,10.4300,10.8100,10.7100,33690397,360933358.0000,3,0.966044,1,0.933700,25.672202,3.514123,0.973583,18.761533,0
2011-06-24,sh.600068,10.7900,11.8900,10.7100,11.6600,10.8100,165999464,1931989398.0000,3,4.759897,1,7.863100,27.690830,3.790442,1.050136,20.236770,0
2011-06-27,sh.600068,11.5500,11.8900,11.4600,11.7300,11.6600,75664371,885543732.0000,3,2.169613,1,0.600300,27.857070,3.813198,1.056441,20.358260,0
2011-06-28,sh.600068,11.7000,12.1600,11.4900,11.9800,11.7300,89156914,1057343777.0000,3,2.556501,1,2.131300,28.450784,3.894468,1.078956,20.792153,0
2011-06-29,sh.600068,11.8700,12.3300,11.7700,11.7800,11.9800,89080017,1075046137.0000,3,2.554296,1,-1.669400,27.975813,3.829452,1.060944,20.445038,0
2011-06-30,sh.600068,11.7200,12.1000,11.7000,11.9900,11.7800,43843297,525000493.0000,3,1.257170,1,1.782700,28.474533,3.897719,1.079857,20.809508,0
2011-07-01,sh.600068,12.1100,12.2400,11.8200,11.8600,11.9900,48198527,580140130.0000,3,1.382053,1,-1.084200,28.165801,3.855458,1.068149,20.583884,0
2011-07-04,sh.600068,11.9400,12.3400,11.9400,12.3200,11.8600,72621613,885158078.0000,3,2.082365,1,3.878600,29.258235,4.004995,1.109578,21.382247,0
2011-07-05,sh.600068,12.3300,12.4500,12.0500,12.2300,12.3200,50130092,613183010.0000,3,1.437439,1,-0.730500,29.044498,3.975738,1.101472,21.226046,0
2011-07-06,sh.600068,12.1600,12.3300,12.0000,12.2500,12.2300,37752551,459944203.0000,3,1.082523,1,0.163500,29.091995,3.982240,1.103274,21.260757,0
2011-07-07,sh.600068,12.2500,12.8500,12.1200,12.1600,12.2500,93415716,1160206620.0000,3,2.678618,1,-0.734700,28.878258,3.952983,1.095168,21.104556,0
2011-07-08,sh.600068,12.1000,12.2500,11.7100,11.7700,12.1600,57868234,684066130.0000,3,1.659324,1,-3.207232,27.952064,3.826201,1.060043,20.427682,0
2011-07-11,sh.600068,12.3100,12.4800,11.9000,12.0000,11.7700,120036372,1458074356.0000,3,3.441944,1,1.954100,28.498281,3.900970,1.080758,20.826864,0
2011-07-12,sh.600068,11.8600,12.7900,11.6300,12.3000,12.0000,128139529,1581541942.0000,3,3.674295,1,2.500000,29.210738,3.998494,1.107777,21.347536,0
2011-07-13,sh.600068,12.2300,12.3300,12.1000,12.3000,12.3000,64834188,791320994.0000,3,1.859067,1,0.000000,29.210738,3.998494,1.107777,21.347536,0
2011-07-14,sh.600068,12.2800,12.2800,11.8600,12.0800,12.3000,99041289,1191198487.0000,3,2.839927,1,-1.788600,28.688270,3.926976,1.087963,20.965710,0
2011-07-15,sh.600068,11.9600,12.0200,11.8100,11.8800,12.0800,54835747,652082185.0000,3,1.572370,1,-1.655600,28.213298,3.861960,1.069950,20.618595,0
2011-07-18,sh.600068,11.8800,11.9500,11.7000,11.7700,11.8800,45651146,538707554.0000,3,1.309009,1,-0.925900,27.952064,3.826201,1.060043,20.427682,0
2011-07-19,sh.600068,11.6800,11.8900,11.6500,11.6800,11.7700,35493410,416548885.0000,3,1.017744,1,-0.764700,27.738327,3.796944,1.051938,20.271481,0
2011-07-20,sh.600068,11.8100,11.8500,11.5400,11.6400,11.6800,31250431,364516886.0000,3,0.896080,1,-0.342500,27.643333,3.783941,1.048335,20.202058,0
2011-07-21,sh.600068,11.6400,11.7300,11.5500,11.6400,11.6400,26960553,314062072.0000,3,0.773072,1,0.000000,27.643333,3.783941,1.048335,20.202058,0
2011-07-22,sh.600068,11.6600,11.7700,11.6000,11.6700,11.6400,23657880,276893970.0000,3,0.678370,1,0.257700,27.714578,3.793693,1.051037,20.254125,0
2011-07-25,sh.600068,11.6400,11.6400,10.9600,11.0300,11.6700,42512411,478028455.0000,3,1.219008,1,-5.484100,26.194670,3.585641,0.993396,19.143359,0
2011-07-26,sh.600068,11.0300,11.1400,10.8000,10.9100,11.0300,25950334,283022467.0000,3,0.744104,1,-1.087900,25.909687,3.546632,0.982589,18.935091,0
2011-07-27,sh.600068,10.8400,11.0500,10.6700,10.9800,10.9100,29001190,314658034.0000,3,0.831585,1,0.641600,26.075927,3.569387,0.988893,19.056581,0
2011-07-28,sh.600068,10.8000,10.8500,10.6700,10.7600,10.9800,26126185,280689067.0000,3,0.749147,1,-2.003600,25.553459,3.497869,0.969079,18.674755,0
2011-07-29,sh.600068,10.8900,11.1500,10.7500,10.7800,10.7600,35091068,383571108.0000,3,1.006207,1,0.185900,25.600956,3.504371,0.970881,18.709466,0
2011-08-01,sh.600068,10.7800,10.7900,10.5300,10.6900,10.7800,15743463,168161931.0000,3,0.451431,1,-0.834900,25.387219,3.475114,0.962775,18.553265,0
2011-08-02,sh.600068,10.6900,10.6900,10.6900,10.6900,10.6900,0,0.0000,3,,0,0.000000,25.387219,3.475114,0.962775,18.553265,0
2011-08-03,sh.600068,10.7500,10.8900,10.5700,10.7100,10.6900,26098669,281376271.0000,3,0.748358,1,0.187100,25.434716,3.481615,0.964576,18.587976,0
2011-08-04,sh.600068,10.7100,10.9400,10.7000,10.8800,10.7100,27717063,300125091.0000,3,0.794764,1,1.587300,25.838442,3.536879,0.979887,18.883023,0
2011-08-05,sh.600068,10.5000,10.7200,10.1000,10.6100,10.8800,28750607,303799344.0000,3,0.824400,1,-2.481600,25.197230,3.449107,0.955570,18.414419,0
2011-08-08,sh.600068,10.4000,10.5000,9.6300,9.9200,10.6100,41893977,421697734.0000,3,1.201275,1,-6.503300,23.558579,3.224802,0.893426,17.216874,0
2011-08-09,sh.600068,9.5800,9.8700,9.3100,9.7400,9.9200,32327062,310051728.0000,3,0.926952,1,-1.814500,23.131105,3.166287,0.877215,16.904471,0
2011-08-10,sh.600068,10.0000,10.0800,9.8000,9.8800,9.7400,26429291,262529767.0000,3,0.757838,1,1.437400,23.463585,3.211798,0.889824,17.147451,0
2011-08-11,sh.600068,9.6000,9.9900,9.5400,9.9300,9.8800,27056542,266069981.0000,3,0.775824,1,0.506100,23.582328,3.228052,0.894327,17.234230,0
2011-08-12,sh.600068,10.0600,10.0900,9.8500,9.9300,9.9300,30941595,308412236.0000,3,0.887225,1,0.000000,23.582328,3.228052,0.894327,17.234230,0
2011-08-15,sh.600068,9.9200,10.0500,9.9000,10.0200,9.9300,19274312,192532300.0000,3,0.552675,1,0.906300,23.796065,3.257310,0.902433,17.390431,0
2011-08-16,sh.600068,10.0500,10.1400,9.9600,10.0400,10.0200,21558835,216554572.0000,3,0.618182,1,0.199600,23.843562,3.263811,0.904234,17.425143,0
2011-08-17,sh.600068,9.9600,10.1200,9.9500,9.9700,10.0400,14226116,142368515.0000,3,0.407922,1,-0.697200,23.677322,3.241056,0.897930,17.303653,0
2011-08-18,sh.600068,10.0000,10.0400,9.7500,9.7600,9.9700,19891714,196226155.0000,3,0.570378,1,-2.106300,23.178602,3.172789,0.879016,16.939183,0
2011-08-19,sh.600068,9.6000,9.6600,9.4100,9.5300,9.7600,22118590,211318308.0000,3,0.634232,1,-2.356600,22.632385,3.098020,0.858302,16.540001,0
2011-08-22,sh.600068,9.5300,9.6400,9.3300,9.4100,9.5300,18223204,172803599.0000,3,0.522535,1,-1.259200,22.347402,3.059010,0.847494,16.331733,0
2011-08-23,sh.600068,9.4900,9.5800,9.3900,9.5700,9.4100,13070901,123893242.0000,3,0.374797,1,1.700300,22.727379,3.111023,0.861904,16.609424,0
2011-08-24,sh.600068,9.6000,9.9600,9.6000,9.6600,9.5700,29218267,285292214.0000,3,0.837810,1,0.940400,22.941116,3.140281,0.870010,16.765626,0
2011-08-25,sh.600068,9.7200,9.9000,9.6100,9.8900,9.6600,24963483,244789087.0000,3,0.715807,1,2.381000,23.487333,3.215049,0.890724,17.164807,0
2011-08-26,sh.600068,9.8600,9.9800,9.8200,9.9400,9.8900,23126227,229294682.0000,3,0.663125,1,0.505553,23.606076,3.231303,0.895228,17.251586,0
2011-08-29,sh.600068,9.9300,9.9300,9.7200,9.7500,9.9400,17438626,170538690.0000,3,0.500038,1,-1.911500,23.154853,3.169538,0.878116,16.921827,0
2011-08-30,sh.600068,9.8700,9.9500,9.6500,9.6800,9.7500,16491924,161568939.0000,3,0.472892,1,-0.717900,22.988613,3.146782,0.871811,16.800337,0
2011-08-31,sh.600068,9.7800,9.8000,9.6500,9.7500,9.6800,11872058,115432848.0000,3,0.340421,1,0.723100,21.801285,3.180378,0.798258,8.091455,0
2011-09-01,sh.600068,9.7800,9.8200,9.5400,9.5800,9.7500,18566347,179120087.0000,3,0.532375,1,-1.743600,21.421160,3.124925,0.784340,7.950373,0
2011-09-02,sh.600068,9.5500,9.5600,9.3700,9.3800,9.5800,18111800,170732272.0000,3,0.519341,1,-2.087700,20.973954,3.059687,0.767965,7.784394,0
2011-09-05,sh.600068,9.3000,9.3000,8.9800,8.9900,9.3800,21707743,198403166.0000,3,0.622452,1,-4.157800,20.101903,2.932472,0.736035,7.460736,0
2011-09-06,sh.600068,8.9900,8.9900,8.7100,8.7400,8.9900,20921437,184795113.0000,3,0.599905,1,-2.780900,19.542896,2.850924,0.715567,7.253263,0
2011-09-07,sh.600068,8.7600,8.9600,8.7600,8.9400,8.7400,16492386,146357183.0000,3,0.472906,1,2.288300,19.990102,2.916162,0.731941,7.419241,0
2011-09-08,sh.600068,8.9900,9.0300,8.8100,8.8200,8.9400,11815799,105374114.0000,3,0.338808,1,-1.342281,19.721778,2.877019,0.722117,7.319654,0
2011-09-09,sh.600068,8.9200,8.9500,8.7700,8.8400,8.8200,10466064,92636857.0000,3,0.300106,1,0.226800,19.766499,2.883543,0.723754,7.336252,0
2011-09-13,sh.600068,8.7600,8.9700,8.7100,8.8200,8.8400,15365924,135934135.0000,3,0.440605,1,-0.226200,19.721778,2.877019,0.722117,7.319654,0
2011-09-14,sh.600068,8.8600,8.8800,8.6300,8.8400,8.8200,17455875,152790903.0000,3,0.500533,1,0.226800,19.766499,2.883543,0.723754,7.336252,0
2011-09-15,sh.600068,8.8600,8.9400,8.8100,8.8700,8.8400,14536801,129030904.0000,3,0.416831,1,0.339400,19.833580,2.893329,0.726210,7.361149,0
2011-09-16,sh.600068,8.9000,8.9300,8.8200,8.8400,8.8700,9953560,88290759.0000,3,0.285410,1,-0.338200,19.766499,2.883543,0.723754,7.336252,0
2011-09-19,sh.600068,8.8000,8.8200,8.4200,8.4600,8.8400,19947370,170961403.0000,3,0.571974,1,-4.298600,18.916808,2.759590,0.692643,7.020893,0
2011-09-20,sh.600068,8.4400,8.6000,8.3400,8.4700,8.4600,13968612,118003952.0000,3,0.400538,1,0.118200,18.939168,2.762852,0.693461,7.029192,0
2011-09-21,sh.600068,8.4700,8.8200,8.3700,8.7900,8.4700,30564480,264313414.0000,3,0.876411,1,3.778000,19.654697,2.867233,0.719661,7.294758,0
2011-09-22,sh.600068,8.6700,8.7900,8.4800,8.4900,8.7900,18360085,158715883.0000,3,0.526460,1,-3.413000,18.983888,2.769375,0.695099,7.045790,0
2011-09-23,sh.600068,8.3700,8.7500,8.3000,8.6400,8.4900,23989317,206158930.0000,3,0.687874,1,1.766800,19.319293,2.818304,0.707380,7.170274,0
2011-09-26,sh.600068,8.5300,8.6400,8.4700,8.4900,8.6400,15089221,128695707.0000,3,0.432671,1,-1.736100,18.983888,2.769375,0.695099,7.045790,0
2011-09-27,sh.600068,8.5800,8.6100,8.4100,8.5000,8.4900,11774965,100104978.0000,3,0.337637,1,0.117800,19.006249,2.772637,0.695918,7.054089,0
2011-09-28,sh.600068,8.6000,8.6100,8.1800,8.2600,8.5000,17621445,147948635.0000,3,0.505280,1,-2.823500,18.469602,2.694351,0.676268,6.854914,0
2011-09-29,sh.600068,8.1800,8.2300,8.0400,8.0700,8.2600,15883889,128803826.0000,3,0.455457,1,-2.300200,18.044756,2.632375,0.660712,6.697235,0
2011-09-30,sh.600068,8.1500,8.1700,7.9700,8.0100,8.0700,12077791,97087889.0000,3,0.346321,1,-0.743500,17.910594,2.612803,0.655800,6.647441,0
2011-10-10,sh.600068,8.0300,8.1000,8.0000,8.0200,8.0100,8601233,69174363.0000,3,0.246633,1,0.124800,17.932955,2.616065,0.656619,6.655740,0
2011-10-11,sh.600068,8.1900,8.3100,8.0400,8.1600,8.0200,17613024,143628699.0000,3,0.505039,1,1.745600,18.245999,2.661732,0.668081,6.771925,0
2011-10-12,sh.600068,8.1200,8.7300,8.0400,8.6600,8.1600,34527601,290363021.0000,3,0.990050,1,6.127500,19.364013,2.824828,0.709017,7.186871,0
2011-10-13,sh.600068,8.7300,9.1100,8.7300,8.9300,8.6600,52248195,469412893.0000,3,1.498174,1,3.117800,19.967741,2.912900,0.731123,7.410943,0
2011-10-14,sh.600068,8.8900,9.1600,8.8400,9.0000,8.9300,29570336,266854394.0000,3,0.847905,1,0.783900,20.124263,2.935734,0.736854,7.469035,0
2011-10-17,sh.600068,9.0000,9.1000,8.8500,8.9200,9.0000,22764812,204408634.0000,3,0.652762,1,-0.888900,19.945381,2.909638,0.730304,7.402644,0
2011-10-18,sh.600068,8.8700,8.9800,8.5300,8.5800,8.9200,31709397,278059841.0000,3,0.909241,1,-3.811700,19.185131,2.798733,0.702467,7.120480,0
2011-10-19,sh.600068,8.5500,8.6400,8.3500,8.3900,8.5800,18171825,153729889.0000,3,0.521062,1,-2.214500,18.760285,2.736756,0.686912,6.962800,0
2011-10-20,sh.600068,8.3100,8.3300,8.0300,8.1000,8.3900,18555077,150621743.0000,3,0.532051,1,-3.456500,18.111837,2.642160,0.663168,6.722132,0
2011-10-21,sh.600068,8.1600,8.1800,8.0400,8.0700,8.1000,11444934,92619712.0000,3,0.328174,1,-0.370400,18.044756,2.632375,0.660712,6.697235,0
2011-10-24,sh.600068,8.1000,8.2500,7.9800,8.2500,8.0700,18783680,152459789.0000,3,0.538606,1,2.230500,18.447241,2.691089,0.675449,6.846615,0
2011-10-25,sh.600068,8.2300,8.6700,8.1600,8.6500,8.2500,31631703,268142878.0000,3,0.907013,1,4.848500,19.341653,2.821566,0.708198,7.178573,0
2011-10-26,sh.600068,8.5100,9.0000,8.4800,8.8000,8.6500,43714743,385530638.0000,3,1.253484,1,1.734100,19.677057,2.870495,0.720479,7.303056,0
2011-10-27,sh.600068,8.7900,9.0000,8.6500,8.7200,8.8000,29118112,256711077.0000,3,0.834938,1,-0.909100,19.498175,2.844400,0.713930,7.236665,0
2011-10-28,sh.600068,8.8500,9.0000,8.7900,8.9600,8.7200,32612223,290586926.0000,3,0.935129,1,2.752300,20.034822,2.922686,0.733579,7.435839,0
2011-10-31,sh.600068,8.9100,9.2600,8.8500,9.2100,8.9600,47231670,429631778.0000,3,1.354329,1,2.790200,19.105350,2.922633,0.686469,10.345024,0
2011-11-01,sh.600068,9.1300,9.4700,9.0600,9.1800,9.2100,48505488,449641829.0000,3,1.390855,1,-0.325700,19.043118,2.913113,0.684233,10.311327,0
2011-11-02,sh.600068,8.9700,9.4300,8.9200,9.3400,9.1800,33579434,306830833.0000,3,0.962862,1,1.742900,19.375024,2.963886,0.696158,10.491045,0
2011-11-03,sh.600068,9.5000,9.8500,9.3100,9.3200,9.3400,65166874,627013970.0000,3,1.868606,1,-0.214100,19.333536,2.957540,0.694667,10.468581,0
2011-11-04,sh.600068,9.3700,9.5700,9.2700,9.5500,9.3200,42186747,398587003.0000,3,1.209670,1,2.467800,19.810651,3.030526,0.711811,10.726925,0
2011-11-07,sh.600068,9.5000,9.8000,9.3800,9.4000,9.5500,35489518,341013862.0000,3,1.017633,1,-1.570700,19.499489,2.982926,0.700630,10.558440,0
2011-11-08,sh.600068,9.4400,9.5300,9.3100,9.3600,9.4000,24410540,230125485.0000,3,0.699952,1,-0.425500,19.416512,2.970233,0.697649,10.513510,0
2011-11-09,sh.600068,9.4200,9.5000,9.1700,9.4000,9.3600,21583226,201152902.0000,3,0.618881,1,0.427400,19.499489,2.982926,0.700630,10.558440,0
2011-11-10,sh.600068,9.3000,9.4000,9.1500,9.1600,9.4000,25882279,238992272.0000,3,0.742153,1,-2.553200,19.001629,2.906766,0.682742,10.288862,0
2011-11-11,sh.600068,9.1800,9.2500,8.9900,9.1200,9.1600,19269629,176112096.0000,3,0.552541,1,-0.436700,18.918653,2.894073,0.679760,10.243933,0
2011-11-14,sh.600068,9.2500,9.3700,9.1800,9.3000,9.1200,18533628,172283091.0000,3,0.531436,1,1.973700,19.292047,2.951193,0.693177,10.446116,0
2011-11-15,sh.600068,9.2800,9.4500,9.2600,9.3600,9.3000,16835934,157343586.0000,3,0.482756,1,0.645200,19.416512,2.970233,0.697649,10.513510,0
2011-11-16,sh.600068,9.3600,9.3600,9.3600,9.3600,9.3600,0,0.0000,3,,0,0.000000,19.416512,2.970233,0.697649,10.513510,0
2011-11-17,sh.600068,9.0900,9.2900,9.0100,9.0500,9.3600,21882730,199409752.0000,3,0.627469,1,-3.312000,18.773444,2.871860,0.674543,10.165306,0
2011-11-18,sh.600068,9.0000,9.1400,8.6500,8.6800,9.0500,20208048,179486459.0000,3,0.579449,1,-4.088400,18.005911,2.754447,0.646965,9.749708,0
2011-11-21,sh.600068,8.7000,8.8400,8.6000,8.8000,8.6800,11352307,98979124.0000,3,0.325518,1,1.382500,18.254840,2.792527,0.655909,9.884497,0
2011-11-22,sh.600068,8.6900,8.8300,8.6500,8.7800,8.8000,9023310,78911179.0000,3,0.258736,1,-0.227300,18.213352,2.786180,0.654419,9.862032,0
2011-11-23,sh.600068,8.7800,8.8500,8.6000,8.6200,8.7800,12073371,105265412.0000,3,0.346194,1,-1.822300,17.881446,2.735407,0.642493,9.682314,0
2011-11-24,sh.600068,8.5100,8.6000,8.4200,8.5300,8.6200,10826736,92143197.0000,3,0.310448,1,-1.044100,17.694749,2.706847,0.635785,9.581222,0
2011-11-25,sh.600068,8.5200,8.5900,8.4000,8.4900,8.5300,10157889,86359141.0000,3,0.291269,1,-0.468900,17.611772,2.694154,0.632803,9.536293,0
2011-11-28,sh.600068,8.5400,8.7900,8.5400,8.6500,8.4900,26017158,225989119.0000,3,0.746020,1,1.884600,17.943678,2.744927,0.644729,9.716011,0
2011-11-29,sh.600068,8.7600,8.7900,8.6600,8.7300,8.6500,17820860,155048291.0000,3,0.510998,1,0.924900,18.109631,2.770313,0.650692,9.805870,0
2011-11-30,sh.600068,8.7000,8.8100,8.3800,8.4500,8.7300,21669642,186503457.0000,3,0.621359,1,-3.207300,17.528796,2.681460,0.629822,9.491363,0
2011-12-01,sh.600068,8.7100,8.8300,8.6300,8.6900,8.4500,20712907,181014229.0000,3,0.593925,1,2.840200,18.026655,2.757620,0.647710,9.760940,0
2011-12-02,sh.600068,8.6400,8.6700,8.4700,8.5400,8.6900,9171143,78376340.0000,3,0.262975,1,-1.726100,17.715493,2.710020,0.636530,9.592455,0
2011-12-05,sh.600068,8.5700,8.5900,8.1300,8.1900,8.5400,15525159,128518160.0000,3,0.445171,1,-4.098400,16.989448,2.598954,0.610443,9.199321,0
2011-12-06,sh.600068,8.1800,8.2700,8.1100,8.2000,8.1900,7902889,64689033.0000,3,0.226609,1,0.122100,17.010192,2.602127,0.611188,9.210554,0
2011-12-07,sh.600068,8.2500,8.2500,8.0900,8.1500,8.2000,7229441,59028849.0000,3,0.207298,1,-0.609800,16.906472,2.586260,0.607461,9.154392,0
2011-12-08,sh.600068,8.1700,8.3500,8.0700,8.2100,8.1500,10998819,90311185.0000,3,0.315382,1,0.736200,17.030936,2.605300,0.611933,9.221786,0
2011-12-09,sh.600068,8.1400,8.2600,8.1100,8.1900,8.2100,6971130,56990929.0000,3,0.199891,1,-0.243600,16.989448,2.598954,0.610443,9.199321,0
2011-12-12,sh.600068,8.2000,8.3300,8.1700,8.1900,8.1900,11144256,91847152.0000,3,0.319552,1,0.000000,16.989448,2.598954,0.610443,9.199321,0
2011-12-13,sh.600068,8.2000,8.2500,7.8600,7.8900,8.1900,23494364,189375349.0000,3,0.673681,1,-3.663000,16.367124,2.503754,0.588082,8.862350,0
2011-12-14,sh.600068,7.8800,7.8800,7.5300,7.6000,7.8900,16111348,122983461.0000,3,0.461980,1,-3.675500,15.765544,2.411728,0.566467,8.536611,0
2011-12-15,sh.600068,7.5800,7.5800,7.3000,7.3100,7.6000,14677859,108701100.0000,3,0.420875,1,-3.815800,15.163964,2.319701,0.544852,8.210872,0
2011-12-16,sh.600068,7.3200,7.5500,7.2900,7.5200,7.3100,18148944,134409962.0000,3,0.520406,1,2.872800,15.599591,2.386341,0.560504,8.446752,0
2011-12-19,sh.600068,7.5200,7.5200,7.1800,7.4000,7.5200,16197227,118855864.0000,3,0.464442,1,-1.595700,15.350661,2.348261,0.551560,8.311963,0
2011-12-20,sh.600068,7.4000,7.5000,7.3300,7.3600,7.4000,9538856,70734184.0000,3,0.273519,1,-0.540500,15.267685,2.335568,0.548579,8.267034,0
2011-12-21,sh.600068,7.4200,7.5200,7.1900,7.2400,7.3600,13138183,97414925.0000,3,0.376727,1,-1.630400,15.018755,2.297488,0.539634,8.132245,0
2011-12-22,sh.600068,7.2700,7.4100,7.0200,7.3000,7.2400,14720901,106201009.0000,3,0.422110,1,0.828700,15.143220,2.316528,0.544106,8.199639,0
2011-12-23,sh.600068,7.3300,7.4800,7.2500,7.4500,7.3000,12146668,89982047.0000,3,0.348296,1,2.054800,15.454382,2.364128,0.555287,8.368125,0
2011-12-26,sh.600068,7.3700,7.6200,7.3300,7.5300,7.4500,16823810,126851522.0000,3,0.482409,1,1.073800,15.620335,2.389514,0.561250,8.457984,0
2011-12-27,sh.600068,7.5100,7.6000,7.3800,7.4100,7.5300,11679667,87558521.0000,3,0.334905,1,-1.593600,15.371405,2.351434,0.552305,8.323195,0
2011-12-28,sh.600068,7.4000,7.5300,7.3300,7.5200,7.4100,11788001,87850398.0000,3,0.338011,1,1.484500,15.599591,2.386341,0.560504,8.446752,0
2011-12-29,sh.600068,7.5200,7.6300,7.4500,7.6200,7.5200,12330861,93207250.0000,3,0.353577,1,1.329800,15.807032,2.418074,0.567958,8.559075,0
2011-12-30,sh.600068,7.6300,7.7200,7.5700,7.7000,7.6200,13613740,104244428.0000,3,0.390363,1,1.049900,15.972985,2.443461,0.573921,8.648935,0
2012-01-04,sh.600068,7.7500,7.8500,7.6200,7.6600,7.7000,17620119,136362330.0000,3,0.505242,1,-0.519500,15.890009,2.430768,0.570939,8.604005,0
2012-01-05,sh.600068,7.5500,7.6800,7.2900,7.3100,7.6600,21584210,161712258.0000,3,0.618909,1,-4.569200,15.163964,2.319701,0.544852,8.210872,0
2012-01-06,sh.600068,7.3300,7.3900,7.1800,7.3400,7.3100,11394808,83034902.0000,3,0.326737,1,0.410400,15.226196,2.329221,0.547088,8.244569,0
2012-01-09,sh.600068,7.4000,7.5700,7.2900,7.5600,7.3400,22452414,166777859.0000,3,0.643804,1,2.997300,15.682567,2.399034,0.563486,8.491681,0
2012-01-10,sh.600068,7.6000,7.9300,7.5400,7.8800,7.5600,36265936,281527832.0000,3,1.039896,1,4.232800,16.346380,2.500581,0.587337,8.851117,0
2012-01-11,sh.600068,7.8900,7.9600,7.7800,7.8700,7.8800,22637573,178256574.0000,3,0.649114,1,-0.126900,16.325636,2.497407,0.586592,8.839885,0
2012-01-12,sh.600068,7.8600,8.0700,7.8400,7.8900,7.8700,22642878,180358895.0000,3,0.649266,1,0.254100,16.367124,2.503754,0.588082,8.862350,0
2012-01-13,sh.600068,7.8400,7.9200,7.5000,7.5800,7.8900,20953269,160414499.0000,3,0.600818,1,-3.929000,15.724056,2.405381,0.564976,8.514146,0
2012-01-16,sh.600068,7.5200,7.5300,7.2800,7.3000,7.5800,15963934,118145822.0000,3,0.457753,1,-3.693900,15.143220,2.316528,0.544106,8.199639,0
2012-01-17,sh.600068,7.2300,7.8100,7.2300,7.8000,7.3000,22590206,171857123.0000,3,0.647755,1,6.849300,16.180427,2.475194,0.581374,8.761258,0
2012-01-18,sh.600068,7.8100,7.8700,7.6800,7.7200,7.8000,16719178,129999311.0000,3,0.479409,1,-1.025600,16.014474,2.449807,0.575411,8.671399,0
2012-01-19,sh.600068,7.7000,7.9400,7.6600,7.9000,7.7200,20384439,160097440.0000,3,0.584507,1,2.331600,16.387868,2.506927,0.588828,8.873582,0
2012-01-20,sh.600068,7.9300,8.1900,7.9300,8.1300,7.9000,28948828,234423147.0000,3,0.830084,1,2.911400,16.864983,2.579914,0.605971,9.131927,0
2012-01-30,sh.600068,8.1500,8.1500,7.9600,7.9700,8.1300,14553635,116974813.0000,3,0.417313,1,-1.968000,16.533077,2.529141,0.594045,8.952209,0
2012-01-31,sh.600068,7.9700,8.1300,7.8900,7.9500,7.9700,16156727,128768103.0000,3,0.463281,1,-0.250900,16.491589,2.522794,0.592554,8.929744,0
2012-02-01,sh.600068,7.9500,8.1100,7.8500,8.0400,7.9500,25962191,207849087.0000,3,0.744444,1,1.132100,16.678286,2.551354,0.599263,9.030836,0
2012-02-02,sh.600068,8.0500,8.1400,7.9600,8.1300,8.0400,21386452,172483174.0000,3,0.613239,1,1.119400,16.864983,2.579914,0.605971,9.131927,0
2012-02-03,sh.600068,8.1200,8.1900,8.0400,8.1400,8.1300,17799221,144697296.0000,3,0.510378,1,0.123000,16.885727,2.583087,0.606716,9.143159,0
2012-02-06,sh.600068,8.1600,8.1800,8.0700,8.1100,8.1400,14928103,121312142.0000,3,0.428051,1,-0.368600,16.823495,2.573567,0.604480,9.109462,0
2012-02-07,sh.600068,8.0700,8.0800,7.8000,7.8600,8.1100,15171947,119980225.0000,3,0.435043,1,-3.082600,16.304892,2.494234,0.585846,8.828653,0
2012-02-08,sh.600068,7.8400,8.0400,7.8400,8.0100,7.8600,16176158,128724498.0000,3,0.463838,1,1.908400,16.616054,2.541834,0.597026,8.997138,0
2012-02-09,sh.600068,8.0100,8.0700,7.9800,8.0400,8.0100,21275313,170784293.0000,3,0.610052,1,0.374500,16.678286,2.551354,0.599263,9.030836,0
2012-02-10,sh.600068,8.0400,8.1600,8.0000,8.1000,8.0400,22153997,179233204.0000,3,0.635248,1,0.746300,16.802751,2.570394,0.603735,9.098230,0
2012-02-13,sh.600068,8.0700,8.2100,8.0100,8.1400,8.1000,31427998,255778260.0000,3,0.901172,1,0.493800,16.885727,2.583087,0.606716,9.143159,0
2012-02-14,sh.600068,8.1500,8.1800,8.0300,8.1000,8.1400,15606364,126179099.0000,3,0.447500,1,-0.491400,16.802751,2.570394,0.603735,9.098230,0
2012-02-15,sh.600068,8.0800,8.1900,8.0200,8.1800,8.1000,25447529,206661524.0000,3,0.729687,1,0.987700,16.968704,2.595780,0.609697,9.188089,0
2012-02-16,sh.600068,8.1700,8.1900,8.0300,8.0900,8.1800,29445188,238411291.0000,3,0.844316,1,-1.100200,16.782007,2.567221,0.602989,9.086997,0
2012-02-17,sh.600068,8.1400,8.1500,7.9600,8.0100,8.0900,41149656,330361089.0000,3,1.179932,1,-0.988900,16.616054,2.541834,0.597026,8.997138,0
2012-02-20,sh.600068,8.0800,8.1200,7.9600,7.9700,8.0100,29486675,236926279.0000,3,0.845506,1,-0.499400,16.533077,2.529141,0.594045,8.952209,0
2012-02-21,sh.600068,7.9700,8.0100,7.8800,8.0000,7.9700,19443078,154459050.0000,3,0.557514,1,0.376400,16.595309,2.538661,0.596281,8.985906,0
2012-02-22,sh.600068,7.9900,8.1300,7.9800,8.1200,8.0000,33795209,272796670.0000,3,0.969050,1,1.500000,16.844239,2.576741,0.605225,9.120695,0
2012-02-23,sh.600068,8.1100,8.1700,8.0700,8.1600,8.1200,33622110,273326587.0000,3,0.964086,1,0.492600,16.927216,2.589434,0.608207,9.165624,0
2012-02-24,sh.600068,8.1600,8.2500,8.1300,8.2500,8.1600,50319564,412766250.0000,3,1.442872,1,1.102900,17.113913,2.617994,0.614915,9.266716,0
2012-02-27,sh.600068,8.2800,8.4700,8.2300,8.3200,8.2500,69379846,579207649.0000,3,1.989410,1,0.848500,17.259122,2.640207,0.620132,9.345342,0
2012-02-28,sh.600068,8.3000,8.7400,8.2500,8.7000,8.3200,98482706,840210796.0000,3,2.823910,1,4.567300,18.047399,2.760793,0.648456,9.772173,0
2012-02-29,sh.600068,8.6700,8.6700,8.4100,8.4500,8.7000,48349912,412575609.0000,3,1.386394,1,-2.873600,17.528796,2.681460,0.629822,9.491363,0
2012-03-01,sh.600068,8.4100,8.5600,8.3800,8.4600,8.4500,22729530,192475313.0000,3,0.651750,1,0.118300,17.549540,2.684634,0.630567,9.502596,0
2012-03-02,sh.600068,8.6300,8.7500,8.4300,8.5700,8.4600,67844453,582195908.0000,3,1.945384,1,1.300200,17.777725,2.719540,0.638766,9.626152,0
2012-03-05,sh.600068,8.5600,8.6400,8.4800,8.5100,8.5700,35853575,306663589.0000,3,1.028072,1,-0.700100,17.653260,2.700500,0.634294,9.558758,0
2012-03-06,sh.600068,8.4700,8.4800,8.3100,8.3600,8.5100,26998839,226017293.0000,3,0.774169,1,-1.762600,17.342098,2.652900,0.623114,9.390272,0
2012-03-07,sh.600068,8.2600,8.4200,8.2600,8.3100,8.3600,21430611,178433168.0000,3,0.614505,1,-0.598100,17.238378,2.637034,0.619387,9.334110,0
2012-03-08,sh.600068,8.3100,8.5400,8.2900,8.4200,8.3100,28091435,235754186.0000,3,0.805499,1,1.323700,17.466563,2.671940,0.627586,9.457666,0
2012-03-09,sh.600068,8.4300,8.5100,8.3500,8.5000,8.4200,25283487,213764850.0000,3,0.724983,1,0.950100,17.632516,2.697327,0.633549,9.547525,0
2012-03-12,sh.600068,8.5100,8.5200,8.3800,8.4300,8.5000,23958438,202144217.0000,3,0.686988,1,-0.823500,17.487307,2.675114,0.628331,9.468898,0
2012-03-13,sh.600068,8.4300,8.4800,8.4000,8.4400,8.4300,18975354,160007526.0000,3,0.544103,1,0.118600,17.508051,2.678287,0.629077,9.480131,0
2012-03-14,sh.600068,8.4800,8.5200,7.9400,8.0500,8.4400,50178638,418185393.0000,3,1.438831,1,-4.620900,16.699030,2.554527,0.600008,9.042068,0
2012-03-15,sh.600068,8.0400,8.1600,7.8100,7.9600,8.0500,33620091,268811927.0000,3,0.964028,1,-1.118000,16.512333,2.525967,0.593300,8.940977,0
2012-03-16,sh.600068,7.9800,8.0500,7.8300,8.0400,7.9600,25234994,200955841.0000,3,0.723593,1,1.005000,16.678286,2.551354,0.599263,9.030836,0
2012-03-19,sh.600068,8.0300,8.3200,7.9400,8.2600,8.0400,42125914,343516628.0000,3,1.207926,1,2.736300,17.134657,2.621167,0.615660,9.277948,0
2012-03-20,sh.600068,8.1900,8.2300,8.0100,8.0300,8.2600,24440137,198154878.0000,3,0.700801,1,-2.784500,16.657542,2.548181,0.598517,9.019603,0
2012-03-21,sh.600068,8.0700,8.1900,8.0000,8.1300,8.0300,22863593,184935329.0000,3,0.655595,1,1.245300,16.864983,2.579914,0.605971,9.131927,0
2012-03-22,sh.600068,8.1400,8.3000,8.0100,8.1900,8.1300,45776424,376056976.0000,3,1.312601,1,0.738000,16.989448,2.598954,0.610443,9.199321,0
2012-03-23,sh.600068,8.1400,8.1400,8.0100,8.0500,8.1900,17704081,142771889.0000,3,0.507650,1,-1.709400,16.699030,2.554527,0.600008,9.042068,0
2012-03-26,sh.600068,8.0200,8.0500,7.7700,7.8600,8.0500,21208390,167504378.0000,3,0.608133,1,-2.360200,17.681147,2.462728,0.588988,10.647790,0
2012-03-27,sh.600068,7.8800,7.9400,7.6800,7.7300,7.8600,22713032,176835349.0000,3,0.651277,1,-1.653900,17.388710,2.421996,0.579246,10.471682,0
2012-03-28,sh.600068,7.7200,7.7200,7.3500,7.3900,7.7300,23781080,178398146.0000,3,0.681903,1,-4.398400,16.623877,2.315466,0.553768,10.011090,0
2012-03-29,sh.600068,7.3800,7.4600,7.0200,7.1100,7.3900,41309962,296036497.0000,3,1.184529,1,-3.788900,15.994014,2.227735,0.532787,9.631780,0
2012-03-30,sh.600068,7.1300,7.1800,7.0700,7.1600,7.1100,18294223,130348990.0000,3,0.524572,1,0.703200,16.106490,2.243401,0.536533,9.699514,0
2012-04-05,sh.600068,7.1800,7.3000,7.1500,7.2900,7.1600,22844265,165365606.0000,3,0.655040,1,1.815600,16.398926,2.284134,0.546275,9.875622,0
2012-04-06,sh.600068,7.2900,7.3600,7.2500,7.2900,7.2900,17591576,128582332.0000,3,0.504424,1,0.000000,16.398926,2.284134,0.546275,9.875622,0
2012-04-09,sh.600068,7.2800,7.3300,7.1500,7.1800,7.2900,13286284,95939341.0000,3,0.380973,1,-1.508900,16.151480,2.249668,0.538032,9.726607,0
2012-04-10,sh.600068,7.1500,7.2900,7.1300,7.2800,7.1800,16756502,120907702.0000,3,0.480479,1,1.392800,16.376431,2.281000,0.545526,9.862075,0
2012-04-11,sh.600068,7.2200,7.2900,7.1800,7.2700,7.2800,14093622,102191321.0000,3,0.404123,1,-0.137400,16.353936,2.277867,0.544776,9.848529,0
2012-04-12,sh.600068,7.2900,7.3800,7.2400,7.3700,7.2700,26052979,190636729.0000,3,0.747048,1,1.375500,16.578887,2.309199,0.552270,9.983997,0
2012-04-13,sh.600068,7.3900,7.5800,7.3900,7.4600,7.3700,33760871,252622866.0000,3,0.968065,1,1.221200,16.781343,2.337399,0.559014,10.105918,0
2012-04-16,sh.600068,7.5100,7.6600,7.5100,7.5800,7.4600,34643302,263130510.0000,3,0.993368,1,1.608600,17.051284,2.374998,0.568006,10.268480,0
2012-04-17,sh.600068,7.5800,7.6200,7.4200,7.4400,7.5800,18376172,137715960.0000,3,0.526922,1,-1.847000,16.736353,2.331132,0.557515,10.078824,0
2012-04-18,sh.600068,7.4900,7.6300,7.3900,7.6000,7.4400,26578371,200304597.0000,3,0.762113,1,2.150500,17.096274,2.381264,0.569505,10.295573,0
2012-04-19,sh.600068,7.6000,7.7000,7.5900,7.6200,7.6000,21491584,164226754.0000,3,0.616253,1,0.263200,17.141264,2.387531,0.571003,10.322667,0
2012-04-20,sh.600068,7.6000,7.6700,7.5700,7.6400,7.6200,19909413,151714196.0000,3,0.570886,1,0.262500,17.186255,2.393797,0.572502,10.349760,0
2012-04-23,sh.600068,7.6400,7.7600,7.5800,7.6400,7.6400,24435348,187248204.0000,3,0.700663,1,0.000000,17.186255,2.393797,0.572502,10.349760,0
2012-04-24,sh.600068,7.5900,7.6600,7.3000,7.4700,7.6400,23204463,173202527.0000,3,0.665369,1,-2.225100,16.803838,2.340532,0.559763,10.119465,0
2012-04-25,sh.600068,7.4900,7.6500,7.4000,7.5800,7.4700,26605309,200563262.0000,3,0.762885,1,1.472600,17.051284,2.374998,0.568006,10.268480,0
2012-04-26,sh.600068,7.5900,7.7400,7.5500,7.5800,7.5800,22694354,173228289.0000,3,0.650742,1,0.000000,17.051284,2.374998,0.568006,10.268480,0
2012-04-27,sh.600068,7.5800,7.5800,7.5800,7.5800,7.5800,0,0.0000,3,,0,0.000000,17.051284,2.374998,0.568006,10.268480,0
2012-05-02,sh.600068,7.7300,7.7300,7.5800,7.6800,7.5800,32183328,246317733.0000,3,0.922830,1,1.319300,17.221857,2.291680,0.550252,17.183223,0
2012-05-03,sh.600068,7.6600,7.8400,7.6100,7.7600,7.6800,31126661,240714420.0000,3,0.892531,1,1.041700,17.401252,2.315551,0.555984,17.362215,0
2012-05-04,sh.600068,7.7700,7.8000,7.6900,7.7600,7.7600,20594746,159541720.0000,3,0.590537,1,0.000000,17.401252,2.315551,0.555984,17.362215,0
2012-05-07,sh.600068,7.7000,7.8300,7.6800,7.8100,7.7600,33423994,259806068.0000,3,0.958405,1,0.644300,17.513373,2.330471,0.559567,17.474085,0
2012-05-08,sh.600068,7.8000,7.8500,7.7400,7.8000,7.8100,21885044,170651062.0000,3,0.627536,1,-0.128000,17.490949,2.327487,0.558850,17.451711,0
2012-05-09,sh.600068,7.7600,7.7600,7.5800,7.5900,7.8000,18010162,137901891.0000,3,0.516426,1,-2.692300,17.020039,2.264824,0.543804,16.981857,0
2012-05-10,sh.600068,7.5900,7.6200,7.5100,7.5400,7.5900,13607424,102906333.0000,3,0.390182,1,-0.658800,16.907917,2.249904,0.540222,16.869987,0
2012-05-11,sh.600068,7.5400,7.6200,7.3600,7.3800,7.5400,23124112,172760157.0000,3,0.663065,1,-2.122000,16.549129,2.202161,0.528758,16.512003,0
2012-05-14,sh.600068,7.4800,7.4800,7.3000,7.3200,7.3800,24277355,179287378.0000,3,0.696133,1,-0.813000,16.414583,2.184257,0.524459,16.377760,0
2012-05-15,sh.600068,7.2400,7.2800,7.2000,7.2600,7.3200,18454758,133610735.0000,3,0.529175,1,-0.819700,16.280037,2.166353,0.520161,16.243516,0
2012-05-16,sh.600068,7.2600,7.2700,7.1100,7.1300,7.2600,19707615,141331173.0000,3,0.565100,1,-1.790600,15.988521,2.127562,0.510846,15.952654,0
2012-05-17,sh.600068,7.1300,7.2300,7.0800,7.2100,7.1300,20074184,143591802.0000,3,0.575611,1,1.122000,16.167916,2.151434,0.516578,16.131646,0
2012-05-18,sh.600068,7.1600,7.1700,7.0700,7.1100,7.2100,15883115,113057576.0000,3,0.455435,1,-1.387000,15.943673,2.121594,0.509413,15.907906,0
2012-05-21,sh.600068,7.1100,7.2100,7.0500,7.1200,7.1100,19064642,135770779.0000,3,0.546663,1,0.140600,15.966097,2.124578,0.510130,15.930280,0
2012-05-22,sh.600068,7.1600,7.1900,7.1200,7.1900,7.1200,19247632,137854212.0000,3,0.551910,1,0.983100,16.123067,2.145466,0.515145,16.086898,0
2012-05-23,sh.600068,7.1900,7.3000,7.1700,7.2900,7.1900,27109802,195959718.0000,3,0.777351,1,1.390800,16.347310,2.175305,0.522310,16.310638,0
2012-05-24,sh.600068,7.2600,7.3300,7.1800,7.2100,7.2900,18830496,136780889.0000,3,0.539949,1,-1.097400,16.167916,2.151434,0.516578,16.131646,0
2012-05-25,sh.600068,7.2000,7.2300,7.1100,7.1800,7.2100,14117349,101203304.0000,3,0.404803,1,-0.416100,16.100643,2.142482,0.514429,16.064524,0
2012-05-28,sh.600068,7.1500,7.5900,7.1000,7.5800,7.1800,57506476,425564466.0000,3,1.648951,1,5.571000,16.997615,2.261840,0.543088,16.959483,0
2012-05-29,sh.600068,7.6500,7.7500,7.5600,7.6700,7.5800,72382167,554398192.0000,3,2.075499,1,1.187300,17.199433,2.288696,0.549536,17.160849,0
2012-05-30,sh.600068,7.6500,7.6800,7.5400,7.6000,7.6700,31981736,243272632.0000,3,0.917050,1,-0.912600,17.042463,2.267808,0.544521,17.004231,0
2012-05-31,sh.600068,7.5300,7.5800,7.4400,7.4700,7.6000,24517451,183935779.0000,3,0.703018,1,-1.710500,16.750947,2.229016,0.535207,16.713369,0
2012-06-01,sh.600068,7.4700,7.5500,7.4200,7.4400,7.4700,17982762,134611034.0000,3,0.515641,1,-0.401600,16.683674,2.220065,0.533057,16.646247,0
2012-06-04,sh.600068,7.3500,7.3500,7.1600,7.1800,7.4400,19636972,142214967.0000,3,0.563074,1,-3.494600,16.100643,2.142482,0.514429,16.064524,0
2012-06-05,sh.600068,7.2000,7.2400,7.1600,7.1900,7.1800,12311571,88629568.0000,3,0.353024,1,0.139300,16.123067,2.145466,0.515145,16.086898,0
2012-06-06,sh.600068,7.2200,7.2400,7.1300,7.1700,7.1900,11895698,85287547.0000,3,0.341099,1,-0.278200,16.078219,2.139498,0.513712,16.042150,0
2012-06-07,sh.600068,7.2400,7.2600,7.0400,7.0900,7.1700,20787949,148261134.0000,3,0.596077,1,-1.115800,15.898824,2.115626,0.507980,15.863158,0
2012-06-08,sh.600068,7.1500,7.1600,7.0500,7.0800,7.0900,19565151,138834794.0000,3,0.561015,1,-0.141000,15.876400,2.112642,0.507264,15.840784,0
2012-06-11,sh.600068,7.1000,7.2000,7.0700,7.1600,7.0800,13833723,98786006.0000,3,0.396671,1,1.129900,16.055794,2.136514,0.512996,16.019776,0
2012-06-12,sh.600068,7.1300,7.1500,7.0600,7.1100,7.1600,12676338,89997049.0000,3,0.363484,1,-0.698300,15.943673,2.121594,0.509413,15.907906,0
2012-06-13,sh.600068,7.1300,7.2000,7.0900,7.1900,7.1100,15028261,107492345.0000,3,0.430923,1,1.125200,16.123067,2.145466,0.515145,16.086898,0
2012-06-14,sh.600068,7.1900,7.1900,7.1100,7.1400,7.1900,13135378,93889143.0000,3,0.376646,1,-0.695400,16.010946,2.130546,0.511563,15.975028,0
2012-06-15,sh.600068,7.0700,7.1000,6.9800,7.0700,7.0400,15987398,112510938.0000,3,0.458425,1,0.426100,15.853976,2.109658,0.506548,15.818410,0
2012-06-18,sh.600068,7.0900,7.1600,7.0600,7.0800,7.0700,19428568,137872046.0000,3,0.557098,1,0.141400,15.876400,2.112642,0.507264,15.840784,0
2012-06-19,sh.600068,7.0900,7.0900,6.9900,7.0200,7.0800,11710766,82447915.0000,3,0.335797,1,-0.847500,15.741854,2.094738,0.502965,15.706540,0
2012-06-20,sh.600068,7.0500,7.0800,7.0200,7.0500,7.0200,10144114,71535698.0000,3,0.290874,1,0.427400,15.809127,2.103690,0.505115,15.773662,0
2012-06-21,sh.600068,7.0500,7.0700,6.9200,6.9400,7.0500,15211909,106157947.0000,3,0.436189,1,-1.560300,15.562460,2.070867,0.497233,15.527548,0
2012-06-25,sh.600068,6.9600,7.0300,6.7600,6.7700,6.9400,20914049,144377750.0000,3,0.599693,1,-2.449600,15.181247,2.020139,0.485053,15.147190,0
2012-06-26,sh.600068,6.7200,6.7300,6.4800,6.6500,6.7700,20163624,132847890.0000,3,0.578175,1,-1.772500,14.912155,1.984332,0.476456,14.878702,0
2012-06-27,sh.600068,6.6500,6.6600,6.5300,6.5600,6.6500,11362518,75049567.0000,3,0.325811,1,-1.353400,14.710337,1.957476,0.470007,14.677336,0
2012-06-28,sh.600068,6.5700,6.6100,6.4800,6.4800,6.5600,11745689,76787504.0000,3,0.336798,1,-1.219500,14.530942,1.933605,0.464276,14.498345,0
2012-06-29,sh.600068,6.4500,6.5600,6.4300,6.5300,6.4800,11553313,75031610.0000,3,0.331282,1,0.771600,14.643064,1.948524,0.467858,14.610214,0
2012-07-02,sh.600068,6.5900,6.6200,6.5300,6.5400,6.5300,11676680,76669885.0000,3,0.334819,1,0.153100,14.665488,1.951508,0.468574,14.632588,0
2012-07-03,sh.600068,6.5400,6.6100,6.5200,6.5400,6.5400,10082951,66199911.0000,3,0.289120,1,0.000000,14.665488,1.951508,0.468574,14.632588,0
2012-07-04,sh.600068,6.5400,6.5700,6.4300,6.4700,6.5400,12539058,81353089.0000,3,0.359547,1,-1.070300,14.508518,1.930621,0.463559,14.475971,0
2012-07-05,sh.600068,6.4300,6.4300,6.2500,6.2600,6.4700,15218554,96081247.0000,3,0.436379,1,-3.245700,14.037608,1.867958,0.448513,14.006117,0
2012-07-06,sh.600068,6.3000,6.3200,6.1300,6.2800,6.2600,19157931,119542047.0000,3,0.549338,1,0.319500,14.082456,1.873925,0.449946,14.050865,0
2012-07-09,sh.600068,6.2500,6.2500,6.0200,6.0400,6.2800,13051427,80278371.0000,3,0.374239,1,-3.821700,13.544273,1.802310,0.432751,13.513889,0
2012-07-10,sh.600068,6.0100,6.0600,5.9800,6.0100,6.0400,12521567,75420383.0000,3,0.359046,1,-0.496700,13.477000,1.793359,0.430601,13.446767,0
2012-07-11,sh.600068,6.0200,6.1000,6.0100,6.0800,6.0100,12488005,75684063.0000,3,0.358083,1,1.164700,13.633971,1.814246,0.435617,13.603385,0
2012-07-12,sh.600068,6.0800,6.1400,6.0000,6.1400,6.0800,17098602,103931827.0000,3,0.490288,1,0.986800,13.768516,1.832150,0.439915,13.737629,0
2012-07-13,sh.600068,6.1100,6.2000,6.0900,6.1100,6.1400,11909992,73004214.0000,3,0.341509,1,-0.488600,13.701243,1.823198,0.437766,13.670507,0
2012-07-16,sh.600068,6.1300,6.1500,5.9200,5.9300,6.1100,15266855,91643041.0000,3,0.437764,1,-2.946000,13.297606,1.769487,0.424869,13.267775,0
2012-07-17,sh.600068,5.9300,5.9700,5.8900,5.9500,5.9300,10444004,61863721.0000,3,0.299473,1,0.337300,13.342455,1.775455,0.426302,13.312523,0
2012-07-18,sh.600068,5.9400,6.0200,5.9000,6.0200,5.9500,10382132,61770845.0000,3,0.297699,1,1.176500,13.499425,1.796343,0.431318,13.469141,0
2012-07-19,sh.600068,6.0100,6.2800,5.9900,6.1500,6.0200,21551012,132879837.0000,3,0.617957,1,2.159500,13.790941,1.835134,0.440632,13.760003,0
2012-07-20,sh.600068,6.1600,6.1900,6.0600,6.0800,6.1500,11538214,70446964.0000,3,0.330849,1,-1.138200,13.633971,1.814246,0.435617,13.603385,0
2012-07-23,sh.600068,6.0500,6.1500,6.0300,6.0800,6.0800,13261885,80900158.0000,3,0.380274,1,0.000000,13.633971,1.814246,0.435617,13.603385,0
2012-07-24,sh.600068,6.0500,6.1400,6.0200,6.0900,6.0800,8167934,49717901.0000,3,0.234209,1,0.164500,13.656395,1.817230,0.436333,13.625759,0
2012-07-25,sh.600068,6.1100,6.1100,6.0400,6.0600,6.0900,6842320,41552896.0000,3,0.196198,1,-0.492600,13.589122,1.808278,0.434184,13.558637,0
2012-07-26,sh.600068,6.0600,6.0900,6.0000,6.0100,6.0600,7410649,44772007.0000,3,0.212494,1,-0.825100,13.477000,1.793359,0.430601,13.446767,0
2012-07-27,sh.600068,6.0200,6.0400,5.9600,5.9900,6.0100,7845194,47010308.0000,3,0.224954,1,-0.332800,13.432152,1.787391,0.429168,13.402019,0
2012-07-30,sh.600068,5.9600,6.0200,5.9200,5.9500,5.9900,7191067,42925055.0000,3,0.206198,1,-0.667800,13.342455,1.775455,0.426302,13.312523,0
2012-07-31,sh.600068,5.9500,5.9900,5.6100,5.6700,5.9500,17246923,99924001.0000,3,0.494541,1,-4.705900,12.714574,1.691904,0.406241,12.686051,0
2012-08-01,sh.600068,5.6500,5.8400,5.6200,5.7800,5.6700,13173859,75926997.0000,3,0.377750,1,1.940000,12.961242,1.724728,0.414122,12.932165,0
2012-08-02,sh.600068,5.7800,5.8100,5.7000,5.7100,5.7800,7599968,43563702.0000,3,0.217923,1,-1.211100,12.804272,1.703840,0.409107,12.775547,0
2012-08-03,sh.600068,5.7200,5.8200,5.7000,5.8000,5.7100,8204261,47267142.0000,3,0.235250,1,1.576200,13.006090,1.730695,0.415555,12.976913,0
2012-08-06,sh.600068,5.7900,5.9400,5.7700,5.9400,5.8000,13205718,77397941.0000,3,0.378663,1,2.413800,13.320030,1.772471,0.425586,13.290149,0
2012-08-07,sh.600068,5.9900,5.9900,5.8900,5.9300,5.9400,12273286,72688741.0000,3,0.351926,1,-0.168400,13.297606,1.769487,0.424869,13.267775,0
2012-08-08,sh.600068,5.9400,5.9500,5.8700,5.8900,5.9300,8457257,49885025.0000,3,0.242505,1,-0.674500,13.207909,1.757551,0.422004,13.178279,0
2012-08-09,sh.600068,5.8900,5.9300,5.8000,5.9200,5.8900,12841450,75407868.0000,3,0.368218,1,0.509300,13.275182,1.766503,0.424153,13.245401,0
2012-08-10,sh.600068,5.9100,5.9500,5.8800,5.9000,5.9200,10408298,61502038.0000,3,0.298449,1,-0.337800,13.230333,1.760535,0.422720,13.200653,0
2012-08-13,sh.600068,5.8600,5.9300,5.8000,5.8000,5.9000,11785668,69226181.0000,3,0.337944,1,-1.694900,13.006090,1.730695,0.415555,12.976913,0
2012-08-14,sh.600068,5.8000,5.8200,5.7000,5.8000,5.8000,8531073,49152793.0000,3,0.244621,1,0.000000,13.006090,1.730695,0.415555,12.976913,0
2012-08-15,sh.600068,5.8000,5.8000,5.6900,5.7000,5.8000,7871835,45150450.0000,3,0.225718,1,-1.724100,12.781847,1.700856,0.408391,12.753173,0
2012-08-16,sh.600068,5.6800,5.7300,5.6400,5.6600,5.7000,6937270,39455836.0000,3,0.198920,1,-0.701800,12.692150,1.688920,0.405525,12.663677,0
2012-08-17,sh.600068,5.6600,5.7100,5.6400,5.6900,5.6600,6983859,39611038.0000,3,0.200256,1,0.530000,12.759423,1.697872,0.407674,12.730799,0
2012-08-20,sh.600068,5.6500,5.7000,5.6000,5.6600,5.6900,6399720,36038822.0000,3,0.183507,1,-0.527200,12.692150,1.688920,0.405525,12.663677,0
2012-08-21,sh.600068,5.6600,5.7300,5.6300,5.6900,5.6600,11988008,68179300.0000,3,0.343746,1,0.530000,12.759423,1.697872,0.407674,12.730799,0
2012-08-22,sh.600068,5.7000,5.7100,5.5900,5.6200,5.6900,9874936,55577895.0000,3,0.283156,1,-1.230200,12.602453,1.676984,0.402659,12.574181,0
2012-08-23,sh.600068,5.6200,5.6700,5.5800,5.6100,5.6200,9138739,51326480.0000,3,0.262046,1,-0.177900,12.580029,1.674000,0.401942,12.551808,0
2012-08-24,sh.600068,5.6000,5.6000,5.5000,5.5100,5.6100,8705367,48213713.0000,3,0.249619,1,-1.782500,12.355786,1.644161,0.394778,12.328068,0
2012-08-27,sh.600068,5.5000,5.5000,5.3000,5.3100,5.5100,11346168,61007237.0000,3,0.325342,1,-3.629800,11.907300,1.584482,0.380448,11.880588,0
2012-08-28,sh.600068,5.2800,5.4000,5.2600,5.3400,5.3100,9198573,49060448.0000,3,0.263761,1,0.565000,11.974573,1.593433,0.382597,11.947710,0
2012-08-29,sh.600068,5.3400,5.5500,5.2700,5.4800,5.3400,18307821,99036401.0000,3,0.524962,1,2.621700,12.288513,1.635209,0.392628,12.260946,0
2012-08-30,sh.600068,5.4500,5.4500,5.2800,5.3200,5.4800,13622928,72997739.0000,3,0.390626,1,-2.919705,11.929724,1.587466,0.381164,11.902962,0
2012-08-31,sh.600068,5.2900,5.3700,5.2500,5.2500,5.3200,11888589,62819042.0000,3,0.340895,1,-1.315800,11.901263,1.554477,0.363485,-7.631866,0
2012-09-03,sh.600068,5.2300,5.3700,5.2100,5.3000,5.2500,15272135,80611481.0000,3,0.437916,1,0.952400,12.014608,1.569281,0.366947,-7.704550,0
2012-09-04,sh.600068,5.2900,5.3100,5.1500,5.1600,5.3000,14422489,75380220.0000,3,0.413553,1,-2.641500,11.697241,1.527829,0.357254,-7.501034,0
2012-09-05,sh.600068,5.1300,5.1700,5.0700,5.1100,5.1600,11680948,59773544.0000,3,0.334942,1,-0.969000,11.583896,1.513024,0.353792,-7.428349,0
2012-09-06,sh.600068,5.1200,5.1800,5.1200,5.1600,5.1100,8986190,46296141.0000,3,0.257672,1,0.978500,11.697241,1.527829,0.357254,-7.501034,0
2012-09-07,sh.600068,5.2000,5.6500,5.2000,5.5500,5.1600,48073065,262634339.0000,3,1.378455,1,7.558100,12.581335,1.643304,0.384255,-8.067972,0
2012-09-10,sh.600068,5.5100,5.7600,5.4900,5.6400,5.5500,37132386,209802131.0000,3,1.064740,1,1.621600,12.785356,1.669952,0.390487,-8.198804,0
2012-09-11,sh.600068,5.6000,5.6100,5.4600,5.5300,5.6400,22806493,126011564.0000,3,0.653957,1,-1.950400,12.535997,1.637382,0.382871,-8.038899,0
2012-09-12,sh.600068,5.5500,5.5900,5.5000,5.5600,5.5300,16274507,90156739.0000,3,0.466658,1,0.542500,12.604004,1.646265,0.384948,-8.082509,0
2012-09-13,sh.600068,5.5400,5.5400,5.4100,5.4100,5.5600,14350401,78699175.0000,3,0.411486,1,-2.697800,12.263968,1.601851,0.374562,-7.864456,0
2012-09-14,sh.600068,5.4600,5.4900,5.3600,5.4500,5.4100,14069856,76489426.0000,3,0.403441,1,0.739400,12.354644,1.613695,0.377332,-7.922604,0
2012-09-17,sh.600068,5.4600,5.4600,5.2400,5.2500,5.4500,15296676,81299671.0000,3,0.438620,1,-3.669700,11.901263,1.554477,0.363485,-7.631866,0
2012-09-18,sh.600068,5.2100,5.2900,5.1900,5.2100,5.2500,10245202,53583950.0000,3,0.293773,1,-0.761900,11.810586,1.542633,0.360715,-7.573718,0
2012-09-19,sh.600068,5.2100,5.2500,5.1700,5.2000,5.2100,9775780,50859252.0000,3,0.280312,1,-0.191900,11.787917,1.539672,0.360023,-7.559181,0
2012-09-20,sh.600068,5.2000,5.2000,5.0300,5.0400,5.2000,14103885,72006732.0000,3,0.404417,1,-3.076900,11.425212,1.492298,0.348945,-7.326591,0
2012-09-21,sh.600068,5.0400,5.1000,5.0100,5.0500,5.0400,9834793,49716705.0000,3,0.282005,1,0.198400,11.447881,1.495259,0.349638,-7.341128,0
2012-09-24,sh.600068,5.0200,5.0600,4.9000,5.0000,5.0500,16521635,82367165.0000,3,0.473744,1,-0.990100,11.334536,1.480454,0.346176,-7.268444,0
2012-09-25,sh.600068,4.9600,5.0100,4.9200,4.9400,5.0000,10486321,51956699.0000,3,0.300687,1,-1.200000,11.198521,1.462689,0.342022,-7.181222,0
2012-09-26,sh.600068,4.9300,4.9500,4.8200,4.8300,4.9400,9306289,45424082.0000,3,0.266850,1,-2.226700,10.949162,1.430119,0.334406,-7.021317,0
2012-09-27,sh.600068,4.8100,5.0400,4.8100,4.9800,4.8300,18242585,90216191.0000,3,0.523091,1,3.105600,11.289198,1.474532,0.344791,-7.239370,0
2012-09-28,sh.600068,4.9600,5.1800,4.9200,5.1500,4.9800,25131957,126940729.0000,3,0.720638,1,3.413700,11.674572,1.524868,0.356561,-7.486497,0
2012-10-08,sh.600068,5.1400,5.1700,5.0600,5.0900,5.1500,11521503,58743970.0000,3,0.330370,1,-1.165000,11.538557,1.507102,0.352407,-7.399276,0
2012-10-09,sh.600068,5.0900,5.4200,5.0900,5.3100,5.0900,31011293,164155122.0000,3,0.889223,1,4.322200,12.037277,1.572242,0.367639,-7.719087,0
2012-10-10,sh.600068,5.3000,5.3200,5.2300,5.2800,5.3100,14297722,75416610.0000,3,0.409975,1,-0.565000,11.969270,1.563360,0.365562,-7.675476,0
2012-10-11,sh.600068,5.2800,5.3800,5.2200,5.2500,5.2800,14861809,78515468.0000,3,0.426150,1,-0.568200,11.901263,1.554477,0.363485,-7.631866,0
2012-10-12,sh.600068,5.2700,5.3100,5.1600,5.2000,5.2500,12960469,67660803.0000,3,0.371631,1,-0.952400,11.787917,1.539672,0.360023,-7.559181,0
2012-10-15,sh.600068,5.2000,5.2100,5.1200,5.2000,5.2000,10889889,56157448.0000,3,0.312259,1,0.000000,11.787917,1.539672,0.360023,-7.559181,0
2012-10-16,sh.600068,5.1900,5.2900,5.1600,5.2600,5.2000,14699789,77099769.0000,3,0.421504,1,1.153800,11.923932,1.557438,0.364177,-7.646403,0
2012-10-17,sh.600068,5.2800,5.2900,5.1900,5.2300,5.2600,9484483,49693906.0000,3,0.271960,1,-0.570300,11.855924,1.548555,0.362100,-7.602792,0
2012-10-18,sh.600068,5.2600,5.3200,5.2400,5.3100,5.2300,15764003,83374541.0000,3,0.452020,1,1.529600,12.037277,1.572242,0.367639,-7.719087,0
2012-10-19,sh.600068,5.3000,5.3100,5.2700,5.2900,5.3100,8321662,43991745.0000,3,0.238617,1,-0.376648,11.991939,1.566320,0.366254,-7.690013,0
2012-10-22,sh.600068,5.2500,5.2800,5.2200,5.2700,5.2900,8612657,45216422.0000,3,0.246961,1,-0.378100,11.946601,1.560399,0.364870,-7.660940,0
2012-10-23,sh.600068,5.2600,5.3200,5.2100,5.2200,5.2700,10983369,57692171.0000,3,0.314939,1,-0.948800,11.833255,1.545594,0.361408,-7.588255,0
2012-10-24,sh.600068,5.2000,5.3700,5.1700,5.2800,5.2200,22946149,121319003.0000,3,0.657962,1,1.149400,11.969270,1.563360,0.365562,-7.675476,0
2012-10-25,sh.600068,5.2500,5.3400,5.2500,5.2600,5.2800,13587986,71858074.0000,3,0.389624,1,-0.378800,11.923932,1.557438,0.364177,-7.646403,0
2012-10-26,sh.600068,5.2500,5.2500,5.0600,5.0900,5.2600,16809595,86257140.0000,3,0.482001,1,-3.231900,11.538557,1.507102,0.352407,-7.399276,0
2012-10-29,sh.600068,5.0600,5.1100,5.0400,5.0700,5.0900,6314607,32022849.0000,3,0.181066,1,-0.392900,11.493219,1.501180,0.351023,-7.370202,0
2012-10-30,sh.600068,5.0800,5.1300,5.0400,5.0600,5.0700,9172606,46629239.0000,3,0.263017,1,-0.197200,11.470550,1.498220,0.350330,-7.355665,0
2012-10-31,sh.600068,5.0900,5.1100,4.9900,5.0700,5.0600,12955014,65342420.0000,3,0.371474,1,0.197600,11.653755,1.450210,0.342847,-6.267086,0
2012-11-01,sh.600068,5.0900,5.2500,5.0800,5.2100,5.0700,25805702,133390269.0000,3,0.739957,1,2.761300,11.975555,1.490255,0.352315,-6.440142,0
2012-11-02,sh.600068,5.2400,5.2500,5.1800,5.2400,5.2100,14217467,74148520.0000,3,0.407674,1,0.575800,12.044512,1.498836,0.354343,-6.477225,0
2012-11-05,sh.600068,5.2300,5.2600,5.1800,5.2200,5.2400,13027900,67823844.0000,3,0.373564,1,-0.381700,11.998541,1.493116,0.352991,-6.452503,0
2012-11-06,sh.600068,5.2500,5.2500,5.1000,5.1700,5.2200,15795974,81486796.0000,3,0.452936,1,-0.957900,11.883612,1.478814,0.349610,-6.390697,0
2012-11-07,sh.600068,5.1700,5.1700,5.0800,5.1000,5.1700,16251937,83160619.0000,3,0.466011,1,-1.354000,11.722712,1.458791,0.344876,-6.304169,0
2012-11-08,sh.600068,5.0500,5.0700,4.9800,4.9800,5.1000,12525599,62982808.0000,3,0.359161,1,-2.352900,11.446884,1.424467,0.336761,-6.155836,0
2012-11-09,sh.600068,4.9600,5.0100,4.9500,5.0000,4.9800,9711707,48350464.0000,3,0.278475,1,0.401600,11.492855,1.430187,0.338114,-6.180558,0
2012-11-12,sh.600068,5.0000,5.0600,4.9900,5.0500,5.0000,10090195,50763303.0000,3,0.289328,1,1.000000,11.607784,1.444489,0.341495,-6.242364,0
2012-11-13,sh.600068,5.0600,5.0600,4.9400,4.9500,5.0500,7979671,39723998.0000,3,0.228810,1,-1.980200,11.377927,1.415886,0.334733,-6.118753,0
2012-11-14,sh.600068,4.9500,4.9700,4.8900,4.9300,4.9500,11359019,55898508.0000,3,0.325710,1,-0.404000,11.331955,1.410165,0.333380,-6.094030,0
2012-11-15,sh.600068,4.9000,4.9500,4.8600,4.8700,4.9300,8718575,42669798.0000,3,0.249998,1,-1.217000,11.194041,1.393003,0.329323,-6.019864,0
2012-11-16,sh.600068,4.8400,4.8900,4.8200,4.8600,4.8700,8731815,42319273.0000,3,0.250378,1,-0.205300,11.171055,1.390142,0.328647,-6.007503,0
2012-11-19,sh.600068,4.8600,4.9200,4.8200,4.9000,4.8600,6654715,32423289.0000,3,0.190818,1,0.823000,11.262998,1.401584,0.331352,-6.056947,0
2012-11-20,sh.600068,4.9600,5.0500,4.9500,4.9500,4.9000,15793040,78962300.0000,3,0.452852,1,1.020400,11.377927,1.415886,0.334733,-6.118753,0
2012-11-21,sh.600068,4.9300,5.0200,4.8700,4.9800,4.9500,10140604,50139217.0000,3,0.290773,1,0.606100,11.446884,1.424467,0.336761,-6.155836,0
2012-11-22,sh.600068,4.9600,4.9600,4.8700,4.8800,4.9800,6405218,31483607.0000,3,0.183664,1,-2.008000,11.217027,1.395863,0.329999,-6.032225,0
2012-11-23,sh.600068,4.9100,5.0300,4.8800,4.9600,4.8800,13525106,66975697.0000,3,0.387821,1,1.639300,11.400912,1.418746,0.335409,-6.131114,0
2012-11-26,sh.600068,4.9600,4.9700,4.9000,4.9000,4.9600,7636977,37656613.0000,3,0.218984,1,-1.209700,11.262998,1.401584,0.331352,-6.056947,0
2012-11-27,sh.600068,4.8800,4.9100,4.7600,4.7900,4.9000,11970218,57734994.0000,3,0.343236,1,-2.244900,11.010155,1.370120,0.323913,-5.920975,0
2012-11-28,sh.600068,4.7800,4.8000,4.6800,4.7000,4.7900,7510488,35477436.0000,3,0.215357,1,-1.878900,10.803284,1.344376,0.317827,-5.809725,0
2012-11-29,sh.600068,4.7200,4.7600,4.6800,4.6900,4.7000,7030683,33180247.0000,3,0.201599,1,-0.212800,10.780298,1.341516,0.317151,-5.797364,0
2012-11-30,sh.600068,4.6900,4.7700,4.6800,4.7400,4.6900,7136449,33799479.0000,3,0.204632,1,1.066100,10.895227,1.355818,0.320532,-5.859169,0
2012-12-03,sh.600068,4.7500,4.8000,4.7000,4.7400,4.7400,8658244,41077611.0000,3,0.248268,1,0.000000,10.895227,1.355818,0.320532,-5.859169,0
2012-12-04,sh.600068,4.7300,4.8300,4.7100,4.8100,4.7400,14346103,68793949.0000,3,0.411363,1,1.476800,11.056127,1.375840,0.325266,-5.945697,0
2012-12-05,sh.600068,4.8200,5.0200,4.7900,4.9800,4.8100,27035126,134013509.0000,3,0.775210,1,3.534300,11.446884,1.424467,0.336761,-6.155836,0
2012-12-06,sh.600068,5.0000,5.0100,4.9200,4.9400,4.9800,12775676,63355582.0000,3,0.366332,1,-0.803200,11.354941,1.413025,0.334057,-6.106392,0
2012-12-07,sh.600068,4.9300,5.1300,4.9300,5.1000,4.9400,35728852,180278347.0000,3,1.024495,1,3.238900,11.722712,1.458791,0.344876,-6.304169,0
2012-12-10,sh.600068,5.1300,5.2200,5.0800,5.1500,5.1000,35187873,181291281.0000,3,1.008983,1,0.980400,11.837641,1.473093,0.348257,-6.365975,0
2012-12-11,sh.600068,5.1500,5.1500,5.0800,5.0800,5.1500,18972154,96972103.0000,3,0.544011,1,-1.359200,11.676741,1.453070,0.343524,-6.279447,0
2012-12-12,sh.600068,5.0800,5.1200,5.0300,5.0700,5.0800,14581273,73993648.0000,3,0.418106,1,-0.196900,11.653755,1.450210,0.342847,-6.267086,0
2012-12-13,sh.600068,5.0500,5.0800,5.0000,5.0000,5.0700,13599928,68362199.0000,3,0.389967,1,-1.380700,11.492855,1.430187,0.338114,-6.180558,0
2012-12-14,sh.600068,5.0000,5.3100,5.0000,5.3000,5.0000,56960265,296483872.0000,3,1.633288,1,6.000000,12.182427,1.515999,0.358401,-6.551392,0
2012-12-17,sh.600068,5.3000,5.3900,5.2700,5.3300,5.3000,56273254,300247233.0000,3,1.613589,1,0.566000,12.251384,1.524580,0.360429,-6.588475,0
2012-12-18,sh.600068,5.3300,5.5000,5.2500,5.4100,5.3300,59689361,322176043.0000,3,1.711543,1,1.500900,12.435269,1.547463,0.365839,-6.687364,0
2012-12-19,sh.600068,5.3900,5.4500,5.3500,5.3800,5.4100,28185740,152030267.0000,3,0.808203,1,-0.554500,12.366312,1.538882,0.363811,-6.650281,0
2012-12-20,sh.600068,5.3700,5.4200,5.3100,5.4000,5.3800,26735161,143251371.0000,3,0.766609,1,0.371700,12.412284,1.544602,0.365163,-6.675003,0
2012-12-21,sh.600068,5.4200,5.5300,5.3600,5.3900,5.4000,30516398,165860392.0000,3,0.875032,1,-0.185200,12.389298,1.541742,0.364487,-6.662642,0
2012-12-24,sh.600068,5.3900,5.4300,5.2900,5.3400,5.3900,21647280,115892362.0000,3,0.620718,1,-0.927600,12.274369,1.527440,0.361106,-6.600836,0
2012-12-25,sh.600068,5.3600,5.5200,5.3000,5.4900,5.3400,49936270,272384055.0000,3,1.431881,1,2.809000,12.619155,1.570346,0.371249,-6.786253,0
2012-12-26,sh.600068,5.4800,5.5700,5.4300,5.5400,5.4900,51334751,282926320.0000,3,1.471982,1,0.910700,12.734084,1.584648,0.374630,-6.848059,0
2012-12-27,sh.600068,5.5300,5.5900,5.4400,5.4500,5.5400,32490585,178699332.0000,3,0.931641,1,-1.624500,12.527212,1.558904,0.368544,-6.736809,0
2012-12-28,sh.600068,5.4500,5.5000,5.4200,5.4700,5.4500,25828177,140926272.0000,3,0.740602,1,0.367000,12.573184,1.564625,0.369897,-6.761531,0
2012-12-31,sh.600068,5.4900,5.5500,5.4600,5.4900,5.4700,37318958,205363685.0000,3,1.070090,1,0.365600,12.619155,1.570346,0.371249,-6.786253,0
2013-01-04,sh.600068,5.5500,5.7200,5.4400,5.7000,5.4900,73186872,409088654.0000,3,2.098573,1,3.825100,13.101855,1.630414,0.385450,-7.045836,0
2013-01-07,sh.600068,5.6600,5.7500,5.6200,5.6900,5.7000,37283639,212317327.0000,3,1.069077,1,-0.175400,13.078869,1.627553,0.384774,-7.033475,0
2013-01-08,sh.600068,5.7100,5.7200,5.6200,5.6800,5.6900,31327353,177387593.0000,3,0.898286,1,-0.175700,13.055884,1.624693,0.384097,-7.021114,0
2013-01-09,sh.600068,5.6700,5.7000,5.6000,5.6300,5.6800,29455007,166541849.0000,3,0.844598,1,-0.880300,12.940955,1.610391,0.380716,-6.959309,0
2013-01-10,sh.600068,5.6200,5.6600,5.5800,5.6400,5.6300,28110086,158092033.0000,3,0.806033,1,0.177600,12.963941,1.613251,0.381392,-6.971670,0
2013-01-11,sh.600068,5.6400,5.6500,5.3500,5.4200,5.6400,46359142,254999864.0000,3,1.329310,1,-3.900700,12.458255,1.550323,0.366515,-6.699725,0
2013-01-14,sh.600068,5.3700,5.5800,5.3600,5.5600,5.4200,45932496,251740307.0000,3,1.317076,1,2.583000,12.780055,1.590368,0.375983,-6.872781,0
2013-01-15,sh.600068,5.5500,5.6700,5.5100,5.6500,5.5600,49901826,280073894.0000,3,1.430894,1,1.618700,12.986927,1.616112,0.382069,-6.984031,0
2013-01-16,sh.600068,5.6500,5.7400,5.5300,5.6300,5.6500,45076198,254983475.0000,3,1.292523,1,-0.354000,12.940955,1.610391,0.380716,-6.959309,0
2013-01-17,sh.600068,5.6100,5.6300,5.5200,5.5400,5.6300,26483675,147243716.0000,3,0.759397,1,-1.598600,12.734084,1.584648,0.374630,-6.848059,0
2013-01-18,sh.600068,5.5800,5.7100,5.5100,5.6700,5.5400,44133751,248160121.0000,3,1.265499,1,2.346600,13.032898,1.621833,0.383421,-7.008753,0
2013-01-21,sh.600068,5.6900,5.7900,5.6300,5.7900,5.6700,64901491,371304095.0000,3,1.860997,1,2.116400,13.308726,1.656157,0.391536,-7.157086,0
2013-01-22,sh.600068,5.7700,5.7800,5.5900,5.6600,5.7900,44289224,251859407.0000,3,1.269957,1,-2.245300,13.009912,1.618972,0.382745,-6.996392,0
2013-01-23,sh.600068,5.6400,5.6700,5.5400,5.6200,5.6600,26989235,151340819.0000,3,0.773894,1,-0.706700,12.917969,1.607531,0.380040,-6.946948,0
2013-01-24,sh.600068,5.6000,5.7200,5.4800,5.5200,5.6200,39037220,219098136.0000,3,1.119360,1,-1.779400,12.688112,1.578927,0.373278,-6.823336,0
2013-01-25,sh.600068,5.5300,5.5500,5.4600,5.5100,5.5200,17494331,96416482.0000,3,0.501635,1,-0.181200,12.665127,1.576067,0.372602,-6.810975,0
2013-01-28,sh.600068,5.5100,5.6400,5.5100,5.6300,5.5100,24855204,138831668.0000,3,0.712702,1,2.177900,12.940955,1.610391,0.380716,-6.959309,0
2013-01-29,sh.600068,5.6300,5.6900,5.6100,5.6700,5.6300,31035484,175119250.0000,3,0.889917,1,0.710500,13.032898,1.621833,0.383421,-7.008753,0
2013-01-30,sh.600068,5.6800,5.7700,5.5900,5.7300,5.6700,52449549,299182437.0000,3,1.503947,1,1.058200,13.170812,1.638995,0.387479,-7.082920,0
2013-01-31,sh.600068,5.7400,5.8400,5.6700,5.8100,5.7300,45689938,263406720.0000,3,1.310121,1,1.396200,13.354698,1.661878,0.392888,-7.181809,0
2013-02-01,sh.600068,5.8000,5.8100,5.7100,5.7800,5.8100,38486942,221715106.0000,3,1.103581,1,-0.516400,13.285741,1.653297,0.390860,-7.144725,0
2013-02-04,sh.600068,5.7900,5.8800,5.7700,5.8000,5.7800,39250410,228199480.0000,3,1.125473,1,0.346000,13.331712,1.659017,0.392212,-7.169448,0
2013-02-05,sh.600068,5.7700,6.0100,5.7000,5.9600,5.8000,58947335,347812480.0000,3,1.690266,1,2.758600,13.699484,1.704783,0.403032,-7.367225,0
2013-02-06,sh.600068,6.0000,6.0100,5.8900,5.9200,5.9600,29811628,176802309.0000,3,0.854824,1,-0.671100,13.607541,1.693342,0.400327,-7.317781,0
2013-02-07,sh.600068,5.9100,5.9600,5.8800,5.9100,5.9200,25952989,153544745.0000,3,0.744180,1,-0.168900,13.584555,1.690482,0.399651,-7.305420,0
2013-02-08,sh.600068,5.9000,5.9700,5.8800,5.9000,5.9100,26817676,158980315.0000,3,0.768975,1,-0.169200,13.561569,1.687621,0.398974,-7.293059,0
2013-02-18,sh.600068,5.9500,5.9700,5.8600,5.8900,5.9000,25294384,149318280.0000,3,0.725296,1,-0.169500,13.538584,1.684761,0.398298,-7.280698,0
2013-02-19,sh.600068,5.9200,5.9300,5.7300,5.7500,5.8900,28681995,166430453.0000,3,0.822432,1,-2.376900,13.216784,1.644716,0.388831,-7.107642,0
2013-02-20,sh.600068,5.7500,5.8100,5.7400,5.7900,5.7500,22791363,131633984.0000,3,0.653523,1,0.695700,13.308726,1.656157,0.391536,-7.157086,0
2013-02-21,sh.600068,5.7600,5.7700,5.5000,5.5400,5.7900,54655150,305086132.0000,3,1.567191,1,-4.317800,12.734084,1.584648,0.374630,-6.848059,0
2013-02-22,sh.600068,5.5500,5.5700,5.5100,5.5200,5.5400,17483000,96811402.0000,3,0.501311,1,-0.361000,12.688112,1.578927,0.373278,-6.823336,0
2013-02-25,sh.600068,5.5200,5.5800,5.5100,5.5300,5.5200,17023392,94305269.0000,3,0.488132,1,0.181200,12.711098,1.581787,0.373954,-6.835697,0
2013-02-26,sh.600068,5.5000,5.5300,5.3900,5.4000,5.5300,25877858,141637349.0000,3,0.742026,1,-2.350800,12.412284,1.544602,0.365163,-6.675003,0
2013-02-27,sh.600068,5.4100,5.4700,5.3700,5.4200,5.4000,16082535,87106739.0000,3,0.461153,1,0.370400,12.458255,1.550323,0.366515,-6.699725,0
2013-02-28,sh.600068,5.4500,5.5400,5.4200,5.5400,5.4200,21614048,118802468.0000,3,0.619765,1,2.214000,12.734084,1.584648,0.374630,-6.848059,0
2013-03-01,sh.600068,5.5400,5.5800,5.4900,5.5600,5.5400,21371521,118159953.0000,3,0.612811,1,0.361000,12.780055,1.590368,0.375983,-6.872781,0
2013-03-04,sh.600068,5.5100,5.5100,5.3200,5.3700,5.5600,31306865,170386049.0000,3,0.897698,1,-3.417300,12.343327,1.536021,0.363134,-6.637920,0
2013-03-05,sh.600068,5.3700,5.4600,5.3300,5.4400,5.3700,20117454,108538257.0000,3,0.576851,1,1.303500,12.504227,1.556044,0.367868,-6.724447,0
2013-03-06,sh.600068,5.4600,5.5000,5.4100,5.4800,5.4400,28962816,157948877.0000,3,0.830485,1,0.735300,12.596169,1.567485,0.370573,-6.773892,0
2013-03-07,sh.600068,5.4500,5.4600,5.3700,5.4000,5.4800,23008647,124507490.0000,3,0.659754,1,-1.459900,12.412284,1.544602,0.365163,-6.675003,0
2013-03-08,sh.600068,5.4100,5.4300,5.3000,5.3300,5.4000,21783817,116532701.0000,3,0.624633,1,-1.296300,12.251384,1.524580,0.360429,-6.588475,0
2013-03-11,sh.600068,5.3200,5.3200,5.2500,5.2600,5.3300,15747027,83044780.0000,3,0.451533,1,-1.313300,12.090484,1.504557,0.355696,-6.501947,0
2013-03-12,sh.600068,5.3200,5.4300,5.2300,5.3200,5.2600,34035324,182134550.0000,3,0.975935,1,1.140700,12.228398,1.521719,0.359753,-6.576114,0
2013-03-13,sh.600068,5.2800,5.3000,5.1600,5.2000,5.3200,19751573,102935528.0000,3,0.566360,1,-2.255600,11.952570,1.487395,0.351638,-6.427781,0
2013-03-14,sh.600068,5.1500,5.2400,5.1500,5.1900,5.2000,9741352,50623375.0000,3,0.279325,1,-0.192300,11.929584,1.484535,0.350962,-6.415419,0
2013-03-15,sh.600068,5.1800,5.3000,5.1600,5.2100,5.1900,17833223,93164841.0000,3,0.511353,1,0.385400,11.975555,1.490255,0.352315,-6.440142,0
2013-03-18,sh.600068,5.1900,5.2200,5.1300,5.1300,5.2100,14668879,75751032.0000,3,0.420618,1,-1.535500,11.791670,1.467372,0.346905,-6.341253,0
2013-03-19,sh.600068,5.1700,5.1700,5.0700,5.1600,5.1300,13100692,67260112.0000,3,0.375652,1,0.584800,11.860627,1.475953,0.348934,-6.378336,0
2013-03-20,sh.600068,5.1500,5.2700,5.1400,5.2600,5.1600,22175581,115713536.0000,3,0.635866,1,1.938000,12.090484,1.504557,0.355696,-6.501947,0
2013-03-21,sh.600068,5.2600,5.3800,5.2500,5.3500,5.2600,27858887,148486448.0000,3,0.798831,1,1.711000,12.297355,1.530301,0.361782,-6.613197,0
2013-03-22,sh.600068,5.3400,5.3500,5.2700,5.3000,5.3500,17653634,93538904.0000,3,0.506203,1,-0.934600,11.829365,1.482924,0.345248,-10.443685,0
2013-03-25,sh.600068,5.2900,5.3300,5.2300,5.2400,5.3000,16736527,88223456.0000,3,0.479906,1,-1.132100,11.695448,1.466136,0.341340,-10.325455,0
2013-03-26,sh.600068,5.2100,5.2300,5.1100,5.1400,5.2400,17391946,89749080.0000,3,0.498700,1,-1.908400,11.472252,1.438156,0.334826,-10.128404,0
2013-03-27,sh.600068,5.1400,5.2000,5.1200,5.1600,5.1400,13512118,69705008.0000,3,0.387449,1,0.389100,11.516891,1.443752,0.336129,-10.167814,0
2013-03-28,sh.600068,5.1400,5.1400,5.0000,5.0100,5.1600,21213647,106909760.0000,3,0.608284,1,-2.907000,11.182098,1.401782,0.326358,-9.872238,0
2013-03-29,sh.600068,5.0400,5.0600,5.0000,5.0500,5.0100,13900937,69867208.0000,3,0.398598,1,0.798400,11.271376,1.412974,0.328963,-9.951059,0
2013-04-01,sh.600068,5.0500,5.1200,5.0400,5.0800,5.0500,14991701,76150736.0000,3,0.429875,1,0.594100,11.338335,1.421368,0.330917,-10.010174,0
2013-04-02,sh.600068,5.0700,5.1300,5.0400,5.0700,5.0800,10266879,52175764.0000,3,0.294394,1,-0.196800,11.316015,1.418570,0.330266,-9.990469,0
2013-04-03,sh.600068,5.1000,5.1100,5.0300,5.0400,5.0700,9589933,48482204.0000,3,0.274983,1,-0.591700,11.249057,1.410176,0.328312,-9.931353,0
2013-04-08,sh.600068,4.9800,5.0800,4.9300,5.0600,5.0400,11546211,57852312.0000,3,0.331078,1,0.396800,11.293696,1.415772,0.329615,-9.970764,0
2013-04-09,sh.600068,5.0600,5.1000,5.0500,5.0700,5.0600,10397225,52737136.0000,3,0.298132,1,0.197600,11.316015,1.418570,0.330266,-9.990469,0
2013-04-10,sh.600068,5.0800,5.1300,5.0600,5.1100,5.0700,12041803,61330608.0000,3,0.345289,1,0.789000,11.405294,1.429762,0.332872,-10.069289,0
2013-04-11,sh.600068,5.1500,5.1800,5.0700,5.0900,5.1100,12310864,62978480.0000,3,0.353004,1,-0.391400,11.360654,1.424166,0.331569,-10.029879,0
2013-04-12,sh.600068,5.0900,5.0900,5.0000,5.0200,5.0900,11518728,57972752.0000,3,0.330290,1,-1.375249,11.204418,1.404580,0.327009,-9.891943,0
2013-04-15,sh.600068,4.9900,5.0400,4.9700,5.0100,5.0200,8875253,44387000.0000,3,0.254491,1,-0.199200,11.182098,1.401782,0.326358,-9.872238,0
2013-04-16,sh.600068,4.9800,5.0600,4.9600,5.0500,5.0100,9285226,46609572.0000,3,0.266246,1,0.798402,11.271376,1.412974,0.328963,-9.951059,0
2013-04-17,sh.600068,5.0800,5.1200,5.0600,5.0900,5.0500,15103206,76844704.0000,3,0.433072,1,0.792100,11.360654,1.424166,0.331569,-10.029879,0
2013-04-18,sh.600068,5.0700,5.1100,5.0400,5.0700,5.0900,8884887,45130108.0000,3,0.254767,1,-0.392900,11.316015,1.418570,0.330266,-9.990469,0
2013-04-19,sh.600068,5.0700,5.1800,5.0700,5.1600,5.0700,18502869,94991072.0000,3,0.530554,1,1.775141,11.516891,1.443752,0.336129,-10.167814,0
2013-04-22,sh.600068,5.1500,5.2700,5.1500,5.1900,5.1600,20627855,107443616.0000,3,0.591487,1,0.581400,11.583850,1.452146,0.338083,-10.226929,0
2013-04-23,sh.600068,5.1900,5.2100,5.0300,5.0400,5.1900,16754598,85364808.0000,3,0.480424,1,-2.890200,11.249057,1.410176,0.328312,-9.931353,0
2013-04-24,sh.600068,5.0500,5.1100,5.0200,5.0900,5.0400,11577510,58628352.0000,3,0.331976,1,0.992100,11.360654,1.424166,0.331569,-10.029879,0
2013-04-25,sh.600068,5.0900,5.1100,5.0200,5.0300,5.0900,10971298,55456164.0000,3,0.314593,1,-1.178800,11.226737,1.407378,0.327660,-9.911648,0
2013-04-26,sh.600068,5.0800,5.0900,4.9900,5.0000,5.0300,9693888,48630968.0000,3,0.277964,1,-0.596426,11.159778,1.398984,0.325706,-9.852533,0
2013-05-02,sh.600068,4.9900,5.0400,4.9600,4.9900,5.0000,9093782,45402648.0000,3,0.260757,1,-0.200000,11.015419,1.347101,0.313642,-12.818485,0
2013-05-03,sh.600068,4.9800,5.0800,4.9800,5.0500,4.9900,12028896,60739560.0000,3,0.344919,1,1.202413,11.147869,1.363299,0.317413,-12.972616,0
2013-05-06,sh.600068,5.0600,5.1100,5.0500,5.1000,5.0500,14714076,74797448.0000,3,0.421914,1,0.990100,11.258244,1.376797,0.320556,-13.101057,0
2013-05-07,sh.600068,5.0800,5.1000,5.0300,5.0600,5.1000,14842074,75186120.0000,3,0.425584,1,-0.784300,11.169944,1.365998,0.318042,-12.998304,0
2013-05-08,sh.600068,5.0700,5.1500,5.0700,5.1200,5.0600,18738367,95637448.0000,3,0.537307,1,1.185800,11.302394,1.382196,0.321813,-13.152434,0
2013-05-09,sh.600068,5.1200,5.1200,5.0500,5.0700,5.1200,12273364,62277840.0000,3,0.351929,1,-0.976600,11.192019,1.368698,0.318670,-13.023992,0
2013-05-10,sh.600068,5.0700,5.1100,5.0500,5.0800,5.0700,11734764,59658892.0000,3,0.336485,1,0.197200,11.214094,1.371397,0.319299,-13.049681,0
2013-05-13,sh.600068,5.0800,5.1000,5.0500,5.0800,5.0800,9398719,47668080.0000,3,0.269500,1,0.000000,11.214094,1.371397,0.319299,-13.049681,0
2013-05-14,sh.600068,5.0700,5.0700,4.9900,5.0100,5.0800,16699340,83718816.0000,3,0.478840,1,-1.378000,11.059569,1.352500,0.314899,-12.869862,0
2013-05-15,sh.600068,5.0000,5.0200,4.9000,4.9400,5.0100,28066921,138700800.0000,3,0.804796,1,-1.397200,10.905044,1.333603,0.310499,-12.690044,0
2013-05-16,sh.600068,4.9400,4.9800,4.8800,4.9700,4.9400,23040622,113727952.0000,3,0.660671,1,0.607300,10.971269,1.341702,0.312385,-12.767109,0
2013-05-17,sh.600068,4.9700,5.0400,4.9400,5.0400,4.9700,24144945,120537352.0000,3,0.692336,1,1.408500,11.125794,1.360599,0.316785,-12.946927,0
2013-05-20,sh.600068,5.0400,5.1000,5.0400,5.0800,5.0400,35333038,179150736.0000,3,1.013146,1,0.793700,11.214094,1.371397,0.319299,-13.049681,0
2013-05-21,sh.600068,5.0900,5.0900,5.0400,5.0800,5.0800,23370250,118393392.0000,3,0.670123,1,0.000000,11.214094,1.371397,0.319299,-13.049681,0
2013-05-22,sh.600068,5.0800,5.0900,5.0400,5.0700,5.0800,26059032,132026448.0000,3,0.747221,1,-0.196900,11.192019,1.368698,0.318670,-13.023992,0
2013-05-23,sh.600068,5.0500,5.0700,4.9800,4.9900,5.0700,24058312,121072680.0000,3,0.689852,1,-1.577900,11.015419,1.347101,0.313642,-12.818485,0
2013-05-24,sh.600068,5.0000,5.0400,4.9800,5.0000,4.9900,16342348,81868200.0000,3,0.468603,1,0.200400,11.037494,1.349801,0.314271,-12.844174,0
2013-05-27,sh.600068,5.0000,5.0200,4.9800,5.0000,5.0000,17412341,87032704.0000,3,0.499284,1,0.000000,11.037494,1.349801,0.314271,-12.844174,0
2013-05-28,sh.600068,5.0000,5.0800,4.9800,5.0800,5.0000,28704917,144897136.0000,3,0.823090,1,1.600000,11.214094,1.371397,0.319299,-13.049681,0
2013-05-29,sh.600068,5.1000,5.1100,5.0700,5.0700,5.0800,27983421,142424848.0000,3,0.802401,1,-0.196900,11.192019,1.368698,0.318670,-13.023992,0
2013-05-30,sh.600068,5.0600,5.0900,5.0000,5.0300,5.0700,34656902,174492880.0000,3,0.993758,1,-0.789000,11.103719,1.357899,0.316156,-12.921239,0
2013-05-31,sh.600068,5.0500,5.0600,5.0000,5.0300,5.0300,26202124,131571776.0000,3,0.751324,1,0.000000,11.103719,1.357899,0.316156,-12.921239,0
2013-06-03,sh.600068,5.0400,5.0700,5.0000,5.0300,5.0300,24857730,125262216.0000,3,0.712775,1,0.000000,11.103719,1.357899,0.316156,-12.921239,0
2013-06-04,sh.600068,5.0300,5.0300,4.9400,4.9600,5.0300,25324855,126069968.0000,3,0.726169,1,-1.391700,10.949194,1.339002,0.311756,-12.741420,0
2013-06-05,sh.600068,4.9500,4.9600,4.9200,4.9500,4.9600,13166656,65019920.0000,3,0.377543,1,-0.201600,10.927119,1.336303,0.311128,-12.715732,0
2013-06-06,sh.600068,4.9400,4.9500,4.9000,4.9000,4.9500,13803024,67817496.0000,3,0.395790,1,-1.010100,10.816744,1.322805,0.307985,-12.587290,0
2013-06-07,sh.600068,4.9000,4.9200,4.7800,4.8100,4.9000,17409516,84470896.0000,3,0.499203,1,-1.836700,10.618069,1.298508,0.302328,-12.356095,0
2013-06-13,sh.600068,4.7900,4.7900,4.6500,4.6800,4.8100,21437994,100619888.0000,3,0.614717,1,-2.702700,10.331095,1.263413,0.294157,-12.022147,0
2013-06-14,sh.600068,4.6900,4.7300,4.6500,4.6800,4.6800,19214651,89974608.0000,3,0.550964,1,0.000000,10.331095,1.263413,0.294157,-12.022147,0
2013-06-17,sh.600068,4.6900,4.7000,4.6500,4.6600,4.6800,11759084,54924624.0000,3,0.337182,1,-0.427400,10.286945,1.258014,0.292900,-11.970770,0
2013-06-18,sh.600068,4.6700,4.6900,4.6100,4.6600,4.6600,11918119,55445248.0000,3,0.341742,1,0.000000,10.286945,1.258014,0.292900,-11.970770,0
2013-06-19,sh.600068,4.5500,4.5500,4.4700,4.5200,4.5300,10186500,45917416.0000,3,0.292089,1,-0.220800,9.977895,1.220220,0.284101,-11.611133,0
2013-06-20,sh.600068,4.5000,4.5100,4.3700,4.3800,4.5200,12779842,56708700.0000,3,0.366451,1,-3.097300,9.668845,1.182425,0.275301,-11.251496,0
2013-06-21,sh.600068,4.3400,4.3600,4.2700,4.3400,4.3800,12576467,54300144.0000,3,0.360620,1,-0.913200,9.580545,1.171627,0.272787,-11.148743,0
2013-06-24,sh.600068,4.3500,4.3600,4.0000,4.0100,4.3400,22562686,93983712.0000,3,0.646966,1,-7.603700,8.852070,1.082540,0.252045,-10.301027,0
2013-06-25,sh.600068,4.0000,4.0400,3.6900,3.9600,4.0100,26932774,105113304.0000,3,0.772275,1,-1.246900,8.741695,1.069042,0.248902,-10.172586,0
2013-06-26,sh.600068,3.9700,3.9900,3.8400,3.9300,3.9600,20811812,81201624.0000,3,0.596761,1,-0.757600,8.675470,1.060943,0.247017,-10.095521,0
2013-06-27,sh.600068,3.9400,4.0400,3.9100,3.9300,3.9300,20683677,82205008.0000,3,0.593087,1,0.000000,8.675470,1.060943,0.247017,-10.095521,0
2013-06-28,sh.600068,3.9300,4.0000,3.8900,3.9400,3.9300,15092465,59628364.0000,3,0.432764,1,0.254500,8.697545,1.063643,0.247645,-10.121209,0
2013-07-01,sh.600068,3.9600,3.9700,3.8800,3.9300,3.9400,9413486,36984872.0000,3,0.269924,1,-0.253800,8.675470,1.060943,0.247017,-10.095521,0
2013-07-02,sh.600068,3.9500,3.9600,3.9100,3.9500,3.9300,10418718,41035940.0000,3,0.298748,1,0.508900,8.719620,1.066343,0.248274,-10.146897,0
2013-07-03,sh.600068,3.9400,3.9400,3.8600,3.8900,3.9500,11312344,43961120.0000,3,0.324372,1,-1.519000,8.587171,1.050145,0.244502,-9.992767,0
2013-07-04,sh.600068,3.8600,3.9400,3.8200,3.9200,3.8900,14898217,58010036.0000,3,0.427194,1,0.771200,8.653395,1.058244,0.246388,-10.069832,0
2013-07-05,sh.600068,3.9100,3.9600,3.9000,3.9400,3.9200,12763560,50136592.0000,3,0.365985,1,0.510200,8.697545,1.063643,0.247645,-10.121209,0
2013-07-08,sh.600068,3.9100,3.9200,3.7300,3.7300,3.9400,15478444,59133464.0000,3,0.443832,1,-5.329900,8.233971,1.006951,0.234446,-9.581754,0
2013-07-09,sh.600068,3.7300,3.7700,3.7000,3.7400,3.7300,9215888,34452900.0000,3,0.264258,1,0.268100,8.256046,1.009651,0.235074,-9.607442,0
2013-07-10,sh.600068,3.7400,3.8300,3.7300,3.8300,3.7400,10866677,41194204.0000,3,0.311593,1,2.406400,8.454721,1.033947,0.240731,-9.838637,0
2013-07-11,sh.600068,3.8500,4.1000,3.8400,4.0500,3.8300,36222785,144224384.0000,3,1.038658,1,5.744100,8.940370,1.093339,0.254559,-10.403781,0
2013-07-12,sh.600068,4.0200,4.0600,3.9300,3.9400,4.0500,23440539,93466272.0000,3,0.672138,1,-2.716000,8.697545,1.063643,0.247645,-10.121209,0
2013-07-15,sh.600068,3.9500,4.0200,3.9400,3.9900,3.9400,18062285,71946056.0000,3,0.517921,1,1.269000,8.807920,1.077141,0.250788,-10.249651,0
2013-07-16,sh.600068,3.9700,4.0000,3.9200,3.9900,3.9900,13277076,52667640.0000,3,0.380709,1,0.000000,8.807920,1.077141,0.250788,-10.249651,0
2013-07-17,sh.600068,3.9700,4.0100,3.9400,3.9500,3.9900,13542818,53867532.0000,3,0.388329,1,-1.002500,8.719620,1.066343,0.248274,-10.146897,0
2013-07-18,sh.600068,3.9300,3.9700,3.8800,3.8800,3.9500,14390321,56253412.0000,3,0.412631,1,-1.772200,8.565096,1.047445,0.243874,-9.967079,0
2013-07-19,sh.600068,3.8800,3.9200,3.7800,3.7900,3.8800,14846447,57183108.0000,3,0.425710,1,-2.319600,8.366421,1.023149,0.238217,-9.735884,0
2013-07-22,sh.600068,3.7800,3.8900,3.7400,3.8800,3.7900,14543122,55818872.0000,3,0.417012,1,2.374700,8.565096,1.047445,0.243874,-9.967079,0
2013-07-23,sh.600068,3.9400,4.0200,3.9300,3.9900,3.8800,21884246,87225432.0000,3,0.627513,1,2.835100,8.807920,1.077141,0.250788,-10.249651,0
2013-07-24,sh.600068,3.9700,4.0300,3.9400,4.0000,3.9900,18880076,75061520.0000,3,0.541371,1,0.250600,8.829995,1.079841,0.251416,-10.275339,0
2013-07-25,sh.600068,4.0000,4.0300,3.9700,3.9800,4.0000,14554264,58161000.0000,3,0.417331,1,-0.500000,8.785845,1.074441,0.250159,-10.223962,0
2013-07-26,sh.600068,3.9700,3.9700,3.9300,3.9400,3.9800,9004543,35549068.0000,3,0.258198,1,-1.005000,8.697545,1.063643,0.247645,-10.121209,0
2013-07-29,sh.600068,3.9100,3.9200,3.8600,3.8800,3.9400,12685921,49323032.0000,3,0.363758,1,-1.522800,8.565096,1.047445,0.243874,-9.967079,0
2013-07-30,sh.600068,3.9000,3.9300,3.8500,3.9000,3.8800,8491033,33083716.0000,3,0.243473,1,0.515500,8.609246,1.052845,0.245131,-10.018456,0
2013-07-31,sh.600068,3.9100,3.9400,3.8900,3.9000,3.9000,8231349,32269194.0000,3,0.236027,1,0.000000,8.609246,1.052845,0.245131,-10.018456,0
2013-08-01,sh.600068,3.9100,3.9800,3.9100,3.9600,3.9000,12381618,48941040.0000,3,0.355033,1,1.538500,8.741695,1.069042,0.248902,-10.172586,0
2013-08-02,sh.600068,3.9900,3.9900,3.9400,3.9500,3.9600,9725985,38553688.0000,3,0.278885,1,-0.252500,8.719620,1.066343,0.248274,-10.146897,0
2013-08-05,sh.600068,3.9700,3.9800,3.9400,3.9800,3.9500,11731694,46457928.0000,3,0.336397,1,0.759500,8.785845,1.074441,0.250159,-10.223962,0
2013-08-06,sh.600068,3.9600,4.0000,3.9300,4.0000,3.9800,17585313,69804752.0000,3,0.504244,1,0.502500,8.829995,1.079841,0.251416,-10.275339,0
2013-08-07,sh.600068,3.9900,4.2200,3.9600,4.1300,4.0000,50617388,207612368.0000,3,1.451412,1,3.250000,9.116970,1.114935,0.259587,-10.609288,0
2013-08-08,sh.600068,4.0900,4.1100,4.0400,4.0700,4.1300,27925836,113504848.0000,3,0.800750,1,-1.452800,8.984520,1.098738,0.255816,-10.455158,0
2013-08-09,sh.600068,4.0700,4.0800,4.0000,4.0200,4.0700,18201376,73335480.0000,3,0.521909,1,-1.228500,8.874145,1.085240,0.252674,-10.326716,0
2013-08-12,sh.600068,4.0200,4.0200,4.0200,4.0200,4.0200,0,0.0000,3,,0,0.000000,8.874145,1.085240,0.252674,-10.326716,0
2013-08-13,sh.600068,4.0200,4.0200,4.0200,4.0200,4.0200,0,0.0000,3,,0,0.000000,8.874145,1.085240,0.252674,-10.326716,0
2013-08-14,sh.600068,4.0200,4.0200,4.0200,4.0200,4.0200,0,0.0000,3,,0,0.000000,8.874145,1.085240,0.252674,-10.326716,0
2013-08-15,sh.600068,4.0200,4.0200,4.0200,4.0200,4.0200,0,0.0000,3,,0,0.000000,8.874145,1.085240,0.252674,-10.326716,0
2013-08-16,sh.600068,4.0200,4.0200,4.0200,4.0200,4.0200,0,0.0000,3,,0,0.000000,8.874145,1.085240,0.252674,-10.326716,0
2013-08-19,sh.600068,4.0200,4.0200,4.0200,4.0200,4.0200,0,0.0000,3,,0,0.000000,8.874145,1.085240,0.252674,-10.326716,0
2013-08-20,sh.600068,4.0200,4.0200,4.0200,4.0200,4.0200,0,0.0000,3,,0,0.000000,8.874145,1.085240,0.252674,-10.326716,0
2013-08-21,sh.600068,4.0200,4.0200,4.0200,4.0200,4.0200,0,0.0000,3,,0,0.000000,8.874145,1.085240,0.252674,-10.326716,0
2013-08-22,sh.600068,4.0200,4.0200,4.0200,4.0200,4.0200,0,0.0000,3,,0,0.000000,8.874145,1.085240,0.252674,-10.326716,0
2013-08-23,sh.600068,4.1000,4.2300,4.0600,4.1300,4.0200,54751293,227222480.0000,3,1.569948,1,2.736300,9.307043,1.136967,0.256187,11.125862,0
2013-08-26,sh.600068,4.1300,4.1500,4.0800,4.1500,4.1300,23059654,95142288.0000,3,0.661216,1,0.484300,9.352114,1.142473,0.257428,11.179740,0
2013-08-27,sh.600068,4.1500,4.1500,4.1100,4.1300,4.1500,15493558,63897184.0000,3,0.444265,1,-0.481900,9.307043,1.136967,0.256187,11.125862,0
2013-08-28,sh.600068,4.1100,4.1300,4.0500,4.0700,4.1300,20365680,83056456.0000,3,0.583969,1,-1.452800,9.171832,1.120450,0.252465,10.964227,0
2013-08-29,sh.600068,4.0800,4.0900,4.0400,4.0700,4.0700,12923287,52600884.0000,3,0.370565,1,0.000000,9.171832,1.120450,0.252465,10.964227,0
2013-08-30,sh.600068,4.0600,4.1300,4.0300,4.1000,4.0700,17605437,71938424.0000,3,0.504821,1,0.737100,9.239438,1.128708,0.254326,11.045045,0
2013-09-02,sh.600068,4.0800,4.1500,4.0800,4.1300,4.1000,17069816,70297816.0000,3,0.489463,1,0.731700,9.307043,1.136967,0.256187,11.125862,0
2013-09-03,sh.600068,4.1300,4.1700,4.1200,4.1600,4.1300,17951210,74463376.0000,3,0.514736,1,0.726400,9.374649,1.145226,0.258048,11.206680,0
2013-09-04,sh.600068,4.1700,4.1700,4.1200,4.1300,4.1600,14732633,60893492.0000,3,0.422446,1,-0.721200,9.307043,1.136967,0.256187,11.125862,0
2013-09-05,sh.600068,4.1300,4.1400,4.0600,4.0700,4.1300,18073346,73800752.0000,3,0.518238,1,-1.452800,9.171832,1.120450,0.252465,10.964227,0
2013-09-06,sh.600068,4.0600,4.1000,4.0500,4.0800,4.0700,14923364,60779240.0000,3,0.427915,1,0.245700,9.194367,1.123203,0.253086,10.991166,0
2013-09-09,sh.600068,4.0700,4.1700,4.0700,4.1700,4.0800,29525366,122362456.0000,3,0.846615,1,2.205900,9.397184,1.147979,0.258669,11.233619,0
2013-09-10,sh.600068,4.1700,4.2800,4.1400,4.2700,4.1700,46780412,197994576.0000,3,1.341390,1,2.398100,9.622536,1.175509,0.264872,11.503010,0
2013-09-11,sh.600068,4.3100,4.5200,4.2800,4.3800,4.2700,56230690,247187295.0000,3,1.612369,1,2.576100,9.870424,1.205791,0.271695,11.799340,0
2013-09-12,sh.600068,4.3700,4.4000,4.3000,4.3800,4.3800,30746830,133679541.0000,3,0.881640,1,0.000000,9.870424,1.205791,0.271695,11.799340,0
2013-09-13,sh.600068,4.3600,4.4500,4.3400,4.3600,4.3800,24005613,105259876.0000,3,0.688341,1,-0.456600,9.825353,1.200285,0.270454,11.745462,0
2013-09-16,sh.600068,4.3700,4.4100,4.3100,4.3200,4.3600,15461409,67180959.0000,3,0.443343,1,-0.917400,9.735212,1.189273,0.267973,11.637706,0
2013-09-17,sh.600068,4.3200,4.3500,4.2400,4.2500,4.3200,17648769,75826552.0000,3,0.506064,1,-1.620400,9.577466,1.170003,0.263631,11.449132,0
2013-09-18,sh.600068,4.2600,4.2800,4.2000,4.2400,4.2500,13536742,57209699.0000,3,0.388155,1,-0.235300,9.554931,1.167250,0.263011,11.422193,0
2013-09-23,sh.600068,4.2400,4.3200,4.2300,4.3000,4.2400,14686534,62816356.0000,3,0.421124,1,1.415100,9.690142,1.183767,0.266733,11.583827,0
2013-09-24,sh.600068,4.3000,4.3100,4.2100,4.2400,4.3000,15824448,67163602.0000,3,0.453753,1,-1.395300,9.554931,1.167250,0.263011,11.422193,0
2013-09-25,sh.600068,4.2400,4.2500,4.1600,4.1700,4.2400,14476538,61006690.0000,3,0.415103,1,-1.650900,9.397184,1.147979,0.258669,11.233619,0
2013-09-26,sh.600068,4.1700,4.1700,4.0600,4.0700,4.1700,16280076,66767814.0000,3,0.466818,1,-2.398100,9.171832,1.120450,0.252465,10.964227,0
2013-09-27,sh.600068,4.0600,4.1000,4.0600,4.0800,4.0700,9194064,37497194.0000,3,0.263632,1,0.245700,9.194367,1.123203,0.253086,10.991166,0
2013-09-30,sh.600068,4.1000,4.1200,4.0600,4.0700,4.0800,8169314,33294615.0000,3,0.234248,1,-0.245100,9.171832,1.120450,0.252465,10.964227,0
2013-10-08,sh.600068,4.0600,4.1300,4.0300,4.1200,4.0700,11112709,45404972.0000,3,0.318648,1,1.228500,9.284508,1.134214,0.255567,11.098923,0
2013-10-09,sh.600068,4.1000,4.1500,4.0800,4.1500,4.1200,10857990,44771538.0000,3,0.311344,1,0.728200,9.352114,1.142473,0.257428,11.179740,0
2013-10-10,sh.600068,4.1800,4.2600,4.1700,4.1900,4.1500,24621659,103811659.0000,3,0.706006,1,0.963900,9.442255,1.153485,0.259909,11.287497,0
2013-10-11,sh.600068,4.2100,4.2400,4.2000,4.2200,4.1900,15453965,65239589.0000,3,0.443130,1,0.716000,9.509860,1.161744,0.261770,11.368314,0
2013-10-14,sh.600068,4.2400,4.3200,4.2300,4.3000,4.2200,22576118,96478260.0000,3,0.647352,1,1.895700,9.690142,1.183767,0.266733,11.583827,0
2013-10-15,sh.600068,4.3000,4.3000,4.2200,4.2600,4.3000,16401452,69619608.0000,3,0.470298,1,-0.930200,9.600001,1.172756,0.264251,11.476071,0
2013-10-16,sh.600068,4.2600,4.2600,4.1400,4.1500,4.2600,14706500,61603089.0000,3,0.421697,1,-2.582200,9.352114,1.142473,0.257428,11.179740,0
2013-10-17,sh.600068,4.1600,4.2500,4.1600,4.2000,4.1500,14154509,59648145.0000,3,0.405869,1,1.204800,9.464790,1.156238,0.260529,11.314436,0
2013-10-18,sh.600068,4.2000,4.2100,4.1500,4.1600,4.2000,9364950,39119220.0000,3,0.268532,1,-0.952400,9.374649,1.145226,0.258048,11.206680,0
2013-10-21,sh.600068,4.1600,4.2500,4.1200,4.2300,4.1600,15167586,63484310.0000,3,0.434918,1,1.682700,9.532396,1.164497,0.262390,11.395253,0
2013-10-22,sh.600068,4.2200,4.3700,4.2000,4.3200,4.2300,42583022,183071829.0000,3,1.221033,1,2.127700,9.735212,1.189273,0.267973,11.637706,0
2013-10-23,sh.600068,4.3000,4.3200,4.1900,4.2100,4.3200,25568867,108625861.0000,3,0.733166,1,-2.546300,9.487325,1.158991,0.261150,11.341375,0
2013-10-24,sh.600068,4.2000,4.2500,4.1600,4.1800,4.2100,10945824,46043137.0000,3,0.313862,1,-0.712600,9.419719,1.150732,0.259289,11.260558,0
2013-10-25,sh.600068,4.1700,4.2100,4.0800,4.0900,4.1800,15593899,64566281.0000,3,0.447142,1,-2.153100,9.216903,1.125956,0.253706,11.018106,0
2013-10-28,sh.600068,4.0900,4.2000,4.0900,4.1500,4.0900,12770777,52949372.0000,3,0.366191,1,1.467000,9.352114,1.142473,0.257428,11.179740,0
2013-10-29,sh.600068,4.1200,4.2100,4.0400,4.0900,4.1500,17315629,71279262.0000,3,0.496511,1,-1.445800,9.216903,1.125956,0.253706,11.018106,0
2013-10-30,sh.600068,4.1100,4.1900,4.1000,4.1900,4.0900,14483498,60240079.0000,3,0.415302,1,2.445000,9.442255,1.153485,0.259909,11.287497,0
2013-10-31,sh.600068,4.1800,4.2100,4.1400,4.2000,4.1900,16530360,68936907.0000,3,0.473994,1,0.238700,9.239150,1.102060,0.252931,5.715847,0
2013-11-01,sh.600068,4.2100,4.2700,4.1900,4.2600,4.2000,22476998,95219563.0000,3,0.644509,1,1.428600,9.371138,1.117803,0.256544,5.797502,0
2013-11-04,sh.600068,4.3000,4.3200,4.2400,4.2500,4.2600,22416628,95981538.0000,3,0.642778,1,-0.234700,9.349140,1.115179,0.255942,5.783893,0
2013-11-05,sh.600068,4.2300,4.2300,4.1700,4.2100,4.2500,22086640,92749441.0000,3,0.633316,1,-0.941200,9.261148,1.104684,0.253533,5.729456,0
2013-11-06,sh.600068,4.1900,4.2000,4.1300,4.1400,4.2100,17916732,74669710.0000,3,0.513747,1,-1.662700,9.107163,1.086316,0.249318,5.634192,0
2013-11-07,sh.600068,4.1400,4.1500,4.1000,4.1300,4.1400,9652553,39807517.0000,3,0.276779,1,-0.241500,9.085165,1.083692,0.248716,5.620583,0
2013-11-08,sh.600068,4.1300,4.1400,4.0700,4.0800,4.1300,8954771,36754755.0000,3,0.256771,1,-1.210700,8.975175,1.070572,0.245705,5.552537,0
2013-11-11,sh.600068,4.0900,4.1100,4.0600,4.0800,4.0800,11362272,46397890.0000,3,0.325804,1,0.000000,8.975175,1.070572,0.245705,5.552537,0
2013-11-12,sh.600068,4.0800,4.1100,4.0800,4.1000,4.0800,10339946,42299252.0000,3,0.296489,1,0.490200,9.019171,1.075820,0.246909,5.579756,0
2013-11-13,sh.600068,4.0900,4.1000,3.9100,3.9500,4.1000,21615481,86750733.0000,3,0.619806,1,-3.658500,8.689201,1.036461,0.237876,5.375618,0
2013-11-14,sh.600068,3.9400,4.0000,3.9300,3.9700,3.9500,9984579,39610872.0000,3,0.286300,1,0.506300,8.733197,1.041709,0.239080,5.402837,0
2013-11-15,sh.600068,3.9800,4.0600,3.9700,4.0300,3.9700,14612808,58957143.0000,3,0.419010,1,1.511300,8.865185,1.057452,0.242693,5.484492,0
2013-11-18,sh.600068,4.0400,4.1100,4.0400,4.1100,4.0300,14620425,59579128.0000,3,0.419229,1,1.985100,9.041169,1.078444,0.247511,5.593365,0
2013-11-19,sh.600068,4.2200,4.2200,4.1100,4.1300,4.1100,23668124,98410083.0000,3,0.678664,1,0.486600,9.085165,1.083692,0.248716,5.620583,0
2013-11-20,sh.600068,4.1100,4.1600,4.1000,4.1400,4.1300,12299212,50725163.0000,3,0.352670,1,0.242100,9.107163,1.086316,0.249318,5.634192,0
2013-11-21,sh.600068,4.1300,4.1300,4.0800,4.1100,4.1400,14214285,58267791.0000,3,0.407583,1,-0.724600,9.041169,1.078444,0.247511,5.593365,0
2013-11-22,sh.600068,4.1200,4.1300,4.0700,4.0700,4.1100,9917607,40593600.0000,3,0.284379,1,-0.973200,8.953177,1.067948,0.245102,5.538928,0
2013-11-25,sh.600068,4.0800,4.1000,4.0500,4.0700,4.0700,9350116,38098703.0000,3,0.268107,1,0.000000,8.953177,1.067948,0.245102,5.538928,0
2013-11-26,sh.600068,4.0800,4.1000,4.0500,4.0600,4.0700,7594436,30921914.0000,3,0.217764,1,-0.245700,8.931179,1.065324,0.244500,5.525319,0
2013-11-27,sh.600068,4.0700,4.1100,4.0500,4.1000,4.0600,11400395,46573172.0000,3,0.326897,1,0.985200,9.019171,1.075820,0.246909,5.579756,0
2013-11-28,sh.600068,4.1000,4.1600,4.0900,4.1400,4.1000,17683831,73075387.0000,3,0.507069,1,0.975600,9.107163,1.086316,0.249318,5.634192,0
2013-11-29,sh.600068,4.1500,4.1600,4.1100,4.1200,4.1400,10503710,43374538.0000,3,0.301185,1,-0.483100,9.063167,1.081068,0.248113,5.606974,0
2013-12-02,sh.600068,4.1000,4.1200,4.0100,4.0600,4.1200,24708080,100422243.0000,3,0.708484,1,-1.456300,8.931179,1.065324,0.244500,5.525319,0
2013-12-03,sh.600068,4.0500,4.1100,4.0400,4.0900,4.0600,14975037,61090653.0000,3,0.429397,1,0.738900,8.997173,1.073196,0.246307,5.566147,0
2013-12-04,sh.600068,4.0800,4.2300,4.0800,4.1800,4.0900,40160266,167693964.0000,3,1.151562,1,2.200500,9.195154,1.096812,0.251727,5.688629,0
2013-12-05,sh.600068,4.1900,4.1900,4.1400,4.1600,4.1800,15153068,63016572.0000,3,0.434502,1,-0.478500,9.151159,1.091564,0.250522,5.661411,0
2013-12-06,sh.600068,4.1400,4.2300,4.1400,4.2200,4.1600,31655821,132830423.0000,3,0.907704,1,1.442300,9.283146,1.107307,0.254136,5.743066,0
2013-12-09,sh.600068,4.2400,4.2400,4.1700,4.2000,4.2200,16588994,69666858.0000,3,0.475676,1,-0.473900,9.239150,1.102060,0.252931,5.715847,0
2013-12-10,sh.600068,4.2000,4.2200,4.1600,4.1800,4.2000,14676889,61410083.0000,3,0.420848,1,-0.476200,9.195154,1.096812,0.251727,5.688629,0
2013-12-11,sh.600068,4.1600,4.1700,4.0800,4.1100,4.1800,21892598,90021639.0000,3,0.627752,1,-1.674600,9.041169,1.078444,0.247511,5.593365,0
2013-12-12,sh.600068,4.1000,4.1200,4.0800,4.1100,4.1100,11154733,45728216.0000,3,0.319853,1,0.000000,9.041169,1.078444,0.247511,5.593365,0
2013-12-13,sh.600068,4.0900,4.1000,4.0500,4.1000,4.1100,16898886,68891208.0000,3,0.484562,1,-0.243300,9.019171,1.075820,0.246909,5.579756,0
2013-12-16,sh.600068,4.1000,4.1000,4.0200,4.0300,4.1000,13647079,55228422.0000,3,0.391319,1,-1.707300,8.865185,1.057452,0.242693,5.484492,0
2013-12-17,sh.600068,4.0300,4.0500,4.0000,4.0100,4.0300,10551657,42364669.0000,3,0.302560,1,-0.496300,8.821189,1.052204,0.241489,5.457273,0
2013-12-18,sh.600068,4.0100,4.0400,4.0000,4.0200,4.0100,7715078,31003966.0000,3,0.221223,1,0.249400,8.843187,1.054828,0.242091,5.470882,0
2013-12-19,sh.600068,4.0400,4.0700,3.9900,4.0000,4.0200,14212806,57180246.0000,3,0.407540,1,-0.497500,8.799191,1.049581,0.240887,5.443664,0
2013-12-20,sh.600068,4.0000,4.0100,3.9000,3.9200,4.0000,16718040,65877779.0000,3,0.479376,1,-2.000000,8.623207,1.028589,0.236069,5.334791,0
2013-12-23,sh.600068,3.9200,3.9300,3.8700,3.9200,3.9200,7701720,30062703.0000,3,0.220840,1,0.000000,8.623207,1.028589,0.236069,5.334791,0
2013-12-24,sh.600068,4.0900,4.1500,3.9500,3.9900,3.9200,21575722,87142711.0000,3,0.618666,1,1.785700,8.777193,1.046957,0.240285,5.430055,0
2013-12-25,sh.600068,3.9600,4.0000,3.9500,3.9900,3.9900,8156816,32421993.0000,3,0.233890,1,0.000000,8.777193,1.046957,0.240285,5.430055,0
2013-12-26,sh.600068,3.9600,3.9800,3.9100,3.9100,3.9900,7461808,29366195.0000,3,0.213961,1,-2.005000,8.601209,1.025965,0.235467,5.321182,0
2013-12-27,sh.600068,3.9100,3.9800,3.9000,3.9600,3.9100,6360818,25112171.0000,3,0.182391,1,1.278800,8.711199,1.039085,0.238478,5.389227,0
2013-12-30,sh.600068,3.9900,3.9900,3.9400,3.9500,3.9600,5958034,23564894.0000,3,0.170842,1,-0.252500,8.689201,1.036461,0.237876,5.375618,0
2013-12-31,sh.600068,3.9300,3.9700,3.9200,3.9600,3.9500,7099748,28081796.0000,3,0.203579,1,0.253200,8.711199,1.039085,0.238478,5.389227,0
2014-01-02,sh.600068,3.9700,3.9700,3.9300,3.9400,3.9600,6064275,23905047.0000,3,0.173888,1,-0.505100,8.667203,1.033837,0.237273,5.362009,0
2014-01-03,sh.600068,3.9500,3.9700,3.9000,3.9400,3.9400,9282352,36429940.0000,3,0.266164,1,0.000000,8.667203,1.033837,0.237273,5.362009,0
2014-01-06,sh.600068,3.9200,3.9300,3.8100,3.8300,3.9400,14623710,56362685.0000,3,0.419323,1,-2.791900,8.425225,1.004973,0.230649,5.212308,0
2014-01-07,sh.600068,3.8200,3.8500,3.8100,3.8300,3.8300,5958008,22812351.0000,3,0.170841,1,0.000000,8.425225,1.004973,0.230649,5.212308,0
2014-01-08,sh.600068,3.8500,3.8600,3.8000,3.8000,3.8300,7981322,30473979.0000,3,0.228858,1,-0.783300,8.359231,0.997102,0.228842,5.171481,0
2014-01-09,sh.600068,3.8000,3.8200,3.7500,3.7500,3.8000,8610112,32616323.0000,3,0.246888,1,-1.315800,8.249241,0.983982,0.225831,5.103435,0
2014-01-10,sh.600068,3.7500,3.7600,3.6900,3.7200,3.7500,10142905,37704742.0000,3,0.290839,1,-0.800000,8.183248,0.976110,0.224025,5.062608,0
2014-01-13,sh.600068,3.7300,3.7500,3.7100,3.7200,3.7200,6381797,23794689.0000,3,0.182993,1,0.000000,8.183248,0.976110,0.224025,5.062608,0
2014-01-14,sh.600068,3.7300,3.7600,3.7100,3.7500,3.7200,5676703,21187466.0000,3,0.162775,1,0.806500,8.249241,0.983982,0.225831,5.103435,0
2014-01-15,sh.600068,3.7600,3.8300,3.7100,3.8200,3.7500,8431328,31660375.0000,3,0.241761,1,1.866700,8.403227,1.002349,0.230047,5.198699,0
2014-01-16,sh.600068,3.8100,3.8800,3.7800,3.8600,3.8200,10933905,41793552.0000,3,0.313521,1,1.047100,8.491219,1.012845,0.232456,5.253136,0
2014-01-17,sh.600068,3.8500,3.8700,3.7400,3.8500,3.8600,14038838,53506148.0000,3,0.402552,1,-0.259100,8.469221,1.010221,0.231854,5.239527,0
2014-01-20,sh.600068,3.8200,3.8500,3.7800,3.8200,3.8500,9193503,35083633.0000,3,0.263616,1,-0.779200,8.403227,1.002349,0.230047,5.198699,0
2014-01-21,sh.600068,3.8300,3.8500,3.8100,3.8300,3.8200,5873494,22533775.0000,3,0.168418,1,0.261800,8.425225,1.004973,0.230649,5.212308,0
2014-01-22,sh.600068,3.8400,3.9000,3.8300,3.8900,3.8300,12330284,47829872.0000,3,0.353561,1,1.566600,8.557213,1.020717,0.234262,5.293963,0
2014-01-23,sh.600068,3.8900,3.9100,3.8500,3.8600,3.8900,8784126,34025298.0000,3,0.251878,1,-0.771200,8.491219,1.012845,0.232456,5.253136,0
2014-01-24,sh.600068,3.8600,3.8900,3.8400,3.8800,3.8600,13067359,50624875.0000,3,0.374696,1,0.518100,8.535215,1.018093,0.233660,5.280354,0
2014-01-27,sh.600068,3.8500,3.8700,3.8200,3.8300,3.8800,9762761,37445458.0000,3,0.279939,1,-1.288700,8.425225,1.004973,0.230649,5.212308,0
2014-01-28,sh.600068,3.8400,3.8500,3.8100,3.8200,3.8300,5944536,22761356.0000,3,0.170455,1,-0.261100,8.403227,1.002349,0.230047,5.198699,0
2014-01-29,sh.600068,3.8300,3.8500,3.8200,3.8400,3.8200,7854142,30170332.0000,3,0.225211,1,0.523600,8.447223,1.007597,0.231251,5.225918,0
2014-01-30,sh.600068,3.8300,3.8500,3.8200,3.8300,3.8400,5584811,21405159.0000,3,0.160140,1,-0.260400,8.425225,1.004973,0.230649,5.212308,0
2014-02-07,sh.600068,3.8200,3.8400,3.8000,3.8400,3.8300,5175963,19748853.0000,3,0.148416,1,0.261100,8.447223,1.007597,0.231251,5.225918,0
2014-02-10,sh.600068,3.8500,3.9100,3.8300,3.9100,3.8400,15846670,61464233.0000,3,0.454390,1,1.822900,8.601209,1.025965,0.235467,5.321182,0
2014-02-11,sh.600068,3.9000,3.9200,3.8700,3.9100,3.9100,18171873,70795190.0000,3,0.521063,1,0.000000,8.601209,1.025965,0.235467,5.321182,0
2014-02-12,sh.600068,3.9100,3.9200,3.8800,3.9100,3.9100,11884320,46352457.0000,3,0.340773,1,0.000000,8.601209,1.025965,0.235467,5.321182,0
2014-02-13,sh.600068,3.9000,3.9100,3.8700,3.8900,3.9100,12633700,49146054.0000,3,0.362261,1,-0.511500,8.557213,1.020717,0.234262,5.293963,0
2014-02-14,sh.600068,3.8800,3.9100,3.8800,3.9100,3.8900,8346551,32487074.0000,3,0.239330,1,0.514100,8.601209,1.025965,0.235467,5.321182,0
2014-02-17,sh.600068,3.9200,4.0500,3.8900,4.0300,3.9100,38056545,151176121.0000,3,1.091240,1,3.069100,8.865185,1.057452,0.242693,5.484492,0
2014-02-18,sh.600068,4.0000,4.1300,3.9800,4.0700,4.0300,45592503,185691885.0000,3,1.307327,1,0.992600,8.953177,1.067948,0.245102,5.538928,0
2014-02-19,sh.600068,4.0700,4.1400,4.0700,4.0900,4.0700,30236970,123777692.0000,3,0.867020,1,0.491400,8.997173,1.073196,0.246307,5.566147,0
2014-02-20,sh.600068,4.1200,4.1500,4.0700,4.1100,4.0900,30943261,127251329.0000,3,0.887272,1,0.489000,9.041169,1.078444,0.247511,5.593365,0
2014-02-21,sh.600068,4.1100,4.1200,4.0100,4.0300,4.1100,19401395,78629527.0000,3,0.556319,1,-1.946500,8.865185,1.057452,0.242693,5.484492,0
2014-02-24,sh.600068,4.0200,4.0300,3.9200,3.9500,4.0300,19803483,78435820.0000,3,0.567848,1,-1.985100,8.689201,1.036461,0.237876,5.375618,0
2014-02-25,sh.600068,3.9400,3.9700,3.8300,3.8600,3.9500,15961429,62400320.0000,3,0.457681,1,-2.278500,8.491219,1.012845,0.232456,5.253136,0
2014-02-26,sh.600068,3.8300,3.8700,3.8000,3.8500,3.8600,13303382,51053451.0000,3,0.381463,1,-0.259100,8.469221,1.010221,0.231854,5.239527,0
2014-02-27,sh.600068,3.8500,3.9000,3.8400,3.8700,3.8500,15220392,58825594.0000,3,0.436432,1,0.519500,8.513217,1.015469,0.233058,5.266745,0
2014-02-28,sh.600068,3.8600,3.8800,3.8200,3.8800,3.8700,10226731,39396473.0000,3,0.293243,1,0.258400,8.535215,1.018093,0.233660,5.280354,0
2014-03-03,sh.600068,3.8700,3.9300,3.8400,3.9200,3.8800,18166718,70701481.0000,3,0.520916,1,1.030900,8.623207,1.028589,0.236069,5.334791,0
2014-03-04,sh.600068,3.9000,3.9100,3.8700,3.9000,3.9200,10880266,42270324.0000,3,0.311983,1,-0.510200,8.579211,1.023341,0.234865,5.307572,0
2014-03-05,sh.600068,3.9100,3.9700,3.8700,3.9300,3.9000,16323547,64032232.0000,3,0.468064,1,0.769200,8.645205,1.031213,0.236671,5.348400,0
2014-03-06,sh.600068,3.9300,4.0400,3.8900,4.0000,3.9300,22583490,89839608.0000,3,0.647563,1,1.781200,8.799191,1.049581,0.240887,5.443664,0
2014-03-07,sh.600068,4.0100,4.0200,3.9400,4.0200,4.0000,18879387,75121212.0000,3,0.541351,1,0.500000,8.843187,1.054828,0.242091,5.470882,0
2014-03-10,sh.600068,4.0100,4.0100,3.8600,3.8700,4.0200,14599136,57340006.0000,3,0.418618,1,-3.731300,8.513217,1.015469,0.233058,5.266745,0
2014-03-11,sh.600068,3.8700,3.9800,3.8400,3.9700,3.8700,23356843,91309730.0000,3,0.669738,1,2.584000,8.733197,1.041709,0.239080,5.402837,0
2014-03-12,sh.600068,3.9300,4.0100,3.9200,3.9800,3.9700,22178647,87775225.0000,3,0.635954,1,0.251900,8.755195,1.044333,0.239682,5.416446,0
2014-03-13,sh.600068,3.9800,4.0300,3.9500,3.9600,3.9800,15123273,60287076.0000,3,0.433647,1,-0.502500,8.711199,1.039085,0.238478,5.389227,0
2014-03-14,sh.600068,3.9500,3.9600,3.9000,3.9000,3.9600,11609920,45530333.0000,3,0.332905,1,-1.515200,8.579211,1.023341,0.234865,5.307572,0
2014-03-17,sh.600068,3.9100,3.9200,3.8700,3.9100,3.9000,12050719,46907597.0000,3,0.345544,1,0.256400,8.601209,1.025965,0.235467,5.321182,0
2014-03-18,sh.600068,3.9100,3.9500,3.8800,3.9300,3.9100,13844561,54127360.0000,3,0.396981,1,0.511500,8.645205,1.031213,0.236671,5.348400,0
2014-03-19,sh.600068,3.9100,3.9200,3.8700,3.8900,3.9300,10203371,39642569.0000,3,0.292573,1,-1.017800,8.557213,1.020717,0.234262,5.293963,0
2014-03-20,sh.600068,3.8800,3.9100,3.8100,3.8200,3.8900,9921954,38429845.0000,3,0.284504,1,-1.799500,8.403227,1.002349,0.230047,5.198699,0
2014-03-21,sh.600068,3.8000,3.9400,3.8000,3.9400,3.8200,15536274,60423114.0000,3,0.445490,1,3.141400,8.667203,1.033837,0.237273,5.362009,0
2014-03-24,sh.600068,3.9300,3.9700,3.9000,3.9500,3.9400,16100888,63439489.0000,3,0.461680,1,0.253800,8.689201,1.036461,0.237876,5.375618,0
2014-03-25,sh.600068,3.9500,4.0300,3.9400,3.9900,3.9500,25573392,102274765.0000,3,0.733296,1,1.012700,11.589246,1.382382,0.317267,7.169746,0
2014-03-26,sh.600068,3.9900,4.0000,3.9500,3.9800,3.9900,9798718,38892027.0000,3,0.280970,1,-0.250600,11.560200,1.378918,0.316472,7.151776,0
2014-03-27,sh.600068,3.9800,4.0100,3.9500,3.9500,3.9800,12968011,51522527.0000,3,0.371847,1,-0.753800,11.473063,1.368524,0.314087,7.097869,0
2014-03-28,sh.600068,3.9500,3.9800,3.9400,3.9600,3.9500,10181565,40303839.0000,3,0.291948,1,0.253200,11.502109,1.371989,0.314882,7.115838,0
2014-03-31,sh.600068,3.9700,3.9800,3.8200,3.8700,3.9600,22773479,88466928.0000,3,0.653011,1,-2.272700,11.240697,1.340807,0.307726,6.954114,0
2014-04-01,sh.600068,3.8600,3.9000,3.8500,3.8800,3.8700,9078255,35218196.0000,3,0.260311,1,0.258400,11.274133,1.308950,0.300139,10.124874,0
2014-04-02,sh.600068,3.8800,3.9100,3.8600,3.9000,3.8800,7973665,31005013.0000,3,0.228638,1,0.515500,11.332247,1.315697,0.301686,10.177064,0
2014-04-03,sh.600068,3.9100,3.9300,3.8200,3.8600,3.9000,21173938,82005985.0000,3,0.607145,1,-1.025600,11.216019,1.302202,0.298592,10.072684,0
2014-04-04,sh.600068,3.8400,3.8800,3.8300,3.8800,3.8600,12539004,48264253.0000,3,0.359546,1,0.518100,11.274133,1.308950,0.300139,10.124874,0
2014-04-08,sh.600068,3.8600,3.9200,3.8500,3.9100,3.8800,14293783,55605118.0000,3,0.409862,1,0.773200,11.361304,1.319070,0.302460,10.203159,0
2014-04-09,sh.600068,3.9100,3.9300,3.8900,3.9100,3.9100,13399636,52376206.0000,3,0.384223,1,0.000000,11.361304,1.319070,0.302460,10.203159,0
2014-04-10,sh.600068,3.9100,3.9800,3.8800,3.9700,3.9100,27983029,109928290.0000,3,0.802390,1,1.534500,11.535647,1.339312,0.307101,10.359729,0
2014-04-11,sh.600068,3.9400,3.9500,3.9200,3.9400,3.9700,12701495,49951901.0000,3,0.364205,1,-0.755700,11.448475,1.329191,0.304780,10.281444,0
2014-04-14,sh.600068,3.9300,3.9600,3.9200,3.9500,3.9400,10349551,40790282.0000,3,0.296765,1,0.253800,11.477532,1.332565,0.305554,10.307539,0
2014-04-15,sh.600068,3.9300,3.9500,3.8800,3.9000,3.9500,13231395,51763992.0000,3,0.379399,1,-1.265800,11.332247,1.315697,0.301686,10.177064,0
2014-04-16,sh.600068,3.9000,3.9200,3.8600,3.9000,3.9000,6831158,26630077.0000,3,0.195878,1,0.000000,11.332247,1.315697,0.301686,10.177064,0
2014-04-17,sh.600068,3.9000,3.9500,3.8800,3.9400,3.9000,11056419,43192466.0000,3,0.317034,1,1.025600,11.448475,1.329191,0.304780,10.281444,0
2014-04-18,sh.600068,3.9300,3.9300,3.9000,3.9100,3.9400,13440745,52587894.0000,3,0.385402,1,-0.761400,11.361304,1.319070,0.302460,10.203159,0
2014-04-21,sh.600068,3.8800,3.9600,3.8800,3.8900,3.9100,18921748,74102764.0000,3,0.542565,1,-0.511500,11.303190,1.312323,0.300912,10.150969,0
2014-04-22,sh.600068,3.8800,3.9000,3.8300,3.8600,3.8900,14011534,54125561.0000,3,0.401769,1,-0.771200,11.216019,1.302202,0.298592,10.072684,0
2014-04-23,sh.600068,3.8600,3.8700,3.8400,3.8500,3.8600,10833738,41709164.0000,3,0.310648,1,-0.259100,11.186962,1.298829,0.297818,10.046589,0
2014-04-24,sh.600068,3.8500,3.8600,3.8100,3.8300,3.8500,9952757,38158170.0000,3,0.285387,1,-0.519500,11.128848,1.292082,0.296271,9.994399,0
2014-04-25,sh.600068,3.8300,3.8500,3.7900,3.8000,3.8300,11090892,42274627.0000,3,0.318022,1,-0.783300,11.041677,1.281961,0.293950,9.916113,0
2014-04-28,sh.600068,3.8000,3.8000,3.6600,3.7200,3.8000,18891795,70045666.0000,3,0.541707,1,-2.105300,10.809220,1.254972,0.287762,9.707353,0
2014-04-29,sh.600068,3.7100,3.7500,3.7000,3.7500,3.7200,7734122,28814437.0000,3,0.221770,1,0.806500,10.896392,1.265093,0.290083,9.785638,0
2014-04-30,sh.600068,3.7400,3.7900,3.7300,3.7900,3.7500,8805826,33132193.0000,3,0.252500,1,1.066700,10.585776,0.969950,0.290577,3.262562,0
2014-05-05,sh.600068,3.7800,3.8500,3.7500,3.8400,3.7900,14903012,56645620.0000,3,0.427332,1,1.319300,10.725431,0.982747,0.294411,3.305604,0
2014-05-06,sh.600068,3.8200,3.8700,3.8100,3.8700,3.8400,14607310,56274032.0000,3,0.418853,1,0.781200,10.809223,0.990424,0.296711,3.331429,0
2014-05-07,sh.600068,3.8500,3.8500,3.8000,3.8100,3.8700,6193589,23675420.0000,3,0.177596,1,-1.550400,10.641638,0.975069,0.292111,3.279779,0
2014-05-08,sh.600068,3.8000,3.8600,3.8000,3.8200,3.8100,7395583,28279104.0000,3,0.212062,1,0.262500,10.669569,0.977628,0.292877,3.288387,0
2014-05-09,sh.600068,3.8300,3.8300,3.7800,3.7900,3.8200,5701632,21685899.0000,3,0.163490,1,-0.785300,10.585776,0.969950,0.290577,3.262562,0
2014-05-12,sh.600068,3.8300,3.8700,3.8100,3.8700,3.7900,11261233,43380655.0000,3,0.322907,1,2.110800,10.809223,0.990424,0.296711,3.331429,0
2014-05-13,sh.600068,3.8800,3.8900,3.8400,3.8700,3.8700,7871986,30401487.0000,3,0.225723,1,0.000000,10.809223,0.990424,0.296711,3.331429,0
2014-05-14,sh.600068,3.8500,3.8700,3.8300,3.8500,3.8700,5447834,20944344.0000,3,0.156212,1,-0.516800,10.753361,0.985306,0.295177,3.314212,0
2014-05-15,sh.600068,3.8400,3.8800,3.8200,3.8200,3.8500,9441268,36256234.0000,3,0.270721,1,-0.779200,10.669569,0.977628,0.292877,3.288387,0
2014-05-16,sh.600068,3.8100,3.8400,3.8000,3.8400,3.8200,5563437,21245676.0000,3,0.159527,1,0.523600,10.725431,0.982747,0.294411,3.305604,0
2014-05-19,sh.600068,3.8300,3.8400,3.7900,3.8000,3.8400,6534043,24880689.0000,3,0.187358,1,-1.041700,10.613707,0.972510,0.291344,3.271171,0
2014-05-20,sh.600068,3.8100,3.8500,3.8000,3.8200,3.8000,7613958,29111689.0000,3,0.218324,1,0.526300,10.669569,0.977628,0.292877,3.288387,0
2014-05-21,sh.600068,3.8000,3.8500,3.7900,3.8500,3.8200,6830775,26092900.0000,3,0.195867,1,0.785300,10.753361,0.985306,0.295177,3.314212,0
2014-05-22,sh.600068,3.9100,3.9300,3.8500,3.8600,3.8500,24523394,95385047.0000,3,0.703188,1,0.259700,10.781292,0.987865,0.295944,3.322821,0
2014-05-23,sh.600068,3.8500,3.8600,3.8300,3.8500,3.8600,7248706,27902718.0000,3,0.207851,1,-0.259100,10.753361,0.985306,0.295177,3.314212,0
2014-05-26,sh.600068,3.8700,3.8900,3.8600,3.8700,3.8500,7414178,28749156.0000,3,0.212595,1,0.519500,10.809223,0.990424,0.296711,3.331429,0
2014-05-27,sh.600068,3.8700,3.8700,3.8500,3.8700,3.8700,5697706,21999729.0000,3,0.163377,1,0.000000,10.809223,0.990424,0.296711,3.331429,0
2014-05-28,sh.600068,3.8700,3.9000,3.8500,3.9000,3.8700,7805005,30247138.0000,3,0.223802,1,0.775200,10.893015,0.998102,0.299011,3.357254,0
2014-05-29,sh.600068,3.8800,3.9000,3.8400,3.8600,3.9000,7526473,29167749.0000,3,0.215815,1,-1.025600,10.781292,0.987865,0.295944,3.322821,0
2014-05-30,sh.600068,3.8600,3.8800,3.8400,3.8400,3.8600,5700199,21994508.0000,3,0.163448,1,-0.518100,10.725431,0.982747,0.294411,3.305604,0
2014-06-03,sh.600068,3.8500,3.8600,3.8100,3.8100,3.8400,7290751,27919080.0000,3,0.209056,1,-0.781200,10.641638,0.975069,0.292111,3.279779,0
2014-06-04,sh.600068,3.8100,3.8100,3.7600,3.7900,3.8100,7210481,27255265.0000,3,0.206755,1,-0.524900,10.585776,0.969950,0.290577,3.262562,0
2014-06-05,sh.600068,3.7900,3.8200,3.7600,3.8200,3.7900,8755166,33137536.0000,3,0.251047,1,0.791600,10.669569,0.977628,0.292877,3.288387,0
2014-06-06,sh.600068,3.8000,3.8100,3.7600,3.7800,3.8200,8179500,30897988.0000,3,0.234540,1,-1.047100,10.557846,0.967391,0.289810,3.253954,0
2014-06-09,sh.600068,3.7600,3.7900,3.7500,3.7800,3.7800,7549007,28424315.0000,3,0.216462,1,0.000000,10.557846,0.967391,0.289810,3.253954,0
2014-06-10,sh.600068,3.7800,3.8000,3.7600,3.7900,3.7800,7481872,28290074.0000,3,0.214536,1,0.264600,10.585776,0.969950,0.290577,3.262562,0
2014-06-11,sh.600068,3.7800,3.7900,3.7500,3.7800,3.7900,7889106,29725678.0000,3,0.226214,1,-0.263900,10.557846,0.967391,0.289810,3.253954,0
2014-06-12,sh.600068,3.7700,3.7800,3.7600,3.7800,3.7800,7219865,27194864.0000,3,0.207024,1,0.000000,10.557846,0.967391,0.289810,3.253954,0
2014-06-13,sh.600068,3.7700,3.8100,3.7600,3.7900,3.7800,10586331,40152004.0000,3,0.303554,1,0.264600,10.585776,0.969950,0.290577,3.262562,0
2014-06-16,sh.600068,3.7900,3.8200,3.7800,3.8200,3.7900,9318175,35415635.0000,3,0.267191,1,0.791600,10.669569,0.977628,0.292877,3.288387,0
2014-06-17,sh.600068,3.8000,3.8100,3.7800,3.8100,3.8200,8390256,31844118.0000,3,0.240584,1,-0.261800,10.641638,0.975069,0.292111,3.279779,0
2014-06-18,sh.600068,3.8000,3.8000,3.7600,3.7700,3.8100,7988736,30179022.0000,3,0.229070,1,-1.049900,10.529915,0.964832,0.289044,3.245346,0
2014-06-19,sh.600068,3.7700,3.7800,3.7100,3.7500,3.7700,9885460,36979742.0000,3,0.283457,1,-0.530500,10.474053,0.959713,0.287510,3.228129,0
2014-06-20,sh.600068,3.7500,3.7700,3.7300,3.7700,3.7500,5293294,19853518.0000,3,0.151781,1,0.533300,10.529915,0.964832,0.289044,3.245346,0
2014-06-23,sh.600068,3.7700,3.7800,3.7500,3.7700,3.7700,4110733,15464191.0000,3,0.117872,1,0.000000,10.529915,0.964832,0.289044,3.245346,0
2014-06-24,sh.600068,3.7600,3.7800,3.7500,3.7800,3.7700,5880338,22143867.0000,3,0.168614,1,0.265300,10.557846,0.967391,0.289810,3.253954,0
2014-06-25,sh.600068,3.7800,3.7900,3.7500,3.7700,3.7800,5097734,19193869.0000,3,0.146173,1,-0.264600,10.529915,0.964832,0.289044,3.245346,0
2014-06-26,sh.600068,3.7700,3.8100,3.7600,3.7900,3.7700,10278200,38897832.0000,3,0.294719,1,0.530500,10.585776,0.969950,0.290577,3.262562,0
2014-06-27,sh.600068,3.7000,3.7100,3.6800,3.7000,3.6900,11174920,41275762.0000,3,0.320432,1,0.271000,10.334399,0.946917,0.283677,3.185087,0
2014-06-30,sh.600068,3.7000,3.7200,3.6900,3.7100,3.7000,8806114,32615036.0000,3,0.252508,1,0.270300,10.362330,0.949476,0.284444,3.193696,0
2014-07-01,sh.600068,3.7200,3.7600,3.7000,3.7400,3.7100,13260917,49416322.0000,3,0.380246,1,0.808600,10.446122,0.957154,0.286744,3.219521,0
2014-07-02,sh.600068,3.7400,3.7800,3.7200,3.7800,3.7400,15103179,56599195.0000,3,0.433071,1,1.069500,10.557846,0.967391,0.289810,3.253954,0
2014-07-03,sh.600068,3.7700,3.8100,3.7500,3.8100,3.7800,18241012,69096916.0000,3,0.523046,1,0.793700,10.641638,0.975069,0.292111,3.279779,0
2014-07-04,sh.600068,3.8200,3.8200,3.7800,3.8100,3.8100,13172225,50086578.0000,3,0.377703,1,0.000000,10.641638,0.975069,0.292111,3.279779,0
2014-07-07,sh.600068,3.8000,3.8200,3.7800,3.8100,3.8100,10517722,39924756.0000,3,0.301587,1,0.000000,10.641638,0.975069,0.292111,3.279779,0
2014-07-08,sh.600068,3.7900,3.8000,3.7800,3.8000,3.8100,8448160,32057421.0000,3,0.242244,1,-0.262500,10.613707,0.972510,0.291344,3.271171,0
2014-07-09,sh.600068,3.7800,3.8100,3.7600,3.7900,3.8000,13843113,52414924.0000,3,0.396940,1,-0.263200,10.585776,0.969950,0.290577,3.262562,0
2014-07-10,sh.600068,3.7700,3.7800,3.7600,3.7800,3.7900,7701426,29024619.0000,3,0.220832,1,-0.263900,10.557846,0.967391,0.289810,3.253954,0
2014-07-11,sh.600068,3.7800,3.7900,3.7600,3.7900,3.7800,10369090,39157745.0000,3,0.297325,1,0.264600,10.585776,0.969950,0.290577,3.262562,0
2014-07-14,sh.600068,3.7800,3.8600,3.7700,3.8500,3.7900,20044755,76501187.0000,3,0.574767,1,1.583100,10.753361,0.985306,0.295177,3.314212,0
2014-07-15,sh.600068,3.8600,3.8900,3.8300,3.8600,3.8500,18052862,69617732.0000,3,0.517651,1,0.259700,10.781292,0.987865,0.295944,3.322821,0
2014-07-16,sh.600068,3.8700,4.1800,3.8600,4.1000,3.8600,152818551,618846608.0000,3,4.381945,1,6.217600,11.451632,1.049287,0.314345,3.529421,0
2014-07-17,sh.600068,4.0500,4.0600,3.9500,4.0100,4.1000,61926860,247597923.0000,3,1.775701,1,-2.195100,11.200254,1.026254,0.307444,3.451946,0
2014-07-18,sh.600068,3.9900,4.0100,3.9500,4.0000,4.0100,33907513,134980035.0000,3,0.972270,1,-0.249400,11.172323,1.023694,0.306678,3.443338,0
2014-07-21,sh.600068,3.9900,4.0100,3.9100,3.9300,4.0000,33855533,133343063.0000,3,0.970779,1,-1.750000,10.976808,1.005780,0.301311,3.383079,0
2014-07-22,sh.600068,3.9300,3.9600,3.9100,3.9400,3.9300,34246325,134636900.0000,3,0.981985,1,0.254500,11.004739,1.008339,0.302078,3.391687,0
2014-07-23,sh.600068,3.9500,3.9500,3.8800,3.9000,3.9400,29548628,115361108.0000,3,0.847282,1,-1.015200,10.893015,0.998102,0.299011,3.357254,0
2014-07-24,sh.600068,3.9000,3.9500,3.8900,3.9400,3.9000,29520567,115911007.0000,3,0.846478,1,1.025600,11.004739,1.008339,0.302078,3.391687,0
2014-07-25,sh.600068,3.9400,4.0100,3.9300,3.9500,3.9400,58210309,230907171.0000,3,1.669132,1,0.253800,11.032669,1.010898,0.302844,3.400296,0
2014-07-28,sh.600068,3.9600,4.0300,3.9500,4.0200,3.9500,51712393,207118238.0000,3,1.482810,1,1.772200,11.228185,1.028813,0.308211,3.460554,0
2014-07-29,sh.600068,4.0300,4.0400,4.0000,4.0100,4.0200,42348996,170226114.0000,3,1.214322,1,-0.248800,11.200254,1.026254,0.307444,3.451946,0
2014-07-30,sh.600068,4.0200,4.0800,3.9900,4.0500,4.0100,40074357,161525014.0000,3,1.149099,1,0.997500,11.311978,1.036490,0.310511,3.486379,0
2014-07-31,sh.600068,4.0400,4.0800,4.0200,4.0700,4.0500,26129091,105813842.0000,3,0.749230,1,0.493800,11.367839,1.041609,0.312045,3.503596,0
2014-08-01,sh.600068,4.0800,4.1300,4.0100,4.0200,4.0700,48302045,197001905.0000,3,1.385021,1,-1.228500,11.228185,1.028813,0.308211,3.460554,0
2014-08-04,sh.600068,4.0200,4.0700,4.0200,4.0700,4.0200,31148709,126257326.0000,3,0.893163,1,1.243800,11.367839,1.041609,0.312045,3.503596,0
2014-08-05,sh.600068,4.1100,4.1600,4.0800,4.1200,4.0700,49372218,203596015.0000,3,1.415707,1,1.228500,11.507493,1.054405,0.315878,3.546638,0
2014-08-06,sh.600068,4.1200,4.1400,4.0700,4.1200,4.1200,28141410,115528026.0000,3,0.806932,1,0.000000,11.507493,1.054405,0.315878,3.546638,0
2014-08-07,sh.600068,4.1200,4.1400,4.0500,4.0700,4.1200,25886988,105778352.0000,3,0.742288,1,-1.213600,11.367839,1.041609,0.312045,3.503596,0
2014-08-08,sh.600068,4.0600,4.0900,4.0500,4.0800,4.0700,19030752,77417036.0000,3,0.545691,1,0.245700,11.395770,1.044168,0.312811,3.512204,0
2014-08-11,sh.600068,4.0800,4.1100,4.0600,4.1000,4.0800,24028417,98190315.0000,3,0.688995,1,0.490200,11.451632,1.049287,0.314345,3.529421,0
2014-08-12,sh.600068,4.1100,4.1100,4.0700,4.0800,4.1000,21287805,86848036.0000,3,0.610410,1,-0.487800,11.395770,1.044168,0.312811,3.512204,0
2014-08-13,sh.600068,4.0800,4.0900,3.9700,4.0400,4.0800,60689186,244025149.0000,3,1.740212,1,-0.980400,11.284047,1.033931,0.309745,3.477771,0
2014-08-14,sh.600068,4.0200,4.0500,3.9900,4.0100,4.0400,25443953,102309122.0000,3,0.729584,1,-0.742600,11.200254,1.026254,0.307444,3.451946,0
2014-08-15,sh.600068,4.0100,4.0500,4.0100,4.0400,4.0100,16695856,67363763.0000,3,0.478740,1,0.748100,11.284047,1.033931,0.309745,3.477771,0
2014-08-18,sh.600068,4.0400,4.0800,4.0400,4.0700,4.0400,20882447,84775504.0000,3,0.598787,1,0.742600,11.367839,1.041609,0.312045,3.503596,0
2014-08-19,sh.600068,4.0700,4.0800,4.0300,4.0500,4.0700,23190885,93934656.0000,3,0.664979,1,-0.491400,11.311978,1.036490,0.310511,3.486379,0
2014-08-20,sh.600068,4.0800,4.1500,4.0700,4.0900,4.0500,52695074,216565853.0000,3,1.510988,1,0.987700,11.423701,1.046727,0.313578,3.520813,0
2014-08-21,sh.600068,4.1000,4.1000,4.0300,4.0700,4.0900,27696911,112338912.0000,3,0.794186,1,-0.489000,11.367839,1.041609,0.312045,3.503596,0
2014-08-22,sh.600068,4.0600,4.0800,4.0500,4.0800,4.0700,20738472,84221983.0000,3,0.594659,1,0.245700,11.395770,1.044168,0.312811,3.512204,0
2014-08-25,sh.600068,4.0900,4.1100,4.0400,4.0900,4.0800,28767913,117272386.0000,3,0.824896,1,0.245100,11.423701,1.046727,0.313578,3.520813,0
2014-08-26,sh.600068,4.1200,4.1300,4.0500,4.0700,4.0900,37171957,151982498.0000,3,1.065875,1,-0.489000,9.383901,1.019954,0.282452,10.282011,0
2014-08-27,sh.600068,4.0700,4.1400,4.0500,4.1200,4.0700,46108688,189361639.0000,3,1.322128,1,1.228500,9.499182,1.032484,0.285922,10.408326,0
2014-08-28,sh.600068,4.1400,4.1400,4.0700,4.0800,4.1200,25544242,104821629.0000,3,0.732460,1,-0.970900,9.406957,1.022460,0.283146,10.307274,0
2014-08-29,sh.600068,4.0900,4.1100,4.0600,4.1000,4.0800,21843133,89143222.0000,3,0.626334,1,0.490200,9.453070,1.027472,0.284534,10.357800,0
2014-09-01,sh.600068,4.1100,4.1700,4.1000,4.1500,4.1000,38972435,161368674.0000,3,1.117502,1,1.219500,9.568351,1.040002,0.288004,10.484114,0
2014-09-02,sh.600068,4.1400,4.2600,4.1300,4.2400,4.1500,71192472,299137952.0000,3,2.041385,1,2.168700,9.775857,1.062556,0.294250,10.711481,0
2014-09-03,sh.600068,4.2400,4.3100,4.2200,4.2300,4.2400,64078266,273454176.0000,3,1.837391,1,-0.235800,9.752801,1.060050,0.293556,10.686218,0
2014-09-04,sh.600068,4.2300,4.2900,4.2300,4.2700,4.2300,31148431,132786700.0000,3,0.893155,1,0.945600,9.845026,1.070075,0.296332,10.787269,0
2014-09-05,sh.600068,4.2800,4.3800,4.2800,4.3700,4.2700,62832692,272007584.0000,3,1.801675,1,2.341900,10.075589,1.095135,0.303271,11.039899,0
2014-09-09,sh.600068,4.3900,4.4300,4.3200,4.3400,4.3700,50305287,219536973.0000,3,1.442462,1,-0.686500,10.006420,1.087617,0.301189,10.964110,0
2014-09-10,sh.600068,4.3400,4.3400,4.3400,4.3400,4.3400,0,0.0000,3,,0,0.000000,10.006420,1.087617,0.301189,10.964110,0
2014-09-11,sh.600068,4.3400,4.3400,4.3400,4.3400,4.3400,0,0.0000,3,,0,0.000000,10.006420,1.087617,0.301189,10.964110,0
2014-09-12,sh.600068,4.3400,4.3400,4.3400,4.3400,4.3400,0,0.0000,3,,0,0.000000,10.006420,1.087617,0.301189,10.964110,0
2014-09-15,sh.600068,4.3400,4.3400,4.3400,4.3400,4.3400,0,0.0000,3,,0,0.000000,10.006420,1.087617,0.301189,10.964110,0
2014-09-16,sh.600068,4.3400,4.3400,4.3400,4.3400,4.3400,0,0.0000,3,,0,0.000000,10.006420,1.087617,0.301189,10.964110,0
2014-09-17,sh.600068,4.3400,4.3400,4.3400,4.3400,4.3400,0,0.0000,3,,0,0.000000,10.006420,1.087617,0.301189,10.964110,0
2014-09-18,sh.600068,4.3400,4.3400,4.3400,4.3400,4.3400,0,0.0000,3,,0,0.000000,10.006420,1.087617,0.301189,10.964110,0
2014-09-19,sh.600068,4.3400,4.3400,4.3400,4.3400,4.3400,0,0.0000,3,,0,0.000000,10.006420,1.087617,0.301189,10.964110,0
2014-09-22,sh.600068,4.3400,4.3400,4.3400,4.3400,4.3400,0,0.0000,3,,0,0.000000,10.006420,1.087617,0.301189,10.964110,0
2014-09-23,sh.600068,4.3400,4.3400,4.3400,4.3400,4.3400,0,0.0000,3,,0,0.000000,10.006420,1.087617,0.301189,10.964110,0
2014-09-24,sh.600068,4.3400,4.3400,4.3400,4.3400,4.3400,0,0.0000,3,,0,0.000000,10.006420,1.087617,0.301189,10.964110,0
2014-09-25,sh.600068,4.3400,4.3400,4.3400,4.3400,4.3400,0,0.0000,3,,0,0.000000,10.006420,1.087617,0.301189,10.964110,0
2014-09-26,sh.600068,4.3400,4.3400,4.3400,4.3400,4.3400,0,0.0000,3,,0,0.000000,10.006420,1.087617,0.301189,10.964110,0
2014-09-29,sh.600068,4.3400,4.3400,4.3400,4.3400,4.3400,0,0.0000,3,,0,0.000000,10.006420,1.087617,0.301189,10.964110,0
2014-09-30,sh.600068,4.5000,4.7700,4.4200,4.7700,4.3400,90467148,424331776.0000,3,2.594071,1,9.907800,10.997839,1.195376,0.331031,12.050416,0
2014-10-08,sh.600068,5.0100,5.0100,4.7000,4.8000,4.7700,160509255,776027376.0000,3,4.602470,1,0.628900,11.067008,1.202894,0.333113,12.126205,0
2014-10-09,sh.600068,4.7700,4.8200,4.7000,4.7500,4.8000,78130931,371118528.0000,3,2.240340,1,-1.041700,10.951727,1.190364,0.329643,11.999890,0
2014-10-10,sh.600068,4.7600,4.9700,4.7500,4.8300,4.7500,96397754,468270176.0000,3,2.764126,1,1.684200,11.136177,1.210412,0.335195,12.201993,0
2014-10-13,sh.600068,4.8000,4.8300,4.7100,4.8100,4.8300,51527886,244802232.0000,3,1.477519,1,-0.414100,11.090065,1.205400,0.333807,12.151467,0
2014-10-14,sh.600068,4.7800,4.8100,4.7200,4.7600,4.8100,39649769,188938846.0000,3,1.136924,1,-1.039500,10.974783,1.192870,0.330337,12.025153,0
2014-10-15,sh.600068,4.8000,4.8500,4.7100,4.8100,4.7600,48683447,233364455.0000,3,1.395958,1,1.050400,11.090065,1.205400,0.333807,12.151467,0
2014-10-16,sh.600068,4.7700,5.0000,4.7300,4.8400,4.8100,83068175,406264400.0000,3,2.381911,1,0.623700,11.159233,1.212918,0.335889,12.227256,0
2014-10-17,sh.600068,4.8100,4.8600,4.7000,4.7500,4.8400,49891798,237219361.0000,3,1.430606,1,-1.859500,10.951727,1.190364,0.329643,11.999890,0
2014-10-20,sh.600068,4.7800,4.8000,4.7200,4.7700,4.7500,27685691,131654751.0000,3,0.793864,1,0.421100,10.997839,1.195376,0.331031,12.050416,0
2014-10-21,sh.600068,4.7700,4.7800,4.6600,4.6700,4.7700,33695243,159149292.0000,3,0.966183,1,-2.096400,10.767277,1.170316,0.324091,11.797786,0
2014-10-22,sh.600068,4.6200,4.6700,4.5000,4.5100,4.6700,49061926,225119395.0000,3,1.406810,1,-3.426100,10.398377,1.130219,0.312987,11.393580,0
2014-10-23,sh.600068,4.4800,4.5000,4.3900,4.4300,4.5100,43791393,194416909.0000,3,1.255682,1,-1.773800,10.213926,1.110171,0.307435,11.191476,0
2014-10-24,sh.600068,4.4400,4.5400,4.4300,4.4800,4.4300,27172778,121894068.0000,3,0.779157,1,1.128700,10.329208,1.122701,0.310905,11.317791,0
2014-10-27,sh.600068,4.4500,4.4800,4.4100,4.4600,4.4800,19748683,87903574.0000,3,0.566277,1,-0.446400,10.283095,1.117689,0.309517,11.267265,0
2014-10-28,sh.600068,4.4500,4.5800,4.4500,4.5800,4.4600,32211764,146217443.0000,3,0.923646,1,2.690600,10.559770,1.147761,0.317845,11.570420,0
2014-10-29,sh.600068,4.6000,4.6600,4.5500,4.6400,4.5800,48521396,223972459.0000,3,1.391311,1,1.310000,10.698108,1.162798,0.322009,11.721998,0
2014-10-30,sh.600068,4.6800,4.8200,4.6600,4.7500,4.6400,80302371,380912272.0000,3,2.302604,1,2.370700,10.671895,1.141782,0.326915,40.499029,0
2014-10-31,sh.600068,4.7500,4.8500,4.7300,4.7600,4.7500,60877842,290612080.0000,3,1.745622,1,0.210500,10.694363,1.144185,0.327603,40.584290,0
2014-11-03,sh.600068,4.7800,4.9300,4.7700,4.8800,4.7600,96461778,467329792.0000,3,2.765962,1,2.521000,10.963968,1.173030,0.335862,41.607423,0
2014-11-04,sh.600068,4.9300,5.3700,4.8800,5.3500,4.8800,297001024,1555569344.0000,3,8.516259,1,9.631100,12.019924,1.286007,0.368209,45.614695,0
2014-11-05,sh.600068,5.3800,5.4000,5.1000,5.1700,5.3500,170221270,886020640.0000,3,4.880954,1,-3.364500,11.615516,1.242739,0.355821,44.079995,0
2014-11-06,sh.600068,5.1200,5.2300,5.0300,5.1700,5.1700,103947882,533353680.0000,3,2.980619,1,0.000000,11.615516,1.242739,0.355821,44.079995,0
2014-11-07,sh.600068,5.2000,5.2800,5.0200,5.0700,5.1700,115093287,596718272.0000,3,3.300205,1,-1.934200,11.390844,1.218702,0.348939,43.227384,0
2014-11-10,sh.600068,5.1000,5.2500,5.0300,5.2300,5.0700,100917886,524064288.0000,3,2.893737,1,3.155800,11.750319,1.257162,0.359951,44.591562,0
2014-11-11,sh.600068,5.2800,5.3100,5.0400,5.0900,5.2300,105216309,544360688.0000,3,3.016991,1,-2.676900,11.435779,1.223509,0.350315,43.397906,0
2014-11-12,sh.600068,5.0700,5.1600,5.0500,5.1500,5.0900,45501001,232238249.0000,3,1.304704,1,1.178800,11.570581,1.237932,0.354445,43.909473,0
2014-11-13,sh.600068,5.1500,5.1500,5.0200,5.0500,5.1500,55362743,280532864.0000,3,1.587481,1,-1.941700,11.345910,1.213894,0.347562,43.056862,0
2014-11-14,sh.600068,5.0400,5.1200,5.0200,5.0700,5.0500,41634464,210901355.0000,3,1.193834,1,0.396000,11.390844,1.218702,0.348939,43.227384,0
2014-11-17,sh.600068,5.0900,5.1400,5.0400,5.0500,5.0700,34207524,173687451.0000,3,0.980872,1,-0.394500,11.345910,1.213894,0.347562,43.056862,0
2014-11-18,sh.600068,5.0400,5.0600,4.9300,4.9700,5.0500,38831334,193708894.0000,3,1.113456,1,-1.584200,11.166173,1.194664,0.342056,42.374773,0
2014-11-19,sh.600068,4.9700,5.1300,4.9500,5.0400,4.9700,49865537,252769757.0000,3,1.429853,1,1.408500,11.323443,1.211490,0.346874,42.971601,0
2014-11-20,sh.600068,5.0100,5.1200,4.9700,5.0500,5.0400,34100311,172192410.0000,3,0.977798,1,0.198400,11.345910,1.213894,0.347562,43.056862,0
2014-11-21,sh.600068,5.0500,5.2700,5.0100,5.2600,5.0500,110489403,572464528.0000,3,3.168192,1,4.158400,11.817720,1.264373,0.362015,44.847345,0
2014-11-24,sh.600068,5.3400,5.5600,5.2300,5.4200,5.2600,153649308,829165600.0000,3,4.405767,1,3.041800,12.177194,1.302833,0.373027,46.211523,0
2014-11-25,sh.600068,5.4200,5.5600,5.3600,5.4600,5.4200,89602897,489216544.0000,3,2.569289,1,0.738000,12.267063,1.312448,0.375780,46.552568,0
2014-11-26,sh.600068,5.6000,6.0000,5.6000,5.8000,5.4600,178309433,1032471584.0000,3,5.112875,1,6.227100,13.030946,1.394175,0.399180,49.451446,0
2014-11-27,sh.600068,5.8800,5.8800,5.6400,5.7100,5.8000,113964693,651509744.0000,3,3.267843,1,-1.551700,12.828742,1.372542,0.392986,48.684095,0
2014-11-28,sh.600068,5.7800,6.1100,5.7800,5.8500,5.7100,159650323,944002960.0000,3,4.577841,1,2.451800,13.143282,1.406194,0.402622,49.877751,0
2014-12-01,sh.600068,5.8500,6.0000,5.7800,5.8600,5.8500,105122462,617608544.0000,3,3.014300,1,0.170900,13.165749,1.408598,0.403310,49.963012,0
2014-12-02,sh.600068,5.8300,6.0000,5.7900,5.9800,5.8600,110824915,657511920.0000,3,3.177813,1,2.047800,13.435355,1.437443,0.411569,50.986146,0
2014-12-03,sh.600068,6.0000,6.1000,5.8300,5.9500,5.9800,133799935,799843584.0000,3,3.836602,1,-0.501700,13.367953,1.430232,0.409504,50.730362,0
2014-12-04,sh.600068,5.9500,6.0500,5.8400,6.0200,5.9500,126805270,754396640.0000,3,3.636036,1,1.176500,13.525223,1.447058,0.414322,51.327190,0
2014-12-05,sh.600068,6.0500,6.0900,5.6700,5.8200,6.0200,133180322,783827632.0000,3,3.818836,1,-3.322300,13.075880,1.398983,0.400557,49.621968,0
2014-12-08,sh.600068,5.8200,6.3500,5.8200,6.2600,5.8200,198256060,1210087680.0000,3,5.684828,1,7.560100,14.064435,1.504748,0.430839,53.373457,0
2014-12-09,sh.600068,6.2200,6.8500,5.8800,6.0100,6.2600,274213232,1769711376.0000,3,7.862837,1,-3.993600,13.502756,1.444654,0.413633,51.241929,0
2014-12-10,sh.600068,5.9900,6.4000,5.9900,6.3800,6.0100,143537024,897022448.0000,3,4.115805,1,6.156400,14.334041,1.533593,0.439098,54.396590,0
2014-12-11,sh.600068,6.4100,6.8000,6.3900,6.6100,6.3800,164155977,1084021920.0000,3,4.707037,1,3.605000,14.850785,1.588879,0.454928,56.357596,0
2014-12-12,sh.600068,6.6100,7.2000,6.5300,7.0800,6.6100,188653421,1283727808.0000,3,5.409481,1,7.110400,15.906741,1.701856,0.487275,60.364868,0
2014-12-15,sh.600068,7.0900,7.7900,6.9300,7.7900,7.0800,268549648,2021684208.0000,3,7.700439,1,10.028200,17.501909,1.872522,0.536140,66.418407,0
2014-12-16,sh.600068,8.1500,8.5000,7.9000,8.4900,7.7900,289125296,2368635136.0000,3,8.290429,1,8.985900,19.074609,2.040784,0.584317,72.386685,0
2014-12-17,sh.600068,8.3500,8.8000,8.1100,8.2900,8.4900,228531238,1920871456.0000,3,6.552944,1,-2.355700,18.625266,1.992709,0.570553,70.681463,0
2014-12-18,sh.600068,8.2700,8.8400,8.0300,8.6100,8.2900,221243503,1870206928.0000,3,6.343974,1,3.860100,19.344215,2.069629,0.592576,73.409818,0
2014-12-19,sh.600068,8.4600,9.4700,8.3500,9.4700,8.6100,276569824,2487232832.0000,3,7.930411,1,9.988400,21.276389,2.276352,0.651765,80.742274,0
2014-12-22,sh.600068,9.8600,10.2000,8.8000,8.8700,9.4700,312917408,2974016832.0000,3,8.972648,1,-6.335800,19.928361,2.132127,0.610471,75.626607,0
2014-12-23,sh.600068,8.9000,9.1300,7.9800,8.2900,8.8700,199345648,1685210816.0000,3,5.716071,1,-6.538900,18.625266,1.992709,0.570553,70.681463,0
2014-12-24,sh.600068,8.5000,8.9800,8.3600,8.5400,8.2900,205055876,1771236592.0000,3,5.879808,1,3.015700,19.186945,2.052803,0.587759,72.812990,0
2014-12-25,sh.600068,8.5000,9.3900,8.3800,9.3900,8.5400,329623120,3021474704.0000,3,9.451670,1,9.953200,21.096652,2.257122,0.646259,80.060185,0
2014-12-26,sh.600068,9.6000,9.9900,9.0100,9.6900,9.3900,392229776,3736040368.0000,3,11.246864,1,3.194900,21.770667,2.329234,0.666906,82.618018,0
2014-12-29,sh.600068,9.4000,10.1700,9.2500,9.8100,9.6900,297656624,2901231872.0000,3,8.535057,1,1.238400,22.040273,2.358079,0.675165,83.641152,0
2014-12-30,sh.600068,9.6000,9.8300,9.2500,9.4500,9.8100,149822311,1425771664.0000,3,4.296031,1,-3.669700,21.231455,2.271544,0.650389,80.571752,0
2014-12-31,sh.600068,9.4600,9.5400,9.1000,9.3300,9.4500,140980909,1310480512.0000,3,4.042511,1,-1.269800,20.961849,2.242699,0.642130,79.548618,0
2015-01-05,sh.600068,9.2300,9.3000,8.7100,9.1300,9.3300,208740748,1878062624.0000,3,5.985468,1,-2.143600,20.512506,2.194624,0.628365,77.843396,0
2015-01-06,sh.600068,8.9800,9.0700,8.6800,8.9700,9.1300,155935183,1383693904.0000,3,4.471312,1,-1.752500,20.153032,2.156164,0.617353,76.479218,0
2015-01-07,sh.600068,8.9100,9.2600,8.8800,9.2000,8.9700,159554764,1460626400.0000,3,4.575101,1,2.564100,20.669776,2.211451,0.633183,78.440224,0
2015-01-08,sh.600068,9.1900,9.1900,8.7700,8.8900,9.2000,106992253,952035424.0000,3,3.067914,1,-3.369600,19.973295,2.136934,0.611847,75.797129,0
2015-01-09,sh.600068,8.8900,9.3600,8.7600,8.9600,8.8900,151076220,1371540768.0000,3,4.331986,1,0.787400,20.130565,2.153761,0.616665,76.393957,0
2015-01-12,sh.600068,8.8000,8.8000,8.3000,8.4100,8.9600,119773419,1024173936.0000,3,3.434404,1,-6.138400,18.894872,2.021554,0.578811,71.704596,0
2015-01-13,sh.600068,8.3600,8.5900,8.2400,8.3000,8.4100,68228937,570678800.0000,3,1.956408,1,-1.308000,18.647733,1.995113,0.571241,70.766724,0
2015-01-14,sh.600068,8.3800,8.4800,8.2200,8.2900,8.3000,57668570,480027040.0000,3,1.653599,1,-0.120500,18.625266,1.992709,0.570553,70.681463,0
2015-01-15,sh.600068,8.3700,8.6600,8.3500,8.6500,8.2900,83653150,712397376.0000,3,2.398685,1,4.342600,19.434083,2.079244,0.595329,73.750863,0
2015-01-16,sh.600068,8.6400,8.8500,8.5200,8.6200,8.6500,78155369,675804800.0000,3,2.241041,1,-0.346800,19.366682,2.072033,0.593265,73.495079,0
2015-01-19,sh.600068,8.2200,8.3600,7.7600,7.7600,8.6200,134769830,1080823440.0000,3,3.864413,1,-9.976800,17.434507,1.865311,0.534076,66.162624,0
2015-01-20,sh.600068,7.9100,8.1000,7.8100,7.9600,7.7600,79998935,637316528.0000,3,2.293903,1,2.577300,17.883850,1.913386,0.547841,67.867846,0
2015-01-21,sh.600068,7.9800,8.5800,7.9600,8.5100,7.9600,108386077,893076496.0000,3,3.107881,1,6.909600,19.119543,2.045592,0.585694,72.557207,0
2015-01-22,sh.600068,8.5100,8.5700,8.3100,8.4500,8.5100,80220238,676102304.0000,3,2.300249,1,-0.705100,18.984740,2.031169,0.581564,72.045640,0
2015-01-23,sh.600068,8.4000,8.5900,8.3300,8.4300,8.4500,84209378,713161536.0000,3,2.414634,1,-0.236700,18.939806,2.026362,0.580188,71.875118,0
2015-01-26,sh.600068,8.3800,8.5400,8.2300,8.5200,8.4300,78294320,655724576.0000,3,2.245025,1,1.067600,19.142010,2.047996,0.586382,72.642468,0
2015-01-27,sh.600068,8.5900,8.9200,8.3600,8.9000,8.5200,164627756,1427424688.0000,3,4.720565,1,4.460100,19.995762,2.139338,0.612535,75.882391,0
2015-01-28,sh.600068,8.8800,9.2000,8.7700,8.9200,8.9000,171133544,1545603456.0000,3,4.907113,1,0.224700,20.040696,2.144146,0.613912,76.052913,0
2015-01-29,sh.600068,8.8000,9.1800,8.7500,9.1200,8.9200,107148831,965646864.0000,3,3.072404,1,2.242200,20.490039,2.192221,0.627677,77.758135,0
2015-01-30,sh.600068,9.1100,9.2000,8.6100,8.6600,9.1200,99558719,879861328.0000,3,2.854764,1,-5.043900,19.456550,2.081648,0.596017,73.836124,0
2015-02-02,sh.600068,8.4800,8.4800,8.0800,8.1700,8.6600,76727956,636761632.0000,3,2.200111,1,-5.658200,18.355660,1.963864,0.562294,69.658329,0
2015-02-03,sh.600068,8.1500,8.5200,8.1300,8.4400,8.1700,63741756,529135728.0000,3,1.827742,1,3.304800,18.962273,2.028766,0.580876,71.960379,0
2015-02-04,sh.600068,8.5500,8.6500,8.3300,8.5800,8.4400,79165722,672200112.0000,3,2.270012,1,1.658800,19.276813,2.062418,0.590512,73.154035,0
2015-02-05,sh.600068,8.9700,8.9700,8.3500,8.3600,8.5800,83745219,725246672.0000,3,2.401325,1,-2.564100,18.782536,2.009536,0.575370,71.278290,0
2015-02-06,sh.600068,8.2400,8.4500,8.1200,8.2200,8.3600,50770490,419559056.0000,3,1.455802,1,-1.674600,18.467996,1.975883,0.565735,70.084635,0
2015-02-09,sh.600068,8.2300,8.3700,8.2000,8.3100,8.2200,29623281,245365879.0000,3,0.849423,1,1.094900,18.670200,1.997517,0.571929,70.851985,0
2015-02-10,sh.600068,8.3100,8.5200,8.2400,8.5100,8.3100,55391106,465756816.0000,3,1.588294,1,2.406700,19.119543,2.045592,0.585694,72.557207,0
2015-02-11,sh.600068,8.5300,8.5800,8.3500,8.4000,8.5100,43058867,363233920.0000,3,1.234677,1,-1.292600,18.872405,2.019151,0.578123,71.619335,0
2015-02-12,sh.600068,8.4100,8.4400,8.2800,8.3400,8.4000,37147725,310427232.0000,3,1.065180,1,-0.714300,18.737602,2.004728,0.573994,71.107768,0
2015-02-13,sh.600068,8.4000,8.6800,8.3500,8.6400,8.3400,64690826,549678800.0000,3,1.854956,1,3.597100,19.411616,2.076841,0.594641,73.665602,0
2015-02-16,sh.600068,8.6500,8.6700,8.5100,8.5800,8.6400,46111209,396267120.0000,3,1.322201,1,-0.694400,19.276813,2.062418,0.590512,73.154035,0
2015-02-17,sh.600068,8.6000,9.0800,8.5800,9.0200,8.5800,118844544,1056314192.0000,3,3.407769,1,5.128200,20.265368,2.168183,0.620794,76.905524,0
2015-02-25,sh.600068,9.1200,9.2000,8.8600,8.9200,9.0200,85497284,772456560.0000,3,2.451564,1,-1.108700,20.040696,2.144146,0.613912,76.052913,0
2015-02-26,sh.600068,9.0300,9.8100,8.9500,9.8100,8.9200,280226064,2654290320.0000,3,8.035250,1,9.977600,22.040273,2.358079,0.675165,83.641152,0
2015-02-27,sh.600068,10.0000,10.0700,9.6100,9.6900,9.8100,214146250,2098301696.0000,3,6.140466,1,-1.223300,21.770667,2.329234,0.666906,82.618018,0
2015-03-02,sh.600068,9.7800,10.0000,9.6100,9.7900,9.6900,141421706,1384454176.0000,3,4.055150,1,1.032000,21.995338,2.353272,0.673789,83.470630,0
2015-03-03,sh.600068,9.7000,9.7100,9.3100,9.4500,9.7900,185849708,1757004400.0000,3,5.329087,1,-3.472900,21.231455,2.271544,0.650389,80.571752,0
2015-03-04,sh.600068,9.3500,9.4300,9.2100,9.3200,9.4500,96602218,899198848.0000,3,2.769989,1,-1.375700,20.939382,2.240296,0.641441,79.463357,0
2015-03-05,sh.600068,9.3600,9.4600,9.1100,9.2400,9.3200,107429342,996587536.0000,3,3.080447,1,-0.858400,20.759645,2.221066,0.635936,78.781268,0
2015-03-06,sh.600068,9.2500,9.3300,9.0500,9.0800,9.2400,73970259,677686464.0000,3,2.121036,1,-1.731600,20.400171,2.182606,0.624924,77.417091,0
2015-03-09,sh.600068,9.0100,9.2700,8.8800,9.2600,9.0800,66476601,602928224.0000,3,1.906162,1,1.982400,20.804579,2.225873,0.637312,78.951791,0
2015-03-10,sh.600068,9.2000,9.2500,9.1200,9.1600,9.2600,48510032,444853856.0000,3,1.390985,1,-1.079900,20.579908,2.201836,0.630430,78.099179,0
2015-03-11,sh.600068,9.1500,9.2400,9.0100,9.0800,9.1600,59538069,543468096.0000,3,1.707205,1,-0.873400,20.400171,2.182606,0.624924,77.417091,0
2015-03-12,sh.600068,9.1400,9.4300,9.0000,9.4000,9.0800,92132364,846668896.0000,3,2.641819,1,3.524200,21.119119,2.259526,0.646947,80.145446,0
2015-03-13,sh.600068,9.4000,9.4000,9.2300,9.3000,9.4000,92145701,857171408.0000,3,2.642202,1,-1.063800,20.894448,2.235488,0.640065,79.292835,0
2015-03-16,sh.600068,9.3500,9.3900,9.2000,9.3700,9.3000,125489644,1169108704.0000,3,3.598312,1,0.752700,21.051718,2.252314,0.644883,79.889663,0
2015-03-17,sh.600068,9.4000,9.7500,9.4000,9.5700,9.3700,174349560,1663289248.0000,3,4.999329,1,2.134500,21.501061,2.300389,0.658648,81.594885,0
2015-03-18,sh.600068,9.5300,9.6900,9.4500,9.6600,9.5700,149863646,1436492832.0000,3,4.297216,1,0.940400,21.703265,2.322023,0.664842,82.362235,0
2015-03-19,sh.600068,9.6500,10.4500,9.5200,10.1200,9.6600,292323504,2941253184.0000,3,8.382135,1,4.761900,22.736754,2.432596,0.696501,86.284246,0
2015-03-20,sh.600068,10.1300,10.2000,9.8800,9.9500,10.1200,163948053,1637888800.0000,3,4.701075,1,-1.679800,22.354813,2.391732,0.684801,84.834807,0
2015-03-23,sh.600068,10.0100,10.2000,9.9600,10.1000,9.9500,170585764,1718435584.0000,3,4.891406,1,1.507500,22.691820,2.427788,0.695124,86.113724,0
2015-03-24,sh.600068,10.1500,10.2100,9.5500,9.8500,10.1000,177619941,1754979872.0000,3,5.093105,1,-2.475200,22.130141,2.367694,0.677918,83.982196,0
2015-03-25,sh.600068,9.8000,10.0900,9.6000,10.0500,9.8500,149612282,1469876816.0000,3,4.290008,1,2.030500,22.579484,2.415770,0.691683,85.687419,0
2015-03-26,sh.600068,10.0000,10.0200,9.6900,9.7300,10.0500,378669808,3684110144.0000,3,9.127705,1,-3.184100,21.860535,2.338849,0.669659,82.959063,0
2015-03-27,sh.600068,9.6800,10.0400,9.6100,9.8200,9.7300,222901486,2195642000.0000,3,5.372963,1,0.925000,22.062740,2.360483,0.675854,83.726413,0
2015-03-30,sh.600068,9.9000,10.8000,9.8300,10.6900,9.8200,421803776,4393588480.0000,3,10.167434,1,8.859500,24.017382,2.569610,0.735731,91.144130,0
2015-03-31,sh.600068,10.8000,10.8000,10.2300,10.2700,10.6900,338054144,3536777168.0000,3,8.148678,1,-3.928900,20.678280,2.280218,0.660440,21.264082,0
2015-04-01,sh.600068,10.4000,10.5500,10.3000,10.3900,10.2700,236180482,2460372240.0000,3,5.693049,1,1.168500,20.919896,2.306861,0.668157,21.512542,0
2015-04-02,sh.600068,10.4100,10.4700,10.1800,10.3900,10.3900,206302972,2125753984.0000,3,4.972862,1,0.000000,20.919896,2.306861,0.668157,21.512542,0
2015-04-03,sh.600068,10.2600,10.4100,10.2000,10.3400,10.3900,138695201,1430887088.0000,3,3.343200,1,-0.481200,20.819223,2.295759,0.664942,21.409017,0
2015-04-07,sh.600068,10.3900,10.4900,10.3200,10.4200,10.3400,241149059,2503034208.0000,3,5.812815,1,0.773700,20.980300,2.313522,0.670086,21.574657,0
2015-04-08,sh.600068,10.5800,10.8200,10.4100,10.6000,10.4200,329127952,3499385024.0000,3,7.933516,1,1.727500,21.342724,2.353486,0.681662,21.947348,0
2015-04-09,sh.600068,10.5800,10.5900,10.0500,10.1700,10.6000,207127226,2120230272.0000,3,4.992730,1,-4.056600,20.476934,2.258015,0.654009,21.057031,0
2015-04-10,sh.600068,10.2000,10.3100,10.1100,10.2800,10.1700,141322117,1447870336.0000,3,3.406521,1,1.081600,20.698415,2.282438,0.661083,21.284787,0
2015-04-13,sh.600068,10.3200,10.4900,10.2100,10.4600,10.2800,259081473,2673458240.0000,3,6.245070,1,1.751000,21.060839,2.322403,0.672658,21.657478,0
2015-04-14,sh.600068,10.4700,10.9600,10.3200,10.8900,10.4600,401815616,4306142976.0000,3,9.685627,1,4.110900,21.926628,2.417874,0.700311,22.547794,0
2015-04-15,sh.600068,10.8000,11.9800,10.5900,11.6500,10.8900,507228464,5752060672.0000,3,12.226567,1,6.978900,23.456861,2.586615,0.749185,24.121378,0
2015-04-16,sh.600068,11.6500,11.9900,11.0000,11.5300,11.6500,459604896,5332861952.0000,3,11.078617,1,-1.030000,23.215246,2.559972,0.741468,23.872917,0
2015-04-17,sh.600068,11.6900,12.5200,11.5800,12.2400,11.5300,505966160,6156873216.0000,3,12.196140,1,6.157800,24.644805,2.717611,0.787126,25.342976,0
2015-04-20,sh.600068,12.5000,13.4600,12.5000,13.4600,12.2400,652308992,8594291456.0000,3,15.723683,1,9.967300,27.101232,2.988484,0.865582,27.868991,0
2015-04-21,sh.600068,13.6600,13.9700,12.7600,13.4100,13.4600,541888720,7217636096.0000,3,13.062041,1,-0.371500,27.000559,2.977382,0.862366,27.765466,0
2015-04-22,sh.600068,13.4500,14.4000,13.1500,13.7000,13.4100,437204528,6031890432.0000,3,10.538664,1,2.162600,27.584463,3.041770,0.881015,28.365912,0
2015-04-23,sh.600068,13.7100,13.8900,13.3300,13.5100,13.7000,302086112,4088544288.0000,3,7.281681,1,-1.386900,27.201905,2.999585,0.868797,27.972516,0
2015-04-24,sh.600068,13.8300,14.5500,13.5900,13.8900,13.5100,397921232,5573429504.0000,3,9.591754,1,2.812700,27.967022,3.083955,0.893234,28.759308,0
2015-04-27,sh.600068,14.0900,14.3900,13.6900,14.1900,13.8900,399167552,5597734144.0000,3,9.621796,1,2.159800,28.571061,3.150563,0.912526,29.380459,0
2015-04-28,sh.600068,13.9000,14.1500,13.2500,13.3800,14.1900,317431536,4357596672.0000,3,7.651578,1,-5.708200,26.940155,2.970722,0.860437,27.703351,0
2015-04-29,sh.600068,13.4000,13.5100,12.8300,13.1800,13.3800,209193241,2745860720.0000,3,5.042531,1,-1.494800,26.537462,2.926316,0.847575,27.289250,0
2015-04-30,sh.600068,13.1800,14.5000,13.1800,13.8800,13.1800,400272048,5631085568.0000,3,9.648420,1,5.311100,27.885958,3.008047,0.874582,-34.523719,0
2015-05-04,sh.600068,13.8600,14.9700,13.5800,14.6900,13.8800,418714896,5996837120.0000,3,10.092978,1,5.835700,29.513308,3.183589,0.925620,-36.538432,0
2015-05-05,sh.600068,14.6900,14.6900,13.2200,13.2200,14.6900,351666112,4854757376.0000,3,8.476790,1,-10.006800,26.559968,2.865013,0.832995,-32.882101,0
2015-05-06,sh.600068,13.1700,13.4600,12.4300,12.6600,13.2200,248299166,3213384320.0000,3,5.985166,1,-4.236000,25.434887,2.743651,0.797709,-31.489214,0
2015-05-07,sh.600068,12.4700,12.4700,11.3900,11.4000,12.6600,240638426,2846728416.0000,3,5.800506,1,-9.952600,22.903452,2.470586,0.718316,-28.355216,0
2015-05-08,sh.600068,11.5000,11.8500,11.1000,11.7800,11.4000,220115297,2538136896.0000,3,5.305803,1,3.333300,23.666901,2.552939,0.742260,-29.300390,0
2015-05-11,sh.600068,11.9800,12.1700,11.5800,12.1200,11.7800,222910664,2668262448.0000,3,5.373185,1,2.886200,24.349986,2.626623,0.763684,-30.146072,0
2015-05-12,sh.600068,12.1300,12.5100,11.9300,12.4800,12.1200,218900016,2692517040.0000,3,5.276509,1,2.970300,25.073253,2.704642,0.786367,-31.041500,0
2015-05-13,sh.600068,12.4400,12.6700,11.9800,12.1800,12.4800,225805422,2779396640.0000,3,5.442962,1,-2.403800,24.470531,2.639626,0.767464,-30.295310,0
2015-05-14,sh.600068,12.2200,12.3500,11.8200,11.9700,12.1800,160193039,1918589888.0000,3,3.861398,1,-1.724100,24.048625,2.594115,0.754232,-29.772977,0
2015-05-15,sh.600068,12.0000,12.0700,11.7100,11.8300,11.9700,124864752,1480838080.0000,3,3.009822,1,-1.169600,23.767354,2.563775,0.745411,-29.424755,0
2015-05-18,sh.600068,11.8200,12.0500,11.5800,11.8500,11.8300,134800554,1593875264.0000,3,3.249321,1,0.169100,23.807536,2.568109,0.746671,-29.474501,0
2015-05-19,sh.600068,11.8800,12.6500,11.8700,12.4900,11.8500,219174807,2707347952.0000,3,5.283133,1,5.400800,25.093344,2.706809,0.786998,-31.066373,0
2015-05-20,sh.600068,12.6300,12.6300,12.2000,12.3400,12.4900,230987381,2869156256.0000,3,5.567871,1,-1.201000,24.791983,2.674301,0.777546,-30.693278,0
2015-05-21,sh.600068,12.2700,12.5400,12.1500,12.5000,12.3400,176666952,2181621600.0000,3,4.258496,1,1.296600,25.113435,2.708976,0.787628,-31.091246,0
2015-05-22,sh.600068,12.9000,13.2000,12.7500,12.9400,12.5000,269676960,3492703904.0000,3,6.500470,1,3.520000,25.997427,2.804332,0.815352,-32.185657,0
2015-05-25,sh.600068,12.9700,14.1000,12.9700,13.9800,12.9400,322346144,4356805376.0000,3,7.770043,1,8.037100,28.086865,3.029719,0.880883,-34.772449,0
2015-05-26,sh.600068,14.3000,14.5000,13.7800,14.1300,13.9800,352195136,4992275712.0000,3,8.489542,1,1.073000,28.388226,3.062227,0.890334,-35.145544,0
2015-05-27,sh.600068,14.1600,14.2500,13.5000,13.6800,14.1300,275190832,3779514176.0000,3,6.633380,1,-3.184700,27.484143,2.964703,0.861980,-34.026259,0
2015-05-28,sh.600068,13.6800,13.9300,12.3900,12.4100,13.6800,302404752,4034014240.0000,3,7.289362,1,-9.283600,24.932618,2.689471,0.781957,-30.867389,0
2015-05-29,sh.600068,12.4500,12.8900,11.7000,12.6100,12.4100,230601388,2887176976.0000,3,5.558567,1,1.611600,25.334433,2.732815,0.794559,-31.364849,0
2015-06-01,sh.600068,12.6600,13.2400,12.6600,13.2300,12.6100,191605853,2490478720.0000,3,4.618593,1,4.916700,26.580059,2.867180,0.833625,-32.906974,0
2015-06-02,sh.600068,13.2600,13.7600,13.0400,13.5700,13.2300,229796339,3079788304.0000,3,5.539161,1,2.569900,27.263145,2.940864,0.855049,-33.752656,0
2015-06-03,sh.600068,13.6600,13.7100,13.1000,13.3000,13.5700,207931296,2786913824.0000,3,5.012112,1,-1.989700,26.720694,2.882351,0.838036,-33.081085,0
2015-06-04,sh.600068,13.2500,13.2600,12.1000,13.1000,13.3000,180387216,2315168096.0000,3,4.348172,1,-1.503800,26.318879,2.839007,0.825434,-32.583625,0
2015-06-05,sh.600068,13.2500,13.5700,13.1000,13.5300,13.1000,260223600,3477470896.0000,3,6.272600,1,3.282400,27.182782,2.932196,0.852528,-33.653164,0
2015-06-08,sh.600068,13.7000,14.7500,13.5200,14.4300,13.5300,479161472,6802916352.0000,3,11.550022,1,6.651900,28.990949,3.127242,0.909237,-35.891734,0
2015-06-09,sh.600068,14.3300,14.3500,13.6600,13.8600,14.4300,304985984,4238866128.0000,3,7.351582,1,-3.950100,27.845776,3.003713,0.873322,-34.473973,0
2015-06-10,sh.600068,14.5100,14.8600,14.0900,14.1300,13.8600,416724448,6003695872.0000,3,10.044999,1,1.948100,28.388226,3.062227,0.890334,-35.145544,0
2015-06-11,sh.600068,14.0700,14.0700,13.6000,13.9000,14.1300,219259087,3026332320.0000,3,5.285165,1,-1.627700,27.926139,3.012381,0.875842,-34.573465,0
2015-06-12,sh.600068,13.9200,14.2000,13.7600,14.0600,13.9000,240630570,3366334560.0000,3,5.800317,1,1.151100,28.247591,3.047056,0.885924,-34.971433,0
2015-06-15,sh.600068,14.0600,14.0600,13.5000,13.5300,14.0600,213947229,2941671344.0000,3,5.157124,1,-3.769600,27.182782,2.932196,0.852528,-33.653164,0
2015-06-16,sh.600068,13.4500,13.4500,12.6100,12.8200,13.5300,174906046,2284194048.0000,3,4.216050,1,-5.247600,25.756338,2.778326,0.807791,-31.887182,0
2015-06-17,sh.600068,12.7600,13.2400,12.3800,13.1600,12.8200,145340073,1862524064.0000,3,3.503372,1,2.652100,26.439424,2.852010,0.829214,-32.732863,0
2015-06-18,sh.600068,13.1400,13.5400,12.9500,13.1300,13.1600,152016398,2006741040.0000,3,3.664303,1,-0.228000,26.379152,2.845508,0.827324,-32.658244,0
2015-06-19,sh.600068,12.8000,13.0500,11.8300,11.8900,13.1300,127380829,1599057376.0000,3,3.070471,1,-9.444000,23.887899,2.576778,0.749191,-29.573993,0
2015-06-23,sh.600068,11.8800,12.2000,10.8000,12.1900,11.8900,135642015,1587020800.0000,3,3.269604,1,2.523100,24.490621,2.641793,0.768095,-30.320183,0
2015-06-24,sh.600068,12.2200,12.8400,12.2200,12.6900,12.1900,153254743,1926003072.0000,3,3.694153,1,4.101700,25.495159,2.750152,0.799600,-31.563833,0
2015-06-25,sh.600068,12.7300,13.4800,12.6100,13.0900,12.6900,235855310,3065684288.0000,3,5.685211,1,3.152100,26.298789,2.836840,0.824804,-32.558752,0
2015-06-26,sh.600068,12.4000,12.7500,11.6500,11.6500,12.9400,164370613,1999954032.0000,3,3.962097,1,-9.969100,23.405721,2.524766,0.734069,-28.977041,0
2015-06-29,sh.600068,12.2600,12.2600,10.4900,10.8400,11.6500,196748884,2226543584.0000,3,4.742564,1,-6.952800,21.778370,2.349224,0.683031,-26.962328,0
2015-06-30,sh.600068,10.8800,11.7000,9.8000,11.6900,10.8400,206120602,2242777552.0000,3,4.968466,1,7.841300,23.486084,2.533434,0.736589,-29.076533,0
2015-07-01,sh.600068,11.6000,12.0000,10.6100,10.6700,11.6900,172447630,1984898992.0000,3,4.156791,1,-8.725400,21.436828,2.312382,0.672319,-26.539487,0
2015-07-02,sh.600068,10.9800,11.0800,9.8000,9.9700,10.6700,162236749,1690947472.0000,3,3.910661,1,-6.560400,20.030475,2.160679,0.628212,-24.798378,0
2015-07-03,sh.600068,9.8000,10.1100,8.9700,8.9700,9.9700,177218461,1649312960.0000,3,4.271790,1,-10.030100,18.021401,1.943961,0.565202,-22.311078,0
2015-07-06,sh.600068,9.8600,9.8600,8.5000,9.1300,8.9700,203727696,1878375568.0000,3,4.910786,1,1.783700,18.342853,1.978636,0.575283,-22.709046,0
2015-07-07,sh.600068,8.9200,9.0700,8.2200,8.2300,9.1300,256943306,2154856272.0000,3,6.193530,1,-9.857600,16.534685,1.783590,0.518574,-20.470476,0
2015-07-08,sh.600068,7.4100,7.7500,7.4100,7.4100,8.2300,170648926,1271076112.0000,3,4.113433,1,-9.963500,14.887244,1.605881,0.466906,-18.430890,0
2015-07-09,sh.600068,6.8500,8.1500,6.8500,8.1500,7.4100,250941681,1945818528.0000,3,6.048863,1,9.986500,16.373959,1.766252,0.513533,-20.271492,0
2015-07-10,sh.600068,8.3000,8.9700,8.2500,8.9700,8.1500,228237503,2019572608.0000,3,5.501586,1,10.061400,18.021401,1.943961,0.565202,-22.311078,0
2015-07-13,sh.600068,9.1900,9.8700,9.1800,9.8700,8.9700,313247120,2986070016.0000,3,7.550714,1,10.033400,19.829568,2.139007,0.621911,-24.549648,0
2015-07-14,sh.600068,9.5900,10.1700,9.1900,9.3500,9.8700,287342688,2776632144.0000,3,6.926296,1,-5.268500,18.784849,2.026314,0.589146,-23.256252,0
2015-07-15,sh.600068,9.1800,9.2800,8.4200,8.4200,9.3500,177816160,1554361968.0000,3,4.286197,1,-9.946500,16.916410,1.824766,0.530546,-20.943063,0
2015-07-16,sh.600068,8.4200,8.8700,7.8200,8.6200,8.4200,141317980,1205771808.0000,3,3.406421,1,2.375300,17.318224,1.868110,0.543148,-21.440523,0
2015-07-17,sh.600068,8.6600,9.3900,8.6300,9.1900,8.6200,141216105,1273658336.0000,3,3.403965,1,6.612500,18.463397,1.991639,0.579064,-22.858284,0
2015-07-20,sh.600068,9.1900,9.5700,8.9500,9.4000,9.1900,202834608,1882808032.0000,3,4.889258,1,2.285100,18.885303,2.037150,0.592296,-23.380617,0
2015-07-21,sh.600068,9.3100,9.6300,9.1700,9.3900,9.4000,158901560,1499524448.0000,3,3.830267,1,-0.106400,18.865212,2.034983,0.591666,-23.355744,0
2015-07-22,sh.600068,9.3200,9.4900,9.0800,9.3400,9.3900,135090429,1257051936.0000,3,3.256308,1,-0.532500,18.764758,2.024147,0.588515,-23.231379,0
2015-07-23,sh.600068,9.3700,9.8900,9.3500,9.8000,9.3400,210496429,2036946864.0000,3,5.073944,1,4.925100,19.688933,2.123837,0.617500,-24.375537,0
2015-07-24,sh.600068,9.8500,10.4700,9.7500,9.9700,9.8000,302751600,3081314320.0000,3,7.297723,1,1.734700,20.030475,2.160679,0.628212,-24.798378,0
2015-07-27,sh.600068,9.6000,9.9600,8.9700,8.9700,9.9700,175087518,1663635648.0000,3,4.220424,1,-10.030100,18.021401,1.943961,0.565202,-22.311078,0
2015-07-28,sh.600068,8.5500,9.2000,8.1000,9.0800,8.9700,178311354,1547014960.0000,3,4.298134,1,1.226300,18.242399,1.967800,0.572133,-22.584681,0
2015-07-29,sh.600068,9.1200,9.6500,9.0000,9.6100,9.0800,133587535,1232090208.0000,3,3.220081,1,5.837000,19.307208,2.082661,0.605528,-23.902950,0
2015-07-30,sh.600068,9.5500,9.7700,9.0000,9.0900,9.6100,117409291,1118071664.0000,3,2.830110,1,-5.411000,18.262490,1.969967,0.572763,-22.609554,0
2015-07-31,sh.600068,8.9000,9.3400,8.9000,9.1800,9.0900,91854036,839956960.0000,3,2.214110,1,0.990100,18.443306,1.989472,0.578434,-22.833411,0
2015-08-03,sh.600068,9.0500,9.5000,8.9900,9.4900,9.1800,137568656,1265061216.0000,3,3.316045,1,3.376900,19.066120,2.056655,0.597967,-23.604474,0
2015-08-04,sh.600068,9.4100,9.9200,9.4100,9.9100,9.4900,120453277,1171848112.0000,3,2.903485,1,4.425700,19.909931,2.147676,0.624431,-24.649140,0
2015-08-05,sh.600068,9.9400,9.9900,9.5600,9.6100,9.9100,103714360,1015425248.0000,3,2.499999,1,-3.027200,19.307208,2.082661,0.605528,-23.902950,0
2015-08-06,sh.600068,9.3800,9.6000,9.3200,9.3700,9.6100,70881467,669676000.0000,3,1.708573,1,-2.497400,18.825031,2.030648,0.590406,-23.305998,0
2015-08-07,sh.600068,9.4300,9.7900,9.4200,9.6500,9.3700,75002142,723182752.0000,3,1.807901,1,2.988300,19.387571,2.091330,0.608049,-24.002442,0
2015-08-10,sh.600068,9.9900,10.3500,9.9000,10.2100,9.6500,158503652,1608388224.0000,3,3.820676,1,5.803100,20.512653,2.212692,0.643334,-25.395329,0
2015-08-11,sh.600068,10.1600,10.2500,9.9200,10.0200,10.2100,131625678,1327256096.0000,3,3.172792,1,-1.860900,20.130929,2.171515,0.631362,-24.922743,0
2015-08-12,sh.600068,9.9000,10.3000,9.8400,10.2900,10.0200,139346267,1418698032.0000,3,3.358894,1,2.694600,20.673379,2.230029,0.648375,-25.594313,0
2015-08-13,sh.600068,10.2900,10.6200,10.1600,10.6100,10.2900,162119250,1690485392.0000,3,3.907829,1,3.109800,21.316283,2.299379,0.668538,-26.390249,0
2015-08-14,sh.600068,10.6800,10.7700,10.2400,10.3700,10.6100,128929849,1349904320.0000,3,3.107810,1,-2.262000,20.834105,2.247367,0.653416,-25.793297,0
2015-08-17,sh.600068,10.3400,10.5500,10.2400,10.4600,10.3700,92892028,967743792.0000,3,2.239130,1,0.867900,21.014922,2.266871,0.659087,-26.017154,0
2015-08-18,sh.600068,10.4900,10.5900,9.4100,9.4100,10.4600,159971159,1591420416.0000,3,3.856050,1,-10.038200,18.905394,2.039317,0.592926,-23.405490,0
2015-08-19,sh.600068,9.0900,9.6500,8.7800,9.4900,9.4100,117118630,1083235360.0000,3,2.823104,1,0.850200,19.066120,2.056655,0.597967,-23.604474,0
2015-08-20,sh.600068,9.3800,9.3800,8.9100,8.9500,9.4900,87629693,802354208.0000,3,2.112284,1,-5.690200,17.981219,1.939627,0.563941,-22.261332,0
2015-08-21,sh.600068,8.8000,9.0300,8.3000,8.3500,8.9500,116386203,1004386800.0000,3,2.805449,1,-6.703900,16.775774,1.809596,0.526135,-20.768952,0
2015-08-24,sh.600068,8.0000,8.0000,7.5200,7.5200,8.3500,104452439,793682576.0000,3,2.517790,1,-9.940100,15.108242,1.629720,0.473837,-18.704493,0
2015-08-25,sh.600068,6.9000,7.1500,6.7700,6.7700,7.5200,114280031,784190192.0000,3,2.754681,1,-9.973400,13.601436,1.467181,0.426579,-16.839019,0
2015-08-26,sh.600068,6.9800,7.1000,6.4100,6.5600,6.7700,99482222,679186032.0000,3,2.397985,1,-3.101900,13.179530,1.421671,0.413347,-16.316686,0
2015-08-27,sh.600068,6.8800,7.0000,6.5200,6.9900,6.5600,76751502,521803344.0000,3,1.850068,1,6.554900,14.043433,1.514859,0.440441,-17.386225,0
2015-08-28,sh.600068,7.2000,7.6700,7.0500,7.5600,6.9900,107955003,792955312.0000,3,2.602218,1,8.154500,15.188605,1.638389,0.476357,-18.803985,0
2015-08-31,sh.600068,7.5800,7.7000,7.1400,7.6600,7.5600,100566270,744611552.0000,3,2.424115,1,1.322800,14.812317,1.834783,0.505646,16.710751,0
2015-09-01,sh.600068,7.5000,7.6700,7.1500,7.5700,7.6600,120167791,897446416.0000,3,2.896603,1,-1.174900,14.638282,1.813226,0.499705,16.514410,0
2015-09-02,sh.600068,7.2800,7.9600,7.2000,7.6600,7.5700,111806760,855741824.0000,3,2.695063,1,1.188900,14.812317,1.834783,0.505646,16.710751,0
2015-09-07,sh.600068,7.6800,7.9800,7.3500,7.3800,7.6600,84216848,647291136.0000,3,2.030018,1,-3.655300,14.270875,1.767716,0.487163,16.099914,0
2015-09-08,sh.600068,7.3400,7.6000,7.0300,7.5900,7.3800,59024385,432818720.0000,3,1.422762,1,2.845500,14.676957,1.818016,0.501025,16.558041,0
2015-09-09,sh.600068,7.5900,7.8700,7.5700,7.7800,7.5900,71632872,555413472.0000,3,1.726686,1,2.503300,15.044364,1.863527,0.513567,16.972538,0
2015-09-10,sh.600068,7.8400,7.9900,7.6500,7.6900,7.7800,76455735,599379392.0000,3,1.842939,1,-1.156800,14.870329,1.841969,0.507626,16.776197,0
2015-09-11,sh.600068,7.6100,7.7400,7.5100,7.6600,7.6900,43146980,329650784.0000,3,1.040043,1,-0.390100,14.812317,1.834783,0.505646,16.710751,0
2015-09-14,sh.600068,7.8600,7.9100,7.1000,7.6500,7.6600,80875370,610191696.0000,3,1.949473,1,-0.130500,14.792980,1.832388,0.504986,16.688935,0
2015-09-15,sh.600068,7.3800,7.4800,6.9500,6.9900,7.6500,49365046,353450800.0000,3,1.189927,1,-8.627500,13.516723,1.674300,0.461418,15.249105,0
2015-09-16,sh.600068,6.9700,7.6800,6.9700,7.5200,6.9900,55328539,402306304.0000,3,1.333675,1,7.582300,14.541596,1.801249,0.496404,16.405332,0
2015-09-17,sh.600068,7.5300,7.8700,7.3300,7.3600,7.5200,77980722,594918960.0000,3,1.879698,1,-2.127700,14.232200,1.762925,0.485843,16.056283,0
2015-09-18,sh.600068,7.4700,7.5000,7.1500,7.3400,7.3600,46754321,342396624.0000,3,1.126997,1,-0.271700,14.193526,1.758134,0.484522,16.012651,0
2015-09-21,sh.600068,7.2400,7.4600,7.1800,7.4500,7.3400,45674616,336533984.0000,3,1.100971,1,1.498600,14.406235,1.784482,0.491784,16.252623,0
2015-09-22,sh.600068,7.4600,7.5500,7.4100,7.4700,7.4500,48404773,362379264.0000,3,1.166780,1,0.268500,14.444910,1.789273,0.493104,16.296254,0
2015-09-23,sh.600068,7.3300,7.3800,7.1700,7.2000,7.4700,38837786,282000880.0000,3,0.936171,1,-3.614500,13.922805,1.724601,0.475281,15.707233,0
2015-09-24,sh.600068,7.2700,7.2900,7.1700,7.2400,7.2000,26110204,188780422.0000,3,0.629377,1,0.555600,14.000154,1.734182,0.477921,15.794495,0
2015-09-25,sh.600068,7.2300,7.3400,7.0600,7.1600,7.2400,36140775,259767770.0000,3,0.871161,1,-1.105000,13.845456,1.715019,0.472640,15.619971,0
2015-09-28,sh.600068,7.1800,7.2400,7.0600,7.1800,7.1600,18312864,130746512.0000,3,0.441425,1,0.279300,13.884130,1.719810,0.473961,15.663602,0
2015-09-29,sh.600068,7.2400,7.4400,7.1900,7.2300,7.1800,59782084,438338016.0000,3,1.441027,1,0.696400,13.980816,1.731786,0.477261,15.772680,0
2015-09-30,sh.600068,7.1900,7.2800,7.0900,7.1600,7.2300,31891477,228765053.0000,3,0.768733,1,-0.968200,13.845456,1.715019,0.472640,15.619971,0
2015-10-08,sh.600068,7.4000,7.4400,7.3200,7.3600,7.1600,47916252,353726848.0000,3,1.155005,1,2.793300,14.232200,1.762925,0.485843,16.056283,0
2015-10-09,sh.600068,7.3300,7.4800,7.3200,7.4400,7.3600,39393251,291310400.0000,3,0.949561,1,1.087000,14.386898,1.782087,0.491123,16.230807,0
2015-10-12,sh.600068,7.5500,7.8200,7.5200,7.7600,7.4400,88495659,681095696.0000,3,2.133157,1,4.301100,15.005690,1.858736,0.512247,16.928907,0
2015-10-13,sh.600068,7.7000,7.7500,7.6400,7.7500,7.7600,54804638,422184336.0000,3,1.321047,1,-0.128900,14.986352,1.856341,0.511587,16.907091,0
2015-10-14,sh.600068,7.7300,7.7900,7.5200,7.5400,7.7500,56756606,436554096.0000,3,1.368098,1,-2.709700,14.580270,1.806040,0.497725,16.448963,0
2015-10-15,sh.600068,7.5000,7.8000,7.5000,7.7800,7.5400,62503414,480130448.0000,3,1.506623,1,3.183000,15.044364,1.863527,0.513567,16.972538,0
2015-10-16,sh.600068,7.8100,8.0600,7.7800,8.0100,7.7800,110807530,881585344.0000,3,2.670977,1,2.956300,15.489120,1.918618,0.528750,17.474297,0
2015-10-19,sh.600068,8.1200,8.1300,7.8100,7.9100,8.0100,72302065,577466976.0000,3,1.742816,1,-1.248400,15.295748,1.894665,0.522149,17.256141,0
2015-10-20,sh.600068,7.9200,8.3300,7.8100,8.2400,7.9100,79954560,639432944.0000,3,1.927277,1,4.171900,15.933877,1.973709,0.543932,17.976055,0
2015-10-21,sh.600068,8.1800,8.7300,7.7400,7.8000,8.2400,149410659,1235364736.0000,3,3.601492,1,-5.339800,15.083038,1.868317,0.514887,17.016169,0
2015-10-22,sh.600068,7.7500,8.0100,7.7100,7.9500,7.8000,77687168,610840336.0000,3,1.872622,1,1.923100,15.373097,1.904246,0.524789,17.343403,0
2015-10-23,sh.600068,7.9600,8.1200,7.8500,8.0500,7.9500,76734561,610840208.0000,3,1.849660,1,1.257900,15.566469,1.928199,0.531390,17.561559,0
2015-10-26,sh.600068,8.1800,8.2200,7.9200,8.0500,8.0500,83326123,673714496.0000,3,2.008547,1,0.000000,15.566469,1.928199,0.531390,17.561559,0
2015-10-27,sh.600068,7.9900,8.0200,7.6800,7.9300,8.0500,60705306,476700240.0000,3,1.463280,1,-1.490700,15.334422,1.899456,0.523469,17.299772,0
2015-10-28,sh.600068,7.9000,7.9500,7.7000,7.7500,7.9300,46305412,362795680.0000,3,1.116176,1,-2.269900,14.986352,1.856341,0.511587,16.907091,0
2015-10-29,sh.600068,7.8000,7.9100,7.7400,7.8400,7.7500,32369729,253370910.0000,3,0.780261,1,1.161300,15.160387,1.877898,0.517528,17.103431,0
2015-10-30,sh.600068,7.8000,7.9100,7.6800,7.7700,7.8400,43283974,337768208.0000,3,1.043345,1,-0.892900,14.613067,1.866071,0.498601,18.105012,0
2015-11-02,sh.600068,7.6700,7.7800,7.5600,7.5900,7.7700,43913177,335961392.0000,3,1.058512,1,-2.316600,14.274541,1.822841,0.487050,17.685590,0
2015-11-03,sh.600068,7.6100,7.6500,7.5000,7.5300,7.5900,32976580,249248055.0000,3,0.794889,1,-0.790500,14.161699,1.808432,0.483200,17.545783,0
2015-11-04,sh.600068,7.5600,7.8800,7.5400,7.8700,7.5300,57272659,444966496.0000,3,1.380538,1,4.515300,14.801138,1.890087,0.505018,18.338023,0
2015-11-05,sh.600068,7.8700,8.6000,7.8700,8.2400,7.8700,207919648,1725750576.0000,3,5.011831,1,4.701400,15.496998,1.978948,0.528761,19.200167,0
2015-11-06,sh.600068,8.2400,8.4400,8.1600,8.3600,8.2400,126820485,1053888128.0000,3,3.056964,1,1.456300,15.722683,2.007767,0.536461,19.479781,0
2015-11-09,sh.600068,8.3600,8.6600,8.3100,8.4100,8.3600,122821869,1042100224.0000,3,2.960579,1,0.598100,15.816718,2.019776,0.539670,19.596287,0
2015-11-10,sh.600068,8.2800,8.3600,8.2200,8.3000,8.4100,94257832,780790928.0000,3,2.272053,1,-1.308000,15.609840,1.993358,0.532611,19.339974,0
2015-11-11,sh.600068,8.2800,8.3300,8.2000,8.2900,8.3000,58405679,483071136.0000,3,1.407849,1,-0.120500,15.591033,1.990956,0.531969,19.316673,0
2015-11-12,sh.600068,8.2800,8.3200,8.0600,8.1200,8.2900,83942612,684926880.0000,3,2.023408,1,-2.050700,15.271314,1.950128,0.521060,18.920553,0
2015-11-13,sh.600068,8.0200,8.1600,7.9900,8.0000,8.1200,68983840,555700384.0000,3,1.662832,1,-1.477800,15.045629,1.921308,0.513360,18.640939,0
2015-11-16,sh.600068,7.8700,8.1200,7.8000,8.1000,8.0000,49915098,397984688.0000,3,1.203186,1,1.250000,15.233700,1.945325,0.519777,18.873950,0
2015-11-17,sh.600068,8.1500,8.2700,8.0800,8.1300,8.1000,83357351,683246096.0000,3,2.009300,1,0.370400,15.290121,1.952530,0.521702,18.943854,0
2015-11-18,sh.600068,8.1200,8.4500,8.0400,8.3600,8.1300,121365265,1004459488.0000,3,2.925468,1,2.829000,15.722683,2.007767,0.536461,19.479781,0
2015-11-19,sh.600068,8.3200,8.4800,8.2800,8.4600,8.3600,82714773,692147456.0000,3,1.993811,1,1.196200,15.910753,2.031784,0.542878,19.712793,0
2015-11-20,sh.600068,8.4200,8.5500,8.3000,8.5400,8.4600,81509662,687766736.0000,3,1.964762,1,0.945600,16.061209,2.050997,0.548012,19.899202,0
2015-11-23,sh.600068,8.5100,8.5500,8.3100,8.4300,8.5400,55499295,468397888.0000,3,1.337791,1,-1.288100,15.854332,2.024579,0.540953,19.642889,0
2015-11-24,sh.600068,8.3700,8.3900,8.1400,8.2600,8.4300,44607403,367258352.0000,3,1.075246,1,-2.016600,15.534612,1.983751,0.530044,19.246769,0
2015-11-25,sh.600068,8.2200,8.4300,8.1500,8.3600,8.2600,50261821,416156656.0000,3,1.211544,1,1.210600,15.722683,2.007767,0.536461,19.479781,0
2015-11-26,sh.600068,8.3600,8.3900,8.2000,8.2600,8.3600,45106798,372706480.0000,3,1.087284,1,-1.196200,15.534612,1.983751,0.530044,19.246769,0
2015-11-27,sh.600068,8.1700,8.2100,7.5200,7.6300,8.2600,64510758,511969264.0000,3,1.555010,1,-7.627100,14.349769,1.832448,0.489617,17.778795,0
2015-11-30,sh.600068,7.6300,7.7300,7.3100,7.6300,7.6300,44059666,332915312.0000,3,1.062043,1,0.000000,14.349769,1.832448,0.489617,17.778795,0
2015-12-01,sh.600068,7.6500,7.8600,7.5400,7.8100,7.6300,41441627,319500944.0000,3,0.998936,1,2.359100,14.688296,1.875677,0.501168,18.198216,0
2015-12-02,sh.600068,7.8300,8.1000,7.6900,8.0500,7.8100,58536447,465583120.0000,3,1.411001,1,3.073000,15.139664,1.933317,0.516568,18.757444,0
2015-12-03,sh.600068,8.0100,8.2600,7.9400,8.2500,8.0500,71765204,582801360.0000,3,1.729875,1,2.484500,15.515805,1.981349,0.529402,19.223468,0
2015-12-04,sh.600068,8.1500,8.1900,8.0000,8.0600,8.2500,41579138,335948032.0000,3,1.002251,1,-2.303000,15.158471,1.935718,0.517210,18.780746,0
2015-12-07,sh.600068,8.0800,8.1300,8.0000,8.0500,8.0600,22674560,182317643.0000,3,0.546562,1,-0.124100,15.139664,1.933317,0.516568,18.757444,0
2015-12-08,sh.600068,8.0000,8.0200,7.8000,7.8500,8.0500,29042877,228386486.0000,3,0.700069,1,-2.484500,14.763524,1.885284,0.503734,18.291421,0
2015-12-09,sh.600068,7.8100,7.8700,7.7100,7.8500,7.8500,23700294,184516864.0000,3,0.571287,1,0.000000,14.763524,1.885284,0.503734,18.291421,0
2015-12-10,sh.600068,7.8300,7.8500,7.7100,7.7300,7.8500,22968160,178810965.0000,3,0.553640,1,-1.528700,14.537839,1.856464,0.496034,18.011807,0
2015-12-11,sh.600068,7.6800,7.7200,7.5800,7.6400,7.7300,18644829,142225723.0000,3,0.449427,1,-1.164300,14.368576,1.834850,0.490259,17.802096,0
2015-12-14,sh.600068,7.6000,7.8600,7.5400,7.8500,7.6400,24671418,190783770.0000,3,0.594696,1,2.748700,14.763524,1.885284,0.503734,18.291421,0
2015-12-15,sh.600068,7.8500,7.9000,7.7500,7.8300,7.8500,22026847,172248842.0000,3,0.530950,1,-0.254800,14.725910,1.880481,0.502451,18.244819,0
2015-12-16,sh.600068,7.8300,7.8600,7.7700,7.7800,7.8300,18987724,148361894.0000,3,0.457693,1,-0.638600,14.631874,1.868473,0.499243,18.128313,0
2015-12-17,sh.600068,7.8500,8.1700,7.8300,8.0800,7.7800,62240688,498234720.0000,3,1.500290,1,3.856000,15.196086,1.940522,0.518494,18.827348,0
2015-12-18,sh.600068,8.0900,8.1100,7.9300,7.9600,8.0800,33274795,266660693.0000,3,0.802077,1,-1.485100,14.970401,1.911702,0.510793,18.547734,0
2015-12-21,sh.600068,7.9300,8.1400,7.9000,8.1100,7.9600,50110133,405067328.0000,3,1.207887,1,1.884400,15.252507,1.947726,0.520419,18.897252,0
2015-12-22,sh.600068,8.0800,8.1800,7.9800,8.1600,8.1100,49507562,399685312.0000,3,1.193363,1,0.616500,15.346542,1.959735,0.523627,19.013757,0
2015-12-23,sh.600068,8.1200,8.1500,8.0500,8.0600,8.1600,39522705,320366752.0000,3,0.952681,1,-1.225500,15.158471,1.935718,0.517210,18.780746,0
2015-12-24,sh.600068,8.0400,8.0900,7.8700,7.9600,8.0600,28220109,224292757.0000,3,0.680236,1,-1.240700,14.970401,1.911702,0.510793,18.547734,0
2015-12-25,sh.600068,7.9600,8.0500,7.9600,8.0000,7.9600,20867988,167160038.0000,3,0.503016,1,0.502500,15.045629,1.921308,0.513360,18.640939,0
2015-12-28,sh.600068,8.0100,8.0400,7.7500,7.8300,8.0000,37781567,297940896.0000,3,0.910712,1,-2.125000,14.725910,1.880481,0.502451,18.244819,0
2015-12-29,sh.600068,7.8000,7.8600,7.7600,7.8600,7.8300,20327015,158546721.0000,3,0.489976,1,0.383100,14.782331,1.887686,0.504376,18.314722,0
2015-12-30,sh.600068,8.0000,8.0400,7.9000,7.9500,7.8600,30050156,239130978.0000,3,0.724349,1,1.145000,14.951594,1.909300,0.510151,18.524433,0
2015-12-31,sh.600068,7.9500,7.9700,7.8600,7.8700,7.9500,18722159,148187338.0000,3,0.451291,1,-1.006300,14.801138,1.890087,0.505018,18.338023,0
2016-01-04,sh.600068,7.8500,7.8600,7.2200,7.2900,7.8700,24414206,185953492.0000,3,0.588496,1,-7.369800,13.710330,1.750792,0.467799,16.986555,0
2016-01-05,sh.600068,7.1700,7.4700,7.0500,7.3600,7.2900,34886204,253399323.0000,3,0.840920,1,0.960200,13.841979,1.767604,0.472291,17.149664,0
2016-01-06,sh.600068,7.3600,7.5900,7.3200,7.5500,7.3600,32351521,240802442.0000,3,0.779822,1,2.581500,14.199313,1.813235,0.484483,17.592386,0
2016-01-07,sh.600068,7.4400,7.4400,6.9000,6.9400,7.5500,8586500,61599004.0000,3,0.206975,1,-8.079500,13.052083,1.666735,0.445340,16.171014,0
2016-01-08,sh.600068,7.1600,7.2500,6.7800,7.1000,6.9400,36882131,260965171.0000,3,0.889031,1,2.305500,13.352996,1.705161,0.455607,16.543833,0
2016-01-11,sh.600068,7.0000,7.1700,6.6700,6.8500,7.1000,43278316,299944368.0000,3,1.043209,1,-3.521100,12.882820,1.645120,0.439564,15.961304,0
2016-01-12,sh.600068,6.8100,6.8900,6.6500,6.8600,6.8500,26304161,178549295.0000,3,0.634053,1,0.146000,12.901627,1.647522,0.440206,15.984605,0
2016-01-13,sh.600068,6.8900,6.9200,6.6500,6.7600,6.8600,21980148,149771307.0000,3,0.529824,1,-1.457700,12.713557,1.623506,0.433789,15.751593,0
2016-01-14,sh.600068,6.6000,6.8500,6.4800,6.8200,6.7600,29986205,200037446.0000,3,0.722807,1,0.887600,12.826399,1.637915,0.437639,15.891400,0
2016-01-15,sh.600068,6.7300,6.7900,6.3600,6.5200,6.8200,27934195,183520467.0000,3,0.673344,1,-4.398800,12.262188,1.565866,0.418388,15.192365,0
2016-01-18,sh.600068,6.3900,6.5600,6.3500,6.4700,6.5200,29629605,191087265.0000,3,0.714211,1,-0.766900,12.168153,1.553858,0.415180,15.075859,0
2016-01-19,sh.600068,6.4700,7.0800,6.3800,6.8600,6.4700,85559280,581977392.0000,3,2.062377,1,6.027800,12.901627,1.647522,0.440206,15.984605,0
2016-01-20,sh.600068,6.7800,6.8700,6.5700,6.6100,6.8600,59087308,397682400.0000,3,1.424279,1,-3.644300,12.431451,1.587481,0.424164,15.402076,0
2016-01-21,sh.600068,6.4900,6.6400,6.2500,6.3400,6.6100,40697086,262699859.0000,3,0.980989,1,-4.084700,11.923661,1.522637,0.406838,14.772944,0
2016-01-22,sh.600068,6.4100,6.4700,6.2500,6.4100,6.3400,27895726,177498123.0000,3,0.672417,1,1.104100,12.055310,1.539448,0.411330,14.936052,0
2016-01-25,sh.600068,6.4200,6.4500,6.3400,6.3800,6.4100,24718422,158248908.0000,3,0.595829,1,-0.468000,11.998889,1.532244,0.409405,14.866149,0
2016-01-26,sh.600068,6.2800,6.3200,5.7400,5.7400,6.3800,44788758,269317440.0000,3,1.079618,1,-10.031400,10.795239,1.378539,0.368336,13.374873,0
2016-01-27,sh.600068,5.7900,5.8000,5.2600,5.4000,5.7400,79846338,435618816.0000,3,1.924668,1,-5.923300,10.155800,1.296883,0.346518,12.582634,0
2016-01-28,sh.600068,5.3900,5.4200,5.1800,5.2200,5.4000,43685803,231813751.0000,3,1.053031,1,-3.333300,9.817273,1.253654,0.334967,12.163212,0
2016-01-29,sh.600068,5.2000,5.4500,5.2000,5.4200,5.2200,36329962,195503935.0000,3,0.875721,1,3.831400,10.193414,1.301687,0.347801,12.629236,0
2016-02-01,sh.600068,5.4100,5.4300,5.2000,5.2900,5.4200,25601393,136173559.0000,3,0.617113,1,-2.398500,9.948922,1.270465,0.339459,12.326321,0
2016-02-02,sh.600068,5.2900,5.5000,5.2900,5.4300,5.2900,34393662,186427965.0000,3,0.829047,1,2.646500,10.212221,1.304088,0.348443,12.652537,0
2016-02-03,sh.600068,5.3700,5.4200,5.2800,5.3900,5.4300,22026291,117698627.0000,3,0.530936,1,-0.736600,10.136993,1.294482,0.345876,12.559332,0
2016-02-04,sh.600068,5.4000,5.5300,5.3900,5.4600,5.3900,31320392,171392804.0000,3,0.754967,1,1.298700,10.268642,1.311293,0.350368,12.722441,0
2016-02-05,sh.600068,5.4900,5.5000,5.3600,5.3700,5.4600,25000694,135838392.0000,3,0.602633,1,-1.648400,10.099379,1.289678,0.344593,12.512730,0
2016-02-15,sh.600068,5.2000,5.3400,5.1500,5.2900,5.3700,24827900,130307380.0000,3,0.598468,1,-1.489800,9.948922,1.270465,0.339459,12.326321,0
2016-02-16,sh.600068,5.3300,5.5700,5.3000,5.5600,5.2900,46683218,256739304.0000,3,1.125283,1,5.104000,10.456712,1.335309,0.356785,12.955452,0
2016-02-17,sh.600068,5.5600,5.7800,5.5100,5.7600,5.5600,77139519,438166304.0000,3,1.859421,1,3.597100,10.832853,1.383342,0.369619,13.421476,0
2016-02-18,sh.600068,5.7800,5.8500,5.7100,5.7500,5.7600,53146307,306803072.0000,3,1.281073,1,-0.173600,10.814046,1.380940,0.368977,13.398175,0
2016-02-19,sh.600068,5.7400,5.7400,5.6100,5.6900,5.7500,30742163,174768368.0000,3,0.741029,1,-1.043500,10.701204,1.366531,0.365127,13.258368,0
2016-02-22,sh.600068,5.7500,5.9000,5.7400,5.8800,5.6900,52473317,306567824.0000,3,1.264851,1,3.339200,11.058537,1.412162,0.377320,13.701090,0
2016-02-23,sh.600068,5.8800,5.9000,5.7300,5.8100,5.8800,27532866,159937584.0000,3,0.663670,1,-1.190500,10.926888,1.395350,0.372828,13.537982,0
2016-02-24,sh.600068,5.7800,5.8700,5.6900,5.8600,5.8100,30367303,176052649.0000,3,0.731993,1,0.860600,11.020923,1.407358,0.376036,13.654488,0
2016-02-25,sh.600068,5.8600,5.8600,5.2700,5.3000,5.8600,51574336,285568256.0000,3,1.243182,1,-9.556300,9.967729,1.272867,0.340101,12.349622,0
2016-02-26,sh.600068,5.3700,5.4000,5.2500,5.3700,5.3000,27396617,146597538.0000,3,0.660386,1,1.320700,10.099379,1.289678,0.344593,12.512730,0
2016-02-29,sh.600068,5.3800,5.3800,5.0500,5.2200,5.3700,43341010,224472039.0000,3,1.044720,1,-2.793300,9.817273,1.253654,0.334967,12.163212,0
2016-03-01,sh.600068,5.2300,5.3600,5.2000,5.3200,5.2200,27354270,144344022.0000,3,0.659365,1,1.915700,10.005343,1.277670,0.341384,12.396224,0
2016-03-02,sh.600068,5.3500,5.6600,5.3300,5.6200,5.3200,68660205,377672816.0000,3,1.655031,1,5.639100,10.569555,1.349719,0.360635,13.095259,0
2016-03-03,sh.600068,5.6800,5.7300,5.5800,5.6400,5.6200,50681617,286204672.0000,3,1.221663,1,0.355900,10.607169,1.354522,0.361919,13.141862,0
2016-03-04,sh.600068,5.6000,5.7500,5.5600,5.7000,5.6400,70436281,399148240.0000,3,1.697842,1,1.063800,10.720011,1.368932,0.365769,13.281669,0
2016-03-07,sh.600068,5.7100,5.8400,5.7000,5.7600,5.7000,40565136,234027928.0000,3,0.977809,1,1.052600,10.832853,1.383342,0.369619,13.421476,0
2016-03-08,sh.600068,5.7700,5.7800,5.5700,5.7500,5.7600,37339751,211460743.0000,3,0.900062,1,-0.173600,10.814046,1.380940,0.368977,13.398175,0
2016-03-09,sh.600068,5.6400,5.7000,5.5500,5.6800,5.7500,31525808,177044511.0000,3,0.759919,1,-1.217400,10.682397,1.364129,0.364486,13.235066,0
2016-03-10,sh.600068,5.6400,5.7300,5.5900,5.5900,5.6800,22162136,125139712.0000,3,0.534211,1,-1.584500,10.513133,1.342514,0.358710,13.025356,0
2016-03-11,sh.600068,5.5900,5.6600,5.5300,5.6000,5.5900,16584750,92761033.0000,3,0.399770,1,0.178900,10.531940,1.344916,0.359352,13.048657,0
2016-03-14,sh.600068,5.6400,5.8200,5.6400,5.7100,5.6000,47967141,275463872.0000,3,1.156231,1,1.964300,10.738818,1.371334,0.366411,13.304970,0
2016-03-15,sh.600068,5.7000,5.7600,5.5900,5.7500,5.7100,38417221,218234514.0000,3,0.926034,1,0.700500,10.814046,1.380940,0.368977,13.398175,0
2016-03-16,sh.600068,5.7100,5.8100,5.6900,5.7600,5.7500,50439108,291050784.0000,3,1.215817,1,0.173900,10.832853,1.383342,0.369619,13.421476,0
2016-03-17,sh.600068,5.7600,5.8800,5.7100,5.8300,5.7600,45438702,263368526.0000,3,1.095284,1,1.215300,10.964502,1.400154,0.374111,13.584584,0
2016-03-18,sh.600068,5.8400,5.9400,5.8100,5.8800,5.8300,78818561,463544000.0000,3,1.899894,1,0.857600,11.058537,1.412162,0.377320,13.701090,0
2016-03-21,sh.600068,5.9500,6.1900,5.8800,6.0500,5.8800,84043680,506623600.0000,3,2.025844,1,2.891200,11.378257,1.452990,0.388228,14.097210,0
2016-03-22,sh.600068,6.0200,6.0700,5.9400,5.9900,6.0500,37938450,227987224.0000,3,0.914493,1,-0.991700,11.265415,1.438580,0.384378,13.957403,0
2016-03-23,sh.600068,5.9500,6.0000,5.9300,5.9900,5.9900,28675327,171167145.0000,3,0.691209,1,0.000000,11.265415,1.438580,0.384378,13.957403,0
2016-03-24,sh.600068,5.9600,5.9600,5.8200,5.8300,5.9900,31931288,188461058.0000,3,0.769693,1,-2.671100,10.964502,1.400154,0.374111,13.584584,0
2016-03-25,sh.600068,5.8400,5.8800,5.8200,5.8800,5.8300,20285823,118777032.0000,3,0.488983,1,0.857600,11.058537,1.412162,0.377320,13.701090,0
2016-03-28,sh.600068,5.9400,5.9800,5.8600,5.8800,5.8800,25718452,152573296.0000,3,0.619934,1,0.000000,11.058537,1.412162,0.377320,13.701090,0
2016-03-29,sh.600068,5.8700,5.8900,5.7700,5.7900,5.8800,28618286,166445044.0000,3,0.689834,1,-1.530600,10.889274,1.390547,0.371544,13.491379,0
2016-03-30,sh.600068,5.8700,5.9400,5.8500,5.9400,5.7900,30690245,181004498.0000,3,0.739778,1,2.590700,10.194509,1.351364,0.332451,4.098547,0
2016-03-31,sh.600068,5.9700,6.0800,5.9200,6.0200,5.9400,47459027,286073648.0000,3,1.143983,1,1.346800,10.331809,1.369565,0.336928,4.153747,0
2016-04-01,sh.600068,6.0200,6.0500,5.8900,6.0300,6.0200,37245576,222513338.0000,3,0.897792,1,0.166100,10.348971,1.371840,0.337488,4.160647,0
2016-04-05,sh.600068,6.0300,6.3300,6.0100,6.2200,6.0300,81199467,504497968.0000,3,1.957285,1,3.150900,10.675058,1.415065,0.348122,4.291745,0
2016-04-06,sh.600068,6.1900,6.3500,6.1700,6.2800,6.2200,49125657,307918000.0000,3,1.184157,1,0.964600,10.778033,1.428715,0.351480,4.333144,0
2016-04-07,sh.600068,6.2800,6.3000,6.0800,6.0900,6.2800,41591573,256628907.0000,3,1.002551,1,-3.025500,10.451946,1.385490,0.340846,4.202046,0
2016-04-08,sh.600068,6.1000,6.1200,6.0000,6.0600,6.0900,27428807,166243755.0000,3,0.661162,1,-0.492600,10.400459,1.378665,0.339167,4.181346,0
2016-04-11,sh.600068,6.0900,6.2600,6.0900,6.2400,6.0600,36094946,224170602.0000,3,0.870056,1,2.970300,10.709383,1.419615,0.349241,4.305545,0
2016-04-12,sh.600068,6.2400,6.2400,6.1100,6.1800,6.2400,20579844,126860834.0000,3,0.496070,1,-0.961500,10.606408,1.405965,0.345883,4.264145,0
2016-04-13,sh.600068,6.2300,6.3800,6.1900,6.3300,6.1800,66200232,417502640.0000,3,1.595734,1,2.427200,10.863845,1.440090,0.354279,4.367644,0
2016-04-14,sh.600068,6.3300,6.3600,6.2800,6.3500,6.3300,25354552,160133546.0000,3,0.611163,1,0.316000,10.898170,1.444640,0.355398,4.381444,0
2016-04-15,sh.600068,6.3400,6.3900,6.2900,6.3100,6.3500,28091969,177839654.0000,3,0.677147,1,-0.629900,10.829520,1.435540,0.353159,4.353844,0
2016-04-18,sh.600068,6.2900,6.3000,6.1300,6.1700,6.3100,23974749,148200869.0000,3,0.577903,1,-2.218700,10.589246,1.403690,0.345324,4.257245,0
2016-04-19,sh.600068,6.2000,6.2500,6.1600,6.2300,6.1700,20650057,128286600.0000,3,0.497762,1,0.972400,10.692221,1.417340,0.348682,4.298645,0
2016-04-20,sh.600068,6.2500,6.2500,5.8500,6.0500,6.2300,47288468,284165488.0000,3,1.139872,1,-2.889200,10.383296,1.376390,0.338607,4.174447,0
2016-04-21,sh.600068,6.0000,6.0600,5.9300,5.9400,6.0500,22130369,132787954.0000,3,0.533445,1,-1.818200,10.194509,1.351364,0.332451,4.098547,0
2016-04-22,sh.600068,5.9200,5.9600,5.8900,5.9500,5.9400,14119487,83625558.0000,3,0.340345,1,0.168300,10.211671,1.353639,0.333011,4.105447,0
2016-04-25,sh.600068,5.9600,5.9700,5.8400,5.9000,5.9500,13629023,80237953.0000,3,0.328523,1,-0.840300,10.125859,1.342264,0.330212,4.070948,0
2016-04-26,sh.600068,5.9000,5.9600,5.8700,5.9200,5.9000,17244341,101896095.0000,3,0.415669,1,0.339000,10.160184,1.346814,0.331332,4.084748,0
2016-04-27,sh.600068,5.9300,6.0100,5.9100,5.9400,5.9200,18117686,108005959.0000,3,0.436721,1,0.337800,10.194509,1.351364,0.332451,4.098547,0
2016-04-28,sh.600068,5.9100,5.9600,5.8200,5.9100,5.9400,14370565,84668409.0000,3,0.346398,1,-0.505100,10.143022,1.344539,0.330772,4.077848,0
2016-04-29,sh.600068,5.8900,5.9600,5.8700,5.9200,5.9100,12465953,73808372.0000,3,0.300487,1,0.169200,10.160184,1.346814,0.331332,4.084748,0
2016-05-03,sh.600068,5.9300,6.1600,5.9200,6.0900,5.9200,39022422,236877504.0000,3,0.940622,1,2.871600,9.945332,1.357040,0.335974,11.374285,0
2016-05-04,sh.600068,6.0900,6.1700,6.0600,6.1200,6.0900,24917189,152464579.0000,3,0.600620,1,0.492600,9.994323,1.363725,0.337629,11.430316,0
2016-05-05,sh.600068,6.1200,6.1900,6.1000,6.1900,6.1200,27567742,169860370.0000,3,0.664511,1,1.143800,10.108637,1.379323,0.341490,11.561055,0
2016-05-06,sh.600068,6.1900,6.2000,6.0000,6.0000,6.1900,25373109,154447752.0000,3,0.611610,1,-3.069500,9.798356,1.336986,0.331008,11.206192,0
2016-05-09,sh.600068,6.0000,6.0600,5.8700,5.9000,6.0000,25548792,152040676.0000,3,0.615845,1,-1.666700,9.635050,1.314702,0.325492,11.019422,0
2016-05-10,sh.600068,5.9100,5.9500,5.8200,5.8700,5.9000,24023037,141321922.0000,3,0.579067,1,-0.508500,9.586058,1.308018,0.323837,10.963391,0
2016-05-11,sh.600068,5.9000,6.0900,5.8400,6.0400,5.8700,41056581,245468160.0000,3,0.989655,1,2.896100,9.863679,1.345899,0.333215,11.280900,0
2016-05-12,sh.600068,5.9800,6.0700,5.9000,6.0200,6.0400,25993490,155645640.0000,3,0.626564,1,-0.331100,9.831017,1.341442,0.332112,11.243546,0
2016-05-13,sh.600068,6.0400,6.2200,6.0200,6.0900,6.0200,45683440,280189312.0000,3,1.101184,1,1.162800,9.945332,1.357040,0.335974,11.374285,0
2016-05-16,sh.600068,6.0300,6.1200,6.0100,6.1200,6.0900,22009644,133676323.0000,3,0.530535,1,0.492600,9.994323,1.363725,0.337629,11.430316,0
2016-05-17,sh.600068,6.1100,6.1200,6.0300,6.0400,6.1200,20159474,122272702.0000,3,0.485937,1,-1.307200,9.863679,1.345899,0.333215,11.280900,0
2016-05-18,sh.600068,5.9800,6.0000,5.8500,5.9500,6.0400,24768849,146540644.0000,3,0.597045,1,-1.490100,9.716703,1.325844,0.328250,11.112807,0
2016-05-19,sh.600068,5.9300,5.9800,5.9000,5.9100,5.9500,13256077,78721964.0000,3,0.319533,1,-0.672300,9.651381,1.316931,0.326043,11.038099,0
2016-05-20,sh.600068,5.8600,5.9100,5.8500,5.9100,5.9100,13119770,77133796.0000,3,0.316248,1,0.000000,9.651381,1.316931,0.326043,11.038099,0
2016-05-23,sh.600068,5.9000,5.9400,5.8500,5.9000,5.9100,19983551,117824422.0000,3,0.481697,1,-0.169200,9.635050,1.314702,0.325492,11.019422,0
2016-05-24,sh.600068,5.9000,5.9000,5.7700,5.7900,5.9000,23413858,136289720.0000,3,0.564383,1,-1.864400,9.455414,1.290191,0.319423,10.813975,0
2016-05-25,sh.600068,5.8100,5.8600,5.7300,5.7300,5.7900,18025145,104539147.0000,3,0.434490,1,-1.036300,9.357430,1.276821,0.316113,10.701913,0
2016-05-26,sh.600068,5.7400,5.7800,5.6100,5.7300,5.7300,17082268,97113027.0000,3,0.411762,1,0.000000,9.357430,1.276821,0.316113,10.701913,0
2016-05-27,sh.600068,5.7400,5.7500,5.6900,5.7100,5.7300,10740031,61431437.0000,3,0.258885,1,-0.349000,9.324769,1.272365,0.315010,10.664559,0
2016-05-30,sh.600068,5.7100,5.7800,5.6400,5.7200,5.7100,11394997,65258868.0000,3,0.274672,1,0.175100,9.341100,1.274593,0.315561,10.683236,0
2016-05-31,sh.600068,5.7100,5.9100,5.7000,5.9000,5.7200,38207652,223916565.0000,3,0.920982,1,3.146900,9.635050,1.314702,0.325492,11.019422,0
2016-06-01,sh.600068,5.8900,6.0000,5.8700,5.9200,5.9000,25945515,154286017.0000,3,0.625408,1,0.339000,9.667711,1.319159,0.326595,11.056776,0
2016-06-02,sh.600068,5.9400,5.9500,5.8700,5.9100,5.9200,15815025,93475565.0000,3,0.381216,1,-0.168900,9.651381,1.316931,0.326043,11.038099,0
2016-06-03,sh.600068,5.9400,5.9400,5.8600,5.9100,5.9100,17914414,105782883.0000,3,0.431821,1,0.000000,9.651381,1.316931,0.326043,11.038099,0
2016-06-06,sh.600068,5.9100,5.9800,5.9000,5.9400,5.9100,15800602,93825651.0000,3,0.380868,1,0.507600,9.700373,1.323616,0.327698,11.094130,0
2016-06-07,sh.600068,5.9300,5.9500,5.8800,5.9000,5.9400,12840101,75829788.0000,3,0.309506,1,-0.673400,9.635050,1.314702,0.325492,11.019422,0
2016-06-08,sh.600068,5.8800,5.9300,5.8700,5.9100,5.9000,11944026,70510486.0000,3,0.287907,1,0.169500,9.651381,1.316931,0.326043,11.038099,0
2016-06-13,sh.600068,5.8700,5.8700,5.7000,5.7100,5.9100,15348937,88974347.0000,3,0.369981,1,-3.384100,9.324769,1.272365,0.315010,10.664559,0
2016-06-14,sh.600068,5.7000,5.7400,5.6600,5.7000,5.7100,10420462,59329248.0000,3,0.251182,1,-0.175100,9.308438,1.270136,0.314458,10.645882,0
2016-06-15,sh.600068,5.6600,5.8600,5.6400,5.8300,5.7000,20042717,115976548.0000,3,0.483123,1,2.280700,9.520736,1.299104,0.321630,10.888683,0
2016-06-16,sh.600068,5.8100,5.8100,5.7000,5.7300,5.8300,21762587,124966216.0000,3,0.524580,1,-1.715300,9.357430,1.276821,0.316113,10.701913,0
2016-06-17,sh.600068,5.7400,5.8200,5.7400,5.7900,5.7300,23072235,133285688.0000,3,0.556148,1,1.047100,9.455414,1.290191,0.319423,10.813975,0
2016-06-20,sh.600068,5.8000,5.9000,5.8000,5.8600,5.7900,17579724,102862817.0000,3,0.423753,1,1.209000,9.569728,1.305789,0.323285,10.944714,0
2016-06-21,sh.600068,5.8700,5.9300,5.8200,5.8400,5.8600,19635023,115484592.0000,3,0.473295,1,-0.341300,9.537067,1.301333,0.322182,10.907360,0
2016-06-22,sh.600068,5.8900,5.9200,5.8500,5.9000,5.8400,14195442,83706200.0000,3,0.342176,1,1.027400,9.635050,1.314702,0.325492,11.019422,0
2016-06-23,sh.600068,5.9000,5.9200,5.8500,5.8800,5.9000,9705159,57090889.0000,3,0.233940,1,-0.339000,9.602389,1.310246,0.324388,10.982068,0
2016-06-24,sh.600068,5.8900,5.9500,5.7100,5.8100,5.8800,17044377,99578279.0000,3,0.410849,1,-1.190500,9.488075,1.294648,0.320526,10.851329,0
2016-06-27,sh.600068,5.7900,5.8800,5.7700,5.8800,5.8100,11391109,66584926.0000,3,0.274579,1,1.204800,9.602389,1.310246,0.324388,10.982068,0
2016-06-28,sh.600068,5.8600,5.9100,5.8400,5.9000,5.8800,19523315,114721258.0000,3,0.470603,1,0.340100,9.635050,1.314702,0.325492,11.019422,0
2016-06-29,sh.600068,5.9200,6.1500,5.9000,6.0500,5.9000,53590876,323555648.0000,3,1.291790,1,2.542400,9.880009,1.348127,0.333767,11.299577,0
2016-06-30,sh.600068,5.8800,5.8900,5.8000,5.8200,5.8800,25426354,148069387.0000,3,0.612893,1,-1.020400,9.504406,1.296876,0.321078,10.870006,0
2016-07-01,sh.600068,5.8100,5.8400,5.7900,5.8000,5.8200,14456628,84020024.0000,3,0.348472,1,-0.343600,9.471744,1.292419,0.319975,10.832652,0
2016-07-04,sh.600068,5.8800,6.0600,5.8800,6.0300,5.8000,58123761,349349888.0000,3,1.401053,1,3.965500,9.847348,1.343670,0.332663,11.262223,0
2016-07-05,sh.600068,6.0400,6.4300,6.0300,6.3700,6.0300,92654008,578058544.0000,3,2.233393,1,5.638500,10.402588,1.419433,0.351421,11.897241,0
2016-07-06,sh.600068,6.3700,6.4200,6.2200,6.3200,6.3700,57737228,363656336.0000,3,1.391736,1,-0.784900,10.320935,1.408291,0.348662,11.803856,0
2016-07-07,sh.600068,6.3200,6.3800,6.2500,6.3000,6.3200,38982130,245446092.0000,3,0.939651,1,-0.316500,10.288274,1.403835,0.347559,11.766502,0
2016-07-08,sh.600068,6.3200,6.3200,6.1400,6.1700,6.3000,43304549,268517056.0000,3,1.043841,1,-2.063500,10.075976,1.374867,0.340387,11.523701,0
2016-07-11,sh.600068,6.2000,6.2400,6.1500,6.1700,6.1700,29490265,182822365.0000,3,0.710853,1,0.000000,10.075976,1.374867,0.340387,11.523701,0
2016-07-12,sh.600068,6.2000,6.3500,6.1800,6.3500,6.1700,56317655,353849408.0000,3,1.357518,1,2.917300,10.369927,1.414976,0.350317,11.859887,0
2016-07-13,sh.600068,6.4500,6.6500,6.3900,6.5600,6.3500,90395063,592452800.0000,3,2.178942,1,3.307100,10.712869,1.461771,0.361903,12.252103,0
2016-07-14,sh.600068,6.5100,6.5700,6.4100,6.4500,6.5600,36707190,237905476.0000,3,0.884814,1,-1.676800,10.533233,1.437259,0.355834,12.046656,0
2016-07-15,sh.600068,6.4800,6.5900,6.4100,6.4700,6.4500,31750718,206224238.0000,3,0.765340,1,0.310100,10.565894,1.441716,0.356937,12.084010,0
2016-07-18,sh.600068,6.5600,6.6800,6.5300,6.5800,6.4700,59792979,395022528.0000,3,1.441289,1,1.700200,10.745531,1.466227,0.363006,12.289457,0
2016-07-19,sh.600068,6.5700,6.6000,6.4300,6.5000,6.5800,34501867,224284676.0000,3,0.831656,1,-1.215800,10.614886,1.448401,0.358592,12.140041,0
2016-07-20,sh.600068,6.5000,6.6500,6.4800,6.5400,6.5000,30933009,203610012.0000,3,0.745630,1,0.615400,10.680208,1.457314,0.360799,12.214749,0
2016-07-21,sh.600068,6.5500,6.7400,6.5400,6.6700,6.5400,54000476,359263136.0000,3,1.301663,1,1.987800,10.892506,1.486282,0.367971,12.457550,0
2016-07-22,sh.600068,6.6800,6.7000,6.5000,6.5500,6.6700,38251682,251157444.0000,3,0.922044,1,-1.799100,10.696539,1.459543,0.361351,12.233426,0
2016-07-25,sh.600068,6.5200,6.5700,6.4000,6.4500,6.5500,29264573,189792697.0000,3,0.705412,1,-1.526700,10.533233,1.437259,0.355834,12.046656,0
2016-07-26,sh.600068,6.4000,6.5100,6.4000,6.5000,6.4500,21596222,139511062.0000,3,0.520569,1,0.775200,10.614886,1.448401,0.358592,12.140041,0
2016-07-27,sh.600068,6.5000,6.6800,6.2000,6.4400,6.5000,58568088,379503168.0000,3,1.411764,1,-0.923100,10.516902,1.435031,0.355282,12.027979,0
2016-07-28,sh.600068,6.4000,6.5900,6.3300,6.5600,6.4400,39253315,255269563.0000,3,0.946188,1,1.863400,10.712869,1.461771,0.361903,12.252103,0
2016-07-29,sh.600068,6.7400,7.2200,6.7400,6.9500,6.5600,171391393,1203878128.0000,3,4.131330,1,5.945100,11.349763,1.548675,0.383418,12.980506,0
2016-08-01,sh.600068,6.8000,7.1000,6.7700,6.8300,6.9500,92977282,644596176.0000,3,2.241185,1,-1.726600,11.153795,1.521935,0.376798,12.756382,0
2016-08-02,sh.600068,6.8300,7.1600,6.8200,7.1100,6.8300,88134768,620121104.0000,3,2.124458,1,4.099600,11.611052,1.584328,0.392245,13.279338,0
2016-08-03,sh.600068,7.0100,7.1500,6.9800,7.1200,7.1100,57871892,408611584.0000,3,1.394982,1,0.140600,11.627383,1.586556,0.392797,13.298015,0
2016-08-04,sh.600068,7.1000,7.2700,7.0100,7.2400,7.1200,76430858,548003328.0000,3,1.842339,1,1.685400,11.823350,1.613296,0.399417,13.522138,0
2016-08-05,sh.600068,7.1700,7.3300,7.0400,7.0500,7.2400,60610270,434531008.0000,3,1.460990,1,-2.624300,11.513069,1.570958,0.388935,13.167276,0
2016-08-08,sh.600068,7.0000,7.5000,6.9700,7.4300,7.0500,81265856,596757616.0000,3,1.958885,1,5.390100,12.133631,1.655634,0.409899,13.877001,0
2016-08-09,sh.600068,7.4000,8.1500,7.4000,8.0200,7.4300,134092428,1059346544.0000,3,3.232252,1,7.940800,13.097136,1.787104,0.442448,14.978943,0
2016-08-10,sh.600068,7.9700,8.0300,7.8800,7.9700,8.0200,85543757,680336768.0000,3,2.062003,1,-0.623400,13.015483,1.775962,0.439690,14.885558,0
2016-08-11,sh.600068,7.9900,8.0100,7.6600,7.7100,7.9700,82821383,644976032.0000,3,1.996381,1,-3.262200,12.590888,1.718026,0.425346,14.399957,0
2016-08-12,sh.600068,7.7400,7.9600,7.6900,7.7800,7.7100,66042941,515470160.0000,3,1.591942,1,0.907900,12.705202,1.733625,0.429208,14.530696,0
2016-08-15,sh.600068,7.8500,8.4400,7.8500,8.3000,7.7800,128418498,1045184256.0000,3,3.095484,1,6.683800,13.554393,1.849497,0.457895,15.501899,0
2016-08-16,sh.600068,8.3000,8.5900,8.1100,8.1900,8.3000,102284524,850789040.0000,3,2.465533,1,-1.325300,13.374756,1.824985,0.451826,15.296452,0
2016-08-17,sh.600068,8.1300,8.3700,8.0800,8.2700,8.1900,64750989,533559808.0000,3,1.560800,1,0.976800,13.505401,1.842812,0.456240,15.445868,0
2016-08-18,sh.600068,8.2800,8.4000,8.1500,8.1900,8.2700,51125626,420712672.0000,3,1.232366,1,-0.967400,13.374756,1.824985,0.451826,15.296452,0
2016-08-19,sh.600068,8.1900,8.1900,7.9800,8.1100,8.1900,50738507,410174416.0000,3,1.223034,1,-0.976800,13.244111,1.807159,0.447413,15.147036,0
2016-08-22,sh.600068,8.0800,8.2100,7.9400,8.0500,8.1100,56731305,458376576.0000,3,1.367489,1,-0.739800,13.146128,1.793789,0.444103,15.034974,0
2016-08-23,sh.600068,8.0500,8.1500,8.0000,8.0900,8.0500,38590566,311430176.0000,3,0.930212,1,0.496900,13.211450,1.802702,0.446310,15.109682,0
2016-08-24,sh.600068,8.0500,8.1500,8.0000,8.0100,8.0900,33523420,270445856.0000,3,0.808070,1,-0.988900,13.080806,1.784876,0.441896,14.960266,0
2016-08-25,sh.600068,7.9800,8.0800,7.8000,7.9300,8.0100,33195957,263385309.0000,3,0.800177,1,-0.998800,12.950161,1.767049,0.437483,14.810850,0
2016-08-26,sh.600068,7.9300,8.3300,7.9300,8.2100,7.9300,81459677,668206624.0000,3,1.963557,1,3.530900,13.407417,1.829442,0.452930,15.333806,0
2016-08-29,sh.600068,8.2300,8.6600,8.1500,8.3600,8.2100,110354465,930579056.0000,3,2.660056,1,1.827000,13.652376,1.862867,0.461205,15.613961,0
2016-08-30,sh.600068,8.4500,8.4700,8.2000,8.3000,8.3600,44842904,373365216.0000,3,1.080923,1,-0.717700,13.554393,1.849497,0.457895,15.501899,0
2016-08-31,sh.600068,8.2500,8.4300,8.2100,8.3000,8.3000,36857410,306904448.0000,3,0.888435,1,0.000000,13.319343,1.839120,0.435707,12.759202,0
2016-09-01,sh.600068,8.3100,8.3500,8.0600,8.1000,8.3000,38953968,318662304.0000,3,0.938972,1,-2.409600,12.998395,1.794804,0.425208,12.451751,0
2016-09-02,sh.600068,8.1000,8.1700,8.0200,8.1400,8.1000,29530529,239515057.0000,3,0.711823,1,0.493800,13.062585,1.803668,0.427308,12.513241,0
2016-09-05,sh.600068,8.1800,8.3400,8.1300,8.2700,8.1400,35328270,291322640.0000,3,0.851576,1,1.597053,13.271201,1.832473,0.434132,12.713084,0
2016-09-06,sh.600068,8.2800,8.6000,8.2100,8.6000,8.2700,82506106,697899088.0000,3,1.988781,1,3.990325,13.800765,1.905595,0.451455,13.220378,0
2016-09-07,sh.600068,8.6500,9.1900,8.6500,8.8100,8.6000,116151770,1040748704.0000,3,2.799798,1,2.441861,14.137761,1.952127,0.462479,13.543201,0
2016-09-08,sh.600068,8.8000,9.0800,8.7700,8.9400,8.8100,53641220,477553744.0000,3,1.293003,1,1.475586,14.346377,1.980932,0.469304,13.743044,0
2016-09-09,sh.600068,8.9400,8.9700,8.6200,8.6900,8.9400,41844180,365870704.0000,3,1.008640,1,-2.796421,13.945192,1.925537,0.456180,13.358731,0
2016-09-12,sh.600068,8.5000,8.5600,8.2300,8.4900,8.6900,78291074,656395952.0000,3,1.887179,1,-2.301494,13.624244,1.881221,0.445681,13.051280,0
2016-09-13,sh.600068,8.4800,8.5100,8.0700,8.2100,8.4900,81541320,670335088.0000,3,1.965525,1,-3.297995,13.174917,1.819178,0.430982,12.620849,0
2016-09-14,sh.600068,8.1300,8.1500,7.9100,8.0300,8.2100,45178745,363167328.0000,3,1.089018,1,-2.192452,12.886063,1.779294,0.421533,12.344144,0
2016-09-19,sh.600068,8.0900,8.2900,8.0800,8.2000,8.0300,42215043,346664304.0000,3,1.017579,1,2.117062,13.158869,1.816962,0.430457,12.605477,0
2016-09-20,sh.600068,8.2200,8.3700,8.0600,8.1200,8.2000,39819623,326223136.0000,3,0.959838,1,-0.975609,13.030490,1.799236,0.426258,12.482496,0
2016-09-21,sh.600068,8.1100,8.1700,8.0000,8.1100,8.1200,26179084,211246886.0000,3,0.631038,1,-0.123156,13.014443,1.797020,0.425733,12.467124,0
2016-09-22,sh.600068,8.1900,8.3000,8.1300,8.2400,8.1100,39401286,324067376.0000,3,0.949754,1,1.602961,13.223059,1.825826,0.432557,12.666967,0
2016-09-23,sh.600068,8.2500,8.5300,8.2000,8.4700,8.2400,54959082,461257664.0000,3,1.324770,1,2.791268,13.592149,1.876789,0.444631,13.020535,0
2016-09-26,sh.600068,8.4000,8.5900,8.1200,8.1400,8.4700,55726799,462805440.0000,3,1.343275,1,-3.896103,13.062585,1.803668,0.427308,12.513241,0
2016-09-27,sh.600068,8.1000,8.1700,7.6700,7.9400,8.1400,72630034,571772752.0000,3,1.750722,1,-2.457006,12.741637,1.759351,0.416809,12.205791,0
2016-09-28,sh.600068,7.9100,7.9300,7.7500,7.8100,7.9400,30089122,235493634.0000,3,0.725288,1,-1.637281,12.533021,1.730546,0.409984,12.005948,0
2016-09-29,sh.600068,7.7800,7.9400,7.7800,7.8100,7.8100,27416995,215021832.0000,3,0.660877,1,0.000000,12.533021,1.730546,0.409984,12.005948,0
2016-09-30,sh.600068,7.7800,7.9400,7.7700,7.9100,7.8100,28370017,222618660.0000,3,0.683849,1,1.280409,12.693495,1.752704,0.415234,12.159673,0
2016-10-10,sh.600068,7.9600,8.3100,7.9600,8.2300,7.9100,40874233,333268688.0000,3,0.985259,1,4.045508,13.207011,1.823610,0.432032,12.651594,0
2016-10-11,sh.600068,8.2300,8.2700,8.1500,8.1900,8.2300,24310076,199242218.0000,3,0.585986,1,-0.486026,13.142822,1.814747,0.429932,12.590104,0
2016-10-12,sh.600068,8.1800,8.4400,8.1600,8.4100,8.1900,44213501,368620256.0000,3,1.065751,1,2.686206,13.495865,1.863494,0.441481,12.928300,0
2016-10-13,sh.600068,8.4500,8.6100,8.3400,8.4800,8.4100,51656388,439953808.0000,3,1.245159,1,0.832339,13.608196,1.879005,0.445156,13.035907,0
2016-10-14,sh.600068,8.5100,8.6400,8.3700,8.4900,8.4800,44188069,375572480.0000,3,1.065138,1,0.117927,13.624244,1.881221,0.445681,13.051280,0
2016-10-17,sh.600068,8.5400,8.5500,8.1500,8.2300,8.4900,41742811,347491168.0000,3,1.006196,1,-3.062429,13.207011,1.823610,0.432032,12.651594,0
2016-10-18,sh.600068,8.1900,8.7000,8.1600,8.6600,8.2300,81763845,696363760.0000,3,1.970889,1,5.224792,13.897050,1.918890,0.454605,13.312613,0
2016-10-19,sh.600068,8.6200,8.7500,8.5400,8.5500,8.6600,45917326,396476400.0000,3,1.106821,1,-1.270204,13.720528,1.894516,0.448831,13.143515,0
2016-10-20,sh.600068,8.5400,8.6300,8.4100,8.4600,8.5500,29445014,249868524.0000,3,0.709762,1,-1.052633,13.576102,1.874573,0.444106,13.005162,0
2016-10-21,sh.600068,8.4400,8.8800,8.4300,8.6500,8.4600,87765274,763396016.0000,3,2.115552,1,2.245858,13.881002,1.916674,0.454080,13.297241,0
2016-10-24,sh.600068,8.7100,9.1000,8.6800,9.0000,8.6500,105118741,942818304.0000,3,2.533851,1,4.046247,14.442661,1.994227,0.472453,13.835279,0
2016-10-25,sh.600068,8.9200,8.9600,8.7000,8.8900,9.0000,69430236,611430832.0000,3,1.673592,1,-1.222218,14.266140,1.969853,0.466679,13.666181,0
2016-10-26,sh.600068,8.8500,8.8500,8.6700,8.7400,8.8900,50337332,439554080.0000,3,1.213364,1,-1.687296,14.025429,1.936616,0.458805,13.435593,0
2016-10-27,sh.600068,8.7000,8.7300,8.4300,8.5700,8.7400,56146941,479789232.0000,3,1.353403,1,-1.945081,13.752623,1.898947,0.449880,13.174260,0
2016-10-28,sh.600068,8.5500,8.6300,8.4300,8.4500,8.5700,31251410,266195002.0000,3,0.753304,1,-1.400232,13.560054,1.872358,0.443581,12.989790,0
2016-10-31,sh.600068,8.5000,8.6900,8.4800,8.6000,8.4500,42516655,365224336.0000,3,1.024849,1,1.775155,12.648129,1.839929,0.423139,4.377800,0
2016-11-01,sh.600068,8.6200,8.6700,8.5400,8.6300,8.6000,29013867,249004429.0000,3,0.699369,1,0.348834,12.692250,1.846347,0.424615,4.393071,0
2016-11-02,sh.600068,8.6200,8.6600,8.2600,8.3500,8.6300,65708736,552155968.0000,3,1.583886,1,-3.244493,12.280451,1.786443,0.410839,4.250538,0
2016-11-03,sh.600068,8.3500,8.7400,8.2500,8.6200,8.3500,90150574,770166224.0000,3,2.173048,1,3.233527,12.677543,1.844208,0.424123,4.387981,0
2016-11-04,sh.600068,8.5800,8.8900,8.5200,8.5700,8.6200,75941100,659246176.0000,3,1.830534,1,-0.580049,12.604007,1.833511,0.421663,4.362528,0
2016-11-07,sh.600068,8.5500,8.8500,8.5300,8.7600,8.5700,67429537,590459312.0000,3,1.625366,1,2.217042,12.883443,1.874160,0.431012,4.459247,0
2016-11-08,sh.600068,8.8000,8.8800,8.6900,8.7400,8.7600,48202186,423120736.0000,3,1.161897,1,-0.228316,12.854029,1.869881,0.430028,4.449066,0
2016-11-09,sh.600068,8.7100,8.7300,8.3800,8.5600,8.7400,65097429,557603856.0000,3,1.569151,1,-2.059489,12.589300,1.831371,0.421171,4.357438,0
2016-11-10,sh.600068,8.6900,8.8800,8.6500,8.6700,8.5600,65114872,570627232.0000,3,1.569572,1,1.285043,12.751079,1.854905,0.426584,4.413433,0
2016-11-11,sh.600068,8.6900,9.0800,8.6300,8.9600,8.6700,121963061,1090810288.0000,3,2.939877,1,3.344867,13.177585,1.916949,0.440852,4.561056,0
2016-11-14,sh.600068,8.9300,9.2900,8.8400,8.9400,8.9600,170668475,1545969504.0000,3,4.113905,1,-0.223219,13.148171,1.912670,0.439868,4.550876,0
2016-11-15,sh.600068,8.9100,9.0000,8.7600,8.8100,8.9400,61768934,545270704.0000,3,1.488919,1,-1.454129,12.956979,1.884858,0.433472,4.484699,0
2016-11-16,sh.600068,8.7800,8.8300,8.7000,8.7400,8.8100,40400221,353520864.0000,3,0.973833,1,-0.794559,12.854029,1.869881,0.430028,4.449066,0
2016-11-17,sh.600068,8.7000,8.9300,8.6600,8.8600,8.7400,49751157,438025456.0000,3,1.199234,1,1.372996,13.030514,1.895555,0.435932,4.510152,0
2016-11-18,sh.600068,8.9200,9.0500,8.8400,8.8600,8.8600,56315100,503489184.0000,3,1.357456,1,0.000000,13.030514,1.895555,0.435932,4.510152,0
2016-11-21,sh.600068,8.9000,9.2900,8.7400,8.9000,8.8600,177573912,1600791296.0000,3,4.280358,1,0.451467,13.089343,1.904113,0.437900,4.530514,0
2016-11-22,sh.600068,8.8600,9.2000,8.8300,8.9000,8.9000,158810395,1424289408.0000,3,3.828070,1,0.000000,13.089343,1.904113,0.437900,4.530514,0
2016-11-23,sh.600068,8.9200,9.0800,8.8300,8.9000,8.9000,106778593,955361024.0000,3,2.573861,1,0.000000,13.089343,1.904113,0.437900,4.530514,0
2016-11-24,sh.600068,9.0100,9.6800,9.0100,9.6400,8.9000,245953226,2297578160.0000,3,5.928618,1,8.314615,14.177670,2.062432,0.474310,4.907208,0
2016-11-25,sh.600068,9.5500,9.8600,9.3800,9.6900,9.6400,168943009,1625841552.0000,3,4.072313,1,0.518664,14.251206,2.073129,0.476770,4.932660,0
2016-11-28,sh.600068,9.8000,10.2900,9.7700,9.8400,9.6900,255536416,2543226096.0000,3,6.159617,1,1.547994,14.471813,2.105221,0.484150,5.009017,0
2016-11-29,sh.600068,9.8400,10.2900,9.6200,9.9900,9.8400,206445295,2066866704.0000,3,4.976293,1,1.524386,14.692419,2.137313,0.491531,5.085374,0
2016-11-30,sh.600068,9.8700,9.9900,9.4700,9.5900,9.9900,140218076,1352745200.0000,3,3.379908,1,-4.004000,14.104134,2.051735,0.471850,4.881756,0
2016-12-01,sh.600068,9.6000,9.6900,9.4300,9.6500,9.5900,110107950,1054358864.0000,3,2.654114,1,0.625646,14.192377,2.064572,0.474802,4.912299,0
2016-12-02,sh.600068,9.6300,10.0600,9.5400,9.8000,9.6500,149095209,1466384144.0000,3,3.593889,1,1.554410,14.412984,2.096663,0.482182,4.988656,0
2016-12-05,sh.600068,9.5400,9.5400,9.0200,9.1300,9.8000,166366565,1533862752.0000,3,4.010209,1,-6.836735,13.427607,1.953320,0.449217,4.647594,0
2016-12-06,sh.600068,9.1300,9.1900,8.9400,9.0100,9.1300,83148524,749687744.0000,3,2.004266,1,-1.314347,13.251121,1.927647,0.443312,4.586509,0
2016-12-07,sh.600068,9.0200,9.2800,8.9700,9.2300,9.0100,61260625,560522128.0000,3,1.476666,1,2.441724,13.574678,1.974715,0.454137,4.698499,0
2016-12-08,sh.600068,9.2500,9.2600,9.0800,9.1100,9.2300,40803942,373870496.0000,3,0.983565,1,-1.300107,13.398192,1.949041,0.448233,4.637413,0
2016-12-09,sh.600068,9.1000,9.3700,9.0600,9.2500,9.1100,76338928,704891504.0000,3,1.840124,1,1.536777,13.604092,1.978993,0.455121,4.708680,0
2016-12-12,sh.600068,9.2000,9.2100,8.5800,8.8200,9.2500,130707843,1151541008.0000,3,3.150667,1,-4.648652,12.971686,1.886997,0.433964,4.489790,0
2016-12-13,sh.600068,8.7400,8.8300,8.5300,8.6900,8.8200,59809558,518922000.0000,3,1.441689,1,-1.473924,12.780493,1.859184,0.427568,4.423614,0
2016-12-14,sh.600068,8.7000,8.7800,8.5200,8.5300,8.6900,54628433,473786560.0000,3,1.316800,1,-1.841195,12.545179,1.824953,0.419695,4.342166,0
2016-12-15,sh.600068,8.5100,8.5800,8.2900,8.4300,8.5300,61556040,519670176.0000,3,1.483787,1,-1.172326,12.398108,1.803558,0.414775,4.291262,0
2016-12-16,sh.600068,8.4300,8.5600,8.3300,8.5100,8.4300,38279219,324166448.0000,3,0.922707,1,0.948991,12.515765,1.820674,0.418711,4.331986,0
2016-12-19,sh.600068,8.5400,8.5400,8.3800,8.4700,8.5100,33718283,284295584.0000,3,0.812768,1,-0.470035,12.456936,1.812116,0.416743,4.311624,0
2016-12-20,sh.600068,8.4800,8.5300,8.3500,8.4500,8.4700,28176607,237198182.0000,3,0.679187,1,-0.236133,12.427522,1.807837,0.415759,4.301443,0
2016-12-21,sh.600068,8.4600,8.6600,8.4000,8.6200,8.4500,52350358,447150576.0000,3,1.261887,1,2.011835,12.677543,1.844208,0.424123,4.387981,0
2016-12-22,sh.600068,8.6000,8.6900,8.5400,8.6700,8.6200,36593292,316037776.0000,3,0.882069,1,0.580049,12.751079,1.854905,0.426584,4.413433,0
2016-12-23,sh.600068,8.6600,8.7800,8.5800,8.6500,8.6700,45451614,395004272.0000,3,1.095595,1,-0.230686,12.721665,1.850626,0.425600,4.403252,0
2016-12-26,sh.600068,8.6000,8.9500,8.4200,8.8700,8.6500,56929251,494473088.0000,3,1.372260,1,2.543356,13.045221,1.897694,0.436424,4.515242,0
2016-12-27,sh.600068,9.2900,9.4800,9.0800,9.1000,8.8700,109661295,1009895200.0000,3,2.643348,1,2.593016,13.383485,1.946902,0.447741,4.632323,0
2016-12-28,sh.600068,9.1500,9.2300,9.0100,9.0800,9.1000,45303776,412754304.0000,3,1.092032,1,-0.219785,13.354071,1.942623,0.446756,4.622142,0
2016-12-29,sh.600068,9.0100,9.2900,8.9900,9.1900,9.0800,49115057,451361344.0000,3,1.183902,1,1.211450,13.515849,1.966157,0.452169,4.678137,0
2016-12-30,sh.600068,9.1900,9.2800,9.0200,9.1900,9.1900,34710012,318264096.0000,3,0.836673,1,0.000000,13.515849,1.966157,0.452169,4.678137,0
2017-01-03,sh.600068,9.1900,9.3500,9.1500,9.2500,9.1900,36739007,339746720.0000,3,0.885581,1,0.652888,13.604092,1.978993,0.455121,4.708680,0
2017-01-04,sh.600068,9.2200,9.2800,9.1800,9.2400,9.2500,37787676,348535888.0000,3,0.910859,1,-0.108111,13.589385,1.976854,0.454629,4.703589,0
2017-01-05,sh.600068,9.2700,9.3100,9.0700,9.1200,9.2400,41308766,378515136.0000,3,0.995734,1,-1.298700,13.412899,1.951181,0.448725,4.642504,0
2017-01-06,sh.600068,9.1800,9.3600,9.1400,9.2800,9.1200,64791811,601390736.0000,3,1.561784,1,1.754384,13.648213,1.985412,0.456597,4.723951,0
2017-01-09,sh.600068,9.2900,9.7000,9.2600,9.5900,9.2800,72327746,689749712.0000,3,1.743435,1,3.340522,14.104134,2.051735,0.471850,4.881756,0
2017-01-10,sh.600068,9.5600,9.5800,9.4000,9.5000,9.5900,45877679,435649520.0000,3,1.105866,1,-0.938479,13.971770,2.032480,0.467421,4.835942,0
2017-01-11,sh.600068,9.5000,9.5200,9.1600,9.1800,9.5000,54849955,509343056.0000,3,1.322139,1,-3.368418,13.501142,1.964017,0.451677,4.673047,0
2017-01-12,sh.600068,9.2700,9.2700,9.0600,9.0900,9.1800,29120354,265501143.0000,3,0.701936,1,-0.980394,13.368778,1.944762,0.447249,4.627233,0
2017-01-13,sh.600068,9.1500,9.1800,9.0300,9.1400,9.0900,29833482,271899952.0000,3,0.719126,1,0.550057,13.442314,1.955459,0.449709,4.652685,0
2017-01-16,sh.600068,9.2200,9.2500,8.8800,9.2300,9.1400,69786719,635547504.0000,3,1.682185,1,0.984674,13.574678,1.974715,0.454137,4.698499,0
2017-01-17,sh.600068,9.2100,9.2400,9.0800,9.2300,9.2300,19543384,179301096.0000,3,0.471087,1,0.000000,13.574678,1.974715,0.454137,4.698499,0
2017-01-18,sh.600068,9.2300,9.6300,9.2200,9.4700,9.2300,77308913,734816320.0000,3,1.863505,1,2.600225,13.927649,2.026061,0.465945,4.820670,0
2017-01-19,sh.600068,9.4100,9.7500,9.4000,9.5500,9.4700,70139065,674513088.0000,3,1.690678,1,0.844772,14.045306,2.043177,0.469882,4.861394,0
2017-01-20,sh.600068,9.5300,9.7300,9.5200,9.5900,9.5500,34394563,330586464.0000,3,0.829069,1,0.418848,14.104134,2.051735,0.471850,4.881756,0
2017-01-23,sh.600068,9.6000,9.8600,9.6000,9.8100,9.5900,53726381,525494512.0000,3,1.295056,1,2.294059,14.427691,2.098803,0.482674,4.993746,0
2017-01-24,sh.600068,9.8000,9.8500,9.6800,9.7900,9.8100,36030667,352680880.0000,3,0.868507,1,-0.203878,14.398277,2.094524,0.481690,4.983565,0
2017-01-25,sh.600068,9.7800,10.0900,9.7000,10.0000,9.7900,61385010,613657616.0000,3,1.479664,1,2.145046,14.707127,2.139452,0.492023,5.090465,0
2017-01-26,sh.600068,10.0500,10.2200,9.8600,9.9100,10.0000,48539525,485568064.0000,3,1.170029,1,-0.900002,14.574762,2.120197,0.487594,5.044651,0
2017-02-03,sh.600068,9.8900,9.9600,9.8100,9.8700,9.9100,28697888,283525376.0000,3,0.691753,1,-0.403632,14.515934,2.111640,0.485626,5.024289,0
2017-02-06,sh.600068,9.8500,10.2300,9.8200,10.2000,9.8700,69687549,706402304.0000,3,1.679794,1,3.343464,15.001269,2.182241,0.501863,5.192274,0
2017-02-07,sh.600068,10.1800,10.1900,9.9500,9.9900,10.2000,54117438,543407728.0000,3,1.304482,1,-2.058824,14.692419,2.137313,0.491531,5.085374,0
2017-02-08,sh.600068,10.0000,10.0900,9.9100,10.0800,9.9900,46357041,463795984.0000,3,1.117420,1,0.900902,14.824784,2.156568,0.495959,5.131189,0
2017-02-09,sh.600068,10.0000,10.4900,10.0000,10.2900,10.0800,97561729,1006417344.0000,3,2.351692,1,2.083334,15.133633,2.201497,0.506291,5.238088,0
2017-02-10,sh.600068,10.3000,10.9300,10.3000,10.8600,10.2900,144063551,1545520608.0000,3,3.472602,1,5.539356,15.971939,2.323445,0.534337,5.528245,0
2017-02-13,sh.600068,10.9800,11.3700,10.7200,10.8700,10.8600,141382791,1558041280.0000,3,3.407983,1,0.092083,15.986647,2.325585,0.534829,5.533335,0
2017-02-14,sh.600068,10.9000,11.5500,10.7200,11.5200,10.8700,144176662,1608802032.0000,3,3.475329,1,5.979766,16.942610,2.464649,0.566810,5.864215,0
2017-02-15,sh.600068,11.4500,11.4500,11.1400,11.2500,11.5200,110145555,1242390720.0000,3,2.655021,1,-2.343754,16.545517,2.406884,0.553525,5.726773,0
2017-02-16,sh.600068,11.1700,11.4200,11.1500,11.3200,11.2500,69807839,787299888.0000,3,1.682694,1,0.622220,16.648467,2.421860,0.556970,5.762406,0
2017-02-17,sh.600068,11.3200,11.3400,10.7800,10.9300,11.3200,112040189,1230365776.0000,3,2.700690,1,-3.445225,16.074889,2.338421,0.537781,5.563878,0
2017-02-20,sh.600068,10.8600,11.2500,10.8600,11.1200,10.9300,86299269,958842784.0000,3,2.080214,1,1.738331,16.354325,2.379071,0.547129,5.660597,0
2017-02-21,sh.600068,11.1500,11.1600,10.9100,11.0200,11.1200,68946333,758508400.0000,3,1.661928,1,-0.899276,16.207254,2.357677,0.542209,5.609692,0
2017-02-22,sh.600068,11.0000,11.2700,10.9100,11.2400,11.0200,77343570,859046256.0000,3,1.864340,1,1.996364,16.530810,2.404744,0.553033,5.721682,0
2017-02-23,sh.600068,11.2400,11.2400,10.8400,10.9000,11.2400,91888432,1011750880.0000,3,2.214939,1,-3.024912,16.030768,2.332003,0.536305,5.548607,0
2017-02-24,sh.600068,10.9000,10.9000,10.6100,10.8100,10.9000,76081720,816214400.0000,3,1.833924,1,-0.825681,15.898404,2.312748,0.531876,5.502792,0
2017-02-27,sh.600068,10.8000,10.9700,10.7100,10.8300,10.8100,53715707,582372896.0000,3,1.294799,1,0.185009,15.927818,2.317027,0.532860,5.512973,0
2017-02-28,sh.600068,10.8000,11.1200,10.7200,11.0800,10.8300,65541988,718326768.0000,3,1.579867,1,2.308403,16.295496,2.370513,0.545161,5.640235,0
2017-03-01,sh.600068,11.0600,11.2100,10.9600,11.0100,11.0800,66534864,737661488.0000,3,1.603800,1,-0.631766,16.192546,2.355537,0.541717,5.604602,0
2017-03-02,sh.600068,11.0300,11.0800,10.7100,10.7400,11.0100,61007034,662836896.0000,3,1.470554,1,-2.452320,15.795454,2.297772,0.528432,5.467159,0
2017-03-03,sh.600068,10.6700,10.7900,10.4600,10.6800,10.7400,68241159,723319856.0000,3,1.644930,1,-0.558654,15.707211,2.284935,0.525480,5.436616,0
2017-03-06,sh.600068,10.6200,10.8100,10.5700,10.6800,10.6800,56938872,608413728.0000,3,1.372492,1,0.000000,15.707211,2.284935,0.525480,5.436616,0
2017-03-07,sh.600068,10.6500,10.6800,10.4900,10.5600,10.6800,49915282,526923472.0000,3,1.203191,1,-1.123594,15.530726,2.259262,0.519576,5.375531,0
2017-03-08,sh.600068,10.5300,10.7800,10.5000,10.6400,10.5600,51322318,549560048.0000,3,1.237107,1,0.757575,15.648383,2.276377,0.523512,5.416255,0
2017-03-09,sh.600068,10.7300,10.8700,10.6400,10.7100,10.6400,60724258,654520896.0000,3,1.463737,1,0.657892,15.751333,2.291354,0.526956,5.451888,0
2017-03-10,sh.600068,10.6300,10.6900,10.5300,10.5600,10.7100,38202481,404045328.0000,3,0.920858,1,-1.400557,15.530726,2.259262,0.519576,5.375531,0
2017-03-13,sh.600068,10.5600,10.9900,10.5500,10.9800,10.5600,81263353,881120512.0000,3,1.958825,1,3.977264,16.148425,2.349119,0.540241,5.589330,0
2017-03-14,sh.600068,10.9800,11.0300,10.8800,11.0000,10.9800,55950847,612851696.0000,3,1.348676,1,0.182153,16.177839,2.353398,0.541225,5.599511,0
2017-03-15,sh.600068,10.9600,11.1500,10.8500,11.1000,11.0000,67735723,747337312.0000,3,1.632746,1,0.909094,16.324911,2.374792,0.546145,5.650416,0
2017-03-16,sh.600068,11.2000,11.4400,11.1300,11.2300,11.1000,79764603,900788656.0000,3,1.922698,1,1.171164,16.516103,2.402605,0.552541,5.716592,0
2017-03-17,sh.600068,11.2300,11.4000,11.0500,11.1200,11.2300,55871789,628219824.0000,3,1.346770,1,-0.979516,16.354325,2.379071,0.547129,5.660597,0
2017-03-20,sh.600068,11.1900,11.3100,11.0000,11.2400,11.1200,54494656,609669696.0000,3,1.313575,1,1.079136,16.530810,2.404744,0.553033,5.721682,0
2017-03-21,sh.600068,11.2600,11.8000,11.2600,11.7400,11.2400,116052285,1349917584.0000,3,2.797400,1,4.448399,17.266167,2.511717,0.577635,5.976206,0
2017-03-22,sh.600068,11.7200,12.5800,11.6200,12.2200,11.7400,155668007,1895373072.0000,3,3.752324,1,4.088590,17.972109,2.614411,0.601252,6.220548,0
2017-03-23,sh.600068,12.2500,12.3400,11.8000,12.1600,12.2200,94135700,1135602672.0000,3,2.269109,1,-0.491002,17.883866,2.601574,0.598299,6.190005,0
2017-03-24,sh.600068,12.1900,12.4900,11.9300,12.1700,12.1600,119677008,1459862928.0000,3,2.884773,1,0.082239,17.898573,2.603714,0.598791,6.195096,0
2017-03-27,sh.600068,12.1500,12.4500,11.8600,11.8800,12.1700,80726972,977766032.0000,3,1.753113,1,-2.382908,17.472066,2.541669,0.584523,6.047472,0
2017-03-28,sh.600068,11.8300,12.0300,11.6700,11.8800,11.8800,50276399,595340816.0000,3,1.091831,1,0.000000,17.472066,2.541669,0.584523,6.047472,0
2017-03-29,sh.600068,11.8800,12.2500,11.7500,12.0700,11.8800,62025993,745532464.0000,3,1.346992,1,1.599323,17.751502,2.582319,0.593871,6.144191,0
2017-03-30,sh.600068,12.1000,12.2500,11.7000,11.8600,12.0700,78867092,944495680.0000,3,1.712723,1,-1.739851,16.084722,2.424814,0.544742,13.690078,0
2017-03-31,sh.600068,11.8800,11.9900,11.5400,11.7700,11.8600,45628059,534565392.0000,3,0.990885,1,-0.758847,15.962663,2.406413,0.540608,13.586190,0
2017-04-05,sh.600068,12.0000,12.2300,11.8000,12.1400,11.7700,100107300,1209983664.0000,3,2.173988,1,3.143584,16.464463,2.482060,0.557603,14.013283,0
2017-04-06,sh.600068,12.2400,12.7500,12.0900,12.6700,12.1400,125243743,1564826832.0000,3,2.719865,1,4.365731,17.183257,2.590421,0.581946,14.625066,0
2017-04-07,sh.600068,12.6000,12.9400,12.4600,12.6800,12.6700,73137400,927732240.0000,3,1.588294,1,0.078928,17.196819,2.592465,0.582406,14.636609,0
2017-04-10,sh.600068,12.7000,13.0500,12.6000,12.8300,12.6800,71580760,917205584.0000,3,1.554489,1,1.182962,17.400252,2.623133,0.589295,14.809755,0
2017-04-11,sh.600068,13.0900,13.1400,12.3700,12.9100,12.8300,93152577,1188569856.0000,3,2.022955,1,0.623538,17.508749,2.639489,0.592970,14.902100,0
2017-04-12,sh.600068,12.8900,13.0000,12.6500,12.7300,12.9100,46467173,592750640.0000,3,1.009108,1,-1.394270,17.264630,2.602688,0.584702,14.694324,0
2017-04-13,sh.600068,12.7200,12.8300,12.6000,12.7200,12.7300,30908186,393259488.0000,3,0.671220,1,-0.078549,17.251068,2.600643,0.584243,14.682781,0
2017-04-14,sh.600068,12.7300,12.9000,12.6100,12.7200,12.7200,48502741,618016128.0000,3,1.053313,1,0.000000,17.251068,2.600643,0.584243,14.682781,0
2017-04-17,sh.600068,12.7000,12.8500,12.5100,12.8000,12.7200,46151923,586567456.0000,3,1.002262,1,0.628930,17.359565,2.616999,0.587917,14.775126,0
2017-04-18,sh.600068,12.8000,13.2500,12.7600,13.0500,12.8000,91566823,1191422208.0000,3,1.988518,1,1.953125,17.698619,2.668113,0.599400,15.063703,0
2017-04-19,sh.600068,12.9500,13.0700,12.6400,12.9200,13.0500,67482277,865046976.0000,3,1.465484,1,-0.996169,17.522311,2.641534,0.593429,14.913643,0
2017-04-20,sh.600068,12.8700,13.3900,12.7700,13.3700,12.9200,106843465,1409823344.0000,3,2.320274,1,3.482971,18.132608,2.733538,0.614098,15.433081,0
2017-04-21,sh.600068,13.3900,13.4700,12.9300,13.1500,13.3700,84388413,1111365168.0000,3,1.832627,1,-1.645477,17.834241,2.688558,0.603993,15.179133,0
2017-04-24,sh.600068,13.0800,13.0800,11.8400,11.9600,13.1500,167736107,2025239552.0000,3,3.642654,1,-9.049427,16.220344,2.445259,0.549335,13.805508,0
2017-04-25,sh.600068,11.7500,11.9500,11.1100,11.6000,11.9600,110267429,1274153216.0000,3,2.394631,1,-3.010031,15.732106,2.371656,0.532800,13.389958,0
2017-04-26,sh.600068,11.6300,11.7800,11.4800,11.7300,11.6000,77567388,902258880.0000,3,1.684498,1,1.120682,15.908414,2.398235,0.538771,13.540018,0
2017-04-27,sh.600068,11.6800,12.0900,11.1700,12.0400,11.7300,100388032,1172967488.0000,3,2.180084,1,2.642800,16.328841,2.461615,0.553010,13.897853,0
2017-04-28,sh.600068,12.0000,12.0400,11.6300,11.9400,12.0400,68704575,814557120.0000,3,1.492028,1,-0.830568,16.193220,2.441170,0.548417,13.782422,0
2017-05-02,sh.600068,11.7500,12.2500,11.7400,12.2000,11.9400,78044474,944395504.0000,3,1.694859,1,2.177557,16.069468,2.422773,0.526893,13.076041,0
2017-05-03,sh.600068,12.2200,12.4700,12.0500,12.1900,12.2000,63201373,775305360.0000,3,1.372517,1,-0.081969,16.056296,2.420787,0.526461,13.065323,0
2017-05-04,sh.600068,12.1100,12.3500,11.7100,11.9900,12.1900,108946458,1301012480.0000,3,2.365944,1,-1.640687,15.792863,2.381070,0.517823,12.850962,0
2017-05-05,sh.600068,11.8400,11.8700,11.5100,11.6700,11.9900,87749569,1025178768.0000,3,1.905620,1,-2.668888,15.371368,2.317522,0.504003,12.507984,0
2017-05-08,sh.600068,11.5800,11.8000,10.5300,10.9700,11.6700,161746024,1777888064.0000,3,3.512570,1,-5.998284,14.449350,2.178510,0.473772,11.757719,0
2017-05-09,sh.600068,10.8000,10.9500,10.5600,10.7900,10.9700,68376306,736847568.0000,3,1.484899,1,-1.640841,14.212259,2.142764,0.465998,11.564794,0
2017-05-10,sh.600068,10.9300,11.0400,10.5000,10.5200,10.7900,66077420,711239808.0000,3,1.434975,1,-2.502312,13.856623,2.089145,0.454337,11.275406,0
2017-05-11,sh.600068,10.4000,10.9300,10.3500,10.9100,10.5200,73532434,781311472.0000,3,1.596873,1,3.707219,14.370319,2.166595,0.471180,11.693411,0
2017-05-12,sh.600068,10.8700,11.0700,10.8000,10.8600,10.9100,66979483,733044576.0000,3,1.454565,1,-0.458297,14.304461,2.156665,0.469021,11.639820,0
2017-05-15,sh.600068,10.9700,11.0400,10.1300,10.2600,10.8600,106961982,1123548272.0000,3,2.322848,1,-5.524857,13.514159,2.037512,0.443108,10.996736,0
2017-05-16,sh.600068,10.2200,10.4600,9.8500,10.3800,10.2600,110095050,1114124336.0000,3,2.390888,1,1.169590,13.672220,2.061343,0.448291,11.125353,0
2017-05-17,sh.600068,10.3600,10.8600,10.3000,10.6000,10.3800,91923288,979508928.0000,3,1.996259,1,2.119463,13.961997,2.105032,0.457792,11.361151,0
2017-05-18,sh.600068,10.4900,10.8100,10.3600,10.5600,10.6000,50722215,538997936.0000,3,1.101513,1,-0.377358,13.909310,2.097089,0.456065,11.318278,0
2017-05-19,sh.600068,10.5300,10.6400,10.2300,10.2700,10.5600,53714716,555420944.0000,3,1.166500,1,-2.746212,13.527331,2.039498,0.443540,11.007454,0
2017-05-22,sh.600068,10.2500,10.3100,9.9600,10.0400,10.2700,63616241,642382224.0000,3,1.381527,1,-2.239537,13.224382,1.993823,0.433607,10.760939,0
2017-05-23,sh.600068,9.9800,10.0100,9.4700,9.7000,10.0400,98384758,957998208.0000,3,2.136580,1,-3.386456,12.776544,1.926303,0.418923,10.396525,0
2017-05-24,sh.600068,9.6400,9.7400,9.3500,9.7300,9.7000,53254567,510476480.0000,3,1.156507,1,0.309276,12.816059,1.932261,0.420219,10.428679,0
2017-05-25,sh.600068,9.6900,10.0500,9.5500,10.0100,9.7300,80733510,793750800.0000,3,1.753255,1,2.877705,13.184867,1.987865,0.432311,10.728785,0
2017-05-26,sh.600068,10.0500,10.3700,9.9900,10.1900,10.0100,81817576,837490656.0000,3,1.776798,1,1.798195,13.421957,2.023611,0.440085,10.921710,0
2017-05-31,sh.600068,10.4200,10.4500,10.1000,10.1700,10.1900,55124629,564673072.0000,3,1.197118,1,-0.196266,13.395614,2.019640,0.439221,10.900274,0
2017-06-01,sh.600068,10.1100,10.1400,9.8500,9.9300,10.1700,61218630,609480544.0000,3,1.329459,1,-2.359880,13.079493,1.971978,0.428856,10.643040,0
2017-06-02,sh.600068,9.9300,10.0700,9.7000,10.0000,9.9300,51468405,511947024.0000,3,1.117718,1,0.704932,13.171695,1.985880,0.431879,10.718067,0
2017-06-05,sh.600068,10.0700,10.3800,10.0100,10.3700,10.0000,73868385,754267408.0000,3,1.604168,1,3.699999,13.659048,2.059357,0.447859,11.114635,0
2017-06-06,sh.600068,10.2300,10.3400,10.1700,10.2700,10.3700,50185201,514330704.0000,3,1.089851,1,-0.964315,13.527331,2.039498,0.443540,11.007454,0
2017-06-07,sh.600068,10.2500,10.5600,10.2500,10.5000,10.2700,70711141,740723648.0000,3,1.535604,1,2.239528,13.830280,2.085174,0.453473,11.253970,0
2017-06-08,sh.600068,10.4900,10.8800,10.4900,10.8700,10.5000,93124527,1001997936.0000,3,2.022346,1,3.523808,14.317633,2.158651,0.469453,11.650538,0
2017-06-09,sh.600068,10.9000,11.3000,10.8000,11.1700,10.8700,108597361,1207780592.0000,3,2.358363,1,2.759891,14.712784,2.218228,0.482409,11.972080,0
2017-06-12,sh.600068,11.1800,11.2400,11.0200,11.1000,11.1700,49323530,548545424.0000,3,1.071138,1,-0.626676,14.620582,2.204326,0.479386,11.897054,0
2017-06-13,sh.600068,11.1000,11.2000,10.9700,11.0900,11.1000,50829606,561901104.0000,3,1.103845,1,-0.090092,14.607410,2.202340,0.478954,11.886336,0
2017-06-14,sh.600068,11.1100,11.1800,10.7900,10.8400,11.0900,60580554,665140336.0000,3,1.315602,1,-2.254283,14.278118,2.152694,0.468157,11.618384,0
2017-06-15,sh.600068,10.8100,10.9200,10.6600,10.8000,10.8400,59123260,636211536.0000,3,1.283955,1,-0.369003,14.225431,2.144750,0.466430,11.575512,0
2017-06-16,sh.600068,10.7800,10.8000,10.5800,10.6700,10.8000,48206259,514248752.0000,3,1.046875,1,-1.203705,14.054199,2.118934,0.460815,11.436177,0
2017-06-19,sh.600068,10.7500,11.0600,10.7200,11.0500,10.6700,84618180,926165872.0000,3,1.837617,1,3.561388,14.554723,2.194397,0.477227,11.843464,0
2017-06-20,sh.600068,11.0500,11.2800,10.9600,10.9800,11.0500,72055932,803584224.0000,3,1.564808,1,-0.633490,14.462521,2.180496,0.474203,11.768437,0
2017-06-21,sh.600068,11.1200,11.1700,10.9000,11.0600,10.9800,47294957,520717744.0000,3,1.027085,1,0.728605,14.567895,2.196383,0.477658,11.854182,0
2017-06-22,sh.600068,11.0700,11.1700,10.9000,10.9100,11.0600,68510045,758965568.0000,3,1.487804,1,-1.356244,14.370319,2.166595,0.471180,11.693411,0
2017-06-23,sh.600068,10.8600,11.0200,10.7000,10.9900,10.9100,55584162,601660128.0000,3,1.207098,1,0.733271,14.475693,2.182482,0.474635,11.779155,0
2017-06-26,sh.600068,10.7500,11.1500,10.7200,11.1100,10.7800,81853581,897766128.0000,3,1.777580,1,3.061224,14.633753,2.206312,0.479818,11.907772,0
2017-06-27,sh.600068,11.1100,11.4800,11.0800,11.0900,11.1100,80902368,908588480.0000,3,1.756922,1,-0.180014,14.607410,2.202340,0.478954,11.886336,0
2017-06-28,sh.600068,11.0900,11.0900,10.9000,11.0800,11.0900,45765354,503615680.0000,3,0.993867,1,-0.090173,14.594238,2.200355,0.478522,11.875618,0
2017-06-29,sh.600068,11.0600,11.3500,11.0500,11.2200,11.0800,62499267,701970448.0000,3,1.357270,1,1.263541,14.778642,2.228157,0.484569,12.025671,0
2017-06-30,sh.600068,11.1800,11.3500,11.1000,11.2400,11.2200,44449297,500285392.0000,3,0.965287,1,0.178249,14.804985,2.232129,0.485432,12.047107,0
2017-07-03,sh.600068,11.2500,11.4700,11.2400,11.3200,11.2400,59886974,679242240.0000,3,1.300540,1,0.711743,14.910359,2.248016,0.488887,12.132851,0
2017-07-04,sh.600068,11.3300,11.3300,10.8900,10.9100,11.3200,90789857,1002329904.0000,3,1.971645,1,-3.621907,14.370319,2.166595,0.471180,11.693411,0
2017-07-05,sh.600068,10.9100,11.1000,10.8000,11.0900,10.9100,46450169,508654672.0000,3,1.008739,1,1.649865,14.607410,2.202340,0.478954,11.886336,0
2017-07-06,sh.600068,11.1100,11.3000,11.1100,11.2400,11.0900,68682197,770208688.0000,3,1.491542,1,1.352566,14.804985,2.232129,0.485432,12.047107,0
2017-07-07,sh.600068,11.2800,11.2800,11.0600,11.1100,11.2400,45317014,503428576.0000,3,0.984130,1,-1.156585,14.633753,2.206312,0.479818,11.907772,0
2017-07-10,sh.600068,11.1800,11.3800,11.1000,11.3300,11.1100,82762244,934977712.0000,3,1.797313,1,1.980200,14.923531,2.250002,0.489319,12.143569,0
2017-07-11,sh.600068,11.3300,11.3400,11.1000,11.1700,11.3300,55474471,620570880.0000,3,1.204716,1,-1.412179,14.712784,2.218228,0.482409,11.972080,0
2017-07-12,sh.600068,11.1000,11.1400,10.8900,10.9700,11.1700,66986850,735414256.0000,3,1.454725,1,-1.790509,14.449350,2.178510,0.473772,11.757719,0
2017-07-13,sh.600068,10.9000,11.3900,10.9000,11.3800,10.9700,118324234,1331784848.0000,3,2.569597,1,3.737464,14.989389,2.259931,0.491479,12.197160,0
2017-07-14,sh.600068,11.3800,11.5400,11.2800,11.3700,11.3800,78651391,897581856.0000,3,1.708039,1,-0.087875,14.976217,2.257945,0.491047,12.186442,0
2017-07-17,sh.600068,11.3300,11.4700,10.8900,11.0500,11.3700,92569644,1029108960.0000,3,2.010296,1,-2.814421,14.554723,2.194397,0.477227,11.843464,0
2017-07-18,sh.600068,11.0000,11.3000,10.8500,11.2900,11.0500,93904932,1037879904.0000,3,2.039294,1,2.171943,14.870844,2.242058,0.487592,12.100697,0
2017-07-19,sh.600068,11.2700,11.9300,11.1400,11.8200,11.2900,200302472,2344196528.0000,3,4.349884,1,4.694417,15.568944,2.347310,0.510481,12.668755,0
2017-07-20,sh.600068,11.8100,12.1300,11.7500,11.8300,11.8200,120802148,1440856560.0000,3,2.623409,1,0.084604,15.582115,2.349296,0.510913,12.679473,0
2017-07-21,sh.600068,11.8600,12.1900,11.8600,11.9700,11.8300,105923704,1275141088.0000,3,2.300300,1,1.183435,15.766519,2.377098,0.516960,12.829526,0
2017-07-24,sh.600068,11.9200,12.3400,11.7700,11.9400,11.9700,98770959,1190927792.0000,3,2.144967,1,-0.250632,15.727004,2.371140,0.515664,12.797372,0
2017-07-25,sh.600068,11.9900,12.0100,11.4800,11.6500,11.9400,108632901,1265305168.0000,3,2.359135,1,-2.428811,15.345025,2.313550,0.503139,12.486548,0
2017-07-26,sh.600068,11.6600,11.7000,11.3900,11.5700,11.6500,72232417,830019904.0000,3,1.568641,1,-0.686695,15.239651,2.297663,0.499684,12.400803,0
2017-07-27,sh.600068,11.5500,11.5500,11.2200,11.3900,11.5700,76827264,872668720.0000,3,1.668425,1,-1.555742,15.002561,2.261917,0.491911,12.207878,0
2017-07-28,sh.600068,11.3600,11.5000,11.3000,11.4200,11.3900,56421101,643574464.0000,3,1.225273,1,0.263387,15.042076,2.267875,0.493206,12.240032,0
2017-07-31,sh.600068,11.3500,11.4500,11.2000,11.3800,11.4200,65664517,744642816.0000,3,1.426008,1,-0.350262,14.989389,2.259931,0.491479,12.197160,0
2017-08-01,sh.600068,11.4200,11.6300,11.3500,11.5600,11.3800,74905235,863098160.0000,3,1.626685,1,1.581725,15.226480,2.295677,0.499252,12.390085,0
2017-08-02,sh.600068,11.5600,11.5900,10.8800,10.9400,11.5600,185475993,2062022368.0000,3,4.027904,1,-5.363329,14.409835,2.172552,0.472476,11.725565,0
2017-08-03,sh.600068,10.9200,10.9200,10.3300,10.4700,10.9400,182372295,1922421072.0000,3,3.960502,1,-4.296155,13.790765,2.079216,0.452178,11.221816,0
2017-08-04,sh.600068,10.4200,10.6600,10.4100,10.5200,10.4700,68525291,724339984.0000,3,1.488135,1,0.477557,13.856623,2.089145,0.454337,11.275406,0
2017-08-07,sh.600068,10.5200,10.6200,10.4000,10.5500,10.5200,55314078,581532320.0000,3,1.201232,1,0.285169,13.896138,2.095103,0.455633,11.307560,0
2017-08-08,sh.600068,10.5500,10.6300,10.4400,10.5600,10.5500,46779265,493493968.0000,3,1.015885,1,0.094789,13.909310,2.097089,0.456065,11.318278,0
2017-08-09,sh.600068,10.5100,10.5500,10.3000,10.3800,10.5600,63518639,660618576.0000,3,1.379407,1,-1.704548,13.672220,2.061343,0.448291,11.125353,0
2017-08-10,sh.600068,10.3800,10.4600,10.2000,10.2700,10.3800,56073147,577963440.0000,3,1.217717,1,-1.059727,13.527331,2.039498,0.443540,11.007454,0
2017-08-11,sh.600068,10.2700,10.3800,10.0800,10.0900,10.2700,50462923,514724672.0000,3,1.095882,1,-1.752681,13.290240,2.003753,0.435766,10.814529,0
2017-08-14,sh.600068,10.0900,10.5200,10.0900,10.4900,10.0900,72139998,746537952.0000,3,1.566634,1,3.964317,13.817108,2.083188,0.453041,11.243252,0
2017-08-15,sh.600068,10.4900,10.5400,10.3500,10.3900,10.4900,35411689,369277104.0000,3,0.769021,1,-0.953283,13.685391,2.063329,0.448723,11.136071,0
2017-08-16,sh.600068,10.3900,10.4600,10.3000,10.3900,10.3900,32519537,336782464.0000,3,0.706213,1,0.000000,13.685391,2.063329,0.448723,11.136071,0
2017-08-17,sh.600068,10.4000,10.6300,10.3700,10.5700,10.3900,65862253,695670416.0000,3,1.430303,1,1.732429,13.922482,2.099075,0.456496,11.328996,0
2017-08-18,sh.600068,10.5000,10.6700,10.4600,10.5500,10.5700,49270245,520986576.0000,3,1.069981,1,-0.189210,13.896138,2.095103,0.455633,11.307560,0
2017-08-21,sh.600068,10.6000,10.6800,10.4900,10.5700,10.5500,38161186,403417632.0000,3,0.828730,1,0.189569,13.922482,2.099075,0.456496,11.328996,0
2017-08-22,sh.600068,10.6200,10.6700,10.4000,10.4500,10.5700,46918635,493747840.0000,3,1.018912,1,-1.135288,13.764422,2.075244,0.451314,11.200380,0
2017-08-23,sh.600068,10.4500,10.4900,10.2900,10.3200,10.4500,38691628,400492784.0000,3,0.840250,1,-1.244020,13.593189,2.049428,0.445699,11.061045,0
2017-08-24,sh.600068,10.3200,10.3300,10.1200,10.2000,10.3200,49830264,507813232.0000,3,1.082143,1,-1.162790,13.435129,2.025597,0.440517,10.932428,0
2017-08-25,sh.600068,10.2000,10.5800,10.1600,10.5500,10.2000,80886111,841081088.0000,3,1.756569,1,3.431376,13.896138,2.095103,0.455633,11.307560,0
2017-08-28,sh.600068,10.5100,10.8100,10.4900,10.6600,10.5500,102324681,1095429008.0000,3,2.222142,1,1.042651,14.041027,2.116948,0.460383,11.425459,0
2017-08-29,sh.600068,10.6800,10.7500,10.5900,10.6100,10.6600,43400024,461659408.0000,3,0.942500,1,-0.469045,13.975169,2.107018,0.458224,11.371869,0
2017-08-30,sh.600068,10.6100,10.7500,10.5700,10.6600,10.6100,40355667,429423792.0000,3,0.876387,1,0.471255,14.041027,2.116948,0.460383,11.425459,0
2017-08-31,sh.600068,10.7600,10.7800,10.5000,10.6300,10.6600,50803870,539086016.0000,3,1.103286,1,-0.281423,13.274178,2.095909,0.440335,9.086517,0
2017-09-01,sh.600068,10.6000,10.6700,10.4900,10.5400,10.6300,46379239,489880128.0000,3,1.007198,1,-0.846662,13.161791,2.078164,0.436607,9.009585,0
2017-09-04,sh.600068,10.5000,10.5400,10.3700,10.5000,10.5400,52823133,550639552.0000,3,1.147138,1,-0.379506,13.111841,2.070277,0.434950,8.975393,0
2017-09-05,sh.600068,10.5000,10.5200,10.3900,10.4400,10.5000,38617987,403389200.0000,3,0.838650,1,-0.571433,13.036916,2.058447,0.432465,8.924105,0
2017-09-06,sh.600068,10.3900,10.6500,10.3300,10.5400,10.4400,103771316,1091749712.0000,3,2.253558,1,0.957858,13.161791,2.078164,0.436607,9.009585,0
2017-09-07,sh.600068,10.4900,10.5200,10.3200,10.3400,10.5400,54321363,566616368.0000,3,1.179674,1,-1.897531,12.912041,2.038730,0.428322,8.838625,0
2017-09-08,sh.600068,10.4000,10.4300,10.3000,10.3300,10.3400,37128326,384077232.0000,3,0.806300,1,-0.096714,12.899554,2.036758,0.427908,8.830077,0
2017-09-11,sh.600068,10.3200,10.3800,10.2700,10.3200,10.3300,44419565,458184464.0000,3,0.964641,1,-0.096808,12.887066,2.034786,0.427494,8.821529,0
2017-09-12,sh.600068,10.3500,10.4400,10.2200,10.2400,10.3200,64055804,658617586.0000,3,1.391073,1,-0.775193,12.787167,2.019013,0.424180,8.753145,0
2017-09-13,sh.600068,10.2700,10.3700,10.2300,10.3400,10.2400,42531356,438986022.0000,3,0.923635,1,0.976566,12.912041,2.038730,0.428322,8.838625,0
2017-09-14,sh.600068,10.3300,10.4500,10.3200,10.4300,10.3400,48566807,505107451.0000,3,1.054705,1,0.870408,13.024428,2.056475,0.432050,8.915557,0
2017-09-15,sh.600068,10.4500,10.9400,10.4100,10.8700,10.4300,195434346,2095902387.0000,3,4.244165,1,4.218596,13.573877,2.143229,0.450277,9.291669,0
2017-09-18,sh.600068,10.9500,11.3000,10.9100,11.1100,10.8700,150911933,1681058199.0000,3,3.277291,1,2.207910,13.873576,2.190550,0.460219,9.496821,0
2017-09-19,sh.600068,11.1100,11.1700,10.8100,10.9200,11.1100,95003780,1044717822.0000,3,2.063157,1,-1.710167,13.636314,2.153088,0.452348,9.334409,0
2017-09-20,sh.600068,10.9000,10.9900,10.6800,10.8000,10.9200,67844796,733214296.0000,3,1.473357,1,-1.098900,13.486465,2.129428,0.447377,9.231833,0
2017-09-21,sh.600068,10.9400,10.9700,10.7200,10.7800,10.8000,57324119,620750432.0000,3,1.244884,1,-0.185189,13.461490,2.125484,0.446549,9.214737,0
2017-09-22,sh.600068,10.7500,10.7500,10.6000,10.6400,10.7800,45501894,484387087.0000,3,0.988145,1,-1.298696,13.286665,2.097880,0.440749,9.095065,0
2017-09-25,sh.600068,10.6300,10.7300,10.5600,10.5800,10.6400,34215999,363669681.0000,3,0.743054,1,-0.563914,13.211740,2.086050,0.438264,9.043777,0
2017-09-26,sh.600068,10.5800,10.6700,10.5500,10.6300,10.5800,27543729,292444377.0000,3,0.598155,1,0.472592,13.274178,2.095909,0.440335,9.086517,0
2017-09-27,sh.600068,10.6600,10.6600,10.4000,10.4900,10.6300,55047344,577449849.0000,3,1.195440,1,-1.317030,13.099353,2.068305,0.434536,8.966845,0
2017-09-28,sh.600068,10.5000,10.5700,10.2700,10.3700,10.4900,62847544,653124472.0000,3,1.364833,1,-1.143946,12.949504,2.044645,0.429565,8.864269,0
2017-09-29,sh.600068,10.3700,10.4400,10.3000,10.3800,10.3700,33921730,352111330.0000,3,0.736664,1,0.096434,12.961991,2.046616,0.429979,8.872817,0
2017-10-09,sh.600068,10.5100,10.7600,10.5100,10.5600,10.3800,63700831,676522253.0000,3,1.383364,1,1.734107,13.186766,2.082107,0.437435,9.026681,0
2017-10-10,sh.600068,10.5700,10.5800,10.3900,10.4600,10.5600,42388140,442985746.0000,3,0.920525,1,-0.946973,13.061891,2.062390,0.433293,8.941201,0
2017-10-11,sh.600068,10.4800,10.7500,10.4600,10.7400,10.4600,83096269,882962944.0000,3,1.804566,1,2.676862,13.411540,2.117597,0.444892,9.180545,0
2017-10-12,sh.600068,10.7200,10.7700,10.5400,10.6000,10.7400,42015972,446034663.0000,3,0.912443,1,-1.303532,13.236715,2.089994,0.439092,9.060873,0
2017-10-13,sh.600068,10.6000,10.6800,10.5500,10.6600,10.6000,39879970,423233538.0000,3,0.866056,1,0.566033,13.311640,2.101824,0.441578,9.112161,0
2017-10-16,sh.600068,10.7700,10.8100,10.5100,10.5400,10.6600,44558213,473401362.0000,3,0.967652,1,-1.125703,13.161791,2.078164,0.436607,9.009585,0
2017-10-17,sh.600068,10.5200,10.5300,10.4100,10.4400,10.5400,35996195,376446972.0000,3,0.781714,1,-0.948770,13.036916,2.058447,0.432465,8.924105,0
2017-10-18,sh.600068,10.4400,10.5400,10.4200,10.4600,10.4400,31328059,328217337.0000,3,0.680338,1,0.191575,13.061891,2.062390,0.433293,8.941201,0
2017-10-19,sh.600068,10.4400,10.4500,10.1200,10.1500,10.4600,64394642,657953333.0000,3,1.398431,1,-2.963675,12.674779,2.001268,0.420452,8.676213,0
2017-10-20,sh.600068,10.0900,10.2000,10.0600,10.1900,10.1500,29495850,299063487.0000,3,0.640549,1,0.394088,12.724729,2.009154,0.422109,8.710405,0
2017-10-23,sh.600068,10.1700,10.1800,9.9100,10.0800,10.1900,65235622,653515714.0000,3,1.416694,1,-1.079486,12.587367,1.987466,0.417552,8.616377,0
2017-10-24,sh.600068,10.0400,10.2000,9.9900,10.1900,10.0800,55974260,565773091.0000,3,1.215569,1,1.091266,12.724729,2.009154,0.422109,8.710405,0
2017-10-25,sh.600068,10.1900,10.2800,10.1100,10.1500,10.1900,35910007,365349456.0000,3,0.779842,1,-0.392541,12.674779,2.001268,0.420452,8.676213,0
2017-10-26,sh.600068,10.1100,10.4600,10.0200,10.3400,10.1500,91671778,943072576.0000,3,1.990797,1,1.871927,12.912041,2.038730,0.428322,8.838625,0
2017-10-27,sh.600068,10.3400,10.4100,10.2000,10.2200,10.3400,46309643,476106022.0000,3,1.005687,1,-1.160540,12.762192,2.015069,0.423351,8.736049,0
2017-10-30,sh.600068,10.2500,10.2700,9.8600,10.0900,10.2200,74097483,740562675.0000,3,1.609144,1,-1.272017,12.599855,1.989437,0.417966,8.624925,0
2017-10-31,sh.600068,9.9800,10.0300,9.7300,9.8300,10.0900,67638796,667928055.0000,3,1.468883,1,-2.576811,12.097198,1.873481,0.406928,-12.401769,0
2017-11-01,sh.600068,9.8400,9.9500,9.7100,9.9100,9.8300,69053305,680220287.0000,3,1.499601,1,0.813835,12.195649,1.888728,0.410240,-12.502699,0
2017-11-02,sh.600068,9.9000,9.9100,9.5400,9.6100,9.9100,83749274,808713171.0000,3,1.818747,1,-3.027247,11.826457,1.831551,0.397821,-12.124212,0
2017-11-03,sh.600068,9.6000,9.6400,9.1500,9.3200,9.6100,95094055,886939626.0000,3,2.065117,1,-3.017690,11.469571,1.776281,0.385816,-11.758341,0
2017-11-06,sh.600068,9.2600,9.2600,9.0400,9.1600,9.3200,57393107,524431327.0000,3,1.246382,1,-1.716737,11.272669,1.745787,0.379193,-11.556481,0
2017-11-07,sh.600068,9.1300,9.2500,9.1100,9.2300,9.1600,37612173,345734129.0000,3,0.816808,1,0.764189,11.358813,1.759128,0.382090,-11.644794,0
2017-11-08,sh.600068,9.2300,9.3100,9.2000,9.2600,9.2300,39849928,369057822.0000,3,0.865404,1,0.325035,11.395733,1.764846,0.383332,-11.682643,0
2017-11-09,sh.600068,9.2800,9.3900,9.2400,9.3600,9.2600,34105270,316961058.0000,3,0.740650,1,1.079907,11.518797,1.783904,0.387472,-11.808806,0
2017-11-10,sh.600068,9.3400,9.3600,9.1100,9.1500,9.3600,61122721,561805992.0000,3,1.327376,1,-2.243590,11.260362,1.743881,0.378779,-11.543864,0
2017-11-13,sh.600068,9.1500,9.2100,9.0400,9.0700,9.1500,51028923,464198924.0000,3,1.108173,1,-0.874316,11.161911,1.728634,0.375467,-11.442934,0
2017-11-14,sh.600068,9.1200,9.4500,9.1100,9.3000,9.0700,80935744,753141552.0000,3,1.757647,1,2.535838,11.444958,1.772469,0.384988,-11.733108,0
2017-11-15,sh.600068,9.3000,9.3000,9.1100,9.2200,9.3000,36062754,331206183.0000,3,0.783160,1,-0.860214,11.346507,1.757222,0.381677,-11.632178,0
2017-11-16,sh.600068,9.1700,9.2800,9.1200,9.1700,9.2200,28501929,262134507.0000,3,0.618964,1,-0.542301,11.284975,1.747693,0.379607,-11.569097,0
2017-11-17,sh.600068,9.1700,9.2500,8.9900,9.2400,9.1700,83172816,757511330.0000,3,1.806229,1,0.763355,11.371120,1.761034,0.382504,-11.657411,0
2017-11-20,sh.600068,9.1800,9.2200,9.0300,9.2200,9.2400,28462672,260326431.0000,3,0.618112,1,-0.216445,11.346507,1.757222,0.381677,-11.632178,0
2017-11-21,sh.600068,9.2100,9.5000,9.1600,9.4300,9.2200,68660031,643901140.0000,3,1.491061,1,2.277658,11.604942,1.797246,0.390370,-11.897119,0
2017-11-22,sh.600068,9.4800,9.5700,9.3300,9.5000,9.4300,62427251,590632869.0000,3,1.355706,1,0.742309,11.691086,1.810587,0.393268,-11.985433,0
2017-11-23,sh.600068,9.5000,9.5000,9.1700,9.2000,9.5000,47372041,441747633.0000,3,1.028759,1,-3.157897,11.321894,1.753410,0.380849,-11.606946,0
2017-11-24,sh.600068,9.2200,9.2400,9.1200,9.2200,9.2000,24157457,221918733.0000,3,0.524617,1,0.217396,11.346507,1.757222,0.381677,-11.632178,0
2017-11-27,sh.600068,9.2800,9.2900,9.1500,9.2300,9.2200,25866440,238574051.0000,3,0.561731,1,0.108452,11.358813,1.759128,0.382090,-11.644794,0
2017-11-28,sh.600068,9.1800,9.2100,9.0300,9.1000,9.2300,41553286,377621556.0000,3,0.902395,1,-1.408442,11.198830,1.734352,0.376709,-11.480783,0
2017-11-29,sh.600068,9.1300,9.1400,9.0300,9.1200,9.1000,29346856,266378767.0000,3,0.637313,1,0.219775,11.223443,1.738163,0.377537,-11.506016,0
2017-11-30,sh.600068,9.0800,9.1500,9.0100,9.0800,9.1200,29484200,267334812.0000,3,0.640296,1,-0.438596,11.174217,1.730540,0.375881,-11.455551,0
2017-12-01,sh.600068,9.0500,9.1100,9.0300,9.0900,9.0800,19229108,174468945.0000,3,0.417590,1,0.110135,11.186524,1.732446,0.376295,-11.468167,0
2017-12-04,sh.600068,9.0900,9.0900,8.9700,9.0300,9.0900,30687636,276955444.0000,3,0.666430,1,-0.660071,11.112685,1.721010,0.373811,-11.392469,0
2017-12-05,sh.600068,9.0100,9.2400,9.0100,9.1600,9.0300,68541456,626569417.0000,3,1.488486,1,1.439647,11.272669,1.745787,0.379193,-11.556481,0
2017-12-06,sh.600068,9.1500,9.1500,9.0000,9.0800,9.1600,27633283,250148306.0000,3,0.600100,1,-0.873362,11.174217,1.730540,0.375881,-11.455551,0
2017-12-07,sh.600068,9.0500,9.1200,9.0100,9.0300,9.0800,22297583,201730990.0000,3,0.484227,1,-0.550663,11.112685,1.721010,0.373811,-11.392469,0
2017-12-08,sh.600068,9.0200,9.0900,9.0100,9.0500,9.0300,20165390,182639531.0000,3,0.437923,1,0.221489,11.137298,1.724822,0.374639,-11.417702,0
2017-12-11,sh.600068,9.0400,9.0600,8.9800,9.0500,9.0500,33069232,298386824.0000,3,0.718150,1,0.000000,11.137298,1.724822,0.374639,-11.417702,0
2017-12-12,sh.600068,9.0600,9.0600,8.9700,8.9800,9.0500,23512190,211701616.0000,3,0.510604,1,-0.773488,11.051153,1.711481,0.371741,-11.329388,0
2017-12-13,sh.600068,8.9900,8.9900,8.9100,8.9300,8.9800,25741184,230196181.0000,3,0.559010,1,-0.556784,10.989621,1.701952,0.369672,-11.266307,0
2017-12-14,sh.600068,8.9300,8.9300,8.6600,8.7300,8.9300,47936725,420336807.0000,3,1.041022,1,-2.239650,10.743493,1.663834,0.361392,-11.013982,0
2017-12-15,sh.600068,8.6900,8.7000,8.4500,8.4700,8.7300,45386813,386711013.0000,3,0.985646,1,-2.978228,10.423526,1.614281,0.350629,-10.685960,0
2017-12-18,sh.600068,8.4200,8.5000,8.3000,8.3400,8.4700,30856451,258727360.0000,3,0.670096,1,-1.534830,10.263543,1.589505,0.345248,-10.521949,0
2017-12-19,sh.600068,8.3600,8.3900,8.3000,8.3500,8.3400,27354306,228237596.0000,3,0.594042,1,0.119907,10.275850,1.591410,0.345661,-10.534565,0
2017-12-20,sh.600068,8.3600,8.3900,8.1500,8.1600,8.3500,33323774,275126340.0000,3,0.723678,1,-2.275455,10.042028,1.555199,0.337796,-10.294856,0
2017-12-21,sh.600068,8.2000,8.2200,8.0400,8.1600,8.1600,36989233,300542738.0000,3,0.803280,1,0.000000,10.042028,1.555199,0.337796,-10.294856,0
2017-12-22,sh.600068,8.1600,8.4500,8.1300,8.3300,8.1600,49160189,410282818.0000,3,1.067591,1,2.083334,10.251237,1.587599,0.344834,-10.509332,0
2017-12-25,sh.600068,8.3500,8.4100,8.1100,8.2300,8.3300,30928129,255072866.0000,3,0.671653,1,-1.200485,10.128173,1.568540,0.340694,-10.383170,0
2017-12-26,sh.600068,8.2000,8.3000,8.1300,8.2900,8.2300,20552407,169103814.0000,3,0.446328,1,0.729045,10.202011,1.579975,0.343178,-10.458867,0
2017-12-27,sh.600068,8.2500,8.3200,8.2000,8.2200,8.2900,20121894,166120476.0000,3,0.436979,1,-0.844387,10.115866,1.566634,0.340280,-10.370554,0
2017-12-28,sh.600068,8.2400,8.2500,8.1500,8.1700,8.2200,20578465,168917971.0000,3,0.446894,1,-0.608275,10.054334,1.557105,0.338210,-10.307472,0
2017-12-29,sh.600068,8.1700,8.2300,8.1500,8.2000,8.1700,16499971,135093379.0000,3,0.358323,1,0.367194,10.091253,1.562822,0.339452,-10.345321,0
2018-01-02,sh.600068,8.2000,8.4700,8.1900,8.4700,8.2000,53438248,448793377.0000,3,1.160496,1,3.292689,10.423526,1.614281,0.350629,-10.685960,0
2018-01-03,sh.600068,8.5000,8.6300,8.4100,8.5300,8.4700,49922716,425692027.0000,3,1.084150,1,0.708376,10.497365,1.625716,0.353113,-10.761657,0
2018-01-04,sh.600068,8.5300,8.5300,8.4100,8.4700,8.5300,32744661,277001513.0000,3,0.711102,1,-0.703394,10.423526,1.614281,0.350629,-10.685960,0
2018-01-05,sh.600068,8.4600,8.8700,8.4500,8.8100,8.4700,98680748,860967434.0000,3,2.143008,1,4.014169,10.841944,1.679081,0.364704,-11.114912,0
2018-01-08,sh.600068,8.7800,9.0200,8.7400,8.8300,8.8100,89915665,800518805.0000,3,1.952660,1,0.227009,10.866557,1.682893,0.365532,-11.140145,0
2018-01-09,sh.600068,8.8600,8.9100,8.7400,8.7500,8.8300,52943507,466884368.0000,3,1.149752,1,-0.906001,10.768106,1.667646,0.362220,-11.039215,0
2018-01-10,sh.600068,8.7500,8.8400,8.6700,8.7300,8.7500,38987040,340794770.0000,3,0.846665,1,-0.228577,10.743493,1.663834,0.361392,-11.013982,0
2018-01-11,sh.600068,8.6900,8.7600,8.5700,8.7000,8.7300,45583809,394623538.0000,3,0.989924,1,-0.343640,10.706574,1.658116,0.360150,-10.976133,0
2018-01-12,sh.600068,8.7000,8.7400,8.5300,8.5500,8.7000,35929303,309363090.0000,3,0.780261,1,-1.724134,10.521978,1.629528,0.353941,-10.786890,0
2018-01-15,sh.600068,8.5000,8.6000,8.2300,8.2900,8.5500,48874808,410376870.0000,3,1.061393,1,-3.040938,10.202011,1.579975,0.343178,-10.458867,0
2018-01-16,sh.600068,8.2900,8.4500,8.2500,8.4300,8.2900,33754023,282095384.0000,3,0.733022,1,1.688786,10.374301,1.606658,0.348973,-10.635495,0
2018-01-17,sh.600068,8.4200,8.9400,8.4200,8.9100,8.4300,117627580,1033422303.0000,3,2.554468,1,5.693944,10.965008,1.698140,0.368844,-11.241075,0
2018-01-18,sh.600068,8.8700,9.2500,8.8100,9.1600,8.9100,114358304,1037254277.0000,3,2.483471,1,2.805836,11.272669,1.745787,0.379193,-11.556481,0
2018-01-19,sh.600068,9.1700,9.2500,9.1000,9.2000,9.1600,80190229,736176410.0000,3,1.741457,1,0.436681,11.321894,1.753410,0.380849,-11.606946,0
2018-01-22,sh.600068,9.2000,9.3200,9.0800,9.2000,9.2000,50246716,460998253.0000,3,1.091187,1,0.000000,11.321894,1.753410,0.380849,-11.606946,0
2018-01-23,sh.600068,9.2200,9.2400,9.0800,9.1800,9.2000,47633490,436239615.0000,3,1.034436,1,-0.217386,11.297281,1.749599,0.380021,-11.581713,0
2018-01-24,sh.600068,9.2100,9.3800,9.1000,9.2200,9.1800,53301575,491524382.0000,3,1.157528,1,0.435729,11.346507,1.757222,0.381677,-11.632178,0
2018-01-25,sh.600068,9.3800,9.4500,9.2200,9.2600,9.2200,66572511,620863456.0000,3,1.445727,1,0.433839,11.395733,1.764846,0.383332,-11.682643,0
2018-01-26,sh.600068,9.2900,9.7600,9.2500,9.7400,9.2600,128728088,1235407360.0000,3,2.795533,1,5.183580,11.986440,1.856328,0.403203,-12.288223,0
2018-01-29,sh.600068,9.7900,10.0400,9.6000,9.8000,9.7400,101981965,1002415536.0000,3,2.214699,1,0.616021,12.060279,1.867763,0.405687,-12.363920,0
2018-01-30,sh.600068,9.7200,9.8600,9.4600,9.4700,9.8000,82324357,791981854.0000,3,1.787803,1,-3.367346,11.654167,1.804869,0.392026,-11.947584,0
2018-01-31,sh.600068,9.4600,9.6300,9.3900,9.5100,9.4700,52724400,501970815.0000,3,1.144993,1,0.422386,11.703393,1.812493,0.393682,-11.998049,0
2018-02-01,sh.600068,9.6000,9.6200,9.0600,9.1000,9.5100,88809146,820646785.0000,3,1.928631,1,-4.311250,11.198830,1.734352,0.376709,-11.480783,0
2018-02-02,sh.600068,9.1000,9.3700,9.0100,9.3600,9.1000,57884560,532935831.0000,3,1.257054,1,2.857135,11.518797,1.783904,0.387472,-11.808806,0
2018-02-05,sh.600068,9.2100,9.5000,9.2000,9.4900,9.3600,66654606,625973900.0000,3,1.447510,1,1.388890,11.678780,1.808681,0.392854,-11.972817,0
2018-02-06,sh.600068,9.3500,9.7500,9.2600,9.4000,9.4900,130621222,1250026841.0000,3,2.836646,1,-0.948368,11.568022,1.791528,0.389128,-11.859271,0
2018-02-07,sh.600068,9.6000,9.8200,9.4000,9.4300,9.4000,105833655,1016028532.0000,3,2.298345,1,0.319156,11.604942,1.797246,0.390370,-11.897119,0
2018-02-08,sh.600068,9.3700,9.6200,8.9200,9.1700,9.4300,87886552,813561195.0000,3,1.908595,1,-2.757160,11.284975,1.747693,0.379607,-11.569097,0
2018-02-09,sh.600068,8.8300,8.9200,8.2500,8.3500,9.1700,103588139,881760686.0000,3,2.249580,1,-8.942200,10.275850,1.591410,0.345661,-10.534565,0
2018-02-12,sh.600068,8.4000,8.5000,8.1800,8.4500,8.3500,58777377,490884093.0000,3,1.276443,1,1.197598,10.398914,1.610469,0.349801,-10.660727,0
2018-02-13,sh.600068,8.5300,8.6200,8.4300,8.4600,8.4500,47677517,406283295.0000,3,1.035392,1,0.118346,10.411220,1.612375,0.350215,-10.673343,0
2018-02-14,sh.600068,8.5000,8.5100,8.3000,8.3900,8.4600,37617415,314937343.0000,3,0.816921,1,-0.827420,10.325075,1.599034,0.347317,-10.585030,0
2018-02-22,sh.600068,8.5200,8.7100,8.4800,8.6800,8.3900,43817095,377138233.0000,3,0.951557,1,3.456495,10.681961,1.654305,0.359322,-10.950901,0
2018-02-23,sh.600068,8.7000,9.2200,8.6600,9.2100,8.6800,99251075,895264369.0000,3,2.155394,1,6.105988,11.334201,1.755316,0.381263,-11.619562,0
2018-02-26,sh.600068,9.3300,9.3900,9.1300,9.3300,9.2100,82162299,761789040.0000,3,1.784284,1,1.302930,11.481877,1.778187,0.386230,-11.770957,0
2018-02-27,sh.600068,9.3000,9.5400,9.1600,9.5000,9.3300,82174673,768966081.0000,3,1.784553,1,1.822080,11.691086,1.810587,0.393268,-11.985433,0
2018-02-28,sh.600068,9.3800,9.5300,9.3200,9.4700,9.5000,54759304,517163537.0000,3,1.189185,1,-0.315787,11.654167,1.804869,0.392026,-11.947584,0
2018-03-01,sh.600068,9.3900,9.6800,9.2300,9.3300,9.4700,75363604,712600212.0000,3,1.636639,1,-1.478356,11.481877,1.778187,0.386230,-11.770957,0
2018-03-02,sh.600068,9.2600,9.5300,9.2300,9.3800,9.3300,48916770,458888699.0000,3,1.062305,1,0.535908,11.543409,1.787716,0.388300,-11.834038,0
2018-03-05,sh.600068,9.3900,9.4600,9.1600,9.3000,9.3800,57411535,532059961.0000,3,1.246782,1,-0.852878,11.444958,1.772469,0.384988,-11.733108,0
2018-03-06,sh.600068,9.3200,9.5800,9.2200,9.5700,9.3000,86575317,814464438.0000,3,1.880119,1,2.903220,11.777231,1.823928,0.396165,-12.073747,0
2018-03-07,sh.600068,9.5200,9.6200,9.4200,9.5000,9.5700,62466969,595076286.0000,3,1.356569,1,-0.731449,11.691086,1.810587,0.393268,-11.985433,0
2018-03-08,sh.600068,9.5000,9.7000,9.4700,9.5800,9.5000,64805393,619673128.0000,3,1.407351,1,0.842105,11.789538,1.825834,0.396579,-12.086363,0
2018-03-09,sh.600068,9.5800,9.6500,9.3800,9.4700,9.5800,54521625,515872672.0000,3,1.184023,1,-1.148222,11.654167,1.804869,0.392026,-11.947584,0
2018-03-12,sh.600068,9.5100,9.5200,9.3300,9.4200,9.4700,53552800,503597320.0000,3,1.162983,1,-0.527985,11.592635,1.795340,0.389956,-11.884503,0
2018-03-13,sh.600068,9.4300,9.4900,9.2800,9.3000,9.4200,46288498,433301702.0000,3,1.005228,1,-1.273884,11.444958,1.772469,0.384988,-11.733108,0
2018-03-14,sh.600068,9.2400,9.2900,9.1000,9.1100,9.3000,43885104,403351755.0000,3,0.953034,1,-2.043016,11.211137,1.736257,0.377123,-11.493399,0
2018-03-15,sh.600068,9.0700,9.2000,9.0400,9.1600,9.1100,32145271,293183561.0000,3,0.698085,1,0.548849,11.272669,1.745787,0.379193,-11.556481,0
2018-03-16,sh.600068,9.1500,9.2500,9.1100,9.1200,9.1600,25352056,232777862.0000,3,0.550560,1,-0.436681,11.223443,1.738163,0.377537,-11.506016,0
2018-03-19,sh.600068,9.1100,9.1200,8.9600,8.9900,9.1200,33175253,299395506.0000,3,0.720453,1,-1.425440,11.063460,1.713387,0.372155,-11.342004,0
2018-03-20,sh.600068,8.9000,8.9500,8.8100,8.8800,8.9900,33410863,296380243.0000,3,0.725570,1,-1.223578,10.928089,1.692422,0.367602,-11.203226,0
2018-03-21,sh.600068,8.9600,9.0200,8.8000,8.8400,8.8800,33418738,298112736.0000,3,0.725741,1,-0.450450,10.878864,1.684799,0.365946,-11.152761,0
2018-03-22,sh.600068,8.8200,8.8900,8.6800,8.7500,8.8400,30371549,265703781.0000,3,0.659566,1,-1.018101,10.768106,1.667646,0.362220,-11.039215,0
2018-03-23,sh.600068,8.4700,8.6000,8.3500,8.4000,8.7500,50490025,428273173.0000,3,1.096470,1,-4.000004,10.337382,1.600940,0.347731,-10.597646,0
2018-03-26,sh.600068,8.3200,8.5400,8.2500,8.5100,8.4000,42245535,356489771.0000,3,0.917428,1,1.309531,10.472752,1.621905,0.352285,-10.736425,0
2018-03-27,sh.600068,8.6500,8.6600,8.4800,8.5600,8.5100,36537577,312996015.0000,3,0.793471,1,0.587546,10.534284,1.631434,0.354355,-10.799506,0
2018-03-28,sh.600068,8.4700,8.5500,8.3800,8.4400,8.5600,27395226,231351060.0000,3,0.594931,1,-1.401879,10.386607,1.608563,0.349387,-10.648111,0
2018-03-29,sh.600068,8.5100,8.6700,8.4200,8.6600,8.4400,43406354,371821491.0000,3,0.942637,1,2.606638,10.657348,1.650493,0.358494,-10.925668,0
2018-03-30,sh.600068,8.8800,8.9100,8.7400,8.7700,8.6600,50155450,442398130.0000,3,1.089205,1,1.270215,8.622402,1.613309,0.378101,-15.626396,0
2018-04-02,sh.600068,8.7200,8.8600,8.6800,8.7600,8.7700,34207868,300335656.0000,3,0.742878,1,-0.114028,8.612570,1.611469,0.377670,-15.608578,0
2018-04-03,sh.600068,8.6200,8.6600,8.5200,8.5600,8.7600,36591943,314222837.0000,3,0.794652,1,-2.283103,8.415936,1.574678,0.369048,-15.252218,0
2018-04-04,sh.600068,8.6300,8.6400,8.4300,8.4600,8.5600,29269907,249724876.0000,3,0.635642,1,-1.168229,8.317619,1.556282,0.364736,-15.074037,0
2018-04-09,sh.600068,8.4600,8.5200,8.3900,8.4400,8.4600,33198187,280164341.0000,3,0.720951,1,-0.236412,8.297955,1.552603,0.363874,-15.038401,0
2018-04-10,sh.600068,8.4600,8.7200,8.4400,8.7100,8.4400,44904284,384739860.0000,3,0.975167,1,3.199058,8.563411,1.602271,0.375514,-15.519488,0
2018-04-11,sh.600068,8.7200,8.7400,8.6000,8.6300,8.7100,45058599,389857317.0000,3,0.978519,1,-0.918484,8.484758,1.587555,0.372065,-15.376944,0
2018-04-12,sh.600068,8.6100,8.6500,8.5200,8.5300,8.6300,26483271,227677627.0000,3,0.575126,1,-1.158753,8.386441,1.569159,0.367754,-15.198763,0
2018-04-13,sh.600068,8.5800,8.6300,8.5000,8.5200,8.5300,21289383,181971193.0000,3,0.462333,1,-0.117225,8.376609,1.567319,0.367323,-15.180945,0
2018-04-16,sh.600068,8.5400,8.5600,8.3400,8.3600,8.5200,31236312,262683182.0000,3,0.678346,1,-1.877944,8.219302,1.537886,0.360425,-14.895857,0
2018-04-17,sh.600068,8.3800,8.4200,8.2400,8.2600,8.3600,27532798,229546988.0000,3,0.597918,1,-1.196165,8.120985,1.519490,0.356114,-14.717677,0
2018-04-18,sh.600068,8.3100,8.3600,8.0900,8.3400,8.2600,37631688,309279323.0000,3,0.817231,1,0.968522,8.199638,1.534207,0.359563,-14.860221,0
2018-04-19,sh.600068,8.2900,8.4200,8.2800,8.3100,8.3400,26770719,223339991.0000,3,0.581368,1,-0.359709,8.170143,1.528688,0.358269,-14.806767,0
2018-04-20,sh.600068,8.3000,8.3000,8.0200,8.0300,8.3100,30664139,250056797.0000,3,0.665920,1,-3.369442,7.894856,1.477180,0.346198,-14.307863,0
2018-04-23,sh.600068,8.0700,8.2200,8.0600,8.1400,8.0300,27964110,227471310.0000,3,0.607285,1,1.369871,8.003004,1.497415,0.350940,-14.503861,0
2018-04-24,sh.600068,8.1400,8.4400,8.1400,8.4300,8.1400,41111326,343873273.0000,3,0.892797,1,3.562653,8.288124,1.550763,0.363443,-15.020583,0
2018-04-25,sh.600068,8.3700,8.4500,8.3300,8.3500,8.4300,22857172,191387047.0000,3,0.496380,1,-0.948991,8.209470,1.536047,0.359994,-14.878039,0
2018-04-26,sh.600068,8.3600,8.3800,8.1500,8.1800,8.3500,25629599,211249800.0000,3,0.556587,1,-2.035929,8.042331,1.504774,0.352665,-14.575133,0
2018-04-27,sh.600068,8.2100,8.2900,8.1400,8.2500,8.1800,22600951,186092053.0000,3,0.490815,1,0.855742,8.111153,1.517651,0.355682,-14.699859,0
2018-05-02,sh.600068,8.2200,8.2300,7.9100,7.9800,8.2500,54006677,433065453.0000,3,1.172840,1,-3.272727,7.826843,1.447839,0.351614,-13.745218,0
2018-05-03,sh.600068,7.9100,8.0400,7.8700,8.0200,7.9800,31345024,249075868.0000,3,0.680707,1,0.501259,7.866075,1.455096,0.353376,-13.814117,0
2018-05-04,sh.600068,8.0100,8.0400,7.9200,7.9400,8.0200,23899881,190552869.0000,3,0.519024,1,-0.997511,7.787610,1.440582,0.349851,-13.676320,0
2018-05-07,sh.600068,7.9700,8.0600,7.9000,8.0200,7.9400,37351947,298435852.0000,3,0.811156,1,1.007562,7.866075,1.455096,0.353376,-13.814117,0
2018-05-08,sh.600068,8.0200,8.0900,8.0100,8.0500,8.0200,29518814,237444824.0000,3,0.641048,1,0.374061,7.895499,1.460539,0.354698,-13.865790,0
2018-05-09,sh.600068,8.0400,8.0500,7.9500,7.9700,8.0500,28705253,229207563.0000,3,0.623380,1,-0.993794,7.817035,1.446025,0.351173,-13.727994,0
2018-05-10,sh.600068,8.0000,8.1000,7.9500,8.1000,7.9700,27051301,216876868.0000,3,0.587462,1,1.631124,7.944540,1.469611,0.356901,-13.951913,0
2018-05-11,sh.600068,8.1100,8.1200,8.0100,8.0200,8.1000,22468881,180637519.0000,3,0.487947,1,-0.987653,7.866075,1.455096,0.353376,-13.814117,0
2018-05-14,sh.600068,8.0100,8.0300,7.9300,7.9500,8.0200,24545338,195704512.0000,3,0.533041,1,-0.872826,7.797419,1.442396,0.350292,-13.693545,0
2018-05-15,sh.600068,8.0000,8.0700,7.9500,8.0600,7.9500,24421051,195649508.0000,3,0.530342,1,1.383656,7.905307,1.462354,0.355139,-13.883015,0
2018-05-16,sh.600068,8.0300,8.0800,7.9700,8.0000,8.0600,29580217,237117536.0000,3,0.642381,1,-0.744422,7.846459,1.451468,0.352495,-13.779668,0
2018-05-17,sh.600068,8.0000,8.0700,7.9800,8.0200,8.0000,19649604,157842952.0000,3,0.426722,1,0.250006,7.866075,1.455096,0.353376,-13.814117,0
2018-05-18,sh.600068,8.0100,8.1200,7.9800,8.1100,8.0200,29941737,241586273.0000,3,0.650232,1,1.122185,7.954348,1.471425,0.357342,-13.969138,0
2018-05-21,sh.600068,8.1900,8.2400,8.1300,8.1600,8.1100,31595648,258351853.0000,3,0.686149,1,0.616525,8.003388,1.480497,0.359545,-14.055261,0
2018-05-22,sh.600068,8.1500,8.1500,8.0800,8.1300,8.1600,16829482,136527556.0000,3,0.365479,1,-0.367644,7.973964,1.475054,0.358223,-14.003587,0
2018-05-23,sh.600068,8.0900,8.1200,7.9900,8.0000,8.1300,24139726,194114232.0000,3,0.524232,1,-1.599017,7.846459,1.451468,0.352495,-13.779668,0
2018-05-24,sh.600068,8.0000,8.0000,7.9400,7.9700,8.0000,16377520,130548724.0000,3,0.355664,1,-0.375003,7.817035,1.446025,0.351173,-13.727994,0
2018-05-25,sh.600068,7.9600,8.0100,7.9300,7.9600,7.9700,12970342,103361490.0000,3,0.281671,1,-0.125467,7.807227,1.444210,0.350733,-13.710769,0
2018-05-28,sh.600068,7.9000,7.9900,7.8900,7.9500,7.9600,16401599,130116656.0000,3,0.356187,1,-0.125631,7.797419,1.442396,0.350292,-13.693545,0
2018-05-29,sh.600068,7.9500,7.9500,7.7900,7.8400,7.9500,23007088,180775144.0000,3,0.499635,1,-1.383644,7.689530,1.422438,0.345445,-13.504074,0
2018-05-30,sh.600068,7.7400,7.7500,7.5700,7.6600,7.8400,31541296,241423060.0000,3,0.684969,1,-2.295922,7.512984,1.389780,0.337514,-13.194032,0
2018-05-31,sh.600068,7.7000,7.7200,7.6100,7.6500,7.6600,23602326,180579784.0000,3,0.512562,1,-0.130545,7.503176,1.387966,0.337073,-13.176807,0
2018-06-01,sh.600068,7.6100,7.6100,7.2800,7.2900,7.6500,55821408,414009289.0000,3,1.212250,1,-4.705884,7.150086,1.322650,0.321211,-12.556722,0
2018-06-04,sh.600068,7.2900,7.4200,7.2900,7.3600,7.2900,23319868,171743879.0000,3,0.506428,1,0.960222,7.218742,1.335350,0.324296,-12.677294,0
2018-06-05,sh.600068,7.3700,7.4300,7.3500,7.4200,7.3600,16492011,121899498.0000,3,0.358150,1,0.815217,7.277591,1.346236,0.326939,-12.780642,0
2018-06-06,sh.600068,7.4300,7.4400,7.3100,7.4000,7.4200,22229145,163436266.0000,3,0.482741,1,-0.269541,7.257974,1.342608,0.326058,-12.746192,0
2018-06-07,sh.600068,7.3800,7.4200,7.3500,7.3600,7.4000,20416486,150747619.0000,3,0.443376,1,-0.540540,7.218742,1.335350,0.324296,-12.677294,0
2018-06-08,sh.600068,7.3800,7.3800,7.1300,7.1600,7.3600,25604130,184816049.0000,3,0.556034,1,-2.717395,7.022581,1.299064,0.315483,-12.332802,0
2018-06-11,sh.600068,7.1500,7.1700,7.0200,7.0800,7.1600,19033893,134696274.0000,3,0.413351,1,-1.117317,6.944116,1.284549,0.311958,-12.195006,0
2018-06-12,sh.600068,7.0900,7.1600,7.0600,7.1100,7.0800,16545346,117625202.0000,3,0.359308,1,0.423732,6.973540,1.289992,0.313280,-12.246680,0
2018-06-13,sh.600068,7.1100,7.1100,7.0000,7.0100,7.1100,16227536,114229328.0000,3,0.352407,1,-1.406468,6.875460,1.271849,0.308874,-12.074434,0
2018-06-14,sh.600068,6.9900,7.0100,6.9000,6.9300,7.0100,21765797,151218868.0000,3,0.472679,1,-1.141232,6.796995,1.257334,0.305349,-11.936637,0
2018-06-15,sh.600068,6.9700,7.3400,6.9500,7.2400,6.9300,55914213,402992728.0000,3,1.214265,1,4.473304,7.101045,1.313578,0.319008,-12.470599,0
2018-06-19,sh.600068,7.1300,7.4300,6.8900,7.1800,7.2400,58736971,423962167.0000,3,1.275566,1,-0.828729,7.042197,1.302692,0.316364,-12.367252,0
2018-06-20,sh.600068,7.1600,7.8000,7.1600,7.6900,7.1800,79572599,597722200.0000,3,1.728044,1,7.103067,7.542409,1.395223,0.338836,-13.245705,0
2018-06-21,sh.600068,7.6700,7.7800,7.5000,7.6000,7.6900,44137172,336531671.0000,3,0.958508,1,-1.170353,7.454136,1.378894,0.334870,-13.090684,0
2018-06-22,sh.600068,7.5800,7.6900,7.5100,7.6500,7.6000,30545774,232503249.0000,3,0.663350,1,0.657897,7.503176,1.387966,0.337073,-13.176807,0
2018-06-25,sh.600068,7.3800,7.3800,7.1000,7.1700,7.3800,32673196,236403233.0000,3,0.709550,1,-2.845529,7.032389,1.300878,0.315924,-12.350027,0
2018-06-26,sh.600068,7.0500,7.1400,6.9500,7.1000,7.1700,22163543,156284321.0000,3,0.481316,1,-0.976293,6.963732,1.288178,0.312839,-12.229455,0
2018-06-27,sh.600068,7.0600,7.1400,6.8400,7.0200,7.1000,29506055,206355275.0000,3,0.640770,1,-1.126760,6.885268,1.273663,0.309314,-12.091658,0
2018-06-28,sh.600068,6.9700,7.2300,6.9500,7.0900,7.0200,29360715,208508488.0000,3,0.637614,1,0.997154,6.953924,1.286363,0.312399,-12.212230,0
2018-06-29,sh.600068,7.0600,7.2200,7.0600,7.2100,7.0900,23251114,166525513.0000,3,0.504935,1,1.692523,7.071621,1.308135,0.317686,-12.418925,0
2018-07-02,sh.600068,7.2000,7.2100,7.0400,7.1100,7.2100,26353687,187351328.0000,3,0.572312,1,-1.386961,6.973540,1.289992,0.313280,-12.246680,0
2018-07-03,sh.600068,7.1200,7.1400,6.9800,7.0000,7.1100,33212930,233574875.0000,3,0.721271,1,-1.547119,6.865652,1.270034,0.308433,-12.057209,0
2018-07-04,sh.600068,7.0000,7.0000,6.7300,6.7400,7.0000,32916498,224565052.0000,3,0.714834,1,-3.714289,6.610642,1.222862,0.296977,-11.609370,0
2018-07-05,sh.600068,6.7400,6.8100,6.6000,6.6300,6.7400,16752333,112369803.0000,3,0.363803,1,-1.632042,6.502753,1.202904,0.292130,-11.419899,0
2018-07-06,sh.600068,6.6200,6.7300,6.4200,6.6400,6.6300,29694188,195826094.0000,3,0.644856,1,0.150826,6.512561,1.204718,0.292571,-11.437124,0
2018-07-09,sh.600068,6.6400,6.8000,6.6400,6.7700,6.6400,18111567,122432097.0000,3,0.393321,1,1.957833,6.640066,1.228305,0.298299,-11.661044,0
2018-07-10,sh.600068,6.7800,6.9200,6.7500,6.8100,6.7700,25259085,172549131.0000,3,0.548541,1,0.590841,6.679298,1.235562,0.300061,-11.729942,0
2018-07-11,sh.600068,6.7600,6.7600,6.6200,6.6800,6.8100,13124146,87724728.0000,3,0.285012,1,-1.908959,6.551793,1.211976,0.294333,-11.506022,0
2018-07-12,sh.600068,6.6900,6.8700,6.6900,6.8500,6.6800,26569474,180946691.0000,3,0.576998,1,2.544911,6.718530,1.242819,0.301824,-11.798840,0
2018-07-13,sh.600068,6.8500,6.9700,6.8000,6.8900,6.8500,21499208,147652227.0000,3,0.466889,1,0.583941,6.757763,1.250077,0.303586,-11.867739,0
2018-07-16,sh.600068,6.8700,6.9300,6.8000,6.8500,6.8900,14076247,96363194.0000,3,0.305688,1,-0.580551,6.718530,1.242819,0.301824,-11.798840,0
2018-07-17,sh.600068,6.8100,6.8400,6.6800,6.7100,6.8500,17412600,116959109.0000,3,0.378142,1,-2.043794,6.581217,1.217419,0.295655,-11.557696,0
2018-07-18,sh.600068,6.7100,6.7600,6.5100,6.5900,6.7100,36180002,238557432.0000,3,0.785706,1,-1.788374,6.463520,1.195647,0.290368,-11.351001,0
2018-07-19,sh.600068,6.6300,7.1600,6.6200,6.9400,6.5900,87381607,606071043.0000,3,1.897629,1,5.311076,6.806803,1.259148,0.305790,-11.953862,0
2018-07-20,sh.600068,6.9000,7.1500,6.8100,7.1300,6.9400,50845087,355923694.0000,3,1.104181,1,2.737753,6.993156,1.293621,0.314161,-12.281129,0
2018-07-23,sh.600068,7.1000,7.8400,7.0600,7.6700,7.1300,121190729,916771163.0000,3,2.631848,1,7.573632,7.522792,1.391595,0.337955,-13.211256,0
2018-07-24,sh.600068,8.0300,8.2900,7.9000,7.9600,7.6700,161857574,1308707711.0000,3,3.514992,1,3.780964,7.807227,1.444210,0.350733,-13.710769,0
2018-07-25,sh.600068,7.9100,7.9500,7.7700,7.8300,7.9600,64344490,503672537.0000,3,1.397342,1,-1.633167,7.679722,1.420624,0.345005,-13.486850,0
2018-07-26,sh.600068,7.8400,7.8500,7.6300,7.6700,7.8300,54703316,421528512.0000,3,1.187969,1,-2.043421,7.522792,1.391595,0.337955,-13.211256,0
2018-07-27,sh.600068,7.7100,7.9400,7.6900,7.7300,7.6700,51736126,403853915.0000,3,1.123532,1,0.782268,7.581641,1.402481,0.340598,-13.314604,0
2018-07-30,sh.600068,7.7200,8.0500,7.7200,7.9700,7.7300,74671254,594445988.0000,3,1.621604,1,3.104784,7.817035,1.446025,0.351173,-13.727994,0
2018-07-31,sh.600068,7.9500,7.9500,7.7500,7.8200,7.9700,37424056,292797042.0000,3,0.812722,1,-1.882053,7.669914,1.418810,0.344564,-13.469625,0
2018-08-01,sh.600068,7.9200,8.1200,7.7600,7.7700,7.8200,63826747,506350297.0000,3,1.386098,1,-0.639389,7.620873,1.409738,0.342361,-13.383502,0
2018-08-02,sh.600068,7.7300,7.8900,7.3800,7.8000,7.7700,66214372,504209287.0000,3,1.437949,1,0.386103,7.650297,1.415181,0.343683,-13.435176,0
2018-08-03,sh.600068,7.6700,7.7900,7.5000,7.5300,7.8000,37236415,283796375.0000,3,0.808647,1,-3.461538,7.385479,1.366194,0.331786,-12.970112,0
2018-08-06,sh.600068,7.5400,7.7800,7.4700,7.5700,7.5300,32456165,247427692.0000,3,0.704837,1,0.531208,7.424712,1.373451,0.333549,-13.039010,0
2018-08-07,sh.600068,7.6100,8.0200,7.6100,8.0000,7.5700,75677841,594814364.0000,3,1.643464,1,5.680315,7.846459,1.451468,0.352495,-13.779668,0
2018-08-08,sh.600068,7.9600,7.9700,7.8100,7.8600,8.0000,38464902,303305824.0000,3,0.835326,1,-1.749998,7.709146,1.426067,0.346326,-13.538523,0
2018-08-09,sh.600068,7.8000,7.9700,7.7900,7.9200,7.8600,37552287,296761768.0000,3,0.815507,1,0.763358,7.767994,1.436953,0.348970,-13.641871,0
2018-08-10,sh.600068,7.9400,8.0300,7.8100,7.8500,7.9200,32304368,255264702.0000,3,0.701540,1,-0.883841,7.699338,1.424253,0.345886,-13.521299,0
2018-08-13,sh.600068,7.7500,7.8200,7.6100,7.8100,7.8500,34485865,265791351.0000,3,0.748915,1,-0.509554,7.660105,1.416995,0.344123,-13.452400,0
2018-08-14,sh.600068,7.7900,7.8300,7.7000,7.7600,7.8100,23698737,183656957.0000,3,0.514655,1,-0.640201,7.611065,1.407924,0.341920,-13.366277,0
2018-08-15,sh.600068,7.7900,7.9400,7.6500,7.6600,7.7600,31682052,247980768.0000,3,0.688026,1,-1.288665,7.512984,1.389780,0.337514,-13.194032,0
2018-08-16,sh.600068,7.4900,7.5500,7.2800,7.3100,7.6600,54271465,401527801.0000,3,1.178590,1,-4.569190,7.169702,1.326279,0.322092,-12.591171,0
2018-08-17,sh.600068,7.3800,7.4400,7.1800,7.2000,7.3100,23647892,172071933.0000,3,0.513551,1,-1.504790,7.061813,1.306321,0.317246,-12.401701,0
2018-08-20,sh.600068,7.2000,7.3000,6.9500,7.2000,7.2000,29470007,209313345.0000,3,0.639988,1,0.000000,7.061813,1.306321,0.317246,-12.401701,0
2018-08-21,sh.600068,7.2000,7.5300,7.1600,7.4700,7.2000,37453984,277808645.0000,3,0.813372,1,3.750000,7.326631,1.355308,0.329142,-12.866765,0
2018-08-22,sh.600068,7.4300,7.4400,7.2600,7.3300,7.4700,21451613,157638810.0000,3,0.465856,1,-1.874161,7.189318,1.329907,0.322974,-12.625620,0
2018-08-23,sh.600068,7.2800,7.4100,7.1800,7.3000,7.3300,22591288,164839792.0000,3,0.490605,1,-0.409273,7.159894,1.324464,0.321652,-12.573947,0
2018-08-24,sh.600068,7.2900,7.3600,7.2200,7.2300,7.3000,13001589,94586076.0000,3,0.282350,1,-0.958906,7.091237,1.311764,0.318567,-12.453375,0
2018-08-27,sh.600068,7.2600,7.4100,7.2300,7.3900,7.2300,18714785,137303288.0000,3,0.406421,1,2.212999,7.248166,1.340793,0.325617,-12.728968,0
2018-08-28,sh.600068,7.4200,7.4300,7.2800,7.3300,7.3900,18162166,133021079.0000,3,0.394420,1,-0.811907,7.189318,1.329907,0.322974,-12.625620,0
2018-08-29,sh.600068,7.3300,7.3300,7.2500,7.2600,7.3300,9111279,66321949.0000,3,0.197866,1,-0.954975,7.120661,1.317207,0.319889,-12.505048,0
2018-08-30,sh.600068,7.2400,7.3100,7.1200,7.1200,7.2600,13129400,94373395.0000,3,0.285126,1,-1.928379,6.983348,1.291806,0.313721,-12.263904,0
2018-08-31,sh.600068,7.1100,7.2000,7.0400,7.0900,7.1200,17535470,124807788.0000,3,0.380810,1,-0.421345,6.659026,1.306359,0.317791,-21.627859,0
2018-09-03,sh.600068,7.0600,7.0900,6.9400,6.9700,7.0900,20908383,146073936.0000,3,0.454058,1,-1.692530,6.546320,1.284248,0.312412,-21.261802,0
2018-09-04,sh.600068,7.0000,7.0400,6.9000,7.0200,6.9700,26752545,186508972.0000,3,0.580974,1,0.717363,6.593281,1.293461,0.314653,-21.414325,0
2018-09-05,sh.600068,6.9600,7.0600,6.9100,6.9200,7.0200,17398953,121113705.0000,3,0.377846,1,-1.424500,6.499359,1.275036,0.310171,-21.109278,0
2018-09-06,sh.600068,6.9000,6.9500,6.8600,6.8700,6.9200,13615505,93928105.0000,3,0.295682,1,-0.722546,6.452399,1.265823,0.307930,-20.956754,0
2018-09-07,sh.600068,6.8800,7.0200,6.8600,6.9800,6.8700,25051153,174541285.0000,3,0.544025,1,1.601166,6.555712,1.286091,0.312860,-21.292306,0
2018-09-10,sh.600068,6.9400,6.9800,6.8500,6.9000,6.9800,12615593,87344280.0000,3,0.273967,1,-1.146131,6.480575,1.271351,0.309274,-21.048269,0
2018-09-11,sh.600068,6.8800,6.9300,6.6700,6.7200,6.9000,29923230,202168046.0000,3,0.649830,1,-2.608700,6.311517,1.238185,0.301206,-20.499183,0
2018-09-12,sh.600068,6.7200,6.8000,6.6900,6.7300,6.7200,10660075,71993902.0000,3,0.231500,1,0.148813,6.320909,1.240027,0.301655,-20.529688,0
2018-09-13,sh.600068,6.7800,6.9300,6.7300,6.8900,6.7300,18956123,129575759.0000,3,0.411662,1,2.377412,6.471183,1.269508,0.308826,-21.017764,0
2018-09-14,sh.600068,6.9000,6.9600,6.8700,6.9100,6.8900,13245660,91640963.0000,3,0.287650,1,0.290276,6.489967,1.273193,0.309723,-21.078773,0
2018-09-17,sh.600068,6.9000,6.9500,6.6800,6.7700,6.9100,18196983,123323114.0000,3,0.395176,1,-2.026047,6.358477,1.247398,0.303448,-20.651707,0
2018-09-18,sh.600068,6.7400,7.3600,6.7100,7.3100,6.7700,65598331,464866245.0000,3,1.424571,1,7.976366,6.865653,1.346895,0.327652,-22.298963,0
2018-09-19,sh.600068,7.2500,7.3300,7.1900,7.2400,7.3100,38528351,279703980.0000,3,0.836704,1,-0.957595,6.799908,1.333997,0.324514,-22.085430,0
2018-09-20,sh.600068,7.2100,7.3500,7.1700,7.2000,7.2400,31252272,226225238.0000,3,0.678692,1,-0.552486,6.762339,1.326627,0.322721,-21.963411,0
2018-09-21,sh.600068,7.1800,7.3700,7.1700,7.3500,7.2000,34497644,251397182.0000,3,0.749171,1,2.083335,6.903221,1.354265,0.329445,-22.420982,0
2018-09-25,sh.600068,7.3200,7.3200,7.1700,7.2300,7.3500,25708649,185917877.0000,3,0.558304,1,-1.632651,6.790516,1.332154,0.324066,-22.054925,0
2018-09-26,sh.600068,7.2300,7.3400,7.2200,7.2300,7.2300,23351211,170074634.0000,3,0.507108,1,0.000000,6.790516,1.332154,0.324066,-22.054925,0
2018-09-27,sh.600068,7.2300,7.3400,7.2000,7.2300,7.2300,19052808,138205587.0000,3,0.413762,1,0.000000,6.790516,1.332154,0.324066,-22.054925,0
2018-09-28,sh.600068,7.2500,7.3400,7.2100,7.2900,7.2300,21669433,157707960.0000,3,0.470586,1,0.829875,6.846868,1.343210,0.326755,-22.237953,0
2018-10-08,sh.600068,7.1900,7.2200,6.9800,7.0500,7.2900,26046518,185336533.0000,3,0.565641,1,-3.292178,6.621457,1.298989,0.315998,-21.505840,0
2018-10-09,sh.600068,7.0300,7.1100,6.9600,7.0100,7.0500,16276447,114293790.0000,3,0.353469,1,-0.567375,6.583889,1.291618,0.314205,-21.383821,0
2018-10-10,sh.600068,7.0100,7.2000,7.0000,7.1000,7.0100,23522964,167409879.0000,3,0.510838,1,1.283875,6.668418,1.308201,0.318239,-21.658363,0
2018-10-11,sh.600068,6.8500,7.0300,6.7300,6.8400,7.1000,32643264,224786961.0000,3,0.708900,1,-3.661968,6.424222,1.260295,0.306585,-20.865240,0
2018-10-12,sh.600068,6.8200,6.9800,6.6100,6.9300,6.8400,27128411,184824528.0000,3,0.589136,1,1.315785,6.508751,1.276878,0.310619,-21.139783,0
2018-10-15,sh.600068,6.9200,6.9200,6.7300,6.7400,6.9300,18392113,125675103.0000,3,0.399414,1,-2.741704,6.330301,1.241870,0.302103,-20.560193,0
2018-10-16,sh.600068,6.7400,6.7800,6.2600,6.3700,6.7400,37104311,241347428.0000,3,0.805779,1,-5.489613,5.982792,1.173696,0.285519,-19.431517,0
2018-10-17,sh.600068,6.4300,6.4900,6.1800,6.3600,6.3700,24940874,158251099.0000,3,0.541630,1,-0.156982,5.973400,1.171854,0.285070,-19.401013,0
2018-10-18,sh.600068,6.2900,6.3200,6.0100,6.1100,6.3600,24134863,148795205.0000,3,0.524127,1,-3.930818,5.738596,1.125790,0.273865,-18.638394,0
2018-10-19,sh.600068,5.9900,6.2100,5.9100,6.1900,6.1100,40138636,242819652.0000,3,0.871674,1,1.309328,5.813733,1.140530,0.277451,-18.882432,0
2018-10-22,sh.600068,6.2200,6.5000,6.1900,6.4400,6.1900,54921727,348663434.0000,3,1.192712,1,4.038773,6.048537,1.186594,0.288656,-19.645051,0
2018-10-23,sh.600068,6.4100,6.4500,6.1200,6.2000,6.4400,51054923,321759035.0000,3,1.108738,1,-3.726712,5.823125,1.142373,0.277899,-18.912937,0
2018-10-24,sh.600068,6.1700,6.3200,6.0700,6.2300,6.2000,28450763,176564499.0000,3,0.617853,1,0.483874,5.851302,1.147901,0.279243,-19.004451,0
2018-10-25,sh.600068,6.0100,6.1600,5.9800,6.1300,6.2300,31830755,192528362.0000,3,0.691255,1,-1.605135,5.757380,1.129475,0.274761,-18.699404,0
2018-10-26,sh.600068,6.1700,6.3900,6.1600,6.2700,6.1300,43155900,271055759.0000,3,0.937198,1,2.283848,5.888870,1.155271,0.281036,-19.126470,0
2018-10-29,sh.600068,6.2500,6.4000,6.1700,6.2100,6.2700,21734714,136102030.0000,3,0.472004,1,-0.956937,5.832518,1.144216,0.278347,-18.943442,0
2018-10-30,sh.600068,6.2100,6.3200,6.1200,6.2600,6.2100,21864439,136476888.0000,3,0.474821,1,0.805156,5.879478,1.153428,0.280588,-19.095965,0
2018-10-31,sh.600068,6.2300,6.5600,6.2000,6.4100,6.2600,45643006,293662696.0000,3,0.991210,1,2.396160,6.046821,1.152730,0.295400,-14.581473,0
2018-11-01,sh.600068,6.5500,6.6800,6.4700,6.4800,6.4100,59285057,389512060.0000,3,1.287468,1,1.092046,6.112855,1.165318,0.298626,-14.740709,0
2018-11-02,sh.600068,6.5600,6.6400,6.4800,6.6000,6.4800,45419142,297966156.0000,3,0.986348,1,1.851850,6.226056,1.186898,0.304156,-15.013685,0
2018-11-05,sh.600068,6.5900,6.6400,6.5100,6.6000,6.6000,25628305,168687342.0000,3,0.556559,1,0.000000,6.226056,1.186898,0.304156,-15.013685,0
2018-11-06,sh.600068,6.5800,6.5900,6.4200,6.5300,6.6000,20346863,132204298.0000,3,0.441864,1,-1.060601,6.160022,1.174310,0.300930,-14.854449,0
2018-11-07,sh.600068,6.5300,6.6100,6.5000,6.5300,6.5300,21537766,141350527.0000,3,0.467727,1,0.000000,6.160022,1.174310,0.300930,-14.854449,0
2018-11-08,sh.600068,6.5800,6.6000,6.4300,6.4400,6.5300,18145489,118048819.0000,3,0.394058,1,-1.378257,6.075122,1.158125,0.296783,-14.649717,0
2018-11-09,sh.600068,6.4000,6.4700,6.2800,6.3300,6.4400,23379674,148294447.0000,3,0.507726,1,-1.708076,5.971354,1.138343,0.291713,-14.399489,0
2018-11-12,sh.600068,6.3200,6.5400,6.3000,6.5100,6.3300,22200669,143231519.0000,3,0.482123,1,2.843607,6.141156,1.170713,0.300009,-14.808953,0
2018-11-13,sh.600068,6.4300,6.6200,6.4100,6.6000,6.5100,25571397,167727859.0000,3,0.555323,1,1.382483,6.226056,1.186898,0.304156,-15.013685,0
2018-11-14,sh.600068,6.5600,6.7500,6.5600,6.6700,6.6000,34643812,231761665.0000,3,0.752345,1,1.060609,6.292090,1.199486,0.307382,-15.172921,0
2018-11-15,sh.600068,6.6700,6.7300,6.6100,6.7100,6.6700,20088228,134335551.0000,3,0.436248,1,0.599700,6.329824,1.206680,0.309225,-15.263913,0
2018-11-16,sh.600068,6.7200,6.8500,6.7100,6.7400,6.7100,27392677,185536385.0000,3,0.594875,1,0.447090,6.358124,1.212075,0.310608,-15.332157,0
2018-11-19,sh.600068,6.7400,6.8000,6.7000,6.7900,6.7400,25302282,170913183.0000,3,0.549479,1,0.741843,6.405291,1.221066,0.312912,-15.445897,0
2018-11-20,sh.600068,6.7500,6.9200,6.5900,6.6200,6.7900,43394801,293779283.0000,3,0.942387,1,-2.503683,6.244923,1.190495,0.305078,-15.059181,0
2018-11-21,sh.600068,6.5000,6.7700,6.4800,6.7500,6.6200,27808767,185513155.0000,3,0.603911,1,1.963748,6.367558,1.213873,0.311069,-15.354905,0
2018-11-22,sh.600068,6.7300,6.7800,6.5500,6.5800,6.7500,24713594,164400618.0000,3,0.536695,1,-2.518520,6.207189,1.183301,0.303234,-14.968189,0
2018-11-23,sh.600068,6.6000,6.7300,6.4700,6.4900,6.5800,27526586,181740544.0000,3,0.597783,1,-1.367783,6.122289,1.167117,0.299087,-14.763457,0
2018-11-26,sh.600068,6.4900,6.5900,6.4300,6.5700,6.4900,15888676,103829138.0000,3,0.345048,1,1.232672,6.197756,1.181503,0.302774,-14.945441,0
2018-11-27,sh.600068,6.5800,6.6100,6.3800,6.4300,6.5700,24872464,160988096.0000,3,0.540145,1,-2.130903,6.065688,1.156327,0.296322,-14.626969,0
2018-11-28,sh.600068,6.4300,6.5200,6.3600,6.4800,6.4300,15901793,102669756.0000,3,0.345333,1,0.777608,6.112855,1.165318,0.298626,-14.740709,0
2018-11-29,sh.600068,6.5600,6.5600,6.4000,6.4100,6.4800,27941939,180713619.0000,3,0.606803,1,-1.080250,6.046821,1.152730,0.295400,-14.581473,0
2018-11-30,sh.600068,6.4100,6.4500,6.3600,6.4100,6.4100,21544218,137796899.0000,3,0.467867,1,0.000000,6.046821,1.152730,0.295400,-14.581473,0
2018-12-03,sh.600068,6.5100,6.6000,6.4400,6.5500,6.4100,37550945,244935926.0000,3,0.815478,1,2.184093,6.178889,1.177906,0.301852,-14.899945,0
2018-12-04,sh.600068,6.5500,6.6600,6.5100,6.6600,6.5500,31031369,204825650.0000,3,0.673895,1,1.679384,6.282657,1.197688,0.306921,-15.150173,0
2018-12-05,sh.600068,6.5600,6.7200,6.5400,6.6800,6.6600,26718705,177380188.0000,3,0.580239,1,0.300300,6.301524,1.201285,0.307843,-15.195669,0
2018-12-06,sh.600068,6.6400,6.6600,6.5400,6.5500,6.6800,20718893,136526208.0000,3,0.449943,1,-1.946102,6.178889,1.177906,0.301852,-14.899945,0
2018-12-07,sh.600068,6.5600,6.8800,6.5600,6.8400,6.5500,54748487,370913391.0000,3,1.188950,1,4.427480,6.452458,1.230058,0.315216,-15.559637,0
2018-12-10,sh.600068,6.7600,6.9100,6.7600,6.8500,6.8400,36225549,248143334.0000,3,0.786695,1,0.146195,6.461892,1.231856,0.315677,-15.582385,0
2018-12-11,sh.600068,6.8400,6.8900,6.7500,6.7800,6.8500,19907330,135181947.0000,3,0.432319,1,-1.021893,6.395858,1.219268,0.312451,-15.423149,0
2018-12-12,sh.600068,6.8200,6.8200,6.7100,6.7800,6.7800,17263668,116739964.0000,3,0.374908,1,0.000000,6.395858,1.219268,0.312451,-15.423149,0
2018-12-13,sh.600068,6.8200,7.1500,6.7700,7.0000,6.7800,66227282,464123520.0000,3,1.438230,1,3.244834,6.603393,1.258831,0.322590,-15.923605,0
2018-12-14,sh.600068,6.9600,6.9800,6.8200,6.8300,7.0000,36764731,253830025.0000,3,0.798404,1,-2.428572,6.443025,1.228260,0.314755,-15.536889,0
2018-12-17,sh.600068,6.8400,6.8900,6.7000,6.8400,6.8300,31294770,212858549.0000,3,0.679615,1,0.146416,6.452458,1.230058,0.315216,-15.559637,0
2018-12-18,sh.600068,6.8000,6.8100,6.4500,6.5500,6.8400,55281179,364986498.0000,3,1.200518,1,-4.239766,6.178889,1.177906,0.301852,-14.899945,0
2018-12-19,sh.600068,6.5500,6.5700,6.4200,6.4700,6.5500,25211193,164110591.0000,3,0.547501,1,-1.221380,6.103422,1.163520,0.298165,-14.717961,0
2018-12-20,sh.600068,6.4700,6.5000,6.3500,6.3800,6.4700,37526336,240158811.0000,3,0.814944,1,-1.391031,6.018521,1.147335,0.294018,-14.513229,0
2018-12-21,sh.600068,6.3600,6.3900,6.2800,6.3400,6.3800,21544260,136166424.0000,3,0.467868,1,-0.626959,5.980787,1.140142,0.292174,-14.422237,0
2018-12-24,sh.600068,6.3500,6.3700,6.2700,6.3300,6.3400,23249709,146688437.0000,3,0.504904,1,-0.157732,5.971354,1.138343,0.291713,-14.399489,0
2018-12-25,sh.600068,6.2500,6.2600,6.0800,6.1800,6.3300,32627784,200836508.0000,3,0.708564,1,-2.369670,5.829853,1.111368,0.284801,-14.058269,0
2018-12-26,sh.600068,6.1800,6.3300,6.1600,6.2900,6.1800,21970993,137135431.0000,3,0.477135,1,1.779938,5.933620,1.131150,0.289870,-14.308497,0
2018-12-27,sh.600068,6.3600,6.3900,6.2400,6.2600,6.2900,18539355,116836257.0000,3,0.402611,1,-0.476943,5.905320,1.125755,0.288487,-14.240253,0
2018-12-28,sh.600068,6.2500,6.3300,6.2200,6.3200,6.2600,16484317,103546557.0000,3,0.357983,1,0.958465,5.961921,1.136545,0.291253,-14.376741,0
2019-01-02,sh.600068,6.3200,6.3400,6.2600,6.3000,6.3200,16237348,102291890.0000,3,0.352620,1,-0.316455,5.943054,1.132948,0.290331,-14.331245,0
2019-01-03,sh.600068,6.2800,6.3500,6.2300,6.2600,6.3000,13090691,82267578.0000,3,0.284285,1,-0.634920,5.905320,1.125755,0.288487,-14.240253,0
2019-01-04,sh.600068,6.2100,6.4100,6.1900,6.3800,6.2600,23878145,151010582.0000,3,0.518552,1,1.916931,6.018521,1.147335,0.294018,-14.513229,0
2019-01-07,sh.600068,6.4000,6.4800,6.3900,6.4700,6.3800,30257218,194931693.0000,3,0.657083,1,1.410653,6.103422,1.163520,0.298165,-14.717961,0
2019-01-08,sh.600068,6.4600,6.5200,6.4200,6.4700,6.4700,24002434,155182835.0000,3,0.521251,1,0.000000,6.103422,1.163520,0.298165,-14.717961,0
2019-01-09,sh.600068,6.4800,6.5500,6.4200,6.4400,6.4700,30167493,196246503.0000,3,0.655135,1,-0.463674,6.075122,1.158125,0.296783,-14.649717,0
2019-01-10,sh.600068,6.4500,6.4600,6.3500,6.3800,6.4400,21214388,135717497.0000,3,0.460704,1,-0.931676,6.018521,1.147335,0.294018,-14.513229,0
2019-01-11,sh.600068,6.4000,6.4800,6.3700,6.4300,6.3800,26850778,172266099.0000,3,0.583107,1,0.783694,6.065688,1.156327,0.296322,-14.626969,0
2019-01-14,sh.600068,6.4400,6.4500,6.3900,6.4100,6.4300,13399829,85961126.0000,3,0.290998,1,-0.311042,6.046821,1.152730,0.295400,-14.581473,0
2019-01-15,sh.600068,6.4100,6.4700,6.3800,6.4700,6.4100,24649295,158640774.0000,3,0.535298,1,0.936037,6.103422,1.163520,0.298165,-14.717961,0
2019-01-16,sh.600068,6.4600,6.4800,6.3800,6.4000,6.4700,22283471,143193088.0000,3,0.483921,1,-1.081912,6.037388,1.150932,0.294939,-14.558725,0
2019-01-17,sh.600068,6.4000,6.4200,6.3200,6.3300,6.4000,18332671,116782002.0000,3,0.398123,1,-1.093753,5.971354,1.138343,0.291713,-14.399489,0
2019-01-18,sh.600068,6.3300,6.4400,6.3300,6.4300,6.3300,28689812,183473976.0000,3,0.623044,1,1.579777,6.065688,1.156327,0.296322,-14.626969,0
2019-01-21,sh.600068,6.4300,6.5000,6.4100,6.4500,6.4300,24985214,161357168.0000,3,0.542593,1,0.311042,6.084555,1.159923,0.297243,-14.672465,0
2019-01-22,sh.600068,6.4600,6.4600,6.3000,6.3100,6.4500,22983914,146302885.0000,3,0.499132,1,-2.170541,5.952487,1.134747,0.290792,-14.353993,0
2019-01-23,sh.600068,6.2800,6.3200,6.2400,6.2700,6.3100,16019876,100563558.0000,3,0.347897,1,-0.633914,5.914754,1.127553,0.288948,-14.263001,0
2019-01-24,sh.600068,6.2600,6.2800,6.0900,6.1600,6.2700,46993081,288838660.0000,3,1.020529,1,-1.754388,5.810986,1.107772,0.283879,-14.012773,0
2019-01-25,sh.600068,6.1600,6.2200,6.1300,6.1700,6.1600,22210324,137344722.0000,3,0.482332,1,0.162341,5.820419,1.109570,0.284340,-14.035521,0
2019-01-28,sh.600068,6.2000,6.2600,6.1400,6.1700,6.1700,18845041,116821526.0000,3,0.409250,1,0.000000,5.820419,1.109570,0.284340,-14.035521,0
2019-01-29,sh.600068,6.1600,6.1800,6.0700,6.1700,6.1700,17860505,109369834.0000,3,0.387869,1,0.000000,5.820419,1.109570,0.284340,-14.035521,0
2019-01-30,sh.600068,6.1500,6.1700,6.1100,6.1500,6.1700,14709204,90342467.0000,3,0.319434,1,-0.324149,5.801552,1.105973,0.283418,-13.990025,0
2019-01-31,sh.600068,6.1600,6.2000,6.1300,6.1700,6.1500,20581524,126849906.0000,3,0.446960,1,0.325203,5.820419,1.109570,0.284340,-14.035521,0
2019-02-01,sh.600068,6.1900,6.2500,6.1600,6.2500,6.1700,19775713,122800320.0000,3,0.429461,1,1.296595,5.895887,1.123957,0.288027,-14.217505,0
2019-02-11,sh.600068,6.2700,6.3900,6.2400,6.3800,6.2500,31527256,198820395.0000,3,0.684664,1,2.080002,6.018521,1.147335,0.294018,-14.513229,0
2019-02-12,sh.600068,6.3800,6.4600,6.3600,6.4400,6.3800,40023916,257098857.0000,3,0.869182,1,0.940438,6.075122,1.158125,0.296783,-14.649717,0
2019-02-13,sh.600068,6.4500,6.5400,6.3900,6.4900,6.4400,48681253,314563859.0000,3,1.057190,1,0.776393,6.122289,1.167117,0.299087,-14.763457,0
2019-02-14,sh.600068,6.4900,6.5400,6.4500,6.4600,6.4900,36994749,239983948.0000,3,0.803399,1,-0.462245,6.093988,1.161722,0.297704,-14.695213,0
2019-02-15,sh.600068,6.4600,6.5200,6.4300,6.4500,6.4600,35448791,229671075.0000,3,0.769826,1,-0.154802,6.084555,1.159923,0.297243,-14.672465,0
2019-02-18,sh.600068,6.4700,6.6800,6.4700,6.6600,6.4500,51914349,343066398.0000,3,1.127402,1,3.255815,6.282657,1.197688,0.306921,-15.150173,0
2019-02-19,sh.600068,6.6600,6.7300,6.5600,6.6200,6.6600,39530529,262768716.0000,3,0.858468,1,-0.600600,6.244923,1.190495,0.305078,-15.059181,0
2019-02-20,sh.600068,6.6200,6.6600,6.5600,6.6300,6.6200,24950908,164803165.0000,3,0.541848,1,0.151061,6.254357,1.192293,0.305539,-15.081929,0
2019-02-21,sh.600068,6.6300,6.6900,6.5200,6.5400,6.6300,53885136,354821233.0000,3,1.170201,1,-1.357468,6.169456,1.176108,0.301391,-14.877197,0
2019-02-22,sh.600068,6.5300,6.5900,6.4300,6.5900,6.5400,46665500,303554881.0000,3,1.013415,1,0.764529,6.216623,1.185100,0.303695,-14.990937,0
2019-02-25,sh.600068,6.6600,6.9900,6.6000,6.9900,6.5900,119127642,810885770.0000,3,2.587045,1,6.069797,6.593960,1.257033,0.322129,-15.900857,0
2019-02-26,sh.600068,7.0200,7.3900,6.9000,7.0800,6.9900,142740579,1024281644.0000,3,3.099837,1,1.287556,6.678860,1.273218,0.326277,-16.105589,0
2019-02-27,sh.600068,7.0800,7.2300,7.0700,7.1200,7.0800,84947054,607455247.0000,3,1.844759,1,0.564971,6.716594,1.280411,0.328120,-16.196581,0
2019-02-28,sh.600068,7.1400,7.2000,7.0400,7.0900,7.1200,39487844,280802973.0000,3,0.857541,1,-0.421345,6.688294,1.275016,0.326737,-16.128337,0
2019-03-01,sh.600068,7.1300,7.2100,7.0700,7.1400,7.0900,49337323,351739689.0000,3,1.071438,1,0.705215,6.735461,1.284008,0.329042,-16.242077,0
2019-03-04,sh.600068,7.2000,7.3900,7.1400,7.2000,7.1400,93724976,681776583.0000,3,2.035386,1,0.840335,6.792061,1.294798,0.331807,-16.378566,0
2019-03-05,sh.600068,7.2000,7.3700,7.1300,7.2900,7.2000,75835395,549533516.0000,3,1.646885,1,1.250002,6.876962,1.310983,0.335954,-16.583298,0
2019-03-06,sh.600068,7.3100,7.4500,7.2400,7.4000,7.2900,79373121,582522903.0000,3,1.723712,1,1.508918,6.980730,1.330765,0.341024,-16.833526,0
2019-03-07,sh.600068,7.4100,7.4700,7.2700,7.3100,7.4000,79586514,585028825.0000,3,1.728347,1,-1.216218,6.895829,1.314580,0.336876,-16.628794,0
2019-03-08,sh.600068,7.2300,7.2300,6.9000,6.9100,7.3100,95107317,672621460.0000,3,2.065405,1,-5.471958,6.518492,1.242646,0.318442,-15.718873,0
2019-03-11,sh.600068,6.9100,7.1300,6.8900,7.1200,6.9100,57908038,407580296.0000,3,1.257564,1,3.039074,6.716594,1.280411,0.328120,-16.196581,0
2019-03-12,sh.600068,7.1600,7.2900,7.1100,7.2000,7.1200,67417474,485510718.0000,3,1.464077,1,1.123595,6.792061,1.294798,0.331807,-16.378566,0
2019-03-13,sh.600068,7.2000,7.2000,7.0700,7.0800,7.2000,44018547,313548052.0000,3,0.955932,1,-1.666665,6.678860,1.273218,0.326277,-16.105589,0
2019-03-14,sh.600068,7.0700,7.1700,6.9300,7.0000,7.0800,42122656,296100514.0000,3,0.914760,1,-1.129943,6.603393,1.258831,0.322590,-15.923605,0
2019-03-15,sh.600068,7.0100,7.1800,7.0100,7.0900,7.0000,46179498,327870597.0000,3,1.002861,1,1.285716,6.688294,1.275016,0.326737,-16.128337,0
2019-03-18,sh.600068,7.1100,7.5500,7.1000,7.5300,7.0900,129345800,953782808.0000,3,2.808948,1,6.205925,7.103364,1.354143,0.347014,-17.129250,0
2019-03-19,sh.600068,7.5200,7.5700,7.3000,7.3700,7.5300,85145540,631240593.0000,3,1.849070,1,-2.124838,6.952430,1.325370,0.339641,-16.765282,0
2019-03-20,sh.600068,7.3700,7.4400,7.2600,7.4100,7.3700,62991857,462801828.0000,3,1.367967,1,0.542740,6.990163,1.332563,0.341484,-16.856274,0
2019-03-21,sh.600068,7.4600,7.4800,7.2900,7.3400,7.4100,70872045,522281839.0000,3,1.539098,1,-0.944665,6.924129,1.319975,0.338258,-16.697038,0
2019-03-22,sh.600068,7.3300,7.3700,7.1900,7.2800,7.3400,65608683,476554865.0000,3,1.424796,1,-0.817438,6.867529,1.309185,0.335493,-16.560550,0
2019-03-25,sh.600068,7.1900,7.2500,7.1400,7.1600,7.2800,45066108,324320070.0000,3,0.978682,1,-1.648357,6.754328,1.287605,0.329963,-16.287573,0
2019-03-26,sh.600068,7.1700,7.2100,7.0100,7.0500,7.1600,46554246,330617852.0000,3,1.010999,1,-1.536308,6.650560,1.267823,0.324894,-16.037345,0
2019-03-27,sh.600068,7.0800,7.1000,7.0000,7.0300,7.0500,37968264,267141307.0000,3,0.824541,1,-0.283688,6.631693,1.264226,0.323972,-15.991849,0
2019-03-28,sh.600068,7.0000,7.1500,6.9500,7.0500,7.0300,37134700,261827127.0000,3,0.806439,1,0.284495,6.650560,1.267823,0.324894,-16.037345,0
2019-03-29,sh.600068,7.0500,7.2600,6.9900,7.2600,7.0500,62007803,443691721.0000,3,1.346597,1,2.978724,6.848662,1.305588,0.334572,-16.515054,0
2019-04-01,sh.600068,7.2700,7.4400,7.2500,7.3300,7.2600,124109015,911975582.0000,3,2.695223,1,0.964183,7.246704,1.259253,0.335431,155.863463,0
2019-04-02,sh.600068,7.4500,7.4700,7.3200,7.3400,7.3300,93016566,686488592.0000,3,2.020001,1,0.136429,7.256590,1.260971,0.335889,156.076100,0
2019-04-03,sh.600068,7.3100,7.7000,7.2800,7.6400,7.3400,149263134,1126859335.0000,3,3.241484,1,4.087190,7.553181,1.312510,0.349618,162.455233,0
2019-04-04,sh.600068,7.6900,7.8800,7.5900,7.7500,7.6400,142308641,1098544492.0000,3,3.090456,1,1.439792,7.661931,1.331407,0.354651,164.794248,0
2019-04-08,sh.600068,7.7900,7.8900,7.6000,7.7600,7.7500,129287671,1004581594.0000,3,2.807686,1,0.129035,7.671817,1.333125,0.355109,165.006885,0
2019-04-09,sh.600068,7.7900,7.8900,7.6700,7.8100,7.7600,89751464,699207537.0000,3,1.949095,1,0.644326,7.721249,1.341715,0.357397,166.070074,0
2019-04-10,sh.600068,7.8000,7.8000,7.6900,7.7200,7.8100,65635482,508011103.0000,3,1.425378,1,-1.152371,7.632272,1.326253,0.353278,164.156334,0
2019-04-11,sh.600068,7.7800,7.8100,7.5500,7.5700,7.7200,64318677,493255707.0000,3,1.396781,1,-1.943000,7.483977,1.300484,0.346414,160.966768,0
2019-04-12,sh.600068,7.6000,7.6600,7.4500,7.5700,7.5700,60625433,458171439.0000,3,1.316577,1,0.000000,7.483977,1.300484,0.346414,160.966768,0
2019-04-15,sh.600068,7.6900,7.7700,7.5200,7.5500,7.5700,58192643,447244167.0000,3,1.263745,1,-0.264201,7.464204,1.297048,0.345499,160.541493,0
2019-04-16,sh.600068,7.5300,7.7200,7.4800,7.7200,7.5500,54796370,416618730.0000,3,1.189990,1,2.251650,7.632272,1.326253,0.353278,164.156334,0
2019-04-17,sh.600068,7.7300,7.7800,7.6200,7.6600,7.7200,53760083,412548861.0000,3,1.167485,1,-0.777201,7.572954,1.315946,0.350533,162.880508,0
2019-04-18,sh.600068,7.6200,7.7200,7.5600,7.6100,7.6600,42236914,321907170.0000,3,0.917241,1,-0.652738,7.523522,1.307356,0.348245,161.817319,0
2019-04-19,sh.600068,7.6200,7.7200,7.5800,7.7100,7.6100,54333420,416682645.0000,3,1.179936,1,1.314059,7.622386,1.324535,0.352821,163.943697,0
2019-04-22,sh.600068,7.7600,7.7800,7.4800,7.5200,7.7100,67721833,515455610.0000,3,1.470686,1,-2.464333,7.434545,1.291894,0.344126,159.903580,0
2019-04-23,sh.600068,7.5000,7.5400,7.2300,7.2900,7.5200,70995523,521769610.0000,3,1.541780,1,-3.058511,7.207158,1.252382,0.333601,155.012912,0
2019-04-24,sh.600068,7.3100,7.3800,7.1900,7.3700,7.2900,43771635,318708073.0000,3,0.950570,1,1.097393,7.286249,1.266125,0.337262,156.714014,0
2019-04-25,sh.600068,7.3400,7.3400,7.0700,7.1100,7.3700,46820727,337482388.0000,3,1.016786,1,-3.527812,7.029204,1.221459,0.325364,151.185432,0
2019-04-26,sh.600068,7.1000,7.1500,6.9300,6.9400,7.1100,53626100,376317196.0000,3,1.164575,1,-2.391000,6.861136,1.192254,0.317585,147.570591,0
2019-04-29,sh.600068,6.9600,6.9800,6.8000,6.8300,6.9400,45686764,314570281.0000,3,0.992160,1,-1.585016,6.752386,1.173356,0.312551,145.231576,0
2019-04-30,sh.600068,6.8000,6.8700,6.7300,6.8100,6.8300,36817151,250581333.0000,3,0.799542,1,-0.292826,6.820875,1.138652,0.309129,-45.830317,0
2019-05-06,sh.600068,6.6100,6.6800,6.2200,6.3500,6.8100,73801750,476955932.0000,3,1.602721,1,-6.754773,6.360140,1.061738,0.288248,-42.734583,0
2019-05-07,sh.600068,6.3800,6.4300,6.2500,6.3600,6.3500,40594892,258368770.0000,3,0.881582,1,0.157484,6.370156,1.063410,0.288702,-42.801882,0
2019-05-08,sh.600068,6.2500,6.3600,6.2000,6.3200,6.3600,27518428,173106068.0000,3,0.597606,1,-0.628930,6.330092,1.056722,0.286887,-42.532688,0
2019-05-09,sh.600068,6.2700,6.3500,6.2500,6.2800,6.3200,22977881,144657517.0000,3,0.499001,1,-0.632911,6.290029,1.050034,0.285071,-42.263493,0
2019-05-10,sh.600068,6.3300,6.4200,6.2100,6.4000,6.2800,36611169,232733668.0000,3,0.795069,1,1.910826,6.410220,1.070098,0.290518,-43.071076,0
2019-05-13,sh.600068,6.3300,6.3500,6.2500,6.2800,6.4000,28436635,179104665.0000,3,0.617546,1,-1.874998,6.290029,1.050034,0.285071,-42.263493,0
2019-05-14,sh.600068,6.2200,6.2900,6.2000,6.2400,6.2800,25017900,156219544.0000,3,0.543303,1,-0.636950,6.249965,1.043346,0.283255,-41.994299,0
2019-05-15,sh.600068,6.2700,6.3400,6.2600,6.3200,6.2400,29206566,184095518.0000,3,0.634267,1,1.282058,6.330092,1.056722,0.286887,-42.532688,0
2019-05-16,sh.600068,6.3200,6.4100,6.3100,6.3900,6.3200,30222983,192588788.0000,3,0.656340,1,1.107590,6.400204,1.068426,0.290064,-43.003778,0
2019-05-17,sh.600068,6.3900,6.4000,6.2200,6.2400,6.3900,31036443,195035341.0000,3,0.674005,1,-2.347420,6.249965,1.043346,0.283255,-41.994299,0
2019-05-20,sh.600068,6.2400,6.2600,6.1300,6.1900,6.2400,20614808,127400658.0000,3,0.447683,1,-0.801277,6.199885,1.034986,0.280985,-41.657806,0
2019-05-21,sh.600068,6.1900,6.3800,6.1800,6.3100,6.1900,32614119,204418705.0000,3,0.708267,1,1.938609,6.320076,1.055050,0.286433,-42.465389,0
2019-05-22,sh.600068,6.2900,6.2900,6.2000,6.2200,6.3100,22007206,137298638.0000,3,0.477921,1,-1.426310,6.229933,1.040002,0.282347,-41.859702,0
2019-05-23,sh.600068,6.2100,6.2100,6.1300,6.1600,6.2200,23300156,143616724.0000,3,0.506000,1,-0.964629,6.169837,1.029970,0.279624,-41.455911,0
2019-05-24,sh.600068,6.2100,6.2700,6.1800,6.2000,6.1600,21747904,135341355.0000,3,0.472290,1,0.649350,6.209901,1.036658,0.281439,-41.725105,0
2019-05-27,sh.600068,6.2100,6.2800,6.1600,6.2800,6.2000,27304983,170287930.0000,3,0.592971,1,1.290329,6.290029,1.050034,0.285071,-42.263493,0
2019-05-28,sh.600068,6.2600,6.3100,6.2200,6.2900,6.2800,29222749,183324514.0000,3,0.634618,1,0.159232,6.300044,1.051706,0.285525,-42.330792,0
2019-05-29,sh.600068,6.2400,6.2900,6.2200,6.2600,6.2900,17345991,108569062.0000,3,0.376696,1,-0.476943,6.269997,1.046690,0.284163,-42.128896,0
2019-05-30,sh.600068,6.2500,6.2500,6.1800,6.2000,6.2600,17511517,108651885.0000,3,0.380290,1,-0.958473,6.209901,1.036658,0.281439,-41.725105,0
2019-05-31,sh.600068,6.2200,6.2400,6.1900,6.1900,6.2000,13546527,84108325.0000,3,0.294184,1,-0.161286,6.199885,1.034986,0.280985,-41.657806,0
2019-06-03,sh.600068,6.1900,6.2200,6.1300,6.1500,6.1900,21867794,134762208.0000,3,0.474894,1,-0.646203,6.159821,1.028298,0.279170,-41.388612,0
2019-06-04,sh.600068,6.1500,6.1600,6.0600,6.1000,6.1500,23374418,142327854.0000,3,0.507612,1,-0.813011,6.109741,1.019938,0.276900,-41.052119,0
2019-06-05,sh.600068,6.1500,6.1500,6.0900,6.0900,6.1000,16393947,100279771.0000,3,0.356020,1,-0.163930,6.099725,1.018266,0.276446,-40.984821,0
2019-06-06,sh.600068,6.1000,6.1000,6.0100,6.0200,6.0900,19373455,117106429.0000,3,0.420725,1,-1.149428,6.029613,1.006561,0.273269,-40.513731,0
2019-06-10,sh.600068,6.0500,6.0900,6.0200,6.0400,6.0200,18065566,109472500.0000,3,0.392322,1,0.332226,6.049645,1.009905,0.274176,-40.648328,0
2019-06-11,sh.600068,6.1500,6.3100,6.1500,6.3100,6.0400,60810975,379830990.0000,3,1.320606,1,4.470198,6.320076,1.055050,0.286433,-42.465389,0
2019-06-12,sh.600068,6.2800,6.3400,6.2200,6.2400,6.3100,37623560,235818840.0000,3,0.817055,1,-1.109353,6.249965,1.043346,0.283255,-41.994299,0
2019-06-13,sh.600068,6.2400,6.2400,6.1500,6.2100,6.2400,21954563,135982329.0000,3,0.476778,1,-0.480765,6.219917,1.038330,0.281893,-41.792404,0
2019-06-14,sh.600068,6.2100,6.2200,6.1300,6.1500,6.2100,21488800,132635645.0000,3,0.466663,1,-0.966183,6.159821,1.028298,0.279170,-41.388612,0
2019-06-17,sh.600068,6.1400,6.1900,6.1300,6.1700,6.1500,12858958,79194554.0000,3,0.279253,1,0.325203,6.179853,1.031642,0.280078,-41.523209,0
2019-06-18,sh.600068,6.1800,6.1900,6.1400,6.1700,6.1700,11985173,73943734.0000,3,0.260277,1,0.000000,6.179853,1.031642,0.280078,-41.523209,0
2019-06-19,sh.600068,6.2700,6.3000,6.2200,6.2300,6.1700,27847475,173856928.0000,3,0.604752,1,0.972446,6.239949,1.041674,0.282801,-41.927001,0
2019-06-20,sh.600068,6.2200,6.3500,6.2000,6.3100,6.2300,46536174,292988789.0000,3,1.010606,1,1.284108,6.320076,1.055050,0.286433,-42.465389,0
2019-06-21,sh.600068,6.3200,6.3600,6.3100,6.3500,6.3100,35293078,223656470.0000,3,0.766445,1,0.633914,6.360140,1.061738,0.288248,-42.734583,0
2019-06-24,sh.600068,6.3600,6.3600,6.3000,6.3300,6.3500,18744837,118571806.0000,3,0.407074,1,-0.314960,6.340108,1.058394,0.287341,-42.599986,0
2019-06-25,sh.600068,6.3200,6.3300,6.2100,6.2400,6.3300,20768143,129803318.0000,3,0.451013,1,-1.421803,6.249965,1.043346,0.283255,-41.994299,0
2019-06-26,sh.600068,6.2200,6.2700,6.2100,6.2500,6.2400,12364629,77255974.0000,3,0.268517,1,0.160260,6.259981,1.045018,0.283709,-42.061598,0
2019-06-27,sh.600068,6.2500,6.3100,6.2200,6.2400,6.2500,26941355,168517505.0000,3,0.585074,1,-0.160004,6.249965,1.043346,0.283255,-41.994299,0
2019-06-28,sh.600068,6.2400,6.2400,6.1800,6.2300,6.2400,17415505,108081103.0000,3,0.378205,1,-0.160252,6.239949,1.041674,0.282801,-41.927001,0
2019-07-01,sh.600068,6.2300,6.2900,6.1900,6.2900,6.2300,63446015,396356468.0000,3,1.377830,1,0.963081,6.300044,1.051706,0.285525,-42.330792,0
2019-07-02,sh.600068,6.2600,6.2700,6.2100,6.2300,6.2900,37624829,234401340.0000,3,0.817082,1,-0.953894,6.239949,1.041674,0.282801,-41.927001,0
2019-07-03,sh.600068,6.2100,6.2300,6.1500,6.1800,6.2300,28562331,176449073.0000,3,0.620276,1,-0.802571,6.189869,1.033314,0.280532,-41.590508,0
2019-07-04,sh.600068,6.1800,6.2600,6.1800,6.2000,6.1800,27723251,172517761.0000,3,0.602054,1,0.323624,6.209901,1.036658,0.281439,-41.725105,0
2019-07-05,sh.600068,6.2000,6.2100,6.1600,6.1900,6.2000,17558499,108493597.0000,3,0.381310,1,-0.161286,6.199885,1.034986,0.280985,-41.657806,0
2019-07-08,sh.600068,6.1900,6.1900,6.0300,6.0600,6.1900,30752825,187053214.0000,3,0.667846,1,-2.100163,6.069677,1.013250,0.275084,-40.782925,0
2019-07-09,sh.600068,6.0400,6.0900,6.0400,6.0700,6.0600,14651248,88773752.0000,3,0.318175,1,0.165020,6.079693,1.014922,0.275538,-40.850224,0
2019-07-10,sh.600068,6.0700,6.0900,6.0300,6.0500,6.0700,9977395,60391061.0000,3,0.216675,1,-0.329489,6.059661,1.011577,0.274630,-40.715627,0
2019-07-11,sh.600068,6.0700,6.0800,6.0200,6.0400,6.0500,16119133,97516796.0000,3,0.350052,1,-0.165293,6.049645,1.009905,0.274176,-40.648328,0
2019-07-12,sh.600068,6.0400,6.1200,6.0400,6.0900,6.0400,17626309,107219933.0000,3,0.382783,1,0.827818,6.099725,1.018266,0.276446,-40.984821,0
2019-07-15,sh.600068,6.1000,6.1400,6.0300,6.1100,6.0900,16102266,98013848.0000,3,0.349686,1,0.328407,6.119757,1.021610,0.277354,-41.119418,0
2019-07-16,sh.600068,6.1000,6.1200,6.0900,6.1100,6.1100,8668174,52907044.0000,3,0.188243,1,0.000000,6.119757,1.021610,0.277354,-41.119418,0
2019-07-17,sh.600068,6.1100,6.1400,6.0800,6.1200,6.1100,14473727,88605241.0000,3,0.314320,1,0.163662,6.129773,1.023282,0.277808,-41.186717,0
2019-07-18,sh.600068,6.1100,6.1100,6.0400,6.0500,6.1200,13998043,84835533.0000,3,0.303990,1,-1.143786,6.059661,1.011577,0.274630,-40.715627,0
2019-07-19,sh.600068,6.0600,6.1100,6.0600,6.0800,6.0500,13031369,79327082.0000,3,0.282997,1,0.495863,6.089709,1.016594,0.275992,-40.917522,0
2019-07-22,sh.600068,6.0800,6.0900,6.0000,6.0200,6.0800,18964649,114405239.0000,3,0.411847,1,-0.986841,6.029613,1.006561,0.273269,-40.513731,0
2019-07-23,sh.600068,6.0200,6.0600,6.0200,6.0300,6.0200,12099851,72977429.0000,3,0.262767,1,0.166117,6.039629,1.008233,0.273722,-40.581029,0
2019-07-24,sh.600068,6.0500,6.1000,6.0400,6.0800,6.0300,19903871,120962870.0000,3,0.432244,1,0.829183,6.089709,1.016594,0.275992,-40.917522,0
2019-07-25,sh.600068,6.0700,6.1000,6.0500,6.0800,6.0800,13181901,80085755.0000,3,0.286266,1,0.000000,6.089709,1.016594,0.275992,-40.917522,0
2019-07-26,sh.600068,6.0700,6.0900,6.0600,6.0800,6.0800,10123638,61510092.0000,3,0.219900,1,0.000000,6.089709,1.016594,0.275992,-40.917522,0
2019-07-29,sh.600068,6.0700,6.0900,6.0600,6.0700,6.0800,9025610,54834204.0000,3,0.196005,1,-0.164470,6.079693,1.014922,0.275538,-40.850224,0
2019-07-30,sh.600068,6.0700,6.1100,6.0600,6.1000,6.0700,14066306,85695286.0000,3,0.305500,1,0.494200,6.109741,1.019938,0.276900,-41.052119,0
2019-07-31,sh.600068,6.1000,6.1100,6.0200,6.0400,6.1000,17843160,107795925.0000,3,0.387500,1,-0.983600,6.049645,1.009905,0.274176,-40.648328,0
2019-08-01,sh.600068,6.0400,6.0600,6.0200,6.0300,6.0400,14449510,87191425.0000,3,0.313800,1,-0.165600,6.039629,1.008233,0.273722,-40.581029,0
2019-08-02,sh.600068,5.9900,6.0000,5.9500,5.9700,6.0300,22915347,136759684.0000,3,0.497600,1,-0.995000,5.979533,0.998201,0.270999,-40.177238,0
2019-08-05,sh.600068,5.9700,5.9700,5.9100,5.9100,5.9700,15183900,90140447.0000,3,0.329700,1,-1.005000,5.919438,0.988169,0.268275,-39.773447,0
2019-08-06,sh.600068,5.8400,5.8400,5.6600,5.7600,5.9100,24951661,143651687.0000,3,0.541900,1,-2.538100,5.769198,0.963089,0.261466,-38.763968,0
2019-08-07,sh.600068,5.7400,5.8100,5.7300,5.7700,5.7600,15225772,87936550.0000,3,0.330700,1,0.173600,5.779214,0.964761,0.261920,-38.831267,0
2019-08-08,sh.600068,5.6200,5.6200,5.5500,5.5600,5.5900,14902887,83123227.0000,3,0.323600,1,-0.536700,5.568879,0.929648,0.252388,-37.417997,0
2019-08-09,sh.600068,5.5700,5.5800,5.5000,5.5100,5.5600,12851075,71125301.0000,3,0.279100,1,-0.899300,5.518799,0.921288,0.250118,-37.081505,0
2019-08-12,sh.600068,5.5200,5.5500,5.5000,5.5500,5.5100,8918682,49278223.0000,3,0.193700,1,0.726000,5.558863,0.927976,0.251934,-37.350699,0
2019-08-13,sh.600068,5.5300,5.5300,5.4800,5.5000,5.5500,9318419,51185486.0000,3,0.202400,1,-0.900900,5.508783,0.919616,0.249664,-37.014206,0
2019-08-14,sh.600068,5.5400,5.5700,5.5000,5.5100,5.5000,8670296,48025765.0000,3,0.188300,1,0.181800,5.518799,0.921288,0.250118,-37.081505,0
2019-08-15,sh.600068,5.4100,5.4600,5.3600,5.4500,5.5100,13760396,74384294.0000,3,0.298800,1,-1.088900,5.458703,0.911256,0.247394,-36.677713,0
2019-08-16,sh.600068,5.4300,5.4800,5.4200,5.4500,5.4500,11049728,60219821.0000,3,0.240000,1,0.000000,5.458703,0.911256,0.247394,-36.677713,0
2019-08-19,sh.600068,5.4600,5.5600,5.4600,5.5600,5.4500,18907294,104332028.0000,3,0.410600,1,2.018400,5.568879,0.929648,0.252388,-37.417997,0
2019-08-20,sh.600068,5.5500,5.6000,5.5300,5.5700,5.5600,13752844,76638741.0000,3,0.298700,1,0.179900,5.578895,0.931320,0.252842,-37.485296,0
2019-08-21,sh.600068,5.5500,5.5600,5.5200,5.5300,5.5700,9430242,52256391.0000,3,0.204800,1,-0.718100,5.538831,0.924632,0.251026,-37.216102,0
2019-08-22,sh.600068,5.5400,5.5500,5.4500,5.5000,5.5300,12584901,69203954.0000,3,0.273300,1,-0.542500,5.508783,0.919616,0.249664,-37.014206,0
2019-08-23,sh.600068,5.4900,5.5200,5.4700,5.4800,5.5000,8849844,48613882.0000,3,0.192200,1,-0.363600,5.488751,0.916272,0.248756,-36.879609,0
2019-08-26,sh.600068,5.3900,5.4100,5.3500,5.4000,5.4800,14922247,80361477.0000,3,0.324100,1,-1.459900,5.408623,0.902896,0.245125,-36.341220,0
2019-08-27,sh.600068,5.4200,5.5300,5.4100,5.4800,5.4000,20496548,112389108.0000,3,0.445100,1,1.481500,5.488751,0.916272,0.248756,-36.879609,0
2019-08-28,sh.600068,5.4600,5.5000,5.4500,5.4800,5.4800,9100229,49808466.0000,3,0.197600,1,0.000000,5.488751,0.916272,0.248756,-36.879609,0
2019-08-29,sh.600068,5.4800,5.4900,5.4300,5.4300,5.4800,12124342,66059937.0000,3,0.263300,1,-0.912400,5.438671,0.907912,0.246486,-36.543116,0
2019-08-30,sh.600068,5.4500,5.4700,5.3800,5.4000,5.4300,14254122,77414187.0000,3,0.309600,1,-0.552500,5.408623,0.902896,0.245125,-36.341220,0
2019-09-02,sh.600068,5.5000,5.7500,5.4500,5.7000,5.4000,59228100,334490519.0000,3,1.286200,1,5.555600,5.435572,0.910143,0.251619,20.208007,0
2019-09-03,sh.600068,5.7000,5.7500,5.6400,5.7400,5.7000,33536894,191445420.0000,3,0.728300,1,0.701800,5.473716,0.916530,0.253384,20.349818,0
2019-09-04,sh.600068,5.7700,6.1400,5.7500,6.0900,5.7400,113641375,681644007.0000,3,2.467900,1,6.097600,5.807480,0.972416,0.268835,21.590660,0
2019-09-05,sh.600068,6.2600,6.4200,6.1500,6.2000,6.0900,125138046,782896396.0000,3,2.717600,1,1.806200,5.912377,0.989980,0.273690,21.980639,0
2019-09-06,sh.600068,6.2300,6.3000,6.1500,6.2000,6.2000,64063136,397045208.0000,3,1.391200,1,0.000000,5.912377,0.989980,0.273690,21.980639,0
2019-09-09,sh.600068,6.2800,6.3000,6.2000,6.2600,6.2000,48728432,305117523.0000,3,1.058200,1,0.967700,5.969593,0.999560,0.276339,22.193355,0
2019-09-10,sh.600068,6.2600,6.2900,6.1800,6.2600,6.2600,32084511,199735509.0000,3,0.696800,1,0.000000,5.969593,0.999560,0.276339,22.193355,0
2019-09-11,sh.600068,6.2800,6.3100,6.1700,6.1900,6.2600,39004958,242874784.0000,3,0.847100,1,-1.118200,5.902840,0.988383,0.273249,21.945187,0
2019-09-12,sh.600068,6.2300,6.3700,6.2100,6.3300,6.1900,50977659,320941935.0000,3,1.107100,1,2.261700,6.036346,1.010738,0.279429,22.441524,0
2019-09-16,sh.600068,6.3200,6.3300,6.1800,6.1900,6.3300,38203338,238453102.0000,3,0.829600,1,-2.211700,5.902840,0.988383,0.273249,21.945187,0
2019-09-17,sh.600068,6.2000,6.2100,5.9900,5.9900,6.1900,40469888,245231248.0000,3,0.878900,1,-3.231000,5.712119,0.956448,0.264420,21.236134,0
2019-09-18,sh.600068,6.0300,6.0400,5.9400,5.9800,5.9900,21999926,131571446.0000,3,0.477800,1,-0.166900,5.702583,0.954852,0.263979,21.200681,0
2019-09-19,sh.600068,5.9700,6.0300,5.9200,6.0100,5.9800,22240845,133069151.0000,3,0.483000,1,0.501700,5.731191,0.959642,0.265303,21.307039,0
2019-09-20,sh.600068,6.0100,6.1000,5.9600,5.9800,6.0100,32824072,197541350.0000,3,0.712800,1,-0.499200,5.702583,0.954852,0.263979,21.200681,0
2019-09-23,sh.600068,5.9800,5.9800,5.8700,5.9100,5.9800,25105723,148279227.0000,3,0.545200,1,-1.170600,5.635830,0.943674,0.260889,20.952513,0
2019-09-24,sh.600068,5.9100,5.9900,5.8600,5.9200,5.9100,25292400,149675815.0000,3,0.549300,1,0.169200,5.645366,0.945271,0.261330,20.987965,0
2019-09-25,sh.600068,5.9000,5.9300,5.8300,5.8500,5.9200,19379679,113875042.0000,3,0.420900,1,-1.182400,5.578613,0.934094,0.258240,20.739797,0
2019-09-26,sh.600068,5.8600,5.9400,5.8000,5.8200,5.8500,23897036,140157525.0000,3,0.519000,1,-0.512800,5.550005,0.929304,0.256916,20.633439,0
2019-09-27,sh.600068,5.8100,5.8600,5.7800,5.8000,5.8200,17007500,98872337.0000,3,0.369300,1,-0.343600,5.530933,0.926110,0.256033,20.562534,0
2019-09-30,sh.600068,5.8000,5.8800,5.7800,5.8300,5.8000,15125801,88358254.0000,3,0.328500,1,0.517200,5.559541,0.930901,0.257357,20.668891,0
2019-10-08,sh.600068,5.8300,5.9700,5.8300,5.8800,5.8300,22856168,135263969.0000,3,0.496400,1,0.857600,5.607222,0.938884,0.259564,20.846155,0
2019-10-09,sh.600068,5.8600,6.0000,5.8400,5.9800,5.8800,24956902,148431150.0000,3,0.542000,1,1.700700,5.702583,0.954852,0.263979,21.200681,0
2019-10-10,sh.600068,5.9900,5.9900,5.9400,5.9800,5.9800,16032026,95571896.0000,3,0.348200,1,0.000000,5.702583,0.954852,0.263979,21.200681,0
2019-10-11,sh.600068,5.9800,6.0200,5.9300,5.9900,5.9800,19958723,119411482.0000,3,0.433400,1,0.167200,5.712119,0.956448,0.264420,21.236134,0
2019-10-14,sh.600068,6.0400,6.0800,6.0100,6.0300,5.9900,22311344,134984910.0000,3,0.484500,1,0.667800,5.750263,0.962835,0.266186,21.377944,0
2019-10-15,sh.600068,6.0400,6.0700,5.9400,5.9400,6.0300,29369361,175827449.0000,3,0.637800,1,-1.492500,5.664438,0.948465,0.262213,21.058871,0
2019-10-16,sh.600068,5.9900,6.0400,5.9700,5.9800,5.9400,18608154,111657445.0000,3,0.404100,1,0.673400,5.702583,0.954852,0.263979,21.200681,0
2019-10-17,sh.600068,5.9900,6.0100,5.9300,5.9700,5.9800,15552333,92683572.0000,3,0.337700,1,-0.167200,5.693046,0.953255,0.263537,21.165229,0
2019-10-18,sh.600068,5.9700,5.9900,5.8100,5.8500,5.9700,21654338,127569492.0000,3,0.470300,1,-2.010000,5.578613,0.934094,0.258240,20.739797,0
2019-10-21,sh.600068,5.8500,5.8800,5.8000,5.8700,5.8500,12736441,74467221.0000,3,0.276600,1,0.341900,5.597686,0.937288,0.259123,20.810702,0
2019-10-22,sh.600068,5.8800,5.8900,5.8000,5.8400,5.8700,13333960,77789600.0000,3,0.289600,1,-0.511100,5.569077,0.932497,0.257799,20.704344,0
2019-10-23,sh.600068,5.8500,5.8700,5.8000,5.8100,5.8400,11879181,69205425.0000,3,0.258000,1,-0.513700,5.540469,0.927707,0.256474,20.597986,0
2019-10-24,sh.600068,5.8000,5.8400,5.8000,5.8300,5.8100,11128525,64742876.0000,3,0.241700,1,0.344200,5.559541,0.930901,0.257357,20.668891,0
2019-10-25,sh.600068,5.8300,5.8300,5.7400,5.8100,5.8300,19735407,114092157.0000,3,0.428600,1,-0.343100,5.540469,0.927707,0.256474,20.597986,0
2019-10-28,sh.600068,5.8100,5.8500,5.7800,5.8200,5.8100,21917133,127296867.0000,3,0.476000,1,0.172100,5.550005,0.929304,0.256916,20.633439,0
2019-10-29,sh.600068,5.8300,5.8300,5.7300,5.7300,5.8200,19929657,114842606.0000,3,0.432800,1,-1.546400,5.464180,0.914933,0.252943,20.314365,0
2019-10-30,sh.600068,5.7400,5.7500,5.6400,5.6900,5.7300,14130692,80262085.0000,3,0.306900,1,-0.698100,5.426036,0.908546,0.251177,20.172554,0
2019-10-31,sh.600068,5.7700,5.7800,5.6900,5.7300,5.6900,16276973,93240632.0000,3,0.353500,1,0.703000,5.205486,0.910912,0.248495,-102.166141,0
2019-11-01,sh.600068,5.7100,5.7800,5.7000,5.7700,5.7300,16210148,93215160.0000,3,0.352000,1,0.698100,5.241824,0.917271,0.250230,-102.879342,0
2019-11-04,sh.600068,5.7800,5.8800,5.7800,5.8500,5.7700,21077793,123278831.0000,3,0.457700,1,1.386500,5.314501,0.929989,0.253699,-104.305746,0
2019-11-05,sh.600068,5.8500,6.0600,5.8500,6.0000,5.8500,40999648,244241228.0000,3,0.890400,1,2.564100,5.450771,0.953835,0.260204,-106.980252,0
2019-11-06,sh.600068,6.0000,6.0600,5.9500,6.0400,6.0000,34325779,206535114.0000,3,0.745400,1,0.666700,5.487109,0.960194,0.261939,-107.693454,0
2019-11-07,sh.600068,6.0400,6.0500,5.9000,5.9400,6.0400,35080992,209777681.0000,3,0.761800,1,-1.655600,5.396263,0.944297,0.257602,-105.910449,0
2019-11-08,sh.600068,5.9900,6.0500,5.9400,5.9400,5.9400,23264489,139257105.0000,3,0.505200,1,0.000000,5.396263,0.944297,0.257602,-105.910449,0
2019-11-11,sh.600068,5.9000,5.9100,5.7200,5.7200,5.9400,27086906,157147226.0000,3,0.588200,1,-3.703700,5.196401,0.909323,0.248061,-101.987840,0
2019-11-12,sh.600068,5.7200,5.8100,5.7100,5.8000,5.7200,22423070,129172550.0000,3,0.487000,1,1.398600,5.269078,0.922041,0.251531,-103.414243,0
2019-11-13,sh.600068,5.7900,5.7900,5.6700,5.7200,5.8000,23937780,136989625.0000,3,0.519800,1,-1.379300,5.196401,0.909323,0.248061,-101.987840,0
2019-11-14,sh.600068,5.7500,6.0000,5.7300,5.9400,5.7200,50268876,297635602.0000,3,1.091700,1,3.846200,5.396263,0.944297,0.257602,-105.910449,0
2019-11-15,sh.600068,5.9200,5.9700,5.8600,5.8700,5.9400,22362618,132368172.0000,3,0.485600,1,-1.178500,5.332671,0.933169,0.254566,-104.662346,0
2019-11-18,sh.600068,5.8600,5.9800,5.8300,5.9600,5.8700,25015398,147749274.0000,3,0.543200,1,1.533200,5.414432,0.947476,0.258469,-106.267050,0
2019-11-19,sh.600068,6.0400,6.0500,5.9600,6.0100,5.9600,30012381,180060176.0000,3,0.651800,1,0.838900,5.459855,0.955425,0.260638,-107.158552,0
2019-11-20,sh.600068,5.9900,5.9900,5.9100,5.9300,6.0100,19829689,118080252.0000,3,0.430600,1,-1.331100,5.387178,0.942707,0.257168,-105.732149,0
2019-11-21,sh.600068,5.9200,6.0400,5.8900,6.0100,5.9300,20941606,125587808.0000,3,0.454800,1,1.349100,5.459855,0.955425,0.260638,-107.158552,0
2019-11-22,sh.600068,6.0300,6.1600,6.0100,6.1200,6.0100,44609913,271623742.0000,3,0.968800,1,1.830300,5.559786,0.972912,0.265408,-109.119857,0
2019-11-25,sh.600068,6.1000,6.3000,6.0800,6.2400,6.1200,62186595,387344969.0000,3,1.350500,1,1.960800,5.668801,0.991988,0.270612,-111.259462,0
2019-11-26,sh.600068,6.2200,6.2800,6.1600,6.2700,6.2400,49261005,307401931.0000,3,1.069800,1,0.480800,5.696055,0.996758,0.271913,-111.794363,0
2019-11-27,sh.600068,6.2200,6.2800,6.1600,6.1900,6.2700,28928834,179901321.0000,3,0.628200,1,-1.275900,5.623378,0.984040,0.268444,-110.367960,0
2019-11-28,sh.600068,6.2200,6.2800,6.1600,6.1900,6.1900,25566916,158996048.0000,3,0.555200,1,0.000000,5.623378,0.984040,0.268444,-110.367960,0
2019-11-29,sh.600068,6.2100,6.2300,6.1200,6.1500,6.1900,17649800,108760323.0000,3,0.383300,1,-0.646200,5.587040,0.977681,0.266709,-109.654758,0
2019-12-02,sh.600068,6.1800,6.2100,6.0900,6.1100,6.1500,19039945,116923188.0000,3,0.413500,1,-0.650400,5.550701,0.971322,0.264975,-108.941556,0
2019-12-03,sh.600068,6.0700,6.1100,6.0500,6.0900,6.1100,16024507,97385759.0000,3,0.348000,1,-0.327300,5.532532,0.968143,0.264107,-108.584956,0
2019-12-04,sh.600068,6.0500,6.0700,6.0000,6.0400,6.0900,18307625,110435575.0000,3,0.397600,1,-0.821000,5.487109,0.960194,0.261939,-107.693454,0
2019-12-05,sh.600068,6.0500,6.0900,6.0000,6.0400,6.0400,20790256,125509212.0000,3,0.451500,1,0.000000,5.487109,0.960194,0.261939,-107.693454,0
2019-12-06,sh.600068,6.0400,6.0600,5.9900,6.0500,6.0400,19953254,120094503.0000,3,0.433300,1,0.165600,5.496194,0.961784,0.262372,-107.871754,0
2019-12-09,sh.600068,6.0500,6.2400,6.0300,6.2300,6.0500,49641497,305298634.0000,3,1.078000,1,2.975200,5.659717,0.990399,0.270179,-111.081162,0
2019-12-10,sh.600068,6.2000,6.2300,6.1700,6.1900,6.2300,23058384,142928939.0000,3,0.500700,1,-0.642100,5.623378,0.984040,0.268444,-110.367960,0
2019-12-11,sh.600068,6.1900,6.2900,6.1900,6.2300,6.1900,29305507,182973038.0000,3,0.636400,1,0.646200,5.659717,0.990399,0.270179,-111.081162,0
2019-12-12,sh.600068,6.2500,6.2700,6.1700,6.1900,6.2300,20221530,125319419.0000,3,0.439100,1,-0.642100,5.623378,0.984040,0.268444,-110.367960,0
2019-12-13,sh.600068,6.2300,6.2600,6.1700,6.2200,6.1900,27353987,169831857.0000,3,0.594000,1,0.484600,5.650632,0.988809,0.269745,-110.902861,0
2019-12-16,sh.600068,6.2300,6.3200,6.2000,6.3200,6.2200,30713278,192126085.0000,3,0.667000,1,1.607700,5.741478,1.004706,0.274082,-112.685865,0
2019-12-17,sh.600068,6.3400,6.4000,6.2600,6.3200,6.3200,37782227,239078088.0000,3,0.820500,1,0.000000,5.741478,1.004706,0.274082,-112.685865,0
2019-12-18,sh.600068,6.3100,6.3500,6.2300,6.2600,6.3200,25488987,160492945.0000,3,0.553500,1,-0.949400,5.686971,0.995168,0.271480,-111.616063,0
2019-12-19,sh.600068,6.2700,6.3300,6.2600,6.2800,6.2600,20829381,131106985.0000,3,0.452300,1,0.319500,5.705140,0.998347,0.272347,-111.972664,0
2019-12-20,sh.600068,6.2800,6.3200,6.2100,6.2300,6.2800,19165101,120006368.0000,3,0.416200,1,-0.796200,5.659717,0.990399,0.270179,-111.081162,0
2019-12-23,sh.600068,6.2300,6.2500,6.1100,6.1100,6.2300,20077917,123930574.0000,3,0.436000,1,-1.926200,5.550701,0.971322,0.264975,-108.941556,0
2019-12-24,sh.600068,6.1200,6.1500,6.1100,6.1500,6.1100,12819885,78615150.0000,3,0.278400,1,0.654700,5.587040,0.977681,0.266709,-109.654758,0
2019-12-25,sh.600068,6.1200,6.1600,6.1100,6.1300,6.1500,12158896,74572278.0000,3,0.264000,1,-0.325200,5.568871,0.974502,0.265842,-109.298157,0
2019-12-26,sh.600068,6.1300,6.2000,6.1000,6.1900,6.1300,22262491,137419458.0000,3,0.483500,1,0.978800,5.623378,0.984040,0.268444,-110.367960,0
2019-12-27,sh.600068,6.2000,6.2800,6.1800,6.2200,6.1900,25077984,156685857.0000,3,0.544600,1,0.484600,5.650632,0.988809,0.269745,-110.902861,0
2019-12-30,sh.600068,6.2500,6.4300,6.2400,6.4100,6.2200,49257622,313338534.0000,3,1.069700,1,3.054700,5.823240,1.019014,0.277985,-114.290569,0
2019-12-31,sh.600068,6.4600,6.6800,6.3900,6.6800,6.4100,84110505,550294810.0000,3,1.826600,1,4.212200,6.068525,1.061936,0.289694,-119.104680,0
2020-01-02,sh.600068,6.8200,6.9900,6.7200,6.8600,6.6800,106900401,734857846.0000,3,2.321500,1,2.694600,6.232048,1.090551,0.297500,-122.314088,0
2020-01-03,sh.600068,6.9000,6.9000,6.8100,6.8500,6.8600,54010919,370213845.0000,3,1.172900,1,-0.145800,6.222963,1.088962,0.297066,-122.135788,0
2020-01-06,sh.600068,6.7800,6.8800,6.7300,6.7800,6.8500,52235594,355791119.0000,3,1.134400,1,-1.021900,6.159371,1.077834,0.294031,-120.887685,0
2020-01-07,sh.600068,6.7900,6.8600,6.7600,6.7900,6.7800,31587856,215023328.0000,3,0.686000,1,0.147500,6.168455,1.079423,0.294464,-121.065985,0
2020-01-08,sh.600068,6.7700,6.7700,6.5900,6.6100,6.7900,43343323,288532777.0000,3,0.941300,1,-2.651000,6.004932,1.050808,0.286658,-117.856577,0
2020-01-09,sh.600068,6.7000,6.7300,6.6200,6.6600,6.6100,26301386,175319117.0000,3,0.571200,1,0.756400,6.050355,1.058757,0.288827,-118.748080,0
2020-01-10,sh.600068,6.7000,6.7500,6.6200,6.6600,6.6600,31953312,213213217.0000,3,0.693900,1,0.000000,6.050355,1.058757,0.288827,-118.748080,0
2020-01-13,sh.600068,6.6600,6.7100,6.6100,6.6800,6.6600,26485008,175871558.0000,3,0.575200,1,0.300300,6.068525,1.061936,0.289694,-119.104680,0
2020-01-14,sh.600068,6.7000,6.8200,6.6700,6.7100,6.6800,32121369,216461366.0000,3,0.697600,1,0.449100,6.095779,1.066706,0.290995,-119.639582,0
2020-01-15,sh.600068,6.6800,6.6900,6.5400,6.6200,6.7100,30261887,199538599.0000,3,0.657200,1,-1.341300,6.014017,1.052398,0.287092,-118.034878,0
2020-01-16,sh.600068,6.6400,6.6500,6.5300,6.5400,6.6200,22798000,149750351.0000,3,0.495100,1,-1.208500,5.941340,1.039680,0.283622,-116.608475,0
2020-01-17,sh.600068,6.5600,6.6200,6.5300,6.5600,6.5400,17404818,114287970.0000,3,0.378000,1,0.305800,5.959509,1.042860,0.284490,-116.965075,0
2020-01-20,sh.600068,6.5700,6.7700,6.5400,6.7500,6.5600,32421283,217091836.0000,3,0.704100,1,2.896300,6.132117,1.073064,0.292730,-120.352783,0
2020-01-21,sh.600068,6.7500,6.7500,6.5300,6.5400,6.7500,32300871,213197470.0000,3,0.701500,1,-3.111100,5.941340,1.039680,0.283622,-116.608475,0
2020-01-22,sh.600068,6.5100,6.5900,6.4300,6.5600,6.5400,25756847,168070850.0000,3,0.559400,1,0.305800,5.959509,1.042860,0.284490,-116.965075,0
2020-01-23,sh.600068,6.4800,6.4800,6.2300,6.2900,6.5600,38358351,243658819.0000,3,0.833000,1,-4.115900,5.714225,0.999937,0.272781,-112.150964,0
2020-02-03,sh.600068,5.6600,5.6600,5.6600,5.6600,6.2900,19870300,112465898.0000,3,0.431500,1,-10.015900,5.141894,0.899784,0.245459,-100.918038,0
2020-02-04,sh.600068,5.3000,5.7500,5.3000,5.6600,5.6600,53024381,298516223.0000,3,1.151500,1,0.000000,5.141894,0.899784,0.245459,-100.918038,0
2020-02-05,sh.600068,5.7000,5.9400,5.6300,5.7700,5.6600,49703947,287493642.0000,3,1.079400,1,1.943500,5.241824,0.917271,0.250230,-102.879342,0
2020-02-06,sh.600068,5.8300,5.9100,5.7400,5.8800,5.7700,41149601,240233840.0000,3,0.893600,1,1.906400,5.341755,0.934758,0.255000,-104.840647,0
2020-02-07,sh.600068,5.8500,5.9400,5.8000,5.9100,5.8800,28997294,169779892.0000,3,0.629700,1,0.510200,5.369009,0.939528,0.256301,-105.375548,0
2020-02-10,sh.600068,5.8500,6.0600,5.8400,6.0600,5.9100,38111248,227961767.0000,3,0.827600,1,2.538100,5.505278,0.963373,0.262806,-108.050054,0
2020-02-11,sh.600068,6.1100,6.2100,6.0700,6.0800,6.0600,36615504,224894862.0000,3,0.795200,1,0.330000,5.523448,0.966553,0.263674,-108.406655,0
2020-02-12,sh.600068,6.1100,6.1800,6.0700,6.1200,6.0800,20667718,126433215.0000,3,0.448800,1,0.657900,5.559786,0.972912,0.265408,-109.119857,0
2020-02-13,sh.600068,6.1400,6.2100,6.0500,6.0900,6.1200,29063736,178020728.0000,3,0.631200,1,-0.490200,5.532532,0.968143,0.264107,-108.584956,0
2020-02-14,sh.600068,6.0800,6.1500,6.0400,6.1200,6.0900,24106338,146874151.0000,3,0.523500,1,0.492600,5.559786,0.972912,0.265408,-109.119857,0
2020-02-17,sh.600068,6.1000,6.2100,6.0800,6.2100,6.1200,38823278,239233290.0000,3,0.843100,1,1.470600,5.641548,0.987219,0.269311,-110.724561,0
2020-02-18,sh.600068,6.2200,6.2200,6.1000,6.1600,6.2100,31336133,192665415.0000,3,0.680500,1,-0.805200,5.596125,0.979271,0.267143,-109.833059,0
2020-02-19,sh.600068,6.1400,6.1800,6.1000,6.1200,6.1600,23989870,147122482.0000,3,0.521000,1,-0.649400,5.559786,0.972912,0.265408,-109.119857,0
2020-02-20,sh.600068,6.1300,6.1900,6.0700,6.1800,6.1200,38034647,232992670.0000,3,0.826000,1,0.980400,5.614294,0.982450,0.268010,-110.189659,0
2020-02-21,sh.600068,6.1600,6.1900,6.1200,6.1400,6.1800,36139712,222091864.0000,3,0.784800,1,-0.647200,5.577955,0.976091,0.266276,-109.476458,0
2020-02-24,sh.600068,6.1000,6.1500,6.0500,6.0700,6.1400,41172370,250321719.0000,3,0.894100,1,-1.140100,5.514363,0.964963,0.263240,-108.228355,0
2020-02-25,sh.600068,5.9800,6.0100,5.8500,5.9400,6.0700,50093856,296947052.0000,3,1.087900,1,-2.141700,5.396263,0.944297,0.257602,-105.910449,0
2020-02-26,sh.600068,5.8600,6.5300,5.8100,6.5300,5.9400,176957576,1120716230.0000,3,3.842900,1,9.932700,5.932255,1.038091,0.283189,-116.430174,0
2020-02-27,sh.600068,6.6000,6.7000,6.4400,6.6000,6.5300,140338218,921457616.0000,3,3.047700,1,1.072000,5.995848,1.049219,0.286225,-117.678277,0
2020-02-28,sh.600068,6.4300,6.8200,6.3800,6.6500,6.6000,131955535,878102805.0000,3,2.865600,1,0.757600,6.041271,1.057167,0.288393,-118.569779,0
2020-03-02,sh.600068,6.7600,7.2900,6.6600,7.2400,6.6500,169089942,1199388960.0000,3,3.672100,1,8.872200,6.577263,1.150961,0.313980,-129.089504,0
2020-03-03,sh.600068,7.2500,7.5100,6.9300,7.0900,7.2400,159721774,1138301849.0000,3,3.468600,1,-2.071800,6.440994,1.127115,0.307475,-126.414998,0
2020-03-04,sh.600068,6.9800,7.2300,6.9500,7.1400,7.0900,88657056,628418418.0000,3,1.925300,1,0.705200,6.486417,1.135064,0.309643,-127.306500,0
2020-03-05,sh.600068,7.1800,7.1800,7.0200,7.1100,7.1400,87357819,618879270.0000,3,1.897100,1,-0.420200,6.459163,1.130295,0.308342,-126.771598,0
2020-03-06,sh.600068,7.0000,7.0700,6.8100,6.8200,7.1100,75846997,522468725.0000,3,1.647100,1,-4.078800,6.195709,1.084193,0.295765,-121.600886,0
2020-03-09,sh.600068,6.6800,6.7800,6.5400,6.5600,6.8200,60469553,400811732.0000,3,1.313200,1,-3.812300,5.959509,1.042860,0.284490,-116.965075,0
2020-03-10,sh.600068,6.5400,6.9500,6.5300,6.8300,6.5600,81190908,547135091.0000,3,1.763200,1,4.115900,6.204794,1.085782,0.296199,-121.779187,0
2020-03-11,sh.600068,6.8100,6.9200,6.7000,6.7100,6.8300,57472604,389585528.0000,3,1.248100,1,-1.757000,6.095779,1.066706,0.290995,-119.639582,0
2020-03-12,sh.600068,6.6200,6.7700,6.5500,6.6600,6.7100,36349684,241408692.0000,3,0.789400,1,-0.745200,6.050355,1.058757,0.288827,-118.748080,0
2020-03-13,sh.600068,6.4000,6.6500,6.3500,6.5700,6.6600,60961261,395792578.0000,3,1.323900,1,-1.351300,5.968594,1.044449,0.284923,-117.143376,0
2020-03-16,sh.600068,6.6100,6.7700,6.4100,6.4300,6.5700,54366553,358856973.0000,3,1.180700,1,-2.130900,5.841409,1.022193,0.278852,-114.647170,0
2020-03-17,sh.600068,6.5200,6.6500,6.3000,6.6400,6.4300,54275371,352850896.0000,3,1.178700,1,3.265900,6.032186,1.055577,0.287959,-118.391479,0
2020-03-18,sh.600068,6.6600,6.8000,6.5100,6.5300,6.6400,50477579,336728806.0000,3,1.096200,1,-1.656600,5.932255,1.038091,0.283189,-116.430174,0
2020-03-19,sh.600068,6.5900,6.7100,6.4100,6.5600,6.5300,49536062,324593224.0000,3,1.075800,1,0.459400,5.959509,1.042860,0.284490,-116.965075,0
2020-03-20,sh.600068,6.6500,6.7400,6.5600,6.7400,6.5600,47314132,314983009.0000,3,1.027500,1,2.743900,6.123032,1.071475,0.292296,-120.174483,0
2020-03-23,sh.600068,6.5100,6.6600,6.4500,6.6200,6.7400,42037937,276434138.0000,3,0.912900,1,-1.780400,6.014017,1.052398,0.287092,-118.034878,0
2020-03-24,sh.600068,6.7300,6.7300,6.5100,6.6500,6.6200,38023359,252151691.0000,3,0.825700,1,0.453200,6.041271,1.057167,0.288393,-118.569779,0
2020-03-25,sh.600068,6.7300,6.7700,6.6000,6.7000,6.6500,46422862,310618221.0000,3,1.008100,1,0.751900,6.086694,1.065116,0.290561,-119.461281,0
2020-03-26,sh.600068,6.6900,6.7100,6.4800,6.4900,6.7000,40326429,265428064.0000,3,0.875800,1,-3.134300,5.895917,1.031732,0.281454,-115.716972,0
2020-03-27,sh.600068,6.6300,7.0700,6.5900,6.9300,6.4900,126083137,869044351.0000,3,2.738100,1,6.779700,6.295640,1.101680,0.300536,-123.562191,0
2020-03-30,sh.600068,6.8700,7.1300,6.8100,7.1000,6.9300,121200379,853185450.0000,3,2.632100,1,2.453100,6.450079,1.128705,0.307908,-126.593298,0
2020-03-31,sh.600068,7.1000,7.1100,6.8800,6.9800,7.1000,80364462,559261853.0000,3,1.745200,1,-1.690100,6.341063,1.109628,0.302704,-124.453693,0
2020-04-01,sh.600068,6.8200,6.8800,6.5200,6.5200,6.9800,130407080,867347049.0000,3,2.832000,1,-6.590300,5.517155,0.967424,0.273073,10.791988,0
2020-04-02,sh.600068,6.3800,6.4500,6.2800,6.4500,6.5200,64120872,407843825.0000,3,1.392500,1,-1.073600,5.457921,0.957037,0.270141,10.676123,0
2020-04-03,sh.600068,6.4000,6.4400,6.2700,6.3000,6.4500,45822850,290216246.0000,3,0.995100,1,-2.325600,5.330993,0.934781,0.263858,10.427841,0
2020-04-07,sh.600068,6.3900,6.4800,6.3400,6.4700,6.3000,53925369,345661611.0000,3,1.171100,1,2.698400,5.474845,0.960005,0.270978,10.709227,0
2020-04-08,sh.600068,6.4300,6.4500,6.3400,6.4100,6.4700,41467534,264339178.0000,3,0.900500,1,-0.927400,5.424074,0.951102,0.268465,10.609914,0
2020-04-09,sh.600068,6.4400,6.5000,6.3600,6.3900,6.4100,39313390,252892365.0000,3,0.853800,1,-0.312000,5.407150,0.948135,0.267628,10.576810,0
2020-04-10,sh.600068,6.3900,6.4100,6.2900,6.3200,6.3900,29946096,189455794.0000,3,0.650300,1,-1.095500,5.347917,0.937748,0.264696,10.460945,0
2020-04-13,sh.600068,6.2900,6.4000,6.2700,6.3600,6.3200,23777310,150988614.0000,3,0.516400,1,0.632900,5.381764,0.943683,0.266371,10.527154,0
2020-04-14,sh.600068,6.3700,6.4000,6.3100,6.4000,6.3600,32849969,208983532.0000,3,0.713400,1,0.628900,5.415612,0.949618,0.268047,10.593362,0
2020-04-15,sh.600068,6.3900,6.5600,6.3600,6.5300,6.4000,59086384,383083362.0000,3,1.283200,1,2.031300,5.525616,0.968908,0.273491,10.808540,0
2020-04-16,sh.600068,6.4700,6.6500,6.4500,6.5600,6.5300,49925245,327696664.0000,3,1.084200,1,0.459400,5.551002,0.973359,0.274748,10.858196,0
2020-04-17,sh.600068,6.5800,6.8800,6.5800,6.7800,6.5600,85122768,573707028.0000,3,1.848600,1,3.353700,5.737164,1.006002,0.283962,11.222343,0
2020-04-20,sh.600068,6.8300,6.9800,6.7700,6.8600,6.7800,81348486,558513264.0000,3,1.766600,1,1.179900,5.804859,1.017872,0.287313,11.354760,0
2020-04-21,sh.600068,6.8500,6.9100,6.7500,6.8300,6.8600,55445425,377570691.0000,3,1.204100,1,-0.437300,5.779473,1.013421,0.286056,11.305104,0
2020-04-22,sh.600068,6.7700,6.8100,6.6900,6.7500,6.8300,38818504,262144305.0000,3,0.843000,1,-1.171300,5.711778,1.001551,0.282705,11.172687,0
2020-04-23,sh.600068,6.8000,6.8200,6.6400,6.6400,6.7500,31125197,208590520.0000,3,0.675900,1,-1.629600,5.618697,0.985229,0.278098,10.990613,0
2020-04-24,sh.600068,6.6400,6.7300,6.6000,6.6200,6.6400,32178843,213953142.0000,3,0.698800,1,-0.301200,5.601774,0.982262,0.277261,10.957509,0
2020-04-27,sh.600068,6.6600,6.7700,6.5500,6.5900,6.6200,42500504,281876389.0000,3,0.923000,1,-0.453200,5.576388,0.977810,0.276004,10.907853,0
2020-04-28,sh.600068,6.5800,6.5900,6.2600,6.3700,6.5900,51199839,326732287.0000,3,1.111900,1,-3.338400,5.390226,0.945167,0.266790,10.543706,0
2020-04-29,sh.600068,6.3700,6.4500,6.3300,6.3800,6.3700,31948221,203629936.0000,3,0.693800,1,0.157000,5.398688,0.946651,0.267209,10.560258,0
2020-04-30,sh.600068,6.5000,6.5900,6.4500,6.5300,6.3800,57324469,373948513.0000,3,1.244900,1,2.351100,5.838289,0.984197,0.291313,-51.708537,0
2020-05-06,sh.600068,6.5500,6.8500,6.5000,6.6700,6.5300,80729453,540703000.0000,3,1.753200,1,2.143900,5.963459,1.005298,0.297558,-52.817143,0
2020-05-07,sh.600068,6.6400,6.6500,6.5500,6.6000,6.6700,41111877,271223276.0000,3,0.892800,1,-1.049500,5.900874,0.994748,0.294435,-52.262840,0
2020-05-08,sh.600068,6.6300,6.6400,6.5400,6.5800,6.6000,45523839,299573631.0000,3,0.988600,1,-0.303000,5.882992,0.991733,0.293543,-52.104467,0
2020-05-11,sh.600068,6.5800,6.8000,6.5700,6.6900,6.5800,57528733,383806978.0000,3,1.249300,1,1.671700,5.981340,1.008312,0.298450,-52.975515,0
2020-05-12,sh.600068,6.6600,6.6700,6.4700,6.5000,6.6900,57193223,373290209.0000,3,1.242000,1,-2.840100,5.811467,0.979676,0.289974,-51.470978,0
2020-05-13,sh.600068,6.4100,6.4800,6.4100,6.4700,6.5000,24194568,155897185.0000,3,0.525400,1,-0.461500,5.784645,0.975154,0.288636,-51.233420,0
2020-05-14,sh.600068,6.4400,6.4600,6.3500,6.3600,6.4700,28929041,184822171.0000,3,0.628200,1,-1.700100,5.686297,0.958575,0.283729,-50.362373,0
2020-05-15,sh.600068,6.3900,6.4100,6.3100,6.3300,6.3600,26331510,167099711.0000,3,0.571800,1,-0.471700,5.659475,0.954053,0.282390,-50.124814,0
2020-05-18,sh.600068,6.4700,6.4900,6.3300,6.3500,6.3300,31396805,200832189.0000,3,0.681800,1,0.316000,5.677356,0.957068,0.283282,-50.283187,0
2020-05-19,sh.600068,6.3800,6.4100,6.3400,6.3800,6.3500,22393329,142657237.0000,3,0.486300,1,0.472400,5.704178,0.961589,0.284621,-50.520745,0
2020-05-20,sh.600068,6.3600,6.3600,6.2900,6.3300,6.3800,21130407,133516361.0000,3,0.458900,1,-0.783700,5.659475,0.954053,0.282390,-50.124814,0
2020-05-21,sh.600068,6.3500,6.3600,6.2400,6.2500,6.3300,29819101,186986004.0000,3,0.647600,1,-1.263800,5.587949,0.941996,0.278821,-49.491325,0
2020-05-22,sh.600068,6.2200,6.2300,6.0200,6.0600,6.2500,39579926,241559748.0000,3,0.859500,1,-3.040000,5.418075,0.913359,0.270345,-47.986789,0
2020-05-25,sh.600068,6.0600,6.0800,5.9800,6.0000,6.0600,18983250,114262472.0000,3,0.412300,1,-0.990100,5.364431,0.904316,0.267668,-47.511672,0
2020-05-26,sh.600068,6.0200,6.1000,6.0000,6.0900,6.0000,22984120,138910381.0000,3,0.499100,1,1.500000,5.444897,0.917881,0.271684,-48.224348,0
2020-05-27,sh.600068,6.0700,6.0700,5.9800,5.9900,6.0900,20816999,125175962.0000,3,0.452100,1,-1.642000,5.355490,0.902809,0.267222,-47.432486,0
2020-05-28,sh.600068,6.0600,6.1000,5.9800,6.0300,5.9900,24485171,147842853.0000,3,0.531700,1,0.667800,5.391253,0.908838,0.269007,-47.749231,0
2020-05-29,sh.600068,6.0100,6.0200,5.9100,5.9500,6.0300,32417462,192642989.0000,3,0.704000,1,-1.326700,5.319727,0.896780,0.265438,-47.115742,0
2020-06-01,sh.600068,5.9400,6.0500,5.9400,6.0400,5.9500,30586129,183917656.0000,3,0.664200,1,1.512600,5.400194,0.910345,0.269453,-47.828417,0
2020-06-02,sh.600068,6.0400,6.1300,6.0000,6.0900,6.0400,26187288,158723062.0000,3,0.568700,1,0.827800,5.444897,0.917881,0.271684,-48.224348,0
2020-06-03,sh.600068,6.1000,6.1300,6.0400,6.0500,6.0900,23424259,142473639.0000,3,0.508700,1,-0.656800,5.409134,0.911852,0.269899,-47.907603,0
2020-06-04,sh.600068,6.0800,6.0900,6.0100,6.0100,6.0500,15389423,92716963.0000,3,0.334200,1,-0.661200,5.373372,0.905823,0.268115,-47.590859,0
2020-06-05,sh.600068,6.0500,6.0800,6.0000,6.0400,6.0100,15237917,91964864.0000,3,0.330900,1,0.499200,5.400194,0.910345,0.269453,-47.828417,0
2020-06-08,sh.600068,6.0600,6.0800,6.0400,6.0500,6.0400,18503968,112008574.0000,3,0.401800,1,0.165600,5.409134,0.911852,0.269899,-47.907603,0
2020-06-09,sh.600068,6.0500,6.0600,5.9900,6.0500,6.0500,22429605,135074395.0000,3,0.487100,1,0.000000,5.409134,0.911852,0.269899,-47.907603,0
2020-06-10,sh.600068,6.0400,6.1000,6.0000,6.0500,6.0500,25634646,154934781.0000,3,0.556700,1,0.000000,5.409134,0.911852,0.269899,-47.907603,0
2020-06-11,sh.600068,6.0300,6.0400,5.9500,5.9700,6.0500,32923395,197374790.0000,3,0.715000,1,-1.322300,5.337609,0.899794,0.266330,-47.274114,0
2020-06-12,sh.600068,5.9000,5.9300,5.8700,5.9100,5.9700,40217504,237480056.0000,3,0.873400,1,-1.005000,5.283964,0.890751,0.263653,-46.798997,0
2020-06-15,sh.600068,5.8600,5.9200,5.8600,5.8600,5.9100,34601081,203489841.0000,3,0.751400,1,-0.846000,5.239261,0.883215,0.261423,-46.403067,0
2020-06-16,sh.600068,5.8700,5.9300,5.8700,5.9300,5.8600,26804070,158321577.0000,3,0.582100,1,1.194500,5.301846,0.893766,0.264546,-46.957370,0
2020-06-17,sh.600068,5.9400,5.9700,5.9000,5.9200,5.9300,28819832,171011777.0000,3,0.625900,1,-0.168600,5.292905,0.892258,0.264100,-46.878183,0
2020-06-18,sh.600068,5.9000,6.0400,5.8900,6.0100,5.9200,33882102,203102481.0000,3,0.735800,1,1.520300,5.373372,0.905823,0.268115,-47.590859,0
2020-06-19,sh.600068,6.0100,6.0400,5.9700,6.0200,6.0100,22371701,134270648.0000,3,0.485800,1,0.166400,5.382312,0.907330,0.268561,-47.670045,0
2020-06-22,sh.600068,6.0300,6.0400,5.9900,6.0000,6.0200,18741524,112572012.0000,3,0.407000,1,-0.332200,5.364431,0.904316,0.267668,-47.511672,0
2020-06-23,sh.600068,6.0000,6.0100,5.9400,5.9400,6.0000,18418143,109807354.0000,3,0.400000,1,-1.000000,5.310787,0.895273,0.264992,-47.036556,0
2020-06-24,sh.600068,5.9700,5.9900,5.9400,5.9500,5.9400,14092616,84067988.0000,3,0.306000,1,0.168300,5.319727,0.896780,0.265438,-47.115742,0
2020-06-29,sh.600068,5.9600,6.0200,5.9400,5.9600,5.9500,19297427,115266736.0000,3,0.419100,1,0.168100,5.328668,0.898287,0.265884,-47.194928,0
2020-06-30,sh.600068,5.9700,5.9800,5.9400,5.9500,5.9600,18216887,108530601.0000,3,0.395600,1,-0.167800,5.319727,0.896780,0.265438,-47.115742,0
2020-07-01,sh.600068,5.9500,6.0700,5.9200,6.0400,5.9500,42182561,253400701.0000,3,0.916100,1,1.512600,5.400194,0.910345,0.269453,-47.828417,0
2020-07-02,sh.600068,6.0400,6.3200,6.0200,6.2800,6.0400,83664445,517109752.0000,3,1.816900,1,3.973500,5.614771,0.946517,0.280160,-49.728884,0
2020-07-03,sh.600068,6.3800,6.4600,6.3000,6.4100,6.2800,94376866,601782723.0000,3,2.049500,1,2.070100,5.731000,0.966111,0.285959,-50.758303,0
2020-07-06,sh.600068,6.5800,7.0500,6.5400,7.0100,6.4100,189516844,1296145574.0000,3,4.115700,1,9.360400,6.267443,1.056542,0.312726,-55.509471,0
2020-07-07,sh.600068,7.2800,7.3500,6.9000,6.9800,7.0100,165294608,1167258947.0000,3,3.589600,1,-0.428000,6.240621,1.052021,0.311388,-55.271912,0
2020-07-08,sh.600068,7.0300,7.6500,6.9200,7.5000,6.9800,197333993,1431769114.0000,3,4.285400,1,7.449900,6.705539,1.130395,0.334586,-59.389591,0
2020-07-09,sh.600068,7.3900,7.4900,7.2700,7.4600,7.5000,144321886,1063761587.0000,3,3.134200,1,-0.533300,6.669776,1.124366,0.332801,-59.072846,0
2020-07-10,sh.600068,7.3600,7.3900,7.1000,7.2500,7.4600,184925266,1334910318.0000,3,4.015900,1,-2.815000,6.482021,1.092715,0.323433,-57.409938,0
2020-07-13,sh.600068,7.5000,7.6500,7.3700,7.5600,7.2500,212308297,1595372223.0000,3,4.610600,1,4.275900,6.759183,1.139438,0.337262,-59.864707,0
2020-07-14,sh.600068,7.6700,7.7100,7.2400,7.3200,7.5600,162823650,1212399305.0000,3,3.536000,1,-3.174600,6.544606,1.103265,0.326556,-57.964240,0
2020-07-15,sh.600068,7.3600,7.3900,7.0300,7.0400,7.3200,102560136,733198471.0000,3,2.227300,1,-3.825100,6.294266,1.061064,0.314064,-55.747029,0
2020-07-16,sh.600068,7.0500,7.2400,6.8000,6.8200,7.0400,97153609,683183547.0000,3,2.109800,1,-3.125000,6.097570,1.027906,0.304250,-54.004934,0
2020-07-17,sh.600068,6.8000,6.9500,6.7000,6.8300,6.8200,61557218,419783067.0000,3,1.336800,1,0.146600,6.106510,1.029413,0.304696,-54.084120,0
2020-07-20,sh.600068,6.9200,7.2000,6.8500,7.2000,6.8300,86707139,614084703.0000,3,1.883000,1,5.417300,6.437317,1.085179,0.321202,-57.014007,0
2020-07-21,sh.600068,7.1700,7.2100,7.0100,7.0300,7.2000,64079604,452948472.7800,3,1.391600,1,-2.361100,6.285325,1.059557,0.313618,-55.667843,0
2020-07-22,sh.600068,7.0100,7.0900,6.9500,6.9700,7.0300,52629943,369100830.6200,3,1.142900,1,-0.853500,6.231680,1.050514,0.310942,-55.192726,0
2020-07-23,sh.600068,6.9000,6.9500,6.7300,6.9100,6.9700,67864136,465048314.2700,3,1.473800,1,-0.860800,6.178036,1.041471,0.308265,-54.717609,0
2020-07-24,sh.600068,6.9000,6.9900,6.6000,6.6200,6.9100,61127903,413932673.0300,3,1.327500,1,-4.196800,5.918755,0.997762,0.295328,-52.421212,0
2020-07-27,sh.600068,6.6600,6.6800,6.4600,6.5300,6.6200,40545609,265220565.5400,3,0.880500,1,-1.359500,5.838289,0.984197,0.291313,-51.708537,0
2020-07-28,sh.600068,6.5500,6.5800,6.4700,6.5200,6.5300,32002638,208796816.0300,3,0.695000,1,-0.153100,5.829348,0.982690,0.290866,-51.629351,0
2020-07-29,sh.600068,6.5300,6.6700,6.4800,6.6600,6.5200,39456427,260567571.9300,3,0.856900,1,2.147200,5.954518,1.003791,0.297112,-52.737956,0
2020-07-30,sh.600068,6.6700,6.8300,6.6200,6.6400,6.6600,41888208,281043469.1900,3,0.909700,1,-0.300300,5.936637,1.000776,0.296220,-52.579584,0
2020-07-31,sh.600068,6.6600,6.7300,6.5800,6.6700,6.6400,35467835,235941216.5600,3,0.770200,1,0.451800,5.963459,1.005298,0.297558,-52.817143,0
2020-08-03,sh.600068,6.7100,6.7800,6.7000,6.7600,6.6700,50160111,337981155.0700,3,1.089300,1,1.349300,6.043925,1.018863,0.301573,-53.529818,0
2020-08-04,sh.600068,6.8100,6.8800,6.7300,6.8100,6.7600,52475716,356996841.7600,3,1.139600,1,0.739600,6.088629,1.026399,0.303804,-53.925748,0
2020-08-05,sh.600068,6.7700,6.7800,6.6700,6.7300,6.8100,35423344,237871852.1400,3,0.769300,1,-1.174700,6.017103,1.014341,0.300235,-53.292259,0
2020-08-06,sh.600068,6.7300,6.7800,6.6600,6.7600,6.7300,30366738,204145251.6500,3,0.659500,1,0.445800,6.043925,1.018863,0.301573,-53.529818,0
2020-08-07,sh.600068,6.6100,6.6100,6.4500,6.4600,6.6000,32747155,212985824.0000,3,0.711200,1,-2.121200,5.775704,0.973647,0.288190,-51.154234,0
2020-08-10,sh.600068,6.5000,6.6900,6.5000,6.6500,6.4600,68105876,450974977.1000,3,1.479000,1,2.941200,5.945577,1.002284,0.296666,-52.658770,0
2020-08-11,sh.600068,6.6300,6.6600,6.4700,6.5000,6.6500,42672714,280129124.6500,3,0.926700,1,-2.255600,5.811467,0.979676,0.289974,-51.470978,0
2020-08-12,sh.600068,6.5000,6.5800,6.3800,6.5000,6.5000,37957072,245844010.8500,3,0.824300,1,0.000000,5.811467,0.979676,0.289974,-51.470978,0
2020-08-13,sh.600068,6.5200,6.5700,6.4800,6.5100,6.5000,28177518,184045443.9700,3,0.611900,1,0.153800,5.820407,0.981183,0.290420,-51.550165,0
2020-08-14,sh.600068,6.5000,6.5400,6.4100,6.5300,6.5100,26895733,174275771.5200,3,0.584100,1,0.307200,5.838289,0.984197,0.291313,-51.708537,0
2020-08-17,sh.600068,6.5400,6.6900,6.5300,6.6500,6.5300,64779722,429223827.0800,3,1.406800,1,1.837700,5.945577,1.002284,0.296666,-52.658770,0
2020-08-18,sh.600068,6.7800,6.8100,6.6300,6.6600,6.6500,57443684,385163597.3200,3,1.247500,1,0.150400,5.954518,1.003791,0.297112,-52.737956,0
2020-08-19,sh.600068,6.6500,6.9500,6.6300,6.8000,6.6600,103458671,704854683.3900,3,2.246800,1,2.102100,6.079688,1.024891,0.303358,-53.846562,0
2020-08-20,sh.600068,6.7300,6.7800,6.5700,6.6000,6.8000,61394507,409397526.0600,3,1.333300,1,-2.941200,5.900874,0.994748,0.294435,-52.262840,0
2020-08-21,sh.600068,6.6400,6.6700,6.5500,6.6000,6.6000,29038244,191627043.8200,3,0.630600,1,0.000000,5.900874,0.994748,0.294435,-52.262840,0
2020-08-24,sh.600068,6.6100,6.6500,6.5600,6.5700,6.6000,29676943,195800215.8400,3,0.644500,1,-0.454500,5.874052,0.990226,0.293097,-52.025281,0
2020-08-25,sh.600068,6.5500,6.6000,6.4600,6.4800,6.5700,32863448,214185630.3700,3,0.713700,1,-1.369900,5.793585,0.976661,0.289082,-51.312606,0
2020-08-26,sh.600068,6.4800,6.5100,6.3500,6.4000,6.4800,33019360,211982377.4600,3,0.717100,1,-1.234600,5.722060,0.964604,0.285513,-50.679117,0
2020-08-27,sh.600068,6.3900,6.3900,6.3000,6.3600,6.4000,31293839,198604878.9900,3,0.679600,1,-0.625000,5.686297,0.958575,0.283729,-50.362373,0
2020-08-28,sh.600068,6.3600,6.4400,6.3500,6.4300,6.3600,22432039,143667303.3400,3,0.487100,1,1.100600,5.748882,0.969125,0.286851,-50.916676,0
2020-08-31,sh.600068,6.3800,6.4800,6.3400,6.3600,6.4300,42629789,273140759.3800,3,0.925800,1,-1.088600,6.541528,0.922151,0.282618,-8.783228,0
2020-09-01,sh.600068,6.3600,6.3700,6.2500,6.2800,6.3600,39279128,247373773.6100,3,0.853000,1,-1.257900,6.459244,0.910551,0.279063,-8.672747,0
2020-09-02,sh.600068,6.2800,6.2900,6.1800,6.2200,6.2800,30600194,190330088.2700,3,0.664500,1,-0.955400,6.397532,0.901852,0.276397,-8.589887,0
2020-09-03,sh.600068,6.2400,6.2800,6.1300,6.1600,6.2200,34574245,214015433.8500,3,0.750800,1,-0.964600,6.335819,0.893152,0.273730,-8.507026,0
2020-09-04,sh.600068,6.1000,6.1400,6.0800,6.1300,6.1600,26612525,162430230.4600,3,0.577900,1,-0.487000,6.304963,0.888803,0.272397,-8.465596,0
2020-09-07,sh.600068,6.1300,6.1800,6.0800,6.1100,6.1300,28839516,176725927.5800,3,0.626300,1,-0.326300,6.284392,0.885903,0.271509,-8.437976,0
2020-09-08,sh.600068,6.1200,6.1900,6.1000,6.1800,6.1100,26712794,164265374.4200,3,0.580100,1,1.145700,6.356390,0.896052,0.274619,-8.534646,0
2020-09-09,sh.600068,6.1300,6.1800,6.1100,6.1200,6.1800,27400192,168231655.1400,3,0.595000,1,-0.970900,6.294678,0.887353,0.271953,-8.451786,0
2020-09-10,sh.600068,6.1600,6.1700,5.9800,6.0000,6.1200,34901702,211818918.0400,3,0.757900,1,-1.960800,6.171253,0.869954,0.266621,-8.286064,0
2020-09-11,sh.600068,5.9800,6.0100,5.9400,5.9800,6.0000,21896090,130732408.0000,3,0.475500,1,-0.333300,6.150682,0.867054,0.265732,-8.258444,0
2020-09-14,sh.600068,6.0000,6.0300,5.9700,6.0000,5.9800,13948567,83645369.3300,3,0.302900,1,0.334400,6.171253,0.869954,0.266621,-8.286064,0
2020-09-15,sh.600068,6.0100,6.0200,5.9500,6.0200,6.0000,17395911,104002871.2800,3,0.377800,1,0.333300,6.191824,0.872853,0.267509,-8.313685,0
2020-09-16,sh.600068,6.0000,6.0500,5.9700,6.0000,6.0200,19506400,117142332.0000,3,0.423600,1,-0.332200,6.171253,0.869954,0.266621,-8.286064,0
2020-09-17,sh.600068,5.9900,6.0200,5.9600,5.9900,6.0000,20261940,121224580.8800,3,0.440000,1,-0.166700,6.160967,0.868504,0.266176,-8.272254,0
2020-09-18,sh.600068,6.0000,6.1200,5.9800,6.1000,5.9900,31817263,193279181.7100,3,0.691000,1,1.836400,6.274107,0.884453,0.271064,-8.424165,0
2020-09-21,sh.600068,6.1000,6.1400,6.0600,6.0800,6.1000,22600746,137596356.2800,3,0.490800,1,-0.327900,6.253536,0.881553,0.270176,-8.396545,0
2020-09-22,sh.600068,6.0300,6.0600,5.9800,6.0000,6.0800,22574775,135781418.2400,3,0.490200,1,-1.315800,6.171253,0.869954,0.266621,-8.286064,0
2020-09-23,sh.600068,6.0000,6.0100,5.9700,5.9900,6.0000,20169131,120713393.2000,3,0.438000,1,-0.166700,6.160967,0.868504,0.266176,-8.272254,0
2020-09-24,sh.600068,5.9600,5.9700,5.9000,5.9400,5.9900,23981582,142133808.7900,3,0.520800,1,-0.834700,6.109540,0.861254,0.263954,-8.203204,0
2020-09-25,sh.600068,5.9500,5.9700,5.9200,5.9600,5.9400,12689682,75431609.3500,3,0.275600,1,0.336700,6.130111,0.864154,0.264843,-8.230824,0
2020-09-28,sh.600068,5.9800,6.0200,5.9700,5.9800,5.9600,10978058,65793594.6100,3,0.238400,1,0.335600,6.150682,0.867054,0.265732,-8.258444,0
2020-09-29,sh.600068,5.9900,6.0100,5.9700,5.9800,5.9800,9794137,58650316.6500,3,0.212700,1,0.000000,6.150682,0.867054,0.265732,-8.258444,0
2020-09-30,sh.600068,5.9800,5.9900,5.9300,5.9400,5.9800,10234451,61028120.6600,3,0.222300,1,-0.668900,6.109540,0.861254,0.263954,-8.203204,0
2020-10-09,sh.600068,6.0000,6.0700,5.9800,6.0700,5.9400,20644251,124552827.9300,3,0.448300,1,2.188600,6.243251,0.880103,0.269731,-8.382735,0
2020-10-12,sh.600068,6.0700,6.1600,6.0700,6.1500,6.0700,25936357,158809305.2500,3,0.563200,1,1.318000,6.325534,0.891702,0.273286,-8.493216,0
2020-10-13,sh.600068,6.1500,6.1500,6.0700,6.0900,6.1500,18656568,113679394.6600,3,0.405200,1,-0.975600,6.263821,0.883003,0.270620,-8.410355,0
2020-10-14,sh.600068,6.0900,6.0900,6.0900,6.0900,6.0900,0,0.0000,3,,0,0.000000,6.263821,0.883003,0.270620,-8.410355,0
2020-10-15,sh.600068,6.0900,6.0900,6.0900,6.0900,6.0900,0,0.0000,3,,0,0.000000,6.263821,0.883003,0.270620,-8.410355,0
2020-10-16,sh.600068,6.0900,6.0900,6.0900,6.0900,6.0900,0,0.0000,3,,0,0.000000,6.263821,0.883003,0.270620,-8.410355,0
2020-10-19,sh.600068,6.0900,6.0900,6.0900,6.0900,6.0900,0,0.0000,3,,0,0.000000,6.263821,0.883003,0.270620,-8.410355,0
2020-10-20,sh.600068,6.0900,6.0900,6.0900,6.0900,6.0900,0,0.0000,3,,0,0.000000,6.263821,0.883003,0.270620,-8.410355,0
2020-10-21,sh.600068,6.0900,6.0900,6.0900,6.0900,6.0900,0,0.0000,3,,0,0.000000,6.263821,0.883003,0.270620,-8.410355,0
2020-10-22,sh.600068,6.0900,6.0900,6.0900,6.0900,6.0900,0,0.0000,3,,0,0.000000,6.263821,0.883003,0.270620,-8.410355,0
2020-10-23,sh.600068,6.0900,6.0900,6.0900,6.0900,6.0900,0,0.0000,3,,0,0.000000,6.263821,0.883003,0.270620,-8.410355,0
2020-10-26,sh.600068,6.0900,6.0900,6.0900,6.0900,6.0900,0,0.0000,3,,0,0.000000,6.263821,0.883003,0.270620,-8.410355,0
2020-10-27,sh.600068,6.0900,6.0900,6.0900,6.0900,6.0900,0,0.0000,3,,0,0.000000,6.263821,0.883003,0.270620,-8.410355,0
2020-10-28,sh.600068,6.7000,6.7000,6.7000,6.7000,6.0900,13457014,90161993.8000,3,0.292200,1,10.016400,6.891232,0.971448,0.297726,-9.252772,0
2020-10-29,sh.600068,7.3700,7.3700,7.3700,7.3700,6.7000,40513861,298587155.5700,3,0.879800,1,10.000000,7.580355,1.068593,0.327499,-10.178049,0
2020-10-30,sh.600068,7.5000,7.5000,6.8000,6.9500,7.3700,314859968,2262833591.7200,3,6.837700,1,-5.698800,7.148368,1.007696,0.308835,-9.598025,0
2020-11-02,sh.600068,6.9700,7.1300,6.8700,7.0000,6.9500,114303393,800019360.8800,3,2.482300,1,0.719400,6.775103,1.001019,0.287355,8.441885,0
2020-11-03,sh.600068,7.0100,7.0500,6.9200,6.9800,7.0000,58552523,407966808.2400,3,1.271600,1,-0.285700,6.755745,0.998159,0.286534,8.417765,0
2020-11-04,sh.600068,6.9900,7.1500,6.9600,7.0900,6.9800,77571610,547873035.4900,3,1.684600,1,1.575900,6.862211,1.013889,0.291049,8.550423,0
2020-11-05,sh.600068,7.0800,7.1400,7.0100,7.1000,7.0900,57898639,409265848.8000,3,1.257400,1,0.141000,6.871890,1.015319,0.291460,8.562483,0
2020-11-06,sh.600068,7.1000,7.1300,7.0400,7.0900,7.1000,40194211,284550657.6100,3,0.872900,1,-0.140800,6.862211,1.013889,0.291049,8.550423,0
2020-11-09,sh.600068,7.1200,7.1300,7.0400,7.0500,7.0900,65359989,462707324.1000,3,1.419400,1,-0.564200,6.823496,1.008169,0.289407,8.502184,0
2020-11-10,sh.600068,7.0500,7.0900,6.8600,6.9200,7.0500,67185059,468168621.0800,3,1.459000,1,-1.844000,6.697673,0.989579,0.284071,8.345406,0
2020-11-11,sh.600068,6.8900,7.0300,6.8700,6.9300,6.9200,42527490,296307478.0000,3,0.923600,1,0.144500,6.707352,0.991009,0.284481,8.357466,0
2020-11-12,sh.600068,6.9400,7.0000,6.9200,6.9200,6.9300,26674984,185345528.4900,3,0.579300,1,-0.144300,6.697673,0.989579,0.284071,8.345406,0
2020-11-13,sh.600068,6.9500,6.9500,6.8800,6.9100,6.9200,23433293,161733720.6000,3,0.508900,1,-0.144500,6.687994,0.988149,0.283660,8.333346,0
2020-11-16,sh.600068,6.9300,6.9800,6.9100,6.9400,6.9100,27111763,188036584.2200,3,0.588800,1,0.434200,6.717030,0.992439,0.284892,8.369526,0
2020-11-17,sh.600068,6.9200,6.9500,6.8800,6.9200,6.9400,26423562,182522896.1800,3,0.573800,1,-0.288200,6.697673,0.989579,0.284071,8.345406,0
2020-11-18,sh.600068,6.9500,6.9500,6.8500,6.8500,6.9200,34921656,240816266.4100,3,0.758400,1,-1.011600,6.629922,0.979569,0.281197,8.260987,0
2020-11-19,sh.600068,6.8600,6.9100,6.8200,6.8600,6.8500,27503240,188645081.7500,3,0.597300,1,0.146000,6.639601,0.980999,0.281608,8.273047,0
2020-11-20,sh.600068,6.8500,6.8800,6.7600,6.8600,6.8600,41507364,282792848.2600,3,0.901400,1,0.000000,6.639601,0.980999,0.281608,8.273047,0
2020-11-23,sh.600068,6.8700,6.9400,6.8300,6.9000,6.8600,40264155,277322978.9200,3,0.874400,1,0.583100,6.678315,0.986719,0.283250,8.321286,0
2020-11-24,sh.600068,6.8800,6.9000,6.8300,6.8400,6.9000,24928745,170981905.7000,3,0.541400,1,-0.869600,6.620243,0.978139,0.280787,8.248927,0
2020-11-25,sh.600068,6.8500,6.8900,6.8100,6.8200,6.8400,24427738,167337736.2500,3,0.530500,1,-0.292400,6.600886,0.975279,0.279966,8.224808,0
2020-11-26,sh.600068,6.8100,6.8300,6.8000,6.8300,6.8200,17806213,121301255.8800,3,0.386700,1,0.146600,6.610564,0.976709,0.280376,8.236868,0
2020-11-27,sh.600068,6.8300,6.8400,6.7700,6.8100,6.8300,18252010,124035118.3100,3,0.396400,1,-0.292800,6.591207,0.973849,0.279555,8.212748,0
2020-11-30,sh.600068,6.8300,6.9300,6.8100,6.8100,6.8100,34216351,235055507.5300,3,0.743100,1,0.000000,6.591207,0.973849,0.279555,8.212748,0
2020-12-01,sh.600068,6.7900,6.8500,6.7900,6.8200,6.8100,25570119,174320530.5000,3,0.555300,1,0.146800,6.600886,0.975279,0.279966,8.224808,0
2020-12-02,sh.600068,6.8200,6.8400,6.7900,6.8300,6.8200,24373635,166013500.3300,3,0.529300,1,0.146600,6.610564,0.976709,0.280376,8.236868,0
2020-12-03,sh.600068,6.8500,6.8500,6.8000,6.8100,6.8300,19288626,131451968.3200,3,0.418900,1,-0.292800,6.591207,0.973849,0.279555,8.212748,0
2020-12-04,sh.600068,6.8000,6.8100,6.7800,6.7900,6.8100,16834164,114247536.2200,3,0.365600,1,-0.293700,6.571849,0.970989,0.278734,8.188628,0
2020-12-07,sh.600068,6.7900,6.7900,6.7100,6.7300,6.7900,21044713,142135478.5000,3,0.457000,1,-0.883700,6.513777,0.962408,0.276271,8.116269,0
2020-12-08,sh.600068,6.7200,6.7400,6.6200,6.6500,6.7300,22957701,153190369.8700,3,0.498600,1,-1.188700,6.436347,0.950968,0.272987,8.019791,0
2020-12-09,sh.600068,6.6600,6.6900,6.6200,6.6200,6.6500,17415894,116058192.5800,3,0.378200,1,-0.451100,6.407311,0.946678,0.271756,7.983611,0
2020-12-10,sh.600068,6.6200,6.8100,6.6000,6.7600,6.6200,29894221,199951362.9700,3,0.649200,1,2.114800,6.542813,0.966699,0.277503,8.152449,0
2020-12-11,sh.600068,6.7400,6.7500,6.6500,6.7200,6.7600,25308439,169568614.2300,3,0.549600,1,-0.591700,6.504098,0.960978,0.275861,8.104209,0
2020-12-14,sh.600068,6.7000,6.7500,6.6000,6.6000,6.7200,37471528,249278824.4200,3,0.813800,1,-1.785700,6.387954,0.943818,0.270935,7.959491,0
2020-12-15,sh.600068,6.6100,6.6200,6.5600,6.5900,6.6000,15714136,103479801.5300,3,0.341300,1,-0.151500,6.378275,0.942388,0.270524,7.947432,0
2020-12-16,sh.600068,6.5800,6.5800,6.4900,6.5000,6.5900,22983545,150061788.0700,3,0.499100,1,-1.365700,6.291167,0.929518,0.266830,7.838893,0
2020-12-17,sh.600068,6.5000,6.5300,6.3900,6.5100,6.5000,22259254,143809635.4000,3,0.483400,1,0.153800,6.300845,0.930948,0.267240,7.850953,0
2020-12-18,sh.600068,6.5100,6.5800,6.5000,6.5700,6.5100,18226223,119107597.7100,3,0.395800,1,0.921700,6.358918,0.939528,0.269703,7.923312,0
2020-12-21,sh.600068,6.5100,6.5900,6.5100,6.5500,6.5700,16135730,105761414.7200,3,0.350400,1,-0.304400,6.339560,0.936668,0.268882,7.899192,0
2020-12-22,sh.600068,6.5500,6.5500,6.4400,6.4500,6.5500,14741144,95765079.8000,3,0.320100,1,-1.526700,6.242773,0.922368,0.264777,7.778594,0
2020-12-23,sh.600068,6.5000,6.6100,6.4800,6.5700,6.4500,21463021,140591814.7200,3,0.466100,1,1.860500,6.358918,0.939528,0.269703,7.923312,0
2020-12-24,sh.600068,6.5600,6.5800,6.4800,6.5000,6.5700,12523408,81595996.0200,3,0.272000,1,-1.065400,6.291167,0.929518,0.266830,7.838893,0
2020-12-25,sh.600068,6.5500,6.7100,6.5200,6.7100,6.5000,40243606,267790701.1100,3,0.874000,1,3.230800,6.494420,0.959548,0.275450,8.092150,0
2020-12-28,sh.600068,6.6800,6.6800,6.5500,6.5900,6.7100,25530296,168357104.2900,3,0.554400,1,-1.788400,6.378275,0.942388,0.270524,7.947432,0
2020-12-29,sh.600068,6.6100,6.6100,6.5400,6.5600,6.5900,14000907,91871695.5500,3,0.304100,1,-0.455200,6.349239,0.938098,0.269293,7.911252,0
2020-12-30,sh.600068,6.5600,6.5900,6.5400,6.5600,6.5600,12725157,83431903.3400,3,0.276300,1,0.000000,6.349239,0.938098,0.269293,7.911252,0
2020-12-31,sh.600068,6.5900,6.6200,6.5600,6.5800,6.5600,15867697,104514220.5100,3,0.344600,1,0.304900,6.368596,0.940958,0.270114,7.935372,0
2021-01-04,sh.600068,6.5800,6.5900,6.5100,6.5700,6.5800,19796188,129375594.1000,3,0.429900,1,-0.152000,6.358918,0.939528,0.269703,7.923312,0
2021-01-05,sh.600068,6.5300,6.6600,6.4900,6.5700,6.5700,28452193,186477223.9000,3,0.617900,1,0.000000,6.358918,0.939528,0.269703,7.923312,0
2021-01-06,sh.600068,6.5300,6.7100,6.5200,6.6700,6.5700,42968818,285685564.8000,3,0.933100,1,1.522100,6.455705,0.953828,0.273808,8.043910,0
2021-01-07,sh.600068,6.6900,6.6900,6.5300,6.5700,6.6700,29583951,195199125.9200,3,0.642500,1,-1.499300,6.358918,0.939528,0.269703,7.923312,0
2021-01-08,sh.600068,6.5500,6.6800,6.5200,6.6500,6.5700,23043889,152508258.2200,3,0.500400,1,1.217700,6.436347,0.950968,0.272987,8.019791,0
2021-01-11,sh.600068,6.6500,6.6800,6.5400,6.5500,6.6500,22959138,151302449.7100,3,0.498600,1,-1.503800,6.339560,0.936668,0.268882,7.899192,0
2021-01-12,sh.600068,6.5300,6.5900,6.5100,6.5400,6.5500,23281093,152162373.8900,3,0.505600,1,-0.152700,6.329882,0.935238,0.268472,7.887132,0
2021-01-13,sh.600068,6.5500,6.7300,6.4800,6.6500,6.5400,54502340,360460322.1500,3,1.183600,1,1.682000,6.436347,0.950968,0.272987,8.019791,0
2021-01-14,sh.600068,6.6100,6.9300,6.6100,6.7500,6.6500,71765095,487208436.1500,3,1.558500,1,1.503800,6.533135,0.965269,0.277092,8.140389,0
2021-01-15,sh.600068,6.7600,6.7700,6.6200,6.6600,6.7500,37684710,251757973.9000,3,0.818400,1,-1.333300,6.446026,0.952398,0.273398,8.031850,0
2021-01-18,sh.600068,6.6600,6.7100,6.5900,6.6400,6.6600,30661381,203185126.0100,3,0.665900,1,-0.300300,6.426669,0.949538,0.272577,8.007731,0
2021-01-19,sh.600068,6.6500,6.7000,6.5800,6.6700,6.6400,32363630,215149825.3800,3,0.702800,1,0.451800,6.455705,0.953828,0.273808,8.043910,0
2021-01-20,sh.600068,6.6400,6.6600,6.6000,6.6300,6.6700,26105120,172909846.1600,3,0.566900,1,-0.599700,6.416990,0.948108,0.272166,7.995671,0
2021-01-21,sh.600068,6.6100,6.6300,6.5800,6.6000,6.6300,21527365,142156630.2200,3,0.467500,1,-0.452500,6.387954,0.943818,0.270935,7.959491,0
2021-01-22,sh.600068,6.6000,6.6000,6.5400,6.5500,6.6000,20149459,132183015.8600,3,0.437600,1,-0.757600,6.339560,0.936668,0.268882,7.899192,0
2021-01-25,sh.600068,6.5500,6.5700,6.4600,6.4700,6.5500,29379982,190962837.8100,3,0.638000,1,-1.221400,6.262131,0.925228,0.265598,7.802714,0
2021-01-26,sh.600068,6.4700,6.5200,6.4500,6.5200,6.4700,16459012,106783895.1500,3,0.357400,1,0.772800,6.310524,0.932378,0.267651,7.863013,0
2021-01-27,sh.600068,6.4700,6.5600,6.4700,6.5200,6.5200,15996404,104354072.2100,3,0.347400,1,0.000000,6.310524,0.932378,0.267651,7.863013,0
2021-01-28,sh.600068,6.4700,6.5300,6.4700,6.4900,6.5200,18625359,121070597.5700,3,0.404500,1,-0.460100,6.281488,0.928088,0.266419,7.826833,0
2021-01-29,sh.600068,6.4800,6.5800,6.4600,6.4900,6.4900,19186774,124989492.2200,3,0.416700,1,0.000000,6.281488,0.928088,0.266419,7.826833,0
2021-02-01,sh.600068,6.5000,6.5400,6.4600,6.5400,6.4900,14467364,94141585.4700,3,0.314200,1,0.770400,6.329882,0.935238,0.268472,7.887132,0
2021-02-02,sh.600068,6.5600,6.6000,6.5200,6.5800,6.5400,19202808,126184579.9500,3,0.417000,1,0.611600,6.368596,0.940958,0.270114,7.935372,0
2021-02-03,sh.600068,6.5700,6.5800,6.4900,6.4900,6.5800,14940695,97280843.2600,3,0.324500,1,-1.367800,6.281488,0.928088,0.266419,7.826833,0
2021-02-04,sh.600068,6.4900,6.5200,6.3500,6.4000,6.4900,23528351,150876350.2900,3,0.511000,1,-1.386700,6.194379,0.915218,0.262724,7.718295,0
2021-02-05,sh.600068,6.3800,6.5400,6.3800,6.5000,6.4000,19035913,123065090.7700,3,0.413400,1,1.562500,6.291167,0.929518,0.266830,7.838893,0
2021-02-08,sh.600068,6.5000,6.6400,6.4700,6.5400,6.5000,20615113,135129437.9100,3,0.447700,1,0.615400,6.329882,0.935238,0.268472,7.887132,0
2021-02-09,sh.600068,6.6600,6.6900,6.5800,6.6100,6.5400,26273421,174045095.1700,3,0.570600,1,1.070300,6.397633,0.945248,0.271345,7.971551,0
2021-02-10,sh.600068,6.6100,6.6300,6.5800,6.5900,6.6100,16000730,105558613.5600,3,0.347500,1,-0.302600,6.378275,0.942388,0.270524,7.947432,0
2021-02-18,sh.600068,6.6300,6.7600,6.6200,6.7000,6.5900,38517784,257516562.2100,3,0.836500,1,1.669200,6.484741,0.958118,0.275040,8.080090,0
2021-02-19,sh.600068,6.7000,6.8800,6.6800,6.8600,6.7000,47693770,325446854.4600,3,1.035700,1,2.388100,6.639601,0.980999,0.281608,8.273047,0
2021-02-22,sh.600068,6.9000,7.0600,6.8300,6.8600,6.8600,65736252,456474281.4600,3,1.427600,1,0.000000,6.639601,0.980999,0.281608,8.273047,0
2021-02-23,sh.600068,6.8500,6.9500,6.7600,6.8000,6.8600,36598255,250655170.9900,3,0.794800,1,-0.874600,6.581528,0.972419,0.279145,8.200688,0
2021-02-24,sh.600068,6.8000,6.8500,6.7200,6.7500,6.8000,27412769,185641801.8300,3,0.595300,1,-0.735300,6.533135,0.965269,0.277092,8.140389,0
2021-02-25,sh.600068,6.7800,6.9500,6.7500,6.9200,6.7500,44528528,306276445.8000,3,0.967000,1,2.518500,6.697673,0.989579,0.284071,8.345406,0
2021-02-26,sh.600068,6.8600,6.9000,6.7300,6.7500,6.9200,42297007,287388069.7400,3,0.918500,1,-2.456600,6.533135,0.965269,0.277092,8.140389,0
2021-03-01,sh.600068,6.7600,6.8400,6.7500,6.8100,6.7500,25125568,170852521.1000,3,0.545600,1,0.888900,6.591207,0.973849,0.279555,8.212748,0
2021-03-02,sh.600068,6.8200,6.8400,6.6900,6.7100,6.8100,30817834,207771394.0700,3,0.669300,1,-1.468400,6.494420,0.959548,0.275450,8.092150,0
2021-03-03,sh.600068,6.7500,6.8500,6.7200,6.8300,6.7100,28334181,192585023.2000,3,0.615300,1,1.788400,6.610564,0.976709,0.280376,8.236868,0
2021-03-04,sh.600068,6.8200,6.9300,6.8000,6.8400,6.8300,33990499,233332672.3000,3,0.738200,1,0.146400,6.620243,0.978139,0.280787,8.248927,0
2021-03-05,sh.600068,6.8300,6.9800,6.8100,6.9300,6.8400,37046294,255751762.5800,3,0.804500,1,1.315800,6.707352,0.991009,0.284481,8.357466,0
2021-03-08,sh.600068,6.9600,7.0100,6.8500,6.8700,6.9300,33383456,231242988.4200,3,0.725000,1,-0.865800,6.649279,0.982429,0.282018,8.285107,0
2021-03-09,sh.600068,6.8800,6.9300,6.7500,6.8500,6.8700,39627944,271273108.0000,3,0.860600,1,-0.291100,6.629922,0.979569,0.281197,8.260987,0
2021-03-10,sh.600068,6.8600,6.8900,6.7600,6.8000,6.8500,23860764,162413236.0500,3,0.518200,1,-0.729900,6.581528,0.972419,0.279145,8.200688,0
2021-03-11,sh.600068,6.8000,6.9300,6.8000,6.9200,6.8000,29252129,200894683.7400,3,0.635300,1,1.764700,6.697673,0.989579,0.284071,8.345406,0
2021-03-12,sh.600068,6.9000,7.1000,6.8800,7.0500,6.9200,72713980,510430810.3700,3,1.579100,1,1.878600,6.823496,1.008169,0.289407,8.502184,0
2021-03-15,sh.600068,7.0200,7.2800,7.0000,7.1500,7.0500,74601128,532829388.8300,3,1.620100,1,1.418400,6.920283,1.022470,0.293513,8.622782,0
2021-03-16,sh.600068,7.1300,7.1900,7.0700,7.1600,7.1500,38987204,277895487.0500,3,0.846700,1,0.139900,6.929962,1.023900,0.293923,8.634842,0
2021-03-17,sh.600068,7.1400,7.1700,7.0200,7.0700,7.1600,33663448,237982722.4900,3,0.731100,1,-1.257000,6.842854,1.011029,0.290228,8.526304,0
2021-03-18,sh.600068,7.0700,7.1200,7.0400,7.0800,7.0700,19315602,136682033.3500,3,0.419500,1,0.141400,6.852532,1.012459,0.290639,8.538364,0
2021-03-19,sh.600068,7.0800,7.1500,7.0300,7.0800,7.0800,27354582,194075425.9500,3,0.594000,1,0.000000,6.852532,1.012459,0.290639,8.538364,0
2021-03-22,sh.600068,7.1500,7.4500,7.1100,7.3600,7.0800,95852677,700217740.4600,3,2.081600,1,3.954800,7.123536,1.005361,0.302133,9.759832,0
2021-03-23,sh.600068,7.3400,7.4200,7.2800,7.3900,7.3600,55292447,407053515.7900,3,1.200800,1,0.407600,7.946506,1.009459,0.302184,9.799614,0
2021-03-24,sh.600068,7.3500,7.4900,7.3200,7.4200,7.3900,59879941,444229864.3500,3,1.300400,1,0.406000,7.978765,1.013557,0.303411,9.839396,0
2021-03-25,sh.600068,7.4000,7.4900,7.3900,7.4500,7.4200,43982483,327485602.6000,3,0.955100,1,0.404300,8.011024,1.017655,0.304638,9.879178,0
2021-03-26,sh.600068,7.4400,7.4600,7.3200,7.3400,7.4500,49885345,367272248.2100,3,1.083300,1,-1.476500,7.892740,1.002629,0.300140,9.733311,0
2021-03-29,sh.600068,7.3200,7.5400,7.3000,7.5000,7.3400,59256912,441867627.4900,3,1.286900,1,2.179800,8.064789,1.024485,0.306682,9.945481,0
2021-03-30,sh.600068,7.4700,7.5700,7.3800,7.4400,7.5000,40266835,299811232.1200,3,0.874500,1,-0.800000,8.000271,1.016289,0.304229,9.865917,0
2021-03-31,sh.600068,7.4200,7.6000,7.4100,7.5800,7.4400,50814164,383439811.3300,3,1.103500,1,1.881700,8.150814,1.035413,0.309953,10.051566,0
2021-04-01,sh.600068,7.5700,7.7200,7.5200,7.7000,7.5800,52364260,399357669.6800,3,1.137200,1,1.583100,8.279850,1.051804,0.314860,10.210694,0
2021-04-02,sh.600068,7.7000,7.7400,7.6300,7.7000,7.7000,31822842,244314999.8400,3,0.691100,1,0.000000,8.279850,1.051804,0.314860,10.210694,0
2021-04-06,sh.600068,7.7000,7.7300,7.6400,7.6800,7.7000,25348206,194777772.5200,3,0.550500,1,-0.259700,8.258344,1.049073,0.314042,10.184172,0
2021-04-07,sh.600068,7.7000,7.7000,7.5500,7.5800,7.6800,45509722,345949633.2400,3,0.988300,1,-1.302100,8.150814,1.035413,0.309953,10.051566,0
2021-04-08,sh.600068,7.5800,7.6000,7.4300,7.4900,7.5800,43546730,326550668.3300,3,0.945700,1,-1.187300,8.054036,1.023119,0.306273,9.932220,0
2021-04-09,sh.600068,7.4900,7.6400,7.4600,7.5200,7.4900,33058595,250010428.4700,3,0.717900,1,0.400500,8.086295,1.027217,0.307500,9.972002,0
2021-04-12,sh.600068,7.5800,7.6200,7.4900,7.5400,7.5200,29798759,225135627.5300,3,0.647100,1,0.266000,8.107801,1.029949,0.308318,9.998523,0
2021-04-13,sh.600068,7.5100,7.5300,7.2900,7.3200,7.5400,59936829,442436641.5600,3,1.301600,1,-2.917800,7.871234,0.999897,0.299322,9.706789,0
2021-04-14,sh.600068,7.3400,7.4200,7.3200,7.3800,7.3200,26060588,192113261.5200,3,0.565900,1,0.819700,7.935752,1.008093,0.301775,9.786353,0
2021-04-15,sh.600068,7.3800,7.4100,7.3400,7.3700,7.3800,15690974,115648983.3600,3,0.340800,1,-0.135500,7.924999,1.006727,0.301366,9.773092,0
2021-04-16,sh.600068,7.3900,7.4000,7.3500,7.3700,7.3700,16635052,122626734.0600,3,0.361300,1,0.000000,7.924999,1.006727,0.301366,9.773092,0
2021-04-19,sh.600068,7.3700,7.4200,7.3300,7.3700,7.3700,28212810,207954598.7700,3,0.612700,1,0.000000,7.924999,1.006727,0.301366,9.773092,0
2021-04-20,sh.600068,7.3900,7.4100,7.3300,7.3300,7.3700,20747263,152715929.3100,3,0.450600,1,-0.542700,7.881987,1.001263,0.299731,9.720050,0
2021-04-21,sh.600068,7.3300,7.3500,7.1900,7.2900,7.3300,30104481,218786429.0800,3,0.653800,1,-0.545700,7.838975,0.995799,0.298095,9.667007,0
2021-04-22,sh.600068,7.2800,7.3200,7.2500,7.2700,7.2900,16596063,120729504.3100,3,0.360400,1,-0.274300,7.817469,0.993067,0.297277,9.640486,0
2021-04-23,sh.600068,7.2700,7.2900,7.1800,7.2000,7.2700,24780550,178963182.1000,3,0.538100,1,-0.962900,7.742198,0.983505,0.294415,9.547662,0
2021-04-26,sh.600068,7.1900,7.2700,7.1300,7.1300,7.2000,20834686,149796046.7400,3,0.452500,1,-0.972200,7.666926,0.973944,0.291552,9.454837,0
2021-04-27,sh.600068,7.1100,7.1800,7.0900,7.1400,7.1300,16343381,116563966.8500,3,0.354900,1,0.140300,7.677679,0.975310,0.291961,9.468098,0
2021-04-28,sh.600068,7.1200,7.2100,7.1000,7.1400,7.1400,17364160,124119631.7800,3,0.377100,1,0.000000,7.677679,0.975310,0.291961,9.468098,0
2021-04-29,sh.600068,7.1500,7.2000,7.1200,7.1800,7.1400,19629061,140698877.5200,3,0.426300,1,0.560200,7.720691,0.980774,0.293597,9.521140,0
2021-04-30,sh.600068,7.1800,7.1900,7.0600,7.1100,7.1800,28196767,200378021.4500,3,0.612300,1,-0.974900,7.174347,0.964831,0.274320,3.298625,0
2021-05-06,sh.600068,7.1000,7.2400,7.0800,7.2100,7.1100,25800580,185474144.9500,3,0.560300,1,1.406500,7.275252,0.978401,0.278178,3.345019,0
2021-05-07,sh.600068,7.2000,7.3200,7.1800,7.2600,7.2100,36795456,267104998.8000,3,0.799100,1,0.693500,7.325705,0.985186,0.280107,3.368216,0
2021-05-10,sh.600068,7.3200,7.3500,7.2500,7.3500,7.2600,26552661,193910660.3500,3,0.576600,1,1.239700,7.416519,0.997399,0.283579,3.409971,0
2021-05-11,sh.600068,7.3200,7.3600,7.2700,7.3000,7.3500,19105995,139624762.3100,3,0.414900,1,-0.680300,7.366067,0.990614,0.281650,3.386774,0
2021-05-12,sh.600068,7.2900,7.3400,7.2600,7.3300,7.3000,19710495,143851396.9700,3,0.428000,1,0.411000,7.396338,0.994685,0.282808,3.400692,0
2021-05-13,sh.600068,7.3100,7.3200,7.2500,7.2700,7.3300,19911033,145017990.3000,3,0.432400,1,-0.818600,7.335795,0.986543,0.280493,3.372856,0
2021-05-14,sh.600068,7.2900,7.3200,7.2700,7.3000,7.2700,19951246,145481529.4000,3,0.433300,1,0.412700,7.366067,0.990614,0.281650,3.386774,0
2021-05-17,sh.600068,7.3000,7.3500,7.2600,7.3100,7.3000,22051413,161069873.1900,3,0.478900,1,0.137000,7.376157,0.991971,0.282036,3.391413,0
2021-05-18,sh.600068,7.2900,7.3100,7.2600,7.3000,7.3100,13192040,96088224.7300,3,0.286500,1,-0.136800,7.366067,0.990614,0.281650,3.386774,0
2021-05-19,sh.600068,7.2900,7.2900,7.2000,7.2200,7.3000,19452936,140860866.9200,3,0.422500,1,-1.095900,7.285343,0.979758,0.278564,3.349659,0
2021-05-20,sh.600068,7.2300,7.2400,7.1100,7.1400,7.2200,25129929,179799793.6500,3,0.545700,1,-1.108000,7.204619,0.968902,0.275477,3.312543,0
2021-05-21,sh.600068,7.1000,7.1700,7.0700,7.1300,7.0700,15552588,111017947.0000,3,0.337700,1,0.848700,7.194528,0.967545,0.275091,3.307904,0
2021-05-24,sh.600068,7.1400,7.1700,7.0500,7.0900,7.1300,24791854,176129219.6200,3,0.538400,1,-0.561000,7.154166,0.962117,0.273548,3.289346,0
2021-05-25,sh.600068,7.0800,7.1200,7.0300,7.1100,7.0900,25586509,180990321.6500,3,0.555700,1,0.282100,7.174347,0.964831,0.274320,3.298625,0
2021-05-26,sh.600068,7.1100,7.1300,7.0800,7.1300,7.1100,19939981,141702939.1300,3,0.433000,1,0.281300,7.194528,0.967545,0.275091,3.307904,0
2021-05-27,sh.600068,7.1000,7.1200,7.0800,7.1000,7.1300,15270272,108351851.4900,3,0.331600,1,-0.420800,7.164257,0.963474,0.273934,3.293986,0
2021-05-28,sh.600068,7.0800,7.1000,7.0300,7.0800,7.1000,20687650,146059871.0000,3,0.449300,1,-0.281700,7.144076,0.960760,0.273162,3.284707,0
2021-05-31,sh.600068,7.0700,7.1200,7.0300,7.0700,7.0800,18873961,133550219.2600,3,0.409900,1,-0.141200,7.133985,0.959403,0.272776,3.280067,0
2021-06-01,sh.600068,7.0800,7.0800,6.9800,7.0300,7.0700,26605606,186880863.9400,3,0.577800,1,-0.565800,7.093623,0.953975,0.271233,3.261510,0
2021-06-02,sh.600068,7.0300,7.0400,6.8900,6.9000,7.0300,34722423,240915068.8200,3,0.754100,1,-1.849200,6.962447,0.936334,0.266217,3.201197,0
2021-06-03,sh.600068,6.9300,6.9300,6.8800,6.9000,6.9000,16372604,112974078.6900,3,0.355600,1,0.000000,6.962447,0.936334,0.266217,3.201197,0
2021-06-04,sh.600068,6.8900,6.9900,6.8800,6.9600,6.9000,17474898,121220610.4000,3,0.379500,1,0.869600,7.022990,0.944476,0.268532,3.229034,0
2021-06-07,sh.600068,6.9700,7.0100,6.9600,6.9800,6.9600,12313754,85931075.9600,3,0.267400,1,0.287400,7.043171,0.947190,0.269304,3.238313,0
2021-06-08,sh.600068,6.9900,7.0700,6.9500,7.0600,6.9800,25015785,175391096.5800,3,0.543300,1,1.146100,7.123895,0.958046,0.272391,3.275428,0
2021-06-09,sh.600068,7.0400,7.0800,7.0000,7.0100,7.0600,21379313,150432561.0200,3,0.464300,1,-0.708200,7.073442,0.951261,0.270462,3.252231,0
2021-06-10,sh.600068,7.0000,7.0400,6.9600,6.9800,7.0100,28748228,201169801.9500,3,0.624300,1,-0.428000,7.043171,0.947190,0.269304,3.238313,0
2021-06-11,sh.600068,6.9500,7.0100,6.8700,6.8700,6.9800,72009583,498131530.1700,3,1.563800,1,-1.575900,6.932175,0.932263,0.265060,3.187279,0
2021-06-15,sh.600068,6.8900,6.9500,6.8500,6.8900,6.8700,29044302,200142045.2700,3,0.630700,1,0.291100,6.952356,0.934977,0.265832,3.196558,0
2021-06-16,sh.600068,6.9000,7.0100,6.8800,6.9500,6.8900,29655517,206023396.7700,3,0.644000,1,0.870800,7.012899,0.943119,0.268147,3.224394,0
2021-06-17,sh.600068,6.9600,6.9700,6.8900,6.8900,6.9500,17634234,121909740.2600,3,0.383000,1,-0.863300,6.952356,0.934977,0.265832,3.196558,0
2021-06-18,sh.600068,6.8800,6.9300,6.8700,6.9100,6.8900,16158172,111586177.8600,3,0.350900,1,0.290300,6.972537,0.937691,0.266603,3.205837,0
2021-06-21,sh.600068,6.8900,6.9400,6.8900,6.9400,6.9100,13559607,93888544.2700,3,0.294500,1,0.434200,7.002809,0.941762,0.267761,3.219755,0
2021-06-22,sh.600068,6.9400,7.2200,6.9300,7.2200,6.9400,57172222,407800563.3700,3,1.241600,1,4.034600,7.285343,0.979758,0.278564,3.349659,0
2021-06-23,sh.600068,7.2200,7.3900,7.1900,7.3900,7.2200,59619521,436302812.6800,3,1.294700,1,2.354600,7.456881,1.002827,0.285123,3.428529,0
2021-06-24,sh.600068,7.4000,7.6100,7.3500,7.4700,7.3900,73384116,548491564.0300,3,1.593700,1,1.082500,7.537605,1.013683,0.288209,3.465644,0
2021-06-25,sh.600068,7.4700,7.5700,7.4300,7.5400,7.4700,45541088,342105260.0100,3,0.989000,1,0.937100,7.608239,1.023182,0.290910,3.498120,0
2021-06-28,sh.600068,7.5300,7.5800,7.4700,7.5500,7.5400,39753325,299398638.6200,3,0.863300,1,0.132600,7.618329,1.024539,0.291296,3.502759,0
2021-06-29,sh.600068,7.5300,7.9500,7.5200,7.8400,7.5500,98486408,763732675.1400,3,2.138800,1,3.841100,7.910954,1.063892,0.302485,3.637302,0
2021-06-30,sh.600068,7.7300,7.7400,7.4500,7.4900,7.8400,72771236,550497857.1600,3,1.580300,1,-4.464300,7.557786,1.016397,0.288981,3.474923,0
2021-07-01,sh.600068,7.4600,7.8300,7.4600,7.6000,7.4900,69714500,535380264.8100,3,1.514000,1,1.468600,7.668782,1.031324,0.293225,3.525956,0
2021-07-02,sh.600068,7.5800,7.6900,7.5400,7.6300,7.6000,41113563,312755476.7500,3,0.892800,1,0.394700,7.699053,1.035395,0.294383,3.539875,0
2021-07-05,sh.600068,7.8700,8.2800,7.8600,8.0700,7.6300,120250298,972804315.4100,3,2.611400,1,5.766700,8.143036,1.095103,0.311359,3.744009,0
2021-07-06,sh.600068,8.1500,8.1500,7.9700,8.0300,8.0700,54149734,434482510.5600,3,1.175900,1,-0.495700,8.102674,1.089675,0.309815,3.725451,0
2021-07-07,sh.600068,8.0000,8.0700,7.9600,7.9700,8.0300,37191254,297218153.8900,3,0.807700,1,-0.747200,8.042131,1.081533,0.307500,3.697615,0
2021-07-08,sh.600068,7.9700,8.0100,7.8600,7.9300,7.9700,38474007,304911367.7900,3,0.835500,1,-0.501900,8.001769,1.076105,0.305957,3.679057,0
2021-07-09,sh.600068,7.9000,7.9300,7.8600,7.9000,7.9300,27309545,215415520.7200,3,0.593100,1,-0.378300,7.971497,1.072034,0.304800,3.665139,0
2021-07-12,sh.600068,7.9500,8.0200,7.8600,7.9000,7.9000,40070913,317080643.2000,3,0.870200,1,0.000000,7.971497,1.072034,0.304800,3.665139,0
2021-07-13,sh.600068,7.9200,8.0600,7.9000,8.0000,7.9000,42714329,341582513.7300,3,0.927600,1,1.265800,8.072402,1.085604,0.308658,3.711533,0
2021-07-14,sh.600068,8.0100,8.0600,7.9600,8.0000,8.0000,31981199,255807653.5800,3,0.694500,1,0.000000,8.072402,1.085604,0.308658,3.711533,0
2021-07-15,sh.600068,7.9900,8.0000,7.9100,7.9100,8.0000,35296127,280534023.9400,3,0.766500,1,-1.125000,7.981588,1.073391,0.305186,3.669778,0
2021-07-16,sh.600068,7.9300,8.2000,7.9000,8.1500,7.9100,56264764,455029649.6700,3,1.221900,1,3.034100,8.223760,1.105959,0.314445,3.781124,0
2021-07-19,sh.600068,8.0300,8.1200,8.0000,8.0700,8.1500,30996238,249832071.5800,3,0.673100,1,-0.981600,8.143036,1.095103,0.311359,3.744009,0
2021-07-20,sh.600068,8.0300,8.1000,7.9800,8.0500,8.0700,33559893,269293375.9400,3,0.728800,1,-0.247800,8.122855,1.092389,0.310587,3.734730,0
2021-07-21,sh.600068,8.0900,8.1300,8.0300,8.0600,8.0500,28507793,229963433.7400,3,0.619100,1,0.124200,8.132945,1.093746,0.310973,3.739369,0
2021-07-22,sh.600068,8.0300,8.0800,7.9900,8.0000,8.0600,31020016,249122777.2600,3,0.673600,1,-0.744400,8.072402,1.085604,0.308658,3.711533,0
2021-07-23,sh.600068,8.0100,8.1400,8.0000,8.0500,8.0000,36393968,293675447.1100,3,0.790400,1,0.625000,8.122855,1.092389,0.310587,3.734730,0
2021-07-26,sh.600068,8.0400,8.1200,7.9400,7.9900,8.0500,40787604,326696565.2800,3,0.885800,1,-0.745300,8.062312,1.084247,0.308272,3.706894,0
2021-07-27,sh.600068,8.1600,8.2100,7.9600,8.0000,7.9900,46023329,371095751.1700,3,0.999500,1,0.125200,8.072402,1.085604,0.308658,3.711533,0
2021-07-28,sh.600068,7.9700,7.9900,7.8000,7.9500,8.0000,59810588,472299763.0100,3,1.298900,1,-0.625000,8.021950,1.078819,0.306729,3.688336,0
2021-07-29,sh.600068,7.9900,8.0900,7.9700,8.0600,7.9500,34816873,280017695.3500,3,0.756100,1,1.383600,8.132945,1.093746,0.310973,3.739369,0
2021-07-30,sh.600068,8.0600,8.3200,8.0300,8.3000,8.0600,63074346,518947977.8700,3,1.369800,1,2.977700,8.375117,1.126315,0.320233,3.850715,0
2021-08-02,sh.600068,8.2900,8.3400,8.2100,8.3200,8.3000,42729857,353683205.9200,3,0.927900,1,0.241000,8.395298,1.129029,0.321004,3.859994,0
2021-08-03,sh.600068,8.3300,8.5900,8.3000,8.5100,8.3200,72809680,617173189.0700,3,1.581200,1,2.283700,8.587018,1.154812,0.328335,3.948143,0
2021-08-04,sh.600068,8.5500,8.6200,8.4300,8.5900,8.5100,60244309,514215031.3000,3,1.308300,1,0.940100,8.667742,1.165668,0.331421,3.985259,0
2021-08-05,sh.600068,8.6500,8.8800,8.4900,8.7900,8.5900,112084696,974521090.6000,3,2.434100,1,2.328300,8.869552,1.192808,0.339138,4.078047,0
2021-08-06,sh.600068,8.8800,9.6700,8.7700,9.6700,8.7900,188817367,1766813733.7900,3,4.100500,1,10.011400,9.757516,1.312224,0.373090,4.486315,0
2021-08-09,sh.600068,9.6700,9.9500,9.3000,9.3900,9.6700,146969899,1405644762.9300,3,3.191700,1,-2.895600,9.474982,1.274228,0.362287,4.356412,0
2021-08-10,sh.600068,9.3900,9.8900,9.2900,9.5800,9.3900,126657482,1212117469.7900,3,2.750600,1,2.023400,9.666701,1.300011,0.369618,4.444561,0
2021-08-11,sh.600068,9.5800,9.5800,9.5800,9.5800,9.5800,0,0.0000,3,,0,0.000000,9.666701,1.300011,0.369618,4.444561,0
2021-08-12,sh.600068,9.7900,9.7900,8.8600,8.9000,9.5800,171563048,1563426512.6600,3,3.725800,1,-7.098100,8.980547,1.207735,0.343382,4.129080,0
2021-08-13,sh.600068,8.9300,8.9700,8.6900,8.7400,8.9000,93262250,821483969.7400,3,2.025300,1,-1.797800,8.819099,1.186023,0.337209,4.054850,0
2021-08-16,sh.600068,8.8000,8.9300,8.7400,8.8000,8.7400,50098265,442614936.9900,3,1.088000,1,0.686500,8.879642,1.194165,0.339524,4.082686,0
2021-08-17,sh.600068,8.9000,9.3500,8.9000,9.0900,8.8000,107816950,982229875.9300,3,2.341400,1,3.295500,9.172267,1.233518,0.350713,4.217229,0
2021-08-18,sh.600068,9.1400,9.2400,8.9500,9.0900,9.0900,65029554,592613727.1300,3,1.412200,1,0.000000,9.172267,1.233518,0.350713,4.217229,0
2021-08-19,sh.600068,9.0500,9.0800,8.9100,8.9600,9.0900,43505049,390461990.1700,3,0.944800,1,-1.430100,9.041090,1.215877,0.345697,4.156917,0
2021-08-20,sh.600068,8.9300,9.0900,8.7900,9.0300,8.9600,43387171,388257946.8000,3,0.942200,1,0.781300,9.111724,1.225376,0.348398,4.189393,0
2021-08-23,sh.600068,8.9800,9.3300,8.9800,9.2300,9.0300,58906333,542218978.3900,3,1.279200,1,2.214800,9.313534,1.252516,0.356114,4.282181,0
2021-08-24,sh.600068,9.1500,9.2700,9.0800,9.1400,9.2300,39171161,358129970.6800,3,0.850700,1,-0.975100,9.222719,1.240303,0.352642,4.240426,0
2021-08-25,sh.600068,9.1400,9.3100,9.0500,9.3000,9.1400,45211943,415450269.0300,3,0.981800,1,1.750500,9.384167,1.262015,0.358815,4.314657,0
2021-08-26,sh.600068,9.4000,9.6800,9.0900,9.2000,9.3000,155804439,1453379421.2300,3,3.383500,1,-1.075300,9.283262,1.248445,0.354957,4.268263,0
2021-08-27,sh.600068,9.2000,9.3200,9.1400,9.2300,9.2000,74028500,682613418.4400,3,1.607600,1,0.326100,9.313534,1.252516,0.356114,4.282181,0
2021-08-30,sh.600068,9.2800,9.6000,9.2400,9.2700,9.2300,119657317,1120718973.1100,3,2.598500,1,0.433400,9.078849,1.242698,0.345607,16.883784,0
2021-08-31,sh.600068,9.3000,9.3600,9.2000,9.3500,9.2700,86089854,798131416.4100,3,1.869600,1,0.863000,9.157199,1.253422,0.348590,17.029491,0
2021-09-01,sh.600068,9.5000,10.1300,9.3500,9.9300,9.3500,225122882,2202662357.9000,3,4.888900,1,6.203200,9.725239,1.331175,0.370214,18.085866,0
2021-09-02,sh.600068,9.9300,9.9300,9.9300,9.9300,9.9300,0,0.0000,3,,0,0.000000,9.725239,1.331175,0.370214,18.085866,0
2021-09-03,sh.600068,9.9300,9.9300,9.9300,9.9300,9.9300,0,0.0000,3,,0,0.000000,9.725239,1.331175,0.370214,18.085866,0
2021-09-06,sh.600068,9.9300,9.9300,9.9300,9.9300,9.9300,0,0.0000,3,,0,0.000000,9.725239,1.331175,0.370214,18.085866,0
2021-09-07,sh.600068,9.9300,9.9300,9.9300,9.9300,9.9300,0,0.0000,3,,0,0.000000,9.725239,1.331175,0.370214,18.085866,0
2021-09-08,sh.600068,9.9300,9.9300,9.9300,9.9300,9.9300,0,0.0000,3,,0,0.000000,9.725239,1.331175,0.370214,18.085866,0
2021-09-09,sh.600068,9.9300,9.9300,9.9300,9.9300,9.9300,0,0.0000,3,,0,0.000000,9.725239,1.331175,0.370214,18.085866,0
2021-09-10,sh.600068,9.9300,9.9300,9.9300,9.9300,9.9300,0,0.0000,3,,0,0.000000,9.725239,1.331175,0.370214,18.085866,0
2021-09-13,sh.600068,9.9300,9.9300,9.9300,9.9300,9.9300,,,3,,0,,9.725239,1.331175,0.370214,18.085866,0
