date,code,open,high,low,close,preclose,volume,amount,adjustflag,turn,tradestatus,pctChg,peTTM,pbMRQ,psTTM,pcfNcfTTM,isST,报告日,净利润,营业总收入,营业总成本,营业成本,营业利润,利润总额,所得税费用,归属于母公司所有者的净利润,货币资金,应收账款,存货,流动资产合计,非流动资产合计,资产总计,流动负债合计,非流动负债合计,负债合计,所有者权益(或股东权益)合计,经营活动产生的现金流量净额,投资活动产生的现金流量净额,筹资活动产生的现金流量净额,现金及现金等价物净增加额,实际披露日
2010-01-04,sh.600005,8.35,8.38,8.17,8.18,8.28,56517668.0,466915654.0,3,1.802594,1,-1.2077,-69.227791,2.38092,1.218806,760.47878,0,2009-09-30,1053036855.59,37396004895.0,36547850468.94,34170345818.91,1389548144.66,1396552198.84,343515343.25,1052538797.01,1882501882.2,545388135.01,8963764636.97,13926558770.68,60201048924.04,74127607694.72,34982813101.52,12137460021.71,47120273123.23,27007334571.49,6298001534.2,-3101062617.17,-3544603388.45,-347836614.88,2009-12-30
2010-01-05,sh.600005,8.2,8.24,7.92,8.12,8.18,82401018.0,665247995.0,3,2.628126,1,-0.7335,-68.720007,2.363456,1.209866,754.900696,0,2009-09-30,1053036855.59,37396004895.0,36547850468.94,34170345818.91,1389548144.66,1396552198.84,343515343.25,1052538797.01,1882501882.2,545388135.01,8963764636.97,13926558770.68,60201048924.04,74127607694.72,34982813101.52,12137460021.71,47120273123.23,27007334571.49,6298001534.2,-3101062617.17,-3544603388.45,-347836614.88,2009-12-30
2010-01-06,sh.600005,8.09,8.3,8.03,8.13,8.12,84201057.0,690712710.0,3,2.685537,1,0.1232,-68.804638,2.366366,1.211356,755.830377,0,2009-09-30,1053036855.59,37396004895.0,36547850468.94,34170345818.91,1389548144.66,1396552198.84,343515343.25,1052538797.01,1882501882.2,545388135.01,8963764636.97,13926558770.68,60201048924.04,74127607694.72,34982813101.52,12137460021.71,47120273123.23,27007334571.49,6298001534.2,-3101062617.17,-3544603388.45,-347836614.88,2009-12-30
2010-01-07,sh.600005,8.1,8.18,7.8,7.88,8.13,78876542.0,632825591.0,3,2.515715,1,-3.075,-66.688874,2.2936,1.174106,732.58836,0,2009-09-30,1053036855.59,37396004895.0,36547850468.94,34170345818.91,1389548144.66,1396552198.84,343515343.25,1052538797.01,1882501882.2,545388135.01,8963764636.97,13926558770.68,60201048924.04,74127607694.72,34982813101.52,12137460021.71,47120273123.23,27007334571.49,6298001534.2,-3101062617.17,-3544603388.45,-347836614.88,2009-12-30
2010-01-08,sh.600005,7.83,7.91,7.75,7.9,7.88,52754941.0,413049203.0,3,1.682584,1,0.2538,-66.858135,2.299421,1.177086,734.447722,0,2009-09-30,1053036855.59,37396004895.0,36547850468.94,34170345818.91,1389548144.66,1396552198.84,343515343.25,1052538797.01,1882501882.2,545388135.01,8963764636.97,13926558770.68,60201048924.04,74127607694.72,34982813101.52,12137460021.71,47120273123.23,27007334571.49,6298001534.2,-3101062617.17,-3544603388.45,-347836614.88,2009-12-30
2010-01-11,sh.600005,8.06,8.16,7.82,7.85,7.9,56644454.0,449871990.0,3,1.806638,1,-0.6329,-66.434983,2.284868,1.169636,729.799318,0,2009-09-30,1053036855.59,37396004895.0,36547850468.94,34170345818.91,1389548144.66,1396552198.84,343515343.25,1052538797.01,1882501882.2,545388135.01,8963764636.97,13926558770.68,60201048924.04,74127607694.72,34982813101.52,12137460021.71,47120273123.23,27007334571.49,6298001534.2,-3101062617.17,-3544603388.45,-347836614.88,2009-12-30
2010-01-12,sh.600005,7.82,8.0,7.7,7.99,7.85,78085042.0,613469888.0,3,2.490471,1,1.7834,-67.61981,2.325617,1.190496,742.814847,0,2009-09-30,1053036855.59,37396004895.0,36547850468.94,34170345818.91,1389548144.66,1396552198.84,343515343.25,1052538797.01,1882501882.2,545388135.01,8963764636.97,13926558770.68,60201048924.04,74127607694.72,34982813101.52,12137460021.71,47120273123.23,27007334571.49,6298001534.2,-3101062617.17,-3544603388.45,-347836614.88,2009-12-30
2010-01-13,sh.600005,7.84,7.84,7.6,7.66,7.99,132599910.0,1023799061.0,3,4.229187,1,-4.1302,-64.827002,2.229565,1.141327,712.135386,0,2009-09-30,1053036855.59,37396004895.0,36547850468.94,34170345818.91,1389548144.66,1396552198.84,343515343.25,1052538797.01,1882501882.2,545388135.01,8963764636.97,13926558770.68,60201048924.04,74127607694.72,34982813101.52,12137460021.71,47120273123.23,27007334571.49,6298001534.2,-3101062617.17,-3544603388.45,-347836614.88,2009-12-30
2010-01-14,sh.600005,7.69,7.77,7.61,7.76,7.66,69861871.0,537782832.0,3,2.228198,1,1.3055,-65.673308,2.258672,1.156226,721.432192,0,2009-09-30,1053036855.59,37396004895.0,36547850468.94,34170345818.91,1389548144.66,1396552198.84,343515343.25,1052538797.01,1882501882.2,545388135.01,8963764636.97,13926558770.68,60201048924.04,74127607694.72,34982813101.52,12137460021.71,47120273123.23,27007334571.49,6298001534.2,-3101062617.17,-3544603388.45,-347836614.88,2009-12-30
2010-01-15,sh.600005,7.74,7.76,7.6,7.71,7.76,99074401.0,759490541.0,3,3.159913,1,-0.6443,-65.250155,2.244119,1.148776,716.783789,0,2009-09-30,1053036855.59,37396004895.0,36547850468.94,34170345818.91,1389548144.66,1396552198.84,343515343.25,1052538797.01,1882501882.2,545388135.01,8963764636.97,13926558770.68,60201048924.04,74127607694.72,34982813101.52,12137460021.71,47120273123.23,27007334571.49,6298001534.2,-3101062617.17,-3544603388.45,-347836614.88,2009-12-30
2010-01-18,sh.600005,7.65,7.72,7.6,7.72,7.71,66944921.0,511923889.0,3,2.135164,1,0.1297,-65.334785,2.247029,1.150266,717.71347,0,2009-09-30,1053036855.59,37396004895.0,36547850468.94,34170345818.91,1389548144.66,1396552198.84,343515343.25,1052538797.01,1882501882.2,545388135.01,8963764636.97,13926558770.68,60201048924.04,74127607694.72,34982813101.52,12137460021.71,47120273123.23,27007334571.49,6298001534.2,-3101062617.17,-3544603388.45,-347836614.88,2009-12-30
2010-01-19,sh.600005,7.7,7.83,7.69,7.79,7.72,70771909.0,550020422.0,3,2.257223,1,0.9067,-65.927199,2.267404,1.160696,724.221234,0,2009-09-30,1053036855.59,37396004895.0,36547850468.94,34170345818.91,1389548144.66,1396552198.84,343515343.25,1052538797.01,1882501882.2,545388135.01,8963764636.97,13926558770.68,60201048924.04,74127607694.72,34982813101.52,12137460021.71,47120273123.23,27007334571.49,6298001534.2,-3101062617.17,-3544603388.45,-347836614.88,2009-12-30
2010-01-20,sh.600005,7.8,7.82,7.42,7.46,7.79,86864281.0,659237028.0,3,2.770479,1,-4.2362,-63.134391,2.171352,1.111527,693.541772,0,2009-09-30,1053036855.59,37396004895.0,36547850468.94,34170345818.91,1389548144.66,1396552198.84,343515343.25,1052538797.01,1882501882.2,545388135.01,8963764636.97,13926558770.68,60201048924.04,74127607694.72,34982813101.52,12137460021.71,47120273123.23,27007334571.49,6298001534.2,-3101062617.17,-3544603388.45,-347836614.88,2009-12-30
2010-01-21,sh.600005,7.46,7.51,7.19,7.32,7.46,87998360.0,643435764.0,3,2.80665,1,-1.8767,-61.949563,2.130603,1.090667,680.526243,0,2009-09-30,1053036855.59,37396004895.0,36547850468.94,34170345818.91,1389548144.66,1396552198.84,343515343.25,1052538797.01,1882501882.2,545388135.01,8963764636.97,13926558770.68,60201048924.04,74127607694.72,34982813101.52,12137460021.71,47120273123.23,27007334571.49,6298001534.2,-3101062617.17,-3544603388.45,-347836614.88,2009-12-30
2010-01-22,sh.600005,7.22,7.25,7.0,7.17,7.32,99170253.0,705363870.0,3,3.16297,1,-2.0492,-60.680105,2.086943,1.068317,666.581033,0,2009-09-30,1053036855.59,37396004895.0,36547850468.94,34170345818.91,1389548144.66,1396552198.84,343515343.25,1052538797.01,1882501882.2,545388135.01,8963764636.97,13926558770.68,60201048924.04,74127607694.72,34982813101.52,12137460021.71,47120273123.23,27007334571.49,6298001534.2,-3101062617.17,-3544603388.45,-347836614.88,2009-12-30
2010-01-25,sh.600005,7.08,7.15,7.04,7.07,7.17,41462349.0,294178379.0,3,1.322414,1,-1.3947,-59.8338,2.057836,1.053418,657.284227,0,2009-09-30,1053036855.59,37396004895.0,36547850468.94,34170345818.91,1389548144.66,1396552198.84,343515343.25,1052538797.01,1882501882.2,545388135.01,8963764636.97,13926558770.68,60201048924.04,74127607694.72,34982813101.52,12137460021.71,47120273123.23,27007334571.49,6298001534.2,-3101062617.17,-3544603388.45,-347836614.88,2009-12-30
2010-01-26,sh.600005,7.07,7.11,6.85,6.88,7.07,51694869.0,358693193.0,3,1.648774,1,-2.6874,-58.225819,2.002534,1.025108,639.620294,0,2009-09-30,1053036855.59,37396004895.0,36547850468.94,34170345818.91,1389548144.66,1396552198.84,343515343.25,1052538797.01,1882501882.2,545388135.01,8963764636.97,13926558770.68,60201048924.04,74127607694.72,34982813101.52,12137460021.71,47120273123.23,27007334571.49,6298001534.2,-3101062617.17,-3544603388.45,-347836614.88,2009-12-30
2010-01-27,sh.600005,6.9,6.94,6.7,6.75,6.88,62582493.0,425623386.0,3,1.996027,1,-1.8895,-57.125622,1.964695,1.005738,627.534446,0,2009-09-30,1053036855.59,37396004895.0,36547850468.94,34170345818.91,1389548144.66,1396552198.84,343515343.25,1052538797.01,1882501882.2,545388135.01,8963764636.97,13926558770.68,60201048924.04,74127607694.72,34982813101.52,12137460021.71,47120273123.23,27007334571.49,6298001534.2,-3101062617.17,-3544603388.45,-347836614.88,2009-12-30
2010-01-28,sh.600005,6.77,6.85,6.69,6.8,6.75,45703524.0,309688700.0,3,1.457684,1,0.7407,-57.548775,1.979249,1.013188,632.182849,0,2009-09-30,1053036855.59,37396004895.0,36547850468.94,34170345818.91,1389548144.66,1396552198.84,343515343.25,1052538797.01,1882501882.2,545388135.01,8963764636.97,13926558770.68,60201048924.04,74127607694.72,34982813101.52,12137460021.71,47120273123.23,27007334571.49,6298001534.2,-3101062617.17,-3544603388.45,-347836614.88,2009-12-30
2010-01-29,sh.600005,6.75,6.9,6.71,6.77,6.8,38191632.0,260037146.0,3,1.218097,1,-0.4412,-57.294883,1.970517,1.008718,629.393807,0,2009-09-30,1053036855.59,37396004895.0,36547850468.94,34170345818.91,1389548144.66,1396552198.84,343515343.25,1052538797.01,1882501882.2,545388135.01,8963764636.97,13926558770.68,60201048924.04,74127607694.72,34982813101.52,12137460021.71,47120273123.23,27007334571.49,6298001534.2,-3101062617.17,-3544603388.45,-347836614.88,2009-12-30
2010-02-01,sh.600005,6.77,6.77,6.48,6.54,6.77,64154654.0,421759684.0,3,2.04617,1,-3.3973,-55.34838,1.903571,0.974448,608.011152,0,2009-09-30,1053036855.59,37396004895.0,36547850468.94,34170345818.91,1389548144.66,1396552198.84,343515343.25,1052538797.01,1882501882.2,545388135.01,8963764636.97,13926558770.68,60201048924.04,74127607694.72,34982813101.52,12137460021.71,47120273123.23,27007334571.49,6298001534.2,-3101062617.17,-3544603388.45,-347836614.88,2009-12-30
2010-02-02,sh.600005,6.58,6.72,6.55,6.58,6.54,42905458.0,284561812.0,3,1.368441,1,0.6116,-55.686903,1.915214,0.980408,611.729874,0,2009-09-30,1053036855.59,37396004895.0,36547850468.94,34170345818.91,1389548144.66,1396552198.84,343515343.25,1052538797.01,1882501882.2,545388135.01,8963764636.97,13926558770.68,60201048924.04,74127607694.72,34982813101.52,12137460021.71,47120273123.23,27007334571.49,6298001534.2,-3101062617.17,-3544603388.45,-347836614.88,2009-12-30
2010-02-03,sh.600005,6.62,6.77,6.46,6.77,6.58,55287410.0,366090926.0,3,1.763356,1,2.8875,-57.294883,1.970517,1.008718,629.393807,0,2009-09-30,1053036855.59,37396004895.0,36547850468.94,34170345818.91,1389548144.66,1396552198.84,343515343.25,1052538797.01,1882501882.2,545388135.01,8963764636.97,13926558770.68,60201048924.04,74127607694.72,34982813101.52,12137460021.71,47120273123.23,27007334571.49,6298001534.2,-3101062617.17,-3544603388.45,-347836614.88,2009-12-30
2010-02-04,sh.600005,6.71,6.77,6.64,6.71,6.77,39999409.0,268006759.0,3,1.275755,1,-0.8863,-56.7871,1.953053,0.999778,623.815723,0,2009-09-30,1053036855.59,37396004895.0,36547850468.94,34170345818.91,1389548144.66,1396552198.84,343515343.25,1052538797.01,1882501882.2,545388135.01,8963764636.97,13926558770.68,60201048924.04,74127607694.72,34982813101.52,12137460021.71,47120273123.23,27007334571.49,6298001534.2,-3101062617.17,-3544603388.45,-347836614.88,2009-12-30
2010-02-05,sh.600005,6.56,6.61,6.5,6.55,6.71,47541816.0,310971584.0,3,1.516315,1,-2.3845,-55.433011,1.906482,0.975938,608.940832,0,2009-09-30,1053036855.59,37396004895.0,36547850468.94,34170345818.91,1389548144.66,1396552198.84,343515343.25,1052538797.01,1882501882.2,545388135.01,8963764636.97,13926558770.68,60201048924.04,74127607694.72,34982813101.52,12137460021.71,47120273123.23,27007334571.49,6298001534.2,-3101062617.17,-3544603388.45,-347836614.88,2009-12-30
2010-02-08,sh.600005,6.55,6.62,6.55,6.6,6.55,21277708.0,140187060.0,3,0.678638,1,0.7634,-55.856164,1.921035,0.983388,613.589236,0,2009-09-30,1053036855.59,37396004895.0,36547850468.94,34170345818.91,1389548144.66,1396552198.84,343515343.25,1052538797.01,1882501882.2,545388135.01,8963764636.97,13926558770.68,60201048924.04,74127607694.72,34982813101.52,12137460021.71,47120273123.23,27007334571.49,6298001534.2,-3101062617.17,-3544603388.45,-347836614.88,2009-12-30
2010-02-09,sh.600005,6.58,6.67,6.55,6.62,6.6,20809569.0,137823618.0,3,0.663708,1,0.303,-56.025425,1.926857,0.986368,615.448597,0,2009-09-30,1053036855.59,37396004895.0,36547850468.94,34170345818.91,1389548144.66,1396552198.84,343515343.25,1052538797.01,1882501882.2,545388135.01,8963764636.97,13926558770.68,60201048924.04,74127607694.72,34982813101.52,12137460021.71,47120273123.23,27007334571.49,6298001534.2,-3101062617.17,-3544603388.45,-347836614.88,2009-12-30
2010-02-10,sh.600005,6.68,6.72,6.65,6.71,6.62,24984895.0,167193732.0,3,0.796877,1,1.3595,-56.7871,1.953053,0.999778,623.815723,0,2009-09-30,1053036855.59,37396004895.0,36547850468.94,34170345818.91,1389548144.66,1396552198.84,343515343.25,1052538797.01,1882501882.2,545388135.01,8963764636.97,13926558770.68,60201048924.04,74127607694.72,34982813101.52,12137460021.71,47120273123.23,27007334571.49,6298001534.2,-3101062617.17,-3544603388.45,-347836614.88,2009-12-30
2010-02-11,sh.600005,6.7,6.9,6.7,6.86,6.71,49238643.0,336628483.0,3,1.570434,1,2.2355,-58.056558,1.996713,1.022128,637.760933,0,2009-09-30,1053036855.59,37396004895.0,36547850468.94,34170345818.91,1389548144.66,1396552198.84,343515343.25,1052538797.01,1882501882.2,545388135.01,8963764636.97,13926558770.68,60201048924.04,74127607694.72,34982813101.52,12137460021.71,47120273123.23,27007334571.49,6298001534.2,-3101062617.17,-3544603388.45,-347836614.88,2009-12-30
2010-02-12,sh.600005,6.86,6.9,6.79,6.89,6.86,45165515.0,309224789.0,3,1.440524,1,0.4373,-58.31045,2.005445,1.026598,640.549975,0,2009-09-30,1053036855.59,37396004895.0,36547850468.94,34170345818.91,1389548144.66,1396552198.84,343515343.25,1052538797.01,1882501882.2,545388135.01,8963764636.97,13926558770.68,60201048924.04,74127607694.72,34982813101.52,12137460021.71,47120273123.23,27007334571.49,6298001534.2,-3101062617.17,-3544603388.45,-347836614.88,2009-12-30
2010-02-22,sh.600005,6.89,6.92,6.8,6.81,6.89,31569460.0,216180672.0,3,1.006887,1,-1.1611,-57.633405,1.982159,1.014678,633.11253,0,2009-09-30,1053036855.59,37396004895.0,36547850468.94,34170345818.91,1389548144.66,1396552198.84,343515343.25,1052538797.01,1882501882.2,545388135.01,8963764636.97,13926558770.68,60201048924.04,74127607694.72,34982813101.52,12137460021.71,47120273123.23,27007334571.49,6298001534.2,-3101062617.17,-3544603388.45,-347836614.88,2009-12-30
2010-02-23,sh.600005,6.82,6.84,6.65,6.7,6.81,32377612.0,216571933.0,3,1.032663,1,-1.6153,-56.702469,1.950142,0.998288,622.886042,0,2009-09-30,1053036855.59,37396004895.0,36547850468.94,34170345818.91,1389548144.66,1396552198.84,343515343.25,1052538797.01,1882501882.2,545388135.01,8963764636.97,13926558770.68,60201048924.04,74127607694.72,34982813101.52,12137460021.71,47120273123.23,27007334571.49,6298001534.2,-3101062617.17,-3544603388.45,-347836614.88,2009-12-30
2010-02-24,sh.600005,6.66,6.87,6.6,6.85,6.7,46095265.0,311121031.0,3,1.470178,1,2.2388,-57.971927,1.993802,1.020638,636.831252,0,2009-09-30,1053036855.59,37396004895.0,36547850468.94,34170345818.91,1389548144.66,1396552198.84,343515343.25,1052538797.01,1882501882.2,545388135.01,8963764636.97,13926558770.68,60201048924.04,74127607694.72,34982813101.52,12137460021.71,47120273123.23,27007334571.49,6298001534.2,-3101062617.17,-3544603388.45,-347836614.88,2009-12-30
2010-02-25,sh.600005,6.83,6.91,6.8,6.9,6.85,55667203.0,382341548.0,3,1.775469,1,0.7299,-58.39508,2.008355,1.028088,641.479656,0,2009-09-30,1053036855.59,37396004895.0,36547850468.94,34170345818.91,1389548144.66,1396552198.84,343515343.25,1052538797.01,1882501882.2,545388135.01,8963764636.97,13926558770.68,60201048924.04,74127607694.72,34982813101.52,12137460021.71,47120273123.23,27007334571.49,6298001534.2,-3101062617.17,-3544603388.45,-347836614.88,2009-12-30
2010-02-26,sh.600005,6.89,6.89,6.8,6.81,6.9,34923259.0,238592732.0,3,1.113854,1,-1.3043,-57.633405,1.982159,1.014678,633.11253,0,2009-09-30,1053036855.59,37396004895.0,36547850468.94,34170345818.91,1389548144.66,1396552198.84,343515343.25,1052538797.01,1882501882.2,545388135.01,8963764636.97,13926558770.68,60201048924.04,74127607694.72,34982813101.52,12137460021.71,47120273123.23,27007334571.49,6298001534.2,-3101062617.17,-3544603388.45,-347836614.88,2009-12-30
2010-03-01,sh.600005,6.88,6.93,6.84,6.91,6.81,47654954.0,327787745.0,3,1.519923,1,1.4684,-58.479711,2.011266,1.029578,642.409336,0,2009-09-30,1053036855.59,37396004895.0,36547850468.94,34170345818.91,1389548144.66,1396552198.84,343515343.25,1052538797.01,1882501882.2,545388135.01,8963764636.97,13926558770.68,60201048924.04,74127607694.72,34982813101.52,12137460021.71,47120273123.23,27007334571.49,6298001534.2,-3101062617.17,-3544603388.45,-347836614.88,2009-12-30
2010-03-02,sh.600005,6.9,6.91,6.81,6.83,6.91,33820774.0,231523840.0,3,1.078691,1,-1.1577,-57.802666,1.987981,1.017658,634.971891,0,2009-09-30,1053036855.59,37396004895.0,36547850468.94,34170345818.91,1389548144.66,1396552198.84,343515343.25,1052538797.01,1882501882.2,545388135.01,8963764636.97,13926558770.68,60201048924.04,74127607694.72,34982813101.52,12137460021.71,47120273123.23,27007334571.49,6298001534.2,-3101062617.17,-3544603388.45,-347836614.88,2009-12-30
2010-03-03,sh.600005,6.83,6.87,6.75,6.86,6.83,49760610.0,338937558.0,3,1.587082,1,0.4392,-58.056558,1.996713,1.022128,637.760933,0,2009-09-30,1053036855.59,37396004895.0,36547850468.94,34170345818.91,1389548144.66,1396552198.84,343515343.25,1052538797.01,1882501882.2,545388135.01,8963764636.97,13926558770.68,60201048924.04,74127607694.72,34982813101.52,12137460021.71,47120273123.23,27007334571.49,6298001534.2,-3101062617.17,-3544603388.45,-347836614.88,2009-12-30
2010-03-04,sh.600005,6.85,6.89,6.65,6.66,6.86,52856257.0,357229986.0,3,1.685816,1,-2.9155,-56.363947,1.938499,0.992328,619.16732,0,2009-09-30,1053036855.59,37396004895.0,36547850468.94,34170345818.91,1389548144.66,1396552198.84,343515343.25,1052538797.01,1882501882.2,545388135.01,8963764636.97,13926558770.68,60201048924.04,74127607694.72,34982813101.52,12137460021.71,47120273123.23,27007334571.49,6298001534.2,-3101062617.17,-3544603388.45,-347836614.88,2009-12-30
2010-03-05,sh.600005,6.66,6.75,6.65,6.67,6.66,31998887.0,213942653.0,3,1.020583,1,0.1502,-56.448578,1.94141,0.993818,620.097,0,2009-09-30,1053036855.59,37396004895.0,36547850468.94,34170345818.91,1389548144.66,1396552198.84,343515343.25,1052538797.01,1882501882.2,545388135.01,8963764636.97,13926558770.68,60201048924.04,74127607694.72,34982813101.52,12137460021.71,47120273123.23,27007334571.49,6298001534.2,-3101062617.17,-3544603388.45,-347836614.88,2009-12-30
2010-03-08,sh.600005,6.7,6.79,6.67,6.76,6.67,38378561.0,259070563.0,3,1.224059,1,1.3493,-57.210252,1.967606,1.007228,628.464126,0,2009-09-30,1053036855.59,37396004895.0,36547850468.94,34170345818.91,1389548144.66,1396552198.84,343515343.25,1052538797.01,1882501882.2,545388135.01,8963764636.97,13926558770.68,60201048924.04,74127607694.72,34982813101.52,12137460021.71,47120273123.23,27007334571.49,6298001534.2,-3101062617.17,-3544603388.45,-347836614.88,2009-12-30
2010-03-09,sh.600005,6.76,6.83,6.66,6.78,6.76,40972879.0,276549321.0,3,1.306803,1,0.2959,-57.379514,1.973427,1.010208,630.323488,0,2009-09-30,1053036855.59,37396004895.0,36547850468.94,34170345818.91,1389548144.66,1396552198.84,343515343.25,1052538797.01,1882501882.2,545388135.01,8963764636.97,13926558770.68,60201048924.04,74127607694.72,34982813101.52,12137460021.71,47120273123.23,27007334571.49,6298001534.2,-3101062617.17,-3544603388.45,-347836614.88,2009-12-30
2010-03-10,sh.600005,6.78,6.89,6.73,6.8,6.78,52798074.0,360332229.0,3,1.68396,1,0.295,-57.548775,1.979249,1.013188,632.182849,0,2009-09-30,1053036855.59,37396004895.0,36547850468.94,34170345818.91,1389548144.66,1396552198.84,343515343.25,1052538797.01,1882501882.2,545388135.01,8963764636.97,13926558770.68,60201048924.04,74127607694.72,34982813101.52,12137460021.71,47120273123.23,27007334571.49,6298001534.2,-3101062617.17,-3544603388.45,-347836614.88,2009-12-30
2010-03-11,sh.600005,6.82,6.9,6.8,6.87,6.8,60020919.0,411209387.0,3,1.914328,1,1.0294,-58.141189,1.999623,1.023618,638.690614,0,2009-09-30,1053036855.59,37396004895.0,36547850468.94,34170345818.91,1389548144.66,1396552198.84,343515343.25,1052538797.01,1882501882.2,545388135.01,8963764636.97,13926558770.68,60201048924.04,74127607694.72,34982813101.52,12137460021.71,47120273123.23,27007334571.49,6298001534.2,-3101062617.17,-3544603388.45,-347836614.88,2009-12-30
2010-03-12,sh.600005,6.87,6.92,6.73,6.74,6.87,46897273.0,320185871.0,3,1.495758,1,-1.8923,-57.040991,1.961785,1.004248,626.604765,0,2009-09-30,1053036855.59,37396004895.0,36547850468.94,34170345818.91,1389548144.66,1396552198.84,343515343.25,1052538797.01,1882501882.2,545388135.01,8963764636.97,13926558770.68,60201048924.04,74127607694.72,34982813101.52,12137460021.71,47120273123.23,27007334571.49,6298001534.2,-3101062617.17,-3544603388.45,-347836614.88,2009-12-30
2010-03-15,sh.600005,6.74,6.74,6.55,6.59,6.74,49344924.0,325652386.0,3,1.573824,1,-2.2255,-55.771533,1.918125,0.981898,612.659555,0,2009-09-30,1053036855.59,37396004895.0,36547850468.94,34170345818.91,1389548144.66,1396552198.84,343515343.25,1052538797.01,1882501882.2,545388135.01,8963764636.97,13926558770.68,60201048924.04,74127607694.72,34982813101.52,12137460021.71,47120273123.23,27007334571.49,6298001534.2,-3101062617.17,-3544603388.45,-347836614.88,2009-12-30
2010-03-16,sh.600005,6.59,6.62,6.54,6.6,6.59,26199509.0,172489520.0,3,0.835616,1,0.1517,-55.856164,1.921035,0.983388,613.589236,0,2009-09-30,1053036855.59,37396004895.0,36547850468.94,34170345818.91,1389548144.66,1396552198.84,343515343.25,1052538797.01,1882501882.2,545388135.01,8963764636.97,13926558770.68,60201048924.04,74127607694.72,34982813101.52,12137460021.71,47120273123.23,27007334571.49,6298001534.2,-3101062617.17,-3544603388.45,-347836614.88,2009-12-30
2010-03-17,sh.600005,6.63,6.77,6.61,6.75,6.6,44313364.0,295970215.0,3,1.413346,1,2.2727,-57.125622,1.964695,1.005738,627.534446,0,2009-09-30,1053036855.59,37396004895.0,36547850468.94,34170345818.91,1389548144.66,1396552198.84,343515343.25,1052538797.01,1882501882.2,545388135.01,8963764636.97,13926558770.68,60201048924.04,74127607694.72,34982813101.52,12137460021.71,47120273123.23,27007334571.49,6298001534.2,-3101062617.17,-3544603388.45,-347836614.88,2009-12-30
2010-03-18,sh.600005,6.74,6.79,6.7,6.72,6.75,43368828.0,292484340.0,3,1.38322,1,-0.4444,-56.87173,1.955963,1.001268,624.745404,0,2009-09-30,1053036855.59,37396004895.0,36547850468.94,34170345818.91,1389548144.66,1396552198.84,343515343.25,1052538797.01,1882501882.2,545388135.01,8963764636.97,13926558770.68,60201048924.04,74127607694.72,34982813101.52,12137460021.71,47120273123.23,27007334571.49,6298001534.2,-3101062617.17,-3544603388.45,-347836614.88,2009-12-30
2010-03-19,sh.600005,6.72,6.82,6.65,6.79,6.72,45794265.0,308807782.0,3,1.460578,1,1.0417,-57.464144,1.976338,1.011698,631.253168,0,2009-09-30,1053036855.59,37396004895.0,36547850468.94,34170345818.91,1389548144.66,1396552198.84,343515343.25,1052538797.01,1882501882.2,545388135.01,8963764636.97,13926558770.68,60201048924.04,74127607694.72,34982813101.52,12137460021.71,47120273123.23,27007334571.49,6298001534.2,-3101062617.17,-3544603388.45,-347836614.88,2009-12-30
2010-03-22,sh.600005,6.8,6.81,6.71,6.74,6.79,31736942.0,213969691.0,3,1.012229,1,-0.7364,-57.040991,1.961785,1.004248,626.604765,0,2009-09-30,1053036855.59,37396004895.0,36547850468.94,34170345818.91,1389548144.66,1396552198.84,343515343.25,1052538797.01,1882501882.2,545388135.01,8963764636.97,13926558770.68,60201048924.04,74127607694.72,34982813101.52,12137460021.71,47120273123.23,27007334571.49,6298001534.2,-3101062617.17,-3544603388.45,-347836614.88,2009-12-30
2010-03-23,sh.600005,6.74,6.8,6.67,6.68,6.74,39211662.0,263895077.0,3,1.25063,1,-0.8902,-56.533208,1.944321,0.995308,621.026681,0,2009-09-30,1053036855.59,37396004895.0,36547850468.94,34170345818.91,1389548144.66,1396552198.84,343515343.25,1052538797.01,1882501882.2,545388135.01,8963764636.97,13926558770.68,60201048924.04,74127607694.72,34982813101.52,12137460021.71,47120273123.23,27007334571.49,6298001534.2,-3101062617.17,-3544603388.45,-347836614.88,2009-12-30
2010-03-24,sh.600005,6.69,6.72,6.62,6.65,6.68,41215603.0,274454285.0,3,1.314545,1,-0.4491,-56.279316,1.935589,0.990838,618.237639,0,2009-09-30,1053036855.59,37396004895.0,36547850468.94,34170345818.91,1389548144.66,1396552198.84,343515343.25,1052538797.01,1882501882.2,545388135.01,8963764636.97,13926558770.68,60201048924.04,74127607694.72,34982813101.52,12137460021.71,47120273123.23,27007334571.49,6298001534.2,-3101062617.17,-3544603388.45,-347836614.88,2009-12-30
2010-03-25,sh.600005,6.65,6.85,6.55,6.73,6.65,85786673.0,574944191.0,3,2.736109,1,1.203,-56.956361,1.958874,1.002758,625.675084,0,2009-09-30,1053036855.59,37396004895.0,36547850468.94,34170345818.91,1389548144.66,1396552198.84,343515343.25,1052538797.01,1882501882.2,545388135.01,8963764636.97,13926558770.68,60201048924.04,74127607694.72,34982813101.52,12137460021.71,47120273123.23,27007334571.49,6298001534.2,-3101062617.17,-3544603388.45,-347836614.88,2009-12-30
2010-03-26,sh.600005,6.69,6.74,6.58,6.7,6.73,48424879.0,322855901.0,3,1.54448,1,-0.4458,-56.702469,1.950142,0.998288,622.886042,0,2009-09-30,1053036855.59,37396004895.0,36547850468.94,34170345818.91,1389548144.66,1396552198.84,343515343.25,1052538797.01,1882501882.2,545388135.01,8963764636.97,13926558770.68,60201048924.04,74127607694.72,34982813101.52,12137460021.71,47120273123.23,27007334571.49,6298001534.2,-3101062617.17,-3544603388.45,-347836614.88,2009-12-30
2010-03-29,sh.600005,6.7,6.83,6.66,6.83,6.7,85129362.0,577737932.0,3,2.715145,1,1.9403,-57.802666,1.987981,1.017658,634.971891,0,2009-09-30,1053036855.59,37396004895.0,36547850468.94,34170345818.91,1389548144.66,1396552198.84,343515343.25,1052538797.01,1882501882.2,545388135.01,8963764636.97,13926558770.68,60201048924.04,74127607694.72,34982813101.52,12137460021.71,47120273123.23,27007334571.49,6298001534.2,-3101062617.17,-3544603388.45,-347836614.88,2009-12-30
2010-03-30,sh.600005,6.81,6.83,6.75,6.77,6.83,46891666.0,317826811.0,3,1.495579,1,-0.8785,-57.294883,1.970517,1.008718,629.393807,0,2009-09-30,1053036855.59,37396004895.0,36547850468.94,34170345818.91,1389548144.66,1396552198.84,343515343.25,1052538797.01,1882501882.2,545388135.01,8963764636.97,13926558770.68,60201048924.04,74127607694.72,34982813101.52,12137460021.71,47120273123.23,27007334571.49,6298001534.2,-3101062617.17,-3544603388.45,-347836614.88,2009-12-30
2010-03-31,sh.600005,6.78,6.81,6.68,6.69,6.77,45649449.0,307329205.0,3,1.455959,1,-1.1817,-56.617839,1.947231,0.996798,621.956362,0,2009-12-31,1519434717.64,53714166530.18,52628329801.77,49359612807.7,1901690098.1,1956678485.59,437243767.95,1515376773.56,3084166615.78,233595151.75,7225842031.05,11844282083.17,61479724781.49,73324006864.66,35173826176.73,10796025791.7,45969851968.43,27354154896.23,7933834301.88,-2795286638.06,-4284310114.35,853828118.7,2010-03-31
2010-04-01,sh.600005,6.68,6.78,6.66,6.74,6.69,46737390.0,314391881.0,3,1.490658,1,0.7474,-57.040991,1.961785,1.004248,626.604765,0,2009-12-31,1519434717.64,53714166530.18,52628329801.77,49359612807.7,1901690098.1,1956678485.59,437243767.95,1515376773.56,3084166615.78,233595151.75,7225842031.05,11844282083.17,61479724781.49,73324006864.66,35173826176.73,10796025791.7,45969851968.43,27354154896.23,7933834301.88,-2795286638.06,-4284310114.35,853828118.7,2010-03-31
2010-04-02,sh.600005,6.77,6.81,6.75,6.79,6.74,55022047.0,372823828.0,3,1.754892,1,0.7418,-57.464144,1.976338,1.011698,631.253168,0,2009-12-31,1519434717.64,53714166530.18,52628329801.77,49359612807.7,1901690098.1,1956678485.59,437243767.95,1515376773.56,3084166615.78,233595151.75,7225842031.05,11844282083.17,61479724781.49,73324006864.66,35173826176.73,10796025791.7,45969851968.43,27354154896.23,7933834301.88,-2795286638.06,-4284310114.35,853828118.7,2010-03-31
2010-04-06,sh.600005,6.83,6.84,6.73,6.77,6.79,45009960.0,305134429.0,3,1.435563,1,-0.2946,-57.294883,1.970517,1.008718,629.393807,0,2009-12-31,1519434717.64,53714166530.18,52628329801.77,49359612807.7,1901690098.1,1956678485.59,437243767.95,1515376773.56,3084166615.78,233595151.75,7225842031.05,11844282083.17,61479724781.49,73324006864.66,35173826176.73,10796025791.7,45969851968.43,27354154896.23,7933834301.88,-2795286638.06,-4284310114.35,853828118.7,2010-03-31
2010-04-07,sh.600005,6.76,6.82,6.71,6.77,6.77,45041098.0,305027904.0,3,1.436556,1,0.0,-57.294883,1.970517,1.008718,629.393807,0,2009-12-31,1519434717.64,53714166530.18,52628329801.77,49359612807.7,1901690098.1,1956678485.59,437243767.95,1515376773.56,3084166615.78,233595151.75,7225842031.05,11844282083.17,61479724781.49,73324006864.66,35173826176.73,10796025791.7,45969851968.43,27354154896.23,7933834301.88,-2795286638.06,-4284310114.35,853828118.7,2010-03-31
2010-04-08,sh.600005,6.75,6.75,6.65,6.66,6.77,46050922.0,308116467.0,3,1.468764,1,-1.6248,-56.363947,1.938499,0.992328,619.16732,0,2009-12-31,1519434717.64,53714166530.18,52628329801.77,49359612807.7,1901690098.1,1956678485.59,437243767.95,1515376773.56,3084166615.78,233595151.75,7225842031.05,11844282083.17,61479724781.49,73324006864.66,35173826176.73,10796025791.7,45969851968.43,27354154896.23,7933834301.88,-2795286638.06,-4284310114.35,853828118.7,2010-03-31
2010-04-09,sh.600005,6.68,6.7,6.6,6.68,6.66,42345459.0,281684860.0,3,1.350581,1,0.3003,-56.533208,1.944321,0.995308,621.026681,0,2009-12-31,1519434717.64,53714166530.18,52628329801.77,49359612807.7,1901690098.1,1956678485.59,437243767.95,1515376773.56,3084166615.78,233595151.75,7225842031.05,11844282083.17,61479724781.49,73324006864.66,35173826176.73,10796025791.7,45969851968.43,27354154896.23,7933834301.88,-2795286638.06,-4284310114.35,853828118.7,2010-03-31
2010-04-12,sh.600005,6.68,6.7,6.56,6.58,6.68,53493129.0,352911053.0,3,1.706128,1,-1.497,-55.686903,1.915214,0.980408,611.729874,0,2009-12-31,1519434717.64,53714166530.18,52628329801.77,49359612807.7,1901690098.1,1956678485.59,437243767.95,1515376773.56,3084166615.78,233595151.75,7225842031.05,11844282083.17,61479724781.49,73324006864.66,35173826176.73,10796025791.7,45969851968.43,27354154896.23,7933834301.88,-2795286638.06,-4284310114.35,853828118.7,2010-03-31
2010-04-13,sh.600005,6.58,6.67,6.56,6.67,6.58,51632675.0,341660621.0,3,1.64679,1,1.3678,-56.448578,1.94141,0.993818,620.097,0,2009-12-31,1519434717.64,53714166530.18,52628329801.77,49359612807.7,1901690098.1,1956678485.59,437243767.95,1515376773.56,3084166615.78,233595151.75,7225842031.05,11844282083.17,61479724781.49,73324006864.66,35173826176.73,10796025791.7,45969851968.43,27354154896.23,7933834301.88,-2795286638.06,-4284310114.35,853828118.7,2010-03-31
2010-04-14,sh.600005,6.78,6.79,6.7,6.72,6.67,59594439.0,401519512.0,3,1.900725,1,0.7496,-56.87173,1.955963,1.001268,624.745404,0,2009-12-31,1519434717.64,53714166530.18,52628329801.77,49359612807.7,1901690098.1,1956678485.59,437243767.95,1515376773.56,3084166615.78,233595151.75,7225842031.05,11844282083.17,61479724781.49,73324006864.66,35173826176.73,10796025791.7,45969851968.43,27354154896.23,7933834301.88,-2795286638.06,-4284310114.35,853828118.7,2010-03-31
2010-04-15,sh.600005,6.73,6.75,6.64,6.69,6.72,42248370.0,282350008.0,3,1.347484,1,-0.4464,-56.617839,1.947231,0.996798,621.956362,0,2009-12-31,1519434717.64,53714166530.18,52628329801.77,49359612807.7,1901690098.1,1956678485.59,437243767.95,1515376773.56,3084166615.78,233595151.75,7225842031.05,11844282083.17,61479724781.49,73324006864.66,35173826176.73,10796025791.7,45969851968.43,27354154896.23,7933834301.88,-2795286638.06,-4284310114.35,853828118.7,2010-03-31
2010-04-16,sh.600005,6.71,6.71,6.59,6.59,6.69,44218086.0,292481496.0,3,1.410307,1,-1.4948,-55.771533,1.918125,0.981898,612.659555,0,2009-12-31,1519434717.64,53714166530.18,52628329801.77,49359612807.7,1901690098.1,1956678485.59,437243767.95,1515376773.56,3084166615.78,233595151.75,7225842031.05,11844282083.17,61479724781.49,73324006864.66,35173826176.73,10796025791.7,45969851968.43,27354154896.23,7933834301.88,-2795286638.06,-4284310114.35,853828118.7,2010-03-31
2010-04-19,sh.600005,6.55,6.56,6.18,6.19,6.59,75472929.0,481302129.0,3,2.407159,1,-6.0698,-52.386311,1.801698,0.922299,575.472329,0,2009-12-31,1519434717.64,53714166530.18,52628329801.77,49359612807.7,1901690098.1,1956678485.59,437243767.95,1515376773.56,3084166615.78,233595151.75,7225842031.05,11844282083.17,61479724781.49,73324006864.66,35173826176.73,10796025791.7,45969851968.43,27354154896.23,7933834301.88,-2795286638.06,-4284310114.35,853828118.7,2010-03-31
2010-04-20,sh.600005,6.19,6.24,5.98,6.05,6.19,54387840.0,328829554.0,3,1.734664,1,-2.2617,-51.201483,1.760949,0.901439,562.456799,0,2009-12-31,1519434717.64,53714166530.18,52628329801.77,49359612807.7,1901690098.1,1956678485.59,437243767.95,1515376773.56,3084166615.78,233595151.75,7225842031.05,11844282083.17,61479724781.49,73324006864.66,35173826176.73,10796025791.7,45969851968.43,27354154896.23,7933834301.88,-2795286638.06,-4284310114.35,853828118.7,2010-03-31
2010-04-21,sh.600005,6.05,6.1,5.92,6.1,6.05,55798647.0,335593316.0,3,1.779661,1,0.8264,-51.624636,1.775502,0.908889,567.105203,0,2009-12-31,1519434717.64,53714166530.18,52628329801.77,49359612807.7,1901690098.1,1956678485.59,437243767.95,1515376773.56,3084166615.78,233595151.75,7225842031.05,11844282083.17,61479724781.49,73324006864.66,35173826176.73,10796025791.7,45969851968.43,27354154896.23,7933834301.88,-2795286638.06,-4284310114.35,853828118.7,2010-03-31
2010-04-22,sh.600005,6.06,6.06,5.93,5.94,6.1,46471031.0,277182287.0,3,1.482163,1,-2.623,-50.270547,1.728932,0.88505,552.230312,0,2009-12-31,1519434717.64,53714166530.18,52628329801.77,49359612807.7,1901690098.1,1956678485.59,437243767.95,1515376773.56,3084166615.78,233595151.75,7225842031.05,11844282083.17,61479724781.49,73324006864.66,35173826176.73,10796025791.7,45969851968.43,27354154896.23,7933834301.88,-2795286638.06,-4284310114.35,853828118.7,2010-03-31
2010-04-23,sh.600005,5.94,5.98,5.85,5.86,5.94,42839926.0,252773927.0,3,1.366351,1,-1.3468,-49.593503,1.705647,0.87313,544.792867,0,2009-12-31,1519434717.64,53714166530.18,52628329801.77,49359612807.7,1901690098.1,1956678485.59,437243767.95,1515376773.56,3084166615.78,233595151.75,7225842031.05,11844282083.17,61479724781.49,73324006864.66,35173826176.73,10796025791.7,45969851968.43,27354154896.23,7933834301.88,-2795286638.06,-4284310114.35,853828118.7,2010-03-31
2010-04-26,sh.600005,5.87,5.9,5.76,5.78,5.86,43521488.0,253044904.0,3,1.388089,1,-1.3652,-48.916458,1.682361,0.86121,537.355422,0,2009-12-31,1519434717.64,53714166530.18,52628329801.77,49359612807.7,1901690098.1,1956678485.59,437243767.95,1515376773.56,3084166615.78,233595151.75,7225842031.05,11844282083.17,61479724781.49,73324006864.66,35173826176.73,10796025791.7,45969851968.43,27354154896.23,7933834301.88,-2795286638.06,-4284310114.35,853828118.7,2010-03-31
2010-04-27,sh.600005,5.7,5.71,5.52,5.57,5.78,50507666.0,282037513.0,3,1.610909,1,-3.6332,28.334372,1.583937,0.733431,54.972334,0,2009-12-31,1519434717.64,53714166530.18,52628329801.77,49359612807.7,1901690098.1,1956678485.59,437243767.95,1515376773.56,3084166615.78,233595151.75,7225842031.05,11844282083.17,61479724781.49,73324006864.66,35173826176.73,10796025791.7,45969851968.43,27354154896.23,7933834301.88,-2795286638.06,-4284310114.35,853828118.7,2010-03-31
2010-04-28,sh.600005,5.52,5.63,5.45,5.6,5.57,36579049.0,203457272.0,3,1.166665,1,0.5386,28.48698,1.592468,0.737381,55.268415,0,2009-12-31,1519434717.64,53714166530.18,52628329801.77,49359612807.7,1901690098.1,1956678485.59,437243767.95,1515376773.56,3084166615.78,233595151.75,7225842031.05,11844282083.17,61479724781.49,73324006864.66,35173826176.73,10796025791.7,45969851968.43,27354154896.23,7933834301.88,-2795286638.06,-4284310114.35,853828118.7,2010-03-31
2010-04-29,sh.600005,5.6,5.67,5.49,5.5,5.6,34078049.0,189708516.0,3,1.086897,1,-1.7857,27.978284,1.564031,0.724214,54.281479,0,2009-12-31,1519434717.64,53714166530.18,52628329801.77,49359612807.7,1901690098.1,1956678485.59,437243767.95,1515376773.56,3084166615.78,233595151.75,7225842031.05,11844282083.17,61479724781.49,73324006864.66,35173826176.73,10796025791.7,45969851968.43,27354154896.23,7933834301.88,-2795286638.06,-4284310114.35,853828118.7,2010-03-31
2010-04-30,sh.600005,5.52,5.63,5.44,5.62,5.5,52831648.0,294419368.0,3,1.685031,1,2.1818,28.58872,1.598156,0.740015,55.465802,0,2009-12-31,1519434717.64,53714166530.18,52628329801.77,49359612807.7,1901690098.1,1956678485.59,437243767.95,1515376773.56,3084166615.78,233595151.75,7225842031.05,11844282083.17,61479724781.49,73324006864.66,35173826176.73,10796025791.7,45969851968.43,27354154896.23,7933834301.88,-2795286638.06,-4284310114.35,853828118.7,2010-03-31
2010-05-04,sh.600005,5.54,5.58,5.49,5.53,5.62,30459258.0,168621122.0,3,0.971478,1,-1.6014,28.130893,1.572563,0.728164,54.57756,0,2009-12-31,1519434717.64,53714166530.18,52628329801.77,49359612807.7,1901690098.1,1956678485.59,437243767.95,1515376773.56,3084166615.78,233595151.75,7225842031.05,11844282083.17,61479724781.49,73324006864.66,35173826176.73,10796025791.7,45969851968.43,27354154896.23,7933834301.88,-2795286638.06,-4284310114.35,853828118.7,2010-03-31
2010-05-05,sh.600005,5.49,5.51,5.32,5.5,5.53,40605456.0,220263949.0,3,1.295084,1,-0.5425,27.978284,1.564031,0.724214,54.281479,0,2009-12-31,1519434717.64,53714166530.18,52628329801.77,49359612807.7,1901690098.1,1956678485.59,437243767.95,1515376773.56,3084166615.78,233595151.75,7225842031.05,11844282083.17,61479724781.49,73324006864.66,35173826176.73,10796025791.7,45969851968.43,27354154896.23,7933834301.88,-2795286638.06,-4284310114.35,853828118.7,2010-03-31
2010-05-06,sh.600005,5.45,5.45,5.23,5.25,5.5,34874610.0,186630940.0,3,1.112303,1,-4.5455,26.706544,1.492939,0.691295,51.814139,0,2009-12-31,1519434717.64,53714166530.18,52628329801.77,49359612807.7,1901690098.1,1956678485.59,437243767.95,1515376773.56,3084166615.78,233595151.75,7225842031.05,11844282083.17,61479724781.49,73324006864.66,35173826176.73,10796025791.7,45969851968.43,27354154896.23,7933834301.88,-2795286638.06,-4284310114.35,853828118.7,2010-03-31
2010-05-07,sh.600005,5.14,5.18,5.03,5.1,5.25,40807894.0,208339493.0,3,1.301541,1,-2.8571,25.9435,1.450284,0.671544,50.333735,0,2009-12-31,1519434717.64,53714166530.18,52628329801.77,49359612807.7,1901690098.1,1956678485.59,437243767.95,1515376773.56,3084166615.78,233595151.75,7225842031.05,11844282083.17,61479724781.49,73324006864.66,35173826176.73,10796025791.7,45969851968.43,27354154896.23,7933834301.88,-2795286638.06,-4284310114.35,853828118.7,2010-03-31
2010-05-10,sh.600005,5.09,5.15,5.0,5.13,5.1,31339568.0,159512376.0,3,0.999555,1,0.5882,26.096109,1.458815,0.675494,50.629816,0,2009-12-31,1519434717.64,53714166530.18,52628329801.77,49359612807.7,1901690098.1,1956678485.59,437243767.95,1515376773.56,3084166615.78,233595151.75,7225842031.05,11844282083.17,61479724781.49,73324006864.66,35173826176.73,10796025791.7,45969851968.43,27354154896.23,7933834301.88,-2795286638.06,-4284310114.35,853828118.7,2010-03-31
2010-05-11,sh.600005,5.21,5.28,5.08,5.09,5.13,45339823.0,235433011.0,3,1.446084,1,-0.7797,25.89263,1.44744,0.670227,50.235042,0,2009-12-31,1519434717.64,53714166530.18,52628329801.77,49359612807.7,1901690098.1,1956678485.59,437243767.95,1515376773.56,3084166615.78,233595151.75,7225842031.05,11844282083.17,61479724781.49,73324006864.66,35173826176.73,10796025791.7,45969851968.43,27354154896.23,7933834301.88,-2795286638.06,-4284310114.35,853828118.7,2010-03-31
2010-05-12,sh.600005,5.04,5.18,4.98,5.13,5.09,37989034.0,192778030.0,3,1.211635,1,0.7859,26.096109,1.458815,0.675494,50.629816,0,2009-12-31,1519434717.64,53714166530.18,52628329801.77,49359612807.7,1901690098.1,1956678485.59,437243767.95,1515376773.56,3084166615.78,233595151.75,7225842031.05,11844282083.17,61479724781.49,73324006864.66,35173826176.73,10796025791.7,45969851968.43,27354154896.23,7933834301.88,-2795286638.06,-4284310114.35,853828118.7,2010-03-31
2010-05-13,sh.600005,5.13,5.19,5.07,5.19,5.13,38435896.0,197696223.0,3,1.225888,1,1.1696,26.401327,1.475877,0.683395,51.221978,0,2009-12-31,1519434717.64,53714166530.18,52628329801.77,49359612807.7,1901690098.1,1956678485.59,437243767.95,1515376773.56,3084166615.78,233595151.75,7225842031.05,11844282083.17,61479724781.49,73324006864.66,35173826176.73,10796025791.7,45969851968.43,27354154896.23,7933834301.88,-2795286638.06,-4284310114.35,853828118.7,2010-03-31
2010-05-14,sh.600005,5.15,5.15,5.05,5.09,5.19,32857138.0,167611446.0,3,1.047957,1,-1.9268,25.89263,1.44744,0.670227,50.235042,0,2009-12-31,1519434717.64,53714166530.18,52628329801.77,49359612807.7,1901690098.1,1956678485.59,437243767.95,1515376773.56,3084166615.78,233595151.75,7225842031.05,11844282083.17,61479724781.49,73324006864.66,35173826176.73,10796025791.7,45969851968.43,27354154896.23,7933834301.88,-2795286638.06,-4284310114.35,853828118.7,2010-03-31
2010-05-17,sh.600005,5.03,5.04,4.74,4.76,5.09,47001723.0,230389421.0,3,1.499089,1,-6.4833,24.213933,1.353598,0.626774,46.978153,0,2009-12-31,1519434717.64,53714166530.18,52628329801.77,49359612807.7,1901690098.1,1956678485.59,437243767.95,1515376773.56,3084166615.78,233595151.75,7225842031.05,11844282083.17,61479724781.49,73324006864.66,35173826176.73,10796025791.7,45969851968.43,27354154896.23,7933834301.88,-2795286638.06,-4284310114.35,853828118.7,2010-03-31
2010-05-18,sh.600005,4.76,4.93,4.71,4.9,4.76,35922769.0,173327328.0,3,1.145733,1,2.9412,24.926108,1.39341,0.645209,48.359863,0,2009-12-31,1519434717.64,53714166530.18,52628329801.77,49359612807.7,1901690098.1,1956678485.59,437243767.95,1515376773.56,3084166615.78,233595151.75,7225842031.05,11844282083.17,61479724781.49,73324006864.66,35173826176.73,10796025791.7,45969851968.43,27354154896.23,7933834301.88,-2795286638.06,-4284310114.35,853828118.7,2010-03-31
2010-05-19,sh.600005,4.85,4.94,4.79,4.84,4.9,30952982.0,150473508.0,3,0.987225,1,-1.2245,24.62089,1.376348,0.637308,47.767702,0,2009-12-31,1519434717.64,53714166530.18,52628329801.77,49359612807.7,1901690098.1,1956678485.59,437243767.95,1515376773.56,3084166615.78,233595151.75,7225842031.05,11844282083.17,61479724781.49,73324006864.66,35173826176.73,10796025791.7,45969851968.43,27354154896.23,7933834301.88,-2795286638.06,-4284310114.35,853828118.7,2010-03-31
2010-05-20,sh.600005,4.79,4.95,4.78,4.82,4.84,35642598.0,173162457.0,3,1.136797,1,-0.4132,24.519151,1.37066,0.634675,47.570315,0,2009-12-31,1519434717.64,53714166530.18,52628329801.77,49359612807.7,1901690098.1,1956678485.59,437243767.95,1515376773.56,3084166615.78,233595151.75,7225842031.05,11844282083.17,61479724781.49,73324006864.66,35173826176.73,10796025791.7,45969851968.43,27354154896.23,7933834301.88,-2795286638.06,-4284310114.35,853828118.7,2010-03-31
2010-05-21,sh.600005,4.82,4.82,4.82,4.82,4.82,0.0,0.0,3,,0,0.0,24.519151,1.37066,0.634675,47.570315,0,2009-12-31,1519434717.64,53714166530.18,52628329801.77,49359612807.7,1901690098.1,1956678485.59,437243767.95,1515376773.56,3084166615.78,233595151.75,7225842031.05,11844282083.17,61479724781.49,73324006864.66,35173826176.73,10796025791.7,45969851968.43,27354154896.23,7933834301.88,-2795286638.06,-4284310114.35,853828118.7,2010-03-31
2010-05-24,sh.600005,4.93,5.14,4.91,5.11,4.82,73410974.0,369213459.0,3,2.341395,1,6.0166,25.99437,1.453127,0.67286,50.432429,0,2009-12-31,1519434717.64,53714166530.18,52628329801.77,49359612807.7,1901690098.1,1956678485.59,437243767.95,1515376773.56,3084166615.78,233595151.75,7225842031.05,11844282083.17,61479724781.49,73324006864.66,35173826176.73,10796025791.7,45969851968.43,27354154896.23,7933834301.88,-2795286638.06,-4284310114.35,853828118.7,2010-03-31
2010-05-25,sh.600005,5.08,5.11,4.99,5.01,5.11,44991364.0,226470443.0,3,1.43497,1,-1.9569,25.485674,1.42469,0.659693,49.445493,0,2009-12-31,1519434717.64,53714166530.18,52628329801.77,49359612807.7,1901690098.1,1956678485.59,437243767.95,1515376773.56,3084166615.78,233595151.75,7225842031.05,11844282083.17,61479724781.49,73324006864.66,35173826176.73,10796025791.7,45969851968.43,27354154896.23,7933834301.88,-2795286638.06,-4284310114.35,853828118.7,2010-03-31
2010-05-26,sh.600005,5.03,5.07,4.97,4.99,5.01,24346351.0,122072506.0,3,0.776511,1,-0.3992,25.383934,1.419003,0.657059,49.248106,0,2009-12-31,1519434717.64,53714166530.18,52628329801.77,49359612807.7,1901690098.1,1956678485.59,437243767.95,1515376773.56,3084166615.78,233595151.75,7225842031.05,11844282083.17,61479724781.49,73324006864.66,35173826176.73,10796025791.7,45969851968.43,27354154896.23,7933834301.88,-2795286638.06,-4284310114.35,853828118.7,2010-03-31
2010-05-27,sh.600005,4.99,5.07,4.88,5.06,4.99,35087630.0,175314967.0,3,1.119097,1,1.4028,25.740022,1.438909,0.666277,49.938961,0,2009-12-31,1519434717.64,53714166530.18,52628329801.77,49359612807.7,1901690098.1,1956678485.59,437243767.95,1515376773.56,3084166615.78,233595151.75,7225842031.05,11844282083.17,61479724781.49,73324006864.66,35173826176.73,10796025791.7,45969851968.43,27354154896.23,7933834301.88,-2795286638.06,-4284310114.35,853828118.7,2010-03-31
2010-05-28,sh.600005,5.09,5.1,4.98,5.01,5.06,31155747.0,156833792.0,3,0.993692,1,-0.9881,25.485674,1.42469,0.659693,49.445493,0,2009-12-31,1519434717.64,53714166530.18,52628329801.77,49359612807.7,1901690098.1,1956678485.59,437243767.95,1515376773.56,3084166615.78,233595151.75,7225842031.05,11844282083.17,61479724781.49,73324006864.66,35173826176.73,10796025791.7,45969851968.43,27354154896.23,7933834301.88,-2795286638.06,-4284310114.35,853828118.7,2010-03-31
2010-05-31,sh.600005,4.96,4.99,4.83,4.84,5.01,28217746.0,138687002.0,3,0.899986,1,-3.3932,24.62089,1.376348,0.637308,47.767702,0,2009-12-31,1519434717.64,53714166530.18,52628329801.77,49359612807.7,1901690098.1,1956678485.59,437243767.95,1515376773.56,3084166615.78,233595151.75,7225842031.05,11844282083.17,61479724781.49,73324006864.66,35173826176.73,10796025791.7,45969851968.43,27354154896.23,7933834301.88,-2795286638.06,-4284310114.35,853828118.7,2010-03-31
2010-06-01,sh.600005,4.8,4.85,4.72,4.78,4.84,25592797.0,122260788.0,3,0.816265,1,-1.2397,24.315673,1.359286,0.629408,47.17554,0,2009-12-31,1519434717.64,53714166530.18,52628329801.77,49359612807.7,1901690098.1,1956678485.59,437243767.95,1515376773.56,3084166615.78,233595151.75,7225842031.05,11844282083.17,61479724781.49,73324006864.66,35173826176.73,10796025791.7,45969851968.43,27354154896.23,7933834301.88,-2795286638.06,-4284310114.35,853828118.7,2010-03-31
2010-06-02,sh.600005,4.77,4.84,4.74,4.83,4.78,15984110.0,76477905.0,3,0.509803,1,1.046,24.570021,1.373504,0.635991,47.669008,0,2009-12-31,1519434717.64,53714166530.18,52628329801.77,49359612807.7,1901690098.1,1956678485.59,437243767.95,1515376773.56,3084166615.78,233595151.75,7225842031.05,11844282083.17,61479724781.49,73324006864.66,35173826176.73,10796025791.7,45969851968.43,27354154896.23,7933834301.88,-2795286638.06,-4284310114.35,853828118.7,2010-03-31
2010-06-03,sh.600005,4.85,4.88,4.78,4.78,4.83,20566248.0,99174984.0,3,0.655947,1,-1.0352,24.315673,1.359286,0.629408,47.17554,0,2009-12-31,1519434717.64,53714166530.18,52628329801.77,49359612807.7,1901690098.1,1956678485.59,437243767.95,1515376773.56,3084166615.78,233595151.75,7225842031.05,11844282083.17,61479724781.49,73324006864.66,35173826176.73,10796025791.7,45969851968.43,27354154896.23,7933834301.88,-2795286638.06,-4284310114.35,853828118.7,2010-03-31
2010-06-04,sh.600005,4.76,4.78,4.69,4.74,4.78,22225002.0,105170304.0,3,0.708852,1,-0.8368,24.112194,1.347911,0.624141,46.780766,0,2009-12-31,1519434717.64,53714166530.18,52628329801.77,49359612807.7,1901690098.1,1956678485.59,437243767.95,1515376773.56,3084166615.78,233595151.75,7225842031.05,11844282083.17,61479724781.49,73324006864.66,35173826176.73,10796025791.7,45969851968.43,27354154896.23,7933834301.88,-2795286638.06,-4284310114.35,853828118.7,2010-03-31
2010-06-07,sh.600005,4.66,4.66,4.59,4.61,4.74,23844817.0,110236378.0,3,0.760515,1,-2.7426,23.450889,1.310943,0.607023,45.497749,0,2009-12-31,1519434717.64,53714166530.18,52628329801.77,49359612807.7,1901690098.1,1956678485.59,437243767.95,1515376773.56,3084166615.78,233595151.75,7225842031.05,11844282083.17,61479724781.49,73324006864.66,35173826176.73,10796025791.7,45969851968.43,27354154896.23,7933834301.88,-2795286638.06,-4284310114.35,853828118.7,2010-03-31
2010-06-08,sh.600005,4.6,4.65,4.58,4.61,4.61,20340490.0,93752306.0,3,0.648747,1,0.0,23.450889,1.310943,0.607023,45.497749,0,2009-12-31,1519434717.64,53714166530.18,52628329801.77,49359612807.7,1901690098.1,1956678485.59,437243767.95,1515376773.56,3084166615.78,233595151.75,7225842031.05,11844282083.17,61479724781.49,73324006864.66,35173826176.73,10796025791.7,45969851968.43,27354154896.23,7933834301.88,-2795286638.06,-4284310114.35,853828118.7,2010-03-31
2010-06-09,sh.600005,4.63,4.76,4.53,4.74,4.61,48546540.0,225735386.0,3,1.54836,1,2.819949,24.112194,1.347911,0.624141,46.780766,0,2009-12-31,1519434717.64,53714166530.18,52628329801.77,49359612807.7,1901690098.1,1956678485.59,437243767.95,1515376773.56,3084166615.78,233595151.75,7225842031.05,11844282083.17,61479724781.49,73324006864.66,35173826176.73,10796025791.7,45969851968.43,27354154896.23,7933834301.88,-2795286638.06,-4284310114.35,853828118.7,2010-03-31
2010-06-10,sh.600005,4.68,4.69,4.59,4.6,4.74,35888811.0,166497902.0,3,1.14465,1,-2.9536,23.40002,1.308099,0.605706,45.399055,0,2009-12-31,1519434717.64,53714166530.18,52628329801.77,49359612807.7,1901690098.1,1956678485.59,437243767.95,1515376773.56,3084166615.78,233595151.75,7225842031.05,11844282083.17,61479724781.49,73324006864.66,35173826176.73,10796025791.7,45969851968.43,27354154896.23,7933834301.88,-2795286638.06,-4284310114.35,853828118.7,2010-03-31
2010-06-11,sh.600005,4.63,4.74,4.59,4.67,4.6,38016815.0,176903825.0,3,1.212521,1,1.5217,23.756107,1.328005,0.614923,46.089911,0,2009-12-31,1519434717.64,53714166530.18,52628329801.77,49359612807.7,1901690098.1,1956678485.59,437243767.95,1515376773.56,3084166615.78,233595151.75,7225842031.05,11844282083.17,61479724781.49,73324006864.66,35173826176.73,10796025791.7,45969851968.43,27354154896.23,7933834301.88,-2795286638.06,-4284310114.35,853828118.7,2010-03-31
2010-06-17,sh.600005,4.7,4.71,4.63,4.63,4.67,21975602.0,102450080.0,3,0.700897,1,-0.8565,23.552628,1.31663,0.609656,45.695136,0,2009-12-31,1519434717.64,53714166530.18,52628329801.77,49359612807.7,1901690098.1,1956678485.59,437243767.95,1515376773.56,3084166615.78,233595151.75,7225842031.05,11844282083.17,61479724781.49,73324006864.66,35173826176.73,10796025791.7,45969851968.43,27354154896.23,7933834301.88,-2795286638.06,-4284310114.35,853828118.7,2010-03-31
2010-06-18,sh.600005,4.65,4.72,4.6,4.6,4.63,29224809.0,136056259.0,3,0.932106,1,-0.6479,23.40002,1.308099,0.605706,45.399055,0,2009-12-31,1519434717.64,53714166530.18,52628329801.77,49359612807.7,1901690098.1,1956678485.59,437243767.95,1515376773.56,3084166615.78,233595151.75,7225842031.05,11844282083.17,61479724781.49,73324006864.66,35173826176.73,10796025791.7,45969851968.43,27354154896.23,7933834301.88,-2795286638.06,-4284310114.35,853828118.7,2010-03-31
2010-06-21,sh.600005,4.61,4.76,4.6,4.74,4.6,36286624.0,170601846.0,3,1.157338,1,3.0435,24.112194,1.347911,0.624141,46.780766,0,2009-12-31,1519434717.64,53714166530.18,52628329801.77,49359612807.7,1901690098.1,1956678485.59,437243767.95,1515376773.56,3084166615.78,233595151.75,7225842031.05,11844282083.17,61479724781.49,73324006864.66,35173826176.73,10796025791.7,45969851968.43,27354154896.23,7933834301.88,-2795286638.06,-4284310114.35,853828118.7,2010-03-31
2010-06-22,sh.600005,4.72,4.78,4.7,4.78,4.74,30151452.0,143187093.0,3,0.961661,1,0.8439,24.315673,1.359286,0.629408,47.17554,0,2009-12-31,1519434717.64,53714166530.18,52628329801.77,49359612807.7,1901690098.1,1956678485.59,437243767.95,1515376773.56,3084166615.78,233595151.75,7225842031.05,11844282083.17,61479724781.49,73324006864.66,35173826176.73,10796025791.7,45969851968.43,27354154896.23,7933834301.88,-2795286638.06,-4284310114.35,853828118.7,2010-03-31
2010-06-23,sh.600005,4.64,4.66,4.58,4.62,4.68,23696379.0,109317930.0,3,0.75578,1,-1.2821,23.501759,1.313786,0.60834,45.596443,0,2009-12-31,1519434717.64,53714166530.18,52628329801.77,49359612807.7,1901690098.1,1956678485.59,437243767.95,1515376773.56,3084166615.78,233595151.75,7225842031.05,11844282083.17,61479724781.49,73324006864.66,35173826176.73,10796025791.7,45969851968.43,27354154896.23,7933834301.88,-2795286638.06,-4284310114.35,853828118.7,2010-03-31
2010-06-24,sh.600005,4.6,4.64,4.55,4.58,4.62,17844303.0,81786390.0,3,0.569132,1,-0.8658,23.29828,1.302412,0.603073,45.201668,0,2009-12-31,1519434717.64,53714166530.18,52628329801.77,49359612807.7,1901690098.1,1956678485.59,437243767.95,1515376773.56,3084166615.78,233595151.75,7225842031.05,11844282083.17,61479724781.49,73324006864.66,35173826176.73,10796025791.7,45969851968.43,27354154896.23,7933834301.88,-2795286638.06,-4284310114.35,853828118.7,2010-03-31
2010-06-25,sh.600005,4.57,4.57,4.5,4.53,4.58,19112063.0,86502216.0,3,0.609567,1,-1.0917,23.043932,1.288193,0.596489,44.7082,0,2009-12-31,1519434717.64,53714166530.18,52628329801.77,49359612807.7,1901690098.1,1956678485.59,437243767.95,1515376773.56,3084166615.78,233595151.75,7225842031.05,11844282083.17,61479724781.49,73324006864.66,35173826176.73,10796025791.7,45969851968.43,27354154896.23,7933834301.88,-2795286638.06,-4284310114.35,853828118.7,2010-03-31
2010-06-28,sh.600005,4.53,4.55,4.49,4.51,4.53,15556923.0,70277502.0,3,0.496178,1,-0.4415,22.942193,1.282506,0.593855,44.510813,0,2009-12-31,1519434717.64,53714166530.18,52628329801.77,49359612807.7,1901690098.1,1956678485.59,437243767.95,1515376773.56,3084166615.78,233595151.75,7225842031.05,11844282083.17,61479724781.49,73324006864.66,35173826176.73,10796025791.7,45969851968.43,27354154896.23,7933834301.88,-2795286638.06,-4284310114.35,853828118.7,2010-03-31
2010-06-29,sh.600005,4.52,4.54,4.31,4.32,4.51,28429941.0,125895957.0,3,0.906754,1,-4.2129,21.975671,1.228476,0.568837,42.635635,0,2009-12-31,1519434717.64,53714166530.18,52628329801.77,49359612807.7,1901690098.1,1956678485.59,437243767.95,1515376773.56,3084166615.78,233595151.75,7225842031.05,11844282083.17,61479724781.49,73324006864.66,35173826176.73,10796025791.7,45969851968.43,27354154896.23,7933834301.88,-2795286638.06,-4284310114.35,853828118.7,2010-03-31
2010-06-30,sh.600005,4.32,4.37,4.25,4.29,4.32,21428092.0,91928854.0,3,0.683435,1,-0.6944,21.823062,1.219945,0.564887,42.339554,0,2010-03-31,288253411.9,16725322232.01,16339514115.23,15352671844.55,397829232.99,391567249.76,103313837.86,287962000.5,2617322678.13,578771631.81,8495351716.02,12868348427.33,61066123322.87,73934471750.2,35632777471.12,10656354280.42,46289131751.54,27645339998.66,1028606479.04,-579786657.91,-915495580.26,-466843937.65,2010-06-30
2010-07-01,sh.600005,4.28,4.33,4.25,4.26,4.29,15471777.0,66378658.0,3,0.493462,1,-0.6993,21.670453,1.211413,0.560937,42.043473,0,2010-03-31,288253411.9,16725322232.01,16339514115.23,15352671844.55,397829232.99,391567249.76,103313837.86,287962000.5,2617322678.13,578771631.81,8495351716.02,12868348427.33,61066123322.87,73934471750.2,35632777471.12,10656354280.42,46289131751.54,27645339998.66,1028606479.04,-579786657.91,-915495580.26,-466843937.65,2010-06-30
2010-07-02,sh.600005,4.25,4.34,4.18,4.32,4.26,24633041.0,104968576.0,3,0.785655,1,1.4085,21.975671,1.228476,0.568837,42.635635,0,2010-03-31,288253411.9,16725322232.01,16339514115.23,15352671844.55,397829232.99,391567249.76,103313837.86,287962000.5,2617322678.13,578771631.81,8495351716.02,12868348427.33,61066123322.87,73934471750.2,35632777471.12,10656354280.42,46289131751.54,27645339998.66,1028606479.04,-579786657.91,-915495580.26,-466843937.65,2010-06-30
2010-07-05,sh.600005,4.27,4.34,4.19,4.29,4.32,21282809.0,90780575.0,3,0.678801,1,-0.6944,21.823062,1.219945,0.564887,42.339554,0,2010-03-31,288253411.9,16725322232.01,16339514115.23,15352671844.55,397829232.99,391567249.76,103313837.86,287962000.5,2617322678.13,578771631.81,8495351716.02,12868348427.33,61066123322.87,73934471750.2,35632777471.12,10656354280.42,46289131751.54,27645339998.66,1028606479.04,-579786657.91,-915495580.26,-466843937.65,2010-06-30
2010-07-06,sh.600005,4.26,4.35,4.25,4.33,4.29,21175897.0,91250908.0,3,0.675391,1,0.9324,22.02654,1.231319,0.570154,42.734328,0,2010-03-31,288253411.9,16725322232.01,16339514115.23,15352671844.55,397829232.99,391567249.76,103313837.86,287962000.5,2617322678.13,578771631.81,8495351716.02,12868348427.33,61066123322.87,73934471750.2,35632777471.12,10656354280.42,46289131751.54,27645339998.66,1028606479.04,-579786657.91,-915495580.26,-466843937.65,2010-06-30
2010-07-07,sh.600005,4.31,4.34,4.28,4.34,4.33,17463887.0,75279344.0,3,0.556999,1,0.2309,22.07741,1.234163,0.571471,42.833022,0,2010-03-31,288253411.9,16725322232.01,16339514115.23,15352671844.55,397829232.99,391567249.76,103313837.86,287962000.5,2617322678.13,578771631.81,8495351716.02,12868348427.33,61066123322.87,73934471750.2,35632777471.12,10656354280.42,46289131751.54,27645339998.66,1028606479.04,-579786657.91,-915495580.26,-466843937.65,2010-06-30
2010-07-08,sh.600005,4.36,4.37,4.29,4.31,4.34,17311755.0,74834961.0,3,0.552147,1,-0.6912,21.924801,1.225632,0.56752,42.536941,0,2010-03-31,288253411.9,16725322232.01,16339514115.23,15352671844.55,397829232.99,391567249.76,103313837.86,287962000.5,2617322678.13,578771631.81,8495351716.02,12868348427.33,61066123322.87,73934471750.2,35632777471.12,10656354280.42,46289131751.54,27645339998.66,1028606479.04,-579786657.91,-915495580.26,-466843937.65,2010-06-30
2010-07-09,sh.600005,4.32,4.58,4.28,4.48,4.31,52192553.0,231917664.0,3,1.664647,1,3.9443,22.789584,1.273975,0.589905,44.214732,0,2010-03-31,288253411.9,16725322232.01,16339514115.23,15352671844.55,397829232.99,391567249.76,103313837.86,287962000.5,2617322678.13,578771631.81,8495351716.02,12868348427.33,61066123322.87,73934471750.2,35632777471.12,10656354280.42,46289131751.54,27645339998.66,1028606479.04,-579786657.91,-915495580.26,-466843937.65,2010-06-30
2010-07-12,sh.600005,4.47,4.54,4.44,4.51,4.48,32474652.0,145868620.0,3,1.035758,1,0.6696,22.942193,1.282506,0.593855,44.510813,0,2010-03-31,288253411.9,16725322232.01,16339514115.23,15352671844.55,397829232.99,391567249.76,103313837.86,287962000.5,2617322678.13,578771631.81,8495351716.02,12868348427.33,61066123322.87,73934471750.2,35632777471.12,10656354280.42,46289131751.54,27645339998.66,1028606479.04,-579786657.91,-915495580.26,-466843937.65,2010-06-30
2010-07-13,sh.600005,4.48,4.48,4.38,4.4,4.51,19388240.0,85640772.0,3,0.618375,1,-2.439,22.382627,1.251225,0.579371,43.425183,0,2010-03-31,288253411.9,16725322232.01,16339514115.23,15352671844.55,397829232.99,391567249.76,103313837.86,287962000.5,2617322678.13,578771631.81,8495351716.02,12868348427.33,61066123322.87,73934471750.2,35632777471.12,10656354280.42,46289131751.54,27645339998.66,1028606479.04,-579786657.91,-915495580.26,-466843937.65,2010-06-30
2010-07-14,sh.600005,4.4,4.48,4.4,4.42,4.4,18321200.0,81219379.0,3,0.584343,1,0.4545,22.484367,1.256913,0.582005,43.622571,0,2010-03-31,288253411.9,16725322232.01,16339514115.23,15352671844.55,397829232.99,391567249.76,103313837.86,287962000.5,2617322678.13,578771631.81,8495351716.02,12868348427.33,61066123322.87,73934471750.2,35632777471.12,10656354280.42,46289131751.54,27645339998.66,1028606479.04,-579786657.91,-915495580.26,-466843937.65,2010-06-30
2010-07-15,sh.600005,4.37,4.45,4.33,4.33,4.42,17714512.0,77825488.0,3,0.564993,1,-2.0362,22.02654,1.231319,0.570154,42.734328,0,2010-03-31,288253411.9,16725322232.01,16339514115.23,15352671844.55,397829232.99,391567249.76,103313837.86,287962000.5,2617322678.13,578771631.81,8495351716.02,12868348427.33,61066123322.87,73934471750.2,35632777471.12,10656354280.42,46289131751.54,27645339998.66,1028606479.04,-579786657.91,-915495580.26,-466843937.65,2010-06-30
2010-07-16,sh.600005,4.33,4.4,4.28,4.36,4.33,19010933.0,82221464.0,3,0.606341,1,0.692846,22.179149,1.23985,0.574104,43.030409,0,2010-03-31,288253411.9,16725322232.01,16339514115.23,15352671844.55,397829232.99,391567249.76,103313837.86,287962000.5,2617322678.13,578771631.81,8495351716.02,12868348427.33,61066123322.87,73934471750.2,35632777471.12,10656354280.42,46289131751.54,27645339998.66,1028606479.04,-579786657.91,-915495580.26,-466843937.65,2010-06-30
2010-07-19,sh.600005,4.32,4.48,4.3,4.45,4.36,29604988.0,130634230.0,3,0.944232,1,2.0642,22.636976,1.265444,0.585955,43.918651,0,2010-03-31,288253411.9,16725322232.01,16339514115.23,15352671844.55,397829232.99,391567249.76,103313837.86,287962000.5,2617322678.13,578771631.81,8495351716.02,12868348427.33,61066123322.87,73934471750.2,35632777471.12,10656354280.42,46289131751.54,27645339998.66,1028606479.04,-579786657.91,-915495580.26,-466843937.65,2010-06-30
2010-07-20,sh.600005,4.47,4.57,4.45,4.54,4.45,44944632.0,203026626.0,3,1.433479,1,2.0225,23.094802,1.291037,0.597806,44.806894,0,2010-03-31,288253411.9,16725322232.01,16339514115.23,15352671844.55,397829232.99,391567249.76,103313837.86,287962000.5,2617322678.13,578771631.81,8495351716.02,12868348427.33,61066123322.87,73934471750.2,35632777471.12,10656354280.42,46289131751.54,27645339998.66,1028606479.04,-579786657.91,-915495580.26,-466843937.65,2010-06-30
2010-07-21,sh.600005,4.58,4.68,4.54,4.6,4.54,62732888.0,289088628.0,3,2.000824,1,1.3216,23.40002,1.308099,0.605706,45.399055,0,2010-03-31,288253411.9,16725322232.01,16339514115.23,15352671844.55,397829232.99,391567249.76,103313837.86,287962000.5,2617322678.13,578771631.81,8495351716.02,12868348427.33,61066123322.87,73934471750.2,35632777471.12,10656354280.42,46289131751.54,27645339998.66,1028606479.04,-579786657.91,-915495580.26,-466843937.65,2010-06-30
2010-07-22,sh.600005,4.63,4.72,4.61,4.66,4.6,60263818.0,281355552.0,3,1.922075,1,1.3043,23.705237,1.325161,0.613607,45.991217,0,2010-03-31,288253411.9,16725322232.01,16339514115.23,15352671844.55,397829232.99,391567249.76,103313837.86,287962000.5,2617322678.13,578771631.81,8495351716.02,12868348427.33,61066123322.87,73934471750.2,35632777471.12,10656354280.42,46289131751.54,27645339998.66,1028606479.04,-579786657.91,-915495580.26,-466843937.65,2010-06-30
2010-07-23,sh.600005,4.68,4.69,4.59,4.63,4.66,39670282.0,183735366.0,3,1.265258,1,-0.6438,23.552628,1.31663,0.609656,45.695136,0,2010-03-31,288253411.9,16725322232.01,16339514115.23,15352671844.55,397829232.99,391567249.76,103313837.86,287962000.5,2617322678.13,578771631.81,8495351716.02,12868348427.33,61066123322.87,73934471750.2,35632777471.12,10656354280.42,46289131751.54,27645339998.66,1028606479.04,-579786657.91,-915495580.26,-466843937.65,2010-06-30
2010-07-26,sh.600005,4.65,4.68,4.57,4.67,4.63,32090480.0,148756149.0,3,1.023505,1,0.8639,23.756107,1.328005,0.614923,46.089911,0,2010-03-31,288253411.9,16725322232.01,16339514115.23,15352671844.55,397829232.99,391567249.76,103313837.86,287962000.5,2617322678.13,578771631.81,8495351716.02,12868348427.33,61066123322.87,73934471750.2,35632777471.12,10656354280.42,46289131751.54,27645339998.66,1028606479.04,-579786657.91,-915495580.26,-466843937.65,2010-06-30
2010-07-27,sh.600005,4.65,4.65,4.58,4.59,4.67,37049201.0,170435779.0,3,1.18166,1,-1.7131,23.34915,1.305255,0.604389,45.300362,0,2010-03-31,288253411.9,16725322232.01,16339514115.23,15352671844.55,397829232.99,391567249.76,103313837.86,287962000.5,2617322678.13,578771631.81,8495351716.02,12868348427.33,61066123322.87,73934471750.2,35632777471.12,10656354280.42,46289131751.54,27645339998.66,1028606479.04,-579786657.91,-915495580.26,-466843937.65,2010-06-30
2010-07-28,sh.600005,4.59,4.77,4.57,4.77,4.59,60875457.0,285293739.0,3,1.941583,1,3.9216,24.264803,1.356442,0.628091,47.076847,0,2010-03-31,288253411.9,16725322232.01,16339514115.23,15352671844.55,397829232.99,391567249.76,103313837.86,287962000.5,2617322678.13,578771631.81,8495351716.02,12868348427.33,61066123322.87,73934471750.2,35632777471.12,10656354280.42,46289131751.54,27645339998.66,1028606479.04,-579786657.91,-915495580.26,-466843937.65,2010-06-30
2010-07-29,sh.600005,4.77,5.02,4.75,4.92,4.77,109310497.0,535347215.0,3,3.486386,1,3.1447,25.027847,1.399097,0.647842,48.557251,0,2010-03-31,288253411.9,16725322232.01,16339514115.23,15352671844.55,397829232.99,391567249.76,103313837.86,287962000.5,2617322678.13,578771631.81,8495351716.02,12868348427.33,61066123322.87,73934471750.2,35632777471.12,10656354280.42,46289131751.54,27645339998.66,1028606479.04,-579786657.91,-915495580.26,-466843937.65,2010-06-30
2010-07-30,sh.600005,4.89,4.97,4.83,4.93,4.92,52770731.0,258858651.0,3,1.683088,1,0.2033,25.078717,1.401941,0.649159,48.655944,0,2010-03-31,288253411.9,16725322232.01,16339514115.23,15352671844.55,397829232.99,391567249.76,103313837.86,287962000.5,2617322678.13,578771631.81,8495351716.02,12868348427.33,61066123322.87,73934471750.2,35632777471.12,10656354280.42,46289131751.54,27645339998.66,1028606479.04,-579786657.91,-915495580.26,-466843937.65,2010-06-30
2010-08-02,sh.600005,4.93,5.0,4.88,4.99,4.93,52550664.0,260800929.0,3,1.676069,1,1.217,25.383934,1.419003,0.657059,49.248106,0,2010-03-31,288253411.9,16725322232.01,16339514115.23,15352671844.55,397829232.99,391567249.76,103313837.86,287962000.5,2617322678.13,578771631.81,8495351716.02,12868348427.33,61066123322.87,73934471750.2,35632777471.12,10656354280.42,46289131751.54,27645339998.66,1028606479.04,-579786657.91,-915495580.26,-466843937.65,2010-06-30
2010-08-03,sh.600005,5.0,5.02,4.83,4.85,4.99,44910403.0,221134728.0,3,1.432388,1,-2.8056,24.67176,1.379191,0.638625,47.866395,0,2010-03-31,288253411.9,16725322232.01,16339514115.23,15352671844.55,397829232.99,391567249.76,103313837.86,287962000.5,2617322678.13,578771631.81,8495351716.02,12868348427.33,61066123322.87,73934471750.2,35632777471.12,10656354280.42,46289131751.54,27645339998.66,1028606479.04,-579786657.91,-915495580.26,-466843937.65,2010-06-30
2010-08-04,sh.600005,4.83,4.87,4.72,4.83,4.85,38396829.0,184406739.0,3,1.224642,1,-0.4124,24.570021,1.373504,0.635991,47.669008,0,2010-03-31,288253411.9,16725322232.01,16339514115.23,15352671844.55,397829232.99,391567249.76,103313837.86,287962000.5,2617322678.13,578771631.81,8495351716.02,12868348427.33,61066123322.87,73934471750.2,35632777471.12,10656354280.42,46289131751.54,27645339998.66,1028606479.04,-579786657.91,-915495580.26,-466843937.65,2010-06-30
2010-08-05,sh.600005,4.83,4.83,4.69,4.74,4.83,39112574.0,186010841.0,3,1.24747,1,-1.8634,24.112194,1.347911,0.624141,46.780766,0,2010-03-31,288253411.9,16725322232.01,16339514115.23,15352671844.55,397829232.99,391567249.76,103313837.86,287962000.5,2617322678.13,578771631.81,8495351716.02,12868348427.33,61066123322.87,73934471750.2,35632777471.12,10656354280.42,46289131751.54,27645339998.66,1028606479.04,-579786657.91,-915495580.26,-466843937.65,2010-06-30
2010-08-06,sh.600005,4.73,4.83,4.69,4.82,4.74,38473771.0,183356813.0,3,1.227096,1,1.6878,24.519151,1.37066,0.634675,47.570315,0,2010-03-31,288253411.9,16725322232.01,16339514115.23,15352671844.55,397829232.99,391567249.76,103313837.86,287962000.5,2617322678.13,578771631.81,8495351716.02,12868348427.33,61066123322.87,73934471750.2,35632777471.12,10656354280.42,46289131751.54,27645339998.66,1028606479.04,-579786657.91,-915495580.26,-466843937.65,2010-06-30
2010-08-09,sh.600005,4.82,4.84,4.77,4.82,4.82,34375627.0,165251198.0,3,1.096388,1,0.0,24.519151,1.37066,0.634675,47.570315,0,2010-03-31,288253411.9,16725322232.01,16339514115.23,15352671844.55,397829232.99,391567249.76,103313837.86,287962000.5,2617322678.13,578771631.81,8495351716.02,12868348427.33,61066123322.87,73934471750.2,35632777471.12,10656354280.42,46289131751.54,27645339998.66,1028606479.04,-579786657.91,-915495580.26,-466843937.65,2010-06-30
2010-08-10,sh.600005,4.83,4.96,4.74,4.75,4.82,58039489.0,282056557.0,3,1.851131,1,-1.4523,24.163064,1.350754,0.625457,46.879459,0,2010-03-31,288253411.9,16725322232.01,16339514115.23,15352671844.55,397829232.99,391567249.76,103313837.86,287962000.5,2617322678.13,578771631.81,8495351716.02,12868348427.33,61066123322.87,73934471750.2,35632777471.12,10656354280.42,46289131751.54,27645339998.66,1028606479.04,-579786657.91,-915495580.26,-466843937.65,2010-06-30
2010-08-11,sh.600005,4.73,4.79,4.71,4.76,4.75,22388671.0,106280637.0,3,0.714072,1,0.2105,24.213933,1.353598,0.626774,46.978153,0,2010-03-31,288253411.9,16725322232.01,16339514115.23,15352671844.55,397829232.99,391567249.76,103313837.86,287962000.5,2617322678.13,578771631.81,8495351716.02,12868348427.33,61066123322.87,73934471750.2,35632777471.12,10656354280.42,46289131751.54,27645339998.66,1028606479.04,-579786657.91,-915495580.26,-466843937.65,2010-06-30
2010-08-12,sh.600005,4.71,4.76,4.64,4.65,4.76,29014084.0,136150540.0,3,0.925385,1,-2.3109,23.654368,1.322317,0.61229,45.892523,0,2010-03-31,288253411.9,16725322232.01,16339514115.23,15352671844.55,397829232.99,391567249.76,103313837.86,287962000.5,2617322678.13,578771631.81,8495351716.02,12868348427.33,61066123322.87,73934471750.2,35632777471.12,10656354280.42,46289131751.54,27645339998.66,1028606479.04,-579786657.91,-915495580.26,-466843937.65,2010-06-30
2010-08-13,sh.600005,4.65,4.73,4.61,4.72,4.65,24167209.0,112862195.0,3,0.770797,1,1.5054,24.010455,1.342223,0.621507,46.583379,0,2010-03-31,288253411.9,16725322232.01,16339514115.23,15352671844.55,397829232.99,391567249.76,103313837.86,287962000.5,2617322678.13,578771631.81,8495351716.02,12868348427.33,61066123322.87,73934471750.2,35632777471.12,10656354280.42,46289131751.54,27645339998.66,1028606479.04,-579786657.91,-915495580.26,-466843937.65,2010-06-30
2010-08-16,sh.600005,4.72,4.85,4.68,4.84,4.72,37276153.0,178670887.0,3,1.188898,1,2.5424,24.62089,1.376348,0.637308,47.767702,0,2010-03-31,288253411.9,16725322232.01,16339514115.23,15352671844.55,397829232.99,391567249.76,103313837.86,287962000.5,2617322678.13,578771631.81,8495351716.02,12868348427.33,61066123322.87,73934471750.2,35632777471.12,10656354280.42,46289131751.54,27645339998.66,1028606479.04,-579786657.91,-915495580.26,-466843937.65,2010-06-30
2010-08-17,sh.600005,4.87,4.93,4.82,4.85,4.84,37008697.0,180125094.0,3,1.180368,1,0.2066,24.67176,1.379191,0.638625,47.866395,0,2010-03-31,288253411.9,16725322232.01,16339514115.23,15352671844.55,397829232.99,391567249.76,103313837.86,287962000.5,2617322678.13,578771631.81,8495351716.02,12868348427.33,61066123322.87,73934471750.2,35632777471.12,10656354280.42,46289131751.54,27645339998.66,1028606479.04,-579786657.91,-915495580.26,-466843937.65,2010-06-30
2010-08-18,sh.600005,4.85,4.88,4.78,4.83,4.85,25226195.0,121864211.0,3,0.804573,1,-0.4124,24.570021,1.373504,0.635991,47.669008,0,2010-03-31,288253411.9,16725322232.01,16339514115.23,15352671844.55,397829232.99,391567249.76,103313837.86,287962000.5,2617322678.13,578771631.81,8495351716.02,12868348427.33,61066123322.87,73934471750.2,35632777471.12,10656354280.42,46289131751.54,27645339998.66,1028606479.04,-579786657.91,-915495580.26,-466843937.65,2010-06-30
2010-08-19,sh.600005,4.82,4.93,4.78,4.87,4.83,41975414.0,204110977.0,3,1.338778,1,0.8282,24.773499,1.384879,0.641258,48.063783,0,2010-03-31,288253411.9,16725322232.01,16339514115.23,15352671844.55,397829232.99,391567249.76,103313837.86,287962000.5,2617322678.13,578771631.81,8495351716.02,12868348427.33,61066123322.87,73934471750.2,35632777471.12,10656354280.42,46289131751.54,27645339998.66,1028606479.04,-579786657.91,-915495580.26,-466843937.65,2010-06-30
2010-08-20,sh.600005,4.83,4.85,4.72,4.73,4.87,34034698.0,162646689.0,3,1.085514,1,-2.8747,24.061325,1.345067,0.622824,46.682072,0,2010-03-31,288253411.9,16725322232.01,16339514115.23,15352671844.55,397829232.99,391567249.76,103313837.86,287962000.5,2617322678.13,578771631.81,8495351716.02,12868348427.33,61066123322.87,73934471750.2,35632777471.12,10656354280.42,46289131751.54,27645339998.66,1028606479.04,-579786657.91,-915495580.26,-466843937.65,2010-06-30
2010-08-23,sh.600005,4.75,4.8,4.71,4.72,4.73,24634381.0,116968139.0,3,0.785697,1,-0.2114,18.751884,1.346301,0.559388,-109.741728,0,2010-03-31,288253411.9,16725322232.01,16339514115.23,15352671844.55,397829232.99,391567249.76,103313837.86,287962000.5,2617322678.13,578771631.81,8495351716.02,12868348427.33,61066123322.87,73934471750.2,35632777471.12,10656354280.42,46289131751.54,27645339998.66,1028606479.04,-579786657.91,-915495580.26,-466843937.65,2010-06-30
2010-08-24,sh.600005,4.73,4.94,4.66,4.87,4.72,64404709.0,312597095.0,3,2.054146,1,3.178,19.347813,1.389086,0.577166,-113.229283,0,2010-03-31,288253411.9,16725322232.01,16339514115.23,15352671844.55,397829232.99,391567249.76,103313837.86,287962000.5,2617322678.13,578771631.81,8495351716.02,12868348427.33,61066123322.87,73934471750.2,35632777471.12,10656354280.42,46289131751.54,27645339998.66,1028606479.04,-579786657.91,-915495580.26,-466843937.65,2010-06-30
2010-08-25,sh.600005,4.83,4.84,4.68,4.7,4.87,45799013.0,217420196.0,3,1.460729,1,-3.4908,18.672427,1.340596,0.557018,-109.276721,0,2010-03-31,288253411.9,16725322232.01,16339514115.23,15352671844.55,397829232.99,391567249.76,103313837.86,287962000.5,2617322678.13,578771631.81,8495351716.02,12868348427.33,61066123322.87,73934471750.2,35632777471.12,10656354280.42,46289131751.54,27645339998.66,1028606479.04,-579786657.91,-915495580.26,-466843937.65,2010-06-30
2010-08-26,sh.600005,4.71,4.73,4.66,4.7,4.7,19532836.0,91571298.0,3,0.622987,1,0.0,18.672427,1.340596,0.557018,-109.276721,0,2010-03-31,288253411.9,16725322232.01,16339514115.23,15352671844.55,397829232.99,391567249.76,103313837.86,287962000.5,2617322678.13,578771631.81,8495351716.02,12868348427.33,61066123322.87,73934471750.2,35632777471.12,10656354280.42,46289131751.54,27645339998.66,1028606479.04,-579786657.91,-915495580.26,-466843937.65,2010-06-30
2010-08-27,sh.600005,4.68,4.71,4.65,4.69,4.7,14755178.0,69046950.0,3,0.470607,1,-0.2128,18.632699,1.337744,0.555833,-109.044217,0,2010-03-31,288253411.9,16725322232.01,16339514115.23,15352671844.55,397829232.99,391567249.76,103313837.86,287962000.5,2617322678.13,578771631.81,8495351716.02,12868348427.33,61066123322.87,73934471750.2,35632777471.12,10656354280.42,46289131751.54,27645339998.66,1028606479.04,-579786657.91,-915495580.26,-466843937.65,2010-06-30
2010-08-30,sh.600005,4.73,4.78,4.71,4.74,4.69,24942619.0,118270096.0,3,0.795528,1,1.0661,18.831342,1.352005,0.561759,-110.206736,0,2010-03-31,288253411.9,16725322232.01,16339514115.23,15352671844.55,397829232.99,391567249.76,103313837.86,287962000.5,2617322678.13,578771631.81,8495351716.02,12868348427.33,61066123322.87,73934471750.2,35632777471.12,10656354280.42,46289131751.54,27645339998.66,1028606479.04,-579786657.91,-915495580.26,-466843937.65,2010-06-30
2010-08-31,sh.600005,4.74,4.75,4.67,4.7,4.74,23403587.0,109879838.0,3,0.746442,1,-0.8439,18.672427,1.340596,0.557018,-109.276721,0,2010-03-31,288253411.9,16725322232.01,16339514115.23,15352671844.55,397829232.99,391567249.76,103313837.86,287962000.5,2617322678.13,578771631.81,8495351716.02,12868348427.33,61066123322.87,73934471750.2,35632777471.12,10656354280.42,46289131751.54,27645339998.66,1028606479.04,-579786657.91,-915495580.26,-466843937.65,2010-06-30
2010-09-01,sh.600005,4.7,4.81,4.68,4.7,4.7,37622630.0,178323342.0,3,1.199949,1,0.0,18.672427,1.340596,0.557018,-109.276721,0,2010-03-31,288253411.9,16725322232.01,16339514115.23,15352671844.55,397829232.99,391567249.76,103313837.86,287962000.5,2617322678.13,578771631.81,8495351716.02,12868348427.33,61066123322.87,73934471750.2,35632777471.12,10656354280.42,46289131751.54,27645339998.66,1028606479.04,-579786657.91,-915495580.26,-466843937.65,2010-06-30
2010-09-02,sh.600005,4.73,4.77,4.7,4.73,4.7,30225038.0,142954060.0,3,0.964008,1,0.6383,18.791613,1.349153,0.560574,-109.974232,0,2010-03-31,288253411.9,16725322232.01,16339514115.23,15352671844.55,397829232.99,391567249.76,103313837.86,287962000.5,2617322678.13,578771631.81,8495351716.02,12868348427.33,61066123322.87,73934471750.2,35632777471.12,10656354280.42,46289131751.54,27645339998.66,1028606479.04,-579786657.91,-915495580.26,-466843937.65,2010-06-30
2010-09-03,sh.600005,4.72,4.74,4.64,4.68,4.73,28533483.0,133391911.0,3,0.910057,1,-1.0571,18.59297,1.334891,0.554648,-108.811714,0,2010-03-31,288253411.9,16725322232.01,16339514115.23,15352671844.55,397829232.99,391567249.76,103313837.86,287962000.5,2617322678.13,578771631.81,8495351716.02,12868348427.33,61066123322.87,73934471750.2,35632777471.12,10656354280.42,46289131751.54,27645339998.66,1028606479.04,-579786657.91,-915495580.26,-466843937.65,2010-06-30
2010-09-06,sh.600005,4.75,4.99,4.72,4.93,4.68,104013486.0,505219448.0,3,3.317442,1,5.3419,19.586184,1.4062,0.584276,-114.624305,0,2010-03-31,288253411.9,16725322232.01,16339514115.23,15352671844.55,397829232.99,391567249.76,103313837.86,287962000.5,2617322678.13,578771631.81,8495351716.02,12868348427.33,61066123322.87,73934471750.2,35632777471.12,10656354280.42,46289131751.54,27645339998.66,1028606479.04,-579786657.91,-915495580.26,-466843937.65,2010-06-30
2010-09-07,sh.600005,4.93,5.08,4.91,4.97,4.93,90597059.0,452040702.0,3,2.889534,1,0.8114,19.745099,1.417609,0.589017,-115.55432,0,2010-03-31,288253411.9,16725322232.01,16339514115.23,15352671844.55,397829232.99,391567249.76,103313837.86,287962000.5,2617322678.13,578771631.81,8495351716.02,12868348427.33,61066123322.87,73934471750.2,35632777471.12,10656354280.42,46289131751.54,27645339998.66,1028606479.04,-579786657.91,-915495580.26,-466843937.65,2010-06-30
2010-09-08,sh.600005,4.97,4.97,4.97,4.97,4.97,0.0,0.0,3,,0,0.0,19.745099,1.417609,0.589017,-115.55432,0,2010-03-31,288253411.9,16725322232.01,16339514115.23,15352671844.55,397829232.99,391567249.76,103313837.86,287962000.5,2617322678.13,578771631.81,8495351716.02,12868348427.33,61066123322.87,73934471750.2,35632777471.12,10656354280.42,46289131751.54,27645339998.66,1028606479.04,-579786657.91,-915495580.26,-466843937.65,2010-06-30
2010-09-09,sh.600005,4.91,4.91,4.75,4.77,4.97,63054063.0,303511860.0,3,2.011068,1,-4.0241,18.950527,1.360562,0.565314,-110.904247,0,2010-03-31,288253411.9,16725322232.01,16339514115.23,15352671844.55,397829232.99,391567249.76,103313837.86,287962000.5,2617322678.13,578771631.81,8495351716.02,12868348427.33,61066123322.87,73934471750.2,35632777471.12,10656354280.42,46289131751.54,27645339998.66,1028606479.04,-579786657.91,-915495580.26,-466843937.65,2010-06-30
2010-09-10,sh.600005,4.77,4.79,4.66,4.75,4.77,34292740.0,161808800.0,3,1.093744,1,-0.4193,18.87107,1.354858,0.562944,-110.439239,0,2010-03-31,288253411.9,16725322232.01,16339514115.23,15352671844.55,397829232.99,391567249.76,103313837.86,287962000.5,2617322678.13,578771631.81,8495351716.02,12868348427.33,61066123322.87,73934471750.2,35632777471.12,10656354280.42,46289131751.54,27645339998.66,1028606479.04,-579786657.91,-915495580.26,-466843937.65,2010-06-30
2010-09-13,sh.600005,4.75,4.81,4.71,4.75,4.75,28702118.0,136322917.0,3,0.915435,1,0.0,18.87107,1.354858,0.562944,-110.439239,0,2010-03-31,288253411.9,16725322232.01,16339514115.23,15352671844.55,397829232.99,391567249.76,103313837.86,287962000.5,2617322678.13,578771631.81,8495351716.02,12868348427.33,61066123322.87,73934471750.2,35632777471.12,10656354280.42,46289131751.54,27645339998.66,1028606479.04,-579786657.91,-915495580.26,-466843937.65,2010-06-30
2010-09-14,sh.600005,4.76,4.77,4.68,4.74,4.75,28137380.0,132844379.0,3,0.897423,1,-0.2105,18.831342,1.352005,0.561759,-110.206736,0,2010-03-31,288253411.9,16725322232.01,16339514115.23,15352671844.55,397829232.99,391567249.76,103313837.86,287962000.5,2617322678.13,578771631.81,8495351716.02,12868348427.33,61066123322.87,73934471750.2,35632777471.12,10656354280.42,46289131751.54,27645339998.66,1028606479.04,-579786657.91,-915495580.26,-466843937.65,2010-06-30
2010-09-15,sh.600005,4.74,4.75,4.64,4.67,4.74,35304014.0,165134940.0,3,1.125998,1,-1.4768,18.553242,1.332039,0.553463,-108.57921,0,2010-03-31,288253411.9,16725322232.01,16339514115.23,15352671844.55,397829232.99,391567249.76,103313837.86,287962000.5,2617322678.13,578771631.81,8495351716.02,12868348427.33,61066123322.87,73934471750.2,35632777471.12,10656354280.42,46289131751.54,27645339998.66,1028606479.04,-579786657.91,-915495580.26,-466843937.65,2010-06-30
2010-09-16,sh.600005,4.68,4.68,4.53,4.56,4.67,28807367.0,132339247.0,3,0.918792,1,-2.3555,18.116227,1.300663,0.540426,-106.02167,0,2010-03-31,288253411.9,16725322232.01,16339514115.23,15352671844.55,397829232.99,391567249.76,103313837.86,287962000.5,2617322678.13,578771631.81,8495351716.02,12868348427.33,61066123322.87,73934471750.2,35632777471.12,10656354280.42,46289131751.54,27645339998.66,1028606479.04,-579786657.91,-915495580.26,-466843937.65,2010-06-30
2010-09-17,sh.600005,4.58,4.59,4.52,4.54,4.56,17895214.0,81412864.0,3,0.570756,1,-0.4386,18.03677,1.294959,0.538056,-105.556662,0,2010-03-31,288253411.9,16725322232.01,16339514115.23,15352671844.55,397829232.99,391567249.76,103313837.86,287962000.5,2617322678.13,578771631.81,8495351716.02,12868348427.33,61066123322.87,73934471750.2,35632777471.12,10656354280.42,46289131751.54,27645339998.66,1028606479.04,-579786657.91,-915495580.26,-466843937.65,2010-06-30
2010-09-20,sh.600005,4.55,4.58,4.5,4.51,4.54,16823201.0,76239415.0,3,0.536565,1,-0.6608,17.917585,1.286402,0.5345,-104.859151,0,2010-03-31,288253411.9,16725322232.01,16339514115.23,15352671844.55,397829232.99,391567249.76,103313837.86,287962000.5,2617322678.13,578771631.81,8495351716.02,12868348427.33,61066123322.87,73934471750.2,35632777471.12,10656354280.42,46289131751.54,27645339998.66,1028606479.04,-579786657.91,-915495580.26,-466843937.65,2010-06-30
2010-09-21,sh.600005,4.52,4.55,4.49,4.52,4.51,11988496.0,54098528.0,3,0.382365,1,0.2217,17.957313,1.289254,0.535686,-105.091655,0,2010-03-31,288253411.9,16725322232.01,16339514115.23,15352671844.55,397829232.99,391567249.76,103313837.86,287962000.5,2617322678.13,578771631.81,8495351716.02,12868348427.33,61066123322.87,73934471750.2,35632777471.12,10656354280.42,46289131751.54,27645339998.66,1028606479.04,-579786657.91,-915495580.26,-466843937.65,2010-06-30
2010-09-27,sh.600005,4.53,4.57,4.5,4.55,4.52,16056015.0,72826306.0,3,0.512096,1,0.6637,18.076499,1.297811,0.539241,-105.789166,0,2010-03-31,288253411.9,16725322232.01,16339514115.23,15352671844.55,397829232.99,391567249.76,103313837.86,287962000.5,2617322678.13,578771631.81,8495351716.02,12868348427.33,61066123322.87,73934471750.2,35632777471.12,10656354280.42,46289131751.54,27645339998.66,1028606479.04,-579786657.91,-915495580.26,-466843937.65,2010-06-30
2010-09-28,sh.600005,4.54,4.55,4.47,4.48,4.55,16881527.0,76115031.0,3,0.538425,1,-1.5385,17.798399,1.277845,0.530945,-104.16164,0,2010-03-31,288253411.9,16725322232.01,16339514115.23,15352671844.55,397829232.99,391567249.76,103313837.86,287962000.5,2617322678.13,578771631.81,8495351716.02,12868348427.33,61066123322.87,73934471750.2,35632777471.12,10656354280.42,46289131751.54,27645339998.66,1028606479.04,-579786657.91,-915495580.26,-466843937.65,2010-06-30
2010-09-29,sh.600005,4.48,4.54,4.48,4.49,4.48,14923135.0,67231592.0,3,0.475964,1,0.2232,17.838127,1.280697,0.53213,-104.394144,0,2010-03-31,288253411.9,16725322232.01,16339514115.23,15352671844.55,397829232.99,391567249.76,103313837.86,287962000.5,2617322678.13,578771631.81,8495351716.02,12868348427.33,61066123322.87,73934471750.2,35632777471.12,10656354280.42,46289131751.54,27645339998.66,1028606479.04,-579786657.91,-915495580.26,-466843937.65,2010-06-30
2010-09-30,sh.600005,4.48,4.59,4.46,4.59,4.49,22780394.0,103594333.0,3,0.726566,1,2.2272,18.235413,1.30922,0.543982,-106.719181,0,2010-06-30,1079218429.2,41244415927.29,39874055129.86,37366913136.12,1424858386.62,1424136903.93,344918474.73,1068400702.68,1205732740.28,632805064.21,9879686808.33,13301830886.19,60405005221.09,73706836107.28,35625769885.78,10520589765.82,46146359651.6,27560476455.68,628862882.56,-2220670537.28,-379419074.81,-1971405476.49,2010-09-30
2010-10-08,sh.600005,4.6,4.75,4.6,4.71,4.59,41614059.0,195701519.0,3,1.327253,1,2.6144,18.712156,1.343448,0.558203,-109.509225,0,2010-06-30,1079218429.2,41244415927.29,39874055129.86,37366913136.12,1424858386.62,1424136903.93,344918474.73,1068400702.68,1205732740.28,632805064.21,9879686808.33,13301830886.19,60405005221.09,73706836107.28,35625769885.78,10520589765.82,46146359651.6,27560476455.68,628862882.56,-2220670537.28,-379419074.81,-1971405476.49,2010-09-30
2010-10-11,sh.600005,4.72,4.93,4.72,4.92,4.71,85330396.0,414065383.0,3,2.721557,1,4.4586,19.546456,1.403347,0.583091,-114.391801,0,2010-06-30,1079218429.2,41244415927.29,39874055129.86,37366913136.12,1424858386.62,1424136903.93,344918474.73,1068400702.68,1205732740.28,632805064.21,9879686808.33,13301830886.19,60405005221.09,73706836107.28,35625769885.78,10520589765.82,46146359651.6,27560476455.68,628862882.56,-2220670537.28,-379419074.81,-1971405476.49,2010-09-30
2010-10-12,sh.600005,4.9,4.95,4.81,4.9,4.92,66686800.0,325118642.0,3,2.126932,1,-0.4065,19.466999,1.397643,0.580721,-113.926794,0,2010-06-30,1079218429.2,41244415927.29,39874055129.86,37366913136.12,1424858386.62,1424136903.93,344918474.73,1068400702.68,1205732740.28,632805064.21,9879686808.33,13301830886.19,60405005221.09,73706836107.28,35625769885.78,10520589765.82,46146359651.6,27560476455.68,628862882.56,-2220670537.28,-379419074.81,-1971405476.49,2010-09-30
2010-10-13,sh.600005,4.97,5.23,4.97,5.1,4.9,127879700.0,655650908.0,3,4.078639,1,4.0816,20.26157,1.454689,0.604424,-118.576867,0,2010-06-30,1079218429.2,41244415927.29,39874055129.86,37366913136.12,1424858386.62,1424136903.93,344918474.73,1068400702.68,1205732740.28,632805064.21,9879686808.33,13301830886.19,60405005221.09,73706836107.28,35625769885.78,10520589765.82,46146359651.6,27560476455.68,628862882.56,-2220670537.28,-379419074.81,-1971405476.49,2010-09-30
2010-10-14,sh.600005,5.13,5.23,5.0,5.09,5.1,119402074.0,608677752.0,3,3.808251,1,-0.1961,20.221842,1.451837,0.603239,-118.344364,0,2010-06-30,1079218429.2,41244415927.29,39874055129.86,37366913136.12,1424858386.62,1424136903.93,344918474.73,1068400702.68,1205732740.28,632805064.21,9879686808.33,13301830886.19,60405005221.09,73706836107.28,35625769885.78,10520589765.82,46146359651.6,27560476455.68,628862882.56,-2220670537.28,-379419074.81,-1971405476.49,2010-09-30
2010-10-15,sh.600005,5.06,5.28,5.04,5.27,5.09,139587367.0,724077096.0,3,4.452047,1,3.5363,20.936956,1.503179,0.624571,-122.52943,0,2010-06-30,1079218429.2,41244415927.29,39874055129.86,37366913136.12,1424858386.62,1424136903.93,344918474.73,1068400702.68,1205732740.28,632805064.21,9879686808.33,13301830886.19,60405005221.09,73706836107.28,35625769885.78,10520589765.82,46146359651.6,27560476455.68,628862882.56,-2220670537.28,-379419074.81,-1971405476.49,2010-09-30
2010-10-18,sh.600005,5.38,5.69,5.31,5.32,5.27,178179680.0,975687131.0,3,5.682924,1,0.9488,21.135599,1.517441,0.630497,-123.691948,0,2010-06-30,1079218429.2,41244415927.29,39874055129.86,37366913136.12,1424858386.62,1424136903.93,344918474.73,1068400702.68,1205732740.28,632805064.21,9879686808.33,13301830886.19,60405005221.09,73706836107.28,35625769885.78,10520589765.82,46146359651.6,27560476455.68,628862882.56,-2220670537.28,-379419074.81,-1971405476.49,2010-09-30
2010-10-19,sh.600005,5.3,5.37,5.16,5.29,5.32,91434979.0,479283555.0,3,2.916259,1,-0.5639,21.016413,1.508884,0.626942,-122.994437,0,2010-06-30,1079218429.2,41244415927.29,39874055129.86,37366913136.12,1424858386.62,1424136903.93,344918474.73,1068400702.68,1205732740.28,632805064.21,9879686808.33,13301830886.19,60405005221.09,73706836107.28,35625769885.78,10520589765.82,46146359651.6,27560476455.68,628862882.56,-2220670537.28,-379419074.81,-1971405476.49,2010-09-30
2010-10-20,sh.600005,5.17,5.25,5.07,5.14,5.29,99772992.0,512962292.0,3,3.182194,1,-2.8355,20.420484,1.466099,0.609165,-119.506882,0,2010-06-30,1079218429.2,41244415927.29,39874055129.86,37366913136.12,1424858386.62,1424136903.93,344918474.73,1068400702.68,1205732740.28,632805064.21,9879686808.33,13301830886.19,60405005221.09,73706836107.28,35625769885.78,10520589765.82,46146359651.6,27560476455.68,628862882.56,-2220670537.28,-379419074.81,-1971405476.49,2010-09-30
2010-10-21,sh.600005,5.12,5.19,5.05,5.18,5.14,62671706.0,319865643.0,3,1.998873,1,0.7782,20.579399,1.477508,0.613905,-120.436897,0,2010-06-30,1079218429.2,41244415927.29,39874055129.86,37366913136.12,1424858386.62,1424136903.93,344918474.73,1068400702.68,1205732740.28,632805064.21,9879686808.33,13301830886.19,60405005221.09,73706836107.28,35625769885.78,10520589765.82,46146359651.6,27560476455.68,628862882.56,-2220670537.28,-379419074.81,-1971405476.49,2010-09-30
2010-10-22,sh.600005,5.16,5.17,5.07,5.1,5.18,41258514.0,210829042.0,3,1.315913,1,-1.5444,20.26157,1.454689,0.604424,-118.576867,0,2010-06-30,1079218429.2,41244415927.29,39874055129.86,37366913136.12,1424858386.62,1424136903.93,344918474.73,1068400702.68,1205732740.28,632805064.21,9879686808.33,13301830886.19,60405005221.09,73706836107.28,35625769885.78,10520589765.82,46146359651.6,27560476455.68,628862882.56,-2220670537.28,-379419074.81,-1971405476.49,2010-09-30
2010-10-25,sh.600005,5.07,5.17,5.03,5.16,5.1,63191274.0,323529154.0,3,2.015444,1,1.1765,20.499942,1.471803,0.611535,-119.971889,0,2010-06-30,1079218429.2,41244415927.29,39874055129.86,37366913136.12,1424858386.62,1424136903.93,344918474.73,1068400702.68,1205732740.28,632805064.21,9879686808.33,13301830886.19,60405005221.09,73706836107.28,35625769885.78,10520589765.82,46146359651.6,27560476455.68,628862882.56,-2220670537.28,-379419074.81,-1971405476.49,2010-09-30
2010-10-26,sh.600005,5.19,5.24,5.1,5.12,5.16,61212080.0,316268505.0,3,1.952319,1,-0.7752,20.341027,1.460394,0.606794,-119.041875,0,2010-06-30,1079218429.2,41244415927.29,39874055129.86,37366913136.12,1424858386.62,1424136903.93,344918474.73,1068400702.68,1205732740.28,632805064.21,9879686808.33,13301830886.19,60405005221.09,73706836107.28,35625769885.78,10520589765.82,46146359651.6,27560476455.68,628862882.56,-2220670537.28,-379419074.81,-1971405476.49,2010-09-30
2010-10-27,sh.600005,5.1,5.3,5.05,5.19,5.12,84251975.0,437117957.0,3,2.687161,1,1.3672,20.619127,1.48036,0.61509,-120.6694,0,2010-06-30,1079218429.2,41244415927.29,39874055129.86,37366913136.12,1424858386.62,1424136903.93,344918474.73,1068400702.68,1205732740.28,632805064.21,9879686808.33,13301830886.19,60405005221.09,73706836107.28,35625769885.78,10520589765.82,46146359651.6,27560476455.68,628862882.56,-2220670537.28,-379419074.81,-1971405476.49,2010-09-30
2010-10-28,sh.600005,5.15,5.26,5.07,5.11,5.19,56726085.0,292182611.0,3,1.809241,1,-1.5414,20.301299,1.457542,0.605609,-118.809371,0,2010-06-30,1079218429.2,41244415927.29,39874055129.86,37366913136.12,1424858386.62,1424136903.93,344918474.73,1068400702.68,1205732740.28,632805064.21,9879686808.33,13301830886.19,60405005221.09,73706836107.28,35625769885.78,10520589765.82,46146359651.6,27560476455.68,628862882.56,-2220670537.28,-379419074.81,-1971405476.49,2010-09-30
2010-10-29,sh.600005,5.11,5.15,5.05,5.07,5.11,44900854.0,228538937.0,3,1.432083,1,-0.7828,23.339659,1.431557,0.561661,-64.415613,0,2010-06-30,1079218429.2,41244415927.29,39874055129.86,37366913136.12,1424858386.62,1424136903.93,344918474.73,1068400702.68,1205732740.28,632805064.21,9879686808.33,13301830886.19,60405005221.09,73706836107.28,35625769885.78,10520589765.82,46146359651.6,27560476455.68,628862882.56,-2220670537.28,-379419074.81,-1971405476.49,2010-09-30
2010-11-01,sh.600005,5.07,5.23,5.07,5.18,5.07,56502330.0,292309254.0,3,1.802105,1,2.1696,23.846043,1.462616,0.573847,-65.81319,0,2010-06-30,1079218429.2,41244415927.29,39874055129.86,37366913136.12,1424858386.62,1424136903.93,344918474.73,1068400702.68,1205732740.28,632805064.21,9879686808.33,13301830886.19,60405005221.09,73706836107.28,35625769885.78,10520589765.82,46146359651.6,27560476455.68,628862882.56,-2220670537.28,-379419074.81,-1971405476.49,2010-09-30
2010-11-02,sh.600005,5.2,5.39,5.18,5.35,5.18,109905363.0,580706382.0,3,3.505359,1,3.2819,24.628635,1.510617,0.592679,-67.973083,0,2010-06-30,1079218429.2,41244415927.29,39874055129.86,37366913136.12,1424858386.62,1424136903.93,344918474.73,1068400702.68,1205732740.28,632805064.21,9879686808.33,13301830886.19,60405005221.09,73706836107.28,35625769885.78,10520589765.82,46146359651.6,27560476455.68,628862882.56,-2220670537.28,-379419074.81,-1971405476.49,2010-09-30
2010-11-03,sh.600005,5.36,5.38,5.18,5.19,5.35,55932084.0,293760022.0,3,1.783917,1,-2.9907,23.892077,1.46544,0.574954,-65.940243,0,2010-06-30,1079218429.2,41244415927.29,39874055129.86,37366913136.12,1424858386.62,1424136903.93,344918474.73,1068400702.68,1205732740.28,632805064.21,9879686808.33,13301830886.19,60405005221.09,73706836107.28,35625769885.78,10520589765.82,46146359651.6,27560476455.68,628862882.56,-2220670537.28,-379419074.81,-1971405476.49,2010-09-30
2010-11-04,sh.600005,5.22,5.25,5.15,5.21,5.19,46827932.0,243120222.0,3,1.493546,1,0.3854,23.984147,1.471087,0.57717,-66.194348,0,2010-06-30,1079218429.2,41244415927.29,39874055129.86,37366913136.12,1424858386.62,1424136903.93,344918474.73,1068400702.68,1205732740.28,632805064.21,9879686808.33,13301830886.19,60405005221.09,73706836107.28,35625769885.78,10520589765.82,46146359651.6,27560476455.68,628862882.56,-2220670537.28,-379419074.81,-1971405476.49,2010-09-30
2010-11-05,sh.600005,5.27,5.3,5.18,5.23,5.21,54419491.0,284194608.0,3,1.735674,1,0.3839,24.076217,1.476734,0.579386,-66.448453,0,2010-06-30,1079218429.2,41244415927.29,39874055129.86,37366913136.12,1424858386.62,1424136903.93,344918474.73,1068400702.68,1205732740.28,632805064.21,9879686808.33,13301830886.19,60405005221.09,73706836107.28,35625769885.78,10520589765.82,46146359651.6,27560476455.68,628862882.56,-2220670537.28,-379419074.81,-1971405476.49,2010-09-30
2010-11-08,sh.600005,5.27,5.41,5.21,5.39,5.23,89056462.0,469955809.0,3,2.840397,1,3.0593,24.812774,1.521912,0.597111,-68.481293,0,2010-06-30,1079218429.2,41244415927.29,39874055129.86,37366913136.12,1424858386.62,1424136903.93,344918474.73,1068400702.68,1205732740.28,632805064.21,9879686808.33,13301830886.19,60405005221.09,73706836107.28,35625769885.78,10520589765.82,46146359651.6,27560476455.68,628862882.56,-2220670537.28,-379419074.81,-1971405476.49,2010-09-30
2010-11-09,sh.600005,5.37,5.37,5.22,5.27,5.39,59687390.0,314692210.0,3,1.90369,1,-2.2263,24.260356,1.488029,0.583817,-66.956663,0,2010-06-30,1079218429.2,41244415927.29,39874055129.86,37366913136.12,1424858386.62,1424136903.93,344918474.73,1068400702.68,1205732740.28,632805064.21,9879686808.33,13301830886.19,60405005221.09,73706836107.28,35625769885.78,10520589765.82,46146359651.6,27560476455.68,628862882.56,-2220670537.28,-379419074.81,-1971405476.49,2010-09-30
2010-11-10,sh.600005,5.24,5.25,5.12,5.14,5.27,50146180.0,258921240.0,3,1.599379,1,-2.4668,23.661903,1.451322,0.569415,-65.30498,0,2010-06-30,1079218429.2,41244415927.29,39874055129.86,37366913136.12,1424858386.62,1424136903.93,344918474.73,1068400702.68,1205732740.28,632805064.21,9879686808.33,13301830886.19,60405005221.09,73706836107.28,35625769885.78,10520589765.82,46146359651.6,27560476455.68,628862882.56,-2220670537.28,-379419074.81,-1971405476.49,2010-09-30
2010-11-11,sh.600005,5.11,5.27,5.1,5.16,5.14,52422878.0,271062541.0,3,1.671993,1,0.3891,23.753973,1.456969,0.571631,-65.559085,0,2010-06-30,1079218429.2,41244415927.29,39874055129.86,37366913136.12,1424858386.62,1424136903.93,344918474.73,1068400702.68,1205732740.28,632805064.21,9879686808.33,13301830886.19,60405005221.09,73706836107.28,35625769885.78,10520589765.82,46146359651.6,27560476455.68,628862882.56,-2220670537.28,-379419074.81,-1971405476.49,2010-09-30
2010-11-12,sh.600005,5.14,5.18,4.81,4.83,5.16,81342307.0,406610627.0,3,2.594359,1,-6.3953,22.234823,1.363791,0.535073,-61.366353,0,2010-06-30,1079218429.2,41244415927.29,39874055129.86,37366913136.12,1424858386.62,1424136903.93,344918474.73,1068400702.68,1205732740.28,632805064.21,9879686808.33,13301830886.19,60405005221.09,73706836107.28,35625769885.78,10520589765.82,46146359651.6,27560476455.68,628862882.56,-2220670537.28,-379419074.81,-1971405476.49,2010-09-30
2010-11-15,sh.600005,4.83,4.87,4.77,4.79,4.83,52671462.0,252961757.0,3,1.679922,1,-0.8282,22.050684,1.352497,0.530642,-60.858143,0,2010-06-30,1079218429.2,41244415927.29,39874055129.86,37366913136.12,1424858386.62,1424136903.93,344918474.73,1068400702.68,1205732740.28,632805064.21,9879686808.33,13301830886.19,60405005221.09,73706836107.28,35625769885.78,10520589765.82,46146359651.6,27560476455.68,628862882.56,-2220670537.28,-379419074.81,-1971405476.49,2010-09-30
2010-11-16,sh.600005,4.81,4.81,4.6,4.62,4.79,55313634.0,260664052.0,3,1.764192,1,-3.5491,21.268092,1.304496,0.511809,-58.698251,0,2010-06-30,1079218429.2,41244415927.29,39874055129.86,37366913136.12,1424858386.62,1424136903.93,344918474.73,1068400702.68,1205732740.28,632805064.21,9879686808.33,13301830886.19,60405005221.09,73706836107.28,35625769885.78,10520589765.82,46146359651.6,27560476455.68,628862882.56,-2220670537.28,-379419074.81,-1971405476.49,2010-09-30
2010-11-17,sh.600005,4.59,4.63,4.53,4.56,4.62,34796692.0,159519516.0,3,1.109818,1,-1.2987,20.991883,1.287554,0.505162,-57.935936,0,2010-06-30,1079218429.2,41244415927.29,39874055129.86,37366913136.12,1424858386.62,1424136903.93,344918474.73,1068400702.68,1205732740.28,632805064.21,9879686808.33,13301830886.19,60405005221.09,73706836107.28,35625769885.78,10520589765.82,46146359651.6,27560476455.68,628862882.56,-2220670537.28,-379419074.81,-1971405476.49,2010-09-30
2010-11-18,sh.600005,4.59,4.64,4.58,4.61,4.56,30041713.0,138317196.0,3,0.958161,1,1.0965,21.222057,1.301672,0.510701,-58.571198,0,2010-06-30,1079218429.2,41244415927.29,39874055129.86,37366913136.12,1424858386.62,1424136903.93,344918474.73,1068400702.68,1205732740.28,632805064.21,9879686808.33,13301830886.19,60405005221.09,73706836107.28,35625769885.78,10520589765.82,46146359651.6,27560476455.68,628862882.56,-2220670537.28,-379419074.81,-1971405476.49,2010-09-30
2010-11-19,sh.600005,4.62,4.63,4.46,4.61,4.61,38572070.0,175549430.0,3,1.230231,1,0.0,21.222057,1.301672,0.510701,-58.571198,0,2010-06-30,1079218429.2,41244415927.29,39874055129.86,37366913136.12,1424858386.62,1424136903.93,344918474.73,1068400702.68,1205732740.28,632805064.21,9879686808.33,13301830886.19,60405005221.09,73706836107.28,35625769885.78,10520589765.82,46146359651.6,27560476455.68,628862882.56,-2220670537.28,-379419074.81,-1971405476.49,2010-09-30
2010-11-22,sh.600005,4.55,4.61,4.54,4.56,4.61,27482779.0,125588423.0,3,0.876545,1,-1.0846,20.991883,1.287554,0.505162,-57.935936,0,2010-06-30,1079218429.2,41244415927.29,39874055129.86,37366913136.12,1424858386.62,1424136903.93,344918474.73,1068400702.68,1205732740.28,632805064.21,9879686808.33,13301830886.19,60405005221.09,73706836107.28,35625769885.78,10520589765.82,46146359651.6,27560476455.68,628862882.56,-2220670537.28,-379419074.81,-1971405476.49,2010-09-30
2010-11-23,sh.600005,4.55,4.55,4.4,4.44,4.56,31887229.0,141835806.0,3,1.017022,1,-2.6316,20.439465,1.253671,0.491868,-56.411306,0,2010-06-30,1079218429.2,41244415927.29,39874055129.86,37366913136.12,1424858386.62,1424136903.93,344918474.73,1068400702.68,1205732740.28,632805064.21,9879686808.33,13301830886.19,60405005221.09,73706836107.28,35625769885.78,10520589765.82,46146359651.6,27560476455.68,628862882.56,-2220670537.28,-379419074.81,-1971405476.49,2010-09-30
2010-11-24,sh.600005,4.44,4.44,4.44,4.44,4.44,0.0,0.0,3,,0,0.0,20.439465,1.253671,0.491868,-56.411306,0,2010-06-30,1079218429.2,41244415927.29,39874055129.86,37366913136.12,1424858386.62,1424136903.93,344918474.73,1068400702.68,1205732740.28,632805064.21,9879686808.33,13301830886.19,60405005221.09,73706836107.28,35625769885.78,10520589765.82,46146359651.6,27560476455.68,628862882.56,-2220670537.28,-379419074.81,-1971405476.49,2010-09-30
2010-11-25,sh.600005,4.52,4.59,4.48,4.58,4.44,32291292.0,146128059.0,3,1.02991,1,3.1532,21.083953,1.293201,0.507378,-58.190041,0,2010-06-30,1079218429.2,41244415927.29,39874055129.86,37366913136.12,1424858386.62,1424136903.93,344918474.73,1068400702.68,1205732740.28,632805064.21,9879686808.33,13301830886.19,60405005221.09,73706836107.28,35625769885.78,10520589765.82,46146359651.6,27560476455.68,628862882.56,-2220670537.28,-379419074.81,-1971405476.49,2010-09-30
2010-11-26,sh.600005,4.57,4.57,4.5,4.54,4.58,21219905.0,96070800.0,3,0.676795,1,-0.8734,20.899813,1.281907,0.502947,-57.681831,0,2010-06-30,1079218429.2,41244415927.29,39874055129.86,37366913136.12,1424858386.62,1424136903.93,344918474.73,1068400702.68,1205732740.28,632805064.21,9879686808.33,13301830886.19,60405005221.09,73706836107.28,35625769885.78,10520589765.82,46146359651.6,27560476455.68,628862882.56,-2220670537.28,-379419074.81,-1971405476.49,2010-09-30
2010-11-29,sh.600005,4.51,4.53,4.47,4.51,4.54,17368587.0,78066185.0,3,0.55396,1,-0.6608,20.761709,1.273436,0.499623,-57.300673,0,2010-06-30,1079218429.2,41244415927.29,39874055129.86,37366913136.12,1424858386.62,1424136903.93,344918474.73,1068400702.68,1205732740.28,632805064.21,9879686808.33,13301830886.19,60405005221.09,73706836107.28,35625769885.78,10520589765.82,46146359651.6,27560476455.68,628862882.56,-2220670537.28,-379419074.81,-1971405476.49,2010-09-30
2010-11-30,sh.600005,4.5,4.53,4.36,4.42,4.51,29068269.0,128655900.0,3,0.927113,1,-1.9956,20.347395,1.248024,0.489653,-56.157201,0,2010-06-30,1079218429.2,41244415927.29,39874055129.86,37366913136.12,1424858386.62,1424136903.93,344918474.73,1068400702.68,1205732740.28,632805064.21,9879686808.33,13301830886.19,60405005221.09,73706836107.28,35625769885.78,10520589765.82,46146359651.6,27560476455.68,628862882.56,-2220670537.28,-379419074.81,-1971405476.49,2010-09-30
2010-12-01,sh.600005,4.4,4.45,4.4,4.45,4.42,12969692.0,57465264.0,3,0.41366,1,0.6787,20.4855,1.256495,0.492976,-56.538358,0,2010-06-30,1079218429.2,41244415927.29,39874055129.86,37366913136.12,1424858386.62,1424136903.93,344918474.73,1068400702.68,1205732740.28,632805064.21,9879686808.33,13301830886.19,60405005221.09,73706836107.28,35625769885.78,10520589765.82,46146359651.6,27560476455.68,628862882.56,-2220670537.28,-379419074.81,-1971405476.49,2010-09-30
2010-12-02,sh.600005,4.51,4.53,4.46,4.46,4.45,13850842.0,62201318.0,3,0.441763,1,0.2247,20.531535,1.259318,0.494084,-56.665411,0,2010-06-30,1079218429.2,41244415927.29,39874055129.86,37366913136.12,1424858386.62,1424136903.93,344918474.73,1068400702.68,1205732740.28,632805064.21,9879686808.33,13301830886.19,60405005221.09,73706836107.28,35625769885.78,10520589765.82,46146359651.6,27560476455.68,628862882.56,-2220670537.28,-379419074.81,-1971405476.49,2010-09-30
2010-12-03,sh.600005,4.47,4.5,4.43,4.48,4.46,13052797.0,58271966.0,3,0.41631,1,0.4484,20.623604,1.264966,0.4963,-56.919516,0,2010-06-30,1079218429.2,41244415927.29,39874055129.86,37366913136.12,1424858386.62,1424136903.93,344918474.73,1068400702.68,1205732740.28,632805064.21,9879686808.33,13301830886.19,60405005221.09,73706836107.28,35625769885.78,10520589765.82,46146359651.6,27560476455.68,628862882.56,-2220670537.28,-379419074.81,-1971405476.49,2010-09-30
2010-12-06,sh.600005,4.49,4.5,4.44,4.48,4.48,16103329.0,71969143.0,3,0.513605,1,0.0,20.623604,1.264966,0.4963,-56.919516,0,2010-06-30,1079218429.2,41244415927.29,39874055129.86,37366913136.12,1424858386.62,1424136903.93,344918474.73,1068400702.68,1205732740.28,632805064.21,9879686808.33,13301830886.19,60405005221.09,73706836107.28,35625769885.78,10520589765.82,46146359651.6,27560476455.68,628862882.56,-2220670537.28,-379419074.81,-1971405476.49,2010-09-30
2010-12-07,sh.600005,4.45,4.52,4.39,4.5,4.48,19445617.0,86539469.0,3,0.620205,1,0.4464,20.715674,1.270613,0.498515,-57.173621,0,2010-06-30,1079218429.2,41244415927.29,39874055129.86,37366913136.12,1424858386.62,1424136903.93,344918474.73,1068400702.68,1205732740.28,632805064.21,9879686808.33,13301830886.19,60405005221.09,73706836107.28,35625769885.78,10520589765.82,46146359651.6,27560476455.68,628862882.56,-2220670537.28,-379419074.81,-1971405476.49,2010-09-30
2010-12-08,sh.600005,4.5,4.51,4.45,4.45,4.5,16029579.0,71790414.0,3,0.511253,1,-1.1111,20.4855,1.256495,0.492976,-56.538358,0,2010-06-30,1079218429.2,41244415927.29,39874055129.86,37366913136.12,1424858386.62,1424136903.93,344918474.73,1068400702.68,1205732740.28,632805064.21,9879686808.33,13301830886.19,60405005221.09,73706836107.28,35625769885.78,10520589765.82,46146359651.6,27560476455.68,628862882.56,-2220670537.28,-379419074.81,-1971405476.49,2010-09-30
2010-12-09,sh.600005,4.45,4.63,4.42,4.49,4.45,34958627.0,158859361.0,3,1.114982,1,0.8989,20.669639,1.267789,0.497408,-57.046568,0,2010-06-30,1079218429.2,41244415927.29,39874055129.86,37366913136.12,1424858386.62,1424136903.93,344918474.73,1068400702.68,1205732740.28,632805064.21,9879686808.33,13301830886.19,60405005221.09,73706836107.28,35625769885.78,10520589765.82,46146359651.6,27560476455.68,628862882.56,-2220670537.28,-379419074.81,-1971405476.49,2010-09-30
2010-12-10,sh.600005,4.46,4.53,4.44,4.5,4.49,19601395.0,87831929.0,3,0.625174,1,0.2227,20.715674,1.270613,0.498515,-57.173621,0,2010-06-30,1079218429.2,41244415927.29,39874055129.86,37366913136.12,1424858386.62,1424136903.93,344918474.73,1068400702.68,1205732740.28,632805064.21,9879686808.33,13301830886.19,60405005221.09,73706836107.28,35625769885.78,10520589765.82,46146359651.6,27560476455.68,628862882.56,-2220670537.28,-379419074.81,-1971405476.49,2010-09-30
2010-12-13,sh.600005,4.51,4.63,4.51,4.62,4.5,35194725.0,161164601.0,3,1.122513,1,2.6667,21.268092,1.304496,0.511809,-58.698251,0,2010-06-30,1079218429.2,41244415927.29,39874055129.86,37366913136.12,1424858386.62,1424136903.93,344918474.73,1068400702.68,1205732740.28,632805064.21,9879686808.33,13301830886.19,60405005221.09,73706836107.28,35625769885.78,10520589765.82,46146359651.6,27560476455.68,628862882.56,-2220670537.28,-379419074.81,-1971405476.49,2010-09-30
2010-12-14,sh.600005,4.66,4.69,4.58,4.62,4.62,36885413.0,170682575.0,3,1.176436,1,0.0,21.268092,1.304496,0.511809,-58.698251,0,2010-06-30,1079218429.2,41244415927.29,39874055129.86,37366913136.12,1424858386.62,1424136903.93,344918474.73,1068400702.68,1205732740.28,632805064.21,9879686808.33,13301830886.19,60405005221.09,73706836107.28,35625769885.78,10520589765.82,46146359651.6,27560476455.68,628862882.56,-2220670537.28,-379419074.81,-1971405476.49,2010-09-30
2010-12-15,sh.600005,4.62,4.64,4.54,4.57,4.62,21639484.0,99149248.0,3,0.690177,1,-1.0823,21.037918,1.290378,0.50627,-58.062988,0,2010-06-30,1079218429.2,41244415927.29,39874055129.86,37366913136.12,1424858386.62,1424136903.93,344918474.73,1068400702.68,1205732740.28,632805064.21,9879686808.33,13301830886.19,60405005221.09,73706836107.28,35625769885.78,10520589765.82,46146359651.6,27560476455.68,628862882.56,-2220670537.28,-379419074.81,-1971405476.49,2010-09-30
2010-12-16,sh.600005,4.55,4.57,4.52,4.53,4.57,16878473.0,76610381.0,3,0.538328,1,-0.8753,20.853778,1.279084,0.501839,-57.554778,0,2010-06-30,1079218429.2,41244415927.29,39874055129.86,37366913136.12,1424858386.62,1424136903.93,344918474.73,1068400702.68,1205732740.28,632805064.21,9879686808.33,13301830886.19,60405005221.09,73706836107.28,35625769885.78,10520589765.82,46146359651.6,27560476455.68,628862882.56,-2220670537.28,-379419074.81,-1971405476.49,2010-09-30
2010-12-17,sh.600005,4.54,4.58,4.51,4.55,4.53,15478068.0,70280063.0,3,0.493663,1,0.4415,20.945848,1.284731,0.504054,-57.808883,0,2010-06-30,1079218429.2,41244415927.29,39874055129.86,37366913136.12,1424858386.62,1424136903.93,344918474.73,1068400702.68,1205732740.28,632805064.21,9879686808.33,13301830886.19,60405005221.09,73706836107.28,35625769885.78,10520589765.82,46146359651.6,27560476455.68,628862882.56,-2220670537.28,-379419074.81,-1971405476.49,2010-09-30
2010-12-20,sh.600005,4.56,4.57,4.4,4.45,4.55,25468864.0,113886642.0,3,0.812313,1,-2.1978,20.4855,1.256495,0.492976,-56.538358,0,2010-06-30,1079218429.2,41244415927.29,39874055129.86,37366913136.12,1424858386.62,1424136903.93,344918474.73,1068400702.68,1205732740.28,632805064.21,9879686808.33,13301830886.19,60405005221.09,73706836107.28,35625769885.78,10520589765.82,46146359651.6,27560476455.68,628862882.56,-2220670537.28,-379419074.81,-1971405476.49,2010-09-30
2010-12-21,sh.600005,4.45,4.54,4.43,4.53,4.45,25327532.0,113678134.0,3,0.807805,1,1.7978,20.853778,1.279084,0.501839,-57.554778,0,2010-06-30,1079218429.2,41244415927.29,39874055129.86,37366913136.12,1424858386.62,1424136903.93,344918474.73,1068400702.68,1205732740.28,632805064.21,9879686808.33,13301830886.19,60405005221.09,73706836107.28,35625769885.78,10520589765.82,46146359651.6,27560476455.68,628862882.56,-2220670537.28,-379419074.81,-1971405476.49,2010-09-30
2010-12-22,sh.600005,4.54,4.63,4.51,4.53,4.53,31752657.0,145114964.0,3,1.01273,1,0.0,20.853778,1.279084,0.501839,-57.554778,0,2010-06-30,1079218429.2,41244415927.29,39874055129.86,37366913136.12,1424858386.62,1424136903.93,344918474.73,1068400702.68,1205732740.28,632805064.21,9879686808.33,13301830886.19,60405005221.09,73706836107.28,35625769885.78,10520589765.82,46146359651.6,27560476455.68,628862882.56,-2220670537.28,-379419074.81,-1971405476.49,2010-09-30
2010-12-23,sh.600005,4.53,4.54,4.45,4.47,4.53,19156464.0,85977404.0,3,0.610983,1,-1.3245,20.57757,1.262142,0.495192,-56.792463,0,2010-06-30,1079218429.2,41244415927.29,39874055129.86,37366913136.12,1424858386.62,1424136903.93,344918474.73,1068400702.68,1205732740.28,632805064.21,9879686808.33,13301830886.19,60405005221.09,73706836107.28,35625769885.78,10520589765.82,46146359651.6,27560476455.68,628862882.56,-2220670537.28,-379419074.81,-1971405476.49,2010-09-30
2010-12-24,sh.600005,4.45,4.48,4.42,4.45,4.47,15813297.0,70403333.0,3,0.504355,1,-0.4474,20.4855,1.256495,0.492976,-56.538358,0,2010-06-30,1079218429.2,41244415927.29,39874055129.86,37366913136.12,1424858386.62,1424136903.93,344918474.73,1068400702.68,1205732740.28,632805064.21,9879686808.33,13301830886.19,60405005221.09,73706836107.28,35625769885.78,10520589765.82,46146359651.6,27560476455.68,628862882.56,-2220670537.28,-379419074.81,-1971405476.49,2010-09-30
2010-12-27,sh.600005,4.46,4.48,4.38,4.38,4.45,24886205.0,110393637.0,3,0.793729,1,-1.573,20.163256,1.23673,0.485222,-55.648991,0,2010-06-30,1079218429.2,41244415927.29,39874055129.86,37366913136.12,1424858386.62,1424136903.93,344918474.73,1068400702.68,1205732740.28,632805064.21,9879686808.33,13301830886.19,60405005221.09,73706836107.28,35625769885.78,10520589765.82,46146359651.6,27560476455.68,628862882.56,-2220670537.28,-379419074.81,-1971405476.49,2010-09-30
2010-12-28,sh.600005,4.37,4.37,4.27,4.28,4.38,24848150.0,107487567.0,3,0.792515,1,-2.2831,19.702908,1.208494,0.474143,-54.378466,0,2010-06-30,1079218429.2,41244415927.29,39874055129.86,37366913136.12,1424858386.62,1424136903.93,344918474.73,1068400702.68,1205732740.28,632805064.21,9879686808.33,13301830886.19,60405005221.09,73706836107.28,35625769885.78,10520589765.82,46146359651.6,27560476455.68,628862882.56,-2220670537.28,-379419074.81,-1971405476.49,2010-09-30
2010-12-29,sh.600005,4.28,4.31,4.23,4.25,4.28,22299641.0,94910408.0,3,0.711232,1,-0.7009,19.564803,1.200023,0.47082,-53.997309,0,2010-06-30,1079218429.2,41244415927.29,39874055129.86,37366913136.12,1424858386.62,1424136903.93,344918474.73,1068400702.68,1205732740.28,632805064.21,9879686808.33,13301830886.19,60405005221.09,73706836107.28,35625769885.78,10520589765.82,46146359651.6,27560476455.68,628862882.56,-2220670537.28,-379419074.81,-1971405476.49,2010-09-30
2010-12-30,sh.600005,4.25,4.3,4.18,4.26,4.25,27905676.0,118038620.0,3,0.890033,1,0.2353,19.610838,1.202847,0.471928,-54.124361,0,2010-09-30,1414567388.93,62774621042.22,61003630850.82,57313713305.33,1866720064.56,1867551371.41,452983982.48,1400998319.66,1265579515.25,610885527.87,10535552268.87,14477007602.49,59718919926.01,74195927528.5,35727711400.73,10629926505.91,46357637906.64,27838289621.86,3143656985.21,-2888373559.15,-2497189985.63,-2242091441.69,2010-12-30
2010-12-31,sh.600005,4.25,4.29,4.22,4.28,4.26,21038959.0,89582506.0,3,0.671024,1,0.4695,19.702908,1.208494,0.474143,-54.378466,0,2010-09-30,1414567388.93,62774621042.22,61003630850.82,57313713305.33,1866720064.56,1867551371.41,452983982.48,1400998319.66,1265579515.25,610885527.87,10535552268.87,14477007602.49,59718919926.01,74195927528.5,35727711400.73,10629926505.91,46357637906.64,27838289621.86,3143656985.21,-2888373559.15,-2497189985.63,-2242091441.69,2010-12-30
2011-01-04,sh.600005,4.31,4.37,4.25,4.37,4.28,29886443.0,129352928.0,3,0.381294,1,2.1028,20.117221,1.233906,0.484114,-55.521938,0,2010-09-30,1414567388.93,62774621042.22,61003630850.82,57313713305.33,1866720064.56,1867551371.41,452983982.48,1400998319.66,1265579515.25,610885527.87,10535552268.87,14477007602.49,59718919926.01,74195927528.5,35727711400.73,10629926505.91,46357637906.64,27838289621.86,3143656985.21,-2888373559.15,-2497189985.63,-2242091441.69,2010-12-30
2011-01-05,sh.600005,4.34,4.34,4.3,4.32,4.37,18533425.0,80052301.0,3,0.236451,1,-1.1442,19.887047,1.219788,0.478575,-54.886676,0,2010-09-30,1414567388.93,62774621042.22,61003630850.82,57313713305.33,1866720064.56,1867551371.41,452983982.48,1400998319.66,1265579515.25,610885527.87,10535552268.87,14477007602.49,59718919926.01,74195927528.5,35727711400.73,10629926505.91,46357637906.64,27838289621.86,3143656985.21,-2888373559.15,-2497189985.63,-2242091441.69,2010-12-30
2011-01-06,sh.600005,4.32,4.35,4.3,4.32,4.32,14556242.0,62998579.0,3,0.18571,1,0.0,19.887047,1.219788,0.478575,-54.886676,0,2010-09-30,1414567388.93,62774621042.22,61003630850.82,57313713305.33,1866720064.56,1867551371.41,452983982.48,1400998319.66,1265579515.25,610885527.87,10535552268.87,14477007602.49,59718919926.01,74195927528.5,35727711400.73,10629926505.91,46357637906.64,27838289621.86,3143656985.21,-2888373559.15,-2497189985.63,-2242091441.69,2010-12-30
2011-01-07,sh.600005,4.31,4.44,4.29,4.37,4.32,34700773.0,151899122.0,3,0.442716,1,1.1574,20.117221,1.233906,0.484114,-55.521938,0,2010-09-30,1414567388.93,62774621042.22,61003630850.82,57313713305.33,1866720064.56,1867551371.41,452983982.48,1400998319.66,1265579515.25,610885527.87,10535552268.87,14477007602.49,59718919926.01,74195927528.5,35727711400.73,10629926505.91,46357637906.64,27838289621.86,3143656985.21,-2888373559.15,-2497189985.63,-2242091441.69,2010-12-30
2011-01-10,sh.600005,4.37,4.4,4.33,4.34,4.37,21093742.0,92104090.0,3,0.269116,1,-0.6865,19.979117,1.225435,0.48079,-55.140781,0,2010-09-30,1414567388.93,62774621042.22,61003630850.82,57313713305.33,1866720064.56,1867551371.41,452983982.48,1400998319.66,1265579515.25,610885527.87,10535552268.87,14477007602.49,59718919926.01,74195927528.5,35727711400.73,10629926505.91,46357637906.64,27838289621.86,3143656985.21,-2888373559.15,-2497189985.63,-2242091441.69,2010-12-30
2011-01-11,sh.600005,4.33,4.41,4.32,4.39,4.34,18522633.0,80771094.0,3,0.236314,1,1.1521,20.209291,1.239553,0.486329,-55.776043,0,2010-09-30,1414567388.93,62774621042.22,61003630850.82,57313713305.33,1866720064.56,1867551371.41,452983982.48,1400998319.66,1265579515.25,610885527.87,10535552268.87,14477007602.49,59718919926.01,74195927528.5,35727711400.73,10629926505.91,46357637906.64,27838289621.86,3143656985.21,-2888373559.15,-2497189985.63,-2242091441.69,2010-12-30
2011-01-12,sh.600005,4.39,4.49,4.37,4.45,4.39,35945484.0,159730786.0,3,0.458596,1,1.3667,20.4855,1.256495,0.492976,-56.538358,0,2010-09-30,1414567388.93,62774621042.22,61003630850.82,57313713305.33,1866720064.56,1867551371.41,452983982.48,1400998319.66,1265579515.25,610885527.87,10535552268.87,14477007602.49,59718919926.01,74195927528.5,35727711400.73,10629926505.91,46357637906.64,27838289621.86,3143656985.21,-2888373559.15,-2497189985.63,-2242091441.69,2010-12-30
2011-01-13,sh.600005,4.46,4.47,4.38,4.41,4.45,18339773.0,80971189.0,3,0.233981,1,-0.8989,20.301361,1.245201,0.488545,-56.030148,0,2010-09-30,1414567388.93,62774621042.22,61003630850.82,57313713305.33,1866720064.56,1867551371.41,452983982.48,1400998319.66,1265579515.25,610885527.87,10535552268.87,14477007602.49,59718919926.01,74195927528.5,35727711400.73,10629926505.91,46357637906.64,27838289621.86,3143656985.21,-2888373559.15,-2497189985.63,-2242091441.69,2010-12-30
2011-01-14,sh.600005,4.38,4.39,4.32,4.35,4.41,17249258.0,75086684.0,3,0.220068,1,-1.3605,20.025152,1.228259,0.481898,-55.267833,0,2010-09-30,1414567388.93,62774621042.22,61003630850.82,57313713305.33,1866720064.56,1867551371.41,452983982.48,1400998319.66,1265579515.25,610885527.87,10535552268.87,14477007602.49,59718919926.01,74195927528.5,35727711400.73,10629926505.91,46357637906.64,27838289621.86,3143656985.21,-2888373559.15,-2497189985.63,-2242091441.69,2010-12-30
2011-01-17,sh.600005,4.33,4.36,4.24,4.25,4.35,21082616.0,90514589.0,3,0.268974,1,-2.2989,19.564803,1.200023,0.47082,-53.997309,0,2010-09-30,1414567388.93,62774621042.22,61003630850.82,57313713305.33,1866720064.56,1867551371.41,452983982.48,1400998319.66,1265579515.25,610885527.87,10535552268.87,14477007602.49,59718919926.01,74195927528.5,35727711400.73,10629926505.91,46357637906.64,27838289621.86,3143656985.21,-2888373559.15,-2497189985.63,-2242091441.69,2010-12-30
2011-01-18,sh.600005,4.25,4.26,4.21,4.24,4.25,10553315.0,44713754.0,3,0.13464,1,-0.2353,19.518768,1.1972,0.469712,-53.870256,0,2010-09-30,1414567388.93,62774621042.22,61003630850.82,57313713305.33,1866720064.56,1867551371.41,452983982.48,1400998319.66,1265579515.25,610885527.87,10535552268.87,14477007602.49,59718919926.01,74195927528.5,35727711400.73,10629926505.91,46357637906.64,27838289621.86,3143656985.21,-2888373559.15,-2497189985.63,-2242091441.69,2010-12-30
2011-01-19,sh.600005,4.25,4.3,4.23,4.28,4.24,14869846.0,63544369.0,3,0.189711,1,0.9434,19.702908,1.208494,0.474143,-54.378466,0,2010-09-30,1414567388.93,62774621042.22,61003630850.82,57313713305.33,1866720064.56,1867551371.41,452983982.48,1400998319.66,1265579515.25,610885527.87,10535552268.87,14477007602.49,59718919926.01,74195927528.5,35727711400.73,10629926505.91,46357637906.64,27838289621.86,3143656985.21,-2888373559.15,-2497189985.63,-2242091441.69,2010-12-30
2011-01-20,sh.600005,4.29,4.31,4.19,4.2,4.28,20778216.0,87930764.0,3,0.265091,1,-1.8692,19.334629,1.185905,0.465281,-53.362046,0,2010-09-30,1414567388.93,62774621042.22,61003630850.82,57313713305.33,1866720064.56,1867551371.41,452983982.48,1400998319.66,1265579515.25,610885527.87,10535552268.87,14477007602.49,59718919926.01,74195927528.5,35727711400.73,10629926505.91,46357637906.64,27838289621.86,3143656985.21,-2888373559.15,-2497189985.63,-2242091441.69,2010-12-30
2011-01-21,sh.600005,4.19,4.33,4.19,4.26,4.2,19124430.0,81680001.0,3,0.243992,1,1.4286,19.610838,1.202847,0.471928,-54.124361,0,2010-09-30,1414567388.93,62774621042.22,61003630850.82,57313713305.33,1866720064.56,1867551371.41,452983982.48,1400998319.66,1265579515.25,610885527.87,10535552268.87,14477007602.49,59718919926.01,74195927528.5,35727711400.73,10629926505.91,46357637906.64,27838289621.86,3143656985.21,-2888373559.15,-2497189985.63,-2242091441.69,2010-12-30
2011-01-24,sh.600005,4.27,4.31,4.25,4.26,4.26,14951099.0,64009870.0,3,0.190748,1,0.0,19.610838,1.202847,0.471928,-54.124361,0,2010-09-30,1414567388.93,62774621042.22,61003630850.82,57313713305.33,1866720064.56,1867551371.41,452983982.48,1400998319.66,1265579515.25,610885527.87,10535552268.87,14477007602.49,59718919926.01,74195927528.5,35727711400.73,10629926505.91,46357637906.64,27838289621.86,3143656985.21,-2888373559.15,-2497189985.63,-2242091441.69,2010-12-30
2011-01-25,sh.600005,4.27,4.43,4.27,4.31,4.26,29852593.0,129451768.0,3,0.380863,1,1.1737,19.841012,1.216965,0.477467,-54.759624,0,2010-09-30,1414567388.93,62774621042.22,61003630850.82,57313713305.33,1866720064.56,1867551371.41,452983982.48,1400998319.66,1265579515.25,610885527.87,10535552268.87,14477007602.49,59718919926.01,74195927528.5,35727711400.73,10629926505.91,46357637906.64,27838289621.86,3143656985.21,-2888373559.15,-2497189985.63,-2242091441.69,2010-12-30
2011-01-26,sh.600005,4.31,4.37,4.29,4.34,4.31,14740520.0,63770417.0,3,0.188061,1,0.6961,19.979117,1.225435,0.48079,-55.140781,0,2010-09-30,1414567388.93,62774621042.22,61003630850.82,57313713305.33,1866720064.56,1867551371.41,452983982.48,1400998319.66,1265579515.25,610885527.87,10535552268.87,14477007602.49,59718919926.01,74195927528.5,35727711400.73,10629926505.91,46357637906.64,27838289621.86,3143656985.21,-2888373559.15,-2497189985.63,-2242091441.69,2010-12-30
2011-01-27,sh.600005,4.3,4.38,4.26,4.37,4.34,24408980.0,105729720.0,3,0.311412,1,0.6912,20.117221,1.233906,0.484114,-55.521938,0,2010-09-30,1414567388.93,62774621042.22,61003630850.82,57313713305.33,1866720064.56,1867551371.41,452983982.48,1400998319.66,1265579515.25,610885527.87,10535552268.87,14477007602.49,59718919926.01,74195927528.5,35727711400.73,10629926505.91,46357637906.64,27838289621.86,3143656985.21,-2888373559.15,-2497189985.63,-2242091441.69,2010-12-30
2011-01-28,sh.600005,4.36,4.37,4.33,4.37,4.37,13284410.0,57786791.0,3,0.169484,1,0.0,20.117221,1.233906,0.484114,-55.521938,0,2010-09-30,1414567388.93,62774621042.22,61003630850.82,57313713305.33,1866720064.56,1867551371.41,452983982.48,1400998319.66,1265579515.25,610885527.87,10535552268.87,14477007602.49,59718919926.01,74195927528.5,35727711400.73,10629926505.91,46357637906.64,27838289621.86,3143656985.21,-2888373559.15,-2497189985.63,-2242091441.69,2010-12-30
2011-01-31,sh.600005,4.35,4.43,4.35,4.4,4.37,18980170.0,83558527.0,3,0.242151,1,0.6865,20.255326,1.242377,0.487437,-55.903096,0,2010-09-30,1414567388.93,62774621042.22,61003630850.82,57313713305.33,1866720064.56,1867551371.41,452983982.48,1400998319.66,1265579515.25,610885527.87,10535552268.87,14477007602.49,59718919926.01,74195927528.5,35727711400.73,10629926505.91,46357637906.64,27838289621.86,3143656985.21,-2888373559.15,-2497189985.63,-2242091441.69,2010-12-30
2011-02-01,sh.600005,4.43,4.43,4.35,4.38,4.4,12767701.0,55876158.0,3,0.162892,1,-0.4545,20.163256,1.23673,0.485222,-55.648991,0,2010-09-30,1414567388.93,62774621042.22,61003630850.82,57313713305.33,1866720064.56,1867551371.41,452983982.48,1400998319.66,1265579515.25,610885527.87,10535552268.87,14477007602.49,59718919926.01,74195927528.5,35727711400.73,10629926505.91,46357637906.64,27838289621.86,3143656985.21,-2888373559.15,-2497189985.63,-2242091441.69,2010-12-30
2011-02-09,sh.600005,4.37,4.39,4.32,4.32,4.38,14009412.0,61042928.0,3,0.178734,1,-1.3699,19.887047,1.219788,0.478575,-54.886676,0,2010-09-30,1414567388.93,62774621042.22,61003630850.82,57313713305.33,1866720064.56,1867551371.41,452983982.48,1400998319.66,1265579515.25,610885527.87,10535552268.87,14477007602.49,59718919926.01,74195927528.5,35727711400.73,10629926505.91,46357637906.64,27838289621.86,3143656985.21,-2888373559.15,-2497189985.63,-2242091441.69,2010-12-30
2011-02-10,sh.600005,4.31,4.42,4.3,4.4,4.32,20302662.0,88618021.0,3,0.259024,1,1.8519,20.255326,1.242377,0.487437,-55.903096,0,2010-09-30,1414567388.93,62774621042.22,61003630850.82,57313713305.33,1866720064.56,1867551371.41,452983982.48,1400998319.66,1265579515.25,610885527.87,10535552268.87,14477007602.49,59718919926.01,74195927528.5,35727711400.73,10629926505.91,46357637906.64,27838289621.86,3143656985.21,-2888373559.15,-2497189985.63,-2242091441.69,2010-12-30
2011-02-11,sh.600005,4.4,4.47,4.38,4.47,4.4,35855885.0,159121402.0,3,0.457453,1,1.5909,20.57757,1.262142,0.495192,-56.792463,0,2010-09-30,1414567388.93,62774621042.22,61003630850.82,57313713305.33,1866720064.56,1867551371.41,452983982.48,1400998319.66,1265579515.25,610885527.87,10535552268.87,14477007602.49,59718919926.01,74195927528.5,35727711400.73,10629926505.91,46357637906.64,27838289621.86,3143656985.21,-2888373559.15,-2497189985.63,-2242091441.69,2010-12-30
2011-02-14,sh.600005,4.48,4.62,4.48,4.58,4.47,45508369.0,207281568.0,3,0.580601,1,2.4609,21.083953,1.293201,0.507378,-58.190041,0,2010-09-30,1414567388.93,62774621042.22,61003630850.82,57313713305.33,1866720064.56,1867551371.41,452983982.48,1400998319.66,1265579515.25,610885527.87,10535552268.87,14477007602.49,59718919926.01,74195927528.5,35727711400.73,10629926505.91,46357637906.64,27838289621.86,3143656985.21,-2888373559.15,-2497189985.63,-2242091441.69,2010-12-30
2011-02-15,sh.600005,4.62,4.63,4.53,4.53,4.58,39646610.0,181455927.0,3,0.505816,1,-1.0917,20.853778,1.279084,0.501839,-57.554778,0,2010-09-30,1414567388.93,62774621042.22,61003630850.82,57313713305.33,1866720064.56,1867551371.41,452983982.48,1400998319.66,1265579515.25,610885527.87,10535552268.87,14477007602.49,59718919926.01,74195927528.5,35727711400.73,10629926505.91,46357637906.64,27838289621.86,3143656985.21,-2888373559.15,-2497189985.63,-2242091441.69,2010-12-30
2011-02-16,sh.600005,4.55,4.65,4.53,4.6,4.53,34856287.0,160302593.0,3,0.4447,1,1.5453,21.176022,1.298849,0.509593,-58.444146,0,2010-09-30,1414567388.93,62774621042.22,61003630850.82,57313713305.33,1866720064.56,1867551371.41,452983982.48,1400998319.66,1265579515.25,610885527.87,10535552268.87,14477007602.49,59718919926.01,74195927528.5,35727711400.73,10629926505.91,46357637906.64,27838289621.86,3143656985.21,-2888373559.15,-2497189985.63,-2242091441.69,2010-12-30
2011-02-17,sh.600005,4.63,4.79,4.62,4.69,4.6,68195898.0,321035106.0,3,0.870051,1,1.9565,21.590336,1.324261,0.519564,-59.587618,0,2010-09-30,1414567388.93,62774621042.22,61003630850.82,57313713305.33,1866720064.56,1867551371.41,452983982.48,1400998319.66,1265579515.25,610885527.87,10535552268.87,14477007602.49,59718919926.01,74195927528.5,35727711400.73,10629926505.91,46357637906.64,27838289621.86,3143656985.21,-2888373559.15,-2497189985.63,-2242091441.69,2010-12-30
2011-02-18,sh.600005,4.72,4.74,4.63,4.69,4.69,40801696.0,190495601.0,3,0.520552,1,0.0,21.590336,1.324261,0.519564,-59.587618,0,2010-09-30,1414567388.93,62774621042.22,61003630850.82,57313713305.33,1866720064.56,1867551371.41,452983982.48,1400998319.66,1265579515.25,610885527.87,10535552268.87,14477007602.49,59718919926.01,74195927528.5,35727711400.73,10629926505.91,46357637906.64,27838289621.86,3143656985.21,-2888373559.15,-2497189985.63,-2242091441.69,2010-12-30
2011-02-21,sh.600005,4.65,4.86,4.61,4.85,4.69,69419960.0,330114866.0,3,0.885667,1,3.4115,22.326893,1.369438,0.537289,-61.620458,0,2010-09-30,1414567388.93,62774621042.22,61003630850.82,57313713305.33,1866720064.56,1867551371.41,452983982.48,1400998319.66,1265579515.25,610885527.87,10535552268.87,14477007602.49,59718919926.01,74195927528.5,35727711400.73,10629926505.91,46357637906.64,27838289621.86,3143656985.21,-2888373559.15,-2497189985.63,-2242091441.69,2010-12-30
2011-02-22,sh.600005,4.85,4.89,4.73,4.76,4.85,48247897.0,231008787.0,3,0.615552,1,-1.8557,21.91258,1.344026,0.527318,-60.476986,0,2010-09-30,1414567388.93,62774621042.22,61003630850.82,57313713305.33,1866720064.56,1867551371.41,452983982.48,1400998319.66,1265579515.25,610885527.87,10535552268.87,14477007602.49,59718919926.01,74195927528.5,35727711400.73,10629926505.91,46357637906.64,27838289621.86,3143656985.21,-2888373559.15,-2497189985.63,-2242091441.69,2010-12-30
2011-02-23,sh.600005,4.74,4.75,4.64,4.67,4.76,34850776.0,163305226.0,3,0.44463,1,-1.8908,21.498266,1.318614,0.517348,-59.333513,0,2010-09-30,1414567388.93,62774621042.22,61003630850.82,57313713305.33,1866720064.56,1867551371.41,452983982.48,1400998319.66,1265579515.25,610885527.87,10535552268.87,14477007602.49,59718919926.01,74195927528.5,35727711400.73,10629926505.91,46357637906.64,27838289621.86,3143656985.21,-2888373559.15,-2497189985.63,-2242091441.69,2010-12-30
2011-02-24,sh.600005,4.65,4.67,4.59,4.65,4.67,29014827.0,134164804.0,3,0.370174,1,-0.4283,21.406196,1.312967,0.515133,-59.079408,0,2010-09-30,1414567388.93,62774621042.22,61003630850.82,57313713305.33,1866720064.56,1867551371.41,452983982.48,1400998319.66,1265579515.25,610885527.87,10535552268.87,14477007602.49,59718919926.01,74195927528.5,35727711400.73,10629926505.91,46357637906.64,27838289621.86,3143656985.21,-2888373559.15,-2497189985.63,-2242091441.69,2010-12-30
2011-02-25,sh.600005,4.65,4.66,4.59,4.63,4.65,19013640.0,87914473.0,3,0.242578,1,-0.4301,21.314127,1.307319,0.512917,-58.825303,0,2010-09-30,1414567388.93,62774621042.22,61003630850.82,57313713305.33,1866720064.56,1867551371.41,452983982.48,1400998319.66,1265579515.25,610885527.87,10535552268.87,14477007602.49,59718919926.01,74195927528.5,35727711400.73,10629926505.91,46357637906.64,27838289621.86,3143656985.21,-2888373559.15,-2497189985.63,-2242091441.69,2010-12-30
2011-02-28,sh.600005,4.64,4.68,4.59,4.67,4.63,16758738.0,77758331.0,3,0.21381,1,0.8639,21.498266,1.318614,0.517348,-59.333513,0,2010-09-30,1414567388.93,62774621042.22,61003630850.82,57313713305.33,1866720064.56,1867551371.41,452983982.48,1400998319.66,1265579515.25,610885527.87,10535552268.87,14477007602.49,59718919926.01,74195927528.5,35727711400.73,10629926505.91,46357637906.64,27838289621.86,3143656985.21,-2888373559.15,-2497189985.63,-2242091441.69,2010-12-30
2011-03-01,sh.600005,4.68,4.7,4.63,4.67,4.67,27273601.0,127277889.0,3,0.34796,1,0.0,21.498266,1.318614,0.517348,-59.333513,0,2010-09-30,1414567388.93,62774621042.22,61003630850.82,57313713305.33,1866720064.56,1867551371.41,452983982.48,1400998319.66,1265579515.25,610885527.87,10535552268.87,14477007602.49,59718919926.01,74195927528.5,35727711400.73,10629926505.91,46357637906.64,27838289621.86,3143656985.21,-2888373559.15,-2497189985.63,-2242091441.69,2010-12-30
2011-03-02,sh.600005,4.65,4.65,4.51,4.57,4.67,51366869.0,234516769.0,3,0.655344,1,-2.1413,21.037918,1.290378,0.50627,-58.062988,0,2010-09-30,1414567388.93,62774621042.22,61003630850.82,57313713305.33,1866720064.56,1867551371.41,452983982.48,1400998319.66,1265579515.25,610885527.87,10535552268.87,14477007602.49,59718919926.01,74195927528.5,35727711400.73,10629926505.91,46357637906.64,27838289621.86,3143656985.21,-2888373559.15,-2497189985.63,-2242091441.69,2010-12-30
2011-03-03,sh.600005,4.55,4.62,4.54,4.56,4.57,22443660.0,102771450.0,3,0.286339,1,-0.2188,20.991883,1.287554,0.505162,-57.935936,0,2010-09-30,1414567388.93,62774621042.22,61003630850.82,57313713305.33,1866720064.56,1867551371.41,452983982.48,1400998319.66,1265579515.25,610885527.87,10535552268.87,14477007602.49,59718919926.01,74195927528.5,35727711400.73,10629926505.91,46357637906.64,27838289621.86,3143656985.21,-2888373559.15,-2497189985.63,-2242091441.69,2010-12-30
2011-03-04,sh.600005,4.57,4.72,4.57,4.68,4.56,44015469.0,205471789.0,3,0.561554,1,2.6316,21.544301,1.321437,0.518456,-59.460566,0,2010-09-30,1414567388.93,62774621042.22,61003630850.82,57313713305.33,1866720064.56,1867551371.41,452983982.48,1400998319.66,1265579515.25,610885527.87,10535552268.87,14477007602.49,59718919926.01,74195927528.5,35727711400.73,10629926505.91,46357637906.64,27838289621.86,3143656985.21,-2888373559.15,-2497189985.63,-2242091441.69,2010-12-30
2011-03-07,sh.600005,4.68,4.77,4.65,4.77,4.68,52574733.0,247858526.0,3,0.670754,1,1.9231,21.958614,1.34685,0.528426,-60.604038,0,2010-09-30,1414567388.93,62774621042.22,61003630850.82,57313713305.33,1866720064.56,1867551371.41,452983982.48,1400998319.66,1265579515.25,610885527.87,10535552268.87,14477007602.49,59718919926.01,74195927528.5,35727711400.73,10629926505.91,46357637906.64,27838289621.86,3143656985.21,-2888373559.15,-2497189985.63,-2242091441.69,2010-12-30
2011-03-08,sh.600005,4.75,4.77,4.7,4.75,4.77,31092889.0,147059365.0,3,0.396686,1,-0.4193,21.866545,1.341202,0.526211,-60.349933,0,2010-09-30,1414567388.93,62774621042.22,61003630850.82,57313713305.33,1866720064.56,1867551371.41,452983982.48,1400998319.66,1265579515.25,610885527.87,10535552268.87,14477007602.49,59718919926.01,74195927528.5,35727711400.73,10629926505.91,46357637906.64,27838289621.86,3143656985.21,-2888373559.15,-2497189985.63,-2242091441.69,2010-12-30
2011-03-09,sh.600005,4.75,4.78,4.69,4.7,4.75,25803538.0,121841654.0,3,0.329204,1,-1.0526,21.636371,1.327084,0.520672,-59.714671,0,2010-09-30,1414567388.93,62774621042.22,61003630850.82,57313713305.33,1866720064.56,1867551371.41,452983982.48,1400998319.66,1265579515.25,610885527.87,10535552268.87,14477007602.49,59718919926.01,74195927528.5,35727711400.73,10629926505.91,46357637906.64,27838289621.86,3143656985.21,-2888373559.15,-2497189985.63,-2242091441.69,2010-12-30
2011-03-10,sh.600005,4.69,4.7,4.61,4.62,4.7,22416346.0,104060433.0,3,0.28599,1,-1.7021,21.268092,1.304496,0.511809,-58.698251,0,2010-09-30,1414567388.93,62774621042.22,61003630850.82,57313713305.33,1866720064.56,1867551371.41,452983982.48,1400998319.66,1265579515.25,610885527.87,10535552268.87,14477007602.49,59718919926.01,74195927528.5,35727711400.73,10629926505.91,46357637906.64,27838289621.86,3143656985.21,-2888373559.15,-2497189985.63,-2242091441.69,2010-12-30
2011-03-11,sh.600005,4.6,4.63,4.56,4.59,4.62,19747015.0,90873774.0,3,0.251935,1,-0.6494,21.129987,1.296025,0.508486,-58.317093,0,2010-09-30,1414567388.93,62774621042.22,61003630850.82,57313713305.33,1866720064.56,1867551371.41,452983982.48,1400998319.66,1265579515.25,610885527.87,10535552268.87,14477007602.49,59718919926.01,74195927528.5,35727711400.73,10629926505.91,46357637906.64,27838289621.86,3143656985.21,-2888373559.15,-2497189985.63,-2242091441.69,2010-12-30
2011-03-14,sh.600005,4.66,4.77,4.66,4.68,4.59,41953306.0,197100338.0,3,0.535245,1,1.9608,21.544301,1.321437,0.518456,-59.460566,0,2010-09-30,1414567388.93,62774621042.22,61003630850.82,57313713305.33,1866720064.56,1867551371.41,452983982.48,1400998319.66,1265579515.25,610885527.87,10535552268.87,14477007602.49,59718919926.01,74195927528.5,35727711400.73,10629926505.91,46357637906.64,27838289621.86,3143656985.21,-2888373559.15,-2497189985.63,-2242091441.69,2010-12-30
2011-03-15,sh.600005,4.73,4.98,4.63,4.96,4.68,140822667.0,674632132.0,3,1.796631,1,5.9829,22.833276,1.400498,0.549475,-63.018035,0,2010-09-30,1414567388.93,62774621042.22,61003630850.82,57313713305.33,1866720064.56,1867551371.41,452983982.48,1400998319.66,1265579515.25,610885527.87,10535552268.87,14477007602.49,59718919926.01,74195927528.5,35727711400.73,10629926505.91,46357637906.64,27838289621.86,3143656985.21,-2888373559.15,-2497189985.63,-2242091441.69,2010-12-30
2011-03-16,sh.600005,4.95,5.13,4.85,5.05,4.96,147524387.0,736968156.0,3,1.882132,1,1.8145,23.24759,1.42591,0.559445,-64.161508,0,2010-09-30,1414567388.93,62774621042.22,61003630850.82,57313713305.33,1866720064.56,1867551371.41,452983982.48,1400998319.66,1265579515.25,610885527.87,10535552268.87,14477007602.49,59718919926.01,74195927528.5,35727711400.73,10629926505.91,46357637906.64,27838289621.86,3143656985.21,-2888373559.15,-2497189985.63,-2242091441.69,2010-12-30
2011-03-17,sh.600005,5.0,5.01,4.84,4.86,5.05,69375211.0,340696622.0,3,0.885096,1,-3.7624,22.372928,1.372262,0.538397,-61.747511,0,2010-09-30,1414567388.93,62774621042.22,61003630850.82,57313713305.33,1866720064.56,1867551371.41,452983982.48,1400998319.66,1265579515.25,610885527.87,10535552268.87,14477007602.49,59718919926.01,74195927528.5,35727711400.73,10629926505.91,46357637906.64,27838289621.86,3143656985.21,-2888373559.15,-2497189985.63,-2242091441.69,2010-12-30
2011-03-18,sh.600005,4.93,4.95,4.8,4.82,4.86,43641446.0,211529139.0,3,0.556782,1,-0.823,22.188789,1.360967,0.533965,-61.239301,0,2010-09-30,1414567388.93,62774621042.22,61003630850.82,57313713305.33,1866720064.56,1867551371.41,452983982.48,1400998319.66,1265579515.25,610885527.87,10535552268.87,14477007602.49,59718919926.01,74195927528.5,35727711400.73,10629926505.91,46357637906.64,27838289621.86,3143656985.21,-2888373559.15,-2497189985.63,-2242091441.69,2010-12-30
2011-03-21,sh.600005,4.85,4.87,4.76,4.8,4.82,32168999.0,154536444.0,3,0.410416,1,-0.4149,22.096719,1.35532,0.53175,-60.985196,0,2010-09-30,1414567388.93,62774621042.22,61003630850.82,57313713305.33,1866720064.56,1867551371.41,452983982.48,1400998319.66,1265579515.25,610885527.87,10535552268.87,14477007602.49,59718919926.01,74195927528.5,35727711400.73,10629926505.91,46357637906.64,27838289621.86,3143656985.21,-2888373559.15,-2497189985.63,-2242091441.69,2010-12-30
2011-03-22,sh.600005,4.8,4.82,4.7,4.78,4.8,31374234.0,149110589.0,3,0.400276,1,-0.4167,22.004649,1.349673,0.529534,-60.731091,0,2010-09-30,1414567388.93,62774621042.22,61003630850.82,57313713305.33,1866720064.56,1867551371.41,452983982.48,1400998319.66,1265579515.25,610885527.87,10535552268.87,14477007602.49,59718919926.01,74195927528.5,35727711400.73,10629926505.91,46357637906.64,27838289621.86,3143656985.21,-2888373559.15,-2497189985.63,-2242091441.69,2010-12-30
2011-03-23,sh.600005,4.78,4.78,4.68,4.73,4.78,85921554.0,405131182.0,3,1.096197,1,-1.046,21.774475,1.335555,0.523995,-60.095828,0,2010-09-30,1414567388.93,62774621042.22,61003630850.82,57313713305.33,1866720064.56,1867551371.41,452983982.48,1400998319.66,1265579515.25,610885527.87,10535552268.87,14477007602.49,59718919926.01,74195927528.5,35727711400.73,10629926505.91,46357637906.64,27838289621.86,3143656985.21,-2888373559.15,-2497189985.63,-2242091441.69,2010-12-30
2011-03-24,sh.600005,4.71,4.72,4.66,4.68,4.73,66892902.0,313486172.0,3,0.853427,1,-1.0571,21.544301,1.321437,0.518456,-59.460566,0,2010-09-30,1414567388.93,62774621042.22,61003630850.82,57313713305.33,1866720064.56,1867551371.41,452983982.48,1400998319.66,1265579515.25,610885527.87,10535552268.87,14477007602.49,59718919926.01,74195927528.5,35727711400.73,10629926505.91,46357637906.64,27838289621.86,3143656985.21,-2888373559.15,-2497189985.63,-2242091441.69,2010-12-30
2011-03-25,sh.600005,4.68,4.75,4.67,4.73,4.68,106400087.0,502254762.0,3,1.357464,1,1.0684,21.774475,1.335555,0.523995,-60.095828,0,2010-09-30,1414567388.93,62774621042.22,61003630850.82,57313713305.33,1866720064.56,1867551371.41,452983982.48,1400998319.66,1265579515.25,610885527.87,10535552268.87,14477007602.49,59718919926.01,74195927528.5,35727711400.73,10629926505.91,46357637906.64,27838289621.86,3143656985.21,-2888373559.15,-2497189985.63,-2242091441.69,2010-12-30
2011-03-28,sh.600005,4.73,4.73,4.73,4.73,4.73,0.0,0.0,3,,0,0.0,21.774475,1.335555,0.523995,-60.095828,0,2010-09-30,1414567388.93,62774621042.22,61003630850.82,57313713305.33,1866720064.56,1867551371.41,452983982.48,1400998319.66,1265579515.25,610885527.87,10535552268.87,14477007602.49,59718919926.01,74195927528.5,35727711400.73,10629926505.91,46357637906.64,27838289621.86,3143656985.21,-2888373559.15,-2497189985.63,-2242091441.69,2010-12-30
2011-03-29,sh.600005,4.73,4.73,4.73,4.73,4.73,0.0,0.0,3,,0,0.0,21.774475,1.335555,0.523995,-60.095828,0,2010-09-30,1414567388.93,62774621042.22,61003630850.82,57313713305.33,1866720064.56,1867551371.41,452983982.48,1400998319.66,1265579515.25,610885527.87,10535552268.87,14477007602.49,59718919926.01,74195927528.5,35727711400.73,10629926505.91,46357637906.64,27838289621.86,3143656985.21,-2888373559.15,-2497189985.63,-2242091441.69,2010-12-30
2011-03-30,sh.600005,4.73,4.73,4.73,4.73,4.73,0.0,0.0,3,,0,0.0,21.774475,1.335555,0.523995,-60.095828,0,2010-09-30,1414567388.93,62774621042.22,61003630850.82,57313713305.33,1866720064.56,1867551371.41,452983982.48,1400998319.66,1265579515.25,610885527.87,10535552268.87,14477007602.49,59718919926.01,74195927528.5,35727711400.73,10629926505.91,46357637906.64,27838289621.86,3143656985.21,-2888373559.15,-2497189985.63,-2242091441.69,2010-12-30
2011-03-31,sh.600005,4.73,4.73,4.73,4.73,4.73,0.0,0.0,3,,0,0.0,21.774475,1.335555,0.523995,-60.095828,0,2010-12-31,1914581173.63,86892673773.13,84670356142.09,79663806538.77,2427928838.98,2453116358.51,538535184.88,1891588757.22,3479033529.25,366005332.09,13980810573.64,22109835791.93,71677025603.75,93786861395.68,49392739487.33,10009319075.76,59402058563.09,34384802832.59,5559943019.15,-3940206769.0,-3197465717.28,-1577783905.17,2011-03-31
2011-04-01,sh.600005,4.73,4.73,4.73,4.73,4.73,0.0,0.0,3,,0,0.0,21.774475,1.335555,0.523995,-60.095828,0,2010-12-31,1914581173.63,86892673773.13,84670356142.09,79663806538.77,2427928838.98,2453116358.51,538535184.88,1891588757.22,3479033529.25,366005332.09,13980810573.64,22109835791.93,71677025603.75,93786861395.68,49392739487.33,10009319075.76,59402058563.09,34384802832.59,5559943019.15,-3940206769.0,-3197465717.28,-1577783905.17,2011-03-31
2011-04-06,sh.600005,4.73,4.73,4.73,4.73,4.73,0.0,0.0,3,,0,0.0,21.774475,1.335555,0.523995,-60.095828,0,2010-12-31,1914581173.63,86892673773.13,84670356142.09,79663806538.77,2427928838.98,2453116358.51,538535184.88,1891588757.22,3479033529.25,366005332.09,13980810573.64,22109835791.93,71677025603.75,93786861395.68,49392739487.33,10009319075.76,59402058563.09,34384802832.59,5559943019.15,-3940206769.0,-3197465717.28,-1577783905.17,2011-03-31
2011-04-07,sh.600005,4.65,4.67,4.53,4.61,4.49,89159178.0,412312379.0,3,0.883308,1,2.6726,27.329243,1.676261,0.657669,-75.426549,0,2010-12-31,1914581173.63,86892673773.13,84670356142.09,79663806538.77,2427928838.98,2453116358.51,538535184.88,1891588757.22,3479033529.25,366005332.09,13980810573.64,22109835791.93,71677025603.75,93786861395.68,49392739487.33,10009319075.76,59402058563.09,34384802832.59,5559943019.15,-3940206769.0,-3197465717.28,-1577783905.17,2011-03-31
2011-04-08,sh.600005,4.61,4.75,4.56,4.71,4.61,74761589.0,347926882.0,3,0.74067,1,2.1692,27.922069,1.712623,0.671935,-77.062699,0,2010-12-31,1914581173.63,86892673773.13,84670356142.09,79663806538.77,2427928838.98,2453116358.51,538535184.88,1891588757.22,3479033529.25,366005332.09,13980810573.64,22109835791.93,71677025603.75,93786861395.68,49392739487.33,10009319075.76,59402058563.09,34384802832.59,5559943019.15,-3940206769.0,-3197465717.28,-1577783905.17,2011-03-31
2011-04-11,sh.600005,4.72,4.89,4.65,4.79,4.71,110172703.0,528567770.0,3,1.091491,1,1.6985,28.396329,1.741712,0.683348,-78.37162,0,2010-12-31,1914581173.63,86892673773.13,84670356142.09,79663806538.77,2427928838.98,2453116358.51,538535184.88,1891588757.22,3479033529.25,366005332.09,13980810573.64,22109835791.93,71677025603.75,93786861395.68,49392739487.33,10009319075.76,59402058563.09,34384802832.59,5559943019.15,-3940206769.0,-3197465717.28,-1577783905.17,2011-03-31
2011-04-12,sh.600005,4.77,5.19,4.73,5.02,4.79,234526231.0,1178955304.0,3,2.323473,1,4.8017,29.759827,1.825343,0.71616,-82.134767,0,2010-12-31,1914581173.63,86892673773.13,84670356142.09,79663806538.77,2427928838.98,2453116358.51,538535184.88,1891588757.22,3479033529.25,366005332.09,13980810573.64,22109835791.93,71677025603.75,93786861395.68,49392739487.33,10009319075.76,59402058563.09,34384802832.59,5559943019.15,-3940206769.0,-3197465717.28,-1577783905.17,2011-03-31
2011-04-13,sh.600005,4.91,4.98,4.82,4.92,5.02,130970428.0,639996891.0,3,1.297536,1,-1.992,29.167002,1.788982,0.701894,-80.498616,0,2010-12-31,1914581173.63,86892673773.13,84670356142.09,79663806538.77,2427928838.98,2453116358.51,538535184.88,1891588757.22,3479033529.25,366005332.09,13980810573.64,22109835791.93,71677025603.75,93786861395.68,49392739487.33,10009319075.76,59402058563.09,34384802832.59,5559943019.15,-3940206769.0,-3197465717.28,-1577783905.17,2011-03-31
2011-04-14,sh.600005,4.94,5.02,4.85,4.88,4.92,103821262.0,513127391.0,3,1.028567,1,-0.813,28.929871,1.774437,0.696187,-79.844156,0,2010-12-31,1914581173.63,86892673773.13,84670356142.09,79663806538.77,2427928838.98,2453116358.51,538535184.88,1891588757.22,3479033529.25,366005332.09,13980810573.64,22109835791.93,71677025603.75,93786861395.68,49392739487.33,10009319075.76,59402058563.09,34384802832.59,5559943019.15,-3940206769.0,-3197465717.28,-1577783905.17,2011-03-31
2011-04-15,sh.600005,4.86,4.86,4.73,4.82,4.88,97028843.0,465057560.0,3,0.961274,1,-1.2295,28.574176,1.75262,0.687627,-78.862465,0,2010-12-31,1914581173.63,86892673773.13,84670356142.09,79663806538.77,2427928838.98,2453116358.51,538535184.88,1891588757.22,3479033529.25,366005332.09,13980810573.64,22109835791.93,71677025603.75,93786861395.68,49392739487.33,10009319075.76,59402058563.09,34384802832.59,5559943019.15,-3940206769.0,-3197465717.28,-1577783905.17,2011-03-31
2011-04-18,sh.600005,4.79,4.91,4.75,4.88,4.82,89525965.0,433183788.0,3,0.886942,1,1.2448,28.929871,1.774437,0.696187,-79.844156,0,2010-12-31,1914581173.63,86892673773.13,84670356142.09,79663806538.77,2427928838.98,2453116358.51,538535184.88,1891588757.22,3479033529.25,366005332.09,13980810573.64,22109835791.93,71677025603.75,93786861395.68,49392739487.33,10009319075.76,59402058563.09,34384802832.59,5559943019.15,-3940206769.0,-3197465717.28,-1577783905.17,2011-03-31
2011-04-19,sh.600005,4.84,5.06,4.78,4.87,4.88,128533986.0,633348025.0,3,1.273398,1,-0.2049,28.870589,1.770801,0.69476,-79.680541,0,2010-12-31,1914581173.63,86892673773.13,84670356142.09,79663806538.77,2427928838.98,2453116358.51,538535184.88,1891588757.22,3479033529.25,366005332.09,13980810573.64,22109835791.93,71677025603.75,93786861395.68,49392739487.33,10009319075.76,59402058563.09,34384802832.59,5559943019.15,-3940206769.0,-3197465717.28,-1577783905.17,2011-03-31
2011-04-20,sh.600005,4.86,4.92,4.81,4.83,4.87,57098775.0,276687541.0,3,0.565683,1,-0.8214,28.633459,1.756257,0.689054,-79.02608,0,2010-12-31,1914581173.63,86892673773.13,84670356142.09,79663806538.77,2427928838.98,2453116358.51,538535184.88,1891588757.22,3479033529.25,366005332.09,13980810573.64,22109835791.93,71677025603.75,93786861395.68,49392739487.33,10009319075.76,59402058563.09,34384802832.59,5559943019.15,-3940206769.0,-3197465717.28,-1577783905.17,2011-03-31
2011-04-21,sh.600005,4.85,5.04,4.83,4.97,4.83,128888596.0,640765157.0,3,1.276911,1,2.8986,29.463414,1.807163,0.709027,-81.316691,0,2010-12-31,1914581173.63,86892673773.13,84670356142.09,79663806538.77,2427928838.98,2453116358.51,538535184.88,1891588757.22,3479033529.25,366005332.09,13980810573.64,22109835791.93,71677025603.75,93786861395.68,49392739487.33,10009319075.76,59402058563.09,34384802832.59,5559943019.15,-3940206769.0,-3197465717.28,-1577783905.17,2011-03-31
2011-04-22,sh.600005,4.98,5.03,4.86,4.9,4.97,87834341.0,434218165.0,3,0.870183,1,-1.4085,29.048436,1.78171,0.69904,-80.171386,0,2010-12-31,1914581173.63,86892673773.13,84670356142.09,79663806538.77,2427928838.98,2453116358.51,538535184.88,1891588757.22,3479033529.25,366005332.09,13980810573.64,22109835791.93,71677025603.75,93786861395.68,49392739487.33,10009319075.76,59402058563.09,34384802832.59,5559943019.15,-3940206769.0,-3197465717.28,-1577783905.17,2011-03-31
2011-04-25,sh.600005,4.9,4.92,4.69,4.71,4.9,85045006.0,405502686.0,3,0.842549,1,-3.8776,23.485402,1.650242,0.595321,-37.121114,0,2010-12-31,1914581173.63,86892673773.13,84670356142.09,79663806538.77,2427928838.98,2453116358.51,538535184.88,1891588757.22,3479033529.25,366005332.09,13980810573.64,22109835791.93,71677025603.75,93786861395.68,49392739487.33,10009319075.76,59402058563.09,34384802832.59,5559943019.15,-3940206769.0,-3197465717.28,-1577783905.17,2011-03-31
2011-04-26,sh.600005,4.69,4.71,4.63,4.66,4.71,46004840.0,214495706.0,3,0.455774,1,-1.0616,23.236088,1.632724,0.589001,-36.727047,0,2010-12-31,1914581173.63,86892673773.13,84670356142.09,79663806538.77,2427928838.98,2453116358.51,538535184.88,1891588757.22,3479033529.25,366005332.09,13980810573.64,22109835791.93,71677025603.75,93786861395.68,49392739487.33,10009319075.76,59402058563.09,34384802832.59,5559943019.15,-3940206769.0,-3197465717.28,-1577783905.17,2011-03-31
2011-04-27,sh.600005,4.68,4.71,4.61,4.67,4.66,46477943.0,216749084.0,3,0.460461,1,0.2146,23.28595,1.636227,0.590265,-36.80586,0,2010-12-31,1914581173.63,86892673773.13,84670356142.09,79663806538.77,2427928838.98,2453116358.51,538535184.88,1891588757.22,3479033529.25,366005332.09,13980810573.64,22109835791.93,71677025603.75,93786861395.68,49392739487.33,10009319075.76,59402058563.09,34384802832.59,5559943019.15,-3940206769.0,-3197465717.28,-1577783905.17,2011-03-31
2011-04-28,sh.600005,4.7,4.7,4.48,4.5,4.67,53102153.0,243889010.0,3,0.526088,1,-3.6403,22.438282,1.576664,0.568778,-35.466032,0,2010-12-31,1914581173.63,86892673773.13,84670356142.09,79663806538.77,2427928838.98,2453116358.51,538535184.88,1891588757.22,3479033529.25,366005332.09,13980810573.64,22109835791.93,71677025603.75,93786861395.68,49392739487.33,10009319075.76,59402058563.09,34384802832.59,5559943019.15,-3940206769.0,-3197465717.28,-1577783905.17,2011-03-31
2011-04-29,sh.600005,4.52,4.63,4.52,4.62,4.5,28872184.0,132083104.0,3,0.286039,1,2.6667,23.036636,1.618709,0.583945,-36.411793,0,2010-12-31,1914581173.63,86892673773.13,84670356142.09,79663806538.77,2427928838.98,2453116358.51,538535184.88,1891588757.22,3479033529.25,366005332.09,13980810573.64,22109835791.93,71677025603.75,93786861395.68,49392739487.33,10009319075.76,59402058563.09,34384802832.59,5559943019.15,-3940206769.0,-3197465717.28,-1577783905.17,2011-03-31
2011-05-03,sh.600005,4.62,4.69,4.58,4.67,4.62,33116521.0,153847266.0,3,0.328088,1,1.0823,23.28595,1.636227,0.590265,-36.80586,0,2010-12-31,1914581173.63,86892673773.13,84670356142.09,79663806538.77,2427928838.98,2453116358.51,538535184.88,1891588757.22,3479033529.25,366005332.09,13980810573.64,22109835791.93,71677025603.75,93786861395.68,49392739487.33,10009319075.76,59402058563.09,34384802832.59,5559943019.15,-3940206769.0,-3197465717.28,-1577783905.17,2011-03-31
2011-05-04,sh.600005,4.66,4.66,4.49,4.51,4.67,56505538.0,257742586.0,3,0.559806,1,-3.4261,22.488145,1.580168,0.570042,-35.544846,0,2010-12-31,1914581173.63,86892673773.13,84670356142.09,79663806538.77,2427928838.98,2453116358.51,538535184.88,1891588757.22,3479033529.25,366005332.09,13980810573.64,22109835791.93,71677025603.75,93786861395.68,49392739487.33,10009319075.76,59402058563.09,34384802832.59,5559943019.15,-3940206769.0,-3197465717.28,-1577783905.17,2011-03-31
2011-05-05,sh.600005,4.51,4.62,4.44,4.56,4.51,65171870.0,294301721.0,3,0.645664,1,1.1086,22.737459,1.597687,0.576362,-35.938913,0,2010-12-31,1914581173.63,86892673773.13,84670356142.09,79663806538.77,2427928838.98,2453116358.51,538535184.88,1891588757.22,3479033529.25,366005332.09,13980810573.64,22109835791.93,71677025603.75,93786861395.68,49392739487.33,10009319075.76,59402058563.09,34384802832.59,5559943019.15,-3940206769.0,-3197465717.28,-1577783905.17,2011-03-31
2011-05-06,sh.600005,4.49,4.52,4.45,4.51,4.56,38236150.0,171631947.0,3,0.378809,1,-1.0965,22.488145,1.580168,0.570042,-35.544846,0,2010-12-31,1914581173.63,86892673773.13,84670356142.09,79663806538.77,2427928838.98,2453116358.51,538535184.88,1891588757.22,3479033529.25,366005332.09,13980810573.64,22109835791.93,71677025603.75,93786861395.68,49392739487.33,10009319075.76,59402058563.09,34384802832.59,5559943019.15,-3940206769.0,-3197465717.28,-1577783905.17,2011-03-31
2011-05-09,sh.600005,4.51,4.53,4.48,4.5,4.51,25763606.0,116047245.0,3,0.255242,1,-0.2217,22.438282,1.576664,0.568778,-35.466032,0,2010-12-31,1914581173.63,86892673773.13,84670356142.09,79663806538.77,2427928838.98,2453116358.51,538535184.88,1891588757.22,3479033529.25,366005332.09,13980810573.64,22109835791.93,71677025603.75,93786861395.68,49392739487.33,10009319075.76,59402058563.09,34384802832.59,5559943019.15,-3940206769.0,-3197465717.28,-1577783905.17,2011-03-31
2011-05-10,sh.600005,4.52,4.52,4.46,4.51,4.5,24739751.0,111071865.0,3,0.245099,1,0.2222,22.488145,1.580168,0.570042,-35.544846,0,2010-12-31,1914581173.63,86892673773.13,84670356142.09,79663806538.77,2427928838.98,2453116358.51,538535184.88,1891588757.22,3479033529.25,366005332.09,13980810573.64,22109835791.93,71677025603.75,93786861395.68,49392739487.33,10009319075.76,59402058563.09,34384802832.59,5559943019.15,-3940206769.0,-3197465717.28,-1577783905.17,2011-03-31
2011-05-11,sh.600005,4.51,4.51,4.44,4.46,4.51,25697599.0,114881222.0,3,0.254588,1,-1.1086,22.238831,1.56265,0.563722,-35.150779,0,2010-12-31,1914581173.63,86892673773.13,84670356142.09,79663806538.77,2427928838.98,2453116358.51,538535184.88,1891588757.22,3479033529.25,366005332.09,13980810573.64,22109835791.93,71677025603.75,93786861395.68,49392739487.33,10009319075.76,59402058563.09,34384802832.59,5559943019.15,-3940206769.0,-3197465717.28,-1577783905.17,2011-03-31
2011-05-12,sh.600005,4.44,4.46,4.36,4.36,4.46,46928107.0,206635149.0,3,0.464921,1,-2.2422,21.740202,1.527613,0.551083,-34.362645,0,2010-12-31,1914581173.63,86892673773.13,84670356142.09,79663806538.77,2427928838.98,2453116358.51,538535184.88,1891588757.22,3479033529.25,366005332.09,13980810573.64,22109835791.93,71677025603.75,93786861395.68,49392739487.33,10009319075.76,59402058563.09,34384802832.59,5559943019.15,-3940206769.0,-3197465717.28,-1577783905.17,2011-03-31
2011-05-13,sh.600005,4.36,4.4,4.34,4.4,4.36,23555706.0,103086158.0,3,0.233369,1,0.9174,21.939653,1.541627,0.556139,-34.677898,0,2010-12-31,1914581173.63,86892673773.13,84670356142.09,79663806538.77,2427928838.98,2453116358.51,538535184.88,1891588757.22,3479033529.25,366005332.09,13980810573.64,22109835791.93,71677025603.75,93786861395.68,49392739487.33,10009319075.76,59402058563.09,34384802832.59,5559943019.15,-3940206769.0,-3197465717.28,-1577783905.17,2011-03-31
2011-05-16,sh.600005,4.4,4.4,4.33,4.35,4.4,27014384.0,117818075.0,3,0.267634,1,-1.1364,21.690339,1.524109,0.549819,-34.283831,0,2010-12-31,1914581173.63,86892673773.13,84670356142.09,79663806538.77,2427928838.98,2453116358.51,538535184.88,1891588757.22,3479033529.25,366005332.09,13980810573.64,22109835791.93,71677025603.75,93786861395.68,49392739487.33,10009319075.76,59402058563.09,34384802832.59,5559943019.15,-3940206769.0,-3197465717.28,-1577783905.17,2011-03-31
2011-05-17,sh.600005,4.35,4.38,4.28,4.36,4.35,33260901.0,144063142.0,3,0.329519,1,0.2299,21.740202,1.527613,0.551083,-34.362645,0,2010-12-31,1914581173.63,86892673773.13,84670356142.09,79663806538.77,2427928838.98,2453116358.51,538535184.88,1891588757.22,3479033529.25,366005332.09,13980810573.64,22109835791.93,71677025603.75,93786861395.68,49392739487.33,10009319075.76,59402058563.09,34384802832.59,5559943019.15,-3940206769.0,-3197465717.28,-1577783905.17,2011-03-31
2011-05-18,sh.600005,4.34,4.43,4.34,4.41,4.36,25794010.0,113526757.0,3,0.255544,1,1.1468,21.989516,1.545131,0.557402,-34.756712,0,2010-12-31,1914581173.63,86892673773.13,84670356142.09,79663806538.77,2427928838.98,2453116358.51,538535184.88,1891588757.22,3479033529.25,366005332.09,13980810573.64,22109835791.93,71677025603.75,93786861395.68,49392739487.33,10009319075.76,59402058563.09,34384802832.59,5559943019.15,-3940206769.0,-3197465717.28,-1577783905.17,2011-03-31
2011-05-19,sh.600005,4.41,4.41,4.41,4.41,4.41,0.0,0.0,3,,0,0.0,21.989516,1.545131,0.557402,-34.756712,0,2010-12-31,1914581173.63,86892673773.13,84670356142.09,79663806538.77,2427928838.98,2453116358.51,538535184.88,1891588757.22,3479033529.25,366005332.09,13980810573.64,22109835791.93,71677025603.75,93786861395.68,49392739487.33,10009319075.76,59402058563.09,34384802832.59,5559943019.15,-3940206769.0,-3197465717.28,-1577783905.17,2011-03-31
2011-05-20,sh.600005,4.34,4.38,4.33,4.37,4.41,17088103.0,74491906.0,3,0.169293,1,-0.907,21.790065,1.531116,0.552347,-34.441458,0,2010-12-31,1914581173.63,86892673773.13,84670356142.09,79663806538.77,2427928838.98,2453116358.51,538535184.88,1891588757.22,3479033529.25,366005332.09,13980810573.64,22109835791.93,71677025603.75,93786861395.68,49392739487.33,10009319075.76,59402058563.09,34384802832.59,5559943019.15,-3940206769.0,-3197465717.28,-1577783905.17,2011-03-31
2011-05-23,sh.600005,4.36,4.38,4.24,4.25,4.37,29093944.0,124831172.0,3,0.288236,1,-2.746,21.191711,1.489072,0.537179,-33.495697,0,2010-12-31,1914581173.63,86892673773.13,84670356142.09,79663806538.77,2427928838.98,2453116358.51,538535184.88,1891588757.22,3479033529.25,366005332.09,13980810573.64,22109835791.93,71677025603.75,93786861395.68,49392739487.33,10009319075.76,59402058563.09,34384802832.59,5559943019.15,-3940206769.0,-3197465717.28,-1577783905.17,2011-03-31
2011-05-24,sh.600005,4.25,4.26,4.21,4.25,4.25,20566690.0,87057401.0,3,0.203756,1,0.0,21.191711,1.489072,0.537179,-33.495697,0,2010-12-31,1914581173.63,86892673773.13,84670356142.09,79663806538.77,2427928838.98,2453116358.51,538535184.88,1891588757.22,3479033529.25,366005332.09,13980810573.64,22109835791.93,71677025603.75,93786861395.68,49392739487.33,10009319075.76,59402058563.09,34384802832.59,5559943019.15,-3940206769.0,-3197465717.28,-1577783905.17,2011-03-31
2011-05-25,sh.600005,4.25,4.26,4.21,4.21,4.25,14005140.0,59215003.0,3,0.13875,1,-0.9412,20.992259,1.475057,0.532123,-33.180444,0,2010-12-31,1914581173.63,86892673773.13,84670356142.09,79663806538.77,2427928838.98,2453116358.51,538535184.88,1891588757.22,3479033529.25,366005332.09,13980810573.64,22109835791.93,71677025603.75,93786861395.68,49392739487.33,10009319075.76,59402058563.09,34384802832.59,5559943019.15,-3940206769.0,-3197465717.28,-1577783905.17,2011-03-31
2011-05-26,sh.600005,4.23,4.25,4.2,4.21,4.21,17951174.0,75764722.0,3,0.177844,1,0.0,20.992259,1.475057,0.532123,-33.180444,0,2010-12-31,1914581173.63,86892673773.13,84670356142.09,79663806538.77,2427928838.98,2453116358.51,538535184.88,1891588757.22,3479033529.25,366005332.09,13980810573.64,22109835791.93,71677025603.75,93786861395.68,49392739487.33,10009319075.76,59402058563.09,34384802832.59,5559943019.15,-3940206769.0,-3197465717.28,-1577783905.17,2011-03-31
2011-05-27,sh.600005,4.21,4.24,4.2,4.21,4.21,19464552.0,82079282.0,3,0.192837,1,0.0,20.992259,1.475057,0.532123,-33.180444,0,2010-12-31,1914581173.63,86892673773.13,84670356142.09,79663806538.77,2427928838.98,2453116358.51,538535184.88,1891588757.22,3479033529.25,366005332.09,13980810573.64,22109835791.93,71677025603.75,93786861395.68,49392739487.33,10009319075.76,59402058563.09,34384802832.59,5559943019.15,-3940206769.0,-3197465717.28,-1577783905.17,2011-03-31
2011-05-30,sh.600005,4.21,4.21,4.17,4.19,4.21,20703158.0,86725487.0,3,0.205108,1,-0.4751,20.892534,1.46805,0.529596,-33.022817,0,2010-12-31,1914581173.63,86892673773.13,84670356142.09,79663806538.77,2427928838.98,2453116358.51,538535184.88,1891588757.22,3479033529.25,366005332.09,13980810573.64,22109835791.93,71677025603.75,93786861395.68,49392739487.33,10009319075.76,59402058563.09,34384802832.59,5559943019.15,-3940206769.0,-3197465717.28,-1577783905.17,2011-03-31
2011-05-31,sh.600005,4.18,4.25,4.18,4.24,4.19,18895382.0,79663752.0,3,0.187198,1,1.1933,21.141848,1.485568,0.535915,-33.416884,0,2010-12-31,1914581173.63,86892673773.13,84670356142.09,79663806538.77,2427928838.98,2453116358.51,538535184.88,1891588757.22,3479033529.25,366005332.09,13980810573.64,22109835791.93,71677025603.75,93786861395.68,49392739487.33,10009319075.76,59402058563.09,34384802832.59,5559943019.15,-3940206769.0,-3197465717.28,-1577783905.17,2011-03-31
2011-06-01,sh.600005,4.24,4.24,4.2,4.23,4.24,17062454.0,71932691.0,3,0.169039,1,-0.2358,21.091985,1.482065,0.534651,-33.33807,0,2010-12-31,1914581173.63,86892673773.13,84670356142.09,79663806538.77,2427928838.98,2453116358.51,538535184.88,1891588757.22,3479033529.25,366005332.09,13980810573.64,22109835791.93,71677025603.75,93786861395.68,49392739487.33,10009319075.76,59402058563.09,34384802832.59,5559943019.15,-3940206769.0,-3197465717.28,-1577783905.17,2011-03-31
2011-06-02,sh.600005,4.2,4.28,4.18,4.23,4.23,25054586.0,105772420.0,3,0.248218,1,0.0,21.091985,1.482065,0.534651,-33.33807,0,2010-12-31,1914581173.63,86892673773.13,84670356142.09,79663806538.77,2427928838.98,2453116358.51,538535184.88,1891588757.22,3479033529.25,366005332.09,13980810573.64,22109835791.93,71677025603.75,93786861395.68,49392739487.33,10009319075.76,59402058563.09,34384802832.59,5559943019.15,-3940206769.0,-3197465717.28,-1577783905.17,2011-03-31
2011-06-03,sh.600005,4.24,4.26,4.21,4.24,4.23,15725933.0,66635290.0,3,0.155798,1,0.2364,21.141848,1.485568,0.535915,-33.416884,0,2010-12-31,1914581173.63,86892673773.13,84670356142.09,79663806538.77,2427928838.98,2453116358.51,538535184.88,1891588757.22,3479033529.25,366005332.09,13980810573.64,22109835791.93,71677025603.75,93786861395.68,49392739487.33,10009319075.76,59402058563.09,34384802832.59,5559943019.15,-3940206769.0,-3197465717.28,-1577783905.17,2011-03-31
2011-06-07,sh.600005,4.23,4.28,4.21,4.27,4.24,18937355.0,80452053.0,3,0.187614,1,0.7075,21.291436,1.496079,0.539707,-33.653324,0,2010-12-31,1914581173.63,86892673773.13,84670356142.09,79663806538.77,2427928838.98,2453116358.51,538535184.88,1891588757.22,3479033529.25,366005332.09,13980810573.64,22109835791.93,71677025603.75,93786861395.68,49392739487.33,10009319075.76,59402058563.09,34384802832.59,5559943019.15,-3940206769.0,-3197465717.28,-1577783905.17,2011-03-31
2011-06-08,sh.600005,4.26,4.27,4.2,4.25,4.27,17555436.0,74295934.0,3,0.173923,1,-0.4684,21.191711,1.489072,0.537179,-33.495697,0,2010-12-31,1914581173.63,86892673773.13,84670356142.09,79663806538.77,2427928838.98,2453116358.51,538535184.88,1891588757.22,3479033529.25,366005332.09,13980810573.64,22109835791.93,71677025603.75,93786861395.68,49392739487.33,10009319075.76,59402058563.09,34384802832.59,5559943019.15,-3940206769.0,-3197465717.28,-1577783905.17,2011-03-31
2011-06-09,sh.600005,4.25,4.25,4.19,4.2,4.25,17333747.0,73145898.0,3,0.171727,1,-1.1765,20.942397,1.471553,0.53086,-33.10163,0,2010-12-31,1914581173.63,86892673773.13,84670356142.09,79663806538.77,2427928838.98,2453116358.51,538535184.88,1891588757.22,3479033529.25,366005332.09,13980810573.64,22109835791.93,71677025603.75,93786861395.68,49392739487.33,10009319075.76,59402058563.09,34384802832.59,5559943019.15,-3940206769.0,-3197465717.28,-1577783905.17,2011-03-31
2011-06-10,sh.600005,4.21,4.25,4.18,4.23,4.2,17841606.0,75091375.0,3,0.176758,1,0.7143,21.091985,1.482065,0.534651,-33.33807,0,2010-12-31,1914581173.63,86892673773.13,84670356142.09,79663806538.77,2427928838.98,2453116358.51,538535184.88,1891588757.22,3479033529.25,366005332.09,13980810573.64,22109835791.93,71677025603.75,93786861395.68,49392739487.33,10009319075.76,59402058563.09,34384802832.59,5559943019.15,-3940206769.0,-3197465717.28,-1577783905.17,2011-03-31
2011-06-13,sh.600005,4.21,4.22,4.18,4.21,4.23,11503441.0,48270749.0,3,0.113966,1,-0.4728,20.992259,1.475057,0.532123,-33.180444,0,2010-12-31,1914581173.63,86892673773.13,84670356142.09,79663806538.77,2427928838.98,2453116358.51,538535184.88,1891588757.22,3479033529.25,366005332.09,13980810573.64,22109835791.93,71677025603.75,93786861395.68,49392739487.33,10009319075.76,59402058563.09,34384802832.59,5559943019.15,-3940206769.0,-3197465717.28,-1577783905.17,2011-03-31
2011-06-14,sh.600005,4.21,4.27,4.19,4.25,4.21,24436449.0,103646596.0,3,0.242094,1,0.9501,21.191711,1.489072,0.537179,-33.495697,0,2010-12-31,1914581173.63,86892673773.13,84670356142.09,79663806538.77,2427928838.98,2453116358.51,538535184.88,1891588757.22,3479033529.25,366005332.09,13980810573.64,22109835791.93,71677025603.75,93786861395.68,49392739487.33,10009319075.76,59402058563.09,34384802832.59,5559943019.15,-3940206769.0,-3197465717.28,-1577783905.17,2011-03-31
2011-06-15,sh.600005,4.25,4.33,4.23,4.25,4.25,31285413.0,133820839.0,3,0.309947,1,0.0,21.191711,1.489072,0.537179,-33.495697,0,2010-12-31,1914581173.63,86892673773.13,84670356142.09,79663806538.77,2427928838.98,2453116358.51,538535184.88,1891588757.22,3479033529.25,366005332.09,13980810573.64,22109835791.93,71677025603.75,93786861395.68,49392739487.33,10009319075.76,59402058563.09,34384802832.59,5559943019.15,-3940206769.0,-3197465717.28,-1577783905.17,2011-03-31
2011-06-16,sh.600005,4.24,4.24,4.18,4.18,4.25,21012871.0,88186541.0,3,0.208176,1,-1.6471,20.842671,1.464546,0.528332,-32.944003,0,2010-12-31,1914581173.63,86892673773.13,84670356142.09,79663806538.77,2427928838.98,2453116358.51,538535184.88,1891588757.22,3479033529.25,366005332.09,13980810573.64,22109835791.93,71677025603.75,93786861395.68,49392739487.33,10009319075.76,59402058563.09,34384802832.59,5559943019.15,-3940206769.0,-3197465717.28,-1577783905.17,2011-03-31
2011-06-17,sh.600005,4.18,4.23,4.17,4.17,4.18,16709792.0,69992468.0,3,0.165545,1,-0.2392,20.792808,1.461042,0.527068,-32.86519,0,2010-12-31,1914581173.63,86892673773.13,84670356142.09,79663806538.77,2427928838.98,2453116358.51,538535184.88,1891588757.22,3479033529.25,366005332.09,13980810573.64,22109835791.93,71677025603.75,93786861395.68,49392739487.33,10009319075.76,59402058563.09,34384802832.59,5559943019.15,-3940206769.0,-3197465717.28,-1577783905.17,2011-03-31
2011-06-20,sh.600005,4.17,4.19,4.05,4.07,4.17,22821414.0,93968698.0,3,0.226094,1,-2.3981,20.294179,1.426005,0.514428,-32.077056,0,2010-12-31,1914581173.63,86892673773.13,84670356142.09,79663806538.77,2427928838.98,2453116358.51,538535184.88,1891588757.22,3479033529.25,366005332.09,13980810573.64,22109835791.93,71677025603.75,93786861395.68,49392739487.33,10009319075.76,59402058563.09,34384802832.59,5559943019.15,-3940206769.0,-3197465717.28,-1577783905.17,2011-03-31
2011-06-21,sh.600005,4.07,4.12,4.07,4.11,4.07,14577495.0,59697467.0,3,0.144421,1,0.9828,20.493631,1.44002,0.519484,-32.39231,0,2010-12-31,1914581173.63,86892673773.13,84670356142.09,79663806538.77,2427928838.98,2453116358.51,538535184.88,1891588757.22,3479033529.25,366005332.09,13980810573.64,22109835791.93,71677025603.75,93786861395.68,49392739487.33,10009319075.76,59402058563.09,34384802832.59,5559943019.15,-3940206769.0,-3197465717.28,-1577783905.17,2011-03-31
2011-06-22,sh.600005,4.11,4.18,4.1,4.14,4.11,12515049.0,51735681.0,3,0.123988,1,0.7299,20.643219,1.450531,0.523276,-32.62875,0,2010-12-31,1914581173.63,86892673773.13,84670356142.09,79663806538.77,2427928838.98,2453116358.51,538535184.88,1891588757.22,3479033529.25,366005332.09,13980810573.64,22109835791.93,71677025603.75,93786861395.68,49392739487.33,10009319075.76,59402058563.09,34384802832.59,5559943019.15,-3940206769.0,-3197465717.28,-1577783905.17,2011-03-31
2011-06-23,sh.600005,4.06,4.09,3.96,4.08,4.04,16130702.0,65016680.0,3,0.159808,1,0.9901,20.344042,1.429509,0.515692,-32.155869,0,2010-12-31,1914581173.63,86892673773.13,84670356142.09,79663806538.77,2427928838.98,2453116358.51,538535184.88,1891588757.22,3479033529.25,366005332.09,13980810573.64,22109835791.93,71677025603.75,93786861395.68,49392739487.33,10009319075.76,59402058563.09,34384802832.59,5559943019.15,-3940206769.0,-3197465717.28,-1577783905.17,2011-03-31
2011-06-24,sh.600005,4.06,4.21,4.05,4.16,4.08,35948348.0,148816934.0,3,0.356144,1,1.9608,20.742945,1.457539,0.525804,-32.786377,0,2010-12-31,1914581173.63,86892673773.13,84670356142.09,79663806538.77,2427928838.98,2453116358.51,538535184.88,1891588757.22,3479033529.25,366005332.09,13980810573.64,22109835791.93,71677025603.75,93786861395.68,49392739487.33,10009319075.76,59402058563.09,34384802832.59,5559943019.15,-3940206769.0,-3197465717.28,-1577783905.17,2011-03-31
2011-06-27,sh.600005,4.16,4.18,4.13,4.14,4.16,23836002.0,98944509.0,3,0.236145,1,-0.4808,20.643219,1.450531,0.523276,-32.62875,0,2010-12-31,1914581173.63,86892673773.13,84670356142.09,79663806538.77,2427928838.98,2453116358.51,538535184.88,1891588757.22,3479033529.25,366005332.09,13980810573.64,22109835791.93,71677025603.75,93786861395.68,49392739487.33,10009319075.76,59402058563.09,34384802832.59,5559943019.15,-3940206769.0,-3197465717.28,-1577783905.17,2011-03-31
2011-06-28,sh.600005,4.14,4.15,4.1,4.13,4.14,22238005.0,91701108.0,3,0.220314,1,-0.2415,20.593357,1.447028,0.522012,-32.549936,0,2010-12-31,1914581173.63,86892673773.13,84670356142.09,79663806538.77,2427928838.98,2453116358.51,538535184.88,1891588757.22,3479033529.25,366005332.09,13980810573.64,22109835791.93,71677025603.75,93786861395.68,49392739487.33,10009319075.76,59402058563.09,34384802832.59,5559943019.15,-3940206769.0,-3197465717.28,-1577783905.17,2011-03-31
2011-06-29,sh.600005,4.13,4.17,4.11,4.13,4.13,24043228.0,99380660.0,3,0.238198,1,0.0,20.593357,1.447028,0.522012,-32.549936,0,2010-12-31,1914581173.63,86892673773.13,84670356142.09,79663806538.77,2427928838.98,2453116358.51,538535184.88,1891588757.22,3479033529.25,366005332.09,13980810573.64,22109835791.93,71677025603.75,93786861395.68,49392739487.33,10009319075.76,59402058563.09,34384802832.59,5559943019.15,-3940206769.0,-3197465717.28,-1577783905.17,2011-03-31
2011-06-30,sh.600005,4.13,4.2,4.13,4.15,4.13,37453261.0,155884309.0,3,0.371053,1,0.4843,20.693082,1.454035,0.52454,-32.707563,0,2011-03-31,585907529.98,24595485387.82,23826829562.86,22554221778.27,809699830.46,814420273.07,228512743.09,602866467.44,1336604022.81,736037554.43,11299558051.48,18524682549.11,58413817302.26,76938499851.37,39386381933.34,8658211747.43,48044593680.77,28893906170.6,-554898249.29,-955245786.91,-26635300.85,-1536849881.61,2011-06-30
2011-07-01,sh.600005,4.15,4.17,4.12,4.13,4.15,26991350.0,111816675.0,3,0.267406,1,-0.4819,20.593357,1.447028,0.522012,-32.549936,0,2011-03-31,585907529.98,24595485387.82,23826829562.86,22554221778.27,809699830.46,814420273.07,228512743.09,602866467.44,1336604022.81,736037554.43,11299558051.48,18524682549.11,58413817302.26,76938499851.37,39386381933.34,8658211747.43,48044593680.77,28893906170.6,-554898249.29,-955245786.91,-26635300.85,-1536849881.61,2011-06-30
2011-07-04,sh.600005,4.15,4.21,4.14,4.2,4.13,45665043.0,190978998.0,3,0.452408,1,1.6949,20.942397,1.471553,0.53086,-33.10163,0,2011-03-31,585907529.98,24595485387.82,23826829562.86,22554221778.27,809699830.46,814420273.07,228512743.09,602866467.44,1336604022.81,736037554.43,11299558051.48,18524682549.11,58413817302.26,76938499851.37,39386381933.34,8658211747.43,48044593680.77,28893906170.6,-554898249.29,-955245786.91,-26635300.85,-1536849881.61,2011-06-30
2011-07-05,sh.600005,4.2,4.23,4.17,4.22,4.2,51046162.0,214367765.0,3,0.505719,1,0.4762,21.042122,1.478561,0.533387,-33.259257,0,2011-03-31,585907529.98,24595485387.82,23826829562.86,22554221778.27,809699830.46,814420273.07,228512743.09,602866467.44,1336604022.81,736037554.43,11299558051.48,18524682549.11,58413817302.26,76938499851.37,39386381933.34,8658211747.43,48044593680.77,28893906170.6,-554898249.29,-955245786.91,-26635300.85,-1536849881.61,2011-06-30
2011-07-06,sh.600005,4.2,4.21,4.11,4.16,4.22,38806528.0,161257879.0,3,0.38446,1,-1.4218,20.742945,1.457539,0.525804,-32.786377,0,2011-03-31,585907529.98,24595485387.82,23826829562.86,22554221778.27,809699830.46,814420273.07,228512743.09,602866467.44,1336604022.81,736037554.43,11299558051.48,18524682549.11,58413817302.26,76938499851.37,39386381933.34,8658211747.43,48044593680.77,28893906170.6,-554898249.29,-955245786.91,-26635300.85,-1536849881.61,2011-06-30
2011-07-07,sh.600005,4.14,4.17,4.13,4.13,4.16,26765015.0,110950271.0,3,0.265163,1,-0.7212,20.593357,1.447028,0.522012,-32.549936,0,2011-03-31,585907529.98,24595485387.82,23826829562.86,22554221778.27,809699830.46,814420273.07,228512743.09,602866467.44,1336604022.81,736037554.43,11299558051.48,18524682549.11,58413817302.26,76938499851.37,39386381933.34,8658211747.43,48044593680.77,28893906170.6,-554898249.29,-955245786.91,-26635300.85,-1536849881.61,2011-06-30
2011-07-08,sh.600005,4.15,4.16,4.12,4.14,4.13,19276269.0,79684916.0,3,0.190972,1,0.242125,20.643219,1.450531,0.523276,-32.62875,0,2011-03-31,585907529.98,24595485387.82,23826829562.86,22554221778.27,809699830.46,814420273.07,228512743.09,602866467.44,1336604022.81,736037554.43,11299558051.48,18524682549.11,58413817302.26,76938499851.37,39386381933.34,8658211747.43,48044593680.77,28893906170.6,-554898249.29,-955245786.91,-26635300.85,-1536849881.61,2011-06-30
2011-07-11,sh.600005,4.14,4.14,4.1,4.13,4.14,17581989.0,72480694.0,3,0.174186,1,-0.2415,20.593357,1.447028,0.522012,-32.549936,0,2011-03-31,585907529.98,24595485387.82,23826829562.86,22554221778.27,809699830.46,814420273.07,228512743.09,602866467.44,1336604022.81,736037554.43,11299558051.48,18524682549.11,58413817302.26,76938499851.37,39386381933.34,8658211747.43,48044593680.77,28893906170.6,-554898249.29,-955245786.91,-26635300.85,-1536849881.61,2011-06-30
2011-07-12,sh.600005,4.11,4.12,4.07,4.07,4.13,22957206.0,93877060.0,3,0.227439,1,-1.4528,20.294179,1.426005,0.514428,-32.077056,0,2011-03-31,585907529.98,24595485387.82,23826829562.86,22554221778.27,809699830.46,814420273.07,228512743.09,602866467.44,1336604022.81,736037554.43,11299558051.48,18524682549.11,58413817302.26,76938499851.37,39386381933.34,8658211747.43,48044593680.77,28893906170.6,-554898249.29,-955245786.91,-26635300.85,-1536849881.61,2011-06-30
2011-07-13,sh.600005,4.08,4.12,4.07,4.11,4.07,20403403.0,83557238.0,3,0.202138,1,0.9828,20.493631,1.44002,0.519484,-32.39231,0,2011-03-31,585907529.98,24595485387.82,23826829562.86,22554221778.27,809699830.46,814420273.07,228512743.09,602866467.44,1336604022.81,736037554.43,11299558051.48,18524682549.11,58413817302.26,76938499851.37,39386381933.34,8658211747.43,48044593680.77,28893906170.6,-554898249.29,-955245786.91,-26635300.85,-1536849881.61,2011-06-30
2011-07-14,sh.600005,4.11,4.12,4.08,4.11,4.11,24542060.0,100566053.0,3,0.24314,1,0.0,20.493631,1.44002,0.519484,-32.39231,0,2011-03-31,585907529.98,24595485387.82,23826829562.86,22554221778.27,809699830.46,814420273.07,228512743.09,602866467.44,1336604022.81,736037554.43,11299558051.48,18524682549.11,58413817302.26,76938499851.37,39386381933.34,8658211747.43,48044593680.77,28893906170.6,-554898249.29,-955245786.91,-26635300.85,-1536849881.61,2011-06-30
2011-07-15,sh.600005,4.1,4.18,4.07,4.15,4.11,33605691.0,138460190.0,3,0.332935,1,0.9732,20.693082,1.454035,0.52454,-32.707563,0,2011-03-31,585907529.98,24595485387.82,23826829562.86,22554221778.27,809699830.46,814420273.07,228512743.09,602866467.44,1336604022.81,736037554.43,11299558051.48,18524682549.11,58413817302.26,76938499851.37,39386381933.34,8658211747.43,48044593680.77,28893906170.6,-554898249.29,-955245786.91,-26635300.85,-1536849881.61,2011-06-30
2011-07-18,sh.600005,4.15,4.15,4.1,4.11,4.15,18328746.0,75540339.0,3,0.181585,1,-0.9639,20.493631,1.44002,0.519484,-32.39231,0,2011-03-31,585907529.98,24595485387.82,23826829562.86,22554221778.27,809699830.46,814420273.07,228512743.09,602866467.44,1336604022.81,736037554.43,11299558051.48,18524682549.11,58413817302.26,76938499851.37,39386381933.34,8658211747.43,48044593680.77,28893906170.6,-554898249.29,-955245786.91,-26635300.85,-1536849881.61,2011-06-30
2011-07-19,sh.600005,4.1,4.1,4.07,4.08,4.11,19350154.0,78942289.0,3,0.191704,1,-0.7299,20.344042,1.429509,0.515692,-32.155869,0,2011-03-31,585907529.98,24595485387.82,23826829562.86,22554221778.27,809699830.46,814420273.07,228512743.09,602866467.44,1336604022.81,736037554.43,11299558051.48,18524682549.11,58413817302.26,76938499851.37,39386381933.34,8658211747.43,48044593680.77,28893906170.6,-554898249.29,-955245786.91,-26635300.85,-1536849881.61,2011-06-30
2011-07-20,sh.600005,4.09,4.11,4.05,4.07,4.08,14765023.0,60155575.0,3,0.146278,1,-0.2451,20.294179,1.426005,0.514428,-32.077056,0,2011-03-31,585907529.98,24595485387.82,23826829562.86,22554221778.27,809699830.46,814420273.07,228512743.09,602866467.44,1336604022.81,736037554.43,11299558051.48,18524682549.11,58413817302.26,76938499851.37,39386381933.34,8658211747.43,48044593680.77,28893906170.6,-554898249.29,-955245786.91,-26635300.85,-1536849881.61,2011-06-30
2011-07-21,sh.600005,4.07,4.08,4.02,4.03,4.07,15546955.0,62918568.0,3,0.154025,1,-0.9828,20.094728,1.411991,0.509372,-31.761802,0,2011-03-31,585907529.98,24595485387.82,23826829562.86,22554221778.27,809699830.46,814420273.07,228512743.09,602866467.44,1336604022.81,736037554.43,11299558051.48,18524682549.11,58413817302.26,76938499851.37,39386381933.34,8658211747.43,48044593680.77,28893906170.6,-554898249.29,-955245786.91,-26635300.85,-1536849881.61,2011-06-30
2011-07-22,sh.600005,4.04,4.08,4.03,4.04,4.03,11767417.0,47616590.0,3,0.116581,1,0.2481,20.144591,1.415494,0.510636,-31.840616,0,2011-03-31,585907529.98,24595485387.82,23826829562.86,22554221778.27,809699830.46,814420273.07,228512743.09,602866467.44,1336604022.81,736037554.43,11299558051.48,18524682549.11,58413817302.26,76938499851.37,39386381933.34,8658211747.43,48044593680.77,28893906170.6,-554898249.29,-955245786.91,-26635300.85,-1536849881.61,2011-06-30
2011-07-25,sh.600005,4.01,4.02,3.91,3.92,4.04,34611018.0,137135749.0,3,0.342895,1,-2.9703,19.546237,1.37345,0.495469,-30.894855,0,2011-03-31,585907529.98,24595485387.82,23826829562.86,22554221778.27,809699830.46,814420273.07,228512743.09,602866467.44,1336604022.81,736037554.43,11299558051.48,18524682549.11,58413817302.26,76938499851.37,39386381933.34,8658211747.43,48044593680.77,28893906170.6,-554898249.29,-955245786.91,-26635300.85,-1536849881.61,2011-06-30
2011-07-26,sh.600005,3.92,3.94,3.9,3.94,3.92,14201693.0,55706526.0,3,0.140697,1,0.5102,19.645962,1.380457,0.497997,-31.052482,0,2011-03-31,585907529.98,24595485387.82,23826829562.86,22554221778.27,809699830.46,814420273.07,228512743.09,602866467.44,1336604022.81,736037554.43,11299558051.48,18524682549.11,58413817302.26,76938499851.37,39386381933.34,8658211747.43,48044593680.77,28893906170.6,-554898249.29,-955245786.91,-26635300.85,-1536849881.61,2011-06-30
2011-07-27,sh.600005,3.91,3.94,3.9,3.94,3.94,16535182.0,64848424.0,3,0.163816,1,0.0,19.645962,1.380457,0.497997,-31.052482,0,2011-03-31,585907529.98,24595485387.82,23826829562.86,22554221778.27,809699830.46,814420273.07,228512743.09,602866467.44,1336604022.81,736037554.43,11299558051.48,18524682549.11,58413817302.26,76938499851.37,39386381933.34,8658211747.43,48044593680.77,28893906170.6,-554898249.29,-955245786.91,-26635300.85,-1536849881.61,2011-06-30
2011-07-28,sh.600005,3.91,3.94,3.9,3.92,3.94,18656940.0,73010826.0,3,0.184836,1,-0.5076,19.546237,1.37345,0.495469,-30.894855,0,2011-03-31,585907529.98,24595485387.82,23826829562.86,22554221778.27,809699830.46,814420273.07,228512743.09,602866467.44,1336604022.81,736037554.43,11299558051.48,18524682549.11,58413817302.26,76938499851.37,39386381933.34,8658211747.43,48044593680.77,28893906170.6,-554898249.29,-955245786.91,-26635300.85,-1536849881.61,2011-06-30
2011-07-29,sh.600005,3.92,3.95,3.9,3.94,3.92,15687307.0,61547049.0,3,0.155416,1,0.5102,19.645962,1.380457,0.497997,-31.052482,0,2011-03-31,585907529.98,24595485387.82,23826829562.86,22554221778.27,809699830.46,814420273.07,228512743.09,602866467.44,1336604022.81,736037554.43,11299558051.48,18524682549.11,58413817302.26,76938499851.37,39386381933.34,8658211747.43,48044593680.77,28893906170.6,-554898249.29,-955245786.91,-26635300.85,-1536849881.61,2011-06-30
2011-08-01,sh.600005,3.93,3.99,3.9,3.98,3.94,21614523.0,85477534.0,3,0.214137,1,1.0152,19.845414,1.394472,0.503053,-31.367735,0,2011-03-31,585907529.98,24595485387.82,23826829562.86,22554221778.27,809699830.46,814420273.07,228512743.09,602866467.44,1336604022.81,736037554.43,11299558051.48,18524682549.11,58413817302.26,76938499851.37,39386381933.34,8658211747.43,48044593680.77,28893906170.6,-554898249.29,-955245786.91,-26635300.85,-1536849881.61,2011-06-30
2011-08-02,sh.600005,3.95,3.97,3.9,3.93,3.98,16071286.0,62947277.0,3,0.15922,1,-1.2563,19.5961,1.376954,0.496733,-30.973668,0,2011-03-31,585907529.98,24595485387.82,23826829562.86,22554221778.27,809699830.46,814420273.07,228512743.09,602866467.44,1336604022.81,736037554.43,11299558051.48,18524682549.11,58413817302.26,76938499851.37,39386381933.34,8658211747.43,48044593680.77,28893906170.6,-554898249.29,-955245786.91,-26635300.85,-1536849881.61,2011-06-30
2011-08-03,sh.600005,3.91,4.04,3.87,3.96,3.93,21934510.0,86961978.0,3,0.217307,1,0.7634,19.745688,1.387465,0.500525,-31.210108,0,2011-03-31,585907529.98,24595485387.82,23826829562.86,22554221778.27,809699830.46,814420273.07,228512743.09,602866467.44,1336604022.81,736037554.43,11299558051.48,18524682549.11,58413817302.26,76938499851.37,39386381933.34,8658211747.43,48044593680.77,28893906170.6,-554898249.29,-955245786.91,-26635300.85,-1536849881.61,2011-06-30
2011-08-04,sh.600005,3.96,3.96,3.91,3.93,3.96,12169585.0,47832526.0,3,0.120565,1,-0.7576,19.5961,1.376954,0.496733,-30.973668,0,2011-03-31,585907529.98,24595485387.82,23826829562.86,22554221778.27,809699830.46,814420273.07,228512743.09,602866467.44,1336604022.81,736037554.43,11299558051.48,18524682549.11,58413817302.26,76938499851.37,39386381933.34,8658211747.43,48044593680.77,28893906170.6,-554898249.29,-955245786.91,-26635300.85,-1536849881.61,2011-06-30
2011-08-05,sh.600005,3.87,3.87,3.82,3.83,3.93,20744192.0,79656289.0,3,0.205515,1,-2.5445,19.097471,1.341917,0.484093,-30.185534,0,2011-03-31,585907529.98,24595485387.82,23826829562.86,22554221778.27,809699830.46,814420273.07,228512743.09,602866467.44,1336604022.81,736037554.43,11299558051.48,18524682549.11,58413817302.26,76938499851.37,39386381933.34,8658211747.43,48044593680.77,28893906170.6,-554898249.29,-955245786.91,-26635300.85,-1536849881.61,2011-06-30
2011-08-08,sh.600005,3.79,3.8,3.53,3.61,3.83,41574453.0,152506547.0,3,0.411882,1,-5.7441,18.000488,1.264835,0.456286,-28.451639,0,2011-03-31,585907529.98,24595485387.82,23826829562.86,22554221778.27,809699830.46,814420273.07,228512743.09,602866467.44,1336604022.81,736037554.43,11299558051.48,18524682549.11,58413817302.26,76938499851.37,39386381933.34,8658211747.43,48044593680.77,28893906170.6,-554898249.29,-955245786.91,-26635300.85,-1536849881.61,2011-06-30
2011-08-09,sh.600005,3.52,3.57,3.42,3.55,3.61,37049470.0,129346613.0,3,0.367052,1,-1.662,17.701311,1.243813,0.448703,-27.978759,0,2011-03-31,585907529.98,24595485387.82,23826829562.86,22554221778.27,809699830.46,814420273.07,228512743.09,602866467.44,1336604022.81,736037554.43,11299558051.48,18524682549.11,58413817302.26,76938499851.37,39386381933.34,8658211747.43,48044593680.77,28893906170.6,-554898249.29,-955245786.91,-26635300.85,-1536849881.61,2011-06-30
2011-08-10,sh.600005,3.61,3.63,3.57,3.6,3.55,22623138.0,81393184.0,3,0.224129,1,1.4085,17.950626,1.261332,0.455022,-28.372826,0,2011-03-31,585907529.98,24595485387.82,23826829562.86,22554221778.27,809699830.46,814420273.07,228512743.09,602866467.44,1336604022.81,736037554.43,11299558051.48,18524682549.11,58413817302.26,76938499851.37,39386381933.34,8658211747.43,48044593680.77,28893906170.6,-554898249.29,-955245786.91,-26635300.85,-1536849881.61,2011-06-30
2011-08-11,sh.600005,3.54,3.6,3.49,3.59,3.6,36421141.0,129276284.0,3,0.360828,1,-0.2778,17.900763,1.257828,0.453758,-28.294012,0,2011-03-31,585907529.98,24595485387.82,23826829562.86,22554221778.27,809699830.46,814420273.07,228512743.09,602866467.44,1336604022.81,736037554.43,11299558051.48,18524682549.11,58413817302.26,76938499851.37,39386381933.34,8658211747.43,48044593680.77,28893906170.6,-554898249.29,-955245786.91,-26635300.85,-1536849881.61,2011-06-30
2011-08-12,sh.600005,3.6,3.65,3.59,3.61,3.59,27821538.0,100714835.0,3,0.275631,1,0.5571,18.000488,1.264835,0.456286,-28.451639,0,2011-03-31,585907529.98,24595485387.82,23826829562.86,22554221778.27,809699830.46,814420273.07,228512743.09,602866467.44,1336604022.81,736037554.43,11299558051.48,18524682549.11,58413817302.26,76938499851.37,39386381933.34,8658211747.43,48044593680.77,28893906170.6,-554898249.29,-955245786.91,-26635300.85,-1536849881.61,2011-06-30
2011-08-15,sh.600005,3.63,3.65,3.6,3.65,3.61,17408244.0,63149667.0,3,0.172465,1,1.108,18.19994,1.27885,0.461342,-28.766893,0,2011-03-31,585907529.98,24595485387.82,23826829562.86,22554221778.27,809699830.46,814420273.07,228512743.09,602866467.44,1336604022.81,736037554.43,11299558051.48,18524682549.11,58413817302.26,76938499851.37,39386381933.34,8658211747.43,48044593680.77,28893906170.6,-554898249.29,-955245786.91,-26635300.85,-1536849881.61,2011-06-30
2011-08-16,sh.600005,3.65,3.67,3.62,3.63,3.65,20670628.0,75313248.0,3,0.204786,1,-0.5479,18.100214,1.271843,0.458814,-28.609266,0,2011-03-31,585907529.98,24595485387.82,23826829562.86,22554221778.27,809699830.46,814420273.07,228512743.09,602866467.44,1336604022.81,736037554.43,11299558051.48,18524682549.11,58413817302.26,76938499851.37,39386381933.34,8658211747.43,48044593680.77,28893906170.6,-554898249.29,-955245786.91,-26635300.85,-1536849881.61,2011-06-30
2011-08-17,sh.600005,3.61,3.63,3.58,3.61,3.63,15624665.0,56300968.0,3,0.154795,1,-0.551,18.000488,1.264835,0.456286,-28.451639,0,2011-03-31,585907529.98,24595485387.82,23826829562.86,22554221778.27,809699830.46,814420273.07,228512743.09,602866467.44,1336604022.81,736037554.43,11299558051.48,18524682549.11,58413817302.26,76938499851.37,39386381933.34,8658211747.43,48044593680.77,28893906170.6,-554898249.29,-955245786.91,-26635300.85,-1536849881.61,2011-06-30
2011-08-18,sh.600005,3.6,3.63,3.5,3.52,3.61,17519460.0,62715756.0,3,0.173567,1,-2.4931,17.551723,1.233302,0.444911,-27.742319,0,2011-03-31,585907529.98,24595485387.82,23826829562.86,22554221778.27,809699830.46,814420273.07,228512743.09,602866467.44,1336604022.81,736037554.43,11299558051.48,18524682549.11,58413817302.26,76938499851.37,39386381933.34,8658211747.43,48044593680.77,28893906170.6,-554898249.29,-955245786.91,-26635300.85,-1536849881.61,2011-06-30
2011-08-19,sh.600005,3.46,3.55,3.44,3.52,3.52,21134339.0,73497956.0,3,0.20938,1,0.0,17.551723,1.233302,0.444911,-27.742319,0,2011-03-31,585907529.98,24595485387.82,23826829562.86,22554221778.27,809699830.46,814420273.07,228512743.09,602866467.44,1336604022.81,736037554.43,11299558051.48,18524682549.11,58413817302.26,76938499851.37,39386381933.34,8658211747.43,48044593680.77,28893906170.6,-554898249.29,-955245786.91,-26635300.85,-1536849881.61,2011-06-30
2011-08-22,sh.600005,3.51,3.54,3.47,3.5,3.52,12144142.0,42539283.0,3,0.120313,1,-0.5682,17.451997,1.226295,0.442383,-27.584692,0,2011-03-31,585907529.98,24595485387.82,23826829562.86,22554221778.27,809699830.46,814420273.07,228512743.09,602866467.44,1336604022.81,736037554.43,11299558051.48,18524682549.11,58413817302.26,76938499851.37,39386381933.34,8658211747.43,48044593680.77,28893906170.6,-554898249.29,-955245786.91,-26635300.85,-1536849881.61,2011-06-30
2011-08-23,sh.600005,3.5,3.55,3.5,3.54,3.5,14780495.0,52168848.0,3,0.146432,1,1.1429,19.193473,0.988154,0.419518,-44.117506,0,2011-03-31,585907529.98,24595485387.82,23826829562.86,22554221778.27,809699830.46,814420273.07,228512743.09,602866467.44,1336604022.81,736037554.43,11299558051.48,18524682549.11,58413817302.26,76938499851.37,39386381933.34,8658211747.43,48044593680.77,28893906170.6,-554898249.29,-955245786.91,-26635300.85,-1536849881.61,2011-06-30
2011-08-24,sh.600005,3.56,3.56,3.52,3.52,3.54,15511754.0,54895490.0,3,0.153676,1,-0.565,19.085035,0.982571,0.417148,-43.868254,0,2011-03-31,585907529.98,24595485387.82,23826829562.86,22554221778.27,809699830.46,814420273.07,228512743.09,602866467.44,1336604022.81,736037554.43,11299558051.48,18524682549.11,58413817302.26,76938499851.37,39386381933.34,8658211747.43,48044593680.77,28893906170.6,-554898249.29,-955245786.91,-26635300.85,-1536849881.61,2011-06-30
2011-08-25,sh.600005,3.55,3.64,3.53,3.63,3.52,32975740.0,118568651.0,3,0.326694,1,3.125,19.681443,1.013277,0.430183,-45.239137,0,2011-03-31,585907529.98,24595485387.82,23826829562.86,22554221778.27,809699830.46,814420273.07,228512743.09,602866467.44,1336604022.81,736037554.43,11299558051.48,18524682549.11,58413817302.26,76938499851.37,39386381933.34,8658211747.43,48044593680.77,28893906170.6,-554898249.29,-955245786.91,-26635300.85,-1536849881.61,2011-06-30
2011-08-26,sh.600005,3.61,3.63,3.58,3.61,3.63,18983295.0,68421775.0,3,0.188069,1,-0.55097,19.573005,1.007694,0.427813,-44.989886,0,2011-03-31,585907529.98,24595485387.82,23826829562.86,22554221778.27,809699830.46,814420273.07,228512743.09,602866467.44,1336604022.81,736037554.43,11299558051.48,18524682549.11,58413817302.26,76938499851.37,39386381933.34,8658211747.43,48044593680.77,28893906170.6,-554898249.29,-955245786.91,-26635300.85,-1536849881.61,2011-06-30
2011-08-29,sh.600005,3.59,3.59,3.5,3.54,3.61,20888600.0,74039061.0,3,0.206945,1,-1.9391,19.193473,0.988154,0.419518,-44.117506,0,2011-03-31,585907529.98,24595485387.82,23826829562.86,22554221778.27,809699830.46,814420273.07,228512743.09,602866467.44,1336604022.81,736037554.43,11299558051.48,18524682549.11,58413817302.26,76938499851.37,39386381933.34,8658211747.43,48044593680.77,28893906170.6,-554898249.29,-955245786.91,-26635300.85,-1536849881.61,2011-06-30
2011-08-30,sh.600005,3.56,3.6,3.53,3.53,3.54,16065780.0,57262930.0,3,0.159165,1,-0.2825,19.139254,0.985363,0.418333,-43.99288,0,2011-03-31,585907529.98,24595485387.82,23826829562.86,22554221778.27,809699830.46,814420273.07,228512743.09,602866467.44,1336604022.81,736037554.43,11299558051.48,18524682549.11,58413817302.26,76938499851.37,39386381933.34,8658211747.43,48044593680.77,28893906170.6,-554898249.29,-955245786.91,-26635300.85,-1536849881.61,2011-06-30
2011-08-31,sh.600005,3.52,3.57,3.52,3.55,3.53,12644885.0,44767281.0,3,0.125274,1,0.5666,19.247692,0.990945,0.420703,-44.242131,0,2011-03-31,585907529.98,24595485387.82,23826829562.86,22554221778.27,809699830.46,814420273.07,228512743.09,602866467.44,1336604022.81,736037554.43,11299558051.48,18524682549.11,58413817302.26,76938499851.37,39386381933.34,8658211747.43,48044593680.77,28893906170.6,-554898249.29,-955245786.91,-26635300.85,-1536849881.61,2011-06-30
2011-09-01,sh.600005,3.55,3.58,3.51,3.52,3.55,13028014.0,46082671.0,3,0.12907,1,-0.8451,19.085035,0.982571,0.417148,-43.868254,0,2011-03-31,585907529.98,24595485387.82,23826829562.86,22554221778.27,809699830.46,814420273.07,228512743.09,602866467.44,1336604022.81,736037554.43,11299558051.48,18524682549.11,58413817302.26,76938499851.37,39386381933.34,8658211747.43,48044593680.77,28893906170.6,-554898249.29,-955245786.91,-26635300.85,-1536849881.61,2011-06-30
2011-09-02,sh.600005,3.52,3.53,3.48,3.49,3.52,15292481.0,53548762.0,3,0.151504,1,-0.8523,18.922379,0.974197,0.413592,-43.494377,0,2011-03-31,585907529.98,24595485387.82,23826829562.86,22554221778.27,809699830.46,814420273.07,228512743.09,602866467.44,1336604022.81,736037554.43,11299558051.48,18524682549.11,58413817302.26,76938499851.37,39386381933.34,8658211747.43,48044593680.77,28893906170.6,-554898249.29,-955245786.91,-26635300.85,-1536849881.61,2011-06-30
2011-09-05,sh.600005,3.49,3.49,3.42,3.45,3.49,18389760.0,63453302.0,3,0.182189,1,-1.1461,18.705503,0.963032,0.408852,-42.995874,0,2011-03-31,585907529.98,24595485387.82,23826829562.86,22554221778.27,809699830.46,814420273.07,228512743.09,602866467.44,1336604022.81,736037554.43,11299558051.48,18524682549.11,58413817302.26,76938499851.37,39386381933.34,8658211747.43,48044593680.77,28893906170.6,-554898249.29,-955245786.91,-26635300.85,-1536849881.61,2011-06-30
2011-09-06,sh.600005,3.42,3.46,3.4,3.44,3.45,9352124.0,32102288.0,3,0.092652,1,-0.2899,18.651285,0.96024,0.407667,-42.871248,0,2011-03-31,585907529.98,24595485387.82,23826829562.86,22554221778.27,809699830.46,814420273.07,228512743.09,602866467.44,1336604022.81,736037554.43,11299558051.48,18524682549.11,58413817302.26,76938499851.37,39386381933.34,8658211747.43,48044593680.77,28893906170.6,-554898249.29,-955245786.91,-26635300.85,-1536849881.61,2011-06-30
2011-09-07,sh.600005,3.45,3.5,3.45,3.49,3.44,10323722.0,35933989.0,3,0.102278,1,1.4535,18.922379,0.974197,0.413592,-43.494377,0,2011-03-31,585907529.98,24595485387.82,23826829562.86,22554221778.27,809699830.46,814420273.07,228512743.09,602866467.44,1336604022.81,736037554.43,11299558051.48,18524682549.11,58413817302.26,76938499851.37,39386381933.34,8658211747.43,48044593680.77,28893906170.6,-554898249.29,-955245786.91,-26635300.85,-1536849881.61,2011-06-30
2011-09-08,sh.600005,3.5,3.51,3.45,3.45,3.49,12614277.0,43868873.0,3,0.124971,1,-1.146131,18.705503,0.963032,0.408852,-42.995874,0,2011-03-31,585907529.98,24595485387.82,23826829562.86,22554221778.27,809699830.46,814420273.07,228512743.09,602866467.44,1336604022.81,736037554.43,11299558051.48,18524682549.11,58413817302.26,76938499851.37,39386381933.34,8658211747.43,48044593680.77,28893906170.6,-554898249.29,-955245786.91,-26635300.85,-1536849881.61,2011-06-30
2011-09-09,sh.600005,3.48,3.52,3.44,3.47,3.45,9776503.0,33987311.0,3,0.096857,1,0.5797,18.813941,0.968614,0.411222,-43.245126,0,2011-03-31,585907529.98,24595485387.82,23826829562.86,22554221778.27,809699830.46,814420273.07,228512743.09,602866467.44,1336604022.81,736037554.43,11299558051.48,18524682549.11,58413817302.26,76938499851.37,39386381933.34,8658211747.43,48044593680.77,28893906170.6,-554898249.29,-955245786.91,-26635300.85,-1536849881.61,2011-06-30
2011-09-13,sh.600005,3.43,3.46,3.41,3.45,3.47,10851476.0,37208867.0,3,0.107507,1,-0.5764,18.705503,0.963032,0.408852,-42.995874,0,2011-03-31,585907529.98,24595485387.82,23826829562.86,22554221778.27,809699830.46,814420273.07,228512743.09,602866467.44,1336604022.81,736037554.43,11299558051.48,18524682549.11,58413817302.26,76938499851.37,39386381933.34,8658211747.43,48044593680.77,28893906170.6,-554898249.29,-955245786.91,-26635300.85,-1536849881.61,2011-06-30
2011-09-14,sh.600005,3.45,3.47,3.4,3.47,3.45,15778461.0,54173380.0,3,0.156319,1,0.5797,18.813941,0.968614,0.411222,-43.245126,0,2011-03-31,585907529.98,24595485387.82,23826829562.86,22554221778.27,809699830.46,814420273.07,228512743.09,602866467.44,1336604022.81,736037554.43,11299558051.48,18524682549.11,58413817302.26,76938499851.37,39386381933.34,8658211747.43,48044593680.77,28893906170.6,-554898249.29,-955245786.91,-26635300.85,-1536849881.61,2011-06-30
2011-09-15,sh.600005,3.47,3.47,3.47,3.47,3.47,0.0,0.0,3,,0,0.0,18.813941,0.968614,0.411222,-43.245126,0,2011-03-31,585907529.98,24595485387.82,23826829562.86,22554221778.27,809699830.46,814420273.07,228512743.09,602866467.44,1336604022.81,736037554.43,11299558051.48,18524682549.11,58413817302.26,76938499851.37,39386381933.34,8658211747.43,48044593680.77,28893906170.6,-554898249.29,-955245786.91,-26635300.85,-1536849881.61,2011-06-30
2011-09-16,sh.600005,3.47,3.48,3.4,3.43,3.47,15060690.0,52030473.0,3,0.149208,1,-1.1527,18.597066,0.957449,0.406482,-42.746623,0,2011-03-31,585907529.98,24595485387.82,23826829562.86,22554221778.27,809699830.46,814420273.07,228512743.09,602866467.44,1336604022.81,736037554.43,11299558051.48,18524682549.11,58413817302.26,76938499851.37,39386381933.34,8658211747.43,48044593680.77,28893906170.6,-554898249.29,-955245786.91,-26635300.85,-1536849881.61,2011-06-30
2011-09-19,sh.600005,3.42,3.47,3.38,3.38,3.43,15599664.0,53118163.0,3,0.154547,1,-1.4577,18.325971,0.943492,0.400556,-42.123494,0,2011-03-31,585907529.98,24595485387.82,23826829562.86,22554221778.27,809699830.46,814420273.07,228512743.09,602866467.44,1336604022.81,736037554.43,11299558051.48,18524682549.11,58413817302.26,76938499851.37,39386381933.34,8658211747.43,48044593680.77,28893906170.6,-554898249.29,-955245786.91,-26635300.85,-1536849881.61,2011-06-30
2011-09-20,sh.600005,3.38,3.42,3.37,3.39,3.38,9081372.0,30760453.0,3,0.08997,1,0.2959,18.38019,0.946283,0.401742,-42.24812,0,2011-03-31,585907529.98,24595485387.82,23826829562.86,22554221778.27,809699830.46,814420273.07,228512743.09,602866467.44,1336604022.81,736037554.43,11299558051.48,18524682549.11,58413817302.26,76938499851.37,39386381933.34,8658211747.43,48044593680.77,28893906170.6,-554898249.29,-955245786.91,-26635300.85,-1536849881.61,2011-06-30
2011-09-21,sh.600005,3.39,3.47,3.37,3.46,3.39,21900813.0,75270027.0,3,0.216973,1,2.0649,18.759722,0.965823,0.410037,-43.1205,0,2011-03-31,585907529.98,24595485387.82,23826829562.86,22554221778.27,809699830.46,814420273.07,228512743.09,602866467.44,1336604022.81,736037554.43,11299558051.48,18524682549.11,58413817302.26,76938499851.37,39386381933.34,8658211747.43,48044593680.77,28893906170.6,-554898249.29,-955245786.91,-26635300.85,-1536849881.61,2011-06-30
2011-09-22,sh.600005,3.43,3.46,3.37,3.38,3.46,20517937.0,69922290.0,3,0.203273,1,-2.3121,18.325971,0.943492,0.400556,-42.123494,0,2011-03-31,585907529.98,24595485387.82,23826829562.86,22554221778.27,809699830.46,814420273.07,228512743.09,602866467.44,1336604022.81,736037554.43,11299558051.48,18524682549.11,58413817302.26,76938499851.37,39386381933.34,8658211747.43,48044593680.77,28893906170.6,-554898249.29,-955245786.91,-26635300.85,-1536849881.61,2011-06-30
2011-09-23,sh.600005,3.34,3.36,3.28,3.36,3.38,19903673.0,66161300.0,3,0.197188,1,-0.5917,18.217534,0.937909,0.398186,-41.874243,0,2011-03-31,585907529.98,24595485387.82,23826829562.86,22554221778.27,809699830.46,814420273.07,228512743.09,602866467.44,1336604022.81,736037554.43,11299558051.48,18524682549.11,58413817302.26,76938499851.37,39386381933.34,8658211747.43,48044593680.77,28893906170.6,-554898249.29,-955245786.91,-26635300.85,-1536849881.61,2011-06-30
2011-09-26,sh.600005,3.32,3.36,3.29,3.3,3.36,12734889.0,42276076.0,3,0.126166,1,-1.7857,17.892221,0.921161,0.391076,-41.126488,0,2011-03-31,585907529.98,24595485387.82,23826829562.86,22554221778.27,809699830.46,814420273.07,228512743.09,602866467.44,1336604022.81,736037554.43,11299558051.48,18524682549.11,58413817302.26,76938499851.37,39386381933.34,8658211747.43,48044593680.77,28893906170.6,-554898249.29,-955245786.91,-26635300.85,-1536849881.61,2011-06-30
2011-09-27,sh.600005,3.33,3.37,3.31,3.34,3.3,13076226.0,43743303.0,3,0.129547,1,1.2121,18.109096,0.932326,0.395816,-41.624991,0,2011-03-31,585907529.98,24595485387.82,23826829562.86,22554221778.27,809699830.46,814420273.07,228512743.09,602866467.44,1336604022.81,736037554.43,11299558051.48,18524682549.11,58413817302.26,76938499851.37,39386381933.34,8658211747.43,48044593680.77,28893906170.6,-554898249.29,-955245786.91,-26635300.85,-1536849881.61,2011-06-30
2011-09-28,sh.600005,3.36,3.39,3.3,3.3,3.34,13702909.0,45844137.0,3,0.135756,1,-1.1976,17.892221,0.921161,0.391076,-41.126488,0,2011-03-31,585907529.98,24595485387.82,23826829562.86,22554221778.27,809699830.46,814420273.07,228512743.09,602866467.44,1336604022.81,736037554.43,11299558051.48,18524682549.11,58413817302.26,76938499851.37,39386381933.34,8658211747.43,48044593680.77,28893906170.6,-554898249.29,-955245786.91,-26635300.85,-1536849881.61,2011-06-30
2011-09-29,sh.600005,3.3,3.35,3.29,3.31,3.3,14620134.0,48468758.0,3,0.144843,1,0.303,17.946439,0.923952,0.392261,-41.251114,0,2011-03-31,585907529.98,24595485387.82,23826829562.86,22554221778.27,809699830.46,814420273.07,228512743.09,602866467.44,1336604022.81,736037554.43,11299558051.48,18524682549.11,58413817302.26,76938499851.37,39386381933.34,8658211747.43,48044593680.77,28893906170.6,-554898249.29,-955245786.91,-26635300.85,-1536849881.61,2011-06-30
2011-09-30,sh.600005,3.33,3.34,3.26,3.3,3.31,14570295.0,48062780.0,3,0.144349,1,-0.3021,17.892221,0.921161,0.391076,-41.126488,0,2011-06-30,1229598378.97,50821765910.06,49307437554.23,46885471089.12,1600191202.6,1612185941.73,382587562.76,1225808766.2,1530086652.46,604888299.43,15421585819.62,23802312330.25,71184746321.63,94987058651.88,54840070293.02,2566949225.91,57407019518.93,37580039132.95,223131715.37,-7542152258.53,5370670873.69,-1948946876.79,2011-09-30
2011-10-10,sh.600005,3.3,3.32,3.27,3.29,3.3,10522429.0,34670805.0,3,0.104247,1,-0.303,17.838002,0.918369,0.389891,-41.001863,0,2011-06-30,1229598378.97,50821765910.06,49307437554.23,46885471089.12,1600191202.6,1612185941.73,382587562.76,1225808766.2,1530086652.46,604888299.43,15421585819.62,23802312330.25,71184746321.63,94987058651.88,54840070293.02,2566949225.91,57407019518.93,37580039132.95,223131715.37,-7542152258.53,5370670873.69,-1948946876.79,2011-09-30
2011-10-11,sh.600005,3.36,3.36,3.3,3.32,3.29,18162311.0,60256403.0,3,0.179936,1,0.9119,18.000658,0.926743,0.393446,-41.37574,0,2011-06-30,1229598378.97,50821765910.06,49307437554.23,46885471089.12,1600191202.6,1612185941.73,382587562.76,1225808766.2,1530086652.46,604888299.43,15421585819.62,23802312330.25,71184746321.63,94987058651.88,54840070293.02,2566949225.91,57407019518.93,37580039132.95,223131715.37,-7542152258.53,5370670873.69,-1948946876.79,2011-09-30
2011-10-12,sh.600005,3.32,3.42,3.29,3.41,3.32,29958208.0,101050707.0,3,0.296799,1,2.7108,18.488628,0.951866,0.404112,-42.497371,0,2011-06-30,1229598378.97,50821765910.06,49307437554.23,46885471089.12,1600191202.6,1612185941.73,382587562.76,1225808766.2,1530086652.46,604888299.43,15421585819.62,23802312330.25,71184746321.63,94987058651.88,54840070293.02,2566949225.91,57407019518.93,37580039132.95,223131715.37,-7542152258.53,5370670873.69,-1948946876.79,2011-09-30
2011-10-13,sh.600005,3.4,3.56,3.38,3.46,3.41,33423210.0,115386258.0,3,0.331127,1,1.4663,18.759722,0.965823,0.410037,-43.1205,0,2011-06-30,1229598378.97,50821765910.06,49307437554.23,46885471089.12,1600191202.6,1612185941.73,382587562.76,1225808766.2,1530086652.46,604888299.43,15421585819.62,23802312330.25,71184746321.63,94987058651.88,54840070293.02,2566949225.91,57407019518.93,37580039132.95,223131715.37,-7542152258.53,5370670873.69,-1948946876.79,2011-09-30
2011-10-14,sh.600005,3.45,3.45,3.41,3.44,3.46,13276934.0,45522197.0,3,0.131536,1,-0.578,18.651285,0.96024,0.407667,-42.871248,0,2011-06-30,1229598378.97,50821765910.06,49307437554.23,46885471089.12,1600191202.6,1612185941.73,382587562.76,1225808766.2,1530086652.46,604888299.43,15421585819.62,23802312330.25,71184746321.63,94987058651.88,54840070293.02,2566949225.91,57407019518.93,37580039132.95,223131715.37,-7542152258.53,5370670873.69,-1948946876.79,2011-09-30
2011-10-17,sh.600005,3.45,3.47,3.41,3.42,3.44,13484981.0,46410363.0,3,0.133597,1,-0.5814,18.542847,0.954657,0.405297,-42.621997,0,2011-06-30,1229598378.97,50821765910.06,49307437554.23,46885471089.12,1600191202.6,1612185941.73,382587562.76,1225808766.2,1530086652.46,604888299.43,15421585819.62,23802312330.25,71184746321.63,94987058651.88,54840070293.02,2566949225.91,57407019518.93,37580039132.95,223131715.37,-7542152258.53,5370670873.69,-1948946876.79,2011-09-30
2011-10-18,sh.600005,3.4,3.41,3.32,3.33,3.42,19281818.0,64957583.0,3,0.191027,1,-2.6316,18.054877,0.929535,0.394631,-41.500365,0,2011-06-30,1229598378.97,50821765910.06,49307437554.23,46885471089.12,1600191202.6,1612185941.73,382587562.76,1225808766.2,1530086652.46,604888299.43,15421585819.62,23802312330.25,71184746321.63,94987058651.88,54840070293.02,2566949225.91,57407019518.93,37580039132.95,223131715.37,-7542152258.53,5370670873.69,-1948946876.79,2011-09-30
2011-10-19,sh.600005,3.32,3.4,3.32,3.34,3.33,13885633.0,46540039.0,3,0.137566,1,0.3003,18.109096,0.932326,0.395816,-41.624991,0,2011-06-30,1229598378.97,50821765910.06,49307437554.23,46885471089.12,1600191202.6,1612185941.73,382587562.76,1225808766.2,1530086652.46,604888299.43,15421585819.62,23802312330.25,71184746321.63,94987058651.88,54840070293.02,2566949225.91,57407019518.93,37580039132.95,223131715.37,-7542152258.53,5370670873.69,-1948946876.79,2011-09-30
2011-10-20,sh.600005,3.32,3.35,3.27,3.28,3.34,14483158.0,47776553.0,3,0.143486,1,-1.7964,17.783783,0.915578,0.388706,-40.877237,0,2011-06-30,1229598378.97,50821765910.06,49307437554.23,46885471089.12,1600191202.6,1612185941.73,382587562.76,1225808766.2,1530086652.46,604888299.43,15421585819.62,23802312330.25,71184746321.63,94987058651.88,54840070293.02,2566949225.91,57407019518.93,37580039132.95,223131715.37,-7542152258.53,5370670873.69,-1948946876.79,2011-09-30
2011-10-21,sh.600005,3.28,3.32,3.28,3.29,3.28,9580413.0,31601507.0,3,0.094914,1,0.3049,17.838002,0.918369,0.389891,-41.001863,0,2011-06-30,1229598378.97,50821765910.06,49307437554.23,46885471089.12,1600191202.6,1612185941.73,382587562.76,1225808766.2,1530086652.46,604888299.43,15421585819.62,23802312330.25,71184746321.63,94987058651.88,54840070293.02,2566949225.91,57407019518.93,37580039132.95,223131715.37,-7542152258.53,5370670873.69,-1948946876.79,2011-09-30
2011-10-24,sh.600005,3.3,3.36,3.29,3.36,3.29,12407559.0,41294286.0,3,0.122923,1,2.1277,18.217534,0.937909,0.398186,-41.874243,0,2011-06-30,1229598378.97,50821765910.06,49307437554.23,46885471089.12,1600191202.6,1612185941.73,382587562.76,1225808766.2,1530086652.46,604888299.43,15421585819.62,23802312330.25,71184746321.63,94987058651.88,54840070293.02,2566949225.91,57407019518.93,37580039132.95,223131715.37,-7542152258.53,5370670873.69,-1948946876.79,2011-09-30
2011-10-25,sh.600005,3.35,3.42,3.33,3.41,3.36,24559435.0,83126426.0,3,0.243313,1,1.4881,17.719273,0.941146,0.384099,-30.670371,0,2011-06-30,1229598378.97,50821765910.06,49307437554.23,46885471089.12,1600191202.6,1612185941.73,382587562.76,1225808766.2,1530086652.46,604888299.43,15421585819.62,23802312330.25,71184746321.63,94987058651.88,54840070293.02,2566949225.91,57407019518.93,37580039132.95,223131715.37,-7542152258.53,5370670873.69,-1948946876.79,2011-09-30
2011-10-26,sh.600005,3.39,3.46,3.37,3.43,3.41,30418156.0,104187124.0,3,0.301355,1,0.5865,17.823199,0.946666,0.386352,-30.850256,0,2011-06-30,1229598378.97,50821765910.06,49307437554.23,46885471089.12,1600191202.6,1612185941.73,382587562.76,1225808766.2,1530086652.46,604888299.43,15421585819.62,23802312330.25,71184746321.63,94987058651.88,54840070293.02,2566949225.91,57407019518.93,37580039132.95,223131715.37,-7542152258.53,5370670873.69,-1948946876.79,2011-09-30
2011-10-27,sh.600005,3.43,3.47,3.4,3.42,3.43,26542641.0,91161587.0,3,0.26296,1,-0.2915,17.771236,0.943906,0.385225,-30.760314,0,2011-06-30,1229598378.97,50821765910.06,49307437554.23,46885471089.12,1600191202.6,1612185941.73,382587562.76,1225808766.2,1530086652.46,604888299.43,15421585819.62,23802312330.25,71184746321.63,94987058651.88,54840070293.02,2566949225.91,57407019518.93,37580039132.95,223131715.37,-7542152258.53,5370670873.69,-1948946876.79,2011-09-30
2011-10-28,sh.600005,3.46,3.49,3.44,3.47,3.42,34203548.0,118745449.0,3,0.338858,1,1.462,18.03105,0.957706,0.390857,-31.210026,0,2011-06-30,1229598378.97,50821765910.06,49307437554.23,46885471089.12,1600191202.6,1612185941.73,382587562.76,1225808766.2,1530086652.46,604888299.43,15421585819.62,23802312330.25,71184746321.63,94987058651.88,54840070293.02,2566949225.91,57407019518.93,37580039132.95,223131715.37,-7542152258.53,5370670873.69,-1948946876.79,2011-09-30
2011-10-31,sh.600005,3.47,3.48,3.44,3.46,3.47,22628808.0,78186901.0,3,0.224186,1,-0.2882,17.979087,0.954946,0.389731,-31.120084,0,2011-06-30,1229598378.97,50821765910.06,49307437554.23,46885471089.12,1600191202.6,1612185941.73,382587562.76,1225808766.2,1530086652.46,604888299.43,15421585819.62,23802312330.25,71184746321.63,94987058651.88,54840070293.02,2566949225.91,57407019518.93,37580039132.95,223131715.37,-7542152258.53,5370670873.69,-1948946876.79,2011-09-30
2011-11-01,sh.600005,3.43,3.49,3.42,3.44,3.46,18871314.0,65175798.0,3,0.18696,1,-0.578,17.875161,0.949426,0.387478,-30.940199,0,2011-06-30,1229598378.97,50821765910.06,49307437554.23,46885471089.12,1600191202.6,1612185941.73,382587562.76,1225808766.2,1530086652.46,604888299.43,15421585819.62,23802312330.25,71184746321.63,94987058651.88,54840070293.02,2566949225.91,57407019518.93,37580039132.95,223131715.37,-7542152258.53,5370670873.69,-1948946876.79,2011-09-30
2011-11-02,sh.600005,3.4,3.48,3.39,3.48,3.44,23080499.0,79175375.0,3,0.228661,1,1.1628,18.083012,0.960466,0.391983,-31.299968,0,2011-06-30,1229598378.97,50821765910.06,49307437554.23,46885471089.12,1600191202.6,1612185941.73,382587562.76,1225808766.2,1530086652.46,604888299.43,15421585819.62,23802312330.25,71184746321.63,94987058651.88,54840070293.02,2566949225.91,57407019518.93,37580039132.95,223131715.37,-7542152258.53,5370670873.69,-1948946876.79,2011-09-30
2011-11-03,sh.600005,3.48,3.54,3.47,3.49,3.48,40930628.0,143627663.0,3,0.405503,1,0.2874,18.134975,0.963225,0.39311,-31.389911,0,2011-06-30,1229598378.97,50821765910.06,49307437554.23,46885471089.12,1600191202.6,1612185941.73,382587562.76,1225808766.2,1530086652.46,604888299.43,15421585819.62,23802312330.25,71184746321.63,94987058651.88,54840070293.02,2566949225.91,57407019518.93,37580039132.95,223131715.37,-7542152258.53,5370670873.69,-1948946876.79,2011-09-30
2011-11-04,sh.600005,3.52,3.57,3.5,3.52,3.49,31429492.0,110862518.0,3,0.311375,1,0.8596,18.290863,0.971505,0.396489,-31.659738,0,2011-06-30,1229598378.97,50821765910.06,49307437554.23,46885471089.12,1600191202.6,1612185941.73,382587562.76,1225808766.2,1530086652.46,604888299.43,15421585819.62,23802312330.25,71184746321.63,94987058651.88,54840070293.02,2566949225.91,57407019518.93,37580039132.95,223131715.37,-7542152258.53,5370670873.69,-1948946876.79,2011-09-30
2011-11-07,sh.600005,3.52,3.58,3.51,3.53,3.52,29892889.0,106011869.0,3,0.296152,1,0.2841,18.342826,0.974265,0.397615,-31.749681,0,2011-06-30,1229598378.97,50821765910.06,49307437554.23,46885471089.12,1600191202.6,1612185941.73,382587562.76,1225808766.2,1530086652.46,604888299.43,15421585819.62,23802312330.25,71184746321.63,94987058651.88,54840070293.02,2566949225.91,57407019518.93,37580039132.95,223131715.37,-7542152258.53,5370670873.69,-1948946876.79,2011-09-30
2011-11-08,sh.600005,3.56,3.57,3.5,3.51,3.53,24425139.0,85947496.0,3,0.241982,1,-0.5666,18.2389,0.968745,0.395363,-31.569796,0,2011-06-30,1229598378.97,50821765910.06,49307437554.23,46885471089.12,1600191202.6,1612185941.73,382587562.76,1225808766.2,1530086652.46,604888299.43,15421585819.62,23802312330.25,71184746321.63,94987058651.88,54840070293.02,2566949225.91,57407019518.93,37580039132.95,223131715.37,-7542152258.53,5370670873.69,-1948946876.79,2011-09-30
2011-11-09,sh.600005,3.52,3.53,3.45,3.5,3.51,21058517.0,73324251.0,3,0.208629,1,-0.2849,18.186938,0.965985,0.394236,-31.479853,0,2011-06-30,1229598378.97,50821765910.06,49307437554.23,46885471089.12,1600191202.6,1612185941.73,382587562.76,1225808766.2,1530086652.46,604888299.43,15421585819.62,23802312330.25,71184746321.63,94987058651.88,54840070293.02,2566949225.91,57407019518.93,37580039132.95,223131715.37,-7542152258.53,5370670873.69,-1948946876.79,2011-09-30
2011-11-10,sh.600005,3.47,3.55,3.45,3.46,3.5,40164595.0,140134786.0,3,0.397914,1,-1.1429,17.979087,0.954946,0.389731,-31.120084,0,2011-06-30,1229598378.97,50821765910.06,49307437554.23,46885471089.12,1600191202.6,1612185941.73,382587562.76,1225808766.2,1530086652.46,604888299.43,15421585819.62,23802312330.25,71184746321.63,94987058651.88,54840070293.02,2566949225.91,57407019518.93,37580039132.95,223131715.37,-7542152258.53,5370670873.69,-1948946876.79,2011-09-30
2011-11-11,sh.600005,3.47,3.49,3.41,3.43,3.46,20181049.0,69440336.0,3,0.199935,1,-0.8671,17.823199,0.946666,0.386352,-30.850256,0,2011-06-30,1229598378.97,50821765910.06,49307437554.23,46885471089.12,1600191202.6,1612185941.73,382587562.76,1225808766.2,1530086652.46,604888299.43,15421585819.62,23802312330.25,71184746321.63,94987058651.88,54840070293.02,2566949225.91,57407019518.93,37580039132.95,223131715.37,-7542152258.53,5370670873.69,-1948946876.79,2011-09-30
2011-11-14,sh.600005,3.45,3.47,3.43,3.47,3.43,19619665.0,67797529.0,3,0.194374,1,1.1662,18.03105,0.957706,0.390857,-31.210026,0,2011-06-30,1229598378.97,50821765910.06,49307437554.23,46885471089.12,1600191202.6,1612185941.73,382587562.76,1225808766.2,1530086652.46,604888299.43,15421585819.62,23802312330.25,71184746321.63,94987058651.88,54840070293.02,2566949225.91,57407019518.93,37580039132.95,223131715.37,-7542152258.53,5370670873.69,-1948946876.79,2011-09-30
2011-11-15,sh.600005,3.47,3.47,3.44,3.45,3.47,15536631.0,53588697.0,3,0.153923,1,-0.5764,17.927124,0.952186,0.388604,-31.030141,0,2011-06-30,1229598378.97,50821765910.06,49307437554.23,46885471089.12,1600191202.6,1612185941.73,382587562.76,1225808766.2,1530086652.46,604888299.43,15421585819.62,23802312330.25,71184746321.63,94987058651.88,54840070293.02,2566949225.91,57407019518.93,37580039132.95,223131715.37,-7542152258.53,5370670873.69,-1948946876.79,2011-09-30
2011-11-16,sh.600005,3.45,3.46,3.36,3.37,3.45,23022701.0,78175614.0,3,0.228088,1,-2.3188,17.511423,0.930106,0.379593,-30.310602,0,2011-06-30,1229598378.97,50821765910.06,49307437554.23,46885471089.12,1600191202.6,1612185941.73,382587562.76,1225808766.2,1530086652.46,604888299.43,15421585819.62,23802312330.25,71184746321.63,94987058651.88,54840070293.02,2566949225.91,57407019518.93,37580039132.95,223131715.37,-7542152258.53,5370670873.69,-1948946876.79,2011-09-30
2011-11-17,sh.600005,3.36,3.38,3.35,3.36,3.37,12258094.0,41242071.0,3,0.121442,1,-0.2967,17.45946,0.927346,0.378467,-30.220659,0,2011-06-30,1229598378.97,50821765910.06,49307437554.23,46885471089.12,1600191202.6,1612185941.73,382587562.76,1225808766.2,1530086652.46,604888299.43,15421585819.62,23802312330.25,71184746321.63,94987058651.88,54840070293.02,2566949225.91,57407019518.93,37580039132.95,223131715.37,-7542152258.53,5370670873.69,-1948946876.79,2011-09-30
2011-11-18,sh.600005,3.34,3.35,3.28,3.3,3.36,20248659.0,67048813.0,3,0.200605,1,-1.7857,17.147684,0.910786,0.371708,-29.681005,0,2011-06-30,1229598378.97,50821765910.06,49307437554.23,46885471089.12,1600191202.6,1612185941.73,382587562.76,1225808766.2,1530086652.46,604888299.43,15421585819.62,23802312330.25,71184746321.63,94987058651.88,54840070293.02,2566949225.91,57407019518.93,37580039132.95,223131715.37,-7542152258.53,5370670873.69,-1948946876.79,2011-09-30
2011-11-21,sh.600005,3.31,3.35,3.29,3.33,3.3,10419238.0,34521708.0,3,0.103224,1,0.9091,17.303572,0.919066,0.375088,-29.950832,0,2011-06-30,1229598378.97,50821765910.06,49307437554.23,46885471089.12,1600191202.6,1612185941.73,382587562.76,1225808766.2,1530086652.46,604888299.43,15421585819.62,23802312330.25,71184746321.63,94987058651.88,54840070293.02,2566949225.91,57407019518.93,37580039132.95,223131715.37,-7542152258.53,5370670873.69,-1948946876.79,2011-09-30
2011-11-22,sh.600005,3.31,3.33,3.29,3.31,3.33,14283308.0,47171627.0,3,0.141506,1,-0.6006,17.199647,0.913546,0.372835,-29.770947,0,2011-06-30,1229598378.97,50821765910.06,49307437554.23,46885471089.12,1600191202.6,1612185941.73,382587562.76,1225808766.2,1530086652.46,604888299.43,15421585819.62,23802312330.25,71184746321.63,94987058651.88,54840070293.02,2566949225.91,57407019518.93,37580039132.95,223131715.37,-7542152258.53,5370670873.69,-1948946876.79,2011-09-30
2011-11-23,sh.600005,3.32,3.32,3.25,3.26,3.31,14878272.0,48700933.0,3,0.1474,1,-1.5106,16.939833,0.899746,0.367203,-29.321235,0,2011-06-30,1229598378.97,50821765910.06,49307437554.23,46885471089.12,1600191202.6,1612185941.73,382587562.76,1225808766.2,1530086652.46,604888299.43,15421585819.62,23802312330.25,71184746321.63,94987058651.88,54840070293.02,2566949225.91,57407019518.93,37580039132.95,223131715.37,-7542152258.53,5370670873.69,-1948946876.79,2011-09-30
2011-11-24,sh.600005,3.25,3.3,3.23,3.27,3.26,14642959.0,47687114.0,3,0.145069,1,0.3067,16.991796,0.902506,0.368329,-29.411177,0,2011-06-30,1229598378.97,50821765910.06,49307437554.23,46885471089.12,1600191202.6,1612185941.73,382587562.76,1225808766.2,1530086652.46,604888299.43,15421585819.62,23802312330.25,71184746321.63,94987058651.88,54840070293.02,2566949225.91,57407019518.93,37580039132.95,223131715.37,-7542152258.53,5370670873.69,-1948946876.79,2011-09-30
2011-11-25,sh.600005,3.27,3.27,3.23,3.24,3.27,9722114.0,31591495.0,3,0.096318,1,-0.9174,16.835908,0.894227,0.36495,-29.14135,0,2011-06-30,1229598378.97,50821765910.06,49307437554.23,46885471089.12,1600191202.6,1612185941.73,382587562.76,1225808766.2,1530086652.46,604888299.43,15421585819.62,23802312330.25,71184746321.63,94987058651.88,54840070293.02,2566949225.91,57407019518.93,37580039132.95,223131715.37,-7542152258.53,5370670873.69,-1948946876.79,2011-09-30
2011-11-28,sh.600005,3.25,3.27,3.23,3.24,3.24,9572761.0,31072790.0,3,0.094838,1,0.0,16.835908,0.894227,0.36495,-29.14135,0,2011-06-30,1229598378.97,50821765910.06,49307437554.23,46885471089.12,1600191202.6,1612185941.73,382587562.76,1225808766.2,1530086652.46,604888299.43,15421585819.62,23802312330.25,71184746321.63,94987058651.88,54840070293.02,2566949225.91,57407019518.93,37580039132.95,223131715.37,-7542152258.53,5370670873.69,-1948946876.79,2011-09-30
2011-11-29,sh.600005,3.25,3.28,3.24,3.27,3.24,7647218.0,24906991.0,3,0.075762,1,0.9259,16.991796,0.902506,0.368329,-29.411177,0,2011-06-30,1229598378.97,50821765910.06,49307437554.23,46885471089.12,1600191202.6,1612185941.73,382587562.76,1225808766.2,1530086652.46,604888299.43,15421585819.62,23802312330.25,71184746321.63,94987058651.88,54840070293.02,2566949225.91,57407019518.93,37580039132.95,223131715.37,-7542152258.53,5370670873.69,-1948946876.79,2011-09-30
2011-11-30,sh.600005,3.25,3.27,3.12,3.13,3.27,22505836.0,71425123.0,3,0.222967,1,-4.2813,16.264318,0.863867,0.35256,-28.151983,0,2011-06-30,1229598378.97,50821765910.06,49307437554.23,46885471089.12,1600191202.6,1612185941.73,382587562.76,1225808766.2,1530086652.46,604888299.43,15421585819.62,23802312330.25,71184746321.63,94987058651.88,54840070293.02,2566949225.91,57407019518.93,37580039132.95,223131715.37,-7542152258.53,5370670873.69,-1948946876.79,2011-09-30
2011-12-01,sh.600005,3.2,3.24,3.15,3.19,3.13,21878888.0,69979220.0,3,0.216756,1,1.9169,16.576095,0.880427,0.359318,-28.691638,0,2011-06-30,1229598378.97,50821765910.06,49307437554.23,46885471089.12,1600191202.6,1612185941.73,382587562.76,1225808766.2,1530086652.46,604888299.43,15421585819.62,23802312330.25,71184746321.63,94987058651.88,54840070293.02,2566949225.91,57407019518.93,37580039132.95,223131715.37,-7542152258.53,5370670873.69,-1948946876.79,2011-09-30
2011-12-02,sh.600005,3.17,3.18,3.14,3.16,3.19,10167537.0,32096885.0,3,0.100731,1,-0.9404,16.420206,0.872147,0.355939,-28.42181,0,2011-06-30,1229598378.97,50821765910.06,49307437554.23,46885471089.12,1600191202.6,1612185941.73,382587562.76,1225808766.2,1530086652.46,604888299.43,15421585819.62,23802312330.25,71184746321.63,94987058651.88,54840070293.02,2566949225.91,57407019518.93,37580039132.95,223131715.37,-7542152258.53,5370670873.69,-1948946876.79,2011-09-30
2011-12-05,sh.600005,3.15,3.17,3.12,3.13,3.16,12213546.0,38274977.0,3,0.121001,1,-0.9494,16.264318,0.863867,0.35256,-28.151983,0,2011-06-30,1229598378.97,50821765910.06,49307437554.23,46885471089.12,1600191202.6,1612185941.73,382587562.76,1225808766.2,1530086652.46,604888299.43,15421585819.62,23802312330.25,71184746321.63,94987058651.88,54840070293.02,2566949225.91,57407019518.93,37580039132.95,223131715.37,-7542152258.53,5370670873.69,-1948946876.79,2011-09-30
2011-12-06,sh.600005,3.12,3.16,3.12,3.15,3.13,9908976.0,31139217.0,3,0.098169,1,0.639,16.368244,0.869387,0.354813,-28.331868,0,2011-06-30,1229598378.97,50821765910.06,49307437554.23,46885471089.12,1600191202.6,1612185941.73,382587562.76,1225808766.2,1530086652.46,604888299.43,15421585819.62,23802312330.25,71184746321.63,94987058651.88,54840070293.02,2566949225.91,57407019518.93,37580039132.95,223131715.37,-7542152258.53,5370670873.69,-1948946876.79,2011-09-30
2011-12-07,sh.600005,3.15,3.16,3.12,3.15,3.15,7508154.0,23600721.0,3,0.074384,1,0.0,16.368244,0.869387,0.354813,-28.331868,0,2011-06-30,1229598378.97,50821765910.06,49307437554.23,46885471089.12,1600191202.6,1612185941.73,382587562.76,1225808766.2,1530086652.46,604888299.43,15421585819.62,23802312330.25,71184746321.63,94987058651.88,54840070293.02,2566949225.91,57407019518.93,37580039132.95,223131715.37,-7542152258.53,5370670873.69,-1948946876.79,2011-09-30
2011-12-08,sh.600005,3.15,3.18,3.13,3.17,3.15,14574267.0,46069940.0,3,0.144389,1,0.6349,16.472169,0.874907,0.357065,-28.511753,0,2011-06-30,1229598378.97,50821765910.06,49307437554.23,46885471089.12,1600191202.6,1612185941.73,382587562.76,1225808766.2,1530086652.46,604888299.43,15421585819.62,23802312330.25,71184746321.63,94987058651.88,54840070293.02,2566949225.91,57407019518.93,37580039132.95,223131715.37,-7542152258.53,5370670873.69,-1948946876.79,2011-09-30
2011-12-09,sh.600005,3.15,3.19,3.1,3.14,3.17,10327234.0,32476384.0,3,0.102313,1,-0.9464,16.316281,0.866627,0.353686,-28.241926,0,2011-06-30,1229598378.97,50821765910.06,49307437554.23,46885471089.12,1600191202.6,1612185941.73,382587562.76,1225808766.2,1530086652.46,604888299.43,15421585819.62,23802312330.25,71184746321.63,94987058651.88,54840070293.02,2566949225.91,57407019518.93,37580039132.95,223131715.37,-7542152258.53,5370670873.69,-1948946876.79,2011-09-30
2011-12-12,sh.600005,3.14,3.14,3.1,3.11,3.14,8457515.0,26372325.0,3,0.083789,1,-0.9554,16.160393,0.858347,0.350307,-27.972098,0,2011-06-30,1229598378.97,50821765910.06,49307437554.23,46885471089.12,1600191202.6,1612185941.73,382587562.76,1225808766.2,1530086652.46,604888299.43,15421585819.62,23802312330.25,71184746321.63,94987058651.88,54840070293.02,2566949225.91,57407019518.93,37580039132.95,223131715.37,-7542152258.53,5370670873.69,-1948946876.79,2011-09-30
2011-12-13,sh.600005,3.11,3.11,3.04,3.04,3.11,15276868.0,46893309.0,3,0.151349,1,-2.2508,15.796654,0.839027,0.342422,-27.342501,0,2011-06-30,1229598378.97,50821765910.06,49307437554.23,46885471089.12,1600191202.6,1612185941.73,382587562.76,1225808766.2,1530086652.46,604888299.43,15421585819.62,23802312330.25,71184746321.63,94987058651.88,54840070293.02,2566949225.91,57407019518.93,37580039132.95,223131715.37,-7542152258.53,5370670873.69,-1948946876.79,2011-09-30
2011-12-14,sh.600005,3.04,3.04,3.0,3.01,3.04,10847025.0,32744187.0,3,0.107462,1,-0.9868,15.640766,0.830747,0.339043,-27.072674,0,2011-06-30,1229598378.97,50821765910.06,49307437554.23,46885471089.12,1600191202.6,1612185941.73,382587562.76,1225808766.2,1530086652.46,604888299.43,15421585819.62,23802312330.25,71184746321.63,94987058651.88,54840070293.02,2566949225.91,57407019518.93,37580039132.95,223131715.37,-7542152258.53,5370670873.69,-1948946876.79,2011-09-30
2011-12-15,sh.600005,3.0,3.01,2.91,2.94,3.01,17104795.0,50563600.0,3,0.169459,1,-2.3256,15.277028,0.811428,0.331158,-26.443077,0,2011-06-30,1229598378.97,50821765910.06,49307437554.23,46885471089.12,1600191202.6,1612185941.73,382587562.76,1225808766.2,1530086652.46,604888299.43,15421585819.62,23802312330.25,71184746321.63,94987058651.88,54840070293.02,2566949225.91,57407019518.93,37580039132.95,223131715.37,-7542152258.53,5370670873.69,-1948946876.79,2011-09-30
2011-12-16,sh.600005,2.93,2.99,2.93,2.99,2.94,14680113.0,43324493.0,3,0.145437,1,1.7007,15.536841,0.825228,0.33679,-26.892789,0,2011-06-30,1229598378.97,50821765910.06,49307437554.23,46885471089.12,1600191202.6,1612185941.73,382587562.76,1225808766.2,1530086652.46,604888299.43,15421585819.62,23802312330.25,71184746321.63,94987058651.88,54840070293.02,2566949225.91,57407019518.93,37580039132.95,223131715.37,-7542152258.53,5370670873.69,-1948946876.79,2011-09-30
2011-12-19,sh.600005,2.97,2.98,2.87,2.95,2.99,16983482.0,49583165.0,3,0.168257,1,-1.3378,15.32899,0.814188,0.332285,-26.533019,0,2011-06-30,1229598378.97,50821765910.06,49307437554.23,46885471089.12,1600191202.6,1612185941.73,382587562.76,1225808766.2,1530086652.46,604888299.43,15421585819.62,23802312330.25,71184746321.63,94987058651.88,54840070293.02,2566949225.91,57407019518.93,37580039132.95,223131715.37,-7542152258.53,5370670873.69,-1948946876.79,2011-09-30
2011-12-20,sh.600005,2.95,2.97,2.91,2.92,2.95,11152352.0,32728877.0,3,0.110487,1,-1.0169,15.173102,0.805908,0.328906,-26.263192,0,2011-06-30,1229598378.97,50821765910.06,49307437554.23,46885471089.12,1600191202.6,1612185941.73,382587562.76,1225808766.2,1530086652.46,604888299.43,15421585819.62,23802312330.25,71184746321.63,94987058651.88,54840070293.02,2566949225.91,57407019518.93,37580039132.95,223131715.37,-7542152258.53,5370670873.69,-1948946876.79,2011-09-30
2011-12-21,sh.600005,2.95,2.96,2.88,2.88,2.92,10511126.0,30669456.0,3,0.104135,1,-1.3699,14.965251,0.794868,0.3244,-25.903422,0,2011-06-30,1229598378.97,50821765910.06,49307437554.23,46885471089.12,1600191202.6,1612185941.73,382587562.76,1225808766.2,1530086652.46,604888299.43,15421585819.62,23802312330.25,71184746321.63,94987058651.88,54840070293.02,2566949225.91,57407019518.93,37580039132.95,223131715.37,-7542152258.53,5370670873.69,-1948946876.79,2011-09-30
2011-12-22,sh.600005,2.88,2.89,2.82,2.87,2.88,16617275.0,47400342.0,3,0.164629,1,-0.3472,14.913289,0.792108,0.323274,-25.81348,0,2011-06-30,1229598378.97,50821765910.06,49307437554.23,46885471089.12,1600191202.6,1612185941.73,382587562.76,1225808766.2,1530086652.46,604888299.43,15421585819.62,23802312330.25,71184746321.63,94987058651.88,54840070293.02,2566949225.91,57407019518.93,37580039132.95,223131715.37,-7542152258.53,5370670873.69,-1948946876.79,2011-09-30
2011-12-23,sh.600005,2.87,2.93,2.81,2.88,2.87,13024174.0,37591135.0,3,0.129032,1,0.3484,14.965251,0.794868,0.3244,-25.903422,0,2011-06-30,1229598378.97,50821765910.06,49307437554.23,46885471089.12,1600191202.6,1612185941.73,382587562.76,1225808766.2,1530086652.46,604888299.43,15421585819.62,23802312330.25,71184746321.63,94987058651.88,54840070293.02,2566949225.91,57407019518.93,37580039132.95,223131715.37,-7542152258.53,5370670873.69,-1948946876.79,2011-09-30
2011-12-26,sh.600005,2.88,2.96,2.85,2.93,2.88,20170544.0,58995831.0,3,0.199831,1,1.7361,15.225065,0.808668,0.330032,-26.353134,0,2011-06-30,1229598378.97,50821765910.06,49307437554.23,46885471089.12,1600191202.6,1612185941.73,382587562.76,1225808766.2,1530086652.46,604888299.43,15421585819.62,23802312330.25,71184746321.63,94987058651.88,54840070293.02,2566949225.91,57407019518.93,37580039132.95,223131715.37,-7542152258.53,5370670873.69,-1948946876.79,2011-09-30
2011-12-27,sh.600005,2.93,2.93,2.87,2.89,2.93,10666757.0,30934278.0,3,0.105677,1,-1.3652,15.017214,0.797628,0.325527,-25.993365,0,2011-06-30,1229598378.97,50821765910.06,49307437554.23,46885471089.12,1600191202.6,1612185941.73,382587562.76,1225808766.2,1530086652.46,604888299.43,15421585819.62,23802312330.25,71184746321.63,94987058651.88,54840070293.02,2566949225.91,57407019518.93,37580039132.95,223131715.37,-7542152258.53,5370670873.69,-1948946876.79,2011-09-30
2011-12-28,sh.600005,2.88,2.9,2.85,2.89,2.89,9106422.0,26184158.0,3,0.090218,1,0.0,15.017214,0.797628,0.325527,-25.993365,0,2011-06-30,1229598378.97,50821765910.06,49307437554.23,46885471089.12,1600191202.6,1612185941.73,382587562.76,1225808766.2,1530086652.46,604888299.43,15421585819.62,23802312330.25,71184746321.63,94987058651.88,54840070293.02,2566949225.91,57407019518.93,37580039132.95,223131715.37,-7542152258.53,5370670873.69,-1948946876.79,2011-09-30
2011-12-29,sh.600005,2.88,2.91,2.87,2.88,2.89,8946409.0,25868616.0,3,0.088633,1,-0.346,14.965251,0.794868,0.3244,-25.903422,0,2011-06-30,1229598378.97,50821765910.06,49307437554.23,46885471089.12,1600191202.6,1612185941.73,382587562.76,1225808766.2,1530086652.46,604888299.43,15421585819.62,23802312330.25,71184746321.63,94987058651.88,54840070293.02,2566949225.91,57407019518.93,37580039132.95,223131715.37,-7542152258.53,5370670873.69,-1948946876.79,2011-09-30
2011-12-30,sh.600005,2.89,2.91,2.87,2.89,2.88,11017521.0,31876706.0,3,0.109152,1,0.3472,15.017214,0.797628,0.325527,-25.993365,0,2011-09-30,1643754750.76,76789840850.26,74836191142.33,71114694373.58,2121883390.23,2139311775.4,495557024.64,1639238534.12,947079319.82,465635726.89,14502390617.37,23207926797.83,71428484273.01,94636411070.84,54046262571.0,2597503674.81,56643766245.81,37992644825.03,-298857835.43,-7830250226.59,5599361419.35,-2531954209.43,2011-12-30
2012-01-04,sh.600005,2.9,2.92,2.85,2.85,2.89,10957752.0,31670007.0,3,0.108559,1,-1.3841,14.809363,0.786588,0.321021,-25.633595,0,2011-09-30,1643754750.76,76789840850.26,74836191142.33,71114694373.58,2121883390.23,2139311775.4,495557024.64,1639238534.12,947079319.82,465635726.89,14502390617.37,23207926797.83,71428484273.01,94636411070.84,54046262571.0,2597503674.81,56643766245.81,37992644825.03,-298857835.43,-7830250226.59,5599361419.35,-2531954209.43,2011-12-30
2012-01-05,sh.600005,2.85,2.88,2.83,2.83,2.85,15046543.0,42941318.0,3,0.149067,1,-0.7018,14.705438,0.781068,0.318768,-25.45371,0,2011-09-30,1643754750.76,76789840850.26,74836191142.33,71114694373.58,2121883390.23,2139311775.4,495557024.64,1639238534.12,947079319.82,465635726.89,14502390617.37,23207926797.83,71428484273.01,94636411070.84,54046262571.0,2597503674.81,56643766245.81,37992644825.03,-298857835.43,-7830250226.59,5599361419.35,-2531954209.43,2011-12-30
2012-01-06,sh.600005,2.83,2.88,2.83,2.88,2.83,14088009.0,40205548.0,3,0.139571,1,1.7668,14.965251,0.794868,0.3244,-25.903422,0,2011-09-30,1643754750.76,76789840850.26,74836191142.33,71114694373.58,2121883390.23,2139311775.4,495557024.64,1639238534.12,947079319.82,465635726.89,14502390617.37,23207926797.83,71428484273.01,94636411070.84,54046262571.0,2597503674.81,56643766245.81,37992644825.03,-298857835.43,-7830250226.59,5599361419.35,-2531954209.43,2011-12-30
2012-01-09,sh.600005,2.88,2.94,2.85,2.94,2.88,20533440.0,59571092.0,3,0.203427,1,2.0833,15.277028,0.811428,0.331158,-26.443077,0,2011-09-30,1643754750.76,76789840850.26,74836191142.33,71114694373.58,2121883390.23,2139311775.4,495557024.64,1639238534.12,947079319.82,465635726.89,14502390617.37,23207926797.83,71428484273.01,94636411070.84,54046262571.0,2597503674.81,56643766245.81,37992644825.03,-298857835.43,-7830250226.59,5599361419.35,-2531954209.43,2011-12-30
2012-01-10,sh.600005,2.94,3.06,2.92,3.05,2.94,36149549.0,108256248.0,3,0.358137,1,3.7415,15.848617,0.841787,0.343549,-27.432444,0,2011-09-30,1643754750.76,76789840850.26,74836191142.33,71114694373.58,2121883390.23,2139311775.4,495557024.64,1639238534.12,947079319.82,465635726.89,14502390617.37,23207926797.83,71428484273.01,94636411070.84,54046262571.0,2597503674.81,56643766245.81,37992644825.03,-298857835.43,-7830250226.59,5599361419.35,-2531954209.43,2011-12-30
2012-01-11,sh.600005,3.05,3.09,3.02,3.05,3.05,26130903.0,79854291.0,3,0.258881,1,0.0,15.848617,0.841787,0.343549,-27.432444,0,2011-09-30,1643754750.76,76789840850.26,74836191142.33,71114694373.58,2121883390.23,2139311775.4,495557024.64,1639238534.12,947079319.82,465635726.89,14502390617.37,23207926797.83,71428484273.01,94636411070.84,54046262571.0,2597503674.81,56643766245.81,37992644825.03,-298857835.43,-7830250226.59,5599361419.35,-2531954209.43,2011-12-30
2012-01-12,sh.600005,3.04,3.07,3.01,3.03,3.05,15295513.0,46393745.0,3,0.151534,1,-0.6557,15.744692,0.836267,0.341296,-27.252559,0,2011-09-30,1643754750.76,76789840850.26,74836191142.33,71114694373.58,2121883390.23,2139311775.4,495557024.64,1639238534.12,947079319.82,465635726.89,14502390617.37,23207926797.83,71428484273.01,94636411070.84,54046262571.0,2597503674.81,56643766245.81,37992644825.03,-298857835.43,-7830250226.59,5599361419.35,-2531954209.43,2011-12-30
2012-01-13,sh.600005,3.03,3.04,2.95,2.98,3.03,14792712.0,44223991.0,3,0.146553,1,-1.6502,15.484878,0.822468,0.335664,-26.802847,0,2011-09-30,1643754750.76,76789840850.26,74836191142.33,71114694373.58,2121883390.23,2139311775.4,495557024.64,1639238534.12,947079319.82,465635726.89,14502390617.37,23207926797.83,71428484273.01,94636411070.84,54046262571.0,2597503674.81,56643766245.81,37992644825.03,-298857835.43,-7830250226.59,5599361419.35,-2531954209.43,2011-12-30
2012-01-16,sh.600005,2.95,2.98,2.94,2.96,2.98,9646915.0,28590171.0,3,0.095573,1,-0.6711,15.380953,0.816948,0.333411,-26.622962,0,2011-09-30,1643754750.76,76789840850.26,74836191142.33,71114694373.58,2121883390.23,2139311775.4,495557024.64,1639238534.12,947079319.82,465635726.89,14502390617.37,23207926797.83,71428484273.01,94636411070.84,54046262571.0,2597503674.81,56643766245.81,37992644825.03,-298857835.43,-7830250226.59,5599361419.35,-2531954209.43,2011-12-30
2012-01-17,sh.600005,2.96,3.11,2.95,3.1,2.96,27160779.0,82746543.0,3,0.269084,1,4.7297,16.10843,0.855587,0.349181,-27.882156,0,2011-09-30,1643754750.76,76789840850.26,74836191142.33,71114694373.58,2121883390.23,2139311775.4,495557024.64,1639238534.12,947079319.82,465635726.89,14502390617.37,23207926797.83,71428484273.01,94636411070.84,54046262571.0,2597503674.81,56643766245.81,37992644825.03,-298857835.43,-7830250226.59,5599361419.35,-2531954209.43,2011-12-30
2012-01-18,sh.600005,3.13,3.14,3.05,3.05,3.1,21786066.0,67442444.0,3,0.215837,1,-1.6129,15.848617,0.841787,0.343549,-27.432444,0,2011-09-30,1643754750.76,76789840850.26,74836191142.33,71114694373.58,2121883390.23,2139311775.4,495557024.64,1639238534.12,947079319.82,465635726.89,14502390617.37,23207926797.83,71428484273.01,94636411070.84,54046262571.0,2597503674.81,56643766245.81,37992644825.03,-298857835.43,-7830250226.59,5599361419.35,-2531954209.43,2011-12-30
2012-01-19,sh.600005,3.07,3.13,3.05,3.08,3.05,17556321.0,54318278.0,3,0.173932,1,0.9836,16.004505,0.850067,0.346928,-27.702271,0,2011-09-30,1643754750.76,76789840850.26,74836191142.33,71114694373.58,2121883390.23,2139311775.4,495557024.64,1639238534.12,947079319.82,465635726.89,14502390617.37,23207926797.83,71428484273.01,94636411070.84,54046262571.0,2597503674.81,56643766245.81,37992644825.03,-298857835.43,-7830250226.59,5599361419.35,-2531954209.43,2011-12-30
2012-01-20,sh.600005,3.1,3.12,3.08,3.11,3.08,14512542.0,44969904.0,3,0.143777,1,0.974,16.160393,0.858347,0.350307,-27.972098,0,2011-09-30,1643754750.76,76789840850.26,74836191142.33,71114694373.58,2121883390.23,2139311775.4,495557024.64,1639238534.12,947079319.82,465635726.89,14502390617.37,23207926797.83,71428484273.01,94636411070.84,54046262571.0,2597503674.81,56643766245.81,37992644825.03,-298857835.43,-7830250226.59,5599361419.35,-2531954209.43,2011-12-30
2012-01-30,sh.600005,3.11,3.12,3.05,3.05,3.11,13654333.0,42023763.0,3,0.135275,1,-1.9293,15.848617,0.841787,0.343549,-27.432444,0,2011-09-30,1643754750.76,76789840850.26,74836191142.33,71114694373.58,2121883390.23,2139311775.4,495557024.64,1639238534.12,947079319.82,465635726.89,14502390617.37,23207926797.83,71428484273.01,94636411070.84,54046262571.0,2597503674.81,56643766245.81,37992644825.03,-298857835.43,-7830250226.59,5599361419.35,-2531954209.43,2011-12-30
2012-01-31,sh.600005,3.05,3.06,2.98,3.01,3.05,15661069.0,47200172.0,3,0.155156,1,-1.3115,15.640766,0.830747,0.339043,-27.072674,0,2011-09-30,1643754750.76,76789840850.26,74836191142.33,71114694373.58,2121883390.23,2139311775.4,495557024.64,1639238534.12,947079319.82,465635726.89,14502390617.37,23207926797.83,71428484273.01,94636411070.84,54046262571.0,2597503674.81,56643766245.81,37992644825.03,-298857835.43,-7830250226.59,5599361419.35,-2531954209.43,2011-12-30
2012-02-01,sh.600005,3.01,3.04,2.98,2.99,3.01,10126991.0,30406157.0,3,0.100329,1,-0.6645,15.536841,0.825228,0.33679,-26.892789,0,2011-09-30,1643754750.76,76789840850.26,74836191142.33,71114694373.58,2121883390.23,2139311775.4,495557024.64,1639238534.12,947079319.82,465635726.89,14502390617.37,23207926797.83,71428484273.01,94636411070.84,54046262571.0,2597503674.81,56643766245.81,37992644825.03,-298857835.43,-7830250226.59,5599361419.35,-2531954209.43,2011-12-30
2012-02-02,sh.600005,3.0,3.05,2.99,3.05,2.99,10577093.0,31922827.0,3,0.104788,1,2.0067,15.848617,0.841787,0.343549,-27.432444,0,2011-09-30,1643754750.76,76789840850.26,74836191142.33,71114694373.58,2121883390.23,2139311775.4,495557024.64,1639238534.12,947079319.82,465635726.89,14502390617.37,23207926797.83,71428484273.01,94636411070.84,54046262571.0,2597503674.81,56643766245.81,37992644825.03,-298857835.43,-7830250226.59,5599361419.35,-2531954209.43,2011-12-30
2012-02-03,sh.600005,3.04,3.07,3.01,3.06,3.05,15964605.0,48597229.0,3,0.158163,1,0.3279,15.90058,0.844547,0.344675,-27.522386,0,2011-09-30,1643754750.76,76789840850.26,74836191142.33,71114694373.58,2121883390.23,2139311775.4,495557024.64,1639238534.12,947079319.82,465635726.89,14502390617.37,23207926797.83,71428484273.01,94636411070.84,54046262571.0,2597503674.81,56643766245.81,37992644825.03,-298857835.43,-7830250226.59,5599361419.35,-2531954209.43,2011-12-30
2012-02-06,sh.600005,3.07,3.07,3.02,3.04,3.06,12642135.0,38466365.0,3,0.125247,1,-0.6536,15.796654,0.839027,0.342422,-27.342501,0,2011-09-30,1643754750.76,76789840850.26,74836191142.33,71114694373.58,2121883390.23,2139311775.4,495557024.64,1639238534.12,947079319.82,465635726.89,14502390617.37,23207926797.83,71428484273.01,94636411070.84,54046262571.0,2597503674.81,56643766245.81,37992644825.03,-298857835.43,-7830250226.59,5599361419.35,-2531954209.43,2011-12-30
2012-02-07,sh.600005,3.03,3.04,2.99,3.01,3.04,12356178.0,37194267.0,3,0.122414,1,-0.9868,15.640766,0.830747,0.339043,-27.072674,0,2011-09-30,1643754750.76,76789840850.26,74836191142.33,71114694373.58,2121883390.23,2139311775.4,495557024.64,1639238534.12,947079319.82,465635726.89,14502390617.37,23207926797.83,71428484273.01,94636411070.84,54046262571.0,2597503674.81,56643766245.81,37992644825.03,-298857835.43,-7830250226.59,5599361419.35,-2531954209.43,2011-12-30
2012-02-08,sh.600005,3.01,3.08,2.99,3.06,3.01,14631034.0,44490080.0,3,0.144951,1,1.6611,15.90058,0.844547,0.344675,-27.522386,0,2011-09-30,1643754750.76,76789840850.26,74836191142.33,71114694373.58,2121883390.23,2139311775.4,495557024.64,1639238534.12,947079319.82,465635726.89,14502390617.37,23207926797.83,71428484273.01,94636411070.84,54046262571.0,2597503674.81,56643766245.81,37992644825.03,-298857835.43,-7830250226.59,5599361419.35,-2531954209.43,2011-12-30
2012-02-09,sh.600005,3.06,3.08,3.05,3.05,3.06,20964080.0,64150008.0,3,0.207693,1,-0.3268,15.848617,0.841787,0.343549,-27.432444,0,2011-09-30,1643754750.76,76789840850.26,74836191142.33,71114694373.58,2121883390.23,2139311775.4,495557024.64,1639238534.12,947079319.82,465635726.89,14502390617.37,23207926797.83,71428484273.01,94636411070.84,54046262571.0,2597503674.81,56643766245.81,37992644825.03,-298857835.43,-7830250226.59,5599361419.35,-2531954209.43,2011-12-30
2012-02-10,sh.600005,3.05,3.13,3.04,3.09,3.05,37708479.0,116733802.0,3,0.373581,1,1.3115,16.056468,0.852827,0.348054,-27.792213,0,2011-09-30,1643754750.76,76789840850.26,74836191142.33,71114694373.58,2121883390.23,2139311775.4,495557024.64,1639238534.12,947079319.82,465635726.89,14502390617.37,23207926797.83,71428484273.01,94636411070.84,54046262571.0,2597503674.81,56643766245.81,37992644825.03,-298857835.43,-7830250226.59,5599361419.35,-2531954209.43,2011-12-30
2012-02-13,sh.600005,3.06,3.11,3.04,3.09,3.09,25857737.0,79435733.0,3,0.256175,1,0.0,16.056468,0.852827,0.348054,-27.792213,0,2011-09-30,1643754750.76,76789840850.26,74836191142.33,71114694373.58,2121883390.23,2139311775.4,495557024.64,1639238534.12,947079319.82,465635726.89,14502390617.37,23207926797.83,71428484273.01,94636411070.84,54046262571.0,2597503674.81,56643766245.81,37992644825.03,-298857835.43,-7830250226.59,5599361419.35,-2531954209.43,2011-12-30
2012-02-14,sh.600005,3.08,3.09,3.05,3.05,3.09,11105589.0,34009977.0,3,0.110024,1,-1.2945,15.848617,0.841787,0.343549,-27.432444,0,2011-09-30,1643754750.76,76789840850.26,74836191142.33,71114694373.58,2121883390.23,2139311775.4,495557024.64,1639238534.12,947079319.82,465635726.89,14502390617.37,23207926797.83,71428484273.01,94636411070.84,54046262571.0,2597503674.81,56643766245.81,37992644825.03,-298857835.43,-7830250226.59,5599361419.35,-2531954209.43,2011-12-30
2012-02-15,sh.600005,3.05,3.11,3.04,3.1,3.05,20852721.0,64428828.0,3,0.20659,1,1.6393,16.10843,0.855587,0.349181,-27.882156,0,2011-09-30,1643754750.76,76789840850.26,74836191142.33,71114694373.58,2121883390.23,2139311775.4,495557024.64,1639238534.12,947079319.82,465635726.89,14502390617.37,23207926797.83,71428484273.01,94636411070.84,54046262571.0,2597503674.81,56643766245.81,37992644825.03,-298857835.43,-7830250226.59,5599361419.35,-2531954209.43,2011-12-30
2012-02-16,sh.600005,3.09,3.11,3.06,3.08,3.1,19265845.0,59471968.0,3,0.190868,1,-0.6452,16.004505,0.850067,0.346928,-27.702271,0,2011-09-30,1643754750.76,76789840850.26,74836191142.33,71114694373.58,2121883390.23,2139311775.4,495557024.64,1639238534.12,947079319.82,465635726.89,14502390617.37,23207926797.83,71428484273.01,94636411070.84,54046262571.0,2597503674.81,56643766245.81,37992644825.03,-298857835.43,-7830250226.59,5599361419.35,-2531954209.43,2011-12-30
2012-02-17,sh.600005,3.09,3.11,3.07,3.08,3.08,10895487.0,33624976.0,3,0.107943,1,0.0,16.004505,0.850067,0.346928,-27.702271,0,2011-09-30,1643754750.76,76789840850.26,74836191142.33,71114694373.58,2121883390.23,2139311775.4,495557024.64,1639238534.12,947079319.82,465635726.89,14502390617.37,23207926797.83,71428484273.01,94636411070.84,54046262571.0,2597503674.81,56643766245.81,37992644825.03,-298857835.43,-7830250226.59,5599361419.35,-2531954209.43,2011-12-30
2012-02-20,sh.600005,3.11,3.12,3.08,3.08,3.08,16420242.0,50843322.0,3,0.162677,1,0.0,16.004505,0.850067,0.346928,-27.702271,0,2011-09-30,1643754750.76,76789840850.26,74836191142.33,71114694373.58,2121883390.23,2139311775.4,495557024.64,1639238534.12,947079319.82,465635726.89,14502390617.37,23207926797.83,71428484273.01,94636411070.84,54046262571.0,2597503674.81,56643766245.81,37992644825.03,-298857835.43,-7830250226.59,5599361419.35,-2531954209.43,2011-12-30
2012-02-21,sh.600005,3.09,3.1,3.05,3.09,3.08,12186931.0,37448660.0,3,0.120737,1,0.3247,16.056468,0.852827,0.348054,-27.792213,0,2011-09-30,1643754750.76,76789840850.26,74836191142.33,71114694373.58,2121883390.23,2139311775.4,495557024.64,1639238534.12,947079319.82,465635726.89,14502390617.37,23207926797.83,71428484273.01,94636411070.84,54046262571.0,2597503674.81,56643766245.81,37992644825.03,-298857835.43,-7830250226.59,5599361419.35,-2531954209.43,2011-12-30
2012-02-22,sh.600005,3.08,3.13,3.06,3.13,3.09,35797821.0,111183202.0,3,0.354652,1,1.2945,16.264318,0.863867,0.35256,-28.151983,0,2011-09-30,1643754750.76,76789840850.26,74836191142.33,71114694373.58,2121883390.23,2139311775.4,495557024.64,1639238534.12,947079319.82,465635726.89,14502390617.37,23207926797.83,71428484273.01,94636411070.84,54046262571.0,2597503674.81,56643766245.81,37992644825.03,-298857835.43,-7830250226.59,5599361419.35,-2531954209.43,2011-12-30
2012-02-23,sh.600005,3.12,3.2,3.11,3.15,3.13,43648696.0,137775498.0,3,0.432432,1,0.639,16.368244,0.869387,0.354813,-28.331868,0,2011-09-30,1643754750.76,76789840850.26,74836191142.33,71114694373.58,2121883390.23,2139311775.4,495557024.64,1639238534.12,947079319.82,465635726.89,14502390617.37,23207926797.83,71428484273.01,94636411070.84,54046262571.0,2597503674.81,56643766245.81,37992644825.03,-298857835.43,-7830250226.59,5599361419.35,-2531954209.43,2011-12-30
2012-02-24,sh.600005,3.16,3.19,3.12,3.19,3.15,39575525.0,125122063.0,3,0.392078,1,1.2698,16.576095,0.880427,0.359318,-28.691638,0,2011-09-30,1643754750.76,76789840850.26,74836191142.33,71114694373.58,2121883390.23,2139311775.4,495557024.64,1639238534.12,947079319.82,465635726.89,14502390617.37,23207926797.83,71428484273.01,94636411070.84,54046262571.0,2597503674.81,56643766245.81,37992644825.03,-298857835.43,-7830250226.59,5599361419.35,-2531954209.43,2011-12-30
2012-02-27,sh.600005,3.2,3.25,3.2,3.22,3.19,63408078.0,204698492.0,3,0.62819,1,0.9404,16.731983,0.888707,0.362697,-28.961465,0,2011-09-30,1643754750.76,76789840850.26,74836191142.33,71114694373.58,2121883390.23,2139311775.4,495557024.64,1639238534.12,947079319.82,465635726.89,14502390617.37,23207926797.83,71428484273.01,94636411070.84,54046262571.0,2597503674.81,56643766245.81,37992644825.03,-298857835.43,-7830250226.59,5599361419.35,-2531954209.43,2011-12-30
2012-02-28,sh.600005,3.22,3.27,3.19,3.25,3.22,49373810.0,159171422.0,3,0.489151,1,0.9317,16.887871,0.896986,0.366077,-29.231292,0,2011-09-30,1643754750.76,76789840850.26,74836191142.33,71114694373.58,2121883390.23,2139311775.4,495557024.64,1639238534.12,947079319.82,465635726.89,14502390617.37,23207926797.83,71428484273.01,94636411070.84,54046262571.0,2597503674.81,56643766245.81,37992644825.03,-298857835.43,-7830250226.59,5599361419.35,-2531954209.43,2011-12-30
2012-02-29,sh.600005,3.23,3.26,3.17,3.19,3.25,31717739.0,102313672.0,3,0.314231,1,-1.8462,16.576095,0.880427,0.359318,-28.691638,0,2011-09-30,1643754750.76,76789840850.26,74836191142.33,71114694373.58,2121883390.23,2139311775.4,495557024.64,1639238534.12,947079319.82,465635726.89,14502390617.37,23207926797.83,71428484273.01,94636411070.84,54046262571.0,2597503674.81,56643766245.81,37992644825.03,-298857835.43,-7830250226.59,5599361419.35,-2531954209.43,2011-12-30
2012-03-01,sh.600005,3.16,3.2,3.16,3.19,3.19,15626534.0,49811846.0,3,0.154814,1,0.0,16.576095,0.880427,0.359318,-28.691638,0,2011-09-30,1643754750.76,76789840850.26,74836191142.33,71114694373.58,2121883390.23,2139311775.4,495557024.64,1639238534.12,947079319.82,465635726.89,14502390617.37,23207926797.83,71428484273.01,94636411070.84,54046262571.0,2597503674.81,56643766245.81,37992644825.03,-298857835.43,-7830250226.59,5599361419.35,-2531954209.43,2011-12-30
2012-03-02,sh.600005,3.19,3.23,3.18,3.23,3.19,17398524.0,55933222.0,3,0.172369,1,1.2539,16.783945,0.891467,0.363824,-29.051407,0,2011-09-30,1643754750.76,76789840850.26,74836191142.33,71114694373.58,2121883390.23,2139311775.4,495557024.64,1639238534.12,947079319.82,465635726.89,14502390617.37,23207926797.83,71428484273.01,94636411070.84,54046262571.0,2597503674.81,56643766245.81,37992644825.03,-298857835.43,-7830250226.59,5599361419.35,-2531954209.43,2011-12-30
2012-03-05,sh.600005,3.24,3.25,3.19,3.2,3.23,22059994.0,70868709.0,3,0.21855,1,-0.9288,16.628057,0.883187,0.360445,-28.78158,0,2011-09-30,1643754750.76,76789840850.26,74836191142.33,71114694373.58,2121883390.23,2139311775.4,495557024.64,1639238534.12,947079319.82,465635726.89,14502390617.37,23207926797.83,71428484273.01,94636411070.84,54046262571.0,2597503674.81,56643766245.81,37992644825.03,-298857835.43,-7830250226.59,5599361419.35,-2531954209.43,2011-12-30
2012-03-06,sh.600005,3.18,3.2,3.14,3.15,3.2,20500443.0,64904788.0,3,0.2031,1,-1.5625,16.368244,0.869387,0.354813,-28.331868,0,2011-09-30,1643754750.76,76789840850.26,74836191142.33,71114694373.58,2121883390.23,2139311775.4,495557024.64,1639238534.12,947079319.82,465635726.89,14502390617.37,23207926797.83,71428484273.01,94636411070.84,54046262571.0,2597503674.81,56643766245.81,37992644825.03,-298857835.43,-7830250226.59,5599361419.35,-2531954209.43,2011-12-30
2012-03-07,sh.600005,3.14,3.18,3.12,3.14,3.15,18060889.0,56744742.0,3,0.178931,1,-0.3175,16.316281,0.866627,0.353686,-28.241926,0,2011-09-30,1643754750.76,76789840850.26,74836191142.33,71114694373.58,2121883390.23,2139311775.4,495557024.64,1639238534.12,947079319.82,465635726.89,14502390617.37,23207926797.83,71428484273.01,94636411070.84,54046262571.0,2597503674.81,56643766245.81,37992644825.03,-298857835.43,-7830250226.59,5599361419.35,-2531954209.43,2011-12-30
2012-03-08,sh.600005,3.14,3.17,3.14,3.15,3.14,16255637.0,51259950.0,3,0.161046,1,0.3185,16.368244,0.869387,0.354813,-28.331868,0,2011-09-30,1643754750.76,76789840850.26,74836191142.33,71114694373.58,2121883390.23,2139311775.4,495557024.64,1639238534.12,947079319.82,465635726.89,14502390617.37,23207926797.83,71428484273.01,94636411070.84,54046262571.0,2597503674.81,56643766245.81,37992644825.03,-298857835.43,-7830250226.59,5599361419.35,-2531954209.43,2011-12-30
2012-03-09,sh.600005,3.15,3.17,3.14,3.17,3.15,13066292.0,41231570.0,3,0.129449,1,0.6349,16.472169,0.874907,0.357065,-28.511753,0,2011-09-30,1643754750.76,76789840850.26,74836191142.33,71114694373.58,2121883390.23,2139311775.4,495557024.64,1639238534.12,947079319.82,465635726.89,14502390617.37,23207926797.83,71428484273.01,94636411070.84,54046262571.0,2597503674.81,56643766245.81,37992644825.03,-298857835.43,-7830250226.59,5599361419.35,-2531954209.43,2011-12-30
2012-03-12,sh.600005,3.18,3.18,3.12,3.13,3.17,22060084.0,69241693.0,3,0.218551,1,-1.2618,16.264318,0.863867,0.35256,-28.151983,0,2011-09-30,1643754750.76,76789840850.26,74836191142.33,71114694373.58,2121883390.23,2139311775.4,495557024.64,1639238534.12,947079319.82,465635726.89,14502390617.37,23207926797.83,71428484273.01,94636411070.84,54046262571.0,2597503674.81,56643766245.81,37992644825.03,-298857835.43,-7830250226.59,5599361419.35,-2531954209.43,2011-12-30
2012-03-13,sh.600005,3.13,3.17,3.12,3.16,3.13,17529921.0,55150073.0,3,0.173671,1,0.9585,16.420206,0.872147,0.355939,-28.42181,0,2011-09-30,1643754750.76,76789840850.26,74836191142.33,71114694373.58,2121883390.23,2139311775.4,495557024.64,1639238534.12,947079319.82,465635726.89,14502390617.37,23207926797.83,71428484273.01,94636411070.84,54046262571.0,2597503674.81,56643766245.81,37992644825.03,-298857835.43,-7830250226.59,5599361419.35,-2531954209.43,2011-12-30
2012-03-14,sh.600005,3.17,3.23,3.05,3.08,3.16,65687497.0,207345568.0,3,0.650772,1,-2.5316,16.004505,0.850067,0.346928,-27.702271,0,2011-09-30,1643754750.76,76789840850.26,74836191142.33,71114694373.58,2121883390.23,2139311775.4,495557024.64,1639238534.12,947079319.82,465635726.89,14502390617.37,23207926797.83,71428484273.01,94636411070.84,54046262571.0,2597503674.81,56643766245.81,37992644825.03,-298857835.43,-7830250226.59,5599361419.35,-2531954209.43,2011-12-30
2012-03-15,sh.600005,3.08,3.1,3.02,3.02,3.08,31549190.0,96090404.0,3,0.312561,1,-1.9481,15.692729,0.833507,0.34017,-27.162616,0,2011-09-30,1643754750.76,76789840850.26,74836191142.33,71114694373.58,2121883390.23,2139311775.4,495557024.64,1639238534.12,947079319.82,465635726.89,14502390617.37,23207926797.83,71428484273.01,94636411070.84,54046262571.0,2597503674.81,56643766245.81,37992644825.03,-298857835.43,-7830250226.59,5599361419.35,-2531954209.43,2011-12-30
2012-03-16,sh.600005,3.03,3.05,3.0,3.04,3.02,22138164.0,66994531.0,3,0.219325,1,0.6623,15.796654,0.839027,0.342422,-27.342501,0,2011-09-30,1643754750.76,76789840850.26,74836191142.33,71114694373.58,2121883390.23,2139311775.4,495557024.64,1639238534.12,947079319.82,465635726.89,14502390617.37,23207926797.83,71428484273.01,94636411070.84,54046262571.0,2597503674.81,56643766245.81,37992644825.03,-298857835.43,-7830250226.59,5599361419.35,-2531954209.43,2011-12-30
2012-03-19,sh.600005,3.04,3.04,3.0,3.03,3.04,20850938.0,62923285.0,3,0.206572,1,-0.3289,15.744692,0.836267,0.341296,-27.252559,0,2011-09-30,1643754750.76,76789840850.26,74836191142.33,71114694373.58,2121883390.23,2139311775.4,495557024.64,1639238534.12,947079319.82,465635726.89,14502390617.37,23207926797.83,71428484273.01,94636411070.84,54046262571.0,2597503674.81,56643766245.81,37992644825.03,-298857835.43,-7830250226.59,5599361419.35,-2531954209.43,2011-12-30
2012-03-20,sh.600005,3.02,3.06,3.0,3.02,3.03,28367003.0,85916363.0,3,0.281034,1,-0.33,15.692729,0.833507,0.34017,-27.162616,0,2011-09-30,1643754750.76,76789840850.26,74836191142.33,71114694373.58,2121883390.23,2139311775.4,495557024.64,1639238534.12,947079319.82,465635726.89,14502390617.37,23207926797.83,71428484273.01,94636411070.84,54046262571.0,2597503674.81,56643766245.81,37992644825.03,-298857835.43,-7830250226.59,5599361419.35,-2531954209.43,2011-12-30
2012-03-21,sh.600005,3.03,3.04,3.0,3.02,3.02,21932225.0,66165022.0,3,0.217285,1,0.0,15.692729,0.833507,0.34017,-27.162616,0,2011-09-30,1643754750.76,76789840850.26,74836191142.33,71114694373.58,2121883390.23,2139311775.4,495557024.64,1639238534.12,947079319.82,465635726.89,14502390617.37,23207926797.83,71428484273.01,94636411070.84,54046262571.0,2597503674.81,56643766245.81,37992644825.03,-298857835.43,-7830250226.59,5599361419.35,-2531954209.43,2011-12-30
2012-03-22,sh.600005,3.02,3.03,3.0,3.01,3.02,15508977.0,46680572.0,3,0.153649,1,-0.3311,15.640766,0.830747,0.339043,-27.072674,0,2011-09-30,1643754750.76,76789840850.26,74836191142.33,71114694373.58,2121883390.23,2139311775.4,495557024.64,1639238534.12,947079319.82,465635726.89,14502390617.37,23207926797.83,71428484273.01,94636411070.84,54046262571.0,2597503674.81,56643766245.81,37992644825.03,-298857835.43,-7830250226.59,5599361419.35,-2531954209.43,2011-12-30
2012-03-23,sh.600005,3.0,3.01,2.97,2.98,3.01,16440949.0,49197470.0,3,0.162882,1,-0.9967,15.484878,0.822468,0.335664,-26.802847,0,2011-09-30,1643754750.76,76789840850.26,74836191142.33,71114694373.58,2121883390.23,2139311775.4,495557024.64,1639238534.12,947079319.82,465635726.89,14502390617.37,23207926797.83,71428484273.01,94636411070.84,54046262571.0,2597503674.81,56643766245.81,37992644825.03,-298857835.43,-7830250226.59,5599361419.35,-2531954209.43,2011-12-30
2012-03-26,sh.600005,2.99,3.0,2.96,2.97,2.98,10596665.0,31586104.0,3,0.104982,1,-0.3356,15.432916,0.819708,0.334538,-26.712904,0,2011-09-30,1643754750.76,76789840850.26,74836191142.33,71114694373.58,2121883390.23,2139311775.4,495557024.64,1639238534.12,947079319.82,465635726.89,14502390617.37,23207926797.83,71428484273.01,94636411070.84,54046262571.0,2597503674.81,56643766245.81,37992644825.03,-298857835.43,-7830250226.59,5599361419.35,-2531954209.43,2011-12-30
2012-03-27,sh.600005,2.98,2.99,2.96,2.98,2.97,11894228.0,35400639.0,3,0.117837,1,0.3367,15.484878,0.822468,0.335664,-26.802847,0,2011-09-30,1643754750.76,76789840850.26,74836191142.33,71114694373.58,2121883390.23,2139311775.4,495557024.64,1639238534.12,947079319.82,465635726.89,14502390617.37,23207926797.83,71428484273.01,94636411070.84,54046262571.0,2597503674.81,56643766245.81,37992644825.03,-298857835.43,-7830250226.59,5599361419.35,-2531954209.43,2011-12-30
2012-03-28,sh.600005,2.97,2.98,2.85,2.86,2.98,25949458.0,75414235.0,3,0.257084,1,-4.0268,14.861326,0.789348,0.322147,-25.723537,0,2011-09-30,1643754750.76,76789840850.26,74836191142.33,71114694373.58,2121883390.23,2139311775.4,495557024.64,1639238534.12,947079319.82,465635726.89,14502390617.37,23207926797.83,71428484273.01,94636411070.84,54046262571.0,2597503674.81,56643766245.81,37992644825.03,-298857835.43,-7830250226.59,5599361419.35,-2531954209.43,2011-12-30
2012-03-29,sh.600005,2.84,2.88,2.83,2.84,2.86,19205112.0,54716374.0,3,0.190267,1,-0.6993,14.757401,0.783828,0.319895,-25.543652,0,2011-09-30,1643754750.76,76789840850.26,74836191142.33,71114694373.58,2121883390.23,2139311775.4,495557024.64,1639238534.12,947079319.82,465635726.89,14502390617.37,23207926797.83,71428484273.01,94636411070.84,54046262571.0,2597503674.81,56643766245.81,37992644825.03,-298857835.43,-7830250226.59,5599361419.35,-2531954209.43,2011-12-30
2012-03-30,sh.600005,2.86,2.86,2.83,2.86,2.84,11126981.0,31672222.0,3,0.110236,1,0.7042,14.861326,0.789348,0.322147,-25.723537,0,2011-09-30,1643754750.76,76789840850.26,74836191142.33,71114694373.58,2121883390.23,2139311775.4,495557024.64,1639238534.12,947079319.82,465635726.89,14502390617.37,23207926797.83,71428484273.01,94636411070.84,54046262571.0,2597503674.81,56643766245.81,37992644825.03,-298857835.43,-7830250226.59,5599361419.35,-2531954209.43,2011-12-30
2012-04-05,sh.600005,2.85,2.9,2.84,2.89,2.86,20603351.0,59061760.0,3,0.204119,1,1.049,15.017214,0.797628,0.325527,-25.993365,0,2011-12-31,948905927.79,101058310544.89,99774493189.93,94826339058.08,1365390168.57,1422937786.21,474031858.42,1083593060.07,1781287802.32,347097751.97,16575297038.83,24551261639.53,71549411616.03,96100673255.56,56824620867.13,2085838298.24,58910459165.37,37190214090.19,755296758.72,-11101850899.76,8651991796.65,-1697745726.93,2012-03-31
2012-04-06,sh.600005,2.88,2.9,2.87,2.9,2.89,15076822.0,43489889.0,3,0.149367,1,0.346,15.069177,0.800388,0.326653,-26.083307,0,2011-12-31,948905927.79,101058310544.89,99774493189.93,94826339058.08,1365390168.57,1422937786.21,474031858.42,1083593060.07,1781287802.32,347097751.97,16575297038.83,24551261639.53,71549411616.03,96100673255.56,56824620867.13,2085838298.24,58910459165.37,37190214090.19,755296758.72,-11101850899.76,8651991796.65,-1697745726.93,2012-03-31
2012-04-09,sh.600005,2.89,2.91,2.86,2.87,2.9,13847870.0,39918712.0,3,0.137192,1,-1.0345,14.913289,0.792108,0.323274,-25.81348,0,2011-12-31,948905927.79,101058310544.89,99774493189.93,94826339058.08,1365390168.57,1422937786.21,474031858.42,1083593060.07,1781287802.32,347097751.97,16575297038.83,24551261639.53,71549411616.03,96100673255.56,56824620867.13,2085838298.24,58910459165.37,37190214090.19,755296758.72,-11101850899.76,8651991796.65,-1697745726.93,2012-03-31
2012-04-10,sh.600005,2.87,2.9,2.84,2.89,2.87,14075865.0,40307218.0,3,0.139451,1,0.6969,15.017214,0.797628,0.325527,-25.993365,0,2011-12-31,948905927.79,101058310544.89,99774493189.93,94826339058.08,1365390168.57,1422937786.21,474031858.42,1083593060.07,1781287802.32,347097751.97,16575297038.83,24551261639.53,71549411616.03,96100673255.56,56824620867.13,2085838298.24,58910459165.37,37190214090.19,755296758.72,-11101850899.76,8651991796.65,-1697745726.93,2012-03-31
2012-04-11,sh.600005,2.87,2.9,2.86,2.88,2.89,18107073.0,51954444.0,3,0.179388,1,-0.346,14.965251,0.794868,0.3244,-25.903422,0,2011-12-31,948905927.79,101058310544.89,99774493189.93,94826339058.08,1365390168.57,1422937786.21,474031858.42,1083593060.07,1781287802.32,347097751.97,16575297038.83,24551261639.53,71549411616.03,96100673255.56,56824620867.13,2085838298.24,58910459165.37,37190214090.19,755296758.72,-11101850899.76,8651991796.65,-1697745726.93,2012-03-31
2012-04-12,sh.600005,2.87,2.92,2.87,2.91,2.88,19709086.0,57014744.0,3,0.19526,1,1.0417,15.121139,0.803148,0.327779,-26.173249,0,2011-12-31,948905927.79,101058310544.89,99774493189.93,94826339058.08,1365390168.57,1422937786.21,474031858.42,1083593060.07,1781287802.32,347097751.97,16575297038.83,24551261639.53,71549411616.03,96100673255.56,56824620867.13,2085838298.24,58910459165.37,37190214090.19,755296758.72,-11101850899.76,8651991796.65,-1697745726.93,2012-03-31
2012-04-13,sh.600005,2.9,2.93,2.9,2.92,2.91,17813450.0,51960799.0,3,0.176479,1,0.3436,15.173102,0.805908,0.328906,-26.263192,0,2011-12-31,948905927.79,101058310544.89,99774493189.93,94826339058.08,1365390168.57,1422937786.21,474031858.42,1083593060.07,1781287802.32,347097751.97,16575297038.83,24551261639.53,71549411616.03,96100673255.56,56824620867.13,2085838298.24,58910459165.37,37190214090.19,755296758.72,-11101850899.76,8651991796.65,-1697745726.93,2012-03-31
2012-04-16,sh.600005,2.91,2.93,2.89,2.92,2.92,16636093.0,48376548.0,3,0.164815,1,0.0,15.173102,0.805908,0.328906,-26.263192,0,2011-12-31,948905927.79,101058310544.89,99774493189.93,94826339058.08,1365390168.57,1422937786.21,474031858.42,1083593060.07,1781287802.32,347097751.97,16575297038.83,24551261639.53,71549411616.03,96100673255.56,56824620867.13,2085838298.24,58910459165.37,37190214090.19,755296758.72,-11101850899.76,8651991796.65,-1697745726.93,2012-03-31
2012-04-17,sh.600005,2.92,2.99,2.9,2.94,2.92,31243925.0,91992974.0,3,0.309536,1,0.6849,15.277028,0.811428,0.331158,-26.443077,0,2011-12-31,948905927.79,101058310544.89,99774493189.93,94826339058.08,1365390168.57,1422937786.21,474031858.42,1083593060.07,1781287802.32,347097751.97,16575297038.83,24551261639.53,71549411616.03,96100673255.56,56824620867.13,2085838298.24,58910459165.37,37190214090.19,755296758.72,-11101850899.76,8651991796.65,-1697745726.93,2012-03-31
2012-04-18,sh.600005,2.94,2.97,2.9,2.97,2.94,31121866.0,91398882.0,3,0.308327,1,1.0204,15.432916,0.819708,0.334538,-26.712904,0,2011-12-31,948905927.79,101058310544.89,99774493189.93,94826339058.08,1365390168.57,1422937786.21,474031858.42,1083593060.07,1781287802.32,347097751.97,16575297038.83,24551261639.53,71549411616.03,96100673255.56,56824620867.13,2085838298.24,58910459165.37,37190214090.19,755296758.72,-11101850899.76,8651991796.65,-1697745726.93,2012-03-31
2012-04-19,sh.600005,2.96,2.97,2.94,2.95,2.97,15048137.0,44427765.0,3,0.149083,1,-0.6734,15.32899,0.814188,0.332285,-26.533019,0,2011-12-31,948905927.79,101058310544.89,99774493189.93,94826339058.08,1365390168.57,1422937786.21,474031858.42,1083593060.07,1781287802.32,347097751.97,16575297038.83,24551261639.53,71549411616.03,96100673255.56,56824620867.13,2085838298.24,58910459165.37,37190214090.19,755296758.72,-11101850899.76,8651991796.65,-1697745726.93,2012-03-31
2012-04-20,sh.600005,2.95,2.98,2.93,2.97,2.95,18111598.0,53663698.0,3,0.179433,1,0.678,15.432916,0.819708,0.334538,-26.712904,0,2011-12-31,948905927.79,101058310544.89,99774493189.93,94826339058.08,1365390168.57,1422937786.21,474031858.42,1083593060.07,1781287802.32,347097751.97,16575297038.83,24551261639.53,71549411616.03,96100673255.56,56824620867.13,2085838298.24,58910459165.37,37190214090.19,755296758.72,-11101850899.76,8651991796.65,-1697745726.93,2012-03-31
2012-04-23,sh.600005,2.97,2.97,2.94,2.94,2.97,16869813.0,49796925.0,3,0.167131,1,-1.0101,15.277028,0.811428,0.331158,-26.443077,0,2011-12-31,948905927.79,101058310544.89,99774493189.93,94826339058.08,1365390168.57,1422937786.21,474031858.42,1083593060.07,1781287802.32,347097751.97,16575297038.83,24551261639.53,71549411616.03,96100673255.56,56824620867.13,2085838298.24,58910459165.37,37190214090.19,755296758.72,-11101850899.76,8651991796.65,-1697745726.93,2012-03-31
2012-04-24,sh.600005,2.92,2.96,2.88,2.92,2.94,26387068.0,76912826.0,3,0.261419,1,-0.6803,56.270862,0.819726,0.29852,59.256797,0,2011-12-31,948905927.79,101058310544.89,99774493189.93,94826339058.08,1365390168.57,1422937786.21,474031858.42,1083593060.07,1781287802.32,347097751.97,16575297038.83,24551261639.53,71549411616.03,96100673255.56,56824620867.13,2085838298.24,58910459165.37,37190214090.19,755296758.72,-11101850899.76,8651991796.65,-1697745726.93,2012-03-31
2012-04-25,sh.600005,2.91,2.95,2.89,2.94,2.92,24961305.0,72933869.0,3,0.247294,1,0.6849,56.656279,0.825341,0.300564,59.662665,0,2011-12-31,948905927.79,101058310544.89,99774493189.93,94826339058.08,1365390168.57,1422937786.21,474031858.42,1083593060.07,1781287802.32,347097751.97,16575297038.83,24551261639.53,71549411616.03,96100673255.56,56824620867.13,2085838298.24,58910459165.37,37190214090.19,755296758.72,-11101850899.76,8651991796.65,-1697745726.93,2012-03-31
2012-04-26,sh.600005,2.94,2.94,2.9,2.91,2.94,19307801.0,56342000.0,3,0.191284,1,-1.0204,56.078154,0.816919,0.297497,59.053862,0,2011-12-31,948905927.79,101058310544.89,99774493189.93,94826339058.08,1365390168.57,1422937786.21,474031858.42,1083593060.07,1781287802.32,347097751.97,16575297038.83,24551261639.53,71549411616.03,96100673255.56,56824620867.13,2085838298.24,58910459165.37,37190214090.19,755296758.72,-11101850899.76,8651991796.65,-1697745726.93,2012-03-31
2012-04-27,sh.600005,2.92,2.95,2.9,2.93,2.91,17423587.0,50969485.0,3,0.172617,1,0.6873,56.463571,0.822534,0.299542,59.459731,0,2011-12-31,948905927.79,101058310544.89,99774493189.93,94826339058.08,1365390168.57,1422937786.21,474031858.42,1083593060.07,1781287802.32,347097751.97,16575297038.83,24551261639.53,71549411616.03,96100673255.56,56824620867.13,2085838298.24,58910459165.37,37190214090.19,755296758.72,-11101850899.76,8651991796.65,-1697745726.93,2012-03-31
2012-05-02,sh.600005,2.95,2.98,2.94,2.96,2.93,27281526.0,80793237.0,3,0.270281,1,1.0239,57.041696,0.830956,0.302609,60.068534,0,2011-12-31,948905927.79,101058310544.89,99774493189.93,94826339058.08,1365390168.57,1422937786.21,474031858.42,1083593060.07,1781287802.32,347097751.97,16575297038.83,24551261639.53,71549411616.03,96100673255.56,56824620867.13,2085838298.24,58910459165.37,37190214090.19,755296758.72,-11101850899.76,8651991796.65,-1697745726.93,2012-03-31
2012-05-03,sh.600005,2.97,2.98,2.95,2.96,2.96,14433012.0,42774536.0,3,0.142989,1,0.0,57.041696,0.830956,0.302609,60.068534,0,2011-12-31,948905927.79,101058310544.89,99774493189.93,94826339058.08,1365390168.57,1422937786.21,474031858.42,1083593060.07,1781287802.32,347097751.97,16575297038.83,24551261639.53,71549411616.03,96100673255.56,56824620867.13,2085838298.24,58910459165.37,37190214090.19,755296758.72,-11101850899.76,8651991796.65,-1697745726.93,2012-03-31
2012-05-04,sh.600005,2.96,2.98,2.95,2.98,2.96,21880838.0,65009373.0,3,0.216775,1,0.6757,57.427113,0.83657,0.304654,60.474402,0,2011-12-31,948905927.79,101058310544.89,99774493189.93,94826339058.08,1365390168.57,1422937786.21,474031858.42,1083593060.07,1781287802.32,347097751.97,16575297038.83,24551261639.53,71549411616.03,96100673255.56,56824620867.13,2085838298.24,58910459165.37,37190214090.19,755296758.72,-11101850899.76,8651991796.65,-1697745726.93,2012-03-31
2012-05-07,sh.600005,2.97,2.97,2.94,2.95,2.98,17490001.0,51583197.0,3,0.173275,1,-1.0067,56.848988,0.828148,0.301587,59.865599,0,2011-12-31,948905927.79,101058310544.89,99774493189.93,94826339058.08,1365390168.57,1422937786.21,474031858.42,1083593060.07,1781287802.32,347097751.97,16575297038.83,24551261639.53,71549411616.03,96100673255.56,56824620867.13,2085838298.24,58910459165.37,37190214090.19,755296758.72,-11101850899.76,8651991796.65,-1697745726.93,2012-03-31
2012-05-08,sh.600005,2.95,2.96,2.92,2.95,2.95,25514144.0,74858873.0,3,0.252771,1,0.0,56.848988,0.828148,0.301587,59.865599,0,2011-12-31,948905927.79,101058310544.89,99774493189.93,94826339058.08,1365390168.57,1422937786.21,474031858.42,1083593060.07,1781287802.32,347097751.97,16575297038.83,24551261639.53,71549411616.03,96100673255.56,56824620867.13,2085838298.24,58910459165.37,37190214090.19,755296758.72,-11101850899.76,8651991796.65,-1697745726.93,2012-03-31
2012-05-09,sh.600005,2.93,2.94,2.87,2.88,2.95,27876488.0,80610077.0,3,0.276175,1,-2.3729,55.500029,0.808497,0.29443,58.44506,0,2011-12-31,948905927.79,101058310544.89,99774493189.93,94826339058.08,1365390168.57,1422937786.21,474031858.42,1083593060.07,1781287802.32,347097751.97,16575297038.83,24551261639.53,71549411616.03,96100673255.56,56824620867.13,2085838298.24,58910459165.37,37190214090.19,755296758.72,-11101850899.76,8651991796.65,-1697745726.93,2012-03-31
2012-05-10,sh.600005,2.88,2.92,2.87,2.9,2.88,18449955.0,53414827.0,3,0.182785,1,0.6944,55.885446,0.814112,0.296475,58.850928,0,2011-12-31,948905927.79,101058310544.89,99774493189.93,94826339058.08,1365390168.57,1422937786.21,474031858.42,1083593060.07,1781287802.32,347097751.97,16575297038.83,24551261639.53,71549411616.03,96100673255.56,56824620867.13,2085838298.24,58910459165.37,37190214090.19,755296758.72,-11101850899.76,8651991796.65,-1697745726.93,2012-03-31
2012-05-11,sh.600005,2.89,2.9,2.86,2.87,2.9,14104837.0,40618203.0,3,0.139738,1,-1.0345,55.30732,0.80569,0.293408,58.242126,0,2011-12-31,948905927.79,101058310544.89,99774493189.93,94826339058.08,1365390168.57,1422937786.21,474031858.42,1083593060.07,1781287802.32,347097751.97,16575297038.83,24551261639.53,71549411616.03,96100673255.56,56824620867.13,2085838298.24,58910459165.37,37190214090.19,755296758.72,-11101850899.76,8651991796.65,-1697745726.93,2012-03-31
2012-05-14,sh.600005,2.89,2.89,2.84,2.85,2.87,20227725.0,57938340.0,3,0.200398,1,-0.6969,54.921903,0.800076,0.291363,57.836257,0,2011-12-31,948905927.79,101058310544.89,99774493189.93,94826339058.08,1365390168.57,1422937786.21,474031858.42,1083593060.07,1781287802.32,347097751.97,16575297038.83,24551261639.53,71549411616.03,96100673255.56,56824620867.13,2085838298.24,58910459165.37,37190214090.19,755296758.72,-11101850899.76,8651991796.65,-1697745726.93,2012-03-31
2012-05-15,sh.600005,2.84,2.85,2.81,2.83,2.85,22017364.0,62204421.0,3,0.218128,1,-0.7018,54.536487,0.794461,0.289319,57.430389,0,2011-12-31,948905927.79,101058310544.89,99774493189.93,94826339058.08,1365390168.57,1422937786.21,474031858.42,1083593060.07,1781287802.32,347097751.97,16575297038.83,24551261639.53,71549411616.03,96100673255.56,56824620867.13,2085838298.24,58910459165.37,37190214090.19,755296758.72,-11101850899.76,8651991796.65,-1697745726.93,2012-03-31
2012-05-16,sh.600005,2.82,2.83,2.81,2.81,2.83,13499776.0,38032249.0,3,0.133744,1,-0.7067,54.15107,0.788846,0.287274,57.02452,0,2011-12-31,948905927.79,101058310544.89,99774493189.93,94826339058.08,1365390168.57,1422937786.21,474031858.42,1083593060.07,1781287802.32,347097751.97,16575297038.83,24551261639.53,71549411616.03,96100673255.56,56824620867.13,2085838298.24,58910459165.37,37190214090.19,755296758.72,-11101850899.76,8651991796.65,-1697745726.93,2012-03-31
2012-05-17,sh.600005,2.82,2.85,2.8,2.84,2.81,12933104.0,36574101.0,3,0.128129,1,1.0676,54.729195,0.797268,0.290341,57.633323,0,2011-12-31,948905927.79,101058310544.89,99774493189.93,94826339058.08,1365390168.57,1422937786.21,474031858.42,1083593060.07,1781287802.32,347097751.97,16575297038.83,24551261639.53,71549411616.03,96100673255.56,56824620867.13,2085838298.24,58910459165.37,37190214090.19,755296758.72,-11101850899.76,8651991796.65,-1697745726.93,2012-03-31
2012-05-18,sh.600005,2.84,2.84,2.84,2.84,2.84,0.0,0.0,3,,0,0.0,54.729195,0.797268,0.290341,57.633323,0,2011-12-31,948905927.79,101058310544.89,99774493189.93,94826339058.08,1365390168.57,1422937786.21,474031858.42,1083593060.07,1781287802.32,347097751.97,16575297038.83,24551261639.53,71549411616.03,96100673255.56,56824620867.13,2085838298.24,58910459165.37,37190214090.19,755296758.72,-11101850899.76,8651991796.65,-1697745726.93,2012-03-31
2012-05-21,sh.600005,2.84,2.84,2.81,2.83,2.84,17387405.0,49130038.0,3,0.172259,1,-0.3521,54.536487,0.794461,0.289319,57.430389,0,2011-12-31,948905927.79,101058310544.89,99774493189.93,94826339058.08,1365390168.57,1422937786.21,474031858.42,1083593060.07,1781287802.32,347097751.97,16575297038.83,24551261639.53,71549411616.03,96100673255.56,56824620867.13,2085838298.24,58910459165.37,37190214090.19,755296758.72,-11101850899.76,8651991796.65,-1697745726.93,2012-03-31
2012-05-22,sh.600005,2.84,2.85,2.82,2.85,2.83,14968281.0,42396988.0,3,0.148292,1,0.7067,54.921903,0.800076,0.291363,57.836257,0,2011-12-31,948905927.79,101058310544.89,99774493189.93,94826339058.08,1365390168.57,1422937786.21,474031858.42,1083593060.07,1781287802.32,347097751.97,16575297038.83,24551261639.53,71549411616.03,96100673255.56,56824620867.13,2085838298.24,58910459165.37,37190214090.19,755296758.72,-11101850899.76,8651991796.65,-1697745726.93,2012-03-31
2012-05-23,sh.600005,2.84,2.85,2.82,2.83,2.85,13370250.0,37905582.0,3,0.13246,1,-0.7018,54.536487,0.794461,0.289319,57.430389,0,2011-12-31,948905927.79,101058310544.89,99774493189.93,94826339058.08,1365390168.57,1422937786.21,474031858.42,1083593060.07,1781287802.32,347097751.97,16575297038.83,24551261639.53,71549411616.03,96100673255.56,56824620867.13,2085838298.24,58910459165.37,37190214090.19,755296758.72,-11101850899.76,8651991796.65,-1697745726.93,2012-03-31
2012-05-24,sh.600005,2.83,2.85,2.82,2.84,2.83,10513093.0,29791653.0,3,0.104154,1,0.3534,54.729195,0.797268,0.290341,57.633323,0,2011-12-31,948905927.79,101058310544.89,99774493189.93,94826339058.08,1365390168.57,1422937786.21,474031858.42,1083593060.07,1781287802.32,347097751.97,16575297038.83,24551261639.53,71549411616.03,96100673255.56,56824620867.13,2085838298.24,58910459165.37,37190214090.19,755296758.72,-11101850899.76,8651991796.65,-1697745726.93,2012-03-31
2012-05-25,sh.600005,2.84,2.9,2.83,2.86,2.84,29371269.0,83956310.0,3,0.290984,1,0.7042,55.114612,0.802883,0.292386,58.039191,0,2011-12-31,948905927.79,101058310544.89,99774493189.93,94826339058.08,1365390168.57,1422937786.21,474031858.42,1083593060.07,1781287802.32,347097751.97,16575297038.83,24551261639.53,71549411616.03,96100673255.56,56824620867.13,2085838298.24,58910459165.37,37190214090.19,755296758.72,-11101850899.76,8651991796.65,-1697745726.93,2012-03-31
2012-05-28,sh.600005,2.87,2.93,2.87,2.92,2.86,43158475.0,125490411.0,3,0.427575,1,2.0979,56.270862,0.819726,0.29852,59.256797,0,2011-12-31,948905927.79,101058310544.89,99774493189.93,94826339058.08,1365390168.57,1422937786.21,474031858.42,1083593060.07,1781287802.32,347097751.97,16575297038.83,24551261639.53,71549411616.03,96100673255.56,56824620867.13,2085838298.24,58910459165.37,37190214090.19,755296758.72,-11101850899.76,8651991796.65,-1697745726.93,2012-03-31
2012-05-29,sh.600005,2.93,2.95,2.9,2.94,2.92,33570512.0,97971357.0,3,0.332586,1,0.6849,56.656279,0.825341,0.300564,59.662665,0,2011-12-31,948905927.79,101058310544.89,99774493189.93,94826339058.08,1365390168.57,1422937786.21,474031858.42,1083593060.07,1781287802.32,347097751.97,16575297038.83,24551261639.53,71549411616.03,96100673255.56,56824620867.13,2085838298.24,58910459165.37,37190214090.19,755296758.72,-11101850899.76,8651991796.65,-1697745726.93,2012-03-31
2012-05-30,sh.600005,2.93,2.93,2.9,2.9,2.94,14058204.0,40895159.0,3,0.139276,1,-1.3605,55.885446,0.814112,0.296475,58.850928,0,2011-12-31,948905927.79,101058310544.89,99774493189.93,94826339058.08,1365390168.57,1422937786.21,474031858.42,1083593060.07,1781287802.32,347097751.97,16575297038.83,24551261639.53,71549411616.03,96100673255.56,56824620867.13,2085838298.24,58910459165.37,37190214090.19,755296758.72,-11101850899.76,8651991796.65,-1697745726.93,2012-03-31
2012-05-31,sh.600005,2.89,2.9,2.87,2.88,2.9,12755202.0,36774586.0,3,0.126367,1,-0.6897,55.500029,0.808497,0.29443,58.44506,0,2011-12-31,948905927.79,101058310544.89,99774493189.93,94826339058.08,1365390168.57,1422937786.21,474031858.42,1083593060.07,1781287802.32,347097751.97,16575297038.83,24551261639.53,71549411616.03,96100673255.56,56824620867.13,2085838298.24,58910459165.37,37190214090.19,755296758.72,-11101850899.76,8651991796.65,-1697745726.93,2012-03-31
2012-06-01,sh.600005,2.88,2.9,2.85,2.86,2.88,10257533.0,29502972.0,3,0.101622,1,-0.6944,55.114612,0.802883,0.292386,58.039191,0,2011-12-31,948905927.79,101058310544.89,99774493189.93,94826339058.08,1365390168.57,1422937786.21,474031858.42,1083593060.07,1781287802.32,347097751.97,16575297038.83,24551261639.53,71549411616.03,96100673255.56,56824620867.13,2085838298.24,58910459165.37,37190214090.19,755296758.72,-11101850899.76,8651991796.65,-1697745726.93,2012-03-31
2012-06-04,sh.600005,2.83,2.83,2.8,2.8,2.86,17567914.0,49481791.0,3,0.174047,1,-2.0979,53.958361,0.786039,0.286252,56.821586,0,2011-12-31,948905927.79,101058310544.89,99774493189.93,94826339058.08,1365390168.57,1422937786.21,474031858.42,1083593060.07,1781287802.32,347097751.97,16575297038.83,24551261639.53,71549411616.03,96100673255.56,56824620867.13,2085838298.24,58910459165.37,37190214090.19,755296758.72,-11101850899.76,8651991796.65,-1697745726.93,2012-03-31
2012-06-05,sh.600005,2.81,2.85,2.8,2.81,2.8,10988637.0,31001333.0,3,0.108865,1,0.3571,54.15107,0.788846,0.287274,57.02452,0,2011-12-31,948905927.79,101058310544.89,99774493189.93,94826339058.08,1365390168.57,1422937786.21,474031858.42,1083593060.07,1781287802.32,347097751.97,16575297038.83,24551261639.53,71549411616.03,96100673255.56,56824620867.13,2085838298.24,58910459165.37,37190214090.19,755296758.72,-11101850899.76,8651991796.65,-1697745726.93,2012-03-31
2012-06-06,sh.600005,2.82,2.84,2.81,2.81,2.81,7596786.0,21404349.0,3,0.075262,1,0.0,54.15107,0.788846,0.287274,57.02452,0,2011-12-31,948905927.79,101058310544.89,99774493189.93,94826339058.08,1365390168.57,1422937786.21,474031858.42,1083593060.07,1781287802.32,347097751.97,16575297038.83,24551261639.53,71549411616.03,96100673255.56,56824620867.13,2085838298.24,58910459165.37,37190214090.19,755296758.72,-11101850899.76,8651991796.65,-1697745726.93,2012-03-31
2012-06-07,sh.600005,2.82,2.84,2.78,2.79,2.81,13311766.0,37332762.0,3,0.131881,1,-0.7117,53.765653,0.783232,0.28523,56.618652,0,2011-12-31,948905927.79,101058310544.89,99774493189.93,94826339058.08,1365390168.57,1422937786.21,474031858.42,1083593060.07,1781287802.32,347097751.97,16575297038.83,24551261639.53,71549411616.03,96100673255.56,56824620867.13,2085838298.24,58910459165.37,37190214090.19,755296758.72,-11101850899.76,8651991796.65,-1697745726.93,2012-03-31
2012-06-08,sh.600005,2.8,2.82,2.78,2.8,2.79,10186446.0,28456433.0,3,0.100918,1,0.3584,53.958361,0.786039,0.286252,56.821586,0,2011-12-31,948905927.79,101058310544.89,99774493189.93,94826339058.08,1365390168.57,1422937786.21,474031858.42,1083593060.07,1781287802.32,347097751.97,16575297038.83,24551261639.53,71549411616.03,96100673255.56,56824620867.13,2085838298.24,58910459165.37,37190214090.19,755296758.72,-11101850899.76,8651991796.65,-1697745726.93,2012-03-31
2012-06-11,sh.600005,2.8,2.84,2.79,2.82,2.8,10263205.0,28898300.0,3,0.101679,1,0.7143,54.343778,0.791654,0.288296,57.227454,0,2011-12-31,948905927.79,101058310544.89,99774493189.93,94826339058.08,1365390168.57,1422937786.21,474031858.42,1083593060.07,1781287802.32,347097751.97,16575297038.83,24551261639.53,71549411616.03,96100673255.56,56824620867.13,2085838298.24,58910459165.37,37190214090.19,755296758.72,-11101850899.76,8651991796.65,-1697745726.93,2012-03-31
2012-06-12,sh.600005,2.81,2.82,2.79,2.8,2.82,8308123.0,23268873.0,3,0.082309,1,-0.7092,53.958361,0.786039,0.286252,56.821586,0,2011-12-31,948905927.79,101058310544.89,99774493189.93,94826339058.08,1365390168.57,1422937786.21,474031858.42,1083593060.07,1781287802.32,347097751.97,16575297038.83,24551261639.53,71549411616.03,96100673255.56,56824620867.13,2085838298.24,58910459165.37,37190214090.19,755296758.72,-11101850899.76,8651991796.65,-1697745726.93,2012-03-31
2012-06-13,sh.600005,2.8,2.82,2.78,2.81,2.8,9744333.0,27316639.0,3,0.096538,1,0.3571,54.15107,0.788846,0.287274,57.02452,0,2011-12-31,948905927.79,101058310544.89,99774493189.93,94826339058.08,1365390168.57,1422937786.21,474031858.42,1083593060.07,1781287802.32,347097751.97,16575297038.83,24551261639.53,71549411616.03,96100673255.56,56824620867.13,2085838298.24,58910459165.37,37190214090.19,755296758.72,-11101850899.76,8651991796.65,-1697745726.93,2012-03-31
2012-06-14,sh.600005,2.81,2.82,2.8,2.8,2.81,8509085.0,23895018.0,3,0.0843,1,-0.3559,53.958361,0.786039,0.286252,56.821586,0,2011-12-31,948905927.79,101058310544.89,99774493189.93,94826339058.08,1365390168.57,1422937786.21,474031858.42,1083593060.07,1781287802.32,347097751.97,16575297038.83,24551261639.53,71549411616.03,96100673255.56,56824620867.13,2085838298.24,58910459165.37,37190214090.19,755296758.72,-11101850899.76,8651991796.65,-1697745726.93,2012-03-31
2012-06-15,sh.600005,2.8,2.8,2.8,2.8,2.8,0.0,0.0,3,,0,0.0,53.958361,0.786039,0.286252,56.821586,0,2011-12-31,948905927.79,101058310544.89,99774493189.93,94826339058.08,1365390168.57,1422937786.21,474031858.42,1083593060.07,1781287802.32,347097751.97,16575297038.83,24551261639.53,71549411616.03,96100673255.56,56824620867.13,2085838298.24,58910459165.37,37190214090.19,755296758.72,-11101850899.76,8651991796.65,-1697745726.93,2012-03-31
2012-06-18,sh.600005,2.82,2.83,2.81,2.82,2.8,11251690.0,31739080.0,3,0.111472,1,0.7143,54.343778,0.791654,0.288296,57.227454,0,2011-12-31,948905927.79,101058310544.89,99774493189.93,94826339058.08,1365390168.57,1422937786.21,474031858.42,1083593060.07,1781287802.32,347097751.97,16575297038.83,24551261639.53,71549411616.03,96100673255.56,56824620867.13,2085838298.24,58910459165.37,37190214090.19,755296758.72,-11101850899.76,8651991796.65,-1697745726.93,2012-03-31
2012-06-19,sh.600005,2.82,2.83,2.81,2.82,2.82,6063828.0,17064785.0,3,0.060075,1,0.0,54.343778,0.791654,0.288296,57.227454,0,2011-12-31,948905927.79,101058310544.89,99774493189.93,94826339058.08,1365390168.57,1422937786.21,474031858.42,1083593060.07,1781287802.32,347097751.97,16575297038.83,24551261639.53,71549411616.03,96100673255.56,56824620867.13,2085838298.24,58910459165.37,37190214090.19,755296758.72,-11101850899.76,8651991796.65,-1697745726.93,2012-03-31
2012-06-20,sh.600005,2.83,2.83,2.8,2.81,2.82,10945300.0,30843009.0,3,0.108436,1,-0.3546,54.15107,0.788846,0.287274,57.02452,0,2011-12-31,948905927.79,101058310544.89,99774493189.93,94826339058.08,1365390168.57,1422937786.21,474031858.42,1083593060.07,1781287802.32,347097751.97,16575297038.83,24551261639.53,71549411616.03,96100673255.56,56824620867.13,2085838298.24,58910459165.37,37190214090.19,755296758.72,-11101850899.76,8651991796.65,-1697745726.93,2012-03-31
2012-06-21,sh.600005,2.81,2.82,2.76,2.78,2.81,12322409.0,34368806.0,3,0.122079,1,-1.0676,53.572944,0.780425,0.284207,56.415717,0,2011-12-31,948905927.79,101058310544.89,99774493189.93,94826339058.08,1365390168.57,1422937786.21,474031858.42,1083593060.07,1781287802.32,347097751.97,16575297038.83,24551261639.53,71549411616.03,96100673255.56,56824620867.13,2085838298.24,58910459165.37,37190214090.19,755296758.72,-11101850899.76,8651991796.65,-1697745726.93,2012-03-31
2012-06-25,sh.600005,2.77,2.78,2.72,2.73,2.73,11695763.0,32145201.0,3,0.115871,1,0.0,52.609402,0.766388,0.279096,55.401046,0,2011-12-31,948905927.79,101058310544.89,99774493189.93,94826339058.08,1365390168.57,1422937786.21,474031858.42,1083593060.07,1781287802.32,347097751.97,16575297038.83,24551261639.53,71549411616.03,96100673255.56,56824620867.13,2085838298.24,58910459165.37,37190214090.19,755296758.72,-11101850899.76,8651991796.65,-1697745726.93,2012-03-31
2012-06-26,sh.600005,2.72,2.72,2.68,2.71,2.73,9700895.0,26196180.0,3,0.096108,1,-0.7326,52.223985,0.760774,0.277051,54.995178,0,2011-12-31,948905927.79,101058310544.89,99774493189.93,94826339058.08,1365390168.57,1422937786.21,474031858.42,1083593060.07,1781287802.32,347097751.97,16575297038.83,24551261639.53,71549411616.03,96100673255.56,56824620867.13,2085838298.24,58910459165.37,37190214090.19,755296758.72,-11101850899.76,8651991796.65,-1697745726.93,2012-03-31
2012-06-27,sh.600005,2.7,2.72,2.67,2.67,2.71,8048615.0,21666263.0,3,0.079738,1,-1.476,51.453152,0.749544,0.272962,54.183441,0,2011-12-31,948905927.79,101058310544.89,99774493189.93,94826339058.08,1365390168.57,1422937786.21,474031858.42,1083593060.07,1781287802.32,347097751.97,16575297038.83,24551261639.53,71549411616.03,96100673255.56,56824620867.13,2085838298.24,58910459165.37,37190214090.19,755296758.72,-11101850899.76,8651991796.65,-1697745726.93,2012-03-31
2012-06-28,sh.600005,2.67,2.69,2.67,2.68,2.67,8401938.0,22498348.0,3,0.083239,1,0.3745,51.64586,0.752352,0.273984,54.386375,0,2011-12-31,948905927.79,101058310544.89,99774493189.93,94826339058.08,1365390168.57,1422937786.21,474031858.42,1083593060.07,1781287802.32,347097751.97,16575297038.83,24551261639.53,71549411616.03,96100673255.56,56824620867.13,2085838298.24,58910459165.37,37190214090.19,755296758.72,-11101850899.76,8651991796.65,-1697745726.93,2012-03-31
2012-06-29,sh.600005,2.69,2.7,2.66,2.69,2.68,12553049.0,33617237.0,3,0.124364,1,0.3731,51.838569,0.755159,0.275006,54.589309,0,2011-12-31,948905927.79,101058310544.89,99774493189.93,94826339058.08,1365390168.57,1422937786.21,474031858.42,1083593060.07,1781287802.32,347097751.97,16575297038.83,24551261639.53,71549411616.03,96100673255.56,56824620867.13,2085838298.24,58910459165.37,37190214090.19,755296758.72,-11101850899.76,8651991796.65,-1697745726.93,2012-03-31
2012-07-02,sh.600005,2.7,2.71,2.65,2.66,2.69,15790358.0,42080964.0,3,0.156437,1,-1.1152,51.260443,0.746737,0.271939,53.980507,0,2012-03-31,45470928.83,22270459707.17,22298859630.27,21094121774.15,38096637.3,42371559.96,-3099368.87,43058467.53,2439575317.92,693877044.41,18240653937.96,30862073851.75,71273915953.08,102135989804.83,55659206738.4,9238110671.85,64897317410.25,37238672394.58,865702606.24,-287741819.33,80200215.65,658287515.6,2012-06-30
2012-07-03,sh.600005,2.67,2.68,2.64,2.65,2.66,14190264.0,37743411.0,3,0.140584,1,-0.3759,51.067735,0.74393,0.270917,53.777572,0,2012-03-31,45470928.83,22270459707.17,22298859630.27,21094121774.15,38096637.3,42371559.96,-3099368.87,43058467.53,2439575317.92,693877044.41,18240653937.96,30862073851.75,71273915953.08,102135989804.83,55659206738.4,9238110671.85,64897317410.25,37238672394.58,865702606.24,-287741819.33,80200215.65,658287515.6,2012-06-30
2012-07-04,sh.600005,2.66,2.67,2.64,2.66,2.65,7719859.0,20471072.0,3,0.076481,1,0.3774,51.260443,0.746737,0.271939,53.980507,0,2012-03-31,45470928.83,22270459707.17,22298859630.27,21094121774.15,38096637.3,42371559.96,-3099368.87,43058467.53,2439575317.92,693877044.41,18240653937.96,30862073851.75,71273915953.08,102135989804.83,55659206738.4,9238110671.85,64897317410.25,37238672394.58,865702606.24,-287741819.33,80200215.65,658287515.6,2012-06-30
2012-07-05,sh.600005,2.65,2.65,2.62,2.63,2.66,11269780.0,29680284.0,3,0.111651,1,-1.1278,50.682318,0.738315,0.268872,53.371704,0,2012-03-31,45470928.83,22270459707.17,22298859630.27,21094121774.15,38096637.3,42371559.96,-3099368.87,43058467.53,2439575317.92,693877044.41,18240653937.96,30862073851.75,71273915953.08,102135989804.83,55659206738.4,9238110671.85,64897317410.25,37238672394.58,865702606.24,-287741819.33,80200215.65,658287515.6,2012-06-30
2012-07-06,sh.600005,2.64,2.66,2.61,2.65,2.63,11281427.0,29714658.0,3,0.111766,1,0.7605,51.067735,0.74393,0.270917,53.777572,0,2012-03-31,45470928.83,22270459707.17,22298859630.27,21094121774.15,38096637.3,42371559.96,-3099368.87,43058467.53,2439575317.92,693877044.41,18240653937.96,30862073851.75,71273915953.08,102135989804.83,55659206738.4,9238110671.85,64897317410.25,37238672394.58,865702606.24,-287741819.33,80200215.65,658287515.6,2012-06-30
2012-07-09,sh.600005,2.64,2.64,2.6,2.6,2.65,10040275.0,26314793.0,3,0.09947,1,-1.8868,50.104193,0.729893,0.265805,52.762901,0,2012-03-31,45470928.83,22270459707.17,22298859630.27,21094121774.15,38096637.3,42371559.96,-3099368.87,43058467.53,2439575317.92,693877044.41,18240653937.96,30862073851.75,71273915953.08,102135989804.83,55659206738.4,9238110671.85,64897317410.25,37238672394.58,865702606.24,-287741819.33,80200215.65,658287515.6,2012-06-30
2012-07-10,sh.600005,2.6,2.62,2.59,2.61,2.6,9218826.0,24010486.0,3,0.091332,1,0.3846,50.296901,0.732701,0.266828,52.965835,0,2012-03-31,45470928.83,22270459707.17,22298859630.27,21094121774.15,38096637.3,42371559.96,-3099368.87,43058467.53,2439575317.92,693877044.41,18240653937.96,30862073851.75,71273915953.08,102135989804.83,55659206738.4,9238110671.85,64897317410.25,37238672394.58,865702606.24,-287741819.33,80200215.65,658287515.6,2012-06-30
2012-07-11,sh.600005,2.6,2.63,2.6,2.61,2.61,9207024.0,24080249.0,3,0.091215,1,0.0,50.296901,0.732701,0.266828,52.965835,0,2012-03-31,45470928.83,22270459707.17,22298859630.27,21094121774.15,38096637.3,42371559.96,-3099368.87,43058467.53,2439575317.92,693877044.41,18240653937.96,30862073851.75,71273915953.08,102135989804.83,55659206738.4,9238110671.85,64897317410.25,37238672394.58,865702606.24,-287741819.33,80200215.65,658287515.6,2012-06-30
2012-07-12,sh.600005,2.61,2.62,2.59,2.61,2.61,16303904.0,42487365.0,3,0.161524,1,0.0,50.296901,0.732701,0.266828,52.965835,0,2012-03-31,45470928.83,22270459707.17,22298859630.27,21094121774.15,38096637.3,42371559.96,-3099368.87,43058467.53,2439575317.92,693877044.41,18240653937.96,30862073851.75,71273915953.08,102135989804.83,55659206738.4,9238110671.85,64897317410.25,37238672394.58,865702606.24,-287741819.33,80200215.65,658287515.6,2012-06-30
2012-07-13,sh.600005,2.62,2.62,2.6,2.61,2.61,6527225.0,17032887.0,3,0.064666,1,0.0,50.296901,0.732701,0.266828,52.965835,0,2012-03-31,45470928.83,22270459707.17,22298859630.27,21094121774.15,38096637.3,42371559.96,-3099368.87,43058467.53,2439575317.92,693877044.41,18240653937.96,30862073851.75,71273915953.08,102135989804.83,55659206738.4,9238110671.85,64897317410.25,37238672394.58,865702606.24,-287741819.33,80200215.65,658287515.6,2012-06-30
2012-07-16,sh.600005,2.61,2.62,2.55,2.59,2.61,16924182.0,43791438.0,3,0.167669,1,-0.7663,49.911484,0.727086,0.264783,52.559967,0,2012-03-31,45470928.83,22270459707.17,22298859630.27,21094121774.15,38096637.3,42371559.96,-3099368.87,43058467.53,2439575317.92,693877044.41,18240653937.96,30862073851.75,71273915953.08,102135989804.83,55659206738.4,9238110671.85,64897317410.25,37238672394.58,865702606.24,-287741819.33,80200215.65,658287515.6,2012-06-30
2012-07-17,sh.600005,2.58,2.59,2.57,2.58,2.59,7114624.0,18386277.0,3,0.070485,1,-0.3861,49.718776,0.724279,0.263761,52.357033,0,2012-03-31,45470928.83,22270459707.17,22298859630.27,21094121774.15,38096637.3,42371559.96,-3099368.87,43058467.53,2439575317.92,693877044.41,18240653937.96,30862073851.75,71273915953.08,102135989804.83,55659206738.4,9238110671.85,64897317410.25,37238672394.58,865702606.24,-287741819.33,80200215.65,658287515.6,2012-06-30
2012-07-18,sh.600005,2.59,2.62,2.58,2.61,2.58,9336151.0,24278991.0,3,0.092494,1,1.1628,50.296901,0.732701,0.266828,52.965835,0,2012-03-31,45470928.83,22270459707.17,22298859630.27,21094121774.15,38096637.3,42371559.96,-3099368.87,43058467.53,2439575317.92,693877044.41,18240653937.96,30862073851.75,71273915953.08,102135989804.83,55659206738.4,9238110671.85,64897317410.25,37238672394.58,865702606.24,-287741819.33,80200215.65,658287515.6,2012-06-30
2012-07-19,sh.600005,2.62,2.63,2.6,2.6,2.61,8718540.0,22772147.0,3,0.086375,1,-0.3831,50.104193,0.729893,0.265805,52.762901,0,2012-03-31,45470928.83,22270459707.17,22298859630.27,21094121774.15,38096637.3,42371559.96,-3099368.87,43058467.53,2439575317.92,693877044.41,18240653937.96,30862073851.75,71273915953.08,102135989804.83,55659206738.4,9238110671.85,64897317410.25,37238672394.58,865702606.24,-287741819.33,80200215.65,658287515.6,2012-06-30
2012-07-20,sh.600005,2.6,2.62,2.59,2.61,2.6,9420883.0,24541183.0,3,0.093334,1,0.3846,50.296901,0.732701,0.266828,52.965835,0,2012-03-31,45470928.83,22270459707.17,22298859630.27,21094121774.15,38096637.3,42371559.96,-3099368.87,43058467.53,2439575317.92,693877044.41,18240653937.96,30862073851.75,71273915953.08,102135989804.83,55659206738.4,9238110671.85,64897317410.25,37238672394.58,865702606.24,-287741819.33,80200215.65,658287515.6,2012-06-30
2012-07-23,sh.600005,2.6,2.6,2.56,2.57,2.61,8416815.0,21685416.0,3,0.083386,1,-1.5326,49.526067,0.721472,0.262738,52.154098,0,2012-03-31,45470928.83,22270459707.17,22298859630.27,21094121774.15,38096637.3,42371559.96,-3099368.87,43058467.53,2439575317.92,693877044.41,18240653937.96,30862073851.75,71273915953.08,102135989804.83,55659206738.4,9238110671.85,64897317410.25,37238672394.58,865702606.24,-287741819.33,80200215.65,658287515.6,2012-06-30
2012-07-24,sh.600005,2.57,2.61,2.57,2.59,2.57,7821878.0,20293554.0,3,0.077492,1,0.7782,49.911484,0.727086,0.264783,52.559967,0,2012-03-31,45470928.83,22270459707.17,22298859630.27,21094121774.15,38096637.3,42371559.96,-3099368.87,43058467.53,2439575317.92,693877044.41,18240653937.96,30862073851.75,71273915953.08,102135989804.83,55659206738.4,9238110671.85,64897317410.25,37238672394.58,865702606.24,-287741819.33,80200215.65,658287515.6,2012-06-30
2012-07-25,sh.600005,2.59,2.6,2.57,2.57,2.59,5983991.0,15461499.0,3,0.059284,1,-0.7722,49.526067,0.721472,0.262738,52.154098,0,2012-03-31,45470928.83,22270459707.17,22298859630.27,21094121774.15,38096637.3,42371559.96,-3099368.87,43058467.53,2439575317.92,693877044.41,18240653937.96,30862073851.75,71273915953.08,102135989804.83,55659206738.4,9238110671.85,64897317410.25,37238672394.58,865702606.24,-287741819.33,80200215.65,658287515.6,2012-06-30
2012-07-26,sh.600005,2.57,2.63,2.57,2.61,2.57,12026244.0,31350544.0,3,0.119145,1,1.5564,50.296901,0.732701,0.266828,52.965835,0,2012-03-31,45470928.83,22270459707.17,22298859630.27,21094121774.15,38096637.3,42371559.96,-3099368.87,43058467.53,2439575317.92,693877044.41,18240653937.96,30862073851.75,71273915953.08,102135989804.83,55659206738.4,9238110671.85,64897317410.25,37238672394.58,865702606.24,-287741819.33,80200215.65,658287515.6,2012-06-30
2012-07-27,sh.600005,2.6,2.62,2.6,2.6,2.61,7770566.0,20290434.0,3,0.076984,1,-0.3831,50.104193,0.729893,0.265805,52.762901,0,2012-03-31,45470928.83,22270459707.17,22298859630.27,21094121774.15,38096637.3,42371559.96,-3099368.87,43058467.53,2439575317.92,693877044.41,18240653937.96,30862073851.75,71273915953.08,102135989804.83,55659206738.4,9238110671.85,64897317410.25,37238672394.58,865702606.24,-287741819.33,80200215.65,658287515.6,2012-06-30
2012-07-30,sh.600005,2.6,2.62,2.59,2.61,2.6,8761718.0,22808088.0,3,0.086803,1,0.3846,50.296901,0.732701,0.266828,52.965835,0,2012-03-31,45470928.83,22270459707.17,22298859630.27,21094121774.15,38096637.3,42371559.96,-3099368.87,43058467.53,2439575317.92,693877044.41,18240653937.96,30862073851.75,71273915953.08,102135989804.83,55659206738.4,9238110671.85,64897317410.25,37238672394.58,865702606.24,-287741819.33,80200215.65,658287515.6,2012-06-30
2012-07-31,sh.600005,2.6,2.61,2.59,2.59,2.61,9932344.0,25827410.0,3,0.098401,1,-0.7663,49.911484,0.727086,0.264783,52.559967,0,2012-03-31,45470928.83,22270459707.17,22298859630.27,21094121774.15,38096637.3,42371559.96,-3099368.87,43058467.53,2439575317.92,693877044.41,18240653937.96,30862073851.75,71273915953.08,102135989804.83,55659206738.4,9238110671.85,64897317410.25,37238672394.58,865702606.24,-287741819.33,80200215.65,658287515.6,2012-06-30
2012-08-01,sh.600005,2.59,2.62,2.59,2.6,2.59,6992786.0,18230720.0,3,0.069278,1,0.3861,50.104193,0.729893,0.265805,52.762901,0,2012-03-31,45470928.83,22270459707.17,22298859630.27,21094121774.15,38096637.3,42371559.96,-3099368.87,43058467.53,2439575317.92,693877044.41,18240653937.96,30862073851.75,71273915953.08,102135989804.83,55659206738.4,9238110671.85,64897317410.25,37238672394.58,865702606.24,-287741819.33,80200215.65,658287515.6,2012-06-30
2012-08-02,sh.600005,2.61,2.69,2.6,2.62,2.6,11648508.0,30748987.0,3,0.115403,1,0.7692,50.489609,0.735508,0.26785,53.16877,0,2012-03-31,45470928.83,22270459707.17,22298859630.27,21094121774.15,38096637.3,42371559.96,-3099368.87,43058467.53,2439575317.92,693877044.41,18240653937.96,30862073851.75,71273915953.08,102135989804.83,55659206738.4,9238110671.85,64897317410.25,37238672394.58,865702606.24,-287741819.33,80200215.65,658287515.6,2012-06-30
2012-08-03,sh.600005,2.62,2.64,2.6,2.64,2.62,7054102.0,18450984.0,3,0.069886,1,0.7634,50.875026,0.741123,0.269895,53.574638,0,2012-03-31,45470928.83,22270459707.17,22298859630.27,21094121774.15,38096637.3,42371559.96,-3099368.87,43058467.53,2439575317.92,693877044.41,18240653937.96,30862073851.75,71273915953.08,102135989804.83,55659206738.4,9238110671.85,64897317410.25,37238672394.58,865702606.24,-287741819.33,80200215.65,658287515.6,2012-06-30
2012-08-06,sh.600005,2.63,2.66,2.61,2.64,2.64,11710496.0,30880263.0,3,0.116017,1,0.0,50.875026,0.741123,0.269895,53.574638,0,2012-03-31,45470928.83,22270459707.17,22298859630.27,21094121774.15,38096637.3,42371559.96,-3099368.87,43058467.53,2439575317.92,693877044.41,18240653937.96,30862073851.75,71273915953.08,102135989804.83,55659206738.4,9238110671.85,64897317410.25,37238672394.58,865702606.24,-287741819.33,80200215.65,658287515.6,2012-06-30
2012-08-07,sh.600005,2.64,2.66,2.62,2.64,2.64,13842779.0,36540969.0,3,0.137142,1,0.0,50.875026,0.741123,0.269895,53.574638,0,2012-03-31,45470928.83,22270459707.17,22298859630.27,21094121774.15,38096637.3,42371559.96,-3099368.87,43058467.53,2439575317.92,693877044.41,18240653937.96,30862073851.75,71273915953.08,102135989804.83,55659206738.4,9238110671.85,64897317410.25,37238672394.58,865702606.24,-287741819.33,80200215.65,658287515.6,2012-06-30
2012-08-08,sh.600005,2.64,2.65,2.62,2.63,2.64,7674236.0,20184965.0,3,0.076029,1,-0.3788,50.682318,0.738315,0.268872,53.371704,0,2012-03-31,45470928.83,22270459707.17,22298859630.27,21094121774.15,38096637.3,42371559.96,-3099368.87,43058467.53,2439575317.92,693877044.41,18240653937.96,30862073851.75,71273915953.08,102135989804.83,55659206738.4,9238110671.85,64897317410.25,37238672394.58,865702606.24,-287741819.33,80200215.65,658287515.6,2012-06-30
2012-08-09,sh.600005,2.62,2.64,2.62,2.64,2.63,7634352.0,20058280.0,3,0.075634,1,0.3802,50.875026,0.741123,0.269895,53.574638,0,2012-03-31,45470928.83,22270459707.17,22298859630.27,21094121774.15,38096637.3,42371559.96,-3099368.87,43058467.53,2439575317.92,693877044.41,18240653937.96,30862073851.75,71273915953.08,102135989804.83,55659206738.4,9238110671.85,64897317410.25,37238672394.58,865702606.24,-287741819.33,80200215.65,658287515.6,2012-06-30
2012-08-10,sh.600005,2.64,2.64,2.62,2.63,2.64,7040120.0,18499642.0,3,0.069747,1,-0.3788,50.682318,0.738315,0.268872,53.371704,0,2012-03-31,45470928.83,22270459707.17,22298859630.27,21094121774.15,38096637.3,42371559.96,-3099368.87,43058467.53,2439575317.92,693877044.41,18240653937.96,30862073851.75,71273915953.08,102135989804.83,55659206738.4,9238110671.85,64897317410.25,37238672394.58,865702606.24,-287741819.33,80200215.65,658287515.6,2012-06-30
2012-08-13,sh.600005,2.63,2.63,2.6,2.61,2.63,8847717.0,23148106.0,3,0.087655,1,-0.7605,50.296901,0.732701,0.266828,52.965835,0,2012-03-31,45470928.83,22270459707.17,22298859630.27,21094121774.15,38096637.3,42371559.96,-3099368.87,43058467.53,2439575317.92,693877044.41,18240653937.96,30862073851.75,71273915953.08,102135989804.83,55659206738.4,9238110671.85,64897317410.25,37238672394.58,865702606.24,-287741819.33,80200215.65,658287515.6,2012-06-30
2012-08-14,sh.600005,2.62,2.62,2.6,2.61,2.61,8609178.0,22467040.0,3,0.085292,1,0.0,50.296901,0.732701,0.266828,52.965835,0,2012-03-31,45470928.83,22270459707.17,22298859630.27,21094121774.15,38096637.3,42371559.96,-3099368.87,43058467.53,2439575317.92,693877044.41,18240653937.96,30862073851.75,71273915953.08,102135989804.83,55659206738.4,9238110671.85,64897317410.25,37238672394.58,865702606.24,-287741819.33,80200215.65,658287515.6,2012-06-30
2012-08-15,sh.600005,2.6,2.62,2.57,2.58,2.61,10438112.0,27059400.0,3,0.103411,1,-1.1494,49.718776,0.724279,0.263761,52.357033,0,2012-03-31,45470928.83,22270459707.17,22298859630.27,21094121774.15,38096637.3,42371559.96,-3099368.87,43058467.53,2439575317.92,693877044.41,18240653937.96,30862073851.75,71273915953.08,102135989804.83,55659206738.4,9238110671.85,64897317410.25,37238672394.58,865702606.24,-287741819.33,80200215.65,658287515.6,2012-06-30
2012-08-16,sh.600005,2.58,2.6,2.58,2.59,2.58,4685458.0,12111329.0,3,0.046419,1,0.3876,49.911484,0.727086,0.264783,52.559967,0,2012-03-31,45470928.83,22270459707.17,22298859630.27,21094121774.15,38096637.3,42371559.96,-3099368.87,43058467.53,2439575317.92,693877044.41,18240653937.96,30862073851.75,71273915953.08,102135989804.83,55659206738.4,9238110671.85,64897317410.25,37238672394.58,865702606.24,-287741819.33,80200215.65,658287515.6,2012-06-30
2012-08-17,sh.600005,2.58,2.6,2.58,2.59,2.59,6024307.0,15600486.0,3,0.059683,1,0.0,49.911484,0.727086,0.264783,52.559967,0,2012-03-31,45470928.83,22270459707.17,22298859630.27,21094121774.15,38096637.3,42371559.96,-3099368.87,43058467.53,2439575317.92,693877044.41,18240653937.96,30862073851.75,71273915953.08,102135989804.83,55659206738.4,9238110671.85,64897317410.25,37238672394.58,865702606.24,-287741819.33,80200215.65,658287515.6,2012-06-30
2012-08-20,sh.600005,2.58,2.6,2.57,2.58,2.59,5391215.0,13914631.0,3,0.053411,1,-0.3861,49.718776,0.724279,0.263761,52.357033,0,2012-03-31,45470928.83,22270459707.17,22298859630.27,21094121774.15,38096637.3,42371559.96,-3099368.87,43058467.53,2439575317.92,693877044.41,18240653937.96,30862073851.75,71273915953.08,102135989804.83,55659206738.4,9238110671.85,64897317410.25,37238672394.58,865702606.24,-287741819.33,80200215.65,658287515.6,2012-06-30
2012-08-21,sh.600005,2.59,2.61,2.57,2.6,2.58,10685141.0,27677196.0,3,0.105859,1,0.7752,50.104193,0.729893,0.265805,52.762901,0,2012-03-31,45470928.83,22270459707.17,22298859630.27,21094121774.15,38096637.3,42371559.96,-3099368.87,43058467.53,2439575317.92,693877044.41,18240653937.96,30862073851.75,71273915953.08,102135989804.83,55659206738.4,9238110671.85,64897317410.25,37238672394.58,865702606.24,-287741819.33,80200215.65,658287515.6,2012-06-30
2012-08-22,sh.600005,2.6,2.6,2.58,2.58,2.6,7702150.0,19915918.0,3,0.076306,1,-0.7692,49.718776,0.724279,0.263761,52.357033,0,2012-03-31,45470928.83,22270459707.17,22298859630.27,21094121774.15,38096637.3,42371559.96,-3099368.87,43058467.53,2439575317.92,693877044.41,18240653937.96,30862073851.75,71273915953.08,102135989804.83,55659206738.4,9238110671.85,64897317410.25,37238672394.58,865702606.24,-287741819.33,80200215.65,658287515.6,2012-06-30
2012-08-23,sh.600005,2.58,2.6,2.57,2.58,2.58,5812241.0,14997921.0,3,0.057582,1,0.0,49.718776,0.724279,0.263761,52.357033,0,2012-03-31,45470928.83,22270459707.17,22298859630.27,21094121774.15,38096637.3,42371559.96,-3099368.87,43058467.53,2439575317.92,693877044.41,18240653937.96,30862073851.75,71273915953.08,102135989804.83,55659206738.4,9238110671.85,64897317410.25,37238672394.58,865702606.24,-287741819.33,80200215.65,658287515.6,2012-06-30
2012-08-24,sh.600005,2.58,2.59,2.54,2.54,2.58,7821884.0,20021454.0,3,0.077492,1,-1.5504,48.947942,0.71305,0.259671,51.545296,0,2012-03-31,45470928.83,22270459707.17,22298859630.27,21094121774.15,38096637.3,42371559.96,-3099368.87,43058467.53,2439575317.92,693877044.41,18240653937.96,30862073851.75,71273915953.08,102135989804.83,55659206738.4,9238110671.85,64897317410.25,37238672394.58,865702606.24,-287741819.33,80200215.65,658287515.6,2012-06-30
2012-08-27,sh.600005,2.54,2.55,2.49,2.49,2.54,11881740.0,29877933.0,3,0.117713,1,-1.9685,-3473.784558,0.706953,0.263054,61.811877,0,2012-03-31,45470928.83,22270459707.17,22298859630.27,21094121774.15,38096637.3,42371559.96,-3099368.87,43058467.53,2439575317.92,693877044.41,18240653937.96,30862073851.75,71273915953.08,102135989804.83,55659206738.4,9238110671.85,64897317410.25,37238672394.58,865702606.24,-287741819.33,80200215.65,658287515.6,2012-06-30
2012-08-28,sh.600005,2.55,2.6,2.55,2.55,2.49,17631240.0,45263014.0,3,0.174674,1,2.4096,-3557.49021,0.723988,0.269393,63.30132,0,2012-03-31,45470928.83,22270459707.17,22298859630.27,21094121774.15,38096637.3,42371559.96,-3099368.87,43058467.53,2439575317.92,693877044.41,18240653937.96,30862073851.75,71273915953.08,102135989804.83,55659206738.4,9238110671.85,64897317410.25,37238672394.58,865702606.24,-287741819.33,80200215.65,658287515.6,2012-06-30
2012-08-29,sh.600005,2.53,2.55,2.51,2.51,2.55,10277203.0,25897340.0,3,0.101817,1,-1.5686,-3501.686442,0.712632,0.265167,62.308358,0,2012-03-31,45470928.83,22270459707.17,22298859630.27,21094121774.15,38096637.3,42371559.96,-3099368.87,43058467.53,2439575317.92,693877044.41,18240653937.96,30862073851.75,71273915953.08,102135989804.83,55659206738.4,9238110671.85,64897317410.25,37238672394.58,865702606.24,-287741819.33,80200215.65,658287515.6,2012-06-30
2012-08-30,sh.600005,2.51,2.54,2.5,2.51,2.51,8519184.0,21461447.0,3,0.0844,1,0.0,-3501.686442,0.712632,0.265167,62.308358,0,2012-03-31,45470928.83,22270459707.17,22298859630.27,21094121774.15,38096637.3,42371559.96,-3099368.87,43058467.53,2439575317.92,693877044.41,18240653937.96,30862073851.75,71273915953.08,102135989804.83,55659206738.4,9238110671.85,64897317410.25,37238672394.58,865702606.24,-287741819.33,80200215.65,658287515.6,2012-06-30
2012-08-31,sh.600005,2.51,2.52,2.5,2.52,2.51,5801588.0,14571436.0,3,0.057477,1,0.3984,-3515.637384,0.715471,0.266224,62.556599,0,2012-03-31,45470928.83,22270459707.17,22298859630.27,21094121774.15,38096637.3,42371559.96,-3099368.87,43058467.53,2439575317.92,693877044.41,18240653937.96,30862073851.75,71273915953.08,102135989804.83,55659206738.4,9238110671.85,64897317410.25,37238672394.58,865702606.24,-287741819.33,80200215.65,658287515.6,2012-06-30
2012-09-03,sh.600005,2.51,2.52,2.48,2.5,2.52,11129728.0,27807460.0,3,0.110263,1,-0.7937,-3487.7355,0.709793,0.264111,62.060118,0,2012-03-31,45470928.83,22270459707.17,22298859630.27,21094121774.15,38096637.3,42371559.96,-3099368.87,43058467.53,2439575317.92,693877044.41,18240653937.96,30862073851.75,71273915953.08,102135989804.83,55659206738.4,9238110671.85,64897317410.25,37238672394.58,865702606.24,-287741819.33,80200215.65,658287515.6,2012-06-30
2012-09-04,sh.600005,2.49,2.5,2.43,2.44,2.5,10309557.0,25424506.0,3,0.102138,1,-2.4,-3404.029848,0.692757,0.257772,60.570675,0,2012-03-31,45470928.83,22270459707.17,22298859630.27,21094121774.15,38096637.3,42371559.96,-3099368.87,43058467.53,2439575317.92,693877044.41,18240653937.96,30862073851.75,71273915953.08,102135989804.83,55659206738.4,9238110671.85,64897317410.25,37238672394.58,865702606.24,-287741819.33,80200215.65,658287515.6,2012-06-30
2012-09-05,sh.600005,2.44,2.44,2.38,2.4,2.44,12208196.0,29336208.0,3,0.120948,1,-1.6393,-3348.22608,0.681401,0.253546,59.577713,0,2012-03-31,45470928.83,22270459707.17,22298859630.27,21094121774.15,38096637.3,42371559.96,-3099368.87,43058467.53,2439575317.92,693877044.41,18240653937.96,30862073851.75,71273915953.08,102135989804.83,55659206738.4,9238110671.85,64897317410.25,37238672394.58,865702606.24,-287741819.33,80200215.65,658287515.6,2012-06-30
2012-09-06,sh.600005,2.4,2.42,2.39,2.42,2.4,6644836.0,15957907.0,3,0.065831,1,0.8333,-3376.127964,0.687079,0.255659,60.074194,0,2012-03-31,45470928.83,22270459707.17,22298859630.27,21094121774.15,38096637.3,42371559.96,-3099368.87,43058467.53,2439575317.92,693877044.41,18240653937.96,30862073851.75,71273915953.08,102135989804.83,55659206738.4,9238110671.85,64897317410.25,37238672394.58,865702606.24,-287741819.33,80200215.65,658287515.6,2012-06-30
2012-09-07,sh.600005,2.43,2.55,2.42,2.52,2.42,30426565.0,76003604.0,3,0.301439,1,4.1322,-3515.637384,0.715471,0.266224,62.556599,0,2012-03-31,45470928.83,22270459707.17,22298859630.27,21094121774.15,38096637.3,42371559.96,-3099368.87,43058467.53,2439575317.92,693877044.41,18240653937.96,30862073851.75,71273915953.08,102135989804.83,55659206738.4,9238110671.85,64897317410.25,37238672394.58,865702606.24,-287741819.33,80200215.65,658287515.6,2012-06-30
2012-09-10,sh.600005,2.52,2.53,2.5,2.51,2.52,12893443.0,32406531.0,3,0.127737,1,-0.3968,-3501.686442,0.712632,0.265167,62.308358,0,2012-03-31,45470928.83,22270459707.17,22298859630.27,21094121774.15,38096637.3,42371559.96,-3099368.87,43058467.53,2439575317.92,693877044.41,18240653937.96,30862073851.75,71273915953.08,102135989804.83,55659206738.4,9238110671.85,64897317410.25,37238672394.58,865702606.24,-287741819.33,80200215.65,658287515.6,2012-06-30
2012-09-11,sh.600005,2.5,2.51,2.47,2.5,2.51,10427519.0,25991998.0,3,0.103306,1,-0.3984,-3487.7355,0.709793,0.264111,62.060118,0,2012-03-31,45470928.83,22270459707.17,22298859630.27,21094121774.15,38096637.3,42371559.96,-3099368.87,43058467.53,2439575317.92,693877044.41,18240653937.96,30862073851.75,71273915953.08,102135989804.83,55659206738.4,9238110671.85,64897317410.25,37238672394.58,865702606.24,-287741819.33,80200215.65,658287515.6,2012-06-30
2012-09-12,sh.600005,2.51,2.52,2.48,2.51,2.5,7686111.0,19209802.0,3,0.076147,1,0.4,-3501.686442,0.712632,0.265167,62.308358,0,2012-03-31,45470928.83,22270459707.17,22298859630.27,21094121774.15,38096637.3,42371559.96,-3099368.87,43058467.53,2439575317.92,693877044.41,18240653937.96,30862073851.75,71273915953.08,102135989804.83,55659206738.4,9238110671.85,64897317410.25,37238672394.58,865702606.24,-287741819.33,80200215.65,658287515.6,2012-06-30
2012-09-13,sh.600005,2.5,2.53,2.48,2.5,2.51,11849719.0,29678369.0,3,0.117396,1,-0.3984,-3487.7355,0.709793,0.264111,62.060118,0,2012-03-31,45470928.83,22270459707.17,22298859630.27,21094121774.15,38096637.3,42371559.96,-3099368.87,43058467.53,2439575317.92,693877044.41,18240653937.96,30862073851.75,71273915953.08,102135989804.83,55659206738.4,9238110671.85,64897317410.25,37238672394.58,865702606.24,-287741819.33,80200215.65,658287515.6,2012-06-30
2012-09-14,sh.600005,2.5,2.52,2.49,2.5,2.5,11380814.0,28502625.0,3,0.112751,1,0.0,-3487.7355,0.709793,0.264111,62.060118,0,2012-03-31,45470928.83,22270459707.17,22298859630.27,21094121774.15,38096637.3,42371559.96,-3099368.87,43058467.53,2439575317.92,693877044.41,18240653937.96,30862073851.75,71273915953.08,102135989804.83,55659206738.4,9238110671.85,64897317410.25,37238672394.58,865702606.24,-287741819.33,80200215.65,658287515.6,2012-06-30
2012-09-17,sh.600005,2.5,2.51,2.45,2.46,2.5,9743390.0,24174195.0,3,0.096529,1,-1.6,-3431.931732,0.698436,0.259885,61.067156,0,2012-03-31,45470928.83,22270459707.17,22298859630.27,21094121774.15,38096637.3,42371559.96,-3099368.87,43058467.53,2439575317.92,693877044.41,18240653937.96,30862073851.75,71273915953.08,102135989804.83,55659206738.4,9238110671.85,64897317410.25,37238672394.58,865702606.24,-287741819.33,80200215.65,658287515.6,2012-06-30
2012-09-18,sh.600005,2.45,2.45,2.36,2.4,2.46,10295903.0,24906512.0,3,0.102002,1,-2.439,-3348.22608,0.681401,0.253546,59.577713,0,2012-03-31,45470928.83,22270459707.17,22298859630.27,21094121774.15,38096637.3,42371559.96,-3099368.87,43058467.53,2439575317.92,693877044.41,18240653937.96,30862073851.75,71273915953.08,102135989804.83,55659206738.4,9238110671.85,64897317410.25,37238672394.58,865702606.24,-287741819.33,80200215.65,658287515.6,2012-06-30
2012-09-19,sh.600005,2.4,2.41,2.39,2.41,2.4,6888293.0,16537617.0,3,0.068243,1,0.4167,-3362.177022,0.68424,0.254603,59.825954,0,2012-03-31,45470928.83,22270459707.17,22298859630.27,21094121774.15,38096637.3,42371559.96,-3099368.87,43058467.53,2439575317.92,693877044.41,18240653937.96,30862073851.75,71273915953.08,102135989804.83,55659206738.4,9238110671.85,64897317410.25,37238672394.58,865702606.24,-287741819.33,80200215.65,658287515.6,2012-06-30
2012-09-20,sh.600005,2.4,2.41,2.38,2.39,2.41,12481613.0,29917732.0,3,0.123656,1,-0.8299,-3334.275138,0.678562,0.25249,59.329473,0,2012-03-31,45470928.83,22270459707.17,22298859630.27,21094121774.15,38096637.3,42371559.96,-3099368.87,43058467.53,2439575317.92,693877044.41,18240653937.96,30862073851.75,71273915953.08,102135989804.83,55659206738.4,9238110671.85,64897317410.25,37238672394.58,865702606.24,-287741819.33,80200215.65,658287515.6,2012-06-30
2012-09-21,sh.600005,2.38,2.42,2.37,2.39,2.39,10326052.0,24715516.0,3,0.102301,1,0.0,-3334.275138,0.678562,0.25249,59.329473,0,2012-03-31,45470928.83,22270459707.17,22298859630.27,21094121774.15,38096637.3,42371559.96,-3099368.87,43058467.53,2439575317.92,693877044.41,18240653937.96,30862073851.75,71273915953.08,102135989804.83,55659206738.4,9238110671.85,64897317410.25,37238672394.58,865702606.24,-287741819.33,80200215.65,658287515.6,2012-06-30
2012-09-24,sh.600005,2.4,2.4,2.37,2.38,2.39,8207057.0,19552222.0,3,0.081308,1,-0.4184,-3320.324196,0.675722,0.251434,59.081232,0,2012-03-31,45470928.83,22270459707.17,22298859630.27,21094121774.15,38096637.3,42371559.96,-3099368.87,43058467.53,2439575317.92,693877044.41,18240653937.96,30862073851.75,71273915953.08,102135989804.83,55659206738.4,9238110671.85,64897317410.25,37238672394.58,865702606.24,-287741819.33,80200215.65,658287515.6,2012-06-30
2012-09-25,sh.600005,2.39,2.39,2.37,2.38,2.38,7373427.0,17529606.0,3,0.073049,1,0.0,-3320.324196,0.675722,0.251434,59.081232,0,2012-03-31,45470928.83,22270459707.17,22298859630.27,21094121774.15,38096637.3,42371559.96,-3099368.87,43058467.53,2439575317.92,693877044.41,18240653937.96,30862073851.75,71273915953.08,102135989804.83,55659206738.4,9238110671.85,64897317410.25,37238672394.58,865702606.24,-287741819.33,80200215.65,658287515.6,2012-06-30
2012-09-26,sh.600005,2.38,2.38,2.35,2.35,2.38,5922493.0,14005362.0,3,0.058675,1,-1.2605,-3278.47137,0.667205,0.248264,58.336511,0,2012-03-31,45470928.83,22270459707.17,22298859630.27,21094121774.15,38096637.3,42371559.96,-3099368.87,43058467.53,2439575317.92,693877044.41,18240653937.96,30862073851.75,71273915953.08,102135989804.83,55659206738.4,9238110671.85,64897317410.25,37238672394.58,865702606.24,-287741819.33,80200215.65,658287515.6,2012-06-30
2012-09-27,sh.600005,2.35,2.43,2.35,2.4,2.35,11298321.0,27033007.0,3,0.111933,1,2.1277,-3348.22608,0.681401,0.253546,59.577713,0,2012-03-31,45470928.83,22270459707.17,22298859630.27,21094121774.15,38096637.3,42371559.96,-3099368.87,43058467.53,2439575317.92,693877044.41,18240653937.96,30862073851.75,71273915953.08,102135989804.83,55659206738.4,9238110671.85,64897317410.25,37238672394.58,865702606.24,-287741819.33,80200215.65,658287515.6,2012-06-30
2012-09-28,sh.600005,2.39,2.43,2.38,2.42,2.4,11906156.0,28604992.0,3,0.117955,1,0.8333,-3376.127964,0.687079,0.255659,60.074194,0,2012-03-31,45470928.83,22270459707.17,22298859630.27,21094121774.15,38096637.3,42371559.96,-3099368.87,43058467.53,2439575317.92,693877044.41,18240653937.96,30862073851.75,71273915953.08,102135989804.83,55659206738.4,9238110671.85,64897317410.25,37238672394.58,865702606.24,-287741819.33,80200215.65,658287515.6,2012-06-30
2012-10-08,sh.600005,2.44,2.44,2.39,2.4,2.42,9365500.0,22587875.0,3,0.092785,1,-0.8264,-3348.22608,0.681401,0.253546,59.577713,0,2012-06-30,139276472.8,45308342921.84,45182584690.46,42754823649.7,184615579.78,200535867.18,61259394.38,134980510.24,1936699634.7,2015213010.3,17495672918.59,30271996250.31,71546462942.35,101818459192.66,55754942890.14,9227908959.41,64982851849.55,36835607343.11,450786604.97,-480978849.25,185631812.33,155411832.38,2012-09-30
2012-10-09,sh.600005,2.41,2.46,2.4,2.46,2.4,16854488.0,41191514.0,3,0.166979,1,2.5,-3431.931732,0.698436,0.259885,61.067156,0,2012-06-30,139276472.8,45308342921.84,45182584690.46,42754823649.7,184615579.78,200535867.18,61259394.38,134980510.24,1936699634.7,2015213010.3,17495672918.59,30271996250.31,71546462942.35,101818459192.66,55754942890.14,9227908959.41,64982851849.55,36835607343.11,450786604.97,-480978849.25,185631812.33,155411832.38,2012-09-30
2012-10-10,sh.600005,2.45,2.55,2.44,2.52,2.46,28095691.0,70637309.0,3,0.278347,1,2.439,-3515.637384,0.715471,0.266224,62.556599,0,2012-06-30,139276472.8,45308342921.84,45182584690.46,42754823649.7,184615579.78,200535867.18,61259394.38,134980510.24,1936699634.7,2015213010.3,17495672918.59,30271996250.31,71546462942.35,101818459192.66,55754942890.14,9227908959.41,64982851849.55,36835607343.11,450786604.97,-480978849.25,185631812.33,155411832.38,2012-09-30
2012-10-11,sh.600005,2.51,2.51,2.47,2.48,2.52,13509473.0,33580986.0,3,0.13384,1,-1.5873,-3459.833616,0.704114,0.261998,61.563637,0,2012-06-30,139276472.8,45308342921.84,45182584690.46,42754823649.7,184615579.78,200535867.18,61259394.38,134980510.24,1936699634.7,2015213010.3,17495672918.59,30271996250.31,71546462942.35,101818459192.66,55754942890.14,9227908959.41,64982851849.55,36835607343.11,450786604.97,-480978849.25,185631812.33,155411832.38,2012-09-30
2012-10-12,sh.600005,2.49,2.51,2.47,2.49,2.48,8371293.0,20822060.0,3,0.082935,1,0.4032,-3473.784558,0.706953,0.263054,61.811877,0,2012-06-30,139276472.8,45308342921.84,45182584690.46,42754823649.7,184615579.78,200535867.18,61259394.38,134980510.24,1936699634.7,2015213010.3,17495672918.59,30271996250.31,71546462942.35,101818459192.66,55754942890.14,9227908959.41,64982851849.55,36835607343.11,450786604.97,-480978849.25,185631812.33,155411832.38,2012-09-30
2012-10-15,sh.600005,2.49,2.49,2.44,2.45,2.49,6122106.0,15025302.0,3,0.060652,1,-1.6064,-3417.98079,0.695597,0.258829,60.818915,0,2012-06-30,139276472.8,45308342921.84,45182584690.46,42754823649.7,184615579.78,200535867.18,61259394.38,134980510.24,1936699634.7,2015213010.3,17495672918.59,30271996250.31,71546462942.35,101818459192.66,55754942890.14,9227908959.41,64982851849.55,36835607343.11,450786604.97,-480978849.25,185631812.33,155411832.38,2012-09-30
2012-10-16,sh.600005,2.46,2.47,2.44,2.45,2.45,7200318.0,17665611.0,3,0.071334,1,0.0,-3417.98079,0.695597,0.258829,60.818915,0,2012-06-30,139276472.8,45308342921.84,45182584690.46,42754823649.7,184615579.78,200535867.18,61259394.38,134980510.24,1936699634.7,2015213010.3,17495672918.59,30271996250.31,71546462942.35,101818459192.66,55754942890.14,9227908959.41,64982851849.55,36835607343.11,450786604.97,-480978849.25,185631812.33,155411832.38,2012-09-30
2012-10-17,sh.600005,2.45,2.47,2.44,2.45,2.45,6574749.0,16138049.0,3,0.065137,1,0.0,-3417.98079,0.695597,0.258829,60.818915,0,2012-06-30,139276472.8,45308342921.84,45182584690.46,42754823649.7,184615579.78,200535867.18,61259394.38,134980510.24,1936699634.7,2015213010.3,17495672918.59,30271996250.31,71546462942.35,101818459192.66,55754942890.14,9227908959.41,64982851849.55,36835607343.11,450786604.97,-480978849.25,185631812.33,155411832.38,2012-09-30
2012-10-18,sh.600005,2.45,2.5,2.45,2.48,2.45,15794885.0,39201469.0,3,0.156481,1,1.2245,-3459.833616,0.704114,0.261998,61.563637,0,2012-06-30,139276472.8,45308342921.84,45182584690.46,42754823649.7,184615579.78,200535867.18,61259394.38,134980510.24,1936699634.7,2015213010.3,17495672918.59,30271996250.31,71546462942.35,101818459192.66,55754942890.14,9227908959.41,64982851849.55,36835607343.11,450786604.97,-480978849.25,185631812.33,155411832.38,2012-09-30
2012-10-19,sh.600005,2.48,2.5,2.46,2.47,2.48,8932656.0,22206733.0,3,0.088497,1,-0.403225,-3445.882674,0.701275,0.260942,61.315396,0,2012-06-30,139276472.8,45308342921.84,45182584690.46,42754823649.7,184615579.78,200535867.18,61259394.38,134980510.24,1936699634.7,2015213010.3,17495672918.59,30271996250.31,71546462942.35,101818459192.66,55754942890.14,9227908959.41,64982851849.55,36835607343.11,450786604.97,-480978849.25,185631812.33,155411832.38,2012-09-30
2012-10-22,sh.600005,2.47,2.48,2.44,2.47,2.47,6563586.0,16156329.0,3,0.065026,1,0.0,-3445.882674,0.701275,0.260942,61.315396,0,2012-06-30,139276472.8,45308342921.84,45182584690.46,42754823649.7,184615579.78,200535867.18,61259394.38,134980510.24,1936699634.7,2015213010.3,17495672918.59,30271996250.31,71546462942.35,101818459192.66,55754942890.14,9227908959.41,64982851849.55,36835607343.11,450786604.97,-480978849.25,185631812.33,155411832.38,2012-09-30
2012-10-23,sh.600005,2.47,2.48,2.46,2.46,2.47,7973668.0,19710584.0,3,0.078996,1,-0.4049,-3431.931732,0.698436,0.259885,61.067156,0,2012-06-30,139276472.8,45308342921.84,45182584690.46,42754823649.7,184615579.78,200535867.18,61259394.38,134980510.24,1936699634.7,2015213010.3,17495672918.59,30271996250.31,71546462942.35,101818459192.66,55754942890.14,9227908959.41,64982851849.55,36835607343.11,450786604.97,-480978849.25,185631812.33,155411832.38,2012-09-30
2012-10-24,sh.600005,2.46,2.51,2.46,2.5,2.46,14084372.0,35080804.0,3,0.139535,1,1.626,-3487.7355,0.709793,0.264111,62.060118,0,2012-06-30,139276472.8,45308342921.84,45182584690.46,42754823649.7,184615579.78,200535867.18,61259394.38,134980510.24,1936699634.7,2015213010.3,17495672918.59,30271996250.31,71546462942.35,101818459192.66,55754942890.14,9227908959.41,64982851849.55,36835607343.11,450786604.97,-480978849.25,185631812.33,155411832.38,2012-09-30
2012-10-25,sh.600005,2.5,2.63,2.49,2.55,2.5,52497627.0,134883174.0,3,0.520099,1,2.0,-3557.49021,0.723988,0.269393,63.30132,0,2012-06-30,139276472.8,45308342921.84,45182584690.46,42754823649.7,184615579.78,200535867.18,61259394.38,134980510.24,1936699634.7,2015213010.3,17495672918.59,30271996250.31,71546462942.35,101818459192.66,55754942890.14,9227908959.41,64982851849.55,36835607343.11,450786604.97,-480978849.25,185631812.33,155411832.38,2012-09-30
2012-10-26,sh.600005,2.53,2.54,2.44,2.45,2.55,25896960.0,64160551.0,3,0.256564,1,-3.9216,-3417.98079,0.695597,0.258829,60.818915,0,2012-06-30,139276472.8,45308342921.84,45182584690.46,42754823649.7,184615579.78,200535867.18,61259394.38,134980510.24,1936699634.7,2015213010.3,17495672918.59,30271996250.31,71546462942.35,101818459192.66,55754942890.14,9227908959.41,64982851849.55,36835607343.11,450786604.97,-480978849.25,185631812.33,155411832.38,2012-09-30
2012-10-29,sh.600005,2.46,2.46,2.42,2.43,2.45,10572205.0,25781451.0,3,0.10474,1,-0.8163,-107.750811,0.686247,0.268094,22.595213,0,2012-06-30,139276472.8,45308342921.84,45182584690.46,42754823649.7,184615579.78,200535867.18,61259394.38,134980510.24,1936699634.7,2015213010.3,17495672918.59,30271996250.31,71546462942.35,101818459192.66,55754942890.14,9227908959.41,64982851849.55,36835607343.11,450786604.97,-480978849.25,185631812.33,155411832.38,2012-09-30
2012-10-30,sh.600005,2.43,2.43,2.43,2.43,2.43,0.0,0.0,3,,0,0.0,-107.750811,0.686247,0.268094,22.595213,0,2012-06-30,139276472.8,45308342921.84,45182584690.46,42754823649.7,184615579.78,200535867.18,61259394.38,134980510.24,1936699634.7,2015213010.3,17495672918.59,30271996250.31,71546462942.35,101818459192.66,55754942890.14,9227908959.41,64982851849.55,36835607343.11,450786604.97,-480978849.25,185631812.33,155411832.38,2012-09-30
2012-10-31,sh.600005,2.43,2.43,2.43,2.43,2.43,0.0,0.0,3,,0,0.0,-107.750811,0.686247,0.268094,22.595213,0,2012-06-30,139276472.8,45308342921.84,45182584690.46,42754823649.7,184615579.78,200535867.18,61259394.38,134980510.24,1936699634.7,2015213010.3,17495672918.59,30271996250.31,71546462942.35,101818459192.66,55754942890.14,9227908959.41,64982851849.55,36835607343.11,450786604.97,-480978849.25,185631812.33,155411832.38,2012-09-30
2012-11-01,sh.600005,2.43,2.43,2.43,2.43,2.43,0.0,0.0,3,,0,0.0,-107.750811,0.686247,0.268094,22.595213,0,2012-06-30,139276472.8,45308342921.84,45182584690.46,42754823649.7,184615579.78,200535867.18,61259394.38,134980510.24,1936699634.7,2015213010.3,17495672918.59,30271996250.31,71546462942.35,101818459192.66,55754942890.14,9227908959.41,64982851849.55,36835607343.11,450786604.97,-480978849.25,185631812.33,155411832.38,2012-09-30
2012-11-02,sh.600005,2.43,2.43,2.43,2.43,2.43,0.0,0.0,3,,0,0.0,-107.750811,0.686247,0.268094,22.595213,0,2012-06-30,139276472.8,45308342921.84,45182584690.46,42754823649.7,184615579.78,200535867.18,61259394.38,134980510.24,1936699634.7,2015213010.3,17495672918.59,30271996250.31,71546462942.35,101818459192.66,55754942890.14,9227908959.41,64982851849.55,36835607343.11,450786604.97,-480978849.25,185631812.33,155411832.38,2012-09-30
2012-11-05,sh.600005,2.43,2.43,2.43,2.43,2.43,0.0,0.0,3,,0,0.0,-107.750811,0.686247,0.268094,22.595213,0,2012-06-30,139276472.8,45308342921.84,45182584690.46,42754823649.7,184615579.78,200535867.18,61259394.38,134980510.24,1936699634.7,2015213010.3,17495672918.59,30271996250.31,71546462942.35,101818459192.66,55754942890.14,9227908959.41,64982851849.55,36835607343.11,450786604.97,-480978849.25,185631812.33,155411832.38,2012-09-30
2012-11-06,sh.600005,2.43,2.43,2.43,2.43,2.43,0.0,0.0,3,,0,0.0,-107.750811,0.686247,0.268094,22.595213,0,2012-06-30,139276472.8,45308342921.84,45182584690.46,42754823649.7,184615579.78,200535867.18,61259394.38,134980510.24,1936699634.7,2015213010.3,17495672918.59,30271996250.31,71546462942.35,101818459192.66,55754942890.14,9227908959.41,64982851849.55,36835607343.11,450786604.97,-480978849.25,185631812.33,155411832.38,2012-09-30
2012-11-07,sh.600005,2.43,2.43,2.43,2.43,2.43,0.0,0.0,3,,0,0.0,-107.750811,0.686247,0.268094,22.595213,0,2012-06-30,139276472.8,45308342921.84,45182584690.46,42754823649.7,184615579.78,200535867.18,61259394.38,134980510.24,1936699634.7,2015213010.3,17495672918.59,30271996250.31,71546462942.35,101818459192.66,55754942890.14,9227908959.41,64982851849.55,36835607343.11,450786604.97,-480978849.25,185631812.33,155411832.38,2012-09-30
2012-11-08,sh.600005,2.43,2.43,2.43,2.43,2.43,0.0,0.0,3,,0,0.0,-107.750811,0.686247,0.268094,22.595213,0,2012-06-30,139276472.8,45308342921.84,45182584690.46,42754823649.7,184615579.78,200535867.18,61259394.38,134980510.24,1936699634.7,2015213010.3,17495672918.59,30271996250.31,71546462942.35,101818459192.66,55754942890.14,9227908959.41,64982851849.55,36835607343.11,450786604.97,-480978849.25,185631812.33,155411832.38,2012-09-30
2012-11-09,sh.600005,2.43,2.43,2.43,2.43,2.43,0.0,0.0,3,,0,0.0,-107.750811,0.686247,0.268094,22.595213,0,2012-06-30,139276472.8,45308342921.84,45182584690.46,42754823649.7,184615579.78,200535867.18,61259394.38,134980510.24,1936699634.7,2015213010.3,17495672918.59,30271996250.31,71546462942.35,101818459192.66,55754942890.14,9227908959.41,64982851849.55,36835607343.11,450786604.97,-480978849.25,185631812.33,155411832.38,2012-09-30
2012-11-12,sh.600005,2.43,2.43,2.43,2.43,2.43,0.0,0.0,3,,0,0.0,-107.750811,0.686247,0.268094,22.595213,0,2012-06-30,139276472.8,45308342921.84,45182584690.46,42754823649.7,184615579.78,200535867.18,61259394.38,134980510.24,1936699634.7,2015213010.3,17495672918.59,30271996250.31,71546462942.35,101818459192.66,55754942890.14,9227908959.41,64982851849.55,36835607343.11,450786604.97,-480978849.25,185631812.33,155411832.38,2012-09-30
2012-11-13,sh.600005,2.43,2.43,2.43,2.43,2.43,0.0,0.0,3,,0,0.0,-107.750811,0.686247,0.268094,22.595213,0,2012-06-30,139276472.8,45308342921.84,45182584690.46,42754823649.7,184615579.78,200535867.18,61259394.38,134980510.24,1936699634.7,2015213010.3,17495672918.59,30271996250.31,71546462942.35,101818459192.66,55754942890.14,9227908959.41,64982851849.55,36835607343.11,450786604.97,-480978849.25,185631812.33,155411832.38,2012-09-30
2012-11-14,sh.600005,2.43,2.43,2.43,2.43,2.43,0.0,0.0,3,,0,0.0,-107.750811,0.686247,0.268094,22.595213,0,2012-06-30,139276472.8,45308342921.84,45182584690.46,42754823649.7,184615579.78,200535867.18,61259394.38,134980510.24,1936699634.7,2015213010.3,17495672918.59,30271996250.31,71546462942.35,101818459192.66,55754942890.14,9227908959.41,64982851849.55,36835607343.11,450786604.97,-480978849.25,185631812.33,155411832.38,2012-09-30
2012-11-15,sh.600005,2.43,2.43,2.43,2.43,2.43,0.0,0.0,3,,0,0.0,-107.750811,0.686247,0.268094,22.595213,0,2012-06-30,139276472.8,45308342921.84,45182584690.46,42754823649.7,184615579.78,200535867.18,61259394.38,134980510.24,1936699634.7,2015213010.3,17495672918.59,30271996250.31,71546462942.35,101818459192.66,55754942890.14,9227908959.41,64982851849.55,36835607343.11,450786604.97,-480978849.25,185631812.33,155411832.38,2012-09-30
2012-11-16,sh.600005,2.43,2.43,2.43,2.43,2.43,0.0,0.0,3,,0,0.0,-107.750811,0.686247,0.268094,22.595213,0,2012-06-30,139276472.8,45308342921.84,45182584690.46,42754823649.7,184615579.78,200535867.18,61259394.38,134980510.24,1936699634.7,2015213010.3,17495672918.59,30271996250.31,71546462942.35,101818459192.66,55754942890.14,9227908959.41,64982851849.55,36835607343.11,450786604.97,-480978849.25,185631812.33,155411832.38,2012-09-30
2012-11-19,sh.600005,2.43,2.43,2.43,2.43,2.43,0.0,0.0,3,,0,0.0,-107.750811,0.686247,0.268094,22.595213,0,2012-06-30,139276472.8,45308342921.84,45182584690.46,42754823649.7,184615579.78,200535867.18,61259394.38,134980510.24,1936699634.7,2015213010.3,17495672918.59,30271996250.31,71546462942.35,101818459192.66,55754942890.14,9227908959.41,64982851849.55,36835607343.11,450786604.97,-480978849.25,185631812.33,155411832.38,2012-09-30
2012-11-20,sh.600005,2.43,2.43,2.43,2.43,2.43,0.0,0.0,3,,0,0.0,-107.750811,0.686247,0.268094,22.595213,0,2012-06-30,139276472.8,45308342921.84,45182584690.46,42754823649.7,184615579.78,200535867.18,61259394.38,134980510.24,1936699634.7,2015213010.3,17495672918.59,30271996250.31,71546462942.35,101818459192.66,55754942890.14,9227908959.41,64982851849.55,36835607343.11,450786604.97,-480978849.25,185631812.33,155411832.38,2012-09-30
2012-11-21,sh.600005,2.43,2.43,2.43,2.43,2.43,0.0,0.0,3,,0,0.0,-107.750811,0.686247,0.268094,22.595213,0,2012-06-30,139276472.8,45308342921.84,45182584690.46,42754823649.7,184615579.78,200535867.18,61259394.38,134980510.24,1936699634.7,2015213010.3,17495672918.59,30271996250.31,71546462942.35,101818459192.66,55754942890.14,9227908959.41,64982851849.55,36835607343.11,450786604.97,-480978849.25,185631812.33,155411832.38,2012-09-30
2012-11-22,sh.600005,2.43,2.43,2.43,2.43,2.43,0.0,0.0,3,,0,0.0,-107.750811,0.686247,0.268094,22.595213,0,2012-06-30,139276472.8,45308342921.84,45182584690.46,42754823649.7,184615579.78,200535867.18,61259394.38,134980510.24,1936699634.7,2015213010.3,17495672918.59,30271996250.31,71546462942.35,101818459192.66,55754942890.14,9227908959.41,64982851849.55,36835607343.11,450786604.97,-480978849.25,185631812.33,155411832.38,2012-09-30
2012-11-23,sh.600005,2.43,2.43,2.43,2.43,2.43,0.0,0.0,3,,0,0.0,-107.750811,0.686247,0.268094,22.595213,0,2012-06-30,139276472.8,45308342921.84,45182584690.46,42754823649.7,184615579.78,200535867.18,61259394.38,134980510.24,1936699634.7,2015213010.3,17495672918.59,30271996250.31,71546462942.35,101818459192.66,55754942890.14,9227908959.41,64982851849.55,36835607343.11,450786604.97,-480978849.25,185631812.33,155411832.38,2012-09-30
2012-11-26,sh.600005,2.43,2.43,2.43,2.43,2.43,0.0,0.0,3,,0,0.0,-107.750811,0.686247,0.268094,22.595213,0,2012-06-30,139276472.8,45308342921.84,45182584690.46,42754823649.7,184615579.78,200535867.18,61259394.38,134980510.24,1936699634.7,2015213010.3,17495672918.59,30271996250.31,71546462942.35,101818459192.66,55754942890.14,9227908959.41,64982851849.55,36835607343.11,450786604.97,-480978849.25,185631812.33,155411832.38,2012-09-30
2012-11-27,sh.600005,2.51,2.67,2.47,2.56,2.43,75849432.0,195076701.0,3,0.751447,1,5.3498,-113.515257,0.72296,0.282437,23.80401,0,2012-06-30,139276472.8,45308342921.84,45182584690.46,42754823649.7,184615579.78,200535867.18,61259394.38,134980510.24,1936699634.7,2015213010.3,17495672918.59,30271996250.31,71546462942.35,101818459192.66,55754942890.14,9227908959.41,64982851849.55,36835607343.11,450786604.97,-480978849.25,185631812.33,155411832.38,2012-09-30
2012-11-28,sh.600005,2.5,2.53,2.42,2.46,2.56,33055727.0,81487596.0,3,0.327486,1,-3.9062,-109.081068,0.694719,0.271404,22.874166,0,2012-06-30,139276472.8,45308342921.84,45182584690.46,42754823649.7,184615579.78,200535867.18,61259394.38,134980510.24,1936699634.7,2015213010.3,17495672918.59,30271996250.31,71546462942.35,101818459192.66,55754942890.14,9227908959.41,64982851849.55,36835607343.11,450786604.97,-480978849.25,185631812.33,155411832.38,2012-09-30
2012-11-29,sh.600005,2.46,2.6,2.46,2.56,2.46,46733554.0,118661947.0,3,0.462994,1,4.065,-113.515257,0.72296,0.282437,23.80401,0,2012-06-30,139276472.8,45308342921.84,45182584690.46,42754823649.7,184615579.78,200535867.18,61259394.38,134980510.24,1936699634.7,2015213010.3,17495672918.59,30271996250.31,71546462942.35,101818459192.66,55754942890.14,9227908959.41,64982851849.55,36835607343.11,450786604.97,-480978849.25,185631812.33,155411832.38,2012-09-30
2012-11-30,sh.600005,2.65,2.71,2.62,2.65,2.56,60802684.0,161705665.0,3,0.602378,1,3.5156,-117.506028,0.748376,0.292366,24.64087,0,2012-06-30,139276472.8,45308342921.84,45182584690.46,42754823649.7,184615579.78,200535867.18,61259394.38,134980510.24,1936699634.7,2015213010.3,17495672918.59,30271996250.31,71546462942.35,101818459192.66,55754942890.14,9227908959.41,64982851849.55,36835607343.11,450786604.97,-480978849.25,185631812.33,155411832.38,2012-09-30
2012-12-03,sh.600005,2.65,2.73,2.61,2.69,2.65,48414337.0,128958350.0,3,0.479645,1,1.5094,-119.279704,0.759672,0.296779,25.012808,0,2012-06-30,139276472.8,45308342921.84,45182584690.46,42754823649.7,184615579.78,200535867.18,61259394.38,134980510.24,1936699634.7,2015213010.3,17495672918.59,30271996250.31,71546462942.35,101818459192.66,55754942890.14,9227908959.41,64982851849.55,36835607343.11,450786604.97,-480978849.25,185631812.33,155411832.38,2012-09-30
2012-12-04,sh.600005,2.65,2.73,2.65,2.71,2.69,38224577.0,103124678.0,3,0.378694,1,0.7435,-120.166542,0.765321,0.298986,25.198777,0,2012-06-30,139276472.8,45308342921.84,45182584690.46,42754823649.7,184615579.78,200535867.18,61259394.38,134980510.24,1936699634.7,2015213010.3,17495672918.59,30271996250.31,71546462942.35,101818459192.66,55754942890.14,9227908959.41,64982851849.55,36835607343.11,450786604.97,-480978849.25,185631812.33,155411832.38,2012-09-30
2012-12-05,sh.600005,2.71,2.74,2.66,2.73,2.71,49457892.0,133898420.0,3,0.489984,1,0.738,-121.05338,0.770969,0.301192,25.384745,0,2012-06-30,139276472.8,45308342921.84,45182584690.46,42754823649.7,184615579.78,200535867.18,61259394.38,134980510.24,1936699634.7,2015213010.3,17495672918.59,30271996250.31,71546462942.35,101818459192.66,55754942890.14,9227908959.41,64982851849.55,36835607343.11,450786604.97,-480978849.25,185631812.33,155411832.38,2012-09-30
2012-12-06,sh.600005,2.7,2.76,2.69,2.73,2.73,38626302.0,105312136.0,3,0.382674,1,0.0,-121.05338,0.770969,0.301192,25.384745,0,2012-06-30,139276472.8,45308342921.84,45182584690.46,42754823649.7,184615579.78,200535867.18,61259394.38,134980510.24,1936699634.7,2015213010.3,17495672918.59,30271996250.31,71546462942.35,101818459192.66,55754942890.14,9227908959.41,64982851849.55,36835607343.11,450786604.97,-480978849.25,185631812.33,155411832.38,2012-09-30
2012-12-07,sh.600005,2.74,2.74,2.68,2.72,2.73,37610915.0,101714065.0,3,0.372615,1,-0.3663,-120.609961,0.768145,0.300089,25.291761,0,2012-06-30,139276472.8,45308342921.84,45182584690.46,42754823649.7,184615579.78,200535867.18,61259394.38,134980510.24,1936699634.7,2015213010.3,17495672918.59,30271996250.31,71546462942.35,101818459192.66,55754942890.14,9227908959.41,64982851849.55,36835607343.11,450786604.97,-480978849.25,185631812.33,155411832.38,2012-09-30
2012-12-10,sh.600005,2.7,2.73,2.67,2.71,2.72,31990451.0,86348650.0,3,0.316932,1,-0.3676,-120.166542,0.765321,0.298986,25.198777,0,2012-06-30,139276472.8,45308342921.84,45182584690.46,42754823649.7,184615579.78,200535867.18,61259394.38,134980510.24,1936699634.7,2015213010.3,17495672918.59,30271996250.31,71546462942.35,101818459192.66,55754942890.14,9227908959.41,64982851849.55,36835607343.11,450786604.97,-480978849.25,185631812.33,155411832.38,2012-09-30
2012-12-11,sh.600005,2.7,2.71,2.67,2.67,2.71,20780037.0,55823254.0,3,0.20587,1,-1.476,-118.392866,0.754024,0.294573,24.826839,0,2012-06-30,139276472.8,45308342921.84,45182584690.46,42754823649.7,184615579.78,200535867.18,61259394.38,134980510.24,1936699634.7,2015213010.3,17495672918.59,30271996250.31,71546462942.35,101818459192.66,55754942890.14,9227908959.41,64982851849.55,36835607343.11,450786604.97,-480978849.25,185631812.33,155411832.38,2012-09-30
2012-12-12,sh.600005,2.68,2.7,2.66,2.67,2.67,15900370.0,42530877.0,3,0.157526,1,0.0,-118.392866,0.754024,0.294573,24.826839,0,2012-06-30,139276472.8,45308342921.84,45182584690.46,42754823649.7,184615579.78,200535867.18,61259394.38,134980510.24,1936699634.7,2015213010.3,17495672918.59,30271996250.31,71546462942.35,101818459192.66,55754942890.14,9227908959.41,64982851849.55,36835607343.11,450786604.97,-480978849.25,185631812.33,155411832.38,2012-09-30
2012-12-13,sh.600005,2.67,2.68,2.65,2.66,2.67,13404912.0,35730229.0,3,0.132804,1,-0.3745,-117.949447,0.7512,0.293469,24.733855,0,2012-06-30,139276472.8,45308342921.84,45182584690.46,42754823649.7,184615579.78,200535867.18,61259394.38,134980510.24,1936699634.7,2015213010.3,17495672918.59,30271996250.31,71546462942.35,101818459192.66,55754942890.14,9227908959.41,64982851849.55,36835607343.11,450786604.97,-480978849.25,185631812.33,155411832.38,2012-09-30
2012-12-14,sh.600005,2.66,2.74,2.65,2.74,2.66,44989726.0,122428379.0,3,0.445717,1,3.0075,-121.496799,0.773793,0.302295,25.47773,0,2012-06-30,139276472.8,45308342921.84,45182584690.46,42754823649.7,184615579.78,200535867.18,61259394.38,134980510.24,1936699634.7,2015213010.3,17495672918.59,30271996250.31,71546462942.35,101818459192.66,55754942890.14,9227908959.41,64982851849.55,36835607343.11,450786604.97,-480978849.25,185631812.33,155411832.38,2012-09-30
2012-12-17,sh.600005,2.74,2.79,2.72,2.75,2.74,36626020.0,101160133.0,3,0.362857,1,0.365,-121.940218,0.776617,0.303399,25.570714,0,2012-06-30,139276472.8,45308342921.84,45182584690.46,42754823649.7,184615579.78,200535867.18,61259394.38,134980510.24,1936699634.7,2015213010.3,17495672918.59,30271996250.31,71546462942.35,101818459192.66,55754942890.14,9227908959.41,64982851849.55,36835607343.11,450786604.97,-480978849.25,185631812.33,155411832.38,2012-09-30
2012-12-18,sh.600005,2.76,2.76,2.72,2.74,2.75,25043048.0,68557668.0,3,0.248104,1,-0.3636,-121.496799,0.773793,0.302295,25.47773,0,2012-06-30,139276472.8,45308342921.84,45182584690.46,42754823649.7,184615579.78,200535867.18,61259394.38,134980510.24,1936699634.7,2015213010.3,17495672918.59,30271996250.31,71546462942.35,101818459192.66,55754942890.14,9227908959.41,64982851849.55,36835607343.11,450786604.97,-480978849.25,185631812.33,155411832.38,2012-09-30
2012-12-19,sh.600005,2.74,2.76,2.72,2.73,2.74,16060142.0,43906731.0,3,0.159109,1,-0.365,-121.05338,0.770969,0.301192,25.384745,0,2012-06-30,139276472.8,45308342921.84,45182584690.46,42754823649.7,184615579.78,200535867.18,61259394.38,134980510.24,1936699634.7,2015213010.3,17495672918.59,30271996250.31,71546462942.35,101818459192.66,55754942890.14,9227908959.41,64982851849.55,36835607343.11,450786604.97,-480978849.25,185631812.33,155411832.38,2012-09-30
2012-12-20,sh.600005,2.72,2.73,2.69,2.71,2.73,18943176.0,51285391.0,3,0.187672,1,-0.7326,-120.166542,0.765321,0.298986,25.198777,0,2012-06-30,139276472.8,45308342921.84,45182584690.46,42754823649.7,184615579.78,200535867.18,61259394.38,134980510.24,1936699634.7,2015213010.3,17495672918.59,30271996250.31,71546462942.35,101818459192.66,55754942890.14,9227908959.41,64982851849.55,36835607343.11,450786604.97,-480978849.25,185631812.33,155411832.38,2012-09-30
2012-12-21,sh.600005,2.71,2.72,2.67,2.68,2.71,21685935.0,58497686.0,3,0.214845,1,-1.107,-118.836285,0.756848,0.295676,24.919823,0,2012-06-30,139276472.8,45308342921.84,45182584690.46,42754823649.7,184615579.78,200535867.18,61259394.38,134980510.24,1936699634.7,2015213010.3,17495672918.59,30271996250.31,71546462942.35,101818459192.66,55754942890.14,9227908959.41,64982851849.55,36835607343.11,450786604.97,-480978849.25,185631812.33,155411832.38,2012-09-30
2012-12-24,sh.600005,2.68,2.7,2.68,2.69,2.68,8371517.0,22516212.0,3,0.082937,1,0.3731,-119.279704,0.759672,0.296779,25.012808,0,2012-06-30,139276472.8,45308342921.84,45182584690.46,42754823649.7,184615579.78,200535867.18,61259394.38,134980510.24,1936699634.7,2015213010.3,17495672918.59,30271996250.31,71546462942.35,101818459192.66,55754942890.14,9227908959.41,64982851849.55,36835607343.11,450786604.97,-480978849.25,185631812.33,155411832.38,2012-09-30
2012-12-25,sh.600005,2.69,2.74,2.66,2.73,2.69,26580070.0,72156012.0,3,0.263331,1,1.487,-121.05338,0.770969,0.301192,25.384745,0,2012-06-30,139276472.8,45308342921.84,45182584690.46,42754823649.7,184615579.78,200535867.18,61259394.38,134980510.24,1936699634.7,2015213010.3,17495672918.59,30271996250.31,71546462942.35,101818459192.66,55754942890.14,9227908959.41,64982851849.55,36835607343.11,450786604.97,-480978849.25,185631812.33,155411832.38,2012-09-30
2012-12-26,sh.600005,2.72,2.75,2.71,2.73,2.73,18054806.0,49181795.0,3,0.178871,1,0.0,-121.05338,0.770969,0.301192,25.384745,0,2012-06-30,139276472.8,45308342921.84,45182584690.46,42754823649.7,184615579.78,200535867.18,61259394.38,134980510.24,1936699634.7,2015213010.3,17495672918.59,30271996250.31,71546462942.35,101818459192.66,55754942890.14,9227908959.41,64982851849.55,36835607343.11,450786604.97,-480978849.25,185631812.33,155411832.38,2012-09-30
2012-12-27,sh.600005,2.72,2.81,2.71,2.77,2.73,54406651.0,150732105.0,3,0.539012,1,1.4652,-122.827056,0.782265,0.305605,25.756683,0,2012-06-30,139276472.8,45308342921.84,45182584690.46,42754823649.7,184615579.78,200535867.18,61259394.38,134980510.24,1936699634.7,2015213010.3,17495672918.59,30271996250.31,71546462942.35,101818459192.66,55754942890.14,9227908959.41,64982851849.55,36835607343.11,450786604.97,-480978849.25,185631812.33,155411832.38,2012-09-30
2012-12-28,sh.600005,2.77,2.77,2.73,2.75,2.77,24649971.0,67783525.0,3,0.24421,1,-0.722,-121.940218,0.776617,0.303399,25.570714,0,2012-06-30,139276472.8,45308342921.84,45182584690.46,42754823649.7,184615579.78,200535867.18,61259394.38,134980510.24,1936699634.7,2015213010.3,17495672918.59,30271996250.31,71546462942.35,101818459192.66,55754942890.14,9227908959.41,64982851849.55,36835607343.11,450786604.97,-480978849.25,185631812.33,155411832.38,2012-09-30
2012-12-31,sh.600005,2.75,2.79,2.73,2.77,2.75,40822484.0,112959329.0,3,0.404432,1,0.7273,-122.827056,0.782265,0.305605,25.756683,0,2012-09-30,333499695.98,67221361554.05,66919300625.21,63230169150.39,391231450.67,419081013.36,85581317.38,328010203.44,2032613897.75,2542348897.02,18540056651.16,33879169226.81,70929543824.45,104808713051.26,58846367564.59,8902309395.2,67748676959.79,37060036091.47,1006884304.18,-804128640.29,48714164.16,251326095.43,2012-12-30
2013-01-04,sh.600005,2.83,2.88,2.81,2.83,2.77,55054634.0,156777434.0,3,0.545431,1,2.1661,-125.48757,0.799209,0.312225,26.31459,0,2012-09-30,333499695.98,67221361554.05,66919300625.21,63230169150.39,391231450.67,419081013.36,85581317.38,328010203.44,2032613897.75,2542348897.02,18540056651.16,33879169226.81,70929543824.45,104808713051.26,58846367564.59,8902309395.2,67748676959.79,37060036091.47,1006884304.18,-804128640.29,48714164.16,251326095.43,2012-12-30
2013-01-07,sh.600005,2.82,2.84,2.79,2.81,2.83,23936842.0,67194224.0,3,0.237144,1,-0.7067,-124.600732,0.793561,0.310018,26.128621,0,2012-09-30,333499695.98,67221361554.05,66919300625.21,63230169150.39,391231450.67,419081013.36,85581317.38,328010203.44,2032613897.75,2542348897.02,18540056651.16,33879169226.81,70929543824.45,104808713051.26,58846367564.59,8902309395.2,67748676959.79,37060036091.47,1006884304.18,-804128640.29,48714164.16,251326095.43,2012-12-30
2013-01-08,sh.600005,2.81,2.82,2.77,2.8,2.81,17108571.0,47807600.0,3,0.169496,1,-0.3559,-124.157313,0.790737,0.308915,26.035636,0,2012-09-30,333499695.98,67221361554.05,66919300625.21,63230169150.39,391231450.67,419081013.36,85581317.38,328010203.44,2032613897.75,2542348897.02,18540056651.16,33879169226.81,70929543824.45,104808713051.26,58846367564.59,8902309395.2,67748676959.79,37060036091.47,1006884304.18,-804128640.29,48714164.16,251326095.43,2012-12-30
2013-01-09,sh.600005,2.79,2.81,2.78,2.81,2.8,15937385.0,44557186.0,3,0.157893,1,0.3571,-124.600732,0.793561,0.310018,26.128621,0,2012-09-30,333499695.98,67221361554.05,66919300625.21,63230169150.39,391231450.67,419081013.36,85581317.38,328010203.44,2032613897.75,2542348897.02,18540056651.16,33879169226.81,70929543824.45,104808713051.26,58846367564.59,8902309395.2,67748676959.79,37060036091.47,1006884304.18,-804128640.29,48714164.16,251326095.43,2012-12-30
2013-01-10,sh.600005,2.81,2.85,2.8,2.82,2.81,22361013.0,63185469.0,3,0.221533,1,0.3559,-125.044151,0.796385,0.311122,26.221605,0,2012-09-30,333499695.98,67221361554.05,66919300625.21,63230169150.39,391231450.67,419081013.36,85581317.38,328010203.44,2032613897.75,2542348897.02,18540056651.16,33879169226.81,70929543824.45,104808713051.26,58846367564.59,8902309395.2,67748676959.79,37060036091.47,1006884304.18,-804128640.29,48714164.16,251326095.43,2012-12-30
2013-01-11,sh.600005,2.83,2.84,2.76,2.77,2.82,26520358.0,74085242.0,3,0.26274,1,-1.773,-122.827056,0.782265,0.305605,25.756683,0,2012-09-30,333499695.98,67221361554.05,66919300625.21,63230169150.39,391231450.67,419081013.36,85581317.38,328010203.44,2032613897.75,2542348897.02,18540056651.16,33879169226.81,70929543824.45,104808713051.26,58846367564.59,8902309395.2,67748676959.79,37060036091.47,1006884304.18,-804128640.29,48714164.16,251326095.43,2012-12-30
2013-01-14,sh.600005,2.77,2.85,2.75,2.83,2.77,28370723.0,79576978.0,3,0.281071,1,2.1661,-125.48757,0.799209,0.312225,26.31459,0,2012-09-30,333499695.98,67221361554.05,66919300625.21,63230169150.39,391231450.67,419081013.36,85581317.38,328010203.44,2032613897.75,2542348897.02,18540056651.16,33879169226.81,70929543824.45,104808713051.26,58846367564.59,8902309395.2,67748676959.79,37060036091.47,1006884304.18,-804128640.29,48714164.16,251326095.43,2012-12-30
2013-01-15,sh.600005,2.83,3.1,2.83,2.91,2.83,43868135.0,128907834.0,3,0.434606,1,2.8269,-129.034922,0.821802,0.321051,27.058465,0,2012-09-30,333499695.98,67221361554.05,66919300625.21,63230169150.39,391231450.67,419081013.36,85581317.38,328010203.44,2032613897.75,2542348897.02,18540056651.16,33879169226.81,70929543824.45,104808713051.26,58846367564.59,8902309395.2,67748676959.79,37060036091.47,1006884304.18,-804128640.29,48714164.16,251326095.43,2012-12-30
2013-01-16,sh.600005,2.91,2.95,2.85,2.9,2.91,20957776.0,60759988.0,3,0.207631,1,-0.3436,-128.591503,0.818978,0.319948,26.96548,0,2012-09-30,333499695.98,67221361554.05,66919300625.21,63230169150.39,391231450.67,419081013.36,85581317.38,328010203.44,2032613897.75,2542348897.02,18540056651.16,33879169226.81,70929543824.45,104808713051.26,58846367564.59,8902309395.2,67748676959.79,37060036091.47,1006884304.18,-804128640.29,48714164.16,251326095.43,2012-12-30
2013-01-17,sh.600005,2.9,2.95,2.87,2.9,2.9,22195100.0,64715303.0,3,0.219889,1,0.0,-128.591503,0.818978,0.319948,26.96548,0,2012-09-30,333499695.98,67221361554.05,66919300625.21,63230169150.39,391231450.67,419081013.36,85581317.38,328010203.44,2032613897.75,2542348897.02,18540056651.16,33879169226.81,70929543824.45,104808713051.26,58846367564.59,8902309395.2,67748676959.79,37060036091.47,1006884304.18,-804128640.29,48714164.16,251326095.43,2012-12-30
2013-01-18,sh.600005,2.91,2.95,2.9,2.94,2.9,19543469.0,57114938.0,3,0.193619,1,1.3793,-130.365178,0.830274,0.324361,27.337418,0,2012-09-30,333499695.98,67221361554.05,66919300625.21,63230169150.39,391231450.67,419081013.36,85581317.38,328010203.44,2032613897.75,2542348897.02,18540056651.16,33879169226.81,70929543824.45,104808713051.26,58846367564.59,8902309395.2,67748676959.79,37060036091.47,1006884304.18,-804128640.29,48714164.16,251326095.43,2012-12-30
2013-01-21,sh.600005,2.94,2.96,2.91,2.92,2.94,19299844.0,56488291.0,3,0.191205,1,-0.6803,-129.478341,0.824626,0.322154,27.151449,0,2012-09-30,333499695.98,67221361554.05,66919300625.21,63230169150.39,391231450.67,419081013.36,85581317.38,328010203.44,2032613897.75,2542348897.02,18540056651.16,33879169226.81,70929543824.45,104808713051.26,58846367564.59,8902309395.2,67748676959.79,37060036091.47,1006884304.18,-804128640.29,48714164.16,251326095.43,2012-12-30
2013-01-22,sh.600005,2.92,2.98,2.9,2.9,2.92,23501029.0,68562998.0,3,0.232827,1,-0.6849,-128.591503,0.818978,0.319948,26.96548,0,2012-09-30,333499695.98,67221361554.05,66919300625.21,63230169150.39,391231450.67,419081013.36,85581317.38,328010203.44,2032613897.75,2542348897.02,18540056651.16,33879169226.81,70929543824.45,104808713051.26,58846367564.59,8902309395.2,67748676959.79,37060036091.47,1006884304.18,-804128640.29,48714164.16,251326095.43,2012-12-30
2013-01-23,sh.600005,2.92,2.95,2.89,2.92,2.9,16780134.0,48963840.0,3,0.166242,1,0.6897,-129.478341,0.824626,0.322154,27.151449,0,2012-09-30,333499695.98,67221361554.05,66919300625.21,63230169150.39,391231450.67,419081013.36,85581317.38,328010203.44,2032613897.75,2542348897.02,18540056651.16,33879169226.81,70929543824.45,104808713051.26,58846367564.59,8902309395.2,67748676959.79,37060036091.47,1006884304.18,-804128640.29,48714164.16,251326095.43,2012-12-30
2013-01-24,sh.600005,2.92,2.94,2.86,2.88,2.92,20648225.0,60086539.0,3,0.204564,1,-1.3699,-127.704665,0.81333,0.317741,26.779512,0,2012-09-30,333499695.98,67221361554.05,66919300625.21,63230169150.39,391231450.67,419081013.36,85581317.38,328010203.44,2032613897.75,2542348897.02,18540056651.16,33879169226.81,70929543824.45,104808713051.26,58846367564.59,8902309395.2,67748676959.79,37060036091.47,1006884304.18,-804128640.29,48714164.16,251326095.43,2012-12-30
2013-01-25,sh.600005,2.88,3.03,2.87,2.98,2.88,41519264.0,122820664.0,3,0.411335,1,3.4722,-132.138854,0.84157,0.328774,27.709356,0,2012-09-30,333499695.98,67221361554.05,66919300625.21,63230169150.39,391231450.67,419081013.36,85581317.38,328010203.44,2032613897.75,2542348897.02,18540056651.16,33879169226.81,70929543824.45,104808713051.26,58846367564.59,8902309395.2,67748676959.79,37060036091.47,1006884304.18,-804128640.29,48714164.16,251326095.43,2012-12-30
2013-01-28,sh.600005,2.98,3.03,2.96,3.01,2.98,27507417.0,82266729.0,3,0.272518,1,1.0067,-133.469111,0.850042,0.332084,27.988309,0,2012-09-30,333499695.98,67221361554.05,66919300625.21,63230169150.39,391231450.67,419081013.36,85581317.38,328010203.44,2032613897.75,2542348897.02,18540056651.16,33879169226.81,70929543824.45,104808713051.26,58846367564.59,8902309395.2,67748676959.79,37060036091.47,1006884304.18,-804128640.29,48714164.16,251326095.43,2012-12-30
2013-01-29,sh.600005,3.01,3.02,2.97,2.98,3.01,16768663.0,50044752.0,3,0.166129,1,-0.9967,-132.138854,0.84157,0.328774,27.709356,0,2012-09-30,333499695.98,67221361554.05,66919300625.21,63230169150.39,391231450.67,419081013.36,85581317.38,328010203.44,2032613897.75,2542348897.02,18540056651.16,33879169226.81,70929543824.45,104808713051.26,58846367564.59,8902309395.2,67748676959.79,37060036091.47,1006884304.18,-804128640.29,48714164.16,251326095.43,2012-12-30
2013-01-30,sh.600005,3.01,3.01,2.96,2.99,2.98,16174092.0,48232204.0,3,0.160238,1,0.3356,-132.582273,0.844394,0.329877,27.80234,0,2012-09-30,333499695.98,67221361554.05,66919300625.21,63230169150.39,391231450.67,419081013.36,85581317.38,328010203.44,2032613897.75,2542348897.02,18540056651.16,33879169226.81,70929543824.45,104808713051.26,58846367564.59,8902309395.2,67748676959.79,37060036091.47,1006884304.18,-804128640.29,48714164.16,251326095.43,2012-12-30
2013-01-31,sh.600005,3.0,3.0,2.94,2.99,2.99,18148108.0,53911265.0,3,0.179795,1,0.0,-132.582273,0.844394,0.329877,27.80234,0,2012-09-30,333499695.98,67221361554.05,66919300625.21,63230169150.39,391231450.67,419081013.36,85581317.38,328010203.44,2032613897.75,2542348897.02,18540056651.16,33879169226.81,70929543824.45,104808713051.26,58846367564.59,8902309395.2,67748676959.79,37060036091.47,1006884304.18,-804128640.29,48714164.16,251326095.43,2012-12-30
2013-02-01,sh.600005,2.98,2.98,2.95,2.97,2.99,12307169.0,36545955.0,3,0.121928,1,-0.6689,-131.695435,0.838746,0.327671,27.616371,0,2012-09-30,333499695.98,67221361554.05,66919300625.21,63230169150.39,391231450.67,419081013.36,85581317.38,328010203.44,2032613897.75,2542348897.02,18540056651.16,33879169226.81,70929543824.45,104808713051.26,58846367564.59,8902309395.2,67748676959.79,37060036091.47,1006884304.18,-804128640.29,48714164.16,251326095.43,2012-12-30
2013-02-04,sh.600005,2.97,3.0,2.96,3.0,2.97,19596637.0,58408563.0,3,0.194146,1,1.0101,-133.025692,0.847218,0.33098,27.895325,0,2012-09-30,333499695.98,67221361554.05,66919300625.21,63230169150.39,391231450.67,419081013.36,85581317.38,328010203.44,2032613897.75,2542348897.02,18540056651.16,33879169226.81,70929543824.45,104808713051.26,58846367564.59,8902309395.2,67748676959.79,37060036091.47,1006884304.18,-804128640.29,48714164.16,251326095.43,2012-12-30
2013-02-05,sh.600005,2.99,3.02,2.98,3.01,3.0,19715236.0,59244807.0,3,0.195321,1,0.3333,-133.469111,0.850042,0.332084,27.988309,0,2012-09-30,333499695.98,67221361554.05,66919300625.21,63230169150.39,391231450.67,419081013.36,85581317.38,328010203.44,2032613897.75,2542348897.02,18540056651.16,33879169226.81,70929543824.45,104808713051.26,58846367564.59,8902309395.2,67748676959.79,37060036091.47,1006884304.18,-804128640.29,48714164.16,251326095.43,2012-12-30
2013-02-06,sh.600005,3.01,3.01,2.98,2.98,3.01,13493557.0,40339315.0,3,0.133682,1,-0.9967,-132.138854,0.84157,0.328774,27.709356,0,2012-09-30,333499695.98,67221361554.05,66919300625.21,63230169150.39,391231450.67,419081013.36,85581317.38,328010203.44,2032613897.75,2542348897.02,18540056651.16,33879169226.81,70929543824.45,104808713051.26,58846367564.59,8902309395.2,67748676959.79,37060036091.47,1006884304.18,-804128640.29,48714164.16,251326095.43,2012-12-30
2013-02-07,sh.600005,2.98,2.99,2.96,2.97,2.98,14939292.0,44436853.0,3,0.148005,1,-0.3356,-131.695435,0.838746,0.327671,27.616371,0,2012-09-30,333499695.98,67221361554.05,66919300625.21,63230169150.39,391231450.67,419081013.36,85581317.38,328010203.44,2032613897.75,2542348897.02,18540056651.16,33879169226.81,70929543824.45,104808713051.26,58846367564.59,8902309395.2,67748676959.79,37060036091.47,1006884304.18,-804128640.29,48714164.16,251326095.43,2012-12-30
2013-02-08,sh.600005,2.97,3.0,2.96,2.98,2.97,15397052.0,45989828.0,3,0.15254,1,0.3367,-132.138854,0.84157,0.328774,27.709356,0,2012-09-30,333499695.98,67221361554.05,66919300625.21,63230169150.39,391231450.67,419081013.36,85581317.38,328010203.44,2032613897.75,2542348897.02,18540056651.16,33879169226.81,70929543824.45,104808713051.26,58846367564.59,8902309395.2,67748676959.79,37060036091.47,1006884304.18,-804128640.29,48714164.16,251326095.43,2012-12-30
2013-02-18,sh.600005,2.99,3.0,2.94,2.95,2.98,16693490.0,49433628.0,3,0.165384,1,-1.0067,-130.808597,0.833098,0.325464,27.430403,0,2012-09-30,333499695.98,67221361554.05,66919300625.21,63230169150.39,391231450.67,419081013.36,85581317.38,328010203.44,2032613897.75,2542348897.02,18540056651.16,33879169226.81,70929543824.45,104808713051.26,58846367564.59,8902309395.2,67748676959.79,37060036091.47,1006884304.18,-804128640.29,48714164.16,251326095.43,2012-12-30
2013-02-19,sh.600005,2.96,2.97,2.9,2.92,2.95,15239594.0,44768396.0,3,0.15098,1,-1.0169,-129.478341,0.824626,0.322154,27.151449,0,2012-09-30,333499695.98,67221361554.05,66919300625.21,63230169150.39,391231450.67,419081013.36,85581317.38,328010203.44,2032613897.75,2542348897.02,18540056651.16,33879169226.81,70929543824.45,104808713051.26,58846367564.59,8902309395.2,67748676959.79,37060036091.47,1006884304.18,-804128640.29,48714164.16,251326095.43,2012-12-30
2013-02-20,sh.600005,2.92,2.93,2.91,2.93,2.92,12415752.0,36295289.0,3,0.123004,1,0.3425,-129.921759,0.82745,0.323258,27.244434,0,2012-09-30,333499695.98,67221361554.05,66919300625.21,63230169150.39,391231450.67,419081013.36,85581317.38,328010203.44,2032613897.75,2542348897.02,18540056651.16,33879169226.81,70929543824.45,104808713051.26,58846367564.59,8902309395.2,67748676959.79,37060036091.47,1006884304.18,-804128640.29,48714164.16,251326095.43,2012-12-30
2013-02-21,sh.600005,2.91,2.92,2.81,2.82,2.93,22013705.0,62714676.0,3,0.218092,1,-3.7543,-125.044151,0.796385,0.311122,26.221605,0,2012-09-30,333499695.98,67221361554.05,66919300625.21,63230169150.39,391231450.67,419081013.36,85581317.38,328010203.44,2032613897.75,2542348897.02,18540056651.16,33879169226.81,70929543824.45,104808713051.26,58846367564.59,8902309395.2,67748676959.79,37060036091.47,1006884304.18,-804128640.29,48714164.16,251326095.43,2012-12-30
2013-02-22,sh.600005,2.83,2.83,2.78,2.79,2.82,14586576.0,40838732.0,3,0.144511,1,-1.0638,-123.713894,0.787913,0.307812,25.942652,0,2012-09-30,333499695.98,67221361554.05,66919300625.21,63230169150.39,391231450.67,419081013.36,85581317.38,328010203.44,2032613897.75,2542348897.02,18540056651.16,33879169226.81,70929543824.45,104808713051.26,58846367564.59,8902309395.2,67748676959.79,37060036091.47,1006884304.18,-804128640.29,48714164.16,251326095.43,2012-12-30
2013-02-25,sh.600005,2.78,2.81,2.78,2.79,2.79,10204963.0,28521356.0,3,0.101102,1,0.0,-123.713894,0.787913,0.307812,25.942652,0,2012-09-30,333499695.98,67221361554.05,66919300625.21,63230169150.39,391231450.67,419081013.36,85581317.38,328010203.44,2032613897.75,2542348897.02,18540056651.16,33879169226.81,70929543824.45,104808713051.26,58846367564.59,8902309395.2,67748676959.79,37060036091.47,1006884304.18,-804128640.29,48714164.16,251326095.43,2012-12-30
2013-02-26,sh.600005,2.79,2.8,2.7,2.72,2.79,17764683.0,48930530.0,3,0.175996,1,-2.509,-120.609961,0.768145,0.300089,25.291761,0,2012-09-30,333499695.98,67221361554.05,66919300625.21,63230169150.39,391231450.67,419081013.36,85581317.38,328010203.44,2032613897.75,2542348897.02,18540056651.16,33879169226.81,70929543824.45,104808713051.26,58846367564.59,8902309395.2,67748676959.79,37060036091.47,1006884304.18,-804128640.29,48714164.16,251326095.43,2012-12-30
2013-02-27,sh.600005,2.72,2.9,2.71,2.88,2.72,22257066.0,62043531.0,3,0.220503,1,5.8824,-127.704665,0.81333,0.317741,26.779512,0,2012-09-30,333499695.98,67221361554.05,66919300625.21,63230169150.39,391231450.67,419081013.36,85581317.38,328010203.44,2032613897.75,2542348897.02,18540056651.16,33879169226.81,70929543824.45,104808713051.26,58846367564.59,8902309395.2,67748676959.79,37060036091.47,1006884304.18,-804128640.29,48714164.16,251326095.43,2012-12-30
2013-02-28,sh.600005,2.85,2.89,2.81,2.87,2.88,21166649.0,60333919.0,3,0.2097,1,-0.3472,-127.261246,0.810506,0.316638,26.686527,0,2012-09-30,333499695.98,67221361554.05,66919300625.21,63230169150.39,391231450.67,419081013.36,85581317.38,328010203.44,2032613897.75,2542348897.02,18540056651.16,33879169226.81,70929543824.45,104808713051.26,58846367564.59,8902309395.2,67748676959.79,37060036091.47,1006884304.18,-804128640.29,48714164.16,251326095.43,2012-12-30
2013-03-01,sh.600005,2.87,2.95,2.81,2.94,2.87,26100434.0,75053233.0,3,0.258579,1,2.439,-130.365178,0.830274,0.324361,27.337418,0,2012-09-30,333499695.98,67221361554.05,66919300625.21,63230169150.39,391231450.67,419081013.36,85581317.38,328010203.44,2032613897.75,2542348897.02,18540056651.16,33879169226.81,70929543824.45,104808713051.26,58846367564.59,8902309395.2,67748676959.79,37060036091.47,1006884304.18,-804128640.29,48714164.16,251326095.43,2012-12-30
2013-03-04,sh.600005,2.94,2.94,2.83,2.87,2.94,24484852.0,70512940.0,3,0.242574,1,-2.381,-127.261246,0.810506,0.316638,26.686527,0,2012-09-30,333499695.98,67221361554.05,66919300625.21,63230169150.39,391231450.67,419081013.36,85581317.38,328010203.44,2032613897.75,2542348897.02,18540056651.16,33879169226.81,70929543824.45,104808713051.26,58846367564.59,8902309395.2,67748676959.79,37060036091.47,1006884304.18,-804128640.29,48714164.16,251326095.43,2012-12-30
2013-03-05,sh.600005,2.97,3.09,2.91,2.94,2.87,40160272.0,119484427.0,3,0.397871,1,2.439,-130.365178,0.830274,0.324361,27.337418,0,2012-09-30,333499695.98,67221361554.05,66919300625.21,63230169150.39,391231450.67,419081013.36,85581317.38,328010203.44,2032613897.75,2542348897.02,18540056651.16,33879169226.81,70929543824.45,104808713051.26,58846367564.59,8902309395.2,67748676959.79,37060036091.47,1006884304.18,-804128640.29,48714164.16,251326095.43,2012-12-30
2013-03-06,sh.600005,2.94,2.95,2.9,2.92,2.94,16782732.0,48887303.0,3,0.166268,1,-0.6803,-129.478341,0.824626,0.322154,27.151449,0,2012-09-30,333499695.98,67221361554.05,66919300625.21,63230169150.39,391231450.67,419081013.36,85581317.38,328010203.44,2032613897.75,2542348897.02,18540056651.16,33879169226.81,70929543824.45,104808713051.26,58846367564.59,8902309395.2,67748676959.79,37060036091.47,1006884304.18,-804128640.29,48714164.16,251326095.43,2012-12-30
2013-03-07,sh.600005,2.98,2.98,2.88,2.9,2.92,16978898.0,49463028.0,3,0.168211,1,-0.6849,-128.591503,0.818978,0.319948,26.96548,0,2012-09-30,333499695.98,67221361554.05,66919300625.21,63230169150.39,391231450.67,419081013.36,85581317.38,328010203.44,2032613897.75,2542348897.02,18540056651.16,33879169226.81,70929543824.45,104808713051.26,58846367564.59,8902309395.2,67748676959.79,37060036091.47,1006884304.18,-804128640.29,48714164.16,251326095.43,2012-12-30
2013-03-08,sh.600005,2.89,2.91,2.87,2.88,2.9,8003651.0,23132863.0,3,0.079293,1,-0.6897,-127.704665,0.81333,0.317741,26.779512,0,2012-09-30,333499695.98,67221361554.05,66919300625.21,63230169150.39,391231450.67,419081013.36,85581317.38,328010203.44,2032613897.75,2542348897.02,18540056651.16,33879169226.81,70929543824.45,104808713051.26,58846367564.59,8902309395.2,67748676959.79,37060036091.47,1006884304.18,-804128640.29,48714164.16,251326095.43,2012-12-30
2013-03-11,sh.600005,2.87,2.87,2.83,2.84,2.88,9633636.0,27433308.0,3,0.095441,1,-1.3889,-125.930989,0.802033,0.313328,26.407574,0,2012-09-30,333499695.98,67221361554.05,66919300625.21,63230169150.39,391231450.67,419081013.36,85581317.38,328010203.44,2032613897.75,2542348897.02,18540056651.16,33879169226.81,70929543824.45,104808713051.26,58846367564.59,8902309395.2,67748676959.79,37060036091.47,1006884304.18,-804128640.29,48714164.16,251326095.43,2012-12-30
2013-03-12,sh.600005,2.84,2.87,2.8,2.82,2.84,10805454.0,30544005.0,3,0.107051,1,-0.7042,-125.044151,0.796385,0.311122,26.221605,0,2012-09-30,333499695.98,67221361554.05,66919300625.21,63230169150.39,391231450.67,419081013.36,85581317.38,328010203.44,2032613897.75,2542348897.02,18540056651.16,33879169226.81,70929543824.45,104808713051.26,58846367564.59,8902309395.2,67748676959.79,37060036091.47,1006884304.18,-804128640.29,48714164.16,251326095.43,2012-12-30
2013-03-13,sh.600005,2.81,2.83,2.77,2.78,2.82,9389153.0,26210011.0,3,0.093019,1,-1.4184,-123.270475,0.785089,0.306708,25.849668,0,2012-09-30,333499695.98,67221361554.05,66919300625.21,63230169150.39,391231450.67,419081013.36,85581317.38,328010203.44,2032613897.75,2542348897.02,18540056651.16,33879169226.81,70929543824.45,104808713051.26,58846367564.59,8902309395.2,67748676959.79,37060036091.47,1006884304.18,-804128640.29,48714164.16,251326095.43,2012-12-30
2013-03-14,sh.600005,2.75,2.78,2.74,2.78,2.78,7328322.0,20278500.0,3,0.072602,1,0.0,-123.270475,0.785089,0.306708,25.849668,0,2012-09-30,333499695.98,67221361554.05,66919300625.21,63230169150.39,391231450.67,419081013.36,85581317.38,328010203.44,2032613897.75,2542348897.02,18540056651.16,33879169226.81,70929543824.45,104808713051.26,58846367564.59,8902309395.2,67748676959.79,37060036091.47,1006884304.18,-804128640.29,48714164.16,251326095.43,2012-12-30
2013-03-15,sh.600005,2.79,2.82,2.75,2.77,2.78,10770172.0,29945370.0,3,0.106701,1,-0.3597,-122.827056,0.782265,0.305605,25.756683,0,2012-09-30,333499695.98,67221361554.05,66919300625.21,63230169150.39,391231450.67,419081013.36,85581317.38,328010203.44,2032613897.75,2542348897.02,18540056651.16,33879169226.81,70929543824.45,104808713051.26,58846367564.59,8902309395.2,67748676959.79,37060036091.47,1006884304.18,-804128640.29,48714164.16,251326095.43,2012-12-30
2013-03-18,sh.600005,2.76,2.79,2.75,2.75,2.77,6583144.0,18189328.0,3,0.06522,1,-0.722,-121.940218,0.776617,0.303399,25.570714,0,2012-09-30,333499695.98,67221361554.05,66919300625.21,63230169150.39,391231450.67,419081013.36,85581317.38,328010203.44,2032613897.75,2542348897.02,18540056651.16,33879169226.81,70929543824.45,104808713051.26,58846367564.59,8902309395.2,67748676959.79,37060036091.47,1006884304.18,-804128640.29,48714164.16,251326095.43,2012-12-30
2013-03-19,sh.600005,2.77,2.77,2.75,2.77,2.75,9109722.0,25147156.0,3,0.090251,1,0.7273,-122.827056,0.782265,0.305605,25.756683,0,2012-09-30,333499695.98,67221361554.05,66919300625.21,63230169150.39,391231450.67,419081013.36,85581317.38,328010203.44,2032613897.75,2542348897.02,18540056651.16,33879169226.81,70929543824.45,104808713051.26,58846367564.59,8902309395.2,67748676959.79,37060036091.47,1006884304.18,-804128640.29,48714164.16,251326095.43,2012-12-30
2013-03-20,sh.600005,2.77,2.81,2.73,2.79,2.77,11697592.0,32505952.0,3,0.115889,1,0.722,-123.713894,0.787913,0.307812,25.942652,0,2012-09-30,333499695.98,67221361554.05,66919300625.21,63230169150.39,391231450.67,419081013.36,85581317.38,328010203.44,2032613897.75,2542348897.02,18540056651.16,33879169226.81,70929543824.45,104808713051.26,58846367564.59,8902309395.2,67748676959.79,37060036091.47,1006884304.18,-804128640.29,48714164.16,251326095.43,2012-12-30
2013-03-21,sh.600005,2.8,2.84,2.79,2.82,2.79,11208353.0,31600374.0,3,0.111042,1,1.0753,-125.044151,0.796385,0.311122,26.221605,0,2012-09-30,333499695.98,67221361554.05,66919300625.21,63230169150.39,391231450.67,419081013.36,85581317.38,328010203.44,2032613897.75,2542348897.02,18540056651.16,33879169226.81,70929543824.45,104808713051.26,58846367564.59,8902309395.2,67748676959.79,37060036091.47,1006884304.18,-804128640.29,48714164.16,251326095.43,2012-12-30
2013-03-22,sh.600005,2.82,2.83,2.78,2.8,2.82,8742938.0,24463936.0,3,0.086617,1,-0.7092,-124.157313,0.790737,0.308915,26.035636,0,2012-09-30,333499695.98,67221361554.05,66919300625.21,63230169150.39,391231450.67,419081013.36,85581317.38,328010203.44,2032613897.75,2542348897.02,18540056651.16,33879169226.81,70929543824.45,104808713051.26,58846367564.59,8902309395.2,67748676959.79,37060036091.47,1006884304.18,-804128640.29,48714164.16,251326095.43,2012-12-30
2013-03-25,sh.600005,2.86,2.9,2.85,2.89,2.8,26001071.0,74716296.0,3,0.257595,1,3.2143,-128.148084,0.816154,0.318844,26.872496,0,2012-09-30,333499695.98,67221361554.05,66919300625.21,63230169150.39,391231450.67,419081013.36,85581317.38,328010203.44,2032613897.75,2542348897.02,18540056651.16,33879169226.81,70929543824.45,104808713051.26,58846367564.59,8902309395.2,67748676959.79,37060036091.47,1006884304.18,-804128640.29,48714164.16,251326095.43,2012-12-30
2013-03-26,sh.600005,2.88,2.88,2.81,2.83,2.89,11531139.0,32723416.0,3,0.11424,1,-2.0761,-125.48757,0.799209,0.312225,26.31459,0,2012-09-30,333499695.98,67221361554.05,66919300625.21,63230169150.39,391231450.67,419081013.36,85581317.38,328010203.44,2032613897.75,2542348897.02,18540056651.16,33879169226.81,70929543824.45,104808713051.26,58846367564.59,8902309395.2,67748676959.79,37060036091.47,1006884304.18,-804128640.29,48714164.16,251326095.43,2012-12-30
2013-03-27,sh.600005,2.82,2.85,2.8,2.8,2.83,8062544.0,22751456.0,3,0.079876,1,-1.0601,-124.157313,0.790737,0.308915,26.035636,0,2012-09-30,333499695.98,67221361554.05,66919300625.21,63230169150.39,391231450.67,419081013.36,85581317.38,328010203.44,2032613897.75,2542348897.02,18540056651.16,33879169226.81,70929543824.45,104808713051.26,58846367564.59,8902309395.2,67748676959.79,37060036091.47,1006884304.18,-804128640.29,48714164.16,251326095.43,2012-12-30
2013-03-28,sh.600005,2.8,2.8,2.73,2.74,2.8,15731606.0,43429392.0,3,0.155854,1,-2.1429,-121.496799,0.773793,0.302295,25.47773,0,2012-09-30,333499695.98,67221361554.05,66919300625.21,63230169150.39,391231450.67,419081013.36,85581317.38,328010203.44,2032613897.75,2542348897.02,18540056651.16,33879169226.81,70929543824.45,104808713051.26,58846367564.59,8902309395.2,67748676959.79,37060036091.47,1006884304.18,-804128640.29,48714164.16,251326095.43,2012-12-30
2013-03-29,sh.600005,2.76,2.77,2.74,2.76,2.74,6624504.0,18244296.0,3,0.06563,1,0.7299,-122.383637,0.779441,0.304502,25.663699,0,2012-09-30,333499695.98,67221361554.05,66919300625.21,63230169150.39,391231450.67,419081013.36,85581317.38,328010203.44,2032613897.75,2542348897.02,18540056651.16,33879169226.81,70929543824.45,104808713051.26,58846367564.59,8902309395.2,67748676959.79,37060036091.47,1006884304.18,-804128640.29,48714164.16,251326095.43,2012-12-30
2013-04-01,sh.600005,2.73,2.76,2.73,2.74,2.76,7688466.0,21079200.0,3,0.07617,1,-0.7246,-121.496799,0.773793,0.302295,25.47773,0,2012-12-31,41107241.42,91579393163.28,92066136476.1,86564802062.03,-377466296.76,111969983.47,70862742.05,210001730.26,1613667896.73,1955094995.28,12572393635.19,26064034871.58,72663591821.98,98727626693.56,53328290659.74,8642898289.11,61971188948.85,36756437744.71,3854637916.78,-4154000324.44,131284569.14,-167619905.59,2013-03-31
2013-04-02,sh.600005,2.75,2.77,2.73,2.76,2.74,7110683.0,19545164.0,3,0.070446,1,0.7299,-122.383637,0.779441,0.304502,25.663699,0,2012-12-31,41107241.42,91579393163.28,92066136476.1,86564802062.03,-377466296.76,111969983.47,70862742.05,210001730.26,1613667896.73,1955094995.28,12572393635.19,26064034871.58,72663591821.98,98727626693.56,53328290659.74,8642898289.11,61971188948.85,36756437744.71,3854637916.78,-4154000324.44,131284569.14,-167619905.59,2013-03-31
2013-04-03,sh.600005,2.77,2.78,2.75,2.75,2.76,5842960.0,16134222.0,3,0.057887,1,-0.3623,-121.940218,0.776617,0.303399,25.570714,0,2012-12-31,41107241.42,91579393163.28,92066136476.1,86564802062.03,-377466296.76,111969983.47,70862742.05,210001730.26,1613667896.73,1955094995.28,12572393635.19,26064034871.58,72663591821.98,98727626693.56,53328290659.74,8642898289.11,61971188948.85,36756437744.71,3854637916.78,-4154000324.44,131284569.14,-167619905.59,2013-03-31
2013-04-08,sh.600005,2.72,2.72,2.7,2.72,2.75,11110223.0,30105742.0,3,0.11007,1,-1.0909,-120.609961,0.768145,0.300089,25.291761,0,2012-12-31,41107241.42,91579393163.28,92066136476.1,86564802062.03,-377466296.76,111969983.47,70862742.05,210001730.26,1613667896.73,1955094995.28,12572393635.19,26064034871.58,72663591821.98,98727626693.56,53328290659.74,8642898289.11,61971188948.85,36756437744.71,3854637916.78,-4154000324.44,131284569.14,-167619905.59,2013-03-31
2013-04-09,sh.600005,2.72,2.75,2.7,2.72,2.72,9177229.0,25021604.0,3,0.09092,1,0.0,-120.609961,0.768145,0.300089,25.291761,0,2012-12-31,41107241.42,91579393163.28,92066136476.1,86564802062.03,-377466296.76,111969983.47,70862742.05,210001730.26,1613667896.73,1955094995.28,12572393635.19,26064034871.58,72663591821.98,98727626693.56,53328290659.74,8642898289.11,61971188948.85,36756437744.71,3854637916.78,-4154000324.44,131284569.14,-167619905.59,2013-03-31
2013-04-10,sh.600005,2.71,2.74,2.7,2.73,2.72,7658146.0,20806540.0,3,0.07587,1,0.3676,-121.05338,0.770969,0.301192,25.384745,0,2012-12-31,41107241.42,91579393163.28,92066136476.1,86564802062.03,-377466296.76,111969983.47,70862742.05,210001730.26,1613667896.73,1955094995.28,12572393635.19,26064034871.58,72663591821.98,98727626693.56,53328290659.74,8642898289.11,61971188948.85,36756437744.71,3854637916.78,-4154000324.44,131284569.14,-167619905.59,2013-03-31
2013-04-11,sh.600005,2.74,2.74,2.68,2.68,2.73,9279944.0,25119552.0,3,0.091937,1,-1.8315,-118.836285,0.756848,0.295676,24.919823,0,2012-12-31,41107241.42,91579393163.28,92066136476.1,86564802062.03,-377466296.76,111969983.47,70862742.05,210001730.26,1613667896.73,1955094995.28,12572393635.19,26064034871.58,72663591821.98,98727626693.56,53328290659.74,8642898289.11,61971188948.85,36756437744.71,3854637916.78,-4154000324.44,131284569.14,-167619905.59,2013-03-31
2013-04-12,sh.600005,2.69,2.7,2.64,2.66,2.68,9120074.0,24333056.0,3,0.090353,1,-0.746268,-117.949447,0.7512,0.293469,24.733855,0,2012-12-31,41107241.42,91579393163.28,92066136476.1,86564802062.03,-377466296.76,111969983.47,70862742.05,210001730.26,1613667896.73,1955094995.28,12572393635.19,26064034871.58,72663591821.98,98727626693.56,53328290659.74,8642898289.11,61971188948.85,36756437744.71,3854637916.78,-4154000324.44,131284569.14,-167619905.59,2013-03-31
2013-04-15,sh.600005,2.67,2.72,2.64,2.64,2.66,7931622.0,21148740.0,3,0.078579,1,-0.7519,-117.062609,0.745552,0.291263,24.547886,0,2012-12-31,41107241.42,91579393163.28,92066136476.1,86564802062.03,-377466296.76,111969983.47,70862742.05,210001730.26,1613667896.73,1955094995.28,12572393635.19,26064034871.58,72663591821.98,98727626693.56,53328290659.74,8642898289.11,61971188948.85,36756437744.71,3854637916.78,-4154000324.44,131284569.14,-167619905.59,2013-03-31
2013-04-16,sh.600005,2.65,2.66,2.57,2.63,2.64,13215040.0,34475092.0,3,0.130923,1,-0.378787,-116.61919,0.742728,0.290159,24.454901,0,2012-12-31,41107241.42,91579393163.28,92066136476.1,86564802062.03,-377466296.76,111969983.47,70862742.05,210001730.26,1613667896.73,1955094995.28,12572393635.19,26064034871.58,72663591821.98,98727626693.56,53328290659.74,8642898289.11,61971188948.85,36756437744.71,3854637916.78,-4154000324.44,131284569.14,-167619905.59,2013-03-31
2013-04-17,sh.600005,2.63,2.63,2.59,2.62,2.63,7312971.0,19055824.0,3,0.07245,1,-0.3802,-116.175771,0.739904,0.289056,24.361917,0,2012-12-31,41107241.42,91579393163.28,92066136476.1,86564802062.03,-377466296.76,111969983.47,70862742.05,210001730.26,1613667896.73,1955094995.28,12572393635.19,26064034871.58,72663591821.98,98727626693.56,53328290659.74,8642898289.11,61971188948.85,36756437744.71,3854637916.78,-4154000324.44,131284569.14,-167619905.59,2013-03-31
2013-04-18,sh.600005,2.61,2.63,2.59,2.59,2.62,6744363.0,17551092.0,3,0.066817,1,-1.145,-114.845514,0.731432,0.285746,24.082964,0,2012-12-31,41107241.42,91579393163.28,92066136476.1,86564802062.03,-377466296.76,111969983.47,70862742.05,210001730.26,1613667896.73,1955094995.28,12572393635.19,26064034871.58,72663591821.98,98727626693.56,53328290659.74,8642898289.11,61971188948.85,36756437744.71,3854637916.78,-4154000324.44,131284569.14,-167619905.59,2013-03-31
2013-04-19,sh.600005,2.6,2.65,2.59,2.64,2.59,13815823.0,36257952.0,3,0.136875,1,1.930509,-117.062609,0.745552,0.291263,24.547886,0,2012-12-31,41107241.42,91579393163.28,92066136476.1,86564802062.03,-377466296.76,111969983.47,70862742.05,210001730.26,1613667896.73,1955094995.28,12572393635.19,26064034871.58,72663591821.98,98727626693.56,53328290659.74,8642898289.11,61971188948.85,36756437744.71,3854637916.78,-4154000324.44,131284569.14,-167619905.59,2013-03-31
2013-04-22,sh.600005,2.65,2.67,2.63,2.64,2.64,15018021.0,39762168.0,3,0.148785,1,0.0,-117.062609,0.745552,0.291263,24.547886,0,2012-12-31,41107241.42,91579393163.28,92066136476.1,86564802062.03,-377466296.76,111969983.47,70862742.05,210001730.26,1613667896.73,1955094995.28,12572393635.19,26064034871.58,72663591821.98,98727626693.56,53328290659.74,8642898289.11,61971188948.85,36756437744.71,3854637916.78,-4154000324.44,131284569.14,-167619905.59,2013-03-31
2013-04-23,sh.600005,2.64,2.64,2.56,2.57,2.64,12573230.0,32542360.0,3,0.124564,1,-2.6515,-113.958676,0.725784,0.28354,23.896995,0,2012-12-31,41107241.42,91579393163.28,92066136476.1,86564802062.03,-377466296.76,111969983.47,70862742.05,210001730.26,1613667896.73,1955094995.28,12572393635.19,26064034871.58,72663591821.98,98727626693.56,53328290659.74,8642898289.11,61971188948.85,36756437744.71,3854637916.78,-4154000324.44,131284569.14,-167619905.59,2013-03-31
2013-04-24,sh.600005,2.58,2.61,2.56,2.59,2.57,11978828.0,30967820.0,3,0.118675,1,0.7782,-114.845514,0.731432,0.285746,24.082964,0,2012-12-31,41107241.42,91579393163.28,92066136476.1,86564802062.03,-377466296.76,111969983.47,70862742.05,210001730.26,1613667896.73,1955094995.28,12572393635.19,26064034871.58,72663591821.98,98727626693.56,53328290659.74,8642898289.11,61971188948.85,36756437744.71,3854637916.78,-4154000324.44,131284569.14,-167619905.59,2013-03-31
2013-04-25,sh.600005,2.59,2.61,2.55,2.59,2.59,10783281.0,27870920.0,3,0.106831,1,0.0,-114.845514,0.731432,0.285746,24.082964,0,2012-12-31,41107241.42,91579393163.28,92066136476.1,86564802062.03,-377466296.76,111969983.47,70862742.05,210001730.26,1613667896.73,1955094995.28,12572393635.19,26064034871.58,72663591821.98,98727626693.56,53328290659.74,8642898289.11,61971188948.85,36756437744.71,3854637916.78,-4154000324.44,131284569.14,-167619905.59,2013-03-31
2013-04-26,sh.600005,2.6,2.61,2.55,2.58,2.59,11046234.0,28376680.0,3,0.109436,1,-0.3861,-114.402095,0.728608,0.284643,23.989979,0,2012-12-31,41107241.42,91579393163.28,92066136476.1,86564802062.03,-377466296.76,111969983.47,70862742.05,210001730.26,1613667896.73,1955094995.28,12572393635.19,26064034871.58,72663591821.98,98727626693.56,53328290659.74,8642898289.11,61971188948.85,36756437744.71,3854637916.78,-4154000324.44,131284569.14,-167619905.59,2013-03-31
2013-05-02,sh.600005,2.56,2.57,2.51,2.53,2.58,12310835.0,31311130.0,3,0.121965,1,-1.938,63.06412,0.712174,0.275496,-23.980431,0,2012-12-31,41107241.42,91579393163.28,92066136476.1,86564802062.03,-377466296.76,111969983.47,70862742.05,210001730.26,1613667896.73,1955094995.28,12572393635.19,26064034871.58,72663591821.98,98727626693.56,53328290659.74,8642898289.11,61971188948.85,36756437744.71,3854637916.78,-4154000324.44,131284569.14,-167619905.59,2013-03-31
2013-05-03,sh.600005,2.53,2.59,2.53,2.58,2.53,16830266.0,43237876.0,3,0.166739,1,1.976283,64.310447,0.726248,0.28094,-24.454353,0,2012-12-31,41107241.42,91579393163.28,92066136476.1,86564802062.03,-377466296.76,111969983.47,70862742.05,210001730.26,1613667896.73,1955094995.28,12572393635.19,26064034871.58,72663591821.98,98727626693.56,53328290659.74,8642898289.11,61971188948.85,36756437744.71,3854637916.78,-4154000324.44,131284569.14,-167619905.59,2013-03-31
2013-05-06,sh.600005,2.59,2.6,2.57,2.58,2.58,10183575.0,26393338.0,3,0.10089,1,0.0,64.310447,0.726248,0.28094,-24.454353,0,2012-12-31,41107241.42,91579393163.28,92066136476.1,86564802062.03,-377466296.76,111969983.47,70862742.05,210001730.26,1613667896.73,1955094995.28,12572393635.19,26064034871.58,72663591821.98,98727626693.56,53328290659.74,8642898289.11,61971188948.85,36756437744.71,3854637916.78,-4154000324.44,131284569.14,-167619905.59,2013-03-31
2013-05-07,sh.600005,2.57,2.59,2.56,2.57,2.58,11368926.0,29202838.0,3,0.112633,1,-0.3876,64.061181,0.723433,0.279851,-24.359569,0,2012-12-31,41107241.42,91579393163.28,92066136476.1,86564802062.03,-377466296.76,111969983.47,70862742.05,210001730.26,1613667896.73,1955094995.28,12572393635.19,26064034871.58,72663591821.98,98727626693.56,53328290659.74,8642898289.11,61971188948.85,36756437744.71,3854637916.78,-4154000324.44,131284569.14,-167619905.59,2013-03-31
2013-05-08,sh.600005,2.58,2.59,2.57,2.58,2.57,9634567.0,24858662.0,3,0.095451,1,0.3891,64.310447,0.726248,0.28094,-24.454353,0,2012-12-31,41107241.42,91579393163.28,92066136476.1,86564802062.03,-377466296.76,111969983.47,70862742.05,210001730.26,1613667896.73,1955094995.28,12572393635.19,26064034871.58,72663591821.98,98727626693.56,53328290659.74,8642898289.11,61971188948.85,36756437744.71,3854637916.78,-4154000324.44,131284569.14,-167619905.59,2013-03-31
2013-05-09,sh.600005,2.58,2.58,2.55,2.56,2.58,12452588.0,31970278.0,3,0.123369,1,-0.7752,63.811916,0.720619,0.278762,-24.264784,0,2012-12-31,41107241.42,91579393163.28,92066136476.1,86564802062.03,-377466296.76,111969983.47,70862742.05,210001730.26,1613667896.73,1955094995.28,12572393635.19,26064034871.58,72663591821.98,98727626693.56,53328290659.74,8642898289.11,61971188948.85,36756437744.71,3854637916.78,-4154000324.44,131284569.14,-167619905.59,2013-03-31
2013-05-10,sh.600005,2.56,2.58,2.54,2.57,2.56,9198053.0,23500390.0,3,0.091126,1,0.3906,64.061181,0.723433,0.279851,-24.359569,0,2012-12-31,41107241.42,91579393163.28,92066136476.1,86564802062.03,-377466296.76,111969983.47,70862742.05,210001730.26,1613667896.73,1955094995.28,12572393635.19,26064034871.58,72663591821.98,98727626693.56,53328290659.74,8642898289.11,61971188948.85,36756437744.71,3854637916.78,-4154000324.44,131284569.14,-167619905.59,2013-03-31
2013-05-13,sh.600005,2.57,2.58,2.55,2.55,2.57,7887251.0,20205768.0,3,0.07814,1,-0.7782,63.562651,0.717804,0.277674,-24.17,0,2012-12-31,41107241.42,91579393163.28,92066136476.1,86564802062.03,-377466296.76,111969983.47,70862742.05,210001730.26,1613667896.73,1955094995.28,12572393635.19,26064034871.58,72663591821.98,98727626693.56,53328290659.74,8642898289.11,61971188948.85,36756437744.71,3854637916.78,-4154000324.44,131284569.14,-167619905.59,2013-03-31
2013-05-14,sh.600005,2.55,2.56,2.52,2.53,2.55,9420755.0,23906352.0,3,0.093332,1,-0.7843,63.06412,0.712174,0.275496,-23.980431,0,2012-12-31,41107241.42,91579393163.28,92066136476.1,86564802062.03,-377466296.76,111969983.47,70862742.05,210001730.26,1613667896.73,1955094995.28,12572393635.19,26064034871.58,72663591821.98,98727626693.56,53328290659.74,8642898289.11,61971188948.85,36756437744.71,3854637916.78,-4154000324.44,131284569.14,-167619905.59,2013-03-31
2013-05-15,sh.600005,2.53,2.55,2.5,2.52,2.53,12061780.0,30408820.0,3,0.119497,1,-0.3953,62.814855,0.709359,0.274407,-23.885647,0,2012-12-31,41107241.42,91579393163.28,92066136476.1,86564802062.03,-377466296.76,111969983.47,70862742.05,210001730.26,1613667896.73,1955094995.28,12572393635.19,26064034871.58,72663591821.98,98727626693.56,53328290659.74,8642898289.11,61971188948.85,36756437744.71,3854637916.78,-4154000324.44,131284569.14,-167619905.59,2013-03-31
2013-05-16,sh.600005,2.51,2.54,2.49,2.53,2.52,10130461.0,25538548.0,3,0.100363,1,0.3968,63.06412,0.712174,0.275496,-23.980431,0,2012-12-31,41107241.42,91579393163.28,92066136476.1,86564802062.03,-377466296.76,111969983.47,70862742.05,210001730.26,1613667896.73,1955094995.28,12572393635.19,26064034871.58,72663591821.98,98727626693.56,53328290659.74,8642898289.11,61971188948.85,36756437744.71,3854637916.78,-4154000324.44,131284569.14,-167619905.59,2013-03-31
2013-05-17,sh.600005,2.53,2.6,2.53,2.58,2.53,19245227.0,49278080.0,3,0.190664,1,1.9763,64.310447,0.726248,0.28094,-24.454353,0,2012-12-31,41107241.42,91579393163.28,92066136476.1,86564802062.03,-377466296.76,111969983.47,70862742.05,210001730.26,1613667896.73,1955094995.28,12572393635.19,26064034871.58,72663591821.98,98727626693.56,53328290659.74,8642898289.11,61971188948.85,36756437744.71,3854637916.78,-4154000324.44,131284569.14,-167619905.59,2013-03-31
2013-05-20,sh.600005,2.58,2.6,2.57,2.59,2.58,11994100.0,31036784.0,3,0.118827,1,0.3876,64.559712,0.729063,0.282029,-24.549137,0,2012-12-31,41107241.42,91579393163.28,92066136476.1,86564802062.03,-377466296.76,111969983.47,70862742.05,210001730.26,1613667896.73,1955094995.28,12572393635.19,26064034871.58,72663591821.98,98727626693.56,53328290659.74,8642898289.11,61971188948.85,36756437744.71,3854637916.78,-4154000324.44,131284569.14,-167619905.59,2013-03-31
2013-05-21,sh.600005,2.58,2.59,2.57,2.59,2.59,9362561.0,24174316.0,3,0.092756,1,0.0,64.559712,0.729063,0.282029,-24.549137,0,2012-12-31,41107241.42,91579393163.28,92066136476.1,86564802062.03,-377466296.76,111969983.47,70862742.05,210001730.26,1613667896.73,1955094995.28,12572393635.19,26064034871.58,72663591821.98,98727626693.56,53328290659.74,8642898289.11,61971188948.85,36756437744.71,3854637916.78,-4154000324.44,131284569.14,-167619905.59,2013-03-31
2013-05-22,sh.600005,2.59,2.63,2.58,2.62,2.59,19138157.0,49944752.0,3,0.189603,1,1.1583,65.307508,0.737508,0.285296,-24.83349,0,2012-12-31,41107241.42,91579393163.28,92066136476.1,86564802062.03,-377466296.76,111969983.47,70862742.05,210001730.26,1613667896.73,1955094995.28,12572393635.19,26064034871.58,72663591821.98,98727626693.56,53328290659.74,8642898289.11,61971188948.85,36756437744.71,3854637916.78,-4154000324.44,131284569.14,-167619905.59,2013-03-31
2013-05-23,sh.600005,2.62,2.68,2.6,2.65,2.62,35459710.0,94220424.0,3,0.351303,1,1.145,66.055304,0.745953,0.288563,-25.117843,0,2012-12-31,41107241.42,91579393163.28,92066136476.1,86564802062.03,-377466296.76,111969983.47,70862742.05,210001730.26,1613667896.73,1955094995.28,12572393635.19,26064034871.58,72663591821.98,98727626693.56,53328290659.74,8642898289.11,61971188948.85,36756437744.71,3854637916.78,-4154000324.44,131284569.14,-167619905.59,2013-03-31
2013-05-24,sh.600005,2.65,2.67,2.62,2.66,2.65,14330283.0,37969820.0,3,0.141971,1,0.3774,66.304569,0.748768,0.289652,-25.212628,0,2012-12-31,41107241.42,91579393163.28,92066136476.1,86564802062.03,-377466296.76,111969983.47,70862742.05,210001730.26,1613667896.73,1955094995.28,12572393635.19,26064034871.58,72663591821.98,98727626693.56,53328290659.74,8642898289.11,61971188948.85,36756437744.71,3854637916.78,-4154000324.44,131284569.14,-167619905.59,2013-03-31
2013-05-27,sh.600005,2.65,2.67,2.63,2.65,2.66,13596261.0,36067304.0,3,0.134699,1,-0.3759,66.055304,0.745953,0.288563,-25.117843,0,2012-12-31,41107241.42,91579393163.28,92066136476.1,86564802062.03,-377466296.76,111969983.47,70862742.05,210001730.26,1613667896.73,1955094995.28,12572393635.19,26064034871.58,72663591821.98,98727626693.56,53328290659.74,8642898289.11,61971188948.85,36756437744.71,3854637916.78,-4154000324.44,131284569.14,-167619905.59,2013-03-31
2013-05-28,sh.600005,2.64,2.67,2.64,2.67,2.65,14080860.0,37347832.0,3,0.1395,1,0.7547,66.553834,0.751583,0.290741,-25.307412,0,2012-12-31,41107241.42,91579393163.28,92066136476.1,86564802062.03,-377466296.76,111969983.47,70862742.05,210001730.26,1613667896.73,1955094995.28,12572393635.19,26064034871.58,72663591821.98,98727626693.56,53328290659.74,8642898289.11,61971188948.85,36756437744.71,3854637916.78,-4154000324.44,131284569.14,-167619905.59,2013-03-31
2013-05-29,sh.600005,2.67,2.69,2.66,2.68,2.67,12850896.0,34412204.0,3,0.127315,1,0.3745,66.8031,0.754398,0.291829,-25.402196,0,2012-12-31,41107241.42,91579393163.28,92066136476.1,86564802062.03,-377466296.76,111969983.47,70862742.05,210001730.26,1613667896.73,1955094995.28,12572393635.19,26064034871.58,72663591821.98,98727626693.56,53328290659.74,8642898289.11,61971188948.85,36756437744.71,3854637916.78,-4154000324.44,131284569.14,-167619905.59,2013-03-31
2013-05-30,sh.600005,2.67,2.68,2.64,2.66,2.68,9080880.0,24108004.0,3,0.089965,1,-0.7463,66.304569,0.748768,0.289652,-25.212628,0,2012-12-31,41107241.42,91579393163.28,92066136476.1,86564802062.03,-377466296.76,111969983.47,70862742.05,210001730.26,1613667896.73,1955094995.28,12572393635.19,26064034871.58,72663591821.98,98727626693.56,53328290659.74,8642898289.11,61971188948.85,36756437744.71,3854637916.78,-4154000324.44,131284569.14,-167619905.59,2013-03-31
2013-05-31,sh.600005,2.66,2.69,2.64,2.65,2.66,10259869.0,27319496.0,3,0.101645,1,-0.375939,66.055304,0.745953,0.288563,-25.117843,0,2012-12-31,41107241.42,91579393163.28,92066136476.1,86564802062.03,-377466296.76,111969983.47,70862742.05,210001730.26,1613667896.73,1955094995.28,12572393635.19,26064034871.58,72663591821.98,98727626693.56,53328290659.74,8642898289.11,61971188948.85,36756437744.71,3854637916.78,-4154000324.44,131284569.14,-167619905.59,2013-03-31
2013-06-03,sh.600005,2.65,2.66,2.64,2.65,2.65,8899684.0,23553604.0,3,0.08817,1,0.0,66.055304,0.745953,0.288563,-25.117843,0,2012-12-31,41107241.42,91579393163.28,92066136476.1,86564802062.03,-377466296.76,111969983.47,70862742.05,210001730.26,1613667896.73,1955094995.28,12572393635.19,26064034871.58,72663591821.98,98727626693.56,53328290659.74,8642898289.11,61971188948.85,36756437744.71,3854637916.78,-4154000324.44,131284569.14,-167619905.59,2013-03-31
2013-06-04,sh.600005,2.64,2.65,2.58,2.59,2.65,9935055.0,25919044.0,3,0.098427,1,-2.2642,64.559712,0.729063,0.282029,-24.549137,0,2012-12-31,41107241.42,91579393163.28,92066136476.1,86564802062.03,-377466296.76,111969983.47,70862742.05,210001730.26,1613667896.73,1955094995.28,12572393635.19,26064034871.58,72663591821.98,98727626693.56,53328290659.74,8642898289.11,61971188948.85,36756437744.71,3854637916.78,-4154000324.44,131284569.14,-167619905.59,2013-03-31
2013-06-05,sh.600005,2.59,2.6,2.58,2.58,2.59,5764229.0,14922988.0,3,0.057107,1,-0.3861,64.310447,0.726248,0.28094,-24.454353,0,2012-12-31,41107241.42,91579393163.28,92066136476.1,86564802062.03,-377466296.76,111969983.47,70862742.05,210001730.26,1613667896.73,1955094995.28,12572393635.19,26064034871.58,72663591821.98,98727626693.56,53328290659.74,8642898289.11,61971188948.85,36756437744.71,3854637916.78,-4154000324.44,131284569.14,-167619905.59,2013-03-31
2013-06-06,sh.600005,2.58,2.58,2.56,2.56,2.58,6901675.0,17748196.0,3,0.068376,1,-0.7752,63.811916,0.720619,0.278762,-24.264784,0,2012-12-31,41107241.42,91579393163.28,92066136476.1,86564802062.03,-377466296.76,111969983.47,70862742.05,210001730.26,1613667896.73,1955094995.28,12572393635.19,26064034871.58,72663591821.98,98727626693.56,53328290659.74,8642898289.11,61971188948.85,36756437744.71,3854637916.78,-4154000324.44,131284569.14,-167619905.59,2013-03-31
2013-06-07,sh.600005,2.56,2.6,2.52,2.54,2.56,13450251.0,34457128.0,3,0.133253,1,-0.7813,63.313386,0.714989,0.276585,-24.075216,0,2012-12-31,41107241.42,91579393163.28,92066136476.1,86564802062.03,-377466296.76,111969983.47,70862742.05,210001730.26,1613667896.73,1955094995.28,12572393635.19,26064034871.58,72663591821.98,98727626693.56,53328290659.74,8642898289.11,61971188948.85,36756437744.71,3854637916.78,-4154000324.44,131284569.14,-167619905.59,2013-03-31
2013-06-13,sh.600005,2.53,2.53,2.43,2.45,2.54,17262590.0,42417468.0,3,0.171022,1,-3.5433,61.069998,0.689654,0.266784,-23.222157,0,2012-12-31,41107241.42,91579393163.28,92066136476.1,86564802062.03,-377466296.76,111969983.47,70862742.05,210001730.26,1613667896.73,1955094995.28,12572393635.19,26064034871.58,72663591821.98,98727626693.56,53328290659.74,8642898289.11,61971188948.85,36756437744.71,3854637916.78,-4154000324.44,131284569.14,-167619905.59,2013-03-31
2013-06-14,sh.600005,2.45,2.47,2.43,2.44,2.45,11746347.0,28708024.0,3,0.116372,1,-0.4082,60.820733,0.68684,0.265695,-23.127373,0,2012-12-31,41107241.42,91579393163.28,92066136476.1,86564802062.03,-377466296.76,111969983.47,70862742.05,210001730.26,1613667896.73,1955094995.28,12572393635.19,26064034871.58,72663591821.98,98727626693.56,53328290659.74,8642898289.11,61971188948.85,36756437744.71,3854637916.78,-4154000324.44,131284569.14,-167619905.59,2013-03-31
2013-06-17,sh.600005,2.44,2.44,2.39,2.4,2.44,16115662.0,38835140.0,3,0.159659,1,-1.6393,59.823671,0.67558,0.26134,-22.748235,0,2012-12-31,41107241.42,91579393163.28,92066136476.1,86564802062.03,-377466296.76,111969983.47,70862742.05,210001730.26,1613667896.73,1955094995.28,12572393635.19,26064034871.58,72663591821.98,98727626693.56,53328290659.74,8642898289.11,61971188948.85,36756437744.71,3854637916.78,-4154000324.44,131284569.14,-167619905.59,2013-03-31
2013-06-18,sh.600005,2.41,2.42,2.37,2.4,2.4,13295713.0,31723292.0,3,0.131722,1,0.0,59.823671,0.67558,0.26134,-22.748235,0,2012-12-31,41107241.42,91579393163.28,92066136476.1,86564802062.03,-377466296.76,111969983.47,70862742.05,210001730.26,1613667896.73,1955094995.28,12572393635.19,26064034871.58,72663591821.98,98727626693.56,53328290659.74,8642898289.11,61971188948.85,36756437744.71,3854637916.78,-4154000324.44,131284569.14,-167619905.59,2013-03-31
2013-06-19,sh.600005,2.4,2.46,2.37,2.44,2.4,20010198.0,48329388.0,3,0.198243,1,1.6667,60.820733,0.68684,0.265695,-23.127373,0,2012-12-31,41107241.42,91579393163.28,92066136476.1,86564802062.03,-377466296.76,111969983.47,70862742.05,210001730.26,1613667896.73,1955094995.28,12572393635.19,26064034871.58,72663591821.98,98727626693.56,53328290659.74,8642898289.11,61971188948.85,36756437744.71,3854637916.78,-4154000324.44,131284569.14,-167619905.59,2013-03-31
2013-06-20,sh.600005,2.43,2.44,2.38,2.39,2.44,11426798.0,27465838.0,3,0.113206,1,-2.0492,59.574406,0.672765,0.260251,-22.653451,0,2012-12-31,41107241.42,91579393163.28,92066136476.1,86564802062.03,-377466296.76,111969983.47,70862742.05,210001730.26,1613667896.73,1955094995.28,12572393635.19,26064034871.58,72663591821.98,98727626693.56,53328290659.74,8642898289.11,61971188948.85,36756437744.71,3854637916.78,-4154000324.44,131284569.14,-167619905.59,2013-03-31
2013-06-21,sh.600005,2.37,2.41,2.35,2.4,2.38,11978013.0,28616208.0,3,0.118667,1,0.8403,59.823671,0.67558,0.26134,-22.748235,0,2012-12-31,41107241.42,91579393163.28,92066136476.1,86564802062.03,-377466296.76,111969983.47,70862742.05,210001730.26,1613667896.73,1955094995.28,12572393635.19,26064034871.58,72663591821.98,98727626693.56,53328290659.74,8642898289.11,61971188948.85,36756437744.71,3854637916.78,-4154000324.44,131284569.14,-167619905.59,2013-03-31
2013-06-24,sh.600005,2.4,2.48,2.35,2.38,2.4,33750812.0,81646296.0,3,0.334372,1,-0.8333,59.325141,0.66995,0.259162,-22.558667,0,2012-12-31,41107241.42,91579393163.28,92066136476.1,86564802062.03,-377466296.76,111969983.47,70862742.05,210001730.26,1613667896.73,1955094995.28,12572393635.19,26064034871.58,72663591821.98,98727626693.56,53328290659.74,8642898289.11,61971188948.85,36756437744.71,3854637916.78,-4154000324.44,131284569.14,-167619905.59,2013-03-31
2013-06-25,sh.600005,2.35,2.36,2.15,2.31,2.38,30268408.0,68655720.0,3,0.299872,1,-2.9412,57.580284,0.650246,0.25154,-21.895177,0,2012-12-31,41107241.42,91579393163.28,92066136476.1,86564802062.03,-377466296.76,111969983.47,70862742.05,210001730.26,1613667896.73,1955094995.28,12572393635.19,26064034871.58,72663591821.98,98727626693.56,53328290659.74,8642898289.11,61971188948.85,36756437744.71,3854637916.78,-4154000324.44,131284569.14,-167619905.59,2013-03-31
2013-06-26,sh.600005,2.31,2.31,2.22,2.25,2.31,20001557.0,45062772.0,3,0.198157,1,-2.5974,56.084692,0.633356,0.245006,-21.326471,0,2012-12-31,41107241.42,91579393163.28,92066136476.1,86564802062.03,-377466296.76,111969983.47,70862742.05,210001730.26,1613667896.73,1955094995.28,12572393635.19,26064034871.58,72663591821.98,98727626693.56,53328290659.74,8642898289.11,61971188948.85,36756437744.71,3854637916.78,-4154000324.44,131284569.14,-167619905.59,2013-03-31
2013-06-27,sh.600005,2.24,2.28,2.22,2.22,2.25,25236635.0,56883112.0,3,0.250022,1,-1.3333,55.336896,0.624911,0.241739,-21.042118,0,2012-12-31,41107241.42,91579393163.28,92066136476.1,86564802062.03,-377466296.76,111969983.47,70862742.05,210001730.26,1613667896.73,1955094995.28,12572393635.19,26064034871.58,72663591821.98,98727626693.56,53328290659.74,8642898289.11,61971188948.85,36756437744.71,3854637916.78,-4154000324.44,131284569.14,-167619905.59,2013-03-31
2013-06-28,sh.600005,2.23,2.26,2.22,2.24,2.22,16264199.0,36419392.0,3,0.161131,1,0.9009,55.835427,0.630541,0.243917,-21.231686,0,2012-12-31,41107241.42,91579393163.28,92066136476.1,86564802062.03,-377466296.76,111969983.47,70862742.05,210001730.26,1613667896.73,1955094995.28,12572393635.19,26064034871.58,72663591821.98,98727626693.56,53328290659.74,8642898289.11,61971188948.85,36756437744.71,3854637916.78,-4154000324.44,131284569.14,-167619905.59,2013-03-31
2013-07-01,sh.600005,2.23,2.24,2.2,2.23,2.24,11783108.0,26137048.0,3,0.116736,1,-0.4464,55.586161,0.627726,0.242828,-21.136902,0,2013-03-31,247360369.25,23386747486.79,23103916239.91,21685747379.17,356179099.62,389293663.35,141933294.1,237997975.3,1374654403.88,2322091836.8,11890564366.03,24253953155.59,72209217488.92,96463170644.51,50895449666.35,8555561787.06,59451011453.41,37012159191.1,778503844.44,-84828135.25,-932690929.99,-239013492.85,2013-06-30
2013-07-02,sh.600005,2.23,2.25,2.19,2.22,2.23,24015337.0,53199568.0,3,0.237922,1,-0.4484,55.336896,0.624911,0.241739,-21.042118,0,2013-03-31,247360369.25,23386747486.79,23103916239.91,21685747379.17,356179099.62,389293663.35,141933294.1,237997975.3,1374654403.88,2322091836.8,11890564366.03,24253953155.59,72209217488.92,96463170644.51,50895449666.35,8555561787.06,59451011453.41,37012159191.1,778503844.44,-84828135.25,-932690929.99,-239013492.85,2013-06-30
2013-07-03,sh.600005,2.25,2.4,2.24,2.28,2.22,35163467.0,80357240.0,3,0.348368,1,2.7027,56.832488,0.641801,0.248273,-21.610824,0,2013-03-31,247360369.25,23386747486.79,23103916239.91,21685747379.17,356179099.62,389293663.35,141933294.1,237997975.3,1374654403.88,2322091836.8,11890564366.03,24253953155.59,72209217488.92,96463170644.51,50895449666.35,8555561787.06,59451011453.41,37012159191.1,778503844.44,-84828135.25,-932690929.99,-239013492.85,2013-06-30
2013-07-04,sh.600005,2.26,2.34,2.24,2.29,2.28,27106727.0,61846788.0,3,0.268549,1,0.4386,57.081753,0.644616,0.249362,-21.705608,0,2013-03-31,247360369.25,23386747486.79,23103916239.91,21685747379.17,356179099.62,389293663.35,141933294.1,237997975.3,1374654403.88,2322091836.8,11890564366.03,24253953155.59,72209217488.92,96463170644.51,50895449666.35,8555561787.06,59451011453.41,37012159191.1,778503844.44,-84828135.25,-932690929.99,-239013492.85,2013-06-30
2013-07-05,sh.600005,2.29,2.32,2.25,2.28,2.29,23170966.0,52784336.0,3,0.229557,1,-0.4367,56.832488,0.641801,0.248273,-21.610824,0,2013-03-31,247360369.25,23386747486.79,23103916239.91,21685747379.17,356179099.62,389293663.35,141933294.1,237997975.3,1374654403.88,2322091836.8,11890564366.03,24253953155.59,72209217488.92,96463170644.51,50895449666.35,8555561787.06,59451011453.41,37012159191.1,778503844.44,-84828135.25,-932690929.99,-239013492.85,2013-06-30
2013-07-08,sh.600005,2.25,2.25,2.19,2.19,2.28,15816774.0,34990684.0,3,0.156698,1,-3.9474,54.5891,0.616467,0.238473,-20.757765,0,2013-03-31,247360369.25,23386747486.79,23103916239.91,21685747379.17,356179099.62,389293663.35,141933294.1,237997975.3,1374654403.88,2322091836.8,11890564366.03,24253953155.59,72209217488.92,96463170644.51,50895449666.35,8555561787.06,59451011453.41,37012159191.1,778503844.44,-84828135.25,-932690929.99,-239013492.85,2013-06-30
2013-07-09,sh.600005,2.19,2.22,2.17,2.2,2.19,8631044.0,18965696.0,3,0.085509,1,0.4566,54.838365,0.619282,0.239561,-20.852549,0,2013-03-31,247360369.25,23386747486.79,23103916239.91,21685747379.17,356179099.62,389293663.35,141933294.1,237997975.3,1374654403.88,2322091836.8,11890564366.03,24253953155.59,72209217488.92,96463170644.51,50895449666.35,8555561787.06,59451011453.41,37012159191.1,778503844.44,-84828135.25,-932690929.99,-239013492.85,2013-06-30
2013-07-10,sh.600005,2.2,2.26,2.19,2.26,2.2,13500307.0,30141834.0,3,0.133749,1,2.7273,56.333957,0.636171,0.246095,-21.421255,0,2013-03-31,247360369.25,23386747486.79,23103916239.91,21685747379.17,356179099.62,389293663.35,141933294.1,237997975.3,1374654403.88,2322091836.8,11890564366.03,24253953155.59,72209217488.92,96463170644.51,50895449666.35,8555561787.06,59451011453.41,37012159191.1,778503844.44,-84828135.25,-932690929.99,-239013492.85,2013-06-30
2013-07-11,sh.600005,2.26,2.36,2.26,2.35,2.26,31149161.0,72250080.0,3,0.308598,1,3.9823,58.577345,0.661505,0.255895,-22.274314,0,2013-03-31,247360369.25,23386747486.79,23103916239.91,21685747379.17,356179099.62,389293663.35,141933294.1,237997975.3,1374654403.88,2322091836.8,11890564366.03,24253953155.59,72209217488.92,96463170644.51,50895449666.35,8555561787.06,59451011453.41,37012159191.1,778503844.44,-84828135.25,-932690929.99,-239013492.85,2013-06-30
2013-07-12,sh.600005,2.35,2.35,2.3,2.31,2.35,18313636.0,42578272.0,3,0.181435,1,-1.7021,57.580284,0.650246,0.25154,-21.895177,0,2013-03-31,247360369.25,23386747486.79,23103916239.91,21685747379.17,356179099.62,389293663.35,141933294.1,237997975.3,1374654403.88,2322091836.8,11890564366.03,24253953155.59,72209217488.92,96463170644.51,50895449666.35,8555561787.06,59451011453.41,37012159191.1,778503844.44,-84828135.25,-932690929.99,-239013492.85,2013-06-30
2013-07-15,sh.600005,2.31,2.35,2.3,2.31,2.31,19489260.0,45155616.0,3,0.193082,1,0.0,57.580284,0.650246,0.25154,-21.895177,0,2013-03-31,247360369.25,23386747486.79,23103916239.91,21685747379.17,356179099.62,389293663.35,141933294.1,237997975.3,1374654403.88,2322091836.8,11890564366.03,24253953155.59,72209217488.92,96463170644.51,50895449666.35,8555561787.06,59451011453.41,37012159191.1,778503844.44,-84828135.25,-932690929.99,-239013492.85,2013-06-30
2013-07-16,sh.600005,2.3,2.33,2.29,2.33,2.31,13074917.0,30214380.0,3,0.129534,1,0.8658,58.078814,0.655875,0.253717,-22.084745,0,2013-03-31,247360369.25,23386747486.79,23103916239.91,21685747379.17,356179099.62,389293663.35,141933294.1,237997975.3,1374654403.88,2322091836.8,11890564366.03,24253953155.59,72209217488.92,96463170644.51,50895449666.35,8555561787.06,59451011453.41,37012159191.1,778503844.44,-84828135.25,-932690929.99,-239013492.85,2013-06-30
2013-07-17,sh.600005,2.32,2.36,2.31,2.34,2.33,16351207.0,38255148.0,3,0.161993,1,0.4292,58.32808,0.65869,0.254806,-22.179529,0,2013-03-31,247360369.25,23386747486.79,23103916239.91,21685747379.17,356179099.62,389293663.35,141933294.1,237997975.3,1374654403.88,2322091836.8,11890564366.03,24253953155.59,72209217488.92,96463170644.51,50895449666.35,8555561787.06,59451011453.41,37012159191.1,778503844.44,-84828135.25,-932690929.99,-239013492.85,2013-06-30
2013-07-18,sh.600005,2.34,2.34,2.3,2.32,2.34,10968407.0,25437840.0,3,0.108665,1,-0.8547,57.829549,0.653061,0.252628,-21.989961,0,2013-03-31,247360369.25,23386747486.79,23103916239.91,21685747379.17,356179099.62,389293663.35,141933294.1,237997975.3,1374654403.88,2322091836.8,11890564366.03,24253953155.59,72209217488.92,96463170644.51,50895449666.35,8555561787.06,59451011453.41,37012159191.1,778503844.44,-84828135.25,-932690929.99,-239013492.85,2013-06-30
2013-07-19,sh.600005,2.32,2.34,2.28,2.29,2.32,12795987.0,29629888.0,3,0.126771,1,-1.2931,57.081753,0.644616,0.249362,-21.705608,0,2013-03-31,247360369.25,23386747486.79,23103916239.91,21685747379.17,356179099.62,389293663.35,141933294.1,237997975.3,1374654403.88,2322091836.8,11890564366.03,24253953155.59,72209217488.92,96463170644.51,50895449666.35,8555561787.06,59451011453.41,37012159191.1,778503844.44,-84828135.25,-932690929.99,-239013492.85,2013-06-30
2013-07-22,sh.600005,2.28,2.31,2.25,2.3,2.29,12303587.0,28128768.0,3,0.121893,1,0.4367,57.331018,0.647431,0.250451,-21.800392,0,2013-03-31,247360369.25,23386747486.79,23103916239.91,21685747379.17,356179099.62,389293663.35,141933294.1,237997975.3,1374654403.88,2322091836.8,11890564366.03,24253953155.59,72209217488.92,96463170644.51,50895449666.35,8555561787.06,59451011453.41,37012159191.1,778503844.44,-84828135.25,-932690929.99,-239013492.85,2013-06-30
2013-07-23,sh.600005,2.3,2.34,2.28,2.33,2.3,12204488.0,28290802.0,3,0.120911,1,1.3043,58.078814,0.655875,0.253717,-22.084745,0,2013-03-31,247360369.25,23386747486.79,23103916239.91,21685747379.17,356179099.62,389293663.35,141933294.1,237997975.3,1374654403.88,2322091836.8,11890564366.03,24253953155.59,72209217488.92,96463170644.51,50895449666.35,8555561787.06,59451011453.41,37012159191.1,778503844.44,-84828135.25,-932690929.99,-239013492.85,2013-06-30
2013-07-24,sh.600005,2.31,2.32,2.29,2.3,2.33,9649463.0,22221440.0,3,0.095598,1,-1.2876,57.331018,0.647431,0.250451,-21.800392,0,2013-03-31,247360369.25,23386747486.79,23103916239.91,21685747379.17,356179099.62,389293663.35,141933294.1,237997975.3,1374654403.88,2322091836.8,11890564366.03,24253953155.59,72209217488.92,96463170644.51,50895449666.35,8555561787.06,59451011453.41,37012159191.1,778503844.44,-84828135.25,-932690929.99,-239013492.85,2013-06-30
2013-07-25,sh.600005,2.3,2.34,2.29,2.31,2.3,18007430.0,41780432.0,3,0.178401,1,0.4348,57.580284,0.650246,0.25154,-21.895177,0,2013-03-31,247360369.25,23386747486.79,23103916239.91,21685747379.17,356179099.62,389293663.35,141933294.1,237997975.3,1374654403.88,2322091836.8,11890564366.03,24253953155.59,72209217488.92,96463170644.51,50895449666.35,8555561787.06,59451011453.41,37012159191.1,778503844.44,-84828135.25,-932690929.99,-239013492.85,2013-06-30
2013-07-26,sh.600005,2.3,2.31,2.27,2.28,2.31,8627596.0,19740590.0,3,0.085474,1,-1.2987,56.832488,0.641801,0.248273,-21.610824,0,2013-03-31,247360369.25,23386747486.79,23103916239.91,21685747379.17,356179099.62,389293663.35,141933294.1,237997975.3,1374654403.88,2322091836.8,11890564366.03,24253953155.59,72209217488.92,96463170644.51,50895449666.35,8555561787.06,59451011453.41,37012159191.1,778503844.44,-84828135.25,-932690929.99,-239013492.85,2013-06-30
2013-07-29,sh.600005,2.29,2.29,2.22,2.23,2.28,9593285.0,21504088.0,3,0.095042,1,-2.193,55.586161,0.627726,0.242828,-21.136902,0,2013-03-31,247360369.25,23386747486.79,23103916239.91,21685747379.17,356179099.62,389293663.35,141933294.1,237997975.3,1374654403.88,2322091836.8,11890564366.03,24253953155.59,72209217488.92,96463170644.51,50895449666.35,8555561787.06,59451011453.41,37012159191.1,778503844.44,-84828135.25,-932690929.99,-239013492.85,2013-06-30
2013-07-30,sh.600005,2.22,2.28,2.22,2.26,2.23,9571274.0,21594844.0,3,0.094823,1,1.3453,56.333957,0.636171,0.246095,-21.421255,0,2013-03-31,247360369.25,23386747486.79,23103916239.91,21685747379.17,356179099.62,389293663.35,141933294.1,237997975.3,1374654403.88,2322091836.8,11890564366.03,24253953155.59,72209217488.92,96463170644.51,50895449666.35,8555561787.06,59451011453.41,37012159191.1,778503844.44,-84828135.25,-932690929.99,-239013492.85,2013-06-30
2013-07-31,sh.600005,2.25,2.28,2.23,2.24,2.26,7213783.0,16254739.0,3,0.071468,1,-0.885,55.835427,0.630541,0.243917,-21.231686,0,2013-03-31,247360369.25,23386747486.79,23103916239.91,21685747379.17,356179099.62,389293663.35,141933294.1,237997975.3,1374654403.88,2322091836.8,11890564366.03,24253953155.59,72209217488.92,96463170644.51,50895449666.35,8555561787.06,59451011453.41,37012159191.1,778503844.44,-84828135.25,-932690929.99,-239013492.85,2013-06-30
2013-08-01,sh.600005,2.25,2.29,2.25,2.28,2.24,9794025.0,22254704.0,3,0.09703,1,1.7857,56.832488,0.641801,0.248273,-21.610824,0,2013-03-31,247360369.25,23386747486.79,23103916239.91,21685747379.17,356179099.62,389293663.35,141933294.1,237997975.3,1374654403.88,2322091836.8,11890564366.03,24253953155.59,72209217488.92,96463170644.51,50895449666.35,8555561787.06,59451011453.41,37012159191.1,778503844.44,-84828135.25,-932690929.99,-239013492.85,2013-06-30
2013-08-02,sh.600005,2.29,2.3,2.28,2.28,2.28,8604789.0,19689956.0,3,0.085248,1,0.0,56.832488,0.641801,0.248273,-21.610824,0,2013-03-31,247360369.25,23386747486.79,23103916239.91,21685747379.17,356179099.62,389293663.35,141933294.1,237997975.3,1374654403.88,2322091836.8,11890564366.03,24253953155.59,72209217488.92,96463170644.51,50895449666.35,8555561787.06,59451011453.41,37012159191.1,778503844.44,-84828135.25,-932690929.99,-239013492.85,2013-06-30
2013-08-05,sh.600005,2.29,2.31,2.27,2.31,2.28,10715845.0,24607736.0,3,0.106163,1,1.3158,57.580284,0.650246,0.25154,-21.895177,0,2013-03-31,247360369.25,23386747486.79,23103916239.91,21685747379.17,356179099.62,389293663.35,141933294.1,237997975.3,1374654403.88,2322091836.8,11890564366.03,24253953155.59,72209217488.92,96463170644.51,50895449666.35,8555561787.06,59451011453.41,37012159191.1,778503844.44,-84828135.25,-932690929.99,-239013492.85,2013-06-30
2013-08-06,sh.600005,2.31,2.32,2.28,2.31,2.31,9611263.0,22133960.0,3,0.09522,1,0.0,57.580284,0.650246,0.25154,-21.895177,0,2013-03-31,247360369.25,23386747486.79,23103916239.91,21685747379.17,356179099.62,389293663.35,141933294.1,237997975.3,1374654403.88,2322091836.8,11890564366.03,24253953155.59,72209217488.92,96463170644.51,50895449666.35,8555561787.06,59451011453.41,37012159191.1,778503844.44,-84828135.25,-932690929.99,-239013492.85,2013-06-30
2013-08-07,sh.600005,2.3,2.32,2.29,2.29,2.31,11082134.0,25544716.0,3,0.109792,1,-0.8658,57.081753,0.644616,0.249362,-21.705608,0,2013-03-31,247360369.25,23386747486.79,23103916239.91,21685747379.17,356179099.62,389293663.35,141933294.1,237997975.3,1374654403.88,2322091836.8,11890564366.03,24253953155.59,72209217488.92,96463170644.51,50895449666.35,8555561787.06,59451011453.41,37012159191.1,778503844.44,-84828135.25,-932690929.99,-239013492.85,2013-06-30
2013-08-08,sh.600005,2.3,2.31,2.29,2.3,2.29,8386622.0,19261180.0,3,0.083087,1,0.4367,57.331018,0.647431,0.250451,-21.800392,0,2013-03-31,247360369.25,23386747486.79,23103916239.91,21685747379.17,356179099.62,389293663.35,141933294.1,237997975.3,1374654403.88,2322091836.8,11890564366.03,24253953155.59,72209217488.92,96463170644.51,50895449666.35,8555561787.06,59451011453.41,37012159191.1,778503844.44,-84828135.25,-932690929.99,-239013492.85,2013-06-30
2013-08-09,sh.600005,2.3,2.31,2.28,2.29,2.3,11035114.0,25323524.0,3,0.109326,1,-0.4348,57.081753,0.644616,0.249362,-21.705608,0,2013-03-31,247360369.25,23386747486.79,23103916239.91,21685747379.17,356179099.62,389293663.35,141933294.1,237997975.3,1374654403.88,2322091836.8,11890564366.03,24253953155.59,72209217488.92,96463170644.51,50895449666.35,8555561787.06,59451011453.41,37012159191.1,778503844.44,-84828135.25,-932690929.99,-239013492.85,2013-06-30
2013-08-12,sh.600005,2.31,2.35,2.29,2.34,2.29,20538119.0,47704068.0,3,0.203473,1,2.1834,58.32808,0.65869,0.254806,-22.179529,0,2013-03-31,247360369.25,23386747486.79,23103916239.91,21685747379.17,356179099.62,389293663.35,141933294.1,237997975.3,1374654403.88,2322091836.8,11890564366.03,24253953155.59,72209217488.92,96463170644.51,50895449666.35,8555561787.06,59451011453.41,37012159191.1,778503844.44,-84828135.25,-932690929.99,-239013492.85,2013-06-30
2013-08-13,sh.600005,2.35,2.4,2.33,2.37,2.34,24323886.0,57618628.0,3,0.240979,1,1.2821,59.075876,0.667135,0.258073,-22.463882,0,2013-03-31,247360369.25,23386747486.79,23103916239.91,21685747379.17,356179099.62,389293663.35,141933294.1,237997975.3,1374654403.88,2322091836.8,11890564366.03,24253953155.59,72209217488.92,96463170644.51,50895449666.35,8555561787.06,59451011453.41,37012159191.1,778503844.44,-84828135.25,-932690929.99,-239013492.85,2013-06-30
2013-08-14,sh.600005,2.38,2.38,2.33,2.35,2.37,18510674.0,43675968.0,3,0.183387,1,-0.8439,58.577345,0.661505,0.255895,-22.274314,0,2013-03-31,247360369.25,23386747486.79,23103916239.91,21685747379.17,356179099.62,389293663.35,141933294.1,237997975.3,1374654403.88,2322091836.8,11890564366.03,24253953155.59,72209217488.92,96463170644.51,50895449666.35,8555561787.06,59451011453.41,37012159191.1,778503844.44,-84828135.25,-932690929.99,-239013492.85,2013-06-30
2013-08-15,sh.600005,2.35,2.37,2.31,2.32,2.35,15622234.0,36638640.0,3,0.154771,1,-1.2766,57.829549,0.653061,0.252628,-21.989961,0,2013-03-31,247360369.25,23386747486.79,23103916239.91,21685747379.17,356179099.62,389293663.35,141933294.1,237997975.3,1374654403.88,2322091836.8,11890564366.03,24253953155.59,72209217488.92,96463170644.51,50895449666.35,8555561787.06,59451011453.41,37012159191.1,778503844.44,-84828135.25,-932690929.99,-239013492.85,2013-06-30
2013-08-16,sh.600005,2.33,2.39,2.3,2.33,2.32,25962699.0,60721800.0,3,0.257215,1,0.431,58.078814,0.655875,0.253717,-22.084745,0,2013-03-31,247360369.25,23386747486.79,23103916239.91,21685747379.17,356179099.62,389293663.35,141933294.1,237997975.3,1374654403.88,2322091836.8,11890564366.03,24253953155.59,72209217488.92,96463170644.51,50895449666.35,8555561787.06,59451011453.41,37012159191.1,778503844.44,-84828135.25,-932690929.99,-239013492.85,2013-06-30
2013-08-19,sh.600005,2.32,2.35,2.3,2.33,2.33,13681450.0,31761112.0,3,0.135543,1,0.0,58.078814,0.655875,0.253717,-22.084745,0,2013-03-31,247360369.25,23386747486.79,23103916239.91,21685747379.17,356179099.62,389293663.35,141933294.1,237997975.3,1374654403.88,2322091836.8,11890564366.03,24253953155.59,72209217488.92,96463170644.51,50895449666.35,8555561787.06,59451011453.41,37012159191.1,778503844.44,-84828135.25,-932690929.99,-239013492.85,2013-06-30
2013-08-20,sh.600005,2.32,2.34,2.3,2.32,2.33,10692163.0,24809148.0,3,0.105928,1,-0.4292,57.829549,0.653061,0.252628,-21.989961,0,2013-03-31,247360369.25,23386747486.79,23103916239.91,21685747379.17,356179099.62,389293663.35,141933294.1,237997975.3,1374654403.88,2322091836.8,11890564366.03,24253953155.59,72209217488.92,96463170644.51,50895449666.35,8555561787.06,59451011453.41,37012159191.1,778503844.44,-84828135.25,-932690929.99,-239013492.85,2013-06-30
2013-08-21,sh.600005,2.32,2.33,2.3,2.31,2.32,7366426.0,17048156.0,3,0.07298,1,-0.431,57.580284,0.650246,0.25154,-21.895177,0,2013-03-31,247360369.25,23386747486.79,23103916239.91,21685747379.17,356179099.62,389293663.35,141933294.1,237997975.3,1374654403.88,2322091836.8,11890564366.03,24253953155.59,72209217488.92,96463170644.51,50895449666.35,8555561787.06,59451011453.41,37012159191.1,778503844.44,-84828135.25,-932690929.99,-239013492.85,2013-06-30
2013-08-22,sh.600005,2.31,2.32,2.28,2.29,2.31,11518598.0,26437724.0,3,0.114116,1,-0.8658,57.081753,0.644616,0.249362,-21.705608,0,2013-03-31,247360369.25,23386747486.79,23103916239.91,21685747379.17,356179099.62,389293663.35,141933294.1,237997975.3,1374654403.88,2322091836.8,11890564366.03,24253953155.59,72209217488.92,96463170644.51,50895449666.35,8555561787.06,59451011453.41,37012159191.1,778503844.44,-84828135.25,-932690929.99,-239013492.85,2013-06-30
2013-08-23,sh.600005,2.3,2.3,2.25,2.29,2.29,12728872.0,29035884.0,3,0.126106,1,0.0,57.081753,0.644616,0.249362,-21.705608,0,2013-03-31,247360369.25,23386747486.79,23103916239.91,21685747379.17,356179099.62,389293663.35,141933294.1,237997975.3,1374654403.88,2322091836.8,11890564366.03,24253953155.59,72209217488.92,96463170644.51,50895449666.35,8555561787.06,59451011453.41,37012159191.1,778503844.44,-84828135.25,-932690929.99,-239013492.85,2013-06-30
2013-08-26,sh.600005,2.29,2.33,2.27,2.33,2.29,11957689.0,27566540.0,3,0.118466,1,1.7467,58.078814,0.655875,0.253717,-22.084745,0,2013-03-31,247360369.25,23386747486.79,23103916239.91,21685747379.17,356179099.62,389293663.35,141933294.1,237997975.3,1374654403.88,2322091836.8,11890564366.03,24253953155.59,72209217488.92,96463170644.51,50895449666.35,8555561787.06,59451011453.41,37012159191.1,778503844.44,-84828135.25,-932690929.99,-239013492.85,2013-06-30
2013-08-27,sh.600005,2.33,2.34,2.31,2.33,2.33,13010649.0,30211466.0,3,0.128898,1,0.0,43.89889,0.653759,0.259389,-76.871419,0,2013-03-31,247360369.25,23386747486.79,23103916239.91,21685747379.17,356179099.62,389293663.35,141933294.1,237997975.3,1374654403.88,2322091836.8,11890564366.03,24253953155.59,72209217488.92,96463170644.51,50895449666.35,8555561787.06,59451011453.41,37012159191.1,778503844.44,-84828135.25,-932690929.99,-239013492.85,2013-06-30
2013-08-28,sh.600005,2.32,2.38,2.3,2.35,2.33,22818279.0,53360796.0,3,0.226063,1,0.8584,44.275704,0.659371,0.261615,-77.531259,0,2013-03-31,247360369.25,23386747486.79,23103916239.91,21685747379.17,356179099.62,389293663.35,141933294.1,237997975.3,1374654403.88,2322091836.8,11890564366.03,24253953155.59,72209217488.92,96463170644.51,50895449666.35,8555561787.06,59451011453.41,37012159191.1,778503844.44,-84828135.25,-932690929.99,-239013492.85,2013-06-30
2013-08-29,sh.600005,2.36,2.36,2.32,2.34,2.35,12362818.0,28889772.0,3,0.12248,1,-0.4255,44.087297,0.656565,0.260502,-77.201339,0,2013-03-31,247360369.25,23386747486.79,23103916239.91,21685747379.17,356179099.62,389293663.35,141933294.1,237997975.3,1374654403.88,2322091836.8,11890564366.03,24253953155.59,72209217488.92,96463170644.51,50895449666.35,8555561787.06,59451011453.41,37012159191.1,778503844.44,-84828135.25,-932690929.99,-239013492.85,2013-06-30
2013-08-30,sh.600005,2.33,2.37,2.32,2.35,2.34,24530484.0,57668280.0,3,0.243026,1,0.4274,44.275704,0.659371,0.261615,-77.531259,0,2013-03-31,247360369.25,23386747486.79,23103916239.91,21685747379.17,356179099.62,389293663.35,141933294.1,237997975.3,1374654403.88,2322091836.8,11890564366.03,24253953155.59,72209217488.92,96463170644.51,50895449666.35,8555561787.06,59451011453.41,37012159191.1,778503844.44,-84828135.25,-932690929.99,-239013492.85,2013-06-30
2013-09-02,sh.600005,2.35,2.38,2.34,2.36,2.35,17264104.0,40677072.0,3,0.171037,1,0.4255,44.464112,0.662176,0.262728,-77.861179,0,2013-03-31,247360369.25,23386747486.79,23103916239.91,21685747379.17,356179099.62,389293663.35,141933294.1,237997975.3,1374654403.88,2322091836.8,11890564366.03,24253953155.59,72209217488.92,96463170644.51,50895449666.35,8555561787.06,59451011453.41,37012159191.1,778503844.44,-84828135.25,-932690929.99,-239013492.85,2013-06-30
2013-09-03,sh.600005,2.36,2.38,2.35,2.38,2.36,24976593.0,59095040.0,3,0.247445,1,0.8475,44.840926,0.667788,0.264955,-78.52102,0,2013-03-31,247360369.25,23386747486.79,23103916239.91,21685747379.17,356179099.62,389293663.35,141933294.1,237997975.3,1374654403.88,2322091836.8,11890564366.03,24253953155.59,72209217488.92,96463170644.51,50895449666.35,8555561787.06,59451011453.41,37012159191.1,778503844.44,-84828135.25,-932690929.99,-239013492.85,2013-06-30
2013-09-04,sh.600005,2.38,2.54,2.37,2.46,2.38,65175378.0,158851744.0,3,0.645698,1,3.3613,46.348184,0.690235,0.273861,-81.160382,0,2013-03-31,247360369.25,23386747486.79,23103916239.91,21685747379.17,356179099.62,389293663.35,141933294.1,237997975.3,1374654403.88,2322091836.8,11890564366.03,24253953155.59,72209217488.92,96463170644.51,50895449666.35,8555561787.06,59451011453.41,37012159191.1,778503844.44,-84828135.25,-932690929.99,-239013492.85,2013-06-30
2013-09-05,sh.600005,2.42,2.43,2.37,2.39,2.46,30956370.0,74178440.0,3,0.306688,1,-2.8455,45.029333,0.670594,0.266068,-78.85094,0,2013-03-31,247360369.25,23386747486.79,23103916239.91,21685747379.17,356179099.62,389293663.35,141933294.1,237997975.3,1374654403.88,2322091836.8,11890564366.03,24253953155.59,72209217488.92,96463170644.51,50895449666.35,8555561787.06,59451011453.41,37012159191.1,778503844.44,-84828135.25,-932690929.99,-239013492.85,2013-06-30
2013-09-06,sh.600005,2.38,2.42,2.36,2.4,2.39,20558873.0,49167492.0,3,0.203679,1,0.4184,45.217741,0.6734,0.267181,-79.18086,0,2013-03-31,247360369.25,23386747486.79,23103916239.91,21685747379.17,356179099.62,389293663.35,141933294.1,237997975.3,1374654403.88,2322091836.8,11890564366.03,24253953155.59,72209217488.92,96463170644.51,50895449666.35,8555561787.06,59451011453.41,37012159191.1,778503844.44,-84828135.25,-932690929.99,-239013492.85,2013-06-30
2013-09-09,sh.600005,2.4,2.45,2.4,2.43,2.4,27946872.0,67831760.0,3,0.276872,1,1.25,45.782963,0.681817,0.270521,-80.170621,0,2013-03-31,247360369.25,23386747486.79,23103916239.91,21685747379.17,356179099.62,389293663.35,141933294.1,237997975.3,1374654403.88,2322091836.8,11890564366.03,24253953155.59,72209217488.92,96463170644.51,50895449666.35,8555561787.06,59451011453.41,37012159191.1,778503844.44,-84828135.25,-932690929.99,-239013492.85,2013-06-30
2013-09-10,sh.600005,2.44,2.51,2.43,2.49,2.43,37911356.0,93755032.0,3,0.375591,1,2.4691,46.913406,0.698652,0.277201,-82.150143,0,2013-03-31,247360369.25,23386747486.79,23103916239.91,21685747379.17,356179099.62,389293663.35,141933294.1,237997975.3,1374654403.88,2322091836.8,11890564366.03,24253953155.59,72209217488.92,96463170644.51,50895449666.35,8555561787.06,59451011453.41,37012159191.1,778503844.44,-84828135.25,-932690929.99,-239013492.85,2013-06-30
2013-09-11,sh.600005,2.49,2.68,2.49,2.58,2.49,75478669.0,195464535.0,3,0.747774,1,3.6145,48.609071,0.723905,0.28722,-85.119425,0,2013-03-31,247360369.25,23386747486.79,23103916239.91,21685747379.17,356179099.62,389293663.35,141933294.1,237997975.3,1374654403.88,2322091836.8,11890564366.03,24253953155.59,72209217488.92,96463170644.51,50895449666.35,8555561787.06,59451011453.41,37012159191.1,778503844.44,-84828135.25,-932690929.99,-239013492.85,2013-06-30
2013-09-12,sh.600005,2.57,2.57,2.53,2.55,2.58,32787882.0,83536006.0,3,0.324833,1,-1.1628,48.04385,0.715487,0.28388,-84.129664,0,2013-03-31,247360369.25,23386747486.79,23103916239.91,21685747379.17,356179099.62,389293663.35,141933294.1,237997975.3,1374654403.88,2322091836.8,11890564366.03,24253953155.59,72209217488.92,96463170644.51,50895449666.35,8555561787.06,59451011453.41,37012159191.1,778503844.44,-84828135.25,-932690929.99,-239013492.85,2013-06-30
2013-09-13,sh.600005,2.56,2.57,2.49,2.5,2.55,24867543.0,62622508.0,3,0.246365,1,-1.9608,47.101813,0.701458,0.278314,-82.480063,0,2013-03-31,247360369.25,23386747486.79,23103916239.91,21685747379.17,356179099.62,389293663.35,141933294.1,237997975.3,1374654403.88,2322091836.8,11890564366.03,24253953155.59,72209217488.92,96463170644.51,50895449666.35,8555561787.06,59451011453.41,37012159191.1,778503844.44,-84828135.25,-932690929.99,-239013492.85,2013-06-30
2013-09-16,sh.600005,2.5,2.52,2.45,2.46,2.5,21390060.0,53221332.0,3,0.211913,1,-1.6,46.348184,0.690235,0.273861,-81.160382,0,2013-03-31,247360369.25,23386747486.79,23103916239.91,21685747379.17,356179099.62,389293663.35,141933294.1,237997975.3,1374654403.88,2322091836.8,11890564366.03,24253953155.59,72209217488.92,96463170644.51,50895449666.35,8555561787.06,59451011453.41,37012159191.1,778503844.44,-84828135.25,-932690929.99,-239013492.85,2013-06-30
2013-09-17,sh.600005,2.45,2.47,2.43,2.44,2.46,15184844.0,37129177.0,3,0.150438,1,-0.813,45.97137,0.684623,0.271634,-80.500541,0,2013-03-31,247360369.25,23386747486.79,23103916239.91,21685747379.17,356179099.62,389293663.35,141933294.1,237997975.3,1374654403.88,2322091836.8,11890564366.03,24253953155.59,72209217488.92,96463170644.51,50895449666.35,8555561787.06,59451011453.41,37012159191.1,778503844.44,-84828135.25,-932690929.99,-239013492.85,2013-06-30
2013-09-18,sh.600005,2.43,2.45,2.42,2.45,2.44,11192269.0,27230628.0,3,0.110883,1,0.4098,46.159777,0.687429,0.272748,-80.830462,0,2013-03-31,247360369.25,23386747486.79,23103916239.91,21685747379.17,356179099.62,389293663.35,141933294.1,237997975.3,1374654403.88,2322091836.8,11890564366.03,24253953155.59,72209217488.92,96463170644.51,50895449666.35,8555561787.06,59451011453.41,37012159191.1,778503844.44,-84828135.25,-932690929.99,-239013492.85,2013-06-30
2013-09-23,sh.600005,2.45,2.48,2.44,2.47,2.45,10966206.0,27004175.0,3,0.108643,1,0.8163,46.536592,0.693041,0.274974,-81.490302,0,2013-03-31,247360369.25,23386747486.79,23103916239.91,21685747379.17,356179099.62,389293663.35,141933294.1,237997975.3,1374654403.88,2322091836.8,11890564366.03,24253953155.59,72209217488.92,96463170644.51,50895449666.35,8555561787.06,59451011453.41,37012159191.1,778503844.44,-84828135.25,-932690929.99,-239013492.85,2013-06-30
2013-09-24,sh.600005,2.46,2.47,2.37,2.42,2.47,21294299.0,51470856.0,3,0.210965,1,-2.0243,45.594555,0.679011,0.269408,-79.840701,0,2013-03-31,247360369.25,23386747486.79,23103916239.91,21685747379.17,356179099.62,389293663.35,141933294.1,237997975.3,1374654403.88,2322091836.8,11890564366.03,24253953155.59,72209217488.92,96463170644.51,50895449666.35,8555561787.06,59451011453.41,37012159191.1,778503844.44,-84828135.25,-932690929.99,-239013492.85,2013-06-30
2013-09-25,sh.600005,2.41,2.42,2.39,2.4,2.42,12062034.0,28992403.0,3,0.1195,1,-0.8264,45.217741,0.6734,0.267181,-79.18086,0,2013-03-31,247360369.25,23386747486.79,23103916239.91,21685747379.17,356179099.62,389293663.35,141933294.1,237997975.3,1374654403.88,2322091836.8,11890564366.03,24253953155.59,72209217488.92,96463170644.51,50895449666.35,8555561787.06,59451011453.41,37012159191.1,778503844.44,-84828135.25,-932690929.99,-239013492.85,2013-06-30
2013-09-26,sh.600005,2.43,2.49,2.37,2.39,2.4,20052051.0,48665620.0,3,0.198658,1,-0.4167,45.029333,0.670594,0.266068,-78.85094,0,2013-03-31,247360369.25,23386747486.79,23103916239.91,21685747379.17,356179099.62,389293663.35,141933294.1,237997975.3,1374654403.88,2322091836.8,11890564366.03,24253953155.59,72209217488.92,96463170644.51,50895449666.35,8555561787.06,59451011453.41,37012159191.1,778503844.44,-84828135.25,-932690929.99,-239013492.85,2013-06-30
2013-09-27,sh.600005,2.38,2.4,2.37,2.4,2.39,9990201.0,23856767.0,3,0.098974,1,0.4184,45.217741,0.6734,0.267181,-79.18086,0,2013-03-31,247360369.25,23386747486.79,23103916239.91,21685747379.17,356179099.62,389293663.35,141933294.1,237997975.3,1374654403.88,2322091836.8,11890564366.03,24253953155.59,72209217488.92,96463170644.51,50895449666.35,8555561787.06,59451011453.41,37012159191.1,778503844.44,-84828135.25,-932690929.99,-239013492.85,2013-06-30
2013-09-30,sh.600005,2.41,2.42,2.39,2.4,2.4,6742871.0,16169592.0,3,0.066802,1,0.0,45.217741,0.6734,0.267181,-79.18086,0,2013-06-30,464415135.53,44397987941.85,43816120960.12,41387959967.96,644928764.87,690999404.26,226584268.73,460721414.95,1630753583.2,2747520110.28,12296102427.75,25601903967.35,71515864136.13,97117768103.48,51825703238.85,8169260417.55,59994963656.4,37122804447.08,1697509122.88,-115718364.03,-1564463476.71,17085686.47,2013-09-30
2013-10-08,sh.600005,2.4,2.42,2.38,2.41,2.4,9911690.0,23792043.0,3,0.098196,1,0.4167,45.406148,0.676206,0.268295,-79.510781,0,2013-06-30,464415135.53,44397987941.85,43816120960.12,41387959967.96,644928764.87,690999404.26,226584268.73,460721414.95,1630753583.2,2747520110.28,12296102427.75,25601903967.35,71515864136.13,97117768103.48,51825703238.85,8169260417.55,59994963656.4,37122804447.08,1697509122.88,-115718364.03,-1564463476.71,17085686.47,2013-09-30
2013-10-09,sh.600005,2.4,2.42,2.39,2.41,2.41,10357825.0,24879462.0,3,0.102616,1,0.0,45.406148,0.676206,0.268295,-79.510781,0,2013-06-30,464415135.53,44397987941.85,43816120960.12,41387959967.96,644928764.87,690999404.26,226584268.73,460721414.95,1630753583.2,2747520110.28,12296102427.75,25601903967.35,71515864136.13,97117768103.48,51825703238.85,8169260417.55,59994963656.4,37122804447.08,1697509122.88,-115718364.03,-1564463476.71,17085686.47,2013-09-30
2013-10-10,sh.600005,2.41,2.41,2.38,2.39,2.41,12592354.0,30091734.0,3,0.124754,1,-0.8299,45.029333,0.670594,0.266068,-78.85094,0,2013-06-30,464415135.53,44397987941.85,43816120960.12,41387959967.96,644928764.87,690999404.26,226584268.73,460721414.95,1630753583.2,2747520110.28,12296102427.75,25601903967.35,71515864136.13,97117768103.48,51825703238.85,8169260417.55,59994963656.4,37122804447.08,1697509122.88,-115718364.03,-1564463476.71,17085686.47,2013-09-30
2013-10-11,sh.600005,2.4,2.44,2.39,2.43,2.39,19613860.0,47511897.0,3,0.194316,1,1.6736,45.782963,0.681817,0.270521,-80.170621,0,2013-06-30,464415135.53,44397987941.85,43816120960.12,41387959967.96,644928764.87,690999404.26,226584268.73,460721414.95,1630753583.2,2747520110.28,12296102427.75,25601903967.35,71515864136.13,97117768103.48,51825703238.85,8169260417.55,59994963656.4,37122804447.08,1697509122.88,-115718364.03,-1564463476.71,17085686.47,2013-09-30
2013-10-14,sh.600005,2.43,2.46,2.41,2.45,2.43,17460922.0,42581886.0,3,0.172987,1,0.823,46.159777,0.687429,0.272748,-80.830462,0,2013-06-30,464415135.53,44397987941.85,43816120960.12,41387959967.96,644928764.87,690999404.26,226584268.73,460721414.95,1630753583.2,2747520110.28,12296102427.75,25601903967.35,71515864136.13,97117768103.48,51825703238.85,8169260417.55,59994963656.4,37122804447.08,1697509122.88,-115718364.03,-1564463476.71,17085686.47,2013-09-30
2013-10-15,sh.600005,2.44,2.45,2.42,2.43,2.45,10675625.0,25984605.0,3,0.105764,1,-0.8163,45.782963,0.681817,0.270521,-80.170621,0,2013-06-30,464415135.53,44397987941.85,43816120960.12,41387959967.96,644928764.87,690999404.26,226584268.73,460721414.95,1630753583.2,2747520110.28,12296102427.75,25601903967.35,71515864136.13,97117768103.48,51825703238.85,8169260417.55,59994963656.4,37122804447.08,1697509122.88,-115718364.03,-1564463476.71,17085686.47,2013-09-30
2013-10-16,sh.600005,2.43,2.44,2.39,2.39,2.43,15423833.0,37167379.0,3,0.152805,1,-1.6461,45.029333,0.670594,0.266068,-78.85094,0,2013-06-30,464415135.53,44397987941.85,43816120960.12,41387959967.96,644928764.87,690999404.26,226584268.73,460721414.95,1630753583.2,2747520110.28,12296102427.75,25601903967.35,71515864136.13,97117768103.48,51825703238.85,8169260417.55,59994963656.4,37122804447.08,1697509122.88,-115718364.03,-1564463476.71,17085686.47,2013-09-30
2013-10-17,sh.600005,2.4,2.43,2.39,2.4,2.39,13286820.0,31943907.0,3,0.131634,1,0.4184,45.217741,0.6734,0.267181,-79.18086,0,2013-06-30,464415135.53,44397987941.85,43816120960.12,41387959967.96,644928764.87,690999404.26,226584268.73,460721414.95,1630753583.2,2747520110.28,12296102427.75,25601903967.35,71515864136.13,97117768103.48,51825703238.85,8169260417.55,59994963656.4,37122804447.08,1697509122.88,-115718364.03,-1564463476.71,17085686.47,2013-09-30
2013-10-18,sh.600005,2.4,2.41,2.38,2.39,2.4,10890709.0,26080469.0,3,0.107895,1,-0.4167,45.029333,0.670594,0.266068,-78.85094,0,2013-06-30,464415135.53,44397987941.85,43816120960.12,41387959967.96,644928764.87,690999404.26,226584268.73,460721414.95,1630753583.2,2747520110.28,12296102427.75,25601903967.35,71515864136.13,97117768103.48,51825703238.85,8169260417.55,59994963656.4,37122804447.08,1697509122.88,-115718364.03,-1564463476.71,17085686.47,2013-09-30
2013-10-21,sh.600005,2.38,2.42,2.37,2.42,2.39,15582107.0,37253248.0,3,0.154373,1,1.2552,45.594555,0.679011,0.269408,-79.840701,0,2013-06-30,464415135.53,44397987941.85,43816120960.12,41387959967.96,644928764.87,690999404.26,226584268.73,460721414.95,1630753583.2,2747520110.28,12296102427.75,25601903967.35,71515864136.13,97117768103.48,51825703238.85,8169260417.55,59994963656.4,37122804447.08,1697509122.88,-115718364.03,-1564463476.71,17085686.47,2013-09-30
2013-10-22,sh.600005,2.41,2.41,2.38,2.39,2.42,11101997.0,26561941.0,3,0.109988,1,-1.2397,45.029333,0.670594,0.266068,-78.85094,0,2013-06-30,464415135.53,44397987941.85,43816120960.12,41387959967.96,644928764.87,690999404.26,226584268.73,460721414.95,1630753583.2,2747520110.28,12296102427.75,25601903967.35,71515864136.13,97117768103.48,51825703238.85,8169260417.55,59994963656.4,37122804447.08,1697509122.88,-115718364.03,-1564463476.71,17085686.47,2013-09-30
2013-10-23,sh.600005,2.4,2.41,2.37,2.37,2.39,12615943.0,30097264.0,3,0.124987,1,-0.8368,44.652519,0.664982,0.263842,-78.1911,0,2013-06-30,464415135.53,44397987941.85,43816120960.12,41387959967.96,644928764.87,690999404.26,226584268.73,460721414.95,1630753583.2,2747520110.28,12296102427.75,25601903967.35,71515864136.13,97117768103.48,51825703238.85,8169260417.55,59994963656.4,37122804447.08,1697509122.88,-115718364.03,-1564463476.71,17085686.47,2013-09-30
2013-10-24,sh.600005,2.36,2.37,2.34,2.35,2.37,11222513.0,26419578.0,3,0.111182,1,-0.8439,44.275704,0.659371,0.261615,-77.531259,0,2013-06-30,464415135.53,44397987941.85,43816120960.12,41387959967.96,644928764.87,690999404.26,226584268.73,460721414.95,1630753583.2,2747520110.28,12296102427.75,25601903967.35,71515864136.13,97117768103.48,51825703238.85,8169260417.55,59994963656.4,37122804447.08,1697509122.88,-115718364.03,-1564463476.71,17085686.47,2013-09-30
2013-10-25,sh.600005,2.36,2.37,2.31,2.32,2.35,11818360.0,27659612.0,3,0.117086,1,-1.2766,43.710483,0.650953,0.258275,-76.541498,0,2013-06-30,464415135.53,44397987941.85,43816120960.12,41387959967.96,644928764.87,690999404.26,226584268.73,460721414.95,1630753583.2,2747520110.28,12296102427.75,25601903967.35,71515864136.13,97117768103.48,51825703238.85,8169260417.55,59994963656.4,37122804447.08,1697509122.88,-115718364.03,-1564463476.71,17085686.47,2013-09-30
2013-10-28,sh.600005,2.32,2.33,2.3,2.32,2.32,7330079.0,16950015.0,3,0.07262,1,0.0,43.710483,0.650953,0.258275,-76.541498,0,2013-06-30,464415135.53,44397987941.85,43816120960.12,41387959967.96,644928764.87,690999404.26,226584268.73,460721414.95,1630753583.2,2747520110.28,12296102427.75,25601903967.35,71515864136.13,97117768103.48,51825703238.85,8169260417.55,59994963656.4,37122804447.08,1697509122.88,-115718364.03,-1564463476.71,17085686.47,2013-09-30
2013-10-29,sh.600005,2.3,2.33,2.26,2.29,2.32,19464943.0,44733785.0,3,0.192841,1,-1.2931,43.377028,0.639123,0.25396,-86.603795,0,2013-06-30,464415135.53,44397987941.85,43816120960.12,41387959967.96,644928764.87,690999404.26,226584268.73,460721414.95,1630753583.2,2747520110.28,12296102427.75,25601903967.35,71515864136.13,97117768103.48,51825703238.85,8169260417.55,59994963656.4,37122804447.08,1697509122.88,-115718364.03,-1564463476.71,17085686.47,2013-09-30
2013-10-30,sh.600005,2.28,2.33,2.27,2.32,2.29,15895533.0,36597797.0,3,0.157478,1,1.31,43.945286,0.647496,0.257287,-87.738343,0,2013-06-30,464415135.53,44397987941.85,43816120960.12,41387959967.96,644928764.87,690999404.26,226584268.73,460721414.95,1630753583.2,2747520110.28,12296102427.75,25601903967.35,71515864136.13,97117768103.48,51825703238.85,8169260417.55,59994963656.4,37122804447.08,1697509122.88,-115718364.03,-1564463476.71,17085686.47,2013-09-30
2013-10-31,sh.600005,2.31,2.32,2.29,2.31,2.32,9519106.0,21937509.0,3,0.094307,1,-0.431,43.755866,0.644705,0.256178,-87.36016,0,2013-06-30,464415135.53,44397987941.85,43816120960.12,41387959967.96,644928764.87,690999404.26,226584268.73,460721414.95,1630753583.2,2747520110.28,12296102427.75,25601903967.35,71515864136.13,97117768103.48,51825703238.85,8169260417.55,59994963656.4,37122804447.08,1697509122.88,-115718364.03,-1564463476.71,17085686.47,2013-09-30
2013-11-01,sh.600005,2.32,2.33,2.31,2.33,2.31,7049896.0,16363154.0,3,0.069844,1,0.8658,44.134705,0.650287,0.258396,-88.116525,0,2013-06-30,464415135.53,44397987941.85,43816120960.12,41387959967.96,644928764.87,690999404.26,226584268.73,460721414.95,1630753583.2,2747520110.28,12296102427.75,25601903967.35,71515864136.13,97117768103.48,51825703238.85,8169260417.55,59994963656.4,37122804447.08,1697509122.88,-115718364.03,-1564463476.71,17085686.47,2013-09-30
2013-11-04,sh.600005,2.33,2.39,2.33,2.36,2.33,15303804.0,36120982.0,3,0.151616,1,1.2876,44.702963,0.65866,0.261723,-89.251073,0,2013-06-30,464415135.53,44397987941.85,43816120960.12,41387959967.96,644928764.87,690999404.26,226584268.73,460721414.95,1630753583.2,2747520110.28,12296102427.75,25601903967.35,71515864136.13,97117768103.48,51825703238.85,8169260417.55,59994963656.4,37122804447.08,1697509122.88,-115718364.03,-1564463476.71,17085686.47,2013-09-30
2013-11-05,sh.600005,2.35,2.36,2.33,2.36,2.36,8846679.0,20745851.0,3,0.087645,1,0.0,44.702963,0.65866,0.261723,-89.251073,0,2013-06-30,464415135.53,44397987941.85,43816120960.12,41387959967.96,644928764.87,690999404.26,226584268.73,460721414.95,1630753583.2,2747520110.28,12296102427.75,25601903967.35,71515864136.13,97117768103.48,51825703238.85,8169260417.55,59994963656.4,37122804447.08,1697509122.88,-115718364.03,-1564463476.71,17085686.47,2013-09-30
2013-11-06,sh.600005,2.35,2.38,2.33,2.35,2.36,15367806.0,36157177.0,3,0.15225,1,-0.4237,44.513544,0.655869,0.260614,-88.87289,0,2013-06-30,464415135.53,44397987941.85,43816120960.12,41387959967.96,644928764.87,690999404.26,226584268.73,460721414.95,1630753583.2,2747520110.28,12296102427.75,25601903967.35,71515864136.13,97117768103.48,51825703238.85,8169260417.55,59994963656.4,37122804447.08,1697509122.88,-115718364.03,-1564463476.71,17085686.47,2013-09-30
2013-11-07,sh.600005,2.35,2.36,2.32,2.33,2.35,7676977.0,17924649.0,3,0.076057,1,-0.8511,44.134705,0.650287,0.258396,-88.116525,0,2013-06-30,464415135.53,44397987941.85,43816120960.12,41387959967.96,644928764.87,690999404.26,226584268.73,460721414.95,1630753583.2,2747520110.28,12296102427.75,25601903967.35,71515864136.13,97117768103.48,51825703238.85,8169260417.55,59994963656.4,37122804447.08,1697509122.88,-115718364.03,-1564463476.71,17085686.47,2013-09-30
2013-11-08,sh.600005,2.32,2.34,2.29,2.31,2.33,8643227.0,20015379.0,3,0.085629,1,-0.8584,43.755866,0.644705,0.256178,-87.36016,0,2013-06-30,464415135.53,44397987941.85,43816120960.12,41387959967.96,644928764.87,690999404.26,226584268.73,460721414.95,1630753583.2,2747520110.28,12296102427.75,25601903967.35,71515864136.13,97117768103.48,51825703238.85,8169260417.55,59994963656.4,37122804447.08,1697509122.88,-115718364.03,-1564463476.71,17085686.47,2013-09-30
2013-11-11,sh.600005,2.3,2.32,2.29,2.3,2.31,7341163.0,16920764.0,3,0.07273,1,-0.4329,43.566447,0.641914,0.255069,-86.981978,0,2013-06-30,464415135.53,44397987941.85,43816120960.12,41387959967.96,644928764.87,690999404.26,226584268.73,460721414.95,1630753583.2,2747520110.28,12296102427.75,25601903967.35,71515864136.13,97117768103.48,51825703238.85,8169260417.55,59994963656.4,37122804447.08,1697509122.88,-115718364.03,-1564463476.71,17085686.47,2013-09-30
2013-11-12,sh.600005,2.3,2.32,2.3,2.31,2.3,6455777.0,14895065.0,3,0.063958,1,0.4348,43.755866,0.644705,0.256178,-87.36016,0,2013-06-30,464415135.53,44397987941.85,43816120960.12,41387959967.96,644928764.87,690999404.26,226584268.73,460721414.95,1630753583.2,2747520110.28,12296102427.75,25601903967.35,71515864136.13,97117768103.48,51825703238.85,8169260417.55,59994963656.4,37122804447.08,1697509122.88,-115718364.03,-1564463476.71,17085686.47,2013-09-30
2013-11-13,sh.600005,2.3,2.31,2.27,2.28,2.31,8664292.0,19800624.0,3,0.085838,1,-1.2987,43.187608,0.636332,0.252851,-86.225613,0,2013-06-30,464415135.53,44397987941.85,43816120960.12,41387959967.96,644928764.87,690999404.26,226584268.73,460721414.95,1630753583.2,2747520110.28,12296102427.75,25601903967.35,71515864136.13,97117768103.48,51825703238.85,8169260417.55,59994963656.4,37122804447.08,1697509122.88,-115718364.03,-1564463476.71,17085686.47,2013-09-30
2013-11-14,sh.600005,2.28,2.29,2.26,2.28,2.28,6752253.0,15366290.0,3,0.066895,1,0.0,43.187608,0.636332,0.252851,-86.225613,0,2013-06-30,464415135.53,44397987941.85,43816120960.12,41387959967.96,644928764.87,690999404.26,226584268.73,460721414.95,1630753583.2,2747520110.28,12296102427.75,25601903967.35,71515864136.13,97117768103.48,51825703238.85,8169260417.55,59994963656.4,37122804447.08,1697509122.88,-115718364.03,-1564463476.71,17085686.47,2013-09-30
2013-11-15,sh.600005,2.28,2.32,2.27,2.3,2.28,12580332.0,28958788.0,3,0.124634,1,0.8772,43.566447,0.641914,0.255069,-86.981978,0,2013-06-30,464415135.53,44397987941.85,43816120960.12,41387959967.96,644928764.87,690999404.26,226584268.73,460721414.95,1630753583.2,2747520110.28,12296102427.75,25601903967.35,71515864136.13,97117768103.48,51825703238.85,8169260417.55,59994963656.4,37122804447.08,1697509122.88,-115718364.03,-1564463476.71,17085686.47,2013-09-30
2013-11-18,sh.600005,2.31,2.36,2.29,2.35,2.3,19011653.0,44165475.0,3,0.18835,1,2.1739,44.513544,0.655869,0.260614,-88.87289,0,2013-06-30,464415135.53,44397987941.85,43816120960.12,41387959967.96,644928764.87,690999404.26,226584268.73,460721414.95,1630753583.2,2747520110.28,12296102427.75,25601903967.35,71515864136.13,97117768103.48,51825703238.85,8169260417.55,59994963656.4,37122804447.08,1697509122.88,-115718364.03,-1564463476.71,17085686.47,2013-09-30
2013-11-19,sh.600005,2.35,2.35,2.32,2.34,2.35,10233356.0,23872759.0,3,0.101383,1,-0.4255,44.324124,0.653078,0.259505,-88.494708,0,2013-06-30,464415135.53,44397987941.85,43816120960.12,41387959967.96,644928764.87,690999404.26,226584268.73,460721414.95,1630753583.2,2747520110.28,12296102427.75,25601903967.35,71515864136.13,97117768103.48,51825703238.85,8169260417.55,59994963656.4,37122804447.08,1697509122.88,-115718364.03,-1564463476.71,17085686.47,2013-09-30
2013-11-20,sh.600005,2.33,2.35,2.32,2.35,2.34,11948218.0,27872133.0,3,0.118372,1,0.4274,44.513544,0.655869,0.260614,-88.87289,0,2013-06-30,464415135.53,44397987941.85,43816120960.12,41387959967.96,644928764.87,690999404.26,226584268.73,460721414.95,1630753583.2,2747520110.28,12296102427.75,25601903967.35,71515864136.13,97117768103.48,51825703238.85,8169260417.55,59994963656.4,37122804447.08,1697509122.88,-115718364.03,-1564463476.71,17085686.47,2013-09-30
2013-11-21,sh.600005,2.34,2.35,2.32,2.34,2.35,13834034.0,32285620.0,3,0.137055,1,-0.4255,44.324124,0.653078,0.259505,-88.494708,0,2013-06-30,464415135.53,44397987941.85,43816120960.12,41387959967.96,644928764.87,690999404.26,226584268.73,460721414.95,1630753583.2,2747520110.28,12296102427.75,25601903967.35,71515864136.13,97117768103.48,51825703238.85,8169260417.55,59994963656.4,37122804447.08,1697509122.88,-115718364.03,-1564463476.71,17085686.47,2013-09-30
2013-11-22,sh.600005,2.35,2.35,2.31,2.34,2.34,12460933.0,29047243.0,3,0.123452,1,0.0,44.324124,0.653078,0.259505,-88.494708,0,2013-06-30,464415135.53,44397987941.85,43816120960.12,41387959967.96,644928764.87,690999404.26,226584268.73,460721414.95,1630753583.2,2747520110.28,12296102427.75,25601903967.35,71515864136.13,97117768103.48,51825703238.85,8169260417.55,59994963656.4,37122804447.08,1697509122.88,-115718364.03,-1564463476.71,17085686.47,2013-09-30
2013-11-25,sh.600005,2.33,2.35,2.32,2.33,2.34,8389590.0,19598028.0,3,0.083116,1,-0.4274,44.134705,0.650287,0.258396,-88.116525,0,2013-06-30,464415135.53,44397987941.85,43816120960.12,41387959967.96,644928764.87,690999404.26,226584268.73,460721414.95,1630753583.2,2747520110.28,12296102427.75,25601903967.35,71515864136.13,97117768103.48,51825703238.85,8169260417.55,59994963656.4,37122804447.08,1697509122.88,-115718364.03,-1564463476.71,17085686.47,2013-09-30
2013-11-26,sh.600005,2.33,2.34,2.31,2.32,2.33,10853191.0,25276176.0,3,0.107524,1,-0.4292,43.945286,0.647496,0.257287,-87.738343,0,2013-06-30,464415135.53,44397987941.85,43816120960.12,41387959967.96,644928764.87,690999404.26,226584268.73,460721414.95,1630753583.2,2747520110.28,12296102427.75,25601903967.35,71515864136.13,97117768103.48,51825703238.85,8169260417.55,59994963656.4,37122804447.08,1697509122.88,-115718364.03,-1564463476.71,17085686.47,2013-09-30
2013-11-27,sh.600005,2.32,2.34,2.31,2.34,2.32,18044283.0,41995950.0,3,0.178766,1,0.8621,44.324124,0.653078,0.259505,-88.494708,0,2013-06-30,464415135.53,44397987941.85,43816120960.12,41387959967.96,644928764.87,690999404.26,226584268.73,460721414.95,1630753583.2,2747520110.28,12296102427.75,25601903967.35,71515864136.13,97117768103.48,51825703238.85,8169260417.55,59994963656.4,37122804447.08,1697509122.88,-115718364.03,-1564463476.71,17085686.47,2013-09-30
2013-11-28,sh.600005,2.34,2.42,2.33,2.38,2.34,47279542.0,112620453.0,3,0.468403,1,1.7094,45.081802,0.664241,0.263941,-90.007438,0,2013-06-30,464415135.53,44397987941.85,43816120960.12,41387959967.96,644928764.87,690999404.26,226584268.73,460721414.95,1630753583.2,2747520110.28,12296102427.75,25601903967.35,71515864136.13,97117768103.48,51825703238.85,8169260417.55,59994963656.4,37122804447.08,1697509122.88,-115718364.03,-1564463476.71,17085686.47,2013-09-30
2013-11-29,sh.600005,2.37,2.38,2.35,2.37,2.38,11291888.0,26687984.0,3,0.11187,1,-0.4202,44.892382,0.661451,0.262832,-89.629255,0,2013-06-30,464415135.53,44397987941.85,43816120960.12,41387959967.96,644928764.87,690999404.26,226584268.73,460721414.95,1630753583.2,2747520110.28,12296102427.75,25601903967.35,71515864136.13,97117768103.48,51825703238.85,8169260417.55,59994963656.4,37122804447.08,1697509122.88,-115718364.03,-1564463476.71,17085686.47,2013-09-30
2013-12-02,sh.600005,2.34,2.38,2.31,2.33,2.37,24828952.0,58157927.0,3,0.245983,1,-1.6878,44.134705,0.650287,0.258396,-88.116525,0,2013-06-30,464415135.53,44397987941.85,43816120960.12,41387959967.96,644928764.87,690999404.26,226584268.73,460721414.95,1630753583.2,2747520110.28,12296102427.75,25601903967.35,71515864136.13,97117768103.48,51825703238.85,8169260417.55,59994963656.4,37122804447.08,1697509122.88,-115718364.03,-1564463476.71,17085686.47,2013-09-30
2013-12-03,sh.600005,2.32,2.38,2.32,2.36,2.33,26956880.0,63595054.0,3,0.267064,1,1.2876,44.702963,0.65866,0.261723,-89.251073,0,2013-06-30,464415135.53,44397987941.85,43816120960.12,41387959967.96,644928764.87,690999404.26,226584268.73,460721414.95,1630753583.2,2747520110.28,12296102427.75,25601903967.35,71515864136.13,97117768103.48,51825703238.85,8169260417.55,59994963656.4,37122804447.08,1697509122.88,-115718364.03,-1564463476.71,17085686.47,2013-09-30
2013-12-04,sh.600005,2.36,2.41,2.35,2.4,2.36,32869964.0,78599780.0,3,0.325646,1,1.6949,45.46064,0.669823,0.266159,-90.763803,0,2013-06-30,464415135.53,44397987941.85,43816120960.12,41387959967.96,644928764.87,690999404.26,226584268.73,460721414.95,1630753583.2,2747520110.28,12296102427.75,25601903967.35,71515864136.13,97117768103.48,51825703238.85,8169260417.55,59994963656.4,37122804447.08,1697509122.88,-115718364.03,-1564463476.71,17085686.47,2013-09-30
2013-12-05,sh.600005,2.4,2.42,2.38,2.4,2.4,15157157.0,36338377.0,3,0.150163,1,0.0,45.46064,0.669823,0.266159,-90.763803,0,2013-06-30,464415135.53,44397987941.85,43816120960.12,41387959967.96,644928764.87,690999404.26,226584268.73,460721414.95,1630753583.2,2747520110.28,12296102427.75,25601903967.35,71515864136.13,97117768103.48,51825703238.85,8169260417.55,59994963656.4,37122804447.08,1697509122.88,-115718364.03,-1564463476.71,17085686.47,2013-09-30
2013-12-06,sh.600005,2.39,2.42,2.38,2.4,2.4,24861643.0,59662747.0,3,0.246307,1,0.0,45.46064,0.669823,0.266159,-90.763803,0,2013-06-30,464415135.53,44397987941.85,43816120960.12,41387959967.96,644928764.87,690999404.26,226584268.73,460721414.95,1630753583.2,2747520110.28,12296102427.75,25601903967.35,71515864136.13,97117768103.48,51825703238.85,8169260417.55,59994963656.4,37122804447.08,1697509122.88,-115718364.03,-1564463476.71,17085686.47,2013-09-30
2013-12-09,sh.600005,2.41,2.42,2.38,2.39,2.4,17964135.0,43175663.0,3,0.177972,1,-0.4167,45.271221,0.667032,0.26505,-90.38562,0,2013-06-30,464415135.53,44397987941.85,43816120960.12,41387959967.96,644928764.87,690999404.26,226584268.73,460721414.95,1630753583.2,2747520110.28,12296102427.75,25601903967.35,71515864136.13,97117768103.48,51825703238.85,8169260417.55,59994963656.4,37122804447.08,1697509122.88,-115718364.03,-1564463476.71,17085686.47,2013-09-30
2013-12-10,sh.600005,2.38,2.4,2.35,2.38,2.39,25862336.0,61462984.0,3,0.256221,1,-0.4184,45.081802,0.664241,0.263941,-90.007438,0,2013-06-30,464415135.53,44397987941.85,43816120960.12,41387959967.96,644928764.87,690999404.26,226584268.73,460721414.95,1630753583.2,2747520110.28,12296102427.75,25601903967.35,71515864136.13,97117768103.48,51825703238.85,8169260417.55,59994963656.4,37122804447.08,1697509122.88,-115718364.03,-1564463476.71,17085686.47,2013-09-30
2013-12-11,sh.600005,2.36,2.37,2.31,2.32,2.38,23636499.0,55293370.0,3,0.234169,1,-2.521,43.945286,0.647496,0.257287,-87.738343,0,2013-06-30,464415135.53,44397987941.85,43816120960.12,41387959967.96,644928764.87,690999404.26,226584268.73,460721414.95,1630753583.2,2747520110.28,12296102427.75,25601903967.35,71515864136.13,97117768103.48,51825703238.85,8169260417.55,59994963656.4,37122804447.08,1697509122.88,-115718364.03,-1564463476.71,17085686.47,2013-09-30
2013-12-12,sh.600005,2.31,2.33,2.28,2.31,2.32,26476074.0,61066739.0,3,0.262301,1,-0.431,43.755866,0.644705,0.256178,-87.36016,0,2013-06-30,464415135.53,44397987941.85,43816120960.12,41387959967.96,644928764.87,690999404.26,226584268.73,460721414.95,1630753583.2,2747520110.28,12296102427.75,25601903967.35,71515864136.13,97117768103.48,51825703238.85,8169260417.55,59994963656.4,37122804447.08,1697509122.88,-115718364.03,-1564463476.71,17085686.47,2013-09-30
2013-12-13,sh.600005,2.29,2.31,2.27,2.28,2.31,27624075.0,63317264.0,3,0.273674,1,-1.2987,43.187608,0.636332,0.252851,-86.225613,0,2013-06-30,464415135.53,44397987941.85,43816120960.12,41387959967.96,644928764.87,690999404.26,226584268.73,460721414.95,1630753583.2,2747520110.28,12296102427.75,25601903967.35,71515864136.13,97117768103.48,51825703238.85,8169260417.55,59994963656.4,37122804447.08,1697509122.88,-115718364.03,-1564463476.71,17085686.47,2013-09-30
2013-12-16,sh.600005,2.29,2.29,2.24,2.24,2.28,27149764.0,61333596.0,3,0.268975,1,-1.7544,42.429931,0.625168,0.248415,-84.712883,0,2013-06-30,464415135.53,44397987941.85,43816120960.12,41387959967.96,644928764.87,690999404.26,226584268.73,460721414.95,1630753583.2,2747520110.28,12296102427.75,25601903967.35,71515864136.13,97117768103.48,51825703238.85,8169260417.55,59994963656.4,37122804447.08,1697509122.88,-115718364.03,-1564463476.71,17085686.47,2013-09-30
2013-12-17,sh.600005,2.25,2.26,2.23,2.24,2.24,11771934.0,26429411.0,3,0.116626,1,0.0,42.429931,0.625168,0.248415,-84.712883,0,2013-06-30,464415135.53,44397987941.85,43816120960.12,41387959967.96,644928764.87,690999404.26,226584268.73,460721414.95,1630753583.2,2747520110.28,12296102427.75,25601903967.35,71515864136.13,97117768103.48,51825703238.85,8169260417.55,59994963656.4,37122804447.08,1697509122.88,-115718364.03,-1564463476.71,17085686.47,2013-09-30
2013-12-18,sh.600005,2.25,2.26,2.23,2.24,2.24,12774820.0,28617736.0,3,0.126561,1,0.0,42.429931,0.625168,0.248415,-84.712883,0,2013-06-30,464415135.53,44397987941.85,43816120960.12,41387959967.96,644928764.87,690999404.26,226584268.73,460721414.95,1630753583.2,2747520110.28,12296102427.75,25601903967.35,71515864136.13,97117768103.48,51825703238.85,8169260417.55,59994963656.4,37122804447.08,1697509122.88,-115718364.03,-1564463476.71,17085686.47,2013-09-30
2013-12-19,sh.600005,2.25,2.26,2.23,2.24,2.24,9793176.0,21979033.0,3,0.097022,1,0.0,42.429931,0.625168,0.248415,-84.712883,0,2013-06-30,464415135.53,44397987941.85,43816120960.12,41387959967.96,644928764.87,690999404.26,226584268.73,460721414.95,1630753583.2,2747520110.28,12296102427.75,25601903967.35,71515864136.13,97117768103.48,51825703238.85,8169260417.55,59994963656.4,37122804447.08,1697509122.88,-115718364.03,-1564463476.71,17085686.47,2013-09-30
2013-12-20,sh.600005,2.24,2.25,2.19,2.2,2.24,16193497.0,35838702.0,3,0.16043,1,-1.7857,41.672254,0.614005,0.243979,-83.200153,0,2013-06-30,464415135.53,44397987941.85,43816120960.12,41387959967.96,644928764.87,690999404.26,226584268.73,460721414.95,1630753583.2,2747520110.28,12296102427.75,25601903967.35,71515864136.13,97117768103.48,51825703238.85,8169260417.55,59994963656.4,37122804447.08,1697509122.88,-115718364.03,-1564463476.71,17085686.47,2013-09-30
2013-12-23,sh.600005,2.2,2.21,2.14,2.18,2.2,21993818.0,47754320.0,3,0.217895,1,-0.9091,41.293415,0.608423,0.241761,-82.443788,0,2013-06-30,464415135.53,44397987941.85,43816120960.12,41387959967.96,644928764.87,690999404.26,226584268.73,460721414.95,1630753583.2,2747520110.28,12296102427.75,25601903967.35,71515864136.13,97117768103.48,51825703238.85,8169260417.55,59994963656.4,37122804447.08,1697509122.88,-115718364.03,-1564463476.71,17085686.47,2013-09-30
2013-12-24,sh.600005,2.18,2.19,2.15,2.17,2.18,20995481.0,45568670.0,3,0.208004,1,-0.4587,41.103996,0.605632,0.240652,-82.065605,0,2013-06-30,464415135.53,44397987941.85,43816120960.12,41387959967.96,644928764.87,690999404.26,226584268.73,460721414.95,1630753583.2,2747520110.28,12296102427.75,25601903967.35,71515864136.13,97117768103.48,51825703238.85,8169260417.55,59994963656.4,37122804447.08,1697509122.88,-115718364.03,-1564463476.71,17085686.47,2013-09-30
2013-12-25,sh.600005,2.17,2.18,2.16,2.17,2.17,11887220.0,25756350.0,3,0.117768,1,0.0,41.103996,0.605632,0.240652,-82.065605,0,2013-06-30,464415135.53,44397987941.85,43816120960.12,41387959967.96,644928764.87,690999404.26,226584268.73,460721414.95,1630753583.2,2747520110.28,12296102427.75,25601903967.35,71515864136.13,97117768103.48,51825703238.85,8169260417.55,59994963656.4,37122804447.08,1697509122.88,-115718364.03,-1564463476.71,17085686.47,2013-09-30
2013-12-26,sh.600005,2.18,2.18,2.14,2.15,2.17,13215384.0,28503202.0,3,0.130926,1,-0.9217,40.725157,0.60005,0.238434,-81.30924,0,2013-06-30,464415135.53,44397987941.85,43816120960.12,41387959967.96,644928764.87,690999404.26,226584268.73,460721414.95,1630753583.2,2747520110.28,12296102427.75,25601903967.35,71515864136.13,97117768103.48,51825703238.85,8169260417.55,59994963656.4,37122804447.08,1697509122.88,-115718364.03,-1564463476.71,17085686.47,2013-09-30
2013-12-27,sh.600005,2.16,2.19,2.15,2.18,2.15,12667768.0,27523472.0,3,0.125501,1,1.3953,41.293415,0.608423,0.241761,-82.443788,0,2013-06-30,464415135.53,44397987941.85,43816120960.12,41387959967.96,644928764.87,690999404.26,226584268.73,460721414.95,1630753583.2,2747520110.28,12296102427.75,25601903967.35,71515864136.13,97117768103.48,51825703238.85,8169260417.55,59994963656.4,37122804447.08,1697509122.88,-115718364.03,-1564463476.71,17085686.47,2013-09-30
2013-12-30,sh.600005,2.19,2.2,2.18,2.18,2.18,6968502.0,15229711.0,3,0.069038,1,0.0,41.293415,0.608423,0.241761,-82.443788,0,2013-09-30,658449914.29,66659300301.49,65849322681.34,62125207942.9,891072277.96,952487319.54,294037405.25,650888596.15,1765711555.9,3171580557.53,12739507994.05,25563565576.89,70850236838.82,96413802415.71,51025769903.65,8060859895.07,59086629798.72,37327172616.99,2158988916.91,-127608154.96,-1879097235.27,152043659.17,2013-12-30
2013-12-31,sh.600005,2.17,2.21,2.17,2.2,2.18,9278401.0,20318881.0,3,0.091922,1,0.9174,41.672254,0.614005,0.243979,-83.200153,0,2013-09-30,658449914.29,66659300301.49,65849322681.34,62125207942.9,891072277.96,952487319.54,294037405.25,650888596.15,1765711555.9,3171580557.53,12739507994.05,25563565576.89,70850236838.82,96413802415.71,51025769903.65,8060859895.07,59086629798.72,37327172616.99,2158988916.91,-127608154.96,-1879097235.27,152043659.17,2013-12-30
2014-01-02,sh.600005,2.19,2.22,2.15,2.17,2.2,30013672.0,65270244.0,3,0.297348,1,-1.3636,41.103996,0.605632,0.240652,-82.065605,0,2013-09-30,658449914.29,66659300301.49,65849322681.34,62125207942.9,891072277.96,952487319.54,294037405.25,650888596.15,1765711555.9,3171580557.53,12739507994.05,25563565576.89,70850236838.82,96413802415.71,51025769903.65,8060859895.07,59086629798.72,37327172616.99,2158988916.91,-127608154.96,-1879097235.27,152043659.17,2013-12-30
2014-01-03,sh.600005,2.17,2.17,2.11,2.13,2.17,36041044.0,76800936.0,3,0.357062,1,-1.8433,40.346318,0.594468,0.236216,-80.552875,0,2013-09-30,658449914.29,66659300301.49,65849322681.34,62125207942.9,891072277.96,952487319.54,294037405.25,650888596.15,1765711555.9,3171580557.53,12739507994.05,25563565576.89,70850236838.82,96413802415.71,51025769903.65,8060859895.07,59086629798.72,37327172616.99,2158988916.91,-127608154.96,-1879097235.27,152043659.17,2013-12-30
2014-01-06,sh.600005,2.13,2.13,2.07,2.08,2.13,20780278.0,43370464.0,3,0.205872,1,-2.3474,39.399222,0.580514,0.230671,-78.661963,0,2013-09-30,658449914.29,66659300301.49,65849322681.34,62125207942.9,891072277.96,952487319.54,294037405.25,650888596.15,1765711555.9,3171580557.53,12739507994.05,25563565576.89,70850236838.82,96413802415.71,51025769903.65,8060859895.07,59086629798.72,37327172616.99,2158988916.91,-127608154.96,-1879097235.27,152043659.17,2013-12-30
2014-01-07,sh.600005,2.07,2.09,2.06,2.08,2.08,8622210.0,17921934.0,3,0.085421,1,0.0,39.399222,0.580514,0.230671,-78.661963,0,2013-09-30,658449914.29,66659300301.49,65849322681.34,62125207942.9,891072277.96,952487319.54,294037405.25,650888596.15,1765711555.9,3171580557.53,12739507994.05,25563565576.89,70850236838.82,96413802415.71,51025769903.65,8060859895.07,59086629798.72,37327172616.99,2158988916.91,-127608154.96,-1879097235.27,152043659.17,2013-12-30
2014-01-08,sh.600005,2.09,2.11,2.08,2.09,2.08,12126696.0,25400110.0,3,0.12014,1,0.4808,39.588641,0.583304,0.23178,-79.040145,0,2013-09-30,658449914.29,66659300301.49,65849322681.34,62125207942.9,891072277.96,952487319.54,294037405.25,650888596.15,1765711555.9,3171580557.53,12739507994.05,25563565576.89,70850236838.82,96413802415.71,51025769903.65,8060859895.07,59086629798.72,37327172616.99,2158988916.91,-127608154.96,-1879097235.27,152043659.17,2013-12-30
2014-01-09,sh.600005,2.08,2.09,2.05,2.06,2.09,10485942.0,21691319.0,3,0.103885,1,-1.4354,39.020383,0.574932,0.228453,-77.905598,0,2013-09-30,658449914.29,66659300301.49,65849322681.34,62125207942.9,891072277.96,952487319.54,294037405.25,650888596.15,1765711555.9,3171580557.53,12739507994.05,25563565576.89,70850236838.82,96413802415.71,51025769903.65,8060859895.07,59086629798.72,37327172616.99,2158988916.91,-127608154.96,-1879097235.27,152043659.17,2013-12-30
2014-01-10,sh.600005,2.06,2.08,2.05,2.06,2.06,12149376.0,25098380.0,3,0.120365,1,0.0,39.020383,0.574932,0.228453,-77.905598,0,2013-09-30,658449914.29,66659300301.49,65849322681.34,62125207942.9,891072277.96,952487319.54,294037405.25,650888596.15,1765711555.9,3171580557.53,12739507994.05,25563565576.89,70850236838.82,96413802415.71,51025769903.65,8060859895.07,59086629798.72,37327172616.99,2158988916.91,-127608154.96,-1879097235.27,152043659.17,2013-12-30
2014-01-13,sh.600005,2.06,2.11,2.05,2.11,2.06,20604153.0,42969928.0,3,0.204127,1,2.4272,39.96748,0.588886,0.233998,-79.79651,0,2013-09-30,658449914.29,66659300301.49,65849322681.34,62125207942.9,891072277.96,952487319.54,294037405.25,650888596.15,1765711555.9,3171580557.53,12739507994.05,25563565576.89,70850236838.82,96413802415.71,51025769903.65,8060859895.07,59086629798.72,37327172616.99,2158988916.91,-127608154.96,-1879097235.27,152043659.17,2013-12-30
2014-01-14,sh.600005,2.1,2.11,2.09,2.11,2.11,6822310.0,14335119.0,3,0.067589,1,0.0,39.96748,0.588886,0.233998,-79.79651,0,2013-09-30,658449914.29,66659300301.49,65849322681.34,62125207942.9,891072277.96,952487319.54,294037405.25,650888596.15,1765711555.9,3171580557.53,12739507994.05,25563565576.89,70850236838.82,96413802415.71,51025769903.65,8060859895.07,59086629798.72,37327172616.99,2158988916.91,-127608154.96,-1879097235.27,152043659.17,2013-12-30
2014-01-15,sh.600005,2.1,2.11,2.08,2.08,2.11,7356202.0,15359337.0,3,0.072879,1,-1.4218,39.399222,0.580514,0.230671,-78.661963,0,2013-09-30,658449914.29,66659300301.49,65849322681.34,62125207942.9,891072277.96,952487319.54,294037405.25,650888596.15,1765711555.9,3171580557.53,12739507994.05,25563565576.89,70850236838.82,96413802415.71,51025769903.65,8060859895.07,59086629798.72,37327172616.99,2158988916.91,-127608154.96,-1879097235.27,152043659.17,2013-12-30
2014-01-16,sh.600005,2.09,2.11,2.07,2.1,2.08,7464757.0,15604907.0,3,0.073954,1,0.9615,39.77806,0.586095,0.232889,-79.418328,0,2013-09-30,658449914.29,66659300301.49,65849322681.34,62125207942.9,891072277.96,952487319.54,294037405.25,650888596.15,1765711555.9,3171580557.53,12739507994.05,25563565576.89,70850236838.82,96413802415.71,51025769903.65,8060859895.07,59086629798.72,37327172616.99,2158988916.91,-127608154.96,-1879097235.27,152043659.17,2013-12-30
2014-01-17,sh.600005,2.09,2.1,2.06,2.06,2.1,8398487.0,17436895.0,3,0.083205,1,-1.9048,39.020383,0.574932,0.228453,-77.905598,0,2013-09-30,658449914.29,66659300301.49,65849322681.34,62125207942.9,891072277.96,952487319.54,294037405.25,650888596.15,1765711555.9,3171580557.53,12739507994.05,25563565576.89,70850236838.82,96413802415.71,51025769903.65,8060859895.07,59086629798.72,37327172616.99,2158988916.91,-127608154.96,-1879097235.27,152043659.17,2013-12-30
2014-01-20,sh.600005,2.06,2.07,2.05,2.06,2.06,7321319.0,15060471.0,3,0.072533,1,0.0,39.020383,0.574932,0.228453,-77.905598,0,2013-09-30,658449914.29,66659300301.49,65849322681.34,62125207942.9,891072277.96,952487319.54,294037405.25,650888596.15,1765711555.9,3171580557.53,12739507994.05,25563565576.89,70850236838.82,96413802415.71,51025769903.65,8060859895.07,59086629798.72,37327172616.99,2158988916.91,-127608154.96,-1879097235.27,152043659.17,2013-12-30
2014-01-21,sh.600005,2.06,2.08,2.05,2.07,2.06,6379312.0,13200226.0,3,0.0632,1,0.4854,39.209802,0.577723,0.229562,-78.28378,0,2013-09-30,658449914.29,66659300301.49,65849322681.34,62125207942.9,891072277.96,952487319.54,294037405.25,650888596.15,1765711555.9,3171580557.53,12739507994.05,25563565576.89,70850236838.82,96413802415.71,51025769903.65,8060859895.07,59086629798.72,37327172616.99,2158988916.91,-127608154.96,-1879097235.27,152043659.17,2013-12-30
2014-01-22,sh.600005,2.08,2.11,2.07,2.1,2.07,12511766.0,26219796.0,3,0.123955,1,1.4493,39.77806,0.586095,0.232889,-79.418328,0,2013-09-30,658449914.29,66659300301.49,65849322681.34,62125207942.9,891072277.96,952487319.54,294037405.25,650888596.15,1765711555.9,3171580557.53,12739507994.05,25563565576.89,70850236838.82,96413802415.71,51025769903.65,8060859895.07,59086629798.72,37327172616.99,2158988916.91,-127608154.96,-1879097235.27,152043659.17,2013-12-30
2014-01-23,sh.600005,2.09,2.1,2.08,2.09,2.1,8120877.0,16981952.0,3,0.080454,1,-0.4762,39.588641,0.583304,0.23178,-79.040145,0,2013-09-30,658449914.29,66659300301.49,65849322681.34,62125207942.9,891072277.96,952487319.54,294037405.25,650888596.15,1765711555.9,3171580557.53,12739507994.05,25563565576.89,70850236838.82,96413802415.71,51025769903.65,8060859895.07,59086629798.72,37327172616.99,2158988916.91,-127608154.96,-1879097235.27,152043659.17,2013-12-30
2014-01-24,sh.600005,2.08,2.13,2.08,2.11,2.09,15683639.0,33038551.0,3,0.155379,1,0.9569,39.96748,0.588886,0.233998,-79.79651,0,2013-09-30,658449914.29,66659300301.49,65849322681.34,62125207942.9,891072277.96,952487319.54,294037405.25,650888596.15,1765711555.9,3171580557.53,12739507994.05,25563565576.89,70850236838.82,96413802415.71,51025769903.65,8060859895.07,59086629798.72,37327172616.99,2158988916.91,-127608154.96,-1879097235.27,152043659.17,2013-12-30
2014-01-27,sh.600005,2.1,2.12,2.09,2.09,2.11,7234819.0,15204429.0,3,0.071676,1,-0.9479,39.588641,0.583304,0.23178,-79.040145,0,2013-09-30,658449914.29,66659300301.49,65849322681.34,62125207942.9,891072277.96,952487319.54,294037405.25,650888596.15,1765711555.9,3171580557.53,12739507994.05,25563565576.89,70850236838.82,96413802415.71,51025769903.65,8060859895.07,59086629798.72,37327172616.99,2158988916.91,-127608154.96,-1879097235.27,152043659.17,2013-12-30
2014-01-28,sh.600005,2.1,2.11,2.09,2.1,2.09,6402322.0,13436572.0,3,0.063428,1,0.4785,39.77806,0.586095,0.232889,-79.418328,0,2013-09-30,658449914.29,66659300301.49,65849322681.34,62125207942.9,891072277.96,952487319.54,294037405.25,650888596.15,1765711555.9,3171580557.53,12739507994.05,25563565576.89,70850236838.82,96413802415.71,51025769903.65,8060859895.07,59086629798.72,37327172616.99,2158988916.91,-127608154.96,-1879097235.27,152043659.17,2013-12-30
2014-01-29,sh.600005,2.1,2.11,2.09,2.11,2.1,5436839.0,11437621.0,3,0.053863,1,0.4762,39.96748,0.588886,0.233998,-79.79651,0,2013-09-30,658449914.29,66659300301.49,65849322681.34,62125207942.9,891072277.96,952487319.54,294037405.25,650888596.15,1765711555.9,3171580557.53,12739507994.05,25563565576.89,70850236838.82,96413802415.71,51025769903.65,8060859895.07,59086629798.72,37327172616.99,2158988916.91,-127608154.96,-1879097235.27,152043659.17,2013-12-30
2014-01-30,sh.600005,2.1,2.11,2.08,2.08,2.11,6175930.0,12937645.0,3,0.061186,1,-1.4218,39.399222,0.580514,0.230671,-78.661963,0,2013-09-30,658449914.29,66659300301.49,65849322681.34,62125207942.9,891072277.96,952487319.54,294037405.25,650888596.15,1765711555.9,3171580557.53,12739507994.05,25563565576.89,70850236838.82,96413802415.71,51025769903.65,8060859895.07,59086629798.72,37327172616.99,2158988916.91,-127608154.96,-1879097235.27,152043659.17,2013-12-30
2014-02-07,sh.600005,2.08,2.09,2.07,2.09,2.08,5962947.0,12405153.0,3,0.059075,1,0.4808,39.588641,0.583304,0.23178,-79.040145,0,2013-09-30,658449914.29,66659300301.49,65849322681.34,62125207942.9,891072277.96,952487319.54,294037405.25,650888596.15,1765711555.9,3171580557.53,12739507994.05,25563565576.89,70850236838.82,96413802415.71,51025769903.65,8060859895.07,59086629798.72,37327172616.99,2158988916.91,-127608154.96,-1879097235.27,152043659.17,2013-12-30
2014-02-10,sh.600005,2.09,2.13,2.09,2.12,2.09,14850221.0,31407643.0,3,0.147122,1,1.4354,40.156899,0.591677,0.235107,-80.174693,0,2013-09-30,658449914.29,66659300301.49,65849322681.34,62125207942.9,891072277.96,952487319.54,294037405.25,650888596.15,1765711555.9,3171580557.53,12739507994.05,25563565576.89,70850236838.82,96413802415.71,51025769903.65,8060859895.07,59086629798.72,37327172616.99,2158988916.91,-127608154.96,-1879097235.27,152043659.17,2013-12-30
2014-02-11,sh.600005,2.12,2.14,2.11,2.13,2.12,13887794.0,29523369.0,3,0.137588,1,0.4717,40.346318,0.594468,0.236216,-80.552875,0,2013-09-30,658449914.29,66659300301.49,65849322681.34,62125207942.9,891072277.96,952487319.54,294037405.25,650888596.15,1765711555.9,3171580557.53,12739507994.05,25563565576.89,70850236838.82,96413802415.71,51025769903.65,8060859895.07,59086629798.72,37327172616.99,2158988916.91,-127608154.96,-1879097235.27,152043659.17,2013-12-30
2014-02-12,sh.600005,2.13,2.14,2.11,2.13,2.13,14996043.0,31919814.0,3,0.148567,1,0.0,40.346318,0.594468,0.236216,-80.552875,0,2013-09-30,658449914.29,66659300301.49,65849322681.34,62125207942.9,891072277.96,952487319.54,294037405.25,650888596.15,1765711555.9,3171580557.53,12739507994.05,25563565576.89,70850236838.82,96413802415.71,51025769903.65,8060859895.07,59086629798.72,37327172616.99,2158988916.91,-127608154.96,-1879097235.27,152043659.17,2013-12-30
2014-02-13,sh.600005,2.13,2.14,2.11,2.11,2.13,17407465.0,36926816.0,3,0.172457,1,-0.939,39.96748,0.588886,0.233998,-79.79651,0,2013-09-30,658449914.29,66659300301.49,65849322681.34,62125207942.9,891072277.96,952487319.54,294037405.25,650888596.15,1765711555.9,3171580557.53,12739507994.05,25563565576.89,70850236838.82,96413802415.71,51025769903.65,8060859895.07,59086629798.72,37327172616.99,2158988916.91,-127608154.96,-1879097235.27,152043659.17,2013-12-30
2014-02-14,sh.600005,2.11,2.13,2.1,2.12,2.11,10939875.0,23156912.0,3,0.108382,1,0.4739,40.156899,0.591677,0.235107,-80.174693,0,2013-09-30,658449914.29,66659300301.49,65849322681.34,62125207942.9,891072277.96,952487319.54,294037405.25,650888596.15,1765711555.9,3171580557.53,12739507994.05,25563565576.89,70850236838.82,96413802415.71,51025769903.65,8060859895.07,59086629798.72,37327172616.99,2158988916.91,-127608154.96,-1879097235.27,152043659.17,2013-12-30
2014-02-17,sh.600005,2.13,2.15,2.12,2.15,2.12,18088902.0,38603700.0,3,0.179208,1,1.4151,40.725157,0.60005,0.238434,-81.30924,0,2013-09-30,658449914.29,66659300301.49,65849322681.34,62125207942.9,891072277.96,952487319.54,294037405.25,650888596.15,1765711555.9,3171580557.53,12739507994.05,25563565576.89,70850236838.82,96413802415.71,51025769903.65,8060859895.07,59086629798.72,37327172616.99,2158988916.91,-127608154.96,-1879097235.27,152043659.17,2013-12-30
2014-02-18,sh.600005,2.14,2.15,2.11,2.13,2.15,14163274.0,30107627.0,3,0.140317,1,-0.9302,40.346318,0.594468,0.236216,-80.552875,0,2013-09-30,658449914.29,66659300301.49,65849322681.34,62125207942.9,891072277.96,952487319.54,294037405.25,650888596.15,1765711555.9,3171580557.53,12739507994.05,25563565576.89,70850236838.82,96413802415.71,51025769903.65,8060859895.07,59086629798.72,37327172616.99,2158988916.91,-127608154.96,-1879097235.27,152043659.17,2013-12-30
2014-02-19,sh.600005,2.13,2.15,2.11,2.14,2.13,15941793.0,33965687.0,3,0.157937,1,0.4695,40.535738,0.597259,0.237325,-80.931058,0,2013-09-30,658449914.29,66659300301.49,65849322681.34,62125207942.9,891072277.96,952487319.54,294037405.25,650888596.15,1765711555.9,3171580557.53,12739507994.05,25563565576.89,70850236838.82,96413802415.71,51025769903.65,8060859895.07,59086629798.72,37327172616.99,2158988916.91,-127608154.96,-1879097235.27,152043659.17,2013-12-30
2014-02-20,sh.600005,2.14,2.16,2.13,2.15,2.14,22413902.0,48124561.0,3,0.222057,1,0.4673,40.725157,0.60005,0.238434,-81.30924,0,2013-09-30,658449914.29,66659300301.49,65849322681.34,62125207942.9,891072277.96,952487319.54,294037405.25,650888596.15,1765711555.9,3171580557.53,12739507994.05,25563565576.89,70850236838.82,96413802415.71,51025769903.65,8060859895.07,59086629798.72,37327172616.99,2158988916.91,-127608154.96,-1879097235.27,152043659.17,2013-12-30
2014-02-21,sh.600005,2.14,2.14,2.11,2.12,2.15,13011457.0,27611406.0,3,0.128906,1,-1.3953,40.156899,0.591677,0.235107,-80.174693,0,2013-09-30,658449914.29,66659300301.49,65849322681.34,62125207942.9,891072277.96,952487319.54,294037405.25,650888596.15,1765711555.9,3171580557.53,12739507994.05,25563565576.89,70850236838.82,96413802415.71,51025769903.65,8060859895.07,59086629798.72,37327172616.99,2158988916.91,-127608154.96,-1879097235.27,152043659.17,2013-12-30
2014-02-24,sh.600005,2.12,2.12,2.07,2.08,2.12,18400094.0,38313073.0,3,0.182291,1,-1.8868,39.399222,0.580514,0.230671,-78.661963,0,2013-09-30,658449914.29,66659300301.49,65849322681.34,62125207942.9,891072277.96,952487319.54,294037405.25,650888596.15,1765711555.9,3171580557.53,12739507994.05,25563565576.89,70850236838.82,96413802415.71,51025769903.65,8060859895.07,59086629798.72,37327172616.99,2158988916.91,-127608154.96,-1879097235.27,152043659.17,2013-12-30
2014-02-25,sh.600005,2.07,2.09,2.03,2.04,2.08,18000827.0,37128697.0,3,0.178336,1,-1.9231,38.641544,0.56935,0.226235,-77.149233,0,2013-09-30,658449914.29,66659300301.49,65849322681.34,62125207942.9,891072277.96,952487319.54,294037405.25,650888596.15,1765711555.9,3171580557.53,12739507994.05,25563565576.89,70850236838.82,96413802415.71,51025769903.65,8060859895.07,59086629798.72,37327172616.99,2158988916.91,-127608154.96,-1879097235.27,152043659.17,2013-12-30
2014-02-26,sh.600005,2.04,2.06,2.03,2.06,2.04,13471279.0,27514975.0,3,0.133461,1,0.9804,39.020383,0.574932,0.228453,-77.905598,0,2013-09-30,658449914.29,66659300301.49,65849322681.34,62125207942.9,891072277.96,952487319.54,294037405.25,650888596.15,1765711555.9,3171580557.53,12739507994.05,25563565576.89,70850236838.82,96413802415.71,51025769903.65,8060859895.07,59086629798.72,37327172616.99,2158988916.91,-127608154.96,-1879097235.27,152043659.17,2013-12-30
2014-02-27,sh.600005,2.06,2.08,2.04,2.06,2.06,12606952.0,25948427.0,3,0.124898,1,0.0,39.020383,0.574932,0.228453,-77.905598,0,2013-09-30,658449914.29,66659300301.49,65849322681.34,62125207942.9,891072277.96,952487319.54,294037405.25,650888596.15,1765711555.9,3171580557.53,12739507994.05,25563565576.89,70850236838.82,96413802415.71,51025769903.65,8060859895.07,59086629798.72,37327172616.99,2158988916.91,-127608154.96,-1879097235.27,152043659.17,2013-12-30
2014-02-28,sh.600005,2.06,2.07,2.04,2.06,2.06,9020003.0,18515683.0,3,0.089362,1,0.0,39.020383,0.574932,0.228453,-77.905598,0,2013-09-30,658449914.29,66659300301.49,65849322681.34,62125207942.9,891072277.96,952487319.54,294037405.25,650888596.15,1765711555.9,3171580557.53,12739507994.05,25563565576.89,70850236838.82,96413802415.71,51025769903.65,8060859895.07,59086629798.72,37327172616.99,2158988916.91,-127608154.96,-1879097235.27,152043659.17,2013-12-30
2014-03-03,sh.600005,2.06,2.09,2.05,2.07,2.06,13070213.0,27060692.0,3,0.129488,1,0.4854,39.209802,0.577723,0.229562,-78.28378,0,2013-09-30,658449914.29,66659300301.49,65849322681.34,62125207942.9,891072277.96,952487319.54,294037405.25,650888596.15,1765711555.9,3171580557.53,12739507994.05,25563565576.89,70850236838.82,96413802415.71,51025769903.65,8060859895.07,59086629798.72,37327172616.99,2158988916.91,-127608154.96,-1879097235.27,152043659.17,2013-12-30
2014-03-04,sh.600005,2.06,2.08,2.05,2.07,2.07,9204497.0,18986646.0,3,0.09119,1,0.0,39.209802,0.577723,0.229562,-78.28378,0,2013-09-30,658449914.29,66659300301.49,65849322681.34,62125207942.9,891072277.96,952487319.54,294037405.25,650888596.15,1765711555.9,3171580557.53,12739507994.05,25563565576.89,70850236838.82,96413802415.71,51025769903.65,8060859895.07,59086629798.72,37327172616.99,2158988916.91,-127608154.96,-1879097235.27,152043659.17,2013-12-30
2014-03-05,sh.600005,2.07,2.08,2.05,2.05,2.07,7254868.0,14952187.0,3,0.071875,1,-0.9662,38.830964,0.572141,0.227344,-77.527415,0,2013-09-30,658449914.29,66659300301.49,65849322681.34,62125207942.9,891072277.96,952487319.54,294037405.25,650888596.15,1765711555.9,3171580557.53,12739507994.05,25563565576.89,70850236838.82,96413802415.71,51025769903.65,8060859895.07,59086629798.72,37327172616.99,2158988916.91,-127608154.96,-1879097235.27,152043659.17,2013-12-30
2014-03-06,sh.600005,2.05,2.07,2.04,2.07,2.05,8676382.0,17829453.0,3,0.085958,1,0.9756,39.209802,0.577723,0.229562,-78.28378,0,2013-09-30,658449914.29,66659300301.49,65849322681.34,62125207942.9,891072277.96,952487319.54,294037405.25,650888596.15,1765711555.9,3171580557.53,12739507994.05,25563565576.89,70850236838.82,96413802415.71,51025769903.65,8060859895.07,59086629798.72,37327172616.99,2158988916.91,-127608154.96,-1879097235.27,152043659.17,2013-12-30
2014-03-07,sh.600005,2.07,2.08,2.05,2.05,2.07,9423688.0,19459747.0,3,0.093361,1,-0.9662,38.830964,0.572141,0.227344,-77.527415,0,2013-09-30,658449914.29,66659300301.49,65849322681.34,62125207942.9,891072277.96,952487319.54,294037405.25,650888596.15,1765711555.9,3171580557.53,12739507994.05,25563565576.89,70850236838.82,96413802415.71,51025769903.65,8060859895.07,59086629798.72,37327172616.99,2158988916.91,-127608154.96,-1879097235.27,152043659.17,2013-12-30
2014-03-10,sh.600005,2.05,2.06,2.0,2.0,2.05,17749080.0,35989860.0,3,0.175842,1,-2.439,37.883867,0.558186,0.221799,-75.636502,0,2013-09-30,658449914.29,66659300301.49,65849322681.34,62125207942.9,891072277.96,952487319.54,294037405.25,650888596.15,1765711555.9,3171580557.53,12739507994.05,25563565576.89,70850236838.82,96413802415.71,51025769903.65,8060859895.07,59086629798.72,37327172616.99,2158988916.91,-127608154.96,-1879097235.27,152043659.17,2013-12-30
2014-03-11,sh.600005,2.01,2.03,2.0,2.02,2.0,12462743.0,25065507.0,3,0.12347,1,1.0,38.262706,0.563768,0.224017,-76.392868,0,2013-09-30,658449914.29,66659300301.49,65849322681.34,62125207942.9,891072277.96,952487319.54,294037405.25,650888596.15,1765711555.9,3171580557.53,12739507994.05,25563565576.89,70850236838.82,96413802415.71,51025769903.65,8060859895.07,59086629798.72,37327172616.99,2158988916.91,-127608154.96,-1879097235.27,152043659.17,2013-12-30
2014-03-12,sh.600005,2.02,2.04,2.0,2.02,2.02,10633656.0,21467208.0,3,0.105349,1,0.0,38.262706,0.563768,0.224017,-76.392868,0,2013-09-30,658449914.29,66659300301.49,65849322681.34,62125207942.9,891072277.96,952487319.54,294037405.25,650888596.15,1765711555.9,3171580557.53,12739507994.05,25563565576.89,70850236838.82,96413802415.71,51025769903.65,8060859895.07,59086629798.72,37327172616.99,2158988916.91,-127608154.96,-1879097235.27,152043659.17,2013-12-30
2014-03-13,sh.600005,2.01,2.04,2.01,2.04,2.02,10956060.0,22218625.0,3,0.108543,1,0.9901,38.641544,0.56935,0.226235,-77.149233,0,2013-09-30,658449914.29,66659300301.49,65849322681.34,62125207942.9,891072277.96,952487319.54,294037405.25,650888596.15,1765711555.9,3171580557.53,12739507994.05,25563565576.89,70850236838.82,96413802415.71,51025769903.65,8060859895.07,59086629798.72,37327172616.99,2158988916.91,-127608154.96,-1879097235.27,152043659.17,2013-12-30
2014-03-14,sh.600005,2.02,2.04,2.0,2.01,2.04,10960823.0,22111766.0,3,0.10859,1,-1.4706,38.073286,0.560977,0.222908,-76.014685,0,2013-09-30,658449914.29,66659300301.49,65849322681.34,62125207942.9,891072277.96,952487319.54,294037405.25,650888596.15,1765711555.9,3171580557.53,12739507994.05,25563565576.89,70850236838.82,96413802415.71,51025769903.65,8060859895.07,59086629798.72,37327172616.99,2158988916.91,-127608154.96,-1879097235.27,152043659.17,2013-12-30
2014-03-17,sh.600005,2.01,2.03,2.01,2.02,2.01,9728728.0,19654690.0,3,0.096383,1,0.4975,38.262706,0.563768,0.224017,-76.392868,0,2013-09-30,658449914.29,66659300301.49,65849322681.34,62125207942.9,891072277.96,952487319.54,294037405.25,650888596.15,1765711555.9,3171580557.53,12739507994.05,25563565576.89,70850236838.82,96413802415.71,51025769903.65,8060859895.07,59086629798.72,37327172616.99,2158988916.91,-127608154.96,-1879097235.27,152043659.17,2013-12-30
2014-03-18,sh.600005,2.02,2.03,2.01,2.02,2.02,11801938.0,23843956.0,3,0.116923,1,0.0,38.262706,0.563768,0.224017,-76.392868,0,2013-09-30,658449914.29,66659300301.49,65849322681.34,62125207942.9,891072277.96,952487319.54,294037405.25,650888596.15,1765711555.9,3171580557.53,12739507994.05,25563565576.89,70850236838.82,96413802415.71,51025769903.65,8060859895.07,59086629798.72,37327172616.99,2158988916.91,-127608154.96,-1879097235.27,152043659.17,2013-12-30
2014-03-19,sh.600005,2.01,2.04,2.0,2.03,2.02,16822357.0,34043444.0,3,0.166661,1,0.495,38.452125,0.566559,0.225126,-76.77105,0,2013-09-30,658449914.29,66659300301.49,65849322681.34,62125207942.9,891072277.96,952487319.54,294037405.25,650888596.15,1765711555.9,3171580557.53,12739507994.05,25563565576.89,70850236838.82,96413802415.71,51025769903.65,8060859895.07,59086629798.72,37327172616.99,2158988916.91,-127608154.96,-1879097235.27,152043659.17,2013-12-30
2014-03-20,sh.600005,2.03,2.04,2.0,2.01,2.03,13091099.0,26439037.0,3,0.129695,1,-0.9852,38.073286,0.560977,0.222908,-76.014685,0,2013-09-30,658449914.29,66659300301.49,65849322681.34,62125207942.9,891072277.96,952487319.54,294037405.25,650888596.15,1765711555.9,3171580557.53,12739507994.05,25563565576.89,70850236838.82,96413802415.71,51025769903.65,8060859895.07,59086629798.72,37327172616.99,2158988916.91,-127608154.96,-1879097235.27,152043659.17,2013-12-30
2014-03-21,sh.600005,2.01,2.05,2.0,2.05,2.01,20327026.0,41261075.0,3,0.201382,1,1.99,38.830964,0.572141,0.227344,-77.527415,0,2013-09-30,658449914.29,66659300301.49,65849322681.34,62125207942.9,891072277.96,952487319.54,294037405.25,650888596.15,1765711555.9,3171580557.53,12739507994.05,25563565576.89,70850236838.82,96413802415.71,51025769903.65,8060859895.07,59086629798.72,37327172616.99,2158988916.91,-127608154.96,-1879097235.27,152043659.17,2013-12-30
2014-03-24,sh.600005,2.05,2.1,2.03,2.09,2.05,35860424.0,74362752.0,3,0.355273,1,1.9512,39.588641,0.583304,0.23178,-79.040145,0,2013-09-30,658449914.29,66659300301.49,65849322681.34,62125207942.9,891072277.96,952487319.54,294037405.25,650888596.15,1765711555.9,3171580557.53,12739507994.05,25563565576.89,70850236838.82,96413802415.71,51025769903.65,8060859895.07,59086629798.72,37327172616.99,2158988916.91,-127608154.96,-1879097235.27,152043659.17,2013-12-30
2014-03-25,sh.600005,2.08,2.09,2.06,2.08,2.09,22486100.0,46672254.0,3,0.222772,1,-0.4785,39.399222,0.580514,0.230671,-78.661963,0,2013-09-30,658449914.29,66659300301.49,65849322681.34,62125207942.9,891072277.96,952487319.54,294037405.25,650888596.15,1765711555.9,3171580557.53,12739507994.05,25563565576.89,70850236838.82,96413802415.71,51025769903.65,8060859895.07,59086629798.72,37327172616.99,2158988916.91,-127608154.96,-1879097235.27,152043659.17,2013-12-30
2014-03-26,sh.600005,2.08,2.08,2.05,2.07,2.08,9746763.0,20109050.0,3,0.096562,1,-0.4808,39.209802,0.577723,0.229562,-78.28378,0,2013-09-30,658449914.29,66659300301.49,65849322681.34,62125207942.9,891072277.96,952487319.54,294037405.25,650888596.15,1765711555.9,3171580557.53,12739507994.05,25563565576.89,70850236838.82,96413802415.71,51025769903.65,8060859895.07,59086629798.72,37327172616.99,2158988916.91,-127608154.96,-1879097235.27,152043659.17,2013-12-30
2014-03-27,sh.600005,2.06,2.08,2.04,2.06,2.07,15859279.0,32715075.0,3,0.157119,1,-0.4831,39.020383,0.574932,0.228453,-77.905598,0,2013-09-30,658449914.29,66659300301.49,65849322681.34,62125207942.9,891072277.96,952487319.54,294037405.25,650888596.15,1765711555.9,3171580557.53,12739507994.05,25563565576.89,70850236838.82,96413802415.71,51025769903.65,8060859895.07,59086629798.72,37327172616.99,2158988916.91,-127608154.96,-1879097235.27,152043659.17,2013-12-30
2014-03-28,sh.600005,2.05,2.07,2.04,2.05,2.06,15443274.0,31754864.0,3,0.152998,1,-0.4854,38.830964,0.572141,0.227344,-77.527415,0,2013-09-30,658449914.29,66659300301.49,65849322681.34,62125207942.9,891072277.96,952487319.54,294037405.25,650888596.15,1765711555.9,3171580557.53,12739507994.05,25563565576.89,70850236838.82,96413802415.71,51025769903.65,8060859895.07,59086629798.72,37327172616.99,2158988916.91,-127608154.96,-1879097235.27,152043659.17,2013-12-30
2014-03-31,sh.600005,2.05,2.07,2.04,2.05,2.05,10335818.0,21225400.0,3,0.102398,1,0.0,38.830964,0.572141,0.227344,-77.527415,0,2013-12-31,583315826.26,101489300638.04,101227039918.51,95230282939.64,457715252.96,802650289.07,219334462.81,561041368.88,3518879930.67,10538452031.53,14154615670.46,40820829550.16,74987289440.13,115808118990.29,65680769172.43,9354632284.69,75035401457.12,40772717533.17,3368856107.65,-4690863043.98,2174079315.91,728731695.18,2014-03-31
2014-04-01,sh.600005,2.05,2.07,2.04,2.06,2.05,8398017.0,17294299.0,3,0.0832,1,0.4878,39.020383,0.574932,0.228453,-77.905598,0,2013-12-31,583315826.26,101489300638.04,101227039918.51,95230282939.64,457715252.96,802650289.07,219334462.81,561041368.88,3518879930.67,10538452031.53,14154615670.46,40820829550.16,74987289440.13,115808118990.29,65680769172.43,9354632284.69,75035401457.12,40772717533.17,3368856107.65,-4690863043.98,2174079315.91,728731695.18,2014-03-31
2014-04-02,sh.600005,2.06,2.11,2.06,2.09,2.06,29531069.0,61533832.0,3,0.292567,1,1.4563,39.588641,0.583304,0.23178,-79.040145,0,2013-12-31,583315826.26,101489300638.04,101227039918.51,95230282939.64,457715252.96,802650289.07,219334462.81,561041368.88,3518879930.67,10538452031.53,14154615670.46,40820829550.16,74987289440.13,115808118990.29,65680769172.43,9354632284.69,75035401457.12,40772717533.17,3368856107.65,-4690863043.98,2174079315.91,728731695.18,2014-03-31
2014-04-03,sh.600005,2.09,2.09,2.05,2.06,2.09,17005000.0,35204728.0,3,0.16847,1,-1.4354,39.020383,0.574932,0.228453,-77.905598,0,2013-12-31,583315826.26,101489300638.04,101227039918.51,95230282939.64,457715252.96,802650289.07,219334462.81,561041368.88,3518879930.67,10538452031.53,14154615670.46,40820829550.16,74987289440.13,115808118990.29,65680769172.43,9354632284.69,75035401457.12,40772717533.17,3368856107.65,-4690863043.98,2174079315.91,728731695.18,2014-03-31
2014-04-04,sh.600005,2.05,2.07,2.04,2.07,2.06,9487587.0,19516109.0,3,0.093994,1,0.4854,39.209802,0.577723,0.229562,-78.28378,0,2013-12-31,583315826.26,101489300638.04,101227039918.51,95230282939.64,457715252.96,802650289.07,219334462.81,561041368.88,3518879930.67,10538452031.53,14154615670.46,40820829550.16,74987289440.13,115808118990.29,65680769172.43,9354632284.69,75035401457.12,40772717533.17,3368856107.65,-4690863043.98,2174079315.91,728731695.18,2014-03-31
2014-04-08,sh.600005,2.06,2.09,2.06,2.09,2.07,15770064.0,32719192.0,3,0.156235,1,0.9662,39.588641,0.583304,0.23178,-79.040145,0,2013-12-31,583315826.26,101489300638.04,101227039918.51,95230282939.64,457715252.96,802650289.07,219334462.81,561041368.88,3518879930.67,10538452031.53,14154615670.46,40820829550.16,74987289440.13,115808118990.29,65680769172.43,9354632284.69,75035401457.12,40772717533.17,3368856107.65,-4690863043.98,2174079315.91,728731695.18,2014-03-31
2014-04-09,sh.600005,2.09,2.09,2.07,2.08,2.09,13501100.0,28104261.0,3,0.133757,1,-0.4785,39.399222,0.580514,0.230671,-78.661963,0,2013-12-31,583315826.26,101489300638.04,101227039918.51,95230282939.64,457715252.96,802650289.07,219334462.81,561041368.88,3518879930.67,10538452031.53,14154615670.46,40820829550.16,74987289440.13,115808118990.29,65680769172.43,9354632284.69,75035401457.12,40772717533.17,3368856107.65,-4690863043.98,2174079315.91,728731695.18,2014-03-31
2014-04-10,sh.600005,2.08,2.17,2.07,2.16,2.08,71995256.0,153045798.0,3,0.713264,1,3.8462,40.914576,0.602841,0.239543,-81.687423,0,2013-12-31,583315826.26,101489300638.04,101227039918.51,95230282939.64,457715252.96,802650289.07,219334462.81,561041368.88,3518879930.67,10538452031.53,14154615670.46,40820829550.16,74987289440.13,115808118990.29,65680769172.43,9354632284.69,75035401457.12,40772717533.17,3368856107.65,-4690863043.98,2174079315.91,728731695.18,2014-03-31
2014-04-11,sh.600005,2.14,2.15,2.13,2.14,2.16,21503230.0,46051850.0,3,0.213034,1,-0.9259,40.535738,0.597259,0.237325,-80.931058,0,2013-12-31,583315826.26,101489300638.04,101227039918.51,95230282939.64,457715252.96,802650289.07,219334462.81,561041368.88,3518879930.67,10538452031.53,14154615670.46,40820829550.16,74987289440.13,115808118990.29,65680769172.43,9354632284.69,75035401457.12,40772717533.17,3368856107.65,-4690863043.98,2174079315.91,728731695.18,2014-03-31
2014-04-14,sh.600005,2.14,2.15,2.12,2.14,2.14,14338207.0,30501449.0,3,0.14205,1,0.0,40.535738,0.597259,0.237325,-80.931058,0,2013-12-31,583315826.26,101489300638.04,101227039918.51,95230282939.64,457715252.96,802650289.07,219334462.81,561041368.88,3518879930.67,10538452031.53,14154615670.46,40820829550.16,74987289440.13,115808118990.29,65680769172.43,9354632284.69,75035401457.12,40772717533.17,3368856107.65,-4690863043.98,2174079315.91,728731695.18,2014-03-31
2014-04-15,sh.600005,2.13,2.13,2.09,2.1,2.14,14321849.0,30220964.0,3,0.141888,1,-1.8692,39.77806,0.586095,0.232889,-79.418328,0,2013-12-31,583315826.26,101489300638.04,101227039918.51,95230282939.64,457715252.96,802650289.07,219334462.81,561041368.88,3518879930.67,10538452031.53,14154615670.46,40820829550.16,74987289440.13,115808118990.29,65680769172.43,9354632284.69,75035401457.12,40772717533.17,3368856107.65,-4690863043.98,2174079315.91,728731695.18,2014-03-31
2014-04-16,sh.600005,2.1,2.11,2.09,2.1,2.1,6923201.0,14532202.0,3,0.068589,1,0.0,39.77806,0.586095,0.232889,-79.418328,0,2013-12-31,583315826.26,101489300638.04,101227039918.51,95230282939.64,457715252.96,802650289.07,219334462.81,561041368.88,3518879930.67,10538452031.53,14154615670.46,40820829550.16,74987289440.13,115808118990.29,65680769172.43,9354632284.69,75035401457.12,40772717533.17,3368856107.65,-4690863043.98,2174079315.91,728731695.18,2014-03-31
2014-04-17,sh.600005,2.1,2.11,2.09,2.09,2.1,7015317.0,14689973.0,3,0.069501,1,-0.4762,39.588641,0.583304,0.23178,-79.040145,0,2013-12-31,583315826.26,101489300638.04,101227039918.51,95230282939.64,457715252.96,802650289.07,219334462.81,561041368.88,3518879930.67,10538452031.53,14154615670.46,40820829550.16,74987289440.13,115808118990.29,65680769172.43,9354632284.69,75035401457.12,40772717533.17,3368856107.65,-4690863043.98,2174079315.91,728731695.18,2014-03-31
2014-04-18,sh.600005,2.09,2.1,2.08,2.09,2.09,6751061.0,14093382.0,3,0.066883,1,0.0,39.588641,0.583304,0.23178,-79.040145,0,2013-12-31,583315826.26,101489300638.04,101227039918.51,95230282939.64,457715252.96,802650289.07,219334462.81,561041368.88,3518879930.67,10538452031.53,14154615670.46,40820829550.16,74987289440.13,115808118990.29,65680769172.43,9354632284.69,75035401457.12,40772717533.17,3368856107.65,-4690863043.98,2174079315.91,728731695.18,2014-03-31
2014-04-21,sh.600005,2.08,2.12,2.07,2.08,2.09,15644373.0,32845992.0,3,0.15499,1,-0.4785,39.399222,0.580514,0.230671,-78.661963,0,2013-12-31,583315826.26,101489300638.04,101227039918.51,95230282939.64,457715252.96,802650289.07,219334462.81,561041368.88,3518879930.67,10538452031.53,14154615670.46,40820829550.16,74987289440.13,115808118990.29,65680769172.43,9354632284.69,75035401457.12,40772717533.17,3368856107.65,-4690863043.98,2174079315.91,728731695.18,2014-03-31
2014-04-22,sh.600005,2.08,2.09,2.06,2.09,2.08,9952333.0,20648087.0,3,0.098599,1,0.4808,39.588641,0.583304,0.23178,-79.040145,0,2013-12-31,583315826.26,101489300638.04,101227039918.51,95230282939.64,457715252.96,802650289.07,219334462.81,561041368.88,3518879930.67,10538452031.53,14154615670.46,40820829550.16,74987289440.13,115808118990.29,65680769172.43,9354632284.69,75035401457.12,40772717533.17,3368856107.65,-4690863043.98,2174079315.91,728731695.18,2014-03-31
2014-04-23,sh.600005,2.08,2.11,2.08,2.09,2.09,8148600.0,17016092.0,3,0.080729,1,0.0,39.588641,0.583304,0.23178,-79.040145,0,2013-12-31,583315826.26,101489300638.04,101227039918.51,95230282939.64,457715252.96,802650289.07,219334462.81,561041368.88,3518879930.67,10538452031.53,14154615670.46,40820829550.16,74987289440.13,115808118990.29,65680769172.43,9354632284.69,75035401457.12,40772717533.17,3368856107.65,-4690863043.98,2174079315.91,728731695.18,2014-03-31
2014-04-24,sh.600005,2.08,2.09,2.06,2.07,2.09,8472674.0,17562055.0,3,0.08394,1,-0.9569,39.209802,0.577723,0.229562,-78.28378,0,2013-12-31,583315826.26,101489300638.04,101227039918.51,95230282939.64,457715252.96,802650289.07,219334462.81,561041368.88,3518879930.67,10538452031.53,14154615670.46,40820829550.16,74987289440.13,115808118990.29,65680769172.43,9354632284.69,75035401457.12,40772717533.17,3368856107.65,-4690863043.98,2174079315.91,728731695.18,2014-03-31
2014-04-25,sh.600005,2.07,2.08,2.04,2.04,2.07,7325888.0,15081136.0,3,0.072578,1,-1.4493,38.641544,0.56935,0.226235,-77.149233,0,2013-12-31,583315826.26,101489300638.04,101227039918.51,95230282939.64,457715252.96,802650289.07,219334462.81,561041368.88,3518879930.67,10538452031.53,14154615670.46,40820829550.16,74987289440.13,115808118990.29,65680769172.43,9354632284.69,75035401457.12,40772717533.17,3368856107.65,-4690863043.98,2174079315.91,728731695.18,2014-03-31
2014-04-28,sh.600005,2.04,2.05,2.01,2.02,2.04,13435767.0,27231627.0,3,0.133109,1,-0.9804,38.262706,0.563768,0.224017,-76.392868,0,2013-12-31,583315826.26,101489300638.04,101227039918.51,95230282939.64,457715252.96,802650289.07,219334462.81,561041368.88,3518879930.67,10538452031.53,14154615670.46,40820829550.16,74987289440.13,115808118990.29,65680769172.43,9354632284.69,75035401457.12,40772717533.17,3368856107.65,-4690863043.98,2174079315.91,728731695.18,2014-03-31
2014-04-29,sh.600005,2.02,2.03,2.0,2.02,2.02,11880953.0,23933030.0,3,0.117706,1,0.0,54.231317,0.56428,0.236954,241.102409,0,2013-12-31,583315826.26,101489300638.04,101227039918.51,95230282939.64,457715252.96,802650289.07,219334462.81,561041368.88,3518879930.67,10538452031.53,14154615670.46,40820829550.16,74987289440.13,115808118990.29,65680769172.43,9354632284.69,75035401457.12,40772717533.17,3368856107.65,-4690863043.98,2174079315.91,728731695.18,2014-03-31
2014-04-30,sh.600005,2.02,2.04,2.02,2.03,2.02,6567119.0,13325207.0,3,0.065061,1,0.495,54.499788,0.567073,0.238127,242.295986,0,2013-12-31,583315826.26,101489300638.04,101227039918.51,95230282939.64,457715252.96,802650289.07,219334462.81,561041368.88,3518879930.67,10538452031.53,14154615670.46,40820829550.16,74987289440.13,115808118990.29,65680769172.43,9354632284.69,75035401457.12,40772717533.17,3368856107.65,-4690863043.98,2174079315.91,728731695.18,2014-03-31
2014-05-05,sh.600005,2.04,2.05,2.02,2.04,2.03,6533900.0,13273672.0,3,0.064732,1,0.4926,54.76826,0.569867,0.2393,243.489562,0,2013-12-31,583315826.26,101489300638.04,101227039918.51,95230282939.64,457715252.96,802650289.07,219334462.81,561041368.88,3518879930.67,10538452031.53,14154615670.46,40820829550.16,74987289440.13,115808118990.29,65680769172.43,9354632284.69,75035401457.12,40772717533.17,3368856107.65,-4690863043.98,2174079315.91,728731695.18,2014-03-31
2014-05-06,sh.600005,2.03,2.06,2.03,2.05,2.04,8079377.0,16561264.0,3,0.080043,1,0.4902,55.036732,0.57266,0.240473,244.683138,0,2013-12-31,583315826.26,101489300638.04,101227039918.51,95230282939.64,457715252.96,802650289.07,219334462.81,561041368.88,3518879930.67,10538452031.53,14154615670.46,40820829550.16,74987289440.13,115808118990.29,65680769172.43,9354632284.69,75035401457.12,40772717533.17,3368856107.65,-4690863043.98,2174079315.91,728731695.18,2014-03-31
2014-05-07,sh.600005,2.05,2.05,2.03,2.03,2.05,4552974.0,9271097.0,3,0.045107,1,-0.9756,54.499788,0.567073,0.238127,242.295986,0,2013-12-31,583315826.26,101489300638.04,101227039918.51,95230282939.64,457715252.96,802650289.07,219334462.81,561041368.88,3518879930.67,10538452031.53,14154615670.46,40820829550.16,74987289440.13,115808118990.29,65680769172.43,9354632284.69,75035401457.12,40772717533.17,3368856107.65,-4690863043.98,2174079315.91,728731695.18,2014-03-31
2014-05-08,sh.600005,2.03,2.05,2.02,2.04,2.03,6060432.0,12347508.0,3,0.060041,1,0.4926,54.76826,0.569867,0.2393,243.489562,0,2013-12-31,583315826.26,101489300638.04,101227039918.51,95230282939.64,457715252.96,802650289.07,219334462.81,561041368.88,3518879930.67,10538452031.53,14154615670.46,40820829550.16,74987289440.13,115808118990.29,65680769172.43,9354632284.69,75035401457.12,40772717533.17,3368856107.65,-4690863043.98,2174079315.91,728731695.18,2014-03-31
2014-05-09,sh.600005,2.03,2.05,2.02,2.04,2.04,6746213.0,13710349.0,3,0.066835,1,0.0,54.76826,0.569867,0.2393,243.489562,0,2013-12-31,583315826.26,101489300638.04,101227039918.51,95230282939.64,457715252.96,802650289.07,219334462.81,561041368.88,3518879930.67,10538452031.53,14154615670.46,40820829550.16,74987289440.13,115808118990.29,65680769172.43,9354632284.69,75035401457.12,40772717533.17,3368856107.65,-4690863043.98,2174079315.91,728731695.18,2014-03-31
2014-05-12,sh.600005,2.05,2.1,2.04,2.09,2.04,29783485.0,61953813.0,3,0.295068,1,2.451,56.11062,0.583834,0.245165,249.457443,0,2013-12-31,583315826.26,101489300638.04,101227039918.51,95230282939.64,457715252.96,802650289.07,219334462.81,561041368.88,3518879930.67,10538452031.53,14154615670.46,40820829550.16,74987289440.13,115808118990.29,65680769172.43,9354632284.69,75035401457.12,40772717533.17,3368856107.65,-4690863043.98,2174079315.91,728731695.18,2014-03-31
2014-05-13,sh.600005,2.09,2.1,2.07,2.07,2.09,13332357.0,27767412.0,3,0.132085,1,-0.9569,55.573676,0.578247,0.242819,247.070291,0,2013-12-31,583315826.26,101489300638.04,101227039918.51,95230282939.64,457715252.96,802650289.07,219334462.81,561041368.88,3518879930.67,10538452031.53,14154615670.46,40820829550.16,74987289440.13,115808118990.29,65680769172.43,9354632284.69,75035401457.12,40772717533.17,3368856107.65,-4690863043.98,2174079315.91,728731695.18,2014-03-31
2014-05-14,sh.600005,2.07,2.09,2.06,2.08,2.07,14290876.0,29640000.0,3,0.141581,1,0.4831,55.842148,0.58104,0.243992,248.263867,0,2013-12-31,583315826.26,101489300638.04,101227039918.51,95230282939.64,457715252.96,802650289.07,219334462.81,561041368.88,3518879930.67,10538452031.53,14154615670.46,40820829550.16,74987289440.13,115808118990.29,65680769172.43,9354632284.69,75035401457.12,40772717533.17,3368856107.65,-4690863043.98,2174079315.91,728731695.18,2014-03-31
2014-05-15,sh.600005,2.07,2.08,2.05,2.05,2.08,9501568.0,19606442.0,3,0.094133,1,-1.4423,55.036732,0.57266,0.240473,244.683138,0,2013-12-31,583315826.26,101489300638.04,101227039918.51,95230282939.64,457715252.96,802650289.07,219334462.81,561041368.88,3518879930.67,10538452031.53,14154615670.46,40820829550.16,74987289440.13,115808118990.29,65680769172.43,9354632284.69,75035401457.12,40772717533.17,3368856107.65,-4690863043.98,2174079315.91,728731695.18,2014-03-31
2014-05-16,sh.600005,2.05,2.06,2.04,2.05,2.05,5642340.0,11572799.0,3,0.055899,1,0.0,55.036732,0.57266,0.240473,244.683138,0,2013-12-31,583315826.26,101489300638.04,101227039918.51,95230282939.64,457715252.96,802650289.07,219334462.81,561041368.88,3518879930.67,10538452031.53,14154615670.46,40820829550.16,74987289440.13,115808118990.29,65680769172.43,9354632284.69,75035401457.12,40772717533.17,3368856107.65,-4690863043.98,2174079315.91,728731695.18,2014-03-31
2014-05-19,sh.600005,2.05,2.06,2.03,2.04,2.05,4795660.0,9797416.0,3,0.047511,1,-0.4878,54.76826,0.569867,0.2393,243.489562,0,2013-12-31,583315826.26,101489300638.04,101227039918.51,95230282939.64,457715252.96,802650289.07,219334462.81,561041368.88,3518879930.67,10538452031.53,14154615670.46,40820829550.16,74987289440.13,115808118990.29,65680769172.43,9354632284.69,75035401457.12,40772717533.17,3368856107.65,-4690863043.98,2174079315.91,728731695.18,2014-03-31
2014-05-20,sh.600005,2.04,2.06,2.04,2.05,2.04,4025069.0,8239671.0,3,0.039877,1,0.4902,55.036732,0.57266,0.240473,244.683138,0,2013-12-31,583315826.26,101489300638.04,101227039918.51,95230282939.64,457715252.96,802650289.07,219334462.81,561041368.88,3518879930.67,10538452031.53,14154615670.46,40820829550.16,74987289440.13,115808118990.29,65680769172.43,9354632284.69,75035401457.12,40772717533.17,3368856107.65,-4690863043.98,2174079315.91,728731695.18,2014-03-31
2014-05-21,sh.600005,2.05,2.06,2.03,2.05,2.05,4215337.0,8628721.0,3,0.041762,1,0.0,55.036732,0.57266,0.240473,244.683138,0,2013-12-31,583315826.26,101489300638.04,101227039918.51,95230282939.64,457715252.96,802650289.07,219334462.81,561041368.88,3518879930.67,10538452031.53,14154615670.46,40820829550.16,74987289440.13,115808118990.29,65680769172.43,9354632284.69,75035401457.12,40772717533.17,3368856107.65,-4690863043.98,2174079315.91,728731695.18,2014-03-31
2014-05-22,sh.600005,2.05,2.07,2.04,2.05,2.05,7307044.0,14994448.0,3,0.072392,1,0.0,55.036732,0.57266,0.240473,244.683138,0,2013-12-31,583315826.26,101489300638.04,101227039918.51,95230282939.64,457715252.96,802650289.07,219334462.81,561041368.88,3518879930.67,10538452031.53,14154615670.46,40820829550.16,74987289440.13,115808118990.29,65680769172.43,9354632284.69,75035401457.12,40772717533.17,3368856107.65,-4690863043.98,2174079315.91,728731695.18,2014-03-31
2014-05-23,sh.600005,2.05,2.05,2.03,2.05,2.05,7342571.0,14989115.0,3,0.072744,1,0.0,55.036732,0.57266,0.240473,244.683138,0,2013-12-31,583315826.26,101489300638.04,101227039918.51,95230282939.64,457715252.96,802650289.07,219334462.81,561041368.88,3518879930.67,10538452031.53,14154615670.46,40820829550.16,74987289440.13,115808118990.29,65680769172.43,9354632284.69,75035401457.12,40772717533.17,3368856107.65,-4690863043.98,2174079315.91,728731695.18,2014-03-31
2014-05-26,sh.600005,2.05,2.06,2.04,2.06,2.05,6483633.0,13291607.0,3,0.064234,1,0.4878,55.305204,0.575453,0.241646,245.876714,0,2013-12-31,583315826.26,101489300638.04,101227039918.51,95230282939.64,457715252.96,802650289.07,219334462.81,561041368.88,3518879930.67,10538452031.53,14154615670.46,40820829550.16,74987289440.13,115808118990.29,65680769172.43,9354632284.69,75035401457.12,40772717533.17,3368856107.65,-4690863043.98,2174079315.91,728731695.18,2014-03-31
2014-05-27,sh.600005,2.06,2.06,2.04,2.04,2.06,4237052.0,8672677.0,3,0.041977,1,-0.9709,54.76826,0.569867,0.2393,243.489562,0,2013-12-31,583315826.26,101489300638.04,101227039918.51,95230282939.64,457715252.96,802650289.07,219334462.81,561041368.88,3518879930.67,10538452031.53,14154615670.46,40820829550.16,74987289440.13,115808118990.29,65680769172.43,9354632284.69,75035401457.12,40772717533.17,3368856107.65,-4690863043.98,2174079315.91,728731695.18,2014-03-31
2014-05-28,sh.600005,2.04,2.05,2.03,2.05,2.04,10613760.0,21643112.0,3,0.105151,1,0.4902,55.036732,0.57266,0.240473,244.683138,0,2013-12-31,583315826.26,101489300638.04,101227039918.51,95230282939.64,457715252.96,802650289.07,219334462.81,561041368.88,3518879930.67,10538452031.53,14154615670.46,40820829550.16,74987289440.13,115808118990.29,65680769172.43,9354632284.69,75035401457.12,40772717533.17,3368856107.65,-4690863043.98,2174079315.91,728731695.18,2014-03-31
2014-05-29,sh.600005,2.05,2.05,2.03,2.03,2.05,6153247.0,12545728.0,3,0.060961,1,-0.9756,54.499788,0.567073,0.238127,242.295986,0,2013-12-31,583315826.26,101489300638.04,101227039918.51,95230282939.64,457715252.96,802650289.07,219334462.81,561041368.88,3518879930.67,10538452031.53,14154615670.46,40820829550.16,74987289440.13,115808118990.29,65680769172.43,9354632284.69,75035401457.12,40772717533.17,3368856107.65,-4690863043.98,2174079315.91,728731695.18,2014-03-31
2014-05-30,sh.600005,2.03,2.05,2.0,2.03,2.03,31995123.0,64470178.0,3,0.316979,1,0.0,54.499788,0.567073,0.238127,242.295986,0,2013-12-31,583315826.26,101489300638.04,101227039918.51,95230282939.64,457715252.96,802650289.07,219334462.81,561041368.88,3518879930.67,10538452031.53,14154615670.46,40820829550.16,74987289440.13,115808118990.29,65680769172.43,9354632284.69,75035401457.12,40772717533.17,3368856107.65,-4690863043.98,2174079315.91,728731695.18,2014-03-31
2014-06-03,sh.600005,2.02,2.02,2.01,2.01,2.03,10577569.0,21323155.0,3,0.104793,1,-0.9852,53.962845,0.561486,0.235781,239.908833,0,2013-12-31,583315826.26,101489300638.04,101227039918.51,95230282939.64,457715252.96,802650289.07,219334462.81,561041368.88,3518879930.67,10538452031.53,14154615670.46,40820829550.16,74987289440.13,115808118990.29,65680769172.43,9354632284.69,75035401457.12,40772717533.17,3368856107.65,-4690863043.98,2174079315.91,728731695.18,2014-03-31
2014-06-04,sh.600005,2.01,2.02,2.0,2.01,2.01,9938885.0,19914550.0,3,0.098465,1,0.0,53.962845,0.561486,0.235781,239.908833,0,2013-12-31,583315826.26,101489300638.04,101227039918.51,95230282939.64,457715252.96,802650289.07,219334462.81,561041368.88,3518879930.67,10538452031.53,14154615670.46,40820829550.16,74987289440.13,115808118990.29,65680769172.43,9354632284.69,75035401457.12,40772717533.17,3368856107.65,-4690863043.98,2174079315.91,728731695.18,2014-03-31
2014-06-05,sh.600005,2.0,2.02,2.0,2.02,2.01,6788286.0,13624341.0,3,0.067252,1,0.4975,54.231317,0.56428,0.236954,241.102409,0,2013-12-31,583315826.26,101489300638.04,101227039918.51,95230282939.64,457715252.96,802650289.07,219334462.81,561041368.88,3518879930.67,10538452031.53,14154615670.46,40820829550.16,74987289440.13,115808118990.29,65680769172.43,9354632284.69,75035401457.12,40772717533.17,3368856107.65,-4690863043.98,2174079315.91,728731695.18,2014-03-31
2014-06-06,sh.600005,2.02,2.02,2.0,2.01,2.02,7293752.0,14651249.0,3,0.07226,1,-0.495,53.962845,0.561486,0.235781,239.908833,0,2013-12-31,583315826.26,101489300638.04,101227039918.51,95230282939.64,457715252.96,802650289.07,219334462.81,561041368.88,3518879930.67,10538452031.53,14154615670.46,40820829550.16,74987289440.13,115808118990.29,65680769172.43,9354632284.69,75035401457.12,40772717533.17,3368856107.65,-4690863043.98,2174079315.91,728731695.18,2014-03-31
2014-06-09,sh.600005,2.01,2.02,2.0,2.0,2.01,5595314.0,11230096.0,3,0.055433,1,-0.4975,53.694373,0.558693,0.234608,238.715257,0,2013-12-31,583315826.26,101489300638.04,101227039918.51,95230282939.64,457715252.96,802650289.07,219334462.81,561041368.88,3518879930.67,10538452031.53,14154615670.46,40820829550.16,74987289440.13,115808118990.29,65680769172.43,9354632284.69,75035401457.12,40772717533.17,3368856107.65,-4690863043.98,2174079315.91,728731695.18,2014-03-31
2014-06-10,sh.600005,2.0,2.02,2.0,2.02,2.0,7489214.0,15049043.0,3,0.074196,1,1.0,54.231317,0.56428,0.236954,241.102409,0,2013-12-31,583315826.26,101489300638.04,101227039918.51,95230282939.64,457715252.96,802650289.07,219334462.81,561041368.88,3518879930.67,10538452031.53,14154615670.46,40820829550.16,74987289440.13,115808118990.29,65680769172.43,9354632284.69,75035401457.12,40772717533.17,3368856107.65,-4690863043.98,2174079315.91,728731695.18,2014-03-31
2014-06-11,sh.600005,2.02,2.02,2.0,2.02,2.02,9337644.0,18789561.0,3,0.092509,1,0.0,54.231317,0.56428,0.236954,241.102409,0,2013-12-31,583315826.26,101489300638.04,101227039918.51,95230282939.64,457715252.96,802650289.07,219334462.81,561041368.88,3518879930.67,10538452031.53,14154615670.46,40820829550.16,74987289440.13,115808118990.29,65680769172.43,9354632284.69,75035401457.12,40772717533.17,3368856107.65,-4690863043.98,2174079315.91,728731695.18,2014-03-31
2014-06-12,sh.600005,2.01,2.02,2.01,2.01,2.02,4379725.0,8811583.0,3,0.04339,1,-0.495,53.962845,0.561486,0.235781,239.908833,0,2013-12-31,583315826.26,101489300638.04,101227039918.51,95230282939.64,457715252.96,802650289.07,219334462.81,561041368.88,3518879930.67,10538452031.53,14154615670.46,40820829550.16,74987289440.13,115808118990.29,65680769172.43,9354632284.69,75035401457.12,40772717533.17,3368856107.65,-4690863043.98,2174079315.91,728731695.18,2014-03-31
2014-06-13,sh.600005,2.01,2.03,2.01,2.03,2.01,11658476.0,23567754.0,3,0.115502,1,0.995,54.499788,0.567073,0.238127,242.295986,0,2013-12-31,583315826.26,101489300638.04,101227039918.51,95230282939.64,457715252.96,802650289.07,219334462.81,561041368.88,3518879930.67,10538452031.53,14154615670.46,40820829550.16,74987289440.13,115808118990.29,65680769172.43,9354632284.69,75035401457.12,40772717533.17,3368856107.65,-4690863043.98,2174079315.91,728731695.18,2014-03-31
2014-06-16,sh.600005,2.03,2.04,2.02,2.04,2.03,10884204.0,22090521.0,3,0.107831,1,0.4926,54.76826,0.569867,0.2393,243.489562,0,2013-12-31,583315826.26,101489300638.04,101227039918.51,95230282939.64,457715252.96,802650289.07,219334462.81,561041368.88,3518879930.67,10538452031.53,14154615670.46,40820829550.16,74987289440.13,115808118990.29,65680769172.43,9354632284.69,75035401457.12,40772717533.17,3368856107.65,-4690863043.98,2174079315.91,728731695.18,2014-03-31
2014-06-17,sh.600005,2.03,2.04,2.02,2.02,2.04,12659960.0,25726500.0,3,0.125423,1,-0.9804,54.231317,0.56428,0.236954,241.102409,0,2013-12-31,583315826.26,101489300638.04,101227039918.51,95230282939.64,457715252.96,802650289.07,219334462.81,561041368.88,3518879930.67,10538452031.53,14154615670.46,40820829550.16,74987289440.13,115808118990.29,65680769172.43,9354632284.69,75035401457.12,40772717533.17,3368856107.65,-4690863043.98,2174079315.91,728731695.18,2014-03-31
2014-06-18,sh.600005,2.02,2.03,2.01,2.01,2.02,8863012.0,17854387.0,3,0.087807,1,-0.495,53.962845,0.561486,0.235781,239.908833,0,2013-12-31,583315826.26,101489300638.04,101227039918.51,95230282939.64,457715252.96,802650289.07,219334462.81,561041368.88,3518879930.67,10538452031.53,14154615670.46,40820829550.16,74987289440.13,115808118990.29,65680769172.43,9354632284.69,75035401457.12,40772717533.17,3368856107.65,-4690863043.98,2174079315.91,728731695.18,2014-03-31
2014-06-19,sh.600005,2.01,2.02,1.98,1.99,2.01,11313125.0,22652629.0,3,0.11208,1,-0.995,53.425901,0.555899,0.233435,237.52168,0,2013-12-31,583315826.26,101489300638.04,101227039918.51,95230282939.64,457715252.96,802650289.07,219334462.81,561041368.88,3518879930.67,10538452031.53,14154615670.46,40820829550.16,74987289440.13,115808118990.29,65680769172.43,9354632284.69,75035401457.12,40772717533.17,3368856107.65,-4690863043.98,2174079315.91,728731695.18,2014-03-31
2014-06-20,sh.600005,1.99,2.0,1.99,2.0,1.99,9157392.0,18254807.0,3,0.090723,1,0.5025,53.694373,0.558693,0.234608,238.715257,0,2013-12-31,583315826.26,101489300638.04,101227039918.51,95230282939.64,457715252.96,802650289.07,219334462.81,561041368.88,3518879930.67,10538452031.53,14154615670.46,40820829550.16,74987289440.13,115808118990.29,65680769172.43,9354632284.69,75035401457.12,40772717533.17,3368856107.65,-4690863043.98,2174079315.91,728731695.18,2014-03-31
2014-06-23,sh.600005,2.0,2.01,1.99,2.0,2.0,4158176.0,8323058.0,3,0.041195,1,0.0,53.694373,0.558693,0.234608,238.715257,0,2013-12-31,583315826.26,101489300638.04,101227039918.51,95230282939.64,457715252.96,802650289.07,219334462.81,561041368.88,3518879930.67,10538452031.53,14154615670.46,40820829550.16,74987289440.13,115808118990.29,65680769172.43,9354632284.69,75035401457.12,40772717533.17,3368856107.65,-4690863043.98,2174079315.91,728731695.18,2014-03-31
2014-06-24,sh.600005,2.0,2.02,1.99,2.01,2.0,8081819.0,16215624.0,3,0.080067,1,0.5,53.962845,0.561486,0.235781,239.908833,0,2013-12-31,583315826.26,101489300638.04,101227039918.51,95230282939.64,457715252.96,802650289.07,219334462.81,561041368.88,3518879930.67,10538452031.53,14154615670.46,40820829550.16,74987289440.13,115808118990.29,65680769172.43,9354632284.69,75035401457.12,40772717533.17,3368856107.65,-4690863043.98,2174079315.91,728731695.18,2014-03-31
2014-06-25,sh.600005,2.01,2.02,2.0,2.01,2.01,5175398.0,10380265.0,3,0.051273,1,0.0,53.962845,0.561486,0.235781,239.908833,0,2013-12-31,583315826.26,101489300638.04,101227039918.51,95230282939.64,457715252.96,802650289.07,219334462.81,561041368.88,3518879930.67,10538452031.53,14154615670.46,40820829550.16,74987289440.13,115808118990.29,65680769172.43,9354632284.69,75035401457.12,40772717533.17,3368856107.65,-4690863043.98,2174079315.91,728731695.18,2014-03-31
2014-06-26,sh.600005,2.0,2.03,2.0,2.03,2.01,12434182.0,25098972.0,3,0.123187,1,0.995,54.499788,0.567073,0.238127,242.295986,0,2013-12-31,583315826.26,101489300638.04,101227039918.51,95230282939.64,457715252.96,802650289.07,219334462.81,561041368.88,3518879930.67,10538452031.53,14154615670.46,40820829550.16,74987289440.13,115808118990.29,65680769172.43,9354632284.69,75035401457.12,40772717533.17,3368856107.65,-4690863043.98,2174079315.91,728731695.18,2014-03-31
2014-06-27,sh.600005,2.01,2.04,2.0,2.02,2.01,19188233.0,38829247.0,3,0.1901,1,0.4975,54.231317,0.56428,0.236954,241.102409,0,2013-12-31,583315826.26,101489300638.04,101227039918.51,95230282939.64,457715252.96,802650289.07,219334462.81,561041368.88,3518879930.67,10538452031.53,14154615670.46,40820829550.16,74987289440.13,115808118990.29,65680769172.43,9354632284.69,75035401457.12,40772717533.17,3368856107.65,-4690863043.98,2174079315.91,728731695.18,2014-03-31
2014-06-30,sh.600005,2.02,2.06,2.02,2.03,2.02,18900522.0,38514640.0,3,0.187249,1,0.495,54.499788,0.567073,0.238127,242.295986,0,2014-03-31,272313250.88,25335438242.6,25021729625.82,23594817001.04,370109139.62,393627508.13,121314257.25,261749030.92,1459221933.94,4264257528.22,12217999416.88,25805849632.45,70709086352.66,96514935985.11,51177003692.98,7977206044.13,59154209737.11,37360726248.0,-1544799680.05,-563384393.46,1225664329.49,-867434884.01,2014-06-30
2014-07-01,sh.600005,2.03,2.04,2.01,2.03,2.03,11929925.0,24121219.0,3,0.118191,1,0.0,54.499788,0.567073,0.238127,242.295986,0,2014-03-31,272313250.88,25335438242.6,25021729625.82,23594817001.04,370109139.62,393627508.13,121314257.25,261749030.92,1459221933.94,4264257528.22,12217999416.88,25805849632.45,70709086352.66,96514935985.11,51177003692.98,7977206044.13,59154209737.11,37360726248.0,-1544799680.05,-563384393.46,1225664329.49,-867434884.01,2014-06-30
2014-07-02,sh.600005,2.02,2.04,2.01,2.03,2.03,10413608.0,21083683.0,3,0.103169,1,0.0,54.499788,0.567073,0.238127,242.295986,0,2014-03-31,272313250.88,25335438242.6,25021729625.82,23594817001.04,370109139.62,393627508.13,121314257.25,261749030.92,1459221933.94,4264257528.22,12217999416.88,25805849632.45,70709086352.66,96514935985.11,51177003692.98,7977206044.13,59154209737.11,37360726248.0,-1544799680.05,-563384393.46,1225664329.49,-867434884.01,2014-06-30
2014-07-03,sh.600005,2.02,2.05,2.02,2.04,2.03,21368141.0,43503869.0,3,0.211696,1,0.4926,54.76826,0.569867,0.2393,243.489562,0,2014-03-31,272313250.88,25335438242.6,25021729625.82,23594817001.04,370109139.62,393627508.13,121314257.25,261749030.92,1459221933.94,4264257528.22,12217999416.88,25805849632.45,70709086352.66,96514935985.11,51177003692.98,7977206044.13,59154209737.11,37360726248.0,-1544799680.05,-563384393.46,1225664329.49,-867434884.01,2014-06-30
2014-07-04,sh.600005,2.03,2.05,2.02,2.04,2.04,14945180.0,30427384.0,3,0.148063,1,0.0,54.76826,0.569867,0.2393,243.489562,0,2014-03-31,272313250.88,25335438242.6,25021729625.82,23594817001.04,370109139.62,393627508.13,121314257.25,261749030.92,1459221933.94,4264257528.22,12217999416.88,25805849632.45,70709086352.66,96514935985.11,51177003692.98,7977206044.13,59154209737.11,37360726248.0,-1544799680.05,-563384393.46,1225664329.49,-867434884.01,2014-06-30
2014-07-07,sh.600005,2.03,2.04,2.02,2.04,2.04,10176283.0,20660063.0,3,0.100817,1,0.0,54.76826,0.569867,0.2393,243.489562,0,2014-03-31,272313250.88,25335438242.6,25021729625.82,23594817001.04,370109139.62,393627508.13,121314257.25,261749030.92,1459221933.94,4264257528.22,12217999416.88,25805849632.45,70709086352.66,96514935985.11,51177003692.98,7977206044.13,59154209737.11,37360726248.0,-1544799680.05,-563384393.46,1225664329.49,-867434884.01,2014-06-30
2014-07-08,sh.600005,2.03,2.04,2.02,2.03,2.04,6307005.0,12776615.0,3,0.062484,1,-0.4902,54.499788,0.567073,0.238127,242.295986,0,2014-03-31,272313250.88,25335438242.6,25021729625.82,23594817001.04,370109139.62,393627508.13,121314257.25,261749030.92,1459221933.94,4264257528.22,12217999416.88,25805849632.45,70709086352.66,96514935985.11,51177003692.98,7977206044.13,59154209737.11,37360726248.0,-1544799680.05,-563384393.46,1225664329.49,-867434884.01,2014-06-30
2014-07-09,sh.600005,2.03,2.03,2.01,2.01,2.03,9936304.0,20053915.0,3,0.09844,1,-0.9852,53.962845,0.561486,0.235781,239.908833,0,2014-03-31,272313250.88,25335438242.6,25021729625.82,23594817001.04,370109139.62,393627508.13,121314257.25,261749030.92,1459221933.94,4264257528.22,12217999416.88,25805849632.45,70709086352.66,96514935985.11,51177003692.98,7977206044.13,59154209737.11,37360726248.0,-1544799680.05,-563384393.46,1225664329.49,-867434884.01,2014-06-30
2014-07-10,sh.600005,2.01,2.02,2.0,2.01,2.01,16295570.0,32750863.0,3,0.161442,1,0.0,53.962845,0.561486,0.235781,239.908833,0,2014-03-31,272313250.88,25335438242.6,25021729625.82,23594817001.04,370109139.62,393627508.13,121314257.25,261749030.92,1459221933.94,4264257528.22,12217999416.88,25805849632.45,70709086352.66,96514935985.11,51177003692.98,7977206044.13,59154209737.11,37360726248.0,-1544799680.05,-563384393.46,1225664329.49,-867434884.01,2014-06-30
2014-07-11,sh.600005,2.01,2.03,2.0,2.03,2.01,16189910.0,32708512.0,3,0.160395,1,0.995,54.499788,0.567073,0.238127,242.295986,0,2014-03-31,272313250.88,25335438242.6,25021729625.82,23594817001.04,370109139.62,393627508.13,121314257.25,261749030.92,1459221933.94,4264257528.22,12217999416.88,25805849632.45,70709086352.66,96514935985.11,51177003692.98,7977206044.13,59154209737.11,37360726248.0,-1544799680.05,-563384393.46,1225664329.49,-867434884.01,2014-06-30
2014-07-14,sh.600005,2.02,2.04,2.02,2.04,2.03,16383543.0,33276585.0,3,0.162313,1,0.4926,54.76826,0.569867,0.2393,243.489562,0,2014-03-31,272313250.88,25335438242.6,25021729625.82,23594817001.04,370109139.62,393627508.13,121314257.25,261749030.92,1459221933.94,4264257528.22,12217999416.88,25805849632.45,70709086352.66,96514935985.11,51177003692.98,7977206044.13,59154209737.11,37360726248.0,-1544799680.05,-563384393.46,1225664329.49,-867434884.01,2014-06-30
2014-07-15,sh.600005,2.04,2.08,2.03,2.06,2.04,41451382.0,85196177.0,3,0.410663,1,0.9804,55.305204,0.575453,0.241646,245.876714,0,2014-03-31,272313250.88,25335438242.6,25021729625.82,23594817001.04,370109139.62,393627508.13,121314257.25,261749030.92,1459221933.94,4264257528.22,12217999416.88,25805849632.45,70709086352.66,96514935985.11,51177003692.98,7977206044.13,59154209737.11,37360726248.0,-1544799680.05,-563384393.46,1225664329.49,-867434884.01,2014-06-30
2014-07-16,sh.600005,2.05,2.07,2.05,2.07,2.06,28051724.0,57815637.0,3,0.277911,1,0.4854,55.573676,0.578247,0.242819,247.070291,0,2014-03-31,272313250.88,25335438242.6,25021729625.82,23594817001.04,370109139.62,393627508.13,121314257.25,261749030.92,1459221933.94,4264257528.22,12217999416.88,25805849632.45,70709086352.66,96514935985.11,51177003692.98,7977206044.13,59154209737.11,37360726248.0,-1544799680.05,-563384393.46,1225664329.49,-867434884.01,2014-06-30
2014-07-17,sh.600005,2.06,2.07,2.04,2.05,2.07,19080460.0,39076979.0,3,0.189032,1,-0.9662,55.036732,0.57266,0.240473,244.683138,0,2014-03-31,272313250.88,25335438242.6,25021729625.82,23594817001.04,370109139.62,393627508.13,121314257.25,261749030.92,1459221933.94,4264257528.22,12217999416.88,25805849632.45,70709086352.66,96514935985.11,51177003692.98,7977206044.13,59154209737.11,37360726248.0,-1544799680.05,-563384393.46,1225664329.49,-867434884.01,2014-06-30
2014-07-18,sh.600005,2.04,2.06,2.03,2.05,2.05,12479048.0,25560456.0,3,0.123631,1,0.0,55.036732,0.57266,0.240473,244.683138,0,2014-03-31,272313250.88,25335438242.6,25021729625.82,23594817001.04,370109139.62,393627508.13,121314257.25,261749030.92,1459221933.94,4264257528.22,12217999416.88,25805849632.45,70709086352.66,96514935985.11,51177003692.98,7977206044.13,59154209737.11,37360726248.0,-1544799680.05,-563384393.46,1225664329.49,-867434884.01,2014-06-30
2014-07-21,sh.600005,2.05,2.06,2.04,2.04,2.05,12209098.0,25006092.0,3,0.120957,1,-0.4878,54.76826,0.569867,0.2393,243.489562,0,2014-03-31,272313250.88,25335438242.6,25021729625.82,23594817001.04,370109139.62,393627508.13,121314257.25,261749030.92,1459221933.94,4264257528.22,12217999416.88,25805849632.45,70709086352.66,96514935985.11,51177003692.98,7977206044.13,59154209737.11,37360726248.0,-1544799680.05,-563384393.46,1225664329.49,-867434884.01,2014-06-30
2014-07-22,sh.600005,2.04,2.07,2.04,2.05,2.04,18872354.0,38817880.0,3,0.18697,1,0.4902,55.036732,0.57266,0.240473,244.683138,0,2014-03-31,272313250.88,25335438242.6,25021729625.82,23594817001.04,370109139.62,393627508.13,121314257.25,261749030.92,1459221933.94,4264257528.22,12217999416.88,25805849632.45,70709086352.66,96514935985.11,51177003692.98,7977206044.13,59154209737.11,37360726248.0,-1544799680.05,-563384393.46,1225664329.49,-867434884.01,2014-06-30
2014-07-23,sh.600005,2.05,2.08,2.05,2.07,2.05,27591822.0,57020031.0,3,0.273355,1,0.9756,55.573676,0.578247,0.242819,247.070291,0,2014-03-31,272313250.88,25335438242.6,25021729625.82,23594817001.04,370109139.62,393627508.13,121314257.25,261749030.92,1459221933.94,4264257528.22,12217999416.88,25805849632.45,70709086352.66,96514935985.11,51177003692.98,7977206044.13,59154209737.11,37360726248.0,-1544799680.05,-563384393.46,1225664329.49,-867434884.01,2014-06-30
2014-07-24,sh.600005,2.06,2.1,2.06,2.09,2.07,34685058.0,72337510.0,3,0.343628,1,0.9662,56.11062,0.583834,0.245165,249.457443,0,2014-03-31,272313250.88,25335438242.6,25021729625.82,23594817001.04,370109139.62,393627508.13,121314257.25,261749030.92,1459221933.94,4264257528.22,12217999416.88,25805849632.45,70709086352.66,96514935985.11,51177003692.98,7977206044.13,59154209737.11,37360726248.0,-1544799680.05,-563384393.46,1225664329.49,-867434884.01,2014-06-30
2014-07-25,sh.600005,2.09,2.12,2.08,2.12,2.09,33993093.0,71561233.0,3,0.336773,1,1.4354,56.916035,0.592214,0.248684,253.038172,0,2014-03-31,272313250.88,25335438242.6,25021729625.82,23594817001.04,370109139.62,393627508.13,121314257.25,261749030.92,1459221933.94,4264257528.22,12217999416.88,25805849632.45,70709086352.66,96514935985.11,51177003692.98,7977206044.13,59154209737.11,37360726248.0,-1544799680.05,-563384393.46,1225664329.49,-867434884.01,2014-06-30
2014-07-28,sh.600005,2.12,2.17,2.11,2.15,2.12,72208232.0,155065434.0,3,0.715374,1,1.4151,57.721451,0.600595,0.252203,256.618901,0,2014-03-31,272313250.88,25335438242.6,25021729625.82,23594817001.04,370109139.62,393627508.13,121314257.25,261749030.92,1459221933.94,4264257528.22,12217999416.88,25805849632.45,70709086352.66,96514935985.11,51177003692.98,7977206044.13,59154209737.11,37360726248.0,-1544799680.05,-563384393.46,1225664329.49,-867434884.01,2014-06-30
2014-07-29,sh.600005,2.16,2.16,2.13,2.14,2.15,33275394.0,71327677.0,3,0.329662,1,-0.4651,57.452979,0.597801,0.25103,255.425325,0,2014-03-31,272313250.88,25335438242.6,25021729625.82,23594817001.04,370109139.62,393627508.13,121314257.25,261749030.92,1459221933.94,4264257528.22,12217999416.88,25805849632.45,70709086352.66,96514935985.11,51177003692.98,7977206044.13,59154209737.11,37360726248.0,-1544799680.05,-563384393.46,1225664329.49,-867434884.01,2014-06-30
2014-07-30,sh.600005,2.14,2.15,2.12,2.14,2.14,43166667.0,92189895.0,3,0.427656,1,0.0,57.452979,0.597801,0.25103,255.425325,0,2014-03-31,272313250.88,25335438242.6,25021729625.82,23594817001.04,370109139.62,393627508.13,121314257.25,261749030.92,1459221933.94,4264257528.22,12217999416.88,25805849632.45,70709086352.66,96514935985.11,51177003692.98,7977206044.13,59154209737.11,37360726248.0,-1544799680.05,-563384393.46,1225664329.49,-867434884.01,2014-06-30
2014-07-31,sh.600005,2.14,2.17,2.13,2.16,2.14,31620920.0,67865704.0,3,0.313271,1,0.9346,57.989923,0.603388,0.253376,257.812477,0,2014-03-31,272313250.88,25335438242.6,25021729625.82,23594817001.04,370109139.62,393627508.13,121314257.25,261749030.92,1459221933.94,4264257528.22,12217999416.88,25805849632.45,70709086352.66,96514935985.11,51177003692.98,7977206044.13,59154209737.11,37360726248.0,-1544799680.05,-563384393.46,1225664329.49,-867434884.01,2014-06-30
2014-08-01,sh.600005,2.16,2.19,2.15,2.15,2.16,56226877.0,122357279.0,3,0.557045,1,-0.463,57.721451,0.600595,0.252203,256.618901,0,2014-03-31,272313250.88,25335438242.6,25021729625.82,23594817001.04,370109139.62,393627508.13,121314257.25,261749030.92,1459221933.94,4264257528.22,12217999416.88,25805849632.45,70709086352.66,96514935985.11,51177003692.98,7977206044.13,59154209737.11,37360726248.0,-1544799680.05,-563384393.46,1225664329.49,-867434884.01,2014-06-30
2014-08-04,sh.600005,2.15,2.19,2.14,2.18,2.15,46597544.0,101016536.0,3,0.461646,1,1.3953,58.526866,0.608975,0.255723,260.19963,0,2014-03-31,272313250.88,25335438242.6,25021729625.82,23594817001.04,370109139.62,393627508.13,121314257.25,261749030.92,1459221933.94,4264257528.22,12217999416.88,25805849632.45,70709086352.66,96514935985.11,51177003692.98,7977206044.13,59154209737.11,37360726248.0,-1544799680.05,-563384393.46,1225664329.49,-867434884.01,2014-06-30
2014-08-05,sh.600005,2.19,2.2,2.16,2.17,2.18,41143138.0,89772093.0,3,0.407609,1,-0.4587,58.258394,0.606182,0.254549,259.006054,0,2014-03-31,272313250.88,25335438242.6,25021729625.82,23594817001.04,370109139.62,393627508.13,121314257.25,261749030.92,1459221933.94,4264257528.22,12217999416.88,25805849632.45,70709086352.66,96514935985.11,51177003692.98,7977206044.13,59154209737.11,37360726248.0,-1544799680.05,-563384393.46,1225664329.49,-867434884.01,2014-06-30
2014-08-06,sh.600005,2.18,2.22,2.14,2.21,2.17,75648571.0,165588120.0,3,0.749457,1,1.8433,59.332282,0.617355,0.259242,263.780359,0,2014-03-31,272313250.88,25335438242.6,25021729625.82,23594817001.04,370109139.62,393627508.13,121314257.25,261749030.92,1459221933.94,4264257528.22,12217999416.88,25805849632.45,70709086352.66,96514935985.11,51177003692.98,7977206044.13,59154209737.11,37360726248.0,-1544799680.05,-563384393.46,1225664329.49,-867434884.01,2014-06-30
2014-08-07,sh.600005,2.21,2.24,2.18,2.19,2.21,73550319.0,162331444.0,3,0.72867,1,-0.905,58.795338,0.611768,0.256896,261.393206,0,2014-03-31,272313250.88,25335438242.6,25021729625.82,23594817001.04,370109139.62,393627508.13,121314257.25,261749030.92,1459221933.94,4264257528.22,12217999416.88,25805849632.45,70709086352.66,96514935985.11,51177003692.98,7977206044.13,59154209737.11,37360726248.0,-1544799680.05,-563384393.46,1225664329.49,-867434884.01,2014-06-30
2014-08-08,sh.600005,2.18,2.19,2.16,2.17,2.19,31652921.0,68745660.0,3,0.313588,1,-0.9132,58.258394,0.606182,0.254549,259.006054,0,2014-03-31,272313250.88,25335438242.6,25021729625.82,23594817001.04,370109139.62,393627508.13,121314257.25,261749030.92,1459221933.94,4264257528.22,12217999416.88,25805849632.45,70709086352.66,96514935985.11,51177003692.98,7977206044.13,59154209737.11,37360726248.0,-1544799680.05,-563384393.46,1225664329.49,-867434884.01,2014-06-30
2014-08-11,sh.600005,2.17,2.2,2.16,2.19,2.17,25785548.0,56367864.0,3,0.25546,1,0.9217,58.795338,0.611768,0.256896,261.393206,0,2014-03-31,272313250.88,25335438242.6,25021729625.82,23594817001.04,370109139.62,393627508.13,121314257.25,261749030.92,1459221933.94,4264257528.22,12217999416.88,25805849632.45,70709086352.66,96514935985.11,51177003692.98,7977206044.13,59154209737.11,37360726248.0,-1544799680.05,-563384393.46,1225664329.49,-867434884.01,2014-06-30
2014-08-12,sh.600005,2.2,2.2,2.17,2.19,2.19,21699720.0,47336156.0,3,0.214981,1,0.0,58.795338,0.611768,0.256896,261.393206,0,2014-03-31,272313250.88,25335438242.6,25021729625.82,23594817001.04,370109139.62,393627508.13,121314257.25,261749030.92,1459221933.94,4264257528.22,12217999416.88,25805849632.45,70709086352.66,96514935985.11,51177003692.98,7977206044.13,59154209737.11,37360726248.0,-1544799680.05,-563384393.46,1225664329.49,-867434884.01,2014-06-30
2014-08-13,sh.600005,2.18,2.19,2.16,2.18,2.19,30933267.0,67188519.0,3,0.306459,1,-0.4566,58.526866,0.608975,0.255723,260.19963,0,2014-03-31,272313250.88,25335438242.6,25021729625.82,23594817001.04,370109139.62,393627508.13,121314257.25,261749030.92,1459221933.94,4264257528.22,12217999416.88,25805849632.45,70709086352.66,96514935985.11,51177003692.98,7977206044.13,59154209737.11,37360726248.0,-1544799680.05,-563384393.46,1225664329.49,-867434884.01,2014-06-30
2014-08-14,sh.600005,2.18,2.19,2.15,2.15,2.18,22655040.0,49094952.0,3,0.224446,1,-1.3761,57.721451,0.600595,0.252203,256.618901,0,2014-03-31,272313250.88,25335438242.6,25021729625.82,23594817001.04,370109139.62,393627508.13,121314257.25,261749030.92,1459221933.94,4264257528.22,12217999416.88,25805849632.45,70709086352.66,96514935985.11,51177003692.98,7977206044.13,59154209737.11,37360726248.0,-1544799680.05,-563384393.46,1225664329.49,-867434884.01,2014-06-30
2014-08-15,sh.600005,2.15,2.18,2.15,2.17,2.15,19734961.0,42722778.0,3,0.195516,1,0.9302,58.258394,0.606182,0.254549,259.006054,0,2014-03-31,272313250.88,25335438242.6,25021729625.82,23594817001.04,370109139.62,393627508.13,121314257.25,261749030.92,1459221933.94,4264257528.22,12217999416.88,25805849632.45,70709086352.66,96514935985.11,51177003692.98,7977206044.13,59154209737.11,37360726248.0,-1544799680.05,-563384393.46,1225664329.49,-867434884.01,2014-06-30
2014-08-18,sh.600005,2.17,2.18,2.16,2.18,2.17,20710819.0,44960270.0,3,0.205184,1,0.4608,58.526866,0.608975,0.255723,260.19963,0,2014-03-31,272313250.88,25335438242.6,25021729625.82,23594817001.04,370109139.62,393627508.13,121314257.25,261749030.92,1459221933.94,4264257528.22,12217999416.88,25805849632.45,70709086352.66,96514935985.11,51177003692.98,7977206044.13,59154209737.11,37360726248.0,-1544799680.05,-563384393.46,1225664329.49,-867434884.01,2014-06-30
2014-08-19,sh.600005,2.17,2.24,2.16,2.2,2.18,45138889.0,99151261.0,3,0.447195,1,0.9174,59.06381,0.614562,0.258069,262.586782,0,2014-03-31,272313250.88,25335438242.6,25021729625.82,23594817001.04,370109139.62,393627508.13,121314257.25,261749030.92,1459221933.94,4264257528.22,12217999416.88,25805849632.45,70709086352.66,96514935985.11,51177003692.98,7977206044.13,59154209737.11,37360726248.0,-1544799680.05,-563384393.46,1225664329.49,-867434884.01,2014-06-30
2014-08-20,sh.600005,2.19,2.21,2.18,2.2,2.2,30124801.0,66071603.0,3,0.298449,1,0.0,59.06381,0.614562,0.258069,262.586782,0,2014-03-31,272313250.88,25335438242.6,25021729625.82,23594817001.04,370109139.62,393627508.13,121314257.25,261749030.92,1459221933.94,4264257528.22,12217999416.88,25805849632.45,70709086352.66,96514935985.11,51177003692.98,7977206044.13,59154209737.11,37360726248.0,-1544799680.05,-563384393.46,1225664329.49,-867434884.01,2014-06-30
2014-08-21,sh.600005,2.19,2.22,2.17,2.19,2.2,30861809.0,67631829.0,3,0.305751,1,-0.4545,58.795338,0.611768,0.256896,261.393206,0,2014-03-31,272313250.88,25335438242.6,25021729625.82,23594817001.04,370109139.62,393627508.13,121314257.25,261749030.92,1459221933.94,4264257528.22,12217999416.88,25805849632.45,70709086352.66,96514935985.11,51177003692.98,7977206044.13,59154209737.11,37360726248.0,-1544799680.05,-563384393.46,1225664329.49,-867434884.01,2014-06-30
2014-08-22,sh.600005,2.19,2.2,2.18,2.2,2.19,20849224.0,45650370.0,3,0.206555,1,0.4566,59.06381,0.614562,0.258069,262.586782,0,2014-03-31,272313250.88,25335438242.6,25021729625.82,23594817001.04,370109139.62,393627508.13,121314257.25,261749030.92,1459221933.94,4264257528.22,12217999416.88,25805849632.45,70709086352.66,96514935985.11,51177003692.98,7977206044.13,59154209737.11,37360726248.0,-1544799680.05,-563384393.46,1225664329.49,-867434884.01,2014-06-30
2014-08-25,sh.600005,2.19,2.21,2.17,2.19,2.2,42891507.0,93990150.0,3,0.42493,1,-0.4545,58.795338,0.611768,0.256896,261.393206,0,2014-03-31,272313250.88,25335438242.6,25021729625.82,23594817001.04,370109139.62,393627508.13,121314257.25,261749030.92,1459221933.94,4264257528.22,12217999416.88,25805849632.45,70709086352.66,96514935985.11,51177003692.98,7977206044.13,59154209737.11,37360726248.0,-1544799680.05,-563384393.46,1225664329.49,-867434884.01,2014-06-30
2014-08-26,sh.600005,2.19,2.19,2.15,2.16,2.19,29012270.0,62904838.0,3,0.287427,1,-1.3699,57.989923,0.603388,0.253376,257.812477,0,2014-03-31,272313250.88,25335438242.6,25021729625.82,23594817001.04,370109139.62,393627508.13,121314257.25,261749030.92,1459221933.94,4264257528.22,12217999416.88,25805849632.45,70709086352.66,96514935985.11,51177003692.98,7977206044.13,59154209737.11,37360726248.0,-1544799680.05,-563384393.46,1225664329.49,-867434884.01,2014-06-30
2014-08-27,sh.600005,2.16,2.17,2.15,2.16,2.16,17126830.0,36968245.0,3,0.169677,1,0.0,57.989923,0.603388,0.253376,257.812477,0,2014-03-31,272313250.88,25335438242.6,25021729625.82,23594817001.04,370109139.62,393627508.13,121314257.25,261749030.92,1459221933.94,4264257528.22,12217999416.88,25805849632.45,70709086352.66,96514935985.11,51177003692.98,7977206044.13,59154209737.11,37360726248.0,-1544799680.05,-563384393.46,1225664329.49,-867434884.01,2014-06-30
2014-08-28,sh.600005,2.16,2.17,2.14,2.15,2.16,17558871.0,37790320.0,3,0.173957,1,-0.463,57.721451,0.600595,0.252203,256.618901,0,2014-03-31,272313250.88,25335438242.6,25021729625.82,23594817001.04,370109139.62,393627508.13,121314257.25,261749030.92,1459221933.94,4264257528.22,12217999416.88,25805849632.45,70709086352.66,96514935985.11,51177003692.98,7977206044.13,59154209737.11,37360726248.0,-1544799680.05,-563384393.46,1225664329.49,-867434884.01,2014-06-30
2014-08-29,sh.600005,2.15,2.16,2.14,2.16,2.15,17151607.0,36856137.0,3,0.169923,1,0.4651,57.989923,0.603388,0.253376,257.812477,0,2014-03-31,272313250.88,25335438242.6,25021729625.82,23594817001.04,370109139.62,393627508.13,121314257.25,261749030.92,1459221933.94,4264257528.22,12217999416.88,25805849632.45,70709086352.66,96514935985.11,51177003692.98,7977206044.13,59154209737.11,37360726248.0,-1544799680.05,-563384393.46,1225664329.49,-867434884.01,2014-06-30
2014-09-01,sh.600005,2.16,2.17,2.15,2.16,2.16,14889051.0,32189472.0,3,0.147507,1,0.0,55.263319,0.602702,0.25315,-108.195139,0,2014-03-31,272313250.88,25335438242.6,25021729625.82,23594817001.04,370109139.62,393627508.13,121314257.25,261749030.92,1459221933.94,4264257528.22,12217999416.88,25805849632.45,70709086352.66,96514935985.11,51177003692.98,7977206044.13,59154209737.11,37360726248.0,-1544799680.05,-563384393.46,1225664329.49,-867434884.01,2014-06-30
2014-09-02,sh.600005,2.17,2.21,2.16,2.2,2.16,41969230.0,91714616.0,3,0.415793,1,1.8519,56.286714,0.613863,0.257838,-110.198753,0,2014-03-31,272313250.88,25335438242.6,25021729625.82,23594817001.04,370109139.62,393627508.13,121314257.25,261749030.92,1459221933.94,4264257528.22,12217999416.88,25805849632.45,70709086352.66,96514935985.11,51177003692.98,7977206044.13,59154209737.11,37360726248.0,-1544799680.05,-563384393.46,1225664329.49,-867434884.01,2014-06-30
2014-09-03,sh.600005,2.19,2.22,2.18,2.21,2.2,49179333.0,108264374.0,3,0.487224,1,0.4545,56.542563,0.616654,0.25901,-110.699656,0,2014-03-31,272313250.88,25335438242.6,25021729625.82,23594817001.04,370109139.62,393627508.13,121314257.25,261749030.92,1459221933.94,4264257528.22,12217999416.88,25805849632.45,70709086352.66,96514935985.11,51177003692.98,7977206044.13,59154209737.11,37360726248.0,-1544799680.05,-563384393.46,1225664329.49,-867434884.01,2014-06-30
2014-09-04,sh.600005,2.2,2.22,2.19,2.21,2.21,47094926.0,103696425.0,3,0.466574,1,0.0,56.542563,0.616654,0.25901,-110.699656,0,2014-03-31,272313250.88,25335438242.6,25021729625.82,23594817001.04,370109139.62,393627508.13,121314257.25,261749030.92,1459221933.94,4264257528.22,12217999416.88,25805849632.45,70709086352.66,96514935985.11,51177003692.98,7977206044.13,59154209737.11,37360726248.0,-1544799680.05,-563384393.46,1225664329.49,-867434884.01,2014-06-30
2014-09-05,sh.600005,2.21,2.23,2.2,2.22,2.21,53548007.0,118521671.0,3,0.530505,1,0.4525,56.798412,0.619444,0.260182,-111.20056,0,2014-03-31,272313250.88,25335438242.6,25021729625.82,23594817001.04,370109139.62,393627508.13,121314257.25,261749030.92,1459221933.94,4264257528.22,12217999416.88,25805849632.45,70709086352.66,96514935985.11,51177003692.98,7977206044.13,59154209737.11,37360726248.0,-1544799680.05,-563384393.46,1225664329.49,-867434884.01,2014-06-30
2014-09-09,sh.600005,2.22,2.28,2.21,2.25,2.22,90951319.0,204185854.0,3,0.901063,1,1.3514,57.565958,0.627815,0.263698,-112.70327,0,2014-03-31,272313250.88,25335438242.6,25021729625.82,23594817001.04,370109139.62,393627508.13,121314257.25,261749030.92,1459221933.94,4264257528.22,12217999416.88,25805849632.45,70709086352.66,96514935985.11,51177003692.98,7977206044.13,59154209737.11,37360726248.0,-1544799680.05,-563384393.46,1225664329.49,-867434884.01,2014-06-30
2014-09-10,sh.600005,2.24,2.29,2.22,2.26,2.25,80894318.0,182267204.0,3,0.801427,1,0.4444,57.821806,0.630605,0.26487,-113.204173,0,2014-03-31,272313250.88,25335438242.6,25021729625.82,23594817001.04,370109139.62,393627508.13,121314257.25,261749030.92,1459221933.94,4264257528.22,12217999416.88,25805849632.45,70709086352.66,96514935985.11,51177003692.98,7977206044.13,59154209737.11,37360726248.0,-1544799680.05,-563384393.46,1225664329.49,-867434884.01,2014-06-30
2014-09-11,sh.600005,2.25,2.27,2.22,2.23,2.26,58644844.0,131648421.0,3,0.581,1,-1.3274,57.05426,0.622234,0.261354,-111.701463,0,2014-03-31,272313250.88,25335438242.6,25021729625.82,23594817001.04,370109139.62,393627508.13,121314257.25,261749030.92,1459221933.94,4264257528.22,12217999416.88,25805849632.45,70709086352.66,96514935985.11,51177003692.98,7977206044.13,59154209737.11,37360726248.0,-1544799680.05,-563384393.46,1225664329.49,-867434884.01,2014-06-30
2014-09-12,sh.600005,2.22,2.26,2.21,2.26,2.23,84927842.0,189610188.0,3,0.841388,1,1.3453,57.821806,0.630605,0.26487,-113.204173,0,2014-03-31,272313250.88,25335438242.6,25021729625.82,23594817001.04,370109139.62,393627508.13,121314257.25,261749030.92,1459221933.94,4264257528.22,12217999416.88,25805849632.45,70709086352.66,96514935985.11,51177003692.98,7977206044.13,59154209737.11,37360726248.0,-1544799680.05,-563384393.46,1225664329.49,-867434884.01,2014-06-30
2014-09-15,sh.600005,2.25,2.29,2.24,2.28,2.26,86038180.0,195273274.0,3,0.852388,1,0.885,58.333504,0.636186,0.267214,-114.20598,0,2014-03-31,272313250.88,25335438242.6,25021729625.82,23594817001.04,370109139.62,393627508.13,121314257.25,261749030.92,1459221933.94,4264257528.22,12217999416.88,25805849632.45,70709086352.66,96514935985.11,51177003692.98,7977206044.13,59154209737.11,37360726248.0,-1544799680.05,-563384393.46,1225664329.49,-867434884.01,2014-06-30
2014-09-16,sh.600005,2.28,2.44,2.26,2.32,2.28,215682616.0,506672080.0,3,2.136787,1,1.7544,59.356899,0.647347,0.271902,-116.209594,0,2014-03-31,272313250.88,25335438242.6,25021729625.82,23594817001.04,370109139.62,393627508.13,121314257.25,261749030.92,1459221933.94,4264257528.22,12217999416.88,25805849632.45,70709086352.66,96514935985.11,51177003692.98,7977206044.13,59154209737.11,37360726248.0,-1544799680.05,-563384393.46,1225664329.49,-867434884.01,2014-06-30
2014-09-17,sh.600005,2.3,2.33,2.28,2.33,2.32,101137916.0,232701728.0,3,1.001983,1,0.431,59.612747,0.650137,0.273074,-116.710497,0,2014-03-31,272313250.88,25335438242.6,25021729625.82,23594817001.04,370109139.62,393627508.13,121314257.25,261749030.92,1459221933.94,4264257528.22,12217999416.88,25805849632.45,70709086352.66,96514935985.11,51177003692.98,7977206044.13,59154209737.11,37360726248.0,-1544799680.05,-563384393.46,1225664329.49,-867434884.01,2014-06-30
2014-09-18,sh.600005,2.32,2.37,2.31,2.33,2.33,87387632.0,204290329.0,3,0.865757,1,0.0,59.612747,0.650137,0.273074,-116.710497,0,2014-03-31,272313250.88,25335438242.6,25021729625.82,23594817001.04,370109139.62,393627508.13,121314257.25,261749030.92,1459221933.94,4264257528.22,12217999416.88,25805849632.45,70709086352.66,96514935985.11,51177003692.98,7977206044.13,59154209737.11,37360726248.0,-1544799680.05,-563384393.46,1225664329.49,-867434884.01,2014-06-30
2014-09-19,sh.600005,2.33,2.37,2.32,2.35,2.33,56498198.0,132298655.0,3,0.559733,1,0.8584,60.124445,0.655718,0.275418,-117.712304,0,2014-03-31,272313250.88,25335438242.6,25021729625.82,23594817001.04,370109139.62,393627508.13,121314257.25,261749030.92,1459221933.94,4264257528.22,12217999416.88,25805849632.45,70709086352.66,96514935985.11,51177003692.98,7977206044.13,59154209737.11,37360726248.0,-1544799680.05,-563384393.46,1225664329.49,-867434884.01,2014-06-30
2014-09-22,sh.600005,2.34,2.34,2.26,2.27,2.35,57261623.0,131469118.0,3,0.567296,1,-3.4043,58.077655,0.633395,0.266042,-113.705077,0,2014-03-31,272313250.88,25335438242.6,25021729625.82,23594817001.04,370109139.62,393627508.13,121314257.25,261749030.92,1459221933.94,4264257528.22,12217999416.88,25805849632.45,70709086352.66,96514935985.11,51177003692.98,7977206044.13,59154209737.11,37360726248.0,-1544799680.05,-563384393.46,1225664329.49,-867434884.01,2014-06-30
2014-09-23,sh.600005,2.26,2.3,2.26,2.29,2.27,39862913.0,90777097.0,3,0.394926,1,0.8811,58.589352,0.638976,0.268386,-114.706883,0,2014-03-31,272313250.88,25335438242.6,25021729625.82,23594817001.04,370109139.62,393627508.13,121314257.25,261749030.92,1459221933.94,4264257528.22,12217999416.88,25805849632.45,70709086352.66,96514935985.11,51177003692.98,7977206044.13,59154209737.11,37360726248.0,-1544799680.05,-563384393.46,1225664329.49,-867434884.01,2014-06-30
2014-09-24,sh.600005,2.28,2.33,2.27,2.32,2.29,57962612.0,133457726.0,3,0.574241,1,1.31,59.356899,0.647347,0.271902,-116.209594,0,2014-03-31,272313250.88,25335438242.6,25021729625.82,23594817001.04,370109139.62,393627508.13,121314257.25,261749030.92,1459221933.94,4264257528.22,12217999416.88,25805849632.45,70709086352.66,96514935985.11,51177003692.98,7977206044.13,59154209737.11,37360726248.0,-1544799680.05,-563384393.46,1225664329.49,-867434884.01,2014-06-30
2014-09-25,sh.600005,2.33,2.34,2.29,2.3,2.32,61028289.0,141661072.0,3,0.604613,1,-0.8621,58.845201,0.641766,0.269558,-115.207787,0,2014-03-31,272313250.88,25335438242.6,25021729625.82,23594817001.04,370109139.62,393627508.13,121314257.25,261749030.92,1459221933.94,4264257528.22,12217999416.88,25805849632.45,70709086352.66,96514935985.11,51177003692.98,7977206044.13,59154209737.11,37360726248.0,-1544799680.05,-563384393.46,1225664329.49,-867434884.01,2014-06-30
2014-09-26,sh.600005,2.29,2.33,2.28,2.32,2.3,48304042.0,111471360.0,3,0.478553,1,0.8696,59.356899,0.647347,0.271902,-116.209594,0,2014-03-31,272313250.88,25335438242.6,25021729625.82,23594817001.04,370109139.62,393627508.13,121314257.25,261749030.92,1459221933.94,4264257528.22,12217999416.88,25805849632.45,70709086352.66,96514935985.11,51177003692.98,7977206044.13,59154209737.11,37360726248.0,-1544799680.05,-563384393.46,1225664329.49,-867434884.01,2014-06-30
2014-09-29,sh.600005,2.32,2.34,2.31,2.33,2.32,40873070.0,94864741.0,3,0.404933,1,0.431,59.612747,0.650137,0.273074,-116.710497,0,2014-03-31,272313250.88,25335438242.6,25021729625.82,23594817001.04,370109139.62,393627508.13,121314257.25,261749030.92,1459221933.94,4264257528.22,12217999416.88,25805849632.45,70709086352.66,96514935985.11,51177003692.98,7977206044.13,59154209737.11,37360726248.0,-1544799680.05,-563384393.46,1225664329.49,-867434884.01,2014-06-30
2014-09-30,sh.600005,2.33,2.33,2.31,2.32,2.33,45189513.0,104876936.0,3,0.447697,1,-0.4292,59.356899,0.647347,0.271902,-116.209594,0,2014-06-30,595874992.69,49747837049.57,49046043037.47,45933380740.39,820835571.54,902785075.44,306910082.75,578339834.13,1429242086.25,4653461202.01,12347080923.15,27253007489.49,70586989389.54,97839996879.03,59602559506.71,806003102.22,60408562608.93,37431434270.1,-19019081.64,-748249667.22,211387716.69,-540155826.99,2014-09-30
2014-10-08,sh.600005,2.32,2.34,2.31,2.34,2.32,38031740.0,88520832.0,3,0.376784,1,0.8621,59.868596,0.652927,0.274246,-117.211401,0,2014-06-30,595874992.69,49747837049.57,49046043037.47,45933380740.39,820835571.54,902785075.44,306910082.75,578339834.13,1429242086.25,4653461202.01,12347080923.15,27253007489.49,70586989389.54,97839996879.03,59602559506.71,806003102.22,60408562608.93,37431434270.1,-19019081.64,-748249667.22,211387716.69,-540155826.99,2014-09-30
2014-10-09,sh.600005,2.34,2.38,2.32,2.38,2.34,85711330.0,201410172.0,3,0.84915,1,1.7094,60.891991,0.664089,0.278934,-119.215014,0,2014-06-30,595874992.69,49747837049.57,49046043037.47,45933380740.39,820835571.54,902785075.44,306910082.75,578339834.13,1429242086.25,4653461202.01,12347080923.15,27253007489.49,70586989389.54,97839996879.03,59602559506.71,806003102.22,60408562608.93,37431434270.1,-19019081.64,-748249667.22,211387716.69,-540155826.99,2014-09-30
2014-10-10,sh.600005,2.36,2.39,2.35,2.38,2.38,55908880.0,132401439.0,3,0.553894,1,0.0,60.891991,0.664089,0.278934,-119.215014,0,2014-06-30,595874992.69,49747837049.57,49046043037.47,45933380740.39,820835571.54,902785075.44,306910082.75,578339834.13,1429242086.25,4653461202.01,12347080923.15,27253007489.49,70586989389.54,97839996879.03,59602559506.71,806003102.22,60408562608.93,37431434270.1,-19019081.64,-748249667.22,211387716.69,-540155826.99,2014-09-30
2014-10-13,sh.600005,2.38,2.38,2.38,2.38,2.38,0.0,0.0,3,,0,0.0,60.891991,0.664089,0.278934,-119.215014,0,2014-06-30,595874992.69,49747837049.57,49046043037.47,45933380740.39,820835571.54,902785075.44,306910082.75,578339834.13,1429242086.25,4653461202.01,12347080923.15,27253007489.49,70586989389.54,97839996879.03,59602559506.71,806003102.22,60408562608.93,37431434270.1,-19019081.64,-748249667.22,211387716.69,-540155826.99,2014-09-30
2014-10-14,sh.600005,2.38,2.38,2.38,2.38,2.38,0.0,0.0,3,,0,0.0,60.891991,0.664089,0.278934,-119.215014,0,2014-06-30,595874992.69,49747837049.57,49046043037.47,45933380740.39,820835571.54,902785075.44,306910082.75,578339834.13,1429242086.25,4653461202.01,12347080923.15,27253007489.49,70586989389.54,97839996879.03,59602559506.71,806003102.22,60408562608.93,37431434270.1,-19019081.64,-748249667.22,211387716.69,-540155826.99,2014-09-30
2014-10-15,sh.600005,2.38,2.38,2.38,2.38,2.38,0.0,0.0,3,,0,0.0,60.891991,0.664089,0.278934,-119.215014,0,2014-06-30,595874992.69,49747837049.57,49046043037.47,45933380740.39,820835571.54,902785075.44,306910082.75,578339834.13,1429242086.25,4653461202.01,12347080923.15,27253007489.49,70586989389.54,97839996879.03,59602559506.71,806003102.22,60408562608.93,37431434270.1,-19019081.64,-748249667.22,211387716.69,-540155826.99,2014-09-30
2014-10-16,sh.600005,2.38,2.38,2.38,2.38,2.38,0.0,0.0,3,,0,0.0,60.891991,0.664089,0.278934,-119.215014,0,2014-06-30,595874992.69,49747837049.57,49046043037.47,45933380740.39,820835571.54,902785075.44,306910082.75,578339834.13,1429242086.25,4653461202.01,12347080923.15,27253007489.49,70586989389.54,97839996879.03,59602559506.71,806003102.22,60408562608.93,37431434270.1,-19019081.64,-748249667.22,211387716.69,-540155826.99,2014-09-30
2014-10-17,sh.600005,2.38,2.38,2.38,2.38,2.38,0.0,0.0,3,,0,0.0,60.891991,0.664089,0.278934,-119.215014,0,2014-06-30,595874992.69,49747837049.57,49046043037.47,45933380740.39,820835571.54,902785075.44,306910082.75,578339834.13,1429242086.25,4653461202.01,12347080923.15,27253007489.49,70586989389.54,97839996879.03,59602559506.71,806003102.22,60408562608.93,37431434270.1,-19019081.64,-748249667.22,211387716.69,-540155826.99,2014-09-30
2014-10-20,sh.600005,2.38,2.38,2.38,2.38,2.38,0.0,0.0,3,,0,0.0,60.891991,0.664089,0.278934,-119.215014,0,2014-06-30,595874992.69,49747837049.57,49046043037.47,45933380740.39,820835571.54,902785075.44,306910082.75,578339834.13,1429242086.25,4653461202.01,12347080923.15,27253007489.49,70586989389.54,97839996879.03,59602559506.71,806003102.22,60408562608.93,37431434270.1,-19019081.64,-748249667.22,211387716.69,-540155826.99,2014-09-30
2014-10-21,sh.600005,2.38,2.38,2.38,2.38,2.38,0.0,0.0,3,,0,0.0,60.891991,0.664089,0.278934,-119.215014,0,2014-06-30,595874992.69,49747837049.57,49046043037.47,45933380740.39,820835571.54,902785075.44,306910082.75,578339834.13,1429242086.25,4653461202.01,12347080923.15,27253007489.49,70586989389.54,97839996879.03,59602559506.71,806003102.22,60408562608.93,37431434270.1,-19019081.64,-748249667.22,211387716.69,-540155826.99,2014-09-30
2014-10-22,sh.600005,2.38,2.38,2.38,2.38,2.38,0.0,0.0,3,,0,0.0,60.891991,0.664089,0.278934,-119.215014,0,2014-06-30,595874992.69,49747837049.57,49046043037.47,45933380740.39,820835571.54,902785075.44,306910082.75,578339834.13,1429242086.25,4653461202.01,12347080923.15,27253007489.49,70586989389.54,97839996879.03,59602559506.71,806003102.22,60408562608.93,37431434270.1,-19019081.64,-748249667.22,211387716.69,-540155826.99,2014-09-30
2014-10-23,sh.600005,2.38,2.38,2.38,2.38,2.38,0.0,0.0,3,,0,0.0,60.891991,0.664089,0.278934,-119.215014,0,2014-06-30,595874992.69,49747837049.57,49046043037.47,45933380740.39,820835571.54,902785075.44,306910082.75,578339834.13,1429242086.25,4653461202.01,12347080923.15,27253007489.49,70586989389.54,97839996879.03,59602559506.71,806003102.22,60408562608.93,37431434270.1,-19019081.64,-748249667.22,211387716.69,-540155826.99,2014-09-30
2014-10-24,sh.600005,2.38,2.38,2.38,2.38,2.38,0.0,0.0,3,,0,0.0,60.891991,0.664089,0.278934,-119.215014,0,2014-06-30,595874992.69,49747837049.57,49046043037.47,45933380740.39,820835571.54,902785075.44,306910082.75,578339834.13,1429242086.25,4653461202.01,12347080923.15,27253007489.49,70586989389.54,97839996879.03,59602559506.71,806003102.22,60408562608.93,37431434270.1,-19019081.64,-748249667.22,211387716.69,-540155826.99,2014-09-30
2014-10-27,sh.600005,2.37,2.38,2.23,2.26,2.38,67058283.0,152486950.0,3,0.664353,1,-5.042,57.821806,0.630605,0.26487,-113.204173,0,2014-06-30,595874992.69,49747837049.57,49046043037.47,45933380740.39,820835571.54,902785075.44,306910082.75,578339834.13,1429242086.25,4653461202.01,12347080923.15,27253007489.49,70586989389.54,97839996879.03,59602559506.71,806003102.22,60408562608.93,37431434270.1,-19019081.64,-748249667.22,211387716.69,-540155826.99,2014-09-30
2014-10-28,sh.600005,2.26,2.35,2.25,2.33,2.26,50738900.0,116998721.0,3,0.502675,1,3.0973,59.612747,0.650137,0.273074,-116.710497,0,2014-06-30,595874992.69,49747837049.57,49046043037.47,45933380740.39,820835571.54,902785075.44,306910082.75,578339834.13,1429242086.25,4653461202.01,12347080923.15,27253007489.49,70586989389.54,97839996879.03,59602559506.71,806003102.22,60408562608.93,37431434270.1,-19019081.64,-748249667.22,211387716.69,-540155826.99,2014-09-30
2014-10-29,sh.600005,2.34,2.43,2.32,2.41,2.33,89411527.0,213642813.0,3,0.885808,1,3.4335,61.659537,0.672459,0.28245,-120.717725,0,2014-06-30,595874992.69,49747837049.57,49046043037.47,45933380740.39,820835571.54,902785075.44,306910082.75,578339834.13,1429242086.25,4653461202.01,12347080923.15,27253007489.49,70586989389.54,97839996879.03,59602559506.71,806003102.22,60408562608.93,37431434270.1,-19019081.64,-748249667.22,211387716.69,-540155826.99,2014-09-30
2014-10-30,sh.600005,2.41,2.54,2.39,2.49,2.41,129992945.0,323163952.0,3,1.287852,1,3.3195,63.706326,0.694782,0.291826,-124.724952,0,2014-06-30,595874992.69,49747837049.57,49046043037.47,45933380740.39,820835571.54,902785075.44,306910082.75,578339834.13,1429242086.25,4653461202.01,12347080923.15,27253007489.49,70586989389.54,97839996879.03,59602559506.71,806003102.22,60408562608.93,37431434270.1,-19019081.64,-748249667.22,211387716.69,-540155826.99,2014-09-30
2014-10-31,sh.600005,2.53,2.74,2.52,2.64,2.49,323402400.0,865692912.0,3,3.203977,1,6.0241,48.73916,0.729789,0.317145,552.037303,0,2014-06-30,595874992.69,49747837049.57,49046043037.47,45933380740.39,820835571.54,902785075.44,306910082.75,578339834.13,1429242086.25,4653461202.01,12347080923.15,27253007489.49,70586989389.54,97839996879.03,59602559506.71,806003102.22,60408562608.93,37431434270.1,-19019081.64,-748249667.22,211387716.69,-540155826.99,2014-09-30
2014-11-03,sh.600005,2.59,2.74,2.57,2.73,2.64,254670067.0,680125104.0,3,2.52304,1,3.4091,50.400722,0.754669,0.327956,570.856757,0,2014-06-30,595874992.69,49747837049.57,49046043037.47,45933380740.39,820835571.54,902785075.44,306910082.75,578339834.13,1429242086.25,4653461202.01,12347080923.15,27253007489.49,70586989389.54,97839996879.03,59602559506.71,806003102.22,60408562608.93,37431434270.1,-19019081.64,-748249667.22,211387716.69,-540155826.99,2014-09-30
2014-11-04,sh.600005,2.7,2.72,2.65,2.68,2.73,145584451.0,390378928.0,3,1.442318,1,-1.8315,49.477632,0.740847,0.32195,560.401505,0,2014-06-30,595874992.69,49747837049.57,49046043037.47,45933380740.39,820835571.54,902785075.44,306910082.75,578339834.13,1429242086.25,4653461202.01,12347080923.15,27253007489.49,70586989389.54,97839996879.03,59602559506.71,806003102.22,60408562608.93,37431434270.1,-19019081.64,-748249667.22,211387716.69,-540155826.99,2014-09-30
2014-11-05,sh.600005,2.67,2.77,2.65,2.65,2.68,121983034.0,329979344.0,3,1.208497,1,-1.1194,48.923778,0.732554,0.318346,554.128354,0,2014-06-30,595874992.69,49747837049.57,49046043037.47,45933380740.39,820835571.54,902785075.44,306910082.75,578339834.13,1429242086.25,4653461202.01,12347080923.15,27253007489.49,70586989389.54,97839996879.03,59602559506.71,806003102.22,60408562608.93,37431434270.1,-19019081.64,-748249667.22,211387716.69,-540155826.99,2014-09-30
2014-11-06,sh.600005,2.65,2.65,2.57,2.62,2.65,76890769.0,200460889.0,3,0.761764,1,-1.1321,48.369924,0.724261,0.314742,547.855203,0,2014-06-30,595874992.69,49747837049.57,49046043037.47,45933380740.39,820835571.54,902785075.44,306910082.75,578339834.13,1429242086.25,4653461202.01,12347080923.15,27253007489.49,70586989389.54,97839996879.03,59602559506.71,806003102.22,60408562608.93,37431434270.1,-19019081.64,-748249667.22,211387716.69,-540155826.99,2014-09-30
2014-11-07,sh.600005,2.62,2.65,2.57,2.58,2.62,73771351.0,193102534.0,3,0.73086,1,-1.5267,47.631452,0.713203,0.309937,539.491001,0,2014-06-30,595874992.69,49747837049.57,49046043037.47,45933380740.39,820835571.54,902785075.44,306910082.75,578339834.13,1429242086.25,4653461202.01,12347080923.15,27253007489.49,70586989389.54,97839996879.03,59602559506.71,806003102.22,60408562608.93,37431434270.1,-19019081.64,-748249667.22,211387716.69,-540155826.99,2014-09-30
2014-11-10,sh.600005,2.6,2.73,2.59,2.73,2.58,136006139.0,365404368.0,3,1.347425,1,5.814,50.400722,0.754669,0.327956,570.856757,0,2014-06-30,595874992.69,49747837049.57,49046043037.47,45933380740.39,820835571.54,902785075.44,306910082.75,578339834.13,1429242086.25,4653461202.01,12347080923.15,27253007489.49,70586989389.54,97839996879.03,59602559506.71,806003102.22,60408562608.93,37431434270.1,-19019081.64,-748249667.22,211387716.69,-540155826.99,2014-09-30
2014-11-11,sh.600005,2.75,2.85,2.64,2.67,2.73,166607553.0,456400704.0,3,1.650596,1,-2.1978,49.293014,0.738083,0.320749,558.310455,0,2014-06-30,595874992.69,49747837049.57,49046043037.47,45933380740.39,820835571.54,902785075.44,306910082.75,578339834.13,1429242086.25,4653461202.01,12347080923.15,27253007489.49,70586989389.54,97839996879.03,59602559506.71,806003102.22,60408562608.93,37431434270.1,-19019081.64,-748249667.22,211387716.69,-540155826.99,2014-09-30
2014-11-12,sh.600005,2.68,2.72,2.63,2.72,2.67,74502800.0,199779610.0,3,0.738106,1,1.8727,50.216104,0.751904,0.326755,568.765707,0,2014-06-30,595874992.69,49747837049.57,49046043037.47,45933380740.39,820835571.54,902785075.44,306910082.75,578339834.13,1429242086.25,4653461202.01,12347080923.15,27253007489.49,70586989389.54,97839996879.03,59602559506.71,806003102.22,60408562608.93,37431434270.1,-19019081.64,-748249667.22,211387716.69,-540155826.99,2014-09-30
2014-11-13,sh.600005,2.72,2.79,2.66,2.77,2.72,166561172.0,455504832.0,3,1.650137,1,1.8382,51.139194,0.765726,0.332762,579.220959,0,2014-06-30,595874992.69,49747837049.57,49046043037.47,45933380740.39,820835571.54,902785075.44,306910082.75,578339834.13,1429242086.25,4653461202.01,12347080923.15,27253007489.49,70586989389.54,97839996879.03,59602559506.71,806003102.22,60408562608.93,37431434270.1,-19019081.64,-748249667.22,211387716.69,-540155826.99,2014-09-30
2014-11-14,sh.600005,2.74,2.77,2.68,2.71,2.77,100944067.0,274097024.0,3,1.000062,1,-2.1661,50.031486,0.74914,0.325554,566.674656,0,2014-06-30,595874992.69,49747837049.57,49046043037.47,45933380740.39,820835571.54,902785075.44,306910082.75,578339834.13,1429242086.25,4653461202.01,12347080923.15,27253007489.49,70586989389.54,97839996879.03,59602559506.71,806003102.22,60408562608.93,37431434270.1,-19019081.64,-748249667.22,211387716.69,-540155826.99,2014-09-30
2014-11-17,sh.600005,2.72,2.74,2.66,2.67,2.71,60045342.0,161754061.0,3,0.594875,1,-1.476,49.293014,0.738083,0.320749,558.310455,0,2014-06-30,595874992.69,49747837049.57,49046043037.47,45933380740.39,820835571.54,902785075.44,306910082.75,578339834.13,1429242086.25,4653461202.01,12347080923.15,27253007489.49,70586989389.54,97839996879.03,59602559506.71,806003102.22,60408562608.93,37431434270.1,-19019081.64,-748249667.22,211387716.69,-540155826.99,2014-09-30
2014-11-18,sh.600005,2.65,2.66,2.6,2.61,2.67,59381634.0,155659786.0,3,0.588299,1,-2.2472,48.185306,0.721496,0.313541,545.764152,0,2014-06-30,595874992.69,49747837049.57,49046043037.47,45933380740.39,820835571.54,902785075.44,306910082.75,578339834.13,1429242086.25,4653461202.01,12347080923.15,27253007489.49,70586989389.54,97839996879.03,59602559506.71,806003102.22,60408562608.93,37431434270.1,-19019081.64,-748249667.22,211387716.69,-540155826.99,2014-09-30
2014-11-19,sh.600005,2.61,2.64,2.59,2.62,2.61,39335954.0,102995597.0,3,0.389705,1,0.3831,48.369924,0.724261,0.314742,547.855203,0,2014-06-30,595874992.69,49747837049.57,49046043037.47,45933380740.39,820835571.54,902785075.44,306910082.75,578339834.13,1429242086.25,4653461202.01,12347080923.15,27253007489.49,70586989389.54,97839996879.03,59602559506.71,806003102.22,60408562608.93,37431434270.1,-19019081.64,-748249667.22,211387716.69,-540155826.99,2014-09-30
2014-11-20,sh.600005,2.61,2.65,2.6,2.63,2.62,36943544.0,96915929.0,3,0.366003,1,0.3817,48.554542,0.727025,0.315943,549.946253,0,2014-06-30,595874992.69,49747837049.57,49046043037.47,45933380740.39,820835571.54,902785075.44,306910082.75,578339834.13,1429242086.25,4653461202.01,12347080923.15,27253007489.49,70586989389.54,97839996879.03,59602559506.71,806003102.22,60408562608.93,37431434270.1,-19019081.64,-748249667.22,211387716.69,-540155826.99,2014-09-30
2014-11-21,sh.600005,2.63,2.68,2.61,2.67,2.63,49366909.0,130506615.0,3,0.489082,1,1.5209,49.293014,0.738083,0.320749,558.310455,0,2014-06-30,595874992.69,49747837049.57,49046043037.47,45933380740.39,820835571.54,902785075.44,306910082.75,578339834.13,1429242086.25,4653461202.01,12347080923.15,27253007489.49,70586989389.54,97839996879.03,59602559506.71,806003102.22,60408562608.93,37431434270.1,-19019081.64,-748249667.22,211387716.69,-540155826.99,2014-09-30
2014-11-24,sh.600005,2.71,2.74,2.67,2.71,2.67,97072415.0,263328877.0,3,0.961705,1,1.4981,50.031486,0.74914,0.325554,566.674656,0,2014-06-30,595874992.69,49747837049.57,49046043037.47,45933380740.39,820835571.54,902785075.44,306910082.75,578339834.13,1429242086.25,4653461202.01,12347080923.15,27253007489.49,70586989389.54,97839996879.03,59602559506.71,806003102.22,60408562608.93,37431434270.1,-19019081.64,-748249667.22,211387716.69,-540155826.99,2014-09-30
2014-11-25,sh.600005,2.71,2.74,2.7,2.73,2.71,84827664.0,231026464.0,3,0.840395,1,0.738,50.400722,0.754669,0.327956,570.856757,0,2014-06-30,595874992.69,49747837049.57,49046043037.47,45933380740.39,820835571.54,902785075.44,306910082.75,578339834.13,1429242086.25,4653461202.01,12347080923.15,27253007489.49,70586989389.54,97839996879.03,59602559506.71,806003102.22,60408562608.93,37431434270.1,-19019081.64,-748249667.22,211387716.69,-540155826.99,2014-09-30
2014-11-26,sh.600005,2.73,2.75,2.71,2.73,2.73,99619607.0,272049552.0,3,0.986941,1,0.0,50.400722,0.754669,0.327956,570.856757,0,2014-06-30,595874992.69,49747837049.57,49046043037.47,45933380740.39,820835571.54,902785075.44,306910082.75,578339834.13,1429242086.25,4653461202.01,12347080923.15,27253007489.49,70586989389.54,97839996879.03,59602559506.71,806003102.22,60408562608.93,37431434270.1,-19019081.64,-748249667.22,211387716.69,-540155826.99,2014-09-30
2014-11-27,sh.600005,2.74,2.77,2.72,2.75,2.73,108530908.0,297817072.0,3,1.075226,1,0.7326,50.769958,0.760197,0.330359,575.038858,0,2014-06-30,595874992.69,49747837049.57,49046043037.47,45933380740.39,820835571.54,902785075.44,306910082.75,578339834.13,1429242086.25,4653461202.01,12347080923.15,27253007489.49,70586989389.54,97839996879.03,59602559506.71,806003102.22,60408562608.93,37431434270.1,-19019081.64,-748249667.22,211387716.69,-540155826.99,2014-09-30
2014-11-28,sh.600005,2.75,2.84,2.73,2.83,2.75,202115091.0,561863296.0,3,2.002373,1,2.9091,52.246902,0.782312,0.33997,591.767261,0,2014-06-30,595874992.69,49747837049.57,49046043037.47,45933380740.39,820835571.54,902785075.44,306910082.75,578339834.13,1429242086.25,4653461202.01,12347080923.15,27253007489.49,70586989389.54,97839996879.03,59602559506.71,806003102.22,60408562608.93,37431434270.1,-19019081.64,-748249667.22,211387716.69,-540155826.99,2014-09-30
2014-12-01,sh.600005,2.84,3.0,2.83,2.93,2.83,267901718.0,779075152.0,3,2.654127,1,3.5336,54.093083,0.809956,0.351983,612.677765,0,2014-06-30,595874992.69,49747837049.57,49046043037.47,45933380740.39,820835571.54,902785075.44,306910082.75,578339834.13,1429242086.25,4653461202.01,12347080923.15,27253007489.49,70586989389.54,97839996879.03,59602559506.71,806003102.22,60408562608.93,37431434270.1,-19019081.64,-748249667.22,211387716.69,-540155826.99,2014-09-30
2014-12-02,sh.600005,2.92,3.0,2.86,2.95,2.93,208464294.0,607900656.0,3,2.065275,1,0.6826,54.462319,0.815484,0.354385,616.859866,0,2014-06-30,595874992.69,49747837049.57,49046043037.47,45933380740.39,820835571.54,902785075.44,306910082.75,578339834.13,1429242086.25,4653461202.01,12347080923.15,27253007489.49,70586989389.54,97839996879.03,59602559506.71,806003102.22,60408562608.93,37431434270.1,-19019081.64,-748249667.22,211387716.69,-540155826.99,2014-09-30
2014-12-03,sh.600005,2.95,3.14,2.94,3.03,2.95,294799136.0,895592224.0,3,2.920602,1,2.7119,55.939263,0.837599,0.363996,633.588269,0,2014-06-30,595874992.69,49747837049.57,49046043037.47,45933380740.39,820835571.54,902785075.44,306910082.75,578339834.13,1429242086.25,4653461202.01,12347080923.15,27253007489.49,70586989389.54,97839996879.03,59602559506.71,806003102.22,60408562608.93,37431434270.1,-19019081.64,-748249667.22,211387716.69,-540155826.99,2014-09-30
2014-12-04,sh.600005,3.02,3.11,2.99,3.1,3.03,197213316.0,601731344.0,3,1.95381,1,2.3102,57.231589,0.85695,0.372405,648.225621,0,2014-06-30,595874992.69,49747837049.57,49046043037.47,45933380740.39,820835571.54,902785075.44,306910082.75,578339834.13,1429242086.25,4653461202.01,12347080923.15,27253007489.49,70586989389.54,97839996879.03,59602559506.71,806003102.22,60408562608.93,37431434270.1,-19019081.64,-748249667.22,211387716.69,-540155826.99,2014-09-30
2014-12-05,sh.600005,3.11,3.15,2.91,2.98,3.1,255886696.0,775033072.0,3,2.535093,1,-3.871,55.016173,0.823777,0.357989,623.133017,0,2014-06-30,595874992.69,49747837049.57,49046043037.47,45933380740.39,820835571.54,902785075.44,306910082.75,578339834.13,1429242086.25,4653461202.01,12347080923.15,27253007489.49,70586989389.54,97839996879.03,59602559506.71,806003102.22,60408562608.93,37431434270.1,-19019081.64,-748249667.22,211387716.69,-540155826.99,2014-09-30
2014-12-08,sh.600005,2.97,3.21,2.92,3.14,2.98,266296358.0,812283680.0,3,2.638222,1,5.3691,57.970061,0.868007,0.37721,656.589823,0,2014-06-30,595874992.69,49747837049.57,49046043037.47,45933380740.39,820835571.54,902785075.44,306910082.75,578339834.13,1429242086.25,4653461202.01,12347080923.15,27253007489.49,70586989389.54,97839996879.03,59602559506.71,806003102.22,60408562608.93,37431434270.1,-19019081.64,-748249667.22,211387716.69,-540155826.99,2014-09-30
2014-12-09,sh.600005,3.11,3.35,3.01,3.05,3.14,400938240.0,1279822256.0,3,3.972132,1,-2.8662,56.308499,0.843128,0.366398,637.770369,0,2014-06-30,595874992.69,49747837049.57,49046043037.47,45933380740.39,820835571.54,902785075.44,306910082.75,578339834.13,1429242086.25,4653461202.01,12347080923.15,27253007489.49,70586989389.54,97839996879.03,59602559506.71,806003102.22,60408562608.93,37431434270.1,-19019081.64,-748249667.22,211387716.69,-540155826.99,2014-09-30
2014-12-10,sh.600005,3.03,3.14,2.96,3.12,3.05,189256690.0,578608000.0,3,1.874983,1,2.2951,57.600825,0.862478,0.374807,652.407722,0,2014-06-30,595874992.69,49747837049.57,49046043037.47,45933380740.39,820835571.54,902785075.44,306910082.75,578339834.13,1429242086.25,4653461202.01,12347080923.15,27253007489.49,70586989389.54,97839996879.03,59602559506.71,806003102.22,60408562608.93,37431434270.1,-19019081.64,-748249667.22,211387716.69,-540155826.99,2014-09-30
2014-12-11,sh.600005,3.11,3.43,3.07,3.43,3.12,398320960.0,1293370528.0,3,3.946202,1,9.9359,63.323984,0.948173,0.412048,717.230284,0,2014-06-30,595874992.69,49747837049.57,49046043037.47,45933380740.39,820835571.54,902785075.44,306910082.75,578339834.13,1429242086.25,4653461202.01,12347080923.15,27253007489.49,70586989389.54,97839996879.03,59602559506.71,806003102.22,60408562608.93,37431434270.1,-19019081.64,-748249667.22,211387716.69,-540155826.99,2014-09-30
2014-12-12,sh.600005,3.42,3.45,3.28,3.33,3.43,287076368.0,961929440.0,3,2.844092,1,-2.9155,61.477804,0.92053,0.400035,696.31978,0,2014-06-30,595874992.69,49747837049.57,49046043037.47,45933380740.39,820835571.54,902785075.44,306910082.75,578339834.13,1429242086.25,4653461202.01,12347080923.15,27253007489.49,70586989389.54,97839996879.03,59602559506.71,806003102.22,60408562608.93,37431434270.1,-19019081.64,-748249667.22,211387716.69,-540155826.99,2014-09-30
2014-12-15,sh.600005,3.33,3.37,3.24,3.31,3.33,157363507.0,518978976.0,3,1.559015,1,-0.6006,61.108568,0.915001,0.397632,692.13768,0,2014-06-30,595874992.69,49747837049.57,49046043037.47,45933380740.39,820835571.54,902785075.44,306910082.75,578339834.13,1429242086.25,4653461202.01,12347080923.15,27253007489.49,70586989389.54,97839996879.03,59602559506.71,806003102.22,60408562608.93,37431434270.1,-19019081.64,-748249667.22,211387716.69,-540155826.99,2014-09-30
2014-12-16,sh.600005,3.33,3.43,3.31,3.39,3.31,201206440.0,678316416.0,3,1.993371,1,2.4169,62.585512,0.937116,0.407243,708.866083,0,2014-06-30,595874992.69,49747837049.57,49046043037.47,45933380740.39,820835571.54,902785075.44,306910082.75,578339834.13,1429242086.25,4653461202.01,12347080923.15,27253007489.49,70586989389.54,97839996879.03,59602559506.71,806003102.22,60408562608.93,37431434270.1,-19019081.64,-748249667.22,211387716.69,-540155826.99,2014-09-30
2014-12-17,sh.600005,3.39,3.49,3.33,3.4,3.39,207975677.0,708975712.0,3,2.060434,1,0.295,62.77013,0.93988,0.408444,710.957133,0,2014-06-30,595874992.69,49747837049.57,49046043037.47,45933380740.39,820835571.54,902785075.44,306910082.75,578339834.13,1429242086.25,4653461202.01,12347080923.15,27253007489.49,70586989389.54,97839996879.03,59602559506.71,806003102.22,60408562608.93,37431434270.1,-19019081.64,-748249667.22,211387716.69,-540155826.99,2014-09-30
2014-12-18,sh.600005,3.41,3.47,3.38,3.39,3.4,179883290.0,616839360.0,3,1.78212,1,-0.2941,62.585512,0.937116,0.407243,708.866083,0,2014-06-30,595874992.69,49747837049.57,49046043037.47,45933380740.39,820835571.54,902785075.44,306910082.75,578339834.13,1429242086.25,4653461202.01,12347080923.15,27253007489.49,70586989389.54,97839996879.03,59602559506.71,806003102.22,60408562608.93,37431434270.1,-19019081.64,-748249667.22,211387716.69,-540155826.99,2014-09-30
2014-12-19,sh.600005,3.39,3.66,3.35,3.63,3.39,354498096.0,1245350928.0,3,3.512045,1,7.0796,67.016345,1.003461,0.436074,759.051292,0,2014-06-30,595874992.69,49747837049.57,49046043037.47,45933380740.39,820835571.54,902785075.44,306910082.75,578339834.13,1429242086.25,4653461202.01,12347080923.15,27253007489.49,70586989389.54,97839996879.03,59602559506.71,806003102.22,60408562608.93,37431434270.1,-19019081.64,-748249667.22,211387716.69,-540155826.99,2014-09-30
2014-12-22,sh.600005,3.64,3.94,3.64,3.74,3.63,396694336.0,1505781328.0,3,3.930087,1,3.0303,69.047143,1.033868,0.449288,782.052847,0,2014-06-30,595874992.69,49747837049.57,49046043037.47,45933380740.39,820835571.54,902785075.44,306910082.75,578339834.13,1429242086.25,4653461202.01,12347080923.15,27253007489.49,70586989389.54,97839996879.03,59602559506.71,806003102.22,60408562608.93,37431434270.1,-19019081.64,-748249667.22,211387716.69,-540155826.99,2014-09-30
2014-12-23,sh.600005,3.7,3.7,3.4,3.5,3.74,202150367.0,719745552.0,3,2.002722,1,-6.4171,64.616311,0.967524,0.420457,731.867637,0,2014-06-30,595874992.69,49747837049.57,49046043037.47,45933380740.39,820835571.54,902785075.44,306910082.75,578339834.13,1429242086.25,4653461202.01,12347080923.15,27253007489.49,70586989389.54,97839996879.03,59602559506.71,806003102.22,60408562608.93,37431434270.1,-19019081.64,-748249667.22,211387716.69,-540155826.99,2014-09-30
2014-12-24,sh.600005,3.48,3.53,3.3,3.35,3.5,151558315.0,513765008.0,3,1.501502,1,-4.2857,61.84704,0.926059,0.402437,700.501881,0,2014-06-30,595874992.69,49747837049.57,49046043037.47,45933380740.39,820835571.54,902785075.44,306910082.75,578339834.13,1429242086.25,4653461202.01,12347080923.15,27253007489.49,70586989389.54,97839996879.03,59602559506.71,806003102.22,60408562608.93,37431434270.1,-19019081.64,-748249667.22,211387716.69,-540155826.99,2014-09-30
2014-12-25,sh.600005,3.36,3.53,3.34,3.52,3.35,126646798.0,434997072.0,3,1.254701,1,5.0746,64.985547,0.973053,0.42286,736.049738,0,2014-06-30,595874992.69,49747837049.57,49046043037.47,45933380740.39,820835571.54,902785075.44,306910082.75,578339834.13,1429242086.25,4653461202.01,12347080923.15,27253007489.49,70586989389.54,97839996879.03,59602559506.71,806003102.22,60408562608.93,37431434270.1,-19019081.64,-748249667.22,211387716.69,-540155826.99,2014-09-30
2014-12-26,sh.600005,3.52,3.59,3.49,3.57,3.52,129597347.0,460463040.0,3,1.283933,1,1.4205,65.908637,0.986874,0.428866,746.50499,0,2014-06-30,595874992.69,49747837049.57,49046043037.47,45933380740.39,820835571.54,902785075.44,306910082.75,578339834.13,1429242086.25,4653461202.01,12347080923.15,27253007489.49,70586989389.54,97839996879.03,59602559506.71,806003102.22,60408562608.93,37431434270.1,-19019081.64,-748249667.22,211387716.69,-540155826.99,2014-09-30
2014-12-29,sh.600005,3.58,3.66,3.5,3.58,3.57,150752365.0,543134592.0,3,1.493517,1,0.2801,66.093255,0.989639,0.430067,748.59604,0,2014-06-30,595874992.69,49747837049.57,49046043037.47,45933380740.39,820835571.54,902785075.44,306910082.75,578339834.13,1429242086.25,4653461202.01,12347080923.15,27253007489.49,70586989389.54,97839996879.03,59602559506.71,806003102.22,60408562608.93,37431434270.1,-19019081.64,-748249667.22,211387716.69,-540155826.99,2014-09-30
2014-12-30,sh.600005,3.61,3.65,3.44,3.5,3.58,127404838.0,450277008.0,3,1.262211,1,-2.2346,64.616311,0.967524,0.420457,731.867637,0,2014-09-30,1029289177.11,75560707409.23,74394140010.1,69665310466.5,1393053110.23,1480974947.51,451685770.4,999067789.93,1813982892.94,4968948580.71,12359988185.18,29392074858.65,70235477451.89,99627552310.54,60255982271.62,1603981405.95,61859963677.57,37767588632.97,4529979595.76,-1193915791.52,-3397263023.19,-69253945.11,2014-12-30
2014-12-31,sh.600005,3.53,3.59,3.48,3.58,3.5,122495594.0,433782960.0,3,1.213575,1,2.2857,66.093255,0.989639,0.430067,748.59604,0,2014-09-30,1029289177.11,75560707409.23,74394140010.1,69665310466.5,1393053110.23,1480974947.51,451685770.4,999067789.93,1813982892.94,4968948580.71,12359988185.18,29392074858.65,70235477451.89,99627552310.54,60255982271.62,1603981405.95,61859963677.57,37767588632.97,4529979595.76,-1193915791.52,-3397263023.19,-69253945.11,2014-12-30
2015-01-05,sh.600005,3.58,3.82,3.57,3.77,3.58,258097632.0,958309088.0,3,2.556997,1,5.3073,69.600997,1.042161,0.452892,788.325998,0,2014-09-30,1029289177.11,75560707409.23,74394140010.1,69665310466.5,1393053110.23,1480974947.51,451685770.4,999067789.93,1813982892.94,4968948580.71,12359988185.18,29392074858.65,70235477451.89,99627552310.54,60255982271.62,1603981405.95,61859963677.57,37767588632.97,4529979595.76,-1193915791.52,-3397263023.19,-69253945.11,2014-12-30
2015-01-06,sh.600005,3.7,3.75,3.62,3.7,3.77,161809485.0,596799632.0,3,1.603061,1,-1.8568,68.308671,1.022811,0.444483,773.688645,0,2014-09-30,1029289177.11,75560707409.23,74394140010.1,69665310466.5,1393053110.23,1480974947.51,451685770.4,999067789.93,1813982892.94,4968948580.71,12359988185.18,29392074858.65,70235477451.89,99627552310.54,60255982271.62,1603981405.95,61859963677.57,37767588632.97,4529979595.76,-1193915791.52,-3397263023.19,-69253945.11,2014-12-30
2015-01-07,sh.600005,3.69,3.77,3.66,3.73,3.7,140950924.0,525117328.0,3,1.396414,1,0.8108,68.862525,1.031104,0.448087,779.961796,0,2014-09-30,1029289177.11,75560707409.23,74394140010.1,69665310466.5,1393053110.23,1480974947.51,451685770.4,999067789.93,1813982892.94,4968948580.71,12359988185.18,29392074858.65,70235477451.89,99627552310.54,60255982271.62,1603981405.95,61859963677.57,37767588632.97,4529979595.76,-1193915791.52,-3397263023.19,-69253945.11,2014-12-30
2015-01-08,sh.600005,3.73,3.75,3.55,3.56,3.73,135723831.0,490013744.0,3,1.344628,1,-4.5576,65.724019,0.98411,0.427665,744.413939,0,2014-09-30,1029289177.11,75560707409.23,74394140010.1,69665310466.5,1393053110.23,1480974947.51,451685770.4,999067789.93,1813982892.94,4968948580.71,12359988185.18,29392074858.65,70235477451.89,99627552310.54,60255982271.62,1603981405.95,61859963677.57,37767588632.97,4529979595.76,-1193915791.52,-3397263023.19,-69253945.11,2014-12-30
2015-01-09,sh.600005,3.52,3.63,3.5,3.51,3.56,102063548.0,363587456.0,3,1.011153,1,-1.4045,64.800929,0.970288,0.421658,733.958688,0,2014-09-30,1029289177.11,75560707409.23,74394140010.1,69665310466.5,1393053110.23,1480974947.51,451685770.4,999067789.93,1813982892.94,4968948580.71,12359988185.18,29392074858.65,70235477451.89,99627552310.54,60255982271.62,1603981405.95,61859963677.57,37767588632.97,4529979595.76,-1193915791.52,-3397263023.19,-69253945.11,2014-12-30
2015-01-12,sh.600005,3.46,3.47,3.33,3.36,3.51,102131064.0,346322032.0,3,1.011822,1,-4.2735,62.031658,0.928823,0.403639,702.592932,0,2014-09-30,1029289177.11,75560707409.23,74394140010.1,69665310466.5,1393053110.23,1480974947.51,451685770.4,999067789.93,1813982892.94,4968948580.71,12359988185.18,29392074858.65,70235477451.89,99627552310.54,60255982271.62,1603981405.95,61859963677.57,37767588632.97,4529979595.76,-1193915791.52,-3397263023.19,-69253945.11,2014-12-30
2015-01-13,sh.600005,3.36,3.39,3.33,3.36,3.36,50172239.0,168770293.0,3,0.497061,1,0.0,62.031658,0.928823,0.403639,702.592932,0,2014-09-30,1029289177.11,75560707409.23,74394140010.1,69665310466.5,1393053110.23,1480974947.51,451685770.4,999067789.93,1813982892.94,4968948580.71,12359988185.18,29392074858.65,70235477451.89,99627552310.54,60255982271.62,1603981405.95,61859963677.57,37767588632.97,4529979595.76,-1193915791.52,-3397263023.19,-69253945.11,2014-12-30
2015-01-14,sh.600005,3.36,3.38,3.28,3.3,3.36,55192662.0,183857785.0,3,0.546799,1,-1.7857,60.92395,0.912237,0.396431,690.046629,0,2014-09-30,1029289177.11,75560707409.23,74394140010.1,69665310466.5,1393053110.23,1480974947.51,451685770.4,999067789.93,1813982892.94,4968948580.71,12359988185.18,29392074858.65,70235477451.89,99627552310.54,60255982271.62,1603981405.95,61859963677.57,37767588632.97,4529979595.76,-1193915791.52,-3397263023.19,-69253945.11,2014-12-30
2015-01-15,sh.600005,3.29,3.4,3.27,3.4,3.3,68406011.0,227761779.0,3,0.677705,1,3.0303,62.77013,0.93988,0.408444,710.957133,0,2014-09-30,1029289177.11,75560707409.23,74394140010.1,69665310466.5,1393053110.23,1480974947.51,451685770.4,999067789.93,1813982892.94,4968948580.71,12359988185.18,29392074858.65,70235477451.89,99627552310.54,60255982271.62,1603981405.95,61859963677.57,37767588632.97,4529979595.76,-1193915791.52,-3397263023.19,-69253945.11,2014-12-30
2015-01-16,sh.600005,3.41,3.45,3.4,3.45,3.4,69780072.0,239256970.0,3,0.691318,1,1.4706,63.69322,0.953702,0.414451,721.412385,0,2014-09-30,1029289177.11,75560707409.23,74394140010.1,69665310466.5,1393053110.23,1480974947.51,451685770.4,999067789.93,1813982892.94,4968948580.71,12359988185.18,29392074858.65,70235477451.89,99627552310.54,60255982271.62,1603981405.95,61859963677.57,37767588632.97,4529979595.76,-1193915791.52,-3397263023.19,-69253945.11,2014-12-30
2015-01-19,sh.600005,3.3,3.33,3.11,3.12,3.45,133764002.0,429331648.0,3,1.325212,1,-9.5652,57.600825,0.862478,0.374807,652.407722,0,2014-09-30,1029289177.11,75560707409.23,74394140010.1,69665310466.5,1393053110.23,1480974947.51,451685770.4,999067789.93,1813982892.94,4968948580.71,12359988185.18,29392074858.65,70235477451.89,99627552310.54,60255982271.62,1603981405.95,61859963677.57,37767588632.97,4529979595.76,-1193915791.52,-3397263023.19,-69253945.11,2014-12-30
2015-01-20,sh.600005,3.12,3.21,3.12,3.18,3.12,92856383.0,294288032.0,3,0.919937,1,1.9231,58.708534,0.879065,0.382015,664.954025,0,2014-09-30,1029289177.11,75560707409.23,74394140010.1,69665310466.5,1393053110.23,1480974947.51,451685770.4,999067789.93,1813982892.94,4968948580.71,12359988185.18,29392074858.65,70235477451.89,99627552310.54,60255982271.62,1603981405.95,61859963677.57,37767588632.97,4529979595.76,-1193915791.52,-3397263023.19,-69253945.11,2014-12-30
2015-01-21,sh.600005,3.18,3.36,3.15,3.33,3.18,113189437.0,367323232.0,3,1.121378,1,4.717,61.477804,0.92053,0.400035,696.31978,0,2014-09-30,1029289177.11,75560707409.23,74394140010.1,69665310466.5,1393053110.23,1480974947.51,451685770.4,999067789.93,1813982892.94,4968948580.71,12359988185.18,29392074858.65,70235477451.89,99627552310.54,60255982271.62,1603981405.95,61859963677.57,37767588632.97,4529979595.76,-1193915791.52,-3397263023.19,-69253945.11,2014-12-30
2015-01-22,sh.600005,3.32,3.4,3.29,3.36,3.33,85206635.0,285384816.0,3,0.84415,1,0.9009,62.031658,0.928823,0.403639,702.592932,0,2014-09-30,1029289177.11,75560707409.23,74394140010.1,69665310466.5,1393053110.23,1480974947.51,451685770.4,999067789.93,1813982892.94,4968948580.71,12359988185.18,29392074858.65,70235477451.89,99627552310.54,60255982271.62,1603981405.95,61859963677.57,37767588632.97,4529979595.76,-1193915791.52,-3397263023.19,-69253945.11,2014-12-30
2015-01-23,sh.600005,3.36,3.4,3.32,3.33,3.36,74036614.0,247917336.0,3,0.733488,1,-0.8929,61.477804,0.92053,0.400035,696.31978,0,2014-09-30,1029289177.11,75560707409.23,74394140010.1,69665310466.5,1393053110.23,1480974947.51,451685770.4,999067789.93,1813982892.94,4968948580.71,12359988185.18,29392074858.65,70235477451.89,99627552310.54,60255982271.62,1603981405.95,61859963677.57,37767588632.97,4529979595.76,-1193915791.52,-3397263023.19,-69253945.11,2014-12-30
2015-01-26,sh.600005,3.34,3.39,3.31,3.38,3.33,64686668.0,217322700.0,3,0.640857,1,1.5015,62.400894,0.934352,0.406041,706.775032,0,2014-09-30,1029289177.11,75560707409.23,74394140010.1,69665310466.5,1393053110.23,1480974947.51,451685770.4,999067789.93,1813982892.94,4968948580.71,12359988185.18,29392074858.65,70235477451.89,99627552310.54,60255982271.62,1603981405.95,61859963677.57,37767588632.97,4529979595.76,-1193915791.52,-3397263023.19,-69253945.11,2014-12-30
2015-01-27,sh.600005,3.39,3.41,3.28,3.34,3.38,69385975.0,231530923.0,3,0.687413,1,-1.1834,61.662422,0.923294,0.401236,698.410831,0,2014-09-30,1029289177.11,75560707409.23,74394140010.1,69665310466.5,1393053110.23,1480974947.51,451685770.4,999067789.93,1813982892.94,4968948580.71,12359988185.18,29392074858.65,70235477451.89,99627552310.54,60255982271.62,1603981405.95,61859963677.57,37767588632.97,4529979595.76,-1193915791.52,-3397263023.19,-69253945.11,2014-12-30
2015-01-28,sh.600005,3.34,3.34,3.28,3.3,3.34,52893820.0,174838088.0,3,0.524024,1,-1.1976,60.92395,0.912237,0.396431,690.046629,0,2014-09-30,1029289177.11,75560707409.23,74394140010.1,69665310466.5,1393053110.23,1480974947.51,451685770.4,999067789.93,1813982892.94,4968948580.71,12359988185.18,29392074858.65,70235477451.89,99627552310.54,60255982271.62,1603981405.95,61859963677.57,37767588632.97,4529979595.76,-1193915791.52,-3397263023.19,-69253945.11,2014-12-30
2015-01-29,sh.600005,3.28,3.38,3.2,3.32,3.3,80598524.0,265988545.0,3,0.798497,1,0.6061,61.293186,0.917766,0.398834,694.22873,0,2014-09-30,1029289177.11,75560707409.23,74394140010.1,69665310466.5,1393053110.23,1480974947.51,451685770.4,999067789.93,1813982892.94,4968948580.71,12359988185.18,29392074858.65,70235477451.89,99627552310.54,60255982271.62,1603981405.95,61859963677.57,37767588632.97,4529979595.76,-1193915791.52,-3397263023.19,-69253945.11,2014-12-30
2015-01-30,sh.600005,3.33,3.34,3.26,3.27,3.32,39162352.0,129209837.0,3,0.387985,1,-1.506,60.370096,0.903944,0.392827,683.773478,0,2014-09-30,1029289177.11,75560707409.23,74394140010.1,69665310466.5,1393053110.23,1480974947.51,451685770.4,999067789.93,1813982892.94,4968948580.71,12359988185.18,29392074858.65,70235477451.89,99627552310.54,60255982271.62,1603981405.95,61859963677.57,37767588632.97,4529979595.76,-1193915791.52,-3397263023.19,-69253945.11,2014-12-30
2015-02-02,sh.600005,3.24,3.26,3.16,3.17,3.27,58556082.0,187847570.0,3,0.58012,1,-3.0581,58.523916,0.8763,0.380814,662.862974,0,2014-09-30,1029289177.11,75560707409.23,74394140010.1,69665310466.5,1393053110.23,1480974947.51,451685770.4,999067789.93,1813982892.94,4968948580.71,12359988185.18,29392074858.65,70235477451.89,99627552310.54,60255982271.62,1603981405.95,61859963677.57,37767588632.97,4529979595.76,-1193915791.52,-3397263023.19,-69253945.11,2014-12-30
2015-02-03,sh.600005,3.19,3.23,3.17,3.23,3.17,36385602.0,116476960.0,3,0.360475,1,1.8927,59.631624,0.892886,0.388022,675.409277,0,2014-09-30,1029289177.11,75560707409.23,74394140010.1,69665310466.5,1393053110.23,1480974947.51,451685770.4,999067789.93,1813982892.94,4968948580.71,12359988185.18,29392074858.65,70235477451.89,99627552310.54,60255982271.62,1603981405.95,61859963677.57,37767588632.97,4529979595.76,-1193915791.52,-3397263023.19,-69253945.11,2014-12-30
2015-02-04,sh.600005,3.26,3.4,3.25,3.31,3.23,103853490.0,346735328.0,3,1.028886,1,2.4768,61.108568,0.915001,0.397632,692.13768,0,2014-09-30,1029289177.11,75560707409.23,74394140010.1,69665310466.5,1393053110.23,1480974947.51,451685770.4,999067789.93,1813982892.94,4968948580.71,12359988185.18,29392074858.65,70235477451.89,99627552310.54,60255982271.62,1603981405.95,61859963677.57,37767588632.97,4529979595.76,-1193915791.52,-3397263023.19,-69253945.11,2014-12-30
2015-02-05,sh.600005,3.34,3.36,3.2,3.22,3.31,66339391.0,217671084.0,3,0.65723,1,-2.719,59.447006,0.890122,0.38682,673.318226,0,2014-09-30,1029289177.11,75560707409.23,74394140010.1,69665310466.5,1393053110.23,1480974947.51,451685770.4,999067789.93,1813982892.94,4968948580.71,12359988185.18,29392074858.65,70235477451.89,99627552310.54,60255982271.62,1603981405.95,61859963677.57,37767588632.97,4529979595.76,-1193915791.52,-3397263023.19,-69253945.11,2014-12-30
2015-02-06,sh.600005,3.2,3.23,3.12,3.14,3.22,63804131.0,202064322.0,3,0.632113,1,-2.4845,57.970061,0.868007,0.37721,656.589823,0,2014-09-30,1029289177.11,75560707409.23,74394140010.1,69665310466.5,1393053110.23,1480974947.51,451685770.4,999067789.93,1813982892.94,4968948580.71,12359988185.18,29392074858.65,70235477451.89,99627552310.54,60255982271.62,1603981405.95,61859963677.57,37767588632.97,4529979595.76,-1193915791.52,-3397263023.19,-69253945.11,2014-12-30
2015-02-09,sh.600005,3.14,3.17,3.08,3.14,3.14,39955416.0,124969198.0,3,0.395842,1,0.0,57.970061,0.868007,0.37721,656.589823,0,2014-09-30,1029289177.11,75560707409.23,74394140010.1,69665310466.5,1393053110.23,1480974947.51,451685770.4,999067789.93,1813982892.94,4968948580.71,12359988185.18,29392074858.65,70235477451.89,99627552310.54,60255982271.62,1603981405.95,61859963677.57,37767588632.97,4529979595.76,-1193915791.52,-3397263023.19,-69253945.11,2014-12-30
2015-02-10,sh.600005,3.14,3.2,3.12,3.19,3.14,35498168.0,112716085.0,3,0.351684,1,1.5924,58.893152,0.881829,0.383217,667.045075,0,2014-09-30,1029289177.11,75560707409.23,74394140010.1,69665310466.5,1393053110.23,1480974947.51,451685770.4,999067789.93,1813982892.94,4968948580.71,12359988185.18,29392074858.65,70235477451.89,99627552310.54,60255982271.62,1603981405.95,61859963677.57,37767588632.97,4529979595.76,-1193915791.52,-3397263023.19,-69253945.11,2014-12-30
2015-02-11,sh.600005,3.2,3.23,3.18,3.19,3.19,29432224.0,94261967.0,3,0.291588,1,0.0,58.893152,0.881829,0.383217,667.045075,0,2014-09-30,1029289177.11,75560707409.23,74394140010.1,69665310466.5,1393053110.23,1480974947.51,451685770.4,999067789.93,1813982892.94,4968948580.71,12359988185.18,29392074858.65,70235477451.89,99627552310.54,60255982271.62,1603981405.95,61859963677.57,37767588632.97,4529979595.76,-1193915791.52,-3397263023.19,-69253945.11,2014-12-30
2015-02-12,sh.600005,3.18,3.33,3.15,3.31,3.19,95593852.0,312023440.0,3,0.947057,1,3.7618,61.108568,0.915001,0.397632,692.13768,0,2014-09-30,1029289177.11,75560707409.23,74394140010.1,69665310466.5,1393053110.23,1480974947.51,451685770.4,999067789.93,1813982892.94,4968948580.71,12359988185.18,29392074858.65,70235477451.89,99627552310.54,60255982271.62,1603981405.95,61859963677.57,37767588632.97,4529979595.76,-1193915791.52,-3397263023.19,-69253945.11,2014-12-30
2015-02-13,sh.600005,3.61,3.64,3.52,3.64,3.31,468807904.0,1695532320.0,3,4.644523,1,9.9698,67.200963,1.006225,0.437275,761.142343,0,2014-09-30,1029289177.11,75560707409.23,74394140010.1,69665310466.5,1393053110.23,1480974947.51,451685770.4,999067789.93,1813982892.94,4968948580.71,12359988185.18,29392074858.65,70235477451.89,99627552310.54,60255982271.62,1603981405.95,61859963677.57,37767588632.97,4529979595.76,-1193915791.52,-3397263023.19,-69253945.11,2014-12-30
2015-02-16,sh.600005,3.66,3.87,3.58,3.75,3.64,361868672.0,1340990032.0,3,3.585066,1,3.022,69.231761,1.036633,0.45049,784.143897,0,2014-09-30,1029289177.11,75560707409.23,74394140010.1,69665310466.5,1393053110.23,1480974947.51,451685770.4,999067789.93,1813982892.94,4968948580.71,12359988185.18,29392074858.65,70235477451.89,99627552310.54,60255982271.62,1603981405.95,61859963677.57,37767588632.97,4529979595.76,-1193915791.52,-3397263023.19,-69253945.11,2014-12-30
2015-02-17,sh.600005,3.71,3.94,3.65,3.86,3.75,189755520.0,723887360.0,3,1.879925,1,2.9333,71.26256,1.067041,0.463704,807.145451,0,2014-09-30,1029289177.11,75560707409.23,74394140010.1,69665310466.5,1393053110.23,1480974947.51,451685770.4,999067789.93,1813982892.94,4968948580.71,12359988185.18,29392074858.65,70235477451.89,99627552310.54,60255982271.62,1603981405.95,61859963677.57,37767588632.97,4529979595.76,-1193915791.52,-3397263023.19,-69253945.11,2014-12-30
2015-02-25,sh.600005,3.81,4.02,3.8,3.83,3.86,187548963.0,729503744.0,3,1.858065,1,-0.7772,70.708705,1.058748,0.4601,800.8723,0,2014-09-30,1029289177.11,75560707409.23,74394140010.1,69665310466.5,1393053110.23,1480974947.51,451685770.4,999067789.93,1813982892.94,4968948580.71,12359988185.18,29392074858.65,70235477451.89,99627552310.54,60255982271.62,1603981405.95,61859963677.57,37767588632.97,4529979595.76,-1193915791.52,-3397263023.19,-69253945.11,2014-12-30
2015-02-26,sh.600005,3.83,3.84,3.69,3.84,3.83,133648902.0,503204496.0,3,1.324072,1,0.2611,70.893324,1.061512,0.461301,802.96335,0,2014-09-30,1029289177.11,75560707409.23,74394140010.1,69665310466.5,1393053110.23,1480974947.51,451685770.4,999067789.93,1813982892.94,4968948580.71,12359988185.18,29392074858.65,70235477451.89,99627552310.54,60255982271.62,1603981405.95,61859963677.57,37767588632.97,4529979595.76,-1193915791.52,-3397263023.19,-69253945.11,2014-12-30
2015-02-27,sh.600005,3.8,3.93,3.76,3.89,3.84,177146026.0,684847760.0,3,1.755002,1,1.3021,71.816414,1.075334,0.467308,813.418602,0,2014-09-30,1029289177.11,75560707409.23,74394140010.1,69665310466.5,1393053110.23,1480974947.51,451685770.4,999067789.93,1813982892.94,4968948580.71,12359988185.18,29392074858.65,70235477451.89,99627552310.54,60255982271.62,1603981405.95,61859963677.57,37767588632.97,4529979595.76,-1193915791.52,-3397263023.19,-69253945.11,2014-12-30
2015-03-02,sh.600005,3.91,4.28,3.89,4.17,3.89,334243056.0,1383804448.0,3,3.311377,1,7.1979,76.985719,1.152736,0.500945,871.968013,0,2014-09-30,1029289177.11,75560707409.23,74394140010.1,69665310466.5,1393053110.23,1480974947.51,451685770.4,999067789.93,1813982892.94,4968948580.71,12359988185.18,29392074858.65,70235477451.89,99627552310.54,60255982271.62,1603981405.95,61859963677.57,37767588632.97,4529979595.76,-1193915791.52,-3397263023.19,-69253945.11,2014-12-30
2015-03-03,sh.600005,4.11,4.12,3.84,3.94,4.17,233517379.0,940998624.0,3,2.313478,1,-5.5156,72.739504,1.089155,0.473315,823.873854,0,2014-09-30,1029289177.11,75560707409.23,74394140010.1,69665310466.5,1393053110.23,1480974947.51,451685770.4,999067789.93,1813982892.94,4968948580.71,12359988185.18,29392074858.65,70235477451.89,99627552310.54,60255982271.62,1603981405.95,61859963677.57,37767588632.97,4529979595.76,-1193915791.52,-3397263023.19,-69253945.11,2014-12-30
2015-03-04,sh.600005,3.95,4.11,3.88,4.1,3.94,142179666.0,569775456.0,3,1.408587,1,4.0609,75.693392,1.133385,0.492535,857.330661,0,2014-09-30,1029289177.11,75560707409.23,74394140010.1,69665310466.5,1393053110.23,1480974947.51,451685770.4,999067789.93,1813982892.94,4968948580.71,12359988185.18,29392074858.65,70235477451.89,99627552310.54,60255982271.62,1603981405.95,61859963677.57,37767588632.97,4529979595.76,-1193915791.52,-3397263023.19,-69253945.11,2014-12-30
2015-03-05,sh.600005,4.11,4.18,3.94,4.02,4.1,147450462.0,597256192.0,3,1.460805,1,-1.9512,74.216448,1.11127,0.482925,840.602257,0,2014-09-30,1029289177.11,75560707409.23,74394140010.1,69665310466.5,1393053110.23,1480974947.51,451685770.4,999067789.93,1813982892.94,4968948580.71,12359988185.18,29392074858.65,70235477451.89,99627552310.54,60255982271.62,1603981405.95,61859963677.57,37767588632.97,4529979595.76,-1193915791.52,-3397263023.19,-69253945.11,2014-12-30
2015-03-06,sh.600005,3.98,4.02,3.83,3.88,4.02,122715205.0,480982544.0,3,1.215751,1,-3.4826,71.631796,1.072569,0.466107,811.327552,0,2014-09-30,1029289177.11,75560707409.23,74394140010.1,69665310466.5,1393053110.23,1480974947.51,451685770.4,999067789.93,1813982892.94,4968948580.71,12359988185.18,29392074858.65,70235477451.89,99627552310.54,60255982271.62,1603981405.95,61859963677.57,37767588632.97,4529979595.76,-1193915791.52,-3397263023.19,-69253945.11,2014-12-30
2015-03-09,sh.600005,3.83,3.91,3.76,3.88,3.88,73262264.0,280976752.0,3,0.725816,1,0.0,71.631796,1.072569,0.466107,811.327552,0,2014-09-30,1029289177.11,75560707409.23,74394140010.1,69665310466.5,1393053110.23,1480974947.51,451685770.4,999067789.93,1813982892.94,4968948580.71,12359988185.18,29392074858.65,70235477451.89,99627552310.54,60255982271.62,1603981405.95,61859963677.57,37767588632.97,4529979595.76,-1193915791.52,-3397263023.19,-69253945.11,2014-12-30
2015-03-10,sh.600005,3.88,3.9,3.8,3.83,3.88,105992491.0,406845664.0,3,1.050077,1,-1.2887,70.708705,1.058748,0.4601,800.8723,0,2014-09-30,1029289177.11,75560707409.23,74394140010.1,69665310466.5,1393053110.23,1480974947.51,451685770.4,999067789.93,1813982892.94,4968948580.71,12359988185.18,29392074858.65,70235477451.89,99627552310.54,60255982271.62,1603981405.95,61859963677.57,37767588632.97,4529979595.76,-1193915791.52,-3397263023.19,-69253945.11,2014-12-30
2015-03-11,sh.600005,3.85,3.89,3.7,3.75,3.83,141060816.0,533202656.0,3,1.397502,1,-2.0888,69.231761,1.036633,0.45049,784.143897,0,2014-09-30,1029289177.11,75560707409.23,74394140010.1,69665310466.5,1393053110.23,1480974947.51,451685770.4,999067789.93,1813982892.94,4968948580.71,12359988185.18,29392074858.65,70235477451.89,99627552310.54,60255982271.62,1603981405.95,61859963677.57,37767588632.97,4529979595.76,-1193915791.52,-3397263023.19,-69253945.11,2014-12-30
2015-03-12,sh.600005,3.76,3.83,3.72,3.75,3.75,119737728.0,451442704.0,3,1.186253,1,0.0,69.231761,1.036633,0.45049,784.143897,0,2014-09-30,1029289177.11,75560707409.23,74394140010.1,69665310466.5,1393053110.23,1480974947.51,451685770.4,999067789.93,1813982892.94,4968948580.71,12359988185.18,29392074858.65,70235477451.89,99627552310.54,60255982271.62,1603981405.95,61859963677.57,37767588632.97,4529979595.76,-1193915791.52,-3397263023.19,-69253945.11,2014-12-30
2015-03-13,sh.600005,3.77,3.86,3.76,3.84,3.75,84750892.0,323639536.0,3,0.839635,1,2.4,70.893324,1.061512,0.461301,802.96335,0,2014-09-30,1029289177.11,75560707409.23,74394140010.1,69665310466.5,1393053110.23,1480974947.51,451685770.4,999067789.93,1813982892.94,4968948580.71,12359988185.18,29392074858.65,70235477451.89,99627552310.54,60255982271.62,1603981405.95,61859963677.57,37767588632.97,4529979595.76,-1193915791.52,-3397263023.19,-69253945.11,2014-12-30
2015-03-16,sh.600005,3.88,4.06,3.86,4.01,3.84,171960889.0,685861792.0,3,1.703632,1,4.4271,74.03183,1.108506,0.481724,838.511207,0,2014-09-30,1029289177.11,75560707409.23,74394140010.1,69665310466.5,1393053110.23,1480974947.51,451685770.4,999067789.93,1813982892.94,4968948580.71,12359988185.18,29392074858.65,70235477451.89,99627552310.54,60255982271.62,1603981405.95,61859963677.57,37767588632.97,4529979595.76,-1193915791.52,-3397263023.19,-69253945.11,2014-12-30
2015-03-17,sh.600005,4.03,4.12,4.0,4.08,4.01,182923927.0,742208048.0,3,1.812244,1,1.7456,75.324156,1.127856,0.490133,853.14856,0,2014-09-30,1029289177.11,75560707409.23,74394140010.1,69665310466.5,1393053110.23,1480974947.51,451685770.4,999067789.93,1813982892.94,4968948580.71,12359988185.18,29392074858.65,70235477451.89,99627552310.54,60255982271.62,1603981405.95,61859963677.57,37767588632.97,4529979595.76,-1193915791.52,-3397263023.19,-69253945.11,2014-12-30
2015-03-18,sh.600005,4.09,4.45,4.09,4.38,4.08,293615184.0,1258689456.0,3,2.908872,1,7.3529,80.862697,1.210787,0.526172,915.880072,0,2014-09-30,1029289177.11,75560707409.23,74394140010.1,69665310466.5,1393053110.23,1480974947.51,451685770.4,999067789.93,1813982892.94,4968948580.71,12359988185.18,29392074858.65,70235477451.89,99627552310.54,60255982271.62,1603981405.95,61859963677.57,37767588632.97,4529979595.76,-1193915791.52,-3397263023.19,-69253945.11,2014-12-30
2015-03-19,sh.600005,4.38,4.42,4.24,4.3,4.38,213296491.0,917269856.0,3,2.113148,1,-1.8265,79.385753,1.188672,0.516562,899.151668,0,2014-09-30,1029289177.11,75560707409.23,74394140010.1,69665310466.5,1393053110.23,1480974947.51,451685770.4,999067789.93,1813982892.94,4968948580.71,12359988185.18,29392074858.65,70235477451.89,99627552310.54,60255982271.62,1603981405.95,61859963677.57,37767588632.97,4529979595.76,-1193915791.52,-3397263023.19,-69253945.11,2014-12-30
2015-03-20,sh.600005,4.3,4.35,4.24,4.34,4.3,151015571.0,647273040.0,3,1.496125,1,0.9302,80.124225,1.19973,0.521367,907.51587,0,2014-09-30,1029289177.11,75560707409.23,74394140010.1,69665310466.5,1393053110.23,1480974947.51,451685770.4,999067789.93,1813982892.94,4968948580.71,12359988185.18,29392074858.65,70235477451.89,99627552310.54,60255982271.62,1603981405.95,61859963677.57,37767588632.97,4529979595.76,-1193915791.52,-3397263023.19,-69253945.11,2014-12-30
2015-03-23,sh.600005,4.5,4.6,4.42,4.52,4.34,236454189.0,1066543600.0,3,2.342573,1,4.1475,83.44735,1.249488,0.54299,945.154777,0,2014-09-30,1029289177.11,75560707409.23,74394140010.1,69665310466.5,1393053110.23,1480974947.51,451685770.4,999067789.93,1813982892.94,4968948580.71,12359988185.18,29392074858.65,70235477451.89,99627552310.54,60255982271.62,1603981405.95,61859963677.57,37767588632.97,4529979595.76,-1193915791.52,-3397263023.19,-69253945.11,2014-12-30
2015-03-24,sh.600005,4.51,4.97,4.5,4.97,4.52,503361744.0,2442083488.0,3,4.986851,1,9.9557,91.755161,1.373884,0.597049,1039.252045,0,2014-09-30,1029289177.11,75560707409.23,74394140010.1,69665310466.5,1393053110.23,1480974947.51,451685770.4,999067789.93,1813982892.94,4968948580.71,12359988185.18,29392074858.65,70235477451.89,99627552310.54,60255982271.62,1603981405.95,61859963677.57,37767588632.97,4529979595.76,-1193915791.52,-3397263023.19,-69253945.11,2014-12-30
2015-03-25,sh.600005,4.9,4.9,4.68,4.77,4.97,298623904.0,1425023504.0,3,2.958494,1,-4.0241,88.0628,1.318597,0.573023,997.431037,0,2014-09-30,1029289177.11,75560707409.23,74394140010.1,69665310466.5,1393053110.23,1480974947.51,451685770.4,999067789.93,1813982892.94,4968948580.71,12359988185.18,29392074858.65,70235477451.89,99627552310.54,60255982271.62,1603981405.95,61859963677.57,37767588632.97,4529979595.76,-1193915791.52,-3397263023.19,-69253945.11,2014-12-30
2015-03-26,sh.600005,4.74,5.1,4.61,4.86,4.77,240233463.0,1169871616.0,3,2.380015,1,1.8868,89.724363,1.343476,0.583835,1016.25049,0,2014-09-30,1029289177.11,75560707409.23,74394140010.1,69665310466.5,1393053110.23,1480974947.51,451685770.4,999067789.93,1813982892.94,4968948580.71,12359988185.18,29392074858.65,70235477451.89,99627552310.54,60255982271.62,1603981405.95,61859963677.57,37767588632.97,4529979595.76,-1193915791.52,-3397263023.19,-69253945.11,2014-12-30
2015-03-27,sh.600005,4.84,4.87,4.69,4.77,4.86,125033730.0,596286288.0,3,1.238721,1,-1.8519,88.0628,1.318597,0.573023,997.431037,0,2014-09-30,1029289177.11,75560707409.23,74394140010.1,69665310466.5,1393053110.23,1480974947.51,451685770.4,999067789.93,1813982892.94,4968948580.71,12359988185.18,29392074858.65,70235477451.89,99627552310.54,60255982271.62,1603981405.95,61859963677.57,37767588632.97,4529979595.76,-1193915791.52,-3397263023.19,-69253945.11,2014-12-30
2015-03-30,sh.600005,4.77,4.94,4.75,4.87,4.77,156933623.0,761186256.0,3,1.554756,1,2.0964,89.908981,1.34624,0.585036,1018.341541,0,2014-09-30,1029289177.11,75560707409.23,74394140010.1,69665310466.5,1393053110.23,1480974947.51,451685770.4,999067789.93,1813982892.94,4968948580.71,12359988185.18,29392074858.65,70235477451.89,99627552310.54,60255982271.62,1603981405.95,61859963677.57,37767588632.97,4529979595.76,-1193915791.52,-3397263023.19,-69253945.11,2014-12-30
2015-03-31,sh.600005,4.92,5.09,4.82,4.85,4.87,181342028.0,898110304.0,3,1.796572,1,-0.4107,89.539745,1.340712,0.582633,1014.15944,0,2014-12-31,1292597293.57,99373089374.8,98829723269.78,91933497635.82,1162412270.92,1546796975.46,254199681.89,1257435863.88,3031765613.78,9272321999.49,11496361150.12,35702661165.16,60360848044.86,96063509210.02,56091789186.14,3392597196.59,59484386382.73,36579122827.29,7704041191.64,-3058269595.72,-5122114068.55,-487114316.89,2015-03-31
2015-04-01,sh.600005,4.82,4.88,4.76,4.85,4.85,125633293.0,604955440.0,3,1.244661,1,0.0,89.539745,1.340712,0.582633,1014.15944,0,2014-12-31,1292597293.57,99373089374.8,98829723269.78,91933497635.82,1162412270.92,1546796975.46,254199681.89,1257435863.88,3031765613.78,9272321999.49,11496361150.12,35702661165.16,60360848044.86,96063509210.02,56091789186.14,3392597196.59,59484386382.73,36579122827.29,7704041191.64,-3058269595.72,-5122114068.55,-487114316.89,2015-03-31
2015-04-02,sh.600005,4.85,4.86,4.78,4.84,4.85,102544671.0,493942912.0,3,1.015919,1,-0.2062,89.355127,1.337947,0.581432,1012.06839,0,2014-12-31,1292597293.57,99373089374.8,98829723269.78,91933497635.82,1162412270.92,1546796975.46,254199681.89,1257435863.88,3031765613.78,9272321999.49,11496361150.12,35702661165.16,60360848044.86,96063509210.02,56091789186.14,3392597196.59,59484386382.73,36579122827.29,7704041191.64,-3058269595.72,-5122114068.55,-487114316.89,2015-03-31
2015-04-03,sh.600005,4.81,5.02,4.76,4.91,4.84,179754023.0,885651232.0,3,1.78084,1,1.4463,90.647453,1.357298,0.589841,1026.705742,0,2014-12-31,1292597293.57,99373089374.8,98829723269.78,91933497635.82,1162412270.92,1546796975.46,254199681.89,1257435863.88,3031765613.78,9272321999.49,11496361150.12,35702661165.16,60360848044.86,96063509210.02,56091789186.14,3392597196.59,59484386382.73,36579122827.29,7704041191.64,-3058269595.72,-5122114068.55,-487114316.89,2015-03-31
2015-04-07,sh.600005,5.01,5.09,4.95,5.01,4.91,189029471.0,945525168.0,3,1.872732,1,2.0367,92.493633,1.384941,0.601854,1047.616246,0,2014-12-31,1292597293.57,99373089374.8,98829723269.78,91933497635.82,1162412270.92,1546796975.46,254199681.89,1257435863.88,3031765613.78,9272321999.49,11496361150.12,35702661165.16,60360848044.86,96063509210.02,56091789186.14,3392597196.59,59484386382.73,36579122827.29,7704041191.64,-3058269595.72,-5122114068.55,-487114316.89,2015-03-31
2015-04-08,sh.600005,5.05,5.1,4.9,5.09,5.01,204137865.0,1023590608.0,3,2.022413,1,1.5968,93.970577,1.407056,0.611465,1064.344649,0,2014-12-31,1292597293.57,99373089374.8,98829723269.78,91933497635.82,1162412270.92,1546796975.46,254199681.89,1257435863.88,3031765613.78,9272321999.49,11496361150.12,35702661165.16,60360848044.86,96063509210.02,56091789186.14,3392597196.59,59484386382.73,36579122827.29,7704041191.64,-3058269595.72,-5122114068.55,-487114316.89,2015-03-31
2015-04-09,sh.600005,5.13,5.22,4.95,5.09,5.09,195643271.0,990941216.0,3,1.938256,1,0.0,93.970577,1.407056,0.611465,1064.344649,0,2014-12-31,1292597293.57,99373089374.8,98829723269.78,91933497635.82,1162412270.92,1546796975.46,254199681.89,1257435863.88,3031765613.78,9272321999.49,11496361150.12,35702661165.16,60360848044.86,96063509210.02,56091789186.14,3392597196.59,59484386382.73,36579122827.29,7704041191.64,-3058269595.72,-5122114068.55,-487114316.89,2015-03-31
2015-04-10,sh.600005,5.11,5.17,5.01,5.11,5.09,166185675.0,847980688.0,3,1.646417,1,0.3929,94.339813,1.412585,0.613867,1068.52675,0,2014-12-31,1292597293.57,99373089374.8,98829723269.78,91933497635.82,1162412270.92,1546796975.46,254199681.89,1257435863.88,3031765613.78,9272321999.49,11496361150.12,35702661165.16,60360848044.86,96063509210.02,56091789186.14,3392597196.59,59484386382.73,36579122827.29,7704041191.64,-3058269595.72,-5122114068.55,-487114316.89,2015-03-31
2015-04-13,sh.600005,5.15,5.18,5.08,5.17,5.11,160703804.0,824239536.0,3,1.592107,1,1.1742,95.447522,1.429171,0.621075,1081.073053,0,2014-12-31,1292597293.57,99373089374.8,98829723269.78,91933497635.82,1162412270.92,1546796975.46,254199681.89,1257435863.88,3031765613.78,9272321999.49,11496361150.12,35702661165.16,60360848044.86,96063509210.02,56091789186.14,3392597196.59,59484386382.73,36579122827.29,7704041191.64,-3058269595.72,-5122114068.55,-487114316.89,2015-03-31
2015-04-14,sh.600005,5.15,5.18,5.06,5.13,5.17,216397807.0,1106344352.0,3,2.143873,1,-0.7737,94.709049,1.418114,0.61627,1072.708851,0,2014-12-31,1292597293.57,99373089374.8,98829723269.78,91933497635.82,1162412270.92,1546796975.46,254199681.89,1257435863.88,3031765613.78,9272321999.49,11496361150.12,35702661165.16,60360848044.86,96063509210.02,56091789186.14,3392597196.59,59484386382.73,36579122827.29,7704041191.64,-3058269595.72,-5122114068.55,-487114316.89,2015-03-31
2015-04-15,sh.600005,5.1,5.1,4.92,5.0,5.13,197810569.0,990180048.0,3,1.959727,1,-2.5341,92.309015,1.382177,0.600653,1045.525196,0,2014-12-31,1292597293.57,99373089374.8,98829723269.78,91933497635.82,1162412270.92,1546796975.46,254199681.89,1257435863.88,3031765613.78,9272321999.49,11496361150.12,35702661165.16,60360848044.86,96063509210.02,56091789186.14,3392597196.59,59484386382.73,36579122827.29,7704041191.64,-3058269595.72,-5122114068.55,-487114316.89,2015-03-31
2015-04-16,sh.600005,4.98,5.12,4.88,5.04,5.0,169768825.0,851305328.0,3,1.681915,1,0.8,93.047487,1.393234,0.605458,1053.889397,0,2014-12-31,1292597293.57,99373089374.8,98829723269.78,91933497635.82,1162412270.92,1546796975.46,254199681.89,1257435863.88,3031765613.78,9272321999.49,11496361150.12,35702661165.16,60360848044.86,96063509210.02,56091789186.14,3392597196.59,59484386382.73,36579122827.29,7704041191.64,-3058269595.72,-5122114068.55,-487114316.89,2015-03-31
2015-04-17,sh.600005,5.04,5.48,5.04,5.32,5.04,374431456.0,1968145440.0,3,3.709527,1,5.5556,98.216792,1.470636,0.639095,1112.438808,0,2014-12-31,1292597293.57,99373089374.8,98829723269.78,91933497635.82,1162412270.92,1546796975.46,254199681.89,1257435863.88,3031765613.78,9272321999.49,11496361150.12,35702661165.16,60360848044.86,96063509210.02,56091789186.14,3392597196.59,59484386382.73,36579122827.29,7704041191.64,-3058269595.72,-5122114068.55,-487114316.89,2015-03-31
2015-04-20,sh.600005,5.26,5.85,5.15,5.52,5.32,427972320.0,2353934336.0,3,4.239961,1,3.7594,101.909153,1.525923,0.663121,1154.259816,0,2014-12-31,1292597293.57,99373089374.8,98829723269.78,91933497635.82,1162412270.92,1546796975.46,254199681.89,1257435863.88,3031765613.78,9272321999.49,11496361150.12,35702661165.16,60360848044.86,96063509210.02,56091789186.14,3392597196.59,59484386382.73,36579122827.29,7704041191.64,-3058269595.72,-5122114068.55,-487114316.89,2015-03-31
2015-04-21,sh.600005,5.6,5.86,5.41,5.78,5.52,316529440.0,1783319824.0,3,3.135886,1,4.7101,106.709221,1.597797,0.694355,1208.627126,0,2014-12-31,1292597293.57,99373089374.8,98829723269.78,91933497635.82,1162412270.92,1546796975.46,254199681.89,1257435863.88,3031765613.78,9272321999.49,11496361150.12,35702661165.16,60360848044.86,96063509210.02,56091789186.14,3392597196.59,59484386382.73,36579122827.29,7704041191.64,-3058269595.72,-5122114068.55,-487114316.89,2015-03-31
2015-04-22,sh.600005,5.78,5.86,5.71,5.81,5.78,338603552.0,1959006704.0,3,3.354576,1,0.519,107.263075,1.60609,0.697959,1214.900278,0,2014-12-31,1292597293.57,99373089374.8,98829723269.78,91933497635.82,1162412270.92,1546796975.46,254199681.89,1257435863.88,3031765613.78,9272321999.49,11496361150.12,35702661165.16,60360848044.86,96063509210.02,56091789186.14,3392597196.59,59484386382.73,36579122827.29,7704041191.64,-3058269595.72,-5122114068.55,-487114316.89,2015-03-31
2015-04-23,sh.600005,5.8,6.22,5.75,6.09,5.81,377830000.0,2274711296.0,3,3.743196,1,4.8193,112.43238,1.683492,0.731595,1273.449689,0,2014-12-31,1292597293.57,99373089374.8,98829723269.78,91933497635.82,1162412270.92,1546796975.46,254199681.89,1257435863.88,3031765613.78,9272321999.49,11496361150.12,35702661165.16,60360848044.86,96063509210.02,56091789186.14,3392597196.59,59484386382.73,36579122827.29,7704041191.64,-3058269595.72,-5122114068.55,-487114316.89,2015-03-31
2015-04-24,sh.600005,6.06,6.06,5.76,5.88,6.09,268523536.0,1584908208.0,3,2.660287,1,-3.4483,108.555402,1.62544,0.706368,1229.53763,0,2014-12-31,1292597293.57,99373089374.8,98829723269.78,91933497635.82,1162412270.92,1546796975.46,254199681.89,1257435863.88,3031765613.78,9272321999.49,11496361150.12,35702661165.16,60360848044.86,96063509210.02,56091789186.14,3392597196.59,59484386382.73,36579122827.29,7704041191.64,-3058269595.72,-5122114068.55,-487114316.89,2015-03-31
2015-04-27,sh.600005,6.0,6.47,5.88,6.47,5.88,574462624.0,3604531408.0,3,5.691254,1,10.034,44.890845,1.783286,0.71301,879.605008,0,2014-12-31,1292597293.57,99373089374.8,98829723269.78,91933497635.82,1162412270.92,1546796975.46,254199681.89,1257435863.88,3031765613.78,9272321999.49,11496361150.12,35702661165.16,60360848044.86,96063509210.02,56091789186.14,3392597196.59,59484386382.73,36579122827.29,7704041191.64,-3058269595.72,-5122114068.55,-487114316.89,2015-03-31
2015-04-28,sh.600005,6.53,7.08,6.32,6.79,6.47,630917248.0,4254718576.0,3,6.250555,1,4.9459,47.111103,1.871486,0.748275,923.109428,0,2014-12-31,1292597293.57,99373089374.8,98829723269.78,91933497635.82,1162412270.92,1546796975.46,254199681.89,1257435863.88,3031765613.78,9272321999.49,11496361150.12,35702661165.16,60360848044.86,96063509210.02,56091789186.14,3392597196.59,59484386382.73,36579122827.29,7704041191.64,-3058269595.72,-5122114068.55,-487114316.89,2015-03-31
2015-04-29,sh.600005,6.86,7.2,6.61,6.71,6.79,471082032.0,3259124912.0,3,4.667053,1,-1.1782,46.556039,1.849436,0.739459,912.233323,0,2014-12-31,1292597293.57,99373089374.8,98829723269.78,91933497635.82,1162412270.92,1546796975.46,254199681.89,1257435863.88,3031765613.78,9272321999.49,11496361150.12,35702661165.16,60360848044.86,96063509210.02,56091789186.14,3392597196.59,59484386382.73,36579122827.29,7704041191.64,-3058269595.72,-5122114068.55,-487114316.89,2015-03-31
2015-04-30,sh.600005,6.51,6.73,6.42,6.45,6.71,364660800.0,2371767696.0,3,3.612728,1,-3.8748,44.752079,1.777773,0.710806,876.885981,0,2014-12-31,1292597293.57,99373089374.8,98829723269.78,91933497635.82,1162412270.92,1546796975.46,254199681.89,1257435863.88,3031765613.78,9272321999.49,11496361150.12,35702661165.16,60360848044.86,96063509210.02,56091789186.14,3392597196.59,59484386382.73,36579122827.29,7704041191.64,-3058269595.72,-5122114068.55,-487114316.89,2015-03-31
2015-05-04,sh.600005,6.47,7.1,6.47,7.1,6.45,554142208.0,3847561232.0,3,5.489938,1,10.0775,49.261978,1.956929,0.782438,965.254336,0,2014-12-31,1292597293.57,99373089374.8,98829723269.78,91933497635.82,1162412270.92,1546796975.46,254199681.89,1257435863.88,3031765613.78,9272321999.49,11496361150.12,35702661165.16,60360848044.86,96063509210.02,56091789186.14,3392597196.59,59484386382.73,36579122827.29,7704041191.64,-3058269595.72,-5122114068.55,-487114316.89,2015-03-31
2015-05-05,sh.600005,7.21,7.22,6.39,6.56,7.1,507539360.0,3448982864.0,3,5.028239,1,-7.6056,45.515293,1.808092,0.722929,891.840626,0,2014-12-31,1292597293.57,99373089374.8,98829723269.78,91933497635.82,1162412270.92,1546796975.46,254199681.89,1257435863.88,3031765613.78,9272321999.49,11496361150.12,35702661165.16,60360848044.86,96063509210.02,56091789186.14,3392597196.59,59484386382.73,36579122827.29,7704041191.64,-3058269595.72,-5122114068.55,-487114316.89,2015-03-31
2015-05-06,sh.600005,6.53,6.66,6.06,6.18,6.56,308550544.0,1979927056.0,3,3.056838,1,-5.7927,42.878736,1.703355,0.681052,840.179126,0,2014-12-31,1292597293.57,99373089374.8,98829723269.78,91933497635.82,1162412270.92,1546796975.46,254199681.89,1257435863.88,3031765613.78,9272321999.49,11496361150.12,35702661165.16,60360848044.86,96063509210.02,56091789186.14,3392597196.59,59484386382.73,36579122827.29,7704041191.64,-3058269595.72,-5122114068.55,-487114316.89,2015-03-31
2015-05-07,sh.600005,6.08,6.08,5.56,5.57,6.18,313279328.0,1797088368.0,3,3.103687,1,-9.8705,38.646369,1.535225,0.613828,757.248824,0,2014-12-31,1292597293.57,99373089374.8,98829723269.78,91933497635.82,1162412270.92,1546796975.46,254199681.89,1257435863.88,3031765613.78,9272321999.49,11496361150.12,35702661165.16,60360848044.86,96063509210.02,56091789186.14,3392597196.59,59484386382.73,36579122827.29,7704041191.64,-3058269595.72,-5122114068.55,-487114316.89,2015-03-31
2015-05-08,sh.600005,5.62,5.79,5.44,5.75,5.57,261710182.0,1479897456.0,3,2.592787,1,3.2316,39.895264,1.584837,0.633664,781.720061,0,2014-12-31,1292597293.57,99373089374.8,98829723269.78,91933497635.82,1162412270.92,1546796975.46,254199681.89,1257435863.88,3031765613.78,9272321999.49,11496361150.12,35702661165.16,60360848044.86,96063509210.02,56091789186.14,3392597196.59,59484386382.73,36579122827.29,7704041191.64,-3058269595.72,-5122114068.55,-487114316.89,2015-03-31
2015-05-11,sh.600005,5.81,5.89,5.65,5.88,5.75,272349104.0,1578756992.0,3,2.698187,1,2.2609,40.797244,1.620668,0.647991,799.393732,0,2014-12-31,1292597293.57,99373089374.8,98829723269.78,91933497635.82,1162412270.92,1546796975.46,254199681.89,1257435863.88,3031765613.78,9272321999.49,11496361150.12,35702661165.16,60360848044.86,96063509210.02,56091789186.14,3392597196.59,59484386382.73,36579122827.29,7704041191.64,-3058269595.72,-5122114068.55,-487114316.89,2015-03-31
2015-05-12,sh.600005,5.89,6.17,5.79,6.07,5.88,249497957.0,1497106640.0,3,2.471799,1,3.2313,42.115522,1.673036,0.668929,825.224482,0,2014-12-31,1292597293.57,99373089374.8,98829723269.78,91933497635.82,1162412270.92,1546796975.46,254199681.89,1257435863.88,3031765613.78,9272321999.49,11496361150.12,35702661165.16,60360848044.86,96063509210.02,56091789186.14,3392597196.59,59484386382.73,36579122827.29,7704041191.64,-3058269595.72,-5122114068.55,-487114316.89,2015-03-31
2015-05-13,sh.600005,6.03,6.23,5.88,5.93,6.07,273119728.0,1645147376.0,3,2.705822,1,-2.3064,41.144159,1.634449,0.653501,806.191298,0,2014-12-31,1292597293.57,99373089374.8,98829723269.78,91933497635.82,1162412270.92,1546796975.46,254199681.89,1257435863.88,3031765613.78,9272321999.49,11496361150.12,35702661165.16,60360848044.86,96063509210.02,56091789186.14,3392597196.59,59484386382.73,36579122827.29,7704041191.64,-3058269595.72,-5122114068.55,-487114316.89,2015-03-31
2015-05-14,sh.600005,5.97,5.97,5.63,5.9,5.93,237284114.0,1372537968.0,3,2.350795,1,-0.5059,40.93601,1.62618,0.650195,802.112758,0,2014-12-31,1292597293.57,99373089374.8,98829723269.78,91933497635.82,1162412270.92,1546796975.46,254199681.89,1257435863.88,3031765613.78,9272321999.49,11496361150.12,35702661165.16,60360848044.86,96063509210.02,56091789186.14,3392597196.59,59484386382.73,36579122827.29,7704041191.64,-3058269595.72,-5122114068.55,-487114316.89,2015-03-31
2015-05-15,sh.600005,5.83,5.83,5.65,5.69,5.9,172579554.0,987231216.0,3,1.709761,1,-3.5593,39.478966,1.568299,0.627052,773.562982,0,2014-12-31,1292597293.57,99373089374.8,98829723269.78,91933497635.82,1162412270.92,1546796975.46,254199681.89,1257435863.88,3031765613.78,9272321999.49,11496361150.12,35702661165.16,60360848044.86,96063509210.02,56091789186.14,3392597196.59,59484386382.73,36579122827.29,7704041191.64,-3058269595.72,-5122114068.55,-487114316.89,2015-03-31
2015-05-18,sh.600005,5.7,5.7,5.56,5.57,5.69,149572864.0,839534976.0,3,1.481832,1,-2.109,38.646369,1.535225,0.613828,757.248824,0,2014-12-31,1292597293.57,99373089374.8,98829723269.78,91933497635.82,1162412270.92,1546796975.46,254199681.89,1257435863.88,3031765613.78,9272321999.49,11496361150.12,35702661165.16,60360848044.86,96063509210.02,56091789186.14,3392597196.59,59484386382.73,36579122827.29,7704041191.64,-3058269595.72,-5122114068.55,-487114316.89,2015-03-31
2015-05-19,sh.600005,5.55,5.78,5.55,5.75,5.57,177919604.0,1015282176.0,3,1.762666,1,3.2316,39.895264,1.584837,0.633664,781.720061,0,2014-12-31,1292597293.57,99373089374.8,98829723269.78,91933497635.82,1162412270.92,1546796975.46,254199681.89,1257435863.88,3031765613.78,9272321999.49,11496361150.12,35702661165.16,60360848044.86,96063509210.02,56091789186.14,3392597196.59,59484386382.73,36579122827.29,7704041191.64,-3058269595.72,-5122114068.55,-487114316.89,2015-03-31
2015-05-20,sh.600005,5.82,5.9,5.75,5.78,5.75,239698320.0,1396485904.0,3,2.374713,1,0.5217,40.103413,1.593106,0.636971,785.7986,0,2014-12-31,1292597293.57,99373089374.8,98829723269.78,91933497635.82,1162412270.92,1546796975.46,254199681.89,1257435863.88,3031765613.78,9272321999.49,11496361150.12,35702661165.16,60360848044.86,96063509210.02,56091789186.14,3392597196.59,59484386382.73,36579122827.29,7704041191.64,-3058269595.72,-5122114068.55,-487114316.89,2015-03-31
2015-05-21,sh.600005,5.79,5.82,5.64,5.81,5.78,188404130.0,1077096080.0,3,1.866537,1,0.519,40.311562,1.601374,0.640277,789.87714,0,2014-12-31,1292597293.57,99373089374.8,98829723269.78,91933497635.82,1162412270.92,1546796975.46,254199681.89,1257435863.88,3031765613.78,9272321999.49,11496361150.12,35702661165.16,60360848044.86,96063509210.02,56091789186.14,3392597196.59,59484386382.73,36579122827.29,7704041191.64,-3058269595.72,-5122114068.55,-487114316.89,2015-03-31
2015-05-22,sh.600005,5.91,6.39,5.85,6.3,5.81,468529392.0,2891779120.0,3,4.641764,1,8.4337,43.711333,1.73643,0.694276,856.493284,0,2014-12-31,1292597293.57,99373089374.8,98829723269.78,91933497635.82,1162412270.92,1546796975.46,254199681.89,1257435863.88,3031765613.78,9272321999.49,11496361150.12,35702661165.16,60360848044.86,96063509210.02,56091789186.14,3392597196.59,59484386382.73,36579122827.29,7704041191.64,-3058269595.72,-5122114068.55,-487114316.89,2015-03-31
2015-05-25,sh.600005,6.3,6.45,6.16,6.44,6.3,421451712.0,2679293136.0,3,4.175361,1,2.2222,44.682696,1.775017,0.709704,875.526468,0,2014-12-31,1292597293.57,99373089374.8,98829723269.78,91933497635.82,1162412270.92,1546796975.46,254199681.89,1257435863.88,3031765613.78,9272321999.49,11496361150.12,35702661165.16,60360848044.86,96063509210.02,56091789186.14,3392597196.59,59484386382.73,36579122827.29,7704041191.64,-3058269595.72,-5122114068.55,-487114316.89,2015-03-31
2015-05-26,sh.600005,6.51,6.54,6.2,6.46,6.44,446627088.0,2856455760.0,3,4.424775,1,0.3106,44.821462,1.78053,0.711908,878.245494,0,2014-12-31,1292597293.57,99373089374.8,98829723269.78,91933497635.82,1162412270.92,1546796975.46,254199681.89,1257435863.88,3031765613.78,9272321999.49,11496361150.12,35702661165.16,60360848044.86,96063509210.02,56091789186.14,3392597196.59,59484386382.73,36579122827.29,7704041191.64,-3058269595.72,-5122114068.55,-487114316.89,2015-03-31
2015-05-27,sh.600005,6.46,6.64,6.3,6.57,6.46,473988512.0,3066758240.0,3,4.695848,1,1.7028,45.584676,1.810848,0.724031,893.200139,0,2014-12-31,1292597293.57,99373089374.8,98829723269.78,91933497635.82,1162412270.92,1546796975.46,254199681.89,1257435863.88,3031765613.78,9272321999.49,11496361150.12,35702661165.16,60360848044.86,96063509210.02,56091789186.14,3392597196.59,59484386382.73,36579122827.29,7704041191.64,-3058269595.72,-5122114068.55,-487114316.89,2015-03-31
2015-05-28,sh.600005,6.5,6.64,5.91,5.91,6.57,431619808.0,2739682816.0,3,4.276097,1,-10.0457,41.005393,1.628937,0.651297,803.472271,0,2014-12-31,1292597293.57,99373089374.8,98829723269.78,91933497635.82,1162412270.92,1546796975.46,254199681.89,1257435863.88,3031765613.78,9272321999.49,11496361150.12,35702661165.16,60360848044.86,96063509210.02,56091789186.14,3392597196.59,59484386382.73,36579122827.29,7704041191.64,-3058269595.72,-5122114068.55,-487114316.89,2015-03-31
2015-05-29,sh.600005,5.81,5.98,5.38,5.8,5.91,335766560.0,1926015392.0,3,3.32647,1,-1.8612,40.242179,1.598618,0.639175,788.517627,0,2014-12-31,1292597293.57,99373089374.8,98829723269.78,91933497635.82,1162412270.92,1546796975.46,254199681.89,1257435863.88,3031765613.78,9272321999.49,11496361150.12,35702661165.16,60360848044.86,96063509210.02,56091789186.14,3392597196.59,59484386382.73,36579122827.29,7704041191.64,-3058269595.72,-5122114068.55,-487114316.89,2015-03-31
2015-06-01,sh.600005,5.89,6.27,5.83,6.23,5.8,315344352.0,1929131808.0,3,3.124145,1,7.4138,43.225651,1.717136,0.686562,846.976692,0,2014-12-31,1292597293.57,99373089374.8,98829723269.78,91933497635.82,1162412270.92,1546796975.46,254199681.89,1257435863.88,3031765613.78,9272321999.49,11496361150.12,35702661165.16,60360848044.86,96063509210.02,56091789186.14,3392597196.59,59484386382.73,36579122827.29,7704041191.64,-3058269595.72,-5122114068.55,-487114316.89,2015-03-31
2015-06-02,sh.600005,6.24,6.59,6.15,6.55,6.23,429454336.0,2750322384.0,3,4.254643,1,5.1364,45.445909,1.805336,0.721827,890.481113,0,2014-12-31,1292597293.57,99373089374.8,98829723269.78,91933497635.82,1162412270.92,1546796975.46,254199681.89,1257435863.88,3031765613.78,9272321999.49,11496361150.12,35702661165.16,60360848044.86,96063509210.02,56091789186.14,3392597196.59,59484386382.73,36579122827.29,7704041191.64,-3058269595.72,-5122114068.55,-487114316.89,2015-03-31
2015-06-03,sh.600005,6.57,6.58,6.21,6.41,6.55,315667856.0,2023032752.0,3,3.12735,1,-2.1374,44.474547,1.766749,0.706398,871.447929,0,2014-12-31,1292597293.57,99373089374.8,98829723269.78,91933497635.82,1162412270.92,1546796975.46,254199681.89,1257435863.88,3031765613.78,9272321999.49,11496361150.12,35702661165.16,60360848044.86,96063509210.02,56091789186.14,3392597196.59,59484386382.73,36579122827.29,7704041191.64,-3058269595.72,-5122114068.55,-487114316.89,2015-03-31
2015-06-04,sh.600005,6.48,6.72,6.1,6.71,6.41,457266912.0,2978605968.0,3,4.530185,1,4.6802,46.556039,1.849436,0.739459,912.233323,0,2014-12-31,1292597293.57,99373089374.8,98829723269.78,91933497635.82,1162412270.92,1546796975.46,254199681.89,1257435863.88,3031765613.78,9272321999.49,11496361150.12,35702661165.16,60360848044.86,96063509210.02,56091789186.14,3392597196.59,59484386382.73,36579122827.29,7704041191.64,-3058269595.72,-5122114068.55,-487114316.89,2015-03-31
2015-06-05,sh.600005,6.88,7.08,6.66,6.91,6.71,530841616.0,3651153376.0,3,5.259096,1,2.9806,47.9437,1.90456,0.761499,939.423586,0,2014-12-31,1292597293.57,99373089374.8,98829723269.78,91933497635.82,1162412270.92,1546796975.46,254199681.89,1257435863.88,3031765613.78,9272321999.49,11496361150.12,35702661165.16,60360848044.86,96063509210.02,56091789186.14,3392597196.59,59484386382.73,36579122827.29,7704041191.64,-3058269595.72,-5122114068.55,-487114316.89,2015-03-31
2015-06-08,sh.600005,6.84,7.16,6.84,7.05,6.91,482829280.0,3398518160.0,3,4.783434,1,2.0261,48.915063,1.943148,0.776928,958.45677,0,2014-12-31,1292597293.57,99373089374.8,98829723269.78,91933497635.82,1162412270.92,1546796975.46,254199681.89,1257435863.88,3031765613.78,9272321999.49,11496361150.12,35702661165.16,60360848044.86,96063509210.02,56091789186.14,3392597196.59,59484386382.73,36579122827.29,7704041191.64,-3058269595.72,-5122114068.55,-487114316.89,2015-03-31
2015-06-09,sh.600005,7.01,7.02,6.78,6.89,7.05,345712336.0,2380819088.0,3,3.425004,1,-2.2695,47.804934,1.899048,0.759295,936.70456,0,2014-12-31,1292597293.57,99373089374.8,98829723269.78,91933497635.82,1162412270.92,1546796975.46,254199681.89,1257435863.88,3031765613.78,9272321999.49,11496361150.12,35702661165.16,60360848044.86,96063509210.02,56091789186.14,3392597196.59,59484386382.73,36579122827.29,7704041191.64,-3058269595.72,-5122114068.55,-487114316.89,2015-03-31
2015-06-10,sh.600005,6.8,6.93,6.65,6.8,6.89,284814496.0,1937329152.0,3,2.821683,1,-1.3062,47.180486,1.874242,0.749377,924.468942,0,2014-12-31,1292597293.57,99373089374.8,98829723269.78,91933497635.82,1162412270.92,1546796975.46,254199681.89,1257435863.88,3031765613.78,9272321999.49,11496361150.12,35702661165.16,60360848044.86,96063509210.02,56091789186.14,3392597196.59,59484386382.73,36579122827.29,7704041191.64,-3058269595.72,-5122114068.55,-487114316.89,2015-03-31
2015-06-11,sh.600005,6.79,6.87,6.66,6.83,6.8,234159566.0,1586308336.0,3,2.31984,1,0.4412,47.388635,1.882511,0.752683,928.547481,0,2014-12-31,1292597293.57,99373089374.8,98829723269.78,91933497635.82,1162412270.92,1546796975.46,254199681.89,1257435863.88,3031765613.78,9272321999.49,11496361150.12,35702661165.16,60360848044.86,96063509210.02,56091789186.14,3392597196.59,59484386382.73,36579122827.29,7704041191.64,-3058269595.72,-5122114068.55,-487114316.89,2015-03-31
2015-06-12,sh.600005,6.83,7.04,6.7,7.02,6.83,390993232.0,2684631616.0,3,3.873606,1,2.7818,48.706914,1.934879,0.773622,954.378231,0,2014-12-31,1292597293.57,99373089374.8,98829723269.78,91933497635.82,1162412270.92,1546796975.46,254199681.89,1257435863.88,3031765613.78,9272321999.49,11496361150.12,35702661165.16,60360848044.86,96063509210.02,56091789186.14,3392597196.59,59484386382.73,36579122827.29,7704041191.64,-3058269595.72,-5122114068.55,-487114316.89,2015-03-31
2015-06-15,sh.600005,6.95,7.61,6.89,7.27,7.02,557217296.0,3989518528.0,3,5.520403,1,3.5613,50.44149,2.003785,0.801172,988.36606,0,2014-12-31,1292597293.57,99373089374.8,98829723269.78,91933497635.82,1162412270.92,1546796975.46,254199681.89,1257435863.88,3031765613.78,9272321999.49,11496361150.12,35702661165.16,60360848044.86,96063509210.02,56091789186.14,3392597196.59,59484386382.73,36579122827.29,7704041191.64,-3058269595.72,-5122114068.55,-487114316.89,2015-03-31
2015-06-16,sh.600005,7.09,7.18,6.69,6.75,7.27,363994288.0,2532304592.0,3,3.606125,1,-7.1527,46.833571,1.860461,0.743867,917.671376,0,2014-12-31,1292597293.57,99373089374.8,98829723269.78,91933497635.82,1162412270.92,1546796975.46,254199681.89,1257435863.88,3031765613.78,9272321999.49,11496361150.12,35702661165.16,60360848044.86,96063509210.02,56091789186.14,3392597196.59,59484386382.73,36579122827.29,7704041191.64,-3058269595.72,-5122114068.55,-487114316.89,2015-03-31
2015-06-17,sh.600005,6.72,7.1,6.45,7.04,6.75,317982880.0,2161791920.0,3,3.150285,1,4.2963,48.84568,1.940392,0.775826,957.097257,0,2014-12-31,1292597293.57,99373089374.8,98829723269.78,91933497635.82,1162412270.92,1546796975.46,254199681.89,1257435863.88,3031765613.78,9272321999.49,11496361150.12,35702661165.16,60360848044.86,96063509210.02,56091789186.14,3392597196.59,59484386382.73,36579122827.29,7704041191.64,-3058269595.72,-5122114068.55,-487114316.89,2015-03-31
2015-06-18,sh.600005,6.99,7.45,6.88,7.04,7.04,413935008.0,2973177824.0,3,4.100892,1,0.0,48.84568,1.940392,0.775826,957.097257,0,2014-12-31,1292597293.57,99373089374.8,98829723269.78,91933497635.82,1162412270.92,1546796975.46,254199681.89,1257435863.88,3031765613.78,9272321999.49,11496361150.12,35702661165.16,60360848044.86,96063509210.02,56091789186.14,3392597196.59,59484386382.73,36579122827.29,7704041191.64,-3058269595.72,-5122114068.55,-487114316.89,2015-03-31
2015-06-19,sh.600005,6.77,6.93,6.3,6.33,6.99,299040512.0,1975004896.0,3,2.962622,1,-9.4421,43.919482,1.744699,0.697582,860.571824,0,2014-12-31,1292597293.57,99373089374.8,98829723269.78,91933497635.82,1162412270.92,1546796975.46,254199681.89,1257435863.88,3031765613.78,9272321999.49,11496361150.12,35702661165.16,60360848044.86,96063509210.02,56091789186.14,3392597196.59,59484386382.73,36579122827.29,7704041191.64,-3058269595.72,-5122114068.55,-487114316.89,2015-03-31
2015-06-23,sh.600005,6.32,6.59,5.88,6.58,6.33,260870604.0,1651656688.0,3,2.584469,1,3.9494,45.654059,1.813605,0.725133,894.559652,0,2014-12-31,1292597293.57,99373089374.8,98829723269.78,91933497635.82,1162412270.92,1546796975.46,254199681.89,1257435863.88,3031765613.78,9272321999.49,11496361150.12,35702661165.16,60360848044.86,96063509210.02,56091789186.14,3392597196.59,59484386382.73,36579122827.29,7704041191.64,-3058269595.72,-5122114068.55,-487114316.89,2015-03-31
2015-06-24,sh.600005,6.63,7.18,6.58,7.14,6.58,480990896.0,3322233392.0,3,4.765221,1,8.5106,49.53951,1.967954,0.786846,970.692389,0,2014-12-31,1292597293.57,99373089374.8,98829723269.78,91933497635.82,1162412270.92,1546796975.46,254199681.89,1257435863.88,3031765613.78,9272321999.49,11496361150.12,35702661165.16,60360848044.86,96063509210.02,56091789186.14,3392597196.59,59484386382.73,36579122827.29,7704041191.64,-3058269595.72,-5122114068.55,-487114316.89,2015-03-31
2015-06-25,sh.600005,7.06,7.35,6.9,7.15,7.14,581591696.0,4140167216.0,3,5.761882,1,0.1401,49.608894,1.97071,0.787948,972.051902,0,2014-12-31,1292597293.57,99373089374.8,98829723269.78,91933497635.82,1162412270.92,1546796975.46,254199681.89,1257435863.88,3031765613.78,9272321999.49,11496361150.12,35702661165.16,60360848044.86,96063509210.02,56091789186.14,3392597196.59,59484386382.73,36579122827.29,7704041191.64,-3058269595.72,-5122114068.55,-487114316.89,2015-03-31
2015-06-26,sh.600005,6.85,7.04,6.44,6.45,7.15,437582480.0,2947349488.0,3,4.33517,1,-9.7902,44.752079,1.777773,0.710806,876.885981,0,2014-12-31,1292597293.57,99373089374.8,98829723269.78,91933497635.82,1162412270.92,1546796975.46,254199681.89,1257435863.88,3031765613.78,9272321999.49,11496361150.12,35702661165.16,60360848044.86,96063509210.02,56091789186.14,3392597196.59,59484386382.73,36579122827.29,7704041191.64,-3058269595.72,-5122114068.55,-487114316.89,2015-03-31
2015-06-29,sh.600005,6.57,6.86,5.81,6.47,6.45,493167440.0,3190295856.0,3,4.885855,1,0.3101,44.890845,1.783286,0.71301,879.605008,0,2014-12-31,1292597293.57,99373089374.8,98829723269.78,91933497635.82,1162412270.92,1546796975.46,254199681.89,1257435863.88,3031765613.78,9272321999.49,11496361150.12,35702661165.16,60360848044.86,96063509210.02,56091789186.14,3392597196.59,59484386382.73,36579122827.29,7704041191.64,-3058269595.72,-5122114068.55,-487114316.89,2015-03-31
2015-06-30,sh.600005,6.5,7.11,6.0,7.03,6.47,521433232.0,3460242112.0,3,5.165887,1,8.6553,48.776297,1.937635,0.774724,955.737744,0,2015-03-31,465956286.92,17555350915.69,17036848981.85,15830685614.02,579120375.45,582580829.86,116624542.94,459103237.21,2725690594.25,11709316464.46,11486124119.54,39399466099.28,59688148235.64,99087614334.92,57679987729.0,4460477993.04,62140465722.04,36947148612.88,638512688.74,-511129561.49,-411493471.58,-306075019.53,2015-06-30
2015-07-01,sh.600005,7.0,7.47,6.88,6.91,7.03,743873504.0,5344139776.0,3,7.369623,1,-1.707,47.9437,1.90456,0.761499,939.423586,0,2015-03-31,465956286.92,17555350915.69,17036848981.85,15830685614.02,579120375.45,582580829.86,116624542.94,459103237.21,2725690594.25,11709316464.46,11486124119.54,39399466099.28,59688148235.64,99087614334.92,57679987729.0,4460477993.04,62140465722.04,36947148612.88,638512688.74,-511129561.49,-411493471.58,-306075019.53,2015-06-30
2015-07-02,sh.600005,6.8,7.12,6.27,6.3,6.91,588088816.0,3949648720.0,3,5.82625,1,-8.8278,43.711333,1.73643,0.694276,856.493284,0,2015-03-31,465956286.92,17555350915.69,17036848981.85,15830685614.02,579120375.45,582580829.86,116624542.94,459103237.21,2725690594.25,11709316464.46,11486124119.54,39399466099.28,59688148235.64,99087614334.92,57679987729.0,4460477993.04,62140465722.04,36947148612.88,638512688.74,-511129561.49,-411493471.58,-306075019.53,2015-06-30
2015-07-03,sh.600005,5.8,6.13,5.67,5.67,6.3,411191376.0,2373095728.0,3,4.073711,1,-10.0,39.340199,1.562787,0.624848,770.843956,0,2015-03-31,465956286.92,17555350915.69,17036848981.85,15830685614.02,579120375.45,582580829.86,116624542.94,459103237.21,2725690594.25,11709316464.46,11486124119.54,39399466099.28,59688148235.64,99087614334.92,57679987729.0,4460477993.04,62140465722.04,36947148612.88,638512688.74,-511129561.49,-411493471.58,-306075019.53,2015-06-30
2015-07-06,sh.600005,6.1,6.1,5.1,5.19,5.67,537777680.0,2958985008.0,3,5.327813,1,-8.4656,36.009812,1.430487,0.571951,705.587325,0,2015-03-31,465956286.92,17555350915.69,17036848981.85,15830685614.02,579120375.45,582580829.86,116624542.94,459103237.21,2725690594.25,11709316464.46,11486124119.54,39399466099.28,59688148235.64,99087614334.92,57679987729.0,4460477993.04,62140465722.04,36947148612.88,638512688.74,-511129561.49,-411493471.58,-306075019.53,2015-06-30
2015-07-07,sh.600005,5.0,5.16,4.67,4.68,5.19,503562160.0,2392782352.0,3,4.988836,1,-9.8266,32.471276,1.289919,0.515748,636.252154,0,2015-03-31,465956286.92,17555350915.69,17036848981.85,15830685614.02,579120375.45,582580829.86,116624542.94,459103237.21,2725690594.25,11709316464.46,11486124119.54,39399466099.28,59688148235.64,99087614334.92,57679987729.0,4460477993.04,62140465722.04,36947148612.88,638512688.74,-511129561.49,-411493471.58,-306075019.53,2015-06-30
2015-07-08,sh.600005,4.21,4.34,4.21,4.21,4.68,251086526.0,1058044624.0,3,2.487537,1,-10.0427,29.210272,1.160376,0.463953,572.355036,0,2015-03-31,465956286.92,17555350915.69,17036848981.85,15830685614.02,579120375.45,582580829.86,116624542.94,459103237.21,2725690594.25,11709316464.46,11486124119.54,39399466099.28,59688148235.64,99087614334.92,57679987729.0,4460477993.04,62140465722.04,36947148612.88,638512688.74,-511129561.49,-411493471.58,-306075019.53,2015-06-30
2015-07-09,sh.600005,4.18,4.63,3.8,4.63,4.21,457217872.0,1974021472.0,3,4.529699,1,9.9762,32.12436,1.276138,0.510238,629.454588,0,2015-03-31,465956286.92,17555350915.69,17036848981.85,15830685614.02,579120375.45,582580829.86,116624542.94,459103237.21,2725690594.25,11709316464.46,11486124119.54,39399466099.28,59688148235.64,99087614334.92,57679987729.0,4460477993.04,62140465722.04,36947148612.88,638512688.74,-511129561.49,-411493471.58,-306075019.53,2015-06-30
2015-07-10,sh.600005,4.72,5.09,4.63,5.09,4.63,429218736.0,2143364208.0,3,4.252309,1,9.9352,35.315982,1.402925,0.560931,691.992193,0,2015-03-31,465956286.92,17555350915.69,17036848981.85,15830685614.02,579120375.45,582580829.86,116624542.94,459103237.21,2725690594.25,11709316464.46,11486124119.54,39399466099.28,59688148235.64,99087614334.92,57679987729.0,4460477993.04,62140465722.04,36947148612.88,638512688.74,-511129561.49,-411493471.58,-306075019.53,2015-06-30
2015-07-13,sh.600005,5.17,5.58,5.06,5.56,5.09,480123728.0,2564849840.0,3,4.75663,1,9.2338,38.576986,1.532468,0.612726,755.889311,0,2015-03-31,465956286.92,17555350915.69,17036848981.85,15830685614.02,579120375.45,582580829.86,116624542.94,459103237.21,2725690594.25,11709316464.46,11486124119.54,39399466099.28,59688148235.64,99087614334.92,57679987729.0,4460477993.04,62140465722.04,36947148612.88,638512688.74,-511129561.49,-411493471.58,-306075019.53,2015-06-30
2015-07-14,sh.600005,5.4,5.54,5.01,5.12,5.56,409753760.0,2165571648.0,3,4.059468,1,-7.9137,35.524131,1.411194,0.564237,696.070732,0,2015-03-31,465956286.92,17555350915.69,17036848981.85,15830685614.02,579120375.45,582580829.86,116624542.94,459103237.21,2725690594.25,11709316464.46,11486124119.54,39399466099.28,59688148235.64,99087614334.92,57679987729.0,4460477993.04,62140465722.04,36947148612.88,638512688.74,-511129561.49,-411493471.58,-306075019.53,2015-06-30
2015-07-15,sh.600005,4.94,5.03,4.61,4.61,5.12,273352096.0,1303299520.0,3,2.708124,1,-9.9609,31.985594,1.270626,0.508034,626.735562,0,2015-03-31,465956286.92,17555350915.69,17036848981.85,15830685614.02,579120375.45,582580829.86,116624542.94,459103237.21,2725690594.25,11709316464.46,11486124119.54,39399466099.28,59688148235.64,99087614334.92,57679987729.0,4460477993.04,62140465722.04,36947148612.88,638512688.74,-511129561.49,-411493471.58,-306075019.53,2015-06-30
2015-07-16,sh.600005,4.61,4.85,4.3,4.66,4.61,223487730.0,1039624240.0,3,2.214113,1,1.0846,32.33251,1.284407,0.513544,633.533128,0,2015-03-31,465956286.92,17555350915.69,17036848981.85,15830685614.02,579120375.45,582580829.86,116624542.94,459103237.21,2725690594.25,11709316464.46,11486124119.54,39399466099.28,59688148235.64,99087614334.92,57679987729.0,4460477993.04,62140465722.04,36947148612.88,638512688.74,-511129561.49,-411493471.58,-306075019.53,2015-06-30
2015-07-17,sh.600005,4.66,5.01,4.66,4.94,4.66,214136967.0,1036569904.0,3,2.121475,1,6.0086,34.275236,1.361582,0.5444,671.599496,0,2015-03-31,465956286.92,17555350915.69,17036848981.85,15830685614.02,579120375.45,582580829.86,116624542.94,459103237.21,2725690594.25,11709316464.46,11486124119.54,39399466099.28,59688148235.64,99087614334.92,57679987729.0,4460477993.04,62140465722.04,36947148612.88,638512688.74,-511129561.49,-411493471.58,-306075019.53,2015-06-30
2015-07-20,sh.600005,4.96,5.12,4.84,4.96,4.94,215166732.0,1071904576.0,3,2.131676,1,0.4049,34.414002,1.367094,0.546605,674.318522,0,2015-03-31,465956286.92,17555350915.69,17036848981.85,15830685614.02,579120375.45,582580829.86,116624542.94,459103237.21,2725690594.25,11709316464.46,11486124119.54,39399466099.28,59688148235.64,99087614334.92,57679987729.0,4460477993.04,62140465722.04,36947148612.88,638512688.74,-511129561.49,-411493471.58,-306075019.53,2015-06-30
2015-07-21,sh.600005,4.85,5.2,4.8,5.09,4.96,267237119.0,1352937056.0,3,2.647543,1,2.621,35.315982,1.402925,0.560931,691.992193,0,2015-03-31,465956286.92,17555350915.69,17036848981.85,15830685614.02,579120375.45,582580829.86,116624542.94,459103237.21,2725690594.25,11709316464.46,11486124119.54,39399466099.28,59688148235.64,99087614334.92,57679987729.0,4460477993.04,62140465722.04,36947148612.88,638512688.74,-511129561.49,-411493471.58,-306075019.53,2015-06-30
2015-07-22,sh.600005,5.01,5.34,4.87,5.22,5.09,318579792.0,1621886528.0,3,3.156199,1,2.554,36.217961,1.438756,0.575257,709.665864,0,2015-03-31,465956286.92,17555350915.69,17036848981.85,15830685614.02,579120375.45,582580829.86,116624542.94,459103237.21,2725690594.25,11709316464.46,11486124119.54,39399466099.28,59688148235.64,99087614334.92,57679987729.0,4460477993.04,62140465722.04,36947148612.88,638512688.74,-511129561.49,-411493471.58,-306075019.53,2015-06-30
2015-07-23,sh.600005,5.3,5.64,5.21,5.46,5.22,393465392.0,2147686800.0,3,3.898098,1,4.5977,37.883155,1.504906,0.601706,742.29418,0,2015-03-31,465956286.92,17555350915.69,17036848981.85,15830685614.02,579120375.45,582580829.86,116624542.94,459103237.21,2725690594.25,11709316464.46,11486124119.54,39399466099.28,59688148235.64,99087614334.92,57679987729.0,4460477993.04,62140465722.04,36947148612.88,638512688.74,-511129561.49,-411493471.58,-306075019.53,2015-06-30
2015-07-24,sh.600005,5.35,5.58,5.21,5.3,5.46,392400960.0,2118556480.0,3,3.887552,1,-2.9304,36.773026,1.460806,0.584073,720.541969,0,2015-03-31,465956286.92,17555350915.69,17036848981.85,15830685614.02,579120375.45,582580829.86,116624542.94,459103237.21,2725690594.25,11709316464.46,11486124119.54,39399466099.28,59688148235.64,99087614334.92,57679987729.0,4460477993.04,62140465722.04,36947148612.88,638512688.74,-511129561.49,-411493471.58,-306075019.53,2015-06-30
2015-07-27,sh.600005,5.1,5.28,4.77,4.77,5.3,258561460.0,1301048912.0,3,2.561592,1,-10.0,33.095723,1.314725,0.525666,648.487772,0,2015-03-31,465956286.92,17555350915.69,17036848981.85,15830685614.02,579120375.45,582580829.86,116624542.94,459103237.21,2725690594.25,11709316464.46,11486124119.54,39399466099.28,59688148235.64,99087614334.92,57679987729.0,4460477993.04,62140465722.04,36947148612.88,638512688.74,-511129561.49,-411493471.58,-306075019.53,2015-06-30
2015-07-28,sh.600005,4.5,4.84,4.32,4.63,4.77,256164289.0,1167951392.0,3,2.537843,1,-2.935,32.12436,1.276138,0.510238,629.454588,0,2015-03-31,465956286.92,17555350915.69,17036848981.85,15830685614.02,579120375.45,582580829.86,116624542.94,459103237.21,2725690594.25,11709316464.46,11486124119.54,39399466099.28,59688148235.64,99087614334.92,57679987729.0,4460477993.04,62140465722.04,36947148612.88,638512688.74,-511129561.49,-411493471.58,-306075019.53,2015-06-30
2015-07-29,sh.600005,4.7,5.0,4.61,4.99,4.63,171334258.0,817231424.0,3,1.697424,1,7.7754,34.622151,1.375363,0.549911,678.397062,0,2015-03-31,465956286.92,17555350915.69,17036848981.85,15830685614.02,579120375.45,582580829.86,116624542.94,459103237.21,2725690594.25,11709316464.46,11486124119.54,39399466099.28,59688148235.64,99087614334.92,57679987729.0,4460477993.04,62140465722.04,36947148612.88,638512688.74,-511129561.49,-411493471.58,-306075019.53,2015-06-30
2015-07-30,sh.600005,4.96,5.18,4.82,4.84,4.99,215320447.0,1087888784.0,3,2.133199,1,-3.006,33.581405,1.334019,0.53338,658.004364,0,2015-03-31,465956286.92,17555350915.69,17036848981.85,15830685614.02,579120375.45,582580829.86,116624542.94,459103237.21,2725690594.25,11709316464.46,11486124119.54,39399466099.28,59688148235.64,99087614334.92,57679987729.0,4460477993.04,62140465722.04,36947148612.88,638512688.74,-511129561.49,-411493471.58,-306075019.53,2015-06-30
2015-07-31,sh.600005,4.78,5.05,4.74,5.02,4.84,182603392.0,900637184.0,3,1.809069,1,3.719,34.8303,1.383631,0.553217,682.475601,0,2015-03-31,465956286.92,17555350915.69,17036848981.85,15830685614.02,579120375.45,582580829.86,116624542.94,459103237.21,2725690594.25,11709316464.46,11486124119.54,39399466099.28,59688148235.64,99087614334.92,57679987729.0,4460477993.04,62140465722.04,36947148612.88,638512688.74,-511129561.49,-411493471.58,-306075019.53,2015-06-30
2015-08-03,sh.600005,4.99,5.32,4.91,5.3,5.02,284603808.0,1444148112.0,3,2.819596,1,5.5777,36.773026,1.460806,0.584073,720.541969,0,2015-03-31,465956286.92,17555350915.69,17036848981.85,15830685614.02,579120375.45,582580829.86,116624542.94,459103237.21,2725690594.25,11709316464.46,11486124119.54,39399466099.28,59688148235.64,99087614334.92,57679987729.0,4460477993.04,62140465722.04,36947148612.88,638512688.74,-511129561.49,-411493471.58,-306075019.53,2015-06-30
2015-08-04,sh.600005,5.25,5.4,5.11,5.36,5.3,206863982.0,1095038080.0,3,2.04942,1,1.1321,37.189324,1.477344,0.590686,728.699048,0,2015-03-31,465956286.92,17555350915.69,17036848981.85,15830685614.02,579120375.45,582580829.86,116624542.94,459103237.21,2725690594.25,11709316464.46,11486124119.54,39399466099.28,59688148235.64,99087614334.92,57679987729.0,4460477993.04,62140465722.04,36947148612.88,638512688.74,-511129561.49,-411493471.58,-306075019.53,2015-06-30
2015-08-05,sh.600005,5.3,5.45,5.15,5.2,5.36,155977173.0,826038176.0,3,1.54528,1,-2.9851,36.079195,1.433244,0.573053,706.946838,0,2015-03-31,465956286.92,17555350915.69,17036848981.85,15830685614.02,579120375.45,582580829.86,116624542.94,459103237.21,2725690594.25,11709316464.46,11486124119.54,39399466099.28,59688148235.64,99087614334.92,57679987729.0,4460477993.04,62140465722.04,36947148612.88,638512688.74,-511129561.49,-411493471.58,-306075019.53,2015-06-30
2015-08-06,sh.600005,5.01,5.15,5.0,5.05,5.2,104959478.0,532626608.0,3,1.039843,1,-2.8846,35.038449,1.3919,0.556523,686.55414,0,2015-03-31,465956286.92,17555350915.69,17036848981.85,15830685614.02,579120375.45,582580829.86,116624542.94,459103237.21,2725690594.25,11709316464.46,11486124119.54,39399466099.28,59688148235.64,99087614334.92,57679987729.0,4460477993.04,62140465722.04,36947148612.88,638512688.74,-511129561.49,-411493471.58,-306075019.53,2015-06-30
2015-08-07,sh.600005,5.1,5.22,5.06,5.17,5.05,107559711.0,555297760.0,3,1.065604,1,2.3762,35.871046,1.424975,0.569747,702.868298,0,2015-03-31,465956286.92,17555350915.69,17036848981.85,15830685614.02,579120375.45,582580829.86,116624542.94,459103237.21,2725690594.25,11709316464.46,11486124119.54,39399466099.28,59688148235.64,99087614334.92,57679987729.0,4460477993.04,62140465722.04,36947148612.88,638512688.74,-511129561.49,-411493471.58,-306075019.53,2015-06-30
2015-08-10,sh.600005,5.46,5.69,5.46,5.69,5.17,331438384.0,1864519312.0,3,3.28359,1,10.058,39.478966,1.568299,0.627052,773.562982,0,2015-03-31,465956286.92,17555350915.69,17036848981.85,15830685614.02,579120375.45,582580829.86,116624542.94,459103237.21,2725690594.25,11709316464.46,11486124119.54,39399466099.28,59688148235.64,99087614334.92,57679987729.0,4460477993.04,62140465722.04,36947148612.88,638512688.74,-511129561.49,-411493471.58,-306075019.53,2015-06-30
2015-08-11,sh.600005,5.85,6.1,5.73,5.9,5.69,434515248.0,2554878352.0,3,4.304782,1,3.6907,40.93601,1.62618,0.650195,802.112758,0,2015-03-31,465956286.92,17555350915.69,17036848981.85,15830685614.02,579120375.45,582580829.86,116624542.94,459103237.21,2725690594.25,11709316464.46,11486124119.54,39399466099.28,59688148235.64,99087614334.92,57679987729.0,4460477993.04,62140465722.04,36947148612.88,638512688.74,-511129561.49,-411493471.58,-306075019.53,2015-06-30
2015-08-12,sh.600005,5.85,6.23,5.75,5.95,5.9,333703168.0,2013782016.0,3,3.306028,1,0.8475,41.282925,1.639962,0.655705,808.910324,0,2015-03-31,465956286.92,17555350915.69,17036848981.85,15830685614.02,579120375.45,582580829.86,116624542.94,459103237.21,2725690594.25,11709316464.46,11486124119.54,39399466099.28,59688148235.64,99087614334.92,57679987729.0,4460477993.04,62140465722.04,36947148612.88,638512688.74,-511129561.49,-411493471.58,-306075019.53,2015-06-30
2015-08-13,sh.600005,5.9,6.15,5.71,6.09,5.95,336504992.0,2004900880.0,3,3.333786,1,2.3529,42.254288,1.678549,0.671133,827.943508,0,2015-03-31,465956286.92,17555350915.69,17036848981.85,15830685614.02,579120375.45,582580829.86,116624542.94,459103237.21,2725690594.25,11709316464.46,11486124119.54,39399466099.28,59688148235.64,99087614334.92,57679987729.0,4460477993.04,62140465722.04,36947148612.88,638512688.74,-511129561.49,-411493471.58,-306075019.53,2015-06-30
2015-08-14,sh.600005,6.12,6.18,5.91,6.03,6.09,279534480.0,1689064384.0,3,2.769374,1,-0.9852,41.83799,1.662011,0.664521,819.786429,0,2015-03-31,465956286.92,17555350915.69,17036848981.85,15830685614.02,579120375.45,582580829.86,116624542.94,459103237.21,2725690594.25,11709316464.46,11486124119.54,39399466099.28,59688148235.64,99087614334.92,57679987729.0,4460477993.04,62140465722.04,36947148612.88,638512688.74,-511129561.49,-411493471.58,-306075019.53,2015-06-30
2015-08-17,sh.600005,5.98,6.41,5.84,6.28,6.03,351006032.0,2148372304.0,3,3.477449,1,4.1459,43.572567,1.730917,0.692072,853.774258,0,2015-03-31,465956286.92,17555350915.69,17036848981.85,15830685614.02,579120375.45,582580829.86,116624542.94,459103237.21,2725690594.25,11709316464.46,11486124119.54,39399466099.28,59688148235.64,99087614334.92,57679987729.0,4460477993.04,62140465722.04,36947148612.88,638512688.74,-511129561.49,-411493471.58,-306075019.53,2015-06-30
2015-08-18,sh.600005,6.22,6.27,5.65,5.65,6.28,317072528.0,1881299232.0,3,3.141267,1,-10.0318,39.201433,1.557274,0.622644,768.124929,0,2015-03-31,465956286.92,17555350915.69,17036848981.85,15830685614.02,579120375.45,582580829.86,116624542.94,459103237.21,2725690594.25,11709316464.46,11486124119.54,39399466099.28,59688148235.64,99087614334.92,57679987729.0,4460477993.04,62140465722.04,36947148612.88,638512688.74,-511129561.49,-411493471.58,-306075019.53,2015-06-30
2015-08-19,sh.600005,5.46,6.22,5.4,6.13,5.65,373065968.0,2177080448.0,3,3.695999,1,8.4956,42.531821,1.689574,0.675541,833.381561,0,2015-03-31,465956286.92,17555350915.69,17036848981.85,15830685614.02,579120375.45,582580829.86,116624542.94,459103237.21,2725690594.25,11709316464.46,11486124119.54,39399466099.28,59688148235.64,99087614334.92,57679987729.0,4460477993.04,62140465722.04,36947148612.88,638512688.74,-511129561.49,-411493471.58,-306075019.53,2015-06-30
2015-08-20,sh.600005,6.0,6.1,5.7,5.76,6.13,250643995.0,1481174304.0,3,2.483153,1,-6.0359,39.964647,1.587593,0.634767,783.079574,0,2015-03-31,465956286.92,17555350915.69,17036848981.85,15830685614.02,579120375.45,582580829.86,116624542.94,459103237.21,2725690594.25,11709316464.46,11486124119.54,39399466099.28,59688148235.64,99087614334.92,57679987729.0,4460477993.04,62140465722.04,36947148612.88,638512688.74,-511129561.49,-411493471.58,-306075019.53,2015-06-30
2015-08-21,sh.600005,5.65,5.73,5.28,5.36,5.76,208807229.0,1147003120.0,3,2.068672,1,-6.9444,37.189324,1.477344,0.590686,728.699048,0,2015-03-31,465956286.92,17555350915.69,17036848981.85,15830685614.02,579120375.45,582580829.86,116624542.94,459103237.21,2725690594.25,11709316464.46,11486124119.54,39399466099.28,59688148235.64,99087614334.92,57679987729.0,4460477993.04,62140465722.04,36947148612.88,638512688.74,-511129561.49,-411493471.58,-306075019.53,2015-06-30
2015-08-24,sh.600005,5.07,5.14,4.82,4.82,5.36,162674979.0,792346320.0,3,1.611636,1,-10.0746,33.442639,1.328507,0.531176,655.285338,0,2015-03-31,465956286.92,17555350915.69,17036848981.85,15830685614.02,579120375.45,582580829.86,116624542.94,459103237.21,2725690594.25,11709316464.46,11486124119.54,39399466099.28,59688148235.64,99087614334.92,57679987729.0,4460477993.04,62140465722.04,36947148612.88,638512688.74,-511129561.49,-411493471.58,-306075019.53,2015-06-30
2015-08-25,sh.600005,4.34,4.51,4.34,4.34,4.82,155121791.0,678802160.0,3,1.536806,1,-9.9585,30.112251,1.196207,0.478279,590.028707,0,2015-03-31,465956286.92,17555350915.69,17036848981.85,15830685614.02,579120375.45,582580829.86,116624542.94,459103237.21,2725690594.25,11709316464.46,11486124119.54,39399466099.28,59688148235.64,99087614334.92,57679987729.0,4460477993.04,62140465722.04,36947148612.88,638512688.74,-511129561.49,-411493471.58,-306075019.53,2015-06-30
2015-08-26,sh.600005,4.34,4.5,3.96,4.01,4.34,225016885.0,949593984.0,3,2.229263,1,-7.6037,27.82261,1.105251,0.441912,545.164773,0,2015-03-31,465956286.92,17555350915.69,17036848981.85,15830685614.02,579120375.45,582580829.86,116624542.94,459103237.21,2725690594.25,11709316464.46,11486124119.54,39399466099.28,59688148235.64,99087614334.92,57679987729.0,4460477993.04,62140465722.04,36947148612.88,638512688.74,-511129561.49,-411493471.58,-306075019.53,2015-06-30
2015-08-27,sh.600005,4.13,4.21,3.88,4.2,4.01,167628198.0,686776448.0,3,1.660708,1,4.7381,29.140889,1.15762,0.462851,570.995523,0,2015-03-31,465956286.92,17555350915.69,17036848981.85,15830685614.02,579120375.45,582580829.86,116624542.94,459103237.21,2725690594.25,11709316464.46,11486124119.54,39399466099.28,59688148235.64,99087614334.92,57679987729.0,4460477993.04,62140465722.04,36947148612.88,638512688.74,-511129561.49,-411493471.58,-306075019.53,2015-06-30
2015-08-28,sh.600005,4.28,4.58,4.21,4.54,4.2,199029199.0,866801904.0,3,1.9718,1,8.0952,31.499913,1.251332,0.500319,617.21897,0,2015-03-31,465956286.92,17555350915.69,17036848981.85,15830685614.02,579120375.45,582580829.86,116624542.94,459103237.21,2725690594.25,11709316464.46,11486124119.54,39399466099.28,59688148235.64,99087614334.92,57679987729.0,4460477993.04,62140465722.04,36947148612.88,638512688.74,-511129561.49,-411493471.58,-306075019.53,2015-06-30
2015-08-31,sh.600005,4.4,4.47,4.2,4.42,4.54,201963303.0,875021456.0,3,2.000869,1,-2.6432,37.156716,1.235022,0.530219,-70.429602,0,2015-03-31,465956286.92,17555350915.69,17036848981.85,15830685614.02,579120375.45,582580829.86,116624542.94,459103237.21,2725690594.25,11709316464.46,11486124119.54,39399466099.28,59688148235.64,99087614334.92,57679987729.0,4460477993.04,62140465722.04,36947148612.88,638512688.74,-511129561.49,-411493471.58,-306075019.53,2015-06-30
2015-09-01,sh.600005,4.35,4.72,4.25,4.53,4.42,290604080.0,1311706048.0,3,2.879041,1,2.4887,38.081431,1.265758,0.543414,-72.182375,0,2015-03-31,465956286.92,17555350915.69,17036848981.85,15830685614.02,579120375.45,582580829.86,116624542.94,459103237.21,2725690594.25,11709316464.46,11486124119.54,39399466099.28,59688148235.64,99087614334.92,57679987729.0,4460477993.04,62140465722.04,36947148612.88,638512688.74,-511129561.49,-411493471.58,-306075019.53,2015-06-30
2015-09-02,sh.600005,4.3,4.71,4.15,4.48,4.53,267530225.0,1206666576.0,3,2.650446,1,-1.1038,37.661106,1.251787,0.537416,-71.38566,0,2015-03-31,465956286.92,17555350915.69,17036848981.85,15830685614.02,579120375.45,582580829.86,116624542.94,459103237.21,2725690594.25,11709316464.46,11486124119.54,39399466099.28,59688148235.64,99087614334.92,57679987729.0,4460477993.04,62140465722.04,36947148612.88,638512688.74,-511129561.49,-411493471.58,-306075019.53,2015-06-30
2015-09-07,sh.600005,4.51,4.7,4.4,4.41,4.48,97325258.0,443512736.0,3,0.96421,1,-1.5625,37.072651,1.232228,0.529019,-70.270259,0,2015-03-31,465956286.92,17555350915.69,17036848981.85,15830685614.02,579120375.45,582580829.86,116624542.94,459103237.21,2725690594.25,11709316464.46,11486124119.54,39399466099.28,59688148235.64,99087614334.92,57679987729.0,4460477993.04,62140465722.04,36947148612.88,638512688.74,-511129561.49,-411493471.58,-306075019.53,2015-06-30
2015-09-08,sh.600005,4.36,4.54,4.14,4.5,4.41,99618393.0,431789248.0,3,0.986929,1,2.0408,37.829236,1.257375,0.539815,-71.704346,0,2015-03-31,465956286.92,17555350915.69,17036848981.85,15830685614.02,579120375.45,582580829.86,116624542.94,459103237.21,2725690594.25,11709316464.46,11486124119.54,39399466099.28,59688148235.64,99087614334.92,57679987729.0,4460477993.04,62140465722.04,36947148612.88,638512688.74,-511129561.49,-411493471.58,-306075019.53,2015-06-30
2015-09-09,sh.600005,4.48,4.67,4.44,4.61,4.5,142599085.0,651439216.0,3,1.412742,1,2.4444,38.753951,1.288111,0.553011,-73.457119,0,2015-03-31,465956286.92,17555350915.69,17036848981.85,15830685614.02,579120375.45,582580829.86,116624542.94,459103237.21,2725690594.25,11709316464.46,11486124119.54,39399466099.28,59688148235.64,99087614334.92,57679987729.0,4460477993.04,62140465722.04,36947148612.88,638512688.74,-511129561.49,-411493471.58,-306075019.53,2015-06-30
2015-09-10,sh.600005,4.5,4.55,4.41,4.44,4.61,90426453.0,405509584.0,3,0.895863,1,-3.6876,37.324846,1.24061,0.532618,-70.748288,0,2015-03-31,465956286.92,17555350915.69,17036848981.85,15830685614.02,579120375.45,582580829.86,116624542.94,459103237.21,2725690594.25,11709316464.46,11486124119.54,39399466099.28,59688148235.64,99087614334.92,57679987729.0,4460477993.04,62140465722.04,36947148612.88,638512688.74,-511129561.49,-411493471.58,-306075019.53,2015-06-30
2015-09-11,sh.600005,4.38,4.46,4.3,4.39,4.44,71745829.0,313855312.0,3,0.710792,1,-1.1261,36.904522,1.226639,0.52662,-69.951573,0,2015-03-31,465956286.92,17555350915.69,17036848981.85,15830685614.02,579120375.45,582580829.86,116624542.94,459103237.21,2725690594.25,11709316464.46,11486124119.54,39399466099.28,59688148235.64,99087614334.92,57679987729.0,4460477993.04,62140465722.04,36947148612.88,638512688.74,-511129561.49,-411493471.58,-306075019.53,2015-06-30
2015-09-14,sh.600005,4.5,4.55,4.06,4.4,4.39,148621492.0,644392912.0,3,1.472407,1,0.2278,36.988586,1.229434,0.52782,-70.110916,0,2015-03-31,465956286.92,17555350915.69,17036848981.85,15830685614.02,579120375.45,582580829.86,116624542.94,459103237.21,2725690594.25,11709316464.46,11486124119.54,39399466099.28,59688148235.64,99087614334.92,57679987729.0,4460477993.04,62140465722.04,36947148612.88,638512688.74,-511129561.49,-411493471.58,-306075019.53,2015-06-30
2015-09-15,sh.600005,4.2,4.3,3.99,4.0,4.4,88168073.0,361710256.0,3,0.873489,1,-9.0909,33.625988,1.117667,0.479836,-63.737196,0,2015-03-31,465956286.92,17555350915.69,17036848981.85,15830685614.02,579120375.45,582580829.86,116624542.94,459103237.21,2725690594.25,11709316464.46,11486124119.54,39399466099.28,59688148235.64,99087614334.92,57679987729.0,4460477993.04,62140465722.04,36947148612.88,638512688.74,-511129561.49,-411493471.58,-306075019.53,2015-06-30
2015-09-16,sh.600005,4.04,4.38,3.88,4.28,4.0,118395131.0,486403776.0,3,1.172951,1,7.0,35.979807,1.195904,0.513424,-68.1988,0,2015-03-31,465956286.92,17555350915.69,17036848981.85,15830685614.02,579120375.45,582580829.86,116624542.94,459103237.21,2725690594.25,11709316464.46,11486124119.54,39399466099.28,59688148235.64,99087614334.92,57679987729.0,4460477993.04,62140465722.04,36947148612.88,638512688.74,-511129561.49,-411493471.58,-306075019.53,2015-06-30
2015-09-17,sh.600005,4.2,4.35,4.06,4.09,4.28,117117427.0,492763792.0,3,1.160293,1,-4.4393,34.382572,1.142814,0.490632,-65.171283,0,2015-03-31,465956286.92,17555350915.69,17036848981.85,15830685614.02,579120375.45,582580829.86,116624542.94,459103237.21,2725690594.25,11709316464.46,11486124119.54,39399466099.28,59688148235.64,99087614334.92,57679987729.0,4460477993.04,62140465722.04,36947148612.88,638512688.74,-511129561.49,-411493471.58,-306075019.53,2015-06-30
2015-09-18,sh.600005,4.11,4.14,4.01,4.07,4.09,65002117.0,264907449.0,3,0.643982,1,-0.489,34.214442,1.137226,0.488233,-64.852597,0,2015-03-31,465956286.92,17555350915.69,17036848981.85,15830685614.02,579120375.45,582580829.86,116624542.94,459103237.21,2725690594.25,11709316464.46,11486124119.54,39399466099.28,59688148235.64,99087614334.92,57679987729.0,4460477993.04,62140465722.04,36947148612.88,638512688.74,-511129561.49,-411493471.58,-306075019.53,2015-06-30
2015-09-21,sh.600005,4.02,4.14,3.99,4.12,4.07,56847683.0,231996003.0,3,0.563195,1,1.2285,34.634767,1.151197,0.494231,-65.649312,0,2015-03-31,465956286.92,17555350915.69,17036848981.85,15830685614.02,579120375.45,582580829.86,116624542.94,459103237.21,2725690594.25,11709316464.46,11486124119.54,39399466099.28,59688148235.64,99087614334.92,57679987729.0,4460477993.04,62140465722.04,36947148612.88,638512688.74,-511129561.49,-411493471.58,-306075019.53,2015-06-30
2015-09-22,sh.600005,4.12,4.2,4.08,4.14,4.12,81986908.0,339535664.0,3,0.812252,1,0.4854,34.802897,1.156785,0.49663,-65.967998,0,2015-03-31,465956286.92,17555350915.69,17036848981.85,15830685614.02,579120375.45,582580829.86,116624542.94,459103237.21,2725690594.25,11709316464.46,11486124119.54,39399466099.28,59688148235.64,99087614334.92,57679987729.0,4460477993.04,62140465722.04,36947148612.88,638512688.74,-511129561.49,-411493471.58,-306075019.53,2015-06-30
2015-09-23,sh.600005,4.06,4.08,3.97,4.0,4.14,78465336.0,315304336.0,3,0.777363,1,-3.3816,33.625988,1.117667,0.479836,-63.737196,0,2015-03-31,465956286.92,17555350915.69,17036848981.85,15830685614.02,579120375.45,582580829.86,116624542.94,459103237.21,2725690594.25,11709316464.46,11486124119.54,39399466099.28,59688148235.64,99087614334.92,57679987729.0,4460477993.04,62140465722.04,36947148612.88,638512688.74,-511129561.49,-411493471.58,-306075019.53,2015-06-30
2015-09-24,sh.600005,4.0,4.05,3.99,4.03,4.0,46492750.0,186782908.0,3,0.460608,1,0.75,33.878183,1.126049,0.483435,-64.215225,0,2015-03-31,465956286.92,17555350915.69,17036848981.85,15830685614.02,579120375.45,582580829.86,116624542.94,459103237.21,2725690594.25,11709316464.46,11486124119.54,39399466099.28,59688148235.64,99087614334.92,57679987729.0,4460477993.04,62140465722.04,36947148612.88,638512688.74,-511129561.49,-411493471.58,-306075019.53,2015-06-30
2015-09-25,sh.600005,4.01,4.02,3.87,3.9,4.03,62083278.0,244179794.0,3,0.615065,1,-3.2258,32.785338,1.089725,0.46784,-62.143766,0,2015-03-31,465956286.92,17555350915.69,17036848981.85,15830685614.02,579120375.45,582580829.86,116624542.94,459103237.21,2725690594.25,11709316464.46,11486124119.54,39399466099.28,59688148235.64,99087614334.92,57679987729.0,4460477993.04,62140465722.04,36947148612.88,638512688.74,-511129561.49,-411493471.58,-306075019.53,2015-06-30
2015-09-28,sh.600005,3.9,3.92,3.82,3.9,3.9,32712970.0,126834264.0,3,0.32409,1,0.0,32.785338,1.089725,0.46784,-62.143766,0,2015-03-31,465956286.92,17555350915.69,17036848981.85,15830685614.02,579120375.45,582580829.86,116624542.94,459103237.21,2725690594.25,11709316464.46,11486124119.54,39399466099.28,59688148235.64,99087614334.92,57679987729.0,4460477993.04,62140465722.04,36947148612.88,638512688.74,-511129561.49,-411493471.58,-306075019.53,2015-06-30
2015-09-29,sh.600005,3.85,3.85,3.75,3.76,3.9,49259636.0,187065867.0,3,0.48802,1,-3.5897,31.608428,1.050607,0.451046,-59.912965,0,2015-03-31,465956286.92,17555350915.69,17036848981.85,15830685614.02,579120375.45,582580829.86,116624542.94,459103237.21,2725690594.25,11709316464.46,11486124119.54,39399466099.28,59688148235.64,99087614334.92,57679987729.0,4460477993.04,62140465722.04,36947148612.88,638512688.74,-511129561.49,-411493471.58,-306075019.53,2015-06-30
2015-09-30,sh.600005,3.76,3.79,3.71,3.76,3.76,42883277.0,161060092.0,3,0.424849,1,0.0,31.608428,1.050607,0.451046,-59.912965,0,2015-06-30,534720579.09,34518339887.46,33888903210.0,31451315279.52,685940182.54,703612047.36,168891468.27,521615742.78,2345261673.57,11077713222.77,11973316224.7,39811237945.38,58499388479.06,98310626424.44,57456762684.97,4396980149.78,61853742834.75,36456883589.69,2261807603.04,-838134749.85,-2110157108.6,-686503940.21,2015-09-30
2015-10-08,sh.600005,3.87,3.96,3.83,3.92,3.76,81059271.0,315118528.0,3,0.803062,1,4.2553,32.953468,1.095313,0.470239,-62.462452,0,2015-06-30,534720579.09,34518339887.46,33888903210.0,31451315279.52,685940182.54,703612047.36,168891468.27,521615742.78,2345261673.57,11077713222.77,11973316224.7,39811237945.38,58499388479.06,98310626424.44,57456762684.97,4396980149.78,61853742834.75,36456883589.69,2261807603.04,-838134749.85,-2110157108.6,-686503940.21,2015-09-30
2015-10-09,sh.600005,3.91,3.92,3.83,3.89,3.92,73583154.0,285854512.0,3,0.728995,1,-0.7653,32.701273,1.086931,0.46664,-61.984423,0,2015-06-30,534720579.09,34518339887.46,33888903210.0,31451315279.52,685940182.54,703612047.36,168891468.27,521615742.78,2345261673.57,11077713222.77,11973316224.7,39811237945.38,58499388479.06,98310626424.44,57456762684.97,4396980149.78,61853742834.75,36456883589.69,2261807603.04,-838134749.85,-2110157108.6,-686503940.21,2015-09-30
2015-10-12,sh.600005,3.9,4.07,3.89,4.04,3.89,115690741.0,462410624.0,3,1.146159,1,3.856,33.962248,1.128843,0.484634,-64.374568,0,2015-06-30,534720579.09,34518339887.46,33888903210.0,31451315279.52,685940182.54,703612047.36,168891468.27,521615742.78,2345261673.57,11077713222.77,11973316224.7,39811237945.38,58499388479.06,98310626424.44,57456762684.97,4396980149.78,61853742834.75,36456883589.69,2261807603.04,-838134749.85,-2110157108.6,-686503940.21,2015-09-30
2015-10-13,sh.600005,4.0,4.04,3.97,4.0,4.04,70093576.0,279941808.0,3,0.694423,1,-0.9901,33.625988,1.117667,0.479836,-63.737196,0,2015-06-30,534720579.09,34518339887.46,33888903210.0,31451315279.52,685940182.54,703612047.36,168891468.27,521615742.78,2345261673.57,11077713222.77,11973316224.7,39811237945.38,58499388479.06,98310626424.44,57456762684.97,4396980149.78,61853742834.75,36456883589.69,2261807603.04,-838134749.85,-2110157108.6,-686503940.21,2015-09-30
2015-10-14,sh.600005,4.0,4.13,3.98,4.01,4.0,93499301.0,378481136.0,3,0.926306,1,0.25,33.710053,1.120461,0.481036,-63.896539,0,2015-06-30,534720579.09,34518339887.46,33888903210.0,31451315279.52,685940182.54,703612047.36,168891468.27,521615742.78,2345261673.57,11077713222.77,11973316224.7,39811237945.38,58499388479.06,98310626424.44,57456762684.97,4396980149.78,61853742834.75,36456883589.69,2261807603.04,-838134749.85,-2110157108.6,-686503940.21,2015-09-30
2015-10-15,sh.600005,3.98,4.09,3.95,4.09,4.01,117715308.0,474988800.0,3,1.166216,1,1.995,34.382572,1.142814,0.490632,-65.171283,0,2015-06-30,534720579.09,34518339887.46,33888903210.0,31451315279.52,685940182.54,703612047.36,168891468.27,521615742.78,2345261673.57,11077713222.77,11973316224.7,39811237945.38,58499388479.06,98310626424.44,57456762684.97,4396980149.78,61853742834.75,36456883589.69,2261807603.04,-838134749.85,-2110157108.6,-686503940.21,2015-09-30
2015-10-16,sh.600005,4.09,4.11,4.03,4.09,4.09,114408737.0,466189904.0,3,1.133458,1,0.0,34.382572,1.142814,0.490632,-65.171283,0,2015-06-30,534720579.09,34518339887.46,33888903210.0,31451315279.52,685940182.54,703612047.36,168891468.27,521615742.78,2345261673.57,11077713222.77,11973316224.7,39811237945.38,58499388479.06,98310626424.44,57456762684.97,4396980149.78,61853742834.75,36456883589.69,2261807603.04,-838134749.85,-2110157108.6,-686503940.21,2015-09-30
2015-10-19,sh.600005,4.09,4.12,4.03,4.06,4.09,107076961.0,436764352.0,3,1.060821,1,-0.7335,34.130378,1.134432,0.487033,-64.693254,0,2015-06-30,534720579.09,34518339887.46,33888903210.0,31451315279.52,685940182.54,703612047.36,168891468.27,521615742.78,2345261673.57,11077713222.77,11973316224.7,39811237945.38,58499388479.06,98310626424.44,57456762684.97,4396980149.78,61853742834.75,36456883589.69,2261807603.04,-838134749.85,-2110157108.6,-686503940.21,2015-09-30
2015-10-20,sh.600005,4.05,4.1,4.02,4.09,4.06,88747149.0,360183344.0,3,0.879226,1,0.7389,34.382572,1.142814,0.490632,-65.171283,0,2015-06-30,534720579.09,34518339887.46,33888903210.0,31451315279.52,685940182.54,703612047.36,168891468.27,521615742.78,2345261673.57,11077713222.77,11973316224.7,39811237945.38,58499388479.06,98310626424.44,57456762684.97,4396980149.78,61853742834.75,36456883589.69,2261807603.04,-838134749.85,-2110157108.6,-686503940.21,2015-09-30
2015-10-21,sh.600005,4.11,4.17,3.88,3.89,4.09,161914490.0,660037424.0,3,1.604102,1,-4.89,32.701273,1.086931,0.46664,-61.984423,0,2015-06-30,534720579.09,34518339887.46,33888903210.0,31451315279.52,685940182.54,703612047.36,168891468.27,521615742.78,2345261673.57,11077713222.77,11973316224.7,39811237945.38,58499388479.06,98310626424.44,57456762684.97,4396980149.78,61853742834.75,36456883589.69,2261807603.04,-838134749.85,-2110157108.6,-686503940.21,2015-09-30
2015-10-22,sh.600005,3.89,3.95,3.81,3.94,3.89,90664019.0,352477856.0,3,0.898217,1,1.2853,33.121598,1.100902,0.472638,-62.781138,0,2015-06-30,534720579.09,34518339887.46,33888903210.0,31451315279.52,685940182.54,703612047.36,168891468.27,521615742.78,2345261673.57,11077713222.77,11973316224.7,39811237945.38,58499388479.06,98310626424.44,57456762684.97,4396980149.78,61853742834.75,36456883589.69,2261807603.04,-838134749.85,-2110157108.6,-686503940.21,2015-09-30
2015-10-23,sh.600005,3.93,3.97,3.9,3.95,3.94,92031509.0,361892832.0,3,0.911765,1,0.2538,33.205663,1.103696,0.473838,-62.940481,0,2015-06-30,534720579.09,34518339887.46,33888903210.0,31451315279.52,685940182.54,703612047.36,168891468.27,521615742.78,2345261673.57,11077713222.77,11973316224.7,39811237945.38,58499388479.06,98310626424.44,57456762684.97,4396980149.78,61853742834.75,36456883589.69,2261807603.04,-838134749.85,-2110157108.6,-686503940.21,2015-09-30
2015-10-26,sh.600005,3.96,3.98,3.88,3.93,3.95,111375111.0,435882928.0,3,1.103403,1,-0.5063,33.037533,1.098108,0.471439,-62.621795,0,2015-06-30,534720579.09,34518339887.46,33888903210.0,31451315279.52,685940182.54,703612047.36,168891468.27,521615742.78,2345261673.57,11077713222.77,11973316224.7,39811237945.38,58499388479.06,98310626424.44,57456762684.97,4396980149.78,61853742834.75,36456883589.69,2261807603.04,-838134749.85,-2110157108.6,-686503940.21,2015-09-30
2015-10-27,sh.600005,3.9,3.9,3.76,3.87,3.93,87785071.0,335936592.0,3,0.869695,1,-1.5267,32.533143,1.081343,0.464241,-61.665737,0,2015-06-30,534720579.09,34518339887.46,33888903210.0,31451315279.52,685940182.54,703612047.36,168891468.27,521615742.78,2345261673.57,11077713222.77,11973316224.7,39811237945.38,58499388479.06,98310626424.44,57456762684.97,4396980149.78,61853742834.75,36456883589.69,2261807603.04,-838134749.85,-2110157108.6,-686503940.21,2015-09-30
2015-10-28,sh.600005,3.84,3.94,3.82,3.85,3.87,94815624.0,367907264.0,3,0.939347,1,-0.5168,32.365013,1.075754,0.461842,-61.347051,0,2015-06-30,534720579.09,34518339887.46,33888903210.0,31451315279.52,685940182.54,703612047.36,168891468.27,521615742.78,2345261673.57,11077713222.77,11973316224.7,39811237945.38,58499388479.06,98310626424.44,57456762684.97,4396980149.78,61853742834.75,36456883589.69,2261807603.04,-838134749.85,-2110157108.6,-686503940.21,2015-09-30
2015-10-29,sh.600005,3.85,3.87,3.8,3.82,3.85,58650182.0,224002529.0,3,0.581053,1,-0.7792,32.112818,1.067372,0.458243,-60.869023,0,2015-06-30,534720579.09,34518339887.46,33888903210.0,31451315279.52,685940182.54,703612047.36,168891468.27,521615742.78,2345261673.57,11077713222.77,11973316224.7,39811237945.38,58499388479.06,98310626424.44,57456762684.97,4396980149.78,61853742834.75,36456883589.69,2261807603.04,-838134749.85,-2110157108.6,-686503940.21,2015-09-30
2015-10-30,sh.600005,3.8,3.82,3.75,3.77,3.82,50414649.0,190357306.0,3,0.499463,1,-1.3089,31.692493,1.053401,0.452245,-60.072308,0,2015-06-30,534720579.09,34518339887.46,33888903210.0,31451315279.52,685940182.54,703612047.36,168891468.27,521615742.78,2345261673.57,11077713222.77,11973316224.7,39811237945.38,58499388479.06,98310626424.44,57456762684.97,4396980149.78,61853742834.75,36456883589.69,2261807603.04,-838134749.85,-2110157108.6,-686503940.21,2015-09-30
2015-11-02,sh.600005,3.73,3.76,3.67,3.69,3.77,60710970.0,225580279.0,3,0.601469,1,-2.122,-50.128718,1.071295,0.511872,39.772724,0,2015-06-30,534720579.09,34518339887.46,33888903210.0,31451315279.52,685940182.54,703612047.36,168891468.27,521615742.78,2345261673.57,11077713222.77,11973316224.7,39811237945.38,58499388479.06,98310626424.44,57456762684.97,4396980149.78,61853742834.75,36456883589.69,2261807603.04,-838134749.85,-2110157108.6,-686503940.21,2015-09-30
2015-11-03,sh.600005,3.69,3.71,3.61,3.63,3.69,53813907.0,196687792.0,3,0.533139,1,-1.626,-49.313617,1.053875,0.503548,39.126013,0,2015-06-30,534720579.09,34518339887.46,33888903210.0,31451315279.52,685940182.54,703612047.36,168891468.27,521615742.78,2345261673.57,11077713222.77,11973316224.7,39811237945.38,58499388479.06,98310626424.44,57456762684.97,4396980149.78,61853742834.75,36456883589.69,2261807603.04,-838134749.85,-2110157108.6,-686503940.21,2015-09-30
2015-11-04,sh.600005,3.63,3.79,3.63,3.75,3.63,96335867.0,358265936.0,3,0.954408,1,3.3058,-50.943819,1.088714,0.520195,40.419435,0,2015-06-30,534720579.09,34518339887.46,33888903210.0,31451315279.52,685940182.54,703612047.36,168891468.27,521615742.78,2345261673.57,11077713222.77,11973316224.7,39811237945.38,58499388479.06,98310626424.44,57456762684.97,4396980149.78,61853742834.75,36456883589.69,2261807603.04,-838134749.85,-2110157108.6,-686503940.21,2015-09-30
2015-11-05,sh.600005,3.73,4.12,3.72,3.92,3.75,217036193.0,847228128.0,3,2.150197,1,4.5333,-53.253272,1.138069,0.543777,42.251783,0,2015-06-30,534720579.09,34518339887.46,33888903210.0,31451315279.52,685940182.54,703612047.36,168891468.27,521615742.78,2345261673.57,11077713222.77,11973316224.7,39811237945.38,58499388479.06,98310626424.44,57456762684.97,4396980149.78,61853742834.75,36456883589.69,2261807603.04,-838134749.85,-2110157108.6,-686503940.21,2015-09-30
2015-11-06,sh.600005,3.9,3.97,3.85,3.93,3.92,144055507.0,563806192.0,3,1.427171,1,0.2551,-53.389122,1.140973,0.545164,42.359568,0,2015-06-30,534720579.09,34518339887.46,33888903210.0,31451315279.52,685940182.54,703612047.36,168891468.27,521615742.78,2345261673.57,11077713222.77,11973316224.7,39811237945.38,58499388479.06,98310626424.44,57456762684.97,4396980149.78,61853742834.75,36456883589.69,2261807603.04,-838134749.85,-2110157108.6,-686503940.21,2015-09-30
2015-11-09,sh.600005,3.91,4.05,3.87,3.96,3.93,125104760.0,497194432.0,3,1.239424,1,0.7634,-53.796673,1.149682,0.549326,42.682923,0,2015-06-30,534720579.09,34518339887.46,33888903210.0,31451315279.52,685940182.54,703612047.36,168891468.27,521615742.78,2345261673.57,11077713222.77,11973316224.7,39811237945.38,58499388479.06,98310626424.44,57456762684.97,4396980149.78,61853742834.75,36456883589.69,2261807603.04,-838134749.85,-2110157108.6,-686503940.21,2015-09-30
2015-11-10,sh.600005,3.94,3.98,3.9,3.98,3.96,109948711.0,432518240.0,3,1.089272,1,0.5051,-54.068373,1.155489,0.5521,42.898494,0,2015-06-30,534720579.09,34518339887.46,33888903210.0,31451315279.52,685940182.54,703612047.36,168891468.27,521615742.78,2345261673.57,11077713222.77,11973316224.7,39811237945.38,58499388479.06,98310626424.44,57456762684.97,4396980149.78,61853742834.75,36456883589.69,2261807603.04,-838134749.85,-2110157108.6,-686503940.21,2015-09-30
2015-11-11,sh.600005,3.98,4.14,3.96,4.01,3.98,168538312.0,682266688.0,3,1.669724,1,0.7538,-54.475924,1.164198,0.556262,43.221849,0,2015-06-30,534720579.09,34518339887.46,33888903210.0,31451315279.52,685940182.54,703612047.36,168891468.27,521615742.78,2345261673.57,11077713222.77,11973316224.7,39811237945.38,58499388479.06,98310626424.44,57456762684.97,4396980149.78,61853742834.75,36456883589.69,2261807603.04,-838134749.85,-2110157108.6,-686503940.21,2015-09-30
2015-11-12,sh.600005,4.0,4.01,3.91,3.94,4.01,91796253.0,362127344.0,3,0.909434,1,-1.7456,-53.524972,1.143876,0.546551,42.467353,0,2015-06-30,534720579.09,34518339887.46,33888903210.0,31451315279.52,685940182.54,703612047.36,168891468.27,521615742.78,2345261673.57,11077713222.77,11973316224.7,39811237945.38,58499388479.06,98310626424.44,57456762684.97,4396980149.78,61853742834.75,36456883589.69,2261807603.04,-838134749.85,-2110157108.6,-686503940.21,2015-09-30
2015-11-13,sh.600005,3.9,3.93,3.83,3.84,3.94,68253728.0,264140204.0,3,0.676196,1,-2.5381,-52.16647,1.114843,0.532679,41.389501,0,2015-06-30,534720579.09,34518339887.46,33888903210.0,31451315279.52,685940182.54,703612047.36,168891468.27,521615742.78,2345261673.57,11077713222.77,11973316224.7,39811237945.38,58499388479.06,98310626424.44,57456762684.97,4396980149.78,61853742834.75,36456883589.69,2261807603.04,-838134749.85,-2110157108.6,-686503940.21,2015-09-30
2015-11-16,sh.600005,3.77,3.85,3.75,3.84,3.84,56848101.0,216076632.0,3,0.563199,1,0.0,-52.16647,1.114843,0.532679,41.389501,0,2015-06-30,534720579.09,34518339887.46,33888903210.0,31451315279.52,685940182.54,703612047.36,168891468.27,521615742.78,2345261673.57,11077713222.77,11973316224.7,39811237945.38,58499388479.06,98310626424.44,57456762684.97,4396980149.78,61853742834.75,36456883589.69,2261807603.04,-838134749.85,-2110157108.6,-686503940.21,2015-09-30
2015-11-17,sh.600005,3.84,3.9,3.81,3.85,3.84,71770535.0,277149120.0,3,0.711037,1,0.2604,-52.302321,1.117747,0.534067,41.497287,0,2015-06-30,534720579.09,34518339887.46,33888903210.0,31451315279.52,685940182.54,703612047.36,168891468.27,521615742.78,2345261673.57,11077713222.77,11973316224.7,39811237945.38,58499388479.06,98310626424.44,57456762684.97,4396980149.78,61853742834.75,36456883589.69,2261807603.04,-838134749.85,-2110157108.6,-686503940.21,2015-09-30
2015-11-18,sh.600005,3.83,3.85,3.8,3.81,3.85,43805265.0,167408229.0,3,0.433983,1,-1.039,-51.75892,1.106134,0.528518,41.066146,0,2015-06-30,534720579.09,34518339887.46,33888903210.0,31451315279.52,685940182.54,703612047.36,168891468.27,521615742.78,2345261673.57,11077713222.77,11973316224.7,39811237945.38,58499388479.06,98310626424.44,57456762684.97,4396980149.78,61853742834.75,36456883589.69,2261807603.04,-838134749.85,-2110157108.6,-686503940.21,2015-09-30
2015-11-19,sh.600005,3.82,3.84,3.78,3.83,3.81,54979037.0,209254063.0,3,0.544682,1,0.5249,-52.03062,1.11194,0.531292,41.281716,0,2015-06-30,534720579.09,34518339887.46,33888903210.0,31451315279.52,685940182.54,703612047.36,168891468.27,521615742.78,2345261673.57,11077713222.77,11973316224.7,39811237945.38,58499388479.06,98310626424.44,57456762684.97,4396980149.78,61853742834.75,36456883589.69,2261807603.04,-838134749.85,-2110157108.6,-686503940.21,2015-09-30
2015-11-20,sh.600005,3.84,3.85,3.81,3.84,3.83,59068688.0,225902371.0,3,0.585199,1,0.2611,-52.16647,1.114843,0.532679,41.389501,0,2015-06-30,534720579.09,34518339887.46,33888903210.0,31451315279.52,685940182.54,703612047.36,168891468.27,521615742.78,2345261673.57,11077713222.77,11973316224.7,39811237945.38,58499388479.06,98310626424.44,57456762684.97,4396980149.78,61853742834.75,36456883589.69,2261807603.04,-838134749.85,-2110157108.6,-686503940.21,2015-09-30
2015-11-23,sh.600005,3.82,3.83,3.77,3.78,3.84,58666706.0,222868392.0,3,0.581216,1,-1.5625,-51.351369,1.097424,0.524356,40.74279,0,2015-06-30,534720579.09,34518339887.46,33888903210.0,31451315279.52,685940182.54,703612047.36,168891468.27,521615742.78,2345261673.57,11077713222.77,11973316224.7,39811237945.38,58499388479.06,98310626424.44,57456762684.97,4396980149.78,61853742834.75,36456883589.69,2261807603.04,-838134749.85,-2110157108.6,-686503940.21,2015-09-30
2015-11-24,sh.600005,3.77,3.79,3.72,3.76,3.78,46863722.0,175455374.0,3,0.464283,1,-0.5291,-51.079669,1.091618,0.521582,40.52722,0,2015-06-30,534720579.09,34518339887.46,33888903210.0,31451315279.52,685940182.54,703612047.36,168891468.27,521615742.78,2345261673.57,11077713222.77,11973316224.7,39811237945.38,58499388479.06,98310626424.44,57456762684.97,4396980149.78,61853742834.75,36456883589.69,2261807603.04,-838134749.85,-2110157108.6,-686503940.21,2015-09-30
2015-11-25,sh.600005,3.76,3.81,3.73,3.78,3.76,44345551.0,167171956.0,3,0.439335,1,0.5319,-51.351369,1.097424,0.524356,40.74279,0,2015-06-30,534720579.09,34518339887.46,33888903210.0,31451315279.52,685940182.54,703612047.36,168891468.27,521615742.78,2345261673.57,11077713222.77,11973316224.7,39811237945.38,58499388479.06,98310626424.44,57456762684.97,4396980149.78,61853742834.75,36456883589.69,2261807603.04,-838134749.85,-2110157108.6,-686503940.21,2015-09-30
2015-11-26,sh.600005,3.79,3.8,3.74,3.75,3.78,54825166.0,206897651.0,3,0.543158,1,-0.7937,-50.943819,1.088714,0.520195,40.419435,0,2015-06-30,534720579.09,34518339887.46,33888903210.0,31451315279.52,685940182.54,703612047.36,168891468.27,521615742.78,2345261673.57,11077713222.77,11973316224.7,39811237945.38,58499388479.06,98310626424.44,57456762684.97,4396980149.78,61853742834.75,36456883589.69,2261807603.04,-838134749.85,-2110157108.6,-686503940.21,2015-09-30
2015-11-27,sh.600005,3.74,3.75,3.46,3.51,3.75,80881069.0,293266608.0,3,0.801296,1,-6.4,-47.683414,1.019037,0.486902,37.832591,0,2015-06-30,534720579.09,34518339887.46,33888903210.0,31451315279.52,685940182.54,703612047.36,168891468.27,521615742.78,2345261673.57,11077713222.77,11973316224.7,39811237945.38,58499388479.06,98310626424.44,57456762684.97,4396980149.78,61853742834.75,36456883589.69,2261807603.04,-838134749.85,-2110157108.6,-686503940.21,2015-09-30
2015-11-30,sh.600005,3.51,3.54,3.31,3.44,3.51,57933879.0,199499155.0,3,0.573956,1,-1.9943,-46.732463,0.998714,0.477192,37.078095,0,2015-06-30,534720579.09,34518339887.46,33888903210.0,31451315279.52,685940182.54,703612047.36,168891468.27,521615742.78,2345261673.57,11077713222.77,11973316224.7,39811237945.38,58499388479.06,98310626424.44,57456762684.97,4396980149.78,61853742834.75,36456883589.69,2261807603.04,-838134749.85,-2110157108.6,-686503940.21,2015-09-30
2015-12-01,sh.600005,3.45,3.5,3.39,3.44,3.44,41672921.0,143269371.0,3,0.412857,1,0.0,-46.732463,0.998714,0.477192,37.078095,0,2015-06-30,534720579.09,34518339887.46,33888903210.0,31451315279.52,685940182.54,703612047.36,168891468.27,521615742.78,2345261673.57,11077713222.77,11973316224.7,39811237945.38,58499388479.06,98310626424.44,57456762684.97,4396980149.78,61853742834.75,36456883589.69,2261807603.04,-838134749.85,-2110157108.6,-686503940.21,2015-09-30
2015-12-02,sh.600005,3.45,3.61,3.41,3.6,3.44,68966318.0,242456817.0,3,0.683256,1,4.6512,-48.906066,1.045166,0.499387,38.802658,0,2015-06-30,534720579.09,34518339887.46,33888903210.0,31451315279.52,685940182.54,703612047.36,168891468.27,521615742.78,2345261673.57,11077713222.77,11973316224.7,39811237945.38,58499388479.06,98310626424.44,57456762684.97,4396980149.78,61853742834.75,36456883589.69,2261807603.04,-838134749.85,-2110157108.6,-686503940.21,2015-09-30
2015-12-03,sh.600005,3.58,3.67,3.55,3.61,3.6,71794048.0,258977219.0,3,0.71127,1,0.2778,-49.041916,1.048069,0.500774,38.910443,0,2015-06-30,534720579.09,34518339887.46,33888903210.0,31451315279.52,685940182.54,703612047.36,168891468.27,521615742.78,2345261673.57,11077713222.77,11973316224.7,39811237945.38,58499388479.06,98310626424.44,57456762684.97,4396980149.78,61853742834.75,36456883589.69,2261807603.04,-838134749.85,-2110157108.6,-686503940.21,2015-09-30
2015-12-04,sh.600005,3.57,3.6,3.49,3.51,3.61,51672572.0,183108952.0,3,0.511925,1,-2.7701,-47.683414,1.019037,0.486902,37.832591,0,2015-06-30,534720579.09,34518339887.46,33888903210.0,31451315279.52,685940182.54,703612047.36,168891468.27,521615742.78,2345261673.57,11077713222.77,11973316224.7,39811237945.38,58499388479.06,98310626424.44,57456762684.97,4396980149.78,61853742834.75,36456883589.69,2261807603.04,-838134749.85,-2110157108.6,-686503940.21,2015-09-30
2015-12-07,sh.600005,3.51,3.52,3.47,3.49,3.51,33007633.0,115136334.0,3,0.32701,1,-0.5698,-47.411714,1.01323,0.484128,37.617021,0,2015-06-30,534720579.09,34518339887.46,33888903210.0,31451315279.52,685940182.54,703612047.36,168891468.27,521615742.78,2345261673.57,11077713222.77,11973316224.7,39811237945.38,58499388479.06,98310626424.44,57456762684.97,4396980149.78,61853742834.75,36456883589.69,2261807603.04,-838134749.85,-2110157108.6,-686503940.21,2015-09-30
2015-12-08,sh.600005,3.48,3.48,3.39,3.42,3.49,45149889.0,155316245.0,3,0.447304,1,-2.0057,-46.460763,0.992907,0.474418,36.862525,0,2015-06-30,534720579.09,34518339887.46,33888903210.0,31451315279.52,685940182.54,703612047.36,168891468.27,521615742.78,2345261673.57,11077713222.77,11973316224.7,39811237945.38,58499388479.06,98310626424.44,57456762684.97,4396980149.78,61853742834.75,36456883589.69,2261807603.04,-838134749.85,-2110157108.6,-686503940.21,2015-09-30
2015-12-09,sh.600005,3.4,3.45,3.4,3.42,3.42,25467946.0,87321455.0,3,0.252313,1,0.0,-46.460763,0.992907,0.474418,36.862525,0,2015-06-30,534720579.09,34518339887.46,33888903210.0,31451315279.52,685940182.54,703612047.36,168891468.27,521615742.78,2345261673.57,11077713222.77,11973316224.7,39811237945.38,58499388479.06,98310626424.44,57456762684.97,4396980149.78,61853742834.75,36456883589.69,2261807603.04,-838134749.85,-2110157108.6,-686503940.21,2015-09-30
2015-12-10,sh.600005,3.42,3.44,3.34,3.37,3.42,31620958.0,107416925.0,3,0.313272,1,-1.462,-45.781512,0.978391,0.467482,36.323599,0,2015-06-30,534720579.09,34518339887.46,33888903210.0,31451315279.52,685940182.54,703612047.36,168891468.27,521615742.78,2345261673.57,11077713222.77,11973316224.7,39811237945.38,58499388479.06,98310626424.44,57456762684.97,4396980149.78,61853742834.75,36456883589.69,2261807603.04,-838134749.85,-2110157108.6,-686503940.21,2015-09-30
2015-12-11,sh.600005,3.36,3.36,3.31,3.34,3.37,31351671.0,104518270.0,3,0.310604,1,-0.8902,-45.373961,0.969682,0.46332,36.000243,0,2015-06-30,534720579.09,34518339887.46,33888903210.0,31451315279.52,685940182.54,703612047.36,168891468.27,521615742.78,2345261673.57,11077713222.77,11973316224.7,39811237945.38,58499388479.06,98310626424.44,57456762684.97,4396980149.78,61853742834.75,36456883589.69,2261807603.04,-838134749.85,-2110157108.6,-686503940.21,2015-09-30
2015-12-14,sh.600005,3.31,3.5,3.3,3.47,3.34,69334697.0,237467119.0,3,0.686905,1,3.8922,-47.140014,1.007424,0.481354,37.401451,0,2015-06-30,534720579.09,34518339887.46,33888903210.0,31451315279.52,685940182.54,703612047.36,168891468.27,521615742.78,2345261673.57,11077713222.77,11973316224.7,39811237945.38,58499388479.06,98310626424.44,57456762684.97,4396980149.78,61853742834.75,36456883589.69,2261807603.04,-838134749.85,-2110157108.6,-686503940.21,2015-09-30
2015-12-15,sh.600005,3.42,3.54,3.42,3.46,3.47,57239378.0,198877690.0,3,0.567076,1,-0.2882,-47.004163,1.00452,0.479966,37.293665,0,2015-06-30,534720579.09,34518339887.46,33888903210.0,31451315279.52,685940182.54,703612047.36,168891468.27,521615742.78,2345261673.57,11077713222.77,11973316224.7,39811237945.38,58499388479.06,98310626424.44,57456762684.97,4396980149.78,61853742834.75,36456883589.69,2261807603.04,-838134749.85,-2110157108.6,-686503940.21,2015-09-30
2015-12-16,sh.600005,3.46,3.47,3.42,3.44,3.46,31073067.0,107135446.0,3,0.307844,1,-0.578,-46.732463,0.998714,0.477192,37.078095,0,2015-06-30,534720579.09,34518339887.46,33888903210.0,31451315279.52,685940182.54,703612047.36,168891468.27,521615742.78,2345261673.57,11077713222.77,11973316224.7,39811237945.38,58499388479.06,98310626424.44,57456762684.97,4396980149.78,61853742834.75,36456883589.69,2261807603.04,-838134749.85,-2110157108.6,-686503940.21,2015-09-30
2015-12-17,sh.600005,3.47,3.59,3.46,3.54,3.44,86048304.0,303594736.0,3,0.852488,1,2.907,-48.090965,1.027746,0.491064,38.155947,0,2015-06-30,534720579.09,34518339887.46,33888903210.0,31451315279.52,685940182.54,703612047.36,168891468.27,521615742.78,2345261673.57,11077713222.77,11973316224.7,39811237945.38,58499388479.06,98310626424.44,57456762684.97,4396980149.78,61853742834.75,36456883589.69,2261807603.04,-838134749.85,-2110157108.6,-686503940.21,2015-09-30
2015-12-18,sh.600005,3.52,3.55,3.48,3.49,3.54,49506273.0,173463611.0,3,0.490463,1,-1.4124,-47.411714,1.01323,0.484128,37.617021,0,2015-06-30,534720579.09,34518339887.46,33888903210.0,31451315279.52,685940182.54,703612047.36,168891468.27,521615742.78,2345261673.57,11077713222.77,11973316224.7,39811237945.38,58499388479.06,98310626424.44,57456762684.97,4396980149.78,61853742834.75,36456883589.69,2261807603.04,-838134749.85,-2110157108.6,-686503940.21,2015-09-30
2015-12-21,sh.600005,3.49,3.63,3.46,3.57,3.49,70963474.0,251820418.0,3,0.703042,1,2.2923,-48.498516,1.036456,0.495225,38.479302,0,2015-06-30,534720579.09,34518339887.46,33888903210.0,31451315279.52,685940182.54,703612047.36,168891468.27,521615742.78,2345261673.57,11077713222.77,11973316224.7,39811237945.38,58499388479.06,98310626424.44,57456762684.97,4396980149.78,61853742834.75,36456883589.69,2261807603.04,-838134749.85,-2110157108.6,-686503940.21,2015-09-30
2015-12-22,sh.600005,3.57,3.7,3.54,3.64,3.57,111242289.0,405570928.0,3,1.102088,1,1.9608,-49.449467,1.056779,0.504936,39.233798,0,2015-06-30,534720579.09,34518339887.46,33888903210.0,31451315279.52,685940182.54,703612047.36,168891468.27,521615742.78,2345261673.57,11077713222.77,11973316224.7,39811237945.38,58499388479.06,98310626424.44,57456762684.97,4396980149.78,61853742834.75,36456883589.69,2261807603.04,-838134749.85,-2110157108.6,-686503940.21,2015-09-30
2015-12-23,sh.600005,3.62,3.66,3.56,3.57,3.64,54414752.0,196248806.0,3,0.539092,1,-1.9231,-48.498516,1.036456,0.495225,38.479302,0,2015-06-30,534720579.09,34518339887.46,33888903210.0,31451315279.52,685940182.54,703612047.36,168891468.27,521615742.78,2345261673.57,11077713222.77,11973316224.7,39811237945.38,58499388479.06,98310626424.44,57456762684.97,4396980149.78,61853742834.75,36456883589.69,2261807603.04,-838134749.85,-2110157108.6,-686503940.21,2015-09-30
2015-12-24,sh.600005,3.56,3.59,3.49,3.52,3.57,39549150.0,139489284.0,3,0.391817,1,-1.4006,-47.819265,1.02194,0.488289,37.940376,0,2015-06-30,534720579.09,34518339887.46,33888903210.0,31451315279.52,685940182.54,703612047.36,168891468.27,521615742.78,2345261673.57,11077713222.77,11973316224.7,39811237945.38,58499388479.06,98310626424.44,57456762684.97,4396980149.78,61853742834.75,36456883589.69,2261807603.04,-838134749.85,-2110157108.6,-686503940.21,2015-09-30
2015-12-25,sh.600005,3.53,3.54,3.49,3.54,3.52,25107786.0,88440372.0,3,0.248745,1,0.5682,-48.090965,1.027746,0.491064,38.155947,0,2015-06-30,534720579.09,34518339887.46,33888903210.0,31451315279.52,685940182.54,703612047.36,168891468.27,521615742.78,2345261673.57,11077713222.77,11973316224.7,39811237945.38,58499388479.06,98310626424.44,57456762684.97,4396980149.78,61853742834.75,36456883589.69,2261807603.04,-838134749.85,-2110157108.6,-686503940.21,2015-09-30
2015-12-28,sh.600005,3.55,3.56,3.42,3.43,3.54,37441281.0,130412585.0,3,0.370934,1,-3.1073,-46.596613,0.995811,0.475805,36.97031,0,2015-06-30,534720579.09,34518339887.46,33888903210.0,31451315279.52,685940182.54,703612047.36,168891468.27,521615742.78,2345261673.57,11077713222.77,11973316224.7,39811237945.38,58499388479.06,98310626424.44,57456762684.97,4396980149.78,61853742834.75,36456883589.69,2261807603.04,-838134749.85,-2110157108.6,-686503940.21,2015-09-30
2015-12-29,sh.600005,3.42,3.5,3.38,3.48,3.43,38582331.0,132584261.0,3,0.382239,1,1.4577,-47.275864,1.010327,0.482741,37.509236,0,2015-06-30,534720579.09,34518339887.46,33888903210.0,31451315279.52,685940182.54,703612047.36,168891468.27,521615742.78,2345261673.57,11077713222.77,11973316224.7,39811237945.38,58499388479.06,98310626424.44,57456762684.97,4396980149.78,61853742834.75,36456883589.69,2261807603.04,-838134749.85,-2110157108.6,-686503940.21,2015-09-30
2015-12-30,sh.600005,3.52,3.53,3.44,3.47,3.48,29233728.0,101735946.0,3,0.289621,1,-0.2874,-47.140014,1.007424,0.481354,37.401451,0,2015-09-30,-989457507.42,48952052811.2,50274303021.22,45805421991.47,-1202628659.82,-1175381606.54,-185924099.12,-1001376258.56,4386098114.58,11759069742.98,12534976952.46,42427329202.49,57943526450.76,100370855653.25,55031723016.18,10258461402.19,65290184418.37,35080671234.88,-239031629.33,-1014527856.49,2768217194.93,1354332500.8,2015-12-30
2015-12-31,sh.600005,3.46,3.55,3.45,3.47,3.47,45698030.0,160359046.0,3,0.452735,1,0.0,-47.140014,1.007424,0.481354,37.401451,0,2015-09-30,-989457507.42,48952052811.2,50274303021.22,45805421991.47,-1202628659.82,-1175381606.54,-185924099.12,-1001376258.56,4386098114.58,11759069742.98,12534976952.46,42427329202.49,57943526450.76,100370855653.25,55031723016.18,10258461402.19,65290184418.37,35080671234.88,-239031629.33,-1014527856.49,2768217194.93,1354332500.8,2015-12-30
2016-01-04,sh.600005,3.47,3.51,3.2,3.23,3.47,49814455.0,169866840.0,3,0.493516,1,-6.9164,-43.879609,0.937746,0.448061,34.814607,0,2015-09-30,-989457507.42,48952052811.2,50274303021.22,45805421991.47,-1202628659.82,-1175381606.54,-185924099.12,-1001376258.56,4386098114.58,11759069742.98,12534976952.46,42427329202.49,57943526450.76,100370855653.25,55031723016.18,10258461402.19,65290184418.37,35080671234.88,-239031629.33,-1014527856.49,2768217194.93,1354332500.8,2015-12-30
2016-01-05,sh.600005,3.18,3.41,3.14,3.33,3.23,75101819.0,247455594.0,3,0.744041,1,3.096,-45.238111,0.966778,0.461933,35.892458,0,2015-09-30,-989457507.42,48952052811.2,50274303021.22,45805421991.47,-1202628659.82,-1175381606.54,-185924099.12,-1001376258.56,4386098114.58,11759069742.98,12534976952.46,42427329202.49,57943526450.76,100370855653.25,55031723016.18,10258461402.19,65290184418.37,35080671234.88,-239031629.33,-1014527856.49,2768217194.93,1354332500.8,2015-12-30
2016-01-06,sh.600005,3.33,3.66,3.3,3.66,3.33,206579486.0,739556288.0,3,2.046602,1,9.9099,-49.721167,1.062585,0.50771,39.449369,0,2015-09-30,-989457507.42,48952052811.2,50274303021.22,45805421991.47,-1202628659.82,-1175381606.54,-185924099.12,-1001376258.56,4386098114.58,11759069742.98,12534976952.46,42427329202.49,57943526450.76,100370855653.25,55031723016.18,10258461402.19,65290184418.37,35080671234.88,-239031629.33,-1014527856.49,2768217194.93,1354332500.8,2015-12-30
2016-01-07,sh.600005,3.65,3.65,3.29,3.3,3.66,43354500.0,151466196.0,3,0.429517,1,-9.8361,-44.830561,0.958069,0.457771,35.569103,0,2015-09-30,-989457507.42,48952052811.2,50274303021.22,45805421991.47,-1202628659.82,-1175381606.54,-185924099.12,-1001376258.56,4386098114.58,11759069742.98,12534976952.46,42427329202.49,57943526450.76,100370855653.25,55031723016.18,10258461402.19,65290184418.37,35080671234.88,-239031629.33,-1014527856.49,2768217194.93,1354332500.8,2015-12-30
2016-01-08,sh.600005,3.42,3.63,3.4,3.63,3.3,262362041.0,940783296.0,3,2.599245,1,10.0,-49.313617,1.053875,0.503548,39.126013,0,2015-09-30,-989457507.42,48952052811.2,50274303021.22,45805421991.47,-1202628659.82,-1175381606.54,-185924099.12,-1001376258.56,4386098114.58,11759069742.98,12534976952.46,42427329202.49,57943526450.76,100370855653.25,55031723016.18,10258461402.19,65290184418.37,35080671234.88,-239031629.33,-1014527856.49,2768217194.93,1354332500.8,2015-12-30
2016-01-11,sh.600005,3.65,3.66,3.45,3.49,3.63,229337353.0,815080944.0,3,2.272066,1,-3.8568,-47.411714,1.01323,0.484128,37.617021,0,2015-09-30,-989457507.42,48952052811.2,50274303021.22,45805421991.47,-1202628659.82,-1175381606.54,-185924099.12,-1001376258.56,4386098114.58,11759069742.98,12534976952.46,42427329202.49,57943526450.76,100370855653.25,55031723016.18,10258461402.19,65290184418.37,35080671234.88,-239031629.33,-1014527856.49,2768217194.93,1354332500.8,2015-12-30
2016-01-12,sh.600005,3.46,3.53,3.28,3.37,3.49,107819679.0,362181712.0,3,1.068179,1,-3.4384,-45.781512,0.978391,0.467482,36.323599,0,2015-09-30,-989457507.42,48952052811.2,50274303021.22,45805421991.47,-1202628659.82,-1175381606.54,-185924099.12,-1001376258.56,4386098114.58,11759069742.98,12534976952.46,42427329202.49,57943526450.76,100370855653.25,55031723016.18,10258461402.19,65290184418.37,35080671234.88,-239031629.33,-1014527856.49,2768217194.93,1354332500.8,2015-12-30
2016-01-13,sh.600005,3.37,3.7,3.35,3.44,3.37,202520610.0,721079072.0,3,2.00639,1,2.0772,-46.732463,0.998714,0.477192,37.078095,0,2015-09-30,-989457507.42,48952052811.2,50274303021.22,45805421991.47,-1202628659.82,-1175381606.54,-185924099.12,-1001376258.56,4386098114.58,11759069742.98,12534976952.46,42427329202.49,57943526450.76,100370855653.25,55031723016.18,10258461402.19,65290184418.37,35080671234.88,-239031629.33,-1014527856.49,2768217194.93,1354332500.8,2015-12-30
2016-01-14,sh.600005,3.33,3.6,3.18,3.54,3.44,168164106.0,577061392.0,3,1.666017,1,2.907,-48.090965,1.027746,0.491064,38.155947,0,2015-09-30,-989457507.42,48952052811.2,50274303021.22,45805421991.47,-1202628659.82,-1175381606.54,-185924099.12,-1001376258.56,4386098114.58,11759069742.98,12534976952.46,42427329202.49,57943526450.76,100370855653.25,55031723016.18,10258461402.19,65290184418.37,35080671234.88,-239031629.33,-1014527856.49,2768217194.93,1354332500.8,2015-12-30
2016-01-15,sh.600005,3.47,3.5,3.3,3.34,3.54,105356411.0,356383088.0,3,1.043776,1,-5.6497,-45.373961,0.969682,0.46332,36.000243,0,2015-09-30,-989457507.42,48952052811.2,50274303021.22,45805421991.47,-1202628659.82,-1175381606.54,-185924099.12,-1001376258.56,4386098114.58,11759069742.98,12534976952.46,42427329202.49,57943526450.76,100370855653.25,55031723016.18,10258461402.19,65290184418.37,35080671234.88,-239031629.33,-1014527856.49,2768217194.93,1354332500.8,2015-12-30
2016-01-18,sh.600005,3.26,3.38,3.15,3.25,3.34,83029089.0,269924528.0,3,0.822577,1,-2.6946,-44.15131,0.943552,0.450835,35.030177,0,2015-09-30,-989457507.42,48952052811.2,50274303021.22,45805421991.47,-1202628659.82,-1175381606.54,-185924099.12,-1001376258.56,4386098114.58,11759069742.98,12534976952.46,42427329202.49,57943526450.76,100370855653.25,55031723016.18,10258461402.19,65290184418.37,35080671234.88,-239031629.33,-1014527856.49,2768217194.93,1354332500.8,2015-12-30
2016-01-19,sh.600005,3.24,3.35,3.18,3.34,3.25,75332100.0,247581662.0,3,0.746322,1,2.7692,-45.373961,0.969682,0.46332,36.000243,0,2015-09-30,-989457507.42,48952052811.2,50274303021.22,45805421991.47,-1202628659.82,-1175381606.54,-185924099.12,-1001376258.56,4386098114.58,11759069742.98,12534976952.46,42427329202.49,57943526450.76,100370855653.25,55031723016.18,10258461402.19,65290184418.37,35080671234.88,-239031629.33,-1014527856.49,2768217194.93,1354332500.8,2015-12-30
2016-01-20,sh.600005,3.29,3.32,3.18,3.25,3.34,78264187.0,253626703.0,3,0.77537,1,-2.6946,-44.15131,0.943552,0.450835,35.030177,0,2015-09-30,-989457507.42,48952052811.2,50274303021.22,45805421991.47,-1202628659.82,-1175381606.54,-185924099.12,-1001376258.56,4386098114.58,11759069742.98,12534976952.46,42427329202.49,57943526450.76,100370855653.25,55031723016.18,10258461402.19,65290184418.37,35080671234.88,-239031629.33,-1014527856.49,2768217194.93,1354332500.8,2015-12-30
2016-01-21,sh.600005,3.18,3.28,3.13,3.14,3.25,61550690.0,197235147.0,3,0.609788,1,-3.3846,-42.656958,0.911617,0.435576,33.84454,0,2015-09-30,-989457507.42,48952052811.2,50274303021.22,45805421991.47,-1202628659.82,-1175381606.54,-185924099.12,-1001376258.56,4386098114.58,11759069742.98,12534976952.46,42427329202.49,57943526450.76,100370855653.25,55031723016.18,10258461402.19,65290184418.37,35080671234.88,-239031629.33,-1014527856.49,2768217194.93,1354332500.8,2015-12-30
2016-01-22,sh.600005,3.2,3.27,3.13,3.2,3.14,47136284.0,150718639.0,3,0.466983,1,1.9108,-43.472059,0.929036,0.443899,34.491251,0,2015-09-30,-989457507.42,48952052811.2,50274303021.22,45805421991.47,-1202628659.82,-1175381606.54,-185924099.12,-1001376258.56,4386098114.58,11759069742.98,12534976952.46,42427329202.49,57943526450.76,100370855653.25,55031723016.18,10258461402.19,65290184418.37,35080671234.88,-239031629.33,-1014527856.49,2768217194.93,1354332500.8,2015-12-30
2016-01-25,sh.600005,3.23,3.31,3.21,3.24,3.2,56119486.0,182954278.0,3,0.555981,1,1.25,-44.015459,0.940649,0.449448,34.922392,0,2015-09-30,-989457507.42,48952052811.2,50274303021.22,45805421991.47,-1202628659.82,-1175381606.54,-185924099.12,-1001376258.56,4386098114.58,11759069742.98,12534976952.46,42427329202.49,57943526450.76,100370855653.25,55031723016.18,10258461402.19,65290184418.37,35080671234.88,-239031629.33,-1014527856.49,2768217194.93,1354332500.8,2015-12-30
2016-01-26,sh.600005,3.2,3.22,2.97,3.04,3.24,68773839.0,214883823.0,3,0.681349,1,-6.1728,-41.298456,0.882584,0.421705,32.766689,0,2015-09-30,-989457507.42,48952052811.2,50274303021.22,45805421991.47,-1202628659.82,-1175381606.54,-185924099.12,-1001376258.56,4386098114.58,11759069742.98,12534976952.46,42427329202.49,57943526450.76,100370855653.25,55031723016.18,10258461402.19,65290184418.37,35080671234.88,-239031629.33,-1014527856.49,2768217194.93,1354332500.8,2015-12-30
2016-01-27,sh.600005,3.05,3.11,2.91,3.01,3.04,86748217.0,260768658.0,3,0.859423,1,-0.9868,-40.890905,0.873875,0.417543,32.443333,0,2015-09-30,-989457507.42,48952052811.2,50274303021.22,45805421991.47,-1202628659.82,-1175381606.54,-185924099.12,-1001376258.56,4386098114.58,11759069742.98,12534976952.46,42427329202.49,57943526450.76,100370855653.25,55031723016.18,10258461402.19,65290184418.37,35080671234.88,-239031629.33,-1014527856.49,2768217194.93,1354332500.8,2015-12-30
2016-01-28,sh.600005,2.98,3.0,2.75,2.76,3.01,65975945.0,189741648.0,3,0.65363,1,-8.3056,-37.494651,0.801294,0.382863,29.748704,0,2015-09-30,-989457507.42,48952052811.2,50274303021.22,45805421991.47,-1202628659.82,-1175381606.54,-185924099.12,-1001376258.56,4386098114.58,11759069742.98,12534976952.46,42427329202.49,57943526450.76,100370855653.25,55031723016.18,10258461402.19,65290184418.37,35080671234.88,-239031629.33,-1014527856.49,2768217194.93,1354332500.8,2015-12-30
2016-01-29,sh.600005,2.75,2.85,2.72,2.82,2.76,53113197.0,148769384.0,3,0.526197,1,2.1739,-38.309752,0.818713,0.391186,30.395415,0,2015-09-30,-989457507.42,48952052811.2,50274303021.22,45805421991.47,-1202628659.82,-1175381606.54,-185924099.12,-1001376258.56,4386098114.58,11759069742.98,12534976952.46,42427329202.49,57943526450.76,100370855653.25,55031723016.18,10258461402.19,65290184418.37,35080671234.88,-239031629.33,-1014527856.49,2768217194.93,1354332500.8,2015-12-30
2016-02-01,sh.600005,2.78,2.81,2.62,2.64,2.82,49883182.0,135377057.0,3,0.494197,1,-6.383,-35.864448,0.766455,0.366217,28.455282,0,2015-09-30,-989457507.42,48952052811.2,50274303021.22,45805421991.47,-1202628659.82,-1175381606.54,-185924099.12,-1001376258.56,4386098114.58,11759069742.98,12534976952.46,42427329202.49,57943526450.76,100370855653.25,55031723016.18,10258461402.19,65290184418.37,35080671234.88,-239031629.33,-1014527856.49,2768217194.93,1354332500.8,2015-12-30
2016-02-02,sh.600005,2.66,2.72,2.65,2.71,2.64,40595261.0,109186742.0,3,0.402181,1,2.6515,-36.8154,0.786778,0.375927,29.209778,0,2015-09-30,-989457507.42,48952052811.2,50274303021.22,45805421991.47,-1202628659.82,-1175381606.54,-185924099.12,-1001376258.56,4386098114.58,11759069742.98,12534976952.46,42427329202.49,57943526450.76,100370855653.25,55031723016.18,10258461402.19,65290184418.37,35080671234.88,-239031629.33,-1014527856.49,2768217194.93,1354332500.8,2015-12-30
2016-02-03,sh.600005,2.69,2.69,2.6,2.67,2.71,37978569.0,100266101.0,3,0.376257,1,-1.476,-36.271999,0.775165,0.370379,28.778638,0,2015-09-30,-989457507.42,48952052811.2,50274303021.22,45805421991.47,-1202628659.82,-1175381606.54,-185924099.12,-1001376258.56,4386098114.58,11759069742.98,12534976952.46,42427329202.49,57943526450.76,100370855653.25,55031723016.18,10258461402.19,65290184418.37,35080671234.88,-239031629.33,-1014527856.49,2768217194.93,1354332500.8,2015-12-30
2016-02-04,sh.600005,2.68,2.73,2.67,2.71,2.67,37108697.0,100359612.0,3,0.367639,1,1.4981,-36.8154,0.786778,0.375927,29.209778,0,2015-09-30,-989457507.42,48952052811.2,50274303021.22,45805421991.47,-1202628659.82,-1175381606.54,-185924099.12,-1001376258.56,4386098114.58,11759069742.98,12534976952.46,42427329202.49,57943526450.76,100370855653.25,55031723016.18,10258461402.19,65290184418.37,35080671234.88,-239031629.33,-1014527856.49,2768217194.93,1354332500.8,2015-12-30
2016-02-05,sh.600005,2.73,2.76,2.71,2.75,2.71,45671089.0,124957126.0,3,0.452468,1,1.476,-37.3588,0.79839,0.381476,29.640919,0,2015-09-30,-989457507.42,48952052811.2,50274303021.22,45805421991.47,-1202628659.82,-1175381606.54,-185924099.12,-1001376258.56,4386098114.58,11759069742.98,12534976952.46,42427329202.49,57943526450.76,100370855653.25,55031723016.18,10258461402.19,65290184418.37,35080671234.88,-239031629.33,-1014527856.49,2768217194.93,1354332500.8,2015-12-30
2016-02-15,sh.600005,2.69,2.73,2.63,2.71,2.75,25386215.0,68118971.0,3,0.251504,1,-1.4545,-36.8154,0.786778,0.375927,29.209778,0,2015-09-30,-989457507.42,48952052811.2,50274303021.22,45805421991.47,-1202628659.82,-1175381606.54,-185924099.12,-1001376258.56,4386098114.58,11759069742.98,12534976952.46,42427329202.49,57943526450.76,100370855653.25,55031723016.18,10258461402.19,65290184418.37,35080671234.88,-239031629.33,-1014527856.49,2768217194.93,1354332500.8,2015-12-30
2016-02-16,sh.600005,2.71,2.82,2.71,2.81,2.71,43900980.0,122315239.0,3,0.434931,1,3.69,-38.173902,0.81581,0.389799,30.28763,0,2015-09-30,-989457507.42,48952052811.2,50274303021.22,45805421991.47,-1202628659.82,-1175381606.54,-185924099.12,-1001376258.56,4386098114.58,11759069742.98,12534976952.46,42427329202.49,57943526450.76,100370855653.25,55031723016.18,10258461402.19,65290184418.37,35080671234.88,-239031629.33,-1014527856.49,2768217194.93,1354332500.8,2015-12-30
2016-02-17,sh.600005,2.8,2.86,2.79,2.85,2.81,49109861.0,138941137.0,3,0.486536,1,1.4235,-38.717302,0.827423,0.395348,30.718771,0,2015-09-30,-989457507.42,48952052811.2,50274303021.22,45805421991.47,-1202628659.82,-1175381606.54,-185924099.12,-1001376258.56,4386098114.58,11759069742.98,12534976952.46,42427329202.49,57943526450.76,100370855653.25,55031723016.18,10258461402.19,65290184418.37,35080671234.88,-239031629.33,-1014527856.49,2768217194.93,1354332500.8,2015-12-30
2016-02-18,sh.600005,2.87,2.95,2.83,2.84,2.85,53161958.0,153190952.0,3,0.52668,1,-0.3509,-38.581452,0.82452,0.393961,30.610985,0,2015-09-30,-989457507.42,48952052811.2,50274303021.22,45805421991.47,-1202628659.82,-1175381606.54,-185924099.12,-1001376258.56,4386098114.58,11759069742.98,12534976952.46,42427329202.49,57943526450.76,100370855653.25,55031723016.18,10258461402.19,65290184418.37,35080671234.88,-239031629.33,-1014527856.49,2768217194.93,1354332500.8,2015-12-30
2016-02-19,sh.600005,2.83,2.84,2.78,2.82,2.84,32739265.0,92131895.0,3,0.324351,1,-0.7042,-38.309752,0.818713,0.391186,30.395415,0,2015-09-30,-989457507.42,48952052811.2,50274303021.22,45805421991.47,-1202628659.82,-1175381606.54,-185924099.12,-1001376258.56,4386098114.58,11759069742.98,12534976952.46,42427329202.49,57943526450.76,100370855653.25,55031723016.18,10258461402.19,65290184418.37,35080671234.88,-239031629.33,-1014527856.49,2768217194.93,1354332500.8,2015-12-30
2016-02-22,sh.600005,2.85,3.1,2.84,3.02,2.82,147818958.0,442920896.0,3,1.464456,1,7.0922,-41.026755,0.876778,0.41893,32.551118,0,2015-09-30,-989457507.42,48952052811.2,50274303021.22,45805421991.47,-1202628659.82,-1175381606.54,-185924099.12,-1001376258.56,4386098114.58,11759069742.98,12534976952.46,42427329202.49,57943526450.76,100370855653.25,55031723016.18,10258461402.19,65290184418.37,35080671234.88,-239031629.33,-1014527856.49,2768217194.93,1354332500.8,2015-12-30
2016-02-23,sh.600005,3.0,3.02,2.95,3.01,3.02,56206885.0,167508777.0,3,0.556847,1,-0.3311,-40.890905,0.873875,0.417543,32.443333,0,2015-09-30,-989457507.42,48952052811.2,50274303021.22,45805421991.47,-1202628659.82,-1175381606.54,-185924099.12,-1001376258.56,4386098114.58,11759069742.98,12534976952.46,42427329202.49,57943526450.76,100370855653.25,55031723016.18,10258461402.19,65290184418.37,35080671234.88,-239031629.33,-1014527856.49,2768217194.93,1354332500.8,2015-12-30
2016-02-24,sh.600005,2.98,3.05,2.95,3.03,3.01,56575207.0,170033723.0,3,0.560496,1,0.6645,-41.162606,0.879681,0.420317,32.658903,0,2015-09-30,-989457507.42,48952052811.2,50274303021.22,45805421991.47,-1202628659.82,-1175381606.54,-185924099.12,-1001376258.56,4386098114.58,11759069742.98,12534976952.46,42427329202.49,57943526450.76,100370855653.25,55031723016.18,10258461402.19,65290184418.37,35080671234.88,-239031629.33,-1014527856.49,2768217194.93,1354332500.8,2015-12-30
2016-02-25,sh.600005,3.03,3.03,2.77,2.79,3.03,72210083.0,209404732.0,3,0.715392,1,-7.9208,-37.902201,0.810003,0.387025,30.07206,0,2015-09-30,-989457507.42,48952052811.2,50274303021.22,45805421991.47,-1202628659.82,-1175381606.54,-185924099.12,-1001376258.56,4386098114.58,11759069742.98,12534976952.46,42427329202.49,57943526450.76,100370855653.25,55031723016.18,10258461402.19,65290184418.37,35080671234.88,-239031629.33,-1014527856.49,2768217194.93,1354332500.8,2015-12-30
2016-02-26,sh.600005,2.82,2.89,2.78,2.87,2.79,42905656.0,121956406.0,3,0.42507,1,2.8674,-38.989003,0.833229,0.398122,30.934341,0,2015-09-30,-989457507.42,48952052811.2,50274303021.22,45805421991.47,-1202628659.82,-1175381606.54,-185924099.12,-1001376258.56,4386098114.58,11759069742.98,12534976952.46,42427329202.49,57943526450.76,100370855653.25,55031723016.18,10258461402.19,65290184418.37,35080671234.88,-239031629.33,-1014527856.49,2768217194.93,1354332500.8,2015-12-30
2016-02-29,sh.600005,2.88,2.88,2.69,2.8,2.87,56491781.0,156890070.0,3,0.559669,1,-2.439,-38.038051,0.812907,0.388412,30.179845,0,2015-09-30,-989457507.42,48952052811.2,50274303021.22,45805421991.47,-1202628659.82,-1175381606.54,-185924099.12,-1001376258.56,4386098114.58,11759069742.98,12534976952.46,42427329202.49,57943526450.76,100370855653.25,55031723016.18,10258461402.19,65290184418.37,35080671234.88,-239031629.33,-1014527856.49,2768217194.93,1354332500.8,2015-12-30
2016-03-01,sh.600005,2.83,2.88,2.78,2.87,2.8,41093112.0,116628054.0,3,0.407113,1,2.5,-38.989003,0.833229,0.398122,30.934341,0,2015-09-30,-989457507.42,48952052811.2,50274303021.22,45805421991.47,-1202628659.82,-1175381606.54,-185924099.12,-1001376258.56,4386098114.58,11759069742.98,12534976952.46,42427329202.49,57943526450.76,100370855653.25,55031723016.18,10258461402.19,65290184418.37,35080671234.88,-239031629.33,-1014527856.49,2768217194.93,1354332500.8,2015-12-30
2016-03-02,sh.600005,2.85,3.14,2.85,3.08,2.87,142919914.0,436035776.0,3,1.415921,1,7.3171,-41.841857,0.894197,0.427253,33.197829,0,2015-09-30,-989457507.42,48952052811.2,50274303021.22,45805421991.47,-1202628659.82,-1175381606.54,-185924099.12,-1001376258.56,4386098114.58,11759069742.98,12534976952.46,42427329202.49,57943526450.76,100370855653.25,55031723016.18,10258461402.19,65290184418.37,35080671234.88,-239031629.33,-1014527856.49,2768217194.93,1354332500.8,2015-12-30
2016-03-03,sh.600005,3.02,3.11,3.01,3.02,3.08,97390287.0,297377984.0,3,0.964854,1,-1.9481,-41.026755,0.876778,0.41893,32.551118,0,2015-09-30,-989457507.42,48952052811.2,50274303021.22,45805421991.47,-1202628659.82,-1175381606.54,-185924099.12,-1001376258.56,4386098114.58,11759069742.98,12534976952.46,42427329202.49,57943526450.76,100370855653.25,55031723016.18,10258461402.19,65290184418.37,35080671234.88,-239031629.33,-1014527856.49,2768217194.93,1354332500.8,2015-12-30
2016-03-04,sh.600005,3.01,3.07,2.95,3.01,3.02,78311803.0,236005734.0,3,0.775842,1,-0.3311,-40.890905,0.873875,0.417543,32.443333,0,2015-09-30,-989457507.42,48952052811.2,50274303021.22,45805421991.47,-1202628659.82,-1175381606.54,-185924099.12,-1001376258.56,4386098114.58,11759069742.98,12534976952.46,42427329202.49,57943526450.76,100370855653.25,55031723016.18,10258461402.19,65290184418.37,35080671234.88,-239031629.33,-1014527856.49,2768217194.93,1354332500.8,2015-12-30
2016-03-07,sh.600005,3.12,3.2,3.06,3.11,3.01,88706372.0,277331520.0,3,0.878822,1,3.3223,-42.249407,0.902907,0.431415,33.521185,0,2015-09-30,-989457507.42,48952052811.2,50274303021.22,45805421991.47,-1202628659.82,-1175381606.54,-185924099.12,-1001376258.56,4386098114.58,11759069742.98,12534976952.46,42427329202.49,57943526450.76,100370855653.25,55031723016.18,10258461402.19,65290184418.37,35080671234.88,-239031629.33,-1014527856.49,2768217194.93,1354332500.8,2015-12-30
2016-03-08,sh.600005,3.2,3.26,3.08,3.1,3.11,121504893.0,380349392.0,3,1.20376,1,-0.3215,-42.113557,0.900004,0.430028,33.4134,0,2015-09-30,-989457507.42,48952052811.2,50274303021.22,45805421991.47,-1202628659.82,-1175381606.54,-185924099.12,-1001376258.56,4386098114.58,11759069742.98,12534976952.46,42427329202.49,57943526450.76,100370855653.25,55031723016.18,10258461402.19,65290184418.37,35080671234.88,-239031629.33,-1014527856.49,2768217194.93,1354332500.8,2015-12-30
2016-03-09,sh.600005,2.99,3.0,2.92,2.97,3.1,60201277.0,178734751.0,3,0.59642,1,-4.1935,-40.347504,0.862262,0.411994,32.012193,0,2015-09-30,-989457507.42,48952052811.2,50274303021.22,45805421991.47,-1202628659.82,-1175381606.54,-185924099.12,-1001376258.56,4386098114.58,11759069742.98,12534976952.46,42427329202.49,57943526450.76,100370855653.25,55031723016.18,10258461402.19,65290184418.37,35080671234.88,-239031629.33,-1014527856.49,2768217194.93,1354332500.8,2015-12-30
2016-03-10,sh.600005,2.98,3.01,2.91,2.93,2.97,34139651.0,100843804.0,3,0.338225,1,-1.3468,-39.804104,0.850649,0.406445,31.581052,0,2015-09-30,-989457507.42,48952052811.2,50274303021.22,45805421991.47,-1202628659.82,-1175381606.54,-185924099.12,-1001376258.56,4386098114.58,11759069742.98,12534976952.46,42427329202.49,57943526450.76,100370855653.25,55031723016.18,10258461402.19,65290184418.37,35080671234.88,-239031629.33,-1014527856.49,2768217194.93,1354332500.8,2015-12-30
2016-03-11,sh.600005,2.89,2.95,2.87,2.92,2.93,23953082.0,69652623.0,3,0.237305,1,-0.3413,-39.668254,0.847746,0.405058,31.473267,0,2015-09-30,-989457507.42,48952052811.2,50274303021.22,45805421991.47,-1202628659.82,-1175381606.54,-185924099.12,-1001376258.56,4386098114.58,11759069742.98,12534976952.46,42427329202.49,57943526450.76,100370855653.25,55031723016.18,10258461402.19,65290184418.37,35080671234.88,-239031629.33,-1014527856.49,2768217194.93,1354332500.8,2015-12-30
2016-03-14,sh.600005,2.94,3.01,2.94,2.98,2.92,38232172.0,113981904.0,3,0.37877,1,2.0548,-40.483355,0.865165,0.413381,32.119978,0,2015-09-30,-989457507.42,48952052811.2,50274303021.22,45805421991.47,-1202628659.82,-1175381606.54,-185924099.12,-1001376258.56,4386098114.58,11759069742.98,12534976952.46,42427329202.49,57943526450.76,100370855653.25,55031723016.18,10258461402.19,65290184418.37,35080671234.88,-239031629.33,-1014527856.49,2768217194.93,1354332500.8,2015-12-30
2016-03-15,sh.600005,2.97,2.98,2.91,2.94,2.98,29601196.0,86883144.0,3,0.293262,1,-1.3423,-39.939954,0.853552,0.407833,31.688837,0,2015-09-30,-989457507.42,48952052811.2,50274303021.22,45805421991.47,-1202628659.82,-1175381606.54,-185924099.12,-1001376258.56,4386098114.58,11759069742.98,12534976952.46,42427329202.49,57943526450.76,100370855653.25,55031723016.18,10258461402.19,65290184418.37,35080671234.88,-239031629.33,-1014527856.49,2768217194.93,1354332500.8,2015-12-30
2016-03-16,sh.600005,2.92,2.95,2.91,2.92,2.94,22666469.0,66317228.0,3,0.224559,1,-0.6803,-39.668254,0.847746,0.405058,31.473267,0,2015-09-30,-989457507.42,48952052811.2,50274303021.22,45805421991.47,-1202628659.82,-1175381606.54,-185924099.12,-1001376258.56,4386098114.58,11759069742.98,12534976952.46,42427329202.49,57943526450.76,100370855653.25,55031723016.18,10258461402.19,65290184418.37,35080671234.88,-239031629.33,-1014527856.49,2768217194.93,1354332500.8,2015-12-30
2016-03-17,sh.600005,2.93,2.97,2.9,2.95,2.92,40347661.0,118505500.0,3,0.399728,1,1.0274,-40.075804,0.856455,0.40922,31.796622,0,2015-09-30,-989457507.42,48952052811.2,50274303021.22,45805421991.47,-1202628659.82,-1175381606.54,-185924099.12,-1001376258.56,4386098114.58,11759069742.98,12534976952.46,42427329202.49,57943526450.76,100370855653.25,55031723016.18,10258461402.19,65290184418.37,35080671234.88,-239031629.33,-1014527856.49,2768217194.93,1354332500.8,2015-12-30
2016-03-18,sh.600005,2.96,3.04,2.94,3.01,2.95,94531187.0,283083104.0,3,0.936529,1,2.0339,-40.890905,0.873875,0.417543,32.443333,0,2015-09-30,-989457507.42,48952052811.2,50274303021.22,45805421991.47,-1202628659.82,-1175381606.54,-185924099.12,-1001376258.56,4386098114.58,11759069742.98,12534976952.46,42427329202.49,57943526450.76,100370855653.25,55031723016.18,10258461402.19,65290184418.37,35080671234.88,-239031629.33,-1014527856.49,2768217194.93,1354332500.8,2015-12-30
2016-03-21,sh.600005,3.03,3.1,3.0,3.09,3.01,92098482.0,280653024.0,3,0.912428,1,2.6578,-41.977707,0.897101,0.42864,33.305614,0,2015-09-30,-989457507.42,48952052811.2,50274303021.22,45805421991.47,-1202628659.82,-1175381606.54,-185924099.12,-1001376258.56,4386098114.58,11759069742.98,12534976952.46,42427329202.49,57943526450.76,100370855653.25,55031723016.18,10258461402.19,65290184418.37,35080671234.88,-239031629.33,-1014527856.49,2768217194.93,1354332500.8,2015-12-30
2016-03-22,sh.600005,3.06,3.07,3.02,3.04,3.09,51860756.0,157968375.0,3,0.513789,1,-1.6181,-41.298456,0.882584,0.421705,32.766689,0,2015-09-30,-989457507.42,48952052811.2,50274303021.22,45805421991.47,-1202628659.82,-1175381606.54,-185924099.12,-1001376258.56,4386098114.58,11759069742.98,12534976952.46,42427329202.49,57943526450.76,100370855653.25,55031723016.18,10258461402.19,65290184418.37,35080671234.88,-239031629.33,-1014527856.49,2768217194.93,1354332500.8,2015-12-30
2016-03-23,sh.600005,3.04,3.07,3.0,3.05,3.04,42312652.0,128297923.0,3,0.419195,1,0.3289,-41.434306,0.885488,0.423092,32.874474,0,2015-09-30,-989457507.42,48952052811.2,50274303021.22,45805421991.47,-1202628659.82,-1175381606.54,-185924099.12,-1001376258.56,4386098114.58,11759069742.98,12534976952.46,42427329202.49,57943526450.76,100370855653.25,55031723016.18,10258461402.19,65290184418.37,35080671234.88,-239031629.33,-1014527856.49,2768217194.93,1354332500.8,2015-12-30
2016-03-24,sh.600005,3.01,3.02,2.95,2.96,3.05,50881263.0,151361582.0,3,0.504085,1,-2.9508,-40.211654,0.859358,0.410607,31.904407,0,2015-09-30,-989457507.42,48952052811.2,50274303021.22,45805421991.47,-1202628659.82,-1175381606.54,-185924099.12,-1001376258.56,4386098114.58,11759069742.98,12534976952.46,42427329202.49,57943526450.76,100370855653.25,55031723016.18,10258461402.19,65290184418.37,35080671234.88,-239031629.33,-1014527856.49,2768217194.93,1354332500.8,2015-12-30
2016-03-25,sh.600005,2.94,2.97,2.92,2.95,2.96,37449089.0,110008836.0,3,0.371012,1,-0.3378,-40.075804,0.856455,0.40922,31.796622,0,2015-09-30,-989457507.42,48952052811.2,50274303021.22,45805421991.47,-1202628659.82,-1175381606.54,-185924099.12,-1001376258.56,4386098114.58,11759069742.98,12534976952.46,42427329202.49,57943526450.76,100370855653.25,55031723016.18,10258461402.19,65290184418.37,35080671234.88,-239031629.33,-1014527856.49,2768217194.93,1354332500.8,2015-12-30
2016-03-28,sh.600005,2.96,2.99,2.91,2.92,2.95,33538532.0,98880920.0,3,0.332269,1,-1.0169,-39.668254,0.847746,0.405058,31.473267,0,2015-09-30,-989457507.42,48952052811.2,50274303021.22,45805421991.47,-1202628659.82,-1175381606.54,-185924099.12,-1001376258.56,4386098114.58,11759069742.98,12534976952.46,42427329202.49,57943526450.76,100370855653.25,55031723016.18,10258461402.19,65290184418.37,35080671234.88,-239031629.33,-1014527856.49,2768217194.93,1354332500.8,2015-12-30
2016-03-29,sh.600005,2.91,2.93,2.83,2.86,2.92,48376267.0,138725311.0,3,0.479268,1,-2.0548,-38.853152,0.830326,0.396735,30.826556,0,2015-09-30,-989457507.42,48952052811.2,50274303021.22,45805421991.47,-1202628659.82,-1175381606.54,-185924099.12,-1001376258.56,4386098114.58,11759069742.98,12534976952.46,42427329202.49,57943526450.76,100370855653.25,55031723016.18,10258461402.19,65290184418.37,35080671234.88,-239031629.33,-1014527856.49,2768217194.93,1354332500.8,2015-12-30
2016-03-30,sh.600005,2.88,2.92,2.86,2.92,2.86,51226559.0,148139851.0,3,0.507506,1,2.0979,-39.668254,0.847746,0.405058,31.473267,0,2015-09-30,-989457507.42,48952052811.2,50274303021.22,45805421991.47,-1202628659.82,-1175381606.54,-185924099.12,-1001376258.56,4386098114.58,11759069742.98,12534976952.46,42427329202.49,57943526450.76,100370855653.25,55031723016.18,10258461402.19,65290184418.37,35080671234.88,-239031629.33,-1014527856.49,2768217194.93,1354332500.8,2015-12-30
2016-03-31,sh.600005,2.91,2.92,2.87,2.91,2.92,41688759.0,120849151.0,3,0.413014,1,-0.3425,-39.532403,0.844842,0.403671,31.365482,0,2015-12-31,-7510636778.03,58338039869.86,66262413467.57,59223471323.83,-7934777085.23,-7879323808.81,-368687030.78,-7514801773.88,4467660420.99,11102200992.0,11050881990.58,36854065438.7,57601776597.06,94455842035.76,52790936196.74,13070978131.96,65861914328.7,28593927707.06,-2699984040.66,-1247347134.06,5259922937.12,1435894807.21,2016-03-31
2016-04-01,sh.600005,2.89,3.08,2.87,3.02,2.91,133455245.0,397862864.0,3,1.322153,1,3.7801,-41.026755,0.876778,0.41893,32.551118,0,2015-12-31,-7510636778.03,58338039869.86,66262413467.57,59223471323.83,-7934777085.23,-7879323808.81,-368687030.78,-7514801773.88,4467660420.99,11102200992.0,11050881990.58,36854065438.7,57601776597.06,94455842035.76,52790936196.74,13070978131.96,65861914328.7,28593927707.06,-2699984040.66,-1247347134.06,5259922937.12,1435894807.21,2016-03-31
2016-04-05,sh.600005,2.99,3.06,2.95,3.03,3.02,98276418.0,295779056.0,3,0.973633,1,0.3311,-41.162606,0.879681,0.420317,32.658903,0,2015-12-31,-7510636778.03,58338039869.86,66262413467.57,59223471323.83,-7934777085.23,-7879323808.81,-368687030.78,-7514801773.88,4467660420.99,11102200992.0,11050881990.58,36854065438.7,57601776597.06,94455842035.76,52790936196.74,13070978131.96,65861914328.7,28593927707.06,-2699984040.66,-1247347134.06,5259922937.12,1435894807.21,2016-03-31
2016-04-06,sh.600005,3.01,3.11,3.0,3.07,3.03,105576316.0,323556144.0,3,1.045954,1,1.3201,-41.706006,0.891294,0.425866,33.090044,0,2015-12-31,-7510636778.03,58338039869.86,66262413467.57,59223471323.83,-7934777085.23,-7879323808.81,-368687030.78,-7514801773.88,4467660420.99,11102200992.0,11050881990.58,36854065438.7,57601776597.06,94455842035.76,52790936196.74,13070978131.96,65861914328.7,28593927707.06,-2699984040.66,-1247347134.06,5259922937.12,1435894807.21,2016-03-31
2016-04-07,sh.600005,3.07,3.18,3.06,3.08,3.07,133535865.0,415938528.0,3,1.322952,1,0.3257,-41.841857,0.894197,0.427253,33.197829,0,2015-12-31,-7510636778.03,58338039869.86,66262413467.57,59223471323.83,-7934777085.23,-7879323808.81,-368687030.78,-7514801773.88,4467660420.99,11102200992.0,11050881990.58,36854065438.7,57601776597.06,94455842035.76,52790936196.74,13070978131.96,65861914328.7,28593927707.06,-2699984040.66,-1247347134.06,5259922937.12,1435894807.21,2016-03-31
2016-04-08,sh.600005,3.05,3.22,3.03,3.17,3.08,183153364.0,578850880.0,3,1.814517,1,2.9221,-43.064508,0.920326,0.439738,34.167896,0,2015-12-31,-7510636778.03,58338039869.86,66262413467.57,59223471323.83,-7934777085.23,-7879323808.81,-368687030.78,-7514801773.88,4467660420.99,11102200992.0,11050881990.58,36854065438.7,57601776597.06,94455842035.76,52790936196.74,13070978131.96,65861914328.7,28593927707.06,-2699984040.66,-1247347134.06,5259922937.12,1435894807.21,2016-03-31
2016-04-11,sh.600005,3.25,3.49,3.25,3.49,3.17,166649741.0,574511552.0,3,1.651014,1,10.0946,-47.411714,1.01323,0.484128,37.617021,0,2015-12-31,-7510636778.03,58338039869.86,66262413467.57,59223471323.83,-7934777085.23,-7879323808.81,-368687030.78,-7514801773.88,4467660420.99,11102200992.0,11050881990.58,36854065438.7,57601776597.06,94455842035.76,52790936196.74,13070978131.96,65861914328.7,28593927707.06,-2699984040.66,-1247347134.06,5259922937.12,1435894807.21,2016-03-31
2016-04-12,sh.600005,3.53,3.8,3.44,3.58,3.49,354468896.0,1271217616.0,3,3.511756,1,2.5788,-48.634366,1.039359,0.496613,38.587087,0,2015-12-31,-7510636778.03,58338039869.86,66262413467.57,59223471323.83,-7934777085.23,-7879323808.81,-368687030.78,-7514801773.88,4467660420.99,11102200992.0,11050881990.58,36854065438.7,57601776597.06,94455842035.76,52790936196.74,13070978131.96,65861914328.7,28593927707.06,-2699984040.66,-1247347134.06,5259922937.12,1435894807.21,2016-03-31
2016-04-13,sh.600005,3.61,3.78,3.58,3.64,3.58,309282432.0,1139159888.0,3,3.064089,1,1.676,-49.449467,1.056779,0.504936,39.233798,0,2015-12-31,-7510636778.03,58338039869.86,66262413467.57,59223471323.83,-7934777085.23,-7879323808.81,-368687030.78,-7514801773.88,4467660420.99,11102200992.0,11050881990.58,36854065438.7,57601776597.06,94455842035.76,52790936196.74,13070978131.96,65861914328.7,28593927707.06,-2699984040.66,-1247347134.06,5259922937.12,1435894807.21,2016-03-31
2016-04-14,sh.600005,3.63,3.65,3.51,3.61,3.64,129526321.0,463240384.0,3,1.283229,1,-0.8242,-49.041916,1.048069,0.500774,38.910443,0,2015-12-31,-7510636778.03,58338039869.86,66262413467.57,59223471323.83,-7934777085.23,-7879323808.81,-368687030.78,-7514801773.88,4467660420.99,11102200992.0,11050881990.58,36854065438.7,57601776597.06,94455842035.76,52790936196.74,13070978131.96,65861914328.7,28593927707.06,-2699984040.66,-1247347134.06,5259922937.12,1435894807.21,2016-03-31
2016-04-15,sh.600005,3.57,3.57,3.47,3.55,3.61,115318021.0,405418832.0,3,1.142466,1,-1.662,-48.226815,1.03065,0.492451,38.263732,0,2015-12-31,-7510636778.03,58338039869.86,66262413467.57,59223471323.83,-7934777085.23,-7879323808.81,-368687030.78,-7514801773.88,4467660420.99,11102200992.0,11050881990.58,36854065438.7,57601776597.06,94455842035.76,52790936196.74,13070978131.96,65861914328.7,28593927707.06,-2699984040.66,-1247347134.06,5259922937.12,1435894807.21,2016-03-31
2016-04-18,sh.600005,3.55,3.64,3.49,3.61,3.55,152313269.0,544524480.0,3,1.508981,1,1.6901,-49.041916,1.048069,0.500774,38.910443,0,2015-12-31,-7510636778.03,58338039869.86,66262413467.57,59223471323.83,-7934777085.23,-7879323808.81,-368687030.78,-7514801773.88,4467660420.99,11102200992.0,11050881990.58,36854065438.7,57601776597.06,94455842035.76,52790936196.74,13070978131.96,65861914328.7,28593927707.06,-2699984040.66,-1247347134.06,5259922937.12,1435894807.21,2016-03-31
2016-04-19,sh.600005,3.6,3.62,3.48,3.6,3.61,111066639.0,393552032.0,3,1.100347,1,-0.277,-48.906066,1.045166,0.499387,38.802658,0,2015-12-31,-7510636778.03,58338039869.86,66262413467.57,59223471323.83,-7934777085.23,-7879323808.81,-368687030.78,-7514801773.88,4467660420.99,11102200992.0,11050881990.58,36854065438.7,57601776597.06,94455842035.76,52790936196.74,13070978131.96,65861914328.7,28593927707.06,-2699984040.66,-1247347134.06,5259922937.12,1435894807.21,2016-03-31
2016-04-20,sh.600005,3.7,3.75,3.36,3.47,3.6,138372601.0,490799520.0,3,1.37087,1,-3.6111,-47.140014,1.007424,0.481354,37.401451,0,2015-12-31,-7510636778.03,58338039869.86,66262413467.57,59223471323.83,-7934777085.23,-7879323808.81,-368687030.78,-7514801773.88,4467660420.99,11102200992.0,11050881990.58,36854065438.7,57601776597.06,94455842035.76,52790936196.74,13070978131.96,65861914328.7,28593927707.06,-2699984040.66,-1247347134.06,5259922937.12,1435894807.21,2016-03-31
2016-04-21,sh.600005,3.48,3.62,3.47,3.51,3.47,158194581.0,561592640.0,3,1.567248,1,1.1527,-47.683414,1.019037,0.486902,37.832591,0,2015-12-31,-7510636778.03,58338039869.86,66262413467.57,59223471323.83,-7934777085.23,-7879323808.81,-368687030.78,-7514801773.88,4467660420.99,11102200992.0,11050881990.58,36854065438.7,57601776597.06,94455842035.76,52790936196.74,13070978131.96,65861914328.7,28593927707.06,-2699984040.66,-1247347134.06,5259922937.12,1435894807.21,2016-03-31
2016-04-22,sh.600005,3.4,3.45,3.31,3.43,3.51,108474581.0,367151232.0,3,1.074668,1,-2.2792,-46.596613,0.995811,0.475805,36.97031,0,2015-12-31,-7510636778.03,58338039869.86,66262413467.57,59223471323.83,-7934777085.23,-7879323808.81,-368687030.78,-7514801773.88,4467660420.99,11102200992.0,11050881990.58,36854065438.7,57601776597.06,94455842035.76,52790936196.74,13070978131.96,65861914328.7,28593927707.06,-2699984040.66,-1247347134.06,5259922937.12,1435894807.21,2016-03-31
2016-04-25,sh.600005,3.39,3.56,3.34,3.46,3.43,73430552.0,254535798.0,3,0.727483,1,0.8746,-47.004163,1.00452,0.479966,37.293665,0,2015-12-31,-7510636778.03,58338039869.86,66262413467.57,59223471323.83,-7934777085.23,-7879323808.81,-368687030.78,-7514801773.88,4467660420.99,11102200992.0,11050881990.58,36854065438.7,57601776597.06,94455842035.76,52790936196.74,13070978131.96,65861914328.7,28593927707.06,-2699984040.66,-1247347134.06,5259922937.12,1435894807.21,2016-03-31
2016-04-26,sh.600005,3.44,3.49,3.38,3.43,3.46,49849527.0,170354635.0,3,0.493864,1,-0.8671,-4.358409,1.222199,0.645056,31.617979,0,2015-12-31,-7510636778.03,58338039869.86,66262413467.57,59223471323.83,-7934777085.23,-7879323808.81,-368687030.78,-7514801773.88,4467660420.99,11102200992.0,11050881990.58,36854065438.7,57601776597.06,94455842035.76,52790936196.74,13070978131.96,65861914328.7,28593927707.06,-2699984040.66,-1247347134.06,5259922937.12,1435894807.21,2016-03-31
2016-04-27,sh.600005,3.44,3.44,3.35,3.39,3.43,39775898.0,134964224.0,3,0.394063,1,-1.1662,-4.307582,1.207946,0.637534,31.249256,0,2015-12-31,-7510636778.03,58338039869.86,66262413467.57,59223471323.83,-7934777085.23,-7879323808.81,-368687030.78,-7514801773.88,4467660420.99,11102200992.0,11050881990.58,36854065438.7,57601776597.06,94455842035.76,52790936196.74,13070978131.96,65861914328.7,28593927707.06,-2699984040.66,-1247347134.06,5259922937.12,1435894807.21,2016-03-31
2016-04-28,sh.600005,3.38,3.38,3.24,3.32,3.39,63823671.0,210764779.0,3,0.632307,1,-2.0649,-4.218635,1.183003,0.624369,30.603991,0,2015-12-31,-7510636778.03,58338039869.86,66262413467.57,59223471323.83,-7934777085.23,-7879323808.81,-368687030.78,-7514801773.88,4467660420.99,11102200992.0,11050881990.58,36854065438.7,57601776597.06,94455842035.76,52790936196.74,13070978131.96,65861914328.7,28593927707.06,-2699984040.66,-1247347134.06,5259922937.12,1435894807.21,2016-03-31
2016-04-29,sh.600005,3.3,3.38,3.27,3.31,3.32,38750808.0,128537890.0,3,0.383908,1,-0.3012,-4.205928,1.17944,0.622489,30.511811,0,2015-12-31,-7510636778.03,58338039869.86,66262413467.57,59223471323.83,-7934777085.23,-7879323808.81,-368687030.78,-7514801773.88,4467660420.99,11102200992.0,11050881990.58,36854065438.7,57601776597.06,94455842035.76,52790936196.74,13070978131.96,65861914328.7,28593927707.06,-2699984040.66,-1247347134.06,5259922937.12,1435894807.21,2016-03-31
2016-05-03,sh.600005,3.31,3.37,3.27,3.35,3.31,58853840.0,196003304.0,3,0.58307,1,1.2085,-4.256755,1.193693,0.630011,30.880533,0,2015-12-31,-7510636778.03,58338039869.86,66262413467.57,59223471323.83,-7934777085.23,-7879323808.81,-368687030.78,-7514801773.88,4467660420.99,11102200992.0,11050881990.58,36854065438.7,57601776597.06,94455842035.76,52790936196.74,13070978131.96,65861914328.7,28593927707.06,-2699984040.66,-1247347134.06,5259922937.12,1435894807.21,2016-03-31
2016-05-04,sh.600005,3.31,3.33,3.25,3.28,3.35,90298147.0,295796672.0,3,0.894592,1,-2.0896,-4.167808,1.16875,0.616847,30.235269,0,2015-12-31,-7510636778.03,58338039869.86,66262413467.57,59223471323.83,-7934777085.23,-7879323808.81,-368687030.78,-7514801773.88,4467660420.99,11102200992.0,11050881990.58,36854065438.7,57601776597.06,94455842035.76,52790936196.74,13070978131.96,65861914328.7,28593927707.06,-2699984040.66,-1247347134.06,5259922937.12,1435894807.21,2016-03-31
2016-05-05,sh.600005,3.26,3.27,3.19,3.25,3.28,69661534.0,224566643.0,3,0.690143,1,-0.9146,-4.129688,1.15806,0.611205,29.958727,0,2015-12-31,-7510636778.03,58338039869.86,66262413467.57,59223471323.83,-7934777085.23,-7879323808.81,-368687030.78,-7514801773.88,4467660420.99,11102200992.0,11050881990.58,36854065438.7,57601776597.06,94455842035.76,52790936196.74,13070978131.96,65861914328.7,28593927707.06,-2699984040.66,-1247347134.06,5259922937.12,1435894807.21,2016-03-31
2016-05-06,sh.600005,3.24,3.24,3.09,3.1,3.25,79980842.0,252485652.0,3,0.792378,1,-4.6154,-3.939087,1.104611,0.582996,28.576016,0,2015-12-31,-7510636778.03,58338039869.86,66262413467.57,59223471323.83,-7934777085.23,-7879323808.81,-368687030.78,-7514801773.88,4467660420.99,11102200992.0,11050881990.58,36854065438.7,57601776597.06,94455842035.76,52790936196.74,13070978131.96,65861914328.7,28593927707.06,-2699984040.66,-1247347134.06,5259922937.12,1435894807.21,2016-03-31
2016-05-09,sh.600005,3.05,3.07,2.86,2.89,3.1,96844693.0,284942304.0,3,0.959449,1,-6.7742,-3.672246,1.029783,0.543502,26.640221,0,2015-12-31,-7510636778.03,58338039869.86,66262413467.57,59223471323.83,-7934777085.23,-7879323808.81,-368687030.78,-7514801773.88,4467660420.99,11102200992.0,11050881990.58,36854065438.7,57601776597.06,94455842035.76,52790936196.74,13070978131.96,65861914328.7,28593927707.06,-2699984040.66,-1247347134.06,5259922937.12,1435894807.21,2016-03-31
2016-05-10,sh.600005,2.88,2.91,2.84,2.9,2.89,68719028.0,197622467.0,3,0.680806,1,0.346,-3.684952,1.033346,0.545383,26.732402,0,2015-12-31,-7510636778.03,58338039869.86,66262413467.57,59223471323.83,-7934777085.23,-7879323808.81,-368687030.78,-7514801773.88,4467660420.99,11102200992.0,11050881990.58,36854065438.7,57601776597.06,94455842035.76,52790936196.74,13070978131.96,65861914328.7,28593927707.06,-2699984040.66,-1247347134.06,5259922937.12,1435894807.21,2016-03-31
2016-05-11,sh.600005,2.91,2.94,2.86,2.89,2.9,45580731.0,131727420.0,3,0.451572,1,-0.3448,-3.672246,1.029783,0.543502,26.640221,0,2015-12-31,-7510636778.03,58338039869.86,66262413467.57,59223471323.83,-7934777085.23,-7879323808.81,-368687030.78,-7514801773.88,4467660420.99,11102200992.0,11050881990.58,36854065438.7,57601776597.06,94455842035.76,52790936196.74,13070978131.96,65861914328.7,28593927707.06,-2699984040.66,-1247347134.06,5259922937.12,1435894807.21,2016-03-31
2016-05-12,sh.600005,2.86,2.99,2.81,2.93,2.89,57925240.0,167641186.0,3,0.573871,1,1.3841,-3.723073,1.044036,0.551025,27.008944,0,2015-12-31,-7510636778.03,58338039869.86,66262413467.57,59223471323.83,-7934777085.23,-7879323808.81,-368687030.78,-7514801773.88,4467660420.99,11102200992.0,11050881990.58,36854065438.7,57601776597.06,94455842035.76,52790936196.74,13070978131.96,65861914328.7,28593927707.06,-2699984040.66,-1247347134.06,5259922937.12,1435894807.21,2016-03-31
2016-05-13,sh.600005,2.91,2.98,2.89,2.93,2.93,63263551.0,185927803.0,3,0.626758,1,0.0,-3.723073,1.044036,0.551025,27.008944,0,2015-12-31,-7510636778.03,58338039869.86,66262413467.57,59223471323.83,-7934777085.23,-7879323808.81,-368687030.78,-7514801773.88,4467660420.99,11102200992.0,11050881990.58,36854065438.7,57601776597.06,94455842035.76,52790936196.74,13070978131.96,65861914328.7,28593927707.06,-2699984040.66,-1247347134.06,5259922937.12,1435894807.21,2016-03-31
2016-05-16,sh.600005,2.93,2.93,2.86,2.91,2.93,42894444.0,123847057.0,3,0.424959,1,-0.6826,-3.697659,1.036909,0.547264,26.824583,0,2015-12-31,-7510636778.03,58338039869.86,66262413467.57,59223471323.83,-7934777085.23,-7879323808.81,-368687030.78,-7514801773.88,4467660420.99,11102200992.0,11050881990.58,36854065438.7,57601776597.06,94455842035.76,52790936196.74,13070978131.96,65861914328.7,28593927707.06,-2699984040.66,-1247347134.06,5259922937.12,1435894807.21,2016-03-31
2016-05-17,sh.600005,2.9,3.01,2.9,2.94,2.91,73015641.0,216345303.0,3,0.723373,1,1.0309,-3.735779,1.047599,0.552905,27.101125,0,2015-12-31,-7510636778.03,58338039869.86,66262413467.57,59223471323.83,-7934777085.23,-7879323808.81,-368687030.78,-7514801773.88,4467660420.99,11102200992.0,11050881990.58,36854065438.7,57601776597.06,94455842035.76,52790936196.74,13070978131.96,65861914328.7,28593927707.06,-2699984040.66,-1247347134.06,5259922937.12,1435894807.21,2016-03-31
2016-05-18,sh.600005,2.9,2.91,2.81,2.85,2.94,43811717.0,125307208.0,3,0.434047,1,-3.0612,-3.621419,1.01553,0.53598,26.271499,0,2015-12-31,-7510636778.03,58338039869.86,66262413467.57,59223471323.83,-7934777085.23,-7879323808.81,-368687030.78,-7514801773.88,4467660420.99,11102200992.0,11050881990.58,36854065438.7,57601776597.06,94455842035.76,52790936196.74,13070978131.96,65861914328.7,28593927707.06,-2699984040.66,-1247347134.06,5259922937.12,1435894807.21,2016-03-31
2016-05-19,sh.600005,2.85,2.92,2.84,2.87,2.85,46478073.0,133665260.0,3,0.460463,1,0.7018,-3.646832,1.022656,0.539741,26.45586,0,2015-12-31,-7510636778.03,58338039869.86,66262413467.57,59223471323.83,-7934777085.23,-7879323808.81,-368687030.78,-7514801773.88,4467660420.99,11102200992.0,11050881990.58,36854065438.7,57601776597.06,94455842035.76,52790936196.74,13070978131.96,65861914328.7,28593927707.06,-2699984040.66,-1247347134.06,5259922937.12,1435894807.21,2016-03-31
2016-05-20,sh.600005,2.84,2.87,2.81,2.86,2.87,30932906.0,87844181.0,3,0.306455,1,-0.3484,-3.634125,1.019093,0.53786,26.363679,0,2015-12-31,-7510636778.03,58338039869.86,66262413467.57,59223471323.83,-7934777085.23,-7879323808.81,-368687030.78,-7514801773.88,4467660420.99,11102200992.0,11050881990.58,36854065438.7,57601776597.06,94455842035.76,52790936196.74,13070978131.96,65861914328.7,28593927707.06,-2699984040.66,-1247347134.06,5259922937.12,1435894807.21,2016-03-31
2016-05-23,sh.600005,2.9,2.91,2.86,2.89,2.86,45608795.0,131613154.0,3,0.451851,1,1.049,-3.672246,1.029783,0.543502,26.640221,0,2015-12-31,-7510636778.03,58338039869.86,66262413467.57,59223471323.83,-7934777085.23,-7879323808.81,-368687030.78,-7514801773.88,4467660420.99,11102200992.0,11050881990.58,36854065438.7,57601776597.06,94455842035.76,52790936196.74,13070978131.96,65861914328.7,28593927707.06,-2699984040.66,-1247347134.06,5259922937.12,1435894807.21,2016-03-31
2016-05-24,sh.600005,2.89,2.9,2.83,2.86,2.89,35603016.0,101408845.0,3,0.352722,1,-1.0381,-3.634125,1.019093,0.53786,26.363679,0,2015-12-31,-7510636778.03,58338039869.86,66262413467.57,59223471323.83,-7934777085.23,-7879323808.81,-368687030.78,-7514801773.88,4467660420.99,11102200992.0,11050881990.58,36854065438.7,57601776597.06,94455842035.76,52790936196.74,13070978131.96,65861914328.7,28593927707.06,-2699984040.66,-1247347134.06,5259922937.12,1435894807.21,2016-03-31
2016-05-25,sh.600005,2.88,2.9,2.84,2.86,2.86,32629699.0,93626347.0,3,0.323265,1,0.0,-3.634125,1.019093,0.53786,26.363679,0,2015-12-31,-7510636778.03,58338039869.86,66262413467.57,59223471323.83,-7934777085.23,-7879323808.81,-368687030.78,-7514801773.88,4467660420.99,11102200992.0,11050881990.58,36854065438.7,57601776597.06,94455842035.76,52790936196.74,13070978131.96,65861914328.7,28593927707.06,-2699984040.66,-1247347134.06,5259922937.12,1435894807.21,2016-03-31
2016-05-26,sh.600005,2.87,2.88,2.82,2.86,2.86,38968804.0,111047435.0,3,0.386068,1,0.0,-3.634125,1.019093,0.53786,26.363679,0,2015-12-31,-7510636778.03,58338039869.86,66262413467.57,59223471323.83,-7934777085.23,-7879323808.81,-368687030.78,-7514801773.88,4467660420.99,11102200992.0,11050881990.58,36854065438.7,57601776597.06,94455842035.76,52790936196.74,13070978131.96,65861914328.7,28593927707.06,-2699984040.66,-1247347134.06,5259922937.12,1435894807.21,2016-03-31
2016-05-27,sh.600005,2.86,2.94,2.82,2.88,2.86,67963653.0,194863810.0,3,0.673322,1,0.6993,-3.659539,1.026219,0.541622,26.548041,0,2015-12-31,-7510636778.03,58338039869.86,66262413467.57,59223471323.83,-7934777085.23,-7879323808.81,-368687030.78,-7514801773.88,4467660420.99,11102200992.0,11050881990.58,36854065438.7,57601776597.06,94455842035.76,52790936196.74,13070978131.96,65861914328.7,28593927707.06,-2699984040.66,-1247347134.06,5259922937.12,1435894807.21,2016-03-31
2016-05-30,sh.600005,2.85,2.86,2.82,2.84,2.88,46027131.0,130706754.0,3,0.455995,1,-1.3889,-3.608712,1.011966,0.534099,26.179318,0,2015-12-31,-7510636778.03,58338039869.86,66262413467.57,59223471323.83,-7934777085.23,-7879323808.81,-368687030.78,-7514801773.88,4467660420.99,11102200992.0,11050881990.58,36854065438.7,57601776597.06,94455842035.76,52790936196.74,13070978131.96,65861914328.7,28593927707.06,-2699984040.66,-1247347134.06,5259922937.12,1435894807.21,2016-03-31
2016-05-31,sh.600005,2.85,2.93,2.84,2.93,2.84,74412117.0,215643999.0,3,0.737208,1,3.169,-3.723073,1.044036,0.551025,27.008944,0,2015-12-31,-7510636778.03,58338039869.86,66262413467.57,59223471323.83,-7934777085.23,-7879323808.81,-368687030.78,-7514801773.88,4467660420.99,11102200992.0,11050881990.58,36854065438.7,57601776597.06,94455842035.76,52790936196.74,13070978131.96,65861914328.7,28593927707.06,-2699984040.66,-1247347134.06,5259922937.12,1435894807.21,2016-03-31
2016-06-01,sh.600005,2.91,2.95,2.9,2.92,2.93,54498500.0,159152060.0,3,0.539922,1,-0.3413,-3.710366,1.040472,0.549144,26.916763,0,2015-12-31,-7510636778.03,58338039869.86,66262413467.57,59223471323.83,-7934777085.23,-7879323808.81,-368687030.78,-7514801773.88,4467660420.99,11102200992.0,11050881990.58,36854065438.7,57601776597.06,94455842035.76,52790936196.74,13070978131.96,65861914328.7,28593927707.06,-2699984040.66,-1247347134.06,5259922937.12,1435894807.21,2016-03-31
2016-06-02,sh.600005,2.91,2.93,2.9,2.93,2.92,39792286.0,116114552.0,3,0.394226,1,0.3425,-3.723073,1.044036,0.551025,27.008944,0,2015-12-31,-7510636778.03,58338039869.86,66262413467.57,59223471323.83,-7934777085.23,-7879323808.81,-368687030.78,-7514801773.88,4467660420.99,11102200992.0,11050881990.58,36854065438.7,57601776597.06,94455842035.76,52790936196.74,13070978131.96,65861914328.7,28593927707.06,-2699984040.66,-1247347134.06,5259922937.12,1435894807.21,2016-03-31
2016-06-03,sh.600005,2.93,2.93,2.88,2.92,2.93,45265476.0,131706079.0,3,0.448449,1,-0.3413,-3.710366,1.040472,0.549144,26.916763,0,2015-12-31,-7510636778.03,58338039869.86,66262413467.57,59223471323.83,-7934777085.23,-7879323808.81,-368687030.78,-7514801773.88,4467660420.99,11102200992.0,11050881990.58,36854065438.7,57601776597.06,94455842035.76,52790936196.74,13070978131.96,65861914328.7,28593927707.06,-2699984040.66,-1247347134.06,5259922937.12,1435894807.21,2016-03-31
2016-06-06,sh.600005,2.91,2.94,2.9,2.93,2.92,43934944.0,128064792.0,3,0.435268,1,0.3425,-3.723073,1.044036,0.551025,27.008944,0,2015-12-31,-7510636778.03,58338039869.86,66262413467.57,59223471323.83,-7934777085.23,-7879323808.81,-368687030.78,-7514801773.88,4467660420.99,11102200992.0,11050881990.58,36854065438.7,57601776597.06,94455842035.76,52790936196.74,13070978131.96,65861914328.7,28593927707.06,-2699984040.66,-1247347134.06,5259922937.12,1435894807.21,2016-03-31
2016-06-07,sh.600005,2.92,2.93,2.89,2.9,2.93,30914729.0,89710022.0,3,0.306275,1,-1.0239,-3.684952,1.033346,0.545383,26.732402,0,2015-12-31,-7510636778.03,58338039869.86,66262413467.57,59223471323.83,-7934777085.23,-7879323808.81,-368687030.78,-7514801773.88,4467660420.99,11102200992.0,11050881990.58,36854065438.7,57601776597.06,94455842035.76,52790936196.74,13070978131.96,65861914328.7,28593927707.06,-2699984040.66,-1247347134.06,5259922937.12,1435894807.21,2016-03-31
2016-06-08,sh.600005,2.9,2.91,2.86,2.89,2.9,32187012.0,92973638.0,3,0.31888,1,-0.3448,-3.672246,1.029783,0.543502,26.640221,0,2015-12-31,-7510636778.03,58338039869.86,66262413467.57,59223471323.83,-7934777085.23,-7879323808.81,-368687030.78,-7514801773.88,4467660420.99,11102200992.0,11050881990.58,36854065438.7,57601776597.06,94455842035.76,52790936196.74,13070978131.96,65861914328.7,28593927707.06,-2699984040.66,-1247347134.06,5259922937.12,1435894807.21,2016-03-31
2016-06-13,sh.600005,2.86,2.87,2.8,2.81,2.89,40458558.0,115054650.0,3,0.400827,1,-2.7682,-3.570592,1.001277,0.528457,25.902776,0,2015-12-31,-7510636778.03,58338039869.86,66262413467.57,59223471323.83,-7934777085.23,-7879323808.81,-368687030.78,-7514801773.88,4467660420.99,11102200992.0,11050881990.58,36854065438.7,57601776597.06,94455842035.76,52790936196.74,13070978131.96,65861914328.7,28593927707.06,-2699984040.66,-1247347134.06,5259922937.12,1435894807.21,2016-03-31
2016-06-14,sh.600005,2.8,2.82,2.78,2.79,2.81,30757668.0,86017084.0,3,0.304719,1,-0.7117,-3.545178,0.99415,0.524696,25.718414,0,2015-12-31,-7510636778.03,58338039869.86,66262413467.57,59223471323.83,-7934777085.23,-7879323808.81,-368687030.78,-7514801773.88,4467660420.99,11102200992.0,11050881990.58,36854065438.7,57601776597.06,94455842035.76,52790936196.74,13070978131.96,65861914328.7,28593927707.06,-2699984040.66,-1247347134.06,5259922937.12,1435894807.21,2016-03-31
2016-06-15,sh.600005,2.77,2.83,2.76,2.83,2.79,42963778.0,120519807.0,3,0.425646,1,1.4337,-3.596005,1.008403,0.532219,26.087137,0,2015-12-31,-7510636778.03,58338039869.86,66262413467.57,59223471323.83,-7934777085.23,-7879323808.81,-368687030.78,-7514801773.88,4467660420.99,11102200992.0,11050881990.58,36854065438.7,57601776597.06,94455842035.76,52790936196.74,13070978131.96,65861914328.7,28593927707.06,-2699984040.66,-1247347134.06,5259922937.12,1435894807.21,2016-03-31
2016-06-16,sh.600005,2.81,2.85,2.8,2.81,2.83,34373954.0,96803371.0,3,0.340546,1,-0.7067,-3.570592,1.001277,0.528457,25.902776,0,2015-12-31,-7510636778.03,58338039869.86,66262413467.57,59223471323.83,-7934777085.23,-7879323808.81,-368687030.78,-7514801773.88,4467660420.99,11102200992.0,11050881990.58,36854065438.7,57601776597.06,94455842035.76,52790936196.74,13070978131.96,65861914328.7,28593927707.06,-2699984040.66,-1247347134.06,5259922937.12,1435894807.21,2016-03-31
2016-06-17,sh.600005,2.81,2.88,2.8,2.84,2.81,38918801.0,110564458.0,3,0.385572,1,1.0676,-3.608712,1.011966,0.534099,26.179318,0,2015-12-31,-7510636778.03,58338039869.86,66262413467.57,59223471323.83,-7934777085.23,-7879323808.81,-368687030.78,-7514801773.88,4467660420.99,11102200992.0,11050881990.58,36854065438.7,57601776597.06,94455842035.76,52790936196.74,13070978131.96,65861914328.7,28593927707.06,-2699984040.66,-1247347134.06,5259922937.12,1435894807.21,2016-03-31
2016-06-20,sh.600005,2.82,2.83,2.8,2.82,2.84,24434085.0,68746786.0,3,0.242071,1,-0.7042,-3.583299,1.00484,0.530338,25.994957,0,2015-12-31,-7510636778.03,58338039869.86,66262413467.57,59223471323.83,-7934777085.23,-7879323808.81,-368687030.78,-7514801773.88,4467660420.99,11102200992.0,11050881990.58,36854065438.7,57601776597.06,94455842035.76,52790936196.74,13070978131.96,65861914328.7,28593927707.06,-2699984040.66,-1247347134.06,5259922937.12,1435894807.21,2016-03-31
2016-06-21,sh.600005,2.83,2.84,2.77,2.79,2.82,33041252.0,92718609.0,3,0.327343,1,-1.0638,-3.545178,0.99415,0.524696,25.718414,0,2015-12-31,-7510636778.03,58338039869.86,66262413467.57,59223471323.83,-7934777085.23,-7879323808.81,-368687030.78,-7514801773.88,4467660420.99,11102200992.0,11050881990.58,36854065438.7,57601776597.06,94455842035.76,52790936196.74,13070978131.96,65861914328.7,28593927707.06,-2699984040.66,-1247347134.06,5259922937.12,1435894807.21,2016-03-31
2016-06-22,sh.600005,2.79,2.82,2.77,2.82,2.79,28164488.0,79014524.0,3,0.279028,1,1.0753,-3.583299,1.00484,0.530338,25.994957,0,2015-12-31,-7510636778.03,58338039869.86,66262413467.57,59223471323.83,-7934777085.23,-7879323808.81,-368687030.78,-7514801773.88,4467660420.99,11102200992.0,11050881990.58,36854065438.7,57601776597.06,94455842035.76,52790936196.74,13070978131.96,65861914328.7,28593927707.06,-2699984040.66,-1247347134.06,5259922937.12,1435894807.21,2016-03-31
2016-06-23,sh.600005,2.81,2.82,2.79,2.81,2.82,27280154.0,76512447.0,3,0.270267,1,-0.3546,-3.570592,1.001277,0.528457,25.902776,0,2015-12-31,-7510636778.03,58338039869.86,66262413467.57,59223471323.83,-7934777085.23,-7879323808.81,-368687030.78,-7514801773.88,4467660420.99,11102200992.0,11050881990.58,36854065438.7,57601776597.06,94455842035.76,52790936196.74,13070978131.96,65861914328.7,28593927707.06,-2699984040.66,-1247347134.06,5259922937.12,1435894807.21,2016-03-31
2016-06-24,sh.600005,2.8,2.81,2.73,2.76,2.81,46789206.0,129558061.0,3,0.463545,1,-1.7794,-3.507058,0.98346,0.519054,25.441872,0,2015-12-31,-7510636778.03,58338039869.86,66262413467.57,59223471323.83,-7934777085.23,-7879323808.81,-368687030.78,-7514801773.88,4467660420.99,11102200992.0,11050881990.58,36854065438.7,57601776597.06,94455842035.76,52790936196.74,13070978131.96,65861914328.7,28593927707.06,-2699984040.66,-1247347134.06,5259922937.12,1435894807.21,2016-03-31
2016-06-27,sh.600005,2.76,2.76,2.76,2.76,2.76,0.0,0.0,3,,0,0.0,-3.507058,0.98346,0.519054,25.441872,0,2015-12-31,-7510636778.03,58338039869.86,66262413467.57,59223471323.83,-7934777085.23,-7879323808.81,-368687030.78,-7514801773.88,4467660420.99,11102200992.0,11050881990.58,36854065438.7,57601776597.06,94455842035.76,52790936196.74,13070978131.96,65861914328.7,28593927707.06,-2699984040.66,-1247347134.06,5259922937.12,1435894807.21,2016-03-31
2016-06-28,sh.600005,2.76,2.76,2.76,2.76,2.76,0.0,0.0,3,,0,0.0,-3.507058,0.98346,0.519054,25.441872,0,2015-12-31,-7510636778.03,58338039869.86,66262413467.57,59223471323.83,-7934777085.23,-7879323808.81,-368687030.78,-7514801773.88,4467660420.99,11102200992.0,11050881990.58,36854065438.7,57601776597.06,94455842035.76,52790936196.74,13070978131.96,65861914328.7,28593927707.06,-2699984040.66,-1247347134.06,5259922937.12,1435894807.21,2016-03-31
2016-06-29,sh.600005,2.76,2.76,2.76,2.76,2.76,0.0,0.0,3,,0,0.0,-3.507058,0.98346,0.519054,25.441872,0,2015-12-31,-7510636778.03,58338039869.86,66262413467.57,59223471323.83,-7934777085.23,-7879323808.81,-368687030.78,-7514801773.88,4467660420.99,11102200992.0,11050881990.58,36854065438.7,57601776597.06,94455842035.76,52790936196.74,13070978131.96,65861914328.7,28593927707.06,-2699984040.66,-1247347134.06,5259922937.12,1435894807.21,2016-03-31
2016-06-30,sh.600005,2.76,2.76,2.76,2.76,2.76,0.0,0.0,3,,0,0.0,-3.507058,0.98346,0.519054,25.441872,0,2016-03-31,32399277.86,12889619214.62,12801001088.5,11813313971.18,120559585.58,129837604.16,97438326.3,30257813.21,3820689890.19,11797696788.71,12462605696.22,40069436717.54,56781643774.58,96851080492.12,54656104054.95,13561090390.21,68217194445.16,28633886046.96,551670575.32,-176239035.12,-940211161.98,-646970530.8,2016-06-30
2016-07-01,sh.600005,2.76,2.76,2.76,2.76,2.76,0.0,0.0,3,,0,0.0,-3.507058,0.98346,0.519054,25.441872,0,2016-03-31,32399277.86,12889619214.62,12801001088.5,11813313971.18,120559585.58,129837604.16,97438326.3,30257813.21,3820689890.19,11797696788.71,12462605696.22,40069436717.54,56781643774.58,96851080492.12,54656104054.95,13561090390.21,68217194445.16,28633886046.96,551670575.32,-176239035.12,-940211161.98,-646970530.8,2016-06-30
2016-07-04,sh.600005,2.76,2.76,2.76,2.76,2.76,0.0,0.0,3,,0,0.0,-3.507058,0.98346,0.519054,25.441872,0,2016-03-31,32399277.86,12889619214.62,12801001088.5,11813313971.18,120559585.58,129837604.16,97438326.3,30257813.21,3820689890.19,11797696788.71,12462605696.22,40069436717.54,56781643774.58,96851080492.12,54656104054.95,13561090390.21,68217194445.16,28633886046.96,551670575.32,-176239035.12,-940211161.98,-646970530.8,2016-06-30
2016-07-05,sh.600005,2.76,2.76,2.76,2.76,2.76,0.0,0.0,3,,0,0.0,-3.507058,0.98346,0.519054,25.441872,0,2016-03-31,32399277.86,12889619214.62,12801001088.5,11813313971.18,120559585.58,129837604.16,97438326.3,30257813.21,3820689890.19,11797696788.71,12462605696.22,40069436717.54,56781643774.58,96851080492.12,54656104054.95,13561090390.21,68217194445.16,28633886046.96,551670575.32,-176239035.12,-940211161.98,-646970530.8,2016-06-30
2016-07-06,sh.600005,2.76,2.76,2.76,2.76,2.76,0.0,0.0,3,,0,0.0,-3.507058,0.98346,0.519054,25.441872,0,2016-03-31,32399277.86,12889619214.62,12801001088.5,11813313971.18,120559585.58,129837604.16,97438326.3,30257813.21,3820689890.19,11797696788.71,12462605696.22,40069436717.54,56781643774.58,96851080492.12,54656104054.95,13561090390.21,68217194445.16,28633886046.96,551670575.32,-176239035.12,-940211161.98,-646970530.8,2016-06-30
2016-07-07,sh.600005,2.76,2.76,2.76,2.76,2.76,0.0,0.0,3,,0,0.0,-3.507058,0.98346,0.519054,25.441872,0,2016-03-31,32399277.86,12889619214.62,12801001088.5,11813313971.18,120559585.58,129837604.16,97438326.3,30257813.21,3820689890.19,11797696788.71,12462605696.22,40069436717.54,56781643774.58,96851080492.12,54656104054.95,13561090390.21,68217194445.16,28633886046.96,551670575.32,-176239035.12,-940211161.98,-646970530.8,2016-06-30
2016-07-08,sh.600005,2.76,2.76,2.76,2.76,2.76,0.0,0.0,3,,0,0.0,-3.507058,0.98346,0.519054,25.441872,0,2016-03-31,32399277.86,12889619214.62,12801001088.5,11813313971.18,120559585.58,129837604.16,97438326.3,30257813.21,3820689890.19,11797696788.71,12462605696.22,40069436717.54,56781643774.58,96851080492.12,54656104054.95,13561090390.21,68217194445.16,28633886046.96,551670575.32,-176239035.12,-940211161.98,-646970530.8,2016-06-30
2016-07-11,sh.600005,2.76,2.76,2.76,2.76,2.76,0.0,0.0,3,,0,0.0,-3.507058,0.98346,0.519054,25.441872,0,2016-03-31,32399277.86,12889619214.62,12801001088.5,11813313971.18,120559585.58,129837604.16,97438326.3,30257813.21,3820689890.19,11797696788.71,12462605696.22,40069436717.54,56781643774.58,96851080492.12,54656104054.95,13561090390.21,68217194445.16,28633886046.96,551670575.32,-176239035.12,-940211161.98,-646970530.8,2016-06-30
2016-07-12,sh.600005,2.76,2.76,2.76,2.76,2.76,0.0,0.0,3,,0,0.0,-3.507058,0.98346,0.519054,25.441872,0,2016-03-31,32399277.86,12889619214.62,12801001088.5,11813313971.18,120559585.58,129837604.16,97438326.3,30257813.21,3820689890.19,11797696788.71,12462605696.22,40069436717.54,56781643774.58,96851080492.12,54656104054.95,13561090390.21,68217194445.16,28633886046.96,551670575.32,-176239035.12,-940211161.98,-646970530.8,2016-06-30
2016-07-13,sh.600005,2.76,2.76,2.76,2.76,2.76,0.0,0.0,3,,0,0.0,-3.507058,0.98346,0.519054,25.441872,0,2016-03-31,32399277.86,12889619214.62,12801001088.5,11813313971.18,120559585.58,129837604.16,97438326.3,30257813.21,3820689890.19,11797696788.71,12462605696.22,40069436717.54,56781643774.58,96851080492.12,54656104054.95,13561090390.21,68217194445.16,28633886046.96,551670575.32,-176239035.12,-940211161.98,-646970530.8,2016-06-30
2016-07-14,sh.600005,2.76,2.76,2.76,2.76,2.76,0.0,0.0,3,,0,0.0,-3.507058,0.98346,0.519054,25.441872,0,2016-03-31,32399277.86,12889619214.62,12801001088.5,11813313971.18,120559585.58,129837604.16,97438326.3,30257813.21,3820689890.19,11797696788.71,12462605696.22,40069436717.54,56781643774.58,96851080492.12,54656104054.95,13561090390.21,68217194445.16,28633886046.96,551670575.32,-176239035.12,-940211161.98,-646970530.8,2016-06-30
2016-07-15,sh.600005,2.76,2.76,2.76,2.76,2.76,0.0,0.0,3,,0,0.0,-3.507058,0.98346,0.519054,25.441872,0,2016-03-31,32399277.86,12889619214.62,12801001088.5,11813313971.18,120559585.58,129837604.16,97438326.3,30257813.21,3820689890.19,11797696788.71,12462605696.22,40069436717.54,56781643774.58,96851080492.12,54656104054.95,13561090390.21,68217194445.16,28633886046.96,551670575.32,-176239035.12,-940211161.98,-646970530.8,2016-06-30
2016-07-18,sh.600005,2.76,2.76,2.76,2.76,2.76,0.0,0.0,3,,0,0.0,-3.507058,0.98346,0.519054,25.441872,0,2016-03-31,32399277.86,12889619214.62,12801001088.5,11813313971.18,120559585.58,129837604.16,97438326.3,30257813.21,3820689890.19,11797696788.71,12462605696.22,40069436717.54,56781643774.58,96851080492.12,54656104054.95,13561090390.21,68217194445.16,28633886046.96,551670575.32,-176239035.12,-940211161.98,-646970530.8,2016-06-30
2016-07-19,sh.600005,2.76,2.76,2.76,2.76,2.76,0.0,0.0,3,,0,0.0,-3.507058,0.98346,0.519054,25.441872,0,2016-03-31,32399277.86,12889619214.62,12801001088.5,11813313971.18,120559585.58,129837604.16,97438326.3,30257813.21,3820689890.19,11797696788.71,12462605696.22,40069436717.54,56781643774.58,96851080492.12,54656104054.95,13561090390.21,68217194445.16,28633886046.96,551670575.32,-176239035.12,-940211161.98,-646970530.8,2016-06-30
2016-07-20,sh.600005,2.76,2.76,2.76,2.76,2.76,0.0,0.0,3,,0,0.0,-3.507058,0.98346,0.519054,25.441872,0,2016-03-31,32399277.86,12889619214.62,12801001088.5,11813313971.18,120559585.58,129837604.16,97438326.3,30257813.21,3820689890.19,11797696788.71,12462605696.22,40069436717.54,56781643774.58,96851080492.12,54656104054.95,13561090390.21,68217194445.16,28633886046.96,551670575.32,-176239035.12,-940211161.98,-646970530.8,2016-06-30
2016-07-21,sh.600005,2.76,2.76,2.76,2.76,2.76,0.0,0.0,3,,0,0.0,-3.507058,0.98346,0.519054,25.441872,0,2016-03-31,32399277.86,12889619214.62,12801001088.5,11813313971.18,120559585.58,129837604.16,97438326.3,30257813.21,3820689890.19,11797696788.71,12462605696.22,40069436717.54,56781643774.58,96851080492.12,54656104054.95,13561090390.21,68217194445.16,28633886046.96,551670575.32,-176239035.12,-940211161.98,-646970530.8,2016-06-30
2016-07-22,sh.600005,2.76,2.76,2.76,2.76,2.76,0.0,0.0,3,,0,0.0,-3.507058,0.98346,0.519054,25.441872,0,2016-03-31,32399277.86,12889619214.62,12801001088.5,11813313971.18,120559585.58,129837604.16,97438326.3,30257813.21,3820689890.19,11797696788.71,12462605696.22,40069436717.54,56781643774.58,96851080492.12,54656104054.95,13561090390.21,68217194445.16,28633886046.96,551670575.32,-176239035.12,-940211161.98,-646970530.8,2016-06-30
2016-07-25,sh.600005,2.76,2.76,2.76,2.76,2.76,0.0,0.0,3,,0,0.0,-3.507058,0.98346,0.519054,25.441872,0,2016-03-31,32399277.86,12889619214.62,12801001088.5,11813313971.18,120559585.58,129837604.16,97438326.3,30257813.21,3820689890.19,11797696788.71,12462605696.22,40069436717.54,56781643774.58,96851080492.12,54656104054.95,13561090390.21,68217194445.16,28633886046.96,551670575.32,-176239035.12,-940211161.98,-646970530.8,2016-06-30
2016-07-26,sh.600005,2.76,2.76,2.76,2.76,2.76,0.0,0.0,3,,0,0.0,-3.507058,0.98346,0.519054,25.441872,0,2016-03-31,32399277.86,12889619214.62,12801001088.5,11813313971.18,120559585.58,129837604.16,97438326.3,30257813.21,3820689890.19,11797696788.71,12462605696.22,40069436717.54,56781643774.58,96851080492.12,54656104054.95,13561090390.21,68217194445.16,28633886046.96,551670575.32,-176239035.12,-940211161.98,-646970530.8,2016-06-30
2016-07-27,sh.600005,2.76,2.76,2.76,2.76,2.76,0.0,0.0,3,,0,0.0,-3.507058,0.98346,0.519054,25.441872,0,2016-03-31,32399277.86,12889619214.62,12801001088.5,11813313971.18,120559585.58,129837604.16,97438326.3,30257813.21,3820689890.19,11797696788.71,12462605696.22,40069436717.54,56781643774.58,96851080492.12,54656104054.95,13561090390.21,68217194445.16,28633886046.96,551670575.32,-176239035.12,-940211161.98,-646970530.8,2016-06-30
2016-07-28,sh.600005,2.76,2.76,2.76,2.76,2.76,0.0,0.0,3,,0,0.0,-3.507058,0.98346,0.519054,25.441872,0,2016-03-31,32399277.86,12889619214.62,12801001088.5,11813313971.18,120559585.58,129837604.16,97438326.3,30257813.21,3820689890.19,11797696788.71,12462605696.22,40069436717.54,56781643774.58,96851080492.12,54656104054.95,13561090390.21,68217194445.16,28633886046.96,551670575.32,-176239035.12,-940211161.98,-646970530.8,2016-06-30
2016-07-29,sh.600005,2.76,2.76,2.76,2.76,2.76,0.0,0.0,3,,0,0.0,-3.507058,0.98346,0.519054,25.441872,0,2016-03-31,32399277.86,12889619214.62,12801001088.5,11813313971.18,120559585.58,129837604.16,97438326.3,30257813.21,3820689890.19,11797696788.71,12462605696.22,40069436717.54,56781643774.58,96851080492.12,54656104054.95,13561090390.21,68217194445.16,28633886046.96,551670575.32,-176239035.12,-940211161.98,-646970530.8,2016-06-30
2016-08-01,sh.600005,2.76,2.76,2.76,2.76,2.76,0.0,0.0,3,,0,0.0,-3.507058,0.98346,0.519054,25.441872,0,2016-03-31,32399277.86,12889619214.62,12801001088.5,11813313971.18,120559585.58,129837604.16,97438326.3,30257813.21,3820689890.19,11797696788.71,12462605696.22,40069436717.54,56781643774.58,96851080492.12,54656104054.95,13561090390.21,68217194445.16,28633886046.96,551670575.32,-176239035.12,-940211161.98,-646970530.8,2016-06-30
2016-08-02,sh.600005,2.76,2.76,2.76,2.76,2.76,0.0,0.0,3,,0,0.0,-3.507058,0.98346,0.519054,25.441872,0,2016-03-31,32399277.86,12889619214.62,12801001088.5,11813313971.18,120559585.58,129837604.16,97438326.3,30257813.21,3820689890.19,11797696788.71,12462605696.22,40069436717.54,56781643774.58,96851080492.12,54656104054.95,13561090390.21,68217194445.16,28633886046.96,551670575.32,-176239035.12,-940211161.98,-646970530.8,2016-06-30
2016-08-03,sh.600005,2.76,2.76,2.76,2.76,2.76,0.0,0.0,3,,0,0.0,-3.507058,0.98346,0.519054,25.441872,0,2016-03-31,32399277.86,12889619214.62,12801001088.5,11813313971.18,120559585.58,129837604.16,97438326.3,30257813.21,3820689890.19,11797696788.71,12462605696.22,40069436717.54,56781643774.58,96851080492.12,54656104054.95,13561090390.21,68217194445.16,28633886046.96,551670575.32,-176239035.12,-940211161.98,-646970530.8,2016-06-30
2016-08-04,sh.600005,2.76,2.76,2.76,2.76,2.76,0.0,0.0,3,,0,0.0,-3.507058,0.98346,0.519054,25.441872,0,2016-03-31,32399277.86,12889619214.62,12801001088.5,11813313971.18,120559585.58,129837604.16,97438326.3,30257813.21,3820689890.19,11797696788.71,12462605696.22,40069436717.54,56781643774.58,96851080492.12,54656104054.95,13561090390.21,68217194445.16,28633886046.96,551670575.32,-176239035.12,-940211161.98,-646970530.8,2016-06-30
2016-08-05,sh.600005,2.76,2.76,2.76,2.76,2.76,0.0,0.0,3,,0,0.0,-3.507058,0.98346,0.519054,25.441872,0,2016-03-31,32399277.86,12889619214.62,12801001088.5,11813313971.18,120559585.58,129837604.16,97438326.3,30257813.21,3820689890.19,11797696788.71,12462605696.22,40069436717.54,56781643774.58,96851080492.12,54656104054.95,13561090390.21,68217194445.16,28633886046.96,551670575.32,-176239035.12,-940211161.98,-646970530.8,2016-06-30
2016-08-08,sh.600005,2.76,2.76,2.76,2.76,2.76,0.0,0.0,3,,0,0.0,-3.507058,0.98346,0.519054,25.441872,0,2016-03-31,32399277.86,12889619214.62,12801001088.5,11813313971.18,120559585.58,129837604.16,97438326.3,30257813.21,3820689890.19,11797696788.71,12462605696.22,40069436717.54,56781643774.58,96851080492.12,54656104054.95,13561090390.21,68217194445.16,28633886046.96,551670575.32,-176239035.12,-940211161.98,-646970530.8,2016-06-30
2016-08-09,sh.600005,2.76,2.76,2.76,2.76,2.76,0.0,0.0,3,,0,0.0,-3.507058,0.98346,0.519054,25.441872,0,2016-03-31,32399277.86,12889619214.62,12801001088.5,11813313971.18,120559585.58,129837604.16,97438326.3,30257813.21,3820689890.19,11797696788.71,12462605696.22,40069436717.54,56781643774.58,96851080492.12,54656104054.95,13561090390.21,68217194445.16,28633886046.96,551670575.32,-176239035.12,-940211161.98,-646970530.8,2016-06-30
2016-08-10,sh.600005,2.76,2.76,2.76,2.76,2.76,0.0,0.0,3,,0,0.0,-3.507058,0.98346,0.519054,25.441872,0,2016-03-31,32399277.86,12889619214.62,12801001088.5,11813313971.18,120559585.58,129837604.16,97438326.3,30257813.21,3820689890.19,11797696788.71,12462605696.22,40069436717.54,56781643774.58,96851080492.12,54656104054.95,13561090390.21,68217194445.16,28633886046.96,551670575.32,-176239035.12,-940211161.98,-646970530.8,2016-06-30
2016-08-11,sh.600005,2.76,2.76,2.76,2.76,2.76,0.0,0.0,3,,0,0.0,-3.507058,0.98346,0.519054,25.441872,0,2016-03-31,32399277.86,12889619214.62,12801001088.5,11813313971.18,120559585.58,129837604.16,97438326.3,30257813.21,3820689890.19,11797696788.71,12462605696.22,40069436717.54,56781643774.58,96851080492.12,54656104054.95,13561090390.21,68217194445.16,28633886046.96,551670575.32,-176239035.12,-940211161.98,-646970530.8,2016-06-30
2016-08-12,sh.600005,2.76,2.76,2.76,2.76,2.76,0.0,0.0,3,,0,0.0,-3.507058,0.98346,0.519054,25.441872,0,2016-03-31,32399277.86,12889619214.62,12801001088.5,11813313971.18,120559585.58,129837604.16,97438326.3,30257813.21,3820689890.19,11797696788.71,12462605696.22,40069436717.54,56781643774.58,96851080492.12,54656104054.95,13561090390.21,68217194445.16,28633886046.96,551670575.32,-176239035.12,-940211161.98,-646970530.8,2016-06-30
2016-08-15,sh.600005,2.76,2.76,2.76,2.76,2.76,0.0,0.0,3,,0,0.0,-3.507058,0.98346,0.519054,25.441872,0,2016-03-31,32399277.86,12889619214.62,12801001088.5,11813313971.18,120559585.58,129837604.16,97438326.3,30257813.21,3820689890.19,11797696788.71,12462605696.22,40069436717.54,56781643774.58,96851080492.12,54656104054.95,13561090390.21,68217194445.16,28633886046.96,551670575.32,-176239035.12,-940211161.98,-646970530.8,2016-06-30
2016-08-16,sh.600005,2.76,2.76,2.76,2.76,2.76,0.0,0.0,3,,0,0.0,-3.507058,0.98346,0.519054,25.441872,0,2016-03-31,32399277.86,12889619214.62,12801001088.5,11813313971.18,120559585.58,129837604.16,97438326.3,30257813.21,3820689890.19,11797696788.71,12462605696.22,40069436717.54,56781643774.58,96851080492.12,54656104054.95,13561090390.21,68217194445.16,28633886046.96,551670575.32,-176239035.12,-940211161.98,-646970530.8,2016-06-30
2016-08-17,sh.600005,2.76,2.76,2.76,2.76,2.76,0.0,0.0,3,,0,0.0,-3.507058,0.98346,0.519054,25.441872,0,2016-03-31,32399277.86,12889619214.62,12801001088.5,11813313971.18,120559585.58,129837604.16,97438326.3,30257813.21,3820689890.19,11797696788.71,12462605696.22,40069436717.54,56781643774.58,96851080492.12,54656104054.95,13561090390.21,68217194445.16,28633886046.96,551670575.32,-176239035.12,-940211161.98,-646970530.8,2016-06-30
2016-08-18,sh.600005,2.76,2.76,2.76,2.76,2.76,0.0,0.0,3,,0,0.0,-3.507058,0.98346,0.519054,25.441872,0,2016-03-31,32399277.86,12889619214.62,12801001088.5,11813313971.18,120559585.58,129837604.16,97438326.3,30257813.21,3820689890.19,11797696788.71,12462605696.22,40069436717.54,56781643774.58,96851080492.12,54656104054.95,13561090390.21,68217194445.16,28633886046.96,551670575.32,-176239035.12,-940211161.98,-646970530.8,2016-06-30
2016-08-19,sh.600005,2.76,2.76,2.76,2.76,2.76,0.0,0.0,3,,0,0.0,-3.507058,0.98346,0.519054,25.441872,0,2016-03-31,32399277.86,12889619214.62,12801001088.5,11813313971.18,120559585.58,129837604.16,97438326.3,30257813.21,3820689890.19,11797696788.71,12462605696.22,40069436717.54,56781643774.58,96851080492.12,54656104054.95,13561090390.21,68217194445.16,28633886046.96,551670575.32,-176239035.12,-940211161.98,-646970530.8,2016-06-30
2016-08-22,sh.600005,2.76,2.76,2.76,2.76,2.76,0.0,0.0,3,,0,0.0,-3.507058,0.98346,0.519054,25.441872,0,2016-03-31,32399277.86,12889619214.62,12801001088.5,11813313971.18,120559585.58,129837604.16,97438326.3,30257813.21,3820689890.19,11797696788.71,12462605696.22,40069436717.54,56781643774.58,96851080492.12,54656104054.95,13561090390.21,68217194445.16,28633886046.96,551670575.32,-176239035.12,-940211161.98,-646970530.8,2016-06-30
2016-08-23,sh.600005,2.76,2.76,2.76,2.76,2.76,0.0,0.0,3,,0,0.0,-3.507058,0.98346,0.519054,25.441872,0,2016-03-31,32399277.86,12889619214.62,12801001088.5,11813313971.18,120559585.58,129837604.16,97438326.3,30257813.21,3820689890.19,11797696788.71,12462605696.22,40069436717.54,56781643774.58,96851080492.12,54656104054.95,13561090390.21,68217194445.16,28633886046.96,551670575.32,-176239035.12,-940211161.98,-646970530.8,2016-06-30
2016-08-24,sh.600005,2.76,2.76,2.76,2.76,2.76,0.0,0.0,3,,0,0.0,-3.507058,0.98346,0.519054,25.441872,0,2016-03-31,32399277.86,12889619214.62,12801001088.5,11813313971.18,120559585.58,129837604.16,97438326.3,30257813.21,3820689890.19,11797696788.71,12462605696.22,40069436717.54,56781643774.58,96851080492.12,54656104054.95,13561090390.21,68217194445.16,28633886046.96,551670575.32,-176239035.12,-940211161.98,-646970530.8,2016-06-30
2016-08-25,sh.600005,2.76,2.76,2.76,2.76,2.76,0.0,0.0,3,,0,0.0,-3.507058,0.98346,0.519054,25.441872,0,2016-03-31,32399277.86,12889619214.62,12801001088.5,11813313971.18,120559585.58,129837604.16,97438326.3,30257813.21,3820689890.19,11797696788.71,12462605696.22,40069436717.54,56781643774.58,96851080492.12,54656104054.95,13561090390.21,68217194445.16,28633886046.96,551670575.32,-176239035.12,-940211161.98,-646970530.8,2016-06-30
2016-08-26,sh.600005,2.76,2.76,2.76,2.76,2.76,0.0,0.0,3,,0,0.0,-3.507058,0.98346,0.519054,25.441872,0,2016-03-31,32399277.86,12889619214.62,12801001088.5,11813313971.18,120559585.58,129837604.16,97438326.3,30257813.21,3820689890.19,11797696788.71,12462605696.22,40069436717.54,56781643774.58,96851080492.12,54656104054.95,13561090390.21,68217194445.16,28633886046.96,551670575.32,-176239035.12,-940211161.98,-646970530.8,2016-06-30
2016-08-29,sh.600005,2.76,2.76,2.76,2.76,2.76,0.0,0.0,3,,0,0.0,-3.507058,0.98346,0.519054,25.441872,0,2016-03-31,32399277.86,12889619214.62,12801001088.5,11813313971.18,120559585.58,129837604.16,97438326.3,30257813.21,3820689890.19,11797696788.71,12462605696.22,40069436717.54,56781643774.58,96851080492.12,54656104054.95,13561090390.21,68217194445.16,28633886046.96,551670575.32,-176239035.12,-940211161.98,-646970530.8,2016-06-30
2016-08-30,sh.600005,2.76,2.76,2.76,2.76,2.76,0.0,0.0,3,,0,0.0,-3.588365,0.971673,0.528939,8.855295,0,2016-03-31,32399277.86,12889619214.62,12801001088.5,11813313971.18,120559585.58,129837604.16,97438326.3,30257813.21,3820689890.19,11797696788.71,12462605696.22,40069436717.54,56781643774.58,96851080492.12,54656104054.95,13561090390.21,68217194445.16,28633886046.96,551670575.32,-176239035.12,-940211161.98,-646970530.8,2016-06-30
2016-08-31,sh.600005,2.76,2.76,2.76,2.76,2.76,0.0,0.0,3,,0,0.0,-3.588365,0.971673,0.528939,8.855295,0,2016-03-31,32399277.86,12889619214.62,12801001088.5,11813313971.18,120559585.58,129837604.16,97438326.3,30257813.21,3820689890.19,11797696788.71,12462605696.22,40069436717.54,56781643774.58,96851080492.12,54656104054.95,13561090390.21,68217194445.16,28633886046.96,551670575.32,-176239035.12,-940211161.98,-646970530.8,2016-06-30
2016-09-01,sh.600005,2.76,2.76,2.76,2.76,2.76,0.0,0.0,3,,0,0.0,-3.588365,0.971673,0.528939,8.855295,0,2016-03-31,32399277.86,12889619214.62,12801001088.5,11813313971.18,120559585.58,129837604.16,97438326.3,30257813.21,3820689890.19,11797696788.71,12462605696.22,40069436717.54,56781643774.58,96851080492.12,54656104054.95,13561090390.21,68217194445.16,28633886046.96,551670575.32,-176239035.12,-940211161.98,-646970530.8,2016-06-30
2016-09-02,sh.600005,2.76,2.76,2.76,2.76,2.76,0.0,0.0,3,,0,0.0,-3.588365,0.971673,0.528939,8.855295,0,2016-03-31,32399277.86,12889619214.62,12801001088.5,11813313971.18,120559585.58,129837604.16,97438326.3,30257813.21,3820689890.19,11797696788.71,12462605696.22,40069436717.54,56781643774.58,96851080492.12,54656104054.95,13561090390.21,68217194445.16,28633886046.96,551670575.32,-176239035.12,-940211161.98,-646970530.8,2016-06-30
2016-09-05,sh.600005,2.76,2.76,2.76,2.76,2.76,0.0,0.0,3,,0,0.0,-3.588365,0.971673,0.528939,8.855295,0,2016-03-31,32399277.86,12889619214.62,12801001088.5,11813313971.18,120559585.58,129837604.16,97438326.3,30257813.21,3820689890.19,11797696788.71,12462605696.22,40069436717.54,56781643774.58,96851080492.12,54656104054.95,13561090390.21,68217194445.16,28633886046.96,551670575.32,-176239035.12,-940211161.98,-646970530.8,2016-06-30
2016-09-06,sh.600005,2.76,2.76,2.76,2.76,2.76,0.0,0.0,3,,0,0.0,-3.588365,0.971673,0.528939,8.855295,0,2016-03-31,32399277.86,12889619214.62,12801001088.5,11813313971.18,120559585.58,129837604.16,97438326.3,30257813.21,3820689890.19,11797696788.71,12462605696.22,40069436717.54,56781643774.58,96851080492.12,54656104054.95,13561090390.21,68217194445.16,28633886046.96,551670575.32,-176239035.12,-940211161.98,-646970530.8,2016-06-30
2016-09-07,sh.600005,2.76,2.76,2.76,2.76,2.76,0.0,0.0,3,,0,0.0,-3.588365,0.971673,0.528939,8.855295,0,2016-03-31,32399277.86,12889619214.62,12801001088.5,11813313971.18,120559585.58,129837604.16,97438326.3,30257813.21,3820689890.19,11797696788.71,12462605696.22,40069436717.54,56781643774.58,96851080492.12,54656104054.95,13561090390.21,68217194445.16,28633886046.96,551670575.32,-176239035.12,-940211161.98,-646970530.8,2016-06-30
2016-09-08,sh.600005,2.76,2.76,2.76,2.76,2.76,0.0,0.0,3,,0,0.0,-3.588365,0.971673,0.528939,8.855295,0,2016-03-31,32399277.86,12889619214.62,12801001088.5,11813313971.18,120559585.58,129837604.16,97438326.3,30257813.21,3820689890.19,11797696788.71,12462605696.22,40069436717.54,56781643774.58,96851080492.12,54656104054.95,13561090390.21,68217194445.16,28633886046.96,551670575.32,-176239035.12,-940211161.98,-646970530.8,2016-06-30
2016-09-09,sh.600005,2.76,2.76,2.76,2.76,2.76,0.0,0.0,3,,0,0.0,-3.588365,0.971673,0.528939,8.855295,0,2016-03-31,32399277.86,12889619214.62,12801001088.5,11813313971.18,120559585.58,129837604.16,97438326.3,30257813.21,3820689890.19,11797696788.71,12462605696.22,40069436717.54,56781643774.58,96851080492.12,54656104054.95,13561090390.21,68217194445.16,28633886046.96,551670575.32,-176239035.12,-940211161.98,-646970530.8,2016-06-30
2016-09-12,sh.600005,2.76,2.76,2.76,2.76,2.76,0.0,0.0,3,,0,0.0,-3.588365,0.971673,0.528939,8.855295,0,2016-03-31,32399277.86,12889619214.62,12801001088.5,11813313971.18,120559585.58,129837604.16,97438326.3,30257813.21,3820689890.19,11797696788.71,12462605696.22,40069436717.54,56781643774.58,96851080492.12,54656104054.95,13561090390.21,68217194445.16,28633886046.96,551670575.32,-176239035.12,-940211161.98,-646970530.8,2016-06-30
2016-09-13,sh.600005,2.76,2.76,2.76,2.76,2.76,0.0,0.0,3,,0,0.0,-3.588365,0.971673,0.528939,8.855295,0,2016-03-31,32399277.86,12889619214.62,12801001088.5,11813313971.18,120559585.58,129837604.16,97438326.3,30257813.21,3820689890.19,11797696788.71,12462605696.22,40069436717.54,56781643774.58,96851080492.12,54656104054.95,13561090390.21,68217194445.16,28633886046.96,551670575.32,-176239035.12,-940211161.98,-646970530.8,2016-06-30
2016-09-14,sh.600005,2.76,2.76,2.76,2.76,2.76,0.0,0.0,3,,0,0.0,-3.588365,0.971673,0.528939,8.855295,0,2016-03-31,32399277.86,12889619214.62,12801001088.5,11813313971.18,120559585.58,129837604.16,97438326.3,30257813.21,3820689890.19,11797696788.71,12462605696.22,40069436717.54,56781643774.58,96851080492.12,54656104054.95,13561090390.21,68217194445.16,28633886046.96,551670575.32,-176239035.12,-940211161.98,-646970530.8,2016-06-30
2016-09-19,sh.600005,2.76,2.76,2.76,2.76,2.76,0.0,0.0,3,,0,0.0,-3.588365,0.971673,0.528939,8.855295,0,2016-03-31,32399277.86,12889619214.62,12801001088.5,11813313971.18,120559585.58,129837604.16,97438326.3,30257813.21,3820689890.19,11797696788.71,12462605696.22,40069436717.54,56781643774.58,96851080492.12,54656104054.95,13561090390.21,68217194445.16,28633886046.96,551670575.32,-176239035.12,-940211161.98,-646970530.8,2016-06-30
2016-09-20,sh.600005,2.76,2.76,2.76,2.76,2.76,0.0,0.0,3,,0,0.0,-3.588365,0.971673,0.528939,8.855295,0,2016-03-31,32399277.86,12889619214.62,12801001088.5,11813313971.18,120559585.58,129837604.16,97438326.3,30257813.21,3820689890.19,11797696788.71,12462605696.22,40069436717.54,56781643774.58,96851080492.12,54656104054.95,13561090390.21,68217194445.16,28633886046.96,551670575.32,-176239035.12,-940211161.98,-646970530.8,2016-06-30
2016-09-21,sh.600005,2.76,2.76,2.76,2.76,2.76,0.0,0.0,3,,0,0.0,-3.588365,0.971673,0.528939,8.855295,0,2016-03-31,32399277.86,12889619214.62,12801001088.5,11813313971.18,120559585.58,129837604.16,97438326.3,30257813.21,3820689890.19,11797696788.71,12462605696.22,40069436717.54,56781643774.58,96851080492.12,54656104054.95,13561090390.21,68217194445.16,28633886046.96,551670575.32,-176239035.12,-940211161.98,-646970530.8,2016-06-30
2016-09-22,sh.600005,2.76,2.76,2.76,2.76,2.76,0.0,0.0,3,,0,0.0,-3.588365,0.971673,0.528939,8.855295,0,2016-03-31,32399277.86,12889619214.62,12801001088.5,11813313971.18,120559585.58,129837604.16,97438326.3,30257813.21,3820689890.19,11797696788.71,12462605696.22,40069436717.54,56781643774.58,96851080492.12,54656104054.95,13561090390.21,68217194445.16,28633886046.96,551670575.32,-176239035.12,-940211161.98,-646970530.8,2016-06-30
2016-09-23,sh.600005,2.76,2.76,2.76,2.76,2.76,0.0,0.0,3,,0,0.0,-3.588365,0.971673,0.528939,8.855295,0,2016-03-31,32399277.86,12889619214.62,12801001088.5,11813313971.18,120559585.58,129837604.16,97438326.3,30257813.21,3820689890.19,11797696788.71,12462605696.22,40069436717.54,56781643774.58,96851080492.12,54656104054.95,13561090390.21,68217194445.16,28633886046.96,551670575.32,-176239035.12,-940211161.98,-646970530.8,2016-06-30
2016-09-26,sh.600005,2.76,2.76,2.76,2.76,2.76,0.0,0.0,3,,0,0.0,-3.588365,0.971673,0.528939,8.855295,0,2016-03-31,32399277.86,12889619214.62,12801001088.5,11813313971.18,120559585.58,129837604.16,97438326.3,30257813.21,3820689890.19,11797696788.71,12462605696.22,40069436717.54,56781643774.58,96851080492.12,54656104054.95,13561090390.21,68217194445.16,28633886046.96,551670575.32,-176239035.12,-940211161.98,-646970530.8,2016-06-30
2016-09-27,sh.600005,2.76,2.76,2.76,2.76,2.76,0.0,0.0,3,,0,0.0,-3.588365,0.971673,0.528939,8.855295,0,2016-03-31,32399277.86,12889619214.62,12801001088.5,11813313971.18,120559585.58,129837604.16,97438326.3,30257813.21,3820689890.19,11797696788.71,12462605696.22,40069436717.54,56781643774.58,96851080492.12,54656104054.95,13561090390.21,68217194445.16,28633886046.96,551670575.32,-176239035.12,-940211161.98,-646970530.8,2016-06-30
2016-09-28,sh.600005,2.76,2.76,2.76,2.76,2.76,0.0,0.0,3,,0,0.0,-3.588365,0.971673,0.528939,8.855295,0,2016-03-31,32399277.86,12889619214.62,12801001088.5,11813313971.18,120559585.58,129837604.16,97438326.3,30257813.21,3820689890.19,11797696788.71,12462605696.22,40069436717.54,56781643774.58,96851080492.12,54656104054.95,13561090390.21,68217194445.16,28633886046.96,551670575.32,-176239035.12,-940211161.98,-646970530.8,2016-06-30
2016-09-29,sh.600005,2.76,2.76,2.76,2.76,2.76,0.0,0.0,3,,0,0.0,-3.588365,0.971673,0.528939,8.855295,0,2016-03-31,32399277.86,12889619214.62,12801001088.5,11813313971.18,120559585.58,129837604.16,97438326.3,30257813.21,3820689890.19,11797696788.71,12462605696.22,40069436717.54,56781643774.58,96851080492.12,54656104054.95,13561090390.21,68217194445.16,28633886046.96,551670575.32,-176239035.12,-940211161.98,-646970530.8,2016-06-30
2016-09-30,sh.600005,2.76,2.76,2.76,2.76,2.76,0.0,0.0,3,,0,0.0,-3.588365,0.971673,0.528939,8.855295,0,2016-06-30,273257210.32,28849549600.67,28303317963.16,26586563881.96,339678656.13,359785663.32,86528453.0,272762179.9,5491270204.23,10267329839.17,12696861712.24,38901223138.51,58460985163.31,97362208301.82,54751479567.81,13637388608.8,68388868176.61,28973340125.21,3151102095.73,-2208888806.71,324936875.7,1023609783.24,2016-09-30
2016-10-10,sh.600005,3.04,3.04,3.04,3.04,2.76,3884596.0,11809172.0,3,0.038485,1,10.14493,-3.952402,1.070249,0.5826,9.753658,0,2016-06-30,273257210.32,28849549600.67,28303317963.16,26586563881.96,339678656.13,359785663.32,86528453.0,272762179.9,5491270204.23,10267329839.17,12696861712.24,38901223138.51,58460985163.31,97362208301.82,54751479567.81,13637388608.8,68388868176.61,28973340125.21,3151102095.73,-2208888806.71,324936875.7,1023609783.24,2016-09-30
2016-10-11,sh.600005,3.34,3.34,3.15,3.34,3.04,352377360.0,1156838880.0,3,3.491035,1,9.86842,-4.342442,1.175866,0.640093,10.71619,0,2016-06-30,273257210.32,28849549600.67,28303317963.16,26586563881.96,339678656.13,359785663.32,86528453.0,272762179.9,5491270204.23,10267329839.17,12696861712.24,38901223138.51,58460985163.31,97362208301.82,54751479567.81,13637388608.8,68388868176.61,28973340125.21,3151102095.73,-2208888806.71,324936875.7,1023609783.24,2016-09-30
2016-10-12,sh.600005,3.3,3.3,3.21,3.24,3.34,157148839.0,511857040.0,3,1.556888,1,-2.994009,-4.212429,1.14066,0.620929,10.395346,0,2016-06-30,273257210.32,28849549600.67,28303317963.16,26586563881.96,339678656.13,359785663.32,86528453.0,272762179.9,5491270204.23,10267329839.17,12696861712.24,38901223138.51,58460985163.31,97362208301.82,54751479567.81,13637388608.8,68388868176.61,28973340125.21,3151102095.73,-2208888806.71,324936875.7,1023609783.24,2016-09-30
2016-10-13,sh.600005,3.22,3.26,3.19,3.24,3.24,89508901.0,288706496.0,3,0.886773,1,0.0,-4.212429,1.14066,0.620929,10.395346,0,2016-06-30,273257210.32,28849549600.67,28303317963.16,26586563881.96,339678656.13,359785663.32,86528453.0,272762179.9,5491270204.23,10267329839.17,12696861712.24,38901223138.51,58460985163.31,97362208301.82,54751479567.81,13637388608.8,68388868176.61,28973340125.21,3151102095.73,-2208888806.71,324936875.7,1023609783.24,2016-09-30
2016-10-14,sh.600005,3.23,3.23,3.13,3.17,3.24,92782218.0,294683472.0,3,0.919202,1,-2.160492,-4.12142,1.116016,0.607514,10.170755,0,2016-06-30,273257210.32,28849549600.67,28303317963.16,26586563881.96,339678656.13,359785663.32,86528453.0,272762179.9,5491270204.23,10267329839.17,12696861712.24,38901223138.51,58460985163.31,97362208301.82,54751479567.81,13637388608.8,68388868176.61,28973340125.21,3151102095.73,-2208888806.71,324936875.7,1023609783.24,2016-09-30
2016-10-17,sh.600005,3.18,3.22,3.14,3.2,3.17,74575724.0,237453089.0,3,0.738829,1,0.946371,-4.160424,1.126578,0.613263,10.267008,0,2016-06-30,273257210.32,28849549600.67,28303317963.16,26586563881.96,339678656.13,359785663.32,86528453.0,272762179.9,5491270204.23,10267329839.17,12696861712.24,38901223138.51,58460985163.31,97362208301.82,54751479567.81,13637388608.8,68388868176.61,28973340125.21,3151102095.73,-2208888806.71,324936875.7,1023609783.24,2016-09-30
2016-10-18,sh.600005,3.17,3.22,3.16,3.21,3.2,83291361.0,266176208.0,3,0.825175,1,0.3125,-4.173425,1.130098,0.615179,10.299093,0,2016-06-30,273257210.32,28849549600.67,28303317963.16,26586563881.96,339678656.13,359785663.32,86528453.0,272762179.9,5491270204.23,10267329839.17,12696861712.24,38901223138.51,58460985163.31,97362208301.82,54751479567.81,13637388608.8,68388868176.61,28973340125.21,3151102095.73,-2208888806.71,324936875.7,1023609783.24,2016-09-30
2016-10-19,sh.600005,3.21,3.27,3.18,3.19,3.21,82240143.0,265145965.0,3,0.814761,1,-0.623052,-4.147422,1.123057,0.611346,10.234924,0,2016-06-30,273257210.32,28849549600.67,28303317963.16,26586563881.96,339678656.13,359785663.32,86528453.0,272762179.9,5491270204.23,10267329839.17,12696861712.24,38901223138.51,58460985163.31,97362208301.82,54751479567.81,13637388608.8,68388868176.61,28973340125.21,3151102095.73,-2208888806.71,324936875.7,1023609783.24,2016-09-30
2016-10-20,sh.600005,3.18,3.19,3.13,3.16,3.19,58897627.0,185896019.0,3,0.583504,1,-0.940438,-4.108418,1.112496,0.605597,10.138671,0,2016-06-30,273257210.32,28849549600.67,28303317963.16,26586563881.96,339678656.13,359785663.32,86528453.0,272762179.9,5491270204.23,10267329839.17,12696861712.24,38901223138.51,58460985163.31,97362208301.82,54751479567.81,13637388608.8,68388868176.61,28973340125.21,3151102095.73,-2208888806.71,324936875.7,1023609783.24,2016-09-30
2016-10-21,sh.600005,3.15,3.16,3.11,3.13,3.16,56622219.0,177482340.0,3,0.560962,1,-0.949366,-4.069414,1.101934,0.599848,10.042417,0,2016-06-30,273257210.32,28849549600.67,28303317963.16,26586563881.96,339678656.13,359785663.32,86528453.0,272762179.9,5491270204.23,10267329839.17,12696861712.24,38901223138.51,58460985163.31,97362208301.82,54751479567.81,13637388608.8,68388868176.61,28973340125.21,3151102095.73,-2208888806.71,324936875.7,1023609783.24,2016-09-30
2016-10-24,sh.600005,3.12,3.18,3.11,3.16,3.13,85536864.0,269940592.0,3,0.847422,1,0.958465,-4.108418,1.112496,0.605597,10.138671,0,2016-06-30,273257210.32,28849549600.67,28303317963.16,26586563881.96,339678656.13,359785663.32,86528453.0,272762179.9,5491270204.23,10267329839.17,12696861712.24,38901223138.51,58460985163.31,97362208301.82,54751479567.81,13637388608.8,68388868176.61,28973340125.21,3151102095.73,-2208888806.71,324936875.7,1023609783.24,2016-09-30
2016-10-25,sh.600005,3.19,3.23,3.17,3.18,3.16,98636503.0,315539520.0,3,0.977201,1,0.632911,-4.134421,1.119537,0.60943,10.202839,0,2016-06-30,273257210.32,28849549600.67,28303317963.16,26586563881.96,339678656.13,359785663.32,86528453.0,272762179.9,5491270204.23,10267329839.17,12696861712.24,38901223138.51,58460985163.31,97362208301.82,54751479567.81,13637388608.8,68388868176.61,28973340125.21,3151102095.73,-2208888806.71,324936875.7,1023609783.24,2016-09-30
2016-10-26,sh.600005,3.18,3.2,3.14,3.2,3.18,75093697.0,237533168.0,3,0.74396,1,0.62893,-4.160424,1.126578,0.613263,10.267008,0,2016-06-30,273257210.32,28849549600.67,28303317963.16,26586563881.96,339678656.13,359785663.32,86528453.0,272762179.9,5491270204.23,10267329839.17,12696861712.24,38901223138.51,58460985163.31,97362208301.82,54751479567.81,13637388608.8,68388868176.61,28973340125.21,3151102095.73,-2208888806.71,324936875.7,1023609783.24,2016-09-30
2016-10-27,sh.600005,3.18,3.19,3.15,3.17,3.2,35294695.0,111762239.0,3,0.349668,1,-0.937499,-4.12142,1.116016,0.607514,10.170755,0,2016-06-30,273257210.32,28849549600.67,28303317963.16,26586563881.96,339678656.13,359785663.32,86528453.0,272762179.9,5491270204.23,10267329839.17,12696861712.24,38901223138.51,58460985163.31,97362208301.82,54751479567.81,13637388608.8,68388868176.61,28973340125.21,3151102095.73,-2208888806.71,324936875.7,1023609783.24,2016-09-30
2016-10-28,sh.600005,3.17,3.18,3.14,3.15,3.17,38942790.0,122895271.0,3,0.38581,1,-0.630914,-4.095417,1.108975,0.603681,10.106586,0,2016-06-30,273257210.32,28849549600.67,28303317963.16,26586563881.96,339678656.13,359785663.32,86528453.0,272762179.9,5491270204.23,10267329839.17,12696861712.24,38901223138.51,58460985163.31,97362208301.82,54751479567.81,13637388608.8,68388868176.61,28973340125.21,3151102095.73,-2208888806.71,324936875.7,1023609783.24,2016-09-30
2016-10-31,sh.600005,3.16,3.16,3.12,3.13,3.15,47454168.0,148635973.0,3,0.470133,1,-0.63492,-5.14289,1.097204,0.604106,10.815905,0,2016-06-30,273257210.32,28849549600.67,28303317963.16,26586563881.96,339678656.13,359785663.32,86528453.0,272762179.9,5491270204.23,10267329839.17,12696861712.24,38901223138.51,58460985163.31,97362208301.82,54751479567.81,13637388608.8,68388868176.61,28973340125.21,3151102095.73,-2208888806.71,324936875.7,1023609783.24,2016-09-30
2016-11-01,sh.600005,3.13,3.14,3.12,3.14,3.13,41204854.0,128852498.0,3,0.40822,1,0.319489,-5.159321,1.10071,0.606036,10.850461,0,2016-06-30,273257210.32,28849549600.67,28303317963.16,26586563881.96,339678656.13,359785663.32,86528453.0,272762179.9,5491270204.23,10267329839.17,12696861712.24,38901223138.51,58460985163.31,97362208301.82,54751479567.81,13637388608.8,68388868176.61,28973340125.21,3151102095.73,-2208888806.71,324936875.7,1023609783.24,2016-09-30
2016-11-02,sh.600005,3.13,3.13,3.07,3.08,3.14,53816092.0,166717423.0,3,0.533161,1,-1.910834,-5.060735,1.079677,0.594456,10.643127,0,2016-06-30,273257210.32,28849549600.67,28303317963.16,26586563881.96,339678656.13,359785663.32,86528453.0,272762179.9,5491270204.23,10267329839.17,12696861712.24,38901223138.51,58460985163.31,97362208301.82,54751479567.81,13637388608.8,68388868176.61,28973340125.21,3151102095.73,-2208888806.71,324936875.7,1023609783.24,2016-09-30
2016-11-03,sh.600005,3.07,3.11,3.05,3.09,3.08,48103134.0,148331969.0,3,0.476562,1,0.324675,-5.077166,1.083183,0.596386,10.677682,0,2016-06-30,273257210.32,28849549600.67,28303317963.16,26586563881.96,339678656.13,359785663.32,86528453.0,272762179.9,5491270204.23,10267329839.17,12696861712.24,38901223138.51,58460985163.31,97362208301.82,54751479567.81,13637388608.8,68388868176.61,28973340125.21,3151102095.73,-2208888806.71,324936875.7,1023609783.24,2016-09-30
2016-11-04,sh.600005,3.08,3.11,3.07,3.09,3.09,37101135.0,114729446.0,3,0.367564,1,0.0,-5.077166,1.083183,0.596386,10.677682,0,2016-06-30,273257210.32,28849549600.67,28303317963.16,26586563881.96,339678656.13,359785663.32,86528453.0,272762179.9,5491270204.23,10267329839.17,12696861712.24,38901223138.51,58460985163.31,97362208301.82,54751479567.81,13637388608.8,68388868176.61,28973340125.21,3151102095.73,-2208888806.71,324936875.7,1023609783.24,2016-09-30
2016-11-07,sh.600005,3.09,3.15,3.08,3.14,3.09,61978237.0,193611881.0,3,0.614024,1,1.618129,-5.159321,1.10071,0.606036,10.850461,0,2016-06-30,273257210.32,28849549600.67,28303317963.16,26586563881.96,339678656.13,359785663.32,86528453.0,272762179.9,5491270204.23,10267329839.17,12696861712.24,38901223138.51,58460985163.31,97362208301.82,54751479567.81,13637388608.8,68388868176.61,28973340125.21,3151102095.73,-2208888806.71,324936875.7,1023609783.24,2016-09-30
2016-11-08,sh.600005,3.15,3.17,3.12,3.13,3.14,50133017.0,157506512.0,3,0.496672,1,-0.318471,-5.14289,1.097204,0.604106,10.815905,0,2016-06-30,273257210.32,28849549600.67,28303317963.16,26586563881.96,339678656.13,359785663.32,86528453.0,272762179.9,5491270204.23,10267329839.17,12696861712.24,38901223138.51,58460985163.31,97362208301.82,54751479567.81,13637388608.8,68388868176.61,28973340125.21,3151102095.73,-2208888806.71,324936875.7,1023609783.24,2016-09-30
2016-11-09,sh.600005,3.13,3.14,3.08,3.1,3.13,45344766.0,140754370.0,3,0.449235,1,-0.958473,-5.093597,1.086688,0.598316,10.712238,0,2016-06-30,273257210.32,28849549600.67,28303317963.16,26586563881.96,339678656.13,359785663.32,86528453.0,272762179.9,5491270204.23,10267329839.17,12696861712.24,38901223138.51,58460985163.31,97362208301.82,54751479567.81,13637388608.8,68388868176.61,28973340125.21,3151102095.73,-2208888806.71,324936875.7,1023609783.24,2016-09-30
2016-11-10,sh.600005,3.12,3.15,3.11,3.14,3.1,58251722.0,182749487.0,3,0.577105,1,1.290329,-5.159321,1.10071,0.606036,10.850461,0,2016-06-30,273257210.32,28849549600.67,28303317963.16,26586563881.96,339678656.13,359785663.32,86528453.0,272762179.9,5491270204.23,10267329839.17,12696861712.24,38901223138.51,58460985163.31,97362208301.82,54751479567.81,13637388608.8,68388868176.61,28973340125.21,3151102095.73,-2208888806.71,324936875.7,1023609783.24,2016-09-30
2016-11-11,sh.600005,3.14,3.24,3.13,3.23,3.14,154350874.0,491965600.0,3,1.529168,1,2.866239,-5.307199,1.132259,0.623407,11.161461,0,2016-06-30,273257210.32,28849549600.67,28303317963.16,26586563881.96,339678656.13,359785663.32,86528453.0,272762179.9,5491270204.23,10267329839.17,12696861712.24,38901223138.51,58460985163.31,97362208301.82,54751479567.81,13637388608.8,68388868176.61,28973340125.21,3151102095.73,-2208888806.71,324936875.7,1023609783.24,2016-09-30
2016-11-14,sh.600005,3.2,3.37,3.19,3.3,3.23,189924035.0,622419760.0,3,1.881595,1,2.167181,-5.422216,1.156797,0.636917,11.40335,0,2016-06-30,273257210.32,28849549600.67,28303317963.16,26586563881.96,339678656.13,359785663.32,86528453.0,272762179.9,5491270204.23,10267329839.17,12696861712.24,38901223138.51,58460985163.31,97362208301.82,54751479567.81,13637388608.8,68388868176.61,28973340125.21,3151102095.73,-2208888806.71,324936875.7,1023609783.24,2016-09-30
2016-11-15,sh.600005,3.3,3.3,3.22,3.24,3.3,81801472.0,265864146.0,3,0.810415,1,-1.81818,-5.32363,1.135764,0.625337,11.196017,0,2016-06-30,273257210.32,28849549600.67,28303317963.16,26586563881.96,339678656.13,359785663.32,86528453.0,272762179.9,5491270204.23,10267329839.17,12696861712.24,38901223138.51,58460985163.31,97362208301.82,54751479567.81,13637388608.8,68388868176.61,28973340125.21,3151102095.73,-2208888806.71,324936875.7,1023609783.24,2016-09-30
2016-11-16,sh.600005,3.23,3.24,3.2,3.24,3.24,48089779.0,154752809.0,3,0.47643,1,0.0,-5.32363,1.135764,0.625337,11.196017,0,2016-06-30,273257210.32,28849549600.67,28303317963.16,26586563881.96,339678656.13,359785663.32,86528453.0,272762179.9,5491270204.23,10267329839.17,12696861712.24,38901223138.51,58460985163.31,97362208301.82,54751479567.81,13637388608.8,68388868176.61,28973340125.21,3151102095.73,-2208888806.71,324936875.7,1023609783.24,2016-09-30
2016-11-17,sh.600005,3.22,3.23,3.19,3.22,3.24,38096803.0,122129979.0,3,0.377429,1,-0.617283,-5.290768,1.128753,0.621477,11.126905,0,2016-06-30,273257210.32,28849549600.67,28303317963.16,26586563881.96,339678656.13,359785663.32,86528453.0,272762179.9,5491270204.23,10267329839.17,12696861712.24,38901223138.51,58460985163.31,97362208301.82,54751479567.81,13637388608.8,68388868176.61,28973340125.21,3151102095.73,-2208888806.71,324936875.7,1023609783.24,2016-09-30
2016-11-18,sh.600005,3.22,3.29,3.2,3.23,3.22,67226269.0,218197835.0,3,0.666017,1,0.310559,-5.307199,1.132259,0.623407,11.161461,0,2016-06-30,273257210.32,28849549600.67,28303317963.16,26586563881.96,339678656.13,359785663.32,86528453.0,272762179.9,5491270204.23,10267329839.17,12696861712.24,38901223138.51,58460985163.31,97362208301.82,54751479567.81,13637388608.8,68388868176.61,28973340125.21,3151102095.73,-2208888806.71,324936875.7,1023609783.24,2016-09-30
2016-11-21,sh.600005,3.23,3.26,3.21,3.24,3.23,50842345.0,164632192.0,3,0.5037,1,0.309597,-5.32363,1.135764,0.625337,11.196017,0,2016-06-30,273257210.32,28849549600.67,28303317963.16,26586563881.96,339678656.13,359785663.32,86528453.0,272762179.9,5491270204.23,10267329839.17,12696861712.24,38901223138.51,58460985163.31,97362208301.82,54751479567.81,13637388608.8,68388868176.61,28973340125.21,3151102095.73,-2208888806.71,324936875.7,1023609783.24,2016-09-30
2016-11-22,sh.600005,3.24,3.32,3.23,3.29,3.24,91606956.0,301272928.0,3,0.907558,1,1.543208,-5.405785,1.153291,0.634987,11.368795,0,2016-06-30,273257210.32,28849549600.67,28303317963.16,26586563881.96,339678656.13,359785663.32,86528453.0,272762179.9,5491270204.23,10267329839.17,12696861712.24,38901223138.51,58460985163.31,97362208301.82,54751479567.81,13637388608.8,68388868176.61,28973340125.21,3151102095.73,-2208888806.71,324936875.7,1023609783.24,2016-09-30
2016-11-23,sh.600005,3.3,3.33,3.27,3.28,3.29,72025965.0,237774115.0,3,0.713568,1,-0.303951,-5.389354,1.149786,0.633057,11.334239,0,2016-06-30,273257210.32,28849549600.67,28303317963.16,26586563881.96,339678656.13,359785663.32,86528453.0,272762179.9,5491270204.23,10267329839.17,12696861712.24,38901223138.51,58460985163.31,97362208301.82,54751479567.81,13637388608.8,68388868176.61,28973340125.21,3151102095.73,-2208888806.71,324936875.7,1023609783.24,2016-09-30
2016-11-24,sh.600005,3.28,3.33,3.27,3.32,3.28,68750691.0,227566856.0,3,0.681119,1,1.219511,-5.455078,1.163808,0.640777,11.472461,0,2016-06-30,273257210.32,28849549600.67,28303317963.16,26586563881.96,339678656.13,359785663.32,86528453.0,272762179.9,5491270204.23,10267329839.17,12696861712.24,38901223138.51,58460985163.31,97362208301.82,54751479567.81,13637388608.8,68388868176.61,28973340125.21,3151102095.73,-2208888806.71,324936875.7,1023609783.24,2016-09-30
2016-11-25,sh.600005,3.33,3.44,3.28,3.43,3.32,132122846.0,443353088.0,3,1.308953,1,3.313257,-5.635818,1.202368,0.662008,11.852573,0,2016-06-30,273257210.32,28849549600.67,28303317963.16,26586563881.96,339678656.13,359785663.32,86528453.0,272762179.9,5491270204.23,10267329839.17,12696861712.24,38901223138.51,58460985163.31,97362208301.82,54751479567.81,13637388608.8,68388868176.61,28973340125.21,3151102095.73,-2208888806.71,324936875.7,1023609783.24,2016-09-30
2016-11-28,sh.600005,3.43,3.5,3.41,3.45,3.43,116802735.0,403032112.0,3,1.157175,1,0.58309,-5.66868,1.209379,0.665868,11.921684,0,2016-06-30,273257210.32,28849549600.67,28303317963.16,26586563881.96,339678656.13,359785663.32,86528453.0,272762179.9,5491270204.23,10267329839.17,12696861712.24,38901223138.51,58460985163.31,97362208301.82,54751479567.81,13637388608.8,68388868176.61,28973340125.21,3151102095.73,-2208888806.71,324936875.7,1023609783.24,2016-09-30
2016-11-29,sh.600005,3.45,3.66,3.43,3.48,3.45,184551073.0,657088048.0,3,1.828364,1,0.869564,-5.717973,1.219895,0.671658,12.025351,0,2016-06-30,273257210.32,28849549600.67,28303317963.16,26586563881.96,339678656.13,359785663.32,86528453.0,272762179.9,5491270204.23,10267329839.17,12696861712.24,38901223138.51,58460985163.31,97362208301.82,54751479567.81,13637388608.8,68388868176.61,28973340125.21,3151102095.73,-2208888806.71,324936875.7,1023609783.24,2016-09-30
2016-11-30,sh.600005,3.49,3.5,3.39,3.42,3.48,83650067.0,287812512.0,3,0.828729,1,-1.724136,-5.619387,1.198862,0.660078,11.818017,0,2016-06-30,273257210.32,28849549600.67,28303317963.16,26586563881.96,339678656.13,359785663.32,86528453.0,272762179.9,5491270204.23,10267329839.17,12696861712.24,38901223138.51,58460985163.31,97362208301.82,54751479567.81,13637388608.8,68388868176.61,28973340125.21,3151102095.73,-2208888806.71,324936875.7,1023609783.24,2016-09-30
2016-12-01,sh.600005,3.42,3.42,3.42,3.42,3.42,0.0,0.0,3,,0,0.0,-5.619387,1.198862,0.660078,11.818017,0,2016-06-30,273257210.32,28849549600.67,28303317963.16,26586563881.96,339678656.13,359785663.32,86528453.0,272762179.9,5491270204.23,10267329839.17,12696861712.24,38901223138.51,58460985163.31,97362208301.82,54751479567.81,13637388608.8,68388868176.61,28973340125.21,3151102095.73,-2208888806.71,324936875.7,1023609783.24,2016-09-30
2016-12-02,sh.600005,3.42,3.42,3.42,3.42,3.42,0.0,0.0,3,,0,0.0,-5.619387,1.198862,0.660078,11.818017,0,2016-06-30,273257210.32,28849549600.67,28303317963.16,26586563881.96,339678656.13,359785663.32,86528453.0,272762179.9,5491270204.23,10267329839.17,12696861712.24,38901223138.51,58460985163.31,97362208301.82,54751479567.81,13637388608.8,68388868176.61,28973340125.21,3151102095.73,-2208888806.71,324936875.7,1023609783.24,2016-09-30
2016-12-05,sh.600005,3.42,3.42,3.42,3.42,3.42,0.0,0.0,3,,0,0.0,-5.619387,1.198862,0.660078,11.818017,0,2016-06-30,273257210.32,28849549600.67,28303317963.16,26586563881.96,339678656.13,359785663.32,86528453.0,272762179.9,5491270204.23,10267329839.17,12696861712.24,38901223138.51,58460985163.31,97362208301.82,54751479567.81,13637388608.8,68388868176.61,28973340125.21,3151102095.73,-2208888806.71,324936875.7,1023609783.24,2016-09-30
2016-12-06,sh.600005,3.42,3.42,3.42,3.42,3.42,0.0,0.0,3,,0,0.0,-5.619387,1.198862,0.660078,11.818017,0,2016-06-30,273257210.32,28849549600.67,28303317963.16,26586563881.96,339678656.13,359785663.32,86528453.0,272762179.9,5491270204.23,10267329839.17,12696861712.24,38901223138.51,58460985163.31,97362208301.82,54751479567.81,13637388608.8,68388868176.61,28973340125.21,3151102095.73,-2208888806.71,324936875.7,1023609783.24,2016-09-30
2016-12-07,sh.600005,3.42,3.42,3.42,3.42,3.42,0.0,0.0,3,,0,0.0,-5.619387,1.198862,0.660078,11.818017,0,2016-06-30,273257210.32,28849549600.67,28303317963.16,26586563881.96,339678656.13,359785663.32,86528453.0,272762179.9,5491270204.23,10267329839.17,12696861712.24,38901223138.51,58460985163.31,97362208301.82,54751479567.81,13637388608.8,68388868176.61,28973340125.21,3151102095.73,-2208888806.71,324936875.7,1023609783.24,2016-09-30
2016-12-08,sh.600005,3.68,3.75,3.53,3.56,3.42,210285380.0,763696064.0,3,2.083316,1,4.093563,-5.849421,1.247938,0.687098,12.301796,0,2016-06-30,273257210.32,28849549600.67,28303317963.16,26586563881.96,339678656.13,359785663.32,86528453.0,272762179.9,5491270204.23,10267329839.17,12696861712.24,38901223138.51,58460985163.31,97362208301.82,54751479567.81,13637388608.8,68388868176.61,28973340125.21,3151102095.73,-2208888806.71,324936875.7,1023609783.24,2016-09-30
2016-12-09,sh.600005,3.54,3.76,3.47,3.68,3.56,208432062.0,753206848.0,3,2.064956,1,3.37079,-6.046592,1.290004,0.710259,12.716463,0,2016-06-30,273257210.32,28849549600.67,28303317963.16,26586563881.96,339678656.13,359785663.32,86528453.0,272762179.9,5491270204.23,10267329839.17,12696861712.24,38901223138.51,58460985163.31,97362208301.82,54751479567.81,13637388608.8,68388868176.61,28973340125.21,3151102095.73,-2208888806.71,324936875.7,1023609783.24,2016-09-30
2016-12-12,sh.600005,3.69,3.89,3.66,3.67,3.68,191880040.0,722456448.0,3,1.900973,1,-0.271739,-6.030161,1.286498,0.708329,12.681908,0,2016-06-30,273257210.32,28849549600.67,28303317963.16,26586563881.96,339678656.13,359785663.32,86528453.0,272762179.9,5491270204.23,10267329839.17,12696861712.24,38901223138.51,58460985163.31,97362208301.82,54751479567.81,13637388608.8,68388868176.61,28973340125.21,3151102095.73,-2208888806.71,324936875.7,1023609783.24,2016-09-30
2016-12-13,sh.600005,3.61,3.81,3.59,3.79,3.67,156884910.0,587455456.0,3,1.554273,1,3.269752,-6.227333,1.328564,0.731489,13.096575,0,2016-06-30,273257210.32,28849549600.67,28303317963.16,26586563881.96,339678656.13,359785663.32,86528453.0,272762179.9,5491270204.23,10267329839.17,12696861712.24,38901223138.51,58460985163.31,97362208301.82,54751479567.81,13637388608.8,68388868176.61,28973340125.21,3151102095.73,-2208888806.71,324936875.7,1023609783.24,2016-09-30
2016-12-14,sh.600005,3.76,3.78,3.59,3.62,3.79,124085623.0,459382416.0,3,1.229328,1,-4.48549,-5.948007,1.268971,0.698679,12.50913,0,2016-06-30,273257210.32,28849549600.67,28303317963.16,26586563881.96,339678656.13,359785663.32,86528453.0,272762179.9,5491270204.23,10267329839.17,12696861712.24,38901223138.51,58460985163.31,97362208301.82,54751479567.81,13637388608.8,68388868176.61,28973340125.21,3151102095.73,-2208888806.71,324936875.7,1023609783.24,2016-09-30
2016-12-15,sh.600005,3.57,3.63,3.5,3.58,3.62,84415876.0,299985568.0,3,0.836316,1,-1.104971,-5.882283,1.254949,0.690958,12.370907,0,2016-06-30,273257210.32,28849549600.67,28303317963.16,26586563881.96,339678656.13,359785663.32,86528453.0,272762179.9,5491270204.23,10267329839.17,12696861712.24,38901223138.51,58460985163.31,97362208301.82,54751479567.81,13637388608.8,68388868176.61,28973340125.21,3151102095.73,-2208888806.71,324936875.7,1023609783.24,2016-09-30
2016-12-16,sh.600005,3.55,3.57,3.5,3.51,3.58,49325187.0,173943378.0,3,0.488669,1,-1.955305,-5.767266,1.230411,0.677448,12.129018,0,2016-06-30,273257210.32,28849549600.67,28303317963.16,26586563881.96,339678656.13,359785663.32,86528453.0,272762179.9,5491270204.23,10267329839.17,12696861712.24,38901223138.51,58460985163.31,97362208301.82,54751479567.81,13637388608.8,68388868176.61,28973340125.21,3151102095.73,-2208888806.71,324936875.7,1023609783.24,2016-09-30
2016-12-19,sh.600005,3.49,3.56,3.46,3.49,3.51,50528575.0,177518554.0,3,0.500591,1,-0.5698,-5.734404,1.2234,0.673588,12.059907,0,2016-06-30,273257210.32,28849549600.67,28303317963.16,26586563881.96,339678656.13,359785663.32,86528453.0,272762179.9,5491270204.23,10267329839.17,12696861712.24,38901223138.51,58460985163.31,97362208301.82,54751479567.81,13637388608.8,68388868176.61,28973340125.21,3151102095.73,-2208888806.71,324936875.7,1023609783.24,2016-09-30
2016-12-20,sh.600005,3.49,3.5,3.34,3.37,3.49,65231415.0,221310369.0,3,0.646254,1,-3.438399,-5.537233,1.181335,0.650427,11.645239,0,2016-06-30,273257210.32,28849549600.67,28303317963.16,26586563881.96,339678656.13,359785663.32,86528453.0,272762179.9,5491270204.23,10267329839.17,12696861712.24,38901223138.51,58460985163.31,97362208301.82,54751479567.81,13637388608.8,68388868176.61,28973340125.21,3151102095.73,-2208888806.71,324936875.7,1023609783.24,2016-09-30
2016-12-21,sh.600005,3.38,3.46,3.37,3.42,3.37,35739273.0,121970792.0,3,0.354072,1,1.483685,-5.619387,1.198862,0.660078,11.818017,0,2016-06-30,273257210.32,28849549600.67,28303317963.16,26586563881.96,339678656.13,359785663.32,86528453.0,272762179.9,5491270204.23,10267329839.17,12696861712.24,38901223138.51,58460985163.31,97362208301.82,54751479567.81,13637388608.8,68388868176.61,28973340125.21,3151102095.73,-2208888806.71,324936875.7,1023609783.24,2016-09-30
2016-12-22,sh.600005,3.41,3.44,3.38,3.4,3.42,35469997.0,120879873.0,3,0.351405,1,-0.584795,-5.586526,1.191851,0.656217,11.748906,0,2016-06-30,273257210.32,28849549600.67,28303317963.16,26586563881.96,339678656.13,359785663.32,86528453.0,272762179.9,5491270204.23,10267329839.17,12696861712.24,38901223138.51,58460985163.31,97362208301.82,54751479567.81,13637388608.8,68388868176.61,28973340125.21,3151102095.73,-2208888806.71,324936875.7,1023609783.24,2016-09-30
2016-12-23,sh.600005,3.4,3.47,3.37,3.44,3.4,43358638.0,148031272.0,3,0.429558,1,1.176469,-5.652249,1.205873,0.663938,11.887129,0,2016-06-30,273257210.32,28849549600.67,28303317963.16,26586563881.96,339678656.13,359785663.32,86528453.0,272762179.9,5491270204.23,10267329839.17,12696861712.24,38901223138.51,58460985163.31,97362208301.82,54751479567.81,13637388608.8,68388868176.61,28973340125.21,3151102095.73,-2208888806.71,324936875.7,1023609783.24,2016-09-30
2016-12-26,sh.600005,3.41,3.43,3.33,3.39,3.44,35578635.0,119863219.0,3,0.352481,1,-1.453487,-5.570095,1.188346,0.654287,11.714351,0,2016-06-30,273257210.32,28849549600.67,28303317963.16,26586563881.96,339678656.13,359785663.32,86528453.0,272762179.9,5491270204.23,10267329839.17,12696861712.24,38901223138.51,58460985163.31,97362208301.82,54751479567.81,13637388608.8,68388868176.61,28973340125.21,3151102095.73,-2208888806.71,324936875.7,1023609783.24,2016-09-30
2016-12-27,sh.600005,3.39,3.4,3.37,3.39,3.39,21784487.0,73815399.0,3,0.215821,1,0.0,-5.570095,1.188346,0.654287,11.714351,0,2016-06-30,273257210.32,28849549600.67,28303317963.16,26586563881.96,339678656.13,359785663.32,86528453.0,272762179.9,5491270204.23,10267329839.17,12696861712.24,38901223138.51,58460985163.31,97362208301.82,54751479567.81,13637388608.8,68388868176.61,28973340125.21,3151102095.73,-2208888806.71,324936875.7,1023609783.24,2016-09-30
2016-12-28,sh.600005,3.39,3.44,3.39,3.4,3.39,22482109.0,76674001.0,3,0.222732,1,0.294985,-5.586526,1.191851,0.656217,11.748906,0,2016-06-30,273257210.32,28849549600.67,28303317963.16,26586563881.96,339678656.13,359785663.32,86528453.0,272762179.9,5491270204.23,10267329839.17,12696861712.24,38901223138.51,58460985163.31,97362208301.82,54751479567.81,13637388608.8,68388868176.61,28973340125.21,3151102095.73,-2208888806.71,324936875.7,1023609783.24,2016-09-30
2016-12-29,sh.600005,3.39,3.41,3.35,3.39,3.4,24515176.0,82983018.0,3,0.242874,1,-0.294117,-5.570095,1.188346,0.654287,11.714351,0,2016-06-30,273257210.32,28849549600.67,28303317963.16,26586563881.96,339678656.13,359785663.32,86528453.0,272762179.9,5491270204.23,10267329839.17,12696861712.24,38901223138.51,58460985163.31,97362208301.82,54751479567.81,13637388608.8,68388868176.61,28973340125.21,3151102095.73,-2208888806.71,324936875.7,1023609783.24,2016-09-30
2016-12-30,sh.600005,3.4,3.46,3.39,3.41,3.39,34821797.0,119119635.0,3,0.344983,1,0.58997,-5.602957,1.195357,0.658147,11.783462,0,2016-09-30,372075746.58,42911999630.46,42203903947.59,39586070057.38,542853574.14,567685255.14,195609508.56,370277860.63,7307123321.21,8740362576.06,12585364938.1,39139803247.42,57553413852.33,96693217099.75,53967749020.6,13627868575.12,67595617595.72,29097599504.03,3583744624.1,-2324508481.28,1621280218.45,2839462900.22,2016-12-30
2017-01-03,sh.600005,3.41,3.43,3.37,3.42,3.41,23576136.0,80286059.0,3,0.233571,1,0.293255,-5.619387,1.198862,0.660078,11.818017,0,2016-09-30,372075746.58,42911999630.46,42203903947.59,39586070057.38,542853574.14,567685255.14,195609508.56,370277860.63,7307123321.21,8740362576.06,12585364938.1,39139803247.42,57553413852.33,96693217099.75,53967749020.6,13627868575.12,67595617595.72,29097599504.03,3583744624.1,-2324508481.28,1621280218.45,2839462900.22,2016-12-30
2017-01-04,sh.600005,3.42,3.46,3.38,3.46,3.42,38483397.0,132203638.0,3,0.381259,1,1.16959,-5.685111,1.212884,0.667798,11.95624,0,2016-09-30,372075746.58,42911999630.46,42203903947.59,39586070057.38,542853574.14,567685255.14,195609508.56,370277860.63,7307123321.21,8740362576.06,12585364938.1,39139803247.42,57553413852.33,96693217099.75,53967749020.6,13627868575.12,67595617595.72,29097599504.03,3583744624.1,-2324508481.28,1621280218.45,2839462900.22,2016-12-30
2017-01-05,sh.600005,3.45,3.5,3.44,3.48,3.46,34281728.0,119296209.0,3,0.339632,1,0.578034,-5.717973,1.219895,0.671658,12.025351,0,2016-09-30,372075746.58,42911999630.46,42203903947.59,39586070057.38,542853574.14,567685255.14,195609508.56,370277860.63,7307123321.21,8740362576.06,12585364938.1,39139803247.42,57553413852.33,96693217099.75,53967749020.6,13627868575.12,67595617595.72,29097599504.03,3583744624.1,-2324508481.28,1621280218.45,2839462900.22,2016-12-30
2017-01-06,sh.600005,3.48,3.57,3.47,3.53,3.48,62009477.0,219306235.0,3,0.614334,1,1.43678,-5.800128,1.237422,0.681308,12.198129,0,2016-09-30,372075746.58,42911999630.46,42203903947.59,39586070057.38,542853574.14,567685255.14,195609508.56,370277860.63,7307123321.21,8740362576.06,12585364938.1,39139803247.42,57553413852.33,96693217099.75,53967749020.6,13627868575.12,67595617595.72,29097599504.03,3583744624.1,-2324508481.28,1621280218.45,2839462900.22,2016-12-30
2017-01-09,sh.600005,3.52,3.59,3.51,3.56,3.53,31442642.0,111734232.0,3,0.311505,1,0.849858,-5.849421,1.247938,0.687098,12.301796,0,2016-09-30,372075746.58,42911999630.46,42203903947.59,39586070057.38,542853574.14,567685255.14,195609508.56,370277860.63,7307123321.21,8740362576.06,12585364938.1,39139803247.42,57553413852.33,96693217099.75,53967749020.6,13627868575.12,67595617595.72,29097599504.03,3583744624.1,-2324508481.28,1621280218.45,2839462900.22,2016-12-30
2017-01-10,sh.600005,3.56,3.65,3.55,3.63,3.56,79917449.0,288575008.0,3,0.791749,1,1.966297,-5.964438,1.272477,0.700609,12.543685,0,2016-09-30,372075746.58,42911999630.46,42203903947.59,39586070057.38,542853574.14,567685255.14,195609508.56,370277860.63,7307123321.21,8740362576.06,12585364938.1,39139803247.42,57553413852.33,96693217099.75,53967749020.6,13627868575.12,67595617595.72,29097599504.03,3583744624.1,-2324508481.28,1621280218.45,2839462900.22,2016-12-30
2017-01-11,sh.600005,3.65,3.76,3.6,3.6,3.63,108252585.0,399078112.0,3,1.072468,1,-0.826452,-5.915145,1.26196,0.694818,12.440018,0,2016-09-30,372075746.58,42911999630.46,42203903947.59,39586070057.38,542853574.14,567685255.14,195609508.56,370277860.63,7307123321.21,8740362576.06,12585364938.1,39139803247.42,57553413852.33,96693217099.75,53967749020.6,13627868575.12,67595617595.72,29097599504.03,3583744624.1,-2324508481.28,1621280218.45,2839462900.22,2016-12-30
2017-01-12,sh.600005,3.59,3.66,3.53,3.53,3.6,59977312.0,215136325.0,3,0.594201,1,-1.944443,-5.800128,1.237422,0.681308,12.198129,0,2016-09-30,372075746.58,42911999630.46,42203903947.59,39586070057.38,542853574.14,567685255.14,195609508.56,370277860.63,7307123321.21,8740362576.06,12585364938.1,39139803247.42,57553413852.33,96693217099.75,53967749020.6,13627868575.12,67595617595.72,29097599504.03,3583744624.1,-2324508481.28,1621280218.45,2839462900.22,2016-12-30
2017-01-13,sh.600005,3.52,3.62,3.49,3.57,3.53,51343971.0,182822176.0,3,0.508669,1,1.133143,-5.865852,1.251444,0.689028,12.336352,0,2016-09-30,372075746.58,42911999630.46,42203903947.59,39586070057.38,542853574.14,567685255.14,195609508.56,370277860.63,7307123321.21,8740362576.06,12585364938.1,39139803247.42,57553413852.33,96693217099.75,53967749020.6,13627868575.12,67595617595.72,29097599504.03,3583744624.1,-2324508481.28,1621280218.45,2839462900.22,2016-12-30
2017-01-16,sh.600005,3.68,3.71,3.58,3.66,3.57,132522780.0,482398320.0,3,1.312915,1,2.521013,-6.01373,1.282993,0.706399,12.647352,0,2016-09-30,372075746.58,42911999630.46,42203903947.59,39586070057.38,542853574.14,567685255.14,195609508.56,370277860.63,7307123321.21,8740362576.06,12585364938.1,39139803247.42,57553413852.33,96693217099.75,53967749020.6,13627868575.12,67595617595.72,29097599504.03,3583744624.1,-2324508481.28,1621280218.45,2839462900.22,2016-12-30
2017-01-17,sh.600005,3.67,3.67,3.6,3.65,3.66,58498779.0,213115416.0,3,0.579553,1,-0.273224,-5.997299,1.279487,0.704469,12.612796,0,2016-09-30,372075746.58,42911999630.46,42203903947.59,39586070057.38,542853574.14,567685255.14,195609508.56,370277860.63,7307123321.21,8740362576.06,12585364938.1,39139803247.42,57553413852.33,96693217099.75,53967749020.6,13627868575.12,67595617595.72,29097599504.03,3583744624.1,-2324508481.28,1621280218.45,2839462900.22,2016-12-30
2017-01-18,sh.600005,3.67,3.8,3.65,3.8,3.65,101225432.0,379449424.0,3,1.00285,1,4.109585,-6.243764,1.332069,0.73342,13.131131,0,2016-09-30,372075746.58,42911999630.46,42203903947.59,39586070057.38,542853574.14,567685255.14,195609508.56,370277860.63,7307123321.21,8740362576.06,12585364938.1,39139803247.42,57553413852.33,96693217099.75,53967749020.6,13627868575.12,67595617595.72,29097599504.03,3583744624.1,-2324508481.28,1621280218.45,2839462900.22,2016-12-30
2017-01-19,sh.600005,3.8,3.85,3.73,3.75,3.8,91996313.0,348659088.0,3,0.911416,1,-1.315788,-6.161609,1.314542,0.723769,12.958353,0,2016-09-30,372075746.58,42911999630.46,42203903947.59,39586070057.38,542853574.14,567685255.14,195609508.56,370277860.63,7307123321.21,8740362576.06,12585364938.1,39139803247.42,57553413852.33,96693217099.75,53967749020.6,13627868575.12,67595617595.72,29097599504.03,3583744624.1,-2324508481.28,1621280218.45,2839462900.22,2016-12-30
2017-01-20,sh.600005,3.74,3.77,3.72,3.74,3.75,60314601.0,225501455.0,3,0.597542,1,-0.266666,-6.145178,1.311036,0.721839,12.923797,0,2016-09-30,372075746.58,42911999630.46,42203903947.59,39586070057.38,542853574.14,567685255.14,195609508.56,370277860.63,7307123321.21,8740362576.06,12585364938.1,39139803247.42,57553413852.33,96693217099.75,53967749020.6,13627868575.12,67595617595.72,29097599504.03,3583744624.1,-2324508481.28,1621280218.45,2839462900.22,2016-12-30
2017-01-23,sh.600005,3.72,3.76,3.69,3.71,3.74,78221626.0,291606368.0,3,0.774949,1,-0.802138,-6.095885,1.30052,0.716049,12.82013,0,2016-09-30,372075746.58,42911999630.46,42203903947.59,39586070057.38,542853574.14,567685255.14,195609508.56,370277860.63,7307123321.21,8740362576.06,12585364938.1,39139803247.42,57553413852.33,96693217099.75,53967749020.6,13627868575.12,67595617595.72,29097599504.03,3583744624.1,-2324508481.28,1621280218.45,2839462900.22,2016-12-30
2017-01-24,sh.600005,3.71,3.71,3.71,3.71,3.71,0.0,0.0,3,,0,0.0,-6.095885,1.30052,0.716049,12.82013,0,2016-09-30,372075746.58,42911999630.46,42203903947.59,39586070057.38,542853574.14,567685255.14,195609508.56,370277860.63,7307123321.21,8740362576.06,12585364938.1,39139803247.42,57553413852.33,96693217099.75,53967749020.6,13627868575.12,67595617595.72,29097599504.03,3583744624.1,-2324508481.28,1621280218.45,2839462900.22,2016-12-30
2017-01-25,sh.600005,3.71,3.71,3.71,3.71,3.71,0.0,0.0,3,,0,0.0,-6.095885,1.30052,0.716049,12.82013,0,2016-09-30,372075746.58,42911999630.46,42203903947.59,39586070057.38,542853574.14,567685255.14,195609508.56,370277860.63,7307123321.21,8740362576.06,12585364938.1,39139803247.42,57553413852.33,96693217099.75,53967749020.6,13627868575.12,67595617595.72,29097599504.03,3583744624.1,-2324508481.28,1621280218.45,2839462900.22,2016-12-30
2017-01-26,sh.600005,3.71,3.71,3.71,3.71,3.71,0.0,0.0,3,,0,0.0,-6.095885,1.30052,0.716049,12.82013,0,2016-09-30,372075746.58,42911999630.46,42203903947.59,39586070057.38,542853574.14,567685255.14,195609508.56,370277860.63,7307123321.21,8740362576.06,12585364938.1,39139803247.42,57553413852.33,96693217099.75,53967749020.6,13627868575.12,67595617595.72,29097599504.03,3583744624.1,-2324508481.28,1621280218.45,2839462900.22,2016-12-30
2017-02-03,sh.600005,3.71,3.71,3.71,3.71,3.71,0.0,0.0,3,,0,0.0,-6.095885,1.30052,0.716049,12.82013,0,2016-09-30,372075746.58,42911999630.46,42203903947.59,39586070057.38,542853574.14,567685255.14,195609508.56,370277860.63,7307123321.21,8740362576.06,12585364938.1,39139803247.42,57553413852.33,96693217099.75,53967749020.6,13627868575.12,67595617595.72,29097599504.03,3583744624.1,-2324508481.28,1621280218.45,2839462900.22,2016-12-30
2017-02-06,sh.600005,3.71,3.71,3.71,3.71,3.71,0.0,0.0,3,,0,0.0,-6.095885,1.30052,0.716049,12.82013,0,2016-09-30,372075746.58,42911999630.46,42203903947.59,39586070057.38,542853574.14,567685255.14,195609508.56,370277860.63,7307123321.21,8740362576.06,12585364938.1,39139803247.42,57553413852.33,96693217099.75,53967749020.6,13627868575.12,67595617595.72,29097599504.03,3583744624.1,-2324508481.28,1621280218.45,2839462900.22,2016-12-30
2017-02-07,sh.600005,3.71,3.71,3.71,3.71,3.71,0.0,0.0,3,,0,0.0,-6.095885,1.30052,0.716049,12.82013,0,2016-09-30,372075746.58,42911999630.46,42203903947.59,39586070057.38,542853574.14,567685255.14,195609508.56,370277860.63,7307123321.21,8740362576.06,12585364938.1,39139803247.42,57553413852.33,96693217099.75,53967749020.6,13627868575.12,67595617595.72,29097599504.03,3583744624.1,-2324508481.28,1621280218.45,2839462900.22,2016-12-30
2017-02-08,sh.600005,3.71,3.71,3.71,3.71,3.71,0.0,0.0,3,,0,0.0,-6.095885,1.30052,0.716049,12.82013,0,2016-09-30,372075746.58,42911999630.46,42203903947.59,39586070057.38,542853574.14,567685255.14,195609508.56,370277860.63,7307123321.21,8740362576.06,12585364938.1,39139803247.42,57553413852.33,96693217099.75,53967749020.6,13627868575.12,67595617595.72,29097599504.03,3583744624.1,-2324508481.28,1621280218.45,2839462900.22,2016-12-30
2017-02-09,sh.600005,3.71,3.71,3.71,3.71,3.71,0.0,0.0,3,,0,0.0,-6.095885,1.30052,0.716049,12.82013,0,2016-09-30,372075746.58,42911999630.46,42203903947.59,39586070057.38,542853574.14,567685255.14,195609508.56,370277860.63,7307123321.21,8740362576.06,12585364938.1,39139803247.42,57553413852.33,96693217099.75,53967749020.6,13627868575.12,67595617595.72,29097599504.03,3583744624.1,-2324508481.28,1621280218.45,2839462900.22,2016-12-30
2017-02-10,sh.600005,3.71,3.71,3.71,3.71,3.71,0.0,0.0,3,,0,0.0,-6.095885,1.30052,0.716049,12.82013,0,2016-09-30,372075746.58,42911999630.46,42203903947.59,39586070057.38,542853574.14,567685255.14,195609508.56,370277860.63,7307123321.21,8740362576.06,12585364938.1,39139803247.42,57553413852.33,96693217099.75,53967749020.6,13627868575.12,67595617595.72,29097599504.03,3583744624.1,-2324508481.28,1621280218.45,2839462900.22,2016-12-30
2017-02-13,sh.600005,3.71,3.71,3.71,3.71,3.71,0.0,0.0,3,,0,0.0,-6.095885,1.30052,0.716049,12.82013,0,2016-09-30,372075746.58,42911999630.46,42203903947.59,39586070057.38,542853574.14,567685255.14,195609508.56,370277860.63,7307123321.21,8740362576.06,12585364938.1,39139803247.42,57553413852.33,96693217099.75,53967749020.6,13627868575.12,67595617595.72,29097599504.03,3583744624.1,-2324508481.28,1621280218.45,2839462900.22,2016-12-30
2017-02-14,sh.600005,3.71,3.71,3.71,3.71,3.71,,,3,,0,,-6.095885,1.30052,0.716049,12.82013,0,2016-09-30,372075746.58,42911999630.46,42203903947.59,39586070057.38,542853574.14,567685255.14,195609508.56,370277860.63,7307123321.21,8740362576.06,12585364938.1,39139803247.42,57553413852.33,96693217099.75,53967749020.6,13627868575.12,67595617595.72,29097599504.03,3583744624.1,-2324508481.28,1621280218.45,2839462900.22,2016-12-30
