date,code,open,high,low,close,preclose,volume,amount,adjustflag,turn,tradestatus,pctChg,peTTM,pbMRQ,psTTM,pcfNcfTTM,isST
2010-01-04,sh.600008,7.2700,7.3000,7.1300,7.1500,7.2400,14070632,101152799.0000,3,0.639574,1,-1.243100,47.366442,3.378579,8.130128,33.099305,0
2010-01-05,sh.600008,7.1600,7.1800,7.0300,7.1300,7.1500,18980666,134540177.0000,3,0.862758,1,-0.279700,47.233948,3.369129,8.107386,33.006719,0
2010-01-06,sh.600008,7.1900,7.3300,7.1900,7.2000,7.1300,24171641,175434399.0000,3,1.098711,1,0.981800,47.697676,3.402206,8.186982,33.330768,0
2010-01-07,sh.600008,7.2200,7.2200,7.0300,7.0500,7.2000,15201998,107980873.0000,3,0.691000,1,-2.083300,46.703974,3.331326,8.016419,32.636377,0
2010-01-08,sh.600008,7.0000,7.1100,6.9900,7.1000,7.0500,12479783,87763142.0000,3,0.567263,1,0.709200,47.035208,3.354953,8.073273,32.867841,0
2010-01-11,sh.600008,7.1400,7.2000,6.9400,7.0500,7.1000,19369951,136443522.0000,3,0.880452,1,-0.704200,46.703974,3.331326,8.016419,32.636377,0
2010-01-12,sh.600008,7.0700,7.2000,6.9900,7.2000,7.0500,20722339,147944371.0000,3,0.941924,1,2.127700,47.697676,3.402206,8.186982,33.330768,0
2010-01-13,sh.600008,7.0600,7.2400,7.0500,7.0600,7.2000,17234857,122765593.0000,3,0.783403,1,-1.944400,46.770221,3.336052,8.027790,32.682670,0
2010-01-14,sh.600008,7.0900,7.2400,7.0600,7.2200,7.0600,20187868,144722849.0000,3,0.917630,1,2.266300,47.830169,3.411656,8.209723,33.423354,0
2010-01-15,sh.600008,7.2700,7.3400,7.1900,7.3000,7.2200,30929206,225341858.0000,3,1.405873,1,1.108000,48.360144,3.449459,8.300690,33.793696,0
2010-01-18,sh.600008,7.3300,7.4800,7.2400,7.4600,7.3000,29829426,219249828.0000,3,1.355883,1,2.191800,49.420092,3.525063,8.482623,34.534379,0
2010-01-19,sh.600008,7.5000,7.5300,7.3500,7.3900,7.4600,21905704,162268211.0000,3,0.995714,1,-0.938300,48.956364,3.491986,8.403027,34.210330,0
2010-01-20,sh.600008,7.4100,7.5200,7.2600,7.3200,7.3900,31919934,235673002.0000,3,1.450906,1,-0.947200,48.492637,3.458909,8.323431,33.886281,0
2010-01-21,sh.600008,7.3300,7.4600,7.2300,7.3900,7.3200,23726497,174431875.0000,3,1.078477,1,0.956300,48.956364,3.491986,8.403027,34.210330,0
2010-01-22,sh.600008,7.2500,7.3900,7.0200,7.1000,7.3900,23763945,170851592.0000,3,1.080179,1,-3.924200,47.035208,3.354953,8.073273,32.867841,0
2010-01-25,sh.600008,7.0100,7.1500,7.0000,7.0100,7.1000,10905499,77058387.0000,3,0.495704,1,-1.267600,46.438987,3.312425,7.970936,32.451206,0
2010-01-26,sh.600008,7.0600,7.0600,6.6000,6.6700,7.0100,19617366,132781472.0000,3,0.891698,1,-4.850200,44.186597,3.151766,7.584329,30.877253,0
2010-01-27,sh.600008,6.6800,6.7300,6.5000,6.5400,6.6700,14395180,95375264.0000,3,0.654326,1,-1.949000,43.325389,3.090337,7.436508,30.275448,0
2010-01-28,sh.600008,6.5600,6.6600,6.5600,6.6400,6.5400,8788121,58178312.0000,3,0.399460,1,1.529100,43.987857,3.137590,7.550216,30.738375,0
2010-01-29,sh.600008,6.6000,6.7000,6.5800,6.6200,6.6400,9188149,61080458.0000,3,0.417643,1,-0.301200,43.855363,3.128139,7.527475,30.645790,0
2010-02-01,sh.600008,6.6300,7.0700,6.4800,7.0200,6.6200,28640651,194623877.0000,3,1.301848,1,6.042300,46.505234,3.317151,7.982307,32.497499,0
2010-02-02,sh.600008,6.9400,7.0400,6.7300,6.7900,7.0200,18545500,127693533.0000,3,0.842977,1,-3.276400,44.981558,3.208469,7.720778,31.432766,0
2010-02-03,sh.600008,7.0000,7.4700,7.0000,7.4700,6.7900,85215398,630702454.0000,3,3.873427,1,10.014700,49.486339,3.529788,8.493993,34.580672,0
2010-02-04,sh.600008,7.8000,8.2200,7.6100,8.2200,7.4700,170640785,1364938681.0000,3,7.756399,1,10.040200,54.454847,3.884185,9.346804,38.052627,0
2010-02-05,sh.600008,8.4400,8.9500,7.7700,8.2900,8.2200,208243088,1750244361.0000,3,9.465595,1,0.851600,54.918574,3.917262,9.426400,38.376676,0
2010-02-08,sh.600008,8.1000,8.6000,7.9100,8.3600,8.2900,91065329,751385975.0000,3,4.139333,1,0.844400,55.382301,3.950339,9.505995,38.700725,0
2010-02-09,sh.600008,8.1000,8.1800,7.8000,7.8700,8.3600,61514406,488964303.0000,3,2.796109,1,-5.861200,52.136210,3.718800,8.948826,36.432381,0
2010-02-10,sh.600008,7.8800,8.0700,7.6600,7.9100,7.8700,44324446,348486542.0000,3,2.014748,1,0.508300,52.401197,3.737701,8.994309,36.617552,0
2010-02-11,sh.600008,7.9000,7.9300,7.6600,7.7000,7.9100,34301251,266099558.0000,3,1.559148,1,-2.654900,51.010014,3.638470,8.755522,35.645405,0
2010-02-12,sh.600008,7.6700,8.0000,7.6500,7.8700,7.7000,38090520,299663696.0000,3,1.731387,1,2.207800,52.136210,3.718800,8.948826,36.432381,0
2010-02-22,sh.600008,7.7800,8.0800,7.6500,7.9200,7.8700,44131209,347256920.0000,3,2.005964,1,0.635300,52.467443,3.742426,9.005680,36.663845,0
2010-02-23,sh.600008,7.8700,8.2900,7.8000,8.2700,7.9200,49831950,399437774.0000,3,2.265089,1,4.419200,54.786080,3.907811,9.403658,38.284091,0
2010-02-24,sh.600008,8.1600,8.3400,8.0600,8.2300,8.2700,48079784,393874340.0000,3,2.185445,1,-0.483700,54.521093,3.888910,9.358175,38.098920,0
2010-02-25,sh.600008,8.2500,8.5200,8.1200,8.3100,8.2300,58632997,490080103.0000,3,2.665136,1,0.972100,55.051068,3.926712,9.449141,38.469262,0
2010-02-26,sh.600008,8.2100,8.3100,8.0600,8.1100,8.3100,48627460,396987679.0000,3,2.210339,1,-2.406700,53.726132,3.832207,9.221725,37.543407,0
2010-03-01,sh.600008,8.1300,8.4500,8.1300,8.2700,8.1100,50305622,417362103.0000,3,2.286619,1,1.972900,54.786080,3.907811,9.403658,38.284091,0
2010-03-02,sh.600008,8.2700,8.2700,8.2700,8.2700,8.2700,0,0.0000,3,,0,0.000000,54.786080,3.907811,9.403658,38.284091,0
2010-03-03,sh.600008,8.2800,8.3200,8.0600,8.2600,8.2700,41911447,343524964.0000,3,1.905066,1,-0.120900,54.719834,3.903086,9.392287,38.237798,0
2010-03-04,sh.600008,8.2300,8.2400,7.6900,7.7600,8.2600,45029929,359050557.0000,3,2.046815,1,-6.053300,51.407495,3.666822,8.823747,35.923161,0
2010-03-05,sh.600008,7.7600,7.8600,7.5700,7.7700,7.7600,28993758,224109928.0000,3,1.317898,1,0.128900,51.473742,3.671547,8.835118,35.969454,0
2010-03-08,sh.600008,7.7700,7.8500,7.6800,7.7600,7.7700,16996858,132116961.0000,3,0.772584,1,-0.128700,51.407495,3.666822,8.823747,35.923161,0
2010-03-09,sh.600008,7.7100,7.8100,7.6100,7.7600,7.7600,18484399,142529729.0000,3,0.840200,1,0.000000,51.407495,3.666822,8.823747,35.923161,0
2010-03-10,sh.600008,7.7500,7.8900,7.6500,7.7100,7.7600,18308201,141993102.0000,3,0.832191,1,-0.644300,51.076261,3.643195,8.766893,35.691698,0
2010-03-11,sh.600008,7.7100,7.7800,7.5300,7.6000,7.7100,16389042,125058334.0000,3,0.744956,1,-1.426700,50.347547,3.591217,8.641814,35.182478,0
2010-03-12,sh.600008,7.6100,7.7100,7.4800,7.5800,7.6000,17535963,133413073.0000,3,0.797089,1,-0.263200,50.215053,3.581767,8.619072,35.089892,0
2010-03-15,sh.600008,7.5400,7.7500,7.5000,7.6900,7.5800,16365084,124893687.0000,3,0.743867,1,1.451200,50.943768,3.633745,8.744151,35.599112,0
2010-03-16,sh.600008,7.6600,7.7600,7.5800,7.7500,7.6900,14617213,112248358.0000,3,0.664419,1,0.780200,51.341248,3.662096,8.812376,35.876869,0
2010-03-17,sh.600008,7.8000,7.9300,7.7600,7.9000,7.7500,25812812,202890931.0000,3,1.173310,1,1.935500,52.334950,3.732976,8.982938,36.571260,0
2010-03-18,sh.600008,7.9200,7.9400,7.7900,7.8300,7.9000,16683391,130821556.0000,3,0.758336,1,-0.886100,51.871222,3.699899,8.903342,36.247210,0
2010-03-19,sh.600008,7.8600,7.8800,7.7100,7.8500,7.8300,16630058,129348782.0000,3,0.755912,1,0.255400,52.003716,3.709349,8.926084,36.339796,0
2010-03-22,sh.600008,7.8500,7.8600,7.7400,7.7900,7.8500,13930625,108549334.0000,3,0.633210,1,-0.764300,38.301151,3.497223,6.496784,78.542581,0
2010-03-23,sh.600008,7.8000,8.0000,7.7000,7.9300,7.7900,35369572,279507950.0000,3,1.607708,1,1.797200,38.989490,3.560075,6.613543,79.954130,0
2010-03-24,sh.600008,7.9200,8.1600,7.8800,7.9400,7.9300,35502681,285232808.0000,3,1.613758,1,0.126100,39.038657,3.564564,6.621882,80.054954,0
2010-03-25,sh.600008,7.9000,7.9500,7.6200,7.6400,7.9400,26429073,204240091.0000,3,1.201322,1,-3.778300,37.563645,3.429883,6.371685,77.030208,0
2010-03-26,sh.600008,7.6800,7.7800,7.6100,7.7400,7.6400,12033239,92802056.0000,3,0.546965,1,1.308900,38.055316,3.474776,6.455084,78.038457,0
2010-03-29,sh.600008,7.8600,7.9500,7.8200,7.8800,7.7400,20387001,160882656.0000,3,0.926682,1,1.808800,38.743655,3.537628,6.571843,79.450005,0
2010-03-30,sh.600008,7.9000,7.9200,7.7600,7.9000,7.8800,17705713,138485713.0000,3,0.804805,1,0.253800,38.841989,3.546606,6.588523,79.651655,0
2010-03-31,sh.600008,7.8800,7.8800,7.7500,7.7600,7.9000,13625411,106331931.0000,3,0.619337,1,-1.772200,38.153650,3.483755,6.471764,78.240107,0
2010-04-01,sh.600008,7.7800,8.0500,7.7500,7.9800,7.7600,32497530,258827872.0000,3,1.477160,1,2.835100,39.235326,3.582521,6.655242,80.458254,0
2010-04-02,sh.600008,8.0000,8.0100,7.9100,7.9600,7.9800,17697451,140626591.0000,3,0.804430,1,-0.250600,39.136991,3.573543,6.638562,80.256604,0
2010-04-06,sh.600008,7.9800,8.0200,7.8800,7.9400,7.9600,16139199,128238752.0000,3,0.733600,1,-0.251300,39.038657,3.564564,6.621882,80.054954,0
2010-04-07,sh.600008,7.9500,8.0000,7.8700,8.0000,7.9400,17613082,139844706.0000,3,0.800595,1,0.755700,39.333660,3.591500,6.671922,80.659904,0
2010-04-08,sh.600008,8.0000,8.1500,7.9100,7.9400,8.0000,32092382,258352096.0000,3,1.458745,1,-0.750000,39.038657,3.564564,6.621882,80.054954,0
2010-04-09,sh.600008,7.9000,8.0000,7.8300,7.9900,7.9400,22146824,175054896.0000,3,1.006674,1,0.629700,39.284493,3.587011,6.663582,80.559079,0
2010-04-12,sh.600008,8.0000,8.0600,7.9200,8.0100,7.9900,21952564,175380095.0000,3,0.997844,1,0.250300,39.382827,3.595990,6.680262,80.760729,0
2010-04-13,sh.600008,8.0000,8.2300,7.9600,8.2100,8.0100,56269062,457186226.0000,3,2.557685,1,2.496900,40.366168,3.685777,6.847060,82.777226,0
2010-04-14,sh.600008,8.2400,8.2800,8.1300,8.1800,8.2100,29401183,240691699.0000,3,1.336417,1,-0.365400,40.218667,3.672309,6.822040,82.474752,0
2010-04-15,sh.600008,8.1800,8.1800,8.1800,8.1800,8.1800,0,0.0000,3,,0,0.000000,40.218667,3.672309,6.822040,82.474752,0
2010-04-16,sh.600008,8.1000,8.1000,7.8600,7.9100,8.1800,24894922,197787437.0000,3,1.131587,1,-3.300700,38.891156,3.551096,6.596863,79.752480,0
2010-04-19,sh.600008,7.8200,7.8300,7.3700,7.4000,7.9100,29238403,223066133.0000,3,1.329018,1,-6.447500,36.383635,3.322138,6.171528,74.610411,0
2010-04-20,sh.600008,7.3800,7.5000,7.2700,7.4600,7.4000,18531297,137147022.0000,3,0.842332,1,0.810800,36.678638,3.349074,6.221567,75.215360,0
2010-04-21,sh.600008,7.4600,7.6000,7.3800,7.5600,7.4600,18120105,136192329.0000,3,0.823641,1,1.340500,37.170308,3.393968,6.304966,76.223609,0
2010-04-22,sh.600008,7.5400,7.5400,7.3700,7.4000,7.5600,20293246,150850121.0000,3,0.922420,1,-2.116400,36.383635,3.322138,6.171528,74.610411,0
2010-04-23,sh.600008,7.3400,7.5800,7.2600,7.4500,7.4000,22606323,167920014.0000,3,1.027560,1,0.675700,36.629471,3.344584,6.213227,75.114535,0
2010-04-26,sh.600008,7.4000,7.5600,7.3500,7.4400,7.4500,12626604,94257539.0000,3,0.573937,1,-0.134200,36.580304,3.340095,6.204887,75.013710,0
2010-04-27,sh.600008,7.4300,7.4800,7.0200,7.1500,7.4400,20821942,150750241.0000,3,0.946452,1,-3.897800,35.154458,3.209903,5.963030,72.089789,0
2010-04-28,sh.600008,7.1300,7.1800,6.9900,7.1300,7.1500,11102065,78733990.0000,3,0.504639,1,-0.279700,35.056124,3.200924,5.946350,71.888139,0
2010-04-29,sh.600008,7.2000,7.2800,7.0300,7.0500,7.1300,12539065,90126663.0000,3,0.569958,1,-1.122000,32.483291,3.141653,5.715396,43.544954,0
2010-04-30,sh.600008,7.1200,7.2700,7.0300,7.1900,7.0500,14959032,106985894.0000,3,0.679956,1,1.985800,33.128350,3.204040,5.828893,44.409677,0
2010-05-04,sh.600008,7.0000,7.0000,6.7500,6.7800,7.0700,11428940,78505191.0000,3,0.519497,1,-4.101800,31.239250,3.021334,5.496509,41.877275,0
2010-05-05,sh.600008,6.7000,6.9200,6.6700,6.9100,6.7800,9562933,65212718.0000,3,0.434679,1,1.917400,31.838233,3.079265,5.601899,42.680232,0
2010-05-06,sh.600008,6.9100,7.1600,6.7500,6.8100,6.9100,14866553,103890550.0000,3,0.675752,1,-1.447200,31.377477,3.034703,5.520830,42.062573,0
2010-05-07,sh.600008,6.6600,6.8300,6.6100,6.7000,6.8100,11181813,75016448.0000,3,0.508264,1,-1.615300,30.870646,2.985684,5.431653,41.383148,0
2010-05-10,sh.600008,6.6900,6.8300,6.6000,6.7600,6.7000,9132631,61424768.0000,3,0.415120,1,0.895500,31.147099,3.012422,5.480295,41.753743,0
2010-05-11,sh.600008,6.8900,6.9300,6.5000,6.5200,6.7600,10497424,70701116.0000,3,0.477156,1,-3.550300,30.041285,2.905472,5.285728,40.271362,0
2010-05-12,sh.600008,6.3900,6.5600,6.2300,6.3600,6.5200,14110514,90196050.0000,3,0.641387,1,-2.454000,29.304076,2.834172,5.156017,39.283108,0
2010-05-13,sh.600008,6.4500,6.4900,6.2700,6.4800,6.3600,9512223,60863755.0000,3,0.432374,1,1.886800,29.856983,2.887647,5.253300,40.024298,0
2010-05-14,sh.600008,6.4600,6.7000,6.4000,6.5900,6.4800,15305679,100851152.0000,3,0.695713,1,1.697500,30.363814,2.936666,5.342477,40.703723,0
2010-05-17,sh.600008,6.4900,6.5600,6.1400,6.1600,6.5900,10841594,68666269.0000,3,0.492800,1,-6.525000,28.382564,2.745047,4.993878,38.047790,0
2010-05-18,sh.600008,6.1400,6.2400,5.9600,6.2200,6.1600,12011725,73342214.0000,3,0.545988,1,0.974000,28.659017,2.771784,5.042520,38.418385,0
2010-05-19,sh.600008,6.1500,6.2500,6.0600,6.1400,6.2200,9084547,55953541.0000,3,0.412934,1,-1.286200,28.290413,2.736134,4.977664,37.924258,0
2010-05-20,sh.600008,6.1100,6.1900,5.9400,5.9500,6.1400,9585685,58053342.0000,3,0.435713,1,-3.094500,27.414976,2.651466,4.823632,36.750706,0
2010-05-21,sh.600008,5.7800,5.9900,5.7300,5.9700,5.9500,11162693,65406386.0000,3,0.507395,1,0.336100,27.507128,2.660378,4.839846,36.874238,0
2010-05-24,sh.600008,5.9600,6.2600,5.9600,6.2100,5.9700,16955066,104440190.0000,3,0.770685,1,4.020100,28.612942,2.767328,5.034413,38.356619,0
2010-05-25,sh.600008,6.2000,6.2000,6.0300,6.1000,6.2100,11007449,67290403.0000,3,0.500339,1,-1.771300,28.106110,2.718310,4.945236,37.677194,0
2010-05-26,sh.600008,6.0800,6.2300,6.0600,6.1700,6.1000,8643609,53226521.0000,3,0.392891,1,1.147500,28.428639,2.749503,5.001985,38.109556,0
2010-05-27,sh.600008,6.2700,6.4500,6.2500,6.3500,6.1700,19432637,123426126.0000,3,0.883302,1,2.917300,29.258000,2.829716,5.147910,39.221342,0
2010-05-28,sh.600008,6.3500,6.4500,6.2500,6.4200,6.3500,21735967,138481797.0000,3,0.987999,1,1.102400,29.580529,2.860909,5.204659,39.653703,0
2010-05-31,sh.600008,6.3800,6.3800,6.0900,6.1100,6.4200,12245832,76429117.0000,3,0.556629,1,-4.828700,28.152186,2.722766,4.953343,37.738960,0
2010-06-01,sh.600008,6.0700,6.1500,5.9000,6.0200,6.1100,10620442,63899484.0000,3,0.482747,1,-1.473000,27.737505,2.682660,4.880381,37.183067,0
2010-06-02,sh.600008,5.9900,6.1000,5.9300,6.1000,6.0200,6251818,37668232.0000,3,0.284174,1,1.328900,28.106110,2.718310,4.945236,37.677194,0
2010-06-03,sh.600008,6.1300,6.1900,6.0700,6.0800,6.1000,8548611,52317681.0000,3,0.388573,1,-0.327900,28.013959,2.709397,4.929023,37.553663,0
2010-06-04,sh.600008,6.0500,6.1200,5.9900,6.0900,6.0800,5871192,35547609.0000,3,0.266872,1,0.164500,28.060035,2.713853,4.937129,37.615428,0
2010-06-07,sh.600008,5.9600,6.1000,5.9100,6.0400,6.0900,7059038,42480624.0000,3,0.320865,1,-0.821000,27.829657,2.691572,4.896595,37.306599,0
2010-06-08,sh.600008,5.9600,6.1100,5.9600,6.0500,6.0400,6014930,36301287.0000,3,0.273406,1,0.165600,27.875732,2.696028,4.904702,37.368365,0
2010-06-09,sh.600008,6.0700,6.2900,6.0000,6.2200,6.0500,10785689,66178431.0000,3,0.490259,1,2.809911,28.659017,2.771784,5.042520,38.418385,0
2010-06-10,sh.600008,6.1900,6.2700,6.1600,6.2000,6.2200,8539556,53084054.0000,3,0.388162,1,-0.321500,28.566866,2.762872,5.026306,38.294853,0
2010-06-11,sh.600008,6.2800,6.3100,6.1700,6.2300,6.2000,10031383,62626257.0000,3,0.455972,1,0.483900,28.705093,2.776241,5.050627,38.480151,0
2010-06-17,sh.600008,6.2600,6.2900,6.1400,6.1500,6.2300,5079235,31530298.0000,3,0.230874,1,-1.284100,28.336488,2.740591,4.985771,37.986024,0
2010-06-18,sh.600008,6.1500,6.2000,5.9200,6.0000,6.1500,6930901,42017215.0000,3,0.315041,1,-2.439000,27.645354,2.673747,4.864167,37.059535,0
2010-06-21,sh.600008,6.0200,6.2000,5.9600,6.2000,6.0000,9117259,55724335.0000,3,0.414421,1,3.333300,28.566866,2.762872,5.026306,38.294853,0
2010-06-22,sh.600008,6.1700,6.3700,6.1600,6.2800,6.2000,13961151,87876462.0000,3,0.634598,1,1.290300,28.935471,2.798522,5.091161,38.788980,0
2010-06-23,sh.600008,6.2300,6.3000,6.1300,6.1800,6.2800,8216531,50967440.0000,3,0.373479,1,-1.592400,28.474715,2.753959,5.010092,38.171322,0
2010-06-24,sh.600008,6.1700,6.2200,6.1200,6.1700,6.1800,4707734,29022293.0000,3,0.213988,1,-0.161800,28.428639,2.749503,5.001985,38.109556,0
2010-06-25,sh.600008,6.1600,6.1600,6.0000,6.0400,6.1700,7414592,44959463.0000,3,0.337027,1,-2.107000,27.829657,2.691572,4.896595,37.306599,0
2010-06-28,sh.600008,6.0500,6.1100,6.0000,6.0700,6.0400,5413899,32842390.0000,3,0.246086,1,0.496700,27.967883,2.704941,4.920916,37.491897,0
2010-06-29,sh.600008,6.0800,6.1300,5.5900,5.6100,6.0700,13030396,76000253.0000,3,0.592291,1,-7.578300,25.848406,2.499953,4.547996,34.650666,0
2010-06-30,sh.600008,5.5600,5.6100,5.3900,5.4700,5.6100,6619781,36324568.0000,3,0.300899,1,-2.495500,25.203348,2.437566,4.434499,33.785943,0
2010-07-01,sh.600008,5.4500,5.5200,5.3600,5.4500,5.4700,4439992,24228658.0000,3,0.201818,1,-0.365600,25.111197,2.428654,4.418285,33.662411,0
2010-07-02,sh.600008,5.4400,5.5000,5.2500,5.4900,5.4500,6081546,32864377.0000,3,0.276434,1,0.733900,25.295499,2.446479,4.450713,33.909475,0
2010-07-05,sh.600008,5.4400,5.5000,5.3100,5.4800,5.4900,4826243,26078960.0000,3,0.219375,1,-0.182100,25.249424,2.442022,4.442606,33.847709,0
2010-07-06,sh.600008,5.4800,5.6300,5.4200,5.5900,5.4800,6118303,34043186.0000,3,0.278105,1,2.007300,25.756255,2.491041,4.531782,34.527134,0
2010-07-07,sh.600008,5.5700,5.6100,5.5100,5.6000,5.5900,5556652,30999823.0000,3,0.252575,1,0.178900,25.802331,2.495497,4.539889,34.588900,0
2010-07-08,sh.600008,5.6200,5.6400,5.5100,5.5500,5.6000,5132687,28620762.0000,3,0.233304,1,-0.892900,25.571953,2.473216,4.499354,34.280070,0
2010-07-09,sh.600008,5.5500,5.7000,5.5300,5.6900,5.5500,7616966,42990904.0000,3,0.346226,1,2.522500,26.217011,2.535603,4.612852,35.144793,0
2010-07-12,sh.600008,5.6800,5.7500,5.6400,5.7100,5.6900,7956149,45402824.0000,3,0.361643,1,0.351500,26.309162,2.544516,4.629066,35.268325,0
2010-07-13,sh.600008,5.6600,5.6900,5.5600,5.5800,5.7100,5746553,32284028.0000,3,0.261207,1,-2.276700,25.710179,2.486585,4.523675,34.465368,0
2010-07-14,sh.600008,5.6700,5.7500,5.6000,5.7400,5.5800,8922253,50813245.0000,3,0.405557,1,2.867400,26.447389,2.557885,4.653386,35.453622,0
2010-07-15,sh.600008,5.7200,5.7400,5.4800,5.4900,5.7400,7963976,44691808.0000,3,0.361999,1,-4.355400,25.295499,2.446479,4.450713,33.909475,0
2010-07-16,sh.600008,5.4800,5.6000,5.4100,5.5900,5.4900,6134333,33746079.0000,3,0.278833,1,1.821501,25.756255,2.491041,4.531782,34.527134,0
2010-07-19,sh.600008,5.5300,5.7000,5.5000,5.6800,5.5900,7305565,41093026.0000,3,0.332071,1,1.610000,26.170935,2.531147,4.604745,35.083027,0
2010-07-20,sh.600008,5.7100,5.8100,5.6600,5.8000,5.6800,12361326,71061059.0000,3,0.561878,1,2.112700,26.723842,2.584622,4.702028,35.824218,0
2010-07-21,sh.600008,5.8100,5.8600,5.7500,5.8100,5.8000,12492131,72561601.0000,3,0.567824,1,0.172400,26.769918,2.589078,4.710135,35.885984,0
2010-07-22,sh.600008,5.7800,5.8800,5.7600,5.8800,5.8100,10172428,59414055.0000,3,0.462383,1,1.204800,27.092447,2.620272,4.766884,36.318345,0
2010-07-23,sh.600008,5.9000,5.9300,5.7900,5.8600,5.8800,10318312,60444501.0000,3,0.469014,1,-0.340100,27.000296,2.611360,4.750670,36.194813,0
2010-07-26,sh.600008,5.8500,5.9700,5.8200,5.9600,5.8600,11455662,67770378.0000,3,0.520712,1,1.706500,27.461052,2.655922,4.831739,36.812472,0
2010-07-27,sh.600008,5.9100,5.9600,5.8800,5.9000,5.9600,8817752,52183015.0000,3,0.400807,1,-1.006700,27.184598,2.629185,4.783098,36.441877,0
2010-07-28,sh.600008,5.9400,6.0300,5.9000,6.0100,5.9000,11829914,70807540.0000,3,0.537723,1,1.864400,27.691430,2.678203,4.872274,37.121301,0
2010-07-29,sh.600008,6.0100,6.1300,6.0100,6.0800,6.0100,14424929,87606035.0000,3,0.655679,1,1.164700,28.013959,2.709397,4.929023,37.553663,0
2010-07-30,sh.600008,6.0200,6.1100,6.0000,6.0400,6.0800,10222899,61764420.0000,3,0.464677,1,-0.657900,27.829657,2.691572,4.896595,37.306599,0
2010-08-02,sh.600008,6.0400,6.1700,6.0100,6.1400,6.0400,12008756,73362238.0000,3,0.545853,1,1.655600,28.290413,2.736134,4.977664,37.924258,0
2010-08-03,sh.600008,6.1300,6.1500,6.0100,6.0200,6.1400,12743158,77689389.0000,3,0.579234,1,-1.954400,27.737505,2.682660,4.880381,37.183067,0
2010-08-04,sh.600008,6.0200,6.0500,5.8500,6.0400,6.0200,11561446,68936030.0000,3,0.525520,1,0.332200,27.829657,2.691572,4.896595,37.306599,0
2010-08-05,sh.600008,6.0400,6.0700,5.9600,6.0000,6.0400,9637138,57902784.0000,3,0.438052,1,-0.662300,27.645354,2.673747,4.864167,37.059535,0
2010-08-06,sh.600008,5.9900,6.1300,5.9400,6.1300,6.0000,11940966,72161298.0000,3,0.542771,1,2.166700,28.244337,2.731678,4.969557,37.862492,0
2010-08-09,sh.600008,6.1300,6.2800,6.0900,6.2100,6.1300,18439184,114441590.0000,3,0.838145,1,1.305100,28.612942,2.767328,5.034413,38.356619,0
2010-08-10,sh.600008,6.2400,6.2400,5.9600,5.9700,6.2100,12889064,78458603.0000,3,0.585867,1,-3.864700,27.507128,2.660378,4.839846,36.874238,0
2010-08-11,sh.600008,6.0100,6.0600,5.9600,6.0400,5.9700,6438572,38712586.0000,3,0.292662,1,1.172500,27.829657,2.691572,4.896595,37.306599,0
2010-08-12,sh.600008,5.9800,6.1500,5.9000,6.1100,6.0400,14152830,85992500.0000,3,0.643310,1,1.158900,28.152186,2.722766,4.953343,37.738960,0
2010-08-13,sh.600008,6.1000,6.1800,6.0000,6.1800,6.1100,11299080,69192558.0000,3,0.513595,1,1.145700,28.474715,2.753959,5.010092,38.171322,0
2010-08-16,sh.600008,6.2000,6.3300,6.1400,6.2900,6.1800,19019168,118590437.0000,3,0.864508,1,1.779900,28.981546,2.802978,5.099268,38.850746,0
2010-08-17,sh.600008,6.3300,6.3500,6.2100,6.2900,6.2900,12783900,80088069.0000,3,0.581086,1,0.000000,28.981546,2.802978,5.099268,38.850746,0
2010-08-18,sh.600008,6.3000,6.3200,6.1800,6.2100,6.2900,11020274,68617110.0000,3,0.500922,1,-1.271900,28.652645,2.874486,4.792629,286.034980,0
2010-08-19,sh.600008,6.2500,6.3400,6.2200,6.2700,6.2100,15111270,94900395.0000,3,0.686876,1,0.966200,28.929482,2.902259,4.838935,288.798603,0
2010-08-20,sh.600008,6.2400,6.2400,6.0100,6.0700,6.2700,12133997,74267253.0000,3,0.551545,1,-3.189800,28.006691,2.809683,4.684583,279.586526,0
2010-08-23,sh.600008,6.0500,6.1200,6.0100,6.0400,6.0700,8068007,48875029.0000,3,0.366728,1,-0.494200,27.868273,2.795796,4.661430,278.204715,0
2010-08-24,sh.600008,6.0400,6.1400,6.0200,6.1100,6.0400,8609956,52528256.0000,3,0.391362,1,1.158900,28.191249,2.828198,4.715453,281.428942,0
2010-08-25,sh.600008,6.0700,6.1200,5.9800,5.9900,6.1100,8570785,51737868.0000,3,0.389581,1,-1.964000,27.637575,2.772652,4.622842,275.901696,0
2010-08-26,sh.600008,6.0000,6.1000,5.9700,6.0800,5.9900,10303457,62144764.0000,3,0.468339,1,1.502500,28.052831,2.814312,4.692300,280.047130,0
2010-08-27,sh.600008,6.0300,6.0600,5.9800,6.0100,6.0800,5228989,31439111.0000,3,0.237681,1,-1.151300,27.729854,2.781910,4.638277,276.822903,0
2010-08-30,sh.600008,6.0700,6.1000,6.0100,6.0900,6.0100,11618370,70450434.0000,3,0.528108,1,1.331100,28.098970,2.818940,4.700018,280.507734,0
2010-08-31,sh.600008,6.0800,6.0900,6.0000,6.0300,6.0900,10118735,61068953.0000,3,0.459942,1,-0.985200,27.822133,2.791168,4.653712,277.744111,0
2010-09-01,sh.600008,6.0600,6.0600,5.8400,5.8900,6.0300,14320460,85425162.0000,3,0.650930,1,-2.321700,27.176180,2.726364,4.545666,271.295657,0
2010-09-02,sh.600008,5.9400,5.9600,5.8600,5.9300,5.8900,11501959,68019631.0000,3,0.522816,1,0.679100,27.360738,2.744880,4.576536,273.138073,0
2010-09-03,sh.600008,5.9600,5.9700,5.8800,5.9200,5.9300,10744614,63542886.0000,3,0.488392,1,-0.168600,27.314598,2.740251,4.568819,272.677469,0
2010-09-06,sh.600008,5.9400,6.0300,5.9200,6.0300,5.9200,12991711,77701483.0000,3,0.590532,1,1.858100,27.822133,2.791168,4.653712,277.744111,0
2010-09-07,sh.600008,6.0400,6.0400,5.9600,6.0300,6.0300,9392192,56422885.0000,3,0.426918,1,0.000000,27.822133,2.791168,4.653712,277.744111,0
2010-09-08,sh.600008,6.0000,6.1000,5.9800,6.0600,6.0300,12195690,73689248.0000,3,0.554350,1,0.497508,27.960552,2.805054,4.676865,279.125923,0
2010-09-09,sh.600008,6.1400,6.1700,5.9300,5.9700,6.0600,13244755,80199306.0000,3,0.602034,1,-1.485100,27.545296,2.763395,4.607407,274.980488,0
2010-09-10,sh.600008,5.9900,6.0000,5.8600,5.9800,5.9700,10737536,63645118.0000,3,0.488070,1,0.167500,27.591435,2.768024,4.615124,275.441092,0
2010-09-13,sh.600008,5.9800,6.0400,5.9300,6.0300,5.9800,10993680,65842379.0000,3,0.499713,1,0.836100,27.822133,2.791168,4.653712,277.744111,0
2010-09-14,sh.600008,6.0300,6.0800,5.9500,6.0700,6.0300,14267426,85923104.0000,3,0.648519,1,0.663300,28.006691,2.809683,4.684583,279.586526,0
2010-09-15,sh.600008,6.1500,6.6800,6.1500,6.6800,6.0700,55558017,364696911.0000,3,2.525364,1,10.049400,30.821202,3.092040,5.155356,307.683360,0
2010-09-16,sh.600008,6.7400,6.7700,6.3000,6.3700,6.6800,57290538,372015082.0000,3,2.604115,1,-4.640700,29.390877,2.948547,4.916111,293.404641,0
2010-09-17,sh.600008,6.3800,6.4200,6.2000,6.2400,6.3700,20547728,129155970.0000,3,0.933988,1,-2.040800,28.791063,2.888373,4.815782,287.416791,0
2010-09-20,sh.600008,6.2200,6.4800,6.2100,6.2600,6.2400,22063525,139710445.0000,3,1.002887,1,0.320500,28.883342,2.897630,4.831217,288.337999,0
2010-09-21,sh.600008,6.2000,6.2800,6.1100,6.1300,6.2600,10339112,63937977.0000,3,0.469960,1,-2.076700,28.283528,2.837456,4.730888,282.350149,0
2010-09-27,sh.600008,6.1400,6.2100,6.0800,6.1800,6.1300,12228461,75195035.0000,3,0.555839,1,0.815700,28.514226,2.860600,4.769476,284.653168,0
2010-09-28,sh.600008,6.1600,6.1700,6.0000,6.0600,6.1800,13403146,81415146.0000,3,0.609234,1,-1.941700,27.960552,2.805054,4.676865,279.125923,0
2010-09-29,sh.600008,6.0600,6.0800,5.9600,5.9700,6.0600,10833111,65200386.0000,3,0.492414,1,-1.485100,27.545296,2.763395,4.607407,274.980488,0
2010-09-30,sh.600008,5.9600,6.0700,5.9400,6.0700,5.9700,7448594,44894245.0000,3,0.338572,1,1.675000,28.006691,2.809683,4.684583,279.586526,0
2010-10-08,sh.600008,6.1100,6.2300,6.0900,6.1900,6.0700,14542862,89629746.0000,3,0.661039,1,1.976900,28.560365,2.865229,4.777194,285.113772,0
2010-10-11,sh.600008,6.1900,6.3600,6.1700,6.3400,6.1900,27601585,173061583.0000,3,1.254617,1,2.423300,29.252458,2.934661,4.892958,292.022830,0
2010-10-12,sh.600008,6.3300,6.5300,6.2400,6.4400,6.3400,25145370,160573075.0000,3,1.142971,1,1.577300,29.713854,2.980949,4.970134,296.628868,0
2010-10-13,sh.600008,6.4400,6.4800,6.3100,6.4000,6.4400,20082065,128326986.0000,3,0.912821,1,-0.621100,29.529295,2.962433,4.939263,294.786453,0
2010-10-14,sh.600008,6.4300,6.4500,6.2200,6.2400,6.4000,20753260,131219569.0000,3,0.943330,1,-2.500000,28.791063,2.888373,4.815782,287.416791,0
2010-10-15,sh.600008,6.2200,6.4200,6.2100,6.4000,6.2400,20995926,133348623.0000,3,0.954360,1,2.564100,29.529295,2.962433,4.939263,294.786453,0
2010-10-18,sh.600008,6.4700,6.8000,6.3000,6.5500,6.4000,38986672,255853101.0000,3,1.772121,1,2.343800,30.221388,3.031865,5.055027,301.695510,0
2010-10-19,sh.600008,6.5500,6.6300,6.4000,6.6100,6.5500,19754596,129045860.0000,3,0.897936,1,0.916000,30.498225,3.059638,5.101333,304.459133,0
2010-10-20,sh.600008,6.4900,6.5900,6.4100,6.4800,6.6100,20505465,133110252.0000,3,0.932067,1,-1.966700,29.898412,2.999464,5.001004,298.471283,0
2010-10-21,sh.600008,6.4800,6.6000,6.4300,6.5000,6.4800,15911214,103513080.0000,3,0.723237,1,0.308600,29.990691,3.008721,5.016439,299.392491,0
2010-10-22,sh.600008,6.5000,6.5400,6.4200,6.4700,6.5000,11568998,74894582.0000,3,0.525864,1,-0.461500,29.852272,2.994835,4.993287,298.010680,0
2010-10-25,sh.600008,6.4800,6.6700,6.4400,6.6200,6.4700,20569910,135415562.0000,3,0.934996,1,2.318400,30.544365,3.064267,5.109051,304.919737,0
2010-10-26,sh.600008,6.6300,6.6500,6.5200,6.6000,6.6200,16176175,106320339.0000,3,0.735281,1,-0.302100,30.452086,3.055009,5.093615,303.998529,0
2010-10-27,sh.600008,6.6000,6.6800,6.5000,6.5100,6.6000,15402029,101544222.0000,3,0.700092,1,-1.363600,30.036830,3.013350,5.024157,299.853095,0
2010-10-28,sh.600008,6.5100,6.5200,6.3400,6.4000,6.5100,16198642,103985807.0000,3,0.736302,1,-1.689700,29.529295,2.962433,4.939263,294.786453,0
2010-10-29,sh.600008,6.4100,6.4500,6.3400,6.4200,6.4000,10324114,66055620.0000,3,0.469278,1,0.312500,29.621575,2.971691,4.954699,295.707660,0
2010-11-01,sh.600008,6.4500,6.6500,6.4100,6.6000,6.4200,19093581,125182207.0000,3,0.867890,1,2.803700,28.524845,2.975753,5.012841,62.594153,0
2010-11-02,sh.600008,6.6300,6.8300,6.5400,6.6800,6.6000,31801423,213099298.0000,3,1.445519,1,1.212100,28.870600,3.011823,5.073602,63.352870,0
2010-11-03,sh.600008,6.6700,6.7700,6.5600,6.5800,6.6800,17320077,115725376.0000,3,0.787276,1,-1.497000,28.438406,2.966736,4.997650,62.404474,0
2010-11-04,sh.600008,6.5800,6.7400,6.5800,6.7100,6.5800,14440665,96465605.0000,3,0.656394,1,1.975700,29.000259,3.025349,5.096388,63.637389,0
2010-11-05,sh.600008,6.7500,6.9400,6.7100,6.9100,6.7100,30700243,210339782.0000,3,1.395466,1,2.980600,29.864648,3.115524,5.248292,65.534182,0
2010-11-08,sh.600008,6.9100,7.0900,6.8800,6.9700,6.9100,26694134,186219693.0000,3,1.213370,1,0.868300,30.123965,3.142576,5.293864,66.103219,0
2010-11-09,sh.600008,6.9600,7.0000,6.8100,6.9000,6.9700,20318021,139635410.0000,3,0.923546,1,-1.004300,29.821429,3.111015,5.240697,65.439342,0
2010-11-10,sh.600008,6.8800,6.9400,6.7300,6.9200,6.9000,20303214,138876020.0000,3,0.922873,1,0.289900,29.907868,3.120032,5.255888,65.629021,0
2010-11-11,sh.600008,6.8700,7.2300,6.8500,6.9300,6.9200,37659603,266403173.0000,3,1.711800,1,0.144500,29.951087,3.124541,5.263483,65.723861,0
2010-11-12,sh.600008,6.9400,7.1700,6.5600,6.6600,6.9300,41091756,282373786.0000,3,1.867807,1,-3.896100,28.784162,3.002806,5.058412,63.163191,0
2010-11-15,sh.600008,6.6900,7.2500,6.6400,7.2100,6.6600,43149774,299472007.0000,3,1.961353,1,8.258300,31.161232,3.250785,5.476149,68.379370,0
2010-11-16,sh.600008,7.0800,7.2200,6.7600,6.9000,7.2100,31145697,218403050.0000,3,1.415713,1,-4.299600,29.821429,3.111015,5.240697,65.439342,0
2010-11-17,sh.600008,6.8500,6.9000,6.3600,6.4900,6.9000,20855355,139164456.0000,3,0.947971,1,-5.942000,28.049431,2.926158,4.929293,61.550917,0
2010-11-18,sh.600008,6.5600,6.6300,6.4000,6.5000,6.4900,13682209,88892004.0000,3,0.621919,1,0.154100,28.092650,2.930666,4.936889,61.645757,0
2010-11-19,sh.600008,6.5600,6.7400,6.4900,6.6900,6.5000,17029143,112932840.0000,3,0.774052,1,2.923100,28.913820,3.016332,5.081198,63.447710,0
2010-11-22,sh.600008,6.6400,6.8500,6.5900,6.7200,6.6900,16178032,109036466.0000,3,0.735365,1,0.448400,29.043478,3.029858,5.103983,63.732229,0
2010-11-23,sh.600008,6.7400,7.2500,6.7300,7.0100,6.7200,49333775,347137978.0000,3,2.242444,1,4.315500,30.296843,3.160611,5.324245,66.482578,0
2010-11-24,sh.600008,6.9400,7.0800,6.8400,7.0700,7.0100,23221853,161875150.0000,3,1.055539,1,0.855900,30.556159,3.187663,5.369816,67.051616,0
2010-11-25,sh.600008,7.0800,7.1700,6.9700,7.0800,7.0700,21672148,152830786.0000,3,0.985098,1,0.141400,30.599379,3.192172,5.377411,67.146455,0
2010-11-26,sh.600008,7.1300,7.3400,7.0500,7.1500,7.0800,37445644,270062322.0000,3,1.702075,1,0.988700,30.901915,3.223733,5.430578,67.810333,0
2010-11-29,sh.600008,7.1000,7.1400,6.8800,7.0100,7.1500,21801787,152403492.0000,3,0.990990,1,-1.958000,30.296843,3.160611,5.324245,66.482578,0
2010-11-30,sh.600008,6.9900,7.0200,6.6200,6.8000,7.0100,25053576,170817701.0000,3,1.138799,1,-2.995700,29.389234,3.065928,5.164745,64.490946,0
2010-12-01,sh.600008,6.7900,7.4100,6.7000,7.2400,6.8000,37315296,265151513.0000,3,1.696150,1,6.470600,31.290890,3.264311,5.498934,68.663889,0
2010-12-02,sh.600008,7.2400,7.2400,7.2400,7.2400,7.2400,0,0.0000,3,,0,0.000000,31.290890,3.264311,5.498934,68.663889,0
2010-12-03,sh.600008,7.2100,7.2500,6.9800,7.1600,7.2400,22765070,161475527.0000,3,1.034776,1,-1.105000,30.945135,3.228242,5.438173,67.905172,0
2010-12-06,sh.600008,7.1800,7.2400,6.9700,7.1200,7.1600,18692630,133083074.0000,3,0.849665,1,-0.558700,30.772257,3.210207,5.407792,67.525814,0
2010-12-07,sh.600008,7.1200,7.2200,6.9000,7.1900,7.1200,17939349,127571478.0000,3,0.815425,1,0.983100,31.074793,3.241768,5.460958,68.189691,0
2010-12-08,sh.600008,7.3400,7.4200,7.0700,7.0700,7.1900,27738491,200725238.0000,3,1.260841,1,-1.669000,30.556159,3.187663,5.369816,67.051616,0
2010-12-09,sh.600008,7.0500,7.0900,6.8800,6.8800,7.0700,18619847,129705762.0000,3,0.846357,1,-2.687400,29.734990,3.101997,5.225507,65.249663,0
2010-12-10,sh.600008,6.8700,7.0500,6.8000,7.0200,6.8800,11477163,80109956.0000,3,0.521689,1,2.034900,30.340062,3.165120,5.331840,66.577417,0
2010-12-13,sh.600008,7.0200,7.3900,7.0200,7.2800,7.0200,31251103,226151748.0000,3,1.420505,1,3.703700,31.463768,3.282346,5.529315,69.043248,0
2010-12-14,sh.600008,7.2800,7.4200,7.2300,7.3200,7.2800,27297064,199846008.0000,3,1.240776,1,0.549500,31.636646,3.300381,5.559696,69.422606,0
2010-12-15,sh.600008,7.3000,7.5500,7.1800,7.4800,7.3200,33031019,243097453.0000,3,1.501410,1,2.185800,32.328157,3.372521,5.681220,70.940040,0
2010-12-16,sh.600008,7.4300,7.4900,7.3000,7.3900,7.4800,20440899,151226614.0000,3,0.929132,1,-1.203200,31.939182,3.331942,5.612863,70.086484,0
2010-12-17,sh.600008,7.3800,7.5000,7.2700,7.3900,7.3900,15270529,112802504.0000,3,0.694115,1,0.000000,31.939182,3.331942,5.612863,70.086484,0
2010-12-20,sh.600008,7.3700,7.4300,7.0100,7.2100,7.3900,23996845,173315174.0000,3,1.090766,1,-2.435700,31.161232,3.250785,5.476149,68.379370,0
2010-12-21,sh.600008,7.1900,7.3300,7.1700,7.2300,7.2100,19394492,140777668.0000,3,0.881568,1,0.277400,31.247671,3.259803,5.491339,68.569050,0
2010-12-22,sh.600008,7.2400,7.2800,7.1200,7.1400,7.2300,15666830,112393451.0000,3,0.712129,1,-1.244800,30.858696,3.219224,5.422982,67.715493,0
2010-12-23,sh.600008,7.1300,7.2200,7.0400,7.0800,7.1400,13812003,98557494.0000,3,0.627818,1,-0.840300,30.599379,3.192172,5.377411,67.146455,0
2010-12-24,sh.600008,7.0800,7.0800,7.0800,7.0800,7.0800,0,0.0000,3,,0,0.000000,30.599379,3.192172,5.377411,67.146455,0
2010-12-27,sh.600008,7.0800,7.1500,6.8100,6.8500,7.0800,19042416,133296101.0000,3,0.865564,1,-3.248600,29.605331,3.088471,5.202721,64.965144,0
2010-12-28,sh.600008,6.8600,6.8900,6.6200,6.6800,6.8500,13299541,89367303.0000,3,0.604525,1,-2.481800,28.870600,3.011823,5.073602,63.352870,0
2010-12-29,sh.600008,6.6900,6.7600,6.6300,6.7300,6.6800,6596585,44168167.0000,3,0.299845,1,0.748500,29.086698,3.034367,5.111579,63.827068,0
2010-12-30,sh.600008,6.7400,6.7600,6.5000,6.6400,6.7300,9188006,61097118.0000,3,0.417637,1,-1.337300,28.697723,2.993788,5.043222,62.973512,0
2010-12-31,sh.600008,6.6700,6.7500,6.6300,6.7300,6.6400,7162948,48014980.0000,3,0.325589,1,1.355400,29.086698,3.034367,5.111579,63.827068,0
2011-01-04,sh.600008,6.8000,6.8800,6.7300,6.8000,6.7300,14148453,96046701.0000,3,0.643112,1,1.040100,29.389234,3.065928,5.164745,64.490946,0
2011-01-05,sh.600008,6.7800,6.9500,6.7500,6.9100,6.8000,14200515,97557501.0000,3,0.645478,1,1.617600,29.864648,3.115524,5.248292,65.534182,0
2011-01-06,sh.600008,6.8800,6.9200,6.7800,6.8300,6.9100,10877755,74395908.0000,3,0.494443,1,-1.157700,29.518892,3.079454,5.187531,64.775465,0
2011-01-07,sh.600008,6.7800,6.8800,6.7100,6.7700,6.8300,10208606,69298362.0000,3,0.464028,1,-0.878500,29.259576,3.052402,5.141959,64.206427,0
2011-01-10,sh.600008,6.8000,6.8400,6.6100,6.6300,6.7700,8533854,57515882.0000,3,0.387902,1,-2.067900,28.654503,2.989280,5.035626,62.878672,0
2011-01-11,sh.600008,6.6100,6.6600,6.5300,6.6100,6.6300,8114930,53469721.0000,3,0.368860,1,-0.301700,28.568064,2.980262,5.020436,62.688993,0
2011-01-12,sh.600008,6.6400,6.6600,6.5500,6.6300,6.6100,5889242,38942838.0000,3,0.267693,1,0.302600,28.654503,2.989280,5.035626,62.878672,0
2011-01-13,sh.600008,6.6600,6.6800,6.5600,6.5700,6.6300,5349909,35335733.0000,3,0.243178,1,-0.905000,28.395186,2.962227,4.990055,62.309634,0
2011-01-14,sh.600008,6.5500,6.5600,6.3700,6.3800,6.5700,9986341,64504845.0000,3,0.453925,1,-2.891900,27.574017,2.876562,4.845746,60.507681,0
2011-01-17,sh.600008,6.3600,6.3900,6.0800,6.1200,6.3800,10095553,63139750.0000,3,0.458889,1,-4.075200,26.450311,2.759335,4.648271,58.041851,0
2011-01-18,sh.600008,6.1100,6.1900,6.0700,6.1400,6.1200,5083200,31123406.0000,3,0.231055,1,0.326800,26.536750,2.768352,4.663461,58.231530,0
2011-01-19,sh.600008,6.1400,6.2500,6.1000,6.2400,6.1400,6708179,41445869.0000,3,0.304917,1,1.628700,26.968944,2.813440,4.739413,59.179927,0
2011-01-20,sh.600008,6.2200,6.2200,5.9700,6.0000,6.2400,8382551,50883722.0000,3,0.381025,1,-3.846200,25.931677,2.705230,4.557128,56.903776,0
2011-01-21,sh.600008,6.0000,6.1400,5.9800,6.0600,6.0000,6061201,36709424.0000,3,0.275509,1,1.000000,26.190994,2.732283,4.602699,57.472813,0
2011-01-24,sh.600008,6.0900,6.1900,6.0600,6.0900,6.0600,5594002,34299433.0000,3,0.254273,1,0.495000,26.320652,2.745809,4.625485,57.757332,0
2011-01-25,sh.600008,6.0900,6.1800,6.0500,6.0700,6.0900,3590670,21890128.0000,3,0.163212,1,-0.328400,26.234213,2.736791,4.610294,57.567653,0
2011-01-26,sh.600008,6.0800,6.1800,6.0800,6.1600,6.0700,3678120,22581492.0000,3,0.167187,1,1.482700,26.623188,2.777370,4.678651,58.421210,0
2011-01-27,sh.600008,6.1100,6.3300,6.0600,6.2600,6.1600,11079646,68698751.0000,3,0.503620,1,1.623400,27.055383,2.822457,4.754604,59.369606,0
2011-01-28,sh.600008,6.2500,6.3300,6.2200,6.2800,6.2600,6261962,39296374.0000,3,0.284635,1,0.319500,27.141822,2.831474,4.769794,59.559285,0
2011-01-31,sh.600008,6.3800,6.8700,6.3800,6.7300,6.2800,28117973,186701257.0000,3,1.278090,1,7.165600,29.086698,3.034367,5.111579,63.827068,0
2011-02-01,sh.600008,6.7300,6.7400,6.5400,6.5900,6.7300,13421655,88704158.0000,3,0.610075,1,-2.080200,28.481625,2.971245,5.005246,62.499314,0
2011-02-09,sh.600008,6.5600,6.9800,6.5100,6.8400,6.5900,20052233,135009850.0000,3,0.911465,1,3.793600,29.562112,3.083963,5.195126,64.870304,0
2011-02-10,sh.600008,6.7600,6.8500,6.7300,6.8200,6.8400,13073465,88662852.0000,3,0.594248,1,-0.292400,29.475673,3.074945,5.179935,64.680625,0
2011-02-11,sh.600008,6.8100,6.8700,6.7500,6.7900,6.8200,11533928,78504147.0000,3,0.524269,1,-0.439900,29.346015,3.061419,5.157150,64.396106,0
2011-02-14,sh.600008,6.7700,6.8800,6.6500,6.8300,6.7900,17510309,118906239.0000,3,0.795923,1,0.589100,29.518892,3.079454,5.187531,64.775465,0
2011-02-15,sh.600008,6.8600,6.9700,6.7900,6.8100,6.8300,18676734,128573631.0000,3,0.848942,1,-0.292800,29.432453,3.070436,5.172340,64.585785,0
2011-02-16,sh.600008,6.7800,6.8400,6.7100,6.8200,6.8100,12217558,82773466.0000,3,0.555344,1,0.146800,29.475673,3.074945,5.179935,64.680625,0
2011-02-17,sh.600008,6.8600,6.9500,6.7500,6.9300,6.8200,20941316,143776961.0000,3,0.951878,1,1.612900,29.951087,3.124541,5.263483,65.723861,0
2011-02-18,sh.600008,6.8900,6.9000,6.7700,6.7800,6.9300,11041279,75396450.0000,3,0.501876,1,-2.164500,29.302795,3.056910,5.149555,64.301266,0
2011-02-21,sh.600008,6.8100,6.8900,6.7700,6.8600,6.7800,11675954,79696205.0000,3,0.530725,1,1.179900,29.648551,3.092980,5.210316,65.059983,0
2011-02-22,sh.600008,6.8500,6.8700,6.6000,6.6200,6.8600,17189216,115295847.0000,3,0.781328,1,-3.498500,28.611284,2.984771,5.028031,62.783832,0
2011-02-23,sh.600008,6.6000,6.6700,6.5600,6.6300,6.6200,8644509,57269325.0000,3,0.392932,1,0.151100,28.654503,2.989280,5.035626,62.878672,0
2011-02-24,sh.600008,6.6000,6.6900,6.5800,6.6700,6.6300,8200407,54361621.0000,3,0.372746,1,0.603300,28.827381,3.007314,5.066007,63.258031,0
2011-02-25,sh.600008,6.6600,6.8100,6.6200,6.7500,6.6700,10929586,73575480.0000,3,0.496799,1,1.199400,29.173137,3.043384,5.126769,64.016748,0
2011-02-28,sh.600008,6.7700,6.9200,6.7200,6.8600,6.7500,14939962,102418620.0000,3,0.679089,1,1.629600,29.648551,3.092980,5.210316,65.059983,0
2011-03-01,sh.600008,6.8900,6.8900,6.7900,6.8600,6.8600,10573523,72310893.0000,3,0.480615,1,0.000000,29.648551,3.092980,5.210316,65.059983,0
2011-03-02,sh.600008,6.8100,6.8100,6.6100,6.7200,6.8600,10870136,73117911.0000,3,0.494097,1,-2.040800,29.043478,3.029858,5.103983,63.732229,0
2011-03-03,sh.600008,6.7200,6.7900,6.6500,6.6900,6.7200,8415258,56569394.0000,3,0.382512,1,-0.446400,28.913820,3.016332,5.081198,63.447710,0
2011-03-04,sh.600008,6.6600,6.8200,6.6100,6.8100,6.6900,11384473,76936363.0000,3,0.517476,1,1.793700,29.432453,3.070436,5.172340,64.585785,0
2011-03-07,sh.600008,6.8200,6.9000,6.7800,6.8700,6.8100,14137115,96887647.0000,3,0.642596,1,0.881100,29.691770,3.097489,5.217912,65.154823,0
2011-03-08,sh.600008,6.8900,6.9200,6.8400,6.9000,6.8700,13437165,92498061.0000,3,0.610780,1,0.436700,29.821429,3.111015,5.240697,65.439342,0
2011-03-09,sh.600008,6.9100,6.9500,6.8400,6.8700,6.9000,11334632,77995066.0000,3,0.515211,1,-0.434800,29.691770,3.097489,5.217912,65.154823,0
2011-03-10,sh.600008,6.8700,6.9300,6.7500,6.8000,6.8700,14827761,101482479.0000,3,0.673989,1,-1.018900,29.389234,3.065928,5.164745,64.490946,0
2011-03-11,sh.600008,6.7900,6.8300,6.7000,6.7200,6.8000,14366582,97109542.0000,3,0.653026,1,-1.176500,29.043478,3.029858,5.103983,63.732229,0
2011-03-14,sh.600008,6.6900,6.7400,6.6300,6.7000,6.7200,10792512,72089904.0000,3,0.490569,1,-0.297600,28.957039,3.020841,5.088793,63.542549,0
2011-03-15,sh.600008,6.6800,6.6800,6.3700,6.4500,6.7000,21198175,137206315.0000,3,0.963553,1,-3.731300,27.876553,2.908123,4.898913,61.171559,0
2011-03-16,sh.600008,6.4900,6.5900,6.4400,6.5500,6.4500,12664077,82420365.0000,3,0.575640,1,1.550400,28.308747,2.953210,4.974865,62.119955,0
2011-03-17,sh.600008,6.5000,6.5400,6.3900,6.4300,6.5500,11570849,74715751.0000,3,0.525948,1,-1.832100,27.790114,2.899105,4.883722,60.981880,0
2011-03-18,sh.600008,6.4500,6.5000,6.4200,6.4400,6.4300,6582452,42487823.0000,3,0.299202,1,0.155500,27.833333,2.903614,4.891317,61.076719,0
2011-03-21,sh.600008,6.4300,6.5200,6.4100,6.4300,6.4400,7173708,46289535.0000,3,0.326078,1,-0.155300,27.790114,2.899105,4.883722,60.981880,0
2011-03-22,sh.600008,6.4500,6.5500,6.4000,6.5400,6.4300,11408254,74087219.0000,3,0.518557,1,1.710700,28.265528,2.948701,4.967270,62.025115,0
2011-03-23,sh.600008,6.5300,6.6100,6.4800,6.6100,6.5400,13361099,87583553.0000,3,0.607323,1,1.070300,28.568064,2.980262,5.020436,62.688993,0
2011-03-24,sh.600008,6.6200,6.6200,6.5300,6.5400,6.6100,8834347,58091709.0000,3,0.401561,1,-1.059000,28.265528,2.948701,4.967270,62.025115,0
2011-03-25,sh.600008,6.5600,6.6200,6.5300,6.5900,6.5400,9844501,64918255.0000,3,0.447477,1,0.764500,28.481625,2.971245,5.005246,62.499314,0
2011-03-28,sh.600008,6.6000,6.9100,6.6000,6.8300,6.5900,42113891,286259861.0000,3,1.914268,1,3.641900,29.518892,3.079454,5.187531,64.775465,0
2011-03-29,sh.600008,6.8700,7.0600,6.8700,6.9600,6.8300,49718741,346060437.0000,3,2.259943,1,1.903400,30.080745,3.138067,5.286268,66.008380,0
2011-03-30,sh.600008,6.9400,6.9700,6.7800,6.8200,6.9600,18956494,130396800.0000,3,0.861659,1,-2.011500,29.475673,3.074945,5.179935,64.680625,0
2011-03-31,sh.600008,6.8200,6.8200,6.8200,6.8200,6.8200,0,0.0000,3,,0,0.000000,29.475673,3.074945,5.179935,64.680625,0
2011-04-01,sh.600008,6.8100,7.0100,6.6900,7.0000,6.8200,21904760,149305967.0000,3,0.995671,1,2.639300,30.253623,3.156102,5.316649,66.387738,0
2011-04-06,sh.600008,6.9400,7.0400,6.8900,6.9500,7.0000,21286750,148432959.0000,3,0.967580,1,-0.714300,30.037526,3.133559,5.278673,65.913540,0
2011-04-07,sh.600008,6.9800,6.9800,6.7900,6.8700,6.9500,15921715,109101782.0000,3,0.723714,1,-1.151100,29.691770,3.097489,5.217912,65.154823,0
2011-04-08,sh.600008,6.8700,6.8800,6.7900,6.8500,6.8700,15288982,104525719.0000,3,0.694954,1,-0.291100,31.222261,2.937336,4.962688,-50.682314,0
2011-04-11,sh.600008,6.8600,6.9300,6.8000,6.8100,6.8500,13314966,91534416.0000,3,0.605226,1,-0.583900,31.039941,2.920184,4.933709,-50.386359,0
2011-04-12,sh.600008,6.7800,6.9800,6.7600,6.9600,6.8100,18664674,128791638.0000,3,0.848394,1,2.202600,31.723640,2.984505,5.042381,-51.496191,0
2011-04-13,sh.600008,6.9300,7.0500,6.8000,7.0400,6.9600,21092704,146444001.0000,3,0.958759,1,1.149400,32.088279,3.018810,5.100339,-52.088101,0
2011-04-14,sh.600008,7.0500,7.0500,6.8900,6.9000,7.0400,11699095,81278910.0000,3,0.531777,1,-1.988600,31.450160,2.958776,4.998912,-51.052258,0
2011-04-15,sh.600008,6.8800,6.9200,6.7900,6.9000,6.9000,12845903,88039748.0000,3,0.583905,1,0.000000,31.450160,2.958776,4.998912,-51.052258,0
2011-04-18,sh.600008,6.8700,7.0200,6.8500,6.9500,6.9000,19194756,133245239.0000,3,0.872489,1,0.724600,31.678060,2.980217,5.035136,-51.422202,0
2011-04-19,sh.600008,6.9000,6.9000,6.7800,6.8000,6.9500,13125159,89518140.0000,3,0.596598,1,-2.158300,30.994361,2.915896,4.926464,-50.312370,0
2011-04-20,sh.600008,6.8100,6.8900,6.8100,6.8300,6.8000,8817708,60414237.0000,3,0.400805,1,0.441200,31.131101,2.928760,4.948198,-50.534337,0
2011-04-21,sh.600008,6.8700,6.9700,6.8200,6.9400,6.8300,14997148,103573387.0000,3,0.681689,1,1.610500,31.632480,2.975929,5.027891,-51.348213,0
2011-04-22,sh.600008,6.9800,7.0500,6.9400,6.9700,6.9400,21122136,147709728.0000,3,0.960097,1,0.432300,31.769220,2.988793,5.049626,-51.570180,0
2011-04-25,sh.600008,6.9800,6.9800,6.7700,6.7700,6.9700,16308522,111430750.0000,3,0.741296,1,-2.869400,30.857621,2.903031,4.904730,-50.090404,0
2011-04-26,sh.600008,6.7700,6.8200,6.6500,6.7100,6.7700,8841471,59662852.0000,3,0.401885,1,-0.886300,30.584141,2.877303,4.861261,-49.646471,0
2011-04-27,sh.600008,6.7100,6.7700,6.6000,6.6400,6.7100,8372422,55924359.0000,3,0.380565,1,-1.043200,30.265082,2.847286,4.810547,-49.128550,0
2011-04-28,sh.600008,6.6600,6.7100,6.5000,6.5200,6.6400,8292309,54727470.0000,3,0.376923,1,-1.807200,29.718122,2.795829,4.723610,-48.240685,0
2011-04-29,sh.600008,6.5500,6.6700,6.5500,6.6400,6.5200,6362552,42091030.0000,3,0.289207,1,1.840500,28.055471,2.805302,4.634162,-35.266470,0
2011-05-03,sh.600008,6.6400,6.7900,6.6100,6.7500,6.6400,8103239,54390021.0000,3,0.368329,1,1.656600,28.520245,2.851775,4.710933,-35.850703,0
2011-05-04,sh.600008,6.7100,6.7400,6.4600,6.4700,6.7500,14368155,94820717.0000,3,0.653098,1,-4.148100,27.337183,2.733479,4.515517,-34.363563,0
2011-05-05,sh.600008,6.4600,6.5700,6.4500,6.5200,6.4700,5311182,34668788.0000,3,0.241417,1,0.772800,27.548444,2.754604,4.550412,-34.629124,0
2011-05-06,sh.600008,6.4800,6.5800,6.4600,6.5600,6.5200,4543475,29712699.0000,3,0.206522,1,0.613500,27.717453,2.771503,4.578329,-34.841572,0
2011-05-09,sh.600008,6.5700,6.6100,6.5200,6.5500,6.5600,5228722,34313658.0000,3,0.237669,1,-0.152400,27.675201,2.767278,4.571350,-34.788460,0
2011-05-10,sh.600008,6.5600,6.6300,6.5400,6.6300,6.5500,6174413,40696854.0000,3,0.280655,1,1.221400,28.013219,2.801077,4.627183,-35.213358,0
2011-05-11,sh.600008,6.6100,6.7600,6.5500,6.7000,6.6300,11700619,78177468.0000,3,0.531846,1,1.055800,28.308984,2.830651,4.676037,-35.585143,0
2011-05-12,sh.600008,6.7000,6.7000,6.7000,6.7000,6.7000,0,0.0000,3,,0,0.000000,28.308984,2.830651,4.676037,-35.585143,0
2011-05-13,sh.600008,6.6300,6.6800,6.5500,6.6700,6.7000,7997337,52943394.0000,3,0.363515,1,-0.447800,28.182228,2.817976,4.655100,-35.425806,0
2011-05-16,sh.600008,6.6600,6.7300,6.5900,6.6200,6.6700,5184109,34462763.0000,3,0.235641,1,-0.749600,27.970967,2.796852,4.620204,-35.160245,0
2011-05-17,sh.600008,6.6300,6.6500,6.4600,6.5900,6.6200,5712751,37515478.0000,3,0.259670,1,-0.453200,27.844210,2.784178,4.599266,-35.000909,0
2011-05-18,sh.600008,6.5800,6.6300,6.5500,6.5800,6.5900,4780977,31493782.0000,3,0.217317,1,-0.151700,27.801958,2.779953,4.592287,-34.947797,0
2011-05-19,sh.600008,6.5700,6.6300,6.4800,6.5000,6.5800,5355103,35086659.0000,3,0.243414,1,-1.215800,27.463940,2.746154,4.536454,-34.522900,0
2011-05-20,sh.600008,6.5000,6.5400,6.4700,6.4900,6.5000,3996183,25978410.0000,3,0.181645,1,-0.153800,27.421688,2.741929,4.529475,-34.469787,0
2011-05-23,sh.600008,6.4900,6.4900,6.4900,6.4900,6.4900,0,0.0000,3,,0,0.000000,27.421688,2.741929,4.529475,-34.469787,0
2011-05-24,sh.600008,6.2800,6.3000,6.0900,6.2100,6.4900,9369445,58006535.0000,3,0.425884,1,-4.314300,26.238626,2.623633,4.334058,-32.982647,0
2011-05-25,sh.600008,6.2100,6.2300,6.1000,6.1100,6.2100,6308127,38804974.0000,3,0.286733,1,-1.610300,25.816104,2.581385,4.264267,-32.451526,0
2011-05-26,sh.600008,6.1700,6.1700,6.0800,6.1000,6.1100,5001204,30662090.0000,3,0.227327,1,-0.163700,25.773851,2.577160,4.257288,-32.398413,0
2011-05-27,sh.600008,6.1000,6.2000,6.1000,6.1200,6.1000,6220516,38184394.0000,3,0.282751,1,0.327900,25.858356,2.585609,4.271246,-32.504638,0
2011-05-30,sh.600008,6.1400,6.2000,6.1000,6.1300,6.1200,4948455,30502318.0000,3,0.224930,1,0.163400,25.900608,2.589834,4.278225,-32.557750,0
2011-05-31,sh.600008,6.0500,6.1100,5.9100,6.0800,6.0000,4335367,26068014.0000,3,0.197062,1,1.333300,25.689347,2.568710,4.243329,-32.292189,0
2011-06-01,sh.600008,6.0600,6.0600,5.9900,6.0200,6.0800,4307246,25938358.0000,3,0.195784,1,-0.986800,25.435834,2.543361,4.201454,-31.973516,0
2011-06-02,sh.600008,5.9800,5.9800,5.8500,5.9000,6.0200,4845844,28629241.0000,3,0.220266,1,-1.993400,24.928807,2.492663,4.117704,-31.336170,0
2011-06-03,sh.600008,5.9100,5.9600,5.9000,5.9600,5.9000,3455826,20499359.0000,3,0.157083,1,1.016900,25.182320,2.518012,4.159579,-31.654843,0
2011-06-07,sh.600008,5.9500,6.0300,5.9400,6.0200,5.9600,3956929,23692663.0000,3,0.179860,1,1.006700,25.435834,2.543361,4.201454,-31.973516,0
2011-06-08,sh.600008,6.0200,6.0600,5.9300,6.0200,6.0200,4503944,27063302.0000,3,0.204725,1,0.000000,25.435834,2.543361,4.201454,-31.973516,0
2011-06-09,sh.600008,6.0200,6.2100,6.0000,6.0200,6.0200,6345057,38580191.0000,3,0.288412,1,0.000000,25.435834,2.543361,4.201454,-31.973516,0
2011-06-10,sh.600008,6.0100,6.1100,6.0000,6.1000,6.0200,5336057,32288549.0000,3,0.242548,1,1.328900,25.773851,2.577160,4.257288,-32.398413,0
2011-06-13,sh.600008,6.0800,6.0800,5.9500,6.0100,6.1000,3900869,23429050.0000,3,0.177312,1,-1.475400,25.393581,2.539136,4.194475,-31.920404,0
2011-06-14,sh.600008,6.0100,6.1400,6.0100,6.0800,6.0100,12140079,73631074.0000,3,0.551822,1,1.164700,25.689347,2.568710,4.243329,-32.292189,0
2011-06-15,sh.600008,6.0400,6.0800,5.9500,5.9600,6.0800,7301228,43816413.0000,3,0.331874,1,-1.973700,25.182320,2.518012,4.159579,-31.654843,0
2011-06-16,sh.600008,5.8500,5.9000,5.6900,5.7200,5.9600,8465580,49036897.0000,3,0.384799,1,-4.026800,24.168267,2.416615,3.992080,-30.380152,0
2011-06-17,sh.600008,5.7200,5.7600,5.6000,5.6400,5.7200,4294986,24509896.0000,3,0.195227,1,-1.398600,23.830249,2.382817,3.936246,-29.955254,0
2011-06-20,sh.600008,5.6900,5.6900,5.4900,5.5200,5.6400,4932991,27530173.0000,3,0.224227,1,-2.127700,23.323223,2.332118,3.852496,-29.317909,0
2011-06-21,sh.600008,5.5400,5.5800,5.4000,5.5200,5.5200,9755524,53498084.0000,3,0.443433,1,0.000000,23.323223,2.332118,3.852496,-29.317909,0
2011-06-22,sh.600008,5.4900,5.5100,5.4400,5.5000,5.5200,4445471,24366490.0000,3,0.202067,1,-0.362300,23.238718,2.323669,3.838538,-29.211684,0
2011-06-23,sh.600008,5.5000,5.5800,5.4000,5.5600,5.5000,6087086,33503343.0000,3,0.276686,1,1.090900,23.492232,2.349018,3.880413,-29.530357,0
2011-06-24,sh.600008,5.5600,5.7500,5.5200,5.6800,5.5600,8881343,50105843.0000,3,0.403697,1,2.158300,23.999258,2.399716,3.964163,-30.167703,0
2011-06-27,sh.600008,5.6800,5.7300,5.6000,5.6800,5.6800,7482844,42439286.0000,3,0.340129,1,0.000000,23.999258,2.399716,3.964163,-30.167703,0
2011-06-28,sh.600008,5.6800,5.7100,5.6200,5.7000,5.6800,4693099,26600638.0000,3,0.213323,1,0.352100,24.083763,2.408166,3.978121,-30.273927,0
2011-06-29,sh.600008,5.7100,5.7100,5.6100,5.6300,5.7000,6545750,37046473.0000,3,0.297534,1,-1.228100,23.787997,2.378592,3.929267,-29.902142,0
2011-06-30,sh.600008,5.6100,5.6900,5.5700,5.6600,5.6300,12530191,70637334.0000,3,0.569554,1,0.532900,23.914754,2.391266,3.950205,-30.061479,0
2011-07-01,sh.600008,5.6700,5.7600,5.6100,5.6800,5.6600,9790121,55601704.0000,3,0.445005,1,0.353400,23.999258,2.399716,3.964163,-30.167703,0
2011-07-04,sh.600008,5.7200,5.8800,5.6800,5.8700,5.6800,14076581,81648146.0000,3,0.639845,1,3.345100,24.802050,2.479988,4.096767,-31.176834,0
2011-07-05,sh.600008,5.8600,5.8800,5.7800,5.8300,5.8700,8023999,46657767.0000,3,0.364727,1,-0.681400,24.633042,2.463089,4.068850,-30.964385,0
2011-07-06,sh.600008,5.8400,5.8400,5.7600,5.7900,5.8300,5281621,30574935.0000,3,0.240074,1,-0.686100,24.464033,2.446189,4.040934,-30.751937,0
2011-07-07,sh.600008,5.8100,5.8300,5.7400,5.7900,5.7900,8575993,49672189.0000,3,0.389818,1,0.000000,24.464033,2.446189,4.040934,-30.751937,0
2011-07-08,sh.600008,5.8200,5.8600,5.7700,5.8200,5.7900,5795715,33696155.0000,3,0.263442,1,0.518138,24.590789,2.458864,4.061871,-30.911273,0
2011-07-11,sh.600008,5.8600,5.9400,5.8500,5.8900,5.8200,10722330,63165536.0000,3,0.487379,1,1.202700,24.886555,2.488438,4.110725,-31.283058,0
2011-07-12,sh.600008,5.8200,5.9600,5.7300,5.8100,5.8900,11349324,66356670.0000,3,0.515878,1,-1.358200,24.548537,2.454639,4.054892,-30.858161,0
2011-07-13,sh.600008,5.8000,5.8600,5.7600,5.8500,5.8100,7753602,45141800.0000,3,0.352436,1,0.688500,24.717546,2.471538,4.082809,-31.070610,0
2011-07-14,sh.600008,5.8500,5.9000,5.8200,5.9000,5.8500,8012257,46974974.0000,3,0.364194,1,0.854700,24.928807,2.492663,4.117704,-31.336170,0
2011-07-15,sh.600008,5.8800,5.9200,5.8300,5.8900,5.9000,6516922,38272930.0000,3,0.296224,1,-0.169500,24.886555,2.488438,4.110725,-31.283058,0
2011-07-18,sh.600008,5.8900,5.9500,5.8300,5.8500,5.8900,6584836,38768653.0000,3,0.299311,1,-0.679100,24.717546,2.471538,4.082809,-31.070610,0
2011-07-19,sh.600008,5.8400,5.8400,5.7400,5.7700,5.8500,8532529,49265508.0000,3,0.387842,1,-1.367500,24.379528,2.437740,4.026975,-30.645712,0
2011-07-20,sh.600008,6.0000,6.2000,5.9700,6.0200,5.7700,33979266,205465736.0000,3,1.544512,1,4.332800,25.435834,2.543361,4.201454,-31.973516,0
2011-07-21,sh.600008,6.0100,6.0100,5.8500,5.8500,6.0200,12570876,74149975.0000,3,0.571403,1,-2.823900,24.717546,2.471538,4.082809,-31.070610,0
2011-07-22,sh.600008,5.8400,5.9000,5.8100,5.8500,5.8500,6533024,38226467.0000,3,0.296956,1,0.000000,24.717546,2.471538,4.082809,-31.070610,0
2011-07-25,sh.600008,5.8000,5.8200,5.5800,5.6100,5.8500,9764723,55524901.0000,3,0.443851,1,-4.102600,23.703493,2.370142,3.915309,-29.795918,0
2011-07-26,sh.600008,5.6100,5.6500,5.5800,5.6400,5.6100,4904837,27527323.0000,3,0.222947,1,0.534800,23.830249,2.382817,3.936246,-29.955254,0
2011-07-27,sh.600008,5.5900,5.6800,5.5800,5.6600,5.6400,6299574,35468866.0000,3,0.286344,1,0.354600,23.914754,2.391266,3.950205,-30.061479,0
2011-07-28,sh.600008,5.6000,5.6300,5.5300,5.5900,5.6600,5656521,31513873.0000,3,0.257115,1,-1.236700,23.618988,2.361692,3.901350,-29.689694,0
2011-07-29,sh.600008,5.6000,5.6700,5.5800,5.6500,5.5900,5795267,32640155.0000,3,0.263421,1,1.073300,23.872502,2.387041,3.943225,-30.008367,0
2011-08-01,sh.600008,5.6700,5.6700,5.6100,5.6300,5.6500,3072972,17320186.0000,3,0.139681,1,-0.354000,23.787997,2.378592,3.929267,-29.902142,0
2011-08-02,sh.600008,5.6000,5.6300,5.4900,5.5400,5.6300,7050608,39006295.0000,3,0.320482,1,-1.598600,23.407727,2.340568,3.866455,-29.424133,0
2011-08-03,sh.600008,5.4800,5.5700,5.4500,5.5400,5.5400,3689189,20404940.0000,3,0.167690,1,0.000000,23.407727,2.340568,3.866455,-29.424133,0
2011-08-04,sh.600008,5.5600,5.6000,5.5500,5.5600,5.5400,2874902,16007564.0000,3,0.130677,1,0.361000,23.492232,2.349018,3.880413,-29.530357,0
2011-08-05,sh.600008,5.4000,5.4500,5.3400,5.3900,5.5600,5631442,30381603.0000,3,0.255975,1,-3.057600,22.773944,2.277195,3.761767,-28.627451,0
2011-08-08,sh.600008,5.3100,5.3600,4.8700,5.0000,5.3900,9494257,48710235.0000,3,0.431557,1,-7.235600,21.126108,2.112426,3.489580,-26.556077,0
2011-08-09,sh.600008,4.6600,5.0100,4.6600,4.9800,5.0000,8962602,43856540.0000,3,0.407391,1,-0.400000,21.041603,2.103976,3.475622,-26.449852,0
2011-08-10,sh.600008,5.0800,5.0900,4.9900,5.0000,4.9800,7795625,39217878.0000,3,0.354347,1,0.401600,21.126108,2.112426,3.489580,-26.556077,0
2011-08-11,sh.600008,4.8900,5.0600,4.8600,5.0500,5.0000,5308776,26505385.0000,3,0.241308,1,1.000000,21.337369,2.133550,3.524476,-26.821637,0
2011-08-12,sh.600008,5.1000,5.1500,5.0600,5.1300,5.0500,5956201,30449391.0000,3,0.270736,1,1.584200,21.675386,2.167349,3.580309,-27.246535,0
2011-08-15,sh.600008,5.1400,5.2500,5.1000,5.2400,5.1300,6688533,34582099.0000,3,0.304024,1,2.144200,22.140161,2.213822,3.657080,-27.830768,0
2011-08-16,sh.600008,5.3900,5.5100,5.3400,5.3600,5.2400,22818720,124053949.0000,3,1.037215,1,2.290100,22.647187,2.264521,3.740830,-28.468114,0
2011-08-17,sh.600008,5.3000,5.3900,5.2600,5.3200,5.3600,6489677,34481044.0000,3,0.294985,1,-0.746300,22.478179,2.247621,3.712913,-28.255665,0
2011-08-18,sh.600008,5.3200,5.3300,5.2100,5.2200,5.3200,7137360,37557987.0000,3,0.324425,1,-1.879700,22.055656,2.205373,3.643122,-27.724544,0
2011-08-19,sh.600008,5.1500,5.1500,5.0600,5.1300,5.2200,5770490,29472883.0000,3,0.262295,1,-1.724100,21.675386,2.167349,3.580309,-27.246535,0
2011-08-22,sh.600008,5.1400,5.4500,5.1300,5.2600,5.1300,8726434,46407394.0000,3,0.396656,1,2.534100,22.224665,2.222272,3.671038,-27.936993,0
2011-08-23,sh.600008,5.2500,5.3300,5.2200,5.3300,5.2600,5185587,27387505.0000,3,0.235709,1,1.330800,22.599264,2.344413,3.640872,9.869246,0
2011-08-24,sh.600008,5.3600,5.3600,5.2300,5.2600,5.3300,4934142,26069133.0000,3,0.224279,1,-1.313300,22.302463,2.313623,3.593056,9.739631,0
2011-08-25,sh.600008,5.5100,5.6500,5.4000,5.4600,5.2600,18808308,103601117.0000,3,0.854923,1,3.802300,23.150466,2.401594,3.729674,10.109959,0
2011-08-26,sh.600008,5.4300,5.5500,5.3800,5.4700,5.4600,9480745,51901161.0000,3,0.430943,1,0.183146,23.192866,2.405992,3.736505,10.128476,0
2011-08-29,sh.600008,5.4300,5.4900,5.3300,5.3800,5.4700,6614690,35783021.0000,3,0.300668,1,-1.645300,22.811265,2.366406,3.675026,9.961828,0
2011-08-30,sh.600008,5.4300,5.5000,5.3500,5.3600,5.3800,4931915,26742050.0000,3,0.224178,1,-0.371700,22.726465,2.357609,3.661365,9.924795,0
2011-08-31,sh.600008,5.4000,5.4000,5.2500,5.3300,5.3600,4185502,22223747.0000,3,0.190250,1,-0.559700,22.599264,2.344413,3.640872,9.869246,0
2011-09-01,sh.600008,5.3300,5.3600,5.2500,5.2700,5.3300,4078257,21592101.0000,3,0.185375,1,-1.125700,22.344864,2.318022,3.599886,9.758148,0
2011-09-02,sh.600008,5.2500,5.2900,5.1600,5.2100,5.2700,3630104,18905193.0000,3,0.165005,1,-1.138500,22.090463,2.291631,3.558901,9.647049,0
2011-09-05,sh.600008,5.1500,5.1700,5.0700,5.0800,5.2100,4052352,20682059.0000,3,0.184198,1,-2.495200,21.539261,2.234450,3.470099,9.406336,0
2011-09-06,sh.600008,5.0300,5.0900,5.0100,5.0600,5.0800,3321037,16793479.0000,3,0.150956,1,-0.393700,21.454461,2.225653,3.456437,9.369303,0
2011-09-07,sh.600008,5.0800,5.1900,5.0700,5.1800,5.0600,4089655,21007729.0000,3,0.185893,1,2.371500,21.963263,2.278435,3.538408,9.591500,0
2011-09-08,sh.600008,5.2600,5.3600,5.1900,5.2000,5.1800,7854145,41489499.0000,3,0.357007,1,0.386100,22.048063,2.287232,3.552070,9.628533,0
2011-09-09,sh.600008,5.1700,5.2800,5.1500,5.1800,5.2000,3211483,16742714.0000,3,0.145977,1,-0.384600,21.963263,2.278435,3.538408,9.591500,0
2011-09-13,sh.600008,5.1000,5.1300,5.0400,5.0900,5.1800,2963979,15069794.0000,3,0.134726,1,-1.737500,21.581661,2.238849,3.476930,9.424852,0
2011-09-14,sh.600008,5.0800,5.1400,5.0200,5.1200,5.0900,3276338,16667612.0000,3,0.148924,1,0.589400,21.708862,2.252044,3.497423,9.480402,0
2011-09-15,sh.600008,5.1400,5.1900,5.1200,5.1300,5.1200,3265542,16837254.0000,3,0.148434,1,0.195300,21.751262,2.256443,3.504254,9.498918,0
2011-09-16,sh.600008,5.1700,5.1900,5.1000,5.1100,5.1300,2271738,11676876.0000,3,0.103261,1,-0.389900,21.666462,2.247646,3.490592,9.461885,0
2011-09-19,sh.600008,5.1000,5.1000,5.0100,5.0200,5.1100,3111365,15678696.0000,3,0.141426,1,-1.761300,21.284861,2.208059,3.429114,9.295237,0
2011-09-20,sh.600008,4.9800,5.0900,4.9800,5.0500,5.0200,2673836,13463609.0000,3,0.121538,1,0.597600,21.412061,2.221254,3.449607,9.350787,0
2011-09-21,sh.600008,5.0800,5.2000,5.0300,5.1900,5.0500,5288793,27179150.0000,3,0.240400,1,2.772300,22.005663,2.282834,3.545239,9.610016,0
2011-09-22,sh.600008,5.1500,5.1600,5.0400,5.0500,5.1900,3863796,19733781.0000,3,0.175627,1,-2.697500,21.412061,2.221254,3.449607,9.350787,0
2011-09-23,sh.600008,5.0100,5.1100,4.9800,5.1000,5.0500,3898170,19701118.0000,3,0.177190,1,0.990100,21.624062,2.243247,3.483761,9.443369,0
2011-09-26,sh.600008,5.0300,5.1000,5.0000,5.0100,5.1000,2853745,14370042.0000,3,0.129716,1,-1.764700,21.242460,2.203660,3.422283,9.276721,0
2011-09-27,sh.600008,5.0500,5.0800,5.0100,5.0600,5.0100,2825907,14262178.0000,3,0.128450,1,0.998000,21.454461,2.225653,3.456437,9.369303,0
2011-09-28,sh.600008,5.1000,5.1200,4.9900,5.0100,5.0600,3034979,15298559.0000,3,0.137954,1,-0.988100,21.242460,2.203660,3.422283,9.276721,0
2011-09-29,sh.600008,5.0000,5.0300,4.9200,4.9300,5.0100,3735146,18590666.0000,3,0.169779,1,-1.596800,20.903259,2.168472,3.367636,9.128590,0
2011-09-30,sh.600008,4.9700,4.9700,4.8700,4.9100,4.9300,3141515,15405250.0000,3,0.142796,1,-0.405700,20.818459,2.159675,3.353974,9.091557,0
2011-10-10,sh.600008,4.9100,4.9500,4.8400,4.8900,4.9100,2871155,14021255.0000,3,0.130507,1,-0.407300,20.733659,2.150878,3.340312,9.054524,0
2011-10-11,sh.600008,4.9800,5.0600,4.8800,4.9600,4.8900,3031933,15063499.0000,3,0.137815,1,1.431500,21.030460,2.181668,3.388128,9.184139,0
2011-10-12,sh.600008,4.9000,5.1000,4.9000,5.0900,4.9600,5958697,30065893.0000,3,0.270850,1,2.621000,21.581661,2.238849,3.476930,9.424852,0
2011-10-13,sh.600008,5.0900,5.1900,5.0700,5.1800,5.0900,8371579,43048901.0000,3,0.380526,1,1.768200,21.963263,2.278435,3.538408,9.591500,0
2011-10-14,sh.600008,5.1500,5.2200,5.0700,5.1400,5.1800,5448846,28015995.0000,3,0.247675,1,-0.772200,21.793662,2.260841,3.511085,9.517434,0
2011-10-17,sh.600008,5.1700,5.1700,5.0900,5.1300,5.1400,2707126,13881422.0000,3,0.123051,1,-0.194600,21.751262,2.256443,3.504254,9.498918,0
2011-10-18,sh.600008,5.0900,5.1300,4.9100,4.9300,5.1300,4674938,23453521.0000,3,0.212497,1,-3.898600,20.903259,2.168472,3.367636,9.128590,0
2011-10-19,sh.600008,4.9500,5.0200,4.8800,4.9200,4.9300,4324099,21271015.0000,3,0.196550,1,-0.202800,20.860859,2.164074,3.360805,9.110073,0
2011-10-20,sh.600008,4.9000,4.9200,4.8000,4.8600,4.9200,5716348,27677100.0000,3,0.259834,1,-1.219500,20.606459,2.137682,3.319819,8.998975,0
2011-10-21,sh.600008,4.9000,4.9700,4.8400,4.9000,4.8600,4841887,23807585.0000,3,0.220086,1,0.823000,20.776059,2.155277,3.347143,9.073041,0
2011-10-24,sh.600008,4.9300,4.9700,4.8300,4.9700,4.9000,3305875,16248938.0000,3,0.150267,1,1.428600,21.072860,2.186066,3.394959,9.202655,0
2011-10-25,sh.600008,4.9500,5.1700,4.9200,5.1300,4.9700,8761861,44216319.0000,3,0.398266,1,3.219300,22.672115,2.214170,3.426540,11.640877,0
2011-10-26,sh.600008,5.1000,5.2100,5.0700,5.1300,5.1300,11674988,60076922.0000,3,0.530681,1,0.000000,22.672115,2.214170,3.426540,11.640877,0
2011-10-27,sh.600008,5.1400,5.3400,5.1200,5.2500,5.1300,16327780,86008375.0000,3,0.742172,1,2.339200,23.202457,2.265963,3.506693,11.913178,0
2011-10-28,sh.600008,5.3200,5.5700,5.2400,5.5400,5.2500,32695881,176661198.0000,3,1.486176,1,5.523800,24.484117,2.391131,3.700396,12.571239,0
2011-10-31,sh.600008,5.5600,5.6800,5.4800,5.5600,5.5400,29886891,166842676.0000,3,1.358495,1,0.361000,24.572507,2.399763,3.713755,12.616623,0
2011-11-01,sh.600008,5.5000,5.5500,5.4100,5.4500,5.5600,18417233,100821212.0000,3,0.837147,1,-1.978400,24.086360,2.352285,3.640281,12.367013,0
2011-11-02,sh.600008,5.3700,5.7300,5.3200,5.6800,5.4500,21564516,118600511.0000,3,0.980205,1,4.220200,25.102849,2.451556,3.793908,12.888924,0
2011-11-03,sh.600008,5.6700,5.7600,5.5500,5.5800,5.6800,20781510,117118401.0000,3,0.944614,1,-1.760600,24.660897,2.408395,3.727114,12.662006,0
2011-11-04,sh.600008,5.6000,5.6800,5.5500,5.5800,5.5800,10182761,57037707.0000,3,0.462853,1,0.000000,24.660897,2.408395,3.727114,12.662006,0
2011-11-07,sh.600008,5.5800,5.6200,5.5200,5.5900,5.5800,7438478,41455529.0000,3,0.338113,1,0.179200,24.705092,2.412711,3.733793,12.684698,0
2011-11-08,sh.600008,5.5500,5.6200,5.4700,5.4900,5.5900,8014247,44502491.0000,3,0.364284,1,-1.788900,24.263141,2.369550,3.666999,12.457780,0
2011-11-09,sh.600008,5.5200,5.5900,5.4500,5.5800,5.4900,14462127,79604738.0000,3,0.657369,1,1.639300,24.660897,2.408395,3.727114,12.662006,0
2011-11-10,sh.600008,5.5000,5.8300,5.4700,5.6800,5.5800,36987276,210573121.0000,3,1.681240,1,1.792100,25.102849,2.451556,3.793908,12.888924,0
2011-11-11,sh.600008,5.6500,5.7900,5.6400,5.6700,5.6800,13537207,77048045.0000,3,0.615328,1,-0.176100,25.058654,2.447240,3.787228,12.866232,0
2011-11-14,sh.600008,5.7500,5.9000,5.7200,5.7400,5.6700,16656803,96994093.0000,3,0.757127,1,1.234600,25.368020,2.477453,3.833984,13.025075,0
2011-11-15,sh.600008,5.7400,6.0000,5.7200,5.9300,5.7400,19287326,114007004.0000,3,0.876697,1,3.310100,26.207728,2.559459,3.960893,13.456218,0
2011-11-16,sh.600008,5.9400,5.9700,5.7400,5.8200,5.9300,14678670,85973156.0000,3,0.667212,1,-1.855000,25.721581,2.511982,3.887420,13.206609,0
2011-11-17,sh.600008,5.8200,5.8900,5.7500,5.8000,5.8200,9415100,54834745.0000,3,0.427959,1,-0.343600,25.633191,2.503350,3.874061,13.161225,0
2011-11-18,sh.600008,5.7700,5.7700,5.5000,5.5500,5.8000,11073484,62002107.0000,3,0.503340,1,-4.310300,24.528312,2.395447,3.707075,12.593931,0
2011-11-21,sh.600008,5.5500,5.6600,5.5200,5.6100,5.5500,5068039,28337542.0000,3,0.230365,1,1.081100,24.793483,2.421343,3.747152,12.730082,0
2011-11-22,sh.600008,5.5600,5.6200,5.5200,5.6100,5.6100,4312845,24009558.0000,3,0.196038,1,0.000000,24.793483,2.421343,3.747152,12.730082,0
2011-11-23,sh.600008,5.6300,5.6700,5.6000,5.6300,5.6100,6686261,37661698.0000,3,0.303921,1,0.356500,24.881873,2.429976,3.760511,12.775465,0
2011-11-24,sh.600008,5.6100,5.6600,5.5100,5.6200,5.6300,4062857,22740280.0000,3,0.184675,1,-0.177600,24.837678,2.425659,3.753831,12.752773,0
2011-11-25,sh.600008,5.6200,5.7400,5.5800,5.6900,5.6200,6032726,34320025.0000,3,0.274215,1,1.245600,25.147044,2.455872,3.800587,12.911616,0
2011-11-28,sh.600008,5.7000,5.8700,5.7000,5.8100,5.6900,7026585,40833391.0000,3,0.319390,1,2.109000,25.677386,2.507666,3.880740,13.183917,0
2011-11-29,sh.600008,5.8500,5.8800,5.7400,5.8000,5.8100,4932094,28587254.0000,3,0.224186,1,-0.172100,25.633191,2.503350,3.874061,13.161225,0
2011-11-30,sh.600008,5.7700,5.8300,5.4700,5.5000,5.8000,7571884,42701707.0000,3,0.344177,1,-5.172400,24.307336,2.373866,3.673678,12.480472,0
2011-12-01,sh.600008,5.5000,5.5000,5.5000,5.5000,5.5000,0,0.0000,3,,0,0.000000,24.307336,2.373866,3.673678,12.480472,0
2011-12-02,sh.600008,5.6300,5.6600,5.4200,5.4400,5.5000,7887341,43988005.0000,3,0.358515,1,-1.090900,24.042165,2.347969,3.633602,12.344322,0
2011-12-05,sh.600008,5.4400,5.5500,5.3700,5.4100,5.4400,5453595,29765023.0000,3,0.247891,1,-0.551500,23.909580,2.335021,3.613564,12.276246,0
2011-12-06,sh.600008,5.3900,5.5400,5.3900,5.4800,5.4100,4314556,23539681.0000,3,0.196116,1,1.293900,24.218946,2.365234,3.660319,12.435089,0
2011-12-07,sh.600008,5.4700,5.5300,5.4500,5.4900,5.4800,2558426,14047588.0000,3,0.116292,1,0.182500,24.263141,2.369550,3.666999,12.457780,0
2011-12-08,sh.600008,5.4600,5.5600,5.3800,5.4800,5.4900,4794951,26278680.0000,3,0.217952,1,-0.182100,24.218946,2.365234,3.660319,12.435089,0
2011-12-09,sh.600008,5.4500,5.5500,5.4300,5.5400,5.4800,3605658,19873380.0000,3,0.163894,1,1.094900,24.484117,2.391131,3.700396,12.571239,0
2011-12-12,sh.600008,5.5400,5.6400,5.4500,5.4800,5.5400,4815606,26800375.0000,3,0.218891,1,-1.083000,24.218946,2.365234,3.660319,12.435089,0
2011-12-13,sh.600008,5.4400,5.5000,5.3500,5.3900,5.4800,4655867,25137923.0000,3,0.211630,1,-1.642300,23.821189,2.326389,3.600205,12.230863,0
2011-12-14,sh.600008,5.3800,5.4400,4.9900,5.0000,5.3900,6390532,33045002.0000,3,0.290479,1,-7.235600,22.097578,2.158060,3.339708,11.345884,0
2011-12-15,sh.600008,4.9800,5.0300,4.7000,4.7600,5.0000,9485390,46404654.0000,3,0.431154,1,-4.800000,21.036894,2.054473,3.179402,10.801281,0
2011-12-16,sh.600008,4.7900,5.0000,4.7800,4.9900,4.7600,6057097,29537310.0000,3,0.275323,1,4.831900,22.053383,2.153744,3.333028,11.323192,0
2011-12-19,sh.600008,4.9900,5.1200,4.8600,5.1100,4.9900,6912694,34391533.0000,3,0.314213,1,2.404800,22.583725,2.205537,3.413181,11.595493,0
2011-12-20,sh.600008,5.0500,5.1300,5.0100,5.0500,5.1100,4908188,24859947.0000,3,0.223099,1,-1.174200,22.318554,2.179641,3.373105,11.459343,0
2011-12-21,sh.600008,5.1200,5.1600,4.9700,4.9800,5.0500,4898744,24845174.0000,3,0.222670,1,-1.386100,22.009188,2.149428,3.326349,11.300500,0
2011-12-22,sh.600008,4.9400,5.3500,4.8900,5.2500,4.9800,10526823,54232170.0000,3,0.478492,1,5.421700,23.202457,2.265963,3.506693,11.913178,0
2011-12-23,sh.600008,5.2300,5.5300,5.1700,5.4400,5.2500,11653100,62456404.0000,3,0.529686,1,3.619000,24.042165,2.347969,3.633602,12.344322,0
2011-12-26,sh.600008,5.3700,5.4400,5.2700,5.3800,5.4400,6981782,37351503.0000,3,0.317354,1,-1.102900,23.776994,2.322073,3.593525,12.208171,0
2011-12-27,sh.600008,5.3000,5.4600,5.1800,5.2300,5.3800,6738007,35687060.0000,3,0.306273,1,-2.788100,23.114067,2.257331,3.493334,11.867794,0
2011-12-28,sh.600008,5.2200,5.2200,5.0200,5.1500,5.2300,4551782,23264322.0000,3,0.206899,1,-1.529600,22.760506,2.222802,3.439899,11.686260,0
2011-12-29,sh.600008,5.1000,5.1900,5.0800,5.1400,5.1500,3350171,17241868.0000,3,0.152280,1,-0.194200,22.716310,2.218486,3.433219,11.663568,0
2011-12-30,sh.600008,5.1600,5.3100,5.1500,5.2000,5.1400,3761177,19648238.0000,3,0.170963,1,1.167300,22.981481,2.244382,3.473296,11.799719,0
2012-01-04,sh.600008,5.2900,5.2900,4.9200,4.9600,5.2000,6685638,34015085.0000,3,0.303893,1,-4.615400,21.920798,2.140796,3.312990,11.255117,0
2012-01-05,sh.600008,4.9700,4.9800,4.7800,4.8500,4.9600,5600697,27303358.0000,3,0.254577,1,-2.217700,21.434651,2.093318,3.239516,11.005507,0
2012-01-06,sh.600008,4.8600,5.0000,4.7800,4.9800,4.8500,3773453,18458995.0000,3,0.171521,1,2.680400,22.009188,2.149428,3.326349,11.300500,0
2012-01-09,sh.600008,4.9800,5.2000,4.9100,5.1700,4.9800,5749379,29119049.0000,3,0.261335,1,3.815300,22.848896,2.231434,3.453258,11.731644,0
2012-01-10,sh.600008,5.1700,5.3200,5.1300,5.2800,5.1700,8276808,43363135.0000,3,0.376219,1,2.127700,23.335043,2.278911,3.526731,11.981253,0
2012-01-11,sh.600008,5.2800,5.3400,5.2000,5.2400,5.2800,5387111,28372996.0000,3,0.244869,1,-0.757600,23.158262,2.261647,3.500014,11.890486,0
2012-01-12,sh.600008,5.2000,5.3200,5.2000,5.2500,5.2400,4759729,25041244.0000,3,0.216351,1,0.190800,23.202457,2.265963,3.506693,11.913178,0
2012-01-13,sh.600008,5.2700,5.2700,5.0100,5.0300,5.2500,5265793,26887282.0000,3,0.239354,1,-4.190500,22.230164,2.171008,3.359746,11.413959,0
2012-01-16,sh.600008,4.9600,5.0700,4.9300,4.9700,5.0300,2345050,11781664.0000,3,0.106593,1,-1.192800,21.964993,2.145112,3.319669,11.277808,0
2012-01-17,sh.600008,4.9600,5.2500,4.9600,5.2200,4.9700,3975596,20334803.0000,3,0.180709,1,5.030200,23.069872,2.253015,3.486655,11.845103,0
2012-01-18,sh.600008,5.2300,5.2600,5.1200,5.1400,5.2200,3902164,20266599.0000,3,0.177371,1,-1.532600,22.716310,2.218486,3.433219,11.663568,0
2012-01-19,sh.600008,5.2200,5.2200,5.1000,5.1900,5.1400,3348041,17304020.0000,3,0.152184,1,0.972800,22.937286,2.240066,3.466616,11.777027,0
2012-01-20,sh.600008,5.2000,5.3100,5.1900,5.2800,5.1900,4976861,26206510.0000,3,0.226221,1,1.734100,23.335043,2.278911,3.526731,11.981253,0
2012-01-30,sh.600008,5.2800,5.2900,5.1300,5.1800,5.2800,4579656,23822891.0000,3,0.208166,1,-1.893900,22.893091,2.235750,3.459937,11.754336,0
2012-01-31,sh.600008,5.2000,5.2400,5.1600,5.2200,5.1800,2250171,11702751.0000,3,0.102280,1,0.772200,23.069872,2.253015,3.486655,11.845103,0
2012-02-01,sh.600008,5.2400,5.2800,5.1800,5.2100,5.2200,3747525,19626160.0000,3,0.170342,1,-0.191600,23.025677,2.248699,3.479975,11.822411,0
2012-02-02,sh.600008,5.2300,5.2700,5.1500,5.2700,5.2100,3353453,17499283.0000,3,0.152430,1,1.151600,23.290847,2.274595,3.520052,11.958561,0
2012-02-03,sh.600008,5.2200,5.3000,5.2200,5.2900,5.2700,3468042,18279814.0000,3,0.157638,1,0.379500,23.379238,2.283228,3.533411,12.003945,0
2012-02-06,sh.600008,5.3100,5.3300,5.2200,5.2800,5.2900,4271604,22481313.0000,3,0.194164,1,-0.189000,23.335043,2.278911,3.526731,11.981253,0
2012-02-07,sh.600008,5.2800,5.2800,5.1400,5.1800,5.2800,4757812,24659798.0000,3,0.216264,1,-1.893900,22.893091,2.235750,3.459937,11.754336,0
2012-02-08,sh.600008,5.1700,5.2800,5.0900,5.2600,5.1800,6536333,34013255.0000,3,0.297106,1,1.544400,23.246652,2.270279,3.513372,11.935870,0
2012-02-09,sh.600008,5.2500,5.3100,5.2100,5.2600,5.2600,7875844,41479081.0000,3,0.357993,1,0.000000,23.246652,2.270279,3.513372,11.935870,0
2012-02-10,sh.600008,5.2200,5.4300,5.2100,5.3500,5.2600,11751904,62765083.0000,3,0.534177,1,1.711000,23.644409,2.309124,3.573487,12.140096,0
2012-02-13,sh.600008,5.2900,5.4200,5.2600,5.3600,5.3500,6403177,34314347.0000,3,0.291054,1,0.186900,23.688604,2.313440,3.580166,12.162787,0
2012-02-14,sh.600008,5.3500,5.5800,5.3000,5.4600,5.3600,10929833,59342136.0000,3,0.496811,1,1.865700,24.130555,2.356602,3.646961,12.389705,0
2012-02-15,sh.600008,5.4600,5.6700,5.3700,5.6400,5.4600,20727896,115725641.0000,3,0.942177,1,3.296700,24.926068,2.434292,3.767190,12.798157,0
2012-02-16,sh.600008,5.5900,5.6600,5.4500,5.5900,5.6400,25342566,140626756.0000,3,1.151935,1,-0.886500,24.705092,2.412711,3.733793,12.684698,0
2012-02-17,sh.600008,5.5600,5.6300,5.4600,5.5400,5.5900,12179987,67404528.0000,3,0.553636,1,-0.894500,24.484117,2.391131,3.700396,12.571239,0
2012-02-20,sh.600008,5.5800,5.5900,5.4200,5.4600,5.5400,11544082,63495970.0000,3,0.524731,1,-1.444000,24.130555,2.356602,3.646961,12.389705,0
2012-02-21,sh.600008,5.4500,5.6200,5.4000,5.6000,5.4600,14492939,80090238.0000,3,0.658770,1,2.564100,24.749288,2.417027,3.740472,12.707390,0
2012-02-22,sh.600008,5.6000,5.7300,5.5500,5.6500,5.6000,11525672,64955206.0000,3,0.523894,1,0.892900,24.970263,2.438608,3.773870,12.820849,0
2012-02-23,sh.600008,5.6600,5.6700,5.5700,5.6000,5.6500,8219886,46141849.0000,3,0.373631,1,-0.885000,24.749288,2.417027,3.740472,12.707390,0
2012-02-24,sh.600008,5.6000,5.7300,5.5800,5.6800,5.6000,12185448,69160914.0000,3,0.553884,1,1.428600,25.102849,2.451556,3.793908,12.888924,0
2012-02-27,sh.600008,5.7000,5.7500,5.6400,5.6700,5.6800,11208447,63907150.0000,3,0.509475,1,-0.176100,25.058654,2.447240,3.787228,12.866232,0
2012-02-28,sh.600008,5.6700,5.8300,5.5800,5.6600,5.6700,26273679,149702238.0000,3,1.194258,1,-0.176400,25.014459,2.442924,3.780549,12.843540,0
2012-02-29,sh.600008,5.6500,5.6500,5.4900,5.5200,5.6600,10830879,60187058.0000,3,0.492313,1,-2.473500,24.395726,2.382498,3.687037,12.525856,0
2012-03-01,sh.600008,5.5100,5.6000,5.5100,5.5400,5.5200,7178993,39806682.0000,3,0.326318,1,0.362300,24.484117,2.391131,3.700396,12.571239,0
2012-03-02,sh.600008,5.5900,5.6300,5.5500,5.6200,5.5400,9680963,54200659.0000,3,0.440044,1,1.444000,24.837678,2.425659,3.753831,12.752773,0
2012-03-05,sh.600008,5.6400,5.6800,5.5200,5.5500,5.6200,10900720,60719270.0000,3,0.495487,1,-1.245600,24.528312,2.395447,3.707075,12.593931,0
2012-03-06,sh.600008,5.5600,5.5600,5.4200,5.4300,5.5500,7820077,42739261.0000,3,0.355458,1,-2.162200,23.997970,2.343653,3.626922,12.321630,0
2012-03-07,sh.600008,5.4000,5.4800,5.3700,5.4200,5.4300,5101285,27716330.0000,3,0.231877,1,-0.184200,23.953775,2.339337,3.620243,12.298938,0
2012-03-08,sh.600008,5.4400,5.5200,5.4300,5.4600,5.4200,5299526,28992564.0000,3,0.240888,1,0.738000,24.130555,2.356602,3.646961,12.389705,0
2012-03-09,sh.600008,5.4800,5.5200,5.4500,5.5200,5.4600,4778120,26194164.0000,3,0.217187,1,1.098900,24.395726,2.382498,3.687037,12.525856,0
2012-03-12,sh.600008,5.4800,5.5400,5.4600,5.5100,5.5200,5155014,28309962.0000,3,0.234319,1,-0.181200,24.351531,2.378182,3.680358,12.503164,0
2012-03-13,sh.600008,5.5000,5.5800,5.4800,5.5700,5.5100,7363205,40860451.0000,3,0.334691,1,1.088900,24.616702,2.404079,3.720434,12.639314,0
2012-03-14,sh.600008,5.5900,5.6000,5.2900,5.3000,5.5700,11243245,61544991.0000,3,0.511057,1,-4.847400,23.423433,2.287544,3.540090,12.026637,0
2012-03-15,sh.600008,5.3000,5.3500,5.2200,5.2500,5.3000,7030678,37096571.0000,3,0.319576,1,-0.943400,23.202457,2.265963,3.506693,11.913178,0
2012-03-16,sh.600008,5.2700,5.3800,5.2500,5.3500,5.2500,5874740,31286704.0000,3,0.267034,1,1.904800,23.644409,2.309124,3.573487,12.140096,0
2012-03-19,sh.600008,5.3200,5.3700,5.2700,5.3500,5.3500,5767044,30685057.0000,3,0.262138,1,0.000000,23.644409,2.309124,3.573487,12.140096,0
2012-03-20,sh.600008,5.3200,5.3500,5.2000,5.2100,5.3500,5949145,31257754.0000,3,0.270416,1,-2.616800,23.025677,2.248699,3.479975,11.822411,0
2012-03-21,sh.600008,5.2600,5.3200,5.2100,5.3000,5.2100,5210515,27531769.0000,3,0.236842,1,1.727400,23.423433,2.287544,3.540090,12.026637,0
2012-03-22,sh.600008,5.3000,5.3000,5.3000,5.3000,5.3000,0,0.0000,3,,0,0.000000,23.423433,2.287544,3.540090,12.026637,0
2012-03-23,sh.600008,5.2800,5.2800,5.1700,5.1900,5.3000,3837362,19982658.0000,3,0.174426,1,-2.075500,22.937286,2.240066,3.466616,11.777027,0
2012-03-26,sh.600008,5.1700,5.2600,5.1700,5.2000,5.1900,2061277,10711464.0000,3,0.093694,1,0.192700,22.981481,2.244382,3.473296,11.799719,0
2012-03-27,sh.600008,5.2200,5.2500,5.1700,5.1800,5.2000,2158435,11230755.0000,3,0.098111,1,-0.384600,22.893091,2.235750,3.459937,11.754336,0
2012-03-28,sh.600008,5.1800,5.2100,5.0000,5.0300,5.1800,4692930,23932174.0000,3,0.213315,1,-2.895800,22.230164,2.171008,3.359746,11.413959,0
2012-03-29,sh.600008,5.0400,5.0500,4.9000,4.9600,5.0300,3824970,19060591.0000,3,0.173862,1,-1.391700,21.920798,2.140796,3.312990,11.255117,0
2012-03-30,sh.600008,4.9900,4.9900,4.9000,4.9200,4.9600,3114067,15372934.0000,3,0.141548,1,-0.806500,21.744017,2.123531,3.286272,11.164350,0
2012-04-05,sh.600008,4.9400,5.0400,4.9100,5.0300,4.9200,4797594,23848840.0000,3,0.218072,1,2.235800,22.230164,2.171008,3.359746,11.413959,0
2012-04-06,sh.600008,5.0000,5.0500,4.9900,5.0100,5.0300,3555685,17835465.0000,3,0.161622,1,-0.397600,22.141773,2.162376,3.346387,11.368576,0
2012-04-09,sh.600008,5.0100,5.0100,4.9300,4.9400,5.0100,2561210,12702722.0000,3,0.116419,1,-1.397200,21.832407,2.132163,3.299631,11.209733,0
2012-04-10,sh.600008,4.9400,4.9900,4.8600,4.9800,4.9400,3577741,17587675.0000,3,0.162625,1,0.809700,22.009188,2.149428,3.326349,11.300500,0
2012-04-11,sh.600008,4.9600,5.0200,4.9200,5.0200,4.9800,3561615,17727410.0000,3,0.161892,1,0.803200,22.185969,2.166692,3.353066,11.391267,0
2012-04-12,sh.600008,5.0200,5.1600,4.9900,5.1300,5.0200,6080241,30936282.0000,3,0.276375,1,2.191200,22.672115,2.214170,3.426540,11.640877,0
2012-04-13,sh.600008,5.1500,5.1800,5.0900,5.1400,5.1300,3749378,19258296.0000,3,0.170426,1,0.194900,22.716310,2.218486,3.433219,11.663568,0
2012-04-16,sh.600008,5.1100,5.1400,5.0500,5.1100,5.1400,2781621,14193951.0000,3,0.126437,1,-0.583700,22.583725,2.205537,3.413181,11.595493,0
2012-04-17,sh.600008,5.1000,5.2100,5.1000,5.1200,5.1100,3552953,18305491.0000,3,0.161498,1,0.195700,22.627920,2.209853,3.419861,11.618185,0
2012-04-18,sh.600008,5.1500,5.2900,5.1300,5.2600,5.1200,8203339,42957561.0000,3,0.372879,1,2.734400,23.246652,2.270279,3.513372,11.935870,0
2012-04-19,sh.600008,5.2600,5.2800,5.1900,5.2600,5.2600,3336649,17485686.0000,3,0.151666,1,0.000000,23.246652,2.270279,3.513372,11.935870,0
2012-04-20,sh.600008,5.2500,5.3200,5.1700,5.2900,5.2600,6450199,33927538.0000,3,0.293191,1,0.570300,22.257873,2.158913,3.289079,10.623788,0
2012-04-23,sh.600008,5.2900,5.3000,5.2000,5.2300,5.2900,3731090,19537952.0000,3,0.169595,1,-1.134200,22.005420,2.134427,3.251774,10.503292,0
2012-04-24,sh.600008,5.2300,5.2700,5.0500,5.1400,5.2300,7270970,37367849.0000,3,0.330499,1,-1.720800,21.626742,2.097696,3.195816,10.322547,0
2012-04-25,sh.600008,5.1200,5.2500,5.0800,5.2100,5.1400,5810032,30065541.0000,3,0.264092,1,1.361900,21.921270,2.126264,3.239339,10.463126,0
2012-04-26,sh.600008,5.2400,5.4500,5.2000,5.4000,5.2100,13096549,70025136.0000,3,0.595298,1,3.646800,22.720702,2.203806,3.357472,10.844699,0
2012-04-27,sh.600008,5.3700,5.4800,5.3500,5.4200,5.4000,8854705,48049458.0000,3,0.402487,1,0.370400,22.804852,2.211968,3.369907,10.884864,0
2012-05-02,sh.600008,5.4400,5.5500,5.4100,5.5200,5.4200,10961054,60212143.0000,3,0.498230,1,1.845000,24.343072,2.227916,3.394052,15.855925,0
2012-05-03,sh.600008,5.5000,5.5200,5.3700,5.4400,5.5200,5716007,31120879.0000,3,0.259819,1,-1.449300,23.990274,2.195627,3.344863,15.626129,0
2012-05-04,sh.600008,5.5000,5.6300,5.4500,5.4900,5.4400,14128235,78132241.0000,3,0.642193,1,0.919100,24.210773,2.215808,3.375606,15.769751,0
2012-05-07,sh.600008,5.4900,5.6300,5.4100,5.5900,5.4900,12899300,71547192.0000,3,0.586332,1,1.821500,24.651771,2.256168,3.437092,16.056996,0
2012-05-08,sh.600008,5.5900,5.6400,5.4800,5.5000,5.5900,10859274,60390438.0000,3,0.493603,1,-1.610000,24.254873,2.219844,3.381755,15.798476,0
2012-05-09,sh.600008,5.4900,5.5000,5.3600,5.4000,5.5000,8712107,47143100.0000,3,0.396005,1,-1.818200,23.813875,2.179483,3.320268,15.511231,0
2012-05-10,sh.600008,5.4200,5.4400,5.3600,5.3800,5.4000,3813440,20563315.0000,3,0.173338,1,-0.370400,23.725676,2.171411,3.307971,15.453782,0
2012-05-11,sh.600008,5.3800,5.4400,5.3600,5.3900,5.3800,2795650,15096004.0000,3,0.127075,1,0.185900,23.769775,2.175447,3.314119,15.482506,0
2012-05-14,sh.600008,5.3900,5.3900,5.3900,5.3900,5.3900,0,0.0000,3,,0,0.000000,23.769775,2.175447,3.314119,15.482506,0
2012-05-15,sh.600008,5.3200,5.4100,5.2700,5.2900,5.3900,6343296,33806134.0000,3,0.288332,1,-1.855300,23.328778,2.135086,3.252633,15.195261,0
2012-05-16,sh.600008,5.2600,5.2900,5.1700,5.2100,5.2900,4640742,24248870.0000,3,0.210943,1,-1.512300,22.975980,2.102797,3.203444,14.965465,0
2012-05-17,sh.600008,5.2200,5.3700,5.1900,5.3300,5.2100,4509358,23894328.0000,3,0.204971,1,2.303300,23.505177,2.151230,3.277228,15.310159,0
2012-05-18,sh.600008,5.3300,5.3400,5.2400,5.2900,5.3300,4052640,21475656.0000,3,0.184211,1,-0.750500,23.328778,2.135086,3.252633,15.195261,0
2012-05-21,sh.600008,5.2900,5.3600,5.2700,5.3100,5.2900,3602581,19151674.0000,3,0.163754,1,0.378100,23.416977,2.143158,3.264930,15.252710,0
2012-05-22,sh.600008,5.3600,5.3800,5.3200,5.3500,5.3100,2621325,14035090.0000,3,0.119151,1,0.753300,23.593376,2.159303,3.289525,15.367608,0
2012-05-23,sh.600008,5.3700,5.4200,5.3200,5.4000,5.3500,5278469,28402554.0000,3,0.239930,1,0.934600,23.813875,2.179483,3.320268,15.511231,0
2012-05-24,sh.600008,5.4000,5.4000,5.1800,5.2200,5.4000,6347846,33579872.0000,3,0.288538,1,-3.333300,23.020079,2.106833,3.209592,14.994190,0
2012-05-25,sh.600008,5.2200,5.3200,5.2100,5.2300,5.2200,3887333,20429212.0000,3,0.176697,1,0.191600,23.064179,2.110870,3.215741,15.022914,0
2012-05-28,sh.600008,5.2600,5.3000,5.1900,5.3000,5.2300,5634598,29587284.0000,3,0.256118,1,1.338400,23.372878,2.139122,3.258782,15.223986,0
2012-05-29,sh.600008,5.2900,5.3700,5.2700,5.3500,5.3000,7004471,37372260.0000,3,0.318385,1,0.943400,23.593376,2.159303,3.289525,15.367608,0
2012-05-30,sh.600008,5.3400,5.6400,5.3300,5.5200,5.3500,17451464,96227001.0000,3,0.793248,1,3.177600,24.343072,2.227916,3.394052,15.855925,0
2012-05-31,sh.600008,5.5300,5.5700,5.4400,5.5300,5.5200,10383613,57285755.0000,3,0.471982,1,0.181200,24.387172,2.231952,3.400200,15.884649,0
2012-06-01,sh.600008,5.4500,5.5000,5.3100,5.3400,5.4000,5766048,31174769.0000,3,0.262093,1,-1.111100,23.549277,2.155266,3.283376,15.338884,0
2012-06-04,sh.600008,5.3000,5.3000,5.1200,5.1300,5.3400,8316201,43401535.0000,3,0.378009,1,-3.932600,22.623181,2.070509,3.154255,14.735669,0
2012-06-05,sh.600008,5.1300,5.1800,5.1000,5.1200,5.1300,4739109,24340789.0000,3,0.215414,1,-0.194900,22.579082,2.066473,3.148106,14.706945,0
2012-06-06,sh.600008,5.1500,5.2000,5.1200,5.1700,5.1200,4544676,23433829.0000,3,0.206576,1,0.976600,22.799581,2.086653,3.178849,14.850567,0
2012-06-07,sh.600008,5.2000,5.2800,5.1100,5.1300,5.1700,6368267,33129897.0000,3,0.289467,1,-0.773700,22.623181,2.070509,3.154255,14.735669,0
2012-06-08,sh.600008,5.1800,5.1900,5.0600,5.0800,5.1300,5298005,27088388.0000,3,0.240818,1,-0.974700,22.402683,2.050328,3.123511,14.592047,0
2012-06-11,sh.600008,5.0800,5.2500,5.0700,5.2200,5.0800,9746360,50485028.0000,3,0.443016,1,2.755900,23.020079,2.106833,3.209592,14.994190,0
2012-06-12,sh.600008,5.1900,5.2000,5.0600,5.1000,5.2200,7144149,36581212.0000,3,0.324734,1,-2.298900,22.490882,2.058401,3.135809,14.649496,0
2012-06-13,sh.600008,5.1000,5.2000,5.0700,5.1600,5.1000,7355634,37799440.0000,3,0.334347,1,1.176500,22.755481,2.082617,3.172701,14.821843,0
2012-06-14,sh.600008,5.1600,5.1800,5.0600,5.0700,5.1600,7190237,36772098.0000,3,0.326829,1,-1.744200,22.358583,2.046292,3.117363,14.563322,0
2012-06-15,sh.600008,5.0900,5.2600,5.0300,5.2200,5.0700,11961861,61521778.0000,3,0.543721,1,2.958600,23.020079,2.106833,3.209592,14.994190,0
2012-06-18,sh.600008,5.2400,5.2600,5.1800,5.2100,5.2200,10780974,56217642.0000,3,0.490044,1,-0.191600,22.975980,2.102797,3.203444,14.965465,0
2012-06-19,sh.600008,5.2200,5.2200,5.0700,5.1100,5.2100,7636695,39218812.0000,3,0.347123,1,-1.919400,22.534982,2.062437,3.141957,14.678220,0
2012-06-20,sh.600008,5.1100,5.1500,5.0500,5.0900,5.1100,7651852,38982417.0000,3,0.347811,1,-0.391400,22.446782,2.054364,3.129660,14.620771,0
2012-06-21,sh.600008,5.0600,5.0800,4.9800,5.0100,5.0900,5472689,27434864.0000,3,0.248759,1,-1.571700,22.093984,2.022076,3.080471,14.390975,0
2012-06-25,sh.600008,5.0100,5.0300,4.9000,4.9000,5.0100,5811087,28834278.0000,3,0.264140,1,-2.195600,21.608887,1.977679,3.012836,14.075006,0
2012-06-26,sh.600008,4.9000,4.9400,4.8100,4.8600,4.9000,6818701,33106978.0000,3,0.309941,1,-0.816300,21.432488,1.961535,2.988241,13.960108,0
2012-06-27,sh.600008,4.8600,4.9100,4.8300,4.8800,4.8600,5831349,28449852.0000,3,0.265061,1,0.411500,21.520687,1.969607,3.000539,14.017557,0
2012-06-28,sh.600008,4.9100,4.9100,4.8000,4.8400,4.8800,6753356,32716742.0000,3,0.306971,1,-0.819700,21.344288,1.953462,2.975944,13.902659,0
2012-06-29,sh.600008,4.8200,4.9900,4.7200,4.8900,4.8400,12033530,58410706.0000,3,0.546979,1,1.033100,21.564787,1.973643,3.006687,14.046281,0
2012-07-02,sh.600008,4.9500,4.9800,4.8800,4.9200,4.8900,5346404,26286625.0000,3,0.243018,1,0.613500,21.697086,1.985751,3.025133,14.132455,0
2012-07-03,sh.600008,4.9200,4.9500,4.8800,4.9100,4.9200,4858895,23853475.0000,3,0.220859,1,-0.203300,21.652987,1.981715,3.018985,14.103730,0
2012-07-04,sh.600008,4.9000,4.9200,4.8600,4.8800,4.9100,2710556,13241445.0000,3,0.123207,1,-0.611000,21.520687,1.969607,3.000539,14.017557,0
2012-07-05,sh.600008,4.8900,4.9100,4.8500,4.8700,4.8800,3586726,17520435.0000,3,0.163033,1,-0.204900,21.476587,1.965571,2.994390,13.988832,0
2012-07-06,sh.600008,4.8700,4.9000,4.7000,4.8800,4.8700,6616774,31928700.0000,3,0.300762,1,0.205300,21.520687,1.969607,3.000539,14.017557,0
2012-07-09,sh.600008,4.8200,4.8500,4.7400,4.7400,4.8800,3728317,17860714.0000,3,0.169469,1,-2.868900,20.903290,1.913102,2.914458,13.615414,0
2012-07-10,sh.600008,4.7400,4.7600,4.5700,4.6700,4.7400,8851969,41045027.0000,3,0.402362,1,-1.476800,20.594592,1.884849,2.871417,13.414342,0
2012-07-11,sh.600008,4.6400,4.6700,4.5700,4.6400,4.6700,3643747,16858056.0000,3,0.165625,1,-0.642400,20.462293,1.872741,2.852971,13.328169,0
2012-07-12,sh.600008,4.6600,4.6800,4.5700,4.6600,4.6400,6586836,30504433.0000,3,0.299402,1,0.431000,20.550492,1.880813,2.865268,13.385618,0
2012-07-13,sh.600008,4.6300,4.6700,4.6200,4.6400,4.6600,2644808,12282268.0000,3,0.120219,1,-0.429200,20.462293,1.872741,2.852971,13.328169,0
2012-07-16,sh.600008,4.6600,4.6600,4.4400,4.4600,4.6400,5942321,27088732.0000,3,0.270105,1,-3.879300,19.668497,1.800091,2.742296,12.811128,0
2012-07-17,sh.600008,4.4700,4.5200,4.4400,4.5000,4.4600,3099665,13875382.0000,3,0.140894,1,0.896900,19.844896,1.816236,2.766890,12.926026,0
2012-07-18,sh.600008,4.5000,4.5100,4.4100,4.5000,4.5000,2147654,9598981.0000,3,0.097621,1,0.000000,19.844896,1.816236,2.766890,12.926026,0
2012-07-19,sh.600008,4.5100,4.5900,4.4500,4.5700,4.5000,4514729,20537861.0000,3,0.205215,1,1.555600,20.153594,1.844488,2.809931,13.127097,0
2012-07-20,sh.600008,4.5700,4.6100,4.5300,4.5900,4.5700,2728555,12476456.0000,3,0.124025,1,0.437600,20.241794,1.852560,2.822228,13.184546,0
2012-07-23,sh.600008,4.7400,4.7800,4.5900,4.6500,4.5900,7248796,33785786.0000,3,0.329491,1,1.307200,20.506393,1.876777,2.859120,13.356893,0
2012-07-24,sh.600008,4.5800,4.6200,4.5000,4.6000,4.6500,5645724,25688794.0000,3,0.256624,1,-1.075300,20.285894,1.856597,2.828377,13.213271,0
2012-07-25,sh.600008,4.5400,4.8500,4.5400,4.6900,4.6000,9240034,43647143.0000,3,0.420002,1,1.956500,20.682792,1.892921,2.883714,13.471791,0
2012-07-26,sh.600008,4.7000,4.7200,4.5900,4.6100,4.6900,4289756,19932184.0000,3,0.194989,1,-1.705800,20.329993,1.860633,2.834525,13.241995,0
2012-07-27,sh.600008,4.6700,4.6800,4.4700,4.5400,4.6100,4777780,21882531.0000,3,0.217172,1,-1.518400,20.021295,1.832380,2.791485,13.040924,0
2012-07-30,sh.600008,4.5400,4.5800,4.4900,4.5600,4.5400,4002830,18200900.0000,3,0.181947,1,0.440500,20.109495,1.840452,2.803782,13.098373,0
2012-07-31,sh.600008,4.5400,4.5800,4.4500,4.4600,4.5600,2920314,13110208.0000,3,0.132742,1,-2.193000,19.668497,1.800091,2.742296,12.811128,0
2012-08-01,sh.600008,4.4400,4.5300,4.4300,4.4700,4.4600,2961224,13272023.0000,3,0.134601,1,0.224200,19.712597,1.804128,2.748444,12.839852,0
2012-08-02,sh.600008,4.4700,4.5000,4.4000,4.4300,4.4700,3315868,14695832.0000,3,0.150721,1,-0.894900,19.536198,1.787983,2.723850,12.724954,0
2012-08-03,sh.600008,4.4300,4.5000,4.4200,4.5000,4.4300,3209719,14329678.0000,3,0.145896,1,1.580100,19.844896,1.816236,2.766890,12.926026,0
2012-08-06,sh.600008,4.4800,4.5800,4.4600,4.5600,4.5000,4218459,19098785.0000,3,0.191748,1,1.333300,20.109495,1.840452,2.803782,13.098373,0
2012-08-07,sh.600008,4.5400,4.6800,4.5300,4.6600,4.5600,5825809,26809633.0000,3,0.264810,1,2.193000,20.550492,1.880813,2.865268,13.385618,0
2012-08-08,sh.600008,4.6600,4.6600,4.5800,4.6000,4.6600,4390604,20254965.0000,3,0.199573,1,-1.287600,20.285894,1.856597,2.828377,13.213271,0
2012-08-09,sh.600008,4.6000,4.6300,4.5700,4.6200,4.6000,3952430,18207006.0000,3,0.179656,1,0.434800,20.374093,1.864669,2.840674,13.270720,0
2012-08-10,sh.600008,4.6200,4.6300,4.5400,4.5700,4.6200,3513530,16086170.0000,3,0.159706,1,-1.082300,20.153594,1.844488,2.809931,13.127097,0
2012-08-13,sh.600008,4.5600,4.5700,4.4600,4.4600,4.5700,3980094,17892512.0000,3,0.180913,1,-2.407000,19.668497,1.800091,2.742296,12.811128,0
2012-08-14,sh.600008,4.4400,4.5000,4.4000,4.5000,4.4600,3665624,16293172.0000,3,0.166619,1,0.896900,19.844896,1.816236,2.766890,12.926026,0
2012-08-15,sh.600008,4.5000,4.5000,4.4300,4.4500,4.5000,1951344,8694056.0000,3,0.088697,1,-1.111100,19.624397,1.796055,2.736147,12.782403,0
2012-08-16,sh.600008,4.4400,4.4700,4.4200,4.4400,4.4500,2080216,9230226.0000,3,0.094555,1,-0.224700,19.580297,1.792019,2.729998,12.753679,0
2012-08-17,sh.600008,4.4400,4.4500,4.4000,4.4400,4.4400,1534510,6784565.0000,3,0.069750,1,0.000000,19.580297,1.792019,2.729998,12.753679,0
2012-08-20,sh.600008,4.4300,4.4400,4.3900,4.4100,4.4400,2522551,11120462.0000,3,0.114661,1,-0.675700,19.447998,1.779911,2.711552,12.667505,0
2012-08-21,sh.600008,4.4200,4.5300,4.4100,4.4900,4.4100,3872525,17341208.0000,3,0.176024,1,1.814100,19.015396,1.884024,2.763235,-16.913335,0
2012-08-22,sh.600008,4.5100,4.5900,4.4800,4.4800,4.4900,4985433,22590143.0000,3,0.226611,1,-0.222700,18.973045,1.879828,2.757081,-16.875666,0
2012-08-23,sh.600008,4.4800,4.5000,4.4100,4.4800,4.4800,3484184,15500116.0000,3,0.158372,1,0.000000,18.973045,1.879828,2.757081,-16.875666,0
2012-08-24,sh.600008,4.4600,4.4800,4.3900,4.4000,4.4800,3171836,14028054.0000,3,0.144174,1,-1.785700,18.634241,1.846260,2.707847,-16.574315,0
2012-08-27,sh.600008,4.4000,4.4300,4.3400,4.3500,4.4000,2908893,12716013.0000,3,0.132222,1,-1.136400,18.422488,1.825280,2.677076,-16.385970,0
2012-08-28,sh.600008,4.3500,4.3700,4.2500,4.3300,4.3500,4105181,17668767.0000,3,0.186599,1,-0.459800,18.337787,1.816888,2.664768,-16.310632,0
2012-08-29,sh.600008,4.3300,4.3300,4.2500,4.2600,4.3300,2186831,9372693.0000,3,0.099401,1,-1.616600,18.041333,1.787515,2.621689,-16.046950,0
2012-08-30,sh.600008,4.2600,4.3000,4.1900,4.2200,4.2600,2951098,12507825.0000,3,0.134141,1,-0.938977,17.871931,1.770731,2.597072,-15.896274,0
2012-08-31,sh.600008,4.2100,4.3000,4.2000,4.2800,4.2200,3096564,13167555.0000,3,0.140753,1,1.421800,18.126034,1.795907,2.633997,-16.122288,0
2012-09-03,sh.600008,4.2500,4.3200,4.2500,4.3000,4.2800,1778525,7634867.0000,3,0.080842,1,0.467300,18.210735,1.804299,2.646305,-16.197626,0
2012-09-04,sh.600008,4.3000,4.3100,4.2100,4.2200,4.3000,1701062,7244842.0000,3,0.077321,1,-1.860500,17.871931,1.770731,2.597072,-15.896274,0
2012-09-05,sh.600008,4.2000,4.2500,4.2000,4.2300,4.2200,1596973,6748327.0000,3,0.072590,1,0.237000,17.914281,1.774927,2.603226,-15.933943,0
2012-09-06,sh.600008,4.2300,4.2900,4.2200,4.2800,4.2300,2133769,9091480.0000,3,0.096990,1,1.182000,18.126034,1.795907,2.633997,-16.122288,0
2012-09-07,sh.600008,4.3300,4.5200,4.3200,4.4700,4.2800,9408125,41629611.0000,3,0.427642,1,4.439300,18.930694,1.875632,2.750927,-16.837997,0
2012-09-10,sh.600008,4.4600,4.4700,4.4100,4.4500,4.4700,5419694,24054622.0000,3,0.246350,1,-0.447400,18.845993,1.867240,2.738618,-16.762659,0
2012-09-11,sh.600008,4.4400,4.4400,4.3800,4.4200,4.4500,3440333,15141611.0000,3,0.156379,1,-0.674200,18.718942,1.854652,2.720156,-16.649652,0
2012-09-12,sh.600008,4.4200,4.4400,4.3800,4.4400,4.4200,4196995,18498731.0000,3,0.190773,1,0.452500,18.803643,1.863044,2.732464,-16.724990,0
2012-09-13,sh.600008,4.4400,4.4400,4.3600,4.3600,4.4400,3589137,15814900.0000,3,0.163143,1,-1.801800,18.464838,1.829476,2.683231,-16.423639,0
2012-09-14,sh.600008,4.3700,4.3900,4.3300,4.3600,4.3600,3895063,16985002.0000,3,0.177048,1,0.000000,18.464838,1.829476,2.683231,-16.423639,0
2012-09-17,sh.600008,4.3600,4.3600,4.2100,4.2200,4.3600,4694360,20033421.0000,3,0.213380,1,-3.211000,17.871931,1.770731,2.597072,-15.896274,0
2012-09-18,sh.600008,4.2300,4.2400,4.1800,4.2000,4.2200,3045049,12835179.0000,3,0.138411,1,-0.473900,17.787230,1.762339,2.584763,-15.820937,0
2012-09-19,sh.600008,4.1900,4.2300,4.1800,4.2200,4.2000,2325474,9774515.0000,3,0.105703,1,0.476200,17.871931,1.770731,2.597072,-15.896274,0
2012-09-20,sh.600008,4.2100,4.2100,4.0900,4.0900,4.2200,3320478,13747922.0000,3,0.150931,1,-3.080600,17.321374,1.716183,2.517067,-15.406579,0
2012-09-21,sh.600008,4.0800,4.1100,4.0400,4.0600,4.0900,2898169,11801628.0000,3,0.131735,1,-0.733500,17.194322,1.703594,2.498605,-15.293572,0
2012-09-24,sh.600008,4.0500,4.0500,3.9600,4.0300,4.0600,3125992,12525733.0000,3,0.142091,1,-0.738900,17.067270,1.691006,2.480142,-15.180565,0
2012-09-25,sh.600008,4.0300,4.0700,3.9900,4.0200,4.0300,2466574,9928068.0000,3,0.112117,1,-0.248100,17.024920,1.686810,2.473988,-15.142897,0
2012-09-26,sh.600008,4.0400,4.0400,3.9300,3.9500,4.0200,2809672,11181267.0000,3,0.127712,1,-1.741300,16.728466,1.657438,2.430908,-14.879214,0
2012-09-27,sh.600008,3.9400,4.0700,3.9300,4.0200,3.9500,2862709,11495578.0000,3,0.130123,1,1.772200,17.024920,1.686810,2.473988,-15.142897,0
2012-09-28,sh.600008,4.0100,4.1100,4.0000,4.1000,4.0200,3789115,15426536.0000,3,0.172233,1,1.990000,17.363724,1.720379,2.523221,-15.444248,0
2012-10-08,sh.600008,4.1000,4.1000,4.0300,4.0500,4.1000,1823095,7400555.0000,3,0.082868,1,-1.219500,17.151971,1.699398,2.492450,-15.255903,0
2012-10-09,sh.600008,4.0400,4.1400,4.0400,4.1300,4.0500,2979096,12238066.0000,3,0.135413,1,1.975300,17.490776,1.732967,2.541684,-15.557254,0
2012-10-10,sh.600008,4.1200,4.1900,4.1000,4.1700,4.1300,3440026,14270754.0000,3,0.156365,1,0.968500,17.660178,1.749751,2.566301,-15.707930,0
2012-10-11,sh.600008,4.1600,4.2000,4.1100,4.1100,4.1700,3078891,12756442.0000,3,0.139950,1,-1.438800,17.406075,1.724575,2.529376,-15.481917,0
2012-10-12,sh.600008,4.1300,4.1500,4.0900,4.1200,4.1100,3217752,13271158.0000,3,0.146261,1,0.243300,17.448425,1.728771,2.535530,-15.519586,0
2012-10-15,sh.600008,4.1100,4.1400,4.0600,4.0900,4.1200,1605625,6571198.0000,3,0.072983,1,-0.728200,17.321374,1.716183,2.517067,-15.406579,0
2012-10-16,sh.600008,4.0800,4.1200,4.0400,4.0800,4.0900,2125007,8672498.0000,3,0.096591,1,-0.244500,17.279023,1.711986,2.510913,-15.368910,0
2012-10-17,sh.600008,4.0800,4.1000,4.0000,4.0500,4.0800,4635908,18699537.0000,3,0.210723,1,-0.735300,17.151971,1.699398,2.492450,-15.255903,0
2012-10-18,sh.600008,4.0400,4.1300,4.0300,4.1200,4.0500,5428704,22185822.0000,3,0.246759,1,1.728400,17.448425,1.728771,2.535530,-15.519586,0
2012-10-19,sh.600008,4.1200,4.3700,4.0900,4.2300,4.1200,13553354,57233698.0000,3,0.616062,1,2.669906,17.914281,1.774927,2.603226,-15.933943,0
2012-10-22,sh.600008,4.2000,4.3300,4.1600,4.3000,4.2300,15285745,64583878.0000,3,0.694807,1,1.654800,18.210735,1.804299,2.646305,-16.197626,0
2012-10-23,sh.600008,4.2600,4.3200,4.2000,4.2200,4.3000,11042267,46996095.0000,3,0.501921,1,-1.860500,17.871931,1.770731,2.597072,-15.896274,0
2012-10-24,sh.600008,4.1900,4.2200,4.1200,4.1800,4.2200,6103749,25436448.0000,3,0.277443,1,-0.947900,17.702529,1.753947,2.572455,-15.745599,0
2012-10-25,sh.600008,4.1700,4.2400,4.1400,4.1600,4.1800,4795401,20098512.0000,3,0.217973,1,-0.478500,17.617827,1.745555,2.560147,-15.670261,0
2012-10-26,sh.600008,4.1600,4.1800,4.0400,4.0600,4.1600,5192253,21248376.0000,3,0.236011,1,-2.403800,17.194322,1.703594,2.498605,-15.293572,0
2012-10-29,sh.600008,4.0600,4.0800,4.0100,4.0300,4.0600,2694995,10899079.0000,3,0.122500,1,-0.738900,17.680306,1.657732,2.379219,-18.577179,0
2012-10-30,sh.600008,4.0300,4.1100,4.0300,4.0700,4.0300,3022801,12310805.0000,3,0.137400,1,0.992600,17.855793,1.674186,2.402834,-18.761568,0
2012-10-31,sh.600008,4.0800,4.1100,4.0300,4.1000,4.0700,2396692,9742474.0000,3,0.108941,1,0.737100,17.987408,1.686526,2.420546,-18.899859,0
2012-11-01,sh.600008,4.0900,4.1600,4.0800,4.1500,4.1000,3428310,14184601.0000,3,0.155832,1,1.219500,18.206767,1.707094,2.450065,-19.130345,0
2012-11-02,sh.600008,4.1500,4.1800,4.1300,4.1700,4.1500,3098538,12886174.0000,3,0.140843,1,0.481900,18.294510,1.715321,2.461872,-19.222540,0
2012-11-05,sh.600008,4.1800,4.2000,4.1500,4.1700,4.1700,2608388,10885999.0000,3,0.118563,1,0.000000,18.294510,1.715321,2.461872,-19.222540,0
2012-11-06,sh.600008,4.1500,4.1700,4.0800,4.1300,4.1700,2361960,9711972.0000,3,0.107362,1,-0.959200,18.119024,1.698867,2.438257,-19.038151,0
2012-11-07,sh.600008,4.1300,4.1600,4.0900,4.1400,4.1300,2543609,10520590.0000,3,0.115619,1,0.242100,18.162895,1.702980,2.444161,-19.084248,0
2012-11-08,sh.600008,4.1500,4.1500,4.0300,4.0500,4.1400,2781845,11343476.0000,3,0.126447,1,-2.173900,17.768050,1.665959,2.391027,-18.669373,0
2012-11-09,sh.600008,4.0500,4.0800,4.0300,4.0300,4.0500,1725339,6977873.0000,3,0.078425,1,-0.493800,17.680306,1.657732,2.379219,-18.577179,0
2012-11-12,sh.600008,4.0500,4.2400,4.0500,4.1400,4.0300,5429035,22564507.0000,3,0.246774,1,2.729500,18.162895,1.702980,2.444161,-19.084248,0
2012-11-13,sh.600008,4.1400,4.1600,4.0700,4.0800,4.1400,3231042,13306966.0000,3,0.146866,1,-1.449300,17.899665,1.678300,2.408738,-18.807665,0
2012-11-14,sh.600008,4.0900,4.1100,4.0400,4.1100,4.0800,2321016,9473037.0000,3,0.105501,1,0.735300,18.031280,1.690640,2.426450,-18.945956,0
2012-11-15,sh.600008,4.1000,4.1500,4.0300,4.0700,4.1100,3544947,14538366.0000,3,0.161134,1,-0.973200,17.855793,1.674186,2.402834,-18.761568,0
2012-11-16,sh.600008,4.0800,4.2000,4.0700,4.1200,4.0700,4905760,20263950.0000,3,0.222989,1,1.228500,18.075152,1.694753,2.432353,-18.992054,0
2012-11-19,sh.600008,4.1300,4.2600,4.1100,4.2500,4.1200,12736109,53529721.0000,3,0.578914,1,3.155300,18.645484,1.748229,2.509102,-19.591317,0
2012-11-20,sh.600008,4.2500,4.2600,4.1500,4.1600,4.2500,8086721,33814311.0000,3,0.367578,1,-2.117600,18.250639,1.711207,2.455968,-19.176442,0
2012-11-21,sh.600008,4.1400,4.2000,4.1000,4.2000,4.1600,6288180,26070530.0000,3,0.285826,1,0.961500,18.426126,1.727661,2.479583,-19.360831,0
2012-11-22,sh.600008,4.2000,4.2400,4.1500,4.1700,4.2000,4665300,19581572.0000,3,0.212059,1,-0.714300,18.294510,1.715321,2.461872,-19.222540,0
2012-11-23,sh.600008,4.1600,4.2300,4.1500,4.1900,4.1700,4526685,18996943.0000,3,0.205758,1,0.479600,18.382254,1.723548,2.473680,-19.314734,0
2012-11-26,sh.600008,4.2100,4.2100,4.1500,4.1600,4.1900,3543818,14818338.0000,3,0.161083,1,-0.716000,18.250639,1.711207,2.455968,-19.176442,0
2012-11-27,sh.600008,4.1300,4.1500,4.0000,4.0000,4.1600,5702287,23088535.0000,3,0.259195,1,-3.846200,17.548691,1.645392,2.361508,-18.438887,0
2012-11-28,sh.600008,4.0000,4.0200,3.9400,3.9500,4.0000,3421941,13615295.0000,3,0.155543,1,-1.250000,17.329332,1.624824,2.331989,-18.208401,0
2012-11-29,sh.600008,3.9800,3.9900,3.8300,3.8400,3.9500,2774823,10874804.0000,3,0.126128,1,-2.784800,16.846743,1.579576,2.267048,-17.701332,0
2012-11-30,sh.600008,3.8500,3.9900,3.8500,3.9200,3.8400,2597573,10198855.0000,3,0.118071,1,2.083300,17.197717,1.612484,2.314278,-18.070109,0
2012-12-03,sh.600008,3.9600,4.0500,3.9200,3.9300,3.9200,3868708,15359897.0000,3,0.175850,1,0.255100,17.241589,1.616597,2.320182,-18.116206,0
2012-12-04,sh.600008,3.9100,4.0000,3.8500,3.9800,3.9300,3290310,12887013.0000,3,0.149560,1,1.272300,17.460948,1.637165,2.349701,-18.346693,0
2012-12-05,sh.600008,3.9800,4.1000,3.9700,4.0800,3.9800,5841650,23767073.0000,3,0.265530,1,2.512600,17.899665,1.678300,2.408738,-18.807665,0
2012-12-06,sh.600008,4.0900,4.1100,4.0500,4.0700,4.0800,2892403,11797058.0000,3,0.131473,1,-0.245100,17.855793,1.674186,2.402834,-18.761568,0
2012-12-07,sh.600008,4.0500,4.1500,4.0500,4.1500,4.0700,5755802,23657987.0000,3,0.261627,1,1.965600,18.206767,1.707094,2.450065,-19.130345,0
2012-12-10,sh.600008,4.1600,4.2100,4.1000,4.1700,4.1500,6829468,28323215.0000,3,0.310430,1,0.481900,18.294510,1.715321,2.461872,-19.222540,0
2012-12-11,sh.600008,4.1300,4.1600,4.1100,4.1100,4.1700,4668195,19281580.0000,3,0.212191,1,-1.438800,18.031280,1.690640,2.426450,-18.945956,0
2012-12-12,sh.600008,4.1100,4.1400,4.0700,4.1400,4.1100,3289921,13523972.0000,3,0.149542,1,0.729900,18.162895,1.702980,2.444161,-19.084248,0
2012-12-13,sh.600008,4.1400,4.1400,4.0700,4.0700,4.1400,2722734,11159416.0000,3,0.123761,1,-1.690800,17.855793,1.674186,2.402834,-18.761568,0
2012-12-14,sh.600008,4.0700,4.2200,4.0600,4.2100,4.0700,9285543,38809580.0000,3,0.422070,1,3.439800,18.469997,1.731775,2.485487,-19.406929,0
2012-12-17,sh.600008,4.2100,4.2500,4.1800,4.2200,4.2100,7819842,32916356.0000,3,0.355447,1,0.237500,18.513869,1.735888,2.491391,-19.453026,0
2012-12-18,sh.600008,4.2200,4.2800,4.2000,4.2200,4.2200,6584863,27892588.0000,3,0.299312,1,0.000000,18.513869,1.735888,2.491391,-19.453026,0
2012-12-19,sh.600008,4.2100,4.2200,4.1800,4.2000,4.2200,3180773,13357537.0000,3,0.144581,1,-0.473900,18.426126,1.727661,2.479583,-19.360831,0
2012-12-20,sh.600008,4.2000,4.2000,4.1400,4.1800,4.2000,3408288,14207746.0000,3,0.154922,1,-0.476200,18.338382,1.719434,2.467776,-19.268637,0
2012-12-21,sh.600008,4.2000,4.2300,4.1400,4.1700,4.1800,3263399,13663168.0000,3,0.148336,1,-0.239200,18.294510,1.715321,2.461872,-19.222540,0
2012-12-24,sh.600008,4.1900,4.2200,4.1500,4.2000,4.1700,2815186,11810202.0000,3,0.127963,1,0.719400,18.426126,1.727661,2.479583,-19.360831,0
2012-12-25,sh.600008,4.1900,4.2900,4.1600,4.2800,4.2000,10363305,44055674.0000,3,0.471059,1,1.904800,18.777099,1.760569,2.526814,-19.729609,0
2012-12-26,sh.600008,4.2700,4.3700,4.2500,4.3700,4.2800,15234861,66132441.0000,3,0.692494,1,2.102800,19.171945,1.797590,2.579948,-20.144484,0
2012-12-27,sh.600008,4.3900,4.4000,4.3000,4.3000,4.3700,6909367,29959228.0000,3,0.314062,1,-1.601800,18.864843,1.768796,2.538621,-19.821804,0
2012-12-28,sh.600008,4.3000,4.3500,4.2900,4.3000,4.3000,7695959,33264743.0000,3,0.349816,1,0.000000,18.864843,1.768796,2.538621,-19.821804,0
2012-12-31,sh.600008,4.3300,4.4000,4.3000,4.3700,4.3000,7905151,34280878.0000,3,0.359325,1,1.627900,19.171945,1.797590,2.579948,-20.144484,0
2013-01-04,sh.600008,4.3900,4.4100,4.2900,4.3200,4.3700,7769551,33649964.0000,3,0.353161,1,-1.144200,18.952586,1.777023,2.550429,-19.913998,0
2013-01-07,sh.600008,4.3100,4.3200,4.2700,4.3100,4.3200,9809396,42110792.0000,3,0.445882,1,-0.231500,18.908715,1.772910,2.544525,-19.867901,0
2013-01-08,sh.600008,4.3100,4.3900,4.3000,4.3500,4.3100,9505407,41329105.0000,3,0.432064,1,0.928100,19.084202,1.789363,2.568140,-20.052290,0
2013-01-09,sh.600008,4.3500,4.4400,4.3200,4.3900,4.3500,13744475,60370798.0000,3,0.624749,1,0.919500,19.259688,1.805817,2.591755,-20.236678,0
2013-01-10,sh.600008,4.4000,4.4600,4.3300,4.3600,4.3900,12361087,54291861.0000,3,0.561868,1,-0.683400,19.128073,1.793477,2.574044,-20.098387,0
2013-01-11,sh.600008,4.3700,4.3800,4.2700,4.2800,4.3600,7575382,32683690.0000,3,0.344336,1,-1.834900,18.777099,1.760569,2.526814,-19.729609,0
2013-01-14,sh.600008,4.2800,4.4400,4.2800,4.4100,4.2800,13583474,59530949.0000,3,0.617431,1,3.037400,19.347432,1.814044,2.603563,-20.328873,0
2013-01-15,sh.600008,4.4200,4.7700,4.3500,4.6400,4.4100,42665046,196960134.0000,3,1.939320,1,5.215400,20.356482,1.908654,2.739349,-21.389109,0
2013-01-16,sh.600008,4.6300,4.6300,4.4900,4.5700,4.6400,21960077,99999721.0000,3,0.998185,1,-1.508600,20.049380,1.879860,2.698023,-21.066428,0
2013-01-17,sh.600008,4.5700,4.5700,4.4700,4.4900,4.5700,7708477,34731569.0000,3,0.350385,1,-1.750500,19.698406,1.846952,2.650793,-20.697651,0
2013-01-18,sh.600008,4.5100,4.5800,4.4900,4.5600,4.4900,9765864,44372020.0000,3,0.443903,1,1.559000,20.005508,1.875747,2.692119,-21.020331,0
2013-01-21,sh.600008,4.5600,4.5800,4.5200,4.5700,4.5600,7613464,34602263.0000,3,0.346067,1,0.219300,20.049380,1.879860,2.698023,-21.066428,0
2013-01-22,sh.600008,4.5700,4.5800,4.4700,4.4800,4.5700,6088538,27481597.0000,3,0.276752,1,-1.969400,19.654534,1.842839,2.644889,-20.651553,0
2013-01-23,sh.600008,4.4800,4.5500,4.4400,4.5200,4.4800,5985231,26886907.0000,3,0.272056,1,0.892900,19.830021,1.859293,2.668504,-20.835942,0
2013-01-24,sh.600008,4.5200,4.5500,4.3800,4.4000,4.5200,10352835,46145606.0000,3,0.470583,1,-2.654900,19.303560,1.809931,2.597659,-20.282776,0
2013-01-25,sh.600008,4.4100,4.4500,4.3600,4.3800,4.4000,3964679,17440050.0000,3,0.180213,1,-0.454500,19.215817,1.801704,2.585851,-20.190581,0
2013-01-28,sh.600008,4.4100,4.4700,4.3600,4.4700,4.3800,5739256,25457021.0000,3,0.260875,1,2.054800,19.610662,1.838725,2.638985,-20.605456,0
2013-01-29,sh.600008,4.5000,4.5400,4.4700,4.5000,4.4700,7213072,32492725.0000,3,0.327867,1,0.671100,19.742277,1.851066,2.656697,-20.743748,0
2013-01-30,sh.600008,4.5100,4.5200,4.4400,4.5000,4.5000,6086817,27286618.0000,3,0.276674,1,0.000000,19.742277,1.851066,2.656697,-20.743748,0
2013-01-31,sh.600008,4.5000,4.5500,4.4800,4.5400,4.5000,8350386,37724480.0000,3,0.379563,1,0.888900,19.917764,1.867520,2.680312,-20.928137,0
2013-02-01,sh.600008,4.5500,4.5800,4.4800,4.5600,4.5400,9712233,44048565.0000,3,0.441465,1,0.440500,20.005508,1.875747,2.692119,-21.020331,0
2013-02-04,sh.600008,4.5800,4.5900,4.4100,4.4600,4.5600,13111022,58998716.0000,3,0.595956,1,-2.193000,19.566791,1.834612,2.633081,-20.559359,0
2013-02-05,sh.600008,4.4300,4.5100,4.4200,4.5100,4.4600,5936280,26611606.0000,3,0.269831,1,1.121100,19.786149,1.855179,2.662600,-20.789845,0
2013-02-06,sh.600008,4.5000,4.5600,4.4900,4.5000,4.5100,6929422,31296087.0000,3,0.314974,1,-0.221700,19.742277,1.851066,2.656697,-20.743748,0
2013-02-07,sh.600008,4.5100,4.5400,4.4300,4.5000,4.5000,11377544,50921809.0000,3,0.517161,1,0.000000,19.742277,1.851066,2.656697,-20.743748,0
2013-02-08,sh.600008,4.5000,4.5500,4.4700,4.5400,4.5000,6289031,28413435.0000,3,0.285865,1,0.888900,19.917764,1.867520,2.680312,-20.928137,0
2013-02-18,sh.600008,4.5600,4.6500,4.5400,4.6300,4.5400,18551253,85591179.0000,3,0.843239,1,1.982400,20.312610,1.904541,2.733446,-21.343012,0
2013-02-19,sh.600008,4.6300,4.6800,4.6000,4.6100,4.6300,16798290,78011661.0000,3,0.763559,1,-0.432000,20.224866,1.896314,2.721638,-21.250817,0
2013-02-20,sh.600008,4.6100,5.0700,4.5900,5.0700,4.6100,73273260,365140344.0000,3,3.330603,1,9.978300,22.242966,2.085534,2.993211,-23.371289,0
2013-02-21,sh.600008,4.9600,5.1600,4.9100,5.0600,5.0700,49451127,249678532.0000,3,2.247778,1,-0.197200,22.199094,2.081420,2.987308,-23.325192,0
2013-02-22,sh.600008,5.0700,5.3100,5.0600,5.1200,5.0600,39921784,206778212.0000,3,1.814627,1,1.185800,22.462325,2.106101,3.022730,-23.601775,0
2013-02-25,sh.600008,5.1200,5.6300,5.1100,5.6300,5.1200,78441077,433238544.0000,3,3.565504,1,9.960900,24.699783,2.315889,3.323823,-25.952733,0
2013-02-26,sh.600008,5.7000,5.7200,5.3700,5.4600,5.6300,68305529,379566520.0000,3,3.104797,1,-3.019500,23.953963,2.245960,3.223459,-25.169081,0
2013-02-27,sh.600008,5.4600,5.7200,5.3500,5.5500,5.4600,40160313,222680049.0000,3,1.825469,1,1.648400,24.348809,2.282981,3.276592,-25.583956,0
2013-02-28,sh.600008,5.5600,5.6100,5.3600,5.5500,5.5500,37609269,206781495.0000,3,1.709512,1,0.000000,24.348809,2.282981,3.276592,-25.583956,0
2013-03-01,sh.600008,5.5500,6.1100,5.5000,6.1100,5.5500,112752366,678902330.0000,3,5.125108,1,10.090100,26.805626,2.513336,3.607204,-28.165400,0
2013-03-04,sh.600008,6.1600,6.7200,6.1500,6.7200,6.1100,171250691,1117761954.0000,3,7.784122,1,9.983600,29.481801,2.764258,3.967334,-30.977330,0
2013-03-05,sh.600008,6.7400,7.3400,6.4000,7.1000,6.7200,148795390,1023482394.0000,3,6.763427,1,5.654800,31.148927,2.920570,4.191677,-32.729024,0
2013-03-06,sh.600008,6.9700,7.5800,6.8800,7.2000,7.1000,121436532,883866589.0000,3,5.519842,1,1.408500,31.587644,2.961705,4.250715,-33.189997,0
2013-03-07,sh.600008,7.1100,7.1600,6.6000,6.6800,7.2000,110213466,752612546.0000,3,5.009703,1,-7.222200,29.306314,2.747804,3.943718,-30.792941,0
2013-03-08,sh.600008,6.6600,6.8400,6.5200,6.7200,6.6800,67578268,453276128.0000,3,3.071739,1,0.598800,29.481801,2.764258,3.967334,-30.977330,0
2013-03-11,sh.600008,6.6600,7.2500,6.6100,7.0400,6.7200,91791540,640518643.0000,3,4.172343,1,4.761900,30.885696,2.895889,4.156254,-32.452441,0
2013-03-12,sh.600008,7.0800,7.0800,6.6000,6.9100,7.0400,66846863,453966187.0000,3,3.038494,1,-1.846600,30.315364,2.842414,4.079505,-31.853177,0
2013-03-13,sh.600008,6.7600,6.8400,6.5400,6.6300,6.9100,46239199,308392327.0000,3,2.101782,1,-4.052100,29.086955,2.727237,3.914200,-30.562455,0
2013-03-14,sh.600008,6.5800,6.7800,6.4600,6.5100,6.6300,38501587,254275408.0000,3,1.750072,1,-1.810000,28.560495,2.677875,3.843354,-30.009289,0
2013-03-15,sh.600008,6.5600,6.7700,6.4800,6.5300,6.5100,44798258,296078200.0000,3,2.036284,1,0.307200,28.648238,2.686102,3.855162,-30.101483,0
2013-03-18,sh.600008,6.5300,7.0700,6.4100,6.9100,6.5300,82281553,557131456.0000,3,3.740071,1,5.819300,30.315364,2.842414,4.079505,-31.853177,0
2013-03-19,sh.600008,6.8000,7.0800,6.7100,6.8500,6.9100,50245472,345030528.0000,3,2.283885,1,-0.868300,30.052133,2.817733,4.044083,-31.576594,0
2013-03-20,sh.600008,6.8500,7.2000,6.7900,7.1100,6.8500,75573070,530527904.0000,3,3.435140,1,3.795600,31.192798,2.924684,4.197581,-32.775122,0
2013-03-21,sh.600008,7.1300,7.8200,7.0600,7.8200,7.1100,110135156,836380416.0000,3,5.006143,1,9.985900,34.307691,3.216741,4.616748,-36.048024,0
2013-03-22,sh.600008,8.1000,8.1900,7.6000,7.8000,7.8200,146994276,1155319808.0000,3,6.681558,1,-0.255800,34.219948,3.208514,4.604941,-35.955830,0
2013-03-25,sh.600008,7.6500,8.5000,7.6300,8.1100,7.8000,135556137,1098987392.0000,3,6.161643,1,3.974400,35.579971,3.336032,4.787958,-37.384843,0
2013-03-26,sh.600008,7.9700,8.3000,7.8800,8.1400,8.1100,93320298,754470656.0000,3,4.241832,1,0.369900,35.711586,3.348372,4.805669,-37.523135,0
2013-03-27,sh.600008,8.1700,8.4600,8.0500,8.1800,8.1400,80648023,663483776.0000,3,3.665819,1,0.491400,35.887073,3.364826,4.829284,-37.707524,0
2013-03-28,sh.600008,8.0800,8.2000,7.6900,7.8300,8.1800,70587179,559296512.0000,3,3.208508,1,-4.278700,34.351563,3.220854,4.622652,-36.094121,0
2013-03-29,sh.600008,7.9300,8.1400,7.7100,7.7800,7.8300,57773899,456571776.0000,3,2.626086,1,-0.638600,34.132204,3.200287,4.593133,-35.863635,0
2013-04-01,sh.600008,7.7000,8.1400,7.5300,8.0700,7.7800,78191634,619638016.0000,3,3.554165,1,3.727500,35.404484,3.319578,4.764343,-37.200455,0
2013-04-02,sh.600008,8.0100,8.1600,7.7200,7.8000,8.0700,64425157,511407264.0000,3,2.928416,1,-3.345700,34.219948,3.208514,4.604941,-35.955830,0
2013-04-03,sh.600008,7.7600,7.8500,7.3000,7.4200,7.8000,57758683,432911136.0000,3,2.625395,1,-4.871800,32.552822,3.052202,4.380597,-34.204135,0
2013-04-08,sh.600008,7.1900,7.6100,6.9000,7.5200,7.4200,60962291,442463424.0000,3,2.771013,1,1.347700,32.991539,3.093336,4.439635,-34.665108,0
2013-04-09,sh.600008,7.5100,7.6200,7.4100,7.4700,7.5200,37314846,279580032.0000,3,1.696129,1,-0.664900,32.772181,3.072769,4.410116,-34.434621,0
2013-04-10,sh.600008,7.4800,7.5000,7.1100,7.2200,7.4700,41949392,303890400.0000,3,1.906791,1,-3.346700,31.675387,2.969932,4.262522,-33.282191,0
2013-04-11,sh.600008,7.2700,7.6000,7.1800,7.3600,7.2200,54960766,407836608.0000,3,2.498217,1,1.939100,32.289592,3.027521,4.345175,-33.927552,0
2013-04-12,sh.600008,7.3000,7.3300,7.1000,7.1200,7.3600,29880080,215016512.0000,3,1.358185,1,-3.260873,31.236670,2.928797,4.203484,-32.821219,0
2013-04-15,sh.600008,7.0100,7.2300,7.0100,7.0500,7.1200,22331034,158778064.0000,3,1.015047,1,-0.983100,30.929568,2.900003,4.162158,-32.498538,0
2013-04-16,sh.600008,7.0000,7.2200,6.9400,7.1700,7.0500,27265505,194037136.0000,3,1.239341,1,1.702126,31.456029,2.949365,4.233003,-33.051705,0
2013-04-17,sh.600008,7.3000,7.4000,7.1900,7.2900,7.1700,31879232,232298000.0000,3,1.449056,1,1.673600,27.589462,2.812081,4.740868,-19.782533,0
2013-04-18,sh.600008,7.2900,7.8500,7.2100,7.7000,7.2900,77452215,588223616.0000,3,3.520555,1,5.624100,29.141133,2.970237,5.007501,-20.895131,0
2013-04-19,sh.600008,7.6700,8.0000,7.5800,7.9100,7.7000,78280180,609558656.0000,3,3.558190,1,2.727273,29.935891,3.051243,5.144070,-21.464998,0
2013-04-22,sh.600008,7.7900,7.9500,7.7100,7.8300,7.9100,51858346,405403456.0000,3,2.357198,1,-1.011400,29.633126,3.020384,5.092044,-21.247906,0
2013-04-23,sh.600008,7.8000,7.8800,7.4200,7.5200,7.8300,50795942,388201664.0000,3,2.308906,1,-3.959100,28.459911,2.900803,4.890443,-20.406674,0
2013-04-24,sh.600008,7.6700,8.1500,7.6000,7.9500,7.5200,78212679,619641088.0000,3,3.555122,1,5.718100,30.087273,3.066673,5.170083,-21.573545,0
2013-04-25,sh.600008,7.7300,7.9300,7.6100,7.6400,7.9500,53774897,417116224.0000,3,2.444314,1,-3.899400,28.914059,2.947092,4.968482,-20.732312,0
2013-04-26,sh.600008,7.6800,7.7800,7.1100,7.3600,7.6400,46039951,342730912.0000,3,2.092725,1,-3.664918,27.854381,2.839084,4.786391,-19.972489,0
2013-05-02,sh.600008,7.2500,7.4100,7.0800,7.3500,7.3600,22655129,164978864.0000,3,1.029779,1,-0.135900,27.939590,2.820337,4.700710,-20.857504,0
2013-05-03,sh.600008,7.3100,7.7000,7.3000,7.5700,7.3500,36937089,278916672.0000,3,1.678959,1,2.993201,28.775877,2.904755,4.841411,-21.481811,0
2013-05-06,sh.600008,7.5500,7.6800,7.3500,7.6800,7.5700,43106205,324818880.0000,3,1.959373,1,1.453100,29.194021,2.946964,4.911762,-21.793964,0
2013-05-07,sh.600008,7.6400,7.9500,7.5700,7.7400,7.6800,57677217,450188672.0000,3,2.621692,1,0.781300,29.422099,2.969987,4.950135,-21.964229,0
2013-05-08,sh.600008,7.7000,7.7600,7.5600,7.6600,7.7400,36033488,274962144.0000,3,1.637886,1,-1.033600,29.117994,2.939290,4.898971,-21.737209,0
2013-05-09,sh.600008,7.6000,7.9400,7.5800,7.7500,7.6600,46167970,358521568.0000,3,2.098544,1,1.174900,29.460112,2.973824,4.956531,-21.992607,0
2013-05-10,sh.600008,7.8800,7.9100,7.6300,7.7000,7.7500,34711280,269210400.0000,3,1.577785,1,-0.645200,29.270047,2.954639,4.924553,-21.850719,0
2013-05-13,sh.600008,7.7100,7.7900,7.5200,7.6100,7.7000,27633174,210144608.0000,3,1.256053,1,-1.168800,28.927929,2.920104,4.866993,-21.595321,0
2013-05-14,sh.600008,7.5500,7.5800,7.3200,7.3700,7.6100,26610320,196402656.0000,3,1.209560,1,-3.153700,28.015616,2.828011,4.713501,-20.914259,0
2013-05-15,sh.600008,7.3700,7.5200,7.3000,7.5100,7.3700,21630585,160338576.0000,3,0.983208,1,1.899600,28.547799,2.881732,4.803038,-21.311545,0
2013-05-16,sh.600008,7.5000,7.5500,7.3600,7.5300,7.5100,28504325,212968624.0000,3,1.295651,1,0.266300,28.623825,2.889406,4.815829,-21.368300,0
2013-05-17,sh.600008,7.4900,7.5400,7.3500,7.4700,7.5300,30048523,224208000.0000,3,1.365842,1,-0.796800,28.395747,2.866383,4.777456,-21.198035,0
2013-05-20,sh.600008,7.5000,7.9000,7.4700,7.7000,7.4700,54287145,420186336.0000,3,2.467598,1,3.079000,29.270047,2.954639,4.924553,-21.850719,0
2013-05-21,sh.600008,7.7200,8.4700,7.6000,8.4700,7.7000,119442884,972273024.0000,3,5.429222,1,10.000010,32.197051,3.250102,5.417008,-24.035791,0
2013-05-22,sh.600008,8.5800,8.6300,8.2300,8.4000,8.4700,113446196,953830144.0000,3,5.156645,1,-0.826400,31.930960,3.223242,5.372240,-23.837148,0
2013-05-23,sh.600008,8.2200,8.4500,8.0800,8.1200,8.2500,58850537,486085056.0000,3,2.675024,1,-1.575800,30.866595,3.115801,5.193165,-23.042576,0
2013-05-24,sh.600008,8.1000,8.3100,8.0000,8.2400,8.1200,45602411,373309632.0000,3,2.072837,1,1.477800,31.322751,3.161847,5.269911,-23.383107,0
2013-05-27,sh.600008,8.2100,8.5800,8.2100,8.3400,8.2400,52914370,443735872.0000,3,2.405199,1,1.213600,31.702882,3.200219,5.333866,-23.666882,0
2013-05-28,sh.600008,8.2500,8.3200,8.0200,8.2200,8.3400,39019231,318396864.0000,3,1.773601,1,-1.438800,31.246725,3.154173,5.257120,-23.326352,0
2013-05-29,sh.600008,8.2100,8.5500,8.1500,8.2700,8.2200,54717678,457094080.0000,3,2.487167,1,0.608300,31.436790,3.173358,5.289098,-23.468239,0
2013-05-30,sh.600008,8.2000,8.4600,8.1500,8.2400,8.2700,42846083,355638944.0000,3,1.947549,1,-0.362800,31.322751,3.161847,5.269911,-23.383107,0
2013-05-31,sh.600008,8.2300,8.5700,8.1800,8.3700,8.2400,76851524,645252864.0000,3,3.493251,1,1.577671,31.816921,3.211730,5.353053,-23.752015,0
2013-06-03,sh.600008,8.3600,8.4100,8.0000,8.0700,8.3700,58707606,477285504.0000,3,2.668528,1,-3.584200,30.676529,3.096615,5.161187,-22.900688,0
2013-06-04,sh.600008,8.0200,8.1900,7.8000,7.9200,8.0700,40578881,325356224.0000,3,1.844495,1,-1.858700,30.106334,3.039057,5.065254,-22.475025,0
2013-06-05,sh.600008,7.9000,7.9500,7.8000,7.8700,7.9200,22126851,174095424.0000,3,1.005766,1,-0.631300,29.916268,3.019871,5.033277,-22.333137,0
2013-06-06,sh.600008,7.8500,7.9400,7.6700,7.7000,7.8700,23559950,183086672.0000,3,1.070907,1,-2.160100,29.270047,2.954639,4.924553,-21.850719,0
2013-06-07,sh.600008,7.6800,7.7800,7.2800,7.3900,7.7000,32883690,246192480.0000,3,1.494713,1,-4.026000,28.091642,2.835686,4.726292,-20.971014,0
2013-06-13,sh.600008,7.4000,7.4000,6.9100,7.1700,7.3900,26772814,190122784.0000,3,1.216946,1,-2.977000,27.255355,2.751267,4.585590,-20.346708,0
2013-06-14,sh.600008,7.2100,7.3700,7.1500,7.3500,7.1700,24537264,178412256.0000,3,1.115330,1,2.510500,27.939590,2.820337,4.700710,-20.857504,0
2013-06-17,sh.600008,7.4000,7.4700,7.2100,7.3000,7.3500,22021011,161484800.0000,3,1.000955,1,-0.680300,27.749525,2.801151,4.668732,-20.715616,0
2013-06-18,sh.600008,7.3100,7.4600,7.1000,7.3800,7.3000,27675780,202077248.0000,3,1.257990,1,1.095900,28.053629,2.831848,4.719896,-20.942637,0
2013-06-19,sh.600008,7.2700,7.2800,7.0800,7.1800,7.3800,23293099,166859936.0000,3,1.058777,1,-2.710000,27.293368,2.755104,4.591986,-20.375086,0
2013-06-20,sh.600008,7.1200,7.1600,6.7600,6.7700,7.1800,21571620,150158624.0000,3,0.980528,1,-5.710300,25.734833,2.597780,4.329769,-19.211606,0
2013-06-21,sh.600008,6.6000,6.6900,6.3900,6.5800,6.7700,21073007,138043536.0000,3,0.957864,1,-2.806500,25.012585,2.524873,4.208254,-18.672432,0
2013-06-24,sh.600008,6.5900,6.6300,5.9200,5.9300,6.5800,33226722,205166704.0000,3,1.510306,1,-9.878400,22.541737,2.275455,3.792545,-16.827891,0
2013-06-25,sh.600008,5.8500,6.1900,5.3400,6.0800,5.9300,45152506,260137664.0000,3,2.052387,1,2.529500,23.111933,2.333013,3.888478,-17.253555,0
2013-06-26,sh.600008,6.0500,6.3000,5.9000,6.2900,6.0800,39455369,241471504.0000,3,1.793426,1,3.453900,23.910207,2.413594,4.022784,-17.849483,0
2013-06-27,sh.600008,6.3100,6.8400,6.3100,6.4600,6.2900,55764189,366252704.0000,3,2.534736,1,2.702700,24.556429,2.478827,4.131508,-18.331902,0
2013-06-28,sh.600008,6.3600,6.6200,6.2400,6.3800,6.4600,29194550,187727888.0000,3,1.327025,1,-1.238400,24.252324,2.448129,4.080344,-18.104881,0
2013-07-01,sh.600008,6.3900,6.4600,6.2600,6.4600,6.3800,19066523,121826376.0000,3,0.866660,1,1.253900,24.556429,2.478827,4.131508,-18.331902,0
2013-07-02,sh.600008,6.5200,6.5600,6.4100,6.5500,6.4600,24074378,156313696.0000,3,1.094290,1,1.393200,24.898546,2.513361,4.189068,-18.587300,0
2013-07-03,sh.600008,6.5000,6.5000,6.2000,6.4300,6.5500,26332600,167484032.0000,3,1.196936,1,-1.832100,24.442390,2.467315,4.112321,-18.246769,0
2013-07-04,sh.600008,6.3400,6.5200,6.2500,6.3900,6.4300,25824472,165664752.0000,3,1.173840,1,-0.622100,24.290337,2.451966,4.086739,-18.133259,0
2013-07-05,sh.600008,6.4300,6.5200,6.3500,6.3600,6.3900,20075366,129005024.0000,3,0.912517,1,-0.469500,24.176298,2.440455,4.067553,-18.048126,0
2013-07-08,sh.600008,6.2000,6.2000,5.9500,5.9700,6.3600,22769361,138001088.0000,3,1.034971,1,-6.132100,22.693789,2.290804,3.818127,-16.941401,0
2013-07-09,sh.600008,5.9000,6.0400,5.9000,5.9700,5.9700,11929154,71382712.0000,3,0.542234,1,0.000000,22.693789,2.290804,3.818127,-16.941401,0
2013-07-10,sh.600008,5.9800,6.3000,5.9700,6.2600,5.9700,23359634,144248752.0000,3,1.061802,1,4.857600,23.796168,2.402083,4.003598,-17.764351,0
2013-07-11,sh.600008,6.2800,6.5900,6.2200,6.5000,6.2600,39169186,252289712.0000,3,1.780418,1,3.833900,24.708481,2.494175,4.157090,-18.445412,0
2013-07-12,sh.600008,6.5000,6.8400,6.4200,6.5400,6.5000,41347102,273797632.0000,3,1.879414,1,0.615400,24.860533,2.509524,4.182672,-18.558922,0
2013-07-15,sh.600008,6.6800,6.7600,6.5400,6.6400,6.5400,30825989,205403184.0000,3,1.401181,1,1.529100,25.240664,2.547896,4.246627,-18.842698,0
2013-07-16,sh.600008,6.6200,6.7400,6.5100,6.7200,6.6400,25722024,170481328.0000,3,1.169183,1,1.204800,25.544768,2.578594,4.297792,-19.069718,0
2013-07-17,sh.600008,6.7500,6.7500,6.5200,6.5300,6.7200,20396126,135493136.0000,3,0.927097,1,-2.827400,24.822520,2.505687,4.176277,-18.530545,0
2013-07-18,sh.600008,6.5100,6.5300,6.3000,6.3300,6.5300,21188299,135466960.0000,3,0.963104,1,-3.062800,24.062259,2.428943,4.048366,-17.962993,0
2013-07-19,sh.600008,6.3100,6.4300,6.0700,6.0900,6.3300,19547338,123132632.0000,3,0.888515,1,-3.791500,23.149946,2.336850,3.894874,-17.281932,0
2013-07-22,sh.600008,6.0200,6.4400,6.0000,6.4200,6.0900,19574385,122513872.0000,3,0.889745,1,5.418700,24.404377,2.463478,4.105926,-18.218391,0
2013-07-23,sh.600008,6.4500,6.7200,6.4500,6.5800,6.4200,32700073,215532080.0000,3,1.486367,1,2.492200,25.012585,2.524873,4.208254,-18.672432,0
2013-07-24,sh.600008,6.5000,7.2400,6.3700,7.2400,6.5800,72559677,502553824.0000,3,3.298167,1,10.030400,27.521446,2.778128,4.630359,-20.545351,0
2013-07-25,sh.600008,7.3000,7.5500,7.1100,7.2000,7.2400,94410412,690119936.0000,3,4.291382,1,-0.552500,27.369394,2.762779,4.604777,-20.431841,0
2013-07-26,sh.600008,7.1500,7.3300,6.9500,7.1900,7.2000,53060824,380020032.0000,3,2.411856,1,-0.138900,27.331381,2.758942,4.598381,-20.403463,0
2013-07-29,sh.600008,7.0700,7.1000,6.8000,6.8300,7.1900,33116719,229595744.0000,3,1.505305,1,-5.007000,25.962911,2.620803,4.368142,-19.381871,0
2013-07-30,sh.600008,6.8400,6.9900,6.5500,6.8400,6.8300,26582358,181044448.0000,3,1.208289,1,0.146400,26.000925,2.624640,4.374538,-19.410249,0
2013-07-31,sh.600008,6.9100,7.2000,6.8500,7.0100,6.8400,34709130,244953440.0000,3,1.577688,1,2.485400,26.647146,2.689872,4.483262,-19.892667,0
2013-08-01,sh.600008,7.1200,7.3300,7.0400,7.2400,7.0100,43649362,312816192.0000,3,1.984062,1,3.281000,27.521446,2.778128,4.630359,-20.545351,0
2013-08-02,sh.600008,7.2500,7.3000,7.0500,7.1000,7.2400,31013752,222246288.0000,3,1.409716,1,-1.933700,26.989264,2.724407,4.540822,-20.148065,0
2013-08-05,sh.600008,7.0700,7.2200,7.0000,7.1000,7.1000,26509670,188491408.0000,3,1.204985,1,0.000000,26.989264,2.724407,4.540822,-20.148065,0
2013-08-06,sh.600008,7.0400,7.1500,6.9500,7.1400,7.1000,26735316,188687056.0000,3,1.215242,1,0.563400,27.141316,2.739756,4.566404,-20.261576,0
2013-08-07,sh.600008,7.0800,7.4400,7.0000,7.2200,7.1400,48599614,350664576.0000,3,2.209073,1,1.120400,27.445420,2.770453,4.617568,-20.488596,0
2013-08-08,sh.600008,7.2000,7.3500,7.1400,7.1800,7.2200,29508227,213285504.0000,3,1.341283,1,-0.554000,27.293368,2.755104,4.591986,-20.375086,0
2013-08-09,sh.600008,7.1800,7.2300,7.0400,7.1300,7.1800,21355574,152474832.0000,3,0.970708,1,-0.696400,27.103303,2.735919,4.560008,-20.233198,0
2013-08-12,sh.600008,7.3200,7.5000,7.2500,7.2900,7.1300,39578092,290425600.0000,3,1.799004,1,2.244000,27.711512,2.797314,4.662336,-20.687239,0
2013-08-13,sh.600008,7.2700,7.3400,7.2100,7.2800,7.2900,19124751,138955248.0000,3,0.869307,1,-0.137200,27.673499,2.793476,4.655941,-20.658861,0
2013-08-14,sh.600008,7.2800,7.2800,7.2800,7.2800,7.2800,0,0.0000,3,,0,0.000000,27.673499,2.793476,4.655941,-20.658861,0
2013-08-15,sh.600008,7.2800,7.2800,7.2800,7.2800,7.2800,0,0.0000,3,,0,0.000000,27.673499,2.793476,4.655941,-20.658861,0
2013-08-16,sh.600008,7.2800,7.2800,7.2800,7.2800,7.2800,0,0.0000,3,,0,0.000000,27.673499,2.793476,4.655941,-20.658861,0
2013-08-19,sh.600008,7.2800,7.2800,7.2800,7.2800,7.2800,0,0.0000,3,,0,0.000000,27.673499,2.793476,4.655941,-20.658861,0
2013-08-20,sh.600008,7.2800,7.2800,7.2800,7.2800,7.2800,0,0.0000,3,,0,0.000000,27.673499,2.793476,4.655941,-20.658861,0
2013-08-21,sh.600008,7.3000,7.4900,7.2300,7.2900,7.2800,47530496,350155904.0000,3,2.160477,1,0.137400,29.021185,2.932541,4.495617,-59.764015,0
2013-08-22,sh.600008,7.2000,7.2100,7.0500,7.0700,7.2900,31267784,221897424.0000,3,1.421263,1,-3.017800,28.145375,2.844042,4.359946,-57.960437,0
2013-08-23,sh.600008,7.0900,7.1500,6.7900,6.9000,7.0700,26076694,181506640.0000,3,1.185304,1,-2.404500,27.468612,2.775656,4.255110,-56.566763,0
2013-08-26,sh.600008,6.8500,7.0700,6.8500,7.0100,6.9000,18076609,126274264.0000,3,0.821664,1,1.594200,27.906517,2.819906,4.322945,-57.468552,0
2013-08-27,sh.600008,6.9800,6.9900,6.9300,6.9800,7.0100,16064049,111684144.0000,3,0.730184,1,-0.428000,27.787088,2.807838,4.304445,-57.222609,0
2013-08-28,sh.600008,6.9300,6.9400,6.7600,6.7900,6.9800,23703754,161742240.0000,3,1.077443,1,-2.722100,27.030706,2.731407,4.187275,-55.664974,0
2013-08-29,sh.600008,6.7500,6.8700,6.7200,6.7600,6.7900,15125077,102788392.0000,3,0.687503,1,-0.441800,26.911278,2.719339,4.168775,-55.419031,0
2013-08-30,sh.600008,6.7800,6.8100,6.4800,6.5200,6.7600,24662533,163217936.0000,3,1.121024,1,-3.550300,25.955848,2.622794,4.020771,-53.451492,0
2013-09-02,sh.600008,6.5200,6.6700,6.4000,6.6600,6.5200,15274506,100073552.0000,3,0.694296,1,2.147200,26.513182,2.679112,4.107107,-54.599223,0
2013-09-03,sh.600008,6.6500,6.8900,6.6100,6.8100,6.6600,22109512,149667776.0000,3,1.004978,1,2.252300,27.110325,2.739452,4.199609,-55.828935,0
2013-09-04,sh.600008,6.7800,6.7900,6.6400,6.7000,6.8100,15084291,101073536.0000,3,0.685650,1,-1.615300,26.672420,2.695203,4.131774,-54.927146,0
2013-09-05,sh.600008,6.6400,6.7600,6.6300,6.6700,6.7000,10413189,69573120.0000,3,0.473327,1,-0.447800,26.552991,2.683135,4.113273,-54.681204,0
2013-09-06,sh.600008,6.6100,7.0000,6.5700,6.8600,6.6700,31457321,214145824.0000,3,1.429878,1,2.848600,27.309373,2.759566,4.230443,-56.238839,0
2013-09-09,sh.600008,6.8000,6.9800,6.7400,6.9100,6.8600,30389021,208428176.0000,3,1.381319,1,0.728900,27.508421,2.779679,4.261277,-56.648744,0
2013-09-10,sh.600008,6.9100,7.0800,6.8600,7.0300,6.9100,35965913,252436128.0000,3,1.634814,1,1.736600,27.986136,2.827951,4.335279,-57.632513,0
2013-09-11,sh.600008,7.0200,7.2000,6.8200,7.0700,7.0300,38254095,267813861.0000,3,1.738822,1,0.569000,28.145375,2.844042,4.359946,-57.960437,0
2013-09-12,sh.600008,7.0000,7.0800,6.9300,7.0000,7.0700,21798940,152865995.0000,3,0.990861,1,-0.990100,27.866707,2.815883,4.316779,-57.386571,0
2013-09-13,sh.600008,7.0800,7.1900,6.9700,6.9800,7.0000,21240425,149959195.0000,3,0.965474,1,-0.285700,27.787088,2.807838,4.304445,-57.222609,0
2013-09-16,sh.600008,6.9900,7.1200,6.8200,7.1100,6.9800,28142251,195881627.0000,3,1.279193,1,1.862500,28.304613,2.860133,4.384614,-58.288360,0
2013-09-17,sh.600008,7.1800,7.2200,6.9600,6.9700,7.1100,39443717,281704704.0000,3,1.792896,1,-1.969100,27.747279,2.803815,4.298278,-57.140628,0
2013-09-18,sh.600008,6.9100,7.1500,6.8600,7.1200,6.9700,21550917,150682593.0000,3,0.979587,1,2.152100,28.344422,2.864156,4.390781,-58.370341,0
2013-09-23,sh.600008,7.1300,7.3200,7.0800,7.2400,7.1200,41632837,299674480.0000,3,1.892402,1,1.685400,28.822137,2.912428,4.464782,-59.354110,0
2013-09-24,sh.600008,7.2300,7.3300,7.1400,7.1900,7.2400,28256594,204301762.0000,3,1.284391,1,-0.690600,28.623090,2.892314,4.433948,-58.944206,0
2013-09-25,sh.600008,7.1600,7.1600,6.9900,7.0100,7.1900,24985220,176748252.0000,3,1.135692,1,-2.503500,27.906517,2.819906,4.322945,-57.468552,0
2013-09-26,sh.600008,6.9800,7.0100,6.8300,6.8400,7.0100,17423629,120824749.0000,3,0.791983,1,-2.425100,27.229754,2.751520,4.218109,-56.074878,0
2013-09-27,sh.600008,6.8200,6.9400,6.8200,6.8500,6.8400,9123966,62632958.0000,3,0.414726,1,0.146200,27.269564,2.755543,4.224276,-56.156859,0
2013-09-30,sh.600008,6.8500,6.9500,6.8200,6.9200,6.8500,9344163,64286115.0000,3,0.424735,1,1.021900,27.548231,2.783702,4.267444,-56.730724,0
2013-10-08,sh.600008,6.9500,7.3700,6.9400,7.2300,6.9200,38606766,278145792.0000,3,1.754853,1,4.479800,28.782328,2.908405,4.458616,-59.272130,0
2013-10-09,sh.600008,7.2000,7.4100,7.1500,7.2800,7.2300,41937789,305979712.0000,3,1.906263,1,0.691600,28.981376,2.928519,4.489450,-59.682034,0
2013-10-10,sh.600008,7.2100,7.2400,7.1000,7.1200,7.2800,23891610,170870526.0000,3,1.085982,1,-2.197800,28.344422,2.864156,4.390781,-58.370341,0
2013-10-11,sh.600008,7.1600,7.3000,7.1600,7.2400,7.1200,24008463,173737944.0000,3,1.091294,1,1.685400,28.822137,2.912428,4.464782,-59.354110,0
2013-10-14,sh.600008,7.3000,7.4800,7.2100,7.4700,7.2400,42776358,313878624.0000,3,1.944380,1,3.176800,29.737758,3.004950,4.606619,-61.239669,0
2013-10-15,sh.600008,7.4900,7.4900,7.2300,7.2900,7.4700,31431204,231438110.0000,3,1.428691,1,-2.409600,29.021185,2.932541,4.495617,-59.764015,0
2013-10-16,sh.600008,7.2900,7.4300,7.0700,7.2800,7.2900,31995449,232067101.0000,3,1.454339,1,-0.137200,28.981376,2.928519,4.489450,-59.682034,0
2013-10-17,sh.600008,7.4000,8.0100,7.4000,7.9000,7.2800,154949255,1221536976.0000,3,7.043148,1,8.516500,31.449570,3.177925,4.871793,-64.764844,0
2013-10-18,sh.600008,7.6100,7.8500,7.3900,7.5800,7.9000,90424460,687630912.0000,3,4.110203,1,-4.050600,30.175663,3.049199,4.674455,-62.141458,0
2013-10-21,sh.600008,7.6000,8.0600,7.4900,7.8400,7.5800,78632823,616137376.0000,3,3.574219,1,3.430100,31.210712,3.153789,4.834792,-64.272959,0
2013-10-22,sh.600008,7.8700,8.2000,7.7700,7.7800,7.8400,75944711,605899296.0000,3,3.452032,1,-0.765300,30.971855,3.129653,4.797791,-63.781074,0
2013-10-23,sh.600008,7.7000,7.7900,7.5500,7.5700,7.7800,40162250,306185600.0000,3,1.825557,1,-2.699200,30.135854,3.045177,4.668288,-62.059477,0
2013-10-24,sh.600008,7.5000,7.5000,7.3300,7.3600,7.5700,26533296,196387994.0000,3,1.206059,1,-2.774100,29.299852,2.960700,4.538784,-60.337880,0
2013-10-25,sh.600008,7.3600,7.6000,7.2200,7.4200,7.3600,31299019,232959016.0000,3,1.422683,1,0.815200,29.538710,2.984836,4.575785,-60.829765,0
2013-10-28,sh.600008,7.4200,7.4400,7.1500,7.2500,7.4200,19301773,140295258.0000,3,0.877353,1,-2.291100,28.861947,2.916451,4.470949,-59.436091,0
2013-10-29,sh.600008,7.2400,7.3500,6.8000,6.9500,7.2500,32098011,226452856.0000,3,1.459000,1,-4.137900,27.437952,2.750657,4.208553,79.379023,0
2013-10-30,sh.600008,6.8700,7.1000,6.8600,7.0900,6.9500,18316715,128163696.0000,3,0.832578,1,2.014400,27.990659,2.806065,4.293330,80.978025,0
2013-10-31,sh.600008,7.0500,7.0700,6.9300,6.9400,7.0900,13514714,94490858.0000,3,0.614305,1,-2.115700,27.398473,2.746699,4.202498,79.264808,0
2013-11-01,sh.600008,6.9400,7.1200,6.8300,7.0700,6.9400,16405489,114518625.0000,3,0.745704,1,1.873200,27.911701,2.798150,4.281219,80.749596,0
2013-11-04,sh.600008,7.1000,7.3900,7.1000,7.2500,7.0700,22190821,161019688.0000,3,1.008674,1,2.546000,28.622324,2.869390,4.390218,82.805456,0
2013-11-05,sh.600008,7.1800,7.3300,7.1500,7.3000,7.2500,16531690,119949225.0000,3,0.751440,1,0.689700,28.819719,2.889179,4.420495,83.376528,0
2013-11-06,sh.600008,7.2900,7.4500,7.1700,7.1900,7.3000,23842204,174325424.0000,3,1.083737,1,-1.506800,28.385450,2.845643,4.353885,82.120169,0
2013-11-07,sh.600008,7.1500,7.2700,7.0600,7.1400,7.1900,13913327,99597476.0000,3,0.632424,1,-0.695400,28.188054,2.825854,4.323607,81.549097,0
2013-11-08,sh.600008,7.1000,7.1700,6.9900,7.0500,7.1400,11763283,82996306.0000,3,0.534695,1,-1.260500,27.832743,2.790234,4.269108,80.521167,0
2013-11-11,sh.600008,7.2000,7.4000,7.0100,7.1900,7.0500,26448520,190304792.0000,3,1.202205,1,1.985800,28.385450,2.845643,4.353885,82.120169,0
2013-11-12,sh.600008,7.1000,7.2400,7.0300,7.2200,7.1900,14982286,106838067.0000,3,0.681013,1,0.417200,28.503887,2.857517,4.372051,82.462812,0
2013-11-13,sh.600008,7.2400,7.2400,6.9800,6.9900,7.2200,15042294,106500920.0000,3,0.683741,1,-3.185600,27.595868,2.766488,4.232775,79.835881,0
2013-11-14,sh.600008,6.9400,7.0300,6.8400,6.9300,6.9900,15986579,110730353.0000,3,0.726663,1,-0.858400,27.358994,2.742741,4.196442,79.150594,0
2013-11-15,sh.600008,6.9400,7.2000,6.9400,7.1500,6.9300,21897813,155705779.0000,3,0.995355,1,3.174600,28.227533,2.829812,4.329663,81.663311,0
2013-11-18,sh.600008,7.1700,7.4200,7.1700,7.4000,7.1500,29165377,212547829.0000,3,1.325699,1,3.496500,29.214510,2.928757,4.481050,84.518672,0
2013-11-19,sh.600008,7.4200,7.5900,7.3300,7.4100,7.4000,32428071,241721942.0000,3,1.474003,1,0.135100,29.253989,2.932714,4.487105,84.632886,0
2013-11-20,sh.600008,7.4500,7.5000,7.3500,7.4800,7.4100,20136113,149608368.0000,3,0.915278,1,0.944700,29.530343,2.960419,4.529493,85.432387,0
2013-11-21,sh.600008,7.4400,7.5900,7.3000,7.4800,7.4800,24844800,185275707.0000,3,1.129309,1,0.000000,29.530343,2.960419,4.529493,85.432387,0
2013-11-22,sh.600008,7.5500,7.5800,7.3500,7.3600,7.4800,18181216,135381220.0000,3,0.826419,1,-1.604300,29.056594,2.912925,4.456828,84.061814,0
2013-11-25,sh.600008,7.3400,7.4400,7.3000,7.3000,7.3600,13780959,101532567.0000,3,0.626407,1,-0.815200,28.819719,2.889179,4.420495,83.376528,0
2013-11-26,sh.600008,7.3400,7.3800,7.2500,7.3000,7.3000,8811642,64422388.0000,3,0.400529,1,0.000000,28.819719,2.889179,4.420495,83.376528,0
2013-11-27,sh.600008,7.2800,7.4400,7.2300,7.4100,7.3000,14658644,107815462.0000,3,0.666302,1,1.506800,29.253989,2.932714,4.487105,84.632886,0
2013-11-28,sh.600008,7.4400,7.4600,7.3600,7.3700,7.4100,15044625,111436685.0000,3,0.683847,1,-0.539800,29.096073,2.916883,4.462883,84.176029,0
2013-11-29,sh.600008,7.3700,7.5800,7.3500,7.5500,7.3700,27480531,205157859.0000,3,1.249115,1,2.442300,29.806696,2.988123,4.571882,86.231888,0
2013-12-02,sh.600008,7.4700,7.4700,7.0000,7.1500,7.5500,28176125,205162973.0000,3,1.280733,1,-5.298000,28.227533,2.829812,4.329663,81.663311,0
2013-12-03,sh.600008,7.1400,7.2900,7.1000,7.2700,7.1500,10525030,76015769.0000,3,0.478410,1,1.678300,28.701282,2.877305,4.402329,83.033884,0
2013-12-04,sh.600008,7.2600,7.4900,7.2300,7.3900,7.2700,17472793,129322766.0000,3,0.794218,1,1.650600,29.175031,2.924799,4.474994,84.404457,0
2013-12-05,sh.600008,7.3900,7.5500,7.3900,7.4000,7.3900,19741664,147506458.0000,3,0.897348,1,0.135300,29.214510,2.928757,4.481050,84.518672,0
2013-12-06,sh.600008,7.4000,7.5300,7.3400,7.3900,7.4000,13318508,98759213.0000,3,0.605387,1,-0.135100,29.175031,2.924799,4.474994,84.404457,0
2013-12-09,sh.600008,7.4700,7.5700,7.4000,7.5000,7.3900,17052043,127655485.0000,3,0.775093,1,1.488500,29.609301,2.968334,4.541604,85.660816,0
2013-12-10,sh.600008,7.5000,7.5300,7.3900,7.4600,7.5000,16237873,121125623.0000,3,0.738085,1,-0.533300,29.451385,2.952503,4.517382,85.203958,0
2013-12-11,sh.600008,7.4600,7.6800,7.4200,7.5000,7.4600,32149608,242913949.0000,3,1.461346,1,0.536200,29.609301,2.968334,4.541604,85.660816,0
2013-12-12,sh.600008,7.4600,7.5300,7.4100,7.4500,7.5000,18967428,141623020.0000,3,0.862156,1,-0.666700,29.411905,2.948546,4.511327,85.089744,0
2013-12-13,sh.600008,7.4100,7.4500,7.3200,7.4300,7.4500,18556110,136792161.0000,3,0.843460,1,-0.268500,29.332947,2.940630,4.499216,84.861315,0
2013-12-16,sh.600008,7.4100,7.4100,7.2000,7.2200,7.4300,19406028,141776843.0000,3,0.882092,1,-2.826400,28.503887,2.857517,4.372051,82.462812,0
2013-12-17,sh.600008,7.2100,7.2700,7.0600,7.0900,7.2200,11985785,85310522.0000,3,0.544808,1,-1.800600,27.990659,2.806065,4.293330,80.978025,0
2013-12-18,sh.600008,7.1000,7.1400,7.0400,7.0800,7.0900,9184134,65054190.0000,3,0.417461,1,-0.141000,27.951180,2.802108,4.287275,80.863810,0
2013-12-19,sh.600008,7.1400,7.1700,6.7000,6.7500,7.0800,24385215,169513448.0000,3,1.108419,1,-4.661000,26.648371,2.671501,4.087444,77.094734,0
2013-12-20,sh.600008,6.7200,6.8200,6.6400,6.6500,6.7500,14979932,100754044.0000,3,0.680906,1,-1.481500,26.253580,2.631923,4.026889,75.952590,0
2013-12-23,sh.600008,6.6700,6.7600,6.6500,6.7300,6.6500,8185545,55008152.0000,3,0.372070,1,1.203000,26.569413,2.663585,4.075333,76.866306,0
2013-12-24,sh.600008,6.7900,6.8700,6.7500,6.8100,6.7300,9808278,66950953.0000,3,0.445831,1,1.188700,26.885245,2.695248,4.123777,77.780021,0
2013-12-25,sh.600008,6.8700,6.8700,6.7800,6.8500,6.8100,5949932,40566486.0000,3,0.270451,1,0.587400,27.043161,2.711079,4.147999,78.236879,0
2013-12-26,sh.600008,6.8800,6.8800,6.6500,6.6700,6.8500,9295842,62430785.0000,3,0.422538,1,-2.627700,26.332538,2.639839,4.039000,76.181019,0
2013-12-27,sh.600008,6.6200,6.8100,6.6200,6.7700,6.6700,7518893,50799643.0000,3,0.341768,1,1.499300,26.727329,2.679417,4.099555,77.323163,0
2013-12-30,sh.600008,6.8300,6.8300,6.7500,6.7800,6.7700,5242879,35549498.0000,3,0.238313,1,0.147700,26.766808,2.683374,4.105610,77.437378,0
2013-12-31,sh.600008,6.7600,6.8200,6.7000,6.7600,6.7800,7592846,51249660.0000,3,0.345129,1,-0.295000,26.687850,2.675459,4.093499,77.208949,0
2014-01-02,sh.600008,6.7600,6.7900,6.6800,6.7300,6.7600,7094807,47646200.0000,3,0.322491,1,-0.443800,26.569413,2.663585,4.075333,76.866306,0
2014-01-03,sh.600008,6.7400,6.7600,6.5200,6.6700,6.7300,15881865,105120893.0000,3,0.721903,1,-0.891500,26.332538,2.639839,4.039000,76.181019,0
2014-01-06,sh.600008,6.6300,6.6300,6.3500,6.3600,6.6700,13754512,88976407.0000,3,0.625205,1,-4.647700,25.108687,2.517148,3.851281,72.640372,0
2014-01-07,sh.600008,6.3100,6.4200,6.3000,6.3600,6.3600,6080080,38712828.0000,3,0.276367,1,0.000000,25.108687,2.517148,3.851281,72.640372,0
2014-01-08,sh.600008,6.3900,6.5000,6.3200,6.3400,6.3600,9544186,61083343.0000,3,0.433827,1,-0.314500,25.029729,2.509232,3.839170,72.411943,0
2014-01-09,sh.600008,6.3700,6.4100,6.2800,6.2900,6.3400,8540017,54169015.0000,3,0.388183,1,-0.788600,24.832334,2.489443,3.808892,71.840871,0
2014-01-10,sh.600008,6.3400,6.3400,6.0000,6.0700,6.2900,12016318,73464179.0000,3,0.546196,1,-3.497600,23.963794,2.402372,3.675672,69.328154,0
2014-01-13,sh.600008,6.0700,6.0800,5.9000,5.9500,6.0700,9404583,56082013.0000,3,0.427481,1,-1.976900,23.490045,2.354879,3.603006,67.957581,0
2014-01-14,sh.600008,5.9200,6.1200,5.9200,6.1200,5.9500,7372045,44369081.0000,3,0.335093,1,2.857100,24.161189,2.422161,3.705949,69.899226,0
2014-01-15,sh.600008,6.0900,6.1800,6.0500,6.1500,6.1200,5533400,33840244.0000,3,0.251518,1,0.490200,24.279627,2.434034,3.724116,70.241869,0
2014-01-16,sh.600008,6.1400,6.2100,6.0900,6.2100,6.1500,7841040,48344909.0000,3,0.356411,1,0.975600,24.516501,2.457781,3.760448,70.927156,0
2014-01-17,sh.600008,6.1800,6.1900,6.0700,6.0800,6.2100,5724719,35113425.0000,3,0.260215,1,-2.093400,24.003273,2.406330,3.681727,69.442368,0
2014-01-20,sh.600008,6.0800,6.2600,6.0500,6.1700,6.0800,8246337,51088864.0000,3,0.374834,1,1.480300,24.358585,2.441950,3.736227,70.470298,0
2014-01-21,sh.600008,6.1800,6.3200,6.1800,6.3100,6.1700,7408167,46536487.0000,3,0.336735,1,2.269000,24.911292,2.497359,3.821003,72.069300,0
2014-01-22,sh.600008,6.3000,6.4000,6.2700,6.4000,6.3100,7193789,45755472.0000,3,0.326990,1,1.426300,25.266603,2.532979,3.875502,73.097230,0
2014-01-23,sh.600008,6.4100,6.4400,6.3300,6.3900,6.4000,9424303,60119885.0000,3,0.428377,1,-0.156300,25.227124,2.529021,3.869447,72.983015,0
2014-01-24,sh.600008,6.3800,6.4500,6.3500,6.4100,6.3900,6722349,43150710.0000,3,0.305561,1,0.313000,25.306082,2.536936,3.881558,73.211444,0
2014-01-27,sh.600008,6.4100,6.4100,6.2600,6.2900,6.4100,7174426,45293699.0000,3,0.326110,1,-1.872100,24.832334,2.489443,3.808892,71.840871,0
2014-01-28,sh.600008,6.3000,6.3900,6.3000,6.3900,6.2900,5652180,35953539.0000,3,0.256917,1,1.589800,25.227124,2.529021,3.869447,72.983015,0
2014-01-29,sh.600008,6.4000,6.4300,6.3100,6.3500,6.3900,4075275,25920144.0000,3,0.185240,1,-0.626000,25.069208,2.513190,3.845225,72.526158,0
2014-01-30,sh.600008,6.3100,6.3800,6.2000,6.2300,6.3500,4204640,26306203.0000,3,0.191120,1,-1.889800,24.595459,2.465696,3.772559,71.155585,0
2014-02-07,sh.600008,6.3200,6.4400,6.2500,6.4300,6.2300,8693426,55348016.0000,3,0.395156,1,3.210300,25.385041,2.544852,3.893669,73.439873,0
2014-02-10,sh.600008,6.4600,6.6900,6.4500,6.6600,6.4300,16270947,107334365.0000,3,0.739588,1,3.577000,26.293059,2.635881,4.032945,76.066805,0
2014-02-11,sh.600008,6.6800,7.3300,6.6100,7.1000,6.6600,44993967,319493104.0000,3,2.045180,1,6.606600,28.030138,2.810023,4.299385,81.092239,0
2014-02-12,sh.600008,7.0900,7.4000,7.0600,7.1500,7.1000,37222897,268149404.0000,3,1.691950,1,0.704200,28.227533,2.829812,4.329663,81.663311,0
2014-02-13,sh.600008,7.1600,7.2400,7.0300,7.0600,7.1500,18892603,134206875.0000,3,0.858755,1,-1.258700,27.872222,2.794192,4.275164,80.635382,0
2014-02-14,sh.600008,7.0600,7.1400,7.0200,7.1300,7.0600,11662567,82632835.0000,3,0.530117,1,0.991500,28.148575,2.821897,4.317552,81.434883,0
2014-02-17,sh.600008,7.1300,7.2500,7.1300,7.1800,7.1300,15911312,114289887.0000,3,0.723241,1,0.701300,28.345971,2.841685,4.347829,82.005955,0
2014-02-18,sh.600008,7.2000,7.2800,7.0900,7.1400,7.1800,20400417,146623329.0000,3,0.927292,1,-0.557100,28.188054,2.825854,4.323607,81.549097,0
2014-02-19,sh.600008,7.1700,7.2900,7.1300,7.1700,7.1400,16084577,115738383.0000,3,0.731117,1,0.420200,28.306492,2.837728,4.341774,81.891740,0
2014-02-20,sh.600008,7.1800,7.2800,7.0700,7.0900,7.1700,15824547,113197380.0000,3,0.719298,1,-1.115800,27.990659,2.806065,4.293330,80.978025,0
2014-02-21,sh.600008,7.0900,7.1300,6.8000,6.9000,7.0900,18697337,130245158.0000,3,0.849879,1,-2.679800,27.240557,2.730868,4.178276,78.807951,0
2014-02-24,sh.600008,6.8500,7.0300,6.8500,6.9300,6.9000,11661760,80679367.0000,3,0.530080,1,0.434800,27.358994,2.742741,4.196442,79.150594,0
2014-02-25,sh.600008,6.9300,6.9500,6.5600,6.6400,6.9300,22390201,150524550.0000,3,1.017736,1,-4.184700,26.214101,2.627965,4.020834,75.838376,0
2014-02-26,sh.600008,6.6000,6.8800,6.5500,6.8300,6.6400,15314116,101809791.0000,3,0.696096,1,2.861400,26.964203,2.703163,4.135888,78.008450,0
2014-02-27,sh.600008,6.7600,6.8200,6.6500,6.6800,6.8300,13964786,93756251.0000,3,0.634763,1,-2.196200,26.372017,2.643797,4.045056,76.295234,0
2014-02-28,sh.600008,6.6900,6.7500,6.5800,6.7300,6.6800,10885225,72517752.0000,3,0.494783,1,0.748500,26.569413,2.663585,4.075333,76.866306,0
2014-03-03,sh.600008,6.7300,7.2300,6.7000,7.1600,6.7300,30420780,213049051.0000,3,1.382763,1,6.389300,28.267012,2.833770,4.335718,81.777526,0
2014-03-04,sh.600008,7.0700,7.1400,6.9600,7.1100,7.1600,21153173,149307798.0000,3,0.961508,1,-0.698300,28.069617,2.813981,4.305441,81.206454,0
2014-03-05,sh.600008,7.1200,7.2600,7.0300,7.0400,7.1100,16533340,118038802.0000,3,0.751515,1,-0.984500,27.793264,2.786277,4.263053,80.406953,0
2014-03-06,sh.600008,6.9900,7.0900,6.9200,7.0400,7.0400,10759830,75340071.0000,3,0.489083,1,0.000000,27.793264,2.786277,4.263053,80.406953,0
2014-03-07,sh.600008,7.0400,7.0500,6.8500,6.8600,7.0400,11308064,78411429.0000,3,0.514003,1,-2.556800,27.082640,2.715037,4.154054,78.351093,0
2014-03-10,sh.600008,6.8500,6.9800,6.6600,6.6900,6.8600,11691477,79675838.0000,3,0.531431,1,-2.478100,26.411496,2.647754,4.051111,76.409448,0
2014-03-11,sh.600008,6.6800,6.7400,6.6000,6.6900,6.6900,7932018,52859874.0000,3,0.360546,1,0.000000,26.411496,2.647754,4.051111,76.409448,0
2014-03-12,sh.600008,6.6500,6.7200,6.5000,6.6000,6.6900,8755342,57881441.0000,3,0.397970,1,-1.345300,26.056185,2.612134,3.996612,75.381518,0
2014-03-13,sh.600008,6.6000,6.6700,6.5900,6.6100,6.6000,8621483,57128162.0000,3,0.391886,1,0.151500,26.095664,2.616092,4.002667,75.495733,0
2014-03-14,sh.600008,6.6300,6.6300,6.4500,6.5100,6.6100,7878438,51378060.0000,3,0.358111,1,-1.512900,25.700873,2.576514,3.942113,74.353588,0
2014-03-17,sh.600008,6.5600,6.5800,6.4700,6.5700,6.5100,8447891,55211166.0000,3,0.383995,1,0.921700,25.937747,2.600261,3.978445,75.038875,0
2014-03-18,sh.600008,6.5700,6.7700,6.5600,6.7200,6.5700,13834907,92405443.0000,3,0.628859,1,2.283100,26.529933,2.659628,4.069278,76.752091,0
2014-03-19,sh.600008,6.6700,6.7300,6.5600,6.6300,6.7200,8547638,56564389.0000,3,0.388529,1,-1.339300,26.174622,2.624008,4.014778,75.724161,0
2014-03-20,sh.600008,6.6100,6.9800,6.5300,6.6900,6.6300,18492227,124367504.0000,3,0.840556,1,0.905000,26.411496,2.647754,4.051111,76.409448,0
2014-03-21,sh.600008,6.6800,6.8600,6.5000,6.8400,6.6900,18516739,123772600.0000,3,0.841670,1,2.242200,27.003682,2.707121,4.141943,78.122664,0
2014-03-24,sh.600008,6.8800,6.9400,6.7500,6.8900,6.8400,15907549,109098715.0000,3,0.723070,1,0.731000,27.201078,2.726910,4.172221,78.693736,0
2014-03-25,sh.600008,6.9300,6.9700,6.8000,6.8700,6.8900,13575439,93520247.0000,3,0.617065,1,-0.290300,27.122120,2.718994,4.160110,78.465308,0
2014-03-26,sh.600008,6.8900,6.9000,6.7400,6.8600,6.8700,10806475,73539556.0000,3,0.491203,1,-0.145600,27.082640,2.715037,4.154054,78.351093,0
2014-03-27,sh.600008,6.8500,6.8500,6.6600,6.6800,6.8600,11991632,80892574.0000,3,0.545074,1,-2.623900,26.372017,2.643797,4.045056,76.295234,0
2014-03-28,sh.600008,6.6800,6.7400,6.5500,6.5600,6.6800,9537180,63345799.0000,3,0.433508,1,-1.796400,25.898268,2.596303,3.972390,74.924660,0
2014-03-31,sh.600008,6.5800,6.6800,6.5700,6.6000,6.5600,5277079,34917034.0000,3,0.239867,1,0.609800,26.056185,2.612134,3.996612,75.381518,0
2014-04-01,sh.600008,6.6000,6.6700,6.5700,6.6600,6.6000,4359713,28937016.0000,3,0.198169,1,0.909100,26.293059,2.635881,4.032945,76.066805,0
2014-04-02,sh.600008,6.6600,6.9500,6.6200,6.8500,6.6600,17314770,117662464.0000,3,0.787035,1,2.852900,27.043161,2.711079,4.147999,78.236879,0
2014-04-03,sh.600008,6.8500,6.9000,6.6100,6.6500,6.8500,19741092,132650998.0000,3,0.897322,1,-2.919700,26.253580,2.631923,4.026889,75.952590,0
2014-04-04,sh.600008,6.6500,6.7100,6.6000,6.6700,6.6500,6585143,43878186.0000,3,0.299325,1,0.300800,26.332538,2.639839,4.039000,76.181019,0
2014-04-08,sh.600008,6.6600,6.7500,6.6000,6.7500,6.6700,9309572,62330018.0000,3,0.423162,1,1.199400,26.648371,2.671501,4.087444,77.094734,0
2014-04-09,sh.600008,6.7800,6.8400,6.7300,6.8000,6.7500,10867629,73633433.0000,3,0.493983,1,0.740700,26.845766,2.691290,4.117721,77.665807,0
2014-04-10,sh.600008,6.7700,6.8200,6.7100,6.8100,6.8000,14847307,100558143.0000,3,0.674878,1,0.147100,24.917447,2.458840,3.541297,21.816596,0
2014-04-11,sh.600008,6.7800,6.7900,6.7100,6.7500,6.8100,8036628,54224682.0000,3,0.365301,1,-0.881100,24.697910,2.437176,3.510096,21.624379,0
2014-04-14,sh.600008,6.8700,6.9400,6.8300,6.8400,6.7500,17960966,123509009.0000,3,0.816408,1,1.333300,25.027215,2.469672,3.556897,21.912704,0
2014-04-15,sh.600008,6.8000,6.8400,6.7500,6.7600,6.8400,9642933,65389668.0000,3,0.438315,1,-1.169600,24.734499,2.440787,3.515296,21.656415,0
2014-04-16,sh.600008,6.7300,6.8500,6.7100,6.7300,6.7600,11319648,76715249.0000,3,0.514529,1,-0.443800,24.624731,2.429955,3.499696,21.560307,0
2014-04-17,sh.600008,6.7900,6.8400,6.7700,6.8000,6.7300,13398020,91317483.0000,3,0.609001,1,1.040100,24.880857,2.455229,3.536097,21.784560,0
2014-04-18,sh.600008,6.8500,6.8500,6.6800,6.7400,6.8000,14211977,95740463.0000,3,0.645999,1,-0.882400,24.661320,2.433566,3.504896,21.592343,0
2014-04-21,sh.600008,6.6600,6.7100,6.5000,6.5100,6.7400,14753768,97358140.0000,3,0.670626,1,-3.412500,23.819762,2.350521,3.385293,20.855512,0
2014-04-22,sh.600008,6.5100,6.5600,6.3800,6.4700,6.5100,8619944,55621795.0000,3,0.391816,1,-0.614400,23.673404,2.336078,3.364492,20.727368,0
2014-04-23,sh.600008,6.4300,6.4900,6.4100,6.4300,6.4700,5091352,32789418.0000,3,0.231425,1,-0.618200,23.527046,2.321636,3.343691,20.599223,0
2014-04-24,sh.600008,6.4600,6.5000,6.4100,6.4400,6.4300,4340530,28027722.0000,3,0.197297,1,0.155500,23.563635,2.325247,3.348892,20.631260,0
2014-04-25,sh.600008,6.4900,6.5400,6.3100,6.3300,6.4400,5807476,37285165.0000,3,0.263976,1,-1.708100,23.161151,2.285530,3.291690,20.278862,0
2014-04-28,sh.600008,6.4100,6.4100,6.2600,6.2700,6.3300,6331358,39904130.0000,3,0.287789,1,-0.947900,22.941614,2.263866,3.260489,20.086646,0
2014-04-29,sh.600008,6.2500,6.4800,6.2100,6.4700,6.2700,7785238,49503630.0000,3,0.353874,1,3.189800,24.245812,2.331923,3.320584,11.700630,0
2014-04-30,sh.600008,6.4700,6.5100,6.4000,6.4400,6.4700,5914222,38218217.0000,3,0.268828,1,-0.463700,24.133389,2.321111,3.305187,11.646376,0
2014-05-05,sh.600008,6.4000,6.4600,6.3200,6.4100,6.4400,4890788,31146581.0000,3,0.222309,1,-0.465800,24.020966,2.310298,3.289790,11.592123,0
2014-05-06,sh.600008,6.4200,6.4600,6.3500,6.4200,6.4100,4330550,27821475.0000,3,0.196843,1,0.156000,24.058441,2.313902,3.294923,11.610208,0
2014-05-07,sh.600008,6.3800,6.3800,6.2300,6.2600,6.4200,5552012,35029998.0000,3,0.252364,1,-2.492200,23.458853,2.256235,3.212806,11.320857,0
2014-05-08,sh.600008,6.2400,6.3400,6.2200,6.2300,6.2600,4026221,25294390.0000,3,0.183010,1,-0.479200,23.346431,2.245422,3.197409,11.266603,0
2014-05-09,sh.600008,6.3200,6.3400,6.2100,6.2700,6.2300,7996079,50218211.0000,3,0.363458,1,0.642100,23.496327,2.259839,3.217939,11.338941,0
2014-05-12,sh.600008,6.3000,6.4200,6.2600,6.4000,6.2700,8392936,53268082.0000,3,0.381497,1,2.073400,23.983492,2.306694,3.284658,11.574039,0
2014-05-13,sh.600008,6.3800,6.4100,6.3100,6.3500,6.4000,4607009,29272670.0000,3,0.209409,1,-0.781300,23.796121,2.288673,3.258997,11.483617,0
2014-05-14,sh.600008,6.3500,6.4000,6.3100,6.3500,6.3500,2918695,18563204.0000,3,0.132668,1,0.000000,23.796121,2.288673,3.258997,11.483617,0
2014-05-15,sh.600008,6.3300,6.3700,6.2800,6.2900,6.3500,3644161,22999696.0000,3,0.165644,1,-0.944900,23.571276,2.267048,3.228203,11.375110,0
2014-05-16,sh.600008,6.2700,6.3200,6.2500,6.2800,6.2900,3517584,22071275.0000,3,0.159890,1,-0.159000,23.533802,2.263443,3.223071,11.357026,0
2014-05-19,sh.600008,6.2600,6.2800,6.1700,6.2000,6.2800,5431613,33722800.0000,3,0.246891,1,-1.273900,23.234008,2.234610,3.182013,11.212350,0
2014-05-20,sh.600008,6.2500,6.2700,6.1800,6.2000,6.2000,4635079,28770059.0000,3,0.210685,1,0.000000,23.234008,2.234610,3.182013,11.212350,0
2014-05-21,sh.600008,6.1000,6.1000,6.0000,6.0400,6.0500,3837315,23206171.0000,3,0.174423,1,-0.165300,22.634421,2.176942,3.099896,10.922999,0
2014-05-22,sh.600008,6.0800,6.2000,6.0700,6.0800,6.0400,5073477,31060893.0000,3,0.230613,1,0.662300,22.784317,2.191359,3.120425,10.995337,0
2014-05-23,sh.600008,6.1000,6.1300,6.0600,6.1100,6.0800,2916415,17780602.0000,3,0.132564,1,0.493400,22.896740,2.202172,3.135822,11.049590,0
2014-05-26,sh.600008,6.1800,6.1900,6.1000,6.1500,6.1100,4620110,28370183.0000,3,0.210005,1,0.654700,23.046637,2.216589,3.156351,11.121928,0
2014-05-27,sh.600008,6.1700,6.1700,6.1000,6.1000,6.1500,4863290,29842643.0000,3,0.221059,1,-0.813000,22.859266,2.198568,3.130690,11.031506,0
2014-05-28,sh.600008,6.1000,6.1500,6.0800,6.1400,6.1000,5099253,31208028.0000,3,0.231784,1,0.655700,23.009163,2.212984,3.151219,11.103843,0
2014-05-29,sh.600008,6.1600,6.1600,6.1000,6.1200,6.1400,5095271,31232062.0000,3,0.231603,1,-0.325700,22.934214,2.205776,3.140954,11.067675,0
2014-05-30,sh.600008,6.1200,6.1400,6.0700,6.0900,6.1200,3162578,19300476.0000,3,0.143754,1,-0.490200,22.821792,2.194963,3.125558,11.013421,0
2014-06-03,sh.600008,6.0800,6.1300,6.0600,6.0900,6.0900,2619669,15981736.0000,3,0.119076,1,0.000000,22.821792,2.194963,3.125558,11.013421,0
2014-06-04,sh.600008,6.0700,6.1600,6.0700,6.1400,6.0900,6241275,38159813.0000,3,0.283694,1,0.821000,23.009163,2.212984,3.151219,11.103843,0
2014-06-05,sh.600008,6.1500,6.1700,6.0800,6.1500,6.1400,5758065,35277195.0000,3,0.261730,1,0.162900,23.046637,2.216589,3.156351,11.121928,0
2014-06-06,sh.600008,6.1500,6.1600,6.0800,6.1300,6.1500,4546756,27849375.0000,3,0.206671,1,-0.325200,22.971689,2.209380,3.146087,11.085759,0
2014-06-09,sh.600008,6.1100,6.1400,6.0600,6.0800,6.1300,4978783,30353839.0000,3,0.226308,1,-0.815700,22.784317,2.191359,3.120425,10.995337,0
2014-06-10,sh.600008,6.0900,6.1400,6.0700,6.1300,6.0800,4315969,26405388.0000,3,0.196180,1,0.822400,22.971689,2.209380,3.146087,11.085759,0
2014-06-11,sh.600008,6.1500,6.4800,6.1500,6.3000,6.1300,25267079,160308134.0000,3,1.148504,1,2.773200,23.608750,2.270652,3.233335,11.393194,0
2014-06-12,sh.600008,6.3000,6.3000,6.1700,6.2000,6.3000,9853793,61322947.0000,3,0.447900,1,-1.587300,23.234008,2.234610,3.182013,11.212350,0
2014-06-13,sh.600008,6.1800,6.2900,6.1800,6.2300,6.2000,7512494,46815568.0000,3,0.341477,1,0.483900,23.346431,2.245422,3.197409,11.266603,0
2014-06-16,sh.600008,6.2800,6.2900,6.2000,6.2500,6.2300,5882222,36753838.0000,3,0.267374,1,0.321000,23.421379,2.252631,3.207674,11.302772,0
2014-06-17,sh.600008,6.2500,6.3800,6.1900,6.3000,6.2500,16751403,105456391.0000,3,0.761427,1,0.800000,23.608750,2.270652,3.233335,11.393194,0
2014-06-18,sh.600008,6.2600,6.2800,6.1000,6.1100,6.3000,11570694,71591744.0000,3,0.525941,1,-3.015900,22.896740,2.202172,3.135822,11.049590,0
2014-06-19,sh.600008,6.1100,6.1500,6.0100,6.0500,6.1100,6997511,42577848.0000,3,0.318069,1,-0.982000,22.671895,2.180547,3.105028,10.941083,0
2014-06-20,sh.600008,6.0700,6.1200,6.0500,6.1000,6.0500,3468839,21104837.0000,3,0.157674,1,0.826400,22.859266,2.198568,3.130690,11.031506,0
2014-06-23,sh.600008,6.1000,6.1300,6.0700,6.0800,6.1000,4225667,25724710.0000,3,0.192076,1,-0.327900,22.784317,2.191359,3.120425,10.995337,0
2014-06-24,sh.600008,6.1000,6.1300,6.0800,6.0900,6.0800,3541987,21575963.0000,3,0.160999,1,0.164500,22.821792,2.194963,3.125558,11.013421,0
2014-06-25,sh.600008,6.0900,6.1000,6.0300,6.0700,6.0900,3911387,23718400.0000,3,0.177790,1,-0.328400,22.746843,2.187755,3.115293,10.977252,0
2014-06-26,sh.600008,6.0800,6.1200,6.0700,6.1000,6.0700,4068163,24829574.0000,3,0.184917,1,0.494200,22.859266,2.198568,3.130690,11.031506,0
2014-06-27,sh.600008,6.0900,6.1300,6.0600,6.1000,6.1000,5934360,36186608.0000,3,0.269744,1,0.000000,22.859266,2.198568,3.130690,11.031506,0
2014-06-30,sh.600008,6.1000,6.1900,6.0900,6.1800,6.1000,8608325,52943514.0000,3,0.391287,1,1.311500,23.159060,2.227401,3.171748,11.176181,0
2014-07-01,sh.600008,6.1700,6.2000,6.1300,6.1700,6.1800,5118115,31541931.0000,3,0.232642,1,-0.161800,23.121585,2.223797,3.166616,11.158097,0
2014-07-02,sh.600008,6.1700,6.2000,6.1400,6.1800,6.1700,5248914,32398099.0000,3,0.238587,1,0.162100,23.159060,2.227401,3.171748,11.176181,0
2014-07-03,sh.600008,6.1900,6.2200,6.1600,6.1900,6.1800,6853180,42452700.0000,3,0.311508,1,0.161800,23.196534,2.231005,3.176880,11.194266,0
2014-07-04,sh.600008,6.2100,6.2200,6.1800,6.1900,6.1900,5676248,35186419.0000,3,0.258011,1,0.000000,23.196534,2.231005,3.176880,11.194266,0
2014-07-07,sh.600008,6.1900,6.2000,6.1000,6.1100,6.1900,6810788,41807754.0000,3,0.309581,1,-1.292400,22.896740,2.202172,3.135822,11.049590,0
2014-07-08,sh.600008,6.1300,6.1700,6.1000,6.1700,6.1100,5137168,31540684.0000,3,0.233508,1,0.982000,23.121585,2.223797,3.166616,11.158097,0
2014-07-09,sh.600008,6.1600,6.1700,6.0600,6.0800,6.1700,8266229,50496594.0000,3,0.375738,1,-1.458700,22.784317,2.191359,3.120425,10.995337,0
2014-07-10,sh.600008,6.0500,6.0900,6.0500,6.0500,6.0800,5277849,32037086.0000,3,0.239902,1,-0.493400,22.671895,2.180547,3.105028,10.941083,0
2014-07-11,sh.600008,6.0500,6.1000,6.0500,6.0800,6.0500,4880168,29637254.0000,3,0.221826,1,0.495900,22.784317,2.191359,3.120425,10.995337,0
2014-07-14,sh.600008,6.0800,6.1600,6.0600,6.1500,6.0800,7665167,46860986.0000,3,0.348417,1,1.151300,23.046637,2.216589,3.156351,11.121928,0
2014-07-15,sh.600008,6.1500,6.1500,6.0900,6.1300,6.1500,9652158,59039810.0000,3,0.438734,1,-0.325200,22.971689,2.209380,3.146087,11.085759,0
2014-07-16,sh.600008,6.1500,6.1600,6.1000,6.1200,6.1300,7769539,47561117.0000,3,0.353161,1,-0.163100,22.934214,2.205776,3.140954,11.067675,0
2014-07-17,sh.600008,6.1200,6.1300,6.0700,6.0800,6.1200,5513704,33596730.0000,3,0.250623,1,-0.653600,22.784317,2.191359,3.120425,10.995337,0
2014-07-18,sh.600008,6.0800,6.1100,6.0600,6.0900,6.0800,4966958,30235291.0000,3,0.225771,1,0.164500,22.821792,2.194963,3.125558,11.013421,0
2014-07-21,sh.600008,6.0900,6.0900,6.0400,6.0500,6.0900,5254418,31814308.0000,3,0.238837,1,-0.656800,22.671895,2.180547,3.105028,10.941083,0
2014-07-22,sh.600008,6.0500,6.1000,6.0200,6.0900,6.0500,7311395,44433025.0000,3,0.332336,1,0.661200,22.821792,2.194963,3.125558,11.013421,0
2014-07-23,sh.600008,6.0900,6.1100,6.0500,6.0700,6.0900,8048736,48912213.0000,3,0.365852,1,-0.328400,22.746843,2.187755,3.115293,10.977252,0
2014-07-24,sh.600008,6.0800,6.1500,6.0600,6.1500,6.0700,13199410,80665815.0000,3,0.599973,1,1.318000,23.046637,2.216589,3.156351,11.121928,0
2014-07-25,sh.600008,6.1400,6.2500,6.1300,6.2300,6.1500,18661357,115736941.0000,3,0.848244,1,1.300800,23.346431,2.245422,3.197409,11.266603,0
2014-07-28,sh.600008,6.2400,6.3300,6.2300,6.3100,6.2300,20270938,127436110.0000,3,0.921406,1,1.284100,23.646224,2.274256,3.238468,11.411279,0
2014-07-29,sh.600008,6.3100,6.4200,6.2700,6.4000,6.3100,23140854,146522030.0000,3,1.051857,1,1.426300,23.983492,2.306694,3.284658,11.574039,0
2014-07-30,sh.600008,6.3400,6.3800,6.2800,6.3400,6.4000,18994301,120141925.0000,3,0.863377,1,-0.937500,23.758647,2.285069,3.253865,11.465532,0
2014-07-31,sh.600008,6.3600,6.3700,6.2800,6.3500,6.3400,9840089,62274040.0000,3,0.447277,1,0.157700,23.796121,2.288673,3.258997,11.483617,0
2014-08-01,sh.600008,6.3300,6.4300,6.2700,6.2800,6.3500,15805695,100468664.0000,3,0.718441,1,-1.102400,23.533802,2.263443,3.223071,11.357026,0
2014-08-04,sh.600008,6.2800,6.3700,6.2700,6.3700,6.2800,11693919,73942499.0000,3,0.531542,1,1.433100,23.871069,2.295881,3.269261,11.519785,0
2014-08-05,sh.600008,6.3700,6.3800,6.3000,6.3800,6.3700,10753742,68224388.0000,3,0.488806,1,0.157000,23.908544,2.299485,3.274394,11.537870,0
2014-08-06,sh.600008,6.3700,6.4600,6.3200,6.4500,6.3800,19456123,124653981.0000,3,0.884369,1,1.097200,24.170863,2.324715,3.310320,11.664461,0
2014-08-07,sh.600008,6.4400,6.4800,6.3300,6.3400,6.4500,13433517,85990101.0000,3,0.610614,1,-1.705400,23.758647,2.285069,3.253865,11.465532,0
2014-08-08,sh.600008,6.3800,6.3900,6.3100,6.3600,6.3400,7476934,47453264.0000,3,0.339861,1,0.315500,23.833595,2.292277,3.264129,11.501701,0
2014-08-11,sh.600008,6.3100,6.4600,6.3100,6.4400,6.3600,15725706,100942718.0000,3,0.714805,1,1.257900,23.513552,2.405280,3.073120,8.595106,0
2014-08-12,sh.600008,6.4100,6.4700,6.3700,6.4600,6.4400,14218707,91178349.0000,3,0.646305,1,0.310600,23.586575,2.412750,3.082664,8.621799,0
2014-08-13,sh.600008,6.4600,6.4600,6.3700,6.4000,6.4600,12930824,82822831.0000,3,0.587765,1,-0.928800,23.367505,2.390340,3.054032,8.541720,0
2014-08-14,sh.600008,6.3900,6.5300,6.3500,6.4100,6.4000,23593050,152587085.0000,3,1.072411,1,0.156200,23.404016,2.394075,3.058804,8.555066,0
2014-08-15,sh.600008,6.3800,6.5500,6.3800,6.5200,6.4100,21473842,139522501.0000,3,0.976084,1,1.716100,23.805645,2.435159,3.111295,8.701877,0
2014-08-18,sh.600008,6.5100,6.7600,6.5100,6.6500,6.5200,27820032,185207938.0000,3,1.264547,1,1.993900,24.280298,2.483713,3.173331,8.875381,0
2014-08-19,sh.600008,6.6800,6.7500,6.5700,6.7500,6.6500,22104274,147242822.0000,3,1.004740,1,1.503800,24.645415,2.521062,3.221050,9.008845,0
2014-08-20,sh.600008,6.7400,6.8000,6.6700,6.7000,6.7500,21924982,147807683.0000,3,0.996590,1,-0.740700,24.462857,2.502388,3.197190,8.942113,0
2014-08-21,sh.600008,6.6900,6.7500,6.5700,6.6500,6.7000,15262298,101385997.0000,3,0.693741,1,-0.746300,24.280298,2.483713,3.173331,8.875381,0
2014-08-22,sh.600008,6.6500,6.9400,6.6300,6.8800,6.6500,33312069,227753301.0000,3,1.514185,1,3.458600,25.120068,2.569616,3.283085,9.182349,0
2014-08-25,sh.600008,6.8800,6.9000,6.6800,6.7700,6.8800,17047491,115413360.0000,3,0.774886,1,-1.598800,24.718439,2.528532,3.230594,9.035538,0
2014-08-26,sh.600008,6.7800,6.9500,6.6700,6.7100,6.7700,20783170,141030048.0000,3,0.944690,1,-0.886300,24.499368,2.506123,3.201962,8.955460,0
2014-08-27,sh.600008,6.7000,6.7100,6.6000,6.6500,6.7100,10114600,67203324.0000,3,0.459755,1,-0.894200,24.280298,2.483713,3.173331,8.875381,0
2014-08-28,sh.600008,6.6500,6.7400,6.6300,6.6300,6.6500,11228597,74993573.0000,3,0.510391,1,-0.300800,24.207274,2.476243,3.163787,8.848688,0
2014-08-29,sh.600008,6.6400,6.6900,6.5900,6.6800,6.6300,10297486,68396098.0000,3,0.468068,1,0.754100,24.389833,2.494918,3.187646,8.915420,0
2014-09-01,sh.600008,6.6800,6.8500,6.6600,6.8400,6.6800,13805290,93618534.0000,3,0.627513,1,2.395200,24.974021,2.554676,3.263997,9.128963,0
2014-09-02,sh.600008,6.8000,6.9000,6.7800,6.8600,6.8400,14848381,101807010.0000,3,0.674926,1,0.292400,25.047044,2.562146,3.273541,9.155656,0
2014-09-03,sh.600008,6.8800,7.0300,6.8800,6.8900,6.8600,19553592,135851188.0000,3,0.888800,1,0.437300,25.156579,2.573351,3.287857,9.195695,0
2014-09-04,sh.600008,6.8600,7.2700,6.8400,7.1900,6.8900,46599156,332754464.0000,3,2.118143,1,4.354100,26.251931,2.685398,3.431014,9.596089,0
2014-09-05,sh.600008,7.1600,7.3800,7.0700,7.2100,7.1900,31919462,231273168.0000,3,1.450885,1,0.278200,26.324955,2.692868,3.440558,9.622781,0
2014-09-09,sh.600008,7.2500,7.4200,7.2000,7.2600,7.2100,27676981,202413493.0000,3,1.258045,1,0.693500,26.507513,2.711542,3.464418,9.689514,0
2014-09-10,sh.600008,7.2800,7.3900,7.2100,7.2500,7.2600,23309064,169800577.0000,3,1.059503,1,-0.137700,26.471002,2.707808,3.459646,9.676167,0
2014-09-11,sh.600008,7.2600,7.3700,7.2000,7.2300,7.2500,21832012,158998920.0000,3,0.992364,1,-0.275900,26.397978,2.700338,3.450102,9.649474,0
2014-09-12,sh.600008,7.2100,7.2800,7.1500,7.2700,7.2300,12791070,92308337.0000,3,0.581412,1,0.553200,26.544025,2.715277,3.469190,9.702860,0
2014-09-15,sh.600008,7.2700,7.3400,7.2000,7.3200,7.2700,17311934,126010205.0000,3,0.786906,1,0.687800,26.726584,2.733952,3.493050,9.769592,0
2014-09-16,sh.600008,7.5000,8.0500,7.5000,7.6300,7.3200,71976581,561804944.0000,3,3.271663,1,4.235000,27.858447,2.849734,3.640979,10.183332,0
2014-09-17,sh.600008,7.6000,7.9800,7.5100,7.9300,7.6300,52830038,411560880.0000,3,2.401365,1,3.931800,28.953799,2.961781,3.784137,10.583725,0
2014-09-18,sh.600008,7.9900,8.0500,7.8200,7.9100,7.9300,33345523,263663249.0000,3,1.515706,1,-0.252200,28.880775,2.954311,3.774593,10.557032,0
2014-09-19,sh.600008,7.9000,8.0300,7.7400,7.8700,7.9100,26180453,205460920.0000,3,1.190021,1,-0.505700,28.734729,2.939372,3.755505,10.503646,0
2014-09-22,sh.600008,7.8800,7.8900,7.5800,7.6200,7.8700,23880077,184377066.0000,3,1.085458,1,-3.176600,27.821935,2.845999,3.636207,10.169985,0
2014-09-23,sh.600008,7.6500,7.8100,7.6200,7.7400,7.6200,19671764,151843513.0000,3,0.894171,1,1.574800,28.260076,2.890818,3.693470,10.330143,0
2014-09-24,sh.600008,7.7000,7.8400,7.7000,7.8400,7.7400,22563177,176171079.0000,3,1.025599,1,1.292000,28.625193,2.928167,3.741190,10.463607,0
2014-09-25,sh.600008,7.8800,7.9500,7.7000,7.7400,7.8400,20875352,163058452.0000,3,0.948880,1,-1.275500,28.260076,2.890818,3.693470,10.330143,0
2014-09-26,sh.600008,7.7000,7.7500,7.5100,7.6700,7.7400,27562800,208993499.0000,3,1.252855,1,-0.904400,28.004494,2.864674,3.660067,10.236718,0
2014-09-29,sh.600008,7.6600,7.7100,7.6000,7.7000,7.6700,20791816,159127457.0000,3,0.945083,1,0.391100,28.114029,2.875878,3.674383,10.276757,0
2014-09-30,sh.600008,7.6900,7.7500,7.6500,7.7000,7.7000,14855335,114608098.0000,3,0.675243,1,0.000000,28.114029,2.875878,3.674383,10.276757,0
2014-10-08,sh.600008,7.7100,7.7900,7.6300,7.7800,7.7000,15958297,123112815.0000,3,0.725377,1,1.039000,28.406123,2.905758,3.712558,10.383528,0
2014-10-09,sh.600008,7.8500,8.0800,7.8400,8.0100,7.7800,46484791,370969888.0000,3,2.112945,1,2.956300,29.245893,2.991660,3.822312,10.690496,0
2014-10-10,sh.600008,8.0200,8.0200,7.8500,7.9100,8.0100,23897555,188938088.0000,3,1.086253,1,-1.248400,28.880775,2.954311,3.774593,10.557032,0
2014-10-13,sh.600008,7.9200,7.9800,7.6800,7.7800,7.9100,19495622,151799516.0000,3,0.886165,1,-1.643500,28.406123,2.905758,3.712558,10.383528,0
2014-10-14,sh.600008,7.8000,7.8300,7.5800,7.6600,7.7800,21045922,162291915.0000,3,0.956633,1,-1.542400,27.967982,2.860939,3.655295,10.223371,0
2014-10-15,sh.600008,7.6600,7.7400,7.6300,7.7300,7.6600,12480617,95970779.0000,3,0.567301,1,0.913800,28.223564,2.887083,3.688698,10.316796,0
2014-10-16,sh.600008,7.7000,7.7400,7.5800,7.6100,7.7300,17846256,136365765.0000,3,0.811193,1,-1.552400,27.785424,2.842264,3.631435,10.156639,0
2014-10-17,sh.600008,7.5500,7.6200,7.3100,7.3800,7.6100,19575583,145541667.0000,3,0.889799,1,-3.022300,26.945654,2.756361,3.521681,9.849671,0
2014-10-20,sh.600008,7.3800,7.5500,7.3800,7.5300,7.3800,15109369,113240089.0000,3,0.686789,1,2.032500,27.493330,2.812385,3.593260,10.049867,0
2014-10-21,sh.600008,7.5200,7.5400,7.4000,7.4200,7.5300,7802448,58218316.0000,3,0.354657,1,-1.460800,27.091701,2.771301,3.540769,9.903057,0
2014-10-22,sh.600008,7.4300,7.4700,7.2900,7.3000,7.4200,12674706,93406683.0000,3,0.576123,1,-1.617200,26.653560,2.726482,3.483506,9.742899,0
2014-10-23,sh.600008,7.3000,7.3600,7.1700,7.2300,7.3000,11464084,83066384.0000,3,0.521095,1,-0.958900,26.397978,2.700338,3.450102,9.649474,0
2014-10-24,sh.600008,7.2500,7.2900,7.1700,7.2000,7.2300,7827047,56628545.0000,3,0.355775,1,-0.414900,26.288443,2.689133,3.435786,9.609435,0
2014-10-27,sh.600008,7.2200,7.3900,7.2000,7.3600,7.2000,10845175,79524449.0000,3,0.492962,1,2.222200,26.872630,2.748892,3.512137,9.822978,0
2014-10-28,sh.600008,7.3200,7.5100,7.3100,7.5000,7.3600,13032593,97232689.0000,3,0.592391,1,1.902200,27.383795,2.801180,3.578944,10.009828,0
2014-10-29,sh.600008,7.4800,7.5700,7.4700,7.5400,7.5000,17536666,131926062.0000,3,0.797121,1,0.533300,27.529842,2.816120,3.598032,10.063214,0
2014-10-30,sh.600008,7.5500,7.5700,7.4000,7.4800,7.5400,15807938,118183563.0000,3,0.718543,1,-0.795800,27.310771,2.793710,3.569400,9.983135,0
2014-10-31,sh.600008,7.5000,7.6300,7.4600,7.6100,7.4800,21973199,166004024.0000,3,0.998782,1,1.738000,27.725188,2.810220,3.498467,33.253546,0
2014-11-03,sh.600008,7.6300,7.6800,7.5800,7.6000,7.6100,16498940,125751431.0000,3,0.749952,1,-0.131400,27.688756,2.806527,3.493870,33.209849,0
2014-11-04,sh.600008,7.6000,7.6600,7.5100,7.5300,7.6000,14963690,113565919.0000,3,0.680168,1,-0.921000,27.433728,2.780678,3.461690,32.903969,0
2014-11-05,sh.600008,7.5500,7.5700,7.4700,7.5400,7.5300,13051208,98126066.0000,3,0.593237,1,0.132800,27.470160,2.784371,3.466287,32.947666,0
2014-11-06,sh.600008,7.5400,7.6200,7.4800,7.5900,7.5400,13757114,103997976.0000,3,0.625323,1,0.663100,27.652323,2.802834,3.489273,33.166152,0
2014-11-07,sh.600008,7.5900,7.6800,7.5000,7.5100,7.5900,19709705,150094089.0000,3,0.895896,1,-1.054000,27.360863,2.773292,3.452495,32.816575,0
2014-11-10,sh.600008,7.4800,7.5600,7.4300,7.5300,7.5100,13861996,103830876.0000,3,0.630091,1,0.266300,27.433728,2.780678,3.461690,32.903969,0
2014-11-11,sh.600008,7.5300,7.5800,7.2300,7.2900,7.5300,18024861,133685095.0000,3,0.819312,1,-3.187300,26.559346,2.692051,3.351357,31.855237,0
2014-11-12,sh.600008,7.3000,7.3900,7.2800,7.3900,7.2900,11514661,84577764.0000,3,0.523394,1,1.371700,26.923672,2.728979,3.397329,32.292209,0
2014-11-13,sh.600008,7.3900,7.3900,7.1800,7.2000,7.3900,19619761,142014467.0000,3,0.891807,1,-2.571000,26.231453,2.658815,3.309982,31.461962,0
2014-11-14,sh.600008,7.2200,7.2800,7.1900,7.2000,7.2000,11891944,85791322.0000,3,0.540543,1,0.000000,26.231453,2.658815,3.309982,31.461962,0
2014-11-17,sh.600008,7.2200,7.3900,7.2200,7.3200,7.2000,12541525,91687309.0000,3,0.570069,1,1.666700,26.668644,2.703129,3.365148,31.986328,0
2014-11-18,sh.600008,7.3300,7.4700,7.3300,7.4200,7.3200,11992474,88909240.0000,3,0.545112,1,1.366100,27.032969,2.740057,3.411120,32.423300,0
2014-11-19,sh.600008,7.4500,7.5300,7.3700,7.4600,7.4200,17867245,133326556.0000,3,0.812147,1,0.539100,27.178700,2.754828,3.429509,32.598089,0
2014-11-20,sh.600008,7.4600,7.4600,7.3300,7.4200,7.4600,12247704,90556985.0000,3,0.556714,1,-0.536200,27.032969,2.740057,3.411120,32.423300,0
2014-11-21,sh.600008,7.5000,7.6600,7.4600,7.6100,7.4200,29722901,224399653.0000,3,1.351041,1,2.560600,27.725188,2.810220,3.498467,33.253546,0
2014-11-24,sh.600008,7.7100,7.8000,7.5900,7.7700,7.6100,41565156,320247184.0000,3,1.889325,1,2.102500,28.308110,2.869305,3.572022,33.952701,0
2014-11-25,sh.600008,7.7700,7.9000,7.7200,7.7800,7.7700,29324391,229075377.0000,3,1.332927,1,0.128700,28.344542,2.872998,3.576619,33.996398,0
2014-11-26,sh.600008,7.8300,7.9500,7.7800,7.8800,7.7800,29892415,235198450.0000,3,1.358746,1,1.285300,28.708868,2.909926,3.622591,34.433370,0
2014-11-27,sh.600008,7.9100,7.9800,7.7600,7.8600,7.8800,32225442,253168421.0000,3,1.464793,1,-0.253800,28.636003,2.902540,3.613397,34.345976,0
2014-11-28,sh.600008,7.8600,7.9500,7.6700,7.7800,7.8600,34321653,266812940.0000,3,1.560075,1,-1.017800,28.344542,2.872998,3.576619,33.996398,0
2014-12-01,sh.600008,7.7900,7.9100,7.6800,7.8300,7.7800,33425670,259771931.0000,3,1.519349,1,0.642700,28.526705,2.891462,3.599605,34.214884,0
2014-12-02,sh.600008,7.8800,8.6100,7.8800,8.6100,7.8300,96487355,816879952.0000,3,4.385789,1,9.961700,31.368446,3.179500,3.958187,37.623263,0
2014-12-03,sh.600008,9.0300,9.4700,8.9100,9.2800,8.6100,168421116,1546262032.0000,3,7.655505,1,7.781700,33.809428,3.426918,4.266199,40.550974,0
2014-12-04,sh.600008,9.1900,9.5900,9.1000,9.5500,9.2800,116466099,1082963568.0000,3,5.293914,1,2.909500,34.793108,3.526623,4.390323,41.730797,0
2014-12-05,sh.600008,9.4600,9.4800,8.9600,9.2800,9.5500,94898913,876309424.0000,3,4.313587,1,-2.827200,33.809428,3.426918,4.266199,40.550974,0
2014-12-08,sh.600008,9.3300,9.8600,9.1800,9.8300,9.2800,115711834,1090272864.0000,3,5.259629,1,5.926700,35.813220,3.630021,4.519045,42.954318,0
2014-12-09,sh.600008,9.5800,9.8500,8.8500,9.0700,9.8300,110214690,1047376624.0000,3,5.009759,1,-7.731400,33.044344,3.349369,4.169658,39.633333,0
2014-12-10,sh.600008,9.0200,9.9800,8.8800,9.9800,9.0700,107990057,1042858784.0000,3,4.908639,1,10.033100,36.359708,3.685413,4.588003,43.609776,0
2014-12-11,sh.600008,10.9800,10.9800,10.8700,10.9800,9.9800,55860472,613194960.0000,3,2.539112,1,10.020000,40.002966,4.054693,5.047723,47.979493,0
2014-12-12,sh.600008,11.5000,11.8000,10.9700,11.3700,10.9800,189875947,2149830352.0000,3,8.630725,1,3.551900,41.423836,4.198713,5.227013,49.683682,0
2014-12-15,sh.600008,11.1400,11.4300,10.9100,11.2500,11.3700,103366236,1154781600.0000,3,4.698465,1,-1.055400,40.986645,4.154399,5.171847,49.159316,0
2014-12-16,sh.600008,11.2500,12.2500,10.9500,11.7000,11.2500,130892169,1521792912.0000,3,5.949644,1,4.000000,42.626111,4.320575,5.378721,51.125689,0
2014-12-17,sh.600008,11.4500,11.9500,11.3000,11.6300,11.7000,90063270,1042798576.0000,3,4.093785,1,-0.598300,42.371083,4.294725,5.346540,50.819809,0
2014-12-18,sh.600008,11.6000,12.6500,11.4000,12.0300,11.6300,122341859,1486369408.0000,3,5.560994,1,3.439400,43.828386,4.442437,5.530428,52.567696,0
2014-12-19,sh.600008,11.7100,12.7000,11.3500,12.4900,12.0300,104144807,1239995168.0000,3,4.733855,1,3.823800,45.504284,4.612306,5.741899,54.577765,0
2014-12-22,sh.600008,12.3000,13.0000,11.9100,12.5700,12.4900,125262950,1566487248.0000,3,5.693770,1,0.640500,45.795745,4.641848,5.778677,54.927343,0
2014-12-23,sh.600008,12.5000,12.5000,11.7000,11.8300,12.5700,70144071,847218512.0000,3,3.188367,1,-5.887000,43.099734,4.368581,5.438484,51.693752,0
2014-12-24,sh.600008,11.7000,12.4100,11.6600,11.8300,11.8300,87355436,1051397344.0000,3,3.970702,1,0.000000,43.099734,4.368581,5.438484,51.693752,0
2014-12-25,sh.600008,11.8300,11.8600,11.2000,11.8200,11.8300,75158313,867995664.0000,3,3.416287,1,-0.084500,43.063302,4.364889,5.433887,51.650055,0
2014-12-26,sh.600008,11.8300,12.3800,11.7000,11.9300,11.8200,77185335,929236608.0000,3,3.508424,1,0.930600,43.464060,4.405509,5.484456,52.130724,0
2014-12-29,sh.600008,12.1000,12.5000,11.9500,12.2600,11.9300,84345759,1029705920.0000,3,3.833898,1,2.766100,44.666335,4.527372,5.636164,53.572730,0
2014-12-30,sh.600008,12.3000,12.3000,11.6000,11.7200,12.2600,63944475,755060224.0000,3,2.906567,1,-4.404600,42.698976,4.327961,5.387915,51.213083,0
2014-12-31,sh.600008,11.7200,11.9300,11.3800,11.8000,11.7200,50088425,585904480.0000,3,2.276747,1,0.682600,42.990437,4.357503,5.424693,51.562661,0
2015-01-05,sh.600008,11.8000,12.4800,11.5000,12.0900,11.8000,70749161,850785264.0000,3,3.215871,1,2.457600,44.046981,4.464594,5.558012,52.829879,0
2015-01-06,sh.600008,11.9400,13.3000,11.7100,13.3000,12.0900,124066830,1552150704.0000,3,5.639401,1,10.008300,48.455323,4.911423,6.114272,58.117236,0
2015-01-07,sh.600008,13.0200,13.1000,12.7000,12.7600,13.3000,94688573,1219606208.0000,3,4.304026,1,-4.060200,46.487964,4.712012,5.866024,55.757589,0
2015-01-08,sh.600008,12.7600,13.2700,12.4200,12.6500,12.7600,79792780,1020790768.0000,3,3.626945,1,-0.862100,46.087205,4.671391,5.815455,55.276920,0
2015-01-09,sh.600008,12.4600,12.8400,12.2000,12.2300,12.6500,52016176,650839936.0000,3,2.364372,1,-3.320200,44.557037,4.516293,5.622372,53.441639,0
2015-01-12,sh.600008,12.1500,12.3700,11.6000,11.7100,12.2300,45617654,545033280.0000,3,2.073530,1,-4.251800,42.662544,4.324268,5.383318,51.169386,0
2015-01-13,sh.600008,11.6200,11.8700,11.5500,11.6500,11.7100,28768148,336142032.0000,3,1.307643,1,-0.512400,42.443948,4.302111,5.355735,50.907203,0
2015-01-14,sh.600008,11.5900,11.8700,11.4100,11.5200,11.6500,36251570,421102832.0000,3,1.647799,1,-1.115900,41.970325,4.254105,5.295971,50.339140,0
2015-01-15,sh.600008,11.6000,11.9800,11.6000,11.8300,11.5200,38100668,449679616.0000,3,1.731849,1,2.691000,43.099734,4.368581,5.438484,51.693752,0
2015-01-16,sh.600008,11.8400,12.6000,11.6100,12.4100,11.8300,70741676,861399456.0000,3,3.215531,1,4.902800,45.212824,4.582764,5.705122,54.228188,0
2015-01-19,sh.600008,11.7200,12.2400,11.1700,11.1700,12.4100,69245290,806893712.0000,3,3.147513,1,-9.991900,40.695185,4.124857,5.135069,48.809739,0
2015-01-20,sh.600008,11.3500,11.6700,11.1700,11.4300,11.1700,47785045,546377184.0000,3,2.172048,1,2.327700,41.642431,4.220869,5.254597,49.945865,0
2015-01-21,sh.600008,11.4400,12.0000,11.4400,11.8300,11.4300,51596253,605929808.0000,3,2.345284,1,3.499600,43.099734,4.368581,5.438484,51.693752,0
2015-01-22,sh.600008,11.8500,12.4000,11.7600,12.2500,11.8300,63092886,761073584.0000,3,2.867858,1,3.550300,44.629902,4.523679,5.631567,53.529033,0
2015-01-23,sh.600008,12.3400,12.3400,11.8500,11.9500,12.2500,48265950,583268176.0000,3,2.193907,1,-2.449000,47.698799,4.834742,6.018811,57.209863,0
2015-01-26,sh.600008,11.8600,12.2600,11.8000,12.1900,11.9500,36902103,444857504.0000,3,1.677368,1,2.008400,48.656767,4.931841,6.139691,58.358848,0
2015-01-27,sh.600008,12.3700,12.5800,11.9500,12.3200,12.1900,53486913,657642832.0000,3,2.431223,1,1.066400,49.175666,4.984437,6.205168,58.981215,0
2015-01-28,sh.600008,12.2600,12.3200,11.9500,12.0500,12.3200,38405677,464520512.0000,3,1.745713,1,-2.191600,48.097952,4.875200,6.069178,57.688607,0
2015-01-29,sh.600008,11.8700,11.9600,11.4800,11.5500,12.0500,43725160,511877088.0000,3,1.987507,1,-4.149400,46.102187,4.672909,5.817345,55.294889,0
2015-01-30,sh.600008,11.6000,12.0900,11.5700,11.7000,11.5500,46858191,554189840.0000,3,2.129918,1,1.298700,46.700916,4.733596,5.892895,56.013004,0
2015-02-02,sh.600008,11.3600,11.4800,11.1700,11.2000,11.7000,36430240,411196816.0000,3,1.655920,1,-4.273500,44.705151,4.531306,5.641062,53.619286,0
2015-02-03,sh.600008,11.3200,11.3900,10.9100,11.3000,11.2000,29885000,333885024.0000,3,1.358409,1,0.892900,45.104304,4.571764,5.691428,54.098030,0
2015-02-04,sh.600008,11.3000,11.4500,11.1500,11.1800,11.3000,25416015,287205488.0000,3,1.155273,1,-1.061900,44.625320,4.523214,5.630988,53.523537,0
2015-02-05,sh.600008,11.4500,11.4900,11.0000,11.0800,11.1800,27420553,306566832.0000,3,1.246389,1,-0.894500,44.226167,4.482756,5.580622,53.044794,0
2015-02-06,sh.600008,11.1200,11.1200,10.7000,10.8500,11.0800,30953628,334657312.0000,3,1.406983,1,-2.075800,43.308115,4.389703,5.464779,51.943683,0
2015-02-09,sh.600008,10.8200,10.8200,10.3400,10.5000,10.8500,26822587,282245232.0000,3,1.219208,1,-3.225800,41.911079,4.248099,5.288495,50.268081,0
2015-02-10,sh.600008,10.5000,10.8200,10.4000,10.8100,10.5000,20857772,221710786.0000,3,0.948081,1,2.952400,43.148454,4.373519,5.444632,51.752186,0
2015-02-11,sh.600008,10.8400,11.0000,10.7500,10.7900,10.8100,20352514,221239641.0000,3,0.925114,1,-0.185000,43.068623,4.365428,5.434559,51.656437,0
2015-02-12,sh.600008,10.8100,10.9800,10.7700,10.9200,10.7900,14621013,159240010.0000,3,0.664592,1,1.204800,43.587522,4.418023,5.500035,52.278804,0
2015-02-13,sh.600008,11.0100,11.8000,11.0000,11.4700,10.9200,56299203,647890880.0000,3,2.559055,1,5.036600,45.782864,4.640543,5.777052,54.911894,0
2015-02-16,sh.600008,11.6000,11.8100,11.5000,11.7100,11.4700,35269887,411485584.0000,3,1.603177,1,2.092400,46.740832,4.737642,5.897932,56.060879,0
2015-02-17,sh.600008,11.8000,11.8800,11.5200,11.6700,11.7100,25261832,294780112.0000,3,1.148265,1,-0.341600,46.581171,4.721459,5.877785,55.869381,0
2015-02-25,sh.600008,11.7300,12.5800,11.7300,12.3700,11.6700,78809470,972277904.0000,3,3.582249,1,5.998300,49.375242,5.004666,6.230351,59.220586,0
2015-02-26,sh.600008,12.5600,12.8900,12.2000,12.5000,12.3700,82317127,1033152192.0000,3,3.741688,1,1.050900,49.894142,5.057261,6.295828,59.842953,0
2015-02-27,sh.600008,12.4800,12.5400,12.2400,12.4800,12.5000,47313677,585652176.0000,3,2.150622,1,-0.160000,49.814311,5.049170,6.285755,59.747204,0
2015-03-02,sh.600008,13.0000,13.3000,12.7200,12.8400,12.4800,98259410,1275197008.0000,3,4.466337,1,2.884600,51.251262,5.194819,6.467074,61.470681,0
2015-03-03,sh.600008,12.9300,13.8300,12.6900,13.2400,12.8400,123625081,1646705248.0000,3,5.619322,1,3.115300,52.847875,5.356651,6.668541,63.385656,0
2015-03-04,sh.600008,12.9000,12.9700,12.6200,12.9200,13.2400,66895981,855537248.0000,3,3.040726,1,-2.416900,51.570585,5.227185,6.507368,61.853676,0
2015-03-05,sh.600008,13.0800,13.3800,12.6800,12.7600,12.9200,56255907,730365264.0000,3,2.557087,1,-1.238400,50.931940,5.162452,6.426781,61.087687,0
2015-03-06,sh.600008,12.6600,12.6800,12.0700,12.1500,12.7600,51493763,634152144.0000,3,2.340626,1,-4.780600,48.497106,4.915658,6.119545,58.167350,0
2015-03-09,sh.600008,12.1500,12.3900,12.1000,12.2700,12.1500,27744674,339284816.0000,3,1.261122,1,0.987700,48.976089,4.964208,6.179985,58.741843,0
2015-03-10,sh.600008,12.2500,12.2900,12.1000,12.2000,12.2700,33545721,408506224.0000,3,1.524806,1,-0.570500,48.696682,4.935887,6.144728,58.406722,0
2015-03-11,sh.600008,12.2000,12.2600,12.0600,12.2100,12.2000,30361602,368835664.0000,3,1.380073,1,0.082000,48.736597,4.939933,6.149765,58.454597,0
2015-03-12,sh.600008,12.2300,12.3500,12.1300,12.2400,12.2100,28875435,353304800.0000,3,1.312520,1,0.245700,48.856343,4.952070,6.164875,58.598220,0
2015-03-13,sh.600008,12.2500,12.5000,12.2100,12.4900,12.2400,35413675,438462448.0000,3,1.609713,1,2.042500,49.854226,5.053215,6.290791,59.795079,0
2015-03-16,sh.600008,12.5500,12.7800,12.5500,12.7300,12.4900,43466366,551764192.0000,3,1.975744,1,1.921500,50.812194,5.150315,6.411671,60.944064,0
2015-03-17,sh.600008,12.8400,12.8600,12.6000,12.7600,12.7300,48744249,619751488.0000,3,2.215648,1,0.235700,50.931940,5.162452,6.426781,61.087687,0
2015-03-18,sh.600008,12.7400,13.1700,12.7100,13.0700,12.7600,64740465,838872208.0000,3,2.942748,1,2.429500,52.169314,5.287872,6.582918,62.571792,0
2015-03-19,sh.600008,13.0700,13.0900,12.6900,12.9400,13.0700,52662028,675934544.0000,3,2.393729,1,-0.994600,51.650415,5.235277,6.517441,61.949425,0
2015-03-20,sh.600008,12.8800,14.1800,12.7800,13.4500,12.9400,96105030,1293021440.0000,3,4.368410,1,3.941300,53.686096,5.441613,6.774311,64.391018,0
2015-03-23,sh.600008,13.6600,14.8000,13.3000,14.8000,13.4500,157889677,2257675760.0000,3,7.176803,1,10.037200,59.074664,5.987797,7.454260,70.854057,0
2015-03-24,sh.600008,15.2000,15.5600,14.3900,15.0600,14.8000,221485791,3322114432.0000,3,10.067536,1,1.756800,60.112462,6.092988,7.585213,72.098790,0
2015-03-25,sh.600008,15.1000,15.3600,14.6800,14.8500,15.0600,106592459,1598597504.0000,3,4.845112,1,-1.394400,59.274240,6.008026,7.479444,71.093428,0
2015-03-26,sh.600008,14.6000,15.1000,14.5000,14.6500,14.8500,75618186,1114446352.0000,3,3.437190,1,-1.346800,58.475934,5.927110,7.378710,70.135941,0
2015-03-27,sh.600008,14.6300,15.6100,14.4400,15.3700,14.6500,101161807,1513192192.0000,3,4.598264,1,4.914700,61.349836,6.218408,7.741350,73.582895,0
2015-03-30,sh.600008,15.4800,16.2000,15.0500,15.2400,15.3700,130034203,2007455920.0000,3,5.910646,1,-0.845800,60.830937,6.165813,7.675873,72.960528,0
2015-03-31,sh.600008,15.2400,15.3900,15.0000,15.0200,15.2400,63281725,956578528.0000,3,2.876442,1,-1.443600,59.952800,6.076805,7.565067,71.907293,0
2015-04-01,sh.600008,15.0000,15.8000,14.9100,15.6900,15.0200,119976557,1849466480.0000,3,5.453480,1,4.460700,62.627126,6.347874,7.902523,75.114875,0
2015-04-02,sh.600008,15.6900,16.1200,15.5500,15.8600,15.6900,131656715,2082147808.0000,3,5.984396,1,1.083500,63.305687,6.416653,7.988146,75.928739,0
2015-04-03,sh.600008,15.5800,15.8400,15.3600,15.6900,15.8600,77205650,1204010784.0000,3,3.509348,1,-1.071900,62.627126,6.347874,7.902523,75.114875,0
2015-04-07,sh.600008,15.6500,16.0800,15.5800,15.7300,15.6900,74572203,1177888592.0000,3,3.389646,1,0.254900,62.786788,6.364057,7.922670,75.306372,0
2015-04-08,sh.600008,15.7300,15.7800,14.8500,15.0900,15.7300,91553255,1392494704.0000,3,4.161512,1,-4.068700,60.232208,6.105126,7.600323,72.242413,0
2015-04-09,sh.600008,14.9900,14.9900,14.2200,14.6000,15.0900,63546381,925090112.0000,3,2.888472,1,-3.247200,58.276357,5.906881,7.353527,69.896569,0
2015-04-10,sh.600008,14.5000,15.0000,14.3200,14.8900,14.6000,42545455,630112112.0000,3,1.933884,1,1.986300,59.433901,6.024210,7.499590,71.284926,0
2015-04-13,sh.600008,14.9400,15.3000,14.8900,15.1300,14.8900,54603040,823326032.0000,3,2.481956,1,1.611800,60.391869,6.121309,7.620470,72.433911,0
2015-04-14,sh.600008,15.1900,15.2700,14.8000,15.1200,15.1300,56373155,849914736.0000,3,2.562416,1,-0.066100,60.351954,6.117263,7.615433,72.386036,0
2015-04-15,sh.600008,15.1400,15.8600,15.0100,15.4200,15.1200,93138391,1443948976.0000,3,4.233563,1,1.984100,61.549413,6.238637,7.766533,73.822267,0
2015-04-16,sh.600008,15.1000,16.9600,14.8000,16.8400,15.4200,194306766,3182486960.0000,3,8.832126,1,9.208800,67.217387,6.813142,8.481739,80.620427,0
2015-04-17,sh.600008,17.2900,17.4000,16.4100,16.5400,16.8400,188273152,3164088816.0000,3,8.557871,1,-1.781500,66.019928,6.691768,8.330639,79.184196,0
2015-04-20,sh.600008,16.2200,16.2200,15.4900,15.5200,16.5400,105085913,1659312896.0000,3,4.776632,1,-6.166900,61.948566,6.279095,7.816900,74.301011,0
2015-04-21,sh.600008,15.5400,16.1100,15.5100,16.0300,15.5200,67861915,1074633312.0000,3,3.084633,1,3.286100,63.984247,6.485432,8.073770,76.742603,0
2015-04-22,sh.600008,16.6000,16.6800,16.1200,16.2200,16.0300,92719779,1512254112.0000,3,4.214535,1,1.185300,64.066056,6.257903,6.994543,265.334604,0
2015-04-23,sh.600008,16.1500,16.1600,15.8000,15.9500,16.2200,74935489,1193440912.0000,3,3.406159,1,-1.664600,62.999605,6.153733,6.878111,260.917814,0
2015-04-24,sh.600008,15.7300,16.2800,15.5600,16.1400,15.9500,76185287,1221980656.0000,3,3.462968,1,1.191200,63.750071,6.227038,6.960044,264.025926,0
2015-04-27,sh.600008,16.1300,16.2800,15.8100,15.9600,16.1400,66800514,1072055632.0000,3,3.036387,1,-1.115200,63.039103,6.157591,6.882423,261.081399,0
2015-04-28,sh.600008,15.8200,16.2800,15.6500,16.2600,15.9600,94238238,1510824896.0000,3,4.283556,1,1.879700,64.224049,6.273336,7.011792,265.988944,0
2015-04-29,sh.600008,16.2000,16.2400,15.7700,16.0400,16.2600,51388724,825063328.0000,3,2.335851,1,-1.353000,63.355089,6.188456,6.916922,262.390077,0
2015-04-30,sh.600008,16.2300,16.2800,15.7000,15.7100,16.0400,54115238,861808576.0000,3,2.459784,1,-2.057400,61.193902,4.580786,6.748347,-324.039161,0
2015-05-04,sh.600008,15.7300,16.0500,15.5600,15.8100,15.7100,55331519,874079680.0000,3,2.515069,1,0.636500,61.583424,4.609944,6.791303,-326.101791,0
2015-05-05,sh.600008,15.8400,15.8600,14.4000,14.6300,15.8100,71421031,1080036864.0000,3,3.246411,1,-7.463600,56.987064,4.265875,6.284425,-301.762758,0
2015-05-06,sh.600008,14.6300,14.9900,13.8700,14.1100,14.6300,50037191,726064048.0000,3,2.274418,1,-3.554300,54.961550,4.114251,6.061055,-291.037082,0
2015-05-07,sh.600008,14.1100,14.2700,13.2800,13.3500,14.1100,46378352,633256112.0000,3,2.108107,1,-5.386200,52.001183,3.892648,5.734592,-275.361095,0
2015-05-08,sh.600008,13.5000,13.7700,13.3500,13.6500,13.3500,37362165,506185872.0000,3,1.698280,1,2.247200,53.169749,3.980123,5.863459,-281.548985,0
2015-05-11,sh.600008,13.8000,14.2900,13.5000,14.2700,13.6500,51147421,714219200.0000,3,2.324883,1,4.542100,55.584785,4.160905,6.129785,-294.337290,0
2015-05-12,sh.600008,14.3500,14.5700,14.1400,14.4700,14.2700,51615360,741883744.0000,3,2.346153,1,1.401500,56.363829,4.219222,6.215696,-298.462550,0
2015-05-13,sh.600008,14.4700,14.6000,13.9900,14.5300,14.4700,46351273,663982544.0000,3,2.106876,1,0.414600,56.597543,4.236717,6.241470,-299.700128,0
2015-05-14,sh.600008,14.8500,14.9000,14.4000,14.4800,14.5300,49318482,720568336.0000,3,2.241749,1,-0.344100,56.402782,4.222138,6.219992,-298.668813,0
2015-05-15,sh.600008,14.4500,14.4600,13.6900,13.8400,14.4800,42124429,586641216.0000,3,1.914747,1,-4.419900,53.909841,4.035524,5.945075,-285.467982,0
2015-05-18,sh.600008,14.6500,14.8400,14.3400,14.4100,13.8400,74003451,1078240640.0000,3,3.363793,1,4.118500,56.130116,4.201727,6.189923,-297.224972,0
2015-05-19,sh.600008,14.4100,14.6500,14.0500,14.5900,14.4100,55036776,793463168.0000,3,2.501672,1,1.249100,56.831256,4.254212,6.267243,-300.937706,0
2015-05-20,sh.600008,14.6500,15.0000,14.4700,14.7500,14.5900,74384026,1099884080.0000,3,3.381092,1,1.096600,57.454491,4.300865,6.335972,-304.237914,0
2015-05-21,sh.600008,14.7900,15.4000,14.5100,15.3600,14.7500,82424283,1233407472.0000,3,3.746558,1,4.135600,59.830575,4.478732,6.598002,-316.819956,0
2015-05-22,sh.600008,15.5100,16.5000,15.0500,16.0400,15.3600,134015093,2114225008.0000,3,6.091595,1,4.427100,62.479324,4.677009,6.890101,-330.845840,0
2015-05-25,sh.600008,15.9000,16.3400,15.7900,16.1900,16.0400,112716543,1816739936.0000,3,5.123479,1,0.935200,63.063607,4.720746,6.954535,-333.939785,0
2015-05-26,sh.600008,16.3000,16.7400,16.0600,16.7300,16.1900,113453925,1861157024.0000,3,5.156997,1,3.335400,65.167026,4.878202,7.186496,-345.077986,0
2015-05-27,sh.600008,16.7900,17.6200,16.2300,17.1500,16.7300,148772473,2542601264.0000,3,6.762385,1,2.510500,66.803018,5.000667,7.366910,-353.741032,0
2015-05-28,sh.600008,16.9800,17.1000,15.4400,15.4400,17.1500,121102078,1970659456.0000,3,5.504640,1,-9.970800,60.142192,4.502058,6.632367,-318.470060,0
2015-05-29,sh.600008,15.3000,15.4200,13.9900,14.8600,15.4400,73615638,1094463984.0000,3,3.346165,1,-3.756500,57.882965,4.332939,6.383223,-306.506807,0
2015-06-01,sh.600008,14.8500,15.4800,14.4000,15.4200,14.7100,56933664,859121360.0000,3,2.587894,1,4.826600,60.064288,4.496227,6.623776,-318.057534,0
2015-06-02,sh.600008,15.4200,16.0800,15.1500,16.0000,15.4200,81917532,1285184928.0000,3,3.723524,1,3.761300,62.323515,4.665345,6.872919,-330.020788,0
2015-06-03,sh.600008,16.0100,16.7500,15.5000,16.4100,16.0000,85288067,1369736048.0000,3,3.876730,1,2.562500,63.920556,4.784895,7.049038,-338.477571,0
2015-06-04,sh.600008,16.3300,16.6700,15.3700,16.6500,16.4100,94578102,1538226576.0000,3,4.299005,1,1.462500,64.855408,4.854875,7.152131,-343.427882,0
2015-06-05,sh.600008,17.1500,17.6500,16.3000,17.3800,16.6500,170058841,2904185392.0000,3,7.729947,1,4.384400,67.698919,5.067731,7.465708,-358.485081,0
2015-06-08,sh.600008,17.1300,19.1000,16.6100,18.8900,17.3800,206414730,3715021200.0000,3,9.382488,1,8.688100,73.580700,5.508023,8.114340,-389.630793,0
2015-06-09,sh.600008,18.5000,18.9700,17.8900,17.9700,18.8900,161757713,2986054880.0000,3,7.352623,1,-4.870300,69.997098,5.239766,7.719147,-370.654597,0
2015-06-10,sh.600008,17.6000,18.5200,17.3800,17.9700,17.9700,116993400,2116441104.0000,3,5.317882,1,0.000000,69.997098,5.239766,7.719147,-370.654597,0
2015-06-11,sh.600008,17.9800,19.6800,17.8100,19.5700,17.9700,188443463,3537770064.0000,3,8.565612,1,8.903700,76.229450,5.706301,8.406439,-403.656676,0
2015-06-12,sh.600008,19.3000,19.6800,18.9000,19.0200,19.5700,198817355,3829236960.0000,3,9.037152,1,-2.810400,74.087079,5.545929,8.170182,-392.312212,0
2015-06-15,sh.600008,19.0200,19.0200,17.8900,18.1800,19.0200,87729799,1621070400.0000,3,3.987718,1,-4.416400,70.815094,5.300999,7.809354,-374.986120,0
2015-06-16,sh.600008,18.6600,18.8800,17.5000,17.7100,18.1800,85786512,1574644720.0000,3,3.899387,1,-2.585300,68.984341,5.163954,7.607462,-365.291760,0
2015-06-17,sh.600008,17.5000,18.3000,16.8100,18.1000,17.7100,80404044,1409761360.0000,3,3.654729,1,2.202200,70.503477,5.277672,7.774990,-373.336016,0
2015-06-18,sh.600008,18.1200,18.9900,17.6000,18.4600,18.1000,133607898,2462349616.0000,3,6.073086,1,1.988900,71.905756,5.382642,7.929630,-380.761484,0
2015-06-19,sh.600008,18.0000,18.7500,16.8200,17.0300,18.4600,119231437,2163746432.0000,3,5.419611,1,-7.746500,66.335592,4.965677,7.315363,-351.265876,0
2015-06-23,sh.600008,16.9800,17.3100,15.3800,17.2400,17.0300,102215933,1714643200.0000,3,4.646179,1,1.233100,67.153588,5.026910,7.405570,-355.597399,0
2015-06-24,sh.600008,17.3000,18.1900,17.1500,18.0000,17.2400,119697203,2119942144.0000,3,5.440782,1,4.408400,70.113955,5.248513,7.732034,-371.273386,0
2015-06-25,sh.600008,18.0300,18.4600,16.5000,17.0700,18.0000,112297385,2005697504.0000,3,5.104427,1,-5.166700,66.491401,4.977340,7.332545,-352.090928,0
2015-06-26,sh.600008,16.1500,16.7000,15.3600,15.3600,17.0700,60592894,961415136.0000,3,2.754222,1,-10.017600,59.830575,4.478732,6.598002,-316.819956,0
2015-06-29,sh.600008,15.8200,15.9500,13.8200,13.8200,15.3600,70630035,1016705520.0000,3,3.210456,1,-10.026000,53.831937,4.029692,5.936484,-285.055456,0
2015-06-30,sh.600008,13.6500,14.7800,12.4400,14.3500,13.8200,82089678,1100846720.0000,3,3.731349,1,3.835000,55.896403,4.184232,6.164149,-295.987394,0
2015-07-01,sh.600008,14.0500,14.6100,12.9200,12.9200,14.3500,66676639,930553376.0000,3,3.030756,1,-9.965200,50.326239,3.767266,5.549882,-266.491786,0
2015-07-02,sh.600008,12.9200,13.3100,11.6300,11.6300,12.9200,71380655,879072064.0000,3,3.244575,1,-9.984500,45.301405,3.391123,4.995753,-239.883860,0
2015-07-03,sh.600008,11.2500,11.6800,10.4700,10.4700,11.6300,59015092,634542592.0000,3,2.682504,1,-9.974200,40.782950,3.052885,4.497466,-215.957353,0
2015-07-06,sh.600008,11.4900,11.5000,9.4200,9.4300,10.4700,93066465,934056160.0000,3,4.230294,1,-9.933100,36.731922,2.749638,4.050727,-194.506002,0
2015-07-07,sh.600008,9.3000,9.3600,8.4900,8.5000,9.4300,91356884,787408368.0000,3,4.152586,1,-9.862100,33.109368,2.478465,3.651238,-175.323544,0
2015-07-08,sh.600008,7.6500,8.5500,7.6500,7.7900,8.5000,119508368,935360816.0000,3,5.432199,1,-8.352900,30.343762,2.271440,3.346252,-160.678871,0
2015-07-09,sh.600008,7.7900,8.5700,7.7200,8.5700,7.7900,91920942,771712896.0000,3,4.178225,1,10.012800,33.382033,2.498876,3.681307,-176.767385,0
2015-07-10,sh.600008,9.4300,9.4300,9.0500,9.4300,8.5700,43929237,413259840.0000,3,1.996784,1,10.035000,36.731922,2.749638,4.050727,-194.506002,0
2015-07-13,sh.600008,10.3700,10.3700,10.0100,10.3700,9.4300,83982482,867362672.0000,3,3.817386,1,9.968200,40.393428,3.023727,4.454511,-213.894723,0
2015-07-14,sh.600008,11.0000,11.4100,10.5800,11.4100,10.3700,140412489,1573962416.0000,3,6.382386,1,10.028900,44.444457,3.326974,4.901250,-235.346074,0
2015-07-15,sh.600008,11.2300,11.2300,10.2700,10.2700,11.4100,89341012,948008880.0000,3,4.060955,1,-9.991200,40.003907,2.994569,4.411555,-211.832093,0
2015-07-16,sh.600008,10.2000,11.1300,9.4000,10.5600,10.2700,95412117,1005272256.0000,3,4.336914,1,2.823800,41.133520,3.079128,4.536127,-217.813720,0
2015-07-17,sh.600008,10.6400,11.5000,10.3100,11.4300,10.5600,88503938,979884800.0000,3,4.022906,1,8.238600,44.522361,3.332806,4.909841,-235.758600,0
2015-07-20,sh.600008,11.4400,11.8000,11.2000,11.4400,11.4300,84136817,965040928.0000,3,3.824401,1,0.087500,44.561314,3.335722,4.914137,-235.964863,0
2015-07-21,sh.600008,11.1900,11.6800,11.0100,11.5100,11.4400,68883756,786710560.0000,3,3.131080,1,0.611900,44.833979,3.356133,4.944206,-237.408704,0
2015-07-22,sh.600008,11.4400,11.9200,11.3000,11.6800,11.5100,67236511,783773952.0000,3,3.056205,1,1.477000,45.496166,3.405702,5.017231,-240.915175,0
2015-07-23,sh.600008,11.8000,12.2700,11.6500,12.1600,11.6800,82356800,986267744.0000,3,3.743491,1,4.109600,47.365872,3.545662,5.223418,-250.815799,0
2015-07-24,sh.600008,12.1000,13.3000,12.0500,12.3800,12.1600,114718989,1437203424.0000,3,5.214499,1,1.809200,48.222820,3.609811,5.317921,-255.353585,0
2015-07-27,sh.600008,11.9200,12.5100,11.1400,11.1400,12.3800,77203515,917284880.0000,3,3.509251,1,-10.016200,43.392748,3.248247,4.785270,-229.776974,0
2015-07-28,sh.600008,10.2000,11.2400,10.0300,10.2600,11.1400,72648745,756806864.0000,3,3.302216,1,-7.899500,39.964954,2.991653,4.407259,-211.625830,0
2015-07-29,sh.600008,10.5500,11.2900,10.0900,11.2700,10.2600,56258619,596068368.0000,3,2.557210,1,9.844100,43.899126,3.286153,4.841112,-232.458392,0
2015-07-30,sh.600008,11.0300,11.6500,10.6100,10.8300,11.2700,63525695,718190512.0000,3,2.887532,1,-3.904200,42.185230,3.157856,4.652107,-223.382821,0
2015-07-31,sh.600008,10.6500,11.2500,10.6100,10.9600,10.8300,46868749,509108592.0000,3,2.130398,1,1.200400,42.691608,3.195762,4.707949,-226.064240,0
2015-08-03,sh.600008,11.0800,11.6500,10.9000,11.2800,10.9600,71044145,800386080.0000,3,3.229279,1,2.919700,43.938078,3.289068,4.845408,-232.664655,0
2015-08-04,sh.600008,11.2000,12.0400,10.9600,12.0000,11.2800,84844097,978851712.0000,3,3.856550,1,6.383000,46.742637,3.499009,5.154689,-247.515591,0
2015-08-05,sh.600008,11.8000,12.1400,11.5000,11.6000,12.0000,68193461,806342320.0000,3,3.099703,1,-3.333300,45.184549,3.382375,4.982866,-239.265071,0
2015-08-06,sh.600008,11.1800,11.6500,11.1600,11.2800,11.6000,37344914,424804128.0000,3,1.697496,1,-2.758600,43.938078,3.289068,4.845408,-232.664655,0
2015-08-07,sh.600008,11.4200,11.8000,11.4100,11.6500,11.2800,43911521,510073936.0000,3,1.995978,1,3.280100,45.379310,3.396955,5.004344,-240.296386,0
2015-08-10,sh.600008,11.7500,12.3700,11.7000,12.3400,11.6500,69268825,835181424.0000,3,3.148583,1,5.922800,48.067011,3.598148,5.300739,-254.528533,0
2015-08-11,sh.600008,12.4500,13.1000,12.1000,12.3800,12.3400,90620711,1145703952.0000,3,4.119123,1,0.324100,48.222820,3.609811,5.317921,-255.353585,0
2015-08-12,sh.600008,12.0700,12.6000,12.0200,12.2700,12.3800,55426078,682228384.0000,3,2.519367,1,-0.888500,47.794346,3.577737,5.270670,-253.084692,0
2015-08-13,sh.600008,12.3500,12.5000,11.9200,12.4900,12.2700,55245601,680004896.0000,3,2.511164,1,1.793000,48.651294,3.641885,5.365172,-257.622478,0
2015-08-14,sh.600008,12.5900,12.7900,12.4000,12.5400,12.4900,64897120,817331216.0000,3,2.949869,1,0.400300,48.846055,3.656464,5.386650,-258.653793,0
2015-08-17,sh.600008,12.4100,12.9300,12.3800,12.8400,12.5400,57295166,729170096.0000,3,2.604326,1,2.392300,50.014621,3.743940,5.515517,-264.841682,0
2015-08-18,sh.600008,12.8600,12.9500,11.5600,11.5600,12.8400,63739511,779095440.0000,3,2.897250,1,-9.968800,45.028740,3.370712,4.965684,-238.440019,0
2015-08-19,sh.600008,11.1400,11.8700,10.4300,11.7200,11.5600,59873328,663986512.0000,3,2.721515,1,1.384100,45.651975,3.417365,5.034413,-241.740227,0
2015-08-20,sh.600008,11.3100,11.6600,10.8100,10.8600,11.7200,39873876,447290800.0000,3,1.812449,1,-7.337900,42.302086,3.166603,4.664994,-224.001610,0
2015-08-21,sh.600008,10.6300,10.8000,9.9600,10.0800,10.8600,39461179,409895664.0000,3,1.793690,1,-7.182300,39.263815,2.939168,4.329939,-207.913096,0
2015-08-24,sh.600008,9.5100,9.7000,9.0700,9.0700,10.0800,44687696,410612320.0000,3,2.031259,1,-10.019800,35.329643,2.644668,3.896086,-187.080534,0
2015-08-25,sh.600008,8.2400,8.9800,8.1600,8.1600,9.0700,58430918,488717392.0000,3,2.655951,1,-10.033100,31.784993,2.379326,3.505189,-168.310602,0
2015-08-26,sh.600008,8.2700,8.8000,8.0100,8.1900,8.1600,51628140,431317744.0000,3,2.346734,1,0.367600,31.901849,2.388074,3.518075,-168.929391,0
2015-08-27,sh.600008,8.5200,8.7600,8.1700,8.7400,8.1900,43053365,366746768.0000,3,1.956971,1,6.715500,34.044220,2.548445,3.754332,-180.273855,0
2015-08-28,sh.600008,8.8600,9.5000,8.7700,9.4900,8.7400,58464852,527329984.0000,3,2.657493,1,8.581200,33.186581,2.824997,4.069177,28.097720,0
2015-08-31,sh.600008,9.4000,9.5900,8.9200,9.5600,9.4900,49652253,457523872.0000,3,2.256921,1,0.737600,33.431371,2.845835,4.099192,28.304974,0
2015-09-01,sh.600008,9.3000,9.5500,8.8000,9.4300,9.5600,52825158,488181504.0000,3,2.401144,1,-1.359800,32.976761,2.807136,4.043450,27.920074,0
2015-09-02,sh.600008,9.0800,9.8500,8.8500,9.5200,9.4300,55519232,524961664.0000,3,2.523601,1,0.954400,33.291491,2.833927,4.082041,28.186543,0
2015-09-07,sh.600008,9.5600,9.9700,9.1800,9.2100,9.5200,34761394,334642944.0000,3,1.580063,1,-3.256300,32.207420,2.741646,3.949117,27.268704,0
2015-09-08,sh.600008,9.2100,9.6700,8.9100,9.6500,9.2100,23422436,217221469.0000,3,1.064656,1,4.777400,33.746102,2.872626,4.137783,28.571443,0
2015-09-09,sh.600008,9.6500,9.9900,9.5600,9.9300,9.6500,33935722,333384320.0000,3,1.542533,1,2.901600,34.725263,2.955977,4.257843,29.400459,0
2015-09-10,sh.600008,9.7100,9.8600,9.4500,9.4700,9.9300,21308974,206432256.0000,3,0.968590,1,-4.632400,33.116641,2.819043,4.060602,28.038505,0
2015-09-11,sh.600008,9.5500,9.8000,9.5000,9.5900,9.4700,16016948,154076879.0000,3,0.728043,1,1.267200,33.536282,2.854765,4.112056,28.393797,0
2015-09-14,sh.600008,9.8100,9.8500,8.6300,8.6600,9.5900,28421081,262126832.0000,3,1.291867,1,-9.697600,30.284067,2.577921,3.713285,25.640280,0
2015-09-15,sh.600008,8.4900,8.7500,8.1300,8.2700,8.6600,23856276,201347135.0000,3,1.084376,1,-4.503500,28.920235,2.461826,3.546059,24.485579,0
2015-09-16,sh.600008,8.3800,9.1000,8.3400,9.0400,8.2700,21196930,184376729.0000,3,0.963497,1,9.310800,31.612929,2.691040,3.876224,26.765373,0
2015-09-17,sh.600008,8.8000,9.2300,8.6700,8.6900,9.0400,24359557,218590345.0000,3,1.107253,1,-3.871700,30.388977,2.586852,3.726149,25.729103,0
2015-09-18,sh.600008,8.8200,9.0700,8.7100,8.9000,8.6900,16235385,144586451.0000,3,0.737972,1,2.416600,31.123348,2.649365,3.816194,26.350865,0
2015-09-21,sh.600008,8.7700,9.1200,8.6600,9.1000,8.9000,22711546,202352024.0000,3,1.032343,1,2.247200,31.822749,2.708901,3.901951,26.943019,0
2015-09-22,sh.600008,9.1000,9.2900,9.0600,9.1600,9.1000,22231925,203878801.0000,3,1.010542,1,0.659300,32.032569,2.726762,3.927678,27.120665,0
2015-09-23,sh.600008,9.0100,9.1800,8.8900,8.9600,9.1600,18810102,169889482.0000,3,0.855005,1,-2.183400,31.333168,2.667226,3.841921,26.528511,0
2015-09-24,sh.600008,9.0500,9.1500,8.9500,9.0900,8.9600,13547018,122480669.0000,3,0.615774,1,1.450900,31.787779,2.705924,3.897663,26.913411,0
2015-09-25,sh.600008,9.0600,9.4900,8.8000,9.2100,9.0900,36628468,338297824.0000,3,1.664930,1,1.320100,32.207420,2.741646,3.949117,27.268704,0
2015-09-28,sh.600008,9.0900,9.1800,8.8000,9.1100,9.2100,18741446,169032875.0000,3,0.851884,1,-1.085800,31.857719,2.711878,3.906239,26.972627,0
2015-09-29,sh.600008,8.9000,8.9800,8.7500,8.8000,9.1100,14760019,130589637.0000,3,0.670910,1,-3.402800,30.773647,2.619597,3.773315,26.054788,0
2015-09-30,sh.600008,8.9100,8.9500,8.7900,8.8100,8.8000,9500825,84062814.0000,3,0.431856,1,0.113600,30.808617,2.622574,3.777603,26.084395,0
2015-10-08,sh.600008,9.1200,9.2700,9.0500,9.1500,8.8100,22961578,210558772.0000,3,1.043708,1,3.859200,31.997599,2.723785,3.923390,27.091058,0
2015-10-09,sh.600008,9.1100,9.3700,9.1100,9.3300,9.1500,21951166,203537881.0000,3,0.997780,1,1.967200,32.627060,2.777368,4.000572,27.623997,0
2015-10-12,sh.600008,9.4600,9.9500,9.4100,9.7900,9.3300,35901146,348179648.0000,3,1.631870,1,4.930300,34.235683,2.914301,4.197813,28.985951,0
2015-10-13,sh.600008,9.7000,9.9500,9.6100,9.8700,9.7900,27436006,268197592.0000,3,1.247091,1,0.817200,34.515443,2.938116,4.232116,29.222813,0
2015-10-14,sh.600008,9.8600,9.9000,9.5800,9.5800,9.8700,25957016,252876566.0000,3,1.179864,1,-2.938200,33.501312,2.851788,4.107768,28.364189,0
2015-10-15,sh.600008,9.5700,10.0000,9.5500,9.9700,9.5800,31293283,307335216.0000,3,1.422422,1,4.071000,34.865144,2.967884,4.274995,29.518890,0
2015-10-16,sh.600008,10.1500,10.9700,10.0900,10.9700,9.9700,55747564,597785584.0000,3,2.533980,1,10.030100,38.362149,3.265566,4.703780,32.479662,0
2015-10-19,sh.600008,11.3600,11.7700,11.1100,11.4500,10.9700,109920779,1248372640.0000,3,4.996399,1,4.375600,40.040712,3.408453,4.909598,33.900832,0
2015-10-20,sh.600008,11.0500,11.3500,11.0000,11.3300,11.4500,50094228,559889568.0000,3,2.277010,1,-1.048000,39.621071,3.372731,4.858143,33.545539,0
2015-10-21,sh.600008,11.3400,11.5500,10.2100,10.2300,11.3300,64778961,710252944.0000,3,2.944498,1,-9.708700,35.774365,3.045281,4.386479,30.288691,0
2015-10-22,sh.600008,10.3000,10.8800,10.1800,10.7800,10.2300,41827271,441283232.0000,3,1.901240,1,5.376300,37.697718,3.209006,4.622311,31.917115,0
2015-10-23,sh.600008,10.8600,11.5000,10.6500,11.3000,10.7800,64756669,715351616.0000,3,2.943485,1,4.823800,39.516161,3.363800,4.845280,33.456716,0
2015-10-26,sh.600008,11.5900,11.6000,11.0600,11.1500,11.3000,59405024,675423376.0000,3,2.700228,1,-1.327400,38.991610,3.319148,4.780962,33.012600,0
2015-10-27,sh.600008,11.0300,11.1900,10.3500,11.0000,11.1500,43779603,471842240.0000,3,1.989982,1,-1.345300,38.467059,3.274496,4.716644,32.568485,0
2015-10-28,sh.600008,11.0100,11.6500,10.8500,10.9700,11.0000,54640675,615817088.0000,3,2.483667,1,-0.272700,38.362149,3.265566,4.703780,32.479662,0
2015-10-29,sh.600008,11.0200,11.1600,10.7400,10.9900,10.9700,32517531,355999072.0000,3,1.478070,1,0.182300,38.432089,3.271519,4.712356,32.538877,0
2015-10-30,sh.600008,10.9600,11.1900,10.6300,10.8700,10.9900,28690268,313230784.0000,3,1.304103,1,-1.091900,38.012448,3.235797,4.660902,32.183584,0
2015-11-02,sh.600008,10.6600,10.9400,10.4700,10.5000,10.8700,25508120,272528192.0000,3,1.159460,1,-3.403900,39.959749,3.140207,4.512910,15.738004,0
2015-11-03,sh.600008,10.6000,10.6800,10.4100,10.5800,10.5000,20594447,217267993.0000,3,0.936111,1,0.761900,40.264205,3.164132,4.547295,15.857913,0
2015-11-04,sh.600008,10.6500,11.1600,10.6200,11.1500,10.5800,42270239,461809504.0000,3,1.921374,1,5.387500,42.433448,3.334601,4.792281,16.712261,0
2015-11-05,sh.600008,11.2000,11.3500,11.0100,11.2100,11.1500,58516352,654364752.0000,3,2.659834,1,0.538100,42.661789,3.352545,4.818069,16.802193,0
2015-11-06,sh.600008,11.2600,11.4800,11.1500,11.3800,11.2100,50445154,570667968.0000,3,2.292962,1,1.516500,43.308757,3.403386,4.891135,17.056999,0
2015-11-09,sh.600008,11.2900,11.4700,11.1500,11.3100,11.3800,57174147,647790928.0000,3,2.598825,1,-0.615100,43.042359,3.382451,4.861049,16.952079,0
2015-11-10,sh.600008,11.3400,11.6500,11.0000,11.0500,11.3100,64679995,736177248.0000,3,2.940000,1,-2.298900,42.052879,3.304694,4.749301,16.562376,0
2015-11-11,sh.600008,11.1900,11.2900,11.0300,11.2500,11.0500,40366291,450189952.0000,3,1.834831,1,1.810000,42.814017,3.364507,4.835261,16.862147,0
2015-11-12,sh.600008,11.2800,11.3100,10.9000,11.0900,11.2500,40847245,452326864.0000,3,1.856693,1,-1.422200,42.205107,3.316657,4.766493,16.622330,0
2015-11-13,sh.600008,10.9000,11.0000,10.7200,10.8200,11.0900,30141266,327276016.0000,3,1.370058,1,-2.434600,41.177570,3.235908,4.650447,16.217638,0
2015-11-16,sh.600008,10.6200,11.2000,10.6000,11.1800,10.8200,30242753,330695648.0000,3,1.374671,1,3.327200,42.547619,3.343573,4.805175,16.757227,0
2015-11-17,sh.600008,11.5500,11.8500,11.2700,11.3400,11.1800,94667345,1086678752.0000,3,4.303061,1,1.431100,43.156529,3.391423,4.873943,16.997044,0
2015-11-18,sh.600008,11.2500,11.2700,10.8400,10.8600,11.3400,44181874,491041968.0000,3,2.008267,1,-4.232800,41.329798,3.247871,4.667639,16.277593,0
2015-11-19,sh.600008,10.9400,11.2000,10.8400,11.1700,10.8600,27239627,300057344.0000,3,1.238165,1,2.854500,42.509562,3.340582,4.800877,16.742239,0
2015-11-20,sh.600008,11.1500,11.3000,11.0800,11.2000,11.1700,35441226,396436896.0000,3,1.610965,1,0.268600,42.623733,3.349554,4.813771,16.787204,0
2015-11-23,sh.600008,11.2200,11.2600,10.9300,10.9700,11.2000,31532686,350016304.0000,3,1.433304,1,-2.053600,41.748424,3.280768,4.714917,16.442467,0
2015-11-24,sh.600008,10.9800,11.0400,10.7800,10.9900,10.9700,22674528,246769471.0000,3,1.030660,1,0.182300,41.824538,3.286750,4.723513,16.472444,0
2015-11-25,sh.600008,10.9300,11.0900,10.9100,11.0700,10.9900,24845776,273472576.0000,3,1.129353,1,0.727900,42.128993,3.310675,4.757897,16.592353,0
2015-11-26,sh.600008,11.4200,11.5800,11.1100,11.1400,11.0700,57599333,653254096.0000,3,2.618151,1,0.632300,42.395391,3.331610,4.787983,16.697273,0
2015-11-27,sh.600008,11.1400,11.2600,10.1900,10.3800,11.1400,38355162,415116448.0000,3,1.743416,1,-6.822300,39.503066,3.104319,4.461334,15.558141,0
2015-11-30,sh.600008,10.3800,10.6500,10.0800,10.5400,10.3800,26256191,272741024.0000,3,1.193463,1,1.541400,40.111977,3.152170,4.530102,15.797958,0
2015-12-01,sh.600008,10.5800,10.9300,10.4500,10.7700,10.5400,28780587,308408640.0000,3,1.308209,1,2.182200,40.987286,3.220955,4.628957,16.142696,0
2015-12-02,sh.600008,10.7500,10.7500,10.3600,10.7100,10.7700,22580768,238599371.0000,3,1.026399,1,-0.557100,40.758944,3.203011,4.603169,16.052764,0
2015-12-03,sh.600008,10.7300,10.9000,10.6700,10.7700,10.7100,18000371,193562182.0000,3,0.818199,1,0.560200,40.987286,3.220955,4.628957,16.142696,0
2015-12-04,sh.600008,10.6700,10.7600,10.4500,10.5100,10.7700,16982315,179842714.0000,3,0.771923,1,-2.414100,39.997806,3.143198,4.517208,15.752993,0
2015-12-07,sh.600008,10.5200,10.6900,10.5000,10.5800,10.5100,13194963,139690277.0000,3,0.599771,1,0.666000,40.264205,3.164132,4.547295,15.857913,0
2015-12-08,sh.600008,10.6000,10.7400,10.3200,10.4000,10.5800,19377239,204045679.0000,3,0.880784,1,-1.701300,39.579180,3.110300,4.469930,15.588118,0
2015-12-09,sh.600008,10.3000,10.3800,10.1200,10.1600,10.4000,15122658,154312378.0000,3,0.687394,1,-2.307700,38.665815,3.038524,4.366778,15.228392,0
2015-12-10,sh.600008,10.2000,10.2900,10.0800,10.1100,10.1600,11893738,121110556.0000,3,0.540624,1,-0.492100,38.475530,3.023571,4.345288,15.153450,0
2015-12-11,sh.600008,10.1100,10.1900,10.0500,10.1000,10.1100,10983298,111096883.0000,3,0.499241,1,-0.098900,38.437473,3.020580,4.340990,15.138461,0
2015-12-14,sh.600008,10.0500,10.4100,10.0000,10.3300,10.1000,16783006,170979452.0000,3,0.762864,1,2.277200,39.312782,3.089365,4.439844,15.483198,0
2015-12-15,sh.600008,10.3300,10.5500,10.3000,10.3800,10.3300,14622638,152123871.0000,3,0.664665,1,0.484000,39.503066,3.104319,4.461334,15.558141,0
2015-12-16,sh.600008,10.3500,10.5000,10.3400,10.3700,10.3800,12412764,128880487.0000,3,0.564217,1,-0.096300,39.465010,3.101328,4.457036,15.543153,0
2015-12-17,sh.600008,10.3900,10.5400,10.3800,10.5300,10.3700,22925783,240465342.0000,3,1.042081,1,1.542900,40.073920,3.149179,4.525804,15.782970,0
2015-12-18,sh.600008,10.6000,10.7000,10.5000,10.5300,10.5300,25356178,268191320.0000,3,1.152554,1,0.000000,40.073920,3.149179,4.525804,15.782970,0
2015-12-21,sh.600008,10.4800,10.6600,10.4500,10.6400,10.5300,19846243,210287736.0000,3,0.902102,1,1.044600,40.492546,3.182076,4.573083,15.947844,0
2015-12-22,sh.600008,10.6400,10.6800,10.4900,10.6200,10.6400,18597630,196766455.0000,3,0.845347,1,-0.188000,40.416432,3.176095,4.564487,15.917867,0
2015-12-23,sh.600008,10.6300,10.8900,10.5800,10.6800,10.6200,29210913,313782992.0000,3,1.327769,1,0.565000,40.644774,3.194039,4.590275,16.007798,0
2015-12-24,sh.600008,10.7200,10.8300,10.5600,10.6900,10.6800,16486590,176222655.0000,3,0.749390,1,0.093600,40.682830,3.197030,4.594573,16.022787,0
2015-12-25,sh.600008,10.7300,10.8300,10.6700,10.7500,10.6900,13977702,150183470.0000,3,0.635350,1,0.561300,40.911172,3.214974,4.620361,16.112718,0
2015-12-28,sh.600008,10.7500,10.7900,10.3100,10.3300,10.7500,21590404,228224622.0000,3,0.981382,1,-3.907000,39.312782,3.089365,4.439844,15.483198,0
2015-12-29,sh.600008,10.3800,10.4100,10.1700,10.3900,10.3300,13231155,136121637.0000,3,0.601416,1,0.580800,39.541123,3.107309,4.465632,15.573130,0
2015-12-30,sh.600008,10.4300,10.4500,10.1800,10.3200,10.3900,16382252,168500278.0000,3,0.744648,1,-0.673700,39.274725,3.086375,4.435546,15.468210,0
2015-12-31,sh.600008,10.3100,10.3700,10.1800,10.1900,10.3200,12132946,124574562.0000,3,0.551498,1,-1.259700,38.779985,3.047496,4.379672,15.273358,0
2016-01-04,sh.600008,10.2200,10.2600,9.1800,9.2000,10.1900,12829473,126455654.0000,3,0.583158,1,-9.715400,35.012352,2.751419,3.954169,13.789489,0
2016-01-05,sh.600008,8.9000,9.4500,8.8500,9.2500,9.2000,22143668,203657021.0000,3,1.006530,1,0.543500,35.202636,2.766373,3.975659,13.864432,0
2016-01-06,sh.600008,9.2800,9.4500,9.2100,9.4000,9.2500,12115367,113144511.0000,3,0.550698,1,1.621600,35.773490,2.811233,4.040129,14.089261,0
2016-01-07,sh.600008,9.3200,9.3200,8.4600,8.4700,9.4000,5414226,47683701.0000,3,0.246101,1,-9.893600,32.234198,2.533100,3.640414,12.695323,0
2016-01-08,sh.600008,8.8000,9.2000,8.5000,8.8700,8.4700,22887511,202609083.0000,3,1.040341,1,4.722500,33.756474,2.652727,3.812335,13.294866,0
2016-01-11,sh.600008,8.7200,8.9200,8.1900,8.2100,8.8700,22719992,195574193.0000,3,1.032727,1,-7.440800,31.244718,2.455343,3.528666,12.305620,0
2016-01-12,sh.600008,8.3400,8.4500,8.1800,8.3000,8.2100,12116944,100728097.0000,3,0.550770,1,1.096200,31.587230,2.482259,3.567348,12.440517,0
2016-01-13,sh.600008,8.3500,8.4400,7.9000,7.9700,8.3000,16948058,139189188.0000,3,0.770366,1,-3.975900,30.331353,2.383567,3.425514,11.945894,0
2016-01-14,sh.600008,7.7500,8.1700,7.7100,8.1400,7.9700,14232752,113793387.0000,3,0.646943,1,2.133000,30.978320,2.434408,3.498580,12.200700,0
2016-01-15,sh.600008,8.1200,8.1300,7.6700,7.6900,8.1400,13975373,110288817.0000,3,0.635244,1,-5.528300,29.265759,2.299828,3.305170,11.526214,0
2016-01-18,sh.600008,7.6000,7.8700,7.3800,7.7300,7.6900,10124923,78177578.0000,3,0.460224,1,0.520200,29.417987,2.311790,3.322362,11.586169,0
2016-01-19,sh.600008,7.7300,8.0100,7.6800,7.9600,7.7300,13716882,108129423.0000,3,0.623495,1,2.975400,30.293296,2.380576,3.421216,11.930906,0
2016-01-20,sh.600008,7.9500,8.0800,7.8400,7.8700,7.9600,19999734,159282292.0000,3,0.909079,1,-1.130700,29.950784,2.353660,3.382534,11.796009,0
2016-01-21,sh.600008,7.7700,7.9600,7.6000,7.6200,7.8700,14592609,113682375.0000,3,0.663300,1,-3.176600,28.999361,2.278893,3.275084,11.421294,0
2016-01-22,sh.600008,7.7000,7.7800,7.6000,7.7200,7.6200,7523199,57975014.0000,3,0.341964,1,1.312300,29.379930,2.308800,3.318064,11.571180,0
2016-01-25,sh.600008,7.7600,7.9200,7.7600,7.8200,7.7200,8998168,70538110.0000,3,0.373320,1,1.295300,29.760499,2.338706,3.361044,11.721066,0
2016-01-26,sh.600008,7.7700,7.8000,7.0400,7.0400,7.8200,18342998,135983601.0000,3,0.761023,1,-9.974400,26.792060,2.105434,3.025799,10.551957,0
2016-01-27,sh.600008,7.1000,7.1900,6.6000,6.9100,7.0400,18910153,129708304.0000,3,0.784554,1,-1.846600,26.297321,2.066555,2.969925,10.357106,0
2016-01-28,sh.600008,6.8800,7.0700,6.5300,6.6100,6.9100,16149467,110285462.0000,3,0.670017,1,-4.341500,25.155614,1.976835,2.840985,9.907448,0
2016-01-29,sh.600008,6.6600,6.9000,6.5900,6.8600,6.6100,14317013,97123991.0000,3,0.593991,1,3.782100,26.107036,2.051602,2.948435,10.282163,0
2016-02-01,sh.600008,6.8000,6.8600,6.6500,6.7600,6.8600,10392445,70182711.0000,3,0.431167,1,-1.457700,25.726467,2.021695,2.905455,10.132277,0
2016-02-02,sh.600008,6.7600,6.9800,6.7200,6.9500,6.7600,11152481,77122281.0000,3,0.462700,1,2.810600,26.449548,2.078518,2.987117,10.417060,0
2016-02-03,sh.600008,6.8900,6.9600,6.7800,6.9600,6.9500,8622895,59182346.0000,3,0.357751,1,0.143900,26.487605,2.081509,2.991415,10.432048,0
2016-02-04,sh.600008,6.9600,7.1700,6.9200,7.0900,6.9600,14814019,104788360.0000,3,0.614611,1,1.867800,26.982345,2.120387,3.047289,10.626900,0
2016-02-05,sh.600008,7.1000,7.1600,7.0400,7.0600,7.0900,10795601,76623811.0000,3,0.447893,1,-0.423100,26.868174,2.111415,3.034395,10.581934,0
2016-02-15,sh.600008,6.8300,6.9900,6.7500,6.9500,7.0600,10456717,71796096.0000,3,0.433833,1,-1.558100,26.449548,2.078518,2.987117,10.417060,0
2016-02-16,sh.600008,6.9900,7.2800,6.9600,7.2500,6.9500,17515976,125687854.0000,3,0.726711,1,4.316500,27.591255,2.168238,3.116057,10.866717,0
2016-02-17,sh.600008,7.2500,7.4500,7.1400,7.4100,7.2500,20345689,148136114.0000,3,0.844112,1,2.206900,28.200166,2.216089,3.184825,11.106534,0
2016-02-18,sh.600008,7.4600,7.5300,7.3400,7.3700,7.4100,18612111,138411459.0000,3,0.772188,1,-0.539800,28.047938,2.204126,3.167633,11.046580,0
2016-02-19,sh.600008,7.3700,7.4500,7.3100,7.3800,7.3700,9549418,70444388.0000,3,0.396191,1,0.135700,28.085995,2.207117,3.171931,11.061569,0
2016-02-22,sh.600008,7.4500,7.5800,7.4300,7.5700,7.3800,19396279,145530688.0000,3,0.804722,1,2.574500,28.809076,2.263940,3.253594,11.346351,0
2016-02-23,sh.600008,7.5900,7.6300,7.3100,7.4800,7.5700,16159108,121000372.0000,3,0.670417,1,-1.188900,28.466564,2.237024,3.214911,11.211454,0
2016-02-24,sh.600008,7.4700,7.6200,7.3600,7.6100,7.4800,17107060,128397879.0000,3,0.709746,1,1.738000,28.961304,2.275902,3.270786,11.406306,0
2016-02-25,sh.600008,7.6000,8.2600,7.5500,7.7500,7.6100,74988905,587666864.0000,3,3.111176,1,1.839700,29.494101,2.317772,3.330958,11.616146,0
2016-02-26,sh.600008,7.8000,8.1800,7.3600,8.0400,7.7500,69329544,543579136.0000,3,2.876378,1,3.741900,30.597751,2.404501,3.455600,12.050815,0
2016-02-29,sh.600008,7.8800,7.9800,7.2400,7.2400,8.0400,47085304,349018176.0000,3,1.953498,1,-9.950300,27.553199,2.165247,3.111759,10.851728,0
2016-03-01,sh.600008,7.2200,7.9600,7.0000,7.9600,7.2400,52936972,398452672.0000,3,2.196275,1,9.944800,30.293296,2.380576,3.421216,11.930906,0
2016-03-02,sh.600008,7.8800,8.3700,7.7900,8.3200,7.9600,67379438,546800096.0000,3,2.795471,1,4.522600,31.663344,2.488240,3.575944,12.470495,0
2016-03-03,sh.600008,8.2400,8.5500,8.0800,8.2800,8.3200,51716850,428371216.0000,3,2.145654,1,-0.480800,31.511117,2.476277,3.558752,12.410540,0
2016-03-04,sh.600008,8.1500,8.2900,7.7700,7.8700,8.2800,38645792,309622496.0000,3,1.603356,1,-4.951700,29.950784,2.353660,3.382534,11.796009,0
2016-03-07,sh.600008,7.9200,8.1800,7.8800,8.0500,7.8700,26605588,213946694.0000,3,1.103826,1,2.287200,30.635808,2.407492,3.459898,12.065803,0
2016-03-08,sh.600008,7.9900,8.0200,7.5800,7.9400,8.0500,26218966,203605226.0000,3,1.087785,1,-1.366500,30.217182,2.374595,3.412620,11.900929,0
2016-03-09,sh.600008,7.7300,7.7600,7.5200,7.6200,7.9400,26614015,202896694.0000,3,1.104175,1,-4.030200,28.999361,2.278893,3.275084,11.421294,0
2016-03-10,sh.600008,7.6100,7.8000,7.4500,7.5100,7.6200,15757912,119802390.0000,3,0.653772,1,-1.443600,28.580735,2.245996,3.227805,11.256420,0
2016-03-11,sh.600008,7.4400,7.5600,7.3600,7.4500,7.5100,13189015,98231445.0000,3,0.547192,1,-0.798900,28.352394,2.228052,3.202017,11.166489,0
2016-03-14,sh.600008,7.5500,7.8200,7.5200,7.6800,7.4500,21523084,165917174.0000,3,0.892960,1,3.087200,29.227702,2.296837,3.300872,11.511226,0
2016-03-15,sh.600008,7.7000,7.9500,7.6400,7.8900,7.6800,30914889,242132394.0000,3,1.282612,1,2.734400,30.026897,2.359641,3.391130,11.825986,0
2016-03-16,sh.600008,7.8400,7.9400,7.6400,7.6800,7.8900,17783485,137845675.0000,3,0.737810,1,-2.661600,29.227702,2.296837,3.300872,11.511226,0
2016-03-17,sh.600008,7.7000,7.8900,7.6700,7.8900,7.6800,22710358,177273949.0000,3,0.942218,1,2.734400,30.026897,2.359641,3.391130,11.825986,0
2016-03-18,sh.600008,7.9200,8.0900,7.8600,8.0600,7.8900,33722920,269849248.0000,3,1.399113,1,2.154600,30.673865,2.410483,3.464196,12.080792,0
2016-03-21,sh.600008,8.1300,8.3100,8.0100,8.2600,8.0600,37141421,303403888.0000,3,1.540941,1,2.481400,31.435003,2.470296,3.550156,12.380563,0
2016-03-22,sh.600008,8.1700,8.2000,8.0600,8.1200,8.2600,23297089,189429104.0000,3,0.966561,1,-1.694900,30.902206,2.428427,3.489984,12.170723,0
2016-03-23,sh.600008,8.0900,8.2700,8.0100,8.2300,8.1200,23604353,192711944.0000,3,0.979309,1,1.354700,31.320832,2.461324,3.537262,12.335597,0
2016-03-24,sh.600008,8.1300,8.2200,8.0100,8.0500,8.2300,18689572,151237225.0000,3,0.775402,1,-2.187100,30.635808,2.407492,3.459898,12.065803,0
2016-03-25,sh.600008,7.9900,8.1100,7.8900,8.0200,8.0500,17237802,137994937.0000,3,0.715170,1,-0.372700,30.521637,2.398520,3.447004,12.020837,0
2016-03-28,sh.600008,8.0600,8.1200,7.8800,8.0100,8.0200,17722726,142175348.0000,3,0.735289,1,-0.124700,30.483580,2.395529,3.442706,12.005849,0
2016-03-29,sh.600008,8.0500,8.3800,8.0500,8.3400,8.0100,61841904,509709312.0000,3,2.565727,1,4.119800,31.739458,2.494221,3.584540,12.500472,0
2016-03-30,sh.600008,8.3000,8.5700,8.1300,8.5300,8.3400,84284821,703025584.0000,3,3.496850,1,2.278200,38.339936,2.728283,2.911554,53.013111,0
2016-03-31,sh.600008,8.5600,8.5700,8.4100,8.4600,8.5300,43734259,370936720.0000,3,1.814468,1,-0.820600,38.025305,2.705893,2.887661,52.578068,0
2016-04-01,sh.600008,8.4600,8.6600,8.4100,8.6000,8.4600,41017875,350015264.0000,3,1.701770,1,1.654900,38.654566,2.750672,2.935447,53.448154,0
2016-04-05,sh.600008,8.5900,8.7900,8.5200,8.7300,8.6000,43064096,374585600.0000,3,1.786664,1,1.511600,39.238879,2.792252,2.979820,54.256091,0
2016-04-06,sh.600008,8.6800,8.7300,8.5800,8.7000,8.7300,33932254,293615680.0000,3,1.407798,1,-0.343600,39.104037,2.782656,2.969580,54.069644,0
2016-04-07,sh.600008,8.7100,8.7300,8.5000,8.5100,8.7000,25150872,216179236.0000,3,1.043472,1,-2.183900,38.250041,2.721886,2.904727,52.888813,0
2016-04-08,sh.600008,8.4700,8.5800,8.4100,8.5100,8.5100,18669327,158597009.0000,3,0.774562,1,0.000000,38.250041,2.721886,2.904727,52.888813,0
2016-04-11,sh.600008,8.5500,8.7500,8.5500,8.7200,8.5100,28975712,251766662.0000,3,1.202159,1,2.467700,39.193932,2.789053,2.976407,54.193942,0
2016-04-12,sh.600008,8.7000,8.7100,8.4900,8.5800,8.7200,16746775,143797255.0000,3,0.694798,1,-1.605500,38.564671,2.744275,2.928620,53.323856,0
2016-04-13,sh.600008,8.6100,8.7800,8.6100,8.6400,8.5800,34158637,297532128.0000,3,1.417190,1,0.699300,38.834354,2.763466,2.949100,53.696750,0
2016-04-14,sh.600008,8.7000,8.7100,8.6200,8.7000,8.6400,17802337,154316370.0000,3,0.738592,1,0.694400,39.104037,2.782656,2.969580,54.069644,0
2016-04-15,sh.600008,8.7000,8.8400,8.6800,8.7400,8.7000,27617036,242181335.0000,3,1.145789,1,0.459800,39.283826,2.795450,2.983233,54.318240,0
2016-04-18,sh.600008,8.6800,8.7000,8.5700,8.5900,8.7400,16040131,138088737.0000,3,0.665481,1,-1.716200,38.609619,2.747473,2.932034,53.386005,0
2016-04-19,sh.600008,8.6300,8.6900,8.5700,8.6400,8.5900,13314203,114917868.0000,3,0.552386,1,0.582100,38.834354,2.763466,2.949100,53.696750,0
2016-04-20,sh.600008,8.6500,8.6900,8.0000,8.1500,8.6400,30789704,255538006.0000,3,1.277418,1,-5.671300,36.631943,2.606741,2.781848,50.651448,0
2016-04-21,sh.600008,8.1200,8.2200,8.0200,8.0300,8.1500,14458868,117650775.0000,3,0.599877,1,-1.472400,36.092577,2.568360,2.740888,49.905660,0
2016-04-22,sh.600008,8.0000,8.1100,7.9500,8.1100,8.0300,10407673,83599931.0000,3,0.431799,1,0.996300,36.452154,2.593947,2.768195,50.402852,0
2016-04-25,sh.600008,8.3000,8.3000,8.0800,8.1300,8.1100,14701566,120212774.0000,3,0.609946,1,0.246600,36.542049,2.600344,2.775022,50.527150,0
2016-04-26,sh.600008,8.0600,8.2100,8.0600,8.1800,8.1300,12315418,100303890.0000,3,0.510948,1,0.615000,37.852422,2.618937,2.718234,-67.649503,0
2016-04-27,sh.600008,8.1600,8.1900,8.0700,8.0800,8.1800,11293416,91969325.0000,3,0.468547,1,-1.222500,37.389679,2.586921,2.685004,-66.822492,0
2016-04-28,sh.600008,8.1100,8.2300,8.0700,8.1600,8.0800,13122312,106878717.0000,3,0.544425,1,0.990100,37.759873,2.612534,2.711588,-67.484101,0
2016-04-29,sh.600008,8.1600,8.1800,8.0900,8.1200,8.1600,8178655,66498917.0000,3,0.339320,1,-0.490200,37.574776,2.599728,2.698296,-67.153297,0
2016-05-03,sh.600008,8.1200,8.3300,8.1100,8.3200,8.1200,15140365,124812261.0000,3,0.628151,1,2.463100,38.500263,2.663760,2.764756,-68.807319,0
2016-05-04,sh.600008,8.2600,8.3500,8.2500,8.3000,8.3200,10870732,90245588.0000,3,0.451010,1,-0.240400,38.407714,2.657357,2.758110,-68.641917,0
2016-05-05,sh.600008,8.3000,8.4500,8.2500,8.4000,8.3000,13419718,112101614.0000,3,0.556764,1,1.204800,38.870458,2.689373,2.791341,-69.468928,0
2016-05-06,sh.600008,8.3900,8.5100,8.2100,8.2200,8.4000,22583794,188476776.0000,3,0.936968,1,-2.142800,38.037520,2.631744,2.731526,-67.980308,0
2016-05-09,sh.600008,8.1700,8.1800,7.8600,7.9100,8.2200,14787304,118699229.0000,3,0.613503,1,-3.771300,36.603015,2.532493,2.628512,-65.416573,0
2016-05-10,sh.600008,7.9400,8.0500,7.8900,7.9500,7.9100,9770151,77758567.0000,3,0.405349,1,0.505700,36.788112,2.545300,2.641805,-65.747378,0
2016-05-11,sh.600008,8.0900,8.1200,7.9400,7.9600,7.9500,7777834,62281132.0000,3,0.322691,1,0.125800,36.834386,2.548501,2.645128,-65.830079,0
2016-05-12,sh.600008,7.8800,7.9000,7.7100,7.8800,7.9600,11426197,89268252.0000,3,0.474056,1,-1.005000,36.464192,2.522888,2.618543,-65.168470,0
2016-05-13,sh.600008,7.8800,7.9400,7.7800,7.8800,7.8800,6999026,55115683.0000,3,0.290379,1,0.000000,36.464192,2.522888,2.618543,-65.168470,0
2016-05-16,sh.600008,7.8600,8.0000,7.7900,7.9900,7.8800,7370142,58294529.0000,3,0.305776,1,1.395900,36.973209,2.558106,2.655097,-66.078182,0
2016-05-17,sh.600008,8.1300,8.4400,8.0700,8.3400,7.9900,31164514,257817511.0000,3,1.292969,1,4.380500,38.592812,2.670164,2.771402,-68.972721,0
2016-05-18,sh.600008,8.2700,8.3100,8.0400,8.1700,8.3400,17337144,141920379.0000,3,0.719292,1,-2.038400,37.806148,2.615736,2.714911,-67.566802,0
2016-05-19,sh.600008,8.2200,8.2800,8.1200,8.1600,8.1700,13691135,112339162.0000,3,0.568025,1,-0.122400,37.759873,2.612534,2.711588,-67.484101,0
2016-05-20,sh.600008,8.1100,8.2000,7.9900,8.1200,8.1600,15250102,123524040.0000,3,0.632704,1,-0.490200,37.574776,2.599728,2.698296,-67.153297,0
2016-05-23,sh.600008,4.0600,4.1900,4.0500,4.0700,3.9900,22407262,91863184.0000,3,0.464822,1,2.005000,37.667325,2.606131,2.704942,-67.318699,0
2016-05-24,sh.600008,3.9900,4.0300,3.9100,3.9100,4.0700,29263784,115240910.0000,3,0.607055,1,-3.931200,36.186545,2.503679,2.598605,-64.672264,0
2016-05-25,sh.600008,3.9400,3.9700,3.8600,3.8700,3.9100,18541604,72528920.0000,3,0.384632,1,-1.023000,35.816351,2.478065,2.572021,-64.010655,0
2016-05-26,sh.600008,3.8700,3.9000,3.7700,3.8700,3.8700,19147208,73191028.0000,3,0.397194,1,0.000000,35.816351,2.478065,2.572021,-64.010655,0
2016-05-27,sh.600008,3.8600,3.8700,3.7900,3.8300,3.8700,15530785,59523361.0000,3,0.322174,1,-1.033600,35.446156,2.452452,2.545437,-63.349046,0
2016-05-30,sh.600008,3.8300,3.8800,3.7800,3.8300,3.8300,14455344,55319714.0000,3,0.299865,1,0.000000,35.446156,2.452452,2.545437,-63.349046,0
2016-05-31,sh.600008,3.8300,4.0100,3.8100,4.0000,3.8300,37991079,149566821.0000,3,0.788096,1,4.438600,37.019484,2.561308,2.658420,-66.160883,0
2016-06-01,sh.600008,3.9800,4.0700,3.9600,4.0100,4.0000,28495927,114682329.0000,3,0.591126,1,0.250000,37.112032,2.567711,2.665066,-66.326286,0
2016-06-02,sh.600008,4.0000,4.0200,3.9600,4.0000,4.0100,20521085,81822982.0000,3,0.425694,1,-0.249400,37.019484,2.561308,2.658420,-66.160883,0
2016-06-03,sh.600008,4.0000,4.0200,3.9600,3.9900,4.0000,22277451,88679192.0000,3,0.462129,1,-0.250000,36.926935,2.554905,2.651774,-65.995481,0
2016-06-06,sh.600008,3.9900,4.0100,3.9500,3.9700,3.9900,15886766,63110056.0000,3,0.329559,1,-0.501300,36.741838,2.542098,2.638482,-65.664677,0
2016-06-07,sh.600008,3.9800,3.9900,3.9400,3.9700,3.9700,14803456,58716049.0000,3,0.307087,1,0.000000,36.741838,2.542098,2.638482,-65.664677,0
2016-06-08,sh.600008,3.9800,4.0000,3.9400,3.9400,3.9700,19056034,75599097.0000,3,0.395303,1,-0.755700,36.464192,2.522888,2.618543,-65.168470,0
2016-06-13,sh.600008,3.9200,3.9200,3.7700,3.7800,3.9400,22721472,87568246.0000,3,0.471340,1,-4.060900,34.983412,2.420436,2.512207,-62.522035,0
2016-06-14,sh.600008,3.7800,3.8200,3.7600,3.7900,3.7800,14427828,54612898.0000,3,0.299294,1,0.264600,35.075961,2.426839,2.518853,-62.687437,0
2016-06-15,sh.600008,3.7600,3.8500,3.7200,3.8400,3.7900,26948631,102519623.0000,3,0.559029,1,1.319300,35.538704,2.458856,2.552083,-63.514448,0
2016-06-16,sh.600008,3.8300,3.8300,3.7500,3.7700,3.8400,22432320,84832354.0000,3,0.465342,1,-1.822900,34.890863,2.414033,2.505561,-62.356633,0
2016-06-17,sh.600008,3.7900,3.8000,3.7700,3.7800,3.7700,16560584,62690849.0000,3,0.343537,1,0.265300,34.983412,2.420436,2.512207,-62.522035,0
2016-06-20,sh.600008,3.7800,3.7900,3.7200,3.7600,3.7800,13933542,52251671.0000,3,0.289041,1,-0.529100,34.798315,2.407629,2.498914,-62.191230,0
2016-06-21,sh.600008,3.7700,3.8000,3.7500,3.7900,3.7600,17098963,64538801.0000,3,0.354705,1,0.797900,35.075961,2.426839,2.518853,-62.687437,0
2016-06-22,sh.600008,3.7700,3.9700,3.7600,3.9100,3.7900,42861049,166667158.0000,3,0.889120,1,3.166200,36.186545,2.503679,2.598605,-64.672264,0
2016-06-23,sh.600008,3.8800,4.0100,3.8400,3.9900,3.9100,38088750,149398610.0000,3,0.790122,1,2.046000,36.926935,2.554905,2.651774,-65.995481,0
2016-06-24,sh.600008,4.0000,4.0000,3.8000,3.8700,3.9900,28676345,112236474.0000,3,0.594869,1,-3.007500,35.816351,2.478065,2.572021,-64.010655,0
2016-06-27,sh.600008,3.8500,3.9200,3.8300,3.9000,3.8700,16511834,64363443.0000,3,0.342526,1,0.775200,36.093997,2.497275,2.591959,-64.506861,0
2016-06-28,sh.600008,3.9000,3.9500,3.8600,3.9300,3.9000,20570978,80304457.0000,3,0.426729,1,0.769200,36.371643,2.516485,2.611897,-65.003068,0
2016-06-29,sh.600008,3.9200,3.9500,3.9000,3.9300,3.9300,20152437,79186073.0000,3,0.418047,1,0.000000,36.371643,2.516485,2.611897,-65.003068,0
2016-06-30,sh.600008,3.9300,3.9400,3.8900,3.8900,3.9300,14906410,58312992.0000,3,0.309222,1,-1.017800,36.001448,2.490872,2.585313,-64.341459,0
2016-07-01,sh.600008,3.8900,3.9200,3.8700,3.8900,3.8900,12311757,47925086.0000,3,0.255398,1,0.000000,36.001448,2.490872,2.585313,-64.341459,0
2016-07-04,sh.600008,3.8900,3.9800,3.8700,3.9600,3.8900,28649215,113130723.0000,3,0.594306,1,1.799500,36.649289,2.535695,2.631835,-65.499275,0
2016-07-05,sh.600008,3.9700,4.0400,3.9500,4.0000,3.9600,33034714,132040343.0000,3,0.685280,1,1.010100,37.019484,2.561308,2.658420,-66.160883,0
2016-07-06,sh.600008,4.0000,4.0900,3.9700,4.0500,4.0000,42417154,171254370.0000,3,0.879912,1,1.250000,37.482227,2.593324,2.691650,-66.987894,0
2016-07-07,sh.600008,4.0100,4.0500,3.9900,4.0400,4.0500,29055479,116825898.0000,3,0.602734,1,-0.246900,37.389679,2.586921,2.685004,-66.822492,0
2016-07-08,sh.600008,4.0200,4.0500,3.9900,4.0100,4.0400,21403159,85864362.0000,3,0.443992,1,-0.742600,37.112032,2.567711,2.665066,-66.326286,0
2016-07-11,sh.600008,4.0100,4.0500,3.9900,4.0000,4.0100,21692460,87091872.0000,3,0.449994,1,-0.249400,37.019484,2.561308,2.658420,-66.160883,0
2016-07-12,sh.600008,3.9900,4.0700,3.9600,4.0600,4.0000,39421954,158796560.0000,3,0.817779,1,1.500000,37.574776,2.599728,2.698296,-67.153297,0
2016-07-13,sh.600008,4.0700,4.1200,4.0600,4.1000,4.0600,45546245,186484583.0000,3,0.944822,1,0.985200,37.944971,2.625341,2.724880,-67.814905,0
2016-07-14,sh.600008,4.1100,4.1100,4.0600,4.0800,4.1000,18364637,74912387.0000,3,0.380961,1,-0.487800,37.759873,2.612534,2.711588,-67.484101,0
2016-07-15,sh.600008,4.0900,4.1000,4.0400,4.0700,4.0800,22710040,92452432.0000,3,0.471103,1,-0.245100,37.667325,2.606131,2.704942,-67.318699,0
2016-07-18,sh.600008,4.0700,4.1400,4.0300,4.1000,4.0700,33049940,135308900.0000,3,0.685596,1,0.737100,37.944971,2.625341,2.724880,-67.814905,0
2016-07-19,sh.600008,4.1000,4.1000,4.0300,4.0700,4.1000,17013154,69058749.0000,3,0.352925,1,-0.731700,37.667325,2.606131,2.704942,-67.318699,0
2016-07-20,sh.600008,4.0500,4.0700,4.0300,4.0500,4.0700,16770053,67918293.0000,3,0.347882,1,-0.491400,37.482227,2.593324,2.691650,-66.987894,0
2016-07-21,sh.600008,4.0500,4.1100,4.0400,4.0600,4.0500,28609009,116667606.0000,3,0.593472,1,0.246900,37.574776,2.599728,2.698296,-67.153297,0
2016-07-22,sh.600008,4.0500,4.0600,3.9900,3.9900,4.0600,28978845,116480609.0000,3,0.601144,1,-1.724100,36.926935,2.554905,2.651774,-65.995481,0
2016-07-25,sh.600008,3.9900,4.0300,3.9800,4.0100,3.9900,14852906,59422513.0000,3,0.308112,1,0.501300,37.112032,2.567711,2.665066,-66.326286,0
2016-07-26,sh.600008,4.0100,4.0600,3.9900,4.0600,4.0100,19905746,80250372.0000,3,0.412930,1,1.246900,37.574776,2.599728,2.698296,-67.153297,0
2016-07-27,sh.600008,4.0500,4.0700,3.8800,3.9200,4.0600,40611719,161346496.0000,3,0.842459,1,-3.448300,36.279094,2.510082,2.605251,-64.837666,0
2016-07-28,sh.600008,3.9200,3.9600,3.9000,3.9600,3.9200,16258484,63952178.0000,3,0.337270,1,1.020400,36.649289,2.535695,2.631835,-65.499275,0
2016-07-29,sh.600008,3.9700,3.9700,3.9100,3.9100,3.9600,17259241,67777573.0000,3,0.358030,1,-1.262600,36.186545,2.503679,2.598605,-64.672264,0
2016-08-01,sh.600008,3.9100,3.9200,3.8500,3.8600,3.9100,13162443,50851130.0000,3,0.273045,1,-1.278800,35.723802,2.471662,2.565375,-63.845252,0
2016-08-02,sh.600008,3.8600,3.8900,3.8000,3.8900,3.8600,17853909,68700980.0000,3,0.370366,1,0.777200,36.001448,2.490872,2.585313,-64.341459,0
2016-08-03,sh.600008,3.8700,3.9000,3.8500,3.8800,3.8900,10580050,41013547.0000,3,0.219475,1,-0.257100,35.908899,2.484469,2.578667,-64.176057,0
2016-08-04,sh.600008,3.8700,3.9400,3.8500,3.9300,3.8800,15357310,59739776.0000,3,0.318576,1,1.288700,36.371643,2.516485,2.611897,-65.003068,0
2016-08-05,sh.600008,3.9100,3.9400,3.8900,3.9100,3.9300,12764674,49946575.0000,3,0.264794,1,-0.508900,36.186545,2.503679,2.598605,-64.672264,0
2016-08-08,sh.600008,3.9100,3.9500,3.8700,3.9500,3.9100,13498553,52909106.0000,3,0.280017,1,1.023000,36.556740,2.529292,2.625189,-65.333872,0
2016-08-09,sh.600008,3.9500,4.0600,3.9300,4.0200,3.9500,43068022,172995815.0000,3,0.893414,1,1.772200,37.204581,2.574114,2.671712,-66.491688,0
2016-08-10,sh.600008,4.0100,4.0300,3.9800,4.0000,4.0200,18832954,75351994.0000,3,0.390675,1,-0.497500,37.019484,2.561308,2.658420,-66.160883,0
2016-08-11,sh.600008,4.0000,4.0000,3.9600,3.9600,4.0000,15171448,60425573.0000,3,0.314720,1,-1.000000,36.649289,2.535695,2.631835,-65.499275,0
2016-08-12,sh.600008,3.9600,4.0600,3.9500,4.0500,3.9600,27864206,111977456.0000,3,0.578022,1,2.272700,37.482227,2.593324,2.691650,-66.987894,0
2016-08-15,sh.600008,4.0500,4.1700,4.0300,4.1200,4.0500,76071419,312730208.0000,3,1.578044,1,1.728400,38.130068,2.638147,2.738172,-68.145710,0
2016-08-16,sh.600008,4.1100,4.3100,4.1000,4.2000,4.1200,75105965,317408544.0000,3,1.558017,1,1.941700,38.870458,2.689373,2.791341,-69.468928,0
2016-08-17,sh.600008,4.1800,4.2800,4.1400,4.1900,4.2000,42506119,178449136.0000,3,0.881757,1,-0.238100,38.777909,2.682970,2.784695,-69.303525,0
2016-08-18,sh.600008,4.2000,4.2200,4.1600,4.1800,4.1900,26418150,110507505.0000,3,0.548025,1,-0.238700,38.685361,2.676567,2.778049,-69.138123,0
2016-08-19,sh.600008,4.1700,4.2200,4.1400,4.1800,4.1800,28714746,119963949.0000,3,0.595666,1,0.000000,38.685361,2.676567,2.778049,-69.138123,0
2016-08-22,sh.600008,4.2000,4.2600,4.1600,4.1600,4.1800,34386062,144715852.0000,3,0.713313,1,-0.478500,38.500263,2.663760,2.764756,-68.807319,0
2016-08-23,sh.600008,4.1600,4.1700,4.1100,4.1400,4.1600,21442162,88780602.0000,3,0.444801,1,-0.480800,38.315166,2.650954,2.751464,-68.476514,0
2016-08-24,sh.600008,4.1500,4.1900,4.1400,4.1500,4.1400,17100791,71232974.0000,3,0.354743,1,0.241600,38.407714,2.657357,2.758110,-68.641917,0
2016-08-25,sh.600008,4.2400,4.2800,4.1800,4.2000,4.1500,71654154,302709952.0000,3,1.486411,1,1.204800,38.870458,2.689373,2.791341,-69.468928,0
2016-08-26,sh.600008,4.2300,4.2300,4.1500,4.1800,4.2000,35046387,146258337.0000,3,0.727011,1,-0.476200,38.685361,2.676567,2.778049,-69.138123,0
2016-08-29,sh.600008,4.1800,4.3400,4.1500,4.2900,4.1800,94344990,402366208.0000,3,1.957116,1,2.631600,39.703396,2.747003,2.851155,-70.957547,0
2016-08-30,sh.600008,4.2600,4.2800,4.1800,4.2000,4.2900,52325193,220633146.0000,3,1.085447,1,-2.097900,38.870458,2.689373,2.791341,-69.468928,0
2016-08-31,sh.600008,4.1900,4.2100,4.1400,4.1600,4.2000,39798911,165467308.0000,3,0.825598,1,-0.952400,42.919326,2.669700,2.739419,-8.762508,0
2016-09-01,sh.600008,4.1700,4.1700,4.0900,4.1000,4.1600,29923673,123776161.0000,3,0.620744,1,-1.442300,42.300297,2.631194,2.699908,-8.636125,0
2016-09-02,sh.600008,4.1000,4.1500,4.0900,4.1100,4.1000,19746300,81230895.0000,3,0.409622,1,0.243900,42.403469,2.637612,2.706493,-8.657189,0
2016-09-05,sh.600008,4.1300,4.1900,4.1100,4.1400,4.1100,25499097,105940617.0000,3,0.528960,1,0.729920,42.712983,2.656865,2.726249,-8.720380,0
2016-09-06,sh.600008,4.1500,4.3400,4.1000,4.3000,4.1400,112205611,476791168.0000,3,2.327621,1,3.864742,44.363726,2.759545,2.831611,-9.057400,0
2016-09-07,sh.600008,4.2800,4.7300,4.2600,4.5600,4.3000,254073599,1155874720.0000,3,5.270565,1,6.046505,47.046184,2.926402,3.002825,-9.605056,0
2016-09-08,sh.600008,4.5600,4.6500,4.4600,4.6200,4.5600,141901879,648591056.0000,3,2.943647,1,1.315788,47.665213,2.964907,3.042336,-9.731439,0
2016-09-09,sh.600008,4.6100,4.6200,4.5000,4.5100,4.6200,81843993,371376352.0000,3,1.697792,1,-2.380945,46.530327,2.894314,2.969899,-9.499738,0
2016-09-12,sh.600008,4.4000,4.4900,4.3600,4.4000,4.5100,69043223,305283552.0000,3,1.432250,1,-2.439027,45.395441,2.823721,2.897463,-9.268037,0
2016-09-13,sh.600008,4.4400,4.5000,4.3900,4.4600,4.4000,63099932,280625664.0000,3,1.308960,1,1.363635,46.014470,2.862226,2.936973,-9.394419,0
2016-09-14,sh.600008,4.4200,4.4400,4.3300,4.3700,4.4600,46081746,202027343.0000,3,0.955931,1,-2.017941,45.085927,2.804468,2.877707,-9.204846,0
2016-09-19,sh.600008,4.3800,4.4200,4.3600,4.4100,4.3700,30019721,131763782.0000,3,0.622736,1,0.915331,45.498612,2.830138,2.904048,-9.289101,0
2016-09-20,sh.600008,4.4100,4.4900,4.3900,4.4200,4.4100,41243224,183034168.0000,3,0.855560,1,0.226763,45.601784,2.836556,2.910633,-9.310164,0
2016-09-21,sh.600008,4.4100,4.4100,4.3500,4.3800,4.4200,30069388,131504936.0000,3,0.623767,1,-0.904976,45.189098,2.810886,2.884292,-9.225909,0
2016-09-22,sh.600008,4.4200,4.4500,4.3800,4.3900,4.3800,33917897,149420000.0000,3,0.703601,1,0.228305,45.292270,2.817303,2.890877,-9.246973,0
2016-09-23,sh.600008,4.4100,4.4500,4.3800,4.3900,4.3900,30189451,133084026.0000,3,0.626257,1,0.000000,45.292270,2.817303,2.890877,-9.246973,0
2016-09-26,sh.600008,4.3700,4.3700,4.2000,4.2100,4.3900,44032167,188467911.0000,3,0.913414,1,-4.100224,43.435183,2.701787,2.772345,-8.867826,0
2016-09-27,sh.600008,4.1900,4.2400,4.1300,4.2400,4.2100,29925387,125091488.0000,3,0.620780,1,0.712583,43.744698,2.721040,2.792100,-8.931017,0
2016-09-28,sh.600008,4.2400,4.2500,4.1700,4.1900,4.2400,19367501,81156729.0000,3,0.401764,1,-1.179239,43.228840,2.688952,2.759175,-8.825699,0
2016-09-29,sh.600008,4.2000,4.2100,4.1600,4.1800,4.1900,19749039,82625100.0000,3,0.409679,1,-0.238669,43.125669,2.682535,2.752589,-8.804635,0
2016-09-30,sh.600008,4.1800,4.2100,4.1600,4.1900,4.1800,17097346,71553343.0000,3,0.354672,1,0.239240,43.228840,2.688952,2.759175,-8.825699,0
2016-10-10,sh.600008,4.2100,4.3100,4.2100,4.3000,4.1900,27454216,117145446.0000,3,0.569517,1,2.625301,44.363726,2.759545,2.831611,-9.057400,0
2016-10-11,sh.600008,4.3100,4.3200,4.2600,4.2900,4.3000,25266910,108301284.0000,3,0.524143,1,-0.232564,44.260555,2.753128,2.825026,-9.036336,0
2016-10-12,sh.600008,4.2900,4.2900,4.2400,4.2900,4.2900,23016958,98185587.0000,3,0.477469,1,0.000000,44.260555,2.753128,2.825026,-9.036336,0
2016-10-13,sh.600008,4.3100,4.4200,4.2900,4.3900,4.2900,62410839,272766000.0000,3,1.294666,1,2.331000,45.292270,2.817303,2.890877,-9.246973,0
2016-10-14,sh.600008,4.3700,4.4100,4.3300,4.3800,4.3900,35775393,156288291.0000,3,0.742134,1,-0.227785,45.189098,2.810886,2.884292,-9.225909,0
2016-10-17,sh.600008,4.3800,4.4400,4.3000,4.3200,4.3800,27370487,119492400.0000,3,0.567780,1,-1.369862,44.570069,2.772380,2.844781,-9.099527,0
2016-10-18,sh.600008,4.3200,4.3800,4.2800,4.3800,4.3200,26312680,114056705.0000,3,0.545837,1,1.388888,45.189098,2.810886,2.884292,-9.225909,0
2016-10-19,sh.600008,4.3900,4.4000,4.3300,4.3700,4.3800,21343035,92905322.0000,3,0.442745,1,-0.228316,45.085927,2.804468,2.877707,-9.204846,0
2016-10-20,sh.600008,4.3700,4.4100,4.3200,4.3800,4.3700,27471697,119977357.0000,3,0.569880,1,0.228838,45.189098,2.810886,2.884292,-9.225909,0
2016-10-21,sh.600008,4.3800,4.3800,4.3100,4.3400,4.3800,24715372,107241020.0000,3,0.512702,1,-0.913241,44.776412,2.785215,2.857952,-9.141655,0
2016-10-24,sh.600008,4.3400,4.3800,4.3100,4.3700,4.3400,29693828,129413399.0000,3,0.615976,1,0.691238,45.085927,2.804468,2.877707,-9.204846,0
2016-10-25,sh.600008,4.3700,4.3900,4.3500,4.3600,4.3700,20321423,88710857.0000,3,0.421553,1,-0.228827,44.982755,2.798051,2.871122,-9.183782,0
2016-10-26,sh.600008,4.3700,4.3700,4.2800,4.2900,4.3600,38693520,166698173.0000,3,0.802668,1,-1.605508,44.260555,2.753128,2.825026,-9.036336,0
2016-10-27,sh.600008,4.2900,4.3100,4.2700,4.2900,4.2900,16421136,70332583.0000,3,0.340644,1,0.000000,44.260555,2.753128,2.825026,-9.036336,0
2016-10-28,sh.600008,4.2900,4.3100,4.2400,4.2500,4.2900,18620677,79515967.0000,3,0.386272,1,-0.932400,43.847869,2.727458,2.798685,-8.952081,0
2016-10-31,sh.600008,4.2500,4.2600,4.2000,4.2400,4.2500,14098958,59607573.0000,3,0.292472,1,-0.235299,39.050002,2.827158,2.729407,-7.694953,0
2016-11-01,sh.600008,4.2500,4.3000,4.2400,4.2900,4.2400,17605257,75203042.0000,3,0.365208,1,1.179250,39.510498,2.860498,2.761593,-7.785695,0
2016-11-02,sh.600008,4.2700,4.2800,4.2000,4.2100,4.2900,21817592,92334350.0000,3,0.452589,1,-1.864800,38.773705,2.807155,2.710095,-7.640507,0
2016-11-03,sh.600008,4.2000,4.2600,4.1900,4.2400,4.2100,19194683,81248199.0000,3,0.398179,1,0.712583,39.050002,2.827158,2.729407,-7.694953,0
2016-11-04,sh.600008,4.2400,4.2600,4.2200,4.2300,4.2400,16332126,69261550.0000,3,0.338798,1,-0.235843,38.957903,2.820491,2.722969,-7.676804,0
2016-11-07,sh.600008,4.2400,4.2600,4.2200,4.2400,4.2300,14631566,62046487.0000,3,0.303521,1,0.236401,39.050002,2.827158,2.729407,-7.694953,0
2016-11-08,sh.600008,4.2400,4.2700,4.2300,4.2500,4.2400,20317850,86412290.0000,3,0.421478,1,0.235854,39.142101,2.833826,2.735844,-7.713101,0
2016-11-09,sh.600008,4.2500,4.2600,4.1600,4.1800,4.2500,28258640,118677743.0000,3,0.586204,1,-1.647063,38.497408,2.787151,2.690783,-7.586062,0
2016-11-10,sh.600008,4.2100,4.2400,4.2100,4.2200,4.1800,20695182,87392070.0000,3,0.429306,1,0.956937,38.865804,2.813823,2.716532,-7.658656,0
2016-11-11,sh.600008,4.2200,4.2600,4.2200,4.2600,4.2200,27385798,116088238.0000,3,0.568098,1,0.947878,39.234200,2.840494,2.742281,-7.731250,0
2016-11-14,sh.600008,4.2700,4.3100,4.2300,4.3000,4.2600,39724532,170320760.0000,3,0.824055,1,0.938966,39.602597,2.867165,2.768030,-7.803843,0
2016-11-15,sh.600008,4.3000,4.3200,4.2500,4.3100,4.3000,34985995,149699696.0000,3,0.725758,1,0.232552,39.694696,2.873833,2.774468,-7.821992,0
2016-11-16,sh.600008,4.3100,4.3200,4.2700,4.2900,4.3100,27204022,116772458.0000,3,0.564327,1,-0.464037,39.510498,2.860498,2.761593,-7.785695,0
2016-11-17,sh.600008,4.2800,4.2900,4.2500,4.2800,4.2900,19156268,81701985.0000,3,0.397382,1,-0.233095,39.418399,2.853830,2.755156,-7.767546,0
2016-11-18,sh.600008,4.2800,4.3200,4.2700,4.2800,4.2800,28985369,124625058.0000,3,0.601280,1,0.000000,39.418399,2.853830,2.755156,-7.767546,0
2016-11-21,sh.600008,4.2800,4.3000,4.2600,4.2900,4.2800,28336663,121379181.0000,3,0.587823,1,0.233639,39.510498,2.860498,2.761593,-7.785695,0
2016-11-22,sh.600008,4.2900,4.3900,4.2800,4.3500,4.2900,45438460,197078707.0000,3,0.942587,1,1.398600,40.063092,2.900505,2.800217,-7.894586,0
2016-11-23,sh.600008,4.3400,4.3600,4.3000,4.3100,4.3500,32418385,140475578.0000,3,0.672495,1,-0.919539,39.694696,2.873833,2.774468,-7.821992,0
2016-11-24,sh.600008,4.3100,4.3400,4.2800,4.2900,4.3100,20979352,90365136.0000,3,0.435201,1,-0.464037,39.510498,2.860498,2.761593,-7.785695,0
2016-11-25,sh.600008,4.3000,4.4200,4.2900,4.4100,4.2900,87957251,385183136.0000,3,1.824607,1,2.797200,40.615686,2.940511,2.838840,-8.003477,0
2016-11-28,sh.600008,4.4000,4.4100,4.3500,4.3800,4.4100,55916136,244915971.0000,3,1.159938,1,-0.680266,40.339389,2.920508,2.819528,-7.949031,0
2016-11-29,sh.600008,4.3800,4.4100,4.3500,4.3800,4.3800,44404435,194497466.0000,3,0.921136,1,0.000000,40.339389,2.920508,2.819528,-7.949031,0
2016-11-30,sh.600008,4.3900,4.3900,4.2900,4.3200,4.3800,36016996,155862981.0000,3,0.747145,1,-1.369862,39.786795,2.880501,2.780905,-7.840140,0
2016-12-01,sh.600008,4.3000,4.3900,4.2900,4.3500,4.3200,32510188,141064210.0000,3,0.674399,1,0.694438,40.063092,2.900505,2.800217,-7.894586,0
2016-12-02,sh.600008,4.3400,4.3500,4.2600,4.2600,4.3500,29553027,126864977.0000,3,0.613055,1,-2.068958,39.234200,2.840494,2.742281,-7.731250,0
2016-12-05,sh.600008,4.2400,4.3000,4.2300,4.2400,4.2600,21757105,92569264.0000,3,0.451335,1,-0.469494,39.050002,2.827158,2.729407,-7.694953,0
2016-12-06,sh.600008,4.2600,4.2800,4.2400,4.2600,4.2400,13751588,58539385.0000,3,0.285266,1,0.471709,39.234200,2.840494,2.742281,-7.731250,0
2016-12-07,sh.600008,4.2500,4.2700,4.2300,4.2700,4.2600,16495972,70143968.0000,3,0.342196,1,0.234736,39.326299,2.847162,2.748718,-7.749398,0
2016-12-08,sh.600008,4.2800,4.3100,4.2400,4.2500,4.2700,23982148,102430028.0000,3,0.497492,1,-0.468384,39.142101,2.833826,2.735844,-7.713101,0
2016-12-09,sh.600008,4.2500,4.2600,4.2200,4.2300,4.2500,20620011,87294079.0000,3,0.427747,1,-0.470588,38.957903,2.820491,2.722969,-7.676804,0
2016-12-12,sh.600008,4.2300,4.2500,4.0700,4.0800,4.2300,37569636,155613421.0000,3,0.779354,1,-3.546102,37.576417,2.720473,2.626410,-7.404577,0
2016-12-13,sh.600008,4.0700,4.1200,4.0400,4.0900,4.0800,18603609,75835062.0000,3,0.385918,1,0.245104,37.668516,2.727141,2.632847,-7.422725,0
2016-12-14,sh.600008,4.0900,4.1100,4.0700,4.0900,4.0900,13563411,55438716.0000,3,0.281363,1,0.000000,37.668516,2.727141,2.632847,-7.422725,0
2016-12-15,sh.600008,4.0800,4.1100,4.0600,4.0900,4.0900,12982513,53031520.0000,3,0.269312,1,0.000000,37.668516,2.727141,2.632847,-7.422725,0
2016-12-16,sh.600008,4.0900,4.1100,4.0800,4.1000,4.0900,13822347,56622816.0000,3,0.286734,1,0.244493,37.760615,2.733809,2.639285,-7.440874,0
2016-12-19,sh.600008,4.1100,4.1200,4.0800,4.1000,4.1000,10262848,42097891.0000,3,0.212895,1,0.000000,37.760615,2.733809,2.639285,-7.440874,0
2016-12-20,sh.600008,4.1000,4.1300,4.0800,4.1000,4.1000,12475278,51181278.0000,3,0.258790,1,0.000000,37.760615,2.733809,2.639285,-7.440874,0
2016-12-21,sh.600008,4.1100,4.2300,4.1000,4.1900,4.1000,31261407,130174647.0000,3,0.648494,1,2.195126,38.589507,2.793819,2.697220,-7.604210,0
2016-12-22,sh.600008,4.1900,4.2000,4.1400,4.1700,4.1900,17251683,71762940.0000,3,0.357873,1,-0.477326,38.405309,2.780484,2.684346,-7.567913,0
2016-12-23,sh.600008,4.1800,4.1900,4.1200,4.1300,4.1700,11683887,48426685.0000,3,0.242373,1,-0.959232,38.036913,2.753812,2.658596,-7.495319,0
2016-12-26,sh.600008,4.1400,4.1600,4.0900,4.1500,4.1300,12257521,50589583.0000,3,0.254273,1,0.484261,38.221111,2.767148,2.671471,-7.531616,0
2016-12-27,sh.600008,4.1700,4.2300,4.1600,4.1900,4.1500,18588065,77886398.0000,3,0.385595,1,0.963854,38.589507,2.793819,2.697220,-7.604210,0
2016-12-28,sh.600008,4.1700,4.1800,4.1300,4.1700,4.1900,12463912,51793368.0000,3,0.258554,1,-0.477326,38.405309,2.780484,2.684346,-7.567913,0
2016-12-29,sh.600008,4.1700,4.1700,4.1000,4.1200,4.1700,13765931,56862607.0000,3,0.285564,1,-1.199045,37.944814,2.747145,2.652159,-7.477171,0
2016-12-30,sh.600008,4.1200,4.1400,4.1000,4.1100,4.1200,8991370,37001216.0000,3,0.186519,1,-0.242712,37.852714,2.740477,2.645722,-7.459022,0
2017-01-03,sh.600008,4.1000,4.1500,4.1000,4.1400,4.1100,9960015,41138605.0000,3,0.206613,1,0.729920,38.129012,2.760480,2.665034,-7.513468,0
2017-01-04,sh.600008,4.1500,4.1700,4.1200,4.1700,4.1400,11302581,46868881.0000,3,0.234464,1,0.724643,38.405309,2.780484,2.684346,-7.567913,0
2017-01-05,sh.600008,4.1700,4.1800,4.1400,4.1600,4.1700,12915149,53690564.0000,3,0.267915,1,-0.239814,38.313210,2.773816,2.677908,-7.549765,0
2017-01-06,sh.600008,4.1500,4.2400,4.1400,4.1900,4.1600,31021833,130016159.0000,3,0.643525,1,0.721159,38.589507,2.793819,2.697220,-7.604210,0
2017-01-09,sh.600008,4.1900,4.2100,4.1500,4.2100,4.1900,20244191,84575671.0000,3,0.419950,1,0.477326,38.773705,2.807155,2.710095,-7.640507,0
2017-01-10,sh.600008,4.2000,4.2000,4.1500,4.1800,4.2100,20060467,83593452.0000,3,0.416139,1,-0.712594,38.497408,2.787151,2.690783,-7.586062,0
2017-01-11,sh.600008,4.1700,4.1700,4.1100,4.1200,4.1800,21827768,90324350.0000,3,0.452801,1,-1.435405,37.944814,2.747145,2.652159,-7.477171,0
2017-01-12,sh.600008,4.1300,4.1400,4.0900,4.1000,4.1200,14113949,58044477.0000,3,0.292783,1,-0.485436,37.760615,2.733809,2.639285,-7.440874,0
2017-01-13,sh.600008,4.1000,4.1400,4.0700,4.1200,4.1000,15116538,61897396.0000,3,0.313581,1,0.487804,37.944814,2.747145,2.652159,-7.477171,0
2017-01-16,sh.600008,4.0900,4.2000,4.0400,4.1600,4.1200,58312046,241179926.0000,3,1.209639,1,0.970873,38.313210,2.773816,2.677908,-7.549765,0
2017-01-17,sh.600008,4.1400,4.1700,4.1100,4.1500,4.1600,10398039,43052507.0000,3,0.215699,1,-0.240379,38.221111,2.767148,2.671471,-7.531616,0
2017-01-18,sh.600008,4.1400,4.1800,4.1200,4.1500,4.1500,12613285,52462522.0000,3,0.261653,1,0.000000,38.221111,2.767148,2.671471,-7.531616,0
2017-01-19,sh.600008,4.1400,4.1700,4.1300,4.1400,4.1500,8988500,37306445.0000,3,0.186460,1,-0.240969,38.129012,2.760480,2.665034,-7.513468,0
2017-01-20,sh.600008,4.1300,4.1800,4.1300,4.1700,4.1400,11934666,49698423.0000,3,0.247576,1,0.724643,38.405309,2.780484,2.684346,-7.567913,0
2017-01-23,sh.600008,4.1600,4.1900,4.1500,4.1800,4.1700,13856796,57779553.0000,3,0.287449,1,0.239802,38.497408,2.787151,2.690783,-7.586062,0
2017-01-24,sh.600008,4.1700,4.1800,4.1500,4.1700,4.1800,8533515,35559193.0000,3,0.177021,1,-0.239229,38.405309,2.780484,2.684346,-7.567913,0
2017-01-25,sh.600008,4.1700,4.1800,4.1600,4.1700,4.1700,8179393,34121621.0000,3,0.169675,1,0.000000,38.405309,2.780484,2.684346,-7.567913,0
2017-01-26,sh.600008,4.1700,4.1900,4.1700,4.1800,4.1700,9822587,41055782.0000,3,0.203762,1,0.239802,38.497408,2.787151,2.690783,-7.586062,0
2017-02-03,sh.600008,4.1800,4.1900,4.1500,4.1500,4.1800,6562200,27342410.0000,3,0.136128,1,-0.717697,38.221111,2.767148,2.671471,-7.531616,0
2017-02-06,sh.600008,4.1500,4.1800,4.1400,4.1800,4.1500,25962289,107990868.0000,3,0.538568,1,0.722885,38.497408,2.787151,2.690783,-7.586062,0
2017-02-07,sh.600008,4.1700,4.1700,4.1400,4.1500,4.1800,10962026,45561304.0000,3,0.227399,1,-0.717697,38.221111,2.767148,2.671471,-7.531616,0
2017-02-08,sh.600008,4.1400,4.1700,4.1400,4.1700,4.1500,13969362,57979942.0000,3,0.289784,1,0.481927,38.405309,2.780484,2.684346,-7.567913,0
2017-02-09,sh.600008,4.1700,4.2200,4.1600,4.2000,4.1700,30313413,127327852.0000,3,0.628829,1,0.719418,38.681606,2.800487,2.703657,-7.622359,0
2017-02-10,sh.600008,4.2000,4.2400,4.1800,4.2200,4.2000,30581387,128913594.0000,3,0.634388,1,0.476190,38.865804,2.813823,2.716532,-7.658656,0
2017-02-13,sh.600008,4.2200,4.2900,4.2200,4.2500,4.2200,26912272,114492228.0000,3,0.558275,1,0.710905,39.142101,2.833826,2.735844,-7.713101,0
2017-02-14,sh.600008,4.2500,4.2600,4.2000,4.2400,4.2500,24833609,104891556.0000,3,0.515154,1,-0.235299,39.050002,2.827158,2.729407,-7.694953,0
2017-02-15,sh.600008,4.2300,4.3000,4.2200,4.2900,4.2400,48620552,207379970.0000,3,1.008597,1,1.179250,39.510498,2.860498,2.761593,-7.785695,0
2017-02-16,sh.600008,4.2900,4.3200,4.2500,4.3100,4.2900,42935290,184195234.0000,3,0.890660,1,0.466200,39.694696,2.873833,2.774468,-7.821992,0
2017-02-17,sh.600008,4.3000,4.3200,4.2500,4.2500,4.3100,32307823,138229485.0000,3,0.670201,1,-1.392110,39.142101,2.833826,2.735844,-7.713101,0
2017-02-20,sh.600008,4.2600,4.3100,4.2500,4.2800,4.2500,40964921,175475227.0000,3,0.849786,1,0.705887,39.418399,2.853830,2.755156,-7.767546,0
2017-02-21,sh.600008,4.2800,4.3400,4.2800,4.3300,4.2800,54808822,236263608.0000,3,1.136968,1,1.168218,39.878894,2.887169,2.787342,-7.858289,0
2017-02-22,sh.600008,4.3300,4.3300,4.3300,4.3300,4.3300,0,0.0000,3,,0,0.000000,39.878894,2.887169,2.787342,-7.858289,0
2017-02-23,sh.600008,4.3300,4.3300,4.3300,4.3300,4.3300,0,0.0000,3,,0,0.000000,39.878894,2.887169,2.787342,-7.858289,0
2017-02-24,sh.600008,4.3300,4.3300,4.3300,4.3300,4.3300,0,0.0000,3,,0,0.000000,39.878894,2.887169,2.787342,-7.858289,0
2017-02-27,sh.600008,4.3300,4.3300,4.3300,4.3300,4.3300,0,0.0000,3,,0,0.000000,39.878894,2.887169,2.787342,-7.858289,0
2017-02-28,sh.600008,4.3300,4.3300,4.3300,4.3300,4.3300,0,0.0000,3,,0,0.000000,39.878894,2.887169,2.787342,-7.858289,0
2017-03-01,sh.600008,4.3300,4.3300,4.3300,4.3300,4.3300,0,0.0000,3,,0,0.000000,39.878894,2.887169,2.787342,-7.858289,0
2017-03-02,sh.600008,4.3300,4.3300,4.3300,4.3300,4.3300,0,0.0000,3,,0,0.000000,39.878894,2.887169,2.787342,-7.858289,0
2017-03-03,sh.600008,4.3300,4.3300,4.3300,4.3300,4.3300,0,0.0000,3,,0,0.000000,39.878894,2.887169,2.787342,-7.858289,0
2017-03-06,sh.600008,4.3600,4.4400,4.2900,4.3200,4.3300,97624743,425084096.0000,3,2.025152,1,-0.230941,39.786795,2.880501,2.780905,-7.840140,0
2017-03-07,sh.600008,4.2900,4.3400,4.2600,4.2800,4.3200,39257853,168323820.0000,3,0.814375,1,-0.925925,39.418399,2.853830,2.755156,-7.767546,0
2017-03-08,sh.600008,4.2800,4.7100,4.2300,4.5300,4.2800,138593753,622993760.0000,3,2.875023,1,5.841121,41.720875,3.020525,2.916088,-8.221258,0
2017-03-09,sh.600008,4.4700,4.5000,4.3900,4.4000,4.5300,81555723,361977376.0000,3,1.691812,1,-2.869760,40.523587,2.933844,2.832403,-7.985328,0
2017-03-10,sh.600008,4.4000,4.4500,4.3500,4.3600,4.4000,44928027,197369848.0000,3,0.931998,1,-0.909090,40.155191,2.907172,2.806654,-7.912734,0
2017-03-13,sh.600008,4.3500,4.4200,4.3400,4.3700,4.3600,54875380,240462413.0000,3,1.138348,1,0.229352,40.247290,2.913840,2.813091,-7.930883,0
2017-03-14,sh.600008,4.3800,4.3900,4.3100,4.3400,4.3700,38283417,166133653.0000,3,0.794161,1,-0.686493,39.970993,2.893837,2.793779,-7.876437,0
2017-03-15,sh.600008,4.3200,4.3900,4.2900,4.3900,4.3400,42444072,184202263.0000,3,0.880470,1,1.152067,40.431488,2.927176,2.825966,-7.967180,0
2017-03-16,sh.600008,4.3800,4.4200,4.3600,4.3600,4.3900,50362320,220383761.0000,3,1.044728,1,-0.683365,40.155191,2.907172,2.806654,-7.912734,0
2017-03-17,sh.600008,4.3600,4.3700,4.2700,4.3000,4.3600,39807023,172309830.0000,3,0.825767,1,-1.376145,39.602597,2.867165,2.768030,-7.803843,0
2017-03-20,sh.600008,4.2900,4.3200,4.2800,4.3100,4.3000,19657048,84525098.0000,3,0.407771,1,0.232552,39.694696,2.873833,2.774468,-7.821992,0
2017-03-21,sh.600008,4.3000,4.3500,4.2800,4.3300,4.3100,21176516,91369620.0000,3,0.439291,1,0.464037,39.878894,2.887169,2.787342,-7.858289,0
2017-03-22,sh.600008,4.3000,4.3200,4.2700,4.2900,4.3300,23132877,99256183.0000,3,0.479874,1,-0.923787,39.510498,2.860498,2.761593,-7.785695,0
2017-03-23,sh.600008,4.3000,4.3200,4.2400,4.2800,4.2900,23269596,99708478.0000,3,0.482710,1,-0.233095,39.418399,2.853830,2.755156,-7.767546,0
2017-03-24,sh.600008,4.2800,4.3200,4.2500,4.3100,4.2800,25699434,110146720.0000,3,0.533115,1,0.700928,39.694696,2.873833,2.774468,-7.821992,0
2017-03-27,sh.600008,4.3200,4.3400,4.2900,4.3000,4.3100,21498269,92683664.0000,3,0.445965,1,-0.232013,39.602597,2.867165,2.768030,-7.803843,0
2017-03-28,sh.600008,4.3000,4.3100,4.2700,4.2800,4.3000,14762138,63236268.0000,3,0.306229,1,-0.465116,39.418399,2.853830,2.755156,-7.767546,0
2017-03-29,sh.600008,4.2700,4.3100,4.2600,4.2800,4.2800,18835884,80708299.0000,3,0.390736,1,0.000000,33.774108,2.666348,2.607700,-18.329122,0
2017-03-30,sh.600008,4.2800,4.2900,4.2100,4.2200,4.2800,28117744,119242986.0000,3,0.583281,1,-1.401879,33.300639,2.628969,2.571143,-18.072172,0
2017-03-31,sh.600008,4.2200,4.2600,4.2200,4.2600,4.2200,18290049,77639473.0000,3,0.379413,1,0.947878,33.616285,2.653889,2.595515,-18.243472,0
2017-04-05,sh.600008,4.6900,4.6900,4.6900,4.6900,4.2600,69923098,327939328.0000,3,1.450502,1,10.093890,37.009478,2.921769,2.857503,-20.084949,0
2017-04-06,sh.600008,5.1600,5.1600,4.9000,5.1600,4.6900,576383424,2935222192.0000,3,11.956639,1,10.021320,40.718317,3.214569,3.143863,-22.097727,0
2017-04-07,sh.600008,4.9900,5.6800,4.9300,5.6800,5.1600,364245088,1912217536.0000,3,7.555989,1,10.077520,44.821713,3.538518,3.460686,-24.324630,0
2017-04-10,sh.600008,6.2500,6.2500,6.2500,6.2500,5.6800,37218980,232618625.0000,3,0.772080,1,10.035210,49.319666,3.893616,3.807973,-26.765658,0
2017-04-11,sh.600008,6.8800,6.8800,6.8800,6.8800,6.2500,14260411,98111628.0000,3,0.295821,1,10.080000,54.291089,4.286092,4.191817,-29.463636,0
2017-04-12,sh.600008,7.5700,7.5700,7.4800,7.5700,6.8800,313692448,2374180832.0000,3,6.507313,1,10.029070,59.735980,4.715948,4.612217,-32.418565,0
2017-04-13,sh.600008,7.6000,8.3300,7.5800,8.3300,7.5700,981078016,7836580864.0000,3,20.351723,1,10.039630,65.733252,5.189411,5.075267,-35.673268,0
2017-04-14,sh.600008,8.3300,8.3300,8.3300,8.3300,8.3300,0,0.0000,3,,0,0.000000,65.733252,5.189411,5.075267,-35.673268,0
2017-04-17,sh.600008,8.3300,8.3300,8.3300,8.3300,8.3300,0,0.0000,3,,0,0.000000,65.733252,5.189411,5.075267,-35.673268,0
2017-04-18,sh.600008,7.6900,8.0500,7.5000,7.5000,8.3300,622225248,4776348928.0000,3,12.907593,1,-9.963984,59.183600,4.672339,4.569568,-32.118789,0
2017-04-19,sh.600008,7.2500,7.5600,6.8600,7.3000,7.5000,534545248,3847500480.0000,3,11.088738,1,-2.666664,57.605370,4.547743,4.447713,-31.262288,0
2017-04-20,sh.600008,7.3000,7.3800,6.7800,7.0200,7.3000,484105024,3451061136.0000,3,10.042393,1,-3.835619,55.395849,4.373309,4.277115,-30.063187,0
2017-04-21,sh.600008,6.8300,7.0000,6.3200,6.3200,7.0200,478149712,3145480224.0000,3,9.918855,1,-9.971508,49.872047,3.937224,3.850622,-27.065433,0
2017-04-24,sh.600008,6.2200,6.5800,6.1800,6.2900,6.3200,364563104,2310799840.0000,3,7.562586,1,-0.474687,49.635312,3.918535,3.832344,-26.936958,0
2017-04-25,sh.600008,6.2800,6.8800,6.0800,6.5600,6.2900,543805520,3545056480.0000,3,11.280835,1,4.292528,51.765922,4.086739,3.996849,-28.093234,0
2017-04-26,sh.600008,6.3800,7.2200,6.3200,7.2200,6.5600,546027776,3733705200.0000,3,11.326934,1,10.060970,56.974079,4.497905,4.398971,-30.919688,0
2017-04-27,sh.600008,7.4500,7.9400,7.3100,7.3800,7.2200,926721328,7069356288.0000,3,19.224134,1,2.216071,58.236662,4.597582,4.496455,-31.604889,0
2017-04-28,sh.600008,7.2400,7.6500,7.2100,7.5100,7.3800,557054576,4150643680.0000,3,11.555677,1,1.761519,58.404903,4.551775,4.381173,481.807578,0
2017-05-02,sh.600008,7.5100,7.8400,7.2800,7.7900,7.5100,549642960,4156100352.0000,3,11.401928,1,3.728359,60.582449,4.721481,4.544519,499.771109,0
2017-05-03,sh.600008,7.5800,7.6100,7.0800,7.1100,7.7900,461936960,3389885968.0000,3,9.582533,1,-8.729137,55.294123,4.309337,4.147822,456.145390,0
2017-05-04,sh.600008,6.9900,7.8200,6.9500,7.7000,7.1100,804118448,6146013184.0000,3,16.680830,1,8.298167,59.882524,4.666933,4.492015,493.997117,0
2017-05-05,sh.600008,7.5500,7.7000,7.2200,7.4900,7.7000,472772096,3520501936.0000,3,9.807300,1,-2.727273,58.249364,4.539653,4.369505,480.524468,0
2017-05-08,sh.600008,7.4600,7.5400,6.8700,6.9300,7.4900,377131664,2730233040.0000,3,7.823312,1,-7.476635,53.894271,4.200240,4.042813,444.597405,0
2017-05-09,sh.600008,6.9100,7.0400,6.7000,6.9400,6.9300,320426672,2199787824.0000,3,6.647009,1,0.144304,53.972041,4.206301,4.048647,445.238960,0
2017-05-10,sh.600008,6.8800,6.9500,6.3200,6.4300,6.9400,345590320,2286701504.0000,3,7.169010,1,-7.348707,50.005796,3.897192,3.751124,412.519670,0
2017-05-11,sh.600008,6.4800,6.8500,6.3600,6.7900,6.4300,363068160,2401129616.0000,3,7.531575,1,5.598758,52.805498,4.115386,3.961140,435.615639,0
2017-05-12,sh.600008,6.7200,7.4700,6.5900,7.1500,6.7900,545403120,3843663888.0000,3,11.313976,1,5.301917,55.605201,4.333581,4.171157,458.711608,0
2017-05-15,sh.600008,7.0600,7.3800,7.0100,7.0700,7.1500,398835264,2856561792.0000,3,8.273536,1,-1.118880,54.983045,4.285093,4.124486,453.579171,0
2017-05-16,sh.600008,6.9300,7.7800,6.8500,7.7800,7.0700,554248464,4140317664.0000,3,11.497466,1,10.042430,60.504680,4.715420,4.538685,499.129554,0
2017-05-17,sh.600008,8.2600,8.4400,7.9200,8.1100,7.7800,727303824,5916158464.0000,3,15.087369,1,4.241638,63.071074,4.915432,4.731200,520.300859,0
2017-05-18,sh.600008,7.9500,8.2800,7.5300,7.8500,8.1100,576100736,4550405120.0000,3,11.950775,1,-3.205915,61.049067,4.757847,4.579522,503.620437,0
2017-05-19,sh.600008,7.7500,7.8800,7.5200,7.7600,7.8500,346571984,2672072304.0000,3,7.189374,1,-1.146493,60.349141,4.703299,4.527018,497.846445,0
2017-05-22,sh.600008,7.6100,7.9000,7.4100,7.7500,7.7600,340064464,2605412240.0000,3,7.054381,1,-0.128869,60.271371,4.697238,4.521184,497.204890,0
2017-05-23,sh.600008,7.6600,7.8300,6.9800,7.0600,7.7500,366030192,2715023088.0000,3,7.593020,1,-8.903226,54.905275,4.279032,4.118653,452.937616,0
2017-05-24,sh.600008,6.8500,7.1700,6.7300,7.1500,7.0600,253365501,1774394656.0000,3,5.255876,1,1.274790,55.605201,4.333581,4.171157,458.711608,0
2017-05-25,sh.600008,7.0800,7.3400,6.8100,7.2200,7.1500,289237552,2052126688.0000,3,6.000015,1,0.979017,56.149587,4.376007,4.211993,463.202491,0
2017-05-26,sh.600008,7.2000,7.5000,7.0300,7.0700,7.2200,262607852,1912840480.0000,3,5.447602,1,-2.077557,54.983045,4.285093,4.124486,453.579171,0
2017-05-31,sh.600008,7.0900,7.1100,6.8500,6.9600,6.9900,165607595,1159226704.0000,3,3.435405,1,-0.429181,54.127580,4.218422,4.060315,446.522069,0
2017-06-01,sh.600008,6.8700,6.9300,6.4100,6.4500,6.9600,230697340,1530491360.0000,3,4.785642,1,-7.327590,50.161335,3.909314,3.762792,413.802780,0
2017-06-02,sh.600008,6.4300,6.6800,6.4000,6.6000,6.4500,155341369,1019130752.0000,3,3.222439,1,2.325583,51.327878,4.000228,3.850299,423.426100,0
2017-06-05,sh.600008,6.6000,6.7600,6.5700,6.6300,6.6000,121498088,810325568.0000,3,2.520386,1,0.454549,51.561186,4.018411,3.867800,425.350764,0
2017-06-06,sh.600008,6.5800,6.6700,6.4400,6.6000,6.6300,125239149,821315664.0000,3,2.597992,1,-0.452492,51.327878,4.000228,3.850299,423.426100,0
2017-06-07,sh.600008,6.5800,7.2600,6.5700,7.1400,6.6000,455686528,3203012016.0000,3,9.452873,1,8.181818,55.527431,4.327520,4.165323,458.070054,0
2017-06-08,sh.600008,7.0600,7.1300,6.9700,7.0300,7.1400,266280161,1872761968.0000,3,5.523781,1,-1.540612,54.671967,4.260849,4.101151,451.012952,0
2017-06-09,sh.600008,7.0000,7.0600,6.7900,6.9700,7.0300,211429177,1466484656.0000,3,4.385939,1,-0.853491,54.205350,4.224483,4.066149,447.163624,0
2017-06-12,sh.600008,6.9000,7.1900,6.8800,7.0200,6.9700,232778757,1646750704.0000,3,4.828820,1,0.717363,54.594197,4.254788,4.095318,450.371397,0
2017-06-13,sh.600008,7.0200,7.0900,6.9200,7.0800,7.0200,138331880,970191280.0000,3,2.869590,1,0.854700,55.060814,4.291154,4.130320,454.220726,0
2017-06-14,sh.600008,7.0500,7.1100,6.9100,6.9200,7.0800,128977434,900273120.0000,3,2.675539,1,-2.259885,53.816502,4.194179,4.036980,443.955850,0
2017-06-15,sh.600008,6.9000,7.0400,6.8800,6.9400,6.9200,123397117,857688144.0000,3,2.559780,1,0.289017,53.972041,4.206301,4.048647,445.238960,0
2017-06-16,sh.600008,6.9200,7.2800,6.9100,7.1000,6.9400,297302272,2124042752.0000,3,6.167311,1,2.305473,55.216353,4.303276,4.141988,455.503835,0
2017-06-19,sh.600008,7.0700,7.1000,6.9300,7.0300,7.1000,142407352,996510912.0000,3,2.954133,1,-0.985911,54.671967,4.260849,4.101151,451.012952,0
2017-06-20,sh.600008,7.0600,7.2700,7.0300,7.1500,7.0300,270046032,1936387696.0000,3,5.601901,1,1.706968,55.605201,4.333581,4.171157,458.711608,0
2017-06-21,sh.600008,7.1600,7.3200,7.1100,7.2300,7.1500,195091256,1407462960.0000,3,4.047021,1,1.118880,56.227357,4.382068,4.217827,463.844046,0
2017-06-22,sh.600008,7.2500,7.3400,6.9500,6.9700,7.2300,226867457,1621032560.0000,3,4.706194,1,-3.596130,54.205350,4.224483,4.066149,447.163624,0
2017-06-23,sh.600008,6.9100,6.9700,6.7000,6.8800,6.9700,186710139,1276096144.0000,3,3.873161,1,-1.291244,53.505424,4.169935,4.013645,441.389632,0
2017-06-26,sh.600008,6.8800,6.9200,6.7500,6.9200,6.8800,114653491,786468096.0000,3,2.378400,1,0.581395,53.816502,4.194179,4.036980,443.955850,0
2017-06-27,sh.600008,6.9100,7.0400,6.8800,6.9000,6.9200,135763024,942842592.0000,3,2.816301,1,-0.289017,53.660963,4.182057,4.025312,442.672741,0
2017-06-28,sh.600008,6.8500,6.8600,6.6600,6.7000,6.9000,148632907,1000077200.0000,3,3.083277,1,-2.898555,52.105573,4.060838,3.908636,429.841647,0
2017-06-29,sh.600008,6.6700,6.8100,6.6600,6.7100,6.7000,94166923,634079120.0000,3,1.953422,1,0.149257,52.183342,4.066899,3.914470,430.483202,0
2017-06-30,sh.600008,6.6800,6.6900,6.5100,6.5800,6.7100,124136844,817261808.0000,3,2.575125,1,-1.937409,51.172339,3.988106,3.838631,422.142991,0
2017-07-03,sh.600008,6.6000,6.7100,6.5900,6.6400,6.5800,74850936,497235808.0000,3,1.552726,1,0.911853,51.638956,4.024472,3.873634,425.992319,0
2017-07-04,sh.600008,6.6500,6.7100,6.6000,6.6300,6.6400,74766451,497640848.0000,3,1.550974,1,-0.150599,51.561186,4.018411,3.867800,425.350764,0
2017-07-05,sh.600008,6.6100,6.6300,6.4800,6.6000,6.6300,101011496,660391408.0000,3,2.095407,1,-0.452492,51.327878,4.000228,3.850299,423.426100,0
2017-07-06,sh.600008,6.5800,6.6300,6.4900,6.5000,6.6000,95031802,621188720.0000,3,1.971363,1,-1.515150,50.550182,3.939619,3.791961,417.010553,0
2017-07-07,sh.600008,6.4900,6.5500,6.4000,6.4200,6.5000,98896167,637912512.0000,3,2.051526,1,-1.230768,49.928026,3.891131,3.745290,411.878116,0
2017-07-10,sh.600008,6.4000,6.4500,6.3500,6.4100,6.4200,85007040,544327312.0000,3,1.763407,1,-0.155767,49.850257,3.885070,3.739457,411.236561,0
2017-07-11,sh.600008,6.4000,6.4300,6.1400,6.1600,6.4100,123154263,772276672.0000,3,2.554742,1,-3.900156,47.906019,3.733546,3.593612,395.197693,0
2017-07-12,sh.600008,6.1600,6.2100,5.8300,6.1300,6.1600,157135881,946644048.0000,3,3.259665,1,-0.487009,47.672711,3.715363,3.576111,393.273029,0
2017-07-13,sh.600008,6.0500,6.0900,5.9500,5.9900,6.1300,77945004,469321136.0000,3,1.616910,1,-2.283855,46.583937,3.630510,3.494438,384.291264,0
2017-07-14,sh.600008,6.0000,6.1200,5.9700,6.0000,5.9900,63355864,382533488.0000,3,1.314270,1,0.166949,46.661707,3.636571,3.500271,384.932818,0
2017-07-17,sh.600008,6.0100,6.0200,5.4000,5.5200,6.0000,130685351,736497680.0000,3,2.710969,1,-8.000001,42.928770,3.345645,3.220250,354.138193,0
2017-07-18,sh.600008,5.4800,5.6300,5.4300,5.5900,5.5200,74096558,411465760.0000,3,1.537077,1,1.268119,43.473157,3.388072,3.261086,358.629076,0
2017-07-19,sh.600008,5.5600,5.6400,5.5400,5.6400,5.5900,79641044,446455504.0000,3,1.652093,1,0.894449,43.862005,3.418377,3.290255,361.836849,0
2017-07-20,sh.600008,5.6300,5.7300,5.6000,5.6600,5.6400,75013549,426041152.0000,3,1.556099,1,0.354610,44.017544,3.430499,3.301923,363.119959,0
2017-07-21,sh.600008,5.6300,5.9400,5.5800,5.8300,5.6600,131451088,762352976.0000,3,2.726854,1,3.003535,45.339625,3.533535,3.401097,374.026388,0
2017-07-24,sh.600008,5.8300,6.1500,5.8000,6.0600,5.8300,145546265,873336416.0000,3,3.019247,1,3.945112,47.128324,3.672937,3.535274,388.782146,0
2017-07-25,sh.600008,6.0100,6.0400,5.8800,5.9100,6.0600,87944605,521695520.0000,3,1.824344,1,-2.475249,45.961781,3.582022,3.447767,379.158826,0
2017-07-26,sh.600008,5.9200,6.0000,5.8800,5.9400,5.9100,63743319,378031344.0000,3,1.322307,1,0.507618,46.195090,3.600205,3.465269,381.083490,0
2017-07-27,sh.600008,5.9400,5.9600,5.8600,5.9000,5.9400,57962749,342069280.0000,3,1.202393,1,-0.673400,45.884012,3.575962,3.441934,378.517271,0
2017-07-28,sh.600008,5.8800,5.9000,5.8100,5.8200,5.9000,51046078,298122128.0000,3,1.058912,1,-1.355931,45.261856,3.527474,3.395263,373.384834,0
2017-07-31,sh.600008,5.8300,5.9500,5.8000,5.8800,5.8200,61449464,361168496.0000,3,1.274723,1,1.030927,45.728473,3.563840,3.430266,377.234162,0
2017-08-01,sh.600008,5.9400,6.2800,5.9300,6.1800,5.8800,202763931,1242209664.0000,3,4.206185,1,5.102036,48.061558,3.745668,3.605280,396.480803,0
2017-08-02,sh.600008,6.1400,6.4500,6.1000,6.2800,6.1800,206338884,1287255936.0000,3,4.280344,1,1.618129,48.839253,3.806278,3.663617,402.896350,0
2017-08-03,sh.600008,6.2700,6.4200,6.1600,6.1800,6.2800,137331565,861712304.0000,3,2.848840,1,-1.592363,48.061558,3.745668,3.605280,396.480803,0
2017-08-04,sh.600008,6.1800,6.2900,6.1100,6.1200,6.1800,91801153,567786336.0000,3,1.904346,1,-0.970873,47.594941,3.709302,3.570277,392.631475,0
2017-08-07,sh.600008,6.1100,6.3300,6.0800,6.2400,6.1200,99064094,618383184.0000,3,2.055010,1,1.960783,48.528175,3.782034,3.640282,400.330131,0
2017-08-08,sh.600008,6.3800,6.4500,6.2000,6.2400,6.2400,118763044,748504816.0000,3,2.463650,1,0.000000,48.528175,3.782034,3.640282,400.330131,0
2017-08-09,sh.600008,6.2300,6.3700,6.1600,6.2800,6.2400,106940489,673829392.0000,3,2.218400,1,0.641033,48.839253,3.806278,3.663617,402.896350,0
2017-08-10,sh.600008,6.2900,6.2900,6.0800,6.1400,6.2800,97841781,603637104.0000,3,2.029654,1,-2.229305,47.750480,3.721424,3.581944,393.914584,0
2017-08-11,sh.600008,6.1100,6.3000,6.0600,6.1600,6.1400,117113542,724611872.0000,3,2.429432,1,0.325733,47.906019,3.733546,3.593612,395.197693,0
2017-08-14,sh.600008,6.2000,6.7800,6.2000,6.7800,6.1600,392691008,2603156624.0000,3,8.146078,1,10.064940,52.727729,4.109325,3.955307,434.974085,0
2017-08-15,sh.600008,6.8900,7.0400,6.7800,6.8400,6.7800,419603760,2891960064.0000,3,8.704363,1,0.884955,53.194346,4.145691,3.990309,438.823413,0
2017-08-16,sh.600008,6.8000,6.8400,6.6600,6.6800,6.8400,218375756,1467795888.0000,3,4.530040,1,-2.339186,51.950034,4.048716,3.896969,428.558538,0
2017-08-17,sh.600008,6.7200,7.0200,6.6700,6.9200,6.6800,291713760,2003195456.0000,3,6.051382,1,3.592818,53.816502,4.194179,4.036980,443.955850,0
2017-08-18,sh.600008,6.8300,7.0800,6.8100,6.8400,6.9200,234232493,1625441344.0000,3,4.858976,1,-1.156068,53.194346,4.145691,3.990309,438.823413,0
2017-08-21,sh.600008,6.8700,6.9000,6.7300,6.8800,6.8400,135657730,921962720.0000,3,2.814117,1,0.584795,53.505424,4.169935,4.013645,441.389632,0
2017-08-22,sh.600008,6.9500,7.0200,6.7500,6.8200,6.8800,146330747,1006001504.0000,3,3.035521,1,-0.872092,53.038807,4.133569,3.978642,437.540303,0
2017-08-23,sh.600008,6.7000,6.8100,6.5600,6.5900,6.8200,135349854,904517696.0000,3,2.807731,1,-3.372434,51.250108,3.994167,3.844465,422.784545,0
2017-08-24,sh.600008,6.6200,6.7300,6.5700,6.6400,6.5900,92770832,615923840.0000,3,1.924461,1,0.758721,51.638956,4.024472,3.873634,425.992319,0
2017-08-25,sh.600008,6.6400,6.7300,6.5200,6.7100,6.6400,107370135,712284672.0000,3,2.227312,1,1.054219,52.183342,4.066899,3.914470,430.483202,0
2017-08-28,sh.600008,6.7000,6.8600,6.6700,6.8200,6.7100,134029215,908999424.0000,3,2.780335,1,1.639346,53.038807,4.133569,3.978642,437.540303,0
2017-08-29,sh.600008,6.8400,6.8700,6.6900,6.7700,6.8200,120893546,818358160.0000,3,2.507845,1,-0.733141,52.649959,4.103264,3.949473,434.332530,0
2017-08-30,sh.600008,6.7600,6.8100,6.6900,6.7200,6.7700,94867124,639053296.0000,3,1.967947,1,-0.738555,52.786184,4.196366,3.592429,37.830759,0
2017-08-31,sh.600008,6.6700,6.7000,6.5600,6.6400,6.7200,126576577,836258832.0000,3,2.625736,1,-1.190475,52.157777,4.146409,3.549662,37.380393,0
2017-09-01,sh.600008,6.6700,6.8600,6.6500,6.7100,6.6400,139857207,944164912.0000,3,2.901232,1,1.054219,52.707633,4.190122,3.587083,37.774463,0
2017-09-04,sh.600008,6.6700,6.8700,6.6300,6.8600,6.7100,194386606,1322946480.0000,3,4.032403,1,2.235471,53.885896,4.283790,3.667271,38.618900,0
2017-09-05,sh.600008,6.8500,6.9200,6.6800,6.8000,6.8600,151258399,1027844080.0000,3,3.137741,1,-0.874635,53.414591,4.246323,3.635196,38.281125,0
2017-09-06,sh.600008,6.7500,6.8000,6.7000,6.7600,6.8000,75579748,509279424.0000,3,1.567845,1,-0.588235,53.100387,4.221345,3.613812,38.055942,0
2017-09-07,sh.600008,6.7800,6.8400,6.6900,6.7100,6.7600,117954672,799101616.0000,3,2.446881,1,-0.739648,52.707633,4.190122,3.587083,37.774463,0
2017-09-08,sh.600008,6.7100,6.7700,6.6200,6.7000,6.7100,108957070,728558176.0000,3,2.260232,1,-0.149035,52.629082,4.183877,3.581737,37.718167,0
2017-09-11,sh.600008,6.6600,6.8500,6.6200,6.8200,6.7000,214691837,1454034544.0000,3,4.453620,1,1.791050,53.571693,4.258812,3.645888,38.393717,0
2017-09-12,sh.600008,6.8200,7.0400,6.7700,6.9600,6.8200,327221664,2264956930.0000,3,6.787966,1,2.052784,54.671405,4.346236,3.720730,39.181858,0
2017-09-13,sh.600008,6.9300,7.0300,6.8500,6.9200,6.9600,215735450,1492357839.0000,3,4.475269,1,-0.574712,54.357201,4.321258,3.699346,38.956674,0
2017-09-14,sh.600008,6.9000,6.9600,6.7100,6.7800,6.9200,192573144,1313359544.0000,3,3.994784,1,-2.023119,53.257489,4.233834,3.624504,38.168534,0
2017-09-15,sh.600008,6.7300,6.7800,6.6600,6.6600,6.7800,102876800,690072062.0000,3,2.134102,1,-1.769917,52.314879,4.158899,3.560354,37.492984,0
2017-09-18,sh.600008,6.6500,6.7100,6.6100,6.6400,6.6600,68167025,452670714.0000,3,1.414073,1,-0.300300,52.157777,4.146409,3.549662,37.380393,0
2017-09-19,sh.600008,6.6800,6.7000,6.6100,6.6400,6.6400,57804682,384619627.0000,3,1.199114,1,0.000000,52.157777,4.146409,3.549662,37.380393,0
2017-09-20,sh.600008,6.6300,6.6600,6.4600,6.6300,6.6400,93913538,617435847.0000,3,1.948165,1,-0.150599,52.079226,4.140165,3.544316,37.324097,0
2017-09-21,sh.600008,6.6000,6.6000,6.4300,6.4400,6.6300,76662500,499467086.0000,3,1.590306,1,-2.865762,50.586760,4.021518,3.442744,36.254477,0
2017-09-22,sh.600008,6.4800,6.5600,6.3200,6.3400,6.4400,67312296,434311007.0000,3,1.396343,1,-1.552794,49.801251,3.959072,3.389286,35.691520,0
2017-09-25,sh.600008,6.3000,6.4000,6.2500,6.2600,6.3400,47444100,299740645.0000,3,0.984192,1,-1.261828,49.172844,3.909115,3.346519,35.241154,0
2017-09-26,sh.600008,6.3000,6.3500,6.2700,6.3200,6.2600,40168597,253613152.0000,3,0.833267,1,0.958465,49.644149,3.946582,3.378594,35.578928,0
2017-09-27,sh.600008,6.3500,6.3600,6.2800,6.3000,6.3200,36447422,229923165.0000,3,0.756074,1,-0.316455,49.487047,3.934093,3.367902,35.466337,0
2017-09-28,sh.600008,6.3200,6.3800,6.2700,6.2900,6.3000,53496544,337981388.0000,3,1.109745,1,-0.158734,49.408497,3.927849,3.362556,35.410041,0
2017-09-29,sh.600008,6.3400,6.4100,6.3200,6.4000,6.2900,58083251,370001474.0000,3,1.204893,1,1.748810,50.272556,3.996539,3.421361,36.029294,0
2017-10-09,sh.600008,6.4500,6.5000,6.3800,6.4100,6.4000,49376719,317432555.0000,3,1.024283,1,0.156246,50.351107,4.002784,3.426707,36.085590,0
2017-10-10,sh.600008,6.4000,6.4200,6.3300,6.4000,6.4100,41234292,262608198.0000,3,0.855374,1,-0.156002,50.272556,3.996539,3.421361,36.029294,0
2017-10-11,sh.600008,6.3900,6.3900,6.1900,6.2100,6.4000,74963104,470272729.0000,3,1.555053,1,-2.968751,48.780090,3.877892,3.319789,34.959675,0
2017-10-12,sh.600008,6.2100,6.2800,6.1600,6.2000,6.2100,41584715,258242575.0000,3,0.862644,1,-0.161034,48.701539,3.871647,3.314443,34.903379,0
2017-10-13,sh.600008,6.2000,6.4900,6.1300,6.4700,6.2000,134984683,859196873.0000,3,2.800155,1,4.354839,50.822412,4.040251,3.458782,36.423365,0
2017-10-16,sh.600008,6.4800,6.5000,6.2500,6.2600,6.4700,75095333,476399690.0000,3,1.557796,1,-3.245743,49.172844,3.909115,3.346519,35.241154,0
2017-10-17,sh.600008,6.2400,6.3500,6.2000,6.2500,6.2600,33736489,211364865.0000,3,0.699838,1,-0.159748,49.094293,3.902870,3.341173,35.184858,0
2017-10-18,sh.600008,6.2900,6.4400,6.2600,6.2700,6.2500,61315082,388745811.0000,3,1.271935,1,0.320000,49.251395,3.915360,3.351865,35.297449,0
2017-10-19,sh.600008,6.2500,6.2500,6.0600,6.0800,6.2700,62646366,383815161.0000,3,1.299552,1,-3.030304,47.758928,3.796712,3.250293,34.227830,0
2017-10-20,sh.600008,6.0500,6.1100,6.0200,6.1000,6.0800,34448900,209458869.0000,3,0.714616,1,0.328947,47.916030,3.809201,3.260985,34.340421,0
2017-10-23,sh.600008,6.1100,6.3200,6.0700,6.2500,6.1000,67999417,423906638.0000,3,1.410597,1,2.459018,49.094293,3.902870,3.341173,35.184858,0
2017-10-24,sh.600008,6.2300,6.2400,6.1100,6.1700,6.2500,43596133,268309340.0000,3,0.904369,1,-1.279999,48.465886,3.852914,3.298406,34.734492,0
2017-10-25,sh.600008,6.1800,6.2600,6.1500,6.1800,6.1700,36815157,228376463.0000,3,0.763703,1,0.162071,48.544437,3.859158,3.303752,34.790787,0
2017-10-26,sh.600008,6.1800,6.2100,6.1300,6.1600,6.1800,34988072,215641880.0000,3,0.725801,1,-0.323624,48.387335,3.846669,3.293060,34.678196,0
2017-10-27,sh.600008,6.1700,6.1800,6.0700,6.1100,6.1600,40408694,247062916.0000,3,0.838248,1,-0.811684,47.994581,3.815446,3.266330,34.396717,0
2017-10-30,sh.600008,6.1200,6.1300,5.8300,5.9100,6.1100,58066317,343919679.0000,3,1.204542,1,-3.273327,44.422407,3.605668,2.997729,51.977937,0
2017-10-31,sh.600008,5.9100,5.9500,5.8500,5.8900,5.9100,30381813,179019741.0000,3,0.630248,1,-0.338409,44.272077,3.593466,2.987584,51.802038,0
2017-11-01,sh.600008,5.9000,5.9200,5.8200,5.8300,5.8900,37056905,216903488.0000,3,0.768718,1,-1.018675,43.821088,3.556860,2.957151,51.274344,0
2017-11-02,sh.600008,5.8500,5.8700,5.6900,5.7700,5.8300,49834708,287459418.0000,3,1.033783,1,-1.029159,43.370099,3.520254,2.926717,50.746649,0
2017-11-03,sh.600008,5.7300,5.7500,5.5700,5.6300,5.7700,43484366,245770341.0000,3,0.902050,1,-2.426341,42.317792,3.434841,2.855705,49.515361,0
2017-11-06,sh.600008,5.6300,5.7000,5.5200,5.6900,5.6300,36599092,205875704.0000,3,0.759221,1,1.065718,42.768781,3.471447,2.886138,50.043056,0
2017-11-07,sh.600008,5.7200,5.7300,5.6300,5.7200,5.6900,36806840,209244826.0000,3,0.763530,1,0.527236,42.994275,3.489749,2.901355,50.306903,0
2017-11-08,sh.600008,5.7000,5.7400,5.6800,5.7000,5.7200,30045100,171627299.0000,3,0.623263,1,-0.349650,42.843946,3.477548,2.891211,50.131005,0
2017-11-09,sh.600008,5.6900,5.7100,5.6500,5.6800,5.7000,26739448,151810223.0000,3,0.554690,1,-0.350877,42.693616,3.465346,2.881066,49.955107,0
2017-11-10,sh.600008,5.6800,5.6800,5.5600,5.5900,5.6800,41999760,235246946.0000,3,0.871253,1,-1.584501,42.017133,3.410437,2.835415,49.163564,0
2017-11-13,sh.600008,5.5900,5.6100,5.5100,5.5500,5.5900,33980609,188347977.0000,3,0.704902,1,-0.715563,41.716473,3.386033,2.815126,48.811768,0
2017-11-14,sh.600008,5.5500,5.7100,5.5300,5.6300,5.5500,55883142,315407998.0000,3,1.159254,1,1.441440,42.317792,3.434841,2.855705,49.515361,0
2017-11-15,sh.600008,5.5900,5.6400,5.5400,5.5500,5.6300,28572056,159232905.0000,3,0.592706,1,-1.420958,41.716473,3.386033,2.815126,48.811768,0
2017-11-16,sh.600008,5.5300,5.5700,5.4500,5.4600,5.5500,35286915,194326565.0000,3,0.732000,1,-1.621624,41.039990,3.331125,2.769476,48.020226,0
2017-11-17,sh.600008,5.4900,5.5000,5.1500,5.2100,5.4600,57481114,305007470.0000,3,1.192402,1,-4.578755,39.160870,3.178600,2.642668,45.821497,0
2017-11-20,sh.600008,5.1600,5.2200,5.1200,5.2100,5.2100,26942026,139229025.0000,3,0.558892,1,0.000000,39.160870,3.178600,2.642668,45.821497,0
2017-11-21,sh.600008,5.2000,5.2500,5.1500,5.2000,5.2100,26837419,139698226.0000,3,0.556722,1,-0.191943,39.085705,3.172500,2.637596,45.733548,0
2017-11-22,sh.600008,5.2000,5.2300,5.1500,5.2100,5.2000,29670240,154063128.0000,3,0.615487,1,0.192312,39.160870,3.178600,2.642668,45.821497,0
2017-11-23,sh.600008,5.1900,5.6200,5.1500,5.2900,5.2100,96019270,518849582.0000,3,1.991847,1,1.535507,39.762188,3.227408,2.683246,46.525091,0
2017-11-24,sh.600008,5.2300,5.5000,5.1900,5.4400,5.2900,77119172,415638138.0000,3,1.599779,1,2.835541,40.889660,3.318923,2.759331,47.844328,0
2017-11-27,sh.600008,5.4300,5.5400,5.3900,5.4400,5.4400,58601603,320766700.0000,3,1.215646,1,0.000000,40.889660,3.318923,2.759331,47.844328,0
2017-11-28,sh.600008,5.4700,5.6200,5.4100,5.5100,5.4400,48271474,265768568.0000,3,1.001355,1,1.286768,41.415814,3.361629,2.794837,48.459971,0
2017-11-29,sh.600008,5.5300,5.5500,5.4000,5.4700,5.5100,40615461,221949649.0000,3,0.842537,1,-0.725961,41.115155,3.337225,2.774548,48.108175,0
2017-11-30,sh.600008,5.4000,5.4500,5.3100,5.3200,5.4700,37518548,201516030.0000,3,0.778294,1,-2.742224,39.987683,3.245711,2.698463,46.788938,0
2017-12-01,sh.600008,5.3200,5.4000,5.3200,5.3900,5.3200,22078056,118618890.0000,3,0.457993,1,1.315784,40.513836,3.288418,2.733969,47.404582,0
2017-12-04,sh.600008,5.3600,5.3800,5.2200,5.2300,5.3900,30259193,160079056.0000,3,0.627704,1,-2.968457,39.311199,3.190802,2.652813,45.997396,0
2017-12-05,sh.600008,5.2400,5.2800,5.1100,5.1500,5.2300,32791726,170053293.0000,3,0.680240,1,-1.529635,38.709881,3.141995,2.612234,45.293803,0
2017-12-06,sh.600008,5.1500,5.2400,5.1100,5.1800,5.1500,26568164,137383171.0000,3,0.551137,1,0.582519,38.935375,3.160298,2.627451,45.557650,0
2017-12-07,sh.600008,5.1800,5.2300,5.1400,5.1500,5.1800,21907894,113402513.0000,3,0.454463,1,-0.579145,38.709881,3.141995,2.612234,45.293803,0
2017-12-08,sh.600008,5.1500,5.2600,5.1400,5.2000,5.1500,27492343,142916685.0000,3,0.570308,1,0.970868,39.085705,3.172500,2.637596,45.733548,0
2017-12-11,sh.600008,5.1800,5.2500,5.1700,5.2300,5.2000,27789240,144871903.0000,3,0.576467,1,0.576927,39.311199,3.190802,2.652813,45.997396,0
2017-12-12,sh.600008,5.2300,5.2400,5.1600,5.1700,5.2300,18914931,98170857.0000,3,0.392376,1,-1.147226,38.860210,3.154197,2.622379,45.469701,0
2017-12-13,sh.600008,5.1700,5.2400,5.1300,5.2200,5.1700,22740611,118372947.0000,3,0.471737,1,0.967113,39.236034,3.184701,2.647740,45.909447,0
2017-12-14,sh.600008,5.2300,5.2700,5.1700,5.2300,5.2200,28339219,148149785.0000,3,0.587876,1,0.191575,39.311199,3.190802,2.652813,45.997396,0
2017-12-15,sh.600008,5.2200,5.3400,5.2000,5.3100,5.2300,55921841,295220162.0000,3,1.160056,1,1.529635,39.912518,3.239610,2.693391,46.700989,0
2017-12-18,sh.600008,5.2800,5.3000,5.2100,5.2400,5.3100,26787483,140582634.0000,3,0.555686,1,-1.318271,39.386364,3.196903,2.657885,46.085345,0
2017-12-19,sh.600008,5.2400,5.3000,5.2100,5.2900,5.2400,30632046,161174375.0000,3,0.635439,1,0.954202,39.762188,3.227408,2.683246,46.525091,0
2017-12-20,sh.600008,5.3100,5.3200,5.1600,5.1800,5.2900,30682987,160358334.0000,3,0.636495,1,-2.079398,38.935375,3.160298,2.627451,45.557650,0
2017-12-21,sh.600008,5.2100,5.2200,5.1600,5.2000,5.1800,24460449,127036589.0000,3,0.507414,1,0.386100,39.085705,3.172500,2.637596,45.733548,0
2017-12-22,sh.600008,5.2300,5.2400,5.1700,5.1900,5.2000,21077824,109641829.0000,3,0.437244,1,-0.192303,39.010540,3.166399,2.632523,45.645599,0
2017-12-25,sh.600008,5.1700,5.1900,5.0500,5.0600,5.1900,34243742,175158950.0000,3,0.710361,1,-2.504819,38.033397,3.087086,2.566584,44.502261,0
2017-12-26,sh.600008,5.0600,5.1500,5.0400,5.1400,5.0600,26612040,135663875.0000,3,0.552047,1,1.581026,38.634716,3.135894,2.607162,45.205854,0
2017-12-27,sh.600008,5.1500,5.1800,5.1000,5.1100,5.1400,27304481,140084251.0000,3,0.566411,1,-0.583652,38.409221,3.117591,2.591945,44.942006,0
2017-12-28,sh.600008,5.0900,5.1700,5.0700,5.1300,5.1100,25796464,132109594.0000,3,0.535128,1,0.391389,38.559551,3.129793,2.602090,45.117904,0
2017-12-29,sh.600008,5.1500,5.1600,5.1100,5.1400,5.1300,17999569,92268432.0000,3,0.373387,1,0.194927,38.634716,3.135894,2.607162,45.205854,0
2018-01-02,sh.600008,5.1500,5.2200,5.1300,5.2000,5.1400,35174413,182126121.0000,3,0.729667,1,1.167314,39.085705,3.172500,2.637596,45.733548,0
2018-01-03,sh.600008,5.3000,5.7200,5.2900,5.7200,5.2000,142584075,794406698.0000,3,2.957799,1,10.000000,42.994275,3.489749,2.901355,50.306903,0
2018-01-04,sh.600008,6.0100,6.0700,5.7600,5.8100,5.7200,291475184,1723203348.0000,3,6.046433,1,1.573429,43.670759,3.544658,2.947006,51.098445,0
2018-01-05,sh.600008,5.6600,5.7900,5.6100,5.7300,5.8100,154515111,878840735.0000,3,3.205299,1,-1.376935,43.069440,3.495850,2.906428,50.394852,0
2018-01-08,sh.600008,5.6400,5.7200,5.6300,5.6600,5.7300,78992003,447402918.0000,3,1.638629,1,-1.221643,42.543286,3.453144,2.870922,49.779208,0
2018-01-09,sh.600008,5.6700,5.7300,5.5400,5.6100,5.6600,78993998,442781947.0000,3,1.638671,1,-0.883387,42.167462,3.422639,2.845560,49.339463,0
2018-01-10,sh.600008,5.5600,5.5800,5.4700,5.5000,5.6100,54161625,298634156.0000,3,1.123542,1,-1.960787,41.340649,3.355528,2.789765,48.372022,0
2018-01-11,sh.600008,5.4800,5.4800,5.4000,5.4600,5.5000,43902911,239009959.0000,3,0.910733,1,-0.727272,41.039990,3.331125,2.769476,48.020226,0
2018-01-12,sh.600008,5.4400,5.5500,5.4300,5.4700,5.4600,49430288,271596215.0000,3,1.025394,1,0.183146,41.115155,3.337225,2.774548,48.108175,0
2018-01-15,sh.600008,5.4900,5.5000,5.3000,5.3200,5.4700,46877722,252511163.0000,3,0.972443,1,-2.742224,39.987683,3.245711,2.698463,46.788938,0
2018-01-16,sh.600008,5.2800,5.3800,5.2700,5.3700,5.3200,35133207,187071212.0000,3,0.728812,1,0.939844,40.363507,3.276216,2.723825,47.228684,0
2018-01-17,sh.600008,5.3900,5.4800,5.2800,5.4500,5.3700,64575525,348757501.0000,3,1.339571,1,1.489757,40.964825,3.325024,2.764403,47.932277,0
2018-01-18,sh.600008,5.4300,5.4800,5.4000,5.4100,5.4500,31967348,173491764.0000,3,0.663138,1,-0.733944,40.664166,3.300620,2.744114,47.580480,0
2018-01-19,sh.600008,5.4100,5.5100,5.3800,5.4600,5.4100,46505976,253884617.0000,3,0.964731,1,0.924218,41.039990,3.331125,2.769476,48.020226,0
2018-01-22,sh.600008,5.4900,5.5300,5.4000,5.4800,5.4600,45707977,249537672.0000,3,0.948177,1,0.366300,41.190320,3.343326,2.779620,48.196124,0
2018-01-23,sh.600008,5.4700,5.5100,5.4300,5.4800,5.4800,43267581,236638115.0000,3,0.897553,1,0.000000,41.190320,3.343326,2.779620,48.196124,0
2018-01-24,sh.600008,5.4600,5.5500,5.3900,5.5000,5.4800,62650065,343228471.0000,3,1.299628,1,0.364963,41.340649,3.355528,2.789765,48.372022,0
2018-01-25,sh.600008,5.4700,5.5800,5.4400,5.5100,5.5000,59794239,330118665.0000,3,1.240386,1,0.181822,41.415814,3.361629,2.794837,48.459971,0
2018-01-26,sh.600008,5.5100,5.5600,5.4300,5.4400,5.5100,39157677,214828657.0000,3,0.812296,1,-1.270420,40.889660,3.318923,2.759331,47.844328,0
2018-01-29,sh.600008,5.4500,5.4800,5.2900,5.3100,5.4400,45444450,244122990.0000,3,0.942711,1,-2.389708,39.912518,3.239610,2.693391,46.700989,0
2018-01-30,sh.600008,5.3000,5.3400,5.2500,5.2700,5.3100,25766418,136307068.0000,3,0.534505,1,-0.753295,39.611858,3.215206,2.673102,46.349192,0
2018-01-31,sh.600008,5.2700,5.2800,5.1600,5.1700,5.2700,34805800,180900428.0000,3,0.722020,1,-1.897531,38.860210,3.154197,2.622379,45.469701,0
2018-02-01,sh.600008,5.2000,5.2200,4.9900,5.0000,5.1700,48676883,247878541.0000,3,1.009765,1,-3.288203,37.582408,3.050480,2.536150,43.974566,0
2018-02-02,sh.600008,5.0000,5.0600,4.8800,5.0500,5.0000,28954059,144126271.0000,3,0.600630,1,1.000004,37.958232,3.080985,2.561511,44.414311,0
2018-02-05,sh.600008,5.0600,5.0600,4.9700,5.0200,5.0500,28116591,140885790.0000,3,0.583257,1,-0.594063,37.732738,3.062682,2.546294,44.150464,0
2018-02-06,sh.600008,4.9500,4.9500,4.6000,4.6200,5.0200,50612781,243156927.0000,3,1.049924,1,-7.968129,34.726145,2.818644,2.343402,40.632499,0
2018-02-07,sh.600008,4.7200,4.7500,4.5400,4.6400,4.6200,32344935,150544558.0000,3,0.670971,1,0.432900,34.876475,2.830846,2.353547,40.808397,0
2018-02-08,sh.600008,4.6400,4.7200,4.6000,4.6900,4.6400,21295529,99781723.0000,3,0.441760,1,1.077590,35.252299,2.861351,2.378908,41.248143,0
2018-02-09,sh.600008,4.5800,4.6400,4.2900,4.4400,4.6900,37247861,167323368.0000,3,0.772679,1,-5.330490,33.373179,2.708827,2.252101,39.049414,0
2018-02-12,sh.600008,4.4700,4.5300,4.4500,4.5000,4.4400,17216682,77448289.0000,3,0.357147,1,1.351350,33.824168,2.745432,2.282535,39.577109,0
2018-02-13,sh.600008,4.5500,4.7400,4.5300,4.6000,4.5000,29488305,136418471.0000,3,0.611713,1,2.222220,34.575816,2.806442,2.333258,40.456600,0
2018-02-14,sh.600008,4.6000,4.6500,4.5800,4.6400,4.6000,19847182,91766682.0000,3,0.411715,1,0.869564,34.876475,2.830846,2.353547,40.808397,0
2018-02-22,sh.600008,4.7000,5.0100,4.6400,4.8700,4.6400,59115515,285653255.0000,3,1.226307,1,4.956897,36.605266,2.971168,2.470210,42.831227,0
2018-02-23,sh.600008,5.0000,5.1400,4.9000,4.9300,4.8700,82327232,412486499.0000,3,1.707816,1,1.232032,37.056255,3.007774,2.500644,43.358922,0
2018-02-26,sh.600008,5.0000,5.0500,4.8800,5.0400,4.9300,58959270,293719727.0000,3,1.223066,1,2.231240,37.883068,3.074884,2.556439,44.326362,0
2018-02-27,sh.600008,5.0400,5.0400,4.9400,4.9600,5.0400,43203335,215258495.0000,3,0.896221,1,-1.587300,37.281749,3.026076,2.515861,43.622769,0
2018-02-28,sh.600008,4.9000,5.0400,4.8900,4.9700,4.9600,39053109,194732054.0000,3,0.810127,1,0.201608,37.356914,3.032177,2.520933,43.710718,0
2018-03-01,sh.600008,4.9200,5.0000,4.9200,4.9700,4.9700,30583320,151752739.0000,3,0.634428,1,0.000000,37.356914,3.032177,2.520933,43.710718,0
2018-03-02,sh.600008,4.9400,5.0400,4.9200,5.0100,4.9700,40779057,203998632.0000,3,0.845931,1,0.804838,37.657573,3.056581,2.541222,44.062515,0
2018-03-05,sh.600008,5.0000,5.0200,4.9500,4.9800,5.0100,26159776,130246776.0000,3,0.542665,1,-0.598807,37.432079,3.038278,2.526005,43.798667,0
2018-03-06,sh.600008,4.9900,5.0900,4.9700,5.0600,4.9800,44873904,225952662.0000,3,0.930875,1,1.606424,38.033397,3.087086,2.566584,44.502261,0
2018-03-07,sh.600008,5.0300,5.0500,4.9700,4.9800,5.0600,31561817,157858184.0000,3,0.654726,1,-1.581026,37.432079,3.038278,2.526005,43.798667,0
2018-03-08,sh.600008,4.9700,5.4300,4.9400,5.3000,4.9800,136526419,709710778.0000,3,2.832137,1,6.425706,39.837353,3.233509,2.688319,46.613040,0
2018-03-09,sh.600008,5.2800,5.3800,5.1700,5.2400,5.3000,102205098,538694984.0000,3,2.120168,1,-1.132083,39.386364,3.196903,2.657885,46.085345,0
2018-03-12,sh.600008,5.2000,5.2800,5.1400,5.2500,5.2400,63009242,326820741.0000,3,1.307079,1,0.190844,39.461529,3.203004,2.662957,46.173294,0
2018-03-13,sh.600008,5.2200,5.2400,5.1600,5.1700,5.2500,32545407,169096019.0000,3,0.675130,1,-1.523808,38.860210,3.154197,2.622379,45.469701,0
2018-03-14,sh.600008,5.1700,5.2000,5.1100,5.1200,5.1700,30980442,159380866.0000,3,0.642666,1,-0.967122,38.484386,3.123692,2.597017,45.029955,0
2018-03-15,sh.600008,5.1100,5.2500,5.0800,5.1300,5.1200,36619743,188753697.0000,3,0.759649,1,0.195317,38.559551,3.129793,2.602090,45.117904,0
2018-03-16,sh.600008,5.1000,5.1300,5.0500,5.0600,5.1300,24300993,123675301.0000,3,0.504106,1,-1.364526,38.033397,3.087086,2.566584,44.502261,0
2018-03-19,sh.600008,5.1000,5.1600,5.0600,5.1000,5.0600,26737204,136889892.0000,3,0.554643,1,0.790513,38.334057,3.111490,2.586873,44.854057,0
2018-03-20,sh.600008,5.0800,5.1500,5.0000,5.1100,5.1000,38969030,197725348.0000,3,0.808383,1,0.196083,38.409221,3.117591,2.591945,44.942006,0
2018-03-21,sh.600008,5.1000,5.1900,5.0500,5.1100,5.1100,33877354,173318551.0000,3,0.702760,1,0.000000,38.409221,3.117591,2.591945,44.942006,0
2018-03-22,sh.600008,5.0600,5.1300,5.0200,5.1200,5.1100,33481559,170456143.0000,3,0.694550,1,0.195690,38.484386,3.123692,2.597017,45.029955,0
2018-03-23,sh.600008,5.0200,5.1300,4.8000,5.1200,5.1200,123161286,621644085.0000,3,2.554888,1,0.000000,38.484386,3.123692,2.597017,45.029955,0
2018-03-26,sh.600008,5.0200,5.1700,4.9100,5.1500,5.1200,41149916,208993928.0000,3,0.853624,1,0.585942,38.709881,3.141995,2.612234,45.293803,0
2018-03-27,sh.600008,5.2200,5.2300,5.1500,5.1900,5.1500,50053405,259448009.0000,3,1.038320,1,0.776698,39.010540,3.166399,2.632523,45.645599,0
2018-03-28,sh.600008,5.1200,5.4500,5.1100,5.3300,5.1900,121123453,645220322.0000,3,2.512615,1,2.697493,40.062847,3.251812,2.703536,46.876887,0
2018-03-29,sh.600008,5.2900,5.3900,5.2100,5.2600,5.3300,83255423,440166254.0000,3,1.727071,1,-1.313315,39.536694,3.209105,2.668030,46.261243,0
2018-03-30,sh.600008,5.2900,5.4400,5.2600,5.3500,5.2600,71481873,382911156.0000,3,1.482837,1,1.711020,42.140383,3.192209,2.777489,22.260838,0
2018-04-02,sh.600008,5.3500,5.3500,5.2100,5.2300,5.3500,63091616,331829891.0000,3,1.308788,1,-2.242989,41.195178,3.120608,2.715190,21.761529,0
2018-04-03,sh.600008,5.2100,5.2100,5.0900,5.1000,5.2300,41533520,213013369.0000,3,0.861582,1,-2.485662,40.171206,3.043041,2.647700,21.220612,0
2018-04-04,sh.600008,5.1100,5.1500,5.0000,5.0100,5.1000,36958066,187870757.0000,3,0.766667,1,-1.764700,39.462303,2.989340,2.600976,20.846131,0
2018-04-09,sh.600008,5.0000,5.0400,4.9500,4.9700,5.0100,28286504,140828578.0000,3,0.586782,1,-0.798412,39.147234,2.965473,2.580209,20.679694,0
2018-04-10,sh.600008,4.9900,5.0300,4.9700,5.0200,4.9700,22056228,110297776.0000,3,0.457540,1,1.006040,39.541070,2.995307,2.606167,20.887740,0
2018-04-11,sh.600008,5.0300,5.0600,5.0100,5.0300,5.0200,21279913,107053106.0000,3,0.441436,1,0.199208,39.619837,3.001274,2.611359,20.929349,0
2018-04-12,sh.600008,5.0300,5.0400,4.9600,4.9600,5.0300,19353639,96629844.0000,3,0.401477,1,-1.391653,39.068467,2.959506,2.575018,20.638085,0
2018-04-13,sh.600008,4.9900,5.0000,4.9100,4.9200,4.9600,18989985,93881065.0000,3,0.393933,1,-0.806451,38.753399,2.935639,2.554251,20.471649,0
2018-04-16,sh.600008,4.9700,4.9700,4.8400,4.9300,4.9200,23449872,115115908.0000,3,0.486450,1,0.203247,38.832166,2.941606,2.559443,20.513258,0
2018-04-17,sh.600008,4.9300,4.9700,4.8500,4.8800,4.9300,20322523,99698866.0000,3,0.421575,1,-1.014193,38.438331,2.911772,2.533485,20.305213,0
2018-04-18,sh.600008,4.9100,4.9300,4.7700,4.8500,4.8800,23659878,114563310.0000,3,0.490806,1,-0.614758,38.202030,2.893872,2.517910,20.180386,0
2018-04-19,sh.600008,4.8500,4.9700,4.8300,4.9400,4.8500,29872405,146669879.0000,3,0.619680,1,1.855673,38.910933,2.947573,2.564635,20.554867,0
2018-04-20,sh.600008,4.9400,4.9900,4.8600,4.9700,4.9400,39089458,192767993.0000,3,0.810881,1,0.607282,39.147234,2.965473,2.580209,20.679694,0
2018-04-23,sh.600008,4.9700,4.9800,4.8500,4.9400,4.9700,46216219,227307001.0000,3,0.958721,1,-0.603616,38.910933,2.947573,2.564635,20.554867,0
2018-04-24,sh.600008,4.9200,4.9700,4.8900,4.9600,4.9400,22937824,113278278.0000,3,0.475828,1,0.404858,39.068467,2.959506,2.575018,20.638085,0
2018-04-25,sh.600008,4.9400,4.9400,4.8900,4.9000,4.9600,18816452,92438684.0000,3,0.390333,1,-1.209676,38.595865,2.923706,2.543868,20.388431,0
2018-04-26,sh.600008,4.9100,4.9200,4.7500,4.9000,4.9000,31275425,151288259.0000,3,0.648785,1,0.000000,38.595865,2.923706,2.543868,20.388431,0
2018-04-27,sh.600008,4.8800,4.9300,4.8100,4.9200,4.9000,27705257,135449898.0000,3,0.574725,1,0.408163,39.975364,2.893765,2.462023,13.526009,0
2018-05-02,sh.600008,4.9200,4.9400,4.8600,4.8700,4.9200,11178937,54788979.0000,3,0.231899,1,-1.016264,39.569111,2.864356,2.437002,13.388550,0
2018-05-03,sh.600008,4.8700,4.8800,4.8000,4.8400,4.8700,14656983,70858865.0000,3,0.304048,1,-0.616011,39.325358,2.846712,2.421990,13.306074,0
2018-05-04,sh.600008,4.8400,4.8700,4.8200,4.8400,4.8400,7943598,38479698.0000,3,0.164784,1,0.000000,39.325358,2.846712,2.421990,13.306074,0
2018-05-07,sh.600008,4.8500,4.8800,4.8400,4.8800,4.8400,11360133,55255377.0000,3,0.235657,1,0.826446,39.650361,2.870238,2.442006,13.416042,0
2018-05-08,sh.600008,4.8900,4.9600,4.8600,4.9300,4.8800,18668732,91926255.0000,3,0.387269,1,1.024584,40.056615,2.899646,2.467027,13.553501,0
2018-05-09,sh.600008,4.9300,4.9600,4.9100,4.9500,4.9300,15838496,78151593.0000,3,0.328558,1,0.405679,40.219117,2.911410,2.477035,13.608485,0
2018-05-10,sh.600008,4.8800,4.8800,4.8400,4.8600,4.8700,13780404,66886648.0000,3,0.285864,1,-0.205334,39.487860,2.858475,2.431998,13.361058,0
2018-05-11,sh.600008,4.8600,4.8800,4.8100,4.8200,4.8600,13610586,65635342.0000,3,0.282341,1,-0.823044,39.162857,2.834948,2.411982,13.251090,0
2018-05-14,sh.600008,4.8200,4.8200,4.7700,4.7800,4.8200,10586119,50718854.0000,3,0.219601,1,-0.829875,38.837854,2.811422,2.391965,13.141123,0
2018-05-15,sh.600008,4.7800,4.8100,4.7800,4.8000,4.7800,9690589,46461991.0000,3,0.201024,1,0.418410,39.000355,2.823185,2.401973,13.196106,0
2018-05-16,sh.600008,4.8000,4.8400,4.7800,4.8300,4.8000,14459543,69671603.0000,3,0.299952,1,0.624994,39.244108,2.840830,2.416986,13.278582,0
2018-05-17,sh.600008,4.8400,4.8400,4.7600,4.7700,4.8300,12344331,59110107.0000,3,0.256074,1,-1.242235,38.756603,2.805540,2.386961,13.113631,0
2018-05-18,sh.600008,4.7700,4.8300,4.7500,4.8200,4.7700,13622908,65349808.0000,3,0.282597,1,1.048222,39.162857,2.834948,2.411982,13.251090,0
2018-05-21,sh.600008,4.8900,4.9200,4.8400,4.8500,4.8200,24778404,120894462.0000,3,0.514009,1,0.622401,39.406609,2.852593,2.426994,13.333566,0
2018-05-22,sh.600008,4.8600,4.9100,4.8400,4.9000,4.8500,29692543,144922821.0000,3,0.615949,1,1.030932,39.812863,2.882001,2.452014,13.471025,0
2018-05-23,sh.600008,4.8900,4.8900,4.8200,4.8400,4.9000,17754088,85923130.0000,3,0.368295,1,-1.224489,39.325358,2.846712,2.421990,13.306074,0
2018-05-24,sh.600008,4.8300,4.8400,4.7700,4.7800,4.8400,13760264,66222582.0000,3,0.285446,1,-1.239668,38.837854,2.811422,2.391965,13.141123,0
2018-05-25,sh.600008,4.7600,4.8400,4.7600,4.8200,4.7800,14629096,70281855.0000,3,0.303470,1,0.836819,39.162857,2.834948,2.411982,13.251090,0
2018-05-28,sh.600008,4.8200,4.8400,4.7500,4.7600,4.8200,14070302,67195688.0000,3,0.291878,1,-1.244812,38.675352,2.799658,2.381957,13.086139,0
2018-05-29,sh.600008,4.7500,4.7900,4.7000,4.7800,4.7600,23714353,112606623.0000,3,0.491936,1,0.420168,38.837854,2.811422,2.391965,13.141123,0
2018-05-30,sh.600008,4.7400,4.7400,4.5200,4.5400,4.7800,20968278,97180065.0000,3,0.434971,1,-5.020926,36.887836,2.670262,2.271866,12.481317,0
2018-05-31,sh.600008,4.5500,4.6100,4.5300,4.5600,4.5400,14730665,67246834.0000,3,0.305577,1,0.440528,37.050338,2.682026,2.281875,12.536301,0
2018-06-01,sh.600008,4.5800,4.5800,4.4400,4.4700,4.5600,13073624,59002634.0000,3,0.271202,1,-1.973688,36.319081,2.629091,2.236838,12.288874,0
2018-06-04,sh.600008,4.4800,4.5000,4.4400,4.4600,4.4700,9348701,41737624.0000,3,0.193932,1,-0.223708,36.237830,2.623209,2.231834,12.261382,0
2018-06-05,sh.600008,4.4700,4.4900,4.4400,4.4900,4.4600,11048401,49314575.0000,3,0.229191,1,0.672640,36.481582,2.640854,2.246846,12.343858,0
2018-06-06,sh.600008,4.4800,4.4800,4.4500,4.4600,4.4900,8776620,39160030.0000,3,0.182064,1,-0.668145,36.237830,2.623209,2.231834,12.261382,0
2018-06-07,sh.600008,4.4800,4.4900,4.4100,4.4100,4.4600,9833371,43724934.0000,3,0.203986,1,-1.121081,35.831577,2.593801,2.206813,12.123923,0
2018-06-08,sh.600008,4.4000,4.4000,4.2400,4.3200,4.4100,22137365,95074168.0000,3,0.459223,1,-2.040809,35.100320,2.540867,2.161776,11.876496,0
2018-06-11,sh.600008,4.3000,4.3000,4.2600,4.2900,4.3200,9033401,38669338.0000,3,0.187391,1,-0.694449,34.856568,2.523222,2.146764,11.794020,0
2018-06-12,sh.600008,4.3000,4.3300,4.2800,4.3100,4.2900,9461921,40776201.0000,3,0.196280,1,0.466200,35.019069,2.534985,2.156772,11.849004,0
2018-06-13,sh.600008,4.3100,4.3200,4.2100,4.3100,4.3100,16328342,69641563.0000,3,0.338719,1,0.000000,35.019069,2.534985,2.156772,11.849004,0
2018-06-14,sh.600008,4.2700,4.3200,4.2600,4.3200,4.3100,11425165,49063793.0000,3,0.237006,1,0.232024,35.100320,2.540867,2.161776,11.876496,0
2018-06-15,sh.600008,4.3200,4.3500,4.2500,4.3500,4.3200,17775256,76695998.0000,3,0.368734,1,0.694438,35.344072,2.558511,2.176788,11.958971,0
2018-06-19,sh.600008,4.3000,4.4800,4.2600,4.4300,4.3500,77298397,337508406.0000,3,1.603497,1,1.839079,35.994078,2.605564,2.216821,12.178907,0
2018-06-20,sh.600008,4.3800,4.4100,4.3200,4.3900,4.4300,19822847,86589405.0000,3,0.411210,1,-0.902934,35.669075,2.582038,2.196805,12.068939,0
2018-06-21,sh.600008,4.3700,4.4200,4.2300,4.2900,4.3900,19722941,85738079.0000,3,0.409138,1,-2.277902,34.856568,2.523222,2.146764,11.794020,0
2018-06-22,sh.600008,4.2600,4.3100,4.2100,4.3000,4.2900,10175855,43572371.0000,3,0.211090,1,0.233106,34.937818,2.529103,2.151768,11.821512,0
2018-06-25,sh.600008,4.3600,4.3600,4.2700,4.2800,4.3000,10179018,43917988.0000,3,0.211156,1,-0.465116,34.775317,2.517340,2.141760,11.766528,0
2018-06-26,sh.600008,4.2600,4.3000,4.2300,4.2800,4.2800,8799914,37555789.0000,3,0.182548,1,0.000000,34.775317,2.517340,2.141760,11.766528,0
2018-06-27,sh.600008,4.2900,4.3100,4.2500,4.3000,4.2800,9673945,41421439.0000,3,0.200679,1,0.467289,34.937818,2.529103,2.151768,11.821512,0
2018-06-28,sh.600008,4.2900,4.3100,4.1500,4.1700,4.3000,14266152,60667539.0000,3,0.295941,1,-3.023258,33.881559,2.452642,2.086714,11.464117,0
2018-06-29,sh.600008,4.1800,4.2300,4.0600,4.2200,4.1700,19462964,81065071.0000,3,0.403744,1,1.199034,34.287812,2.482050,2.111735,11.601577,0
2018-07-02,sh.600008,4.2100,4.2200,4.0900,4.1500,4.2200,12457456,51752751.0000,3,0.258421,1,-1.658761,33.719057,2.440879,2.076706,11.409134,0
2018-07-03,sh.600008,4.1700,4.2000,4.1300,4.1800,4.1500,12158566,50751406.0000,3,0.252220,1,0.722885,33.962810,2.458524,2.091718,11.491609,0
2018-07-04,sh.600008,4.1800,4.1900,4.1100,4.1800,4.1800,12621613,52409409.0000,3,0.261826,1,0.000000,33.962810,2.458524,2.091718,11.491609,0
2018-07-05,sh.600008,4.1800,4.2200,4.1300,4.1900,4.1800,17956436,75097336.0000,3,0.372493,1,0.239240,34.044060,2.464405,2.096723,11.519101,0
2018-07-06,sh.600008,4.1800,4.2000,4.1000,4.1800,4.1900,13370113,55594438.0000,3,0.277353,1,-0.238669,33.962810,2.458524,2.091718,11.491609,0
2018-07-09,sh.600008,4.2000,4.2300,4.1800,4.2100,4.1800,12461261,52399204.0000,3,0.258499,1,0.717708,34.206562,2.476169,2.106731,11.574085,0
2018-07-10,sh.600008,4.2200,4.2500,4.1800,4.2200,4.2100,11830708,49840249.0000,3,0.245419,1,0.237524,34.287812,2.482050,2.111735,11.601577,0
2018-07-11,sh.600008,4.1800,4.1800,4.1000,4.1100,4.2200,11265176,46553974.0000,3,0.233688,1,-2.606627,33.394054,2.417352,2.056690,11.299166,0
2018-07-12,sh.600008,4.0800,4.2800,4.0800,4.2200,4.1100,23547457,98765988.0000,3,0.488474,1,2.676391,34.287812,2.482050,2.111735,11.601577,0
2018-07-13,sh.600008,4.2000,4.2200,4.1700,4.1800,4.2200,9868228,41294753.0000,3,0.204709,1,-0.947866,33.962810,2.458524,2.091718,11.491609,0
2018-07-16,sh.600008,4.1900,4.1900,4.1400,4.1600,4.1800,6216394,25841652.0000,3,0.128954,1,-0.478469,33.800308,2.446760,2.081710,11.436626,0
2018-07-17,sh.600008,4.1500,4.1600,4.1200,4.1500,4.1600,7076085,29265535.0000,3,0.146788,1,-0.240379,33.719057,2.440879,2.076706,11.409134,0
2018-07-18,sh.600008,4.1600,4.2100,4.1400,4.1500,4.1500,13162600,54994895.0000,3,0.273048,1,0.000000,33.719057,2.440879,2.076706,11.409134,0
2018-07-19,sh.600008,4.1500,4.1700,4.1200,4.1200,4.1500,7532400,31153010.0000,3,0.156254,1,-0.722897,33.475305,2.423234,2.061694,11.326658,0
2018-07-20,sh.600008,4.1100,4.1700,4.1000,4.1500,4.1200,8017804,33190275.0000,3,0.166323,1,0.728160,33.719057,2.440879,2.076706,11.409134,0
2018-07-23,sh.600008,4.1700,4.2200,4.1300,4.1900,4.1500,16497750,68906979.0000,3,0.342233,1,0.963854,34.044060,2.464405,2.096723,11.519101,0
2018-07-24,sh.600008,4.1800,4.3300,4.1700,4.3000,4.1900,33385042,142765026.0000,3,0.692547,1,2.625301,34.937818,2.529103,2.151768,11.821512,0
2018-07-25,sh.600008,4.3200,4.3300,4.2500,4.2700,4.3000,16794498,71738964.0000,3,0.348389,1,-0.697679,34.694066,2.511458,2.136755,11.739036,0
2018-07-26,sh.600008,4.2600,4.4100,4.2500,4.3400,4.2700,35906903,155951857.0000,3,0.744862,1,1.639348,35.262821,2.552630,2.171784,11.931480,0
2018-07-27,sh.600008,4.3200,4.3300,4.2600,4.2700,4.3400,17181509,73772999.0000,3,0.356417,1,-1.612907,34.694066,2.511458,2.136755,11.739036,0
2018-07-30,sh.600008,4.2600,4.3000,4.2000,4.2300,4.2700,15301410,64829567.0000,3,0.317416,1,-0.936767,34.369063,2.487932,2.116739,11.629069,0
2018-07-31,sh.600008,4.2300,4.2500,4.2100,4.2400,4.2300,7998167,33843048.0000,3,0.165916,1,0.236401,34.450314,2.493813,2.121743,11.656561,0
2018-08-01,sh.600008,4.2500,4.2700,4.1500,4.1600,4.2400,12417800,52328865.0000,3,0.257598,1,-1.886791,33.800308,2.446760,2.081710,11.436626,0
2018-08-02,sh.600008,4.1500,4.1800,4.0000,4.0500,4.1600,18380423,74898682.0000,3,0.381288,1,-2.644222,32.906550,2.382062,2.026665,11.134215,0
2018-08-03,sh.600008,4.0500,4.0800,3.9900,4.0100,4.0500,8279288,33498505.0000,3,0.171748,1,-0.987653,32.581547,2.358536,2.006649,11.024247,0
2018-08-06,sh.600008,4.0100,4.0300,3.9600,3.9800,4.0100,9233900,36901881.0000,3,0.191550,1,-0.748135,32.337795,2.340891,1.991636,10.941772,0
2018-08-07,sh.600008,3.9800,4.0600,3.9800,4.0600,3.9800,8846647,35645091.0000,3,0.183517,1,2.010048,32.987801,2.387944,2.031669,11.161707,0
2018-08-08,sh.600008,4.0500,4.1400,4.0300,4.0600,4.0600,15034904,61503347.0000,3,0.311888,1,0.000000,32.987801,2.387944,2.031669,11.161707,0
2018-08-09,sh.600008,4.0300,4.1100,4.0300,4.0900,4.0600,12259500,50072751.0000,3,0.254314,1,0.738922,33.231553,2.405589,2.046681,11.244182,0
2018-08-10,sh.600008,4.0800,4.1100,4.0600,4.0900,4.0900,7335255,29928473.0000,3,0.152164,1,0.000000,33.231553,2.405589,2.046681,11.244182,0
2018-08-13,sh.600008,4.0400,4.0800,4.0200,4.0600,4.0900,7664807,30985120.0000,3,0.159001,1,-0.733501,32.987801,2.387944,2.031669,11.161707,0
2018-08-14,sh.600008,4.0300,4.0700,4.0300,4.0500,4.0600,6898504,27928377.0000,3,0.143104,1,-0.246299,32.906550,2.382062,2.026665,11.134215,0
2018-08-15,sh.600008,4.0600,4.1100,4.0400,4.0400,4.0500,12956500,52724369.0000,3,0.268773,1,-0.246919,32.825299,2.376181,2.021661,11.106723,0
2018-08-16,sh.600008,4.0200,4.0200,3.9400,3.9700,4.0400,11497145,45798011.0000,3,0.238500,1,-1.732672,32.256544,2.335009,1.986632,10.914280,0
2018-08-17,sh.600008,3.9900,4.0400,3.9000,3.9200,3.9700,9800302,38781265.0000,3,0.203300,1,-1.259445,31.850290,2.305601,1.961612,10.776820,0
2018-08-20,sh.600008,3.9100,3.9400,3.8600,3.9200,3.9200,8906970,34719142.0000,3,0.184768,1,0.000000,31.850290,2.305601,1.961612,10.776820,0
2018-08-21,sh.600008,3.9300,3.9600,3.9100,3.9400,3.9200,7115467,28027925.0000,3,0.147605,1,0.510204,32.012792,2.317364,1.971620,10.831804,0
2018-08-22,sh.600008,3.9400,3.9400,3.8800,3.8900,3.9400,6561123,25597267.0000,3,0.136106,1,-1.269034,31.606538,2.287956,1.946599,10.694345,0
2018-08-23,sh.600008,3.8900,3.9100,3.8700,3.8900,3.8900,5672235,22091122.0000,3,0.117666,1,0.000000,31.606538,2.287956,1.946599,10.694345,0
2018-08-24,sh.600008,3.8900,3.9000,3.8500,3.8800,3.8900,5864038,22737341.0000,3,0.121645,1,-0.257069,31.525287,2.282075,1.941595,10.666853,0
2018-08-27,sh.600008,3.9000,3.9800,3.9000,3.9600,3.8800,12448611,49043348.0000,3,0.258237,1,2.061854,32.175293,2.329128,1.981628,10.886788,0
2018-08-28,sh.600008,3.9500,3.9800,3.9300,3.9400,3.9600,8248933,32591282.0000,3,0.171118,1,-0.505050,32.012792,2.317364,1.971620,10.831804,0
2018-08-29,sh.600008,3.9600,4.0000,3.9500,3.9700,3.9400,11379393,45214903.0000,3,0.236057,1,0.761421,32.256544,2.335009,1.986632,10.914280,0
2018-08-30,sh.600008,3.9700,3.9800,3.8900,3.9000,3.9700,9096018,35646151.0000,3,0.188690,1,-1.763223,31.687789,2.293838,1.951603,10.721836,0
2018-08-31,sh.600008,3.9000,3.9500,3.8700,3.9500,3.9000,10682000,41785092.0000,3,0.221590,1,1.282050,33.874233,2.289307,1.964756,9.060924,0
2018-09-03,sh.600008,3.9200,3.9300,3.8600,3.9000,3.9500,6919708,26917871.0000,3,0.143544,1,-1.265822,33.445445,2.260328,1.939886,8.946229,0
2018-09-04,sh.600008,3.8900,3.9400,3.8800,3.9200,3.9000,6938172,27182648.0000,3,0.143927,1,0.512820,33.616960,2.271920,1.949834,8.992107,0
2018-09-05,sh.600008,3.9200,3.9300,3.8700,3.8800,3.9200,5215800,20332967.0000,3,0.108198,1,-1.020407,33.273930,2.248737,1.929938,8.900351,0
2018-09-06,sh.600008,3.9100,3.9200,3.8700,3.8800,3.8800,6711662,26176290.0000,3,0.139228,1,0.000000,33.273930,2.248737,1.929938,8.900351,0
2018-09-07,sh.600008,3.9000,3.9100,3.8700,3.8900,3.8800,5492529,21370039.0000,3,0.113938,1,0.257732,33.359688,2.254532,1.934912,8.923290,0
2018-09-10,sh.600008,3.8900,3.9000,3.8400,3.8400,3.8900,5815000,22452959.0000,3,0.120628,1,-1.285352,32.930900,2.225554,1.910041,8.808594,0
2018-09-11,sh.600008,3.8400,3.8800,3.8300,3.8400,3.8400,5715413,21977324.0000,3,0.118562,1,0.000000,32.930900,2.225554,1.910041,8.808594,0
2018-09-12,sh.600008,3.8500,3.8700,3.8200,3.8400,3.8400,5391202,20726632.0000,3,0.111836,1,0.000000,32.930900,2.225554,1.910041,8.808594,0
2018-09-13,sh.600008,3.8600,3.8700,3.8300,3.8600,3.8400,5891500,22671849.0000,3,0.122215,1,0.520833,33.102415,2.237145,1.919990,8.854472,0
2018-09-14,sh.600008,3.8700,3.9400,3.8400,3.8700,3.8600,12496246,48600024.0000,3,0.259225,1,0.259067,33.188173,2.242941,1.924964,8.877411,0
2018-09-17,sh.600008,3.8600,3.8600,3.7600,3.7600,3.8700,11780935,44747330.0000,3,0.244387,1,-2.842375,32.244840,2.179188,1.870249,8.625082,0
2018-09-18,sh.600008,3.7400,3.8000,3.7400,3.7900,3.7600,9220000,34780914.0000,3,0.191262,1,0.797872,32.502112,2.196575,1.885171,8.693899,0
2018-09-19,sh.600008,3.7900,3.8400,3.7800,3.8200,3.7900,9863806,37595258.0000,3,0.204617,1,0.791556,32.759385,2.213962,1.900093,8.762716,0
2018-09-20,sh.600008,3.8300,3.8300,3.7800,3.7900,3.8200,8236304,31344298.0000,3,0.170856,1,-0.785340,32.502112,2.196575,1.885171,8.693899,0
2018-09-21,sh.600008,3.8000,3.8800,3.7900,3.8700,3.7900,14348427,55050731.0000,3,0.297647,1,2.110816,33.188173,2.242941,1.924964,8.877411,0
2018-09-25,sh.600008,3.8500,3.8500,3.8100,3.8300,3.8700,7090944,27166046.0000,3,0.147096,1,-1.033591,32.845142,2.219758,1.905067,8.785655,0
2018-09-26,sh.600008,3.8300,3.8600,3.8100,3.8300,3.8300,10046700,38521872.0000,3,0.208411,1,0.000000,32.845142,2.219758,1.905067,8.785655,0
2018-09-27,sh.600008,3.8400,3.8400,3.7700,3.7700,3.8300,10176998,38634737.0000,3,0.211114,1,-1.566578,32.330597,2.184984,1.875223,8.648021,0
2018-09-28,sh.600008,3.7700,3.8000,3.7600,3.7900,3.7700,7739475,29321952.0000,3,0.160550,1,0.530504,32.502112,2.196575,1.885171,8.693899,0
2018-10-08,sh.600008,3.7600,3.7600,3.6400,3.7100,3.7900,15506942,57528384.0000,3,0.321680,1,-2.110816,31.816052,2.150210,1.845379,8.510387,0
2018-10-09,sh.600008,3.7000,3.7300,3.6800,3.6900,3.7100,5515025,20410653.0000,3,0.114405,1,-0.539083,31.644537,2.138618,1.835430,8.464509,0
2018-10-10,sh.600008,3.7000,3.7500,3.7000,3.7200,3.6900,5732600,21324567.0000,3,0.118918,1,0.813007,31.901809,2.156005,1.850353,8.533326,0
2018-10-11,sh.600008,3.6300,3.6300,3.3500,3.3500,3.7200,29378800,101209221.0000,3,0.609441,1,-9.946239,28.728780,1.941564,1.666312,7.684581,0
2018-10-12,sh.600008,3.3200,3.3200,3.0700,3.2000,3.3500,25772123,82120772.0000,3,0.534623,1,-4.477608,27.442417,1.854628,1.591701,7.340495,0
2018-10-15,sh.600008,3.2300,3.2400,3.1000,3.1100,3.2000,11603422,36731792.0000,3,0.240704,1,-2.812505,26.670599,1.802467,1.546935,7.134044,0
2018-10-16,sh.600008,3.1000,3.1400,3.0400,3.0600,3.1100,12643365,39014793.0000,3,0.262277,1,-1.607715,26.241811,1.773488,1.522064,7.019349,0
2018-10-17,sh.600008,3.0900,3.1300,3.0500,3.0900,3.0600,8286147,25608768.0000,3,0.171890,1,0.980391,26.499084,1.790875,1.536986,7.088166,0
2018-10-18,sh.600008,3.0700,3.0900,3.0100,3.0200,3.0900,9248687,28179681.0000,3,0.191857,1,-2.265370,25.898781,1.750305,1.502168,6.927592,0
2018-10-19,sh.600008,3.0000,3.0800,2.9800,3.0800,3.0200,10892832,33209810.0000,3,0.225964,1,1.986753,26.413326,1.785080,1.532012,7.065227,0
2018-10-22,sh.600008,3.0900,3.2600,3.0800,3.2200,3.0800,21804576,69690996.0000,3,0.452319,1,4.545458,27.613932,1.866220,1.601649,7.386373,0
2018-10-23,sh.600008,3.2200,3.2600,3.1500,3.1700,3.2200,14115918,45352252.0000,3,0.292824,1,-1.552794,27.185144,1.837241,1.576779,7.271678,0
2018-10-24,sh.600008,3.1600,3.2300,3.1500,3.1800,3.1700,10110198,32251199.0000,3,0.209728,1,0.315457,27.270902,1.843037,1.581753,7.294617,0
2018-10-25,sh.600008,3.1100,3.1900,3.0500,3.1800,3.1800,10420963,32558710.0000,3,0.216175,1,0.000000,27.270902,1.843037,1.581753,7.294617,0
2018-10-26,sh.600008,3.2000,3.2400,3.1800,3.1900,3.1800,9354700,30045746.0000,3,0.194056,1,0.314465,27.356659,1.848833,1.586727,7.317556,0
2018-10-29,sh.600008,3.1900,3.2300,3.1500,3.1700,3.1900,8088895,25828202.0000,3,0.167798,1,-0.626959,27.185144,1.837241,1.576779,7.271678,0
2018-10-30,sh.600008,3.1800,3.2100,3.1400,3.1900,3.1700,11815191,37641404.0000,3,0.245097,1,0.630914,27.356659,1.848833,1.586727,7.317556,0
2018-10-31,sh.600008,3.2000,3.2500,3.1900,3.2300,3.1900,13812719,44559685.0000,3,0.286534,1,1.253917,25.191635,1.849702,1.471904,6.141553,0
2018-11-01,sh.600008,3.2500,3.3000,3.2300,3.2300,3.2300,18121856,59236140.0000,3,0.375924,1,0.000000,25.191635,1.849702,1.471904,6.141553,0
2018-11-02,sh.600008,3.2800,3.3200,3.2600,3.3200,3.2300,20501975,67496493.0000,3,0.425298,1,2.786375,25.893569,1.901242,1.512917,6.312680,0
2018-11-05,sh.600008,3.3200,3.4100,3.3000,3.3800,3.3200,20136762,67735100.0000,3,0.417722,1,1.807234,26.361525,1.935602,1.540259,6.426765,0
2018-11-06,sh.600008,3.3700,3.3800,3.3200,3.3800,3.3800,12555012,42086612.0000,3,0.260444,1,0.000000,26.361525,1.935602,1.540259,6.426765,0
2018-11-07,sh.600008,3.3800,3.3900,3.3400,3.3500,3.3800,9987288,33570898.0000,3,0.207179,1,-0.887580,26.127547,1.918422,1.526588,6.369722,0
2018-11-08,sh.600008,3.3700,3.3800,3.3100,3.3100,3.3500,11124621,37060427.0000,3,0.230772,1,-1.194029,25.815576,1.895515,1.508360,6.293666,0
2018-11-09,sh.600008,3.3100,3.3300,3.2900,3.2900,3.3100,9850011,32543892.0000,3,0.204331,1,-0.604229,25.659591,1.884062,1.499246,6.255638,0
2018-11-12,sh.600008,3.3100,3.4000,3.3000,3.4000,3.2900,17782679,59932213.0000,3,0.368888,1,3.343469,26.517510,1.947055,1.549373,6.464793,0
2018-11-13,sh.600008,3.3900,3.5300,3.3600,3.5200,3.4000,29993879,104480331.0000,3,0.622200,1,3.529408,27.453422,2.015775,1.604056,6.692962,0
2018-11-14,sh.600008,3.5000,3.5800,3.4800,3.5000,3.5200,25801589,91075802.0000,3,0.535234,1,-0.568181,27.297437,2.004321,1.594942,6.654934,0
2018-11-15,sh.600008,3.5100,3.5300,3.4800,3.5300,3.5000,19347304,67845301.0000,3,0.401345,1,0.857142,27.531415,2.021501,1.608613,6.711976,0
2018-11-16,sh.600008,3.5300,3.5500,3.4900,3.5300,3.5300,18485802,65178167.0000,3,0.383474,1,0.000000,32.470642,2.384165,1.897204,7.916127,0
2018-11-19,sh.600008,3.5300,3.8800,3.4900,3.8800,3.5300,75193546,279775805.0000,3,1.559833,1,9.915018,35.690111,2.620556,2.085312,8.701012,0
2018-11-20,sh.600008,3.8800,4.0500,3.7200,3.7300,3.8800,98373983,382890728.0000,3,2.040694,1,-3.865982,34.310338,2.519245,2.004694,8.364632,0
2018-11-21,sh.600008,3.6300,3.7900,3.5800,3.7100,3.7300,39942014,147210970.0000,3,0.828567,1,-0.536192,34.126369,2.505737,1.993945,8.319782,0
2018-11-22,sh.600008,3.7000,3.7400,3.6200,3.6300,3.7100,20104265,73949585.0000,3,0.417048,1,-2.156332,33.390490,2.451705,1.950949,8.140380,0
2018-11-23,sh.600008,3.6600,3.7200,3.5100,3.5100,3.6300,30695457,111084991.0000,3,0.636754,1,-3.305788,32.286672,2.370657,1.886455,7.871276,0
2018-11-26,sh.600008,3.5200,3.6800,3.5200,3.5700,3.5100,28010210,100873881.0000,3,0.581051,1,1.709400,32.838581,2.411181,1.918702,8.005828,0
2018-11-27,sh.600008,3.6200,3.6300,3.5000,3.5300,3.5700,19976257,71146477.0000,3,0.414392,1,-1.120447,32.470642,2.384165,1.897204,7.916127,0
2018-11-28,sh.600008,3.5300,3.5600,3.4100,3.5400,3.5300,19138810,67059898.0000,3,0.397020,1,0.283286,32.562627,2.390919,1.902578,7.938552,0
2018-11-29,sh.600008,3.5600,3.5800,3.4400,3.4500,3.5400,15972482,56020484.0000,3,0.331337,1,-2.542371,31.734763,2.330133,1.854208,7.736724,0
2018-11-30,sh.600008,3.4300,3.4600,3.3800,3.4500,3.4500,13983320,47807709.0000,3,0.290073,1,0.000000,31.734763,2.330133,1.854208,7.736724,0
2018-12-03,sh.600008,3.5400,3.5600,3.4900,3.5500,3.4500,20992994,74206447.0000,3,0.435484,1,2.898548,32.654611,2.397673,1.907953,7.960977,0
2018-12-04,sh.600008,3.5400,3.6700,3.5200,3.6500,3.5500,31161390,112547242.0000,3,0.646420,1,2.816905,33.574460,2.465213,1.961698,8.185230,0
2018-12-05,sh.600008,3.5700,3.7500,3.5400,3.7000,3.6500,42266285,154865868.0000,3,0.876782,1,1.369862,34.034384,2.498983,1.988571,8.297357,0
2018-12-06,sh.600008,3.6700,3.7200,3.5900,3.5900,3.7000,28481186,103704897.0000,3,0.590821,1,-2.972976,33.022551,2.424689,1.929451,8.050678,0
2018-12-07,sh.600008,3.5900,3.7600,3.5900,3.7500,3.5900,46963227,173483680.0000,3,0.974217,1,4.456827,34.494308,2.532753,2.015443,8.409483,0
2018-12-10,sh.600008,3.6800,3.7100,3.6100,3.6400,3.7500,27135425,99118710.0000,3,0.562904,1,-2.933331,33.482475,2.458459,1.956324,8.162805,0
2018-12-11,sh.600008,3.6300,3.6600,3.5700,3.6000,3.6400,18982543,68497030.0000,3,0.393779,1,-1.098907,33.114536,2.431443,1.934826,8.073104,0
2018-12-12,sh.600008,3.6300,3.6600,3.6000,3.6100,3.6000,19485829,70560247.0000,3,0.404219,1,0.277778,33.206520,2.438197,1.940200,8.095529,0
2018-12-13,sh.600008,3.6300,3.7000,3.5700,3.6500,3.6100,29877729,108846533.0000,3,0.619791,1,1.108039,33.574460,2.465213,1.961698,8.185230,0
2018-12-14,sh.600008,3.6800,3.8500,3.6500,3.6500,3.6500,67580268,252769606.0000,3,1.401902,1,0.000000,33.574460,2.465213,1.961698,8.185230,0
2018-12-17,sh.600008,3.6400,3.7400,3.5600,3.7200,3.6500,40326625,147457183.0000,3,0.836545,1,1.917806,34.218353,2.512491,1.999320,8.342207,0
2018-12-18,sh.600008,3.7000,3.7000,3.5700,3.5900,3.7200,31236526,113115779.0000,3,0.647978,1,-3.494627,33.022551,2.424689,1.929451,8.050678,0
2018-12-19,sh.600008,3.6200,3.6300,3.5000,3.5000,3.5900,17872619,63320534.0000,3,0.370754,1,-2.506962,32.194687,2.363903,1.881080,7.848851,0
2018-12-20,sh.600008,3.4800,3.5500,3.4600,3.5000,3.5000,13340255,46849111.0000,3,0.276734,1,0.000000,32.194687,2.363903,1.881080,7.848851,0
2018-12-21,sh.600008,3.5000,3.5100,3.4300,3.5000,3.5000,12239505,42504235.0000,3,0.253899,1,0.000000,32.194687,2.363903,1.881080,7.848851,0
2018-12-24,sh.600008,3.5000,3.5300,3.4700,3.5200,3.5000,10279945,36025532.0000,3,0.213250,1,0.571428,32.378657,2.377411,1.891829,7.893701,0
2018-12-25,sh.600008,3.4900,3.4900,3.3300,3.4300,3.5200,17516981,59624279.0000,3,0.363377,1,-2.556816,31.550794,2.316625,1.843459,7.691874,0
2018-12-26,sh.600008,3.4400,3.5100,3.4100,3.4600,3.4300,12101038,41961938.0000,3,0.251027,1,0.874635,31.826748,2.336887,1.859582,7.759150,0
2018-12-27,sh.600008,3.5200,3.5300,3.4100,3.4200,3.4600,12768015,44166250.0000,3,0.264863,1,-1.156068,31.458809,2.309871,1.838084,7.669448,0
2018-12-28,sh.600008,3.4400,3.4500,3.4000,3.4300,3.4200,10851920,37149044.0000,3,0.225115,1,0.292397,31.550794,2.316625,1.843459,7.691874,0
2019-01-02,sh.600008,3.4900,3.5300,3.4100,3.4300,3.4300,16549705,57306800.0000,3,0.343311,1,0.000000,31.550794,2.316625,1.843459,7.691874,0
2019-01-03,sh.600008,3.4500,3.4600,3.3500,3.3700,3.4300,15516423,52727998.0000,3,0.321876,1,-1.749276,30.998885,2.276101,1.811212,7.557322,0
2019-01-04,sh.600008,3.3400,3.4300,3.3200,3.4300,3.3700,16063455,54470768.0000,3,0.333224,1,1.780421,31.550794,2.316625,1.843459,7.691874,0
2019-01-07,sh.600008,3.4600,3.5200,3.4400,3.4900,3.4300,16925583,58978705.0000,3,0.351108,1,1.749269,32.102703,2.357149,1.875706,7.826426,0
2019-01-08,sh.600008,3.4800,3.4900,3.4400,3.4500,3.4900,10497523,36338647.0000,3,0.217763,1,-1.146131,31.734763,2.330133,1.854208,7.736724,0
2019-01-09,sh.600008,3.4500,3.5000,3.4400,3.4400,3.4500,14563067,50610004.0000,3,0.302100,1,-0.289855,31.642778,2.323379,1.848833,7.714299,0
2019-01-10,sh.600008,3.4400,3.5200,3.4400,3.5000,3.4400,18163310,63315058.0000,3,0.376784,1,1.744184,32.194687,2.363903,1.881080,7.848851,0
2019-01-11,sh.600008,3.4900,3.5300,3.4500,3.5100,3.5000,18083881,63143522.0000,3,0.375136,1,0.285714,32.286672,2.370657,1.886455,7.871276,0
2019-01-14,sh.600008,3.5100,3.5200,3.4800,3.5000,3.5100,9101222,31805101.0000,3,0.188798,1,-0.284900,32.194687,2.363903,1.881080,7.848851,0
2019-01-15,sh.600008,3.4900,3.5700,3.4700,3.5500,3.5000,22841417,80518196.0000,3,0.473828,1,1.428570,32.654611,2.397673,1.907953,7.960977,0
2019-01-16,sh.600008,3.5400,3.6400,3.5000,3.5500,3.5500,31262516,111542496.0000,3,0.648517,1,0.000000,32.654611,2.397673,1.907953,7.960977,0
2019-01-17,sh.600008,3.5200,3.5400,3.4700,3.4800,3.5500,17403070,60866607.0000,3,0.361014,1,-1.971829,32.010718,2.350395,1.870331,7.804000,0
2019-01-18,sh.600008,3.4700,3.5300,3.4700,3.5000,3.4800,12658835,44301268.0000,3,0.262598,1,0.574712,32.194687,2.363903,1.881080,7.848851,0
2019-01-21,sh.600008,3.5300,3.5500,3.5000,3.5100,3.5000,10027074,35225974.0000,3,0.208004,1,0.285714,32.286672,2.370657,1.886455,7.871276,0
2019-01-22,sh.600008,3.5100,3.5100,3.4300,3.4400,3.5100,10727476,37190687.0000,3,0.222533,1,-1.994300,31.642778,2.323379,1.848833,7.714299,0
2019-01-23,sh.600008,3.4400,3.4700,3.4000,3.4200,3.4400,9408358,32250300.0000,3,0.195169,1,-0.581395,31.458809,2.309871,1.838084,7.669448,0
2019-01-24,sh.600008,3.4200,3.4500,3.4000,3.4200,3.4200,8829927,30259008.0000,3,0.183170,1,0.000000,31.458809,2.309871,1.838084,7.669448,0
2019-01-25,sh.600008,3.4700,3.5100,3.4400,3.4400,3.4200,13811275,47995457.0000,3,0.286504,1,0.584795,31.642778,2.323379,1.848833,7.714299,0
2019-01-28,sh.600008,3.4600,3.4700,3.4100,3.4200,3.4400,8913690,30659908.0000,3,0.184908,1,-0.581395,31.458809,2.309871,1.838084,7.669448,0
2019-01-29,sh.600008,3.4400,3.4400,3.3400,3.3700,3.4200,10973500,37058920.0000,3,0.227637,1,-1.461994,30.998885,2.276101,1.811212,7.557322,0
2019-01-30,sh.600008,3.3700,3.4000,3.3400,3.3500,3.3700,5937653,19998262.0000,3,0.123172,1,-0.593471,30.814915,2.262593,1.800463,7.512471,0
2019-01-31,sh.600008,3.3500,3.3800,3.3000,3.3200,3.3500,10752397,35839624.0000,3,0.223050,1,-0.895522,30.538961,2.242331,1.784339,7.445196,0
2019-02-01,sh.600008,3.3300,3.4000,3.3300,3.3900,3.3200,10618649,35785570.0000,3,0.220276,1,2.108439,31.182854,2.289609,1.821961,7.602173,0
2019-02-11,sh.600008,3.4100,3.4400,3.3900,3.4400,3.3900,11549502,39611826.0000,3,0.239586,1,1.474925,31.642778,2.323379,1.848833,7.714299,0
2019-02-12,sh.600008,3.4500,3.4900,3.4400,3.4800,3.4400,12785320,44307745.0000,3,0.265222,1,1.162790,32.010718,2.350395,1.870331,7.804000,0
2019-02-13,sh.600008,3.4900,3.5500,3.4600,3.5300,3.4800,26049141,91463390.0000,3,0.540370,1,1.436780,32.470642,2.384165,1.897204,7.916127,0
2019-02-14,sh.600008,3.5300,3.5700,3.5200,3.5500,3.5300,15202781,53863625.0000,3,0.315370,1,0.566572,32.654611,2.397673,1.907953,7.960977,0
2019-02-15,sh.600008,3.5400,3.5800,3.5200,3.5300,3.5500,17494180,62052123.0000,3,0.362904,1,-0.563380,32.470642,2.384165,1.897204,7.916127,0
2019-02-18,sh.600008,3.5300,3.6500,3.5300,3.6400,3.5300,28462249,102708365.0000,3,0.590428,1,3.116151,33.482475,2.458459,1.956324,8.162805,0
2019-02-19,sh.600008,3.6500,3.6900,3.6000,3.6300,3.6400,31093676,113051851.0000,3,0.645015,1,-0.274725,33.390490,2.451705,1.950949,8.140380,0
2019-02-20,sh.600008,3.6300,3.6500,3.5900,3.6300,3.6300,16244439,58835190.0000,3,0.336979,1,0.000000,33.390490,2.451705,1.950949,8.140380,0
2019-02-21,sh.600008,3.6300,3.6900,3.6000,3.6200,3.6300,30326016,110677843.0000,3,0.629090,1,-0.275488,33.298505,2.444951,1.945575,8.117954,0
2019-02-22,sh.600008,3.6200,3.6600,3.5800,3.6600,3.6200,29197396,106088907.0000,3,0.605678,1,1.104978,33.666445,2.471967,1.967073,8.207655,0
2019-02-25,sh.600008,3.6700,3.9500,3.6700,3.9200,3.6600,78114346,299574808.0000,3,1.620423,1,7.103825,36.058050,2.647572,2.106810,8.790713,0
2019-02-26,sh.600008,3.9300,4.0200,3.8600,3.9500,3.9200,75331500,297264440.0000,3,1.562695,1,0.765305,36.334004,2.667834,2.122934,8.857989,0
2019-02-27,sh.600008,3.9500,4.0700,3.9100,4.0000,3.9500,68243792,273141136.0000,3,1.415666,1,1.265822,36.793928,2.701604,2.149806,8.970115,0
2019-02-28,sh.600008,3.9900,4.0900,3.9400,4.0000,4.0000,44900527,179898220.0000,3,0.931428,1,0.000000,36.793928,2.701604,2.149806,8.970115,0
2019-03-01,sh.600008,4.0600,4.0600,3.9700,4.0200,4.0000,33963007,135990679.0000,3,0.704537,1,0.499999,36.977898,2.715112,2.160555,9.014966,0
2019-03-04,sh.600008,4.0100,4.1700,4.0000,4.1000,4.0200,80749346,331088372.0000,3,1.675084,1,1.990048,37.713777,2.769144,2.203551,9.194368,0
2019-03-05,sh.600008,4.0700,4.1400,4.0500,4.1300,4.1000,53374883,219184406.0000,3,1.107222,1,0.731712,37.989731,2.789406,2.219675,9.261644,0
2019-03-06,sh.600008,4.1200,4.2500,4.1100,4.2300,4.1300,75503906,315597214.0000,3,1.566272,1,2.421305,38.909579,2.856946,2.273420,9.485897,0
2019-03-07,sh.600008,4.2500,4.2800,4.1900,4.2300,4.2300,66683774,281914493.0000,3,1.383305,1,0.000000,38.909579,2.856946,2.273420,9.485897,0
2019-03-08,sh.600008,4.1600,4.1900,3.9100,3.9200,4.2300,67494865,275241331.0000,3,1.400130,1,-7.328604,36.058050,2.647572,2.106810,8.790713,0
2019-03-11,sh.600008,3.9300,4.3100,3.9200,4.3100,3.9200,130839898,554652036.0000,3,2.714175,1,9.948977,39.645458,2.910978,2.316416,9.665299,0
2019-03-12,sh.600008,4.3900,4.4200,4.1700,4.2300,4.3100,134462918,572337007.0000,3,2.789332,1,-1.856147,38.909579,2.856946,2.273420,9.485897,0
2019-03-13,sh.600008,4.2500,4.3400,4.1800,4.2100,4.2300,84036837,357497961.0000,3,1.743281,1,-0.472813,38.725610,2.843438,2.262671,9.441046,0
2019-03-14,sh.600008,4.1800,4.2000,4.0100,4.0700,4.2100,56327543,230059033.0000,3,1.168472,1,-3.325413,37.437822,2.748882,2.187428,9.127092,0
2019-03-15,sh.600008,4.0800,4.1700,4.0500,4.0900,4.0700,44499188,182860900.0000,3,0.923102,1,0.491400,37.621792,2.762390,2.198177,9.171943,0
2019-03-18,sh.600008,4.0900,4.1500,4.0600,4.1500,4.0900,34203383,140780476.0000,3,0.709523,1,1.466991,38.173701,2.802914,2.230424,9.306495,0
2019-03-19,sh.600008,4.1400,4.2100,4.1300,4.1600,4.1500,36816658,153220538.0000,3,0.763734,1,0.240958,38.265686,2.809668,2.235798,9.328920,0
2019-03-20,sh.600008,4.1600,4.1700,4.0500,4.1600,4.1600,34888387,143650825.0000,3,0.723733,1,0.000000,38.265686,2.809668,2.235798,9.328920,0
2019-03-21,sh.600008,4.1700,4.2800,4.1200,4.2400,4.1600,74256955,312897368.0000,3,1.540404,1,1.923075,39.001564,2.863700,2.278795,9.508322,0
2019-03-22,sh.600008,4.2100,4.3500,4.1400,4.2800,4.2400,78063315,332835785.0000,3,1.619365,1,0.943407,39.369503,2.890716,2.300293,9.598023,0
2019-03-25,sh.600008,4.2000,4.2600,4.1500,4.1600,4.2800,49746734,209052943.0000,3,1.031958,1,-2.803747,38.265686,2.809668,2.235798,9.328920,0
2019-03-26,sh.600008,4.1700,4.2000,4.0000,4.0200,4.1600,44977743,183757351.0000,3,0.933029,1,-3.365381,36.977898,2.715112,2.160555,9.014966,0
2019-03-27,sh.600008,4.1200,4.1600,4.0300,4.0800,4.0200,35202339,143692514.0000,3,0.730246,1,1.492536,37.529807,2.755636,2.192802,9.149517,0
2019-03-28,sh.600008,4.0100,4.1200,4.0100,4.0300,4.0800,28996933,117741694.0000,3,0.601519,1,-1.225483,37.069883,2.721866,2.165930,9.037391,0
2019-03-29,sh.600008,4.0400,4.1800,4.0000,4.1700,4.0300,52974642,217380278.0000,3,1.098919,1,3.473942,38.357670,2.816422,2.241173,9.351345,0
2019-04-01,sh.600008,4.2300,4.3000,4.1700,4.2500,4.1700,65703419,279154001.0000,3,1.362968,1,1.918463,33.587628,2.164166,1.939980,11.449084,0
2019-04-02,sh.600008,4.2900,4.3300,4.2400,4.2700,4.2500,58632240,250513677.0000,3,1.216282,1,0.470588,33.745688,2.174350,1.949109,11.502962,0
2019-04-03,sh.600008,4.2400,4.4000,4.2300,4.3800,4.2700,81285748,353216818.0000,3,1.686211,1,2.576116,34.615015,2.230364,1.999321,11.799292,0
2019-04-04,sh.600008,4.4000,4.4300,4.3000,4.3700,4.3800,58205837,253783913.0000,3,1.207436,1,-0.228316,34.535985,2.225272,1.994756,11.772353,0
2019-04-08,sh.600008,4.3800,4.4000,4.2300,4.2900,4.3700,51836814,223690347.0000,3,1.075316,1,-1.830662,33.903747,2.184534,1.958239,11.556840,0
2019-04-09,sh.600008,4.3100,4.3700,4.2600,4.3300,4.2900,35546661,153407704.0000,3,0.737389,1,0.932400,34.219866,2.204903,1.976497,11.664597,0
2019-04-10,sh.600008,4.3000,4.3100,4.2300,4.2700,4.3300,31700972,135457137.0000,3,0.657613,1,-1.385680,33.745688,2.174350,1.949109,11.502962,0
2019-04-11,sh.600008,4.2700,4.3100,4.2200,4.2400,4.2700,28809902,122830571.0000,3,0.597640,1,-0.702581,33.508599,2.159074,1.935415,11.422145,0
2019-04-12,sh.600008,4.2300,4.2700,4.2100,4.2400,4.2400,20810597,88235590.0000,3,0.431700,1,0.000000,33.508599,2.159074,1.935415,11.422145,0
2019-04-15,sh.600008,4.2800,4.3200,4.1800,4.1900,4.2400,30169015,128540271.0000,3,0.625833,1,-1.179239,33.113450,2.133613,1.912592,11.287450,0
2019-04-16,sh.600008,4.1900,4.2400,4.0900,4.2400,4.1900,31367495,130542068.0000,3,0.650695,1,1.193311,33.508599,2.159074,1.935415,11.422145,0
2019-04-17,sh.600008,4.2700,4.2800,4.2300,4.2700,4.2400,28980501,123457037.0000,3,0.601179,1,0.707552,33.745688,2.174350,1.949109,11.502962,0
2019-04-18,sh.600008,4.2800,4.3000,4.2400,4.2900,4.2700,24344371,103993278.0000,3,0.505006,1,0.468384,33.903747,2.184534,1.958239,11.556840,0
2019-04-19,sh.600008,4.2900,4.3000,4.2100,4.2900,4.2900,22592917,96331166.0000,3,0.468673,1,0.000000,33.903747,2.184534,1.958239,11.556840,0
2019-04-22,sh.600008,4.2900,4.3200,4.2200,4.2500,4.2900,22470493,95550355.0000,3,0.466133,1,-0.932400,33.587628,2.164166,1.939980,11.449084,0
2019-04-23,sh.600008,4.2500,4.2500,4.1100,4.1200,4.2500,26694236,111043122.0000,3,0.553752,1,-3.058826,32.560242,2.097968,1.880639,11.098877,0
2019-04-24,sh.600008,4.1200,4.1800,4.1200,4.1700,4.1200,17982286,74674682.0000,3,0.373029,1,1.213597,32.955391,2.123428,1.903463,11.233572,0
2019-04-25,sh.600008,4.1600,4.1800,4.0100,4.0200,4.1700,27474432,112565268.0000,3,0.569936,1,-3.597125,31.769945,2.047046,1.834993,10.829487,0
2019-04-26,sh.600008,4.0100,4.0800,4.0000,4.0300,4.0200,21376334,86391900.0000,3,0.443436,1,0.248762,31.848975,2.052138,1.839557,10.856426,0
2019-04-29,sh.600008,4.0200,4.0600,3.9000,3.9000,4.0300,26114833,103315060.0000,3,0.541732,1,-3.225809,30.821588,1.985940,1.780217,10.506219,0
2019-04-30,sh.600008,3.9000,3.9800,3.8900,3.9100,3.9000,18212260,71707722.0000,3,0.377800,1,0.256410,29.679089,1.973829,1.738587,46.296775,0
2019-05-06,sh.600008,3.9000,3.9000,3.5200,3.6500,3.9100,37239036,137240262.0000,3,0.772496,1,-6.649616,27.705544,1.842577,1.622977,43.218217,0
2019-05-07,sh.600008,3.6500,3.6900,3.5300,3.6200,3.6500,26031096,93922534.0000,3,0.539995,1,-0.821924,27.477827,1.827433,1.609638,42.862999,0
2019-05-08,sh.600008,3.5300,3.6000,3.5000,3.5400,3.6200,24146895,85822229.0000,3,0.500909,1,-2.209943,26.870582,1.787048,1.574066,41.915750,0
2019-05-09,sh.600008,3.5100,3.5500,3.4200,3.4400,3.5400,22067793,76764934.0000,3,0.457780,1,-2.824856,26.111526,1.736566,1.529601,40.731689,0
2019-05-10,sh.600008,3.4700,3.5200,3.4000,3.5200,3.4400,21885787,76198007.0000,3,0.454004,1,2.325579,26.718771,1.776951,1.565173,41.678938,0
2019-05-13,sh.600008,3.4700,3.5000,3.4500,3.4700,3.5200,18161397,63021748.0000,3,0.376744,1,-1.420453,26.339243,1.751711,1.542940,41.086907,0
2019-05-14,sh.600008,3.4500,3.5100,3.4300,3.4900,3.4700,17521877,61077291.0000,3,0.363478,1,0.576368,26.491054,1.761807,1.551833,41.323720,0
2019-05-15,sh.600008,3.5000,3.5700,3.5000,3.5700,3.4900,16797231,59540568.0000,3,0.348446,1,2.292261,27.098299,1.802192,1.587405,42.270968,0
2019-05-16,sh.600008,3.5700,3.5900,3.5400,3.5800,3.5700,12795110,45679431.0000,3,0.265425,1,0.280112,27.174204,1.807240,1.591852,42.389374,0
2019-05-17,sh.600008,3.5500,3.6000,3.4700,3.4800,3.5800,15287474,53918129.0000,3,0.317127,1,-2.793293,26.415148,1.756759,1.547387,41.205314,0
2019-05-20,sh.600008,3.5000,3.5200,3.4500,3.5100,3.4800,12684595,44150001.0000,3,0.263132,1,0.862068,26.642865,1.771903,1.560726,41.560532,0
2019-05-21,sh.600008,3.5200,3.5700,3.5000,3.5500,3.5100,16190864,57344195.0000,3,0.335867,1,1.139600,26.946488,1.792096,1.578512,42.034156,0
2019-05-22,sh.600008,3.5400,3.5500,3.5000,3.5300,3.5500,12705990,44705611.0000,3,0.263576,1,-0.563380,26.794676,1.782000,1.569619,41.797344,0
2019-05-23,sh.600008,3.4500,3.4600,3.3600,3.3700,3.4500,12977000,44112849.0000,3,0.269198,1,-2.318845,25.580187,1.701229,1.498475,39.902847,0
2019-05-24,sh.600008,3.3700,3.4200,3.3500,3.3900,3.3700,8001248,27129976.0000,3,0.165980,1,0.593478,25.731998,1.711325,1.507368,40.139659,0
2019-05-27,sh.600008,3.4100,3.4600,3.3900,3.4600,3.3900,11751333,40334118.0000,3,0.243773,1,2.064895,26.263337,1.746662,1.538494,40.968501,0
2019-05-28,sh.600008,3.4700,3.4800,3.4100,3.4400,3.4600,16075400,55479367.0000,3,0.333472,1,-0.578034,26.111526,1.736566,1.529601,40.731689,0
2019-05-29,sh.600008,3.4400,3.5200,3.4100,3.4700,3.4400,17052763,59246300.0000,3,0.353747,1,0.872092,26.339243,1.751711,1.542940,41.086907,0
2019-05-30,sh.600008,3.4400,3.4500,3.4000,3.4400,3.4700,13046437,44641583.0000,3,0.270638,1,-0.864552,26.111526,1.736566,1.529601,40.731689,0
2019-05-31,sh.600008,3.4500,3.4500,3.4000,3.4200,3.4400,9068481,31073390.0000,3,0.188119,1,-0.581395,25.959715,1.726470,1.520708,40.494877,0
2019-06-03,sh.600008,3.4200,3.4800,3.4200,3.4400,3.4200,13498978,46483121.0000,3,0.280026,1,0.584795,26.111526,1.736566,1.529601,40.731689,0
2019-06-04,sh.600008,3.4100,3.4400,3.3800,3.4200,3.4400,10558585,35946950.0000,3,0.219030,1,-0.581395,25.959715,1.726470,1.520708,40.494877,0
2019-06-05,sh.600008,3.4500,3.4600,3.4100,3.4100,3.4200,11352300,38940030.0000,3,0.235495,1,-0.292397,25.883809,1.721422,1.516261,40.376471,0
2019-06-06,sh.600008,3.4000,3.4200,3.3300,3.3300,3.4100,12490694,41807122.0000,3,0.259110,1,-2.346046,25.276564,1.681036,1.480689,39.429222,0
2019-06-10,sh.600008,3.3300,3.3600,3.2700,3.3200,3.3300,13497049,44729643.0000,3,0.279986,1,-0.300300,25.200659,1.675988,1.476243,39.310816,0
2019-06-11,sh.600008,3.2800,3.4300,3.2800,3.4200,3.3200,17897798,60467551.0000,3,0.371276,1,3.012053,25.959715,1.726470,1.520708,40.494877,0
2019-06-12,sh.600008,3.4200,3.4400,3.3800,3.4000,3.4200,13467971,45946267.0000,3,0.279383,1,-0.584795,25.807904,1.716373,1.511815,40.258065,0
2019-06-13,sh.600008,3.3900,3.4100,3.3600,3.3900,3.4000,12716757,43091227.0000,3,0.263800,1,-0.294117,25.731998,1.711325,1.507368,40.139659,0
2019-06-14,sh.600008,3.3900,3.4000,3.3000,3.3000,3.3900,21901364,73093341.0000,3,0.454327,1,-2.654872,25.048848,1.665892,1.467349,39.074004,0
2019-06-17,sh.600008,3.3100,3.3300,3.3000,3.3100,3.3000,9885461,32736018.0000,3,0.205066,1,0.303030,25.124753,1.670940,1.471796,39.192410,0
2019-06-18,sh.600008,3.2900,3.3200,3.2600,3.2900,3.3100,10530722,34603658.0000,3,0.218452,1,-0.604229,24.972942,1.660844,1.462903,38.955598,0
2019-06-19,sh.600008,3.3400,3.3800,3.3300,3.3600,3.2900,18775586,62952566.0000,3,0.389485,1,2.127658,25.504281,1.696181,1.494029,39.784441,0
2019-06-20,sh.600008,3.3700,3.6200,3.3700,3.5900,3.3600,70848709,249626304.0000,3,1.469703,1,6.845239,27.250110,1.812288,1.596298,42.507780,0
2019-06-21,sh.600008,3.6100,3.7500,3.5600,3.6200,3.5900,54132778,197268634.0000,3,1.122944,1,0.835654,27.477827,1.827433,1.609638,42.862999,0
2019-06-24,sh.600008,3.6300,3.6700,3.5700,3.6000,3.6200,28465134,102597928.0000,3,0.590488,1,-0.552486,27.326016,1.817337,1.600745,42.626186,0
2019-06-25,sh.600008,3.6000,3.6100,3.4800,3.5500,3.6000,27685897,97840666.0000,3,0.574323,1,-1.388888,26.946488,1.792096,1.578512,42.034156,0
2019-06-26,sh.600008,3.5200,3.5800,3.5100,3.5200,3.5500,14660078,51943112.0000,3,0.304112,1,-0.845070,26.718771,1.776951,1.565173,41.678938,0
2019-06-27,sh.600008,3.5300,3.6000,3.5200,3.5500,3.5200,19616081,69942562.0000,3,0.406921,1,0.852272,26.946488,1.792096,1.578512,42.034156,0
2019-06-28,sh.600008,3.5300,3.5600,3.4800,3.5200,3.5500,14882883,52265258.0000,3,0.308734,1,-0.845070,26.718771,1.776951,1.565173,41.678938,0
2019-07-01,sh.600008,3.6000,3.6300,3.5600,3.6200,3.5200,24891199,89699920.0000,3,0.516349,1,2.840906,27.477827,1.827433,1.609638,42.862999,0
2019-07-02,sh.600008,3.5900,3.6100,3.5600,3.5800,3.6200,18594796,66629026.0000,3,0.385735,1,-1.104971,27.174204,1.807240,1.591852,42.389374,0
2019-07-03,sh.600008,3.6000,3.9400,3.6000,3.9400,3.5800,52069648,202075045.0000,3,1.080146,1,10.055870,29.906806,1.988974,1.751926,46.651993,0
2019-07-04,sh.600008,4.0500,4.2000,3.9000,3.9200,3.9400,167649196,676527525.0000,3,3.477756,1,-0.507614,29.754995,1.978878,1.743033,46.415181,0
2019-07-05,sh.600008,3.8400,3.8700,3.7800,3.8300,3.9200,64720423,247388918.0000,3,1.342576,1,-2.295922,29.071844,1.933444,1.703015,45.349526,0
2019-07-08,sh.600008,3.7700,3.7900,3.6300,3.6400,3.8300,51321302,188638098.0000,3,1.064622,1,-4.960831,27.629638,1.837529,1.618531,43.099811,0
2019-07-09,sh.600008,3.6600,3.6800,3.5700,3.6300,3.6400,27653761,99766747.0000,3,0.573656,1,-0.274725,27.553732,1.832481,1.614084,42.981405,0
2019-07-10,sh.600008,3.6100,3.7100,3.5900,3.6500,3.6300,29442435,107381829.0000,3,0.610761,1,0.550964,27.705544,1.842577,1.622977,43.218217,0
2019-07-11,sh.600008,3.6100,3.6900,3.5900,3.6300,3.6500,22058571,80129690.0000,3,0.457588,1,-0.547945,27.553732,1.832481,1.614084,42.981405,0
2019-07-12,sh.600008,3.6100,3.6900,3.6100,3.6700,3.6300,21009846,76905158.0000,3,0.435833,1,1.101927,27.857355,1.852674,1.631870,43.455029,0
2019-07-15,sh.600008,3.6800,3.6900,3.5800,3.6800,3.6700,21652981,78848564.0000,3,0.449175,1,0.272479,27.933260,1.857722,1.636317,43.573435,0
2019-07-16,sh.600008,3.6500,3.6800,3.6400,3.6700,3.6800,14540120,53196325.0000,3,0.301624,1,-0.271739,27.857355,1.852674,1.631870,43.455029,0
2019-07-17,sh.600008,3.6600,3.6700,3.5900,3.6100,3.6700,23894740,86464108.0000,3,0.495678,1,-1.634882,27.401921,1.822385,1.605191,42.744593,0
2019-07-18,sh.600008,3.6400,3.6600,3.6100,3.6300,3.6100,23992716,87302630.0000,3,0.497711,1,0.554023,27.553732,1.832481,1.614084,42.981405,0
2019-07-19,sh.600008,3.6300,3.6900,3.6300,3.6400,3.6300,20223628,73947550.0000,3,0.419524,1,0.275482,27.629638,1.837529,1.618531,43.099811,0
2019-07-22,sh.600008,3.6300,3.6400,3.4700,3.4800,3.6400,31043928,109071901.0000,3,0.643983,1,-4.395607,26.415148,1.756759,1.547387,41.205314,0
2019-07-23,sh.600008,3.4800,3.5100,3.4700,3.5000,3.4800,12601102,44038679.0000,3,0.261400,1,0.574712,26.566960,1.766855,1.556280,41.442126,0
2019-07-24,sh.600008,3.5000,3.5500,3.5000,3.5200,3.5000,13922100,49169950.0000,3,0.288803,1,0.571428,26.718771,1.776951,1.565173,41.678938,0
2019-07-25,sh.600008,3.5100,3.5300,3.4700,3.5000,3.5200,15608344,54617574.0000,3,0.323783,1,-0.568181,26.566960,1.766855,1.556280,41.442126,0
2019-07-26,sh.600008,3.4900,3.5200,3.4700,3.5100,3.5000,9562018,33458250.0000,3,0.198400,1,0.285700,26.642865,1.771903,1.560726,41.560532,0
2019-07-29,sh.600008,3.4900,3.5200,3.4800,3.5000,3.5100,8778740,30684203.0000,3,0.182108,1,-0.284900,26.566960,1.766855,1.556280,41.442126,0
2019-07-30,sh.600008,3.4900,3.5300,3.4900,3.5100,3.5000,10151800,35687390.0000,3,0.210600,1,0.285700,26.642865,1.771903,1.560726,41.560532,0
2019-07-31,sh.600008,3.5000,3.5000,3.4400,3.4600,3.5100,14501900,50265983.0000,3,0.300800,1,-1.424500,26.263337,1.746662,1.538494,40.968501,0
2019-08-01,sh.600008,3.4500,3.4600,3.4000,3.4200,3.4600,13999197,47884940.0000,3,0.290400,1,-1.156100,25.959715,1.726470,1.520708,40.494877,0
2019-08-02,sh.600008,3.3600,3.4200,3.3500,3.4200,3.4200,15562191,52594915.0000,3,0.322800,1,0.000000,25.959715,1.726470,1.520708,40.494877,0
2019-08-05,sh.600008,3.4000,3.4100,3.3700,3.3900,3.4200,10387242,35213327.0000,3,0.215500,1,-0.877200,25.731998,1.711325,1.507368,40.139659,0
2019-08-06,sh.600008,3.3100,3.3400,3.2400,3.3000,3.3900,22025984,72588431.0000,3,0.456900,1,-2.654900,25.048848,1.665892,1.467349,39.074004,0
2019-08-07,sh.600008,3.3100,3.3300,3.2800,3.2900,3.3000,9786320,32318541.0000,3,0.203000,1,-0.303000,24.972942,1.660844,1.462903,38.955598,0
2019-08-08,sh.600008,3.2800,3.3200,3.2700,3.2800,3.2900,11820534,38886705.0000,3,0.245200,1,-0.304000,24.897036,1.655796,1.458456,38.837192,0
2019-08-09,sh.600008,3.3000,3.3100,3.2400,3.2600,3.2800,10568950,34571016.0000,3,0.219200,1,-0.609800,24.745225,1.645699,1.449563,38.600380,0
2019-08-12,sh.600008,3.2600,3.2900,3.2400,3.2900,3.2600,9627226,31385317.0000,3,0.199700,1,0.920200,24.972942,1.660844,1.462903,38.955598,0
2019-08-13,sh.600008,3.2600,3.2700,3.2400,3.2700,3.2900,7023933,22869357.0000,3,0.145700,1,-0.607900,24.821131,1.650747,1.454010,38.718786,0
2019-08-14,sh.600008,3.3000,3.3200,3.2700,3.2800,3.2700,10175700,33554774.0000,3,0.211100,1,0.305800,24.897036,1.655796,1.458456,38.837192,0
2019-08-15,sh.600008,3.2300,3.2800,3.2000,3.2700,3.2800,9495720,30791322.0000,3,0.197000,1,-0.304900,24.821131,1.650747,1.454010,38.718786,0
2019-08-16,sh.600008,3.2700,3.2900,3.2500,3.2600,3.2700,9195697,30098563.0000,3,0.190800,1,-0.305800,24.745225,1.645699,1.449563,38.600380,0
2019-08-19,sh.600008,3.2700,3.3400,3.2700,3.3400,3.2600,18465868,61219569.0000,3,0.383100,1,2.454000,25.352470,1.686085,1.485136,39.547629,0
2019-08-20,sh.600008,3.3500,3.4100,3.3400,3.3400,3.3400,15998811,53809944.0000,3,0.331900,1,0.000000,25.352470,1.686085,1.485136,39.547629,0
2019-08-21,sh.600008,3.3600,3.3800,3.3400,3.3800,3.3400,13362654,44940174.0000,3,0.277200,1,1.197600,25.656092,1.706277,1.502922,40.021253,0
2019-08-22,sh.600008,3.3800,3.3900,3.3300,3.3600,3.3800,10439744,35016008.0000,3,0.216600,1,-0.591700,25.504281,1.696181,1.494029,39.784441,0
2019-08-23,sh.600008,3.3700,3.3700,3.3400,3.3700,3.3600,9553043,32110080.0000,3,0.198200,1,0.297600,25.580187,1.701229,1.498475,39.902847,0
2019-08-26,sh.600008,3.3000,3.3300,3.2800,3.3100,3.3700,10544294,34914008.0000,3,0.218700,1,-1.780400,25.124753,1.670940,1.471796,39.192410,0
2019-08-27,sh.600008,3.3300,3.3800,3.3200,3.3700,3.3100,14020464,47041374.0000,3,0.290800,1,1.812700,25.580187,1.701229,1.498475,39.902847,0
2019-08-28,sh.600008,3.3500,3.4400,3.3400,3.4000,3.3700,20621158,69989290.0000,3,0.427800,1,0.890200,25.807904,1.716373,1.511815,40.258065,0
2019-08-29,sh.600008,3.4200,3.4200,3.3600,3.3800,3.4000,11709500,39609137.0000,3,0.242900,1,-0.588200,25.656092,1.706277,1.502922,40.021253,0
2019-08-30,sh.600008,3.4000,3.4300,3.3300,3.3500,3.3800,13198754,44450156.0000,3,0.273800,1,-0.887600,22.929824,1.746512,1.397976,-15.829657,0
2019-09-02,sh.600008,3.3400,3.4300,3.3300,3.4200,3.3500,19641751,66842903.0000,3,0.407500,1,2.089600,23.408954,1.783007,1.427188,-16.160426,0
2019-09-03,sh.600008,3.4100,3.4800,3.3900,3.4600,3.4200,20126124,69186701.0000,3,0.417500,1,1.169600,23.682743,1.803860,1.443880,-16.349437,0
2019-09-04,sh.600008,3.4400,3.5000,3.4400,3.5000,3.4600,21035764,73217014.0000,3,0.436400,1,1.156100,23.956532,1.824714,1.460572,-16.538448,0
2019-09-05,sh.600008,3.5000,3.5800,3.4800,3.5000,3.5000,34689682,122533234.0000,3,0.719600,1,0.000000,23.956532,1.824714,1.460572,-16.538448,0
2019-09-06,sh.600008,3.5400,3.5400,3.4900,3.5200,3.5000,18937702,66551840.0000,3,0.392800,1,0.571400,24.093427,1.835141,1.468918,-16.632953,0
2019-09-09,sh.600008,3.5500,3.5600,3.4800,3.5400,3.5200,24330180,85670165.0000,3,0.504700,1,0.568200,24.230321,1.845568,1.477265,-16.727459,0
2019-09-10,sh.600008,3.5200,3.5600,3.4900,3.5200,3.5400,17671169,62182730.0000,3,0.366600,1,-0.565000,24.093427,1.835141,1.468918,-16.632953,0
2019-09-11,sh.600008,3.5300,3.5400,3.5000,3.5400,3.5200,16059608,56551965.0000,3,0.333100,1,0.568200,24.230321,1.845568,1.477265,-16.727459,0
2019-09-12,sh.600008,3.5300,3.5400,3.5000,3.5200,3.5400,14193578,49849011.0000,3,0.294400,1,-0.565000,24.093427,1.835141,1.468918,-16.632953,0
2019-09-16,sh.600008,3.5300,3.5600,3.5200,3.5300,3.5200,21027203,74422107.0000,3,0.436200,1,0.284100,24.161874,1.840355,1.473092,-16.680206,0
2019-09-17,sh.600008,3.5400,3.5500,3.4500,3.4600,3.5300,19959412,69705597.0000,3,0.414000,1,-1.983000,23.682743,1.803860,1.443880,-16.349437,0
2019-09-18,sh.600008,3.4800,3.5000,3.4300,3.4300,3.4600,10902933,37762096.0000,3,0.226200,1,-0.867100,23.477401,1.788220,1.431361,-16.207679,0
2019-09-19,sh.600008,3.4400,3.4800,3.4000,3.4700,3.4300,14082776,48475737.0000,3,0.292100,1,1.166200,23.751190,1.809074,1.448053,-16.396690,0
2019-09-20,sh.600008,3.4800,3.4800,3.4400,3.4400,3.4700,9670560,33373442.0000,3,0.200600,1,-0.864600,23.545849,1.793434,1.435534,-16.254931,0
2019-09-23,sh.600008,3.4500,3.4500,3.3700,3.4000,3.4400,14351770,48824781.0000,3,0.297700,1,-1.162800,23.272060,1.772580,1.418842,-16.065921,0
2019-09-24,sh.600008,3.4000,3.4500,3.3900,3.4200,3.4000,13561957,46569888.0000,3,0.281300,1,0.588200,23.408954,1.783007,1.427188,-16.160426,0
2019-09-25,sh.600008,3.4000,3.4500,3.3900,3.4100,3.4200,12829570,43912728.0000,3,0.266100,1,-0.292400,23.340507,1.777793,1.423015,-16.113173,0
2019-09-26,sh.600008,3.4100,3.4300,3.3600,3.3600,3.4100,14570421,49237943.0000,3,0.302300,1,-1.466300,22.998271,1.751726,1.402149,-15.876910,0
2019-09-27,sh.600008,3.3500,3.4000,3.3300,3.3600,3.3600,10067418,33952442.0000,3,0.208800,1,0.000000,22.998271,1.751726,1.402149,-15.876910,0
2019-09-30,sh.600008,3.3500,3.3800,3.3200,3.3200,3.3600,9469800,31751564.0000,3,0.196400,1,-1.190500,22.724482,1.730872,1.385457,-15.687899,0
2019-10-08,sh.600008,3.3200,3.3800,3.3200,3.3600,3.3200,8766700,29467811.0000,3,0.181900,1,1.204800,22.998271,1.751726,1.402149,-15.876910,0
2019-10-09,sh.600008,3.3500,3.4000,3.3100,3.3800,3.3600,8102917,27294012.0000,3,0.168100,1,0.595200,23.135165,1.762153,1.410496,-15.971415,0
2019-10-10,sh.600008,3.3800,3.4200,3.3600,3.4100,3.3800,9429135,32054581.0000,3,0.195600,1,0.887600,23.340507,1.777793,1.423015,-16.113173,0
2019-10-11,sh.600008,3.4200,3.4700,3.4100,3.4600,3.4100,15578219,53737443.0000,3,0.323200,1,1.466300,23.682743,1.803860,1.443880,-16.349437,0
2019-10-14,sh.600008,3.4800,3.4900,3.4400,3.4600,3.4600,14668357,50792171.0000,3,0.304300,1,0.000000,23.682743,1.803860,1.443880,-16.349437,0
2019-10-15,sh.600008,3.4700,3.4700,3.4200,3.4300,3.4600,9409855,32299645.0000,3,0.195200,1,-0.867100,23.477401,1.788220,1.431361,-16.207679,0
2019-10-16,sh.600008,3.4300,3.4900,3.4300,3.4500,3.4300,14681469,50841044.0000,3,0.304600,1,0.583100,23.614296,1.798647,1.439707,-16.302184,0
2019-10-17,sh.600008,3.4400,3.4900,3.4200,3.4700,3.4500,15695049,54441431.0000,3,0.325600,1,0.579700,23.751190,1.809074,1.448053,-16.396690,0
2019-10-18,sh.600008,3.4800,3.4900,3.4000,3.4100,3.4700,12667068,43695986.0000,3,0.262800,1,-1.729100,23.340507,1.777793,1.423015,-16.113173,0
2019-10-21,sh.600008,3.4100,3.4100,3.3600,3.3900,3.4100,11565322,39124760.0000,3,0.239900,1,-0.586500,23.203613,1.767366,1.414669,-16.018668,0
2019-10-22,sh.600008,3.3900,3.4500,3.3800,3.4300,3.3900,11262686,38528258.0000,3,0.233600,1,1.179900,23.477401,1.788220,1.431361,-16.207679,0
2019-10-23,sh.600008,3.4400,3.4600,3.3800,3.3900,3.4300,6764323,23081399.0000,3,0.140300,1,-1.166200,23.203613,1.767366,1.414669,-16.018668,0
2019-10-24,sh.600008,3.3800,3.4300,3.3800,3.4200,3.3900,8631300,29368706.0000,3,0.179000,1,0.885000,23.408954,1.783007,1.427188,-16.160426,0
2019-10-25,sh.600008,3.4100,3.4400,3.3900,3.4300,3.4200,7600391,25939726.0000,3,0.157700,1,0.292400,23.477401,1.788220,1.431361,-16.207679,0
2019-10-28,sh.600008,3.4200,3.4600,3.4200,3.4500,3.4300,12262105,42255792.0000,3,0.254400,1,0.583100,23.614296,1.798647,1.439707,-16.302184,0
2019-10-29,sh.600008,3.4400,3.4600,3.4100,3.4200,3.4500,9029600,30934751.0000,3,0.187300,1,-0.869600,23.408954,1.783007,1.427188,-16.160426,0
2019-10-30,sh.600008,3.4000,3.4200,3.3600,3.3600,3.4200,12987779,43789758.0000,3,0.269400,1,-1.754400,22.318966,1.750395,1.364795,-7.558608,0
2019-10-31,sh.600008,3.3500,3.3700,3.3100,3.3200,3.3600,9098047,30393488.0000,3,0.188700,1,-1.190500,22.053264,1.729557,1.348547,-7.468625,0
2019-11-01,sh.600008,3.3200,3.3600,3.3100,3.3400,3.3200,10102963,33736379.0000,3,0.209600,1,0.602400,22.186115,1.739976,1.356671,-7.513617,0
2019-11-04,sh.600008,3.3400,3.3800,3.3400,3.3500,3.3400,10560730,35481283.0000,3,0.219100,1,0.299400,22.252541,1.745185,1.360733,-7.536112,0
2019-11-05,sh.600008,3.3600,3.3700,3.3400,3.3500,3.3500,6514844,21861344.0000,3,0.135100,1,0.000000,22.252541,1.745185,1.360733,-7.536112,0
2019-11-06,sh.600008,3.3600,3.3600,3.3000,3.3200,3.3500,8284294,27579688.0000,3,0.171900,1,-0.895500,22.053264,1.729557,1.348547,-7.468625,0
2019-11-07,sh.600008,3.3300,3.3500,3.3100,3.3200,3.3200,6640571,22082081.0000,3,0.137800,1,0.000000,22.053264,1.729557,1.348547,-7.468625,0
2019-11-08,sh.600008,3.3300,3.3400,3.3100,3.3200,3.3200,6978400,23217355.0000,3,0.144800,1,0.000000,22.053264,1.729557,1.348547,-7.468625,0
2019-11-11,sh.600008,3.3100,3.3100,3.2500,3.2500,3.3200,9066011,29621827.0000,3,0.188100,1,-2.108400,21.588286,1.693090,1.320114,-7.311154,0
2019-11-12,sh.600008,3.2500,3.2700,3.2300,3.2400,3.2500,6623506,21488699.0000,3,0.137400,1,-0.307700,21.521860,1.687881,1.316052,-7.288658,0
2019-11-13,sh.600008,3.2600,3.2600,3.1900,3.1900,3.2400,8966510,28794793.0000,3,0.186000,1,-1.543200,21.189733,1.661833,1.295743,-7.176179,0
2019-11-14,sh.600008,3.2200,3.2300,3.1700,3.2200,3.1900,7717138,24763664.0000,3,0.135700,1,0.940400,21.389009,1.677462,1.307928,-7.243666,0
2019-11-15,sh.600008,3.2200,3.2300,3.1800,3.1900,3.2200,5814931,18635330.0000,3,0.102300,1,-0.931700,21.189733,1.661833,1.295743,-7.176179,0
2019-11-18,sh.600008,3.1700,3.2100,3.1500,3.1900,3.1900,6900498,21992145.0000,3,0.121400,1,0.000000,21.189733,1.661833,1.295743,-7.176179,0
2019-11-19,sh.600008,3.2100,3.2500,3.1900,3.2500,3.1900,7484334,24176966.0000,3,0.131600,1,1.880900,21.588286,1.693090,1.320114,-7.311154,0
2019-11-20,sh.600008,3.2600,3.2600,3.2100,3.2200,3.2500,5749422,18557682.0000,3,0.101100,1,-0.923100,21.389009,1.677462,1.307928,-7.243666,0
2019-11-21,sh.600008,3.2100,3.2400,3.2000,3.2400,3.2200,4606950,14861149.0000,3,0.081000,1,0.621100,21.521860,1.687881,1.316052,-7.288658,0
2019-11-22,sh.600008,3.2400,3.2800,3.2300,3.2400,3.2400,8561200,27899604.0000,3,0.150600,1,0.000000,21.521860,1.687881,1.316052,-7.288658,0
2019-11-25,sh.600008,3.2400,3.2900,3.2100,3.2700,3.2400,10309838,33605850.0000,3,0.181300,1,0.925900,21.721137,1.703509,1.328238,-7.356146,0
2019-11-26,sh.600008,3.2700,3.2900,3.2500,3.2600,3.2700,7244691,23647024.0000,3,0.127400,1,-0.305800,21.654711,1.698300,1.324176,-7.333650,0
2019-11-27,sh.600008,3.2500,3.2800,3.2400,3.2600,3.2600,6066800,19786600.0000,3,0.106700,1,0.000000,21.654711,1.698300,1.324176,-7.333650,0
2019-11-28,sh.600008,3.2700,3.2800,3.2500,3.2600,3.2600,7476789,24388250.0000,3,0.131500,1,0.000000,21.654711,1.698300,1.324176,-7.333650,0
2019-11-29,sh.600008,3.2600,3.2800,3.2500,3.2800,3.2600,5713621,18636696.0000,3,0.100500,1,0.613500,21.787562,1.708719,1.332300,-7.378641,0
2019-12-02,sh.600008,3.2800,3.2800,3.2400,3.2600,3.2800,8288720,27005416.0000,3,0.145800,1,-0.609800,21.654711,1.698300,1.324176,-7.333650,0
2019-12-03,sh.600008,3.2400,3.2600,3.2300,3.2600,3.2600,5498504,17836168.0000,3,0.096700,1,0.000000,21.654711,1.698300,1.324176,-7.333650,0
2019-12-04,sh.600008,3.2500,3.2600,3.2300,3.2500,3.2600,5927200,19261028.0000,3,0.104300,1,-0.306700,21.588286,1.693090,1.320114,-7.311154,0
2019-12-05,sh.600008,3.2500,3.2700,3.2500,3.2700,3.2500,5796400,18905846.0000,3,0.102000,1,0.615400,21.721137,1.703509,1.328238,-7.356146,0
2019-12-06,sh.600008,3.2700,3.2800,3.2600,3.2800,3.2700,6007351,19651075.0000,3,0.105700,1,0.305800,21.787562,1.708719,1.332300,-7.378641,0
2019-12-09,sh.600008,3.2800,3.2800,3.2600,3.2700,3.2800,7284600,23821511.0000,3,0.128100,1,-0.304900,21.721137,1.703509,1.328238,-7.356146,0
2019-12-10,sh.600008,3.2700,3.2700,3.2500,3.2700,3.2700,5396913,17608806.0000,3,0.094900,1,0.000000,21.721137,1.703509,1.328238,-7.356146,0
2019-12-11,sh.600008,3.2700,3.2800,3.2500,3.2600,3.2700,7356964,24019162.0000,3,0.129400,1,-0.305800,21.654711,1.698300,1.324176,-7.333650,0
2019-12-12,sh.600008,3.2700,3.2700,3.2500,3.2500,3.2600,6654688,21686828.0000,3,0.117000,1,-0.306700,21.588286,1.693090,1.320114,-7.311154,0
2019-12-13,sh.600008,3.2600,3.3000,3.2600,3.3000,3.2500,12236002,40207729.0000,3,0.215200,1,1.538500,21.920413,1.719138,1.340424,-7.423633,0
2019-12-16,sh.600008,3.3200,3.3200,3.2700,3.3100,3.3000,16270155,53651102.0000,3,0.286200,1,0.303000,21.986839,1.724347,1.344485,-7.446129,0
2019-12-17,sh.600008,3.3100,3.3500,3.2900,3.3200,3.3100,33934157,112730641.0000,3,0.596900,1,0.302100,22.053264,1.729557,1.348547,-7.468625,0
2019-12-18,sh.600008,3.3100,3.3500,3.3100,3.3100,3.3200,19232771,63963935.0000,3,0.338300,1,-0.301200,21.986839,1.724347,1.344485,-7.446129,0
2019-12-19,sh.600008,3.3100,3.3200,3.2900,3.3200,3.3100,14178300,46909553.0000,3,0.249400,1,0.302100,22.053264,1.729557,1.348547,-7.468625,0
2019-12-20,sh.600008,3.3200,3.3300,3.3000,3.3100,3.3200,23020101,76315689.0000,3,0.404900,1,-0.301200,21.986839,1.724347,1.344485,-7.446129,0
2019-12-23,sh.600008,3.3000,3.3100,3.2100,3.2200,3.3100,17460489,57087739.0000,3,0.307100,1,-2.719000,21.389009,1.677462,1.307928,-7.243666,0
2019-12-24,sh.600008,3.2300,3.2500,3.2100,3.2400,3.2200,13422087,43345463.0000,3,0.236100,1,0.621100,21.521860,1.687881,1.316052,-7.288658,0
2019-12-25,sh.600008,3.2400,3.2500,3.2200,3.2300,3.2400,10557060,34094556.0000,3,0.185700,1,-0.308600,21.455435,1.682671,1.311990,-7.266162,0
2019-12-26,sh.600008,3.2300,3.2600,3.2200,3.2500,3.2300,11511940,37314474.0000,3,0.202500,1,0.619200,21.588286,1.693090,1.320114,-7.311154,0
2019-12-27,sh.600008,3.2600,3.2800,3.2400,3.2500,3.2500,15643540,50960515.0000,3,0.275200,1,0.000000,21.588286,1.693090,1.320114,-7.311154,0
2019-12-30,sh.600008,3.2500,3.2700,3.2200,3.2700,3.2500,17139873,55731197.0000,3,0.301500,1,0.615400,21.721137,1.703509,1.328238,-7.356146,0
2019-12-31,sh.600008,3.2700,3.3000,3.2600,3.2900,3.2700,15586907,51030563.0000,3,0.274200,1,0.611600,21.853988,1.713928,1.336362,-7.401137,0
2020-01-02,sh.600008,3.3100,3.3400,3.3000,3.3300,3.2900,21498259,71460782.0000,3,0.378100,1,1.215800,22.119690,1.734766,1.352609,-7.491121,0
2020-01-03,sh.600008,3.3300,3.3600,3.3200,3.3500,3.3300,20752654,69300087.0000,3,0.365000,1,0.600600,22.252541,1.745185,1.360733,-7.536112,0
2020-01-06,sh.600008,3.3400,3.3600,3.3100,3.3300,3.3500,22312969,74454662.0000,3,0.392500,1,-0.597000,22.119690,1.734766,1.352609,-7.491121,0
2020-01-07,sh.600008,3.3300,3.3900,3.3300,3.3600,3.3300,38770282,130449800.0000,3,0.681900,1,0.900900,22.318966,1.750395,1.364795,-7.558608,0
2020-01-08,sh.600008,3.3500,3.3600,3.3000,3.3100,3.3600,22740600,75660906.0000,3,0.400000,1,-1.488100,21.986839,1.724347,1.344485,-7.446129,0
2020-01-09,sh.600008,3.3300,3.3500,3.3100,3.3400,3.3100,15493347,51573744.0000,3,0.272500,1,0.906300,22.186115,1.739976,1.356671,-7.513617,0
2020-01-10,sh.600008,3.3400,3.3500,3.3000,3.3200,3.3400,13688602,45426691.0000,3,0.240800,1,-0.598800,22.053264,1.729557,1.348547,-7.468625,0
2020-01-13,sh.600008,3.3100,3.3300,3.2800,3.3300,3.3200,14825876,48939405.0000,3,0.260800,1,0.301200,22.119690,1.734766,1.352609,-7.491121,0
2020-01-14,sh.600008,3.3300,3.4100,3.3200,3.3900,3.3300,41633682,140376001.0000,3,0.732300,1,1.801800,22.518243,1.766024,1.376981,-7.626096,0
2020-01-15,sh.600008,3.3700,3.3800,3.3000,3.3100,3.3900,30138465,100210639.0000,3,0.530100,1,-2.359900,21.986839,1.724347,1.344485,-7.446129,0
2020-01-16,sh.600008,3.3200,3.3500,3.2900,3.3100,3.3100,22055876,73215188.0000,3,0.387900,1,0.000000,21.986839,1.724347,1.344485,-7.446129,0
2020-01-17,sh.600008,3.3000,3.3300,3.3000,3.3100,3.3100,13734237,45561453.0000,3,0.241600,1,0.000000,21.986839,1.724347,1.344485,-7.446129,0
2020-01-20,sh.600008,3.3000,3.3400,3.3000,3.3400,3.3100,15902914,52833553.0000,3,0.279700,1,0.906300,22.186115,1.739976,1.356671,-7.513617,0
2020-01-21,sh.600008,3.3300,3.3400,3.2700,3.2800,3.3400,24006686,79077412.0000,3,0.422200,1,-1.796400,21.787562,1.708719,1.332300,-7.378641,0
2020-01-22,sh.600008,3.2700,3.3400,3.2400,3.3300,3.2800,23346596,77020535.0000,3,0.410600,1,1.524400,22.119690,1.734766,1.352609,-7.491121,0
2020-01-23,sh.600008,3.3200,3.3300,3.2500,3.2700,3.3300,24935656,81926754.0000,3,0.438600,1,-1.801800,21.721137,1.703509,1.328238,-7.356146,0
2020-02-03,sh.600008,2.9400,3.0000,2.9400,2.9400,3.2700,32110512,94552643.0000,3,0.564800,1,-10.091700,19.529095,1.531596,1.194195,-6.613782,0
2020-02-04,sh.600008,2.7700,2.9800,2.7700,2.9700,2.9400,37401613,109923954.0000,3,0.657800,1,1.020400,19.728372,1.547224,1.206381,-6.681270,0
2020-02-05,sh.600008,2.9700,3.0600,2.9500,3.0000,2.9700,26035475,78447084.0000,3,0.457900,1,1.010100,19.927648,1.562853,1.218567,-6.748757,0
2020-02-06,sh.600008,3.0100,3.1200,2.9700,3.1100,3.0000,37123659,113991408.0000,3,0.653000,1,3.666700,20.658329,1.620157,1.263248,-6.996212,0
2020-02-07,sh.600008,3.1200,3.2400,3.0800,3.2400,3.1100,41541570,130464729.0000,3,0.730700,1,4.180100,21.521860,1.687881,1.316052,-7.288658,0
2020-02-10,sh.600008,3.2800,3.3000,3.1900,3.2400,3.2400,34414388,111455980.0000,3,0.605300,1,0.000000,21.521860,1.687881,1.316052,-7.288658,0
2020-02-11,sh.600008,3.2300,3.2400,3.1900,3.1900,3.2400,18128508,58128658.0000,3,0.318900,1,-1.543200,21.189733,1.661833,1.295743,-7.176179,0
2020-02-12,sh.600008,3.2000,3.2200,3.1900,3.2200,3.1900,13155714,42175214.0000,3,0.231400,1,0.940400,21.389009,1.677462,1.307928,-7.243666,0
2020-02-13,sh.600008,3.2100,3.2700,3.1800,3.2400,3.2200,22956073,73916118.0000,3,0.403800,1,0.621100,21.521860,1.687881,1.316052,-7.288658,0
2020-02-14,sh.600008,3.2600,3.2700,3.2000,3.2100,3.2400,23529129,76030917.0000,3,0.413800,1,-0.925900,21.322584,1.672252,1.303867,-7.221170,0
2020-02-17,sh.600008,3.2200,3.2600,3.2000,3.2600,3.2100,20953808,67909823.0000,3,0.368600,1,1.557600,21.654711,1.698300,1.324176,-7.333650,0
2020-02-18,sh.600008,3.2600,3.2600,3.2200,3.2500,3.2600,18983304,61490130.0000,3,0.333900,1,-0.306700,21.588286,1.693090,1.320114,-7.311154,0
2020-02-19,sh.600008,3.2500,3.2700,3.2200,3.2400,3.2500,16327934,53013446.0000,3,0.287200,1,-0.307700,21.588286,1.693090,1.320114,-7.311154,0
2020-02-20,sh.600008,3.2400,3.2700,3.2200,3.2700,3.2400,23123163,75087633.0000,3,0.406700,1,0.925900,21.721137,1.703509,1.328238,-7.356146,0
2020-02-21,sh.600008,3.2700,3.3200,3.2500,3.2900,3.2700,27104362,89155766.0000,3,0.476700,1,0.611600,21.853988,1.713928,1.336362,-7.401137,0
2020-02-24,sh.600008,3.3500,3.4900,3.3200,3.4100,3.2900,62427737,213410390.0000,3,1.098000,1,3.647400,22.651094,1.776443,1.385104,-7.671088,0
2020-02-25,sh.600008,3.3300,3.3700,3.2700,3.3500,3.4100,42506384,141233191.0000,3,0.747600,1,-1.759500,22.252541,1.745185,1.360733,-7.536112,0
2020-02-26,sh.600008,3.3200,3.3900,3.2800,3.3500,3.3500,37754380,126287099.0000,3,0.664100,1,0.000000,22.252541,1.745185,1.360733,-7.536112,0
2020-02-27,sh.600008,3.3500,3.4500,3.3500,3.4200,3.3500,51498441,175523130.0000,3,0.905800,1,2.089600,22.717519,1.781652,1.389166,-7.693583,0
2020-02-28,sh.600008,3.3000,3.3800,3.2800,3.2900,3.4200,42797213,141950965.0000,3,0.752800,1,-3.801200,21.853988,1.713928,1.336362,-7.401137,0
2020-03-02,sh.600008,3.2900,3.4300,3.2900,3.4000,3.2900,48480781,164612049.0000,3,0.852700,1,3.343500,22.584668,1.771233,1.381042,-7.648592,0
2020-03-03,sh.600008,3.4400,3.4700,3.3600,3.4300,3.4000,77873451,265551992.0000,3,1.369700,1,0.882400,22.783945,1.786862,1.393228,-7.716079,0
2020-03-04,sh.600008,3.4700,3.4900,3.3700,3.4200,3.4300,60638241,207681533.0000,3,1.066600,1,-0.291500,22.717519,1.781652,1.389166,-7.693583,0
2020-03-05,sh.600008,3.4600,3.4700,3.4000,3.4500,3.4200,62723314,215812640.0000,3,1.103200,1,0.877200,22.916796,1.797281,1.401352,-7.761071,0
2020-03-06,sh.600008,3.4000,3.4300,3.3400,3.3700,3.4500,50414231,170308353.0000,3,0.886700,1,-2.318800,22.385392,1.755605,1.368857,-7.581104,0
2020-03-09,sh.600008,3.3200,3.3400,3.2800,3.2800,3.3700,41072200,135412091.0000,3,0.722400,1,-2.670600,21.787562,1.708719,1.332300,-7.378641,0
2020-03-10,sh.600008,3.2200,3.3100,3.1900,3.2900,3.2800,39714578,129069715.0000,3,0.698500,1,0.304900,21.853988,1.713928,1.336362,-7.401137,0
2020-03-11,sh.600008,3.2800,3.4500,3.2500,3.3200,3.2900,47867311,159237312.0000,3,0.841900,1,0.911900,22.053264,1.729557,1.348547,-7.468625,0
2020-03-12,sh.600008,3.2900,3.3700,3.2500,3.2800,3.3200,34108012,112854321.0000,3,0.599900,1,-1.204800,21.787562,1.708719,1.332300,-7.378641,0
2020-03-13,sh.600008,3.1200,3.2500,3.0700,3.2100,3.2800,36483820,115686401.0000,3,0.641700,1,-2.134100,21.322584,1.672252,1.303867,-7.221170,0
2020-03-16,sh.600008,3.2300,3.2500,3.1000,3.1100,3.2100,33549141,106529350.0000,3,0.590100,1,-3.115300,20.658329,1.620157,1.263248,-6.996212,0
2020-03-17,sh.600008,3.1000,3.1500,3.0200,3.0900,3.1100,29988393,92531458.0000,3,0.527500,1,-0.643100,20.525478,1.609738,1.255124,-6.951220,0
2020-03-18,sh.600008,3.1200,3.1300,3.0400,3.0600,3.0900,23961402,74177367.0000,3,0.421500,1,-0.970900,20.326201,1.594110,1.242938,-6.883733,0
2020-03-19,sh.600008,3.0700,3.0800,2.9900,3.0400,3.0600,27295020,82739512.0000,3,0.480100,1,-0.653600,20.193350,1.583691,1.234814,-6.838741,0
2020-03-20,sh.600008,3.0500,3.0800,3.0300,3.0500,3.0400,22087562,67408587.0000,3,0.388500,1,0.328900,20.259776,1.588900,1.238876,-6.861237,0
2020-03-23,sh.600008,2.9900,3.0200,2.9600,2.9700,3.0500,21346460,63744355.0000,3,0.375500,1,-2.622900,19.728372,1.547224,1.206381,-6.681270,0
2020-03-24,sh.600008,3.0000,3.0200,2.9600,3.0100,2.9700,17090525,51257435.0000,3,0.300600,1,1.346800,19.994074,1.568062,1.222629,-6.771253,0
2020-03-25,sh.600008,3.0400,3.0700,3.0300,3.0600,3.0100,20164851,61467276.0000,3,0.354700,1,1.661100,20.326201,1.594110,1.242938,-6.883733,0
2020-03-26,sh.600008,3.0600,3.0600,3.0100,3.0200,3.0600,13526506,40957645.0000,3,0.237900,1,-1.307200,20.060499,1.573272,1.226691,-6.793749,0
2020-03-27,sh.600008,3.0500,3.0800,3.0300,3.0500,3.0200,14796606,45123357.0000,3,0.260300,1,0.993400,20.259776,1.588900,1.238876,-6.861237,0
2020-03-30,sh.600008,3.0200,3.0400,2.9900,3.0200,3.0500,13818340,41593301.0000,3,0.243000,1,-0.983600,20.060499,1.573272,1.226691,-6.793749,0
2020-03-31,sh.600008,3.0400,3.0500,3.0100,3.0200,3.0200,11069780,33512499.0000,3,0.194700,1,0.000000,20.060499,1.573272,1.226691,-6.793749,0
2020-04-01,sh.600008,3.0200,3.0500,3.0100,3.0200,3.0200,12988953,39335784.0000,3,0.228500,1,0.000000,20.060499,1.573272,1.226691,-6.793749,0
2020-04-02,sh.600008,3.0200,3.0800,3.0100,3.0700,3.0200,21664117,66223563.0000,3,0.381000,1,1.655600,18.212150,1.541652,1.170860,-7.320411,0
2020-04-03,sh.600008,3.0600,3.1100,3.0600,3.0900,3.0700,19727954,60859567.0000,3,0.347000,1,0.651500,18.330795,1.551695,1.178487,-7.368101,0
2020-04-07,sh.600008,3.1100,3.1400,3.1000,3.1200,3.0900,25208782,78564687.0000,3,0.443400,1,0.970900,18.508764,1.566760,1.189929,-7.439636,0
2020-04-08,sh.600008,3.1000,3.1300,3.0900,3.1300,3.1200,16288170,50671691.0000,3,0.286500,1,0.320500,18.568087,1.571782,1.193743,-7.463481,0
2020-04-09,sh.600008,3.1300,3.1500,3.1200,3.1400,3.1300,13812200,43284913.0000,3,0.242900,1,0.319500,18.627410,1.576804,1.197557,-7.487326,0
2020-04-10,sh.600008,3.1300,3.1400,3.1000,3.1100,3.1400,15911368,49649992.0000,3,0.279900,1,-0.955400,18.449441,1.561739,1.186115,-7.415791,0
2020-04-13,sh.600008,3.1200,3.1200,3.0900,3.1100,3.1100,10139470,31476183.0000,3,0.178300,1,0.000000,18.449441,1.561739,1.186115,-7.415791,0
2020-04-14,sh.600008,3.1100,3.2400,3.1100,3.2000,3.1100,35287524,112866877.0000,3,0.620700,1,2.893900,18.983348,1.606934,1.220440,-7.630396,0
2020-04-15,sh.600008,3.2200,3.2300,3.1800,3.1900,3.2000,20614771,66070028.0000,3,0.362600,1,-0.312500,18.924025,1.601912,1.216626,-7.606551,0
2020-04-16,sh.600008,3.1900,3.2600,3.1800,3.2300,3.1900,20806804,67184627.0000,3,0.366000,1,1.253900,19.161317,1.621999,1.231882,-7.701931,0
2020-04-17,sh.600008,3.2400,3.2700,3.2000,3.2100,3.2300,19603594,63327568.0000,3,0.344800,1,-0.619200,19.042671,1.611955,1.224254,-7.654241,0
2020-04-20,sh.600008,3.2200,3.2500,3.2000,3.2400,3.2100,20437407,66051998.0000,3,0.359500,1,0.934600,19.220640,1.627020,1.235696,-7.725776,0
2020-04-21,sh.600008,3.2400,3.2500,3.1800,3.2400,3.2400,22754804,73296800.0000,3,0.400200,1,0.000000,19.220640,1.627020,1.235696,-7.725776,0
2020-04-22,sh.600008,3.2300,3.2400,3.2100,3.2300,3.2400,12597057,40592469.0000,3,0.221600,1,-0.308600,19.161317,1.621999,1.231882,-7.701931,0
2020-04-23,sh.600008,3.2400,3.2500,3.2000,3.2400,3.2300,17022520,54969358.0000,3,0.299400,1,0.309600,19.220640,1.627020,1.235696,-7.725776,0
2020-04-24,sh.600008,3.2400,3.2500,3.1600,3.2100,3.2400,13996057,44922258.0000,3,0.246200,1,-0.925900,19.042671,1.611955,1.224254,-7.654241,0
2020-04-27,sh.600008,3.2100,3.2500,3.1900,3.2200,3.2100,17736157,57343750.0000,3,0.312000,1,0.311500,19.101994,1.616977,1.228068,-7.678086,0
2020-04-28,sh.600008,3.2400,3.2500,3.1500,3.2300,3.2200,23609668,75984767.0000,3,0.415300,1,0.310600,19.161317,1.621999,1.231882,-7.701931,0
2020-04-29,sh.600008,3.2100,3.2500,3.2100,3.2400,3.2300,12558100,40609601.0000,3,0.220900,1,0.309600,19.220640,1.627020,1.235696,-7.725776,0
2020-04-30,sh.600008,3.2400,3.2900,3.2300,3.2900,3.2400,27342289,89458415.0000,3,0.480900,1,1.543200,19.475893,1.636520,1.215744,-33.320579,0
2020-05-06,sh.600008,3.2700,3.4300,3.2500,3.4100,3.2900,53585973,181092837.0000,3,0.942500,1,3.647400,20.186260,1.696211,1.260087,-34.535920,0
2020-05-07,sh.600008,3.4000,3.4800,3.3700,3.4100,3.4100,37912863,129783666.0000,3,0.666800,1,0.000000,20.186260,1.696211,1.260087,-34.535920,0
2020-05-08,sh.600008,3.4000,3.4400,3.3900,3.4100,3.4100,38706396,132241914.0000,3,0.680800,1,0.000000,20.186260,1.696211,1.260087,-34.535920,0
2020-05-11,sh.600008,3.4000,3.4100,3.2900,3.3000,3.4100,33003313,109830043.0000,3,0.580500,1,-3.225800,19.535091,1.641494,1.219439,-33.421858,0
2020-05-12,sh.600008,3.2900,3.3200,3.2600,3.2700,3.3000,24574355,80727417.0000,3,0.432200,1,-0.909100,19.357499,1.626572,1.208353,-33.118023,0
2020-05-13,sh.600008,3.2800,3.2900,3.2500,3.2800,3.2700,13661261,44600764.0000,3,0.240300,1,0.305800,19.416696,1.631546,1.212048,-33.219301,0
2020-05-14,sh.600008,3.2700,3.3000,3.2500,3.2800,3.2800,18089119,59223659.0000,3,0.318200,1,0.000000,19.416696,1.631546,1.212048,-33.219301,0
2020-05-15,sh.600008,3.3000,3.3100,3.2700,3.2900,3.2800,11955075,39328699.0000,3,0.210300,1,0.304900,19.475893,1.636520,1.215744,-33.320579,0
2020-05-18,sh.600008,3.3000,3.3200,3.2400,3.2800,3.2900,15236294,50113983.0000,3,0.268000,1,-0.304000,19.416696,1.631546,1.212048,-33.219301,0
2020-05-19,sh.600008,3.3000,3.3100,3.2600,3.2700,3.2800,11069337,36281581.0000,3,0.194700,1,-0.304900,19.357499,1.626572,1.208353,-33.118023,0
2020-05-20,sh.600008,3.2700,3.3000,3.2400,3.2800,3.2700,17252121,56442134.0000,3,0.303400,1,0.305800,19.416696,1.631546,1.212048,-33.219301,0
2020-05-21,sh.600008,3.2200,3.2200,3.0800,3.0800,3.2000,26097240,81754678.0000,3,0.459000,1,-3.750000,18.232751,1.532061,1.138143,-31.193734,0
2020-05-22,sh.600008,3.0800,3.0900,3.0200,3.0300,3.0800,17143731,52185100.0000,3,0.301500,1,-1.623400,17.936765,1.507190,1.119667,-30.687342,0
2020-05-25,sh.600008,3.0300,3.0800,3.0100,3.0600,3.0300,11045828,33801159.0000,3,0.194300,1,0.990100,18.114357,1.522113,1.130752,-30.991177,0
2020-05-26,sh.600008,3.0800,3.1100,3.0200,3.0300,3.0600,28662977,87326962.0000,3,0.504100,1,-0.980400,17.936765,1.507190,1.119667,-30.687342,0
2020-05-27,sh.600008,3.0400,3.0400,2.9900,3.0100,3.0300,15402302,46334017.0000,3,0.270900,1,-0.660100,17.818370,1.497242,1.112276,-30.484785,0
2020-05-28,sh.600008,3.0000,3.0300,2.9800,2.9900,3.0100,14711000,44124858.0000,3,0.258700,1,-0.664500,17.699976,1.487293,1.104885,-30.282229,0
2020-05-29,sh.600008,3.0000,3.0100,2.9700,3.0000,2.9900,14725309,44008067.0000,3,0.259000,1,0.334400,17.759173,1.492268,1.108581,-30.383507,0
2020-06-01,sh.600008,3.0000,3.0500,3.0000,3.0400,3.0000,20785978,63088037.0000,3,0.365600,1,1.333300,17.995962,1.512165,1.123362,-30.788621,0
2020-06-02,sh.600008,3.0500,3.0700,3.0400,3.0500,3.0400,11652399,35571530.0000,3,0.205000,1,0.328900,18.055159,1.517139,1.127057,-30.889899,0
2020-06-03,sh.600008,3.0700,3.0700,3.0500,3.0700,3.0500,14321765,43845319.0000,3,0.251900,1,0.655700,18.173554,1.527087,1.134448,-31.092456,0
2020-06-04,sh.600008,3.0700,3.1700,3.0500,3.0900,3.0700,35880357,111475482.0000,3,0.631100,1,0.651500,18.291948,1.537036,1.141838,-31.295012,0
2020-06-05,sh.600008,3.1000,3.1200,3.0700,3.1000,3.0900,15244543,47127440.0000,3,0.268100,1,0.323600,18.351146,1.542010,1.145533,-31.396291,0
2020-06-08,sh.600008,3.1100,3.1400,3.0500,3.0600,3.1000,19192200,58952778.0000,3,0.337600,1,-1.290300,18.114357,1.522113,1.130752,-30.991177,0
2020-06-09,sh.600008,3.0600,3.0700,3.0100,3.0400,3.0600,24503684,74514346.0000,3,0.431000,1,-0.653600,17.995962,1.512165,1.123362,-30.788621,0
2020-06-10,sh.600008,3.0400,3.0400,3.0100,3.0200,3.0400,11601566,35099919.0000,3,0.204100,1,-0.657900,17.877568,1.502216,1.115971,-30.586064,0
2020-06-11,sh.600008,3.0100,3.0700,3.0100,3.0600,3.0200,19907373,60723908.0000,3,0.350100,1,1.324500,18.114357,1.522113,1.130752,-30.991177,0
2020-06-12,sh.600008,3.0300,3.0700,3.0100,3.0300,3.0600,24129440,73528777.0000,3,0.424400,1,-0.980400,17.936765,1.507190,1.119667,-30.687342,0
2020-06-15,sh.600008,3.0400,3.0500,3.0100,3.0200,3.0300,20322900,61565597.0000,3,0.357500,1,-0.330000,17.877568,1.502216,1.115971,-30.586064,0
2020-06-16,sh.600008,3.0200,3.0500,3.0200,3.0500,3.0200,16085401,48803090.0000,3,0.282900,1,0.993400,18.055159,1.517139,1.127057,-30.889899,0
2020-06-17,sh.600008,3.0500,3.0700,3.0300,3.0600,3.0500,15589414,47463503.0000,3,0.274200,1,0.327900,18.114357,1.522113,1.130752,-30.991177,0
2020-06-18,sh.600008,3.0600,3.0700,3.0400,3.0700,3.0600,14903453,45555871.0000,3,0.262100,1,0.326800,18.173554,1.527087,1.134448,-31.092456,0
2020-06-19,sh.600008,3.0700,3.0800,3.0500,3.0800,3.0700,15771129,48369415.0000,3,0.277400,1,0.325700,18.232751,1.532061,1.138143,-31.193734,0
2020-06-22,sh.600008,3.0700,3.0800,3.0500,3.0500,3.0800,13340881,40800229.0000,3,0.234600,1,-0.974000,18.055159,1.517139,1.127057,-30.889899,0
2020-06-23,sh.600008,3.0500,3.0600,3.0200,3.0200,3.0500,13200747,39983117.0000,3,0.232200,1,-0.983600,17.877568,1.502216,1.115971,-30.586064,0
2020-06-24,sh.600008,3.0300,3.0400,3.0000,3.0100,3.0200,17044153,51345977.0000,3,0.299800,1,-0.331100,17.818370,1.497242,1.112276,-30.484785,0
2020-06-29,sh.600008,3.0200,3.0200,2.9900,3.0100,3.0100,12651000,37994743.0000,3,0.222500,1,0.000000,17.818370,1.497242,1.112276,-30.484785,0
2020-06-30,sh.600008,3.0100,3.0300,3.0100,3.0100,3.0100,9465261,28560888.0000,3,0.166500,1,0.000000,17.818370,1.497242,1.112276,-30.484785,0
2020-07-01,sh.600008,3.0100,3.0200,2.9900,3.0100,3.0100,23285088,69986356.0000,3,0.409600,1,0.000000,17.818370,1.497242,1.112276,-30.484785,0
2020-07-02,sh.600008,3.0100,3.0700,3.0000,3.0600,3.0100,29886790,90912894.0000,3,0.525700,1,1.661100,18.114357,1.522113,1.130752,-30.991177,0
2020-07-03,sh.600008,3.0700,3.1200,3.0700,3.1200,3.0600,37706886,116850905.0000,3,0.663200,1,1.960800,18.469540,1.551958,1.152924,-31.598847,0
2020-07-06,sh.600008,3.1400,3.2700,3.1400,3.2700,3.1200,64839481,209036525.0000,3,1.140400,1,4.807700,19.357499,1.626572,1.208353,-33.118023,0
2020-07-07,sh.600008,3.3100,3.3500,3.2300,3.2300,3.2700,67849030,221285630.0000,3,1.193400,1,-1.223200,19.120710,1.606675,1.193572,-32.712909,0
2020-07-08,sh.600008,3.2400,3.3200,3.2000,3.3100,3.2300,59229599,193515415.0000,3,1.041800,1,2.476800,19.594288,1.646469,1.223134,-33.523136,0
2020-07-09,sh.600008,3.2900,3.3900,3.2700,3.3800,3.3100,67125715,224691883.0000,3,1.180700,1,2.114800,20.008668,1.681288,1.249001,-34.232085,0
2020-07-10,sh.600008,3.3800,3.4200,3.3200,3.3400,3.3800,61930825,209154482.0000,3,1.089300,1,-1.183400,19.771879,1.661391,1.234220,-33.826971,0
2020-07-13,sh.600008,3.3700,3.4500,3.3300,3.4400,3.3400,76003549,259092818.0000,3,1.336800,1,2.994000,20.363852,1.711134,1.271173,-34.839755,0
2020-07-14,sh.600008,3.4400,3.4400,3.3200,3.3700,3.4400,75151209,254211592.0000,3,1.321800,1,-2.034900,19.949471,1.676314,1.245306,-34.130806,0
2020-07-15,sh.600008,3.3600,3.4000,3.2700,3.2900,3.3700,48872048,162609483.0000,3,0.859600,1,-2.373900,19.475893,1.636520,1.215744,-33.320579,0
2020-07-16,sh.600008,3.3900,3.4200,3.2700,3.3000,3.2900,78529270,264243225.0000,3,1.381200,1,0.304000,19.535091,1.641494,1.219439,-33.421858,0
2020-07-17,sh.600008,3.3200,3.4100,3.3200,3.3800,3.3000,89720057,303318975.0000,3,1.578100,1,2.424200,20.008668,1.681288,1.249001,-34.232085,0
2020-07-20,sh.600008,3.4100,3.5900,3.3900,3.5400,3.3800,147009702,512794145.0000,3,2.585700,1,4.733700,20.955824,1.760876,1.308125,-35.852538,0
2020-07-21,sh.600008,3.5000,3.5000,3.3900,3.4400,3.5400,100096130,343537022.0100,3,1.760600,1,-2.824900,20.363852,1.711134,1.271173,-34.839755,0
2020-07-22,sh.600008,3.4300,3.4500,3.3800,3.4000,3.4400,59404465,202527845.0300,3,1.044900,1,-1.162800,20.127063,1.691237,1.256391,-34.434641,0
2020-07-23,sh.600008,3.3700,3.3800,3.2800,3.3400,3.4000,55393108,184286015.2600,3,0.974300,1,-1.764700,19.771879,1.661391,1.234220,-33.826971,0
2020-07-24,sh.600008,3.3300,3.3600,3.2200,3.2500,3.3400,48294904,158895737.9200,3,0.849400,1,-2.694600,19.239104,1.616623,1.200962,-32.915466,0
2020-07-27,sh.600008,3.2600,3.2800,3.1800,3.2200,3.2500,28070268,90357227.2800,3,0.493700,1,-0.923100,19.061513,1.601701,1.189877,-32.611631,0
2020-07-28,sh.600008,3.2300,3.2600,3.2200,3.2600,3.2200,26933432,87227360.6600,3,0.473700,1,1.242200,19.298302,1.621598,1.204658,-33.016744,0
2020-07-29,sh.600008,3.2400,3.3000,3.2200,3.3000,3.2600,29769398,97331886.0000,3,0.523600,1,1.227000,19.535091,1.641494,1.219439,-33.421858,0
2020-07-30,sh.600008,3.3000,3.3400,3.2800,3.2900,3.3000,26776662,88378740.7600,3,0.471000,1,-0.303000,19.475893,1.636520,1.215744,-33.320579,0
2020-07-31,sh.600008,3.2800,3.3300,3.2500,3.3000,3.2900,28960695,95393557.4000,3,0.509400,1,0.304000,19.535091,1.641494,1.219439,-33.421858,0
2020-08-03,sh.600008,3.3500,3.4300,3.3300,3.4100,3.3000,66742828,225760336.6300,3,1.173900,1,3.333300,20.186260,1.696211,1.260087,-34.535920,0
2020-08-04,sh.600008,3.4100,3.4700,3.3700,3.4300,3.4100,68114509,233369747.7900,3,1.198000,1,0.586500,20.304655,1.706159,1.267477,-34.738476,0
2020-08-05,sh.600008,3.4200,3.4300,3.3700,3.3900,3.4300,39874270,135307049.1900,3,0.701300,1,-1.166200,20.067866,1.686262,1.252696,-34.333363,0
2020-08-06,sh.600008,3.3800,3.4000,3.3100,3.3600,3.3900,36248855,121384974.8700,3,0.637600,1,-0.885000,19.890274,1.671340,1.241610,-34.029528,0
2020-08-07,sh.600008,3.3600,3.3600,3.2700,3.3100,3.3600,28796629,95241329.5200,3,0.506500,1,-1.488100,19.594288,1.646469,1.223134,-33.523136,0
2020-08-10,sh.600008,3.2900,3.3600,3.2800,3.3500,3.3100,26376269,87932115.7700,3,0.463900,1,1.208500,19.831077,1.666366,1.237915,-33.928250,0
2020-08-11,sh.600008,3.3700,3.3700,3.2900,3.3100,3.3500,29169695,97210159.1000,3,0.513100,1,-1.194000,19.594288,1.646469,1.223134,-33.523136,0
2020-08-12,sh.600008,3.2900,3.3100,3.2300,3.3000,3.3100,28237538,92298004.1900,3,0.496700,1,-0.302100,19.535091,1.641494,1.219439,-33.421858,0
2020-08-13,sh.600008,3.3100,3.5900,3.2800,3.4200,3.3000,122515052,420922626.3100,3,2.154900,1,3.636400,20.245457,1.701185,1.263782,-34.637198,0
2020-08-14,sh.600008,3.3200,3.4100,3.3200,3.4000,3.4200,73425313,247067187.2700,3,1.291500,1,-0.584800,20.127063,1.691237,1.256391,-34.434641,0
2020-08-17,sh.600008,3.4000,3.5400,3.3800,3.4500,3.4000,102647290,353717249.3200,3,1.805400,1,1.470600,20.423049,1.716108,1.274868,-34.941033,0
2020-08-18,sh.600008,3.4500,3.4600,3.4000,3.4300,3.4500,64634531,221912726.8200,3,1.136800,1,-0.579700,20.304655,1.706159,1.267477,-34.738476,0
2020-08-19,sh.600008,3.4400,3.4700,3.3800,3.4500,3.4300,72011944,247539947.9800,3,1.266600,1,0.583100,20.423049,1.716108,1.274868,-34.941033,0
2020-08-20,sh.600008,3.4400,3.4500,3.3900,3.3900,3.4500,41697469,142407114.9100,3,0.733400,1,-1.739100,20.067866,1.686262,1.252696,-34.333363,0
2020-08-21,sh.600008,3.4100,3.4300,3.3800,3.4000,3.3900,33107415,112813700.2100,3,0.582300,1,0.295000,20.127063,1.691237,1.256391,-34.434641,0
2020-08-24,sh.600008,3.4200,3.4400,3.3900,3.4200,3.4000,33678400,115125098.0000,3,0.592400,1,0.588200,20.245457,1.701185,1.263782,-34.637198,0
2020-08-25,sh.600008,3.4200,3.5000,3.4000,3.4100,3.4200,46751034,160740723.7400,3,0.822300,1,-0.292400,20.186260,1.696211,1.260087,-34.535920,0
2020-08-26,sh.600008,3.4100,3.5600,3.3900,3.4700,3.4100,104002284,361941689.7400,3,1.829300,1,1.759500,20.541444,1.726056,1.282258,-35.143590,0
2020-08-27,sh.600008,3.5000,3.5200,3.3800,3.4200,3.4700,72787578,248828176.9800,3,1.280200,1,-1.440900,20.245457,1.701185,1.263782,-34.637198,0
2020-08-28,sh.600008,3.4100,3.4200,3.3400,3.3900,3.4200,55853675,188596406.5800,3,0.982400,1,-0.877200,20.067866,1.686262,1.252696,-34.333363,0
2020-08-31,sh.600008,3.4200,3.4700,3.4000,3.4200,3.3900,52820280,181495371.9500,3,0.929000,1,0.885000,18.281240,1.755542,1.206565,542.811048,0
2020-09-01,sh.600008,3.4200,3.4200,3.3700,3.4000,3.4200,34563014,117170231.6000,3,0.607900,1,-0.584800,18.174333,1.745275,1.199509,539.636715,0
2020-09-02,sh.600008,3.4200,3.4600,3.3900,3.4200,3.4000,51374281,176073523.7400,3,0.903600,1,0.588200,18.281240,1.755542,1.206565,542.811048,0
2020-09-03,sh.600008,3.4400,3.4800,3.4100,3.4300,3.4200,46183501,158985101.8300,3,0.812300,1,0.292400,18.334694,1.760675,1.210093,544.398215,0
2020-09-04,sh.600008,3.3800,3.4000,3.3600,3.3700,3.4300,40378599,136252364.9300,3,0.710200,1,-1.749300,18.013971,1.729876,1.188926,534.875214,0
2020-09-07,sh.600008,3.3700,3.3900,3.2900,3.3000,3.3700,48042909,160227705.4800,3,0.845000,1,-2.077200,17.639793,1.693944,1.164230,523.765047,0
2020-09-08,sh.600008,3.3200,3.3600,3.2900,3.3500,3.3000,32867406,109551744.4900,3,0.578100,1,1.515200,17.907063,1.719610,1.181870,531.700881,0
2020-09-09,sh.600008,3.3400,3.4500,3.3200,3.3700,3.3500,66333177,224574727.4200,3,1.166700,1,0.597000,18.013971,1.729876,1.188926,534.875214,0
2020-09-10,sh.600008,3.4100,3.4200,3.3000,3.3200,3.3700,42128555,141689543.6000,3,0.741000,1,-1.483700,17.746701,1.704210,1.171286,526.939380,0
2020-09-11,sh.600008,3.2800,3.3900,3.2400,3.3100,3.3200,52304598,171690171.8000,3,0.920000,1,-0.301200,17.693247,1.699077,1.167758,525.352213,0
2020-09-14,sh.600008,3.2900,3.3200,3.2600,3.2800,3.3100,29622180,97423438.2900,3,0.521000,1,-0.906300,17.532886,1.683677,1.157174,520.590713,0
2020-09-15,sh.600008,3.2800,3.2800,3.2300,3.2500,3.2800,25219587,82000203.7100,3,0.443600,1,-0.914600,17.372524,1.668278,1.146590,515.829212,0
2020-09-16,sh.600008,3.2300,3.2300,3.1100,3.1300,3.2500,74908962,235812738.8100,3,1.317600,1,-3.692300,16.731077,1.606680,1.104254,496.783211,0
2020-09-17,sh.600008,3.1100,3.1300,3.0800,3.1100,3.1300,41388157,128264481.8700,3,0.728000,1,-0.639000,16.624169,1.596414,1.097198,493.608877,0
2020-09-18,sh.600008,3.1200,3.1600,3.1000,3.1500,3.1100,56572137,177306445.0400,3,0.995000,1,1.286200,16.837985,1.616946,1.111310,499.957544,0
2020-09-21,sh.600008,3.1500,3.1500,3.1500,3.1500,3.1500,0,0.0000,3,,0,0.000000,16.837985,1.616946,1.111310,499.957544,0
2020-09-22,sh.600008,3.1500,3.1500,3.1500,3.1500,3.1500,0,0.0000,3,,0,0.000000,16.837985,1.616946,1.111310,499.957544,0
2020-09-23,sh.600008,3.1500,3.1500,3.1500,3.1500,3.1500,0,0.0000,3,,0,0.000000,16.837985,1.616946,1.111310,499.957544,0
2020-09-24,sh.600008,3.1500,3.1500,3.1500,3.1500,3.1500,0,0.0000,3,,0,0.000000,16.837985,1.616946,1.111310,499.957544,0
2020-09-25,sh.600008,3.1500,3.1500,3.1500,3.1500,3.1500,0,0.0000,3,,0,0.000000,16.837985,1.616946,1.111310,499.957544,0
2020-09-28,sh.600008,3.1500,3.1500,3.1500,3.1500,3.1500,0,0.0000,3,,0,0.000000,16.837985,1.616946,1.111310,499.957544,0
2020-09-29,sh.600008,2.9600,2.9600,2.8600,2.9400,2.9500,39822319,116606347.9800,3,0.542500,1,-0.339000,20.290520,1.948492,1.339178,602.471078,0
2020-09-30,sh.600008,2.9200,2.9400,2.8700,2.9000,2.9400,30239291,87564064.4900,3,0.411900,1,-1.360500,20.014459,1.921982,1.320958,594.274193,0
2020-10-09,sh.600008,2.9300,2.9500,2.9200,2.9300,2.9000,24333733,71305508.7600,3,0.331500,1,1.034500,20.221505,1.941865,1.334623,600.421857,0
2020-10-12,sh.600008,2.9400,3.0000,2.9300,2.9900,2.9300,35509368,105548179.3200,3,0.483700,1,2.047800,20.635597,1.981630,1.361953,612.717185,0
2020-10-13,sh.600008,3.0400,3.0600,3.0000,3.0200,2.9900,35063915,106009145.4500,3,0.477700,1,1.003300,20.842643,2.001512,1.375618,618.864849,0
2020-10-14,sh.600008,3.0200,3.0200,2.9700,2.9900,3.0200,23261968,69535887.9600,3,0.316900,1,-0.993400,20.635597,1.981630,1.361953,612.717185,0
2020-10-15,sh.600008,2.9900,2.9900,2.9500,2.9800,2.9900,19526702,58058997.0000,3,0.266000,1,-0.334400,20.566582,1.975002,1.357398,610.667963,0
2020-10-16,sh.600008,2.9500,2.9700,2.9400,2.9600,2.9800,35376139,104563717.1700,3,0.481900,1,-0.671100,20.428551,1.961747,1.348288,606.569521,0
2020-10-19,sh.600008,2.9700,2.9900,2.9100,2.9100,2.9600,39596318,116596368.5900,3,0.539400,1,-1.689200,20.083474,1.928610,1.325513,596.323414,0
2020-10-20,sh.600008,2.9100,2.9700,2.8900,2.9600,2.9100,26878880,78745464.4100,3,0.366200,1,1.718200,20.428551,1.961747,1.348288,606.569521,0
2020-10-21,sh.600008,2.9500,2.9700,2.9200,2.9600,2.9600,31966518,94255726.3800,3,0.435500,1,0.000000,20.428551,1.961747,1.348288,606.569521,0
2020-10-22,sh.600008,2.9600,2.9900,2.9300,2.9800,2.9600,33517598,99627446.8100,3,0.456600,1,0.675700,20.566582,1.975002,1.357398,610.667963,0
2020-10-23,sh.600008,2.9800,2.9900,2.9600,2.9700,2.9800,21215280,63110709.4000,3,0.289000,1,-0.335600,20.497566,1.968375,1.352843,608.618742,0
2020-10-26,sh.600008,2.9600,2.9900,2.9500,2.9900,2.9700,19918720,59149218.5500,3,0.271400,1,0.673400,20.635597,1.981630,1.361953,612.717185,0
2020-10-27,sh.600008,2.9700,2.9800,2.9400,2.9600,2.9900,21115560,62500473.0000,3,0.287700,1,-1.003300,20.428551,1.961747,1.348288,606.569521,0
2020-10-28,sh.600008,2.9600,2.9800,2.9100,2.9600,2.9600,24882330,73316601.1400,3,0.339000,1,0.000000,20.428551,1.961747,1.348288,606.569521,0
2020-10-29,sh.600008,2.9500,2.9800,2.9200,2.9500,2.9600,35400702,104844506.2200,3,0.482300,1,-0.337800,20.359536,1.955120,1.343733,604.520299,0
2020-10-30,sh.600008,2.9500,2.9600,2.9100,2.9100,2.9500,30988917,90826953.8000,3,0.422200,1,-1.355900,20.083474,1.928610,1.325513,596.323414,0
2020-11-02,sh.600008,2.9200,2.9500,2.9100,2.9400,2.9100,33308318,97529228.3700,3,0.453800,1,1.030900,16.337979,1.399157,1.245328,4.130049,0
2020-11-03,sh.600008,2.9400,3.0100,2.9400,3.0100,2.9400,47681009,142512026.6400,3,0.649600,1,2.381000,16.726979,1.432470,1.274979,4.228384,0
2020-11-04,sh.600008,3.0100,3.0200,2.9700,3.0100,3.0100,35420883,106119183.0100,3,0.482500,1,0.000000,16.726979,1.432470,1.274979,4.228384,0
2020-11-05,sh.600008,3.0200,3.0400,2.9900,3.0200,3.0100,36137344,108883833.2100,3,0.492300,1,0.332200,16.782550,1.437229,1.279214,4.242431,0
2020-11-06,sh.600008,3.0100,3.0400,3.0000,3.0200,3.0200,37295675,112761640.2600,3,0.508100,1,0.000000,16.782550,1.437229,1.279214,4.242431,0
2020-11-09,sh.600008,3.0300,3.0900,3.0200,3.0300,3.0200,88466575,269641993.1200,3,1.205200,1,0.331100,16.838122,1.441988,1.283450,4.256479,0
2020-11-10,sh.600008,3.0400,3.0700,3.0200,3.0300,3.0300,52436346,159656082.3200,3,0.714300,1,0.000000,16.838122,1.441988,1.283450,4.256479,0
2020-11-11,sh.600008,3.0400,3.0500,3.0100,3.0300,3.0300,40400443,122563857.8600,3,0.550400,1,0.000000,16.838122,1.441988,1.283450,4.256479,0
2020-11-12,sh.600008,3.0300,3.0600,3.0200,3.0300,3.0300,27193689,82619935.3800,3,0.370500,1,0.000000,16.838122,1.441988,1.283450,4.256479,0
2020-11-13,sh.600008,3.0400,3.1200,3.0100,3.0600,3.0300,66267630,202652232.4300,3,0.902800,1,0.990100,17.004836,1.456265,1.296158,4.298623,0
2020-11-16,sh.600008,3.0700,3.0900,3.0500,3.0900,3.0600,59280727,182210191.7700,3,0.807600,1,0.980400,17.171550,1.470543,1.308865,4.340766,0
2020-11-17,sh.600008,3.0900,3.1400,3.0700,3.1200,3.0900,59777693,185781075.1900,3,0.814300,1,0.970900,17.338264,1.484820,1.321572,4.382909,0
2020-11-18,sh.600008,3.1000,3.1200,3.0700,3.0800,3.1200,43397332,134234477.7600,3,0.591200,1,-1.282100,17.115978,1.465784,1.304629,4.326718,0
2020-11-19,sh.600008,3.0900,3.0900,3.0400,3.0600,3.0800,38578159,118128312.1400,3,0.525500,1,-0.649400,17.004836,1.456265,1.296158,4.298623,0
2020-11-20,sh.600008,3.0600,3.0900,3.0400,3.0900,3.0600,32989688,101254525.9600,3,0.449400,1,0.980400,17.171550,1.470543,1.308865,4.340766,0
2020-11-23,sh.600008,3.0900,3.1200,3.0600,3.0900,3.0900,48872436,151119880.1600,3,0.665800,1,0.000000,17.171550,1.470543,1.308865,4.340766,0
2020-11-24,sh.600008,3.1000,3.1000,3.0600,3.0700,3.0900,29841682,91840303.1900,3,0.406500,1,-0.647200,17.060407,1.461024,1.300393,4.312670,0
2020-11-25,sh.600008,3.0700,3.0900,3.0300,3.0400,3.0700,34226478,104713654.9900,3,0.466300,1,-0.977200,16.893693,1.446747,1.287686,4.270527,0
2020-11-26,sh.600008,3.0400,3.0600,3.0200,3.0500,3.0400,28554788,86796546.1800,3,0.389000,1,0.328900,16.949264,1.451506,1.291922,4.284575,0
2020-11-27,sh.600008,3.0400,3.0600,3.0200,3.0400,3.0500,27968026,84980989.1400,3,0.381000,1,-0.327900,16.893693,1.446747,1.287686,4.270527,0
2020-11-30,sh.600008,3.0400,3.0900,3.0300,3.0500,3.0400,81776773,250034936.9600,3,1.114000,1,0.328900,16.949264,1.451506,1.291922,4.284575,0
2020-12-01,sh.600008,3.0400,3.0700,3.0300,3.0500,3.0500,62022892,189275458.5700,3,0.844900,1,0.000000,16.949264,1.451506,1.291922,4.284575,0
2020-12-02,sh.600008,3.0600,3.0700,3.0300,3.0600,3.0500,40480635,123595966.5600,3,0.551500,1,0.327900,17.004836,1.456265,1.296158,4.298623,0
2020-12-03,sh.600008,3.0600,3.0600,3.0300,3.0500,3.0600,34571357,105298185.3800,3,0.471000,1,-0.326800,16.949264,1.451506,1.291922,4.284575,0
2020-12-04,sh.600008,3.0500,3.0500,3.0200,3.0400,3.0500,32314837,98099590.7400,3,0.440200,1,-0.327900,16.893693,1.446747,1.287686,4.270527,0
2020-12-07,sh.600008,3.0400,3.0400,3.0100,3.0100,3.0400,32082263,96846311.0400,3,0.437100,1,-0.986800,16.726979,1.432470,1.274979,4.228384,0
2020-12-08,sh.600008,3.0100,3.0200,3.0000,3.0000,3.0100,17830098,53674882.6600,3,0.242900,1,-0.332200,16.671407,1.427711,1.270743,4.214336,0
2020-12-09,sh.600008,2.9900,3.0100,2.9500,2.9500,3.0000,31904889,95094328.2300,3,0.434600,1,-1.666700,16.393551,1.403916,1.249564,4.144097,0
2020-12-10,sh.600008,2.9500,2.9600,2.9200,2.9400,2.9500,27963971,82257234.0900,3,0.380900,1,-0.339000,16.337979,1.399157,1.245328,4.130049,0
2020-12-11,sh.600008,2.9400,2.9500,2.8900,2.9100,2.9400,34670269,101088592.9100,3,0.472300,1,-1.020400,16.171265,1.384880,1.232620,4.087906,0
2020-12-14,sh.600008,2.9000,2.9300,2.8900,2.9200,2.9100,22923350,66862837.2900,3,0.312300,1,0.343600,16.226837,1.389639,1.236856,4.101953,0
2020-12-15,sh.600008,2.9200,2.9200,2.8900,2.9100,2.9200,22074736,64163481.3800,3,0.300700,1,-0.342500,16.171265,1.384880,1.232620,4.087906,0
2020-12-16,sh.600008,2.9100,2.9100,2.8800,2.8900,2.9100,22672142,65541048.7800,3,0.308900,1,-0.687300,16.060122,1.375362,1.224149,4.059810,0
2020-12-17,sh.600008,2.8800,2.9000,2.8500,2.8900,2.8900,39089605,112559154.3400,3,0.532500,1,0.000000,16.060122,1.375362,1.224149,4.059810,0
2020-12-18,sh.600008,2.8900,2.9100,2.8800,2.8900,2.8900,27718790,80238158.4400,3,0.377600,1,0.000000,16.060122,1.375362,1.224149,4.059810,0
2020-12-21,sh.600008,2.8900,2.9200,2.8700,2.9100,2.8900,27859339,80839443.7800,3,0.379500,1,0.692000,16.171265,1.384880,1.232620,4.087906,0
2020-12-22,sh.600008,2.9000,2.9100,2.8700,2.8800,2.9100,28238354,81543032.7000,3,0.384700,1,-1.030900,16.004551,1.370603,1.219913,4.045762,0
2020-12-23,sh.600008,2.8800,2.8800,2.8500,2.8600,2.8800,29423962,84227767.2900,3,0.400800,1,-0.694400,15.893408,1.361085,1.211441,4.017667,0
2020-12-24,sh.600008,2.8600,2.8700,2.8200,2.8400,2.8600,29756752,84693211.9800,3,0.405400,1,-0.699300,15.782266,1.351567,1.202970,3.989571,0
2020-12-25,sh.600008,2.8400,2.8900,2.8300,2.8400,2.8400,61889445,176872645.3200,3,0.843100,1,0.000000,15.782266,1.351567,1.202970,3.989571,0
2020-12-28,sh.600008,2.8400,2.8500,2.7800,2.8000,2.8400,40898158,114605146.9200,3,0.557200,1,-1.408500,15.559980,1.332530,1.186027,3.933380,0
2020-12-29,sh.600008,2.8100,2.8300,2.7900,2.8100,2.8000,31179279,87672338.5900,3,0.424800,1,0.357100,15.615552,1.337290,1.190262,3.947428,0
2020-12-30,sh.600008,2.8200,2.8700,2.8000,2.8100,2.8100,58067714,164486227.7100,3,0.791000,1,0.000000,15.615552,1.337290,1.190262,3.947428,0
2020-12-31,sh.600008,2.8100,2.8500,2.8000,2.8300,2.8100,47106927,132916817.4200,3,0.641700,1,0.711700,15.726694,1.346808,1.198734,3.975523,0
2021-01-04,sh.600008,2.8600,2.8700,2.8400,2.8600,2.8300,42598295,121741749.1000,3,0.580300,1,1.060100,15.893408,1.361085,1.211441,4.017667,0
2021-01-05,sh.600008,2.8600,2.8700,2.8300,2.8600,2.8600,41555498,118351088.6500,3,0.566100,1,0.000000,15.893408,1.361085,1.211441,4.017667,0
2021-01-06,sh.600008,2.8700,2.8700,2.8300,2.8400,2.8600,37845663,107535499.8600,3,0.515600,1,-0.699300,15.782266,1.351567,1.202970,3.989571,0
2021-01-07,sh.600008,2.8300,2.8400,2.7800,2.8000,2.8400,45346713,127149504.3300,3,0.617800,1,-1.408500,15.559980,1.332530,1.186027,3.933380,0
2021-01-08,sh.600008,2.8000,2.9000,2.7800,2.8900,2.8000,83985012,240189874.7700,3,1.144100,1,3.214300,16.060122,1.375362,1.224149,4.059810,0
2021-01-11,sh.600008,2.8700,2.8900,2.8300,2.8300,2.8900,45521185,130044664.5300,3,0.620100,1,-2.076100,15.726694,1.346808,1.198734,3.975523,0
2021-01-12,sh.600008,2.8400,2.8500,2.8000,2.8300,2.8300,45933452,129488138.2000,3,0.625700,1,0.000000,15.726694,1.346808,1.198734,3.975523,0
2021-01-13,sh.600008,2.8300,2.8900,2.8100,2.8700,2.8300,63468945,180806409.3800,3,0.864600,1,1.413400,15.948980,1.365844,1.215677,4.031715,0
2021-01-14,sh.600008,2.8600,2.9200,2.8400,2.8900,2.8700,51472480,148418042.4600,3,0.701200,1,0.696900,16.060122,1.375362,1.224149,4.059810,0
2021-01-15,sh.600008,2.8800,2.9200,2.8700,2.9100,2.8900,37391711,108184704.9500,3,0.509400,1,0.692000,16.171265,1.384880,1.232620,4.087906,0
2021-01-18,sh.600008,2.9100,2.9200,2.8800,2.9000,2.9100,33411689,96763954.8000,3,0.455200,1,-0.343600,16.115694,1.380121,1.228385,4.073858,0
2021-01-19,sh.600008,2.8800,2.9000,2.8600,2.9000,2.9000,37278517,107420160.9000,3,0.507800,1,0.000000,16.115694,1.380121,1.228385,4.073858,0
2021-01-20,sh.600008,2.8900,2.9000,2.8700,2.8900,2.9000,23273144,67185757.1800,3,0.317000,1,-0.344800,16.060122,1.375362,1.224149,4.059810,0
2021-01-21,sh.600008,2.8800,2.9000,2.8700,2.8800,2.8900,35486664,102266138.3100,3,0.483400,1,-0.346000,16.004551,1.370603,1.219913,4.045762,0
2021-01-22,sh.600008,2.8700,2.8800,2.8300,2.8400,2.8800,35634023,101612795.9100,3,0.485400,1,-1.388900,15.782266,1.351567,1.202970,3.989571,0
2021-01-25,sh.600008,2.8300,2.8400,2.8000,2.8100,2.8400,32937380,92673749.1300,3,0.448700,1,-1.056300,15.615552,1.337290,1.190262,3.947428,0
2021-01-26,sh.600008,2.8400,2.8500,2.8200,2.8300,2.8100,29941780,84909806.9800,3,0.407900,1,0.711700,15.726694,1.346808,1.198734,3.975523,0
2021-01-27,sh.600008,2.8300,2.8800,2.8100,2.8500,2.8300,29425441,83909033.4700,3,0.400900,1,0.706700,15.837837,1.356326,1.207206,4.003619,0
2021-01-28,sh.600008,2.8400,2.8500,2.8200,2.8400,2.8500,23021511,65163555.5600,3,0.313600,1,-0.350900,15.782266,1.351567,1.202970,3.989571,0
2021-01-29,sh.600008,2.8300,2.8600,2.8000,2.8200,2.8400,30164197,85329730.9500,3,0.410900,1,-0.704200,15.671123,1.342049,1.194498,3.961476,0
2021-02-01,sh.600008,2.8400,2.8500,2.8100,2.8300,2.8200,26637688,75231332.5600,3,0.362900,1,0.354600,15.726694,1.346808,1.198734,3.975523,0
2021-02-02,sh.600008,2.8200,2.8300,2.8000,2.8100,2.8300,30244770,85017727.1900,3,0.412000,1,-0.706700,15.615552,1.337290,1.190262,3.947428,0
2021-02-03,sh.600008,2.8000,2.8100,2.7100,2.7200,2.8100,66812894,183242257.7700,3,0.910200,1,-3.202800,15.115409,1.294458,1.152140,3.820998,0
2021-02-04,sh.600008,2.7100,2.7200,2.6600,2.6800,2.7200,35580471,95546525.4800,3,0.484700,1,-1.470600,14.893124,1.275422,1.135197,3.764807,0
2021-02-05,sh.600008,2.6900,2.7300,2.6900,2.7100,2.6800,22433422,60845294.5000,3,0.305600,1,1.119400,15.059838,1.289699,1.147904,3.806950,0
2021-02-08,sh.600008,2.7200,2.7500,2.7100,2.7200,2.7100,23087957,63114035.9700,3,0.314500,1,0.369000,15.115409,1.294458,1.152140,3.820998,0
2021-02-09,sh.600008,2.7300,2.7600,2.7200,2.7500,2.7200,18802482,51540036.6800,3,0.256100,1,1.102900,15.282123,1.308735,1.164848,3.863141,0
2021-02-10,sh.600008,2.7500,2.7500,2.7300,2.7400,2.7500,19450912,53307066.6800,3,0.265000,1,-0.363600,15.226552,1.303976,1.160612,3.849093,0
2021-02-18,sh.600008,2.7600,2.7900,2.7600,2.7700,2.7400,34495545,95508239.5400,3,0.469900,1,1.094900,15.393266,1.318253,1.173319,3.891237,0
2021-02-19,sh.600008,2.7700,2.8600,2.7600,2.8500,2.7700,44703248,126006390.8500,3,0.609000,1,2.888100,15.837837,1.356326,1.207206,4.003619,0
2021-02-22,sh.600008,2.8600,2.9400,2.8500,2.8900,2.8500,73453007,213616465.2800,3,1.000600,1,1.403500,16.060122,1.375362,1.224149,4.059810,0
2021-02-23,sh.600008,2.8900,2.9200,2.8600,2.8800,2.8900,40813422,118036047.5800,3,0.556000,1,-0.346000,16.004551,1.370603,1.219913,4.045762,0
2021-02-24,sh.600008,2.8700,2.9000,2.8600,2.8900,2.8800,33415350,96349114.4900,3,0.455200,1,0.347200,16.060122,1.375362,1.224149,4.059810,0
2021-02-25,sh.600008,2.9100,2.9500,2.9000,2.9300,2.8900,40624717,118822715.8700,3,0.553400,1,1.384100,16.282408,1.394398,1.241092,4.116001,0
2021-02-26,sh.600008,2.9000,2.9500,2.8900,2.9300,2.9300,48880380,142560817.1100,3,0.665900,1,0.000000,16.282408,1.394398,1.241092,4.116001,0
2021-03-01,sh.600008,2.9400,2.9800,2.9300,2.9400,2.9300,51050923,150565921.2700,3,0.695500,1,0.341300,16.337979,1.399157,1.245328,4.130049,0
2021-03-02,sh.600008,2.9400,2.9900,2.9200,2.9600,2.9400,58014072,171575466.5100,3,0.790300,1,0.680300,16.449122,1.408675,1.253800,4.158145,0
2021-03-03,sh.600008,2.9500,2.9700,2.9400,2.9600,2.9600,42363457,125338210.0600,3,0.577100,1,0.000000,16.449122,1.408675,1.253800,4.158145,0
2021-03-04,sh.600008,2.9600,3.0500,2.9500,3.0100,2.9600,78847387,237226084.7700,3,1.074100,1,1.689200,16.726979,1.432470,1.274979,4.228384,0
2021-03-05,sh.600008,3.0200,3.0300,2.9400,2.9900,3.0100,60128891,178971989.4500,3,0.819100,1,-0.664500,16.615836,1.422952,1.266507,4.200288,0
2021-03-08,sh.600008,2.9900,3.0100,2.9400,2.9500,2.9900,49207018,146431549.7800,3,0.670300,1,-1.337800,16.393551,1.403916,1.249564,4.144097,0
2021-03-09,sh.600008,2.9700,2.9800,2.8900,2.9300,2.9500,55142382,161855531.8400,3,0.751200,1,-0.678000,16.282408,1.394398,1.241092,4.116001,0
2021-03-10,sh.600008,2.9300,2.9600,2.9000,2.9100,2.9300,31006030,90793093.5000,3,0.422400,1,-0.682600,16.171265,1.384880,1.232620,4.087906,0
2021-03-11,sh.600008,2.9100,2.9600,2.9000,2.9500,2.9100,36195149,106212424.4700,3,0.493100,1,1.374600,16.393551,1.403916,1.249564,4.144097,0
2021-03-12,sh.600008,2.9500,3.0200,2.9200,3.0000,2.9500,67919252,202594012.7900,3,0.925300,1,1.694900,16.671407,1.427711,1.270743,4.214336,0
2021-03-15,sh.600008,2.9900,3.1000,2.9800,3.0600,3.0000,79584571,242726802.7800,3,1.084200,1,2.000000,17.004836,1.456265,1.296158,4.298623,0
2021-03-16,sh.600008,3.0500,3.0800,3.0300,3.0600,3.0600,53615034,163842570.7000,3,0.730400,1,0.000000,17.004836,1.456265,1.296158,4.298623,0
2021-03-17,sh.600008,3.0600,3.0600,2.9900,3.0100,3.0600,47370305,143040815.5700,3,0.645300,1,-1.634000,16.726979,1.432470,1.274979,4.228384,0
2021-03-18,sh.600008,3.0000,3.0800,3.0000,3.0400,3.0100,49022502,149028736.1500,3,0.667800,1,0.996700,16.893693,1.446747,1.287686,4.270527,0
2021-03-19,sh.600008,3.0400,3.0800,3.0100,3.0500,3.0400,51610260,157135376.4000,3,0.703100,1,0.328900,16.949264,1.451506,1.291922,4.284575,0
2021-03-22,sh.600008,3.0400,3.1500,3.0400,3.1400,3.0500,108294743,337438364.0600,3,1.475300,1,2.950800,17.449406,1.494338,1.330044,4.411005,0
2021-03-23,sh.600008,3.1700,3.1700,3.0800,3.0900,3.1400,62145619,193070953.9500,3,0.846600,1,-1.592400,17.171550,1.470543,1.308865,4.340766,0
2021-03-24,sh.600008,3.0900,3.2000,3.0800,3.1200,3.0900,82732339,259077604.2800,3,1.127100,1,0.970900,17.338264,1.484820,1.321572,4.382909,0
2021-03-25,sh.600008,3.1000,3.1200,3.0400,3.0700,3.1200,56910707,174686407.8500,3,0.775300,1,-1.602600,17.060407,1.461024,1.300393,4.312670,0
2021-03-26,sh.600008,3.0700,3.1400,3.0600,3.1200,3.0700,61249097,190683561.5000,3,0.834400,1,1.628700,17.338264,1.484820,1.321572,4.382909,0
2021-03-29,sh.600008,3.1200,3.1700,3.0800,3.1300,3.1200,66307268,206900923.1800,3,0.903300,1,0.320500,17.393835,1.489579,1.325808,4.396957,0
2021-03-30,sh.600008,3.1300,3.1300,3.0500,3.0900,3.1300,49784075,153460509.1700,3,0.678200,1,-1.278000,17.171550,1.470543,1.308865,4.340766,0
2021-03-31,sh.600008,3.1000,3.4000,3.0900,3.2700,3.0900,223163686,722554255.8500,3,3.040100,1,5.825200,18.171834,1.556205,1.385110,4.593626,0
2021-04-01,sh.600008,3.2000,3.2100,3.1300,3.1600,3.2700,118896916,376268756.7800,3,1.619700,1,-3.363900,17.560549,1.503856,1.338516,4.439100,0
2021-04-02,sh.600008,3.1500,3.1600,3.0800,3.0900,3.1600,74548835,232256891.3900,3,1.015600,1,-2.215200,17.171550,1.470543,1.308865,4.340766,0
2021-04-06,sh.600008,3.1000,3.1200,3.0700,3.1100,3.0900,41192646,127791159.3900,3,0.561200,1,0.647200,17.282692,1.480061,1.317337,4.368861,0
2021-04-07,sh.600008,3.1000,3.1300,3.0900,3.1200,3.1100,49203937,152950548.3100,3,0.670300,1,0.321500,15.576653,1.436806,1.191319,4.406567,0
2021-04-08,sh.600008,3.1400,3.1900,3.1000,3.1700,3.1200,101169647,318623631.0300,3,1.378200,1,1.602600,15.826279,1.459832,1.210411,4.477185,0
2021-04-09,sh.600008,3.1500,3.1800,3.0800,3.1000,3.1700,68122798,212342302.1500,3,0.928000,1,-2.208200,15.476803,1.427596,1.183683,4.378320,0
2021-04-12,sh.600008,3.1200,3.1300,3.0700,3.0800,3.1000,47790817,147912979.5900,3,0.651000,1,-0.645200,15.376952,1.418385,1.176046,4.350073,0
2021-04-13,sh.600008,3.0800,3.1800,3.0300,3.1400,3.0800,87050740,271085816.8500,3,1.185900,1,1.948100,15.676503,1.446016,1.198956,4.434815,0
2021-04-14,sh.600008,3.1100,3.1200,3.0800,3.1000,3.1400,45610805,141340389.2000,3,0.621400,1,-1.273900,15.476803,1.427596,1.183683,4.378320,0
2021-04-15,sh.600008,3.0900,3.1000,3.0300,3.0500,3.1000,48001407,147011660.4300,3,0.653900,1,-1.612900,15.227177,1.404570,1.164591,4.307702,0
2021-04-16,sh.600008,3.0700,3.1000,3.0400,3.0800,3.0500,32717032,100690415.3200,3,0.445700,1,0.983600,15.376952,1.418385,1.176046,4.350073,0
2021-04-19,sh.600008,3.1100,3.1100,3.0700,3.0900,3.0800,37048330,114664013.4000,3,0.504700,1,0.324700,15.426877,1.422991,1.179864,4.364197,0
2021-04-20,sh.600008,3.0800,3.0900,3.0400,3.0500,3.0900,41753858,127928591.2600,3,0.568800,1,-1.294500,15.227177,1.404570,1.164591,4.307702,0
2021-04-21,sh.600008,3.0400,3.0500,3.0100,3.0200,3.0500,33089352,100116965.0400,3,0.450800,1,-0.983600,15.077401,1.390755,1.153136,4.265331,0
2021-04-22,sh.600008,3.0300,3.0500,3.0000,3.0000,3.0200,31066675,93751753.1000,3,0.423200,1,-0.662300,14.977551,1.381544,1.145499,4.237084,0
2021-04-23,sh.600008,3.0000,3.0000,2.9600,2.9800,3.0000,35473311,105565286.4600,3,0.483200,1,-0.666700,14.877701,1.372334,1.137863,4.208837,0
2021-04-26,sh.600008,2.9800,2.9900,2.9300,2.9400,2.9800,31346449,92768519.2600,3,0.427000,1,-1.342300,14.678000,1.353913,1.122589,4.152342,0
2021-04-27,sh.600008,2.9300,2.9900,2.9300,2.9600,2.9400,37437148,110787911.0200,3,0.510000,1,0.680300,14.777850,1.363124,1.130226,4.180590,0
2021-04-28,sh.600008,2.9500,2.9800,2.9400,2.9600,2.9600,25473737,75437828.4800,3,0.347000,1,0.000000,14.777850,1.363124,1.130226,4.180590,0
2021-04-29,sh.600008,2.9800,3.0300,2.9600,3.0100,2.9600,34414600,103169810.9700,3,0.468800,1,1.689200,15.027476,1.386149,1.149318,4.251208,0
2021-04-30,sh.600008,3.0300,3.0400,2.9500,2.9700,3.0100,35993313,107315657.8700,3,0.490300,1,-1.328900,13.204139,1.349665,1.061707,13.179121,0
2021-05-06,sh.600008,2.9800,3.0100,2.9500,2.9600,2.9700,35130022,104609843.5600,3,0.478600,1,-0.336700,13.159681,1.345120,1.058132,13.134747,0
2021-05-07,sh.600008,2.9700,2.9900,2.9400,2.9600,2.9600,30125272,89252505.9500,3,0.410400,1,0.000000,13.159681,1.345120,1.058132,13.134747,0
2021-05-10,sh.600008,2.9600,2.9900,2.9300,2.9400,2.9600,40480693,119849504.6900,3,0.551500,1,-0.675700,13.070764,1.336032,1.050983,13.045999,0
2021-05-11,sh.600008,2.9400,2.9800,2.9300,2.9800,2.9400,26146946,77296026.7400,3,0.356200,1,1.360500,13.248597,1.354209,1.065282,13.223495,0
2021-05-12,sh.600008,2.9600,2.9800,2.9400,2.9600,2.9800,30217509,89424660.5100,3,0.411600,1,-0.671100,13.159681,1.345120,1.058132,13.134747,0
2021-05-13,sh.600008,2.9600,2.9800,2.9400,2.9700,2.9600,30230698,89638644.2500,3,0.411800,1,0.337800,13.204139,1.349665,1.061707,13.179121,0
2021-05-14,sh.600008,2.9800,3.0400,2.9700,3.0300,2.9700,61051524,184402276.1700,3,0.831700,1,2.020200,13.470889,1.376931,1.083156,13.445366,0
2021-05-17,sh.600008,3.0600,3.0800,3.0100,3.0200,3.0300,43342094,131561655.9000,3,0.590400,1,-0.330000,13.426431,1.372386,1.079581,13.400992,0
2021-05-18,sh.600008,3.0500,3.0500,3.0100,3.0300,3.0200,37815192,114287693.8200,3,0.515200,1,0.331100,13.470889,1.376931,1.083156,13.445366,0
2021-05-19,sh.600008,3.0200,3.0300,2.9800,3.0000,3.0300,33457244,100257325.4600,3,0.455800,1,-0.990100,13.337514,1.363298,1.072431,13.312243,0
2021-05-20,sh.600008,2.9900,3.0200,2.9700,3.0100,3.0000,27169202,81452561.7200,3,0.370100,1,0.333300,13.381973,1.367842,1.076006,13.356618,0
2021-05-21,sh.600008,3.0100,3.0200,2.9800,2.9900,3.0100,26741850,80015147.4800,3,0.364300,1,-0.664500,13.293056,1.358753,1.068856,13.267869,0
2021-05-24,sh.600008,2.9900,3.0400,2.9900,3.0200,2.9900,35301183,106444630.6900,3,0.480900,1,1.003300,13.426431,1.372386,1.079581,13.400992,0
2021-05-25,sh.600008,3.0000,3.0300,2.9800,3.0200,3.0200,35320406,106349829.8800,3,0.481200,1,0.000000,13.426431,1.372386,1.079581,13.400992,0
2021-05-26,sh.600008,3.0200,3.0500,3.0100,3.0300,3.0200,45290794,137119969.5900,3,0.617000,1,0.331100,13.470889,1.376931,1.083156,13.445366,0
2021-05-27,sh.600008,3.0300,3.0400,3.0100,3.0300,3.0300,32735424,99026919.4600,3,0.446000,1,0.000000,13.470889,1.376931,1.083156,13.445366,0
2021-05-28,sh.600008,3.0000,3.0000,2.9400,2.9400,2.9600,37981561,112435246.8000,3,0.517400,1,-0.675700,13.070764,1.336032,1.050983,13.045999,0
2021-05-31,sh.600008,2.9400,2.9700,2.9200,2.9300,2.9400,35768962,104927309.1600,3,0.487300,1,-0.340100,13.026305,1.331487,1.047408,13.001624,0
2021-06-01,sh.600008,2.9600,3.1800,2.9500,3.0800,2.9300,180338561,559153215.9500,3,2.456700,1,5.119500,13.693181,1.399652,1.101029,13.667237,0
2021-06-02,sh.600008,3.0500,3.1500,3.0400,3.1200,3.0800,105285549,327662124.8400,3,1.434300,1,1.298700,13.871015,1.417830,1.115328,13.844733,0
2021-06-03,sh.600008,3.1300,3.1300,3.0800,3.1100,3.1200,59218854,184086329.3700,3,0.806700,1,-0.320500,13.826556,1.413285,1.111754,13.800359,0
2021-06-04,sh.600008,3.1300,3.1300,3.0800,3.1100,3.1100,46511405,144328069.6600,3,0.633600,1,0.000000,13.826556,1.413285,1.111754,13.800359,0
2021-06-07,sh.600008,3.1200,3.1300,3.0600,3.0900,3.1100,45205832,139196037.3600,3,0.615800,1,-0.643100,13.737640,1.404197,1.104604,13.711611,0
2021-06-08,sh.600008,3.0900,3.0900,3.0500,3.0600,3.0900,37475459,114829081.2400,3,0.510500,1,-0.970900,13.604264,1.390564,1.093880,13.578488,0
2021-06-09,sh.600008,3.0600,3.0700,3.0300,3.0400,3.0600,31581170,96150971.3300,3,0.430200,1,-0.653600,13.515348,1.381475,1.086730,13.489740,0
2021-06-10,sh.600008,3.0500,3.0600,3.0200,3.0500,3.0400,34436922,104757076.4800,3,0.469100,1,0.328900,13.559806,1.386019,1.090305,13.534114,0
2021-06-11,sh.600008,3.0400,3.0700,3.0300,3.0300,3.0500,41905350,127759454.6900,3,0.570900,1,-0.655700,13.470889,1.376931,1.083156,13.445366,0
2021-06-15,sh.600008,3.0400,3.0500,2.9700,2.9800,3.0300,44802314,134535700.8700,3,0.610300,1,-1.650200,13.248597,1.354209,1.065282,13.223495,0
2021-06-16,sh.600008,2.9900,3.0200,2.9600,3.0000,2.9800,32352987,96801270.3800,3,0.440700,1,0.671100,13.337514,1.363298,1.072431,13.312243,0
2021-06-17,sh.600008,2.9900,3.0100,2.9700,2.9700,3.0000,25366090,75700623.6600,3,0.345600,1,-1.000000,13.204139,1.349665,1.061707,13.179121,0
2021-06-18,sh.600008,2.9800,3.0700,2.9600,3.0300,2.9700,55128100,166620520.4600,3,0.751000,1,2.020200,13.470889,1.376931,1.083156,13.445366,0
2021-06-21,sh.600008,3.0500,3.0900,3.0300,3.0700,3.0300,50248446,153686824.9300,3,0.684500,1,1.320100,13.648723,1.395108,1.097455,13.622862,0
2021-06-22,sh.600008,3.0600,3.0900,3.0500,3.0900,3.0700,47192165,145248609.6400,3,0.642900,1,0.651500,13.737640,1.404197,1.104604,13.711611,0
2021-06-23,sh.600008,3.0800,3.1300,3.0700,3.0900,3.0900,44328849,137188470.6100,3,0.603900,1,0.000000,13.737640,1.404197,1.104604,13.711611,0
2021-06-24,sh.600008,3.0900,3.1200,3.0700,3.1000,3.0900,42979606,133170449.0800,3,0.585500,1,0.323600,13.782098,1.408741,1.108179,13.755985,0
2021-06-25,sh.600008,3.0900,3.1100,3.0600,3.0900,3.1000,41435477,127970209.2000,3,0.564500,1,-0.322600,13.737640,1.404197,1.104604,13.711611,0
2021-06-28,sh.600008,3.1000,3.1000,3.0500,3.0500,3.0900,33883978,104120937.3300,3,0.461600,1,-1.294500,13.559806,1.386019,1.090305,13.534114,0
2021-06-29,sh.600008,3.0500,3.0800,3.0200,3.0300,3.0500,35479116,108041612.7500,3,0.483300,1,-0.655700,13.470889,1.376931,1.083156,13.445366,0
2021-06-30,sh.600008,3.0300,3.0500,3.0000,3.0100,3.0300,29747337,89915475.9300,3,0.405200,1,-0.660100,13.381973,1.367842,1.076006,13.356618,0
2021-07-01,sh.600008,3.0200,3.0300,3.0000,3.0000,3.0100,24840833,74800991.9100,3,0.338400,1,-0.332200,13.337514,1.363298,1.072431,13.312243,0
2021-07-02,sh.600008,3.0000,3.0100,2.9700,2.9900,3.0000,28909217,86372774.7200,3,0.393800,1,-0.333300,13.293056,1.358753,1.068856,13.267869,0
2021-07-05,sh.600008,2.9800,3.0000,2.9700,2.9800,2.9900,28890261,86190409.2000,3,0.393600,1,-0.334400,13.248597,1.354209,1.065282,13.223495,0
2021-07-06,sh.600008,2.9800,3.0000,2.9700,2.9900,2.9800,27203172,81263973.7600,3,0.370600,1,0.335600,13.293056,1.358753,1.068856,13.267869,0
2021-07-07,sh.600008,2.9800,2.9900,2.9600,2.9800,2.9900,36334783,108220323.8600,3,0.495000,1,-0.334400,13.248597,1.354209,1.065282,13.223495,0
2021-07-08,sh.600008,2.9900,3.0400,2.9800,2.9900,2.9800,36408384,109354273.9000,3,0.496000,1,0.335600,13.293056,1.358753,1.068856,13.267869,0
2021-07-09,sh.600008,3.0400,3.1200,3.0300,3.1100,2.9900,121312355,374356527.7200,3,1.652600,1,4.013400,13.826556,1.413285,1.111754,13.800359,0
2021-07-12,sh.600008,3.1100,3.2800,3.1000,3.1900,3.1100,162748063,519941560.2700,3,2.217100,1,2.572300,14.182223,1.449640,1.140352,14.155352,0
2021-07-13,sh.600008,3.1900,3.2600,3.1800,3.2400,3.1900,117334611,378347197.5900,3,1.598400,1,1.567400,14.404515,1.472362,1.158226,14.377223,0
2021-07-14,sh.600008,3.2500,3.2800,3.1900,3.2200,3.2400,155741638,502476287.6800,3,2.121600,1,-0.617300,14.315599,1.463273,1.151076,14.288475,0
2021-07-15,sh.600008,3.2200,3.2600,3.1700,3.2200,3.2200,117397334,376242215.6000,3,1.599300,1,0.000000,14.315599,1.463273,1.151076,14.288475,0
2021-07-16,sh.600008,3.2000,3.3300,3.1900,3.2800,3.2200,152186941,498058044.1300,3,2.073200,1,1.863400,14.582349,1.490539,1.172525,14.554720,0
2021-07-19,sh.600008,3.2900,3.3100,3.2400,3.2800,3.2800,65597358,214457708.0800,3,0.893600,1,0.000000,14.582349,1.490539,1.172525,14.554720,0
2021-07-20,sh.600008,3.2700,3.2700,3.2000,3.2400,3.2800,68336713,220268421.1600,3,0.930900,1,-1.219500,14.404515,1.472362,1.158226,14.377223,0
2021-07-21,sh.600008,3.2500,3.3000,3.2100,3.2900,3.2400,95788083,312720157.6100,3,1.304900,1,1.543200,14.626807,1.495083,1.176100,14.599094,0
2021-07-22,sh.600008,3.2700,3.2900,3.2400,3.2600,3.2900,59848001,194932180.2500,3,0.815300,1,-0.911900,14.493432,1.481450,1.165375,14.465971,0
2021-07-23,sh.600008,3.2600,3.2900,3.2200,3.2800,3.2600,57305613,186828732.8300,3,0.780700,1,0.613500,14.582349,1.490539,1.172525,14.554720,0
2021-07-26,sh.600008,3.2600,3.2600,3.1900,3.2200,3.2800,69367436,223820950.4600,3,0.945000,1,-1.829300,14.315599,1.463273,1.151076,14.288475,0
2021-07-27,sh.600008,3.2400,3.3100,3.2000,3.2200,3.2200,96458011,314065465.9100,3,1.314000,1,0.000000,14.315599,1.463273,1.151076,14.288475,0
2021-07-28,sh.600008,3.2000,3.2300,3.1200,3.1300,3.2200,94073962,297881780.6800,3,1.281600,1,-2.795000,13.915473,1.422374,1.118903,13.889107,0
2021-07-29,sh.600008,3.1500,3.1700,3.1100,3.1300,3.1300,69674386,218259969.1800,3,0.949200,1,0.000000,13.915473,1.422374,1.118903,13.889107,0
2021-07-30,sh.600008,3.1200,3.1800,3.0900,3.1700,3.1300,58689145,184599937.1400,3,0.799500,1,1.278000,14.093307,1.440551,1.133202,14.066604,0
2021-08-02,sh.600008,3.1600,3.3300,3.1400,3.3000,3.1700,156988400,512018974.6200,3,2.138600,1,4.100900,14.671266,1.499627,1.179674,14.643468,0
2021-08-03,sh.600008,3.3000,3.3200,3.2600,3.2800,3.3000,81599928,268032988.3000,3,1.111600,1,-0.606100,14.582349,1.490539,1.172525,14.554720,0
2021-08-04,sh.600008,3.3000,3.3000,3.2400,3.2600,3.2800,58593449,191284433.3400,3,0.798200,1,-0.609800,14.493432,1.481450,1.165375,14.465971,0
2021-08-05,sh.600008,3.2600,3.2700,3.2200,3.2400,3.2600,57199715,185847950.3100,3,0.779200,1,-0.613500,14.404515,1.472362,1.158226,14.377223,0
2021-08-06,sh.600008,3.2500,3.3200,3.2200,3.3000,3.2400,122606675,402742125.5300,3,1.670300,1,1.851900,14.671266,1.499627,1.179674,14.643468,0
2021-08-09,sh.600008,3.3000,3.3100,3.2700,3.2800,3.3000,85391078,280832662.5600,3,1.163300,1,-0.606100,14.582349,1.490539,1.172525,14.554720,0
2021-08-10,sh.600008,3.2700,3.2800,3.2500,3.2700,3.2800,60859780,198622023.7700,3,0.829100,1,-0.304900,14.537890,1.485995,1.168950,14.510345,0
2021-08-11,sh.600008,3.2800,3.3000,3.2500,3.2600,3.2700,53755912,175637051.4300,3,0.732300,1,-0.305800,14.493432,1.481450,1.165375,14.465971,0
2021-08-12,sh.600008,3.2600,3.2700,3.1800,3.2100,3.2600,82643910,265776841.1900,3,1.125800,1,-1.533700,14.271140,1.458729,1.147501,14.244101,0
2021-08-13,sh.600008,3.2300,3.4500,3.2200,3.2600,3.2100,201816812,669867810.2600,3,2.749300,1,1.557600,14.493432,1.481450,1.165375,14.465971,0
2021-08-16,sh.600008,3.2700,3.3900,3.2600,3.3100,3.2600,172355374,573286707.7500,3,2.348000,1,1.533700,14.715724,1.504172,1.183249,14.687842,0
2021-08-17,sh.600008,3.3200,3.3500,3.2600,3.2600,3.3100,134266673,443866810.4800,3,1.829100,1,-1.510600,14.493432,1.481450,1.165375,14.465971,0
2021-08-18,sh.600008,3.2600,3.3200,3.2400,3.3100,3.2600,108975961,358480859.8900,3,1.484600,1,1.533700,14.715724,1.504172,1.183249,14.687842,0
2021-08-19,sh.600008,3.3100,3.3300,3.2500,3.2900,3.3100,77617948,255122585.9000,3,1.057400,1,-0.604200,14.626807,1.495083,1.176100,14.599094,0
2021-08-20,sh.600008,3.3000,3.3000,3.2200,3.2500,3.2900,75442416,245642558.8800,3,1.027700,1,-1.215800,14.448974,1.476906,1.161800,14.421597,0
2021-08-23,sh.600008,3.2600,3.3300,3.2500,3.3100,3.2500,115689379,382439652.6800,3,1.576000,1,1.846200,14.715724,1.504172,1.183249,14.687842,0
2021-08-24,sh.600008,3.3300,3.4000,3.3000,3.3900,3.3100,196273796,660454418.2000,3,2.673800,1,2.416900,15.071391,1.540526,1.211847,15.042835,0
2021-08-25,sh.600008,3.4000,3.5500,3.3600,3.5400,3.3900,245774780,851760255.0700,3,3.348200,1,4.424800,15.738267,1.608691,1.265469,15.708447,0
2021-08-26,sh.600008,3.5300,3.5900,3.5100,3.5600,3.5400,145959541,519423868.0600,3,1.988400,1,0.565000,15.827183,1.617780,1.272618,15.797196,0
2021-08-27,sh.600008,3.5300,3.6100,3.5100,3.5400,3.5600,97989377,347165651.9000,3,1.334900,1,-0.561800,15.738267,1.608691,1.265469,15.708447,0
2021-08-30,sh.600008,3.5600,3.7200,3.5500,3.6800,3.5400,181536594,663641697.5900,3,2.473100,1,3.954800,10.923329,1.604946,1.292853,16.130807,0
2021-08-31,sh.600008,3.7600,3.8100,3.6400,3.7200,3.6800,198192475,735860672.3400,3,2.700000,1,1.087000,11.042061,1.622391,1.306906,16.306142,0
2021-09-01,sh.600008,3.7500,4.0300,3.7300,3.7900,3.7200,295525328,1138569034.6800,3,4.025900,1,1.881700,11.249842,1.652920,1.331499,16.612978,0
2021-09-02,sh.600008,3.8000,3.9000,3.7100,3.8500,3.7900,179802707,687286533.2200,3,2.449400,1,1.583100,11.427939,1.679088,1.352578,16.875980,0
2021-09-03,sh.600008,3.8800,3.9500,3.7700,3.8100,3.8500,149170919,571892171.8300,3,2.032100,1,-1.039000,11.309207,1.661643,1.338525,16.700646,0
2021-09-06,sh.600008,3.8700,3.9000,3.7600,3.8100,3.8100,123205419,470479682.8600,3,1.678400,1,0.000000,11.309207,1.661643,1.338525,16.700646,0
2021-09-07,sh.600008,3.7700,3.8500,3.7600,3.8200,3.8100,108198794,412246512.9700,3,1.474000,1,0.262500,11.338890,1.666004,1.342038,16.744479,0
2021-09-08,sh.600008,3.8600,3.9700,3.8300,3.9400,3.8200,142974913,558269629.3800,3,1.947700,1,3.141400,11.695086,1.718339,1.384196,17.270484,0
2021-09-09,sh.600008,3.9300,4.0600,3.8800,3.9900,3.9400,168082033,667738278.4500,3,2.289800,1,1.269000,11.843501,1.740145,1.401762,17.489652,0
2021-09-10,sh.600008,4.0100,4.0900,3.9600,3.9800,3.9900,158737174,637059597.1300,3,2.162500,1,-0.250600,11.813818,1.735784,1.398249,17.445819,0
2021-09-13,sh.600008,4.0700,4.1500,4.0100,4.0700,3.9800,180068201,735161386.8000,3,2.453000,1,2.261300,12.080964,1.775036,1.429868,17.840322,0
2021-09-14,sh.600008,4.0900,4.1400,3.9800,3.9800,4.0700,163544727,658898723.3900,3,2.228000,1,-2.211300,11.813818,1.735784,1.398249,17.445819,0
2021-09-15,sh.600008,3.9600,4.1200,3.9500,4.1100,3.9800,164921256,670723604.3100,3,2.246700,1,3.266300,12.199696,1.792481,1.443921,18.015657,0
2021-09-16,sh.600008,4.1100,4.1500,3.9500,3.9600,4.1100,152935349,616875074.0800,3,2.083400,1,-3.649600,11.754452,1.727062,1.391223,17.358151,0
2021-09-17,sh.600008,3.9300,4.0100,3.8200,3.9200,3.9600,133009142,520232867.6700,3,1.812000,1,-1.010100,11.635720,1.709617,1.377170,17.182816,0
2021-09-22,sh.600008,3.8700,3.9800,3.8400,3.9700,3.9200,97583014,383568208.3200,3,1.329400,1,1.275500,11.784135,1.731423,1.394736,17.401985,0
2021-09-23,sh.600008,4.0300,4.3700,4.0200,4.3700,3.9700,350668064,1504517801.4000,3,4.777100,1,10.075600,12.971453,1.905874,1.535263,19.155334,0
2021-09-24,sh.600008,4.4800,4.5600,4.2200,4.2500,4.3700,383385600,1661665394.7300,3,5.222800,1,-2.746000,12.615258,1.853538,1.493105,18.629329,0
2021-09-27,sh.600008,4.2300,4.3000,3.8300,3.8400,4.2500,347889440,1384592404.6800,3,4.739300,1,-9.647100,11.398256,1.674726,1.349064,16.832147,0
2021-09-28,sh.600008,3.8100,3.9300,3.7600,3.8700,3.8400,182274323,700536822.4700,3,2.483100,1,0.781300,11.487305,1.687810,1.359604,16.963648,0
2021-09-29,sh.600008,3.8000,3.8400,3.6700,3.7000,3.8700,167409144,625378293.5800,3,2.280600,1,-4.392800,10.982695,1.613669,1.299880,16.218475,0
2021-09-30,sh.600008,3.7000,3.7400,3.6300,3.7100,3.7000,141587945,522500350.8700,3,1.928800,1,0.270300,11.012378,1.618030,1.303393,16.262308,0
2021-10-08,sh.600008,3.8300,4.0500,3.8100,3.8700,3.7100,263810695,1037764756.1600,3,3.593900,1,4.312700,11.487305,1.687810,1.359604,16.963648,0
2021-10-11,sh.600008,3.8400,3.8700,3.6600,3.7100,3.8700,183006376,682691463.2500,3,2.493100,1,-4.134400,11.012378,1.618030,1.303393,16.262308,0
2021-10-12,sh.600008,3.6700,3.7300,3.5200,3.5800,3.7100,164864567,594149391.6600,3,2.245900,1,-3.504000,10.626499,1.561333,1.257722,15.692470,0
2021-10-13,sh.600008,3.6000,3.6100,3.4400,3.4900,3.5800,118444000,413496656.8800,3,1.613500,1,-2.514000,10.359353,1.522082,1.226103,15.297967,0
2021-10-14,sh.600008,3.4900,3.5400,3.4600,3.4900,3.4900,76917994,269139207.6400,3,1.047800,1,0.000000,10.359353,1.522082,1.226103,15.297967,0
2021-10-15,sh.600008,3.5000,3.5200,3.4200,3.4300,3.4900,105096281,362695458.0700,3,1.431700,1,-1.719200,10.181255,1.495914,1.205024,15.034964,0
2021-10-18,sh.600008,3.4200,3.5200,3.4100,3.4600,3.4300,97825062,340472850.6900,3,1.332700,1,0.874600,10.270304,1.508998,1.215563,15.166466,0
2021-10-19,sh.600008,3.4600,3.5100,3.4200,3.5000,3.4600,88384530,307172828.8700,3,1.204100,1,1.156100,10.389036,1.526443,1.229616,15.341800,0
2021-10-20,sh.600008,3.5000,3.5000,3.4300,3.4600,3.5000,79183383,274641518.5800,3,1.078700,1,-1.142900,10.270304,1.508998,1.215563,15.166466,0
2021-10-21,sh.600008,3.4500,3.4800,3.4100,3.4200,3.4600,99251772,342241675.1900,3,1.352100,1,-1.156100,10.151572,1.491553,1.201511,14.991131,0
2021-10-22,sh.600008,3.4400,3.4400,3.3200,3.3300,3.4200,133034108,446377313.2100,3,1.812300,1,-2.631600,9.884425,1.452302,1.169892,14.596627,0
2021-10-25,sh.600008,3.3100,3.3900,3.3000,3.3500,3.3300,91970854,308355798.4500,3,1.252900,1,0.600600,9.943791,1.461024,1.176918,14.684295,0
2021-10-26,sh.600008,3.3400,3.4700,3.3300,3.3900,3.3500,111282296,380202862.0300,3,1.516000,1,1.194000,10.062523,1.478469,1.190971,14.859630,0
2021-10-27,sh.600008,3.4000,3.4200,3.3400,3.3900,3.3900,95409593,322510469.9500,3,1.299800,1,0.000000,10.062523,1.478469,1.190971,14.859630,0
2021-10-28,sh.600008,3.3900,3.4000,3.2700,3.3000,3.3900,107919740,358226796.0600,3,1.470200,1,-2.654900,9.795377,1.439218,1.159352,14.465126,0
2021-10-29,sh.600008,3.3100,3.3800,3.2500,3.3600,3.3000,98383576,326338852.4900,3,1.340300,1,1.818200,9.973474,1.465386,1.180431,14.728128,0
2021-11-01,sh.600008,3.3300,3.3300,3.1800,3.2300,3.3600,217663941,703806413.3500,3,2.965200,1,-3.869000,9.653648,1.364655,1.036553,-20.720828,0
2021-11-02,sh.600008,3.2500,3.2800,3.1100,3.1500,3.2300,185868128,592790970.0100,3,2.532100,1,-2.476800,9.414549,1.330855,1.010880,-20.207618,0
2021-11-03,sh.600008,3.1500,3.2000,3.1200,3.1700,3.1500,87363631,276561416.6200,3,1.190100,1,0.634900,9.474324,1.339305,1.017298,-20.335921,0
2021-11-04,sh.600008,3.2500,3.2600,3.2000,3.2200,3.1700,105758332,341324717.8800,3,1.440700,1,1.577300,9.623761,1.360430,1.033344,-20.656677,0
2021-11-05,sh.600008,3.2000,3.2100,3.1200,3.1300,3.2200,104581885,330112555.7900,3,1.424700,1,-2.795000,9.354774,1.322406,1.004461,-20.079316,0
2021-11-08,sh.600008,3.2100,3.2600,3.1700,3.2200,3.1300,144875172,466788269.9000,3,1.973600,1,2.875400,9.623761,1.360430,1.033344,-20.656677,0
2021-11-09,sh.600008,3.2300,3.2500,3.1700,3.1800,3.2200,104280336,333311119.7100,3,1.420600,1,-1.242200,9.504211,1.343530,1.020507,-20.400072,0
2021-11-10,sh.600008,3.1600,3.1900,3.1200,3.1800,3.1800,99477266,313134196.3100,3,1.355200,1,0.000000,9.504211,1.343530,1.020507,-20.400072,0
2021-11-11,sh.600008,3.1700,3.2400,3.1600,3.2000,3.1800,105180064,337325897.9300,3,1.432900,1,0.628900,9.563986,1.351980,1.026925,-20.528374,0
2021-11-12,sh.600008,3.2100,3.2100,3.1600,3.1900,3.2000,89751367,285703451.5500,3,1.222700,1,-0.312500,9.534099,1.347755,1.023716,-20.464223,0
2021-11-15,sh.600008,3.1800,3.2200,3.1500,3.2100,3.1900,79820965,254427364.9700,3,1.087400,1,0.627000,9.593874,1.356205,1.030135,-20.592525,0
2021-11-16,sh.600008,3.2000,3.2100,3.1500,3.1500,3.2100,83460482,265054301.7500,3,1.137000,1,-1.869200,9.414549,1.330855,1.010880,-20.207618,0
2021-11-17,sh.600008,3.1500,3.1800,3.1400,3.1700,3.1500,61458599,194459376.0400,3,0.837200,1,0.634900,9.474324,1.339305,1.017298,-20.335921,0
2021-11-18,sh.600008,3.1700,3.2000,3.1500,3.1700,3.1700,71462805,227096593.1300,3,0.973500,1,0.000000,9.474324,1.339305,1.017298,-20.335921,0
2021-11-19,sh.600008,3.1800,3.2200,3.1600,3.2200,3.1700,104372285,333578419.3700,3,1.421900,1,1.577300,9.623761,1.360430,1.033344,-20.656677,0
2021-11-22,sh.600008,3.2300,3.2400,3.1900,3.2300,3.2200,86867045,279911038.5000,3,1.183400,1,0.310600,9.653648,1.364655,1.036553,-20.720828,0
2021-11-23,sh.600008,3.2200,3.3100,3.2100,3.2800,3.2300,110632033,362069490.4000,3,1.507100,1,1.548000,9.803086,1.385780,1.052599,-21.041584,0
2021-11-24,sh.600008,3.2900,3.2900,3.2300,3.2600,3.2800,82283948,267635194.5300,3,1.120900,1,-0.609800,9.743311,1.377330,1.046180,-20.913281,0
2021-11-25,sh.600008,3.2500,3.2700,3.2300,3.2400,3.2600,65666559,213054512.6600,3,0.894600,1,-0.613500,9.683536,1.368880,1.039762,-20.784979,0
2021-11-26,sh.600008,3.2500,3.3200,3.2400,3.2800,3.2400,98619799,323754524.5900,3,1.343500,1,1.234600,9.803086,1.385780,1.052599,-21.041584,0
2021-11-29,sh.600008,3.2300,3.2500,3.1800,3.2000,3.2800,110918752,356610592.8600,3,1.511000,1,-2.439000,9.563986,1.351980,1.026925,-20.528374,0
2021-11-30,sh.600008,3.2100,3.2900,3.2000,3.2400,3.2000,107243967,348380173.3200,3,1.461000,1,1.250000,9.683536,1.368880,1.039762,-20.784979,0
2021-12-01,sh.600008,3.2400,3.2900,3.2200,3.2900,3.2400,89957208,292820996.3600,3,1.225500,1,1.543200,9.832973,1.390005,1.055808,-21.105735,0
2021-12-02,sh.600008,3.2800,3.3300,3.2800,3.2900,3.2900,99804953,329522073.6300,3,1.359600,1,0.000000,9.832973,1.390005,1.055808,-21.105735,0
2021-12-03,sh.600008,3.2900,3.3500,3.2700,3.3400,3.2900,106815352,354368938.2500,3,1.455100,1,1.519800,9.982411,1.411129,1.071853,-21.426491,0
2021-12-06,sh.600008,3.3600,3.3800,3.3100,3.3200,3.3400,100614918,336555065.0900,3,1.370700,1,-0.598800,9.922636,1.402679,1.065435,-21.298188,0
2021-12-07,sh.600008,3.3300,3.3600,3.2800,3.3200,3.3200,99062151,328682665.6200,3,1.349500,1,0.000000,9.922636,1.402679,1.065435,-21.298188,0
2021-12-08,sh.600008,3.3200,3.3400,3.3000,3.3400,3.3200,73697534,244934943.0600,3,1.004000,1,0.602400,9.982411,1.411129,1.071853,-21.426491,0
2021-12-09,sh.600008,3.3300,3.3500,3.3100,3.3300,3.3400,85094559,283662801.9300,3,1.159200,1,-0.299400,9.952523,1.406904,1.068644,-21.362339,0
2021-12-10,sh.600008,3.3300,3.3700,3.3200,3.3300,3.3300,98404623,328912017.8500,3,1.340600,1,0.000000,9.952523,1.406904,1.068644,-21.362339,0
2021-12-13,sh.600008,3.3300,3.3500,3.3200,3.3200,3.3300,78437092,261261637.1400,3,1.068500,1,-0.300300,9.922636,1.402679,1.065435,-21.298188,0
2021-12-14,sh.600008,3.3200,3.3200,3.2700,3.2700,3.3200,86537664,284259677.4800,3,1.178900,1,-1.506000,9.773198,1.381555,1.049389,-20.977432,0
2021-12-15,sh.600008,3.2600,3.3500,3.2500,3.3200,3.2700,103821676,343917285.5300,3,1.414400,1,1.529100,9.922636,1.402679,1.065435,-21.298188,0
2021-12-16,sh.600008,3.3300,3.4200,3.3200,3.4100,3.3200,163487690,552478139.2800,3,2.227200,1,2.710800,10.191623,1.440704,1.094317,-21.875549,0
2021-12-17,sh.600008,3.4300,3.4700,3.4000,3.4200,3.4100,132162734,453673687.1800,3,1.800400,1,0.293300,10.221510,1.444929,1.097527,-21.939700,0
2021-12-20,sh.600008,3.4100,3.4100,3.3600,3.3700,3.4200,96249338,324943566.7400,3,1.311200,1,-1.462000,10.072073,1.423804,1.081481,-21.618944,0
2021-12-21,sh.600008,3.3600,3.4800,3.3400,3.4700,3.3700,112342472,383566036.1100,3,1.530400,1,2.967400,10.370947,1.466053,1.113572,-22.260456,0
2021-12-22,sh.600008,3.4700,3.4800,3.4000,3.4200,3.4700,97706822,335425002.8900,3,1.331000,1,-1.440900,10.221510,1.444929,1.097527,-21.939700,0
2021-12-23,sh.600008,3.4100,3.4400,3.3800,3.4300,3.4200,73411061,250814532.1600,3,1.000100,1,0.292400,10.251398,1.449154,1.100736,-22.003851,0
2021-12-24,sh.600008,3.4300,3.4400,3.3800,3.3800,3.4300,79373906,269819385.6700,3,1.081300,1,-1.457700,10.101960,1.428029,1.084690,-21.683095,0
2021-12-27,sh.600008,3.3800,3.4300,3.3600,3.3900,3.3800,69293890,235448256.4000,3,0.944000,1,0.295900,10.131848,1.432254,1.087899,-21.747246,0
2021-12-28,sh.600008,3.4000,3.4100,3.3300,3.3600,3.3900,82278930,275695022.9200,3,1.120900,1,-0.885000,10.042185,1.419579,1.078272,-21.554793,0
2021-12-29,sh.600008,3.3600,3.4000,3.3200,3.3700,3.3600,74089366,248538858.0600,3,1.009300,1,0.297600,10.072073,1.423804,1.081481,-21.618944,0
2021-12-30,sh.600008,3.3600,3.3700,3.3400,3.3600,3.3700,57252257,192117811.6500,3,0.779900,1,-0.296700,10.042185,1.419579,1.078272,-21.554793,0
2021-12-31,sh.600008,3.3600,3.4200,3.3400,3.4100,3.3600,84171694,285314924.7700,3,1.146700,1,1.488100,10.191623,1.440704,1.094317,-21.875549,0
2022-01-04,sh.600008,3.4100,3.5200,3.4000,3.4900,3.4100,152214235,529276170.8700,3,2.073600,1,2.346000,10.430722,1.474503,1.119991,-22.388758,0
2022-01-05,sh.600008,3.4900,3.5400,3.4600,3.4700,3.4900,121817284,425580555.6800,3,1.659500,1,-0.573100,10.370947,1.466053,1.113572,-22.260456,0
2022-01-06,sh.600008,3.4500,3.5600,3.4400,3.5500,3.4700,134454170,473469650.8700,3,1.831700,1,2.305500,10.610047,1.499853,1.139245,-22.773665,0
2022-01-07,sh.600008,3.5300,3.5600,3.5000,3.5200,3.5500,116262750,410073464.4700,3,1.583800,1,-0.845100,10.520385,1.487178,1.129618,-22.581212,0
2022-01-10,sh.600008,3.5000,3.5300,3.4700,3.5000,3.5200,107048718,374109815.2200,3,1.458300,1,-0.568200,10.460610,1.478728,1.123200,-22.452909,0
2022-01-11,sh.600008,3.4900,3.5200,3.4600,3.4600,3.5000,90668747,316387743.2400,3,1.235200,1,-1.142900,10.341060,1.461829,1.110363,-22.196305,0
2022-01-12,sh.600008,3.4800,3.4900,3.4500,3.4700,3.4600,61762546,214247830.7900,3,0.841400,1,0.289000,10.370947,1.466053,1.113572,-22.260456,0
2022-01-13,sh.600008,3.4700,3.5200,3.4500,3.4700,3.4700,82321885,287116911.9800,3,1.121500,1,0.000000,10.370947,1.466053,1.113572,-22.260456,0
2022-01-14,sh.600008,3.4600,3.4700,3.3800,3.3900,3.4700,101241558,345899187.4200,3,1.379200,1,-2.305500,10.131848,1.432254,1.087899,-21.747246,0
2022-01-17,sh.600008,3.3800,3.4200,3.3700,3.4100,3.3900,57980360,197423344.1600,3,0.789900,1,0.590000,10.191623,1.440704,1.094317,-21.875549,0
2022-01-18,sh.600008,3.4000,3.4200,3.3700,3.3900,3.4100,71829567,243128555.6500,3,0.978500,1,-0.586500,10.131848,1.432254,1.087899,-21.747246,0
2022-01-19,sh.600008,3.3700,3.4100,3.3600,3.4000,3.3900,59080637,200387986.9600,3,0.804800,1,0.295000,10.161735,1.436479,1.091108,-21.811398,0
2022-01-20,sh.600008,3.3900,3.4300,3.3600,3.3800,3.4000,66767783,226313760.6200,3,0.909600,1,-0.588200,10.101960,1.428029,1.084690,-21.683095,0
2022-01-21,sh.600008,3.3700,3.3700,3.3300,3.3500,3.3800,61518845,205749521.8800,3,0.838100,1,-0.887600,10.012298,1.415354,1.075063,-21.490642,0
2022-01-24,sh.600008,3.3400,3.3400,3.2900,3.3000,3.3500,55413470,183442336.9000,3,0.754900,1,-1.492500,9.862861,1.394230,1.059017,-21.169886,0
2022-01-25,sh.600008,3.2900,3.2900,3.1500,3.1600,3.3000,94754874,304838724.3400,3,1.290800,1,-4.242400,9.444436,1.335080,1.014089,-20.271770,0
2022-01-26,sh.600008,3.1500,3.2000,3.1500,3.1800,3.1600,60793524,193099432.8400,3,0.828200,1,0.632900,9.504211,1.343530,1.020507,-20.400072,0
2022-01-27,sh.600008,3.1800,3.1900,3.1200,3.1400,3.1800,56433078,178045175.2900,3,0.768800,1,-1.257900,9.384661,1.326631,1.007671,-20.143467,0
2022-01-28,sh.600008,3.1700,3.1900,3.1100,3.1600,3.1400,60621956,191129591.3200,3,0.825800,1,0.636900,9.444436,1.335080,1.014089,-20.271770,0
2022-02-07,sh.600008,3.1900,3.2800,3.1900,3.2700,3.1600,86126075,279463899.8700,3,1.173300,1,3.481000,9.773198,1.381555,1.049389,-20.977432,0
2022-02-08,sh.600008,3.2600,3.4300,3.2500,3.4100,3.2700,151262733,509972694.7000,3,2.060600,1,4.281300,10.191623,1.440704,1.094317,-21.875549,0
2022-02-09,sh.600008,3.4000,3.4600,3.3800,3.4200,3.4100,112157985,384299956.5500,3,1.527900,1,0.293300,10.221510,1.444929,1.097527,-21.939700,0
2022-02-10,sh.600008,3.4600,3.5600,3.4600,3.4900,3.4200,166619794,584677702.1000,3,2.269800,1,2.046800,10.430722,1.474503,1.119991,-22.388758,0
2022-02-11,sh.600008,3.4900,3.6300,3.4700,3.4800,3.4900,162840557,576285814.9300,3,2.218400,1,-0.286500,10.400835,1.470278,1.116781,-22.324607,0
2022-02-14,sh.600008,3.4600,3.5200,3.3800,3.4000,3.4800,104304774,358026667.0900,3,1.420900,1,-2.298900,10.161735,1.436479,1.091108,-21.811398,0
2022-02-15,sh.600008,3.4200,3.4300,3.3800,3.4000,3.4000,79462476,270046938.9500,3,1.082500,1,0.000000,10.161735,1.436479,1.091108,-21.811398,0
2022-02-16,sh.600008,3.4200,3.4400,3.3900,3.4200,3.4000,71597540,244630721.1600,3,0.975400,1,0.588200,10.221510,1.444929,1.097527,-21.939700,0
2022-02-17,sh.600008,3.4300,3.5100,3.4200,3.4600,3.4200,125134543,434594749.1500,3,1.704700,1,1.169600,10.341060,1.461829,1.110363,-22.196305,0
2022-02-18,sh.600008,3.4300,3.5700,3.4100,3.5300,3.4600,125726197,441297976.1100,3,1.712800,1,2.023100,10.550272,1.491403,1.132827,-22.645363,0
2022-02-21,sh.600008,3.5300,3.5400,3.4800,3.5100,3.5300,79613036,279182940.9800,3,1.084600,1,-0.566600,10.490497,1.482953,1.126409,-22.517061,0
2022-02-22,sh.600008,3.4800,3.5300,3.4600,3.4800,3.5100,75733635,264174782.6500,3,1.031700,1,-0.854700,10.400835,1.470278,1.116781,-22.324607,0
2022-02-23,sh.600008,3.5000,3.5300,3.4700,3.5100,3.4800,67627638,236201978.2600,3,0.921300,1,0.862100,10.490497,1.482953,1.126409,-22.517061,0
2022-02-24,sh.600008,3.4900,3.5600,3.3900,3.4400,3.5100,142967945,496147739.6400,3,1.947600,1,-1.994300,10.281285,1.453379,1.103945,-22.068002,0
2022-02-25,sh.600008,3.4700,3.5100,3.4300,3.4500,3.4400,88687823,308258263.6900,3,1.208200,1,0.290700,10.311173,1.457604,1.107154,-22.132154,0
2022-02-28,sh.600008,3.4500,3.4800,3.4000,3.4600,3.4500,65382741,225171712.0000,3,0.890700,1,0.289900,10.341060,1.461829,1.110363,0.000000,0
2022-03-01,sh.600008,3.4700,3.5100,3.4400,3.4700,3.4600,71781078,249066053.0000,3,0.977900,1,0.289000,10.370947,1.466053,1.113572,-22.260456,0
2022-03-02,sh.600008,3.4600,3.5000,3.4400,3.4900,3.4700,67215500,233674150.0000,3,0.915700,1,0.576400,10.430722,1.474503,1.119991,-22.388758,0
2022-03-03,sh.600008,3.5100,3.5600,3.4800,3.5500,3.4900,142070332,501012032.0000,3,1.935400,1,1.719200,10.610047,1.499853,1.139245,-22.773665,0
2022-03-04,sh.600008,3.5400,3.5500,3.4600,3.5100,3.5500,109183242,382102320.0000,3,1.487400,1,-1.126800,10.490497,1.482953,1.126409,-22.517061,0
2022-03-07,sh.600008,3.4800,3.5200,3.4100,3.4400,3.5100,92675178,321016496.0000,3,1.262500,1,-1.994300,10.281285,1.453379,1.103945,-22.068002,0
2022-03-08,sh.600008,3.4300,3.4400,3.2700,3.2900,3.4400,119387552,398840576.0000,3,1.626400,1,-4.360500,9.832973,1.390005,1.055808,-21.105735,0
2022-03-09,sh.600008,3.3000,3.3800,3.1500,3.2600,3.2900,140010719,458923360.0000,3,1.907300,1,-0.911900,9.743311,1.377330,1.046180,-20.913281,0
2022-03-10,sh.600008,3.3300,3.4300,3.2900,3.3900,3.2600,129047916,434252464.0000,3,1.758000,1,3.987700,10.131848,1.432254,1.087899,-21.747246,0
2022-03-11,sh.600008,3.3500,3.3700,3.2600,3.3600,3.3900,96358172,319749216.0000,3,1.312700,1,-0.885000,10.042185,1.419579,1.078272,-21.554793,0
2022-03-14,sh.600008,3.3400,3.3600,3.2100,3.2200,3.3600,99045482,325121264.0000,3,1.349300,1,-4.166700,9.623761,1.360430,1.033344,-20.656677,0
2022-03-15,sh.600008,3.1900,3.1900,3.0000,3.0000,3.2200,164605363,510970320.0000,3,2.242400,1,-6.832300,8.966237,1.267481,0.962743,-19.245351,0
2022-03-16,sh.600008,3.0500,3.0800,2.9200,3.0700,3.0000,129766230,391438080.0000,3,1.767800,1,2.333300,9.175449,1.297056,0.985207,-19.694409,0
2022-03-17,sh.600008,3.0900,3.1300,3.0600,3.0700,3.0700,94600485,292548560.0000,3,1.288700,1,0.000000,9.175449,1.297056,0.985207,-19.694409,0
2022-03-18,sh.600008,3.0600,3.1300,3.0500,3.1100,3.0700,72271510,223917093.4900,3,0.984500,1,1.302900,9.294999,1.313956,0.998043,-19.951014,0
2022-03-21,sh.600008,3.1100,3.1600,3.0800,3.1400,3.1100,84732024,264107004.9900,3,1.154300,1,0.964600,9.384661,1.326631,1.007671,-20.143467,0
2022-03-22,sh.600008,3.1300,3.1800,3.1100,3.1600,3.1400,69039544,217014425.3100,3,0.940500,1,0.636900,9.444436,1.335080,1.014089,-20.271770,0
2022-03-23,sh.600008,3.1600,3.1700,3.1100,3.1200,3.1600,61747681,193365163.8500,3,0.841200,1,-1.265800,9.324886,1.318181,1.001252,-20.015165,0
2022-03-24,sh.600008,3.1100,3.1100,3.0700,3.0800,3.1200,54364556,167938329.8400,3,0.740600,1,-1.282100,9.205337,1.301281,0.988416,-19.758560,0
2022-03-25,sh.600008,3.0800,3.1100,3.0600,3.0700,3.0800,45829620,141349570.1700,3,0.624300,1,-0.324700,9.175449,1.297056,0.985207,-19.694409,0
2022-03-28,sh.600008,3.0500,3.1100,3.0100,3.1100,3.0700,65976921,203134736.9600,3,0.898800,1,1.302900,9.294999,1.313956,0.998043,-19.951014,0
2022-03-29,sh.600008,3.1100,3.1300,3.0700,3.0800,3.1100,39464391,122034986.0900,3,0.537600,1,-0.964600,9.205337,1.301281,0.988416,-19.758560,0
2022-03-30,sh.600008,3.1000,3.1400,3.0800,3.1400,3.0800,55175809,171636550.4300,3,0.751700,1,1.948100,9.384661,1.326631,1.007671,-20.143467,0
2022-03-31,sh.600008,3.1300,3.1800,3.1200,3.1500,3.1400,72702956,229682898.7500,3,0.990400,1,0.318500,9.414549,1.330855,1.010880,-20.207618,0
2022-04-01,sh.600008,3.1700,3.2400,3.1500,3.2000,3.1500,97608113,312192141.1300,3,1.329700,1,1.587300,9.563986,1.351980,1.026925,-20.528374,0
2022-04-06,sh.600008,3.1800,3.2400,3.1700,3.2400,3.2000,71655368,229469769.0800,3,0.976200,1,1.250000,9.683536,1.368880,1.039762,-20.784979,0
2022-04-07,sh.600008,3.2100,3.2400,3.1600,3.1600,3.2400,68979404,220083920.9300,3,0.939700,1,-2.469100,9.444436,1.335080,1.014089,-20.271770,0
2022-04-08,sh.600008,3.1700,3.2800,3.1400,3.2600,3.1600,120704629,388543890.4100,3,1.644300,1,3.164600,9.743311,1.377330,1.046180,-20.913281,0
2022-04-11,sh.600008,3.2800,3.2800,3.1100,3.1300,3.2600,138382125,441506497.0100,3,1.885200,1,-3.987700,10.044308,1.320659,1.033440,-33.574518,0
2022-04-12,sh.600008,3.1300,3.1700,3.0600,3.1600,3.1300,87580489,273128361.2300,3,1.193100,1,0.958500,10.140580,1.333317,1.043345,-33.896319,0
2022-04-13,sh.600008,3.1600,3.1700,3.1100,3.1200,3.1600,62085379,194704370.0700,3,0.845800,1,-1.265800,10.012218,1.316439,1.030138,-33.467252,0
2022-04-14,sh.600008,3.1200,3.1800,3.1200,3.1400,3.1200,50839519,160133733.4600,3,0.692600,1,0.641000,10.076399,1.324878,1.036742,-33.681785,0
2022-04-15,sh.600008,3.1500,3.2600,3.1300,3.1500,3.1400,93096070,296767620.5000,3,1.268200,1,0.318500,10.108489,1.329098,1.040043,-33.789052,0
2022-04-18,sh.600008,3.1500,3.1600,3.0900,3.1100,3.1500,77977200,242314545.6000,3,1.062300,1,-1.269800,9.980128,1.312220,1.026836,-33.359985,0
2022-04-19,sh.600008,3.1000,3.1300,3.0800,3.0900,3.1100,79113748,245343819.2400,3,1.077800,1,-0.643100,9.915947,1.303781,1.020233,-33.145451,0
2022-04-20,sh.600008,3.1100,3.1100,3.0300,3.0600,3.0900,75548049,231897665.9600,3,1.029200,1,-0.970900,9.819675,1.291123,1.010328,-32.823651,0
2022-04-21,sh.600008,3.0400,3.0600,2.9800,2.9900,3.0600,78919471,238031612.0200,3,1.075100,1,-2.287600,9.595042,1.261588,0.987216,-32.072783,0
2022-04-22,sh.600008,2.9700,3.0200,2.9500,3.0000,2.9900,47366110,141419715.7400,3,0.645300,1,0.334400,9.627133,1.265807,0.990517,-32.180050,0
2022-04-25,sh.600008,2.9600,2.9800,2.8300,2.8400,3.0000,90953440,264801506.4200,3,1.239000,1,-5.333300,9.113686,1.198297,0.937690,-30.463780,0
2022-04-26,sh.600008,2.8300,2.8700,2.7900,2.8000,2.8400,70994365,201046786.0800,3,0.967100,1,-1.408500,8.985324,1.181420,0.924483,-30.034713,0
2022-04-27,sh.600008,2.7800,2.8700,2.7500,2.8600,2.8000,65436583,184190601.2600,3,0.891400,1,2.142900,9.177866,1.206736,0.944293,-30.678314,0
2022-04-28,sh.600008,2.8500,2.8800,2.8100,2.8500,2.8600,50348593,143460204.3400,3,0.685900,1,-0.349700,9.145776,1.202517,0.940992,-30.571047,0
2022-04-29,sh.600008,2.8700,2.9200,2.8400,2.9200,2.8500,56514259,163180166.4300,3,0.769900,1,2.456100,9.370409,1.232052,0.964104,-31.321915,0
2022-05-05,sh.600008,2.9000,2.9500,2.8900,2.9200,2.9200,55680640,162804910.5000,3,0.758500,1,0.000000,9.352876,1.252041,0.948524,-19.469510,0
2022-05-06,sh.600008,2.8800,2.8900,2.8300,2.8400,2.9200,59664856,170529555.1800,3,0.812800,1,-2.739700,9.096633,1.217739,0.922538,-18.936099,0
2022-05-09,sh.600008,2.8400,2.9300,2.8300,2.9300,2.8400,60122692,174579404.1200,3,0.819000,1,3.169000,9.384906,1.256329,0.951773,-19.536186,0
2022-05-10,sh.600008,2.9000,2.9900,2.8900,2.9800,2.9300,70487692,207999861.2100,3,0.960200,1,1.706500,9.545058,1.277768,0.968015,-19.869568,0
2022-05-11,sh.600008,2.9700,3.0100,2.9500,2.9600,2.9800,70157096,209466632.4400,3,0.955700,1,-0.671100,9.480997,1.269192,0.961518,-19.736215,0
2022-05-12,sh.600008,2.9400,2.9900,2.9300,2.9600,2.9600,45170607,133753907.9400,3,0.615400,1,0.000000,9.480997,1.269192,0.961518,-19.736215,0
2022-05-13,sh.600008,2.9600,2.9800,2.9300,2.9600,2.9600,38972489,115229893.2600,3,0.530900,1,0.000000,9.480997,1.269192,0.961518,-19.736215,0
2022-05-16,sh.600008,2.9700,2.9800,2.9400,2.9600,2.9600,35948472,106372433.4000,3,0.489700,1,0.000000,9.480997,1.269192,0.961518,-19.736215,0
2022-05-17,sh.600008,2.9600,2.9600,2.9200,2.9500,2.9600,38672224,113544872.2600,3,0.526800,1,-0.337800,9.448967,1.264905,0.958270,-19.669539,0
2022-05-18,sh.600008,2.9500,2.9600,2.9200,2.9200,2.9500,45530553,133752366.6900,3,0.620300,1,-1.016900,9.352876,1.252041,0.948524,-19.469510,0
2022-05-19,sh.600008,2.8700,2.9200,2.8700,2.9200,2.9200,50569820,146049565.6100,3,0.688900,1,0.000000,9.352876,1.252041,0.948524,-19.469510,0
2022-05-20,sh.600008,2.9300,2.9700,2.9200,2.9700,2.9200,46653944,137548466.8700,3,0.635600,1,1.712300,9.513028,1.273480,0.964766,-19.802892,0
2022-05-23,sh.600008,2.9800,2.9900,2.9500,2.9800,2.9700,42765581,127088316.4000,3,0.582600,1,0.336700,9.545058,1.277768,0.968015,-19.869568,0
2022-05-24,sh.600008,2.9900,3.0000,2.9100,2.9100,2.9800,53258923,157415180.4200,3,0.725500,1,-2.349000,9.320845,1.247753,0.945276,-19.402833,0
2022-05-25,sh.600008,2.9100,2.9800,2.9100,2.9700,2.9100,41819498,123291041.7200,3,0.569700,1,2.061900,9.513028,1.273480,0.964766,-19.802892,0
2022-05-26,sh.600008,2.9700,3.0100,2.9600,3.0000,2.9700,56346497,168520905.9300,3,0.767600,1,1.010100,9.609119,1.286344,0.974511,-20.002921,0
2022-05-27,sh.600008,2.9200,2.9300,2.8700,2.8900,2.9000,64468193,186772544.6400,3,0.878200,1,-0.344800,9.256785,1.239178,0.938779,-19.269481,0
2022-05-30,sh.600008,2.9000,2.9100,2.8800,2.9000,2.8900,42038515,121700891.6500,3,0.572700,1,0.346000,9.288815,1.243465,0.942028,-19.336157,0
2022-05-31,sh.600008,2.9100,2.9200,2.8900,2.9200,2.9000,39785140,115678378.9000,3,0.542000,1,0.689700,9.352876,1.252041,0.948524,-19.469510,0
2022-06-01,sh.600008,2.9200,2.9300,2.8900,2.9200,2.9200,42927507,124938086.6700,3,0.584800,1,0.000000,9.352876,1.252041,0.948524,-19.469510,0
2022-06-02,sh.600008,2.9100,2.9100,2.8900,2.9100,2.9200,36063252,104636479.9000,3,0.491300,1,-0.342500,9.320845,1.247753,0.945276,-19.402833,0
2022-06-06,sh.600008,2.9100,2.9400,2.9000,2.9300,2.9100,48116822,140492321.4000,3,0.655500,1,0.687300,9.384906,1.256329,0.951773,-19.536186,0
2022-06-07,sh.600008,2.9300,2.9400,2.9000,2.9100,2.9300,45705642,133178611.1400,3,0.622600,1,-0.682600,9.320845,1.247753,0.945276,-19.402833,0
2022-06-08,sh.600008,2.9200,2.9300,2.8800,2.9100,2.9100,54051453,156968027.5800,3,0.736300,1,0.000000,9.320845,1.247753,0.945276,-19.402833,0
2022-06-09,sh.600008,2.9100,2.9200,2.8800,2.8900,2.9100,32813682,95189765.9800,3,0.447000,1,-0.687300,9.256785,1.239178,0.938779,-19.269481,0
2022-06-10,sh.600008,2.8800,2.9200,2.8700,2.9200,2.8900,46280217,134248642.5500,3,0.630500,1,1.038100,9.352876,1.252041,0.948524,-19.469510,0
2022-06-13,sh.600008,2.9000,2.9100,2.8800,2.9000,2.9200,51380531,148775193.1500,3,0.700000,1,-0.684900,9.288815,1.243465,0.942028,-19.336157,0
2022-06-14,sh.600008,2.8800,2.9300,2.8500,2.9200,2.9000,72427576,209033313.3200,3,0.986700,1,0.689700,9.352876,1.252041,0.948524,-19.469510,0
2022-06-15,sh.600008,2.9200,3.0000,2.9100,2.9500,2.9200,98687105,291987385.7800,3,1.344400,1,1.027400,9.448967,1.264905,0.958270,-19.669539,0
2022-06-16,sh.600008,2.9600,2.9700,2.9200,2.9300,2.9500,62718849,184568328.9700,3,0.854400,1,-0.678000,9.384906,1.256329,0.951773,-19.536186,0
2022-06-17,sh.600008,2.9200,2.9300,2.8900,2.9200,2.9300,56601041,164573995.1400,3,0.771100,1,-0.341300,9.352876,1.252041,0.948524,-19.469510,0
2022-06-20,sh.600008,2.9200,2.9300,2.8900,2.9200,2.9200,41102619,119581252.2000,3,0.559900,1,0.000000,9.352876,1.252041,0.948524,-19.469510,0
2022-06-21,sh.600008,2.9200,2.9200,2.8900,2.9100,2.9200,36918348,107185257.7000,3,0.502900,1,-0.342500,9.320845,1.247753,0.945276,-19.402833,0
2022-06-22,sh.600008,2.9000,2.9100,2.8700,2.8700,2.9100,40144171,115893550.7900,3,0.546900,1,-1.374600,9.192724,1.230602,0.932283,-19.136128,0
2022-06-23,sh.600008,2.8700,2.9100,2.8700,2.9000,2.8700,48942570,141479268.7200,3,0.666700,1,1.045300,9.288815,1.243465,0.942028,-19.336157,0
2022-06-24,sh.600008,2.9100,2.9100,2.8800,2.9100,2.9000,43986104,127395995.1000,3,0.599200,1,0.344800,9.320845,1.247753,0.945276,-19.402833,0
2022-06-27,sh.600008,2.9100,2.9200,2.9000,2.9000,2.9100,55039953,160005680.4000,3,0.749800,1,-0.343600,9.288815,1.243465,0.942028,-19.336157,0
2022-06-28,sh.600008,2.9000,2.9200,2.8900,2.9200,2.9000,40495622,117721472.1300,3,0.551700,1,0.689700,9.352876,1.252041,0.948524,-19.469510,0
2022-06-29,sh.600008,2.9200,2.9400,2.9100,2.9100,2.9200,56805867,166072501.5000,3,0.773900,1,-0.342500,9.320845,1.247753,0.945276,-19.402833,0
2022-06-30,sh.600008,2.9100,2.9400,2.9000,2.9000,2.9100,75752712,221081570.0400,3,1.032000,1,-0.343600,9.288815,1.243465,0.942028,-19.336157,0
2022-07-01,sh.600008,2.9100,2.9500,2.9000,2.9300,2.9000,67570837,197698773.8300,3,0.920500,1,1.034500,9.384906,1.256329,0.951773,-19.536186,0
2022-07-04,sh.600008,2.9300,2.9400,2.9000,2.9100,2.9300,69353601,202244419.1400,3,0.944800,1,-0.682600,9.320845,1.247753,0.945276,-19.402833,0
2022-07-05,sh.600008,2.9100,2.9300,2.8900,2.9100,2.9100,57004302,165879506.5000,3,0.776600,1,0.000000,9.320845,1.247753,0.945276,-19.402833,0
2022-07-06,sh.600008,2.9100,2.9100,2.8500,2.8700,2.9100,72150785,207425478.8600,3,0.982900,1,-1.374600,9.192724,1.230602,0.932283,-19.136128,0
2022-07-07,sh.600008,2.8700,2.8800,2.8600,2.8600,2.8700,34611612,99329729.9200,3,0.471500,1,-0.348400,9.160693,1.226314,0.929034,-19.069451,0
2022-07-08,sh.600008,2.8700,2.8800,2.8500,2.8500,2.8600,38989098,111499314.1300,3,0.531100,1,-0.349700,9.128663,1.222026,0.925786,-19.002775,0
2022-07-11,sh.600008,2.8500,2.8600,2.8300,2.8400,2.8500,41171071,116974634.3400,3,0.560900,1,-0.350900,9.096633,1.217739,0.922538,-18.936099,0
2022-07-12,sh.600008,2.8500,2.8900,2.8400,2.8600,2.8400,49171700,140880646.1000,3,0.669900,1,0.704200,9.160693,1.226314,0.929034,-19.069451,0
2022-07-13,sh.600008,2.8600,2.9100,2.8500,2.9000,2.8600,53564042,154452723.1600,3,0.729700,1,1.398600,9.288815,1.243465,0.942028,-19.336157,0
2022-07-14,sh.600008,2.9000,2.9100,2.8600,2.8800,2.9000,44153260,127308753.3000,3,0.601500,1,-0.689700,9.224754,1.234890,0.935531,-19.202804,0
2022-07-15,sh.600008,2.8700,2.8900,2.8400,2.8500,2.8800,52866214,151179341.4600,3,0.720200,1,-1.041700,9.128663,1.222026,0.925786,-19.002775,0
2022-07-18,sh.600008,2.8500,2.9700,2.8400,2.9600,2.8500,133310632,391889299.0100,3,1.816100,1,3.859600,9.480997,1.269192,0.961518,-19.736215,0
2022-07-19,sh.600008,2.9600,2.9800,2.9300,2.9700,2.9600,81844597,241759991.0000,3,1.115000,1,0.337800,9.513028,1.273480,0.964766,-19.802892,0
2022-07-20,sh.600008,2.9800,2.9900,2.9400,2.9500,2.9700,48902698,144445779.4100,3,0.666200,1,-0.673400,9.448967,1.264905,0.958270,-19.669539,0
2022-07-21,sh.600008,2.9500,2.9500,2.9000,2.9100,2.9500,48881938,142884583.5600,3,0.665900,1,-1.355900,9.320845,1.247753,0.945276,-19.402833,0
2022-07-22,sh.600008,2.9100,3.0700,2.9000,3.0300,2.9100,190578458,574852460.8400,3,2.596200,1,4.123700,9.705210,1.299207,0.984257,-20.202950,0
2022-07-25,sh.600008,3.0400,3.0600,2.9600,2.9600,3.0300,103940151,312029831.6200,3,1.416000,1,-2.310200,9.480997,1.269192,0.961518,-19.736215,0
2022-07-26,sh.600008,2.9600,3.0000,2.9300,2.9900,2.9600,61384931,181494797.3900,3,0.836200,1,1.013500,9.577089,1.282056,0.971263,-19.936245,0
2022-07-27,sh.600008,2.9800,2.9900,2.9500,2.9600,2.9900,39275716,116453136.2500,3,0.535000,1,-1.003300,9.480997,1.269192,0.961518,-19.736215,0
2022-07-28,sh.600008,2.9700,2.9800,2.9400,2.9500,2.9600,46789085,138603927.9500,3,0.637400,1,-0.337800,9.448967,1.264905,0.958270,-19.669539,0
2022-07-29,sh.600008,2.9500,2.9600,2.9300,2.9400,2.9500,38629220,113692592.3000,3,0.526200,1,-0.339000,9.416937,1.260617,0.955021,-19.602863,0
2022-08-01,sh.600008,2.9400,2.9400,2.9100,2.9200,2.9400,40005058,116757830.3800,3,0.545000,1,-0.680300,9.352876,1.252041,0.948524,-19.469510,0
2022-08-02,sh.600008,2.9000,2.9100,2.8000,2.8000,2.9200,110700247,313290388.0900,3,1.508100,1,-4.109600,8.968511,1.200587,0.909544,-18.669393,0
2022-08-03,sh.600008,2.8000,2.8400,2.7700,2.7800,2.8000,66939870,188006026.7800,3,0.911900,1,-0.714300,8.904450,1.192012,0.903047,-18.536040,0
2022-08-04,sh.600008,2.8000,2.8100,2.7700,2.8000,2.7800,45098240,125821962.0000,3,0.614400,1,0.719400,8.968511,1.200587,0.909544,-18.669393,0
2022-08-05,sh.600008,2.8000,2.8500,2.7800,2.8400,2.8000,50422534,141766305.0000,3,0.686900,1,1.428600,9.096633,1.217739,0.922538,-18.936099,0
2022-08-08,sh.600008,2.8300,2.8400,2.8100,2.8400,2.8400,28638217,81017123.0000,3,0.390100,1,0.000000,9.096633,1.217739,0.922538,-18.936099,0
2022-08-09,sh.600008,2.8300,2.8400,2.8100,2.8200,2.8400,31357928,88475070.0000,3,0.427200,1,-0.704200,9.032572,1.209163,0.916041,-18.802746,0
2022-08-10,sh.600008,2.8100,2.8200,2.7900,2.8100,2.8200,30811651,86379933.0000,3,0.419700,1,-0.354600,9.000541,1.204875,0.912792,-18.736069,0
2022-08-11,sh.600008,2.8100,2.8500,2.8100,2.8500,2.8100,42952848,121980946.0000,3,0.585100,1,1.423500,9.128663,1.222026,0.925786,-19.002775,0
2022-08-12,sh.600008,2.8500,2.8700,2.8400,2.8600,2.8500,33146806,94646815.0000,3,0.451600,1,0.350900,9.160693,1.226314,0.929034,-19.069451,0
2022-08-15,sh.600008,2.8600,2.8700,2.8300,2.8500,2.8600,31282802,89217397.3900,3,0.426200,1,-0.349700,9.128663,1.222026,0.925786,-19.002775,0
2022-08-16,sh.600008,2.8600,2.8700,2.8400,2.8600,2.8500,35719820,101979783.2000,3,0.486600,1,0.350900,9.160693,1.226314,0.929034,-19.069451,0
2022-08-17,sh.600008,2.8600,2.8800,2.8500,2.8700,2.8600,40242865,115442312.3000,3,0.548200,1,0.349700,9.192724,1.230602,0.932283,-19.136128,0
2022-08-18,sh.600008,2.8700,2.8700,2.8200,2.8300,2.8700,37527760,106552062.8000,3,0.511200,1,-1.393700,9.064602,1.213451,0.919289,-18.869422,0
2022-08-19,sh.600008,2.8300,2.8600,2.8200,2.8500,2.8300,45300531,129017553.0700,3,0.617100,1,0.706700,9.128663,1.222026,0.925786,-19.002775,0
2022-08-22,sh.600008,2.8500,2.8900,2.8400,2.8700,2.8500,39862532,114231221.3200,3,0.543000,1,0.701800,9.192724,1.230602,0.932283,-19.136128,0
2022-08-23,sh.600008,2.8600,2.8900,2.8500,2.8800,2.8700,55038909,158344678.7600,3,0.749800,1,0.348400,9.224754,1.234890,0.935531,-19.202804,0
2022-08-24,sh.600008,2.8900,2.9100,2.8300,2.8400,2.8800,64644867,185739886.2400,3,0.880600,1,-1.388900,9.096633,1.217739,0.922538,-18.936099,0
2022-08-25,sh.600008,2.8500,2.8700,2.8300,2.8700,2.8400,42091731,120011804.1500,3,0.573400,1,1.056300,9.192724,1.230602,0.932283,-19.136128,0
2022-08-26,sh.600008,2.8700,2.8800,2.8500,2.8600,2.8700,38508999,110390791.2900,3,0.524600,1,-0.348400,9.160693,1.226314,0.929034,-19.069451,0
2022-08-29,sh.600008,2.8400,2.8900,2.8200,2.8800,2.8600,46177598,131798643.0000,3,0.629100,1,0.699300,9.224754,1.234890,0.935531,-19.202804,0
2022-08-30,sh.600008,2.8700,2.8800,2.8500,2.8600,2.8800,35747571,102225693.2900,3,0.487000,1,-0.694400,9.160693,1.226314,0.929034,-19.069451,0
2022-08-31,sh.600008,2.8400,2.8500,2.8100,2.8100,2.8600,64987155,183430257.4300,3,0.885300,1,-1.748300,12.255010,1.225747,0.885983,51.006865,0
2022-09-01,sh.600008,2.8100,2.8300,2.7900,2.8000,2.8100,41832724,117541993.4000,3,0.569900,1,-0.355900,12.211398,1.221384,0.882830,50.825346,0
2022-09-02,sh.600008,2.7900,2.8100,2.7900,2.8000,2.8000,29215005,81779205.7300,3,0.398000,1,0.000000,12.211398,1.221384,0.882830,50.825346,0
2022-09-05,sh.600008,2.8000,2.8200,2.7900,2.8100,2.8000,36062050,101106688.7000,3,0.491300,1,0.357100,12.255010,1.225747,0.885983,51.006865,0
2022-09-06,sh.600008,2.8100,2.8400,2.8000,2.8300,2.8100,45529238,128471155.4600,3,0.620200,1,0.711700,12.342234,1.234471,0.892289,51.369903,0
2022-09-07,sh.600008,2.8300,2.8500,2.8200,2.8500,2.8300,39903593,113052928.2500,3,0.543600,1,0.706700,12.429458,1.243195,0.898595,51.732941,0
2022-09-08,sh.600008,2.8500,2.8600,2.8300,2.8400,2.8500,29057550,82489267.6000,3,0.395800,1,-0.350900,12.385846,1.238833,0.895442,51.551422,0
2022-09-09,sh.600008,2.8400,2.8500,2.8300,2.8400,2.8400,33272978,94468759.2400,3,0.453300,1,0.000000,12.385846,1.238833,0.895442,51.551422,0
2022-09-13,sh.600008,2.8500,2.8600,2.8200,2.8300,2.8400,31484150,89372246.5900,3,0.428900,1,-0.352100,12.342234,1.234471,0.892289,51.369903,0
2022-09-14,sh.600008,2.8100,2.8200,2.8000,2.8000,2.8300,30776270,86363824.2000,3,0.419300,1,-1.060100,12.211398,1.221384,0.882830,50.825346,0
2022-09-15,sh.600008,2.8100,2.8200,2.7700,2.7800,2.8000,50211050,140070519.3000,3,0.684000,1,-0.714300,12.124173,1.212660,0.876524,50.462307,0
2022-09-16,sh.600008,2.7700,2.7800,2.7100,2.7200,2.7800,57971668,158988556.2900,3,0.789700,1,-2.158300,11.862501,1.186488,0.857606,49.373193,0
2022-09-19,sh.600008,2.7200,2.7300,2.6800,2.7000,2.7200,38121584,102791708.7600,3,0.519300,1,-0.735300,11.775276,1.177764,0.851301,49.010155,0
2022-09-20,sh.600008,2.7000,2.7200,2.6900,2.7000,2.7000,21485794,58158470.9200,3,0.292700,1,0.000000,11.775276,1.177764,0.851301,49.010155,0
2022-09-21,sh.600008,2.7000,2.7300,2.6600,2.7200,2.7000,32816972,88522322.0200,3,0.447100,1,0.740700,11.862501,1.186488,0.857606,49.373193,0
2022-09-22,sh.600008,2.7000,2.7200,2.6900,2.7000,2.7200,24077690,65090088.4000,3,0.328000,1,-0.735300,11.775276,1.177764,0.851301,49.010155,0
2022-09-23,sh.600008,2.6900,2.7200,2.6800,2.6900,2.7000,29991752,80950028.1600,3,0.408600,1,-0.370400,11.731664,1.173402,0.848148,48.828636,0
2022-09-26,sh.600008,2.6800,2.6800,2.6300,2.6300,2.6900,41314333,109843437.0700,3,0.562800,1,-2.230500,11.469991,1.147229,0.829230,47.739521,0
2022-09-27,sh.600008,2.6300,2.6700,2.6200,2.6600,2.6300,26465412,69949687.3400,3,0.360500,1,1.140700,11.600828,1.160315,0.838689,48.284078,0
2022-09-28,sh.600008,2.6500,2.6600,2.6200,2.6300,2.6600,25094382,66267819.5400,3,0.341900,1,-1.127800,11.469991,1.147229,0.829230,47.739521,0
2022-09-29,sh.600008,2.6400,2.6500,2.5800,2.5900,2.6300,32782532,85743951.6800,3,0.446600,1,-1.520900,11.295543,1.129781,0.816618,47.013445,0
2022-09-30,sh.600008,2.5900,2.6200,2.5800,2.6000,2.5900,29165641,75975245.7300,3,0.397300,1,0.386100,11.339155,1.134143,0.819771,47.194964,0
2022-10-10,sh.600008,2.6100,2.6600,2.6000,2.6100,2.6000,37966062,99920223.9100,3,0.517200,1,0.384600,11.382767,1.138505,0.822924,47.376483,0
2022-10-11,sh.600008,2.6200,2.6600,2.6100,2.6500,2.6100,29252328,77046611.5600,3,0.398500,1,1.532600,11.557216,1.155953,0.835536,48.102559,0
2022-10-12,sh.600008,2.6400,2.6900,2.6300,2.6800,2.6500,26920104,71565058.6400,3,0.366700,1,1.132100,11.688052,1.169039,0.844995,48.647116,0
2022-10-13,sh.600008,2.6800,2.6800,2.6400,2.6700,2.6800,28519283,75922673.3800,3,0.388500,1,-0.373100,11.644440,1.164677,0.841842,48.465597,0
2022-10-14,sh.600008,2.6700,2.7100,2.6600,2.6800,2.6700,36140511,97095099.4800,3,0.492300,1,0.374500,11.688052,1.169039,0.844995,48.647116,0
2022-10-17,sh.600008,2.6800,2.7200,2.6800,2.7100,2.6800,33604835,90923943.5400,3,0.457800,1,1.119400,11.818888,1.182126,0.854454,49.191674,0
2022-10-18,sh.600008,2.7200,2.7300,2.7100,2.7100,2.7100,20376855,55311812.0500,3,0.277600,1,0.000000,11.818888,1.182126,0.854454,49.191674,0
2022-10-19,sh.600008,2.7100,2.7200,2.6900,2.6900,2.7100,25824580,69736664.2000,3,0.351800,1,-0.738000,11.731664,1.173402,0.848148,48.828636,0
2022-10-20,sh.600008,2.7000,2.7200,2.6900,2.7100,2.6900,26133640,70709066.6200,3,0.356000,1,0.743500,11.818888,1.182126,0.854454,49.191674,0
2022-10-21,sh.600008,2.7100,2.7300,2.7000,2.7100,2.7100,30138772,81722098.4000,3,0.410600,1,0.000000,11.818888,1.182126,0.854454,49.191674,0
2022-10-24,sh.600008,2.7000,2.7300,2.6500,2.6800,2.7100,38290994,103192883.9800,3,0.521600,1,-1.107000,11.688052,1.169039,0.844995,48.647116,0
2022-10-25,sh.600008,2.6700,2.7000,2.6600,2.6800,2.6800,25958273,69576213.4800,3,0.353600,1,0.000000,11.688052,1.169039,0.844995,48.647116,0
2022-10-26,sh.600008,2.6800,2.7100,2.6800,2.6900,2.6800,27456550,74028486.0800,3,0.374000,1,0.373100,11.731664,1.173402,0.848148,48.828636,0
2022-10-27,sh.600008,2.7000,2.7100,2.6900,2.7000,2.6900,21351543,57640757.3600,3,0.290900,1,0.371700,11.775276,1.177764,0.851301,49.010155,0
2022-10-28,sh.600008,2.7100,2.7100,2.6500,2.6700,2.7000,43881855,117467615.3500,3,0.597800,1,-1.111100,11.644440,1.164677,0.841842,48.465597,0
2022-10-31,sh.600008,2.7200,2.7600,2.7000,2.7600,2.6700,130400506,356364160.6600,3,1.776400,1,3.370800,5.657839,1.063712,0.929790,2.644917,0
2022-11-01,sh.600008,2.7600,2.8000,2.7300,2.8000,2.7600,86419450,239578419.1900,3,1.177300,1,1.449300,5.739836,1.079128,0.943265,2.683249,0
2022-11-02,sh.600008,2.8000,2.8100,2.7800,2.8000,2.8000,49610139,138812058.6700,3,0.675800,1,0.000000,5.739836,1.079128,0.943265,2.683249,0
2022-11-03,sh.600008,2.7800,2.8400,2.7700,2.8100,2.8000,49645261,139749642.1400,3,0.676300,1,0.357100,5.760336,1.082982,0.946634,2.692832,0
2022-11-04,sh.600008,2.8100,2.8600,2.8000,2.8500,2.8100,66054447,188002813.4400,3,0.899900,1,1.423500,5.842333,1.098398,0.960109,2.731164,0
2022-11-07,sh.600008,2.8500,2.8600,2.8300,2.8300,2.8500,49155190,139735376.4900,3,0.669600,1,-0.701800,5.801335,1.090690,0.953371,2.711998,0
2022-11-08,sh.600008,2.8400,2.8500,2.8200,2.8500,2.8300,39141649,111097780.7700,3,0.533200,1,0.706700,5.842333,1.098398,0.960109,2.731164,0
2022-11-09,sh.600008,2.8400,2.8600,2.8200,2.8300,2.8500,27770480,78738966.5800,3,0.378300,1,-0.701800,5.801335,1.090690,0.953371,2.711998,0
2022-11-10,sh.600008,2.8200,2.8400,2.8100,2.8300,2.8300,40316818,113875409.5000,3,0.549200,1,0.000000,5.801335,1.090690,0.953371,2.711998,0
2022-11-11,sh.600008,2.8500,2.8800,2.8300,2.8400,2.8300,51397092,146566605.3600,3,0.700200,1,0.353400,5.821834,1.094544,0.956740,2.721581,0
2022-11-14,sh.600008,2.8500,2.8600,2.8200,2.8400,2.8400,43000734,122337548.4600,3,0.585800,1,0.000000,5.821834,1.094544,0.956740,2.721581,0
2022-11-15,sh.600008,2.8400,2.8500,2.8200,2.8500,2.8400,43313414,122836424.8200,3,0.590100,1,0.352100,5.842333,1.098398,0.960109,2.731164,0
2022-11-16,sh.600008,2.8500,2.8500,2.8200,2.8300,2.8500,28992965,82090095.4100,3,0.395000,1,-0.701800,5.801335,1.090690,0.953371,2.711998,0
2022-11-17,sh.600008,2.8100,2.8200,2.8000,2.8000,2.8300,37470123,105192378.2000,3,0.510500,1,-1.060100,5.739836,1.079128,0.943265,2.683249,0
2022-11-18,sh.600008,2.8100,2.8400,2.8000,2.8300,2.8000,46378747,130875013.5500,3,0.631800,1,1.071400,5.801335,1.090690,0.953371,2.711998,0
2022-11-21,sh.600008,2.8200,2.8200,2.8000,2.8100,2.8300,32567483,91434398.2000,3,0.443700,1,-0.706700,5.760336,1.082982,0.946634,2.692832,0
2022-11-22,sh.600008,2.8100,2.8600,2.8000,2.8400,2.8100,52061304,147645336.0200,3,0.709200,1,1.067600,5.821834,1.094544,0.956740,2.721581,0
2022-11-23,sh.600008,2.8500,2.8700,2.8400,2.8600,2.8400,55483111,158510663.5600,3,0.755800,1,0.704200,5.862833,1.102252,0.963478,2.740747,0
2022-11-24,sh.600008,2.8600,2.8800,2.8400,2.8500,2.8600,38066411,108721915.7800,3,0.518600,1,-0.349700,5.842333,1.098398,0.960109,2.731164,0
2022-11-25,sh.600008,2.8400,2.8800,2.8400,2.8700,2.8500,53062533,152291224.9700,3,0.722900,1,0.701800,5.883332,1.106106,0.966846,2.750330,0
2022-11-28,sh.600008,2.8600,2.8700,2.8200,2.8700,2.8700,46855724,133687771.6000,3,0.638300,1,0.000000,5.883332,1.106106,0.966846,2.750330,0
2022-11-29,sh.600008,2.8700,2.9000,2.8600,2.8900,2.8700,50088034,144766353.4500,3,0.682300,1,0.696900,5.924331,1.113814,0.973584,2.769496,0
2022-11-30,sh.600008,2.8900,2.9200,2.8800,2.8900,2.8900,51164342,148641924.7400,3,0.697000,1,0.000000,5.924331,1.113814,0.973584,2.769496,0
2022-12-01,sh.600008,2.9100,2.9200,2.8900,2.8900,2.8900,56063418,162838172.8900,3,0.763700,1,0.000000,5.924331,1.113814,0.973584,2.769496,0
2022-12-02,sh.600008,2.8900,2.9100,2.8700,2.8900,2.8900,44579419,128746906.0000,3,0.607300,1,0.000000,5.924331,1.113814,0.973584,2.769496,0
2022-12-05,sh.600008,2.8900,2.9400,2.8900,2.9200,2.8900,71555446,208829957.7400,3,0.974800,1,1.038100,5.985829,1.125376,0.983690,2.798245,0
2022-12-06,sh.600008,2.9300,2.9300,2.8900,2.9000,2.9200,47558058,138354843.3000,3,0.647900,1,-0.684900,5.944831,1.117668,0.976953,2.779079,0
2022-12-07,sh.600008,2.9000,2.9300,2.8900,2.9000,2.9000,45205693,131318034.7400,3,0.615800,1,0.000000,5.944831,1.117668,0.976953,2.779079,0
2022-12-08,sh.600008,2.9100,2.9300,2.8800,2.9100,2.9000,44762346,130068630.2400,3,0.609800,1,0.344800,5.965330,1.121522,0.980322,2.788662,0
2022-12-09,sh.600008,2.9100,2.9200,2.8900,2.9000,2.9100,47675577,138641281.1200,3,0.649500,1,-0.343600,5.944831,1.117668,0.976953,2.779079,0
2022-12-12,sh.600008,2.9000,2.9100,2.8500,2.8600,2.9000,39938842,114881433.7200,3,0.544100,1,-1.379300,5.862833,1.102252,0.963478,2.740747,0
2022-12-13,sh.600008,2.8600,2.8900,2.8500,2.8900,2.8600,27393935,78841400.7700,3,0.373200,1,1.049000,5.924331,1.113814,0.973584,2.769496,0
2022-12-14,sh.600008,2.8900,2.9000,2.8600,2.8700,2.8900,27181400,78151805.2100,3,0.370300,1,-0.692000,5.883332,1.106106,0.966846,2.750330,0
2022-12-15,sh.600008,2.8700,2.8800,2.8500,2.8500,2.8700,25133277,71896991.4200,3,0.342400,1,-0.696900,5.842333,1.098398,0.960109,2.731164,0
2022-12-16,sh.600008,2.8500,2.8700,2.8400,2.8700,2.8500,29880275,85350181.2900,3,0.407100,1,0.701800,5.883332,1.106106,0.966846,2.750330,0
2022-12-19,sh.600008,2.8600,2.8800,2.7800,2.8000,2.8700,42089605,118856118.8300,3,0.573400,1,-2.439000,5.739836,1.079128,0.943265,2.683249,0
2022-12-20,sh.600008,2.8000,2.8200,2.7700,2.8000,2.8000,29394481,82252412.1900,3,0.400400,1,0.000000,5.739836,1.079128,0.943265,2.683249,0
2022-12-21,sh.600008,2.8000,2.8100,2.7700,2.7800,2.8000,21400360,59747897.8000,3,0.291500,1,-0.714300,5.698838,1.071420,0.936527,2.664083,0
2022-12-22,sh.600008,2.7900,2.8200,2.7300,2.7400,2.7800,34260544,95293589.9600,3,0.466700,1,-1.438800,5.616840,1.056004,0.923052,2.625751,0
2022-12-23,sh.600008,2.7500,2.7900,2.7400,2.7700,2.7400,30018858,83127416.9000,3,0.408900,1,1.094900,5.678338,1.067566,0.933158,2.654500,0
2022-12-26,sh.600008,2.7600,2.7900,2.7600,2.7800,2.7700,24337429,67639645.9800,3,0.331500,1,0.361000,5.698838,1.071420,0.936527,2.664083,0
2022-12-27,sh.600008,2.7900,2.8200,2.7800,2.8100,2.7800,26472490,74379039.0000,3,0.360600,1,1.079100,5.760336,1.082982,0.946634,2.692832,0
2022-12-28,sh.600008,2.8100,2.8400,2.7900,2.8200,2.8100,34402007,97001871.4200,3,0.468700,1,0.355900,5.780835,1.086836,0.950002,2.702415,0
2022-12-29,sh.600008,2.8000,2.8400,2.8000,2.8300,2.8200,25775487,72761651.3200,3,0.351100,1,0.354600,5.801335,1.090690,0.953371,2.711998,0
2022-12-30,sh.600008,2.8300,2.8400,2.8100,2.8300,2.8300,23618690,66765134.7700,3,0.321800,1,0.000000,5.801335,1.090690,0.953371,2.711998,0
2023-01-03,sh.600008,2.8400,2.9000,2.8200,2.8800,2.8300,53453342,153084414.4500,3,0.728200,1,1.766800,5.903832,1.109960,0.970215,2.759913,0
2023-01-04,sh.600008,2.8900,2.9100,2.8700,2.8900,2.8800,42349364,122558388.4600,3,0.576900,1,0.347200,5.924331,1.113814,0.973584,2.769496,0
2023-01-05,sh.600008,2.9000,2.9100,2.8800,2.8900,2.8900,35739935,103423780.0500,3,0.486900,1,0.000000,5.924331,1.113814,0.973584,2.769496,0
2023-01-06,sh.600008,2.9000,2.9100,2.8600,2.8700,2.8900,28195104,81251884.1600,3,0.384100,1,-0.692000,5.883332,1.106106,0.966846,2.750330,0
2023-01-09,sh.600008,2.8900,2.8900,2.8700,2.8800,2.8700,33418832,96272859.6400,3,0.455300,1,0.348400,5.903832,1.109960,0.970215,2.759913,0
2023-01-10,sh.600008,2.8800,2.8800,2.8400,2.8500,2.8800,30558114,87469628.5500,3,0.416300,1,-1.041700,5.842333,1.098398,0.960109,2.731164,0
2023-01-11,sh.600008,2.8500,2.8700,2.8400,2.8400,2.8500,27835712,79377478.4800,3,0.379200,1,-0.350900,5.821834,1.094544,0.956740,2.721581,0
2023-01-12,sh.600008,2.8400,2.8600,2.8200,2.8400,2.8400,25621956,72804591.2400,3,0.349000,1,0.000000,5.821834,1.094544,0.956740,2.721581,0
2023-01-13,sh.600008,2.8400,2.8600,2.8400,2.8600,2.8400,23663687,67418612.3900,3,0.322400,1,0.704200,5.862833,1.102252,0.963478,2.740747,0
2023-01-16,sh.600008,2.8600,2.9000,2.8500,2.8800,2.8600,36025047,103808703.9900,3,0.490800,1,0.699300,5.903832,1.109960,0.970215,2.759913,0
2023-01-17,sh.600008,2.8800,2.9000,2.8700,2.8900,2.8800,31349415,90545762.8000,3,0.427100,1,0.347200,5.924331,1.113814,0.973584,2.769496,0
2023-01-18,sh.600008,2.8900,2.9000,2.8700,2.8800,2.8900,28738877,82775382.7600,3,0.391500,1,-0.346000,5.903832,1.109960,0.970215,2.759913,0
2023-01-19,sh.600008,2.8800,2.9200,2.8600,2.9000,2.8800,37508076,108377609.0000,3,0.511000,1,0.694400,5.944831,1.117668,0.976953,2.779079,0
2023-01-20,sh.600008,2.9100,2.9300,2.9000,2.9200,2.9000,43360841,126430677.1600,3,0.590700,1,0.689700,5.985829,1.125376,0.983690,2.798245,0
2023-01-30,sh.600008,2.9400,2.9500,2.9200,2.9300,2.9200,51441741,150901454.5000,3,0.700800,1,0.342500,6.006329,1.129230,0.987059,2.807828,0
2023-01-31,sh.600008,2.9200,2.9300,2.9000,2.9200,2.9300,42672697,124424329.2700,3,0.581300,1,-0.341300,5.985829,1.125376,0.983690,2.798245,0
2023-02-01,sh.600008,2.9200,2.9400,2.9100,2.9400,2.9200,57266418,167431682.9400,3,0.780100,1,0.684900,6.026828,1.133084,0.990428,2.817411,0
2023-02-02,sh.600008,2.9400,2.9400,2.9100,2.9200,2.9400,46636321,136260865.3600,3,0.635300,1,-0.680300,5.985829,1.125376,0.983690,2.798245,0
2023-02-03,sh.600008,2.9200,2.9300,2.8800,2.8900,2.9200,50441940,146069002.8000,3,0.687200,1,-1.027400,5.924331,1.113814,0.973584,2.769496,0
2023-02-06,sh.600008,2.8900,2.9100,2.8800,2.8900,2.8900,40338257,116798617.1200,3,0.549500,1,0.000000,5.924331,1.113814,0.973584,2.769496,0
2023-02-07,sh.600008,2.9000,2.9400,2.8800,2.9400,2.8900,69579521,202992744.5300,3,0.947900,1,1.730100,6.026828,1.133084,0.990428,2.817411,0
2023-02-08,sh.600008,2.9400,2.9400,2.9100,2.9200,2.9400,45028180,131715047.8000,3,0.613400,1,-0.680300,5.985829,1.125376,0.983690,2.798245,0
2023-02-09,sh.600008,2.9200,2.9400,2.9100,2.9400,2.9200,46117948,135230331.0300,3,0.628300,1,0.684900,6.026828,1.133084,0.990428,2.817411,0
2023-02-10,sh.600008,2.9300,2.9500,2.9200,2.9400,2.9400,58921494,173139425.5700,3,0.802700,1,0.000000,6.026828,1.133084,0.990428,2.817411,0
2023-02-13,sh.600008,2.9500,2.9600,2.9400,2.9400,2.9400,52728197,155425035.1800,3,0.718300,1,0.000000,6.026828,1.133084,0.990428,2.817411,0
2023-02-14,sh.600008,2.9500,2.9600,2.9200,2.9400,2.9400,43179839,126820255.2700,3,0.588200,1,0.000000,6.026828,1.133084,0.990428,2.817411,0
2023-02-15,sh.600008,2.9400,2.9400,2.9100,2.9200,2.9400,40670072,118874886.9200,3,0.554000,1,-0.680300,5.985829,1.125376,0.983690,2.798245,0
2023-02-16,sh.600008,2.9200,2.9500,2.8900,2.9000,2.9200,61582001,180270109.0900,3,0.838900,1,-0.684900,5.944831,1.117668,0.976953,2.779079,0
2023-02-17,sh.600008,2.9000,2.9200,2.8900,2.8900,2.9000,40788940,118444301.0400,3,0.555700,1,-0.344800,5.924331,1.113814,0.973584,2.769496,0
2023-02-20,sh.600008,2.8900,2.9300,2.8800,2.9200,2.8900,37895446,110338442.3200,3,0.516200,1,1.038100,5.985829,1.125376,0.983690,2.798245,0
2023-02-21,sh.600008,2.9300,2.9500,2.9200,2.9400,2.9200,48316732,141823887.7100,3,0.658200,1,0.684900,6.026828,1.133084,0.990428,2.817411,0
2023-02-22,sh.600008,2.9300,2.9400,2.9200,2.9200,2.9400,31085540,91015631.3000,3,0.423500,1,-0.680300,5.985829,1.125376,0.983690,2.798245,0
2023-02-23,sh.600008,2.9300,2.9400,2.9200,2.9300,2.9200,36502469,106876610.0700,3,0.497300,1,0.342500,6.006329,1.129230,0.987059,2.807828,0
2023-02-24,sh.600008,2.9300,2.9500,2.9100,2.9400,2.9300,41484457,121526527.3300,3,0.565100,1,0.341300,6.026828,1.133084,0.990428,2.817411,0
2023-02-27,sh.600008,2.9300,2.9400,2.9000,2.9200,2.9400,35219058,102948412.8400,3,0.479800,1,-0.680300,5.985829,1.125376,0.983690,2.798245,0
2023-02-28,sh.600008,2.9200,2.9500,2.9000,2.9400,2.9200,55718002,162787236.7500,3,0.759000,1,0.684900,6.026828,1.133084,0.990428,2.817411,0
2023-03-01,sh.600008,2.9400,2.9800,2.9300,2.9800,2.9400,97599206,288582839.8500,3,1.329600,1,1.360500,6.108826,1.148501,1.003903,2.855743,0
2023-03-02,sh.600008,2.9700,3.0200,2.9700,3.0000,2.9800,93403878,280059787.9200,3,1.272400,1,0.671100,6.149825,1.156209,1.010641,2.874909,0
2023-03-03,sh.600008,3.0100,3.0600,3.0000,3.0400,3.0000,83761453,253827741.1600,3,1.141100,1,1.333300,6.231822,1.171625,1.024116,2.913241,0
2023-03-06,sh.600008,3.0400,3.0700,3.0300,3.0400,3.0400,77707114,236861075.7600,3,1.058600,1,0.000000,6.231822,1.171625,1.024116,2.913241,0
2023-03-07,sh.600008,3.0400,3.0600,2.9800,3.0000,3.0400,86764447,262398044.9000,3,1.182000,1,-1.315800,6.149825,1.156209,1.010641,2.874909,0
2023-03-08,sh.600008,3.0000,3.0100,2.9800,3.0100,3.0000,54024680,161708213.1000,3,0.736000,1,0.333300,6.170324,1.160063,1.014010,2.884492,0
2023-03-09,sh.600008,3.0100,3.0400,2.9900,3.0400,3.0100,61381948,185369929.7900,3,0.836200,1,0.996700,6.231822,1.171625,1.024116,2.913241,0
2023-03-10,sh.600008,3.0300,3.0300,2.9800,2.9800,3.0400,53325008,159913285.0000,3,0.726400,1,-1.973700,6.108826,1.148501,1.003903,2.855743,0
2023-03-13,sh.600008,2.9800,3.0100,2.9700,3.0100,2.9800,50756863,151898233.5300,3,0.691500,1,1.006700,6.170324,1.160063,1.014010,2.884492,0
2023-03-14,sh.600008,3.0000,3.0300,2.9800,3.0100,3.0100,52334164,157168179.2600,3,0.712900,1,0.000000,6.170324,1.160063,1.014010,2.884492,0
2023-03-15,sh.600008,3.0100,3.0500,2.9900,3.0500,3.0100,61537812,186142281.4600,3,0.838300,1,1.328900,6.252322,1.175479,1.027485,2.922824,0
2023-03-16,sh.600008,3.0300,3.0500,3.0200,3.0200,3.0500,61839066,187608423.5600,3,0.842400,1,-0.983600,6.190824,1.163917,1.017379,2.894075,0
2023-03-17,sh.600008,3.0300,3.0600,3.0200,3.0500,3.0200,64088947,195396528.4800,3,0.873100,1,0.993400,6.252322,1.175479,1.027485,2.922824,0
2023-03-20,sh.600008,3.0500,3.0700,3.0100,3.0100,3.0500,76946732,233687351.6200,3,1.048200,1,-1.311500,6.170324,1.160063,1.014010,2.884492,0
2023-03-21,sh.600008,3.0200,3.0600,3.0200,3.0300,3.0100,53631010,162634619.3000,3,0.730600,1,0.664500,6.211323,1.167771,1.020747,2.903658,0
2023-03-22,sh.600008,3.0400,3.0400,3.0200,3.0300,3.0300,36798011,111515584.5600,3,0.501300,1,0.000000,6.211323,1.167771,1.020747,2.903658,0
2023-03-23,sh.600008,3.0300,3.0500,3.0100,3.0400,3.0300,39626657,120230301.2900,3,0.539800,1,0.330000,6.231822,1.171625,1.024116,2.913241,0
2023-03-24,sh.600008,3.0300,3.0500,3.0200,3.0300,3.0400,37318604,113306060.0600,3,0.508400,1,-0.328900,6.211323,1.167771,1.020747,2.903658,0
2023-03-27,sh.600008,3.0300,3.0300,2.9700,2.9700,3.0300,62591543,187188264.7400,3,0.852700,1,-1.980200,6.088326,1.144646,1.000535,2.846160,0
2023-03-28,sh.600008,2.9800,2.9900,2.9500,2.9600,2.9700,47540039,141314465.9100,3,0.647600,1,-0.336700,6.067827,1.140792,0.997166,2.836577,0
2023-03-29,sh.600008,2.9600,2.9800,2.9300,2.9500,2.9600,43952048,129714872.2000,3,0.598800,1,-0.337800,6.047328,1.136938,0.993797,2.826994,0
2023-03-30,sh.600008,2.9500,2.9700,2.9300,2.9600,2.9500,39427753,116468317.1200,3,0.537100,1,0.339000,6.067827,1.140792,0.997166,2.836577,0
2023-03-31,sh.600008,2.9600,2.9800,2.9500,2.9700,2.9600,31339561,92955234.9600,3,0.426900,1,0.337800,6.088326,1.144646,1.000535,2.846160,0
2023-04-03,sh.600008,2.9700,3.0100,2.9600,2.9900,2.9700,59041127,176448078.1300,3,0.804300,1,0.673400,6.129325,1.152355,1.007272,2.865326,0
2023-04-04,sh.600008,3.0000,3.0300,2.9900,3.0200,2.9900,47618824,143357706.6500,3,0.648700,1,1.003300,6.190824,1.163917,1.017379,2.894075,0
2023-04-06,sh.600008,3.0200,3.0200,2.9900,3.0000,3.0200,42102433,126426259.6000,3,0.573600,1,-0.662300,6.149825,1.156209,1.010641,2.874909,0
2023-04-07,sh.600008,3.0000,3.0100,2.9900,3.0000,3.0000,38301435,114782094.6500,3,0.521800,1,0.000000,6.149825,1.156209,1.010641,2.874909,0
2023-04-10,sh.600008,2.9900,3.0200,2.9800,3.0000,3.0000,47757775,143277307.1200,3,0.650600,1,0.000000,6.149825,1.156209,1.010641,2.874909,0
2023-04-11,sh.600008,3.0000,3.0200,2.9800,3.0100,3.0000,43671986,130964216.3700,3,0.594900,1,0.333300,6.170324,1.160063,1.014010,2.884492,0
2023-04-12,sh.600008,3.0100,3.1500,3.0100,3.1200,3.0100,127059118,394506705.1300,3,1.730900,1,3.654500,6.395818,1.202457,1.051067,2.989906,0
2023-04-13,sh.600008,3.0900,3.1000,3.0200,3.0300,3.1200,165408893,504801156.8400,3,2.253300,1,-2.884600,7.052499,1.187983,1.003821,-9.657757,0
2023-04-14,sh.600008,3.0400,3.0400,2.9800,3.0000,3.0300,99054652,297567151.1600,3,1.349400,1,-0.990100,6.982672,1.176221,0.993882,-9.562136,0
2023-04-17,sh.600008,3.0000,3.0300,2.9800,3.0200,3.0000,81003680,243723546.5000,3,1.103500,1,0.666700,7.029223,1.184062,1.000508,-9.625884,0
2023-04-18,sh.600008,3.0300,3.0300,2.9900,3.0100,3.0200,58882340,177089981.7000,3,0.802100,1,-0.331100,7.005947,1.180142,0.997195,-9.594010,0
2023-04-19,sh.600008,3.0100,3.0600,3.0000,3.0300,3.0100,71417474,215876238.5900,3,0.972900,1,0.664500,7.052499,1.187983,1.003821,-9.657757,0
2023-04-20,sh.600008,3.0300,3.0300,2.9900,3.0100,3.0300,54471950,163732636.0500,3,0.742100,1,-0.660100,7.005947,1.180142,0.997195,-9.594010,0
2023-04-21,sh.600008,3.0100,3.0300,2.9500,2.9500,3.0100,81731214,243979001.6300,3,1.113400,1,-1.993400,6.866294,1.156617,0.977318,-9.402767,0
2023-04-24,sh.600008,2.9600,2.9700,2.9300,2.9500,2.9500,60878341,179761841.5300,3,0.829300,1,0.000000,6.866294,1.156617,0.977318,-9.402767,0
2023-04-25,sh.600008,2.9600,2.9800,2.9200,2.9400,2.9500,50620641,149370427.1200,3,0.689600,1,-0.339000,6.843018,1.152696,0.974005,-9.370893,0
2023-04-26,sh.600008,2.9400,2.9600,2.9300,2.9500,2.9400,38672933,113890907.2500,3,0.526800,1,0.340100,6.866294,1.156617,0.977318,-9.402767,0
2023-04-27,sh.600008,2.9500,2.9700,2.9300,2.9700,2.9500,37549818,110872090.3800,3,0.511500,1,0.678000,6.912845,1.164459,0.983943,-9.466515,0
2023-04-28,sh.600008,2.9600,3.0000,2.9500,3.0000,2.9700,55323985,164887903.2000,3,0.753700,1,1.010100,6.960094,1.157576,1.011249,124.293369,0
2023-05-04,sh.600008,2.9900,3.1100,2.9800,3.0700,3.0000,125099292,381254492.9300,3,1.704200,1,2.333300,7.122496,1.184587,1.034845,127.193548,0
2023-05-05,sh.600008,3.0600,3.1000,3.0300,3.0900,3.0700,80274552,246094776.3700,3,1.093600,1,0.651500,7.168897,1.192304,1.041587,128.022170,0
2023-05-08,sh.600008,3.0900,3.1900,3.0800,3.1500,3.0900,163757349,514685540.0000,3,2.230800,1,1.941700,7.308099,1.215455,1.061812,130.508037,0
2023-05-09,sh.600008,3.1600,3.2200,3.1300,3.1500,3.1500,147305414,469182952.4900,3,2.006700,1,0.000000,7.308099,1.215455,1.061812,130.508037,0
2023-05-10,sh.600008,3.1500,3.2000,3.1400,3.1600,3.1500,87361211,276340771.8200,3,1.190100,1,0.317500,7.331299,1.219314,1.065183,130.922349,0
2023-05-11,sh.600008,3.1700,3.2500,3.1600,3.2100,3.1600,108295687,347783490.6000,3,1.475300,1,1.582300,7.447301,1.238607,1.082037,132.993905,0
2023-05-12,sh.600008,3.2000,3.2300,3.1700,3.1800,3.2100,72092832,230207885.4600,3,0.982100,1,-0.934600,7.377700,1.227031,1.071924,131.750971,0
2023-05-15,sh.600008,3.2000,3.2200,3.1300,3.2000,3.1800,82313656,261444803.3400,3,1.121300,1,0.628900,7.424100,1.234748,1.078666,132.579594,0
2023-05-16,sh.600008,3.2000,3.2100,3.1500,3.1600,3.2000,68959440,219201131.1200,3,0.939400,1,-1.250000,7.331299,1.219314,1.065183,130.922349,0
2023-05-17,sh.600008,3.1600,3.1800,3.1300,3.1600,3.1600,64342969,202644040.5900,3,0.876500,1,0.000000,7.331299,1.219314,1.065183,130.922349,0
2023-05-18,sh.600008,3.1600,3.1700,3.1300,3.1300,3.1600,54354772,171159827.6000,3,0.740500,1,-0.949400,7.261698,1.207738,1.055070,129.679415,0
2023-05-19,sh.600008,3.1300,3.1400,3.0800,3.0900,3.1300,58122930,180039333.9000,3,0.791800,1,-1.278000,7.168897,1.192304,1.041587,128.022170,0
2023-05-22,sh.600008,3.0800,3.1200,3.0700,3.0800,3.0900,45391919,140415357.6100,3,0.618400,1,-0.323600,7.145697,1.188445,1.038216,127.607859,0
2023-05-23,sh.600008,3.0800,3.0900,3.0200,3.0200,3.0800,64158659,195757703.2700,3,0.874000,1,-1.948100,7.006495,1.165294,1.017991,125.121991,0
2023-05-24,sh.600008,3.0200,3.0300,2.9900,2.9900,3.0200,63842479,191926511.4500,3,0.869700,1,-0.993400,6.936894,1.153718,1.007878,123.879058,0
2023-05-25,sh.600008,2.9800,3.0000,2.9500,2.9700,2.9900,56668952,168440322.7300,3,0.772000,1,-0.668900,6.890493,1.146001,1.001137,123.050435,0
2023-05-26,sh.600008,2.9900,3.0400,2.9900,3.0200,2.9700,58547120,176229369.6000,3,0.797600,1,1.683500,7.006495,1.165294,1.017991,125.121991,0
2023-05-29,sh.600008,3.0200,3.1400,3.0000,3.0800,3.0200,102799798,317527410.1400,3,1.400400,1,1.986800,7.145697,1.188445,1.038216,127.607859,0
2023-05-30,sh.600008,3.0800,3.1300,3.0600,3.1300,3.0800,70340670,218214885.9700,3,0.958200,1,1.623400,7.261698,1.207738,1.055070,129.679415,0
2023-05-31,sh.600008,3.1200,3.1200,3.0600,3.0700,3.1300,57120749,176277716.1100,3,0.778100,1,-1.916900,7.122496,1.184587,1.034845,127.193548,0
2023-06-01,sh.600008,3.0800,3.0900,3.0400,3.0500,3.0700,55449693,169666683.9200,3,0.755400,1,-0.651500,7.076096,1.176869,1.028103,126.364925,0
2023-06-02,sh.600008,3.0600,3.0700,3.0400,3.0500,3.0500,39642496,120931572.8400,3,0.540000,1,0.000000,7.076096,1.176869,1.028103,126.364925,0
2023-06-05,sh.600008,3.0500,3.0600,3.0200,3.0400,3.0500,37909288,115137963.7800,3,0.516400,1,-0.327900,7.052895,1.173011,1.024733,125.950614,0
2023-06-06,sh.600008,3.0300,3.0400,2.9700,2.9800,3.0400,55653485,166861952.9500,3,0.758200,1,-1.973700,6.913693,1.149859,1.004508,123.464746,0
2023-06-07,sh.600008,2.9800,3.0000,2.9700,2.9800,2.9800,40282475,120163332.6100,3,0.548800,1,0.000000,6.913693,1.149859,1.004508,123.464746,0
2023-06-08,sh.600008,2.9800,3.0200,2.9700,3.0200,2.9800,35047250,105048600.4500,3,0.477400,1,1.342300,7.006495,1.165294,1.017991,125.121991,0
2023-06-09,sh.600008,3.0200,3.0500,3.0100,3.0400,3.0200,49427492,149677221.8500,3,0.673300,1,0.662300,7.052895,1.173011,1.024733,125.950614,0
2023-06-12,sh.600008,3.0400,3.0500,2.9900,2.9900,3.0400,50729358,152633748.2800,3,0.691100,1,-1.644700,6.936894,1.153718,1.007878,123.879058,0
2023-06-13,sh.600008,2.9900,3.0000,2.9700,2.9800,2.9900,41633512,124297208.4600,3,0.567200,1,-0.334400,6.913693,1.149859,1.004508,123.464746,0
2023-06-14,sh.600008,2.9900,2.9900,2.9600,2.9700,2.9800,52934006,157492730.9600,3,0.721100,1,-0.335600,6.890493,1.146001,1.001137,123.050435,0
2023-06-15,sh.600008,2.8600,2.8700,2.8400,2.8600,2.8400,64249952,183431850.6700,3,0.875300,1,0.704200,6.635290,1.103556,0.964058,118.493012,0
2023-06-16,sh.600008,2.8600,2.8700,2.8500,2.8600,2.8600,45310990,129666321.0900,3,0.617300,1,0.000000,6.635290,1.103556,0.964058,118.493012,0
2023-06-19,sh.600008,2.8600,2.8700,2.8200,2.8400,2.8600,55544526,157625541.6700,3,0.756700,1,-0.699300,6.588889,1.095839,0.957316,117.664389,0
2023-06-20,sh.600008,2.8400,2.8500,2.8200,2.8400,2.8400,30539453,86552348.8000,3,0.416000,1,0.000000,6.588889,1.095839,0.957316,117.664389,0
2023-06-21,sh.600008,2.8300,2.8400,2.7900,2.8000,2.8400,46763424,131930738.1100,3,0.637100,1,-1.408500,6.496088,1.080405,0.943833,116.007144,0
2023-06-26,sh.600008,2.7900,2.8300,2.7700,2.8000,2.8000,38707600,108516348.8000,3,0.527300,1,0.000000,6.496088,1.080405,0.943833,116.007144,0
2023-06-27,sh.600008,2.8000,2.8600,2.8000,2.8500,2.8000,37184421,105578824.9600,3,0.506600,1,1.785700,6.612089,1.099698,0.960687,118.078700,0
2023-06-28,sh.600008,2.8500,2.8700,2.8400,2.8700,2.8500,40740030,116428920.0000,3,0.555000,1,0.701800,6.658490,1.107415,0.967429,118.907323,0
2023-06-29,sh.600008,2.8600,2.8700,2.8400,2.8500,2.8700,34066359,97224639.0400,3,0.464100,1,-0.696900,6.612089,1.099698,0.960687,118.078700,0
2023-06-30,sh.600008,2.8600,2.8900,2.8500,2.8800,2.8500,31698752,91371251.5500,3,0.431800,1,1.052600,6.681690,1.111273,0.970799,119.321634,0
2023-07-03,sh.600008,2.8800,2.9000,2.8700,2.8900,2.8800,39224399,113304645.4300,3,0.534300,1,0.347200,6.704891,1.115132,0.974170,119.735945,0
2023-07-04,sh.600008,2.8800,2.9000,2.8500,2.8700,2.8900,34097394,97731700.4000,3,0.464500,1,-0.692000,6.658490,1.107415,0.967429,118.907323,0
2023-07-05,sh.600008,2.8600,2.8800,2.8500,2.8700,2.8700,21886847,62807227.2700,3,0.298200,1,0.000000,6.658490,1.107415,0.967429,118.907323,0
2023-07-06,sh.600008,2.8700,2.8800,2.8400,2.8400,2.8700,29345185,83807900.4000,3,0.399800,1,-1.045300,6.588889,1.095839,0.957316,117.664389,0
2023-07-07,sh.600008,2.8400,2.8900,2.8400,2.8700,2.8400,33133908,95101527.9900,3,0.451400,1,1.056300,6.658490,1.107415,0.967429,118.907323,0
2023-07-10,sh.600008,2.8800,2.8900,2.8500,2.8700,2.8700,28378426,81365767.2900,3,0.386600,1,0.000000,6.658490,1.107415,0.967429,118.907323,0
2023-07-11,sh.600008,2.8700,2.8900,2.8600,2.8800,2.8700,27223873,78357735.0000,3,0.370900,1,0.348400,6.681690,1.111273,0.970799,119.321634,0
2023-07-12,sh.600008,2.8900,2.8900,2.8400,2.8500,2.8800,27273824,77976118.8400,3,0.371500,1,-1.041700,6.612089,1.099698,0.960687,118.078700,0
2023-07-13,sh.600008,2.8600,2.8800,2.8500,2.8800,2.8500,26162338,75096757.1700,3,0.356400,1,1.052600,6.681690,1.111273,0.970799,119.321634,0
2023-07-14,sh.600008,2.8700,2.8800,2.8500,2.8600,2.8800,34383140,98449653.4000,3,0.468400,1,-0.694400,6.635290,1.103556,0.964058,118.493012,0
2023-07-17,sh.600008,2.8600,2.8700,2.8400,2.8700,2.8600,27682420,79053387.3900,3,0.377100,1,0.349700,6.658490,1.107415,0.967429,118.907323,0
2023-07-18,sh.600008,2.8600,2.8800,2.8500,2.8700,2.8700,24695390,70711543.0000,3,0.336400,1,0.000000,6.658490,1.107415,0.967429,118.907323,0
2023-07-19,sh.600008,2.8700,2.9400,2.8600,2.9100,2.8700,70362060,205043773.9800,3,0.958500,1,1.393700,6.751291,1.122849,0.980912,120.564568,0
2023-07-20,sh.600008,2.9100,2.9300,2.8800,2.8800,2.9100,36220930,105043056.8000,3,0.493400,1,-1.030900,6.681690,1.111273,0.970799,119.321634,0
2023-07-21,sh.600008,2.8900,2.9200,2.8800,2.9000,2.8800,35187286,102171117.0000,3,0.479400,1,0.694400,6.728091,1.118991,0.977541,120.150257,0
2023-07-24,sh.600008,2.9000,2.9200,2.8900,2.9100,2.9000,24756459,71923958.1000,3,0.337300,1,0.344800,6.751291,1.122849,0.980912,120.564568,0
2023-07-25,sh.600008,2.9300,2.9400,2.9100,2.9300,2.9100,37870137,110618824.3700,3,0.515900,1,0.687300,6.797692,1.130566,0.987654,121.393190,0
2023-07-26,sh.600008,2.9300,2.9600,2.9200,2.9500,2.9300,53247454,156706589.8900,3,0.725400,1,0.682600,6.844092,1.138283,0.994395,122.221813,0
2023-07-27,sh.600008,2.9500,2.9600,2.9300,2.9400,2.9500,38619050,113692829.5000,3,0.526100,1,-0.339000,6.820892,1.134425,0.991024,121.807502,0
2023-07-28,sh.600008,2.9300,2.9900,2.9200,2.9700,2.9400,70040033,207313672.3300,3,0.954100,1,1.020400,6.890493,1.146001,1.001137,123.050435,0
2023-07-31,sh.600008,2.9900,3.0100,2.9700,3.0000,2.9700,73071016,218641219.5800,3,0.995400,1,1.010100,6.960094,1.157576,1.011249,124.293369,0
2023-08-01,sh.600008,3.0000,3.0600,2.9900,3.0600,3.0000,92736808,281521185.4900,3,1.263300,1,2.000000,7.099296,1.180728,1.031474,126.779236,0
2023-08-02,sh.600008,3.0400,3.0600,3.0100,3.0300,3.0600,55180943,167258592.8300,3,0.751700,1,-0.980400,7.029695,1.169152,1.021362,125.536303,0
2023-08-03,sh.600008,3.0200,3.0400,3.0100,3.0300,3.0300,53730501,162504021.8000,3,0.732000,1,0.000000,7.029695,1.169152,1.021362,125.536303,0
2023-08-04,sh.600008,3.0400,3.0500,3.0200,3.0300,3.0300,60134819,182273412.5700,3,0.819200,1,0.000000,7.029695,1.169152,1.021362,125.536303,0
2023-08-07,sh.600008,3.0300,3.0300,2.9800,2.9800,3.0300,58423388,174957504.7400,3,0.795900,1,-1.650200,6.913693,1.149859,1.004508,123.464746,0
2023-08-08,sh.600008,2.9900,3.0000,2.9600,2.9800,2.9800,39181071,116852842.6900,3,0.533800,1,0.000000,6.913693,1.149859,1.004508,123.464746,0
2023-08-09,sh.600008,2.9800,3.0000,2.9700,2.9800,2.9800,29744326,88895553.1800,3,0.405200,1,0.000000,6.913693,1.149859,1.004508,123.464746,0
2023-08-10,sh.600008,2.9800,2.9900,2.9600,2.9900,2.9800,30364446,90511833.4800,3,0.413700,1,0.335600,6.936894,1.153718,1.007878,123.879058,0
2023-08-11,sh.600008,2.9900,2.9900,2.9300,2.9300,2.9900,46109780,136315802.2000,3,0.628100,1,-2.006700,6.797692,1.130566,0.987654,121.393190,0
2023-08-14,sh.600008,2.9200,2.9300,2.9000,2.9200,2.9300,38061016,110990242.9800,3,0.518500,1,-0.341300,6.774492,1.126708,0.984283,120.978879,0
2023-08-15,sh.600008,2.9300,2.9400,2.9100,2.9400,2.9200,34614057,101337690.2100,3,0.471500,1,0.684900,6.820892,1.134425,0.991024,121.807502,0
2023-08-16,sh.600008,2.9300,2.9500,2.9100,2.9300,2.9400,28841675,84390191.0100,3,0.392900,1,-0.340100,6.797692,1.130566,0.987654,121.393190,0
2023-08-17,sh.600008,2.9200,2.9500,2.9100,2.9400,2.9300,37157909,108737623.8600,3,0.506200,1,0.341300,6.820892,1.134425,0.991024,121.807502,0
2023-08-18,sh.600008,2.9400,2.9900,2.9300,2.9600,2.9400,69305563,205853408.8600,3,0.944100,1,0.680300,6.867293,1.142142,0.997766,122.636124,0
2023-08-21,sh.600008,2.9600,3.0200,2.9500,2.9900,2.9600,89476461,268017443.9900,3,1.218900,1,1.013500,6.936894,1.153718,1.007878,123.879058,0
2023-08-22,sh.600008,2.9900,3.0100,2.9400,2.9700,2.9900,67084725,199279180.8200,3,0.913900,1,-0.668900,6.890493,1.146001,1.001137,123.050435,0
2023-08-23,sh.600008,2.9800,3.0300,2.9600,3.0000,2.9700,87222139,261964414.5800,3,1.188200,1,1.010100,6.960094,1.157576,1.011249,124.293369,0
2023-08-24,sh.600008,2.9800,3.0000,2.9200,2.9500,3.0000,88695677,261518953.0100,3,1.208300,1,-1.666700,6.844092,1.138283,0.994395,122.221813,0
2023-08-25,sh.600008,2.9500,3.0800,2.9400,3.0100,2.9500,160894446,487190486.9300,3,2.191800,1,2.033900,6.983294,1.161435,1.014620,124.707680,0
2023-08-28,sh.600008,3.1100,3.1200,3.0100,3.0300,3.0100,161245957,492675937.1100,3,2.196600,1,0.664500,7.282602,1.199301,1.055717,-14.506094,0
2023-08-29,sh.600008,3.0100,3.0500,2.9700,2.9900,3.0300,107598973,322596632.0100,3,1.465800,1,-1.320100,7.186462,1.183469,1.041780,-14.314594,0
2023-08-30,sh.600008,2.9900,3.0000,2.9100,2.9100,2.9900,113833119,335640771.9500,3,1.550700,1,-2.675600,6.994182,1.151804,1.013906,-13.931595,0
2023-08-31,sh.600008,2.9100,2.9300,2.8600,2.8700,2.9100,79547404,229006367.4400,3,1.083700,1,-1.374600,6.898042,1.135971,0.999969,-13.740096,0
2023-09-01,sh.600008,2.8600,2.8800,2.8500,2.8600,2.8700,54742985,156629834.4500,3,0.745800,1,-0.348400,6.874007,1.132013,0.996485,-13.692221,0
2023-09-04,sh.600008,2.8700,2.9000,2.8600,2.8900,2.8600,67404027,194251430.6000,3,0.918200,1,1.049000,6.946112,1.143888,1.006938,-13.835845,0
2023-09-05,sh.600008,2.8900,2.9000,2.8600,2.8900,2.8900,62501727,180079556.5300,3,0.851500,1,0.000000,6.946112,1.143888,1.006938,-13.835845,0
2023-09-06,sh.600008,2.8800,2.8800,2.8600,2.8600,2.8900,41370793,118614903.6500,3,0.563600,1,-1.038100,6.874007,1.132013,0.996485,-13.692221,0
2023-09-07,sh.600008,2.8600,2.8700,2.8200,2.8200,2.8600,61781587,175605959.0800,3,0.841600,1,-1.398600,6.777867,1.116181,0.982548,-13.500721,0
2023-09-08,sh.600008,2.8200,2.8300,2.8000,2.8200,2.8200,40319690,113594005.6000,3,0.549300,1,0.000000,6.777867,1.116181,0.982548,-13.500721,0
2023-09-11,sh.600008,2.8300,2.8600,2.8100,2.8500,2.8200,49919399,141601238.3700,3,0.680000,1,1.063800,6.849972,1.128055,0.993001,-13.644346,0
2023-09-12,sh.600008,2.8500,2.8700,2.8300,2.8600,2.8500,37705473,107584573.9500,3,0.513700,1,0.350900,6.874007,1.132013,0.996485,-13.692221,0
2023-09-13,sh.600008,2.8600,2.8700,2.8400,2.8500,2.8600,36921970,105294005.0000,3,0.503000,1,-0.349700,6.849972,1.128055,0.993001,-13.644346,0
2023-09-14,sh.600008,2.8500,2.8800,2.8400,2.8700,2.8500,51602142,147752273.2000,3,0.703000,1,0.701800,6.898042,1.135971,0.999969,-13.740096,0
2023-09-15,sh.600008,2.8700,2.8900,2.8600,2.8800,2.8700,43658670,125446471.7000,3,0.594800,1,0.348400,6.922077,1.139930,1.003453,-13.787971,0
2023-09-18,sh.600008,2.8700,2.8800,2.8400,2.8600,2.8800,44383925,126771870.2700,3,0.604600,1,-0.694400,6.874007,1.132013,0.996485,-13.692221,0
2023-09-19,sh.600008,2.8600,2.8900,2.8400,2.8700,2.8600,56896882,163229618.1900,3,0.775100,1,0.349700,6.898042,1.135971,0.999969,-13.740096,0
2023-09-20,sh.600008,2.8800,2.8900,2.8600,2.8600,2.8700,32882557,94573200.0600,3,0.448000,1,-0.348400,6.874007,1.132013,0.996485,-13.692221,0
2023-09-21,sh.600008,2.8600,2.8900,2.8400,2.8500,2.8600,42504750,121843657.7000,3,0.579000,1,-0.349700,6.849972,1.128055,0.993001,-13.644346,0
2023-09-22,sh.600008,2.8500,2.8600,2.8200,2.8500,2.8500,53918952,153130340.5800,3,0.734500,1,0.000000,6.849972,1.128055,0.993001,-13.644346,0
2023-09-25,sh.600008,2.8500,2.8500,2.8300,2.8400,2.8500,27932017,79382317.4600,3,0.380500,1,-0.350900,6.825937,1.124097,0.989516,-13.596471,0
2023-09-26,sh.600008,2.8400,2.8500,2.8300,2.8300,2.8400,20026949,56859309.0300,3,0.272800,1,-0.352100,6.801902,1.120139,0.986032,-13.548596,0
2023-09-27,sh.600008,2.8400,2.8500,2.8200,2.8300,2.8300,30665889,86895685.5900,3,0.417800,1,0.000000,6.801902,1.120139,0.986032,-13.548596,0
2023-09-28,sh.600008,2.8300,2.8500,2.8300,2.8400,2.8300,25495038,72399994.5600,3,0.347300,1,0.353400,6.825937,1.124097,0.989516,-13.596471,0
2023-10-09,sh.600008,2.8400,2.8400,2.8100,2.8200,2.8400,35495462,100224152.7900,3,0.483600,1,-0.704200,6.777867,1.116181,0.982548,-13.500721,0
2023-10-10,sh.600008,2.8200,2.8400,2.8000,2.8100,2.8200,41336353,116531444.1600,3,0.563100,1,-0.354600,6.753832,1.112223,0.979064,-13.452846,0
2023-10-11,sh.600008,2.8100,2.8200,2.8000,2.8000,2.8100,35909812,100847987.9200,3,0.489200,1,-0.355900,6.729797,1.108265,0.975580,-13.404971,0
2023-10-12,sh.600008,2.8000,2.8300,2.8000,2.8100,2.8000,38207782,107676839.4400,3,0.520500,1,0.357100,6.753832,1.112223,0.979064,-13.452846,0
2023-10-13,sh.600008,2.8100,2.8200,2.7700,2.7900,2.8100,44627342,124576346.6600,3,0.608000,1,-0.711700,6.705762,1.104307,0.972095,-13.357096,0
2023-10-16,sh.600008,2.7900,2.7900,2.7700,2.7800,2.7900,31171096,86661332.2800,3,0.424600,1,-0.358400,6.681727,1.100349,0.968611,-13.309222,0
2023-10-17,sh.600008,2.7900,2.8100,2.7800,2.8000,2.7800,28903875,80779334.4800,3,0.393800,1,0.719400,6.729797,1.108265,0.975580,-13.404971,0
2023-10-18,sh.600008,2.7900,2.8000,2.7400,2.7400,2.8000,45647263,126130114.0500,3,0.621800,1,-2.142900,6.585587,1.084516,0.954674,-13.117722,0
2023-10-19,sh.600008,2.7400,2.7500,2.7000,2.7100,2.7400,34776922,94808144.7400,3,0.473800,1,-1.094900,6.513482,1.072642,0.944222,-12.974097,0
2023-10-20,sh.600008,2.7000,2.7300,2.6900,2.7000,2.7100,42831780,116026501.2000,3,0.583500,1,-0.369000,6.489447,1.068684,0.940737,-12.926222,0
2023-10-23,sh.600008,2.7000,2.7100,2.6300,2.6400,2.7000,39999781,106336824.4200,3,0.544900,1,-2.222200,6.345237,1.044935,0.919832,-12.638973,0
2023-10-24,sh.600008,2.6400,2.6800,2.6400,2.6800,2.6400,38968880,103874896.2000,3,0.530900,1,1.515200,6.441377,1.060768,0.933769,-12.830473,0
2023-10-25,sh.600008,2.7300,2.8000,2.7300,2.7600,2.6800,66671197,184323120.7500,3,0.908300,1,2.985100,6.633657,1.092432,0.961643,-13.213472,0
2023-10-26,sh.600008,2.7500,2.7800,2.7400,2.7700,2.7600,39008800,107686266.0000,3,0.531400,1,0.362300,6.657692,1.096391,0.965127,-13.261347,0
2023-10-27,sh.600008,2.7700,2.8000,2.7600,2.7900,2.7700,43551814,121377218.8200,3,0.593300,1,0.722000,6.705762,1.104307,0.972095,-13.357096,0
2023-10-30,sh.600008,2.7700,2.8000,2.7700,2.7700,2.7900,40236890,111879770.0000,3,0.548100,1,-0.716800,17.245551,1.069219,0.964216,-2.019496,0
2023-10-31,sh.600008,2.7700,2.7800,2.7400,2.7600,2.7700,34161544,94262305.5000,3,0.465400,1,-0.361000,17.183292,1.065359,0.960735,-2.012205,0
2023-11-01,sh.600008,2.7700,2.7800,2.7500,2.7600,2.7600,24876068,68841844.9800,3,0.338900,1,0.000000,17.183292,1.065359,0.960735,-2.012205,0
2023-11-02,sh.600008,2.7600,2.7800,2.7500,2.7500,2.7600,24254178,67166203.6400,3,0.330400,1,-0.362300,17.121034,1.061499,0.957254,-2.004914,0
2023-11-03,sh.600008,2.7600,2.7900,2.7500,2.7500,2.7500,36871480,102081143.9000,3,0.502300,1,0.000000,17.121034,1.061499,0.957254,-2.004914,0
2023-11-06,sh.600008,2.7600,2.7700,2.7400,2.7700,2.7500,36841945,101676058.9500,3,0.501900,1,0.727300,17.245551,1.069219,0.964216,-2.019496,0
2023-11-07,sh.600008,2.7600,2.7700,2.7400,2.7500,2.7700,30210634,83239311.0400,3,0.411600,1,-0.722000,17.121034,1.061499,0.957254,-2.004914,0
2023-11-08,sh.600008,2.7600,2.7700,2.7300,2.7300,2.7500,33372650,91662026.4000,3,0.454600,1,-0.727300,16.996517,1.053779,0.950292,-1.990333,0
2023-11-09,sh.600008,2.7400,2.7500,2.7300,2.7300,2.7300,20492977,56081846.5100,3,0.279200,1,0.000000,16.996517,1.053779,0.950292,-1.990333,0
2023-11-10,sh.600008,2.7300,2.7400,2.7000,2.7300,2.7300,32660995,88811131.9000,3,0.444900,1,0.000000,16.996517,1.053779,0.950292,-1.990333,0
2023-11-13,sh.600008,2.7300,2.7400,2.7200,2.7400,2.7300,19790117,54014985.6100,3,0.269600,1,0.366300,17.058776,1.057639,0.953773,-1.997624,0
2023-11-14,sh.600008,2.7300,2.7500,2.7300,2.7400,2.7400,21772161,59678254.3400,3,0.296600,1,0.000000,17.058776,1.057639,0.953773,-1.997624,0
2023-11-15,sh.600008,2.7500,2.7600,2.7400,2.7600,2.7400,35125261,96627600.2400,3,0.478500,1,0.729900,17.183292,1.065359,0.960735,-2.012205,0
2023-11-16,sh.600008,2.7500,2.7600,2.7300,2.7300,2.7600,24933960,68333428.5000,3,0.339700,1,-1.087000,16.996517,1.053779,0.950292,-1.990333,0
2023-11-17,sh.600008,2.7300,2.7400,2.7200,2.7300,2.7300,23075135,62948637.7500,3,0.314300,1,0.000000,16.996517,1.053779,0.950292,-1.990333,0
2023-11-20,sh.600008,2.7300,2.7500,2.7300,2.7400,2.7300,26782673,73423343.2200,3,0.364900,1,0.366300,17.058776,1.057639,0.953773,-1.997624,0
2023-11-21,sh.600008,2.7500,2.7600,2.7400,2.7400,2.7400,23435800,64457698.0000,3,0.319300,1,0.000000,17.058776,1.057639,0.953773,-1.997624,0
2023-11-22,sh.600008,2.7400,2.7600,2.7200,2.7200,2.7400,30420618,83282955.4000,3,0.414400,1,-0.729900,16.934259,1.049919,0.946811,-1.983043,0
2023-11-23,sh.600008,2.7200,2.7400,2.7100,2.7400,2.7200,25122098,68581555.2600,3,0.342200,1,0.735300,17.058776,1.057639,0.953773,-1.997624,0
2023-11-24,sh.600008,2.7400,2.7500,2.7300,2.7400,2.7400,24390269,66825289.2700,3,0.332300,1,0.000000,17.058776,1.057639,0.953773,-1.997624,0
2023-11-27,sh.600008,2.7400,2.7500,2.7200,2.7300,2.7400,26708422,72932159.5400,3,0.363800,1,-0.365000,16.996517,1.053779,0.950292,-1.990333,0
2023-11-28,sh.600008,2.7200,2.7300,2.7100,2.7200,2.7300,23884096,64942747.1800,3,0.325400,1,-0.366300,16.934259,1.049919,0.946811,-1.983043,0
2023-11-29,sh.600008,2.7200,2.7300,2.6900,2.6900,2.7200,29990170,81100690.4000,3,0.408600,1,-1.102900,16.747484,1.038339,0.936368,-1.961171,0
2023-11-30,sh.600008,2.6900,2.7100,2.6800,2.7000,2.6900,30199445,81486790.0500,3,0.411400,1,0.371700,16.809742,1.042199,0.939849,-1.968461,0
2023-12-01,sh.600008,2.7000,2.7300,2.7000,2.7100,2.7000,28713594,77912272.7400,3,0.391200,1,0.370400,16.872001,1.046059,0.943330,-1.975752,0
2023-12-04,sh.600008,2.7100,2.7300,2.7100,2.7200,2.7100,19622650,53345277.1600,3,0.267300,1,0.369000,16.934259,1.049919,0.946811,-1.983043,0
2023-12-05,sh.600008,2.7200,2.7300,2.6800,2.6800,2.7200,29186202,78824158.2000,3,0.397600,1,-1.470600,16.685226,1.034479,0.932887,-1.953880,0
2023-12-06,sh.600008,2.6800,2.6900,2.6700,2.6800,2.6800,21180934,56847964.6200,3,0.288500,1,0.000000,16.685226,1.034479,0.932887,-1.953880,0
2023-12-07,sh.600008,2.6800,2.7000,2.6700,2.6900,2.6800,25063037,67212612.8300,3,0.341400,1,0.373100,16.747484,1.038339,0.936368,-1.961171,0
2023-12-08,sh.600008,2.7000,2.7200,2.6800,2.6900,2.6900,35664009,96519457.4200,3,0.485800,1,0.000000,16.747484,1.038339,0.936368,-1.961171,0
2023-12-11,sh.600008,2.6800,2.7100,2.6500,2.7000,2.6900,45641992,122117026.0800,3,0.621800,1,0.371700,16.809742,1.042199,0.939849,-1.968461,0
2023-12-12,sh.600008,2.7000,2.7300,2.6900,2.7200,2.7000,30332610,82230839.6000,3,0.413200,1,0.740700,16.934259,1.049919,0.946811,-1.983043,0
2023-12-13,sh.600008,2.7200,2.7400,2.7100,2.7100,2.7200,33406944,90996908.6800,3,0.455100,1,-0.367600,16.872001,1.046059,0.943330,-1.975752,0
2023-12-14,sh.600008,2.7200,2.7400,2.7100,2.7200,2.7100,32918030,89709302.3000,3,0.448400,1,0.369000,16.934259,1.049919,0.946811,-1.983043,0
2023-12-15,sh.600008,2.7200,2.7300,2.6900,2.6900,2.7200,30461605,82497627.6800,3,0.415000,1,-1.102900,16.747484,1.038339,0.936368,-1.961171,0
2023-12-18,sh.600008,2.6900,2.7000,2.6700,2.6800,2.6900,26963890,72315902.3000,3,0.367300,1,-0.371700,16.685226,1.034479,0.932887,-1.953880,0
2023-12-19,sh.600008,2.6800,2.6800,2.6500,2.6600,2.6800,27501610,73221135.0000,3,0.374700,1,-0.746300,16.560709,1.026759,0.925925,-1.939299,0
2023-12-20,sh.600008,2.6700,2.6800,2.6400,2.6400,2.6600,26438240,70346445.7800,3,0.360200,1,-0.751900,16.436193,1.019039,0.918964,-1.924718,0
2023-12-21,sh.600008,2.6300,2.6500,2.6100,2.6400,2.6400,40503882,106477519.2000,3,0.551800,1,0.000000,16.436193,1.019039,0.918964,-1.924718,0
2023-12-22,sh.600008,2.6400,2.6500,2.6200,2.6200,2.6400,31566708,83027716.9200,3,0.430000,1,-0.757600,16.311676,1.011319,0.912002,-1.910137,0
2023-12-25,sh.600008,2.6200,2.6300,2.6000,2.6200,2.6200,29348296,76783628.7600,3,0.399800,1,0.000000,16.311676,1.011319,0.912002,-1.910137,0
2023-12-26,sh.600008,2.6200,2.6700,2.6100,2.6400,2.6200,48639472,128475248.3700,3,0.662600,1,0.763400,16.436193,1.019039,0.918964,-1.924718,0
2023-12-27,sh.600008,2.6300,2.6600,2.6000,2.6600,2.6400,39022607,102686504.6300,3,0.531600,1,0.757600,16.560709,1.026759,0.925925,-1.939299,0
2023-12-28,sh.600008,2.6500,2.6800,2.6400,2.6800,2.6600,38789621,103403754.5000,3,0.528400,1,0.751900,16.685226,1.034479,0.932887,-1.953880,0
2023-12-29,sh.600008,2.6800,2.7100,2.6700,2.6900,2.6800,41158370,110619964.4400,3,0.560700,1,0.373100,16.747484,1.038339,0.936368,-1.961171,0
2024-01-02,sh.600008,2.6900,2.7400,2.6700,2.7200,2.6900,66861235,181017496.5300,3,0.910800,1,1.115200,16.934259,1.049919,0.946811,-1.983043,0
2024-01-03,sh.600008,2.7100,2.7400,2.7100,2.7300,2.7200,35556969,96908809.8800,3,0.484400,1,0.367600,16.996517,1.053779,0.950292,-1.990333,0
2024-01-04,sh.600008,2.7300,2.7700,2.7200,2.7500,2.7300,52003419,142907658.0600,3,0.708400,1,0.732600,17.121034,1.061499,0.957254,-2.004914,0
2024-01-05,sh.600008,2.7500,2.7800,2.7300,2.7500,2.7500,53248049,146828331.3600,3,0.725400,1,0.000000,17.121034,1.061499,0.957254,-2.004914,0
2024-01-08,sh.600008,2.7400,2.7500,2.6900,2.6900,2.7500,43692376,118687232.2100,3,0.595200,1,-2.181800,16.747484,1.038339,0.936368,-1.961171,0
2024-01-09,sh.600008,2.7000,2.7300,2.6900,2.7100,2.6900,33729417,91400794.6700,3,0.459500,1,0.743500,16.872001,1.046059,0.943330,-1.975752,0
2024-01-10,sh.600008,2.7100,2.7300,2.7000,2.7100,2.7100,34287180,93098760.8900,3,0.467100,1,0.000000,16.872001,1.046059,0.943330,-1.975752,0
2024-01-11,sh.600008,2.7100,2.7300,2.7000,2.7000,2.7100,37973496,102999007.0000,3,0.517300,1,-0.369000,16.809742,1.042199,0.939849,-1.968461,0
2024-01-12,sh.600008,2.7200,2.7600,2.7100,2.7200,2.7000,49795370,136474896.8000,3,0.678400,1,0.740700,16.934259,1.049919,0.946811,-1.983043,0
2024-01-15,sh.600008,2.7200,2.7300,2.7100,2.7100,2.7200,32301814,87838660.2800,3,0.440000,1,-0.367600,16.872001,1.046059,0.943330,-1.975752,0
2024-01-16,sh.600008,2.7100,2.7300,2.6800,2.7100,2.7100,42186839,114136742.4900,3,0.574700,1,0.000000,16.872001,1.046059,0.943330,-1.975752,0
2024-01-17,sh.600008,2.7100,2.7100,2.6600,2.6600,2.7100,34434432,92653703.5000,3,0.469100,1,-1.845000,16.560709,1.026759,0.925925,-1.939299,0
2024-01-18,sh.600008,2.6700,2.6700,2.5900,2.6400,2.6600,67058186,175607212.4200,3,0.913500,1,-0.751900,16.436193,1.019039,0.918964,-1.924718,0
2024-01-19,sh.600008,2.6400,2.6600,2.6300,2.6300,2.6400,32714304,86442062.6600,3,0.445700,1,-0.378800,16.373934,1.015179,0.915483,-1.917427,0
2024-01-22,sh.600008,2.6300,2.6400,2.5200,2.5400,2.6300,55321060,142776132.7000,3,0.753600,1,-3.422100,15.813610,0.980439,0.884154,-1.851812,0
2024-01-23,sh.600008,2.5300,2.5700,2.5000,2.5600,2.5400,37388839,94822787.8900,3,0.509300,1,0.787400,15.938126,0.988159,0.891116,-1.866393,0
2024-01-24,sh.600008,2.5600,2.6300,2.5400,2.6300,2.5600,47092132,121560434.8400,3,0.641500,1,2.734400,16.373934,1.015179,0.915483,-1.917427,0
2024-01-25,sh.600008,2.6200,2.7200,2.6100,2.7100,2.6300,66014253,177255540.3000,3,0.899300,1,3.041800,16.872001,1.046059,0.943330,-1.975752,0
2024-01-26,sh.600008,2.7100,2.7300,2.7000,2.7200,2.7100,44658236,121451432.6200,3,0.608400,1,0.369000,16.934259,1.049919,0.946811,-1.983043,0
2024-01-29,sh.600008,2.7300,2.7500,2.7100,2.7200,2.7200,68284714,186586693.0200,3,0.930200,1,0.000000,16.934259,1.049919,0.946811,-1.983043,0
2024-01-30,sh.600008,2.7200,2.7500,2.7100,2.7100,2.7200,69791168,190568661.0100,3,0.950800,1,-0.367600,16.872001,1.046059,0.943330,-1.975752,0
2024-01-31,sh.600008,2.7100,2.7300,2.6600,2.7200,2.7100,79673006,215299052.3000,3,1.085400,1,0.369000,16.934259,1.049919,0.946811,-1.983043,0
2024-02-01,sh.600008,2.7000,2.7300,2.6800,2.7000,2.7200,72216409,195545152.1900,3,0.983800,1,-0.735300,16.809742,1.042199,0.939849,-1.968461,0
2024-02-02,sh.600008,2.7000,2.7400,2.6700,2.7000,2.7000,92274118,249753591.4500,3,1.257000,1,0.000000,16.809742,1.042199,0.939849,-1.968461,0
2024-02-05,sh.600008,2.7000,2.7200,2.5800,2.6800,2.7000,104115642,275796292.9600,3,1.418400,1,-0.740700,16.685226,1.034479,0.932887,-1.953880,0
2024-02-06,sh.600008,2.6600,2.7800,2.6500,2.7600,2.6800,89033747,242766617.8000,3,1.212900,1,2.985100,17.183292,1.065359,0.960735,-2.012205,0
2024-02-07,sh.600008,2.7600,2.8600,2.7500,2.8500,2.7600,132630977,373782118.9100,3,1.806800,1,3.260900,17.743617,1.100099,0.992063,-2.077820,0
2024-02-08,sh.600008,2.8600,2.9400,2.8300,2.8600,2.8500,148890814,429408653.8600,3,2.028300,1,0.350900,17.805875,1.103959,0.995544,-2.085111,0
2024-02-19,sh.600008,2.8800,2.8800,2.8100,2.8300,2.8600,74668108,212291600.4700,3,1.017200,1,-1.049000,17.619100,1.092379,0.985101,-2.063239,0
2024-02-20,sh.600008,2.8200,2.8300,2.8100,2.8200,2.8300,57839081,163081949.8200,3,0.787900,1,-0.353400,17.556842,1.088519,0.981620,-2.055949,0
2024-02-21,sh.600008,2.8100,2.8600,2.8000,2.8200,2.8200,76277774,215663589.4200,3,1.039100,1,0.000000,17.556842,1.088519,0.981620,-2.055949,0
2024-02-22,sh.600008,2.8200,2.8300,2.8000,2.8200,2.8200,46381483,130621096.4400,3,0.631800,1,0.000000,17.556842,1.088519,0.981620,-2.055949,0
2024-02-23,sh.600008,2.8300,2.8300,2.8000,2.8100,2.8200,47745517,134285200.0300,3,0.650400,1,-0.354600,17.494584,1.084659,0.978139,-2.048658,0
2024-02-26,sh.600008,2.8100,2.8200,2.7600,2.7800,2.8100,70108883,195368418.8200,3,0.955100,1,-1.067600,17.307809,1.073079,0.967697,-2.026786,0
2024-02-27,sh.600008,2.7800,2.8100,2.7700,2.8000,2.7800,52494732,146454846.4600,3,0.715100,1,0.719400,17.432325,1.080799,0.974658,-2.041367,0
2024-02-28,sh.600008,2.8000,2.8300,2.7900,2.7900,2.8000,78439480,220547100.2800,3,1.068600,1,-0.357100,17.370067,1.076939,0.971177,-2.034077,0
2024-02-29,sh.600008,2.7800,2.8200,2.7800,2.8100,2.7900,54114092,151778012.6000,3,0.737200,1,0.716800,17.494584,1.084659,0.978139,-2.048658,0
2024-03-01,sh.600008,2.8100,2.8200,2.8000,2.8200,2.8100,49474636,139048354.3000,3,0.674000,1,0.355900,17.556842,1.088519,0.981620,-2.055949,0
2024-03-04,sh.600008,2.8200,2.8200,2.7900,2.7900,2.8200,38901068,108982690.3200,3,0.529900,1,-1.063800,17.370067,1.076939,0.971177,-2.034077,0
2024-03-05,sh.600008,2.8000,2.8000,2.7700,2.7900,2.7900,46924769,130811523.7100,3,0.639300,1,0.000000,17.370067,1.076939,0.971177,-2.034077,0
2024-03-06,sh.600008,2.7900,2.8000,2.7700,2.8000,2.7900,38234009,106580063.6200,3,0.520900,1,0.358400,17.432325,1.080799,0.974658,-2.041367,0
2024-03-07,sh.600008,2.7900,2.8200,2.7800,2.7800,2.8000,58254417,163017495.2700,3,0.793600,1,-0.714300,17.307809,1.073079,0.967697,-2.026786,0
2024-03-08,sh.600008,2.7800,2.7900,2.7600,2.7800,2.7800,39464988,109652319.2400,3,0.537600,1,0.000000,17.307809,1.073079,0.967697,-2.026786,0
2024-03-11,sh.600008,2.7800,2.8000,2.7800,2.8000,2.7800,37319271,104167176.3800,3,0.508400,1,0.719400,17.432325,1.080799,0.974658,-2.041367,0
2024-03-12,sh.600008,2.8100,2.8200,2.7800,2.7800,2.8000,49791812,139273363.3600,3,0.678300,1,-0.714300,17.307809,1.073079,0.967697,-2.026786,0
2024-03-13,sh.600008,2.7800,2.7900,2.7600,2.7700,2.7800,37962470,105201979.4000,3,0.517200,1,-0.359700,17.245551,1.069219,0.964216,-2.019496,0
2024-03-14,sh.600008,2.7700,2.8000,2.7700,2.7800,2.7700,45055826,125410227.0400,3,0.613800,1,0.361000,17.307809,1.073079,0.967697,-2.026786,0
2024-03-15,sh.600008,2.7800,2.8500,2.7700,2.8400,2.7800,100864725,283971679.1700,3,1.374100,1,2.158300,17.681359,1.096239,0.988582,-2.070530,0
2024-03-18,sh.600008,2.8300,2.8400,2.8100,2.8300,2.8400,72044055,203297336.6000,3,0.981400,1,-0.352100,17.619100,1.092379,0.985101,-2.063239,0
2024-03-19,sh.600008,2.8200,2.8300,2.7800,2.7800,2.8300,61893851,173206212.2300,3,0.843200,1,-1.766800,17.307809,1.073079,0.967697,-2.026786,0
2024-03-20,sh.600008,2.7700,2.8000,2.7700,2.7900,2.7800,45227738,125834173.8400,3,0.616100,1,0.359700,17.370067,1.076939,0.971177,-2.034077,0
2024-03-21,sh.600008,2.7900,2.8000,2.7700,2.7800,2.7900,42338687,117612216.3000,3,0.576800,1,-0.358400,17.307809,1.073079,0.967697,-2.026786,0
2024-03-22,sh.600008,2.7700,2.7800,2.7300,2.7400,2.7800,54048410,148609183.7600,3,0.736300,1,-1.438800,17.058776,1.057639,0.953773,-1.997624,0
2024-03-25,sh.600008,2.7400,2.7700,2.7300,2.7500,2.7400,40289890,110890213.7000,3,0.548900,1,0.365000,17.121034,1.061499,0.957254,-2.004914,0
2024-03-26,sh.600008,2.7500,2.7600,2.7300,2.7500,2.7500,44235140,121454283.4000,3,0.602600,1,0.000000,17.121034,1.061499,0.957254,-2.004914,0
2024-03-27,sh.600008,2.7500,2.7700,2.7300,2.7300,2.7500,47058037,129418780.5400,3,0.641100,1,-0.727300,16.996517,1.053779,0.950292,-1.990333,0
2024-03-28,sh.600008,2.7300,2.7500,2.7200,2.7400,2.7300,50362711,137725631.9200,3,0.686100,1,0.366300,17.058776,1.057639,0.953773,-1.997624,0
2024-03-29,sh.600008,2.7400,2.7800,2.7300,2.7800,2.7400,53804252,148718573.0700,3,0.733000,1,1.459900,17.307809,1.073079,0.967697,-2.026786,0
2024-04-01,sh.600008,2.7800,2.8100,2.7700,2.8100,2.7800,45173291,126261055.1900,3,0.615400,1,1.079100,17.494584,1.084659,0.978139,-2.048658,0
2024-04-02,sh.600008,2.8100,2.8400,2.8000,2.8400,2.8100,74523686,210651560.0800,3,1.015200,1,1.067600,17.681359,1.096239,0.988582,-2.070530,0
2024-04-03,sh.600008,2.8300,2.8500,2.8200,2.8500,2.8400,52653710,149361281.4500,3,0.717300,1,0.352100,17.743617,1.100099,0.992063,-2.077820,0
2024-04-08,sh.600008,2.8400,2.8800,2.8300,2.8400,2.8500,78406171,223711322.8800,3,1.068100,1,-0.350900,17.681359,1.096239,0.988582,-2.070530,0
2024-04-09,sh.600008,2.8400,2.8600,2.8200,2.8300,2.8400,53390597,151703485.0100,3,0.727300,1,-0.352100,17.619100,1.092379,0.985101,-2.063239,0
2024-04-10,sh.600008,2.8300,2.8600,2.8100,2.8300,2.8300,55246660,156731106.7000,3,0.752600,1,0.000000,17.619100,1.092379,0.985101,-2.063239,0
2024-04-11,sh.600008,2.8300,2.8800,2.8000,2.8700,2.8300,87373245,249569378.1700,3,1.190300,1,1.413400,17.868134,1.107819,0.999025,-2.092402,0
2024-04-12,sh.600008,2.8700,2.8800,2.8300,2.8400,2.8700,63568965,181181290.2500,3,0.866000,1,-1.045300,17.681359,1.096239,0.988582,-2.070530,0
2024-04-15,sh.600008,2.8600,2.8800,2.8100,2.8700,2.8400,93005357,265406547.8500,3,1.267000,1,1.056300,13.116732,1.102908,0.988223,-20.485210,0
2024-04-16,sh.600008,2.8700,2.8900,2.8400,2.8500,2.8700,99770080,286131472.5300,3,1.359200,1,-0.696900,13.025326,1.095223,0.981336,-20.342456,0
2024-04-17,sh.600008,2.8500,2.9200,2.8400,2.9200,2.8500,102487008,295859767.0400,3,1.396200,1,2.456100,13.345246,1.122123,1.005439,-20.842096,0
2024-04-18,sh.600008,2.9200,2.9200,2.8800,2.8900,2.9200,78144498,226471360.8400,3,1.064600,1,-1.027400,13.208137,1.110594,0.995109,-20.627964,0
2024-04-19,sh.600008,2.8800,2.9300,2.8700,2.9000,2.8900,71690930,208439011.5000,3,0.976600,1,0.346000,13.253840,1.114437,0.998553,-20.699341,0
2024-04-22,sh.600008,2.9000,2.9300,2.8700,2.8800,2.9000,60446835,175296698.2000,3,0.823500,1,-0.689700,13.162434,1.106751,0.991666,-20.556587,0
2024-04-23,sh.600008,2.8800,2.8900,2.8200,2.8300,2.8800,64159197,182632193.1000,3,0.874000,1,-1.736100,12.933920,1.087537,0.974450,-20.199702,0
2024-04-24,sh.600008,2.8300,2.8600,2.8200,2.8600,2.8300,48626774,138245346.6300,3,0.662400,1,1.060100,13.071029,1.099066,0.984780,-20.413833,0
2024-04-25,sh.600008,2.8700,2.8900,2.8400,2.8700,2.8600,55381113,158846752.4400,3,0.754500,1,0.349700,13.116732,1.102908,0.988223,-20.485210,0
2024-04-26,sh.600008,2.8600,2.8900,2.8400,2.8800,2.8700,61205934,175363145.0700,3,0.833800,1,0.348400,13.162434,1.106751,0.991666,-20.556587,0
2024-04-29,sh.600008,2.8800,2.9100,2.8600,2.9100,2.8800,70667776,204438348.9800,3,0.962700,1,1.041700,12.988800,1.101488,1.001501,-114.723926,0
2024-04-30,sh.600008,2.9000,2.9100,2.8900,2.9000,2.9100,50541764,146695180.4000,3,0.688500,1,-0.343600,12.944165,1.097703,0.998060,-114.329686,0
2024-05-06,sh.600008,2.9100,2.9400,2.9100,2.9300,2.9000,77376181,226499814.6400,3,1.054100,1,1.034500,13.078071,1.109059,1.008385,-115.512407,0
2024-05-07,sh.600008,2.9400,2.9400,2.8900,2.9000,2.9300,62368770,181318025.6000,3,0.849600,1,-1.023900,12.944165,1.097703,0.998060,-114.329686,0
2024-05-08,sh.600008,2.8900,2.9100,2.8700,2.8800,2.9000,51900110,149956901.8000,3,0.707000,1,-0.689700,12.854895,1.090133,0.991177,-113.541205,0
2024-05-09,sh.600008,2.8700,2.9300,2.8700,2.9300,2.8800,57499104,167472835.1800,3,0.783300,1,1.736100,13.078071,1.109059,1.008385,-115.512407,0
2024-05-10,sh.600008,2.9200,2.9400,2.9100,2.9300,2.9300,55970360,163898962.0000,3,0.762500,1,0.000000,13.078071,1.109059,1.008385,-115.512407,0
2024-05-13,sh.600008,2.9600,3.0000,2.9500,2.9900,2.9300,119349493,355329411.3400,3,1.625900,1,2.047800,13.345881,1.131770,1.029034,-117.877849,0
2024-05-14,sh.600008,2.9700,2.9900,2.9500,2.9600,2.9900,71911160,213261584.3800,3,0.979600,1,-1.003300,13.211976,1.120414,1.018709,-116.695128,0
2024-05-15,sh.600008,2.9600,2.9700,2.9300,2.9400,2.9600,45311410,133395076.6000,3,0.617300,1,-0.675700,13.122706,1.112844,1.011826,-115.906647,0
2024-05-16,sh.600008,2.9400,2.9600,2.9200,2.9300,2.9400,49612010,145810157.6000,3,0.675900,1,-0.340100,13.078071,1.109059,1.008385,-115.512407,0
2024-05-17,sh.600008,2.9300,2.9700,2.9300,2.9600,2.9300,56599660,166907633.5000,3,0.771100,1,1.023900,13.211976,1.120414,1.018709,-116.695128,0
2024-05-20,sh.600008,2.9600,2.9800,2.9500,2.9600,2.9600,62131486,184071113.5700,3,0.846400,1,0.000000,13.211976,1.120414,1.018709,-116.695128,0
2024-05-21,sh.600008,2.9600,2.9700,2.9400,2.9400,2.9600,35802070,105737840.7000,3,0.487700,1,-0.675700,13.122706,1.112844,1.011826,-115.906647,0
2024-05-22,sh.600008,2.9500,3.0100,2.9400,2.9900,2.9400,81537330,242988960.3900,3,1.110800,1,1.700700,13.345881,1.131770,1.029034,-117.877849,0
2024-05-23,sh.600008,2.9900,2.9900,2.9200,2.9200,2.9900,75574813,222458687.9600,3,1.029500,1,-2.341100,13.033436,1.105274,1.004943,-115.118167,0
2024-05-24,sh.600008,2.9300,2.9800,2.9200,2.9500,2.9200,74716442,221042080.1000,3,1.017900,1,1.027400,13.167341,1.116629,1.015268,-116.300887,0
2024-05-27,sh.600008,2.9600,2.9900,2.9500,2.9800,2.9500,61307994,182495862.0800,3,0.835200,1,1.016900,13.301246,1.127985,1.025593,-117.483608,0
2024-05-28,sh.600008,2.9800,3.0000,2.9600,2.9700,2.9800,66586340,198412180.5000,3,0.907100,1,-0.335600,13.256611,1.124200,1.022151,-117.089368,0
2024-05-29,sh.600008,2.9700,3.0000,2.9400,2.9800,2.9700,69816329,207746867.9300,3,0.951100,1,0.336700,13.301246,1.127985,1.025593,-117.483608,0
2024-05-30,sh.600008,2.9800,3.0000,2.9500,2.9600,2.9800,60376723,179716617.6900,3,0.822500,1,-0.671100,13.211976,1.120414,1.018709,-116.695128,0
2024-05-31,sh.600008,2.9700,2.9800,2.9200,2.9300,2.9600,54527910,160593691.7000,3,0.742800,1,-1.013500,13.078071,1.109059,1.008385,-115.512407,0
2024-06-03,sh.600008,2.9300,2.9300,2.8500,2.8800,2.9300,74695281,215199853.0600,3,1.017600,1,-1.706500,12.854895,1.090133,0.991177,-113.541205,0
2024-06-04,sh.600008,2.8700,2.9200,2.8600,2.9200,2.8800,52484300,151705246.9000,3,0.715000,1,1.388900,13.033436,1.105274,1.004943,-115.118167,0
2024-06-05,sh.600008,2.9200,2.9200,2.8700,2.8800,2.9200,41165026,119220534.5400,3,0.560800,1,-1.369900,12.854895,1.090133,0.991177,-113.541205,0
2024-06-06,sh.600008,2.8700,2.8900,2.8500,2.8500,2.8800,55479052,158843411.9000,3,0.755800,1,-1.041700,12.720990,1.078777,0.980852,-112.358484,0
2024-06-07,sh.600008,2.7800,2.8400,2.7700,2.8300,2.7500,79314120,222745779.5600,3,1.080500,1,2.909100,12.631720,1.071207,0.973969,-111.570004,0
2024-06-11,sh.600008,2.8400,2.8400,2.7800,2.7900,2.8300,58762327,164758067.3400,3,0.800500,1,-1.413400,12.453180,1.056066,0.960202,-109.993043,0
2024-06-12,sh.600008,2.8000,2.8100,2.7700,2.8000,2.7900,42786160,119454252.5000,3,0.582900,1,0.358400,12.497815,1.059851,0.963644,-110.387283,0
2024-06-13,sh.600008,2.7900,2.8100,2.7300,2.7400,2.8000,63270590,174804899.8000,3,0.861900,1,-2.142900,12.230005,1.037140,0.942994,-108.021841,0
2024-06-14,sh.600008,2.7400,2.7700,2.7300,2.7600,2.7400,45948035,126718154.0700,3,0.625900,1,0.729900,12.319275,1.044711,0.949878,-108.810322,0
2024-06-17,sh.600008,2.7500,2.7900,2.7200,2.7300,2.7600,65187187,179357348.9500,3,0.888000,1,-1.087000,12.185370,1.033355,0.939553,-107.627601,0
2024-06-18,sh.600008,2.7600,2.7700,2.7300,2.7400,2.7300,39461340,108288815.0600,3,0.537600,1,0.366300,12.230005,1.037140,0.942994,-108.021841,0
2024-06-19,sh.600008,2.7400,2.7500,2.7100,2.7200,2.7400,35195810,95857257.5000,3,0.479500,1,-0.729900,12.140734,1.029570,0.936111,-107.233361,0
2024-06-20,sh.600008,2.7200,2.7400,2.7000,2.7100,2.7200,40172114,109180463.3200,3,0.547300,1,-0.367600,12.096099,1.025785,0.932670,-106.839120,0
2024-06-21,sh.600008,2.7000,2.7500,2.7000,2.7300,2.7100,43666090,119130343.3000,3,0.594900,1,0.738000,12.185370,1.033355,0.939553,-107.627601,0
2024-06-24,sh.600008,2.7200,2.7300,2.6500,2.6700,2.7300,58100752,155628100.3400,3,0.791500,1,-2.197800,11.917559,1.010644,0.918903,-105.262159,0
2024-06-25,sh.600008,2.6800,2.7100,2.6700,2.6800,2.6700,40717654,109492756.3200,3,0.554700,1,0.374500,11.962194,1.014429,0.922345,-105.656399,0
2024-06-26,sh.600008,2.6800,2.7100,2.6600,2.7000,2.6800,34001517,91296053.2000,3,0.463200,1,0.746300,12.051464,1.022000,0.929228,-106.444880,0
2024-06-27,sh.600008,2.6900,2.7000,2.6700,2.6800,2.7000,38589075,103604507.5000,3,0.525700,1,-0.740700,11.962194,1.014429,0.922345,-105.656399,0
2024-06-28,sh.600008,2.6800,2.7100,2.6600,2.6800,2.6800,42789723,115136807.7800,3,0.582900,1,0.000000,11.962194,1.014429,0.922345,-105.656399,0
2024-07-01,sh.600008,2.6800,2.7600,2.6800,2.7500,2.6800,69376227,189554485.4100,3,0.945100,1,2.611900,12.274640,1.040925,0.946436,-108.416081,0
2024-07-02,sh.600008,2.7600,2.7800,2.7400,2.7700,2.7500,52206237,144483000.0400,3,0.711200,1,0.727300,12.363910,1.048496,0.953319,-109.204562,0
2024-07-03,sh.600008,2.7700,2.8000,2.7700,2.7800,2.7700,42738324,119044379.8200,3,0.582200,1,0.361000,12.408545,1.052281,0.956761,-109.598802,0
2024-07-04,sh.600008,2.7700,2.7900,2.7400,2.7500,2.7800,52296209,144544273.5200,3,0.712400,1,-1.079100,12.274640,1.040925,0.946436,-108.416081,0
2024-07-05,sh.600008,2.7600,2.7800,2.7400,2.7600,2.7500,52281435,144305720.1300,3,0.712200,1,0.363600,12.319275,1.044711,0.949878,-108.810322,0
2024-07-08,sh.600008,2.7700,2.7800,2.7400,2.7500,2.7600,37240178,102673453.6800,3,0.507300,1,-0.362300,12.274640,1.040925,0.946436,-108.416081,0
2024-07-09,sh.600008,2.7500,2.8200,2.7100,2.8100,2.7500,76198432,210829069.0000,3,1.038000,1,2.181800,12.542450,1.063637,0.967086,-110.781523,0
2024-07-10,sh.600008,2.8100,2.8200,2.7700,2.7800,2.8100,37990498,105843565.6000,3,0.517500,1,-1.067600,12.408545,1.052281,0.956761,-109.598802,0
2024-07-11,sh.600008,2.8000,2.8200,2.7900,2.8100,2.7800,57278088,160970693.6800,3,0.780300,1,1.079100,12.542450,1.063637,0.967086,-110.781523,0
2024-07-12,sh.600008,2.8100,2.8600,2.8000,2.8500,2.8100,57308084,162689227.5000,3,0.780700,1,1.423500,12.720990,1.078777,0.980852,-112.358484,0
2024-07-15,sh.600008,2.8400,2.8700,2.8200,2.8600,2.8500,54300071,154763600.7200,3,0.739700,1,0.350900,12.765625,1.082563,0.984293,-112.752725,0
2024-07-16,sh.600008,2.8600,2.8700,2.8400,2.8600,2.8600,42139135,120350221.0100,3,0.574100,1,0.000000,12.765625,1.082563,0.984293,-112.752725,0
2024-07-17,sh.600008,2.8600,2.8700,2.8500,2.8600,2.8600,36281543,103806734.7200,3,0.494300,1,0.000000,12.765625,1.082563,0.984293,-112.752725,0
2024-07-18,sh.600008,2.8500,2.9000,2.8400,2.8800,2.8600,52665724,151431225.7800,3,0.717500,1,0.699300,12.854895,1.090133,0.991177,-113.541205,0
2024-07-19,sh.600008,2.8800,2.8900,2.8500,2.8700,2.8800,46484715,133594501.0500,3,0.633300,1,-0.347200,12.810260,1.086348,0.987735,-113.146965,0
2024-07-22,sh.600008,2.8800,2.8900,2.8500,2.8600,2.8700,36705654,105230131.6400,3,0.500000,1,-0.348400,12.765625,1.082563,0.984293,-112.752725,0
2024-07-23,sh.600008,2.8700,2.9100,2.8500,2.8600,2.8600,61176451,176630412.7000,3,0.833400,1,0.000000,12.765625,1.082563,0.984293,-112.752725,0
2024-07-24,sh.600008,2.8600,2.9200,2.8500,2.9000,2.8600,83589857,241843507.4700,3,1.138700,1,1.398600,12.944165,1.097703,0.998060,-114.329686,0
2024-07-25,sh.600008,2.9000,2.9300,2.8800,2.9100,2.9000,58063647,168570893.6700,3,0.791000,1,0.344800,12.988800,1.101488,1.001501,-114.723926,0
2024-07-26,sh.600008,2.9100,2.9300,2.8900,2.9100,2.9100,57027027,166075230.1100,3,0.776900,1,0.000000,12.988800,1.101488,1.001501,-114.723926,0
2024-07-29,sh.600008,2.9200,2.9400,2.9000,2.9200,2.9100,52352429,153330400.5300,3,0.713200,1,0.343600,13.033436,1.105274,1.004943,-115.118167,0
2024-07-30,sh.600008,2.9300,2.9700,2.9200,2.9600,2.9200,59031039,174229950.4600,3,0.804200,1,1.369900,13.211976,1.120414,1.018709,-116.695128,0
2024-07-31,sh.600008,2.9700,2.9700,2.9000,2.9300,2.9600,84059592,246439464.7600,3,1.145100,1,-1.013500,13.078071,1.109059,1.008385,-115.512407,0
2024-08-01,sh.600008,2.9300,2.9600,2.9200,2.9400,2.9300,61122711,179568405.6300,3,0.832700,1,0.341300,13.122706,1.112844,1.011826,-115.906647,0
2024-08-02,sh.600008,2.9300,2.9500,2.9100,2.9300,2.9400,58228840,170291948.5000,3,0.793200,1,-0.340100,13.078071,1.109059,1.008385,-115.512407,0
2024-08-05,sh.600008,2.9200,2.9400,2.8700,2.8700,2.9300,69764874,202591195.8800,3,0.950400,1,-2.047800,12.810260,1.086348,0.987735,-113.146965,0
2024-08-06,sh.600008,2.8800,2.9000,2.8500,2.8800,2.8700,57391014,164869772.0000,3,0.781800,1,0.348400,12.854895,1.090133,0.991177,-113.541205,0
2024-08-07,sh.600008,2.8800,2.8900,2.8600,2.8800,2.8800,35813260,102987667.3000,3,0.487900,1,0.000000,12.854895,1.090133,0.991177,-113.541205,0
2024-08-08,sh.600008,2.8700,2.9200,2.8700,2.9100,2.8800,48954486,141829565.6800,3,0.666900,1,1.041700,12.988800,1.101488,1.001501,-114.723926,0
2024-08-09,sh.600008,2.9200,2.9200,2.9000,2.9000,2.9100,29774526,86571612.5300,3,0.405600,1,-0.343600,12.944165,1.097703,0.998060,-114.329686,0
2024-08-12,sh.600008,2.9200,2.9800,2.9200,2.9400,2.9000,66047006,194529356.4400,3,0.899800,1,1.379300,13.122706,1.112844,1.011826,-115.906647,0
2024-08-13,sh.600008,2.9300,2.9600,2.9000,2.9400,2.9400,58128525,170060975.2600,3,0.791900,1,0.000000,13.122706,1.112844,1.011826,-115.906647,0
2024-08-14,sh.600008,2.9400,2.9700,2.9300,2.9400,2.9400,63691050,188182538.3400,3,0.867700,1,0.000000,13.122706,1.112844,1.011826,-115.906647,0
2024-08-15,sh.600008,2.9400,2.9700,2.9300,2.9500,2.9400,46387472,136757147.9800,3,0.631900,1,0.340100,13.167341,1.116629,1.015268,-116.300887,0
2024-08-16,sh.600008,2.9500,2.9600,2.9000,2.9000,2.9500,51709702,151103807.2000,3,0.704400,1,-1.694900,12.944165,1.097703,0.998060,-114.329686,0
2024-08-19,sh.600008,2.9100,2.9300,2.9000,2.9200,2.9000,31329004,91357499.2300,3,0.426800,1,0.689700,13.033436,1.105274,1.004943,-115.118167,0
2024-08-20,sh.600008,2.9100,2.9200,2.8500,2.8700,2.9200,54042627,155533876.9500,3,0.736200,1,-1.712300,12.810260,1.086348,0.987735,-113.146965,0
2024-08-21,sh.600008,2.8700,2.8700,2.8300,2.8500,2.8700,34390662,97979570.0800,3,0.468500,1,-0.696900,12.720990,1.078777,0.980852,-112.358484,0
2024-08-22,sh.600008,2.8500,2.8600,2.8300,2.8400,2.8500,28545705,81296350.2600,3,0.388900,1,-0.350900,12.676355,1.074992,0.977410,-111.964244,0
2024-08-23,sh.600008,2.8300,2.8500,2.8100,2.8200,2.8400,34362510,97080336.6000,3,0.468100,1,-0.704200,12.587085,1.067422,0.970527,-111.175764,0
2024-08-26,sh.600008,2.8200,2.8300,2.7900,2.8100,2.8200,38786683,109029666.0300,3,0.528400,1,-0.354600,12.542450,1.063637,0.967086,-110.781523,0
2024-08-27,sh.600008,2.8100,2.8400,2.8100,2.8100,2.8100,35221204,99333845.2400,3,0.479800,1,0.000000,12.542450,1.063637,0.967086,-110.781523,0
2024-08-28,sh.600008,2.8100,2.8400,2.7800,2.8200,2.8100,49365214,138782495.4400,3,0.672500,1,0.355900,12.587085,1.067422,0.970527,-111.175764,0
2024-08-29,sh.600008,2.8200,2.8200,2.7800,2.7800,2.8200,54404736,152001817.9800,3,0.741100,1,-1.418400,12.408545,1.052281,0.956761,-109.598802,0
2024-08-30,sh.600008,2.7800,2.8100,2.7700,2.7800,2.7800,65653898,183057557.3400,3,0.894400,1,0.000000,12.408545,1.052281,0.956761,-109.598802,0
2024-09-02,sh.600008,2.8100,2.9200,2.8000,2.8700,2.7800,132143087,379371455.5100,3,1.800200,1,3.237400,11.935988,1.096187,0.974693,-14.465278,0
2024-09-03,sh.600008,2.8700,2.9200,2.8400,2.8600,2.8700,82377850,237419170.7000,3,1.122200,1,-0.348400,11.894400,1.092367,0.971297,-14.414876,0
2024-09-04,sh.600008,2.8500,2.8600,2.8300,2.8400,2.8600,38678826,110047338.3700,3,0.526900,1,-0.699300,11.811222,1.084728,0.964505,-14.314073,0
2024-09-05,sh.600008,2.8500,2.8800,2.8400,2.8700,2.8400,38021190,108906121.2000,3,0.518000,1,1.056300,11.935988,1.096187,0.974693,-14.465278,0
2024-09-06,sh.600008,2.8700,2.9100,2.8600,2.8700,2.8700,52988489,152848861.1300,3,0.721900,1,0.000000,11.935988,1.096187,0.974693,-14.465278,0
2024-09-09,sh.600008,2.8800,2.8900,2.8200,2.8400,2.8700,44602350,126811819.4000,3,0.607600,1,-1.045300,11.811222,1.084728,0.964505,-14.314073,0
2024-09-10,sh.600008,2.8300,2.8400,2.7400,2.7800,2.8400,67069846,186482848.7400,3,0.913700,1,-2.112700,11.561689,1.061812,0.944128,-14.011663,0
2024-09-11,sh.600008,2.7700,2.7800,2.7300,2.7500,2.7800,44153380,121684583.2000,3,0.601500,1,-1.079100,11.436923,1.050353,0.933939,-13.860458,0
2024-09-12,sh.600008,2.7400,2.8100,2.7400,2.7900,2.7500,54357292,151924047.8700,3,0.740500,1,1.454500,11.603278,1.065631,0.947524,-14.062064,0
2024-09-13,sh.600008,2.8000,2.8200,2.7900,2.8000,2.7900,41534900,116500448.6400,3,0.565800,1,0.358400,11.644867,1.069451,0.950920,-14.112466,0
2024-09-18,sh.600008,2.7900,2.8100,2.7200,2.7600,2.8000,48022291,132387151.5900,3,0.654200,1,-1.428600,11.478511,1.054173,0.937335,-13.910859,0
2024-09-19,sh.600008,2.7600,2.8700,2.7500,2.8600,2.7600,78009597,220100750.0600,3,1.062700,1,3.623200,11.894400,1.092367,0.971297,-14.414876,0
2024-09-20,sh.600008,2.8600,2.8700,2.7900,2.8000,2.8600,59344220,167105570.9000,3,0.808400,1,-2.097900,11.644867,1.069451,0.950920,-14.112466,0
2024-09-23,sh.600008,2.8000,2.8300,2.8000,2.8300,2.8000,40209870,113322589.1000,3,0.547800,1,1.071400,11.769633,1.080909,0.961108,-14.263671,0
2024-09-24,sh.600008,2.8400,2.9200,2.8300,2.9100,2.8300,92702884,266905968.0500,3,1.262900,1,2.826900,12.102344,1.111465,0.988278,-14.666884,0
2024-09-25,sh.600008,2.9400,3.0000,2.9400,2.9700,2.9100,100548657,298668304.7900,3,1.369800,1,2.061900,12.351876,1.134381,1.008654,-14.969294,0
2024-09-26,sh.600008,2.9700,3.0000,2.9400,3.0000,2.9700,92323794,274814956.1600,3,1.257700,1,1.010100,12.476643,1.145840,1.018843,-15.120499,0
2024-09-27,sh.600008,3.0300,3.0700,3.0200,3.0600,3.0000,88292756,268619597.6200,3,1.202800,1,2.000000,12.726176,1.168757,1.039220,-15.422909,0
2024-09-30,sh.600008,3.1200,3.3000,3.1200,3.2700,3.0600,233398979,748852910.6200,3,3.179600,1,6.862700,13.599541,1.248965,1.110539,-16.481344,0
2024-10-08,sh.600008,3.5900,3.5900,3.2300,3.3500,3.2700,277600776,940421616.3600,3,3.781700,1,2.446500,13.932251,1.279521,1.137708,-16.884558,0
2024-10-09,sh.600008,3.3000,3.3000,3.1200,3.1300,3.3500,220891356,708489773.7600,3,3.009200,1,-6.567200,13.017297,1.195493,1.062993,-15.775721,0
2024-10-10,sh.600008,3.1600,3.2600,3.1400,3.2000,3.1300,153932960,492566826.0100,3,2.097000,1,2.236400,13.308419,1.222229,1.086766,-16.128533,0
2024-10-11,sh.600008,3.2000,3.2100,3.1200,3.1400,3.2000,100170978,316818311.5600,3,1.364600,1,-1.875000,13.058886,1.199312,1.066389,-15.826123,0
2024-10-14,sh.600008,3.2000,3.2500,3.1600,3.2400,3.1400,139545403,447993846.4400,3,1.901000,1,3.184700,13.474774,1.237507,1.100350,-16.330139,0
2024-10-15,sh.600008,3.2200,3.2300,3.1400,3.1400,3.2400,112467739,358775956.1000,3,1.532100,1,-3.086400,13.058886,1.199312,1.066389,-15.826123,0
2024-10-16,sh.600008,3.1500,3.2200,3.1400,3.2000,3.1400,109517160,349797874.3100,3,1.491900,1,1.910800,13.308419,1.222229,1.086766,-16.128533,0
2024-10-17,sh.600008,3.2000,3.2100,3.1300,3.1300,3.2000,107966956,341118244.2900,3,1.470800,1,-2.187500,13.017297,1.195493,1.062993,-15.775721,0
2024-10-18,sh.600008,3.1500,3.2300,3.1100,3.1700,3.1300,128748739,407577031.3400,3,1.753900,1,1.278000,13.183653,1.210771,1.076577,-15.977328,0
2024-10-21,sh.600008,3.1900,3.2000,3.1500,3.1700,3.1700,97940671,310110493.6600,3,1.334200,1,0.000000,13.183653,1.210771,1.076577,-15.977328,0
2024-10-22,sh.600008,3.1700,3.2100,3.1500,3.2100,3.1700,94218011,300139845.7900,3,1.283500,1,1.261800,13.350008,1.226049,1.090162,-16.178934,0
2024-10-23,sh.600008,3.2000,3.2500,3.1900,3.2300,3.2100,100595773,324769439.3000,3,1.370400,1,0.623100,13.433186,1.233688,1.096954,-16.279738,0
2024-10-24,sh.600008,3.2300,3.2400,3.2100,3.2300,3.2300,60452028,195097849.9400,3,0.823500,1,0.000000,13.433186,1.233688,1.096954,-16.279738,0
2024-10-25,sh.600008,3.2500,3.2500,3.2200,3.2400,3.2300,70229456,227379207.9900,3,0.956700,1,0.309600,13.474774,1.237507,1.100350,-16.330139,0
2024-10-28,sh.600008,3.2400,3.3100,3.2200,3.3100,3.2400,112166180,366624467.2700,3,1.528000,1,2.160500,13.765896,1.264243,1.124123,-16.682951,0
2024-10-29,sh.600008,3.3300,3.3300,3.2600,3.2700,3.3100,103891587,341901826.6700,3,1.415300,1,-1.208500,13.599541,1.248965,1.110539,-16.481344,0
2024-10-30,sh.600008,3.2900,3.3700,3.2800,3.3700,3.2700,211716499,704097606.2300,3,2.884200,1,3.058100,6.908541,1.151652,1.175006,-70.990008,0
2024-10-31,sh.600008,3.3900,3.5000,3.3600,3.4300,3.3700,187002284,640483745.4000,3,2.547500,1,1.780400,7.031542,1.172156,1.195926,-72.253926,0
2024-11-01,sh.600008,3.4300,3.5300,3.4100,3.4300,3.4300,152285418,526441874.0000,3,2.074600,1,0.000000,7.031542,1.172156,1.195926,-72.253926,0
2024-11-04,sh.600008,3.4300,3.4800,3.4000,3.4600,3.4300,132014473,453985663.9500,3,1.798400,1,0.874600,7.093042,1.182408,1.206386,-72.885884,0
2024-11-05,sh.600008,3.4500,3.5000,3.4400,3.5000,3.4600,117135257,408088166.8500,3,1.595700,1,1.156100,7.175042,1.196077,1.220333,-73.728495,0
2024-11-06,sh.600008,3.5100,3.5200,3.4200,3.4700,3.5000,130799669,452614555.0600,3,1.781900,1,-0.857100,7.113542,1.185825,1.209873,-73.096537,0
2024-11-07,sh.600008,3.4500,3.6200,3.4300,3.6000,3.4700,163765583,581010177.9000,3,2.231000,1,3.746400,7.380044,1.230251,1.255200,-75.835024,0
2024-11-08,sh.600008,3.6200,3.6400,3.4800,3.5000,3.6000,150769849,533208378.0300,3,2.053900,1,-2.777800,7.175042,1.196077,1.220333,-73.728495,0
2024-11-11,sh.600008,3.5500,3.7300,3.5100,3.5700,3.5000,183528783,655070555.4600,3,2.500200,1,2.000000,7.318543,1.219999,1.244740,-75.203065,0
2024-11-12,sh.600008,3.5800,3.5900,3.4700,3.5000,3.5700,130207980,457961314.1000,3,1.773800,1,-1.960800,7.175042,1.196077,1.220333,-73.728495,0
2024-11-13,sh.600008,3.4800,3.5000,3.4200,3.4700,3.5000,92341539,319311994.4500,3,1.258000,1,-0.857100,7.113542,1.185825,1.209873,-73.096537,0
2024-11-14,sh.600008,3.4600,3.4700,3.3800,3.3900,3.4700,98081595,335066372.6200,3,1.336200,1,-2.305500,6.949541,1.158486,1.181980,-71.411314,0
2024-11-15,sh.600008,3.3800,3.4300,3.3400,3.3600,3.3900,85319344,288861227.1900,3,1.162300,1,-0.885000,6.888041,1.148234,1.171520,-70.779356,0
2024-11-18,sh.600008,3.3600,3.4500,3.3600,3.3800,3.3600,119406671,405813710.9700,3,1.626700,1,0.595200,6.929041,1.155069,1.178493,-71.200661,0
2024-11-19,sh.600008,3.3900,3.4200,3.3500,3.3900,3.3800,81350360,274995130.3500,3,1.108200,1,0.295900,6.949541,1.158486,1.181980,-71.411314,0
2024-11-20,sh.600008,3.3900,3.4000,3.3600,3.3800,3.3900,63320007,214166773.2600,3,0.862600,1,-0.295000,6.929041,1.155069,1.178493,-71.200661,0
2024-11-21,sh.600008,3.3800,3.4100,3.3400,3.3500,3.3800,82511815,277816630.1000,3,1.124000,1,-0.887600,6.867541,1.144817,1.168033,-70.568703,0
2024-11-22,sh.600008,3.3600,3.3800,3.2400,3.2500,3.3500,108963377,360759026.4600,3,1.484400,1,-2.985100,6.662539,1.110643,1.133166,-68.462174,0
2024-11-25,sh.600008,3.2500,3.2900,3.2200,3.2500,3.2500,81974302,266460394.1500,3,1.116700,1,0.000000,6.662539,1.110643,1.133166,-68.462174,0
2024-11-26,sh.600008,3.2500,3.2600,3.2200,3.2200,3.2500,57165400,185029972.2300,3,0.778800,1,-0.923100,6.601039,1.100391,1.122706,-67.830216,0
2024-11-27,sh.600008,3.2200,3.2700,3.1700,3.2700,3.2200,86515942,278535676.1600,3,1.178600,1,1.552800,6.703540,1.117478,1.140140,-68.883480,0
2024-11-28,sh.600008,3.2700,3.3300,3.2600,3.3000,3.2700,92286291,304033546.2100,3,1.257200,1,0.917400,6.765040,1.127730,1.150600,-69.515439,0
2024-11-29,sh.600008,3.3700,3.3700,3.2400,3.2800,3.3000,141932183,466404971.7800,3,1.933500,1,-0.606100,6.724040,1.120895,1.143626,-69.094133,0
2024-12-02,sh.600008,3.2900,3.3300,3.2700,3.3100,3.2800,112851219,372850224.3600,3,1.537400,1,0.914600,6.785540,1.131148,1.154086,-69.726091,0
2024-12-03,sh.600008,3.3200,3.3400,3.2800,3.3200,3.3100,95220731,314808144.2400,3,1.297200,1,0.302100,6.806040,1.134565,1.157573,-69.936744,0
2024-12-04,sh.600008,3.3100,3.3200,3.2700,3.2900,3.3200,75612647,249315841.1300,3,1.030100,1,-0.903600,6.744540,1.124313,1.147113,-69.304786,0
2024-12-05,sh.600008,3.2800,3.2900,3.2600,3.2700,3.2900,61645013,201628185.1100,3,0.839800,1,-0.607900,6.703540,1.117478,1.140140,-68.883480,0
2024-12-06,sh.600008,3.2700,3.3700,3.2700,3.3600,3.2700,132574473,442326619.3100,3,1.806000,1,2.752300,6.888041,1.148234,1.171520,-70.779356,0
2024-12-09,sh.600008,3.3700,3.4300,3.3300,3.3600,3.3600,110666632,374145622.1300,3,1.507600,1,0.000000,6.888041,1.148234,1.171520,-70.779356,0
2024-12-10,sh.600008,3.4300,3.4500,3.3400,3.3600,3.3600,135600163,459473008.4200,3,1.847300,1,0.000000,6.888041,1.148234,1.171520,-70.779356,0
2024-12-11,sh.600008,3.3600,3.4100,3.3500,3.4000,3.3600,105193988,357029443.3600,3,1.433000,1,1.190500,6.970041,1.161904,1.185466,-71.621967,0
2024-12-12,sh.600008,3.4000,3.4300,3.3700,3.4200,3.4000,102138538,347592391.8700,3,1.391400,1,0.588200,7.011041,1.168739,1.192440,-72.043273,0
2024-12-13,sh.600008,3.4100,3.4200,3.3400,3.3500,3.4200,126231369,425538849.5600,3,1.719600,1,-2.046800,6.867541,1.144817,1.168033,-70.568703,0
2024-12-16,sh.600008,3.3500,3.4200,3.3400,3.4000,3.3500,125331952,425327016.1400,3,1.707400,1,1.492500,6.970041,1.161904,1.185466,-71.621967,0
2024-12-17,sh.600008,3.4000,3.4100,3.3400,3.3600,3.4000,91547779,308167521.7300,3,1.247100,1,-1.176500,6.888041,1.148234,1.171520,-70.779356,0
2024-12-18,sh.600008,3.3700,3.4100,3.3600,3.3800,3.3600,87160689,295749036.8000,3,1.187400,1,0.595200,6.929041,1.155069,1.178493,-71.200661,0
2024-12-19,sh.600008,3.3600,3.3700,3.3000,3.3200,3.3800,86548740,288224460.3000,3,1.179000,1,-1.775100,6.806040,1.134565,1.157573,-69.936744,0
2024-12-20,sh.600008,3.3200,3.3400,3.2800,3.2900,3.3200,71306850,235516323.9000,3,0.971400,1,-0.903600,6.744540,1.124313,1.147113,-69.304786,0
2024-12-23,sh.600008,3.2900,3.3100,3.2600,3.2700,3.2900,73074160,239885014.9200,3,0.995500,1,-0.607900,6.703540,1.117478,1.140140,-68.883480,0
2024-12-24,sh.600008,3.2700,3.3500,3.2600,3.3400,3.2700,86981832,288862934.4200,3,1.184900,1,2.140700,6.847040,1.141400,1.164546,-70.358050,0
2024-12-25,sh.600008,3.3500,3.3600,3.3100,3.3500,3.3400,60524300,201533093.4000,3,0.824500,1,0.299400,6.867541,1.144817,1.168033,-70.568703,0
2024-12-26,sh.600008,3.3500,3.3600,3.2900,3.3100,3.3500,60778577,201745932.6000,3,0.828000,1,-1.194000,6.785540,1.131148,1.154086,-69.726091,0
2024-12-27,sh.600008,3.3100,3.3600,3.3000,3.3500,3.3100,73594507,245800283.0900,3,1.002600,1,1.208500,6.867541,1.144817,1.168033,-70.568703,0
2024-12-30,sh.600008,3.3500,3.3700,3.3300,3.3500,3.3500,60512515,202871025.5100,3,0.824400,1,0.000000,6.867541,1.144817,1.168033,-70.568703,0
2024-12-31,sh.600008,3.3400,3.3900,3.2700,3.2800,3.3500,95928810,319001735.7000,3,1.306800,1,-2.089600,6.724040,1.120895,1.143626,-69.094133,0
2025-01-02,sh.600008,3.2800,3.3000,3.1500,3.1700,3.2800,110614422,356926686.3600,3,1.506900,1,-3.353700,6.498538,1.083304,1.105273,-66.776952,0
2025-01-03,sh.600008,3.1900,3.2000,3.1200,3.1300,3.1700,82006923,259281243.5900,3,1.117200,1,-1.261800,6.416538,1.069635,1.091326,-65.934340,0
2025-01-06,sh.600008,3.1500,3.1700,3.1200,3.1600,3.1300,71135760,223779955.8000,3,0.969100,1,0.958500,6.478038,1.079887,1.101786,-66.566299,0
2025-01-07,sh.600008,3.1500,3.1600,3.1000,3.1400,3.1600,63059155,197323739.5500,3,0.859000,1,-0.632900,6.437038,1.073052,1.094813,-66.144993,0
2025-01-08,sh.600008,3.1300,3.1400,3.0700,3.1200,3.1400,81292168,252739379.1800,3,1.107400,1,-0.636900,6.396038,1.066218,1.087840,-65.723687,0
2025-01-09,sh.600008,3.1100,3.1100,3.0800,3.0800,3.1200,51378070,158943738.4000,3,0.699900,1,-1.282100,6.314037,1.052548,1.073893,-64.881076,0
2025-01-10,sh.600008,3.0800,3.1000,3.0400,3.0400,3.0800,55714049,170896191.1200,3,0.759000,1,-1.298700,6.232037,1.038879,1.059946,-64.038465,0
2025-01-13,sh.600008,3.0300,3.0600,3.0200,3.0600,3.0400,61351420,186418464.8300,3,0.835800,1,0.657900,6.273037,1.045713,1.066920,-64.459770,0
2025-01-14,sh.600008,3.0500,3.1200,3.0500,3.1000,3.0600,79246828,244732678.6200,3,1.079600,1,1.307200,6.355038,1.059383,1.080866,-65.302382,0
2025-01-15,sh.600008,3.1000,3.1200,3.0800,3.0800,3.1000,50915306,157430944.7800,3,0.693600,1,-0.645200,6.314037,1.052548,1.073893,-64.881076,0
2025-01-16,sh.600008,3.0900,3.1400,3.0900,3.1200,3.0800,74381521,232254422.7400,3,1.013300,1,1.298700,6.396038,1.066218,1.087840,-65.723687,0
2025-01-17,sh.600008,3.1100,3.1400,3.0800,3.1200,3.1200,59785464,186177124.0800,3,0.814500,1,0.000000,6.396038,1.066218,1.087840,-65.723687,0
2025-01-20,sh.600008,3.1400,3.1500,3.1100,3.1200,3.1200,48927031,153137474.9600,3,0.666500,1,0.000000,6.396038,1.066218,1.087840,-65.723687,0
2025-01-21,sh.600008,3.1300,3.1400,3.0800,3.0900,3.1200,53624339,166122125.7100,3,0.730500,1,-0.961500,6.334537,1.055965,1.077380,-65.091729,0
2025-01-22,sh.600008,3.0900,3.1000,3.0500,3.0900,3.0900,45469358,139966119.2300,3,0.619400,1,0.000000,6.334537,1.055965,1.077380,-65.091729,0
2025-01-23,sh.600008,3.1300,3.1800,3.1000,3.1200,3.0900,91829478,288275494.9000,3,1.251000,1,0.970900,6.396038,1.066218,1.087840,-65.723687,0
2025-01-24,sh.600008,3.1100,3.1500,3.0800,3.1300,3.1200,74811712,233111126.2000,3,1.019200,1,0.320500,6.416538,1.069635,1.091326,-65.934340,0
2025-01-27,sh.600008,3.1300,3.1900,3.1300,3.1500,3.1300,97519057,307986297.0200,3,1.328500,1,0.639000,6.457538,1.076470,1.098300,-66.355646,0
2025-02-05,sh.600008,3.1700,3.1700,3.0900,3.1000,3.1500,100312965,312999734.9400,3,1.366600,1,-1.587300,6.355038,1.059383,1.080866,-65.302382,0
2025-02-06,sh.600008,3.1000,3.1300,3.0800,3.1200,3.1000,84987112,263827543.6200,3,1.157800,1,0.645200,6.396038,1.066218,1.087840,-65.723687,0
2025-02-07,sh.600008,3.1200,3.1700,3.1000,3.1400,3.1200,110304891,346208397.6500,3,1.502700,1,0.641000,6.437038,1.073052,1.094813,-66.144993,0
2025-02-10,sh.600008,3.1400,3.2000,3.1300,3.1500,3.1400,94968412,299667182.8700,3,1.293700,1,0.318500,6.457538,1.076470,1.098300,-66.355646,0
2025-02-11,sh.600008,3.1500,3.1600,3.1100,3.1300,3.1500,80672066,252446563.7300,3,1.099000,1,-0.634900,6.416538,1.069635,1.091326,-65.934340,0
2025-02-12,sh.600008,3.1300,3.1500,3.1100,3.1400,3.1300,63358060,198133838.2700,3,0.863100,1,0.319500,6.437038,1.073052,1.094813,-66.144993,0
2025-02-13,sh.600008,3.1400,3.1500,3.1200,3.1300,3.1400,68317295,214148203.3500,3,0.930700,1,-0.318500,6.416538,1.069635,1.091326,-65.934340,0
2025-02-14,sh.600008,3.1200,3.1300,3.0900,3.1100,3.1300,72794479,226188553.0300,3,0.991700,1,-0.639000,6.375538,1.062800,1.084353,-65.513035,0
2025-02-17,sh.600008,3.1100,3.1300,3.0900,3.1200,3.1100,68246380,212254569.5000,3,0.929700,1,0.321500,6.396038,1.066218,1.087840,-65.723687,0
2025-02-18,sh.600008,3.1200,3.1200,3.0700,3.0800,3.1200,76094637,235846702.2600,3,1.036600,1,-1.282100,6.314037,1.052548,1.073893,-64.881076,0
2025-02-19,sh.600008,3.0800,3.1000,3.0700,3.0800,3.0800,56243385,173534155.6700,3,0.766200,1,0.000000,6.314037,1.052548,1.073893,-64.881076,0
2025-02-20,sh.600008,3.0800,3.0900,3.0500,3.0700,3.0800,73707828,226255748.4600,3,1.004100,1,-0.324700,6.293537,1.049131,1.070406,-64.670423,0
2025-02-21,sh.600008,3.0700,3.0800,3.0500,3.0700,3.0700,89713337,275148819.7900,3,1.222200,1,0.000000,6.293537,1.049131,1.070406,-64.670423,0
2025-02-24,sh.600008,3.0700,3.1400,3.0600,3.0800,3.0700,117806909,364902220.5800,3,1.604900,1,0.325700,6.314037,1.052548,1.073893,-64.881076,0
2025-02-25,sh.600008,3.0700,3.0800,3.0300,3.0400,3.0800,94834639,289202168.3600,3,1.291900,1,-1.298700,6.232037,1.038879,1.059946,-64.038465,0
2025-02-26,sh.600008,3.0400,3.0700,3.0300,3.0600,3.0400,73727278,224722189.3300,3,1.004400,1,0.657900,6.273037,1.045713,1.066920,-64.459770,0
2025-02-27,sh.600008,3.0600,3.0800,3.0200,3.0400,3.0600,87709433,266946928.9900,3,1.194900,1,-0.653600,6.232037,1.038879,1.059946,-64.038465,0
2025-02-28,sh.600008,3.0400,3.0500,3.0100,3.0100,3.0400,84121321,254551467.6800,3,1.146000,1,-0.986800,6.170536,1.028627,1.049486,-63.406506,0
2025-03-03,sh.600008,3.0200,3.0500,3.0100,3.0200,3.0100,74489796,225562162.4800,3,1.014800,1,0.332200,6.191037,1.032044,1.052973,-63.617159,0
2025-03-04,sh.600008,3.0300,3.0700,3.0100,3.0600,3.0200,91006698,277427608.6400,3,1.239800,1,1.324500,6.273037,1.045713,1.066920,-64.459770,0
2025-03-05,sh.600008,3.0700,3.0700,3.0300,3.0500,3.0600,64065511,195173844.0300,3,0.872800,1,-0.326800,6.252537,1.042296,1.063433,-64.249117,0
2025-03-06,sh.600008,3.0600,3.0700,3.0400,3.0700,3.0500,70223871,214815856.5000,3,0.956700,1,0.655700,6.293537,1.049131,1.070406,-64.670423,0
2025-03-07,sh.600008,3.0600,3.0800,3.0500,3.0600,3.0700,65185025,199829956.6600,3,0.888000,1,-0.325700,6.273037,1.045713,1.066920,-64.459770,0
2025-03-10,sh.600008,3.0600,3.0800,3.0500,3.0700,3.0600,59956361,183837980.3600,3,0.816800,1,0.326800,6.293537,1.049131,1.070406,-64.670423,0
2025-03-11,sh.600008,3.0600,3.0800,3.0400,3.0800,3.0700,74442644,228125798.8800,3,1.014100,1,0.325700,6.314037,1.052548,1.073893,-64.881076,0
2025-03-12,sh.600008,3.0800,3.0900,3.0600,3.0900,3.0800,76443568,235444076.5800,3,1.041400,1,0.324700,6.334537,1.055965,1.077380,-65.091729,0
2025-03-13,sh.600008,3.0900,3.0900,3.0600,3.0700,3.0900,86596190,266175306.4200,3,1.179700,1,-0.647200,6.293537,1.049131,1.070406,-64.670423,0
2025-03-14,sh.600008,3.0800,3.1100,3.0700,3.1000,3.0700,109735569,339322355.5200,3,1.494900,1,0.977200,6.355038,1.059383,1.080866,-65.302382,0
2025-03-17,sh.600008,3.1000,3.1400,3.0900,3.1200,3.1000,103218040,321601175.5700,3,1.406100,1,0.645200,6.396038,1.066218,1.087840,-65.723687,0
2025-03-18,sh.600008,3.1300,3.1300,3.1000,3.1100,3.1200,65578159,203938228.2300,3,0.893400,1,-0.320500,6.375538,1.062800,1.084353,-65.513035,0
2025-03-19,sh.600008,3.1100,3.1200,3.1000,3.1200,3.1100,50135550,155794982.2000,3,0.683000,1,0.321500,6.396038,1.066218,1.087840,-65.723687,0
2025-03-20,sh.600008,3.1100,3.1200,3.0900,3.1000,3.1200,66218479,205640371.8900,3,0.902100,1,-0.641000,6.355038,1.059383,1.080866,-65.302382,0
2025-03-21,sh.600008,3.1000,3.1400,3.0900,3.1100,3.1000,107293963,334955678.2100,3,1.461700,1,0.322600,6.375538,1.062800,1.084353,-65.513035,0
2025-03-24,sh.600008,3.1200,3.1600,3.1100,3.1400,3.1100,103841952,325461849.6200,3,1.414600,1,0.964600,6.437038,1.073052,1.094813,-66.144993,0
2025-03-25,sh.600008,3.1400,3.1800,3.1200,3.1800,3.1400,105889669,334944742.0700,3,1.442500,1,1.273900,6.519038,1.086722,1.108760,-66.987604,0
2025-03-26,sh.600008,3.1700,3.1800,3.1400,3.1500,3.1800,79952073,252164732.6800,3,1.089200,1,-0.943400,6.457538,1.076470,1.098300,-66.355646,0
2025-03-27,sh.600008,3.1500,3.1600,3.1200,3.1300,3.1500,63284429,198511785.7700,3,0.862100,1,-0.634900,6.416538,1.069635,1.091326,-65.934340,0
2025-03-28,sh.600008,3.1400,3.1500,3.1100,3.1300,3.1300,71863943,224862089.6700,3,0.979000,1,0.000000,6.416538,1.069635,1.091326,-65.934340,0
2025-03-31,sh.600008,3.1200,3.1600,3.1000,3.1200,3.1300,87023761,272503738.0100,3,1.185500,1,-0.319500,6.396038,1.066218,1.087840,-65.723687,0
2025-04-01,sh.600008,3.1200,3.1600,3.1100,3.1600,3.1200,77859374,244832872.9800,3,1.060700,1,1.282100,6.478038,1.079887,1.101786,-66.566299,0
2025-04-02,sh.600008,3.1600,3.1700,3.1400,3.1400,3.1600,57588816,181646972.5400,3,0.784500,1,-0.632900,6.437038,1.073052,1.094813,-66.144993,0
2025-04-03,sh.600008,3.1300,3.2000,3.1300,3.1900,3.1400,115540286,367229617.7600,3,1.574000,1,1.592400,6.539539,1.090139,1.112246,-67.198257,0
2025-04-07,sh.600008,3.1300,3.1400,2.9000,2.9500,3.1900,208730317,631274946.6900,3,2.843500,1,-7.523500,6.047536,1.008122,1.028566,-62.142589,0
2025-04-08,sh.600008,2.9600,3.0700,2.9500,3.0300,2.9500,138486528,419324788.1100,3,1.886600,1,2.711900,6.211537,1.035461,1.056460,-63.827812,0
2025-04-09,sh.600008,3.0100,3.1000,2.9400,3.0800,3.0300,146123696,442795421.4400,3,1.990600,1,1.650200,6.314037,1.052548,1.073893,-64.881076,0
2025-04-10,sh.600008,3.0900,3.1500,3.0800,3.1000,3.0800,116520461,362364812.5600,3,1.587300,1,0.649400,6.355038,1.059383,1.080866,-65.302382,0
2025-04-11,sh.600008,3.0800,3.1100,3.0800,3.1000,3.1000,59599940,184337231.1000,3,0.811900,1,0.000000,6.355038,1.059383,1.080866,-65.302382,0
2025-04-14,sh.600008,3.1400,3.1500,3.1000,3.1000,3.1000,84314319,262717983.5500,3,1.148600,1,0.000000,6.449961,1.094868,1.134955,42.945350,0
2025-04-15,sh.600008,3.1100,3.1100,3.0600,3.0800,3.1000,76475296,235277834.7600,3,1.041800,1,-0.645200,6.408349,1.087805,1.127633,42.668284,0
2025-04-16,sh.600008,3.0700,3.0900,3.0500,3.0900,3.0800,62683883,192544590.5300,3,0.853900,1,0.324700,6.429155,1.091336,1.131294,42.806817,0
2025-04-17,sh.600008,3.0700,3.1000,3.0600,3.0800,3.0900,54136946,167128715.9100,3,0.737500,1,-0.323600,6.408349,1.087805,1.127633,42.668284,0
2025-04-18,sh.600008,3.0800,3.0900,3.0600,3.0800,3.0800,42039704,129190988.4800,3,0.572700,1,0.000000,6.408349,1.087805,1.127633,42.668284,0
2025-04-21,sh.600008,3.0800,3.0900,3.0600,3.0800,3.0800,55998380,172315255.8000,3,0.762900,1,0.000000,6.408349,1.087805,1.127633,42.668284,0
2025-04-22,sh.600008,3.0800,3.1000,3.0700,3.0900,3.0800,55184862,170248620.1000,3,0.751800,1,0.324700,6.429155,1.091336,1.131294,42.806817,0
2025-04-23,sh.600008,3.0900,3.1100,3.0700,3.1000,3.0900,58861002,181910778.6200,3,0.801900,1,0.323600,6.449961,1.094868,1.134955,42.945350,0
2025-04-24,sh.600008,3.1000,3.1500,3.0900,3.1300,3.1000,106464618,333036335.2900,3,1.450400,1,0.967700,6.512380,1.105464,1.145938,43.360950,0
2025-04-25,sh.600008,3.1300,3.1600,3.1300,3.1600,3.1300,69577335,218920526.4100,3,0.947800,1,0.958500,6.574799,1.116059,1.156922,43.776551,0
2025-04-28,sh.600008,3.1700,3.1800,3.1400,3.1600,3.1600,70733053,223638750.3100,3,0.963600,1,0.000000,6.574799,1.116059,1.156922,43.776551,0
2025-04-29,sh.600008,3.1600,3.1700,3.1100,3.1300,3.1600,88409599,277405145.9000,3,1.204400,1,-0.949400,6.512380,1.105464,1.145938,43.360950,0
2025-04-30,sh.600008,3.1400,3.2000,3.1200,3.1600,3.1300,98298010,310866988.7000,3,1.339100,1,0.958500,6.511190,1.097442,1.163641,96.579205,0
2025-05-06,sh.600008,3.1700,3.1800,3.1400,3.1600,3.1600,108162500,341239826.3900,3,1.473500,1,0.000000,6.511190,1.097442,1.163641,96.579205,0
2025-05-07,sh.600008,3.1700,3.1800,3.1500,3.1600,3.1600,78599161,248441209.3900,3,1.070700,1,0.000000,6.511190,1.097442,1.163641,96.579205,0
2025-05-08,sh.600008,3.1600,3.1600,3.1400,3.1500,3.1600,64203007,202327242.2000,3,0.874600,1,-0.316500,6.490585,1.093969,1.159959,96.273575,0
2025-05-09,sh.600008,3.1500,3.1700,3.1400,3.1400,3.1500,75749964,238662184.8400,3,1.031900,1,-0.317500,6.469980,1.090496,1.156276,95.967944,0
2025-05-12,sh.600008,3.1500,3.1500,3.1200,3.1400,3.1400,92202978,288995782.3200,3,1.256100,1,0.000000,6.469980,1.090496,1.156276,95.967944,0
2025-05-13,sh.600008,3.1500,3.1600,3.1400,3.1500,3.1400,58596294,184521831.1900,3,0.798300,1,0.318500,6.490585,1.093969,1.159959,96.273575,0
2025-05-14,sh.600008,3.1500,3.1800,3.1300,3.1800,3.1500,97381149,307476159.3500,3,1.326600,1,0.952400,6.552400,1.104388,1.171006,97.190466,0
2025-05-15,sh.600008,3.1700,3.2100,3.1600,3.1700,3.1800,90514939,288037371.8400,3,1.233100,1,-0.314500,6.531795,1.100915,1.167324,96.884836,0
2025-05-16,sh.600008,3.1700,3.1800,3.1400,3.1400,3.1700,65826453,207687904.9200,3,0.896700,1,-0.946400,6.469980,1.090496,1.156276,95.967944,0
2025-05-19,sh.600008,3.1400,3.1900,3.1400,3.1800,3.1400,88259208,279937284.0000,3,1.202300,1,1.273900,6.552400,1.104388,1.171006,97.190466,0
2025-05-20,sh.600008,3.1800,3.1900,3.1700,3.1800,3.1800,43223134,137426852.9800,3,0.588800,1,0.000000,6.552400,1.104388,1.171006,97.190466,0
2025-05-21,sh.600008,3.1800,3.1900,3.1700,3.1900,3.1800,44006927,139987163.0500,3,0.599500,1,0.314500,6.573005,1.107861,1.174688,97.496096,0
2025-05-22,sh.600008,3.1800,3.1900,3.1500,3.1600,3.1900,63237451,199899213.4500,3,0.861500,1,-0.940400,6.511190,1.097442,1.163641,96.579205,0
2025-05-23,sh.600008,3.1600,3.1800,3.1300,3.1300,3.1600,66001230,208246224.7000,3,0.899100,1,-0.949400,6.449375,1.087023,1.152594,95.662314,0
2025-05-26,sh.600008,3.1400,3.1500,3.1200,3.1400,3.1300,42410905,132969800.4500,3,0.577800,1,0.319500,6.469980,1.090496,1.156276,95.967944,0
2025-05-27,sh.600008,3.1300,3.1500,3.1200,3.1400,3.1400,40133571,125886740.3500,3,0.546700,1,0.000000,6.469980,1.090496,1.156276,95.967944,0
2025-05-28,sh.600008,3.1400,3.1800,3.1300,3.1800,3.1400,86478043,273819421.1700,3,1.178100,1,1.273900,6.552400,1.104388,1.171006,97.190466,0
2025-05-29,sh.600008,3.1700,3.1900,3.1600,3.1800,3.1800,56202817,178443294.3500,3,0.765600,1,0.000000,6.552400,1.104388,1.171006,97.190466,0
2025-05-30,sh.600008,3.1900,3.2000,3.1700,3.1900,3.1800,82940266,264277963.3100,3,1.129900,1,0.314500,6.573005,1.107861,1.174688,97.496096,0
2025-06-03,sh.600008,3.1800,3.1900,3.1500,3.1900,3.1900,64905980,205794122.5100,3,0.884200,1,0.000000,6.573005,1.107861,1.174688,97.496096,0
2025-06-04,sh.600008,3.1800,3.1900,3.1700,3.1900,3.1900,40277177,128235971.0600,3,0.548700,1,0.000000,6.573005,1.107861,1.174688,97.496096,0
2025-06-05,sh.600008,3.1900,3.2100,3.1700,3.1800,3.1900,55407428,176444315.4300,3,0.754800,1,-0.313500,6.552400,1.104388,1.171006,97.190466,0
2025-06-06,sh.600008,3.1800,3.2000,3.1700,3.2000,3.1800,57782011,184205676.9000,3,0.787200,1,0.628900,6.593610,1.111334,1.178371,97.801727,0
2025-06-09,sh.600008,3.2000,3.2400,3.2000,3.2400,3.2000,85636022,275887635.1800,3,1.166600,1,1.250000,6.676030,1.125225,1.193100,99.024248,0
2025-06-10,sh.600008,3.2400,3.2800,3.2200,3.2500,3.2400,108870142,354361243.0600,3,1.483100,1,0.308600,6.696635,1.128698,1.196783,99.329879,0
2025-06-11,sh.600008,3.2600,3.2700,3.2500,3.2600,3.2500,65748238,214270235.5300,3,0.895700,1,0.307700,6.717240,1.132171,1.200465,99.635509,0
2025-06-12,sh.600008,3.2600,3.2600,3.2200,3.2500,3.2600,92179292,298509030.4500,3,1.255700,1,-0.306700,6.696635,1.128698,1.196783,99.329879,0
2025-06-13,sh.600008,3.1000,3.1100,3.0500,3.0600,3.0800,105798946,325906025.7000,3,1.441300,1,-0.649400,6.305140,1.062713,1.126817,93.522901,0
2025-06-16,sh.600008,3.0600,3.0700,3.0300,3.0500,3.0600,70279902,214221928.2800,3,0.957400,1,-0.326800,6.284535,1.059240,1.123135,93.217271,0
2025-06-17,sh.600008,3.0500,3.0600,3.0300,3.0600,3.0500,54086262,164751975.2000,3,0.736800,1,0.327900,6.305140,1.062713,1.126817,93.522901,0
2025-06-18,sh.600008,3.0600,3.0700,3.0400,3.0400,3.0600,41899787,127863833.7800,3,0.570800,1,-0.653600,6.263930,1.055767,1.119452,92.911640,0
2025-06-19,sh.600008,3.0400,3.0500,2.9800,3.0100,3.0400,78968640,237785199.5000,3,1.075800,1,-0.986800,6.202115,1.045348,1.108405,91.994749,0
2025-06-20,sh.600008,3.0100,3.0200,2.9900,3.0000,3.0100,36536427,109874447.7000,3,0.497700,1,-0.332200,6.181510,1.041875,1.104723,91.689119,0
2025-06-23,sh.600008,2.9900,3.0100,2.9800,3.0000,3.0000,63197480,189145096.7000,3,0.860900,1,0.000000,6.181510,1.041875,1.104723,91.689119,0
2025-06-24,sh.600008,3.0100,3.0300,3.0000,3.0100,3.0000,52788777,159081516.0700,3,0.719100,1,0.333300,6.202115,1.045348,1.108405,91.994749,0
2025-06-25,sh.600008,3.0100,3.0600,3.0000,3.0600,3.0100,78390643,237726026.4300,3,1.067900,1,1.661100,6.305140,1.062713,1.126817,93.522901,0
2025-06-26,sh.600008,3.0600,3.0700,3.0400,3.0500,3.0600,41235032,125787936.6300,3,0.561700,1,-0.326800,6.284535,1.059240,1.123135,93.217271,0
2025-06-27,sh.600008,3.0500,3.0700,3.0300,3.0400,3.0500,69834061,212778428.7400,3,0.951300,1,-0.327900,6.263930,1.055767,1.119452,92.911640,0
2025-06-30,sh.600008,3.0400,3.0500,3.0100,3.0200,3.0400,61626522,186364805.8800,3,0.839500,1,-0.657900,6.222720,1.048821,1.112087,92.300380,0
2025-07-01,sh.600008,3.0300,3.0500,3.0200,3.0400,3.0200,54577919,165779655.2000,3,0.743500,1,0.662300,6.263930,1.055767,1.119452,92.911640,0
2025-07-02,sh.600008,3.0400,3.0600,3.0300,3.0600,3.0400,56680402,172956791.9000,3,0.772200,1,0.657900,6.305140,1.062713,1.126817,93.522901,0
2025-07-03,sh.600008,3.0600,3.0600,3.0400,3.0500,3.0600,44915309,136926716.5100,3,0.611900,1,-0.326800,6.284535,1.059240,1.123135,93.217271,0
2025-07-04,sh.600008,3.0500,3.0800,3.0400,3.0600,3.0500,68938646,211242470.0200,3,0.939100,1,0.327900,6.305140,1.062713,1.126817,93.522901,0
2025-07-07,sh.600008,3.0600,3.1000,3.0500,3.0900,3.0600,71623909,220645015.4600,3,0.975700,1,0.980400,6.366955,1.073132,1.137864,94.439792,0
2025-07-08,sh.600008,3.0900,3.1000,3.0600,3.0900,3.0900,68135751,209784195.4800,3,0.928200,1,0.000000,6.366955,1.073132,1.137864,94.439792,0
2025-07-09,sh.600008,3.0900,3.1000,3.0700,3.0800,3.0900,48400390,149244378.9000,3,0.659400,1,-0.323600,6.346350,1.069659,1.134182,94.134162,0
2025-07-10,sh.600008,3.0800,3.1200,3.0700,3.1100,3.0800,80269719,248875213.0900,3,1.093500,1,0.974000,6.408165,1.080077,1.145229,95.051053,0
2025-07-11,sh.600008,3.1000,3.1300,3.1000,3.1100,3.1100,75175839,234274623.6000,3,1.024100,1,0.000000,6.408165,1.080077,1.145229,95.051053,0
2025-07-14,sh.600008,3.1200,3.1500,3.1100,3.1200,3.1100,78889290,247010012.8000,3,1.074700,1,0.321500,6.428770,1.083550,1.148912,95.356684,0
2025-07-15,sh.600008,3.1200,3.1300,3.0700,3.0900,3.1200,84404210,260728731.3000,3,1.149800,1,-0.961500,6.366955,1.073132,1.137864,94.439792,0
2025-07-16,sh.600008,3.0900,3.0900,3.0700,3.0800,3.0900,50358507,155118517.6900,3,0.686000,1,-0.323600,6.346350,1.069659,1.134182,94.134162,0
2025-07-17,sh.600008,3.0800,3.0900,3.0600,3.0800,3.0800,50485791,155270450.6700,3,0.687800,1,0.000000,6.346350,1.069659,1.134182,94.134162,0
2025-07-18,sh.600008,3.0900,3.1000,3.0800,3.0900,3.0800,60744295,187678845.3500,3,0.827500,1,0.324700,6.366955,1.073132,1.137864,94.439792,0
2025-07-21,sh.600008,3.0900,3.1500,3.0900,3.1500,3.0900,103023168,322598506.2900,3,1.403500,1,1.941700,6.490585,1.093969,1.159959,96.273575,0
2025-07-22,sh.600008,3.1400,3.1900,3.1200,3.1900,3.1500,115217391,363981076.7800,3,1.569600,1,1.269800,6.573005,1.107861,1.174688,97.496096,0
2025-07-23,sh.600008,3.1900,3.2000,3.1500,3.1600,3.1900,93817742,297820467.5000,3,1.278100,1,-0.940400,6.511190,1.097442,1.163641,96.579205,0
2025-07-24,sh.600008,3.1600,3.1800,3.1400,3.1800,3.1600,80239279,253853603.9500,3,1.093100,1,0.632900,6.552400,1.104388,1.171006,97.190466,0
2025-07-25,sh.600008,3.1800,3.1900,3.1400,3.1500,3.1800,77773468,245797115.9900,3,1.059500,1,-0.943400,6.490585,1.093969,1.159959,96.273575,0
2025-07-28,sh.600008,3.1400,3.1500,3.1100,3.1300,3.1500,77160056,241485255.7600,3,1.051100,1,-0.634900,6.449375,1.087023,1.152594,95.662314,0
2025-07-29,sh.600008,3.1300,3.1400,3.1000,3.1400,3.1300,65794403,205275102.8700,3,0.896300,1,0.319500,6.469980,1.090496,1.156276,95.967944,0
2025-07-30,sh.600008,3.1300,3.1700,3.1300,3.1400,3.1400,76244261,240012735.7200,3,1.038700,1,0.000000,6.469980,1.090496,1.156276,95.967944,0
2025-07-31,sh.600008,3.1400,3.1500,3.0600,3.0800,3.1400,137437048,424413148.8100,3,1.872300,1,-1.910800,6.346350,1.069659,1.134182,94.134162,0
2025-08-01,sh.600008,3.0900,3.1100,3.0800,3.0900,3.0800,64935720,200890402.7300,3,0.884600,1,0.324700,6.366955,1.073132,1.137864,94.439792,0
2025-08-04,sh.600008,3.0800,3.0900,3.0600,3.0800,3.0900,63440128,195070543.1600,3,0.864200,1,-0.323600,6.346350,1.069659,1.134182,94.134162,0
2025-08-05,sh.600008,3.0900,3.1000,3.0800,3.1000,3.0800,38838257,120118136.7300,3,0.529100,1,0.649400,6.387560,1.076604,1.141547,94.745423,0
2025-08-06,sh.600008,3.1000,3.1100,3.0700,3.1000,3.1000,49160523,151858327.8400,3,0.669700,1,0.000000,6.387560,1.076604,1.141547,94.745423,0
2025-08-07,sh.600008,3.1000,3.1100,3.0800,3.0900,3.1000,38020270,117511352.2000,3,0.517900,1,-0.322600,6.366955,1.073132,1.137864,94.439792,0
2025-08-08,sh.600008,3.0900,3.1200,3.0800,3.1100,3.0900,60527000,188046811.7600,3,0.824600,1,0.647200,6.408165,1.080077,1.145229,95.051053,0
2025-08-11,sh.600008,3.1100,3.1200,3.0800,3.1000,3.1100,72457669,224287278.6600,3,0.987100,1,-0.321500,6.387560,1.076604,1.141547,94.745423,0
2025-08-12,sh.600008,3.1000,3.1100,3.0900,3.1000,3.1000,45004550,139423140.0000,3,0.613100,1,0.000000,6.387560,1.076604,1.141547,94.745423,0
2025-08-13,sh.600008,3.1000,3.1100,3.0900,3.1100,3.1000,55944323,173507901.5000,3,0.762100,1,0.322600,6.408165,1.080077,1.145229,95.051053,0
2025-08-14,sh.600008,3.1100,3.1300,3.0900,3.1100,3.1100,92235009,287146444.2800,3,1.256500,1,0.000000,6.408165,1.080077,1.145229,95.051053,0
2025-08-15,sh.600008,3.1000,3.1500,3.0900,3.1400,3.1100,88313294,275776899.9500,3,1.203100,1,0.964600,6.469980,1.090496,1.156276,95.967944,0
2025-08-18,sh.600008,3.1400,3.1700,3.1300,3.1400,3.1400,83779407,263902218.7600,3,1.141300,1,0.000000,6.469980,1.090496,1.156276,95.967944,0
2025-08-19,sh.600008,3.1500,3.1500,3.1200,3.1300,3.1400,59489002,186309379.2600,3,0.810400,1,-0.318500,6.449375,1.087023,1.152594,95.662314,0
2025-08-20,sh.600008,3.1300,3.1400,3.1100,3.1400,3.1300,56664392,176987776.3400,3,0.771900,1,0.319500,6.469980,1.090496,1.156276,95.967944,0
2025-08-21,sh.600008,3.1400,3.1700,3.1400,3.1600,3.1400,71404149,225142360.9200,3,0.972700,1,0.636900,6.511190,1.097442,1.163641,96.579205,0
2025-08-22,sh.600008,3.1600,3.1900,3.1300,3.1900,3.1600,122356466,386483464.0500,3,1.666800,1,0.949400,6.573005,1.107861,1.174688,97.496096,0
2025-08-25,sh.600008,3.1900,3.2000,3.1700,3.1900,3.1900,93869457,299281123.6500,3,1.278800,1,0.000000,6.573005,1.107861,1.174688,97.496096,0
2025-08-26,sh.600008,3.1900,3.2400,3.1800,3.2200,3.1900,115940894,372614267.3800,3,1.579400,1,0.940400,6.634820,1.118279,1.185736,98.412988,0
2025-08-27,sh.600008,3.2200,3.2300,3.1300,3.1400,3.2200,108310930,344452612.3400,3,1.475500,1,-2.484500,6.469980,1.090496,1.156276,95.967944,0
2025-08-28,sh.600008,3.1400,3.1600,3.1000,3.1500,3.1400,101590966,318177841.1900,3,1.384000,1,0.318500,6.490585,1.093969,1.159959,96.273575,0
2025-08-29,sh.600008,3.1500,3.1800,3.1200,3.1300,3.1500,90594202,285031594.4600,3,1.234200,1,-0.634900,6.449375,1.087023,1.152594,95.662314,0
2025-09-01,sh.600008,3.1300,3.1500,3.1000,3.1400,3.1300,96215986,301126157.8200,3,1.310700,1,0.319500,6.519613,1.129056,1.173711,50.842796,0
2025-09-02,sh.600008,3.1400,3.1900,3.1300,3.1700,3.1400,150139327,474673625.6500,3,2.045300,1,0.955400,6.581903,1.139843,1.184925,51.328555,0
2025-09-03,sh.600008,3.1800,3.1800,3.1200,3.1300,3.1700,89373304,280337441.3800,3,1.217500,1,-1.261800,6.498850,1.125461,1.169973,50.680876,0
2025-09-04,sh.600008,3.1400,3.1700,3.1000,3.1700,3.1300,131538776,412688785.2200,3,1.791900,1,1.278000,6.581903,1.139843,1.184925,51.328555,0
2025-09-05,sh.600008,3.1600,3.1700,3.1100,3.1300,3.1700,117436231,367074330.1200,3,1.599800,1,-1.261800,6.498850,1.125461,1.169973,50.680876,0
2025-09-08,sh.600008,3.1300,3.1700,3.1200,3.1400,3.1300,106468604,335444607.9600,3,1.450400,1,0.319500,6.519613,1.129056,1.173711,50.842796,0
2025-09-09,sh.600008,3.1500,3.1500,3.1100,3.1400,3.1400,68330386,214110064.4200,3,0.930900,1,0.000000,6.519613,1.129056,1.173711,50.842796,0
2025-09-10,sh.600008,3.1300,3.1400,3.1100,3.1200,3.1400,65408763,204335182.4800,3,0.891100,1,-0.636900,6.478087,1.121865,1.166235,50.518957,0
2025-09-11,sh.600008,3.1300,3.1600,3.1100,3.1500,3.1200,86911816,272033713.1300,3,1.184000,1,0.961500,6.540376,1.132652,1.177449,51.004716,0
2025-09-12,sh.600008,3.1500,3.2000,3.1400,3.1600,3.1500,145578564,460453507.9800,3,1.983200,1,0.317500,6.561139,1.136248,1.181187,51.166635,0
2025-09-15,sh.600008,3.1800,3.3200,3.1600,3.2700,3.1600,287545454,931894137.8300,3,3.917200,1,3.481000,6.789534,1.175801,1.222304,52.947752,0
2025-09-16,sh.600008,3.2700,3.3000,3.2000,3.2400,3.2700,141169044,456902069.2700,3,1.923100,1,-0.917400,6.727244,1.165013,1.211090,52.461993,0
2025-09-17,sh.600008,3.2400,3.3300,3.2200,3.3300,3.2400,174285530,570877206.2900,3,2.374300,1,2.777800,6.914112,1.197375,1.244732,53.919271,0
2025-09-18,sh.600008,3.3100,3.3300,3.2200,3.2400,3.3300,169575390,554880411.3200,3,2.310100,1,-2.702700,6.727244,1.165013,1.211090,52.461993,0
2025-09-19,sh.600008,3.2500,3.2800,3.1800,3.1900,3.2400,123821555,397876816.7000,3,1.686800,1,-1.543200,6.623429,1.147035,1.192401,51.652395,0
2025-09-22,sh.600008,3.1900,3.1900,3.1500,3.1600,3.1900,74274870,234817559.2000,3,1.011800,1,-0.940400,6.561139,1.136248,1.181187,51.166635,0
2025-09-23,sh.600008,3.1600,3.2000,3.1400,3.2000,3.1600,96823167,306301234.5900,3,1.319000,1,1.265800,6.644192,1.150631,1.196139,51.814314,0
2025-09-24,sh.600008,3.1800,3.2100,3.1700,3.2000,3.2000,66499501,211848212.7400,3,0.905900,1,0.000000,6.644192,1.150631,1.196139,51.814314,0
2025-09-25,sh.600008,3.2000,3.2000,3.1500,3.1600,3.2000,70491572,223042692.8400,3,0.960300,1,-1.250000,6.561139,1.136248,1.181187,51.166635,0
2025-09-26,sh.600008,3.1600,3.2100,3.1500,3.1900,3.1600,80628905,256730375.4600,3,1.098400,1,0.949400,6.623429,1.147035,1.192401,51.652395,0
2025-09-29,sh.600008,3.1900,3.2000,3.1600,3.1900,3.1900,76820268,244371558.1200,3,1.046500,1,0.000000,6.623429,1.147035,1.192401,51.652395,0
2025-09-30,sh.600008,3.1900,3.2000,3.1600,3.1800,3.1900,68293277,217170976.5100,3,0.930400,1,-0.313500,6.602666,1.143439,1.188663,51.490475,0
2025-10-09,sh.600008,3.1800,3.2800,3.1700,3.2700,3.1800,132287094,428551895.8500,3,1.802100,1,2.830200,6.789534,1.175801,1.222304,52.947752,0
2025-10-10,sh.600008,3.2600,3.3200,3.2500,3.3000,3.2700,138783259,456973136.6500,3,1.890600,1,0.917400,6.851823,1.186588,1.233518,53.433512,0
2025-10-13,sh.600008,3.2500,3.3300,3.2200,3.3200,3.3000,136373932,447070300.8200,3,1.857800,1,0.606100,6.893349,1.193779,1.240994,53.757351,0
2025-10-14,sh.600008,3.3200,3.3500,3.3000,3.3300,3.3200,143507225,477901780.0100,3,1.955000,1,0.301200,6.914112,1.197375,1.244732,53.919271,0
2025-10-15,sh.600008,3.3200,3.3500,3.2900,3.3200,3.3300,108527836,359937112.4000,3,1.478500,1,-0.300300,6.893349,1.193779,1.240994,53.757351,0
2025-10-16,sh.600008,3.3300,3.3700,3.3000,3.3300,3.3200,92193739,306771363.2500,3,1.255900,1,0.301200,6.914112,1.197375,1.244732,53.919271,0
2025-10-17,sh.600008,3.3300,3.3400,3.2900,3.3100,3.3300,90682575,300656667.3100,3,1.235400,1,-0.600600,6.872586,1.190184,1.237256,53.595431,0
2025-10-20,sh.600008,3.3100,3.3200,3.2500,3.3100,3.3100,90294322,296941998.4000,3,1.230100,1,0.000000,6.872586,1.190184,1.237256,53.595431,0
2025-10-21,sh.600008,3.3100,3.3700,3.3000,3.3300,3.3100,100842937,336285713.8700,3,1.373800,1,0.604200,6.914112,1.197375,1.244732,53.919271,0
2025-10-22,sh.600008,3.3500,3.3800,3.3300,3.3400,3.3300,82323604,276001642.3800,3,1.121500,1,0.300300,6.934875,1.200971,1.248470,54.081191,0
2025-10-23,sh.600008,3.3500,3.4000,3.3400,3.3900,3.3400,133007423,448198169.8200,3,1.811900,1,1.497000,7.038691,1.218949,1.267159,54.890789,0
2025-10-24,sh.600008,3.3900,3.4000,3.3100,3.3300,3.3900,112666166,376807569.0000,3,1.534800,1,-1.769900,6.914112,1.197375,1.244732,53.919271,0
2025-10-27,sh.600008,3.3300,3.3600,3.3000,3.3100,3.3300,96009886,319145115.6600,3,1.307900,1,-0.600600,6.872586,1.190184,1.237256,53.595431,0
2025-10-28,sh.600008,3.3100,3.3200,3.2800,3.3000,3.3100,76315350,251255044.3400,3,1.039600,1,-0.302100,6.851823,1.186588,1.233518,53.433512,0
2025-10-29,sh.600008,3.3000,3.3000,3.2600,3.3000,3.3000,66813716,219224273.7800,3,0.910200,1,0.000000,6.851823,1.186588,1.233518,53.433512,0
2025-10-30,sh.600008,3.2800,3.3100,3.2600,3.2800,3.3000,86315850,283677028.1700,3,1.175900,1,-0.606100,6.810297,1.179396,1.226042,53.109672,0
2025-10-31,sh.600008,3.2600,3.2600,3.1700,3.1900,3.2800,182881952,586647409.4900,3,2.491400,1,-2.743900,13.726122,1.121069,1.193029,40.994649,0
2025-11-03,sh.600008,3.1900,3.2200,3.1800,3.2000,3.1900,79154941,253018571.1100,3,1.078300,1,0.313500,13.769151,1.124583,1.196769,41.123159,0
2025-11-04,sh.600008,3.1900,3.2100,3.1800,3.1900,3.2000,86478909,276486103.2800,3,1.178100,1,-0.312500,13.726122,1.121069,1.193029,40.994649,0
2025-11-05,sh.600008,3.1800,3.2000,3.1600,3.1900,3.1900,89281470,284292074.6000,3,1.216300,1,0.000000,13.726122,1.121069,1.193029,40.994649,0
2025-11-06,sh.600008,3.1900,3.2200,3.1800,3.1900,3.1900,99519843,317960418.7800,3,1.355700,1,0.000000,13.726122,1.121069,1.193029,40.994649,0
2025-11-07,sh.600008,3.1900,3.2100,3.1800,3.1900,3.1900,72519300,231890631.2000,3,0.987900,1,0.000000,13.726122,1.121069,1.193029,40.994649,0
2025-11-10,sh.600008,3.2000,3.2100,3.1600,3.1900,3.1900,167727386,534411834.7000,3,2.284900,1,0.000000,13.726122,1.121069,1.193029,40.994649,0
2025-11-11,sh.600008,3.1900,3.2200,3.1800,3.2100,3.1900,118985964,380634692.6600,3,1.620900,1,0.627000,13.812179,1.128097,1.200509,41.251669,0
2025-11-12,sh.600008,3.2100,3.2300,3.1900,3.2200,3.2100,103389046,332483380.6600,3,1.408500,1,0.311500,13.855208,1.131612,1.204249,41.380179,0
2025-11-13,sh.600008,3.2200,3.2300,3.1900,3.2100,3.2200,107295343,343472835.0600,3,1.461700,1,-0.310600,13.812179,1.128097,1.200509,41.251669,0
2025-11-14,sh.600008,3.2000,3.2400,3.2000,3.2100,3.2100,97228197,312943072.9900,3,1.324500,1,0.000000,13.812179,1.128097,1.200509,41.251669,0
2025-11-17,sh.600008,3.2100,3.2200,3.1700,3.1800,3.2100,106183675,338198595.6000,3,1.446500,1,-0.934600,13.683093,1.117554,1.189289,40.866139,0
2025-11-18,sh.600008,3.1800,3.1800,3.1200,3.1200,3.1800,121981082,383342915.4700,3,1.661700,1,-1.886800,13.424922,1.096468,1.166850,40.095080,0
2025-11-19,sh.600008,3.1300,3.1400,3.1100,3.1200,3.1200,67056220,209475223.0000,3,0.913500,1,0.000000,13.424922,1.096468,1.166850,40.095080,0
2025-11-20,sh.600008,3.1300,3.1500,3.1200,3.1300,3.1200,80149112,251051554.2800,3,1.091900,1,0.320500,13.467950,1.099983,1.170589,40.223590,0
2025-11-21,sh.600008,3.1200,3.1300,3.0400,3.0400,3.1300,128186130,394279670.1000,3,1.746300,1,-2.875400,13.080693,1.068354,1.136930,39.067001,0
2025-11-24,sh.600008,3.0500,3.0600,3.0000,3.0200,3.0400,107742045,326293604.8500,3,1.467800,1,-0.657900,12.994636,1.061325,1.129451,38.809981,0
2025-11-25,sh.600008,3.0300,3.0400,3.0100,3.0100,3.0200,75619140,228670761.2000,3,1.030200,1,-0.331100,12.951607,1.057811,1.125711,38.681471,0
2025-11-26,sh.600008,3.0200,3.0400,3.0100,3.0100,3.0100,54082530,163572362.6000,3,0.736800,1,0.000000,12.951607,1.057811,1.125711,38.681471,0
2025-11-27,sh.600008,3.0200,3.0300,3.0100,3.0200,3.0100,41563834,125464286.2500,3,0.566200,1,0.332200,12.994636,1.061325,1.129451,38.809981,0
2025-11-28,sh.600008,3.0100,3.0300,3.0000,3.0200,3.0200,53021544,159835740.0600,3,0.722300,1,0.000000,12.994636,1.061325,1.129451,38.809981,0
2025-12-01,sh.600008,3.0200,3.0200,3.0000,3.0200,3.0200,89161660,268239200.1000,3,1.214600,1,0.000000,12.994636,1.061325,1.129451,38.809981,0
2025-12-02,sh.600008,3.0100,3.0300,3.0000,3.0200,3.0200,62080741,187353488.2600,3,0.845700,1,0.000000,12.994636,1.061325,1.129451,38.809981,0
2025-12-03,sh.600008,3.0300,3.0600,3.0200,3.0400,3.0200,89977124,273652057.5400,3,1.225700,1,0.662300,13.080693,1.068354,1.136930,39.067001,0
2025-12-04,sh.600008,3.0400,3.0500,3.0200,3.0300,3.0400,49675480,150573708.4000,3,0.676700,1,-0.328900,13.037664,1.064839,1.133190,38.938491,0
2025-12-05,sh.600008,3.0300,3.0500,3.0200,3.0400,3.0300,57972940,175848701.2000,3,0.789800,1,0.330000,13.080693,1.068354,1.136930,39.067001,0
2025-12-08,sh.600008,3.0500,3.0500,3.0200,3.0300,3.0400,60248360,182750746.4000,3,0.820800,1,-0.328900,13.037664,1.064839,1.133190,38.938491,0
2025-12-09,sh.600008,3.0300,3.0300,3.0100,3.0200,3.0300,45645950,137927779.7000,3,0.621800,1,-0.330000,12.994636,1.061325,1.129451,38.809981,0
2025-12-10,sh.600008,3.0200,3.0200,3.0000,3.0100,3.0200,46413060,139734626.6000,3,0.632300,1,-0.331100,12.951607,1.057811,1.125711,38.681471,0
2025-12-11,sh.600008,3.0200,3.0200,2.9600,2.9700,3.0100,96283843,287919552.1500,3,1.311700,1,-1.328900,12.779493,1.043754,1.110751,38.167432,0
2025-12-12,sh.600008,2.9700,3.0000,2.9700,2.9900,2.9700,66069680,197296648.5300,3,0.900100,1,0.673400,12.865550,1.050782,1.118231,38.424452,0
2025-12-15,sh.600008,2.9900,3.0300,2.9800,3.0100,2.9900,69540799,209070368.1400,3,0.947300,1,0.668900,12.951607,1.057811,1.125711,38.681471,0
2025-12-16,sh.600008,3.0100,3.0200,2.9800,2.9900,3.0100,61979700,185533811.3000,3,0.844300,1,-0.664500,12.865550,1.050782,1.118231,38.424452,0
2025-12-17,sh.600008,2.9900,3.0100,2.9700,3.0100,2.9900,63805370,190558018.8600,3,0.869200,1,0.668900,12.951607,1.057811,1.125711,38.681471,0
2025-12-18,sh.600008,3.0000,3.0100,2.9900,3.0000,3.0100,29480960,88531567.9000,3,0.401600,1,-0.332200,12.908579,1.054296,1.121971,38.552961,0
2025-12-19,sh.600008,3.0000,3.0400,3.0000,3.0400,3.0000,61987094,187347734.8800,3,0.844400,1,1.333300,13.080693,1.068354,1.136930,39.067001,0
2025-12-22,sh.600008,3.0400,3.0400,3.0100,3.0200,3.0400,56949780,172241891.2400,3,0.775800,1,-0.657900,12.994636,1.061325,1.129451,38.809981,0
2025-12-23,sh.600008,3.0200,3.0300,3.0100,3.0100,3.0200,28993059,87554978.8900,3,0.395000,1,-0.331100,12.951607,1.057811,1.125711,38.681471,0
2025-12-24,sh.600008,3.0100,3.0400,3.0100,3.0300,3.0100,49817876,150807145.1400,3,0.678700,1,0.664500,13.037664,1.064839,1.133190,38.938491,0
2025-12-25,sh.600008,3.0300,3.0400,3.0200,3.0300,3.0300,30823410,93485429.3000,3,0.419900,1,0.000000,13.037664,1.064839,1.133190,38.938491,0
2025-12-26,sh.600008,3.0300,3.0500,3.0300,3.0300,3.0300,42539140,129318914.8200,3,0.579500,1,0.000000,13.037664,1.064839,1.133190,38.938491,0
2025-12-29,sh.600008,3.0400,3.0400,3.0100,3.0100,3.0300,41579359,125691066.3900,3,0.566400,1,-0.660100,12.951607,1.057811,1.125711,38.681471,0
2025-12-30,sh.600008,3.0100,3.0200,3.0000,3.0000,3.0100,35976442,108198318.9600,3,0.490100,1,-0.332200,12.908579,1.054296,1.121971,38.552961,0
2025-12-31,sh.600008,3.0000,3.0200,3.0000,3.0000,3.0000,42381046,127463105.8600,3,0.577400,1,0.000000,12.908579,1.054296,1.121971,38.552961,0
2026-01-05,sh.600008,3.0100,3.0400,3.0000,3.0400,3.0000,61801121,187106027.1800,3,0.841900,1,1.333300,13.080693,1.068354,1.136930,39.067001,0
2026-01-06,sh.600008,3.0300,3.0600,3.0300,3.0500,3.0400,65324418,199188347.6200,3,0.889900,1,0.328900,13.123722,1.071868,1.140670,39.195511,0
2026-01-07,sh.600008,3.0500,3.0600,3.0300,3.0400,3.0500,58608252,178357893.0600,3,0.798400,1,-0.327900,13.080693,1.068354,1.136930,39.067001,0
2026-01-08,sh.600008,3.0400,3.0600,3.0300,3.0300,3.0400,60410543,183812953.5200,3,0.823000,1,-0.328900,13.037664,1.064839,1.133190,38.938491,0
2026-01-09,sh.600008,3.0100,3.0200,3.0000,3.0200,2.9900,51899155,156348033.5500,3,0.707000,1,1.003300,12.994636,1.061325,1.129451,38.809981,0
2026-01-12,sh.600008,3.0200,3.0300,3.0100,3.0300,3.0200,70515509,213065377.1000,3,0.960600,1,0.331100,13.037664,1.064839,1.133190,38.938491,0
2026-01-13,sh.600008,3.0300,3.0500,3.0200,3.0300,3.0300,76607969,232360007.2500,3,1.043600,1,0.000000,13.037664,1.064839,1.133190,38.938491,0
2026-01-14,sh.600008,3.0400,3.0500,2.9900,3.0100,3.0300,121708542,368279976.3100,3,1.658000,1,-0.660100,12.951607,1.057811,1.125711,38.681471,0
2026-01-15,sh.600008,3.0100,3.0200,3.0000,3.0100,3.0100,50243752,151078535.6000,3,0.684500,1,0.000000,12.951607,1.057811,1.125711,38.681471,0
2026-01-16,sh.600008,3.0100,3.0200,2.9900,3.0000,3.0100,59378101,178431413.4900,3,0.808900,1,-0.332200,12.908579,1.054296,1.121971,38.552961,0
2026-01-19,sh.600008,3.0000,3.0200,2.9900,3.0200,3.0000,54641661,164479970.4100,3,0.744400,1,0.666700,12.994636,1.061325,1.129451,38.809981,0
2026-01-20,sh.600008,3.0200,3.0800,3.0100,3.0700,3.0200,120485936,366963304.9500,3,1.641400,1,1.655600,13.209779,1.078897,1.148150,39.452531,0
2026-01-21,sh.600008,3.0600,3.0700,3.0300,3.0500,3.0700,70402889,214732556.5600,3,0.959100,1,-0.651500,13.123722,1.071868,1.140670,39.195511,0
2026-01-22,sh.600008,3.0500,3.0900,3.0400,3.0800,3.0500,77996442,239196382.6700,3,1.062500,1,0.983600,13.252807,1.082411,1.151890,39.581040,0
2026-01-23,sh.600008,3.0900,3.0900,3.0600,3.0800,3.0800,69108173,212642446.7900,3,0.941500,1,0.000000,13.252807,1.082411,1.151890,39.581040,0
2026-01-26,sh.600008,3.0800,3.1100,3.0700,3.0900,3.0800,82442687,254813175.5600,3,1.123100,1,0.324700,13.295836,1.085925,1.155630,39.709550,0
2026-01-27,sh.600008,3.1000,3.1000,3.0400,3.0700,3.0900,85203450,261085974.5000,3,1.160700,1,-0.647200,13.209779,1.078897,1.148150,39.452531,0
2026-01-28,sh.600008,3.0700,3.1000,3.0500,3.0800,3.0700,77186687,238053019.7300,3,1.051500,1,0.325700,13.252807,1.082411,1.151890,39.581040,0
2026-01-29,sh.600008,3.0900,3.1000,3.0600,3.1000,3.0800,84815708,261612382.7200,3,1.155400,1,0.649400,13.338865,1.089440,1.159370,39.838060,0
2026-01-30,sh.600008,3.0900,3.1000,3.0400,3.0800,3.1000,104481847,321366456.4600,3,1.423300,1,-0.645200,13.252807,1.082411,1.151890,39.581040,0
2026-02-02,sh.600008,3.0700,3.1100,3.0400,3.0400,3.0800,124465100,382822385.4200,3,1.695600,1,-1.298700,13.080693,1.068354,1.136930,39.067001,0
2026-02-03,sh.600008,3.1000,3.1600,3.0600,3.0800,3.0400,110825123,342496069.2800,3,1.509800,1,1.315800,13.252807,1.082411,1.151890,39.581040,0
2026-02-04,sh.600008,3.0700,3.1000,3.0600,3.0900,3.0800,96704138,297936141.3200,3,1.317400,1,0.324700,13.295836,1.085925,1.155630,39.709550,0
2026-02-05,sh.600008,3.0900,3.1000,3.0600,3.0800,3.0900,74909673,230652796.1800,3,1.020500,1,-0.323600,13.252807,1.082411,1.151890,39.581040,0
2026-02-06,sh.600008,3.0700,3.0900,3.0600,3.0600,3.0800,88834323,273165688.5600,3,1.210200,1,-0.649400,13.166750,1.075382,1.144410,39.324021,0
2026-02-09,sh.600008,3.0800,3.0900,3.0600,3.0900,3.0600,72004960,221596397.8000,3,0.980900,1,0.980400,13.295836,1.085925,1.155630,39.709550,0
2026-02-10,sh.600008,3.0800,3.0900,3.0600,3.0700,3.0900,54753030,168243300.1000,3,0.745900,1,-0.647200,13.209779,1.078897,1.148150,39.452531,0
2026-02-11,sh.600008,3.0700,3.0900,3.0600,3.0800,3.0700,51061080,157174331.0800,3,0.695600,1,0.325700,13.252807,1.082411,1.151890,39.581040,0
2026-02-12,sh.600008,3.0800,3.0800,3.0400,3.0400,3.0800,89067783,272142349.1600,3,1.213400,1,-1.298700,13.080693,1.068354,1.136930,39.067001,0
2026-02-13,sh.600008,3.0400,3.0500,3.0100,3.0200,3.0400,69249280,209732598.8000,3,0.943400,1,-0.657900,12.994636,1.061325,1.129451,38.809981,0
2026-02-24,sh.600008,3.0300,3.0700,3.0300,3.0600,3.0200,77415919,236385021.1600,3,1.054600,1,1.324500,13.166750,1.075382,1.144410,39.324021,0
2026-02-25,sh.600008,3.0600,3.1500,3.0600,3.1100,3.0600,155799162,485226633.1700,3,2.122400,1,1.634000,13.381893,1.092954,1.163110,39.966570,0
2026-02-26,sh.600008,3.1100,3.1800,3.1100,3.1600,3.1100,119430852,375418448.3000,3,1.627000,1,1.607700,13.597036,1.110526,1.181809,40.609119,0
2026-02-27,sh.600008,3.1500,3.1900,3.1300,3.1800,3.1600,109469166,347263780.1800,3,1.491300,1,0.632900,13.683093,1.117554,1.189289,40.866139,0
2026-03-02,sh.600008,3.1600,3.2000,3.1400,3.1800,3.1800,128768697,409116843.7500,3,1.754200,1,0.000000,13.683093,1.117554,1.189289,40.866139,0
2026-03-03,sh.600008,3.1700,3.2000,3.1400,3.1500,3.1800,130617934,414067703.3100,3,1.779400,1,-0.943400,13.554008,1.107011,1.178069,40.480609,0
2026-03-04,sh.600008,3.1400,3.1800,3.1100,3.1300,3.1500,127090660,399768212.6600,3,1.731300,1,-0.634900,13.467950,1.099983,1.170589,40.223590,0
2026-03-05,sh.600008,3.1500,3.1700,3.1300,3.1400,3.1300,100449285,316575818.7000,3,1.368400,1,0.319500,13.510979,1.103497,1.174329,40.352100,0
2026-03-06,sh.600008,3.1400,3.1900,3.1200,3.1900,3.1400,89065178,281957471.5800,3,1.213300,1,1.592400,13.726122,1.121069,1.193029,40.994649,0
2026-03-09,sh.600008,3.1700,3.2100,3.1600,3.1800,3.1900,120365590,383925865.9400,3,1.639700,1,-0.313500,13.683093,1.117554,1.189289,40.866139,0
2026-03-10,sh.600008,3.1800,3.2100,3.1400,3.1600,3.1800,90133673,285931887.2000,3,1.227900,1,-0.628900,13.597036,1.110526,1.181809,40.609119,0
2026-03-11,sh.600008,3.1600,3.2400,3.1300,3.2400,3.1600,155929194,498290086.2900,3,2.124200,1,2.531600,13.941265,1.138640,1.211728,41.637198,0
2026-03-12,sh.600008,3.2400,3.2900,3.2300,3.2700,3.2400,137903206,450291866.2200,3,1.878600,1,0.925900,14.070351,1.149183,1.222948,42.022728,0
2026-03-13,sh.600008,3.2700,3.2800,3.2300,3.2300,3.2700,93627804,304544118.8000,3,1.275500,1,-1.223200,13.898236,1.135126,1.207988,41.508688,0
2026-03-16,sh.600008,3.2500,3.2700,3.2000,3.2400,3.2300,101993796,330516317.0800,3,1.389400,1,0.309600,13.941265,1.138640,1.211728,41.637198,0
2026-03-17,sh.600008,3.2400,3.2600,3.2200,3.2200,3.2400,69962517,226730984.3600,3,0.953100,1,-0.617300,13.855208,1.131612,1.204249,41.380179,0
2026-03-18,sh.600008,3.2200,3.2400,3.1800,3.2300,3.2200,100886270,323621258.7000,3,1.374400,1,0.310600,13.898236,1.135126,1.207988,41.508688,0
2026-03-19,sh.600008,3.2100,3.2500,3.1900,3.2200,3.2300,99861851,321915971.4100,3,1.360400,1,-0.309600,13.855208,1.131612,1.204249,41.380179,0
2026-03-20,sh.600008,3.2200,3.2600,3.1800,3.1900,3.2200,122088639,392975562.8100,3,1.663200,1,-0.931700,13.726122,1.121069,1.193029,40.994649,0
