date,code,open,high,low,close,preclose,volume,amount,adjustflag,turn,tradestatus,pctChg,peTTM,pbMRQ,psTTM,pcfNcfTTM,isST
2010-01-04,sh.600004,10.1500,10.2800,10.1400,10.1500,10.1500,15478854,157747809.0000,3,1.525010,1,0.000000,23.850926,1.936616,3.724792,72.550299,0
2010-01-05,sh.600004,10.1500,10.2400,10.1400,10.1900,10.1500,11070922,112683563.0000,3,1.090731,1,0.394100,23.944919,1.944248,3.739471,72.836212,0
2010-01-06,sh.600004,10.1700,10.1900,10.0200,10.0400,10.1900,9410665,95205863.0000,3,0.927159,1,-1.472000,23.592443,1.915628,3.684425,71.764040,0
2010-01-07,sh.600004,10.0000,10.0500,9.7100,9.7800,10.0400,8961813,88611912.0000,3,0.882937,1,-2.589600,22.981483,1.866020,3.589011,69.905608,0
2010-01-08,sh.600004,9.7300,10.2500,9.7300,10.1800,9.7800,14923812,149969456.0000,3,1.470326,1,4.090000,23.921421,1.942340,3.735801,72.764734,0
2010-01-11,sh.600004,10.2600,10.4600,10.1800,10.3900,10.1800,21382207,221095349.0000,3,2.106621,1,2.062900,24.414888,1.982407,3.812866,74.265774,0
2010-01-12,sh.600004,10.3300,10.4700,10.2500,10.4600,10.3900,12894345,133964253.0000,3,1.270379,1,0.673700,24.579377,1.995763,3.838554,74.766121,0
2010-01-13,sh.600004,10.2600,10.5000,10.2100,10.3100,10.4600,14403037,149155601.0000,3,1.419018,1,-1.434000,24.226901,1.967143,3.783508,73.693949,0
2010-01-14,sh.600004,10.3000,10.7300,10.2800,10.6800,10.3100,18526370,196244561.0000,3,1.825258,1,3.588700,25.096343,2.037739,3.919288,76.338640,0
2010-01-15,sh.600004,10.6700,10.7300,10.5300,10.6000,10.6800,10071593,106958605.0000,3,0.992275,1,-0.749100,24.908356,2.022475,3.889930,75.766815,0
2010-01-18,sh.600004,10.6000,11.0800,10.5000,10.9600,10.6000,19183575,208241848.0000,3,1.890007,1,3.396200,25.754300,2.091163,4.022041,78.340028,0
2010-01-19,sh.600004,10.9000,11.2000,10.8500,11.1000,10.9600,20218407,224091042.0000,3,1.991961,1,1.277400,26.083278,2.117875,4.073418,79.340721,0
2010-01-20,sh.600004,11.1200,11.1600,10.8900,10.9900,11.1000,19838415,218072462.0000,3,1.954524,1,-0.991000,25.824795,2.096887,4.033050,78.554462,0
2010-01-21,sh.600004,11.2500,11.3500,10.8000,10.8400,10.9900,19446033,215431588.0000,3,1.915865,1,-1.364900,25.472319,2.068267,3.978004,77.482290,0
2010-01-22,sh.600004,10.9000,11.5800,10.8100,11.0800,10.8400,40618213,454945617.0000,3,4.001794,1,2.214000,26.036281,2.114059,4.066078,79.197765,0
2010-01-25,sh.600004,11.1100,11.2800,10.5900,10.6100,11.0800,20104855,219784238.0000,3,1.980774,1,-4.241900,24.931854,2.024383,3.893600,75.838293,0
2010-01-26,sh.600004,10.6100,10.7300,10.2000,10.3900,10.6100,14489380,151123512.0000,3,1.427525,1,-2.073500,24.414888,1.982407,3.812866,74.265774,0
2010-01-27,sh.600004,10.4000,10.4900,10.2100,10.2800,10.3900,7765864,80360216.0000,3,0.765110,1,-1.058700,24.156405,1.961419,3.772498,73.479515,0
2010-01-28,sh.600004,10.2800,10.7300,10.2000,10.7100,10.2800,15788529,165734777.0000,3,1.555520,1,4.182900,25.166839,2.043463,3.930297,76.553074,0
2010-01-29,sh.600004,10.6000,10.8900,10.5500,10.7100,10.7100,11813610,126922329.0000,3,1.163902,1,0.000000,25.166839,2.043463,3.930297,76.553074,0
2010-02-01,sh.600004,10.6600,11.1100,10.4400,10.9500,10.7100,16007213,172469995.0000,3,1.577065,1,2.240900,25.730801,2.089255,4.018371,78.268549,0
2010-02-02,sh.600004,10.9600,11.0900,10.6800,10.7500,10.9500,9785794,107021346.0000,3,0.964118,1,-1.826500,25.260832,2.051095,3.944976,76.838987,0
2010-02-03,sh.600004,10.7600,11.1500,10.4000,11.1400,10.7500,16073962,174569531.0000,3,1.583642,1,3.627900,26.177272,2.125507,4.088097,79.626634,0
2010-02-04,sh.600004,11.1000,11.5700,11.0000,11.3200,11.1400,25417806,288383471.0000,3,2.504217,1,1.615800,26.600244,2.159851,4.154152,80.913240,0
2010-02-05,sh.600004,11.0800,11.2800,10.7600,10.9500,11.3200,16836706,185250901.0000,3,1.658789,1,-3.268600,25.730801,2.089255,4.018371,78.268549,0
2010-02-08,sh.600004,10.9500,11.1300,10.8600,10.8900,10.9500,7534401,82717745.0000,3,0.742306,1,-0.547900,25.589811,2.077807,3.996353,77.839681,0
2010-02-09,sh.600004,10.9000,11.3700,10.7900,11.2100,10.8900,13869204,154976283.0000,3,1.366424,1,2.938500,26.341761,2.138863,4.113785,80.126981,0
2010-02-10,sh.600004,11.2900,11.3800,11.1700,11.3000,11.2100,14912750,168129830.0000,3,1.469236,1,0.802900,26.553247,2.156035,4.146812,80.770284,0
2010-02-11,sh.600004,11.3400,11.4000,11.0000,11.0700,11.3000,11308314,126439468.0000,3,1.114120,1,-2.035400,26.012783,2.112151,4.062408,79.126287,0
2010-02-12,sh.600004,11.1100,11.1900,10.9500,11.1500,11.0700,6342741,70345034.0000,3,0.624901,1,0.722700,26.200770,2.127415,4.091766,79.698112,0
2010-02-22,sh.600004,11.0900,11.5600,11.0000,11.3400,11.1500,16588348,187864462.0000,3,1.634320,1,1.704000,26.647241,2.163667,4.161491,81.056196,0
2010-02-23,sh.600004,11.3500,11.4900,11.1500,11.4500,11.3400,13038171,148053122.0000,3,1.284549,1,0.970000,26.905724,2.184655,4.201859,81.842456,0
2010-02-24,sh.600004,11.3800,11.5400,11.3100,11.5300,11.4500,10981055,125611170.0000,3,1.081877,1,0.698700,27.093711,2.199919,4.231217,82.414281,0
2010-02-25,sh.600004,11.5300,11.7800,11.5100,11.5700,11.5300,14844342,172837152.0000,3,1.462497,1,0.346900,27.187705,2.207551,4.245896,82.700193,0
2010-02-26,sh.600004,11.5900,11.8500,11.4000,11.7800,11.5700,18682266,217653858.0000,3,1.840617,1,1.815000,27.681173,2.247619,4.322960,84.201234,0
2010-03-01,sh.600004,11.7900,12.2800,11.7100,12.1400,11.7800,22186832,268141124.0000,3,2.185895,1,3.056000,28.527117,2.316307,4.455071,86.774447,0
2010-03-02,sh.600004,12.1300,12.1800,11.8700,12.0000,12.1400,14264601,171679495.0000,3,1.405379,1,-1.153200,28.198139,2.289595,4.403695,85.773753,0
2010-03-03,sh.600004,12.0000,12.3600,11.9300,12.1800,12.0000,13296603,162105173.0000,3,1.310010,1,1.500000,28.621111,2.323939,4.469750,87.060359,0
2010-03-04,sh.600004,12.3100,12.3100,11.7000,11.8100,12.1800,15560349,186334043.0000,3,1.533039,1,-3.037800,27.751668,2.253343,4.333970,84.415668,0
2010-03-05,sh.600004,11.8800,12.0000,11.6800,11.8900,11.8100,10982228,130184402.0000,3,1.081993,1,0.677400,27.939656,2.268607,4.363327,84.987493,0
2010-03-08,sh.600004,11.9400,12.1900,11.8600,11.9500,11.8900,9066087,108920712.0000,3,0.893211,1,0.504600,28.080646,2.280055,4.385346,85.416362,0
2010-03-09,sh.600004,11.9300,11.9400,11.6400,11.7000,11.9500,9328476,109759190.0000,3,0.919062,1,-2.092100,27.493185,2.232355,4.293602,83.629409,0
2010-03-10,sh.600004,11.7000,11.7800,11.5100,11.6600,11.7000,10381047,120534303.0000,3,1.022763,1,-0.341900,27.399191,2.224723,4.278923,83.343496,0
2010-03-11,sh.600004,11.6500,11.7700,11.5500,11.5900,11.6600,11290561,131654211.0000,3,1.112371,1,-0.600300,27.234702,2.211367,4.253235,82.843150,0
2010-03-12,sh.600004,11.6600,11.7000,11.3500,11.3700,11.5900,9945762,114156887.0000,3,0.979878,1,-1.898200,26.717736,2.169391,4.172501,81.270631,0
2010-03-15,sh.600004,11.3900,11.5800,11.3800,11.4700,11.3700,8145410,93375013.0000,3,0.802503,1,0.879500,24.251939,2.130085,3.989759,22.118674,0
2010-03-16,sh.600004,11.5000,11.7200,11.4700,11.6400,11.4700,11516773,133682716.0000,3,1.134657,1,1.482100,24.611384,2.161655,4.048892,22.446501,0
2010-03-17,sh.600004,11.7200,11.8800,11.6900,11.8400,11.6400,11852610,139805130.0000,3,1.167745,1,1.718200,25.034260,2.198797,4.118461,22.832180,0
2010-03-18,sh.600004,11.8800,11.8900,11.7100,11.7800,11.8400,8483918,99827814.0000,3,0.835854,1,-0.506800,24.907397,2.187655,4.097590,22.716476,0
2010-03-19,sh.600004,11.7700,11.8700,11.7300,11.8400,11.7800,7291906,86028367.0000,3,0.718414,1,0.509300,25.034260,2.198797,4.118461,22.832180,0
2010-03-22,sh.600004,11.9000,12.0000,11.6800,11.7800,11.8400,7895611,92906848.0000,3,0.777893,1,-0.506800,24.907397,2.187655,4.097590,22.716476,0
2010-03-23,sh.600004,11.7600,11.8000,11.5800,11.6800,11.7800,6955725,81197623.0000,3,0.685293,1,-0.848900,24.695959,2.169084,4.062806,22.523637,0
2010-03-24,sh.600004,11.6800,11.7800,11.6000,11.6200,11.6800,6360475,74234238.0000,3,0.626648,1,-0.513700,24.569096,2.157941,4.041935,22.407933,0
2010-03-25,sh.600004,11.5500,11.5800,11.2100,11.2500,11.6200,9689414,110215750.0000,3,0.954622,1,-3.184200,23.786775,2.089229,3.913233,21.694427,0
2010-03-26,sh.600004,11.2200,11.5300,11.2200,11.4400,11.2500,5297248,60376326.0000,3,0.521896,1,1.688900,24.188508,2.124514,3.979324,22.060822,0
2010-03-29,sh.600004,11.5000,11.6500,11.4500,11.6200,11.4400,9332764,107848556.0000,3,0.919484,1,1.573400,24.569096,2.157941,4.041935,22.407933,0
2010-03-30,sh.600004,11.6000,11.6000,11.4500,11.5300,11.6200,8004236,92080949.0000,3,0.788595,1,-0.774500,24.378802,2.141227,4.010629,22.234378,0
2010-03-31,sh.600004,11.5000,11.5000,11.3200,11.3800,11.5300,8674824,98700353.0000,3,0.854662,1,-1.301000,24.061645,2.113371,3.958453,21.945119,0
2010-04-01,sh.600004,11.3600,11.5300,11.3400,11.5200,11.3800,8262286,94817702.0000,3,0.814018,1,1.230200,24.357658,2.139370,4.007151,22.215094,0
2010-04-02,sh.600004,11.5000,11.6900,11.4600,11.6800,11.5200,9290217,107719419.0000,3,0.915292,1,1.388900,24.695959,2.169084,4.062806,22.523637,0
2010-04-06,sh.600004,11.6900,11.7600,11.5700,11.7500,11.6800,8574323,100016115.0000,3,0.844761,1,0.599300,24.843965,2.182083,4.087155,22.658624,0
2010-04-07,sh.600004,11.7300,11.7300,11.5400,11.6300,11.7500,6113768,71067782.0000,3,0.602342,1,-1.021300,24.590240,2.159798,4.045414,22.427217,0
2010-04-08,sh.600004,11.6200,11.6400,11.4200,11.4400,11.6300,6474031,74468569.0000,3,0.637836,1,-1.633700,24.188508,2.124514,3.979324,22.060822,0
2010-04-09,sh.600004,11.4800,11.6200,11.4500,11.6000,11.4400,5562363,64170780.0000,3,0.548016,1,1.398600,24.526808,2.154227,4.034979,22.369365,0
2010-04-12,sh.600004,11.6000,11.9200,11.5800,11.9200,11.6000,16678495,196785719.0000,3,1.643201,1,2.758600,25.203410,2.213654,4.146288,22.986451,0
2010-04-13,sh.600004,11.9500,12.1200,11.6600,11.9100,11.9200,15486838,184152118.0000,3,1.525797,1,-0.083900,25.182266,2.211797,4.142810,22.967167,0
2010-04-14,sh.600004,11.9500,12.3500,11.9500,12.2500,11.9100,20963880,256187622.0000,3,2.065407,1,2.854700,25.901155,2.274938,4.261076,23.622821,0
2010-04-15,sh.600004,12.2500,12.2500,12.0000,12.1300,12.2500,11733965,141875130.0000,3,1.156056,1,-0.979600,25.647430,2.252653,4.219335,23.391414,0
2010-04-16,sh.600004,12.1300,12.2300,11.8500,11.8900,12.1300,8869693,105786910.0000,3,0.873861,1,-1.978600,25.139979,2.208083,4.135853,22.928599,0
2010-04-19,sh.600004,11.7100,11.8100,11.2500,11.2800,11.8900,13183341,152148278.0000,3,1.298851,1,-5.130400,23.850207,2.094800,3.923669,21.752279,0
2010-04-20,sh.600004,11.2600,11.3900,10.9800,11.1000,11.2800,11759367,130550106.0000,3,1.158558,1,-1.595700,23.469618,2.061372,3.861057,21.405168,0
2010-04-21,sh.600004,11.1000,11.3200,10.9700,11.3000,11.1000,13668941,152264835.0000,3,1.346694,1,1.801800,23.892494,2.098514,3.930626,21.790847,0
2010-04-22,sh.600004,11.2500,11.2500,11.0300,11.0900,11.3000,11347163,126014268.0000,3,1.117947,1,-1.858400,23.448475,2.059515,3.857579,21.385884,0
2010-04-23,sh.600004,11.0100,11.1600,11.0000,11.0200,11.0900,7052614,78062202.0000,3,0.694839,1,-0.631200,23.300468,2.046516,3.833230,21.250897,0
2010-04-26,sh.600004,11.0600,11.2400,11.0200,11.1600,11.0200,6286544,70147614.0000,3,0.619364,1,1.270400,23.596481,2.072515,3.881928,21.520872,0
2010-04-27,sh.600004,11.1600,11.1600,10.5300,10.7300,11.1600,9456189,101853544.0000,3,0.931644,1,-3.853000,21.235116,1.943218,3.624568,18.289893,0
2010-04-28,sh.600004,10.6100,10.7500,10.3600,10.5300,10.7300,5977949,63085511.0000,3,0.588960,1,-1.863900,20.839308,1.906998,3.557009,17.948982,0
2010-04-29,sh.600004,10.5800,10.7100,10.4000,10.4300,10.5300,6047185,64077904.0000,3,0.595782,1,-0.949700,20.641404,1.888888,3.523229,17.778526,0
2010-04-30,sh.600004,10.4100,10.5300,10.0400,10.2700,10.4300,8774502,89985307.0000,3,0.864483,1,-1.534000,20.324757,1.859912,3.469181,17.505797,0
2010-05-04,sh.600004,10.0900,10.3000,10.0500,10.1500,10.2700,5449560,55546184.0000,3,0.536902,1,-1.168500,20.087272,1.838179,3.428645,17.301251,0
2010-05-05,sh.600004,10.1000,10.3800,10.0200,10.3700,10.1500,8443737,85990393.0000,3,0.831895,1,2.167500,20.522661,1.878022,3.502961,17.676253,0
2010-05-06,sh.600004,10.3000,10.3000,9.8600,9.8900,10.3700,8752752,88211527.0000,3,0.862340,1,-4.628700,19.572721,1.791093,3.340818,16.858066,0
2010-05-07,sh.600004,9.7000,9.8600,9.5600,9.6300,9.8900,6497188,62968886.0000,3,0.640117,1,-2.628900,19.058171,1.744007,3.252991,16.414881,0
2010-05-10,sh.600004,9.6300,9.7800,9.3200,9.5800,9.6300,7808129,74521047.0000,3,0.769274,1,-0.519200,18.959219,1.734952,3.236101,16.329653,0
2010-05-11,sh.600004,9.7800,9.8000,9.3000,9.4000,9.5800,7643573,73091839.0000,3,0.753061,1,-1.878900,18.602991,1.702353,3.175297,16.022833,0
2010-05-12,sh.600004,9.3800,9.5800,9.3000,9.5100,9.4000,5976601,56761842.0000,3,0.588828,1,1.170200,18.820686,1.722274,3.212455,16.210334,0
2010-05-13,sh.600004,9.5500,9.6700,9.4100,9.6600,9.5100,8945033,85588641.0000,3,0.881284,1,1.577300,19.117542,1.749440,3.263125,16.466018,0
2010-05-14,sh.600004,9.5800,9.6600,9.4900,9.5300,9.6600,6251486,59779326.0000,3,0.615910,1,-1.345800,18.860267,1.725896,3.219211,16.244425,0
2010-05-17,sh.600004,9.4000,9.4500,8.8500,8.8600,9.5300,8389216,76672333.0000,3,0.826524,1,-7.030400,17.534309,1.604559,2.992887,15.102372,0
2010-05-18,sh.600004,8.9200,9.1700,8.7800,9.0900,8.8600,5711888,51202966.0000,3,0.562748,1,2.595900,17.989488,1.646212,3.070580,15.494420,0
2010-05-19,sh.600004,9.0100,9.2000,8.9800,9.0500,9.0900,4605468,41833041.0000,3,0.453741,1,-0.440000,17.910327,1.638968,3.057068,15.426238,0
2010-05-20,sh.600004,9.0000,9.4100,8.9500,9.2900,9.0500,13278772,122689345.0000,3,1.308253,1,2.651900,18.385297,1.682432,3.138140,15.835332,0
2010-05-21,sh.600004,9.0500,9.4400,9.0000,9.4200,9.2900,9457262,87589083.0000,3,0.931750,1,1.399400,18.642572,1.705975,3.182053,16.056924,0
2010-05-24,sh.600004,9.4900,9.7100,9.4300,9.6400,9.4200,15624569,149939061.0000,3,1.539366,1,2.335500,19.077961,1.745818,3.256369,16.431927,0
2010-05-25,sh.600004,9.5300,9.6200,9.3800,9.4400,9.6400,7382427,70040816.0000,3,0.727333,1,-2.074700,18.682153,1.709597,3.188809,16.091015,0
2010-05-26,sh.600004,9.4600,9.7000,9.4000,9.5400,9.4400,10012841,95664369.0000,3,0.986487,1,1.059300,18.880057,1.727707,3.222589,16.261471,0
2010-05-27,sh.600004,9.4600,9.6600,9.3500,9.5900,9.5400,8830885,84127696.0000,3,0.870038,1,0.524100,18.979009,1.736763,3.239479,16.346699,0
2010-05-28,sh.600004,9.6800,9.7200,9.4600,9.5100,9.5900,7143809,68378318.0000,3,0.703824,1,-0.834200,18.820686,1.722274,3.212455,16.210334,0
2010-05-31,sh.600004,9.4700,9.4700,9.1500,9.1800,9.5100,6568550,61254395.0000,3,0.647148,1,-3.470000,18.167602,1.662511,3.100982,15.647831,0
2010-06-01,sh.600004,9.1400,9.2000,8.9300,9.0700,9.1800,5877644,53250804.0000,3,0.579078,1,-1.198300,17.949907,1.642590,3.063824,15.460329,0
2010-06-02,sh.600004,9.0000,9.2400,8.9800,9.2300,9.0700,4700695,42915223.0000,3,0.463123,1,1.764100,18.266554,1.671566,3.117872,15.733058,0
2010-06-03,sh.600004,9.3000,9.3000,9.1100,9.1200,9.2300,4800657,44263967.0000,3,0.472971,1,-1.191800,18.048859,1.651645,3.080714,15.545557,0
2010-06-04,sh.600004,9.0600,9.2500,9.0300,9.2300,9.1200,4183701,38307704.0000,3,0.412187,1,1.206100,18.266554,1.671566,3.117872,15.733058,0
2010-06-07,sh.600004,9.0300,9.1600,9.0000,9.0900,9.2300,3903498,35504404.0000,3,0.384581,1,-1.516800,17.989488,1.646212,3.070580,15.494420,0
2010-06-08,sh.600004,9.1100,9.1700,9.0700,9.1600,9.0900,3759897,34287311.0000,3,0.370433,1,0.770100,18.128021,1.658889,3.094226,15.613739,0
2010-06-09,sh.600004,9.1800,9.4600,9.1100,9.4200,9.1600,6182295,57396065.0000,3,0.609093,1,2.838431,18.642572,1.705975,3.182053,16.056924,0
2010-06-10,sh.600004,9.4000,9.4400,9.2900,9.3600,9.4200,5628737,52759626.0000,3,0.554555,1,-0.636900,18.523829,1.695109,3.161785,15.954651,0
2010-06-11,sh.600004,9.3700,9.4700,9.3200,9.3600,9.3600,3807465,35729434.0000,3,0.375120,1,0.000000,18.523829,1.695109,3.161785,15.954651,0
2010-06-17,sh.600004,9.4500,9.6000,9.4000,9.4900,9.3600,7258737,68945266.0000,3,0.715147,1,1.388900,18.781105,1.718652,3.205699,16.176243,0
2010-06-18,sh.600004,9.4900,9.5600,9.3300,9.3700,9.4900,5618961,53114575.0000,3,0.553592,1,-1.264500,18.543620,1.696920,3.165163,15.971696,0
2010-06-21,sh.600004,9.3600,9.6500,9.3500,9.6200,9.3700,6920338,66168400.0000,3,0.681807,1,2.668100,19.038380,1.742196,3.249613,16.397835,0
2010-06-22,sh.600004,9.6300,9.8700,9.5600,9.7200,9.6200,9505891,92592303.0000,3,0.936541,1,1.039500,19.236284,1.760306,3.283393,16.568291,0
2010-06-23,sh.600004,9.6500,9.7000,9.4400,9.5900,9.7200,6362878,61011010.0000,3,0.626885,1,-1.337400,18.979009,1.736763,3.239479,16.346699,0
2010-06-24,sh.600004,9.5900,9.6500,9.5200,9.6000,9.5900,3458406,33150649.0000,3,0.340730,1,0.104300,18.998799,1.738574,3.242857,16.363744,0
2010-06-25,sh.600004,9.6000,9.6000,9.6000,9.6000,9.6000,0,0.0000,3,,0,0.000000,18.998799,1.738574,3.242857,16.363744,0
2010-06-28,sh.600004,9.5300,9.5400,9.1900,9.2600,9.6000,6296242,58643450.0000,3,0.620319,1,-3.541700,18.325925,1.676999,3.128006,15.784195,0
2010-06-29,sh.600004,9.2600,9.3100,8.9100,8.9600,9.2600,6954460,63030147.0000,3,0.685168,1,-3.239700,17.732213,1.622669,3.026666,15.272828,0
2010-06-30,sh.600004,8.9100,8.9100,8.7200,8.8300,8.9600,4072193,35804141.0000,3,0.401201,1,-1.450900,17.474937,1.599125,2.982753,15.051236,0
2010-07-01,sh.600004,8.8000,8.8800,8.7600,8.7700,8.8300,2468800,21738818.0000,3,0.243232,1,-0.679500,17.356195,1.588259,2.962485,14.948962,0
2010-07-02,sh.600004,8.7600,8.8500,8.5000,8.7800,8.7700,4477316,38886669.0000,3,0.441115,1,0.114000,17.375985,1.590070,2.965863,14.966008,0
2010-07-05,sh.600004,8.7000,9.0800,8.6100,8.9900,8.7800,6702165,59822386.0000,3,0.660312,1,2.391800,17.791584,1.628102,3.036800,15.323965,0
2010-07-06,sh.600004,8.9100,9.1000,8.8900,9.0700,8.9900,5247979,47226423.0000,3,0.517042,1,0.889900,17.949907,1.642590,3.063824,15.460329,0
2010-07-07,sh.600004,9.0300,9.1100,8.9000,9.0100,9.0700,3984796,35878500.0000,3,0.392591,1,-0.661500,17.831165,1.631724,3.043556,15.358056,0
2010-07-08,sh.600004,9.0800,9.0900,8.9000,8.9600,9.0100,3289300,29541126.0000,3,0.324069,1,-0.554900,17.732213,1.622669,3.026666,15.272828,0
2010-07-09,sh.600004,8.9600,9.1800,8.9100,9.1400,8.9600,6342848,57639115.0000,3,0.624911,1,2.008900,18.088440,1.655267,3.087470,15.579648,0
2010-07-12,sh.600004,9.1400,9.2900,9.0800,9.2300,9.1400,6881989,63205324.0000,3,0.678028,1,0.984700,18.266554,1.671566,3.117872,15.733058,0
2010-07-13,sh.600004,9.1700,9.1900,9.0100,9.0800,9.2300,4345050,39526434.0000,3,0.428084,1,-1.625100,17.969698,1.644401,3.067202,15.477375,0
2010-07-14,sh.600004,9.0700,9.2300,9.0700,9.1500,9.0800,4042601,37018807.0000,3,0.398286,1,0.770900,18.108231,1.657078,3.090848,15.596694,0
2010-07-15,sh.600004,9.1600,9.2900,9.0800,9.0900,9.1500,6394250,58845797.0000,3,0.629975,1,-0.655700,17.989488,1.646212,3.070580,15.494420,0
2010-07-16,sh.600004,9.0800,9.2100,9.0100,9.2000,9.0900,4620609,42047378.0000,3,0.455232,1,1.210117,18.207183,1.666133,3.107738,15.681922,0
2010-07-19,sh.600004,9.1100,9.4000,9.0800,9.3800,9.2000,7188539,66750161.0000,3,0.708230,1,1.956500,18.563410,1.698731,3.168541,15.988742,0
2010-07-20,sh.600004,9.3600,9.5900,9.3200,9.5800,9.3800,10350516,98204900.0000,3,1.019755,1,2.132200,18.959219,1.734952,3.236101,16.329653,0
2010-07-21,sh.600004,9.5900,9.7000,9.4900,9.6000,9.5800,8726482,83895347.0000,3,0.859752,1,0.208800,18.998799,1.738574,3.242857,16.363744,0
2010-07-22,sh.600004,9.5900,9.6900,9.5100,9.6800,9.6000,7100978,68301977.0000,3,0.699604,1,0.833300,19.157123,1.753062,3.269881,16.500109,0
2010-07-23,sh.600004,9.7900,9.9000,9.5800,9.6900,9.6800,10216870,99465254.0000,3,1.006588,1,0.103300,19.176913,1.754873,3.273259,16.517154,0
2010-07-26,sh.600004,9.6900,9.8100,9.6500,9.7700,9.6900,6345968,61824409.0000,3,0.625219,1,0.825600,19.335236,1.769361,3.300282,16.653519,0
2010-07-27,sh.600004,10.2100,10.4800,9.9400,9.9900,9.7700,27321302,276572051.0000,3,2.691754,1,2.251800,19.770626,1.809203,3.374598,17.028521,0
2010-07-28,sh.600004,9.9000,10.1800,9.8600,10.1300,9.9900,14900419,149533814.0000,3,1.468022,1,1.401400,20.047691,1.834557,3.421890,17.267159,0
2010-07-29,sh.600004,10.1100,10.3700,10.0700,10.2300,10.1300,15516718,158583221.0000,3,1.528741,1,0.987200,20.245596,1.852667,3.455669,17.437615,0
2010-07-30,sh.600004,10.1900,10.2000,10.0200,10.1700,10.2300,10713454,108405177.0000,3,1.055513,1,-0.586500,20.126853,1.841801,3.435401,17.335342,0
2010-08-02,sh.600004,10.2600,10.3300,10.1700,10.3000,10.1700,12018179,123344531.0000,3,1.184057,1,1.278300,20.384129,1.865345,3.479315,17.556934,0
2010-08-03,sh.600004,10.3500,10.3900,10.0400,10.0700,10.3000,11276004,115150153.0000,3,1.110936,1,-2.233000,19.928949,1.823691,3.401622,17.164886,0
2010-08-04,sh.600004,10.0400,10.1600,9.9300,10.1400,10.0700,8945999,89953376.0000,3,0.881379,1,0.695100,20.067482,1.836368,3.425267,17.284205,0
2010-08-05,sh.600004,10.1100,10.2600,10.0500,10.1500,10.1400,8013002,81493664.0000,3,0.789458,1,0.098600,20.087272,1.838179,3.428645,17.301251,0
2010-08-06,sh.600004,10.1200,10.3000,10.0100,10.3000,10.1500,10467520,106737866.0000,3,1.031283,1,1.477800,20.384129,1.865345,3.479315,17.556934,0
2010-08-09,sh.600004,10.3000,10.6900,10.2500,10.6300,10.3000,15459506,163044869.0000,3,1.523104,1,3.203900,21.037212,1.925108,3.590788,18.119438,0
2010-08-10,sh.600004,10.6500,10.6900,10.1700,10.1800,10.6300,13162442,136403157.0000,3,1.296792,1,-4.233300,20.146644,1.843612,3.438779,17.352387,0
2010-08-11,sh.600004,10.1800,10.4200,10.1800,10.3100,10.1800,7249169,74688983.0000,3,0.714204,1,1.277000,20.403919,1.867156,3.482693,17.573980,0
2010-08-12,sh.600004,10.2000,10.3100,10.1200,10.1600,10.3100,5749349,58646550.0000,3,0.566438,1,-1.454900,20.107063,1.839990,3.432023,17.318296,0
2010-08-13,sh.600004,10.1900,10.3100,10.1300,10.3000,10.1600,6001394,61444090.0000,3,0.591270,1,1.378000,20.384129,1.865345,3.479315,17.556934,0
2010-08-16,sh.600004,10.3100,10.5300,10.2600,10.5100,10.3000,9226301,96388580.0000,3,0.908995,1,2.038800,20.799727,1.903376,3.550253,17.914891,0
2010-08-17,sh.600004,10.5200,10.6200,10.4200,10.5400,10.5100,9958414,104647582.0000,3,0.981125,1,0.285400,20.859099,1.908809,3.560387,17.966028,0
2010-08-18,sh.600004,10.5600,10.6000,10.4400,10.5900,10.5400,9406786,99046564.0000,3,0.926777,1,0.474400,20.958051,1.917864,3.577276,18.051255,0
2010-08-19,sh.600004,10.3400,10.3500,10.1200,10.2300,10.3300,8465662,86594334.0000,3,0.834055,1,-0.968100,20.245596,1.852667,3.455669,17.437615,0
2010-08-20,sh.600004,10.1800,10.2500,10.0100,10.0600,10.2300,8620983,87087801.0000,3,0.849358,1,-1.661800,19.909159,1.821880,3.398244,17.147840,0
2010-08-23,sh.600004,10.0600,10.1400,9.9800,10.0000,10.0600,6482437,65141413.0000,3,0.638664,1,-0.596400,19.790416,1.811014,3.377976,17.045567,0
2010-08-24,sh.600004,10.0400,10.1200,9.9300,10.0700,10.0000,7055064,70771956.0000,3,0.695080,1,0.700000,19.928949,1.823691,3.401622,17.164886,0
2010-08-25,sh.600004,9.9800,10.0200,9.7500,9.7600,10.0700,8779532,86785114.0000,3,0.864979,1,-3.078500,19.315446,1.767550,3.296904,16.636473,0
2010-08-26,sh.600004,9.7600,9.8800,9.7000,9.8200,9.7600,4947140,48477134.0000,3,0.487403,1,0.614800,19.434189,1.778416,3.317172,16.738747,0
2010-08-27,sh.600004,9.7600,9.7800,9.5500,9.6800,9.8200,11676028,112609365.0000,3,1.150348,1,-1.425700,19.737501,1.804948,3.154335,-46.539636,0
2010-08-30,sh.600004,9.7100,9.9000,9.7100,9.8900,9.6800,9141446,89635261.0000,3,0.900635,1,2.169400,20.165690,1.844105,3.222766,-47.549277,0
2010-08-31,sh.600004,9.8400,9.8900,9.7400,9.8700,9.8900,8285962,81260759.0000,3,0.816351,1,-0.202200,20.124910,1.840376,3.216249,-47.453121,0
2010-09-01,sh.600004,9.8600,10.0400,9.7500,9.8300,9.8700,9039531,89456324.0000,3,0.890594,1,-0.405300,20.043350,1.832918,3.203214,-47.260808,0
2010-09-02,sh.600004,9.9200,9.9700,9.8200,9.8600,9.8300,7452878,73477794.0000,3,0.734274,1,0.305200,20.104520,1.838511,3.212990,-47.405043,0
2010-09-03,sh.600004,9.8600,9.8800,9.6900,9.7900,9.8600,9106484,88806026.0000,3,0.897191,1,-0.709900,19.961790,1.825459,3.190180,-47.068496,0
2010-09-06,sh.600004,9.8300,10.2200,9.8300,10.1800,9.7900,20287803,204543030.0000,3,1.998798,1,3.983700,20.757000,1.898179,3.317266,-48.943543,0
2010-09-07,sh.600004,10.2000,10.2500,10.0800,10.1800,10.1800,9995688,101660916.0000,3,0.984797,1,0.000000,20.757000,1.898179,3.317266,-48.943543,0
2010-09-08,sh.600004,10.0900,10.1500,10.0200,10.1500,10.1800,8229946,82947806.0000,3,0.810832,1,-0.294702,20.695830,1.892585,3.307490,-48.799309,0
2010-09-09,sh.600004,10.1800,10.2700,9.9500,9.9800,10.1500,11105377,112371969.0000,3,1.094126,1,-1.674900,20.349200,1.860887,3.252093,-47.981980,0
2010-09-10,sh.600004,10.0000,10.0200,9.8000,9.9300,9.9800,7758728,76726263.0000,3,0.764407,1,-0.501000,20.247250,1.851564,3.235800,-47.741590,0
2010-09-13,sh.600004,9.9800,10.1800,9.9700,10.1700,9.9300,10334251,104541834.0000,3,1.018153,1,2.416900,20.736610,1.896315,3.314007,-48.895465,0
2010-09-14,sh.600004,10.1800,10.2500,10.1100,10.1500,10.1700,9506337,96813975.0000,3,0.936585,1,-0.196700,20.695830,1.892585,3.307490,-48.799309,0
2010-09-15,sh.600004,10.1700,10.1900,9.9200,9.9700,10.1500,8057982,80797609.0000,3,0.793890,1,-1.773400,20.328810,1.859022,3.248835,-47.933902,0
2010-09-16,sh.600004,9.9700,10.0100,9.6400,9.7600,9.9700,7543850,74005759.0000,3,0.743236,1,-2.106300,19.900620,1.819865,3.180404,-46.924261,0
2010-09-17,sh.600004,9.7800,9.8000,9.6500,9.6900,9.7600,5383099,52368405.0000,3,0.530355,1,-0.717200,19.757891,1.806813,3.157594,-46.587714,0
2010-09-20,sh.600004,9.6900,9.8000,9.6700,9.6900,9.6900,4369322,42539708.0000,3,0.430475,1,0.000000,19.757891,1.806813,3.157594,-46.587714,0
2010-09-21,sh.600004,9.7200,9.7800,9.4800,9.5200,9.6900,5268611,50442982.0000,3,0.519075,1,-1.754400,19.411261,1.775114,3.102197,-45.770386,0
2010-09-27,sh.600004,9.5500,9.7000,9.5500,9.6800,9.5200,3553113,34292649.0000,3,0.350060,1,1.680700,19.737501,1.804948,3.154335,-46.539636,0
2010-09-28,sh.600004,9.6800,9.8000,9.5600,9.6000,9.6800,5472522,52985194.0000,3,0.539165,1,-0.826400,19.574381,1.790031,3.128266,-46.155011,0
2010-09-29,sh.600004,9.6100,9.6700,9.3900,9.4000,9.6000,6067581,57865882.0000,3,0.597791,1,-2.083300,19.166581,1.752739,3.063094,-45.193449,0
2010-09-30,sh.600004,9.3900,9.5600,9.3400,9.5500,9.4000,6485430,61351455.0000,3,0.638959,1,1.595700,19.472431,1.780708,3.111973,-45.914621,0
2010-10-08,sh.600004,9.6000,9.8000,9.6000,9.7600,9.5500,10062051,97944136.0000,3,0.991335,1,2.199000,19.900620,1.819865,3.180404,-46.924261,0
2010-10-11,sh.600004,9.8000,10.0600,9.7000,9.9800,9.7600,17906973,177510870.0000,3,1.764234,1,2.254100,20.349200,1.860887,3.252093,-47.981980,0
2010-10-12,sh.600004,10.0000,10.1100,9.9600,10.0500,9.9800,14281593,143263716.0000,3,1.407053,1,0.701400,20.491930,1.873939,3.274904,-48.318527,0
2010-10-13,sh.600004,10.0500,10.2400,10.0100,10.1400,10.0500,15405395,156070585.0000,3,1.517773,1,0.895500,20.675440,1.890721,3.304231,-48.751231,0
2010-10-14,sh.600004,10.1600,10.2000,9.9300,9.9400,10.1400,16786910,168464192.0000,3,1.653883,1,-1.972400,20.267640,1.853428,3.239059,-47.789668,0
2010-10-15,sh.600004,9.9000,10.3900,9.9000,10.3400,9.9400,27580735,280888211.0000,3,2.717314,1,4.024100,21.083239,1.928013,3.369403,-49.712793,0
2010-10-18,sh.600004,10.5600,10.7900,10.1400,10.4500,10.3400,35111637,367877677.0000,3,3.459275,1,1.063800,21.307529,1.948524,3.405248,-50.241653,0
2010-10-19,sh.600004,10.4600,10.4700,10.2300,10.4600,10.4500,15942960,164870607.0000,3,1.570735,1,0.095700,21.327919,1.950388,3.408507,-50.289731,0
2010-10-20,sh.600004,10.2200,10.3800,10.0900,10.2300,10.4600,15871983,162427430.0000,3,1.563742,1,-2.198900,20.858950,1.907502,3.333559,-49.183934,0
2010-10-21,sh.600004,10.2500,10.2900,10.0200,10.1100,10.2300,12623483,127806623.0000,3,1.243693,1,-1.173000,20.614270,1.885127,3.294455,-48.606996,0
2010-10-22,sh.600004,10.1000,10.2000,10.0400,10.1000,10.1100,9457949,95732065.0000,3,0.931818,1,-0.098900,20.593880,1.883262,3.291197,-48.558918,0
2010-10-25,sh.600004,10.1000,10.4900,10.0800,10.4000,10.1000,16059652,165466717.0000,3,1.582232,1,2.970300,21.205579,1.939201,3.388955,-50.001262,0
2010-10-26,sh.600004,10.4800,10.4900,10.1800,10.2700,10.4000,14504635,148938454.0000,3,1.429028,1,-1.250000,20.940509,1.914961,3.346593,-49.376246,0
2010-10-27,sh.600004,10.2900,10.5000,10.2600,10.4400,10.2700,20406813,212336625.0000,3,2.010523,1,1.655300,19.322124,1.890819,3.251534,70.186048,0
2010-10-28,sh.600004,10.4500,10.5400,10.2000,10.2900,10.4400,12399249,128424381.0000,3,1.221601,1,-1.436800,19.044507,1.863653,3.204816,69.177628,0
2010-10-29,sh.600004,10.3000,10.3600,10.1200,10.3000,10.2900,10808357,110699267.0000,3,1.064863,1,0.097200,19.063015,1.865464,3.207931,69.244856,0
2010-11-01,sh.600004,10.3400,10.7700,10.3400,10.7500,10.3000,26437759,280548024.0000,3,2.604705,1,4.368900,19.895865,1.946965,3.348083,72.270117,0
2010-11-02,sh.600004,10.7500,11.2700,10.5600,10.6100,10.7500,23741613,256794261.0000,3,2.339075,1,-1.302300,19.636756,1.921609,3.304480,71.328925,0
2010-11-03,sh.600004,10.5500,10.9500,10.5200,10.8300,10.6100,17656615,190520250.0000,3,1.739568,1,2.073500,20.043928,1.961454,3.372999,72.807941,0
2010-11-04,sh.600004,10.8300,10.9400,10.6800,10.8900,10.8300,14067294,151977005.0000,3,1.385940,1,0.554000,20.154974,1.972320,3.391686,73.211309,0
2010-11-05,sh.600004,10.9400,11.0400,10.8000,10.9100,10.8900,16887263,184206201.0000,3,1.663770,1,0.183700,20.191990,1.975943,3.397915,73.345765,0
2010-11-08,sh.600004,10.9400,11.3000,10.9400,11.1300,10.9100,18507197,206027928.0000,3,1.823369,1,2.016500,20.599161,2.015787,3.466434,74.824782,0
2010-11-09,sh.600004,11.1300,11.1500,10.9000,10.9400,11.1300,14997548,164448688.0000,3,1.477591,1,-1.707100,20.247513,1.981376,3.407258,73.547449,0
2010-11-10,sh.600004,10.9000,10.9000,10.5500,10.7500,10.9400,15398782,164296008.0000,3,1.517121,1,-1.736700,19.895865,1.946965,3.348083,72.270117,0
2010-11-11,sh.600004,10.7400,10.8000,10.6000,10.6400,10.7500,14806456,158686122.0000,3,1.458764,1,-1.023300,19.692280,1.927042,3.313823,71.530609,0
2010-11-12,sh.600004,10.6100,10.6400,9.7000,9.7300,10.6400,22050144,224474688.0000,3,2.172428,1,-8.552600,18.008072,1.762229,3.030404,65.412859,0
2010-11-15,sh.600004,9.8800,9.8900,9.6100,9.8700,9.7300,11243298,109696153.0000,3,1.107714,1,1.438800,18.267181,1.787585,3.074007,66.354052,0
2010-11-16,sh.600004,9.8800,9.8800,9.3500,9.4300,9.8700,12708768,121592859.0000,3,1.252095,1,-4.458000,17.452838,1.707895,2.936969,63.396019,0
2010-11-17,sh.600004,9.3500,9.4700,9.2100,9.2700,9.4300,7848128,73248944.0000,3,0.773215,1,-1.696700,17.156714,1.678917,2.887138,62.320371,0
2010-11-18,sh.600004,9.3300,9.4300,9.2200,9.3600,9.2700,6077880,56722766.0000,3,0.598806,1,0.970900,17.323284,1.695217,2.915168,62.925423,0
2010-11-19,sh.600004,9.4000,9.4100,9.0300,9.3600,9.3600,11532989,106400127.0000,3,1.136255,1,0.000000,17.323284,1.695217,2.915168,62.925423,0
2010-11-22,sh.600004,9.3000,9.3500,9.1500,9.2200,9.3600,9831319,90967173.0000,3,0.968603,1,-1.495700,17.064175,1.669862,2.871565,61.984231,0
2010-11-23,sh.600004,9.2100,9.2100,8.8700,8.9900,9.2200,8652046,77883509.0000,3,0.852418,1,-2.494600,16.638496,1.628206,2.799932,60.437986,0
2010-11-24,sh.600004,8.9300,9.1000,8.9100,9.1000,8.9900,8705046,78654633.0000,3,0.857640,1,1.223600,16.842081,1.648128,2.834191,61.177494,0
2010-11-25,sh.600004,9.1400,9.2400,9.0800,9.2400,9.1000,8243451,75507401.0000,3,0.812163,1,1.538500,17.101190,1.673484,2.877794,62.118687,0
2010-11-26,sh.600004,9.2100,9.2200,9.0800,9.1000,9.2400,7341150,66961725.0000,3,0.723266,1,-1.515200,16.842081,1.648128,2.834191,61.177494,0
2010-11-29,sh.600004,9.1300,9.1900,9.0800,9.1600,9.1000,4826888,44101429.0000,3,0.475555,1,0.659300,16.953128,1.658995,2.852878,61.580862,0
2010-11-30,sh.600004,9.1700,9.1800,8.8300,8.9400,9.1600,8282562,74261666.0000,3,0.816016,1,-2.401700,16.545957,1.619150,2.784359,60.101846,0
2010-12-01,sh.600004,8.9200,8.9600,8.8600,8.9300,8.9400,4057859,36166570.0000,3,0.399789,1,-0.111900,16.527449,1.617339,2.781245,60.034618,0
2010-12-02,sh.600004,9.0100,9.0600,8.9000,8.9800,8.9300,7961132,71406266.0000,3,0.784348,1,0.559900,16.619988,1.626395,2.796817,60.370758,0
2010-12-03,sh.600004,8.9700,8.9900,8.8600,8.9400,8.9800,4605855,41063256.0000,3,0.453779,1,-0.445400,16.545957,1.619150,2.784359,60.101846,0
2010-12-06,sh.600004,8.9500,8.9700,8.8400,8.9000,8.9400,4729067,42048910.0000,3,0.465918,1,-0.447400,16.471926,1.611906,2.771901,59.832934,0
2010-12-07,sh.600004,8.8800,8.9400,8.7600,8.9400,8.9000,4772712,42198403.0000,3,0.470218,1,0.449400,16.545957,1.619150,2.784359,60.101846,0
2010-12-08,sh.600004,8.9400,8.9600,8.8600,8.8800,8.9400,3958693,35255706.0000,3,0.390019,1,-0.671100,16.434910,1.608283,2.765672,59.698478,0
2010-12-09,sh.600004,8.8700,8.9700,8.8400,8.9000,8.8800,5417447,48355244.0000,3,0.533739,1,0.225200,16.471926,1.611906,2.771901,59.832934,0
2010-12-10,sh.600004,8.8600,8.9600,8.8300,8.9600,8.9000,3995907,35566921.0000,3,0.393685,1,0.674200,16.582972,1.622772,2.790588,60.236302,0
2010-12-13,sh.600004,8.9800,9.1400,8.9300,9.1300,8.9600,8613029,77845158.0000,3,0.848574,1,1.897300,16.897605,1.653561,2.843535,61.379178,0
2010-12-14,sh.600004,9.1300,9.1400,9.0400,9.0800,9.1300,6363108,57743655.0000,3,0.553314,1,-0.547600,16.805066,1.644506,2.827962,61.043038,0
2010-12-15,sh.600004,9.0800,9.0900,8.9900,9.0200,9.0800,5927499,53505331.0000,3,0.515435,1,-0.660800,16.694019,1.633639,2.809275,60.639670,0
2010-12-16,sh.600004,9.0300,9.0500,8.9100,8.9500,9.0200,5130934,46044483.0000,3,0.446168,1,-0.776100,16.564465,1.620961,2.787474,60.169074,0
2010-12-17,sh.600004,8.9300,8.9600,8.8800,8.9400,8.9500,3422947,30516944.0000,3,0.297648,1,-0.111700,16.545957,1.619150,2.784359,60.101846,0
2010-12-20,sh.600004,8.9700,8.9700,8.6300,8.7100,8.9400,11761875,102919964.0000,3,1.022772,1,-2.572700,16.120278,1.577494,2.712726,58.555602,0
2010-12-21,sh.600004,8.7100,8.8600,8.6900,8.8500,8.7100,12308484,107883705.0000,3,1.070303,1,1.607300,16.379387,1.602850,2.756329,59.496794,0
2010-12-22,sh.600004,8.8300,8.8500,8.7600,8.7800,8.8500,6588808,57964813.0000,3,0.572940,1,-0.791000,16.249832,1.590172,2.734527,59.026198,0
2010-12-23,sh.600004,8.7800,8.7800,8.6900,8.7000,8.7800,5278909,46054605.0000,3,0.459036,1,-0.911200,16.101770,1.575683,2.709611,58.488374,0
2010-12-24,sh.600004,8.6900,8.7300,8.6400,8.7000,8.7000,4639306,40285415.0000,3,0.403418,1,0.000000,16.101770,1.575683,2.709611,58.488374,0
2010-12-27,sh.600004,8.6900,8.7400,8.5100,8.5300,8.7000,7081764,61235693.0000,3,0.615806,1,-1.954000,15.787138,1.544894,2.656665,57.345497,0
2010-12-28,sh.600004,8.5000,8.5400,8.2600,8.2800,8.5300,6919420,57913959.0000,3,0.601689,1,-2.930800,15.324443,1.499615,2.578802,55.664797,0
2010-12-29,sh.600004,8.2700,8.3200,8.1900,8.3100,8.2800,4712906,38868517.0000,3,0.409818,1,0.362300,15.379967,1.505049,2.588146,55.866481,0
2010-12-30,sh.600004,8.3200,8.4800,8.2400,8.4200,8.3100,5459087,45733688.0000,3,0.474703,1,1.323700,15.583552,1.524971,2.622405,56.605989,0
2010-12-31,sh.600004,8.4200,8.9200,8.3700,8.8200,8.4200,11195544,96580812.0000,3,0.973526,1,4.750600,16.323863,1.597416,2.746985,59.295110,0
2011-01-04,sh.600004,8.8200,9.0600,8.6700,9.0000,8.8200,17147399,152714767.0000,3,1.491078,1,2.040800,16.657004,1.630017,2.803046,60.505214,0
2011-01-05,sh.600004,8.9800,9.4200,8.9500,9.2500,9.0000,30594685,283242168.0000,3,2.660407,1,2.777800,17.119698,1.675295,2.880909,62.185915,0
2011-01-06,sh.600004,9.2500,9.2500,8.9100,9.0500,9.2500,15095347,136183433.0000,3,1.312639,1,-2.162200,16.749542,1.639072,2.818619,60.841354,0
2011-01-07,sh.600004,9.0000,9.0900,8.7900,8.9000,9.0500,11423867,102026646.0000,3,0.993380,1,-1.657500,16.471926,1.611906,2.771901,59.832934,0
2011-01-10,sh.600004,8.9000,8.9800,8.7400,8.8000,8.9000,5972244,52940117.0000,3,0.519326,1,-1.123600,16.286848,1.593794,2.740756,59.160654,0
2011-01-11,sh.600004,8.7700,8.9000,8.7300,8.8900,8.8000,5184801,45718279.0000,3,0.450852,1,1.022700,16.453418,1.610094,2.768787,59.765706,0
2011-01-12,sh.600004,8.8900,8.9800,8.8100,8.9700,8.8900,6767664,60252497.0000,3,0.588493,1,0.899900,16.601480,1.624583,2.793703,60.303530,0
2011-01-13,sh.600004,8.9500,9.1200,8.9100,8.9400,8.9700,5650511,50843642.0000,3,0.491349,1,-0.334400,16.545957,1.619150,2.784359,60.101846,0
2011-01-14,sh.600004,8.9100,8.9400,8.6800,8.6900,8.9400,6446944,56537802.0000,3,0.560604,1,-2.796400,16.083262,1.573872,2.706497,58.421146,0
2011-01-17,sh.600004,8.6600,8.6600,8.3100,8.3300,8.6900,6501890,54934568.0000,3,0.565382,1,-4.142700,15.416982,1.508671,2.594375,56.000937,0
2011-01-18,sh.600004,8.3700,8.3800,8.2300,8.3500,8.3300,4786714,39600184.0000,3,0.416236,1,0.240100,15.453998,1.512293,2.600604,56.135393,0
2011-01-19,sh.600004,8.3600,8.5300,8.2800,8.5200,8.3500,3689860,31080410.0000,3,0.320857,1,2.035900,15.768630,1.543083,2.653550,57.278269,0
2011-01-20,sh.600004,8.4700,8.4700,8.2500,8.3400,8.5200,4107620,34285472.0000,3,0.357184,1,-2.112700,15.435490,1.510482,2.597489,56.068165,0
2011-01-21,sh.600004,8.2800,8.4900,8.2700,8.3900,8.3400,6045679,50592966.0000,3,0.525711,1,0.599500,15.528029,1.519538,2.613062,56.404305,0
2011-01-24,sh.600004,8.4000,8.6200,8.3500,8.4900,8.3900,8677482,74011654.0000,3,0.754564,1,1.191900,15.713107,1.537649,2.644207,57.076585,0
2011-01-25,sh.600004,8.4600,8.5700,8.3700,8.4600,8.4900,3261520,27543975.0000,3,0.283610,1,-0.353400,15.657583,1.532216,2.634863,56.874901,0
2011-01-26,sh.600004,8.4600,8.5300,8.4300,8.5100,8.4600,3495834,29679679.0000,3,0.303986,1,0.591000,15.750122,1.541271,2.650436,57.211041,0
2011-01-27,sh.600004,8.4900,8.6200,8.4000,8.5500,8.5100,6645357,56707704.0000,3,0.577857,1,0.470000,15.824153,1.548516,2.662894,57.479953,0
2011-01-28,sh.600004,8.5600,8.5600,8.4400,8.5200,8.5500,4283817,36448683.0000,3,0.372506,1,-0.350900,15.768630,1.543083,2.653550,57.278269,0
2011-01-31,sh.600004,8.5200,8.6000,8.4300,8.5800,8.5200,7620402,65064304.0000,3,0.662644,1,0.704200,15.879677,1.553949,2.672237,57.681638,0
2011-02-01,sh.600004,8.5500,8.5900,8.5100,8.5800,8.5800,3965022,33936151.0000,3,0.344785,1,0.000000,15.879677,1.553949,2.672237,57.681638,0
2011-02-09,sh.600004,8.5300,8.5700,8.4000,8.4600,8.5800,5035070,42743127.0000,3,0.437832,1,-1.398600,15.657583,1.532216,2.634863,56.874901,0
2011-02-10,sh.600004,8.4600,8.6000,8.4300,8.5900,8.4600,6010601,51212539.0000,3,0.522661,1,1.536600,15.898184,1.555760,2.675352,57.748866,0
2011-02-11,sh.600004,8.5800,8.7500,8.5500,8.6600,8.5900,8329284,72010251.0000,3,0.724286,1,0.814900,16.027739,1.568438,2.697153,58.219462,0
2011-02-14,sh.600004,8.6600,8.9200,8.6600,8.9000,8.6600,13948627,123618395.0000,3,1.212924,1,2.771400,16.471926,1.611906,2.771901,59.832934,0
2011-02-15,sh.600004,8.9100,9.0400,8.8200,8.8300,8.9000,14149815,126529305.0000,3,1.230419,1,-0.786500,16.342371,1.599228,2.750100,59.362338,0
2011-02-16,sh.600004,8.8400,8.9400,8.7900,8.9200,8.8300,8614549,76411378.0000,3,0.749091,1,1.019300,16.508941,1.615528,2.778130,59.967390,0
2011-02-17,sh.600004,8.9500,8.9800,8.8000,8.8600,8.9200,9720785,86236504.0000,3,0.845286,1,-0.672600,16.397895,1.604661,2.759443,59.564022,0
2011-02-18,sh.600004,8.8600,8.9500,8.7400,8.7600,8.8600,7643991,67360301.0000,3,0.664695,1,-1.128700,16.212817,1.586550,2.728298,58.891742,0
2011-02-21,sh.600004,8.7000,8.8200,8.6900,8.7900,8.7600,9300794,81541292.0000,3,0.808765,1,0.342500,16.268340,1.591983,2.737642,59.093426,0
2011-02-22,sh.600004,8.8100,8.8500,8.5000,8.5200,8.7900,10807015,93558420.0000,3,0.939740,1,-3.071700,15.768630,1.543083,2.653550,57.278269,0
2011-02-23,sh.600004,8.5100,8.6300,8.4900,8.5600,8.5200,5526021,47227228.0000,3,0.480524,1,0.469500,15.842661,1.550327,2.666008,57.547182,0
2011-02-24,sh.600004,8.5500,8.6200,8.5000,8.6100,8.5600,6228268,53281546.0000,3,0.541589,1,0.584100,15.935200,1.559383,2.681581,57.883322,0
2011-02-25,sh.600004,8.6100,8.6300,8.5000,8.5600,8.6100,6517607,55717668.0000,3,0.566748,1,-0.580700,15.842661,1.550327,2.666008,57.547182,0
2011-02-28,sh.600004,8.5700,8.6500,8.5000,8.6500,8.5600,8328517,71484774.0000,3,0.724219,1,1.051400,16.009231,1.566627,2.694039,58.152234,0
2011-03-01,sh.600004,8.6600,8.8000,8.6400,8.7900,8.6500,12118072,105825776.0000,3,1.053745,1,1.618501,16.268340,1.591983,2.737642,59.093426,0
2011-03-02,sh.600004,8.7400,8.8200,8.6800,8.7800,8.7900,9463143,82777678.0000,3,0.822882,1,-0.113800,16.249832,1.590172,2.734527,59.026198,0
2011-03-03,sh.600004,8.7900,8.8800,8.7400,8.7500,8.7800,12338990,108672766.0000,3,1.072956,1,-0.341700,16.194309,1.584739,2.725184,58.824514,0
2011-03-04,sh.600004,8.7500,8.8900,8.7500,8.8700,8.7500,13676681,120747734.0000,3,1.189277,1,1.371400,16.416402,1.606472,2.762558,59.631250,0
2011-03-07,sh.600004,8.9100,8.9800,8.8800,8.9700,8.8700,15414309,137815054.0000,3,1.340375,1,1.127400,16.601480,1.624583,2.793703,60.303530,0
2011-03-08,sh.600004,8.9800,9.0500,8.8800,9.0500,8.9700,14916285,133550772.0000,3,1.297068,1,0.891900,16.749542,1.639072,2.818619,60.841354,0
2011-03-09,sh.600004,9.0400,9.2500,9.0000,9.0000,9.0500,15697055,142380589.0000,3,1.364961,1,-0.552500,16.657004,1.630017,2.803046,60.505214,0
2011-03-10,sh.600004,9.0000,9.0400,8.8600,9.0200,9.0000,14281434,127810235.0000,3,1.241864,1,0.222200,16.694019,1.633639,2.809275,60.639670,0
2011-03-11,sh.600004,8.9600,9.1800,8.9100,8.9900,9.0200,13754286,123938534.0000,3,1.196025,1,-0.332600,16.638496,1.628206,2.799932,60.437986,0
2011-03-14,sh.600004,8.9600,9.0700,8.8800,8.9900,8.9900,12031124,107692459.0000,3,1.046185,1,0.000000,17.589107,1.577570,2.674571,-43.388828,0
2011-03-15,sh.600004,8.9900,8.9900,8.6900,8.9100,8.9900,12663346,111499873.0000,3,1.101161,1,-0.889900,17.432585,1.563531,2.650771,-43.002721,0
2011-03-16,sh.600004,8.8600,8.9000,8.8100,8.8500,8.9100,9979017,88332531.0000,3,0.867741,1,-0.673400,17.315194,1.553002,2.632920,-42.713140,0
2011-03-17,sh.600004,8.8200,8.8500,8.6900,8.7100,8.8500,9555712,83868585.0000,3,0.830931,1,-1.581900,17.041281,1.528435,2.591270,-42.037452,0
2011-03-18,sh.600004,8.7700,8.8000,8.7100,8.7400,8.7100,5017765,43864561.0000,3,0.436327,1,0.344400,17.099977,1.533699,2.600195,-42.182242,0
2011-03-21,sh.600004,8.7400,8.7700,8.6900,8.7400,8.7400,4332740,37810796.0000,3,0.376760,1,0.000000,17.099977,1.533699,2.600195,-42.182242,0
2011-03-22,sh.600004,8.7300,8.7900,8.6800,8.7500,8.7400,7578305,66238319.0000,3,0.658983,1,0.114400,17.119542,1.535454,2.603170,-42.230506,0
2011-03-23,sh.600004,8.7400,8.8100,8.7000,8.8000,8.7500,10322301,90367047.0000,3,0.897591,1,0.571400,17.217368,1.544228,2.618045,-42.471823,0
2011-03-24,sh.600004,8.8200,8.8300,8.7600,8.7700,8.8000,6685568,58747300.0000,3,0.581354,1,-0.340900,17.158673,1.538964,2.609120,-42.327033,0
2011-03-25,sh.600004,8.7800,8.8500,8.7600,8.8400,8.7700,8248187,72740586.0000,3,0.717234,1,0.798200,17.295629,1.551248,2.629945,-42.664877,0
2011-03-28,sh.600004,8.8400,8.9200,8.8300,8.8600,8.8400,9046478,80248912.0000,3,0.786650,1,0.226200,17.334759,1.554757,2.635896,-42.761404,0
2011-03-29,sh.600004,8.8600,8.9400,8.8400,8.8700,8.8600,12570788,111610186.0000,3,1.093112,1,0.112900,17.354324,1.556512,2.638871,-42.809667,0
2011-03-30,sh.600004,8.8700,8.8900,8.7200,8.7700,8.8700,9358979,82210149.0000,3,0.813824,1,-1.127400,17.158673,1.538964,2.609120,-42.327033,0
2011-03-31,sh.600004,8.7600,8.7900,8.5800,8.6000,8.7700,9254251,80088912.0000,3,0.804717,1,-1.938400,16.826064,1.509132,2.558544,-41.506554,0
2011-04-01,sh.600004,8.6000,8.8500,8.5600,8.8100,8.6000,11280661,97903487.0000,3,0.980927,1,2.441900,17.236933,1.545983,2.621020,-42.520086,0
2011-04-06,sh.600004,8.7300,8.7800,8.6600,8.7600,8.8100,9310967,81285574.0000,3,0.809649,1,-0.567500,17.139107,1.537209,2.606145,-42.278769,0
2011-04-07,sh.600004,8.7700,8.8300,8.7300,8.8100,8.7600,7753487,68162910.0000,3,0.674216,1,0.570800,17.236933,1.545983,2.621020,-42.520086,0
2011-04-08,sh.600004,8.8000,8.8700,8.7600,8.8300,8.8100,7448633,65685720.0000,3,0.647707,1,0.227000,17.276064,1.549493,2.626970,-42.616613,0
2011-04-11,sh.600004,8.8200,8.8900,8.8100,8.8200,8.8300,9108116,80578893.0000,3,0.792010,1,-0.113300,17.256498,1.547738,2.623995,-42.568350,0
2011-04-12,sh.600004,8.8000,9.0000,8.7600,8.9800,8.8200,18981611,169453262.0000,3,1.650575,1,1.814100,17.569542,1.575815,2.671596,-43.340565,0
2011-04-13,sh.600004,8.9700,9.0200,8.9100,9.0100,8.9800,13885449,124582943.0000,3,1.207430,1,0.334100,17.628237,1.581079,2.680521,-43.485355,0
2011-04-14,sh.600004,9.0100,9.0200,8.8700,8.8900,9.0100,9768342,87327646.0000,3,0.849421,1,-1.331900,17.393455,1.560022,2.644821,-42.906194,0
2011-04-15,sh.600004,8.9200,8.9500,8.8300,8.9200,8.8900,7513202,66799705.0000,3,0.653322,1,0.337500,17.452150,1.565286,2.653746,-43.050984,0
2011-04-18,sh.600004,8.9000,9.0300,8.9000,9.0000,8.9200,10214944,91629249.0000,3,0.888256,1,0.896900,17.608672,1.579324,2.677546,-43.437092,0
2011-04-19,sh.600004,8.9600,8.9700,8.7400,8.8200,9.0000,9321447,82439790.0000,3,0.810561,1,-2.000000,17.256498,1.547738,2.623995,-42.568350,0
2011-04-20,sh.600004,8.8200,8.8600,8.8000,8.8600,8.8200,4981791,44012303.0000,3,0.433199,1,0.453500,17.334759,1.554757,2.635896,-42.761404,0
2011-04-21,sh.600004,8.8800,8.9800,8.8400,8.9500,8.8600,8975286,80022860.0000,3,0.780460,1,1.015800,17.510846,1.570550,2.662671,-43.195774,0
2011-04-22,sh.600004,8.9500,9.0500,8.8800,8.9600,8.9500,12280627,110351599.0000,3,1.067881,1,0.111700,17.530411,1.572305,2.665646,-43.244038,0
2011-04-25,sh.600004,9.0000,9.0300,8.7800,8.8100,8.9600,10855401,96506842.0000,3,0.943948,1,-1.674100,17.236933,1.545983,2.621020,-42.520086,0
2011-04-26,sh.600004,8.8100,8.8400,8.6100,8.6900,8.8100,7481374,65146246.0000,3,0.650554,1,-1.362100,17.002151,1.524925,2.585320,-41.940925,0
2011-04-27,sh.600004,8.7300,8.7600,8.6000,8.6300,8.6900,5974112,51921249.0000,3,0.519488,1,-0.690400,16.884760,1.514397,2.567469,-41.651345,0
2011-04-28,sh.600004,8.6700,8.7200,8.4900,8.5100,8.6300,6634934,56954876.0000,3,0.576951,1,-1.390500,16.397739,1.457247,2.455637,-16.470869,0
2011-04-29,sh.600004,8.5200,8.6000,8.5000,8.5900,8.5100,5219407,44639795.0000,3,0.453861,1,0.940100,16.551889,1.470947,2.478722,-16.625706,0
2011-05-03,sh.600004,8.5900,8.7000,8.5600,8.6900,8.5900,4661700,40301531.0000,3,0.405365,1,1.164100,16.744577,1.488071,2.507577,-16.819254,0
2011-05-04,sh.600004,8.6600,8.7500,8.5700,8.6000,8.6900,6697663,58037059.0000,3,0.582405,1,-1.035700,16.571158,1.472659,2.481607,-16.645061,0
2011-05-05,sh.600004,8.5600,8.6900,8.5600,8.6800,8.6000,3861412,33315327.0000,3,0.335775,1,0.930200,16.725308,1.486358,2.504692,-16.799899,0
2011-05-06,sh.600004,8.6000,8.7400,8.6000,8.7000,8.6800,4295873,37271555.0000,3,0.373554,1,0.230400,16.763846,1.489783,2.510463,-16.838608,0
2011-05-09,sh.600004,8.7000,8.7400,8.6300,8.6600,8.7000,3553947,30840907.0000,3,0.309039,1,-0.459800,16.686771,1.482933,2.498921,-16.761190,0
2011-05-10,sh.600004,8.6600,8.6700,8.5800,8.6200,8.6600,4586573,39495647.0000,3,0.398832,1,-0.461900,16.609696,1.476084,2.487378,-16.683771,0
2011-05-11,sh.600004,8.6300,8.6800,8.6000,8.6300,8.6200,4805676,41490727.0000,3,0.417885,1,0.116000,16.628964,1.477796,2.490264,-16.703125,0
2011-05-12,sh.600004,8.6000,8.6200,8.5400,8.5600,8.6300,5325570,45677213.0000,3,0.463093,1,-0.811100,16.494083,1.465809,2.470065,-16.567642,0
2011-05-13,sh.600004,8.5500,8.6100,8.5000,8.6000,8.5600,3646835,31227398.0000,3,0.317116,1,0.467300,16.571158,1.472659,2.481607,-16.645061,0
2011-05-16,sh.600004,8.6000,8.6300,8.5300,8.5900,8.6000,3335410,28644061.0000,3,0.290036,1,-0.116300,16.551889,1.470947,2.478722,-16.625706,0
2011-05-17,sh.600004,8.6100,8.6200,8.5200,8.5800,8.5900,3317887,28459364.0000,3,0.288512,1,-0.116400,16.532620,1.469234,2.475836,-16.606352,0
2011-05-18,sh.600004,8.5800,8.6400,8.5700,8.6100,8.5800,2861779,24629385.0000,3,0.248850,1,0.349700,16.590427,1.474371,2.484493,-16.664416,0
2011-05-19,sh.600004,8.6200,8.6500,8.5300,8.5400,8.6100,3830740,32894437.0000,3,0.333108,1,-0.813000,16.455545,1.462385,2.464294,-16.528933,0
2011-05-20,sh.600004,8.5500,8.5600,8.5000,8.5300,8.5400,2864430,24419905.0000,3,0.249081,1,-0.117100,16.436276,1.460672,2.461408,-16.509578,0
2011-05-23,sh.600004,8.5300,8.5300,8.2500,8.2700,8.5300,5981521,50021483.0000,3,0.520132,1,-3.048100,15.935288,1.416150,2.386383,-16.006355,0
2011-05-24,sh.600004,8.2800,8.3200,8.2100,8.2900,8.2700,3262347,26904789.0000,3,0.283682,1,0.241800,15.973825,1.419575,2.392154,-16.045065,0
2011-05-25,sh.600004,8.2700,8.3000,8.1800,8.1900,8.2900,2752964,22636908.0000,3,0.239388,1,-1.206300,15.781138,1.402451,2.363298,-15.851518,0
2011-05-26,sh.600004,8.2000,8.2400,8.1300,8.1400,8.1900,2721914,22322279.0000,3,0.236688,1,-0.610500,15.684794,1.393889,2.348870,-15.754744,0
2011-05-27,sh.600004,8.1800,8.1800,8.0500,8.0700,8.1400,3518887,28509280.0000,3,0.305990,1,-0.860000,15.549912,1.381902,2.328671,-15.619261,0
2011-05-30,sh.600004,8.0900,8.1100,7.9900,8.0000,8.0700,2752808,22186675.0000,3,0.239375,1,-0.867400,15.415031,1.369915,2.308472,-15.483778,0
2011-05-31,sh.600004,8.0000,8.1000,8.0000,8.1000,8.0000,2622224,21100401.0000,3,0.228019,1,1.250000,15.607719,1.387039,2.337328,-15.677325,0
2011-06-01,sh.600004,8.0800,8.1000,8.0400,8.0800,8.1000,2417162,19504351.0000,3,0.210188,1,-0.246900,15.569181,1.383615,2.331556,-15.638616,0
2011-06-02,sh.600004,8.0500,8.0600,7.8600,7.9200,8.0800,4332474,34369302.0000,3,0.376737,1,-1.980200,15.260880,1.356216,2.285387,-15.328940,0
2011-06-03,sh.600004,7.9200,8.0100,7.9100,7.9800,7.9200,2503217,19948286.0000,3,0.217671,1,0.757600,15.376493,1.366491,2.302701,-15.445068,0
2011-06-07,sh.600004,7.9700,8.0600,7.9300,8.0400,7.9800,2682514,21458172.0000,3,0.233262,1,0.751900,15.492106,1.376765,2.320014,-15.561197,0
2011-06-08,sh.600004,8.0300,8.0600,7.9400,8.0300,8.0400,1960015,15677442.0000,3,0.170436,1,-0.124400,15.472837,1.375053,2.317129,-15.541842,0
2011-06-09,sh.600004,8.0200,8.0700,7.8700,7.8900,8.0300,2352500,18770792.0000,3,0.204565,1,-1.743500,15.203074,1.351079,2.276730,-15.270876,0
2011-06-10,sh.600004,7.8800,7.9400,7.8500,7.9200,7.8900,2224907,17552537.0000,3,0.193470,1,0.380200,15.260880,1.356216,2.285387,-15.328940,0
2011-06-13,sh.600004,7.9000,7.9000,7.8000,7.8300,7.9200,2363069,18549175.0000,3,0.205484,1,-1.136400,15.087461,1.340805,2.259417,-15.154748,0
2011-06-14,sh.600004,7.8800,7.9700,7.8400,7.9400,7.8300,2991108,23696894.0000,3,0.260096,1,1.404900,15.299418,1.359641,2.291158,-15.367650,0
2011-06-15,sh.600004,7.9400,7.9500,7.8900,7.9000,7.9400,1891105,14978843.0000,3,0.164444,1,-0.503800,15.222343,1.352791,2.279616,-15.290231,0
2011-06-16,sh.600004,7.8900,7.8900,7.7500,7.7700,7.9000,2581673,20154084.0000,3,0.224493,1,-1.645600,14.971848,1.330530,2.242103,-15.038619,0
2011-06-17,sh.600004,7.7800,7.8000,7.7200,7.7300,7.7700,1984897,15407385.0000,3,0.172600,1,-0.514800,14.894773,1.323681,2.230561,-14.961200,0
2011-06-20,sh.600004,7.7400,7.7800,7.5900,7.6300,7.7300,3004509,23006932.0000,3,0.261262,1,-1.293700,14.702085,1.306557,2.201705,-14.767653,0
2011-06-21,sh.600004,7.6400,7.6800,7.6100,7.6600,7.6300,1891389,14458875.0000,3,0.164469,1,0.393200,14.759892,1.311694,2.210362,-14.825717,0
2011-06-22,sh.600004,7.6800,7.7000,7.6000,7.6300,7.6600,2077160,15887412.0000,3,0.180623,1,-0.391600,14.702085,1.306557,2.201705,-14.767653,0
2011-06-23,sh.600004,7.6300,7.7400,7.5900,7.7200,7.6300,2758803,21123798.0000,3,0.239896,1,1.179600,14.875505,1.321968,2.227675,-14.941846,0
2011-06-24,sh.600004,7.7100,7.8800,7.6900,7.8600,7.7200,5161819,40348162.0000,3,0.448854,1,1.813500,15.145268,1.345942,2.268074,-15.212812,0
2011-06-27,sh.600004,7.8600,7.9300,7.8400,7.8600,7.8600,3858411,30403890.0000,3,0.335514,1,0.000000,15.145268,1.345942,2.268074,-15.212812,0
2011-06-28,sh.600004,7.8600,7.8600,7.8600,7.8600,7.8600,0,0.0000,3,,0,0.000000,15.145268,1.345942,2.268074,-15.212812,0
2011-06-29,sh.600004,7.8800,7.9100,7.8100,7.8100,7.8600,2995386,23546625.0000,3,0.260468,1,-0.636100,15.048924,1.337380,2.253646,-15.116038,0
2011-06-30,sh.600004,7.8400,7.9300,7.8200,7.8900,7.8100,2476786,19538396.0000,3,0.215373,1,1.024300,15.203074,1.351079,2.276730,-15.270876,0
2011-07-01,sh.600004,7.8800,7.9000,7.8500,7.8700,7.8900,3186250,25088312.0000,3,0.277065,1,-0.253500,15.164536,1.347654,2.270959,-15.232166,0
2011-07-04,sh.600004,7.9000,8.0000,7.8700,7.9900,7.8700,5423042,43118845.0000,3,0.471569,1,1.524800,15.395762,1.368203,2.305586,-15.464423,0
2011-07-05,sh.600004,7.9900,8.0000,7.9400,7.9800,7.9900,3483148,27752175.0000,3,0.302882,1,-0.125200,15.376493,1.366491,2.302701,-15.445068,0
2011-07-06,sh.600004,7.9800,8.0100,7.9100,7.9900,7.9800,3060547,24320522.0000,3,0.266135,1,0.125300,15.395762,1.368203,2.305586,-15.464423,0
2011-07-07,sh.600004,8.0100,8.0200,7.9000,7.9200,7.9900,3372084,26858339.0000,3,0.293225,1,-0.876100,15.260880,1.356216,2.285387,-15.328940,0
2011-07-08,sh.600004,7.9100,8.1100,7.9100,8.0600,7.9200,9588451,77261009.0000,3,0.833778,1,1.767681,15.530643,1.380190,2.325785,-15.599906,0
2011-07-11,sh.600004,8.0500,8.0800,8.0100,8.0600,8.0600,3336587,26838669.0000,3,0.290138,1,0.000000,15.530643,1.380190,2.325785,-15.599906,0
2011-07-12,sh.600004,8.0200,8.0200,7.8900,7.9000,8.0600,3687490,29296425.0000,3,0.320651,1,-1.985100,15.222343,1.352791,2.279616,-15.290231,0
2011-07-13,sh.600004,7.9300,8.0200,7.9100,8.0100,7.9000,2957787,23592310.0000,3,0.257199,1,1.392400,15.434299,1.371628,2.311357,-15.503133,0
2011-07-14,sh.600004,8.0000,8.0400,7.9800,8.0300,8.0100,2837237,22724838.0000,3,0.246716,1,0.249700,15.472837,1.375053,2.317129,-15.541842,0
2011-07-15,sh.600004,8.0100,8.1300,7.9700,8.1200,8.0300,6079424,49094034.0000,3,0.528646,1,1.120800,15.646256,1.390464,2.343099,-15.716035,0
2011-07-18,sh.600004,8.1200,8.1600,8.0600,8.1000,8.1200,3607885,29224391.0000,3,0.313729,1,-0.246300,15.607719,1.387039,2.337328,-15.677325,0
2011-07-19,sh.600004,8.0400,8.0700,8.0000,8.0200,8.1000,2893611,23231492.0000,3,0.251618,1,-0.987700,15.453568,1.373340,2.314243,-15.522487,0
2011-07-20,sh.600004,8.0400,8.0700,7.9800,8.0200,8.0200,2024582,16230292.0000,3,0.176051,1,0.000000,15.453568,1.373340,2.314243,-15.522487,0
2011-07-21,sh.600004,8.0200,8.0600,7.9400,8.0100,8.0200,2919121,23389791.0000,3,0.253837,1,-0.124700,15.434299,1.371628,2.311357,-15.503133,0
2011-07-22,sh.600004,7.9900,8.0300,7.9600,7.9800,8.0100,1706895,13634600.0000,3,0.148426,1,-0.374500,15.376493,1.366491,2.302701,-15.445068,0
2011-07-25,sh.600004,7.9900,8.0500,7.7200,7.7500,7.9800,4248016,33403027.0000,3,0.369393,1,-2.882200,14.933311,1.327106,2.236332,-14.999910,0
2011-07-26,sh.600004,7.7400,8.1500,7.7400,8.0000,7.7500,6712361,53663171.0000,3,0.583684,1,3.225800,15.415031,1.369915,2.308472,-15.483778,0
2011-07-27,sh.600004,7.9600,7.9600,7.8100,7.8900,8.0000,3907330,30791128.0000,3,0.339768,1,-1.375000,15.203074,1.351079,2.276730,-15.270876,0
2011-07-28,sh.600004,7.8700,7.8900,7.7800,7.8300,7.8900,2959013,23136507.0000,3,0.257305,1,-0.760500,15.087461,1.340805,2.259417,-15.154748,0
2011-07-29,sh.600004,7.8400,7.8600,7.7600,7.7900,7.8300,2024662,15795580.0000,3,0.176058,1,-0.510900,15.010386,1.333955,2.247874,-15.077329,0
2011-08-01,sh.600004,7.8100,7.8500,7.7700,7.8300,7.7900,1183796,9258529.0000,3,0.102939,1,0.513500,15.087461,1.340805,2.259417,-15.154748,0
2011-08-02,sh.600004,7.8000,7.8100,7.6800,7.7300,7.8300,2455047,18962818.0000,3,0.213482,1,-1.277100,14.894773,1.323681,2.230561,-14.961200,0
2011-08-03,sh.600004,7.6900,7.7600,7.6200,7.7100,7.7300,1666191,12820612.0000,3,0.144886,1,-0.258700,14.856236,1.320256,2.224790,-14.922491,0
2011-08-04,sh.600004,7.6900,7.8000,7.6900,7.7500,7.7100,2084330,16124463.0000,3,0.181246,1,0.518800,14.933311,1.327106,2.236332,-14.999910,0
2011-08-05,sh.600004,7.6200,7.6600,7.5700,7.5900,7.7500,2706453,20614002.0000,3,0.235344,1,-2.064500,14.625010,1.299707,2.190163,-14.690234,0
2011-08-08,sh.600004,7.5700,7.5700,7.1200,7.1900,7.5900,6909816,50448499.0000,3,0.600854,1,-5.270100,13.854259,1.231211,2.074739,-13.916045,0
2011-08-09,sh.600004,7.0500,7.1800,6.9700,7.1600,7.1900,4315888,30488968.0000,3,0.375295,1,-0.417200,13.796452,1.226074,2.066082,-13.857981,0
2011-08-10,sh.600004,7.2100,7.3200,7.2000,7.2400,7.1600,3423727,24817079.0000,3,0.297715,1,1.117300,13.950603,1.239773,2.089167,-14.012819,0
2011-08-11,sh.600004,7.1600,7.3800,7.1300,7.3700,7.2400,4439051,32359189.0000,3,0.386004,1,1.795600,14.201097,1.262035,2.126680,-14.264430,0
2011-08-12,sh.600004,7.4000,7.5000,7.3700,7.4600,7.3700,3764913,28057713.0000,3,0.327384,1,1.221200,14.374516,1.277446,2.152650,-14.438623,0
2011-08-15,sh.600004,7.4800,7.5900,7.4800,7.5900,7.4600,3867860,29153889.0000,3,0.336336,1,1.742600,14.625010,1.299707,2.190163,-14.690234,0
2011-08-16,sh.600004,7.6000,7.6400,7.5700,7.5800,7.5900,4881159,37044157.0000,3,0.424449,1,-0.131800,14.605742,1.297995,2.187277,-14.670880,0
2011-08-17,sh.600004,7.3000,7.3000,7.1300,7.1900,7.2800,2793335,20098012.0000,3,0.242899,1,-1.236300,13.854259,1.231211,2.074739,-13.916045,0
2011-08-18,sh.600004,7.1900,7.1900,7.0500,7.0600,7.1900,2420261,17196810.0000,3,0.210457,1,-1.808100,13.603765,1.208950,2.037226,-13.664434,0
2011-08-19,sh.600004,6.9900,7.0400,6.9600,7.0300,7.0600,2325697,16282249.0000,3,0.202235,1,-0.424900,13.545958,1.203813,2.028570,-13.606370,0
2011-08-22,sh.600004,7.0500,7.0700,7.0000,7.0300,7.0300,1907000,13402260.0000,3,0.165826,1,0.000000,13.545958,1.203813,2.028570,-13.606370,0
2011-08-23,sh.600004,7.0500,7.1300,7.0500,7.1200,7.0300,2144832,15193898.0000,3,0.186507,1,1.280200,13.719377,1.219225,2.054540,-13.780562,0
2011-08-24,sh.600004,7.1500,7.1600,7.0700,7.0700,7.1200,1876483,13350888.0000,3,0.163172,1,-0.702200,13.623033,1.210663,2.040112,-13.683789,0
2011-08-25,sh.600004,7.1100,7.2800,7.1000,7.2300,7.0700,3866066,27850536.0000,3,0.336180,1,2.263100,12.953105,1.275928,2.017627,22.397156,0
2011-08-26,sh.600004,7.2500,7.2600,7.1900,7.2100,7.2300,2550007,18414125.0000,3,0.221740,1,-0.276625,12.917274,1.272399,2.012046,22.335200,0
2011-08-29,sh.600004,7.2000,7.2100,7.1500,7.1500,7.2100,1973984,14157189.0000,3,0.171651,1,-0.832200,12.809779,1.261810,1.995302,22.149331,0
2011-08-30,sh.600004,7.1900,7.2400,7.1000,7.1100,7.1500,2176307,15622226.0000,3,0.189244,1,-0.559400,12.738116,1.254751,1.984139,22.025419,0
2011-08-31,sh.600004,7.1200,7.1400,7.0500,7.1400,7.1100,1715553,12181518.0000,3,0.149179,1,0.421900,12.791863,1.260045,1.992511,22.118353,0
2011-09-01,sh.600004,7.1200,7.1700,7.1000,7.1100,7.1400,1362697,9712703.0000,3,0.118495,1,-0.420200,12.738116,1.254751,1.984139,22.025419,0
2011-09-02,sh.600004,7.1300,7.1300,7.0400,7.0600,7.1100,1490321,10531204.0000,3,0.129593,1,-0.703200,12.648537,1.245927,1.970186,21.870529,0
2011-09-05,sh.600004,7.0100,7.0100,6.9500,6.9600,7.0600,1655669,11546685.0000,3,0.143971,1,-1.416400,12.469380,1.228280,1.942280,21.560748,0
2011-09-06,sh.600004,6.9500,7.0000,6.9300,6.9800,6.9600,1427973,9941446.0000,3,0.124172,1,0.287400,12.505211,1.231809,1.947861,21.622704,0
2011-09-07,sh.600004,7.0000,7.2500,6.9800,7.2400,6.9800,5593086,39892339.0000,3,0.486355,1,3.724900,12.971021,1.277693,2.020418,22.428134,0
2011-09-08,sh.600004,7.2300,7.5800,7.1900,7.5100,7.2400,10466260,76991867.0000,3,0.910110,1,3.729288,13.454747,1.325342,2.095765,23.264542,0
2011-09-09,sh.600004,7.4600,7.7400,7.3200,7.4700,7.5100,17926247,133366277.0000,3,1.558804,1,-0.532600,13.383084,1.318283,2.084602,23.140630,0
2011-09-13,sh.600004,7.3700,7.5400,7.1800,7.2800,7.4700,10391799,75908716.0000,3,0.903635,1,-2.543500,13.042684,1.284752,2.031580,22.552046,0
2011-09-14,sh.600004,7.2000,7.2600,7.1600,7.2500,7.2800,3976732,28675253.0000,3,0.345803,1,-0.412100,12.988937,1.279458,2.023208,22.459112,0
2011-09-15,sh.600004,7.2500,7.2900,7.2100,7.2200,7.2500,2480895,17976262.0000,3,0.215730,1,-0.413800,12.935190,1.274164,2.014836,22.366178,0
2011-09-16,sh.600004,7.2300,7.3300,7.2200,7.2500,7.2200,2667779,19413085.0000,3,0.231981,1,0.415500,12.988937,1.279458,2.023208,22.459112,0
2011-09-19,sh.600004,7.2400,7.2400,7.0800,7.0900,7.2500,2322445,16662475.0000,3,0.201952,1,-2.206900,12.702285,1.251222,1.978558,21.963463,0
2011-09-20,sh.600004,7.0800,7.1900,7.0700,7.1500,7.0900,1639649,11691761.0000,3,0.142578,1,0.846300,12.809779,1.261810,1.995302,22.149331,0
2011-09-21,sh.600004,7.1500,7.3100,7.1100,7.3000,7.1500,2883562,20889700.0000,3,0.250745,1,2.097900,13.078516,1.288282,2.037161,22.614003,0
2011-09-22,sh.600004,7.2600,7.2700,7.1000,7.1100,7.3000,3193118,22971666.0000,3,0.277662,1,-2.602700,12.738116,1.254751,1.984139,22.025419,0
2011-09-23,sh.600004,7.0200,7.2200,7.0100,7.2000,7.1100,3133093,22260432.0000,3,0.272443,1,1.265800,12.899358,1.270634,2.009255,22.304222,0
2011-09-26,sh.600004,7.1300,7.2100,7.0600,7.1900,7.2000,2121435,15165384.0000,3,0.184473,1,-0.138900,12.881442,1.268869,2.006464,22.273244,0
2011-09-27,sh.600004,7.2100,7.2800,7.1600,7.2500,7.1900,2726219,19711808.0000,3,0.237063,1,0.834500,12.988937,1.279458,2.023208,22.459112,0
2011-09-28,sh.600004,7.2700,7.2900,7.1200,7.1600,7.2500,1763374,12714686.0000,3,0.153337,1,-1.241400,12.827695,1.263575,1.998093,22.180309,0
2011-09-29,sh.600004,7.1500,7.2300,7.0800,7.1400,7.1600,2734122,19549034.0000,3,0.237750,1,-0.279300,12.791863,1.260045,1.992511,22.118353,0
2011-09-30,sh.600004,7.1500,7.2200,7.1100,7.1300,7.1400,2010638,14396905.0000,3,0.174838,1,-0.140100,12.773948,1.258281,1.989721,22.087375,0
2011-10-10,sh.600004,7.1100,7.1800,7.0700,7.0800,7.1300,1241641,8849229.0000,3,0.107969,1,-0.701300,12.684369,1.249457,1.975767,21.932485,0
2011-10-11,sh.600004,7.1900,7.2400,7.0800,7.1300,7.0800,2091182,14997696.0000,3,0.181842,1,0.706200,12.773948,1.258281,1.989721,22.087375,0
2011-10-12,sh.600004,7.1000,7.3200,7.1000,7.2800,7.1300,4262015,30922437.0000,3,0.370610,1,2.103800,13.042684,1.284752,2.031580,22.552046,0
2011-10-13,sh.600004,7.2400,7.3800,7.2400,7.3700,7.2800,5715922,41860249.0000,3,0.497037,1,1.236300,13.203926,1.300635,2.056696,22.830849,0
2011-10-14,sh.600004,7.3600,7.3700,7.2600,7.3400,7.3700,2714218,19849195.0000,3,0.236019,1,-0.407100,13.150179,1.295341,2.048324,22.737915,0
2011-10-17,sh.600004,7.3600,7.3800,7.2900,7.3200,7.3400,2257725,16568570.0000,3,0.196324,1,-0.272500,13.114347,1.291811,2.042743,22.675959,0
2011-10-18,sh.600004,7.3000,7.3000,7.1400,7.1800,7.3200,2437782,17652392.0000,3,0.211981,1,-1.912600,12.863527,1.267104,2.003674,22.242266,0
2011-10-19,sh.600004,7.2000,7.2300,7.1100,7.1100,7.1800,2146052,15384604.0000,3,0.186613,1,-0.974900,12.738116,1.254751,1.984139,22.025419,0
2011-10-20,sh.600004,7.1100,7.1200,6.9700,6.9800,7.1100,3236315,22751208.0000,3,0.281419,1,-1.828400,12.505211,1.231809,1.947861,21.622704,0
2011-10-21,sh.600004,7.0400,7.0500,6.9500,6.9600,6.9800,1741941,12176680.0000,3,0.151473,1,-0.286500,12.469380,1.228280,1.942280,21.560748,0
2011-10-24,sh.600004,7.0200,7.1100,6.9600,7.1000,6.9600,2149939,15155863.0000,3,0.186951,1,2.011500,12.720200,1.252986,1.981349,21.994441,0
2011-10-25,sh.600004,7.0800,7.2000,7.0600,7.1700,7.1000,2364640,16883323.0000,3,0.205621,1,0.985900,12.845611,1.265340,2.000883,22.211288,0
2011-10-26,sh.600004,7.1500,7.3000,7.1400,7.2400,7.1700,3767220,27241454.0000,3,0.327584,1,0.976300,12.971021,1.277693,2.020418,22.428134,0
2011-10-27,sh.600004,7.2700,7.3600,7.2500,7.2800,7.2400,3700628,27039718.0000,3,0.321794,1,0.552500,13.042684,1.284752,2.031580,22.552046,0
2011-10-28,sh.600004,7.3200,7.3700,7.2600,7.3100,7.2800,3767694,27545398.0000,3,0.327626,1,0.412100,13.423859,1.260457,1.984801,8.346578,0
2011-10-31,sh.600004,7.3100,7.3200,7.2400,7.2900,7.3100,1987036,14462081.0000,3,0.172786,1,-0.273600,13.387131,1.257009,1.979370,8.323742,0
2011-11-01,sh.600004,7.2500,7.3400,7.2100,7.2900,7.2900,2545683,18575037.0000,3,0.221364,1,0.000000,13.387131,1.257009,1.979370,8.323742,0
2011-11-02,sh.600004,7.2400,7.3800,7.2000,7.3700,7.2900,2997327,21840505.0000,3,0.260637,1,1.097400,13.534041,1.270803,2.001092,8.415086,0
2011-11-03,sh.600004,7.3700,7.5000,7.3400,7.4100,7.3700,8179653,60860304.0000,3,0.711274,1,0.542700,13.607496,1.277700,2.011952,8.460758,0
2011-11-04,sh.600004,7.4300,7.4700,7.3600,7.4000,7.4100,4728331,34991244.0000,3,0.411159,1,-0.135000,13.589132,1.275976,2.009237,8.449340,0
2011-11-07,sh.600004,7.4100,7.4200,7.3100,7.3100,7.4000,2850419,20983420.0000,3,0.247863,1,-1.216200,13.423859,1.260457,1.984801,8.346578,0
2011-11-08,sh.600004,7.3100,7.3500,7.2500,7.2800,7.3100,2689278,19636415.0000,3,0.233850,1,-0.410400,13.368768,1.255285,1.976655,8.312324,0
2011-11-09,sh.600004,7.3000,7.3600,7.2500,7.3600,7.2800,2563702,18727740.0000,3,0.222931,1,1.098900,13.515677,1.269079,1.998376,8.403668,0
2011-11-10,sh.600004,7.3200,7.3200,7.2500,7.2600,7.3600,2843390,20692897.0000,3,0.247251,1,-1.358700,13.332040,1.251836,1.971225,8.289488,0
2011-11-11,sh.600004,7.2700,7.3100,7.2200,7.2600,7.2600,2285928,16600793.0000,3,0.198776,1,0.000000,13.332040,1.251836,1.971225,8.289488,0
2011-11-14,sh.600004,7.2900,7.3700,7.2900,7.3400,7.2600,3690427,27098335.0000,3,0.320907,1,1.101900,13.478950,1.265630,1.992946,8.380832,0
2011-11-15,sh.600004,7.3400,7.4000,7.3200,7.3800,7.3400,3042395,22405449.0000,3,0.264556,1,0.545000,13.552405,1.272527,2.003807,8.426504,0
2011-11-16,sh.600004,7.3800,7.3900,7.1700,7.2000,7.3800,3855482,27967998.0000,3,0.335259,1,-2.439000,13.221858,1.241490,1.954933,8.220979,0
2011-11-17,sh.600004,7.1900,7.2300,7.1300,7.1300,7.2000,3490944,25012114.0000,3,0.303560,1,-0.972200,13.093312,1.229420,1.935927,8.141053,0
2011-11-18,sh.600004,7.1300,7.1400,7.0300,7.0900,7.1300,2877225,20365718.0000,3,0.250193,1,-0.561000,13.019857,1.222523,1.925066,8.095381,0
2011-11-21,sh.600004,7.0900,7.1100,7.0300,7.1100,7.0900,1742558,12313647.0000,3,0.151527,1,0.282100,13.056585,1.225972,1.930497,8.118217,0
2011-11-22,sh.600004,7.0800,7.1000,7.0400,7.0900,7.1100,1432858,10129266.0000,3,0.124596,1,-0.281300,13.019857,1.222523,1.925066,8.095381,0
2011-11-23,sh.600004,7.0900,7.1200,7.0200,7.0400,7.0900,1808645,12758138.0000,3,0.157273,1,-0.705200,12.928039,1.213902,1.911491,8.038291,0
2011-11-24,sh.600004,7.0100,7.0700,7.0000,7.0500,7.0400,1523082,10701111.0000,3,0.132442,1,0.142000,12.946403,1.215626,1.914206,8.049709,0
2011-11-25,sh.600004,7.0200,7.0700,7.0000,7.0200,7.0500,1311611,9208010.0000,3,0.114053,1,-0.425500,12.891312,1.210453,1.906060,8.015455,0
2011-11-28,sh.600004,7.0200,7.0700,7.0100,7.0600,7.0200,2031567,14314471.0000,3,0.176658,1,0.569800,12.964766,1.217350,1.916921,8.061127,0
2011-11-29,sh.600004,7.0800,7.1200,7.0600,7.1100,7.0600,1849686,13111936.0000,3,0.160842,1,0.708200,13.056585,1.225972,1.930497,8.118217,0
2011-11-30,sh.600004,7.1100,7.1100,6.8500,6.8900,7.1100,3859671,26890440.0000,3,0.335624,1,-3.094200,12.652584,1.188037,1.870763,7.867021,0
2011-12-01,sh.600004,7.0300,7.0700,6.9700,7.0000,6.8900,3974893,27884751.0000,3,0.345643,1,1.596500,12.854584,1.207004,1.900630,7.992619,0
2011-12-02,sh.600004,6.9600,7.0000,6.9000,6.9200,7.0000,1699831,11782756.0000,3,0.147811,1,-1.142900,12.707675,1.193210,1.878908,7.901275,0
2011-12-05,sh.600004,6.9600,6.9600,6.8300,6.8500,6.9200,1406137,9656790.0000,3,0.122273,1,-1.011600,12.579129,1.181140,1.859902,7.821349,0
2011-12-06,sh.600004,6.8500,6.8800,6.8000,6.8600,6.8500,1305317,8911392.0000,3,0.113506,1,0.146000,12.597493,1.182864,1.862617,7.832767,0
2011-12-07,sh.600004,6.8600,6.8800,6.7900,6.8400,6.8600,983276,6726792.0000,3,0.085502,1,-0.291500,12.560765,1.179416,1.857187,7.809930,0
2011-12-08,sh.600004,6.8400,6.8700,6.7500,6.8200,6.8400,1183004,8064409.0000,3,0.102870,1,-0.292400,12.524038,1.175967,1.851756,7.787094,0
2011-12-09,sh.600004,6.8200,6.8500,6.7800,6.8100,6.8200,1313158,8938482.0000,3,0.114188,1,-0.146600,12.505674,1.174243,1.849041,7.775676,0
2011-12-12,sh.600004,6.8400,6.8500,6.7200,6.7500,6.8100,2340030,15810715.0000,3,0.203481,1,-0.881100,12.395492,1.163897,1.832750,7.707168,0
2011-12-13,sh.600004,6.7300,6.7500,6.5800,6.6000,6.7500,3096173,20618495.0000,3,0.269232,1,-2.222200,12.120037,1.138033,1.792022,7.535898,0
2011-12-14,sh.600004,6.6000,6.6000,6.4500,6.5000,6.6000,4658595,30347326.0000,3,0.405095,1,-1.515200,11.936400,1.120790,1.764871,7.421718,0
2011-12-15,sh.600004,6.4700,6.5200,6.3900,6.4000,6.5000,3182737,20528949.0000,3,0.276760,1,-1.538500,11.752763,1.103547,1.737719,7.307537,0
2011-12-16,sh.600004,6.4100,6.5400,6.3500,6.4800,6.4000,3057851,19643089.0000,3,0.265900,1,1.250000,11.899672,1.117341,1.759440,7.398882,0
2011-12-19,sh.600004,6.4600,6.4600,6.2900,6.3900,6.4800,5063457,32133907.0000,3,0.440301,1,-1.388900,11.734399,1.101823,1.735003,7.296119,0
2011-12-20,sh.600004,6.3600,6.4500,6.3400,6.3600,6.3900,2692798,17205060.0000,3,0.234156,1,-0.469500,11.679308,1.096650,1.726858,7.261865,0
2011-12-21,sh.600004,6.4100,6.4300,6.2900,6.3000,6.3600,5001168,31671002.0000,3,0.434884,1,-0.943400,11.569126,1.086304,1.710567,7.193357,0
2011-12-22,sh.600004,6.2700,6.3100,6.1600,6.2200,6.3000,3162886,19658037.0000,3,0.275034,1,-1.269800,11.422216,1.072510,1.688845,7.102013,0
2011-12-23,sh.600004,6.2400,6.3000,6.1600,6.2100,6.2200,4030143,25070657.0000,3,0.350447,1,-0.160800,11.403853,1.070785,1.686130,7.090595,0
2011-12-26,sh.600004,6.2300,6.2400,6.1900,6.2200,6.2100,1999894,12430077.0000,3,0.173904,1,0.161000,11.422216,1.072510,1.688845,7.102013,0
2011-12-27,sh.600004,6.2200,6.2200,6.1300,6.1400,6.2200,2641780,16329865.0000,3,0.229720,1,-1.286200,11.275307,1.058715,1.667124,7.010669,0
2011-12-28,sh.600004,6.1300,6.1500,6.0700,6.1300,6.1400,3044177,18598128.0000,3,0.264711,1,-0.162900,11.256943,1.056991,1.664409,6.999251,0
2011-12-29,sh.600004,6.1200,6.1500,6.1000,6.1200,6.1300,2352175,14401059.0000,3,0.204537,1,-0.163100,11.238579,1.055267,1.661693,6.987833,0
2011-12-30,sh.600004,6.1300,6.2200,6.1100,6.1900,6.1200,4017619,24801094.0000,3,0.349358,1,1.143800,11.367125,1.067337,1.680700,7.067759,0
2012-01-04,sh.600004,6.2200,6.3000,6.1900,6.2200,6.1900,5663667,35403651.0000,3,0.492493,1,0.484700,11.422216,1.072510,1.688845,7.102013,0
2012-01-05,sh.600004,6.1800,6.2600,6.1000,6.1400,6.2200,5630493,34765974.0000,3,0.489608,1,-1.286200,11.275307,1.058715,1.667124,7.010669,0
2012-01-06,sh.600004,6.1600,6.2600,6.1400,6.2100,6.1400,4900470,30349775.0000,3,0.426128,1,1.140100,11.403853,1.070785,1.686130,7.090595,0
2012-01-09,sh.600004,6.2300,6.3700,6.2100,6.3300,6.2100,4477348,28212714.0000,3,0.389335,1,1.932400,11.624217,1.091477,1.718712,7.227611,0
2012-01-10,sh.600004,6.3500,6.4800,6.3100,6.4600,6.3300,7500910,47996945.0000,3,0.652253,1,2.053700,11.862945,1.113893,1.754010,7.376045,0
2012-01-11,sh.600004,6.4300,6.4700,6.3700,6.3800,6.4600,4426601,28390842.0000,3,0.384922,1,-1.238400,11.716035,1.100098,1.732288,7.284701,0
2012-01-12,sh.600004,6.3500,6.4400,6.3500,6.3800,6.3800,2181552,13956227.0000,3,0.189700,1,0.000000,11.716035,1.100098,1.732288,7.284701,0
2012-01-13,sh.600004,6.3900,6.4000,6.2500,6.3000,6.3800,3540274,22320373.0000,3,0.307850,1,-1.253900,11.569126,1.086304,1.710567,7.193357,0
2012-01-16,sh.600004,6.2600,6.3600,6.2300,6.3100,6.3000,3099966,19574012.0000,3,0.269562,1,0.158700,11.587489,1.088028,1.713282,7.204775,0
2012-01-17,sh.600004,6.3200,6.5200,6.2600,6.5100,6.3100,5754976,36878608.0000,3,0.500433,1,3.169600,11.954763,1.122514,1.767586,7.433136,0
2012-01-18,sh.600004,6.5000,6.5400,6.4300,6.4600,6.5100,4295035,27798322.0000,3,0.373481,1,-0.768000,11.862945,1.113893,1.754010,7.376045,0
2012-01-19,sh.600004,6.4600,6.5700,6.4100,6.5400,6.4600,4943611,32289087.0000,3,0.429879,1,1.238400,12.009854,1.127687,1.775731,7.467390,0
2012-01-20,sh.600004,6.5400,6.6400,6.5100,6.5700,6.5400,4746483,31213088.0000,3,0.412738,1,0.458700,12.064945,1.132860,1.783877,7.501644,0
2012-01-30,sh.600004,6.5800,6.5900,6.4900,6.5100,6.5700,3705388,24227816.0000,3,0.322208,1,-0.913200,11.954763,1.122514,1.767586,7.433136,0
2012-01-31,sh.600004,6.5100,6.5200,6.4200,6.4600,6.5100,2294267,14804617.0000,3,0.199501,1,-0.768000,11.862945,1.113893,1.754010,7.376045,0
2012-02-01,sh.600004,6.4500,6.4900,6.3800,6.4000,6.4600,1378162,8876614.0000,3,0.119840,1,-0.928800,11.752763,1.103547,1.737719,7.307537,0
2012-02-02,sh.600004,6.4000,6.5200,6.3800,6.5000,6.4000,2999687,19326450.0000,3,0.260842,1,1.562500,11.936400,1.120790,1.764871,7.421718,0
2012-02-03,sh.600004,6.4800,6.6000,6.4400,6.5500,6.5000,4822854,31502952.0000,3,0.419379,1,0.769200,12.028218,1.129411,1.778446,7.478808,0
2012-02-06,sh.600004,6.5400,6.5700,6.5200,6.5600,6.5500,2228839,14587207.0000,3,0.193812,1,0.152700,12.046582,1.131136,1.781162,7.490226,0
2012-02-07,sh.600004,6.5300,6.5400,6.4200,6.4300,6.5600,1678122,10840368.0000,3,0.145924,1,-1.981700,11.807854,1.108720,1.745864,7.341791,0
2012-02-08,sh.600004,6.4300,6.5700,6.4200,6.5600,6.4300,2747245,17915681.0000,3,0.238891,1,2.021800,12.046582,1.131136,1.781162,7.490226,0
2012-02-09,sh.600004,6.5600,6.5800,6.5300,6.5500,6.5600,2271706,14896119.0000,3,0.197540,1,-0.152400,12.028218,1.129411,1.778446,7.478808,0
2012-02-10,sh.600004,6.5500,6.5900,6.5100,6.5600,6.5500,2902881,19047152.0000,3,0.252424,1,0.152700,12.046582,1.131136,1.781162,7.490226,0
2012-02-13,sh.600004,6.5300,6.6100,6.5100,6.5300,6.5600,3267724,21430769.0000,3,0.284150,1,-0.457300,11.991491,1.125963,1.773016,7.455972,0
2012-02-14,sh.600004,6.5400,6.5700,6.5000,6.5300,6.5300,2215491,14453307.0000,3,0.192651,1,0.000000,11.991491,1.125963,1.773016,7.455972,0
2012-02-15,sh.600004,6.5300,6.6600,6.5100,6.6400,6.5300,4554832,30109872.0000,3,0.396072,1,1.684500,12.193491,1.144930,1.802883,7.581570,0
2012-02-16,sh.600004,6.6300,6.6600,6.5700,6.6200,6.6400,2392831,15827020.0000,3,0.208072,1,-0.301200,12.156764,1.141481,1.797453,7.558734,0
2012-02-17,sh.600004,6.6500,6.6500,6.5700,6.5800,6.6200,2691550,17747208.0000,3,0.234048,1,-0.604200,12.083309,1.134584,1.786592,7.513062,0
2012-02-20,sh.600004,6.6300,6.6400,6.5700,6.5900,6.5800,3543406,23386558.0000,3,0.308122,1,0.152000,12.101673,1.136308,1.789307,7.524480,0
2012-02-21,sh.600004,6.5800,6.6200,6.5400,6.6200,6.5900,2166359,14249595.0000,3,0.188379,1,0.455200,12.156764,1.141481,1.797453,7.558734,0
2012-02-22,sh.600004,6.6400,6.7100,6.5900,6.7000,6.6200,4662795,31055890.0000,3,0.405460,1,1.208500,12.303673,1.155276,1.819174,7.650078,0
2012-02-23,sh.600004,6.6900,6.7400,6.6600,6.7000,6.7000,3078138,20601845.0000,3,0.267664,1,0.000000,12.303673,1.155276,1.819174,7.650078,0
2012-02-24,sh.600004,6.7000,6.8200,6.6800,6.8000,6.7000,7499501,50643250.0000,3,0.652131,1,1.492500,12.487310,1.172519,1.846326,7.764258,0
2012-02-27,sh.600004,6.8200,6.9500,6.7900,6.8400,6.8000,10977553,75493102.0000,3,0.954570,1,0.588200,12.560765,1.179416,1.857187,7.809930,0
2012-02-28,sh.600004,6.8100,6.8600,6.7600,6.8100,6.8400,4399769,29991245.0000,3,0.382589,1,-0.438600,12.505674,1.174243,1.849041,7.775676,0
2012-02-29,sh.600004,6.8200,6.8700,6.7700,6.7700,6.8100,3570380,24338568.0000,3,0.310468,1,-0.587400,12.432219,1.167346,1.838181,7.730004,0
2012-03-01,sh.600004,6.7500,6.8100,6.7400,6.7800,6.7700,2513011,17014533.0000,3,0.218523,1,0.147700,12.450583,1.169070,1.840896,7.741422,0
2012-03-02,sh.600004,6.7700,6.8800,6.7700,6.8600,6.7800,4068575,27861123.0000,3,0.353789,1,1.179900,12.597493,1.182864,1.862617,7.832767,0
2012-03-05,sh.600004,6.8700,6.9000,6.8100,6.8300,6.8600,3508008,24045784.0000,3,0.305044,1,-0.437300,12.542401,1.177691,1.854472,7.798512,0
2012-03-06,sh.600004,6.8300,6.8400,6.7300,6.7500,6.8300,3095701,20942061.0000,3,0.269191,1,-1.171300,12.395492,1.163897,1.832750,7.707168,0
2012-03-07,sh.600004,6.7000,6.7500,6.6700,6.7200,6.7500,2275677,15285730.0000,3,0.197885,1,-0.444400,12.340401,1.158724,1.824605,7.672914,0
2012-03-08,sh.600004,6.7300,6.8200,6.7100,6.7700,6.7200,3438411,23262643.0000,3,0.298992,1,0.744000,12.432219,1.167346,1.838181,7.730004,0
2012-03-09,sh.600004,6.7800,6.8600,6.7600,6.8400,6.7700,3443016,23488520.0000,3,0.299393,1,1.034000,12.560765,1.179416,1.857187,7.809930,0
2012-03-12,sh.600004,6.8600,6.8800,6.7800,6.8300,6.8400,3338648,22801181.0000,3,0.290317,1,-0.146200,12.542401,1.177691,1.854472,7.798512,0
2012-03-13,sh.600004,6.8300,6.9100,6.8000,6.9000,6.8300,3981015,27361148.0000,3,0.346175,1,1.024900,12.670947,1.189761,1.873478,7.878439,0
2012-03-14,sh.600004,6.9200,6.9400,6.6400,6.7100,6.9000,6300500,43027982.0000,3,0.547870,1,-2.753600,12.322037,1.157000,1.821889,7.661496,0
2012-03-15,sh.600004,6.8000,6.8400,6.7300,6.7400,6.7100,7473147,50653720.0000,3,0.649839,1,0.447100,11.118882,1.128256,1.828346,-96.388604,0
2012-03-16,sh.600004,6.7700,7.0500,6.7500,7.0000,6.7400,10263148,70824305.0000,3,0.892448,1,3.857600,11.547800,1.171779,1.898875,-100.106859,0
2012-03-19,sh.600004,6.9900,7.0500,6.9600,7.0200,7.0000,6196986,43397221.0000,3,0.538868,1,0.285700,11.580794,1.175127,1.904301,-100.392879,0
2012-03-20,sh.600004,7.0100,7.0100,6.8800,6.9000,7.0200,5197630,35958076.0000,3,0.451968,1,-1.709400,11.382831,1.155039,1.871748,-98.676761,0
2012-03-21,sh.600004,6.9000,7.0500,6.9000,7.0200,6.9000,8125061,56796318.0000,3,0.706527,1,1.739100,11.580794,1.175127,1.904301,-100.392879,0
2012-03-22,sh.600004,7.0100,7.1000,6.9700,7.0000,7.0200,4592623,32301021.0000,3,0.399359,1,-0.284900,11.547800,1.171779,1.898875,-100.106859,0
2012-03-23,sh.600004,6.9800,7.0000,6.9200,6.9600,7.0000,4884130,33911751.0000,3,0.424707,1,-0.571400,11.481813,1.165083,1.888025,-99.534820,0
2012-03-26,sh.600004,6.9800,7.0100,6.9200,6.9600,6.9600,2268662,15793299.0000,3,0.197275,1,0.000000,11.481813,1.165083,1.888025,-99.534820,0
2012-03-27,sh.600004,6.9600,7.0500,6.9500,6.9500,6.9600,3051945,21363310.0000,3,0.265387,1,-0.143700,11.465316,1.163409,1.885312,-99.391810,0
2012-03-28,sh.600004,6.9400,6.9500,6.7800,6.7900,6.9500,5902927,40478538.0000,3,0.513298,1,-2.302200,11.201366,1.136625,1.841909,-97.103653,0
2012-03-29,sh.600004,6.7700,6.8400,6.6500,6.6700,6.7900,4289832,28776546.0000,3,0.373029,1,-1.767300,11.003404,1.116538,1.809357,-95.387536,0
2012-03-30,sh.600004,6.6800,6.7500,6.6800,6.7400,6.6700,2340289,15714189.0000,3,0.203503,1,1.049500,11.118882,1.128256,1.828346,-96.388604,0
2012-04-05,sh.600004,6.7500,6.9100,6.7100,6.9000,6.7400,3271515,22406182.0000,3,0.284480,1,2.373900,11.382831,1.155039,1.871748,-98.676761,0
2012-04-06,sh.600004,6.9000,6.9300,6.8500,6.8800,6.9000,2086930,14381185.0000,3,0.181472,1,-0.289900,11.349838,1.151691,1.866323,-98.390741,0
2012-04-09,sh.600004,6.8800,6.9600,6.8500,6.8800,6.8800,2723680,18863144.0000,3,0.236842,1,0.000000,11.349838,1.151691,1.866323,-98.390741,0
2012-04-10,sh.600004,6.8500,6.9700,6.7800,6.9600,6.8800,2561617,17621092.0000,3,0.222749,1,1.162800,11.481813,1.165083,1.888025,-99.534820,0
2012-04-11,sh.600004,6.9100,7.0800,6.8900,7.0200,6.9600,4425484,31086503.0000,3,0.384825,1,0.862100,11.580794,1.175127,1.904301,-100.392879,0
2012-04-12,sh.600004,7.0300,7.0800,7.0000,7.0800,7.0200,4197084,29574764.0000,3,0.364964,1,0.854700,11.679775,1.185171,1.920577,-101.250937,0
2012-04-13,sh.600004,7.0700,7.1200,7.0400,7.0700,7.0800,3088667,21884160.0000,3,0.268580,1,-0.141200,11.663278,1.183497,1.917864,-101.107928,0
2012-04-16,sh.600004,7.0400,7.0800,7.0100,7.0100,7.0700,2099710,14782233.0000,3,0.182583,1,-0.848700,11.564297,1.173453,1.901588,-100.249869,0
2012-04-17,sh.600004,7.0100,7.0400,6.9100,6.9600,7.0100,2434135,16984663.0000,3,0.211664,1,-0.713300,11.481813,1.165083,1.888025,-99.534820,0
2012-04-18,sh.600004,6.9600,7.1100,6.9500,7.1000,6.9600,5257986,37066673.0000,3,0.457216,1,2.011500,11.712769,1.188518,1.926002,-101.536957,0
2012-04-19,sh.600004,7.1000,7.1400,7.0400,7.1200,7.1000,4334490,30723192.0000,3,0.376912,1,0.281700,11.745762,1.191866,1.931427,-101.822977,0
2012-04-20,sh.600004,7.1100,7.1400,7.0500,7.0900,7.1200,4386872,31123029.0000,3,0.381467,1,-0.421300,11.696272,1.186844,1.923289,-101.393947,0
2012-04-23,sh.600004,7.0900,7.1300,7.0500,7.0600,7.0900,3258371,23070915.0000,3,0.283337,1,-0.423100,11.646781,1.181823,1.915151,-100.964918,0
2012-04-24,sh.600004,7.0300,7.1300,6.9600,7.0800,7.0600,4064340,28613105.0000,3,0.353421,1,0.283300,11.679775,1.185171,1.920577,-101.250937,0
2012-04-25,sh.600004,7.0700,7.1300,7.0400,7.1200,7.0800,3737199,26529791.0000,3,0.324974,1,0.565000,11.745762,1.191866,1.931427,-101.822977,0
2012-04-26,sh.600004,7.1200,7.1400,7.0600,7.0800,7.1200,1869269,13256241.0000,3,0.162545,1,-0.561800,11.679775,1.185171,1.920577,-101.250937,0
2012-04-27,sh.600004,7.1000,7.1200,7.0000,7.0600,7.0800,1669263,11790356.0000,3,0.145153,1,-0.282500,11.646781,1.181823,1.915151,-100.964918,0
2012-05-02,sh.600004,7.1200,7.2600,7.1200,7.2000,7.0600,7432476,53538940.0000,3,0.646302,1,1.983000,11.650162,1.174614,1.897096,-50.741922,0
2012-05-03,sh.600004,7.1800,7.2300,7.1700,7.2200,7.2000,3053561,21988486.0000,3,0.265527,1,0.277800,11.682524,1.177877,1.902366,-50.882872,0
2012-05-04,sh.600004,7.1800,7.3700,7.1800,7.3300,7.2200,6940581,50682695.0000,3,0.603529,1,1.523500,11.860512,1.195822,1.931349,-51.658096,0
2012-05-07,sh.600004,7.2800,7.5500,7.2800,7.4400,7.3300,6928521,51509254.0000,3,0.602480,1,1.500700,12.038501,1.213768,1.960332,-52.433320,0
2012-05-08,sh.600004,7.4400,7.4700,7.3700,7.3900,7.4400,4018940,29810059.0000,3,0.349473,1,-0.672000,11.957597,1.205611,1.947158,-52.080945,0
2012-05-09,sh.600004,7.3600,7.3800,7.2200,7.2500,7.3900,4322261,31489866.0000,3,0.375849,1,-1.894500,11.731066,1.182771,1.910270,-51.094297,0
2012-05-10,sh.600004,7.2500,7.3400,7.2500,7.3000,7.2500,1812468,13232815.0000,3,0.157606,1,0.689700,11.811970,1.190928,1.923444,-51.446671,0
2012-05-11,sh.600004,7.2800,7.3300,7.2600,7.2900,7.3000,1326338,9671851.0000,3,0.115334,1,-0.137000,11.795789,1.189297,1.920810,-51.376196,0
2012-05-14,sh.600004,7.3400,7.3500,7.2700,7.3200,7.2900,2069114,15137526.0000,3,0.179923,1,0.411500,11.844332,1.194191,1.928714,-51.587621,0
2012-05-15,sh.600004,7.2700,7.3500,7.1800,7.3100,7.3200,3282884,23748086.0000,3,0.285468,1,-0.136600,11.828151,1.192560,1.926079,-51.517146,0
2012-05-16,sh.600004,7.2700,7.3200,7.2000,7.2300,7.3100,1930471,14019717.0000,3,0.167867,1,-1.094400,11.698705,1.179508,1.905000,-50.953347,0
2012-05-17,sh.600004,7.2500,7.3900,7.2100,7.3800,7.2300,3216999,23568433.0000,3,0.279739,1,2.074700,11.941416,1.203980,1.944523,-52.010470,0
2012-05-18,sh.600004,7.3300,7.4300,7.2500,7.2800,7.3800,4012159,29419534.0000,3,0.348883,1,-1.355000,11.779609,1.187665,1.918175,-51.305721,0
2012-05-21,sh.600004,7.2600,7.2900,7.1400,7.1500,7.2800,3361176,24180801.0000,3,0.292276,1,-1.785700,11.569258,1.166457,1.883922,-50.389548,0
2012-05-22,sh.600004,7.1900,7.2700,7.1800,7.2300,7.1500,2048400,14794366.0000,3,0.178122,1,1.118900,11.698705,1.179508,1.905000,-50.953347,0
2012-05-23,sh.600004,7.2400,7.2600,7.1400,7.1600,7.2300,2043294,14678858.0000,3,0.177678,1,-0.968200,11.585439,1.168089,1.886556,-50.460023,0
2012-05-24,sh.600004,7.1500,7.1900,7.0600,7.1000,7.1600,3578695,25460667.0000,3,0.311191,1,-0.838000,11.488354,1.158300,1.870747,-50.037173,0
2012-05-25,sh.600004,7.1000,7.1100,6.9900,7.0400,7.1000,3194712,22513347.0000,3,0.277801,1,-0.845100,11.391270,1.148512,1.854938,-49.614324,0
2012-05-28,sh.600004,7.0300,7.1200,6.9700,7.1100,7.0400,1875798,13227625.0000,3,0.163113,1,0.994300,11.504535,1.159932,1.873382,-50.107648,0
2012-05-29,sh.600004,7.1300,7.1800,7.0900,7.1800,7.1100,2755845,19679710.0000,3,0.239639,1,0.984500,11.617801,1.171351,1.891826,-50.600973,0
2012-05-30,sh.600004,7.1800,7.1800,7.1100,7.1200,7.1800,1821974,13003119.0000,3,0.158433,1,-0.835700,11.520716,1.161563,1.876017,-50.178123,0
2012-05-31,sh.600004,7.1000,7.1200,7.0200,7.0900,7.1200,2407915,17020464.0000,3,0.209384,1,-0.421300,11.472174,1.156669,1.868112,-49.966699,0
2012-06-01,sh.600004,7.0900,7.1500,7.0400,7.0800,7.0900,2090432,14828141.0000,3,0.181777,1,-0.141000,11.455993,1.155037,1.865478,-49.896224,0
2012-06-04,sh.600004,7.0400,7.0400,6.8700,6.8700,7.0800,3271912,22729099.0000,3,0.284514,1,-2.966100,11.116196,1.120778,1.810146,-48.416251,0
2012-06-05,sh.600004,6.9100,7.0300,6.8500,6.9100,6.8700,2907454,20163459.0000,3,0.252822,1,0.582200,11.180920,1.127303,1.820685,-48.698150,0
2012-06-06,sh.600004,6.9100,6.9600,6.9000,6.9200,6.9100,1071615,7424761.0000,3,0.093184,1,0.144700,11.197100,1.128935,1.823320,-48.768625,0
2012-06-07,sh.600004,6.9700,7.0100,6.7900,6.8600,6.9200,2936086,20223162.0000,3,0.255312,1,-0.867100,11.100016,1.119146,1.807511,-48.345776,0
2012-06-08,sh.600004,6.9000,6.9300,6.8600,6.9000,6.8600,1930157,13312965.0000,3,0.167840,1,0.583100,11.164739,1.125672,1.818050,-48.627676,0
2012-06-11,sh.600004,6.9000,6.9600,6.8800,6.9500,6.9000,1214886,8412201.0000,3,0.105642,1,0.724600,11.245643,1.133829,1.831224,-48.980050,0
2012-06-12,sh.600004,6.9400,6.9400,6.8000,6.9000,6.9500,2320373,15892339.0000,3,0.201772,1,-0.719400,11.164739,1.125672,1.818050,-48.627676,0
2012-06-13,sh.600004,6.9000,6.9800,6.8700,6.9700,6.9000,2238683,15540954.0000,3,0.194668,1,1.014500,11.278004,1.137092,1.836494,-49.121000,0
2012-06-14,sh.600004,6.9700,6.9800,6.9300,6.9400,6.9700,1222078,8506356.0000,3,0.106268,1,-0.430400,11.229462,1.132198,1.828590,-48.909575,0
2012-06-15,sh.600004,6.9400,6.9900,6.9000,6.9500,6.9400,957777,6655683.0000,3,0.083285,1,0.144100,11.245643,1.133829,1.831224,-48.980050,0
2012-06-18,sh.600004,6.9800,7.0200,6.9600,7.0000,6.9500,1314336,9200702.0000,3,0.114290,1,0.719400,11.326547,1.141986,1.844399,-49.332425,0
2012-06-19,sh.600004,6.9800,7.0000,6.8700,6.9100,7.0000,1513148,10479502.0000,3,0.131578,1,-1.285700,11.180920,1.127303,1.820685,-48.698150,0
2012-06-20,sh.600004,6.9100,6.9300,6.8900,6.8900,6.9100,1485272,10257206.0000,3,0.129154,1,-0.289400,11.148558,1.124041,1.815415,-48.557201,0
2012-06-21,sh.600004,6.8800,6.9200,6.8400,6.8500,6.8900,1308042,8968386.0000,3,0.113743,1,-0.580600,11.083835,1.117515,1.804876,-48.275301,0
2012-06-25,sh.600004,6.8500,6.8500,6.8500,6.8500,6.8500,0,0.0000,3,,0,0.000000,11.083835,1.117515,1.804876,-48.275301,0
2012-06-26,sh.600004,6.7700,6.8000,6.7200,6.7900,6.8500,2044637,13820415.0000,3,0.177795,1,-0.875900,10.986750,1.107726,1.789067,-47.852452,0
2012-06-27,sh.600004,6.8000,6.8300,6.7600,6.7900,6.7900,1003060,6820285.0000,3,0.087223,1,0.000000,10.986750,1.107726,1.789067,-47.852452,0
2012-06-28,sh.600004,6.8200,6.8400,6.7600,6.7600,6.7900,1435994,9767811.0000,3,0.124869,1,-0.441800,10.938208,1.102832,1.781162,-47.641027,0
2012-06-29,sh.600004,6.7600,6.8400,6.7600,6.8100,6.7600,1504761,10242832.0000,3,0.130849,1,0.739600,11.019112,1.110989,1.794336,-47.993402,0
2012-07-02,sh.600004,6.8300,6.8800,6.8000,6.8500,6.8100,1437376,9837997.0000,3,0.124989,1,0.587400,11.083835,1.117515,1.804876,-48.275301,0
2012-07-03,sh.600004,6.8600,6.9100,6.8300,6.9000,6.8500,1153134,7938892.0000,3,0.100273,1,0.729900,11.164739,1.125672,1.818050,-48.627676,0
2012-07-04,sh.600004,6.9100,6.9800,6.8800,6.9700,6.9000,1988778,13799448.0000,3,0.172937,1,1.014500,11.278004,1.137092,1.836494,-49.121000,0
2012-07-05,sh.600004,6.9700,6.9700,6.8500,6.8600,6.9700,1232253,8479818.0000,3,0.107152,1,-1.578200,11.100016,1.119146,1.807511,-48.345776,0
2012-07-06,sh.600004,6.8600,6.9500,6.8500,6.9500,6.8600,1471083,10148725.0000,3,0.127920,1,1.312000,11.245643,1.133829,1.831224,-48.980050,0
2012-07-09,sh.600004,6.9200,6.9300,6.8100,6.8100,6.9500,1303166,8948959.0000,3,0.113319,1,-2.014400,11.019112,1.110989,1.794336,-47.993402,0
2012-07-10,sh.600004,6.8000,6.8100,6.7200,6.7800,6.8100,1383738,9359305.0000,3,0.120325,1,-0.440500,10.970569,1.106095,1.786432,-47.781977,0
2012-07-11,sh.600004,6.7700,6.8000,6.7400,6.7900,6.7800,1172754,7939964.0000,3,0.101979,1,0.147500,10.986750,1.107726,1.789067,-47.852452,0
2012-07-12,sh.600004,6.7800,6.8500,6.7300,6.8100,6.7900,1416039,9610781.0000,3,0.123134,1,0.294600,11.019112,1.110989,1.794336,-47.993402,0
2012-07-13,sh.600004,6.8000,6.8600,6.7900,6.8200,6.8100,998534,6819567.0000,3,0.086829,1,0.146800,11.035293,1.112621,1.796971,-48.063876,0
2012-07-16,sh.600004,6.8000,6.8000,6.6900,6.7000,6.8200,1721952,11624268.0000,3,0.149735,1,-1.759500,10.841123,1.093044,1.765353,-47.218178,0
2012-07-17,sh.600004,6.7000,6.7200,6.5000,6.6300,6.7000,2993163,19813793.0000,3,0.260275,1,-1.044800,10.727858,1.081624,1.746909,-46.724854,0
2012-07-18,sh.600004,6.6200,6.6600,6.5600,6.6500,6.6300,1262601,8329696.0000,3,0.109791,1,0.301700,10.760219,1.084887,1.752179,-46.865803,0
2012-07-19,sh.600004,6.7200,6.8700,6.6900,6.8600,6.6500,3256248,22140311.0000,3,0.283152,1,3.157900,11.100016,1.119146,1.807511,-48.345776,0
2012-07-20,sh.600004,6.8600,6.8800,6.8200,6.8400,6.8600,1469311,10068317.0000,3,0.127766,1,-0.291500,11.067654,1.115883,1.802241,-48.204826,0
2012-07-23,sh.600004,6.8500,6.9200,6.8200,6.8300,6.8400,2872992,19712891.0000,3,0.249825,1,-0.146200,11.051473,1.114252,1.799606,-48.134351,0
2012-07-24,sh.600004,6.7900,6.8800,6.7900,6.8400,6.8300,3886939,26554045.0000,3,0.337995,1,0.146400,11.067654,1.115883,1.802241,-48.204826,0
2012-07-25,sh.600004,6.4800,6.4800,6.3500,6.3500,6.4900,1977102,12623064.0000,3,0.171922,1,-2.157200,10.274796,1.035944,1.673133,-44.751557,0
2012-07-26,sh.600004,6.3300,6.3800,6.2200,6.2300,6.3500,3076010,19275565.0000,3,0.267479,1,-1.889800,10.080627,1.016368,1.641515,-43.905858,0
2012-07-27,sh.600004,6.2500,6.3100,6.2500,6.3100,6.2300,1568559,9865579.0000,3,0.136396,1,1.284100,10.210073,1.029419,1.662594,-44.469657,0
2012-07-30,sh.600004,6.3200,6.3200,6.2600,6.2700,6.3100,775278,4867394.0000,3,0.067415,1,-0.633900,10.145350,1.022893,1.652054,-44.187757,0
2012-07-31,sh.600004,6.2900,6.3100,6.2500,6.2700,6.2700,1711885,10755302.0000,3,0.148860,1,0.000000,10.145350,1.022893,1.652054,-44.187757,0
2012-08-01,sh.600004,6.2600,6.3400,6.2600,6.3200,6.2700,1054929,6655186.0000,3,0.091733,1,0.797400,10.226254,1.031050,1.665229,-44.540132,0
2012-08-02,sh.600004,6.3200,6.3400,6.2700,6.2700,6.3200,694660,4378682.0000,3,0.060405,1,-0.791100,10.145350,1.022893,1.652054,-44.187757,0
2012-08-03,sh.600004,6.2900,6.3200,6.2700,6.3200,6.2700,963059,6067190.0000,3,0.083744,1,0.797400,10.226254,1.031050,1.665229,-44.540132,0
2012-08-06,sh.600004,6.3000,6.4000,6.2700,6.4000,6.3200,1389315,8826041.0000,3,0.120810,1,1.265800,10.355700,1.044101,1.686307,-45.103931,0
2012-08-07,sh.600004,6.3800,6.4800,6.3600,6.4500,6.4000,1532692,9860178.0000,3,0.133278,1,0.781200,10.436604,1.052259,1.699482,-45.456305,0
2012-08-08,sh.600004,6.4600,6.5000,6.4200,6.4500,6.4500,1343228,8681679.0000,3,0.116802,1,0.000000,10.436604,1.052259,1.699482,-45.456305,0
2012-08-09,sh.600004,6.4500,6.5100,6.3700,6.4900,6.4500,2893023,18660098.0000,3,0.251567,1,0.620200,10.501327,1.058784,1.710021,-45.738205,0
2012-08-10,sh.600004,6.4800,6.5000,6.4400,6.4900,6.4900,1088773,7051937.0000,3,0.094676,1,0.000000,10.501327,1.058784,1.710021,-45.738205,0
2012-08-13,sh.600004,6.4800,6.4800,6.3500,6.3600,6.4900,1132190,7242015.0000,3,0.098451,1,-2.003100,10.290977,1.037576,1.675768,-44.822031,0
2012-08-14,sh.600004,6.3600,6.4100,6.3500,6.4000,6.3600,1402076,8954196.0000,3,0.121920,1,0.628900,10.355700,1.044101,1.686307,-45.103931,0
2012-08-15,sh.600004,6.4000,6.4100,6.3400,6.3500,6.4000,692398,4409264.0000,3,0.060209,1,-0.781200,10.274796,1.035944,1.673133,-44.751557,0
2012-08-16,sh.600004,6.3700,6.3800,6.3200,6.3300,6.3500,583196,3701710.0000,3,0.050713,1,-0.315000,10.242434,1.032682,1.667863,-44.610607,0
2012-08-17,sh.600004,6.3600,6.4000,6.3300,6.3500,6.3300,846911,5390028.0000,3,0.073644,1,0.316000,10.274796,1.035944,1.673133,-44.751557,0
2012-08-20,sh.600004,6.3500,6.3500,6.2900,6.3500,6.3500,677543,4286537.0000,3,0.058917,1,0.000000,10.274796,1.035944,1.673133,-44.751557,0
2012-08-21,sh.600004,6.3400,6.4100,6.2800,6.3900,6.3500,1278011,8115183.0000,3,0.111131,1,0.629900,10.339519,1.042470,1.683673,-45.033456,0
2012-08-22,sh.600004,6.3800,6.4200,6.3500,6.3600,6.3900,858300,5484648.0000,3,0.074635,1,-0.469500,10.290977,1.037576,1.675768,-44.822031,0
2012-08-23,sh.600004,6.3700,6.3900,6.3200,6.3500,6.3600,1824453,11594216.0000,3,0.158648,1,-0.157200,10.274796,1.035944,1.673133,-44.751557,0
2012-08-24,sh.600004,6.3300,6.3900,6.2800,6.2800,6.3500,1631305,10315413.0000,3,0.141853,1,-1.102400,10.161530,1.024525,1.654689,-44.258232,0
2012-08-27,sh.600004,6.2800,6.2800,6.1400,6.1500,6.2800,2615628,16195724.0000,3,0.227446,1,-2.070100,9.951180,1.003316,1.620436,-43.342059,0
2012-08-28,sh.600004,6.1700,6.2800,6.1400,6.2300,6.1500,1194340,7409058.0000,3,0.103856,1,1.300800,10.080627,1.016368,1.641515,-43.905858,0
2012-08-29,sh.600004,6.2600,6.5000,6.2600,6.3500,6.2300,7078127,45317168.0000,3,0.615489,1,1.926200,9.632905,1.065253,1.622616,439.520962,0
2012-08-30,sh.600004,6.3800,6.4100,6.3200,6.3600,6.3500,2213114,14096328.0000,3,0.192445,1,0.157484,9.648075,1.066930,1.625171,440.213121,0
2012-08-31,sh.600004,6.3900,6.5200,6.3600,6.4700,6.3600,3453681,22371560.0000,3,0.300320,1,1.729600,9.814944,1.085383,1.653279,447.826870,0
2012-09-03,sh.600004,6.4600,6.5500,6.4200,6.5000,6.4700,1798115,11684315.0000,3,0.156358,1,0.463700,9.860454,1.090416,1.660945,449.903347,0
2012-09-04,sh.600004,6.5000,6.5300,6.3700,6.3900,6.5000,2041891,13160592.0000,3,0.177556,1,-1.692300,9.693584,1.071963,1.632837,442.289598,0
2012-09-05,sh.600004,6.3700,6.5000,6.3600,6.4500,6.3900,1111834,7162654.0000,3,0.096681,1,0.939000,9.784604,1.082028,1.648169,446.442552,0
2012-09-06,sh.600004,6.4500,6.5600,6.4500,6.5200,6.4500,2349238,15356159.0000,3,0.204282,1,1.085300,9.890794,1.093771,1.666056,451.287665,0
2012-09-07,sh.600004,6.5700,6.7100,6.5200,6.6600,6.5200,5931939,39493739.0000,3,0.515821,1,2.147200,10.103173,1.117257,1.701830,460.977891,0
2012-09-10,sh.600004,6.6600,6.6800,6.5900,6.6300,6.6600,2497304,16542468.0000,3,0.217157,1,-0.450500,10.057663,1.112225,1.694164,458.901414,0
2012-09-11,sh.600004,6.6500,6.6500,6.5500,6.5900,6.6300,1896499,12475655.0000,3,0.164913,1,-0.603300,9.996983,1.105514,1.683943,456.132778,0
2012-09-12,sh.600004,6.6200,6.6600,6.5600,6.6200,6.5900,1416932,9365737.0000,3,0.123211,1,0.455200,10.042493,1.110547,1.691609,458.209255,0
2012-09-13,sh.600004,6.6100,6.6600,6.5600,6.5800,6.6200,1462816,9691419.0000,3,0.127201,1,-0.604200,9.981813,1.103837,1.681388,455.440619,0
2012-09-14,sh.600004,6.6100,6.6900,6.5900,6.6300,6.5800,3006374,19988954.0000,3,0.261424,1,0.759900,10.057663,1.112225,1.694164,458.901414,0
2012-09-17,sh.600004,6.6300,6.6500,6.4500,6.4700,6.6300,2498762,16332155.0000,3,0.217284,1,-2.413300,9.814944,1.085383,1.653279,447.826870,0
2012-09-18,sh.600004,6.4400,6.5100,6.4300,6.4800,6.4700,898737,5810451.0000,3,0.078151,1,0.154600,9.830114,1.087061,1.655835,448.519029,0
2012-09-19,sh.600004,6.4800,6.5500,6.4700,6.5500,6.4800,878775,5733120.0000,3,0.076415,1,1.080200,9.936303,1.098804,1.673722,453.364142,0
2012-09-20,sh.600004,6.5500,6.5600,6.4500,6.4700,6.5500,1195739,7776636.0000,3,0.103977,1,-1.221400,9.814944,1.085383,1.653279,447.826870,0
2012-09-21,sh.600004,6.4700,6.5000,6.3900,6.4100,6.4700,1422800,9178056.0000,3,0.123722,1,-0.927400,9.723924,1.075318,1.637947,443.673916,0
2012-09-24,sh.600004,6.3900,6.5300,6.3600,6.5000,6.4100,1298437,8375430.0000,3,0.112908,1,1.404100,9.860454,1.090416,1.660945,449.903347,0
2012-09-25,sh.600004,6.4800,6.4900,6.4000,6.4700,6.5000,965790,6236128.0000,3,0.083982,1,-0.461500,9.814944,1.085383,1.653279,447.826870,0
2012-09-26,sh.600004,6.4300,6.4900,6.4000,6.4100,6.4700,1071208,6889122.0000,3,0.093149,1,-0.927400,9.723924,1.075318,1.637947,443.673916,0
2012-09-27,sh.600004,6.4100,6.5500,6.4100,6.5200,6.4100,1327026,8612375.0000,3,0.115394,1,1.716100,9.890794,1.093771,1.666056,451.287665,0
2012-09-28,sh.600004,6.4900,6.7500,6.4900,6.7500,6.5200,5776269,38553999.0000,3,0.502284,1,3.527600,10.239702,1.132355,1.724828,467.207322,0
2012-10-08,sh.600004,6.7300,6.7600,6.6800,6.6900,6.7500,1926270,12939495.0000,3,0.167502,1,-0.888900,10.148682,1.122290,1.709496,463.054368,0
2012-10-09,sh.600004,6.7000,6.8300,6.7000,6.8100,6.6900,2854307,19379727.0000,3,0.248201,1,1.793700,10.330721,1.142421,1.740159,471.360276,0
2012-10-10,sh.600004,6.7800,6.7900,6.7200,6.7400,6.8100,1678873,11324562.0000,3,0.145989,1,-1.027900,10.224532,1.130678,1.722272,466.515163,0
2012-10-11,sh.600004,6.7300,6.8000,6.7300,6.7500,6.7400,1654525,11192356.0000,3,0.143872,1,0.148400,10.239702,1.132355,1.724828,467.207322,0
2012-10-12,sh.600004,6.7700,6.8300,6.7500,6.7900,6.7500,1494200,10153386.0000,3,0.129930,1,0.592600,10.300382,1.139066,1.735049,469.975958,0
2012-10-15,sh.600004,6.7700,6.8400,6.7400,6.7600,6.7900,1683216,11413428.0000,3,0.146367,1,-0.441800,10.254872,1.134033,1.727383,467.899481,0
2012-10-16,sh.600004,6.7600,6.8800,6.7600,6.8400,6.7600,2507048,17147237.0000,3,0.218004,1,1.183400,10.376231,1.147453,1.747825,473.436753,0
2012-10-17,sh.600004,6.8400,6.8800,6.8200,6.8600,6.8400,1750113,11995928.0000,3,0.152184,1,0.292400,10.406571,1.150808,1.752936,474.821071,0
2012-10-18,sh.600004,6.8600,6.8900,6.8400,6.8800,6.8600,2505906,17212095.0000,3,0.217905,1,0.291500,10.436911,1.154164,1.758047,476.205389,0
2012-10-19,sh.600004,6.8800,6.9100,6.7800,6.7900,6.8800,2461281,16890081.0000,3,0.214024,1,-1.308142,10.300382,1.139066,1.735049,469.975958,0
2012-10-22,sh.600004,6.7900,6.8100,6.7400,6.7800,6.7900,955054,6468035.0000,3,0.083048,1,-0.147300,10.285212,1.137388,1.732494,469.283799,0
2012-10-23,sh.600004,6.7800,6.7900,6.7000,6.7200,6.7800,1753682,11806122.0000,3,0.152494,1,-0.885000,10.194192,1.127323,1.717162,465.130845,0
2012-10-24,sh.600004,6.6900,6.6900,6.5500,6.6200,6.7200,7925227,52388557.0000,3,0.689150,1,-1.488100,10.042493,1.110547,1.691609,458.209255,0
2012-10-25,sh.600004,6.6100,6.6300,6.5700,6.5700,6.6200,5545824,36575431.0000,3,0.482246,1,-0.755300,9.966643,1.102159,1.678832,454.748460,0
2012-10-26,sh.600004,6.5600,6.5800,6.4600,6.4900,6.5700,3305577,21494263.0000,3,0.287441,1,-1.217700,9.845284,1.088739,1.658390,449.211188,0
2012-10-29,sh.600004,6.5200,6.5600,6.4600,6.5400,6.4900,2324845,15169668.0000,3,0.202160,1,0.770400,9.921133,1.097126,1.671166,452.671983,0
2012-10-30,sh.600004,6.5400,6.6100,6.5400,6.5600,6.5400,1985678,13066674.0000,3,0.172668,1,0.305800,9.687360,1.072141,1.642178,-6.500733,0
2012-10-31,sh.600004,6.5600,6.6000,6.5400,6.5900,6.5600,2301024,15113881.0000,3,0.200089,1,0.457300,9.731662,1.077044,1.649688,-6.530462,0
2012-11-01,sh.600004,6.5900,6.7000,6.5800,6.6600,6.5900,4429757,29482204.0000,3,0.385196,1,1.062200,9.835033,1.088484,1.667211,-6.599829,0
2012-11-02,sh.600004,6.6600,6.7200,6.6500,6.7100,6.6600,3002605,20080202.0000,3,0.261096,1,0.750800,9.908869,1.096656,1.679727,-6.649377,0
2012-11-05,sh.600004,6.7100,6.7600,6.6800,6.7000,6.7100,3076000,20688984.0000,3,0.267478,1,-0.149000,9.894102,1.095022,1.677224,-6.639468,0
2012-11-06,sh.600004,6.6900,6.7400,6.5900,6.7100,6.7000,3077157,20474587.0000,3,0.267579,1,0.149300,9.908869,1.096656,1.679727,-6.649377,0
2012-11-07,sh.600004,6.7000,6.7800,6.6700,6.7100,6.7100,2453566,16535467.0000,3,0.213354,1,0.000000,9.908869,1.096656,1.679727,-6.649377,0
2012-11-08,sh.600004,6.6900,6.6900,6.5600,6.5700,6.7100,2355538,15587798.0000,3,0.204829,1,-2.086400,9.702127,1.073775,1.644681,-6.510642,0
2012-11-09,sh.600004,6.5600,6.6100,6.5000,6.5600,6.5700,1135355,7454216.0000,3,0.098727,1,-0.152200,9.687360,1.072141,1.642178,-6.500733,0
2012-11-12,sh.600004,6.5700,6.6300,6.5600,6.6300,6.5600,876998,5788710.0000,3,0.076261,1,1.067100,9.790731,1.083581,1.659701,-6.570100,0
2012-11-13,sh.600004,6.6400,6.6600,6.5600,6.5900,6.6300,1407795,9302747.0000,3,0.122417,1,-0.603300,9.731662,1.077044,1.649688,-6.530462,0
2012-11-14,sh.600004,6.5700,6.5800,6.5300,6.5500,6.5900,855220,5605421.0000,3,0.074367,1,-0.607000,9.672592,1.070506,1.639674,-6.490823,0
2012-11-15,sh.600004,6.5500,6.5700,6.3600,6.3700,6.5500,2159950,13977347.0000,3,0.187822,1,-2.748100,9.406781,1.041088,1.594615,-6.312449,0
2012-11-16,sh.600004,6.3800,6.4300,6.3600,6.4300,6.3700,1318037,8427744.0000,3,0.114612,1,0.941900,9.495385,1.050894,1.609635,-6.371907,0
2012-11-19,sh.600004,6.4300,6.5500,6.3500,6.5400,6.4300,1940272,12463815.0000,3,0.168719,1,1.710700,9.657825,1.068872,1.637171,-6.480913,0
2012-11-20,sh.600004,6.5100,6.5200,6.4000,6.4500,6.5400,1549352,10011043.0000,3,0.134726,1,-1.376100,9.524919,1.054163,1.614641,-6.391726,0
2012-11-21,sh.600004,6.4400,6.5300,6.4400,6.5300,6.4500,1309530,8497235.0000,3,0.113872,1,1.240300,9.643058,1.067238,1.634668,-6.471004,0
2012-11-22,sh.600004,6.5200,6.5200,6.4700,6.5100,6.5300,1274442,8263342.0000,3,0.110821,1,-0.306300,9.613523,1.063969,1.629661,-6.451184,0
2012-11-23,sh.600004,6.5100,6.5700,6.4800,6.5500,6.5100,1221708,7999232.0000,3,0.106235,1,0.614400,9.672592,1.070506,1.639674,-6.490823,0
2012-11-26,sh.600004,6.5500,6.5900,6.4800,6.5100,6.5500,1188895,7763596.0000,3,0.103382,1,-0.610700,9.613523,1.063969,1.629661,-6.451184,0
2012-11-27,sh.600004,6.5100,6.5100,6.4000,6.4100,6.5100,1376552,8876279.0000,3,0.119700,1,-1.536100,9.465850,1.047625,1.604628,-6.352088,0
2012-11-28,sh.600004,6.4100,6.4600,6.3600,6.4200,6.4100,1274116,8168704.0000,3,0.110793,1,0.156000,9.480617,1.049260,1.607131,-6.361997,0
2012-11-29,sh.600004,6.4100,6.4400,6.3800,6.3800,6.4200,1026287,6569257.0000,3,0.089242,1,-0.623100,9.421548,1.042722,1.597118,-6.322359,0
2012-11-30,sh.600004,6.3800,6.4600,6.3800,6.4400,6.3800,898808,5784568.0000,3,0.078157,1,0.940400,9.510152,1.052528,1.612138,-6.381817,0
2012-12-03,sh.600004,6.4300,6.5500,6.4300,6.4600,6.4400,3033295,19648232.0000,3,0.263765,1,0.310600,9.539686,1.055797,1.617144,-6.401636,0
2012-12-04,sh.600004,6.4300,6.5400,6.4300,6.5200,6.4600,1447139,9396060.0000,3,0.125838,1,0.928800,9.628290,1.065603,1.632164,-6.461094,0
2012-12-05,sh.600004,6.5400,6.6800,6.4700,6.6600,6.5200,3271005,21665928.0000,3,0.284435,1,2.147200,9.835033,1.088484,1.667211,-6.599829,0
2012-12-06,sh.600004,6.6300,6.6800,6.6000,6.6200,6.6600,1183634,7855872.0000,3,0.102925,1,-0.600600,9.775964,1.081947,1.657198,-6.560191,0
2012-12-07,sh.600004,6.6200,6.7300,6.6200,6.7000,6.6200,2536196,16946995.0000,3,0.220539,1,1.208500,9.894102,1.095022,1.677224,-6.639468,0
2012-12-10,sh.600004,6.7100,6.8100,6.6700,6.7400,6.7000,4296457,28962472.0000,3,0.373605,1,0.597000,9.953171,1.101559,1.687237,-6.679106,0
2012-12-11,sh.600004,6.7400,6.7400,6.6500,6.6700,6.7400,1982742,13250459.0000,3,0.172412,1,-1.038600,9.849800,1.090119,1.669714,-6.609739,0
2012-12-12,sh.600004,6.6700,6.7100,6.6400,6.6900,6.6700,2814874,18782700.0000,3,0.244772,1,0.299900,9.879335,1.093387,1.674721,-6.629558,0
2012-12-13,sh.600004,6.6900,6.7100,6.6400,6.6400,6.6900,1211001,8082606.0000,3,0.105304,1,-0.747400,9.805498,1.085216,1.662204,-6.580010,0
2012-12-14,sh.600004,6.6400,6.8800,6.6400,6.8500,6.6400,4781811,32490484.0000,3,0.415810,1,3.162700,10.115612,1.119537,1.714774,-6.788113,0
2012-12-17,sh.600004,6.8500,6.9500,6.8000,6.9100,6.8500,9319805,64139115.0000,3,0.810418,1,0.875900,10.204216,1.129343,1.729794,-6.847570,0
2012-12-18,sh.600004,6.9100,6.9400,6.8300,6.8500,6.9100,3587984,24701372.0000,3,0.311999,1,-0.868300,10.115612,1.119537,1.714774,-6.788113,0
2012-12-19,sh.600004,6.8500,6.9200,6.8400,6.8700,6.8500,3187776,21957675.0000,3,0.277198,1,0.292000,10.145146,1.122806,1.719781,-6.807932,0
2012-12-20,sh.600004,6.8500,6.9600,6.8500,6.9400,6.8700,4577608,31651638.0000,3,0.398053,1,1.018900,10.248518,1.134246,1.737304,-6.877299,0
2012-12-21,sh.600004,6.9700,7.1100,6.9500,7.0500,6.9400,8510705,60115783.0000,3,0.740061,1,1.585000,10.410958,1.152224,1.764840,-6.986306,0
2012-12-24,sh.600004,7.0500,7.0900,6.9900,7.0200,7.0500,2528410,17788642.0000,3,0.219862,1,-0.425500,10.366656,1.147321,1.757330,-6.956577,0
2012-12-25,sh.600004,7.0100,7.1300,6.9700,7.0800,7.0200,7885117,55718637.0000,3,0.685662,1,0.854700,10.455260,1.157127,1.772350,-7.016035,0
2012-12-26,sh.600004,7.0600,7.0800,7.0100,7.0700,7.0800,3026837,21326056.0000,3,0.263203,1,-0.141200,10.440493,1.155493,1.769847,-7.006125,0
2012-12-27,sh.600004,7.0400,7.1000,6.9800,6.9800,7.0700,2907876,20401501.0000,3,0.252859,1,-1.273000,10.307587,1.140784,1.747317,-6.916938,0
2012-12-28,sh.600004,6.9800,7.1000,6.9400,7.0400,6.9800,3525369,24706625.0000,3,0.306554,1,0.859600,10.396191,1.150590,1.762337,-6.976396,0
2012-12-31,sh.600004,7.0500,7.1400,7.0500,7.0900,7.0400,4163418,29540946.0000,3,0.362036,1,0.710200,10.470027,1.158762,1.774854,-7.025944,0
2013-01-04,sh.600004,7.1200,7.1600,7.0600,7.0800,7.0900,4136819,29395118.0000,3,0.359723,1,-0.141000,10.455260,1.157127,1.772350,-7.016035,0
2013-01-07,sh.600004,7.0800,7.1300,7.0600,7.0900,7.0800,3066931,21765261.0000,3,0.266690,1,0.141200,10.470027,1.158762,1.774854,-7.025944,0
2013-01-08,sh.600004,7.0900,7.1600,7.0300,7.1100,7.0900,3444649,24435738.0000,3,0.299535,1,0.282100,10.499562,1.162030,1.779860,-7.045764,0
2013-01-09,sh.600004,7.1000,7.1500,7.0500,7.0700,7.1100,2767568,19679109.0000,3,0.240658,1,-0.562600,10.440493,1.155493,1.769847,-7.006125,0
2013-01-10,sh.600004,7.0600,7.1100,7.0200,7.0400,7.0700,3314547,23410437.0000,3,0.288221,1,-0.424300,10.396191,1.150590,1.762337,-6.976396,0
2013-01-11,sh.600004,7.0400,7.0700,6.9400,6.9500,7.0400,3925483,27493812.0000,3,0.341346,1,-1.278400,10.263285,1.135881,1.739807,-6.887209,0
2013-01-14,sh.600004,6.9200,7.1500,6.9200,7.1100,6.9500,6779032,47985606.0000,3,0.589481,1,2.302200,10.499562,1.162030,1.779860,-7.045764,0
2013-01-15,sh.600004,7.1100,7.1700,7.1100,7.1500,7.1100,6028465,43037191.0000,3,0.524214,1,0.562600,10.558631,1.168568,1.789874,-7.085402,0
2013-01-16,sh.600004,7.1500,7.1700,7.0600,7.1400,7.1500,5099359,36309137.0000,3,0.443423,1,-0.139900,10.543864,1.166934,1.787370,-7.075492,0
2013-01-17,sh.600004,7.1400,7.3200,7.1000,7.3100,7.1400,10696054,77237944.0000,3,0.930092,1,2.381000,10.794908,1.194718,1.829927,-7.243957,0
2013-01-18,sh.600004,7.3000,7.3200,7.2100,7.2900,7.3100,4250069,30872927.0000,3,0.369571,1,-0.273600,10.765374,1.191449,1.824920,-7.224137,0
2013-01-21,sh.600004,7.3000,7.5700,7.2500,7.4800,7.2900,11081248,82385683.0000,3,0.963587,1,2.606300,11.045953,1.222502,1.872483,-7.412421,0
2013-01-22,sh.600004,7.4900,7.5200,7.3800,7.4300,7.4800,5830597,43330184.0000,3,0.507008,1,-0.668400,10.972116,1.214330,1.859967,-7.362872,0
2013-01-23,sh.600004,7.3900,7.4400,7.2500,7.3500,7.4300,3782625,27734674.0000,3,0.328924,1,-1.076700,10.853978,1.201255,1.839940,-7.283595,0
2013-01-24,sh.600004,7.3500,7.4100,7.1900,7.2100,7.3500,4059590,29579308.0000,3,0.353008,1,-1.904800,10.647235,1.178374,1.804893,-7.144860,0
2013-01-25,sh.600004,7.2100,7.2400,7.1700,7.2300,7.2100,2284887,16466796.0000,3,0.198686,1,0.277400,10.676770,1.181643,1.809900,-7.164679,0
2013-01-28,sh.600004,7.2300,7.5900,7.2100,7.5700,7.2300,9098084,68105471.0000,3,0.791138,1,4.702600,11.178859,1.237211,1.895013,-7.501608,0
2013-01-29,sh.600004,7.5700,7.5700,7.4800,7.5100,7.5700,3537975,26579160.0000,3,0.307650,1,-0.792600,11.090255,1.227405,1.879993,-7.442150,0
2013-01-30,sh.600004,7.5200,7.6800,7.4400,7.6500,7.5100,5979243,45423141.0000,3,0.519934,1,1.864200,11.296997,1.250286,1.915040,-7.580885,0
2013-01-31,sh.600004,7.6600,7.6700,7.5000,7.5800,7.6500,3388521,25636295.0000,3,0.294654,1,-0.915000,11.193626,1.238845,1.897516,-7.511517,0
2013-02-01,sh.600004,7.5800,7.6500,7.5100,7.5800,7.5800,3485383,26397954.0000,3,0.303077,1,0.000000,11.193626,1.238845,1.897516,-7.511517,0
2013-02-04,sh.600004,7.6100,7.8400,7.6000,7.6300,7.5800,6912801,53242068.0000,3,0.601113,1,0.659600,11.267463,1.247017,1.910033,-7.561065,0
2013-02-05,sh.600004,7.6200,7.7200,7.5200,7.6100,7.6300,8294038,62913513.0000,3,0.721221,1,-0.262100,11.237928,1.243749,1.905026,-7.541246,0
2013-02-06,sh.600004,7.6000,7.7100,7.5800,7.6800,7.6100,5285784,40533331.0000,3,0.459633,1,0.919800,11.341299,1.255189,1.922549,-7.610614,0
2013-02-07,sh.600004,7.6700,7.7100,7.5700,7.7000,7.6800,3130798,23976561.0000,3,0.272243,1,0.260400,11.370834,1.258458,1.927556,-7.630433,0
2013-02-08,sh.600004,7.6800,7.7600,7.6500,7.7300,7.7000,3997343,30850470.0000,3,0.347595,1,0.389600,11.415136,1.263361,1.935066,-7.660162,0
2013-02-18,sh.600004,7.7400,7.7800,7.6900,7.7000,7.7300,4198181,32463007.0000,3,0.365059,1,-0.388100,11.370834,1.258458,1.927556,-7.630433,0
2013-02-19,sh.600004,7.6800,7.7000,7.5400,7.5600,7.7000,3724106,28329981.0000,3,0.323835,1,-1.818200,11.164091,1.235577,1.892510,-7.491698,0
2013-02-20,sh.600004,7.5700,7.6900,7.5500,7.6700,7.5600,3056107,23245801.0000,3,0.265748,1,1.455000,11.326532,1.253555,1.920046,-7.600704,0
2013-02-21,sh.600004,7.6000,7.6000,7.4300,7.4300,7.6700,5300227,39774431.0000,3,0.460889,1,-3.129100,10.972116,1.214330,1.859967,-7.362872,0
2013-02-22,sh.600004,7.4100,7.5000,7.3700,7.3900,7.4300,2259109,16808509.0000,3,0.196444,1,-0.538400,10.913047,1.207793,1.849953,-7.323234,0
2013-02-25,sh.600004,7.4100,7.4700,7.4100,7.4500,7.3900,1335306,9932607.0000,3,0.116114,1,0.811900,11.001651,1.217599,1.864973,-7.382692,0
2013-02-26,sh.600004,7.4300,7.4500,7.2800,7.3100,7.4500,2700834,19931300.0000,3,0.234855,1,-1.879200,10.794908,1.194718,1.829927,-7.243957,0
2013-02-27,sh.600004,7.3100,7.3900,7.2800,7.2900,7.3100,1900485,13925703.0000,3,0.165260,1,-0.273600,10.765374,1.191449,1.824920,-7.224137,0
2013-02-28,sh.600004,7.3100,7.4800,7.3100,7.4500,7.2900,2286578,16913679.0000,3,0.198833,1,2.194800,11.001651,1.217599,1.864973,-7.382692,0
2013-03-01,sh.600004,7.4700,7.4800,7.3600,7.4400,7.4500,2145194,15934112.0000,3,0.186539,1,-0.134200,10.986884,1.215964,1.862470,-7.372782,0
2013-03-04,sh.600004,7.4000,7.4300,7.2400,7.2600,7.4400,3053439,22395551.0000,3,0.265516,1,-2.419400,10.721072,1.186546,1.817410,-7.194408,0
2013-03-05,sh.600004,7.2400,7.3500,7.2400,7.3300,7.2600,1908514,13941481.0000,3,0.165958,1,0.964200,10.824443,1.197986,1.834933,-7.263776,0
2013-03-06,sh.600004,7.3600,7.4700,7.3300,7.4600,7.3300,3146070,23314648.0000,3,0.273571,1,1.773500,11.016418,1.219233,1.867476,-7.392601,0
2013-03-07,sh.600004,7.4600,7.4600,7.3100,7.3700,7.4600,2136251,15768712.0000,3,0.185761,1,-1.206400,10.883512,1.204524,1.844947,-7.303415,0
2013-03-08,sh.600004,7.3700,7.4800,7.3300,7.4100,7.3700,1780182,13223937.0000,3,0.154798,1,0.542700,10.942582,1.211061,1.854960,-7.343053,0
2013-03-11,sh.600004,7.4000,7.4800,7.3700,7.4400,7.4100,2303527,17131098.0000,3,0.200307,1,0.404900,10.986884,1.215964,1.862470,-7.372782,0
2013-03-12,sh.600004,7.4300,7.4800,7.2400,7.2900,7.4400,2867125,21018512.0000,3,0.249315,1,-2.016100,10.765374,1.191449,1.824920,-7.224137,0
2013-03-13,sh.600004,7.2600,7.2900,7.1500,7.1800,7.2900,2334618,16802455.0000,3,0.203010,1,-1.508900,10.602933,1.173471,1.797384,-7.115131,0
2013-03-14,sh.600004,7.1800,7.2000,7.0900,7.1100,7.1800,2454149,17521196.0000,3,0.213404,1,-0.974900,10.499562,1.162030,1.779860,-7.045764,0
2013-03-15,sh.600004,7.1200,7.1800,6.9800,7.0700,7.1100,5735131,40477859.0000,3,0.498707,1,-0.562600,10.440493,1.155493,1.769847,-7.006125,0
2013-03-18,sh.600004,7.0600,7.0800,7.0300,7.0500,7.0700,1432564,10098801.0000,3,0.124571,1,-0.282900,10.410958,1.152224,1.764840,-6.986306,0
2013-03-19,sh.600004,7.0500,7.1100,7.0300,7.0800,7.0500,1820312,12868216.0000,3,0.158288,1,0.425500,10.455260,1.157127,1.772350,-7.016035,0
2013-03-20,sh.600004,7.0900,7.1900,7.0800,7.1900,7.0800,2832632,20248454.0000,3,0.246316,1,1.553700,10.617701,1.175105,1.799887,-7.125041,0
2013-03-21,sh.600004,7.2000,7.2100,7.1500,7.1900,7.1900,2241799,16095695.0000,3,0.194939,1,0.000000,10.617701,1.175105,1.799887,-7.125041,0
2013-03-22,sh.600004,7.1900,7.2000,7.1000,7.1200,7.1900,5350423,38139596.0000,3,0.465254,1,-0.973600,10.514329,1.163665,1.782364,-7.055673,0
2013-03-25,sh.600004,7.1300,7.1600,7.1200,7.1400,7.1200,2016684,14402336.0000,3,0.175364,1,0.280900,10.543864,1.166934,1.787370,-7.075492,0
2013-03-26,sh.600004,7.1500,7.1500,7.0400,7.0900,7.1400,1598600,11312966.0000,3,0.139009,1,-0.700300,10.470027,1.158762,1.774854,-7.025944,0
2013-03-27,sh.600004,7.1000,7.1300,7.0400,7.0600,7.0900,1273849,9023625.0000,3,0.110769,1,-0.423100,10.425725,1.153859,1.767344,-6.996215,0
2013-03-28,sh.600004,7.0300,7.0300,6.8900,6.8900,7.0600,3436533,23879820.0000,3,0.298829,1,-2.407900,10.521322,1.126075,1.695477,-6.827751,0
2013-03-29,sh.600004,6.9100,6.9500,6.8900,6.9100,6.8900,1700063,11760517.0000,3,0.147832,1,0.290300,10.551863,1.129343,1.700399,-6.847570,0
2013-04-01,sh.600004,6.9300,6.9600,6.9100,6.9200,6.9100,1259800,8743119.0000,3,0.109548,1,0.144700,10.567133,1.130978,1.702860,-6.857480,0
2013-04-02,sh.600004,6.9200,6.9800,6.9000,6.9100,6.9200,1408995,9781132.0000,3,0.122521,1,-0.144500,10.551863,1.129343,1.700399,-6.847570,0
2013-04-03,sh.600004,6.9100,6.9500,6.8500,6.9000,6.9100,1617897,11166749.0000,3,0.140687,1,-0.144700,10.536592,1.127709,1.697938,-6.837661,0
2013-04-08,sh.600004,6.8000,6.8000,6.6900,6.7300,6.9000,5152266,34687832.0000,3,0.448023,1,-2.463800,10.276995,1.099925,1.656105,-6.669197,0
2013-04-09,sh.600004,6.7500,6.8300,6.7500,6.8100,6.7300,2309564,15693804.0000,3,0.200832,1,1.188700,10.399158,1.113000,1.675791,-6.748474,0
2013-04-10,sh.600004,6.8100,6.8100,6.7600,6.7900,6.8100,1188676,8069692.0000,3,0.103363,1,-0.293700,10.368618,1.109731,1.670869,-6.728655,0
2013-04-11,sh.600004,6.8000,6.8500,6.7900,6.8100,6.7900,1596560,10877309.0000,3,0.138831,1,0.294600,10.399158,1.113000,1.675791,-6.748474,0
2013-04-12,sh.600004,6.8100,6.8300,6.7100,6.7500,6.8100,1355094,9181883.0000,3,0.117834,1,-0.881056,10.307536,1.103193,1.661026,-6.689016,0
2013-04-15,sh.600004,6.7500,6.8200,6.7500,6.8100,6.7500,2185541,14839862.0000,3,0.190047,1,0.888900,10.399158,1.113000,1.675791,-6.748474,0
2013-04-16,sh.600004,6.7600,6.8700,6.7400,6.8600,6.8100,2753431,18727286.0000,3,0.239429,1,0.734217,10.475510,1.121171,1.688095,-6.798022,0
2013-04-17,sh.600004,6.8000,6.8500,6.7600,6.8300,6.8600,1972745,13419148.0000,3,0.171543,1,-0.437300,10.429699,1.116268,1.680713,-6.768293,0
2013-04-18,sh.600004,6.7800,6.8300,6.7100,6.7800,6.8300,2177333,14783291.0000,3,0.189333,1,-0.732100,10.353347,1.108097,1.668409,-6.718745,0
2013-04-19,sh.600004,6.7900,6.9100,6.7700,6.9000,6.7800,2634411,18101552.0000,3,0.229079,1,1.769910,10.536592,1.127709,1.697938,-6.837661,0
2013-04-22,sh.600004,6.8700,6.9700,6.8500,6.9700,6.9000,2225631,15367954.0000,3,0.193533,1,1.014500,10.643485,1.139149,1.715164,-6.907028,0
2013-04-23,sh.600004,6.9700,6.9800,6.8000,6.8500,6.9700,2390893,16443063.0000,3,0.207904,1,-1.721700,10.460240,1.119537,1.685634,-6.788113,0
2013-04-24,sh.600004,6.8500,6.9600,6.8500,6.9100,6.8500,3164417,21797328.0000,3,0.275167,1,0.875900,10.551863,1.129343,1.700399,-6.847570,0
2013-04-25,sh.600004,6.9500,6.9800,6.9000,6.9200,6.9100,4267959,29601520.0000,3,0.371127,1,0.144700,10.083000,1.068463,1.676843,13.909852,0
2013-04-26,sh.600004,6.9200,6.9400,6.8400,6.8600,6.9200,3175782,21852256.0000,3,0.276155,1,-0.867051,9.995576,1.059199,1.662304,13.789247,0
2013-05-02,sh.600004,6.8500,6.9000,6.8300,6.8800,6.8600,2040070,14005283.0000,3,0.177397,1,0.291500,10.024717,1.062287,1.667150,13.829449,0
2013-05-03,sh.600004,6.9000,6.9900,6.9000,6.9600,6.8800,4646301,32277542.0000,3,0.404026,1,1.162790,10.141284,1.074639,1.686535,13.990256,0
2013-05-06,sh.600004,6.9500,7.0100,6.9200,7.0000,6.9600,3190607,22282352.0000,3,0.277444,1,0.574700,10.199567,1.080815,1.696228,14.070660,0
2013-05-07,sh.600004,7.0000,7.0000,6.9500,6.9900,7.0000,2093281,14600997.0000,3,0.182024,1,-0.142900,10.184996,1.079271,1.693805,14.050559,0
2013-05-08,sh.600004,6.9900,7.0200,6.8900,6.9300,6.9900,6447449,44723384.0000,3,0.560648,1,-0.858400,10.097571,1.070007,1.679266,13.929953,0
2013-05-09,sh.600004,6.9300,6.9400,6.7700,6.8200,6.9300,8329414,56940464.0000,3,0.724297,1,-1.587300,9.937292,1.053023,1.652611,13.708843,0
2013-05-10,sh.600004,6.8100,6.8400,6.7800,6.8300,6.8200,5611072,38194376.0000,3,0.487919,1,0.146600,9.951863,1.054567,1.655034,13.728944,0
2013-05-13,sh.600004,6.8400,6.8600,6.8000,6.8400,6.8300,5459831,37258464.0000,3,0.474768,1,0.146400,9.966434,1.056111,1.657457,13.749045,0
2013-05-14,sh.600004,6.8300,6.8300,6.7200,6.7700,6.8400,6208685,42081292.0000,3,0.539886,1,-1.023400,9.864438,1.045303,1.640495,13.608338,0
2013-05-15,sh.600004,6.7700,6.8100,6.7600,6.7900,6.7700,3209536,21779700.0000,3,0.279090,1,0.295400,9.893580,1.048391,1.645341,13.648540,0
2013-05-16,sh.600004,6.7900,6.8800,6.7600,6.8600,6.7900,5366053,36637704.0000,3,0.466613,1,1.030900,9.995576,1.059199,1.662304,13.789247,0
2013-05-17,sh.600004,6.8600,6.9500,6.8500,6.9300,6.8600,5569001,38405952.0000,3,0.484261,1,1.020400,10.097571,1.070007,1.679266,13.929953,0
2013-05-20,sh.600004,6.9600,7.0100,6.9400,6.9800,6.9300,5297390,36989584.0000,3,0.460643,1,0.721500,10.170425,1.077727,1.691382,14.030458,0
2013-05-21,sh.600004,6.9800,7.0300,6.9500,7.0200,6.9800,4474611,31262876.0000,3,0.389097,1,0.573065,10.228709,1.083903,1.701075,14.110862,0
2013-05-22,sh.600004,7.0200,7.0200,6.9400,6.9700,7.0200,4314112,30106872.0000,3,0.375140,1,-0.712300,10.155854,1.076183,1.688959,14.010357,0
2013-05-23,sh.600004,6.9600,6.9700,6.9000,6.9100,6.9700,3805386,26356306.0000,3,0.330903,1,-0.860800,10.068430,1.066919,1.674420,13.889751,0
2013-05-24,sh.600004,6.9100,6.9500,6.8900,6.9500,6.9100,3005214,20783970.0000,3,0.261323,1,0.578900,10.126713,1.073095,1.684112,13.970155,0
2013-05-27,sh.600004,6.9500,6.9600,6.9000,6.9500,6.9500,2676700,18562504.0000,3,0.232757,1,0.000000,10.126713,1.073095,1.684112,13.970155,0
2013-05-28,sh.600004,6.9500,7.0400,6.9200,7.0200,6.9500,5180281,36176368.0000,3,0.450459,1,1.007200,10.228709,1.083903,1.701075,14.110862,0
2013-05-29,sh.600004,7.0500,7.0500,7.0000,7.0300,7.0200,5386391,37833528.0000,3,0.468382,1,0.142500,10.243279,1.085447,1.703498,14.130963,0
2013-05-30,sh.600004,7.0200,7.0300,6.9800,7.0200,7.0300,4438926,31093698.0000,3,0.385994,1,-0.142200,10.228709,1.083903,1.701075,14.110862,0
2013-05-31,sh.600004,7.0300,7.1400,7.0200,7.0500,7.0200,6417356,45462068.0000,3,0.558031,1,0.427353,10.272421,1.088535,1.708344,14.171165,0
2013-06-03,sh.600004,7.0700,7.2000,7.0400,7.1300,7.0500,5616606,40042584.0000,3,0.488401,1,1.134800,10.388987,1.100887,1.727730,14.331972,0
2013-06-04,sh.600004,7.1400,7.1800,7.0200,7.0500,7.1300,4695840,33271058.0000,3,0.408334,1,-1.122000,10.272421,1.088535,1.708344,14.171165,0
2013-06-05,sh.600004,7.0500,7.0600,6.9800,6.9900,7.0500,2810335,19691252.0000,3,0.244377,1,-0.851100,10.184996,1.079271,1.693805,14.050559,0
2013-06-06,sh.600004,6.9800,7.0300,6.9000,6.9100,6.9900,2531862,17656576.0000,3,0.220162,1,-1.144500,10.068430,1.066919,1.674420,13.889751,0
2013-06-07,sh.600004,6.9100,6.9500,6.8000,6.8900,6.9100,2719000,18707916.0000,3,0.236435,1,-0.289400,10.039288,1.063831,1.669573,13.849550,0
2013-06-13,sh.600004,6.8600,6.8600,6.6900,6.7200,6.8900,3563369,23995794.0000,3,0.309858,1,-2.467300,9.791584,1.037583,1.628379,13.507833,0
2013-06-14,sh.600004,6.7300,6.7600,6.7100,6.7400,6.7200,2706661,18224504.0000,3,0.235362,1,0.297600,9.820726,1.040671,1.633225,13.548035,0
2013-06-17,sh.600004,6.7500,6.7700,6.7000,6.7400,6.7400,1995821,13451331.0000,3,0.173550,1,0.000000,9.820726,1.040671,1.633225,13.548035,0
2013-06-18,sh.600004,6.7400,6.7700,6.7200,6.7500,6.7400,1099644,7422363.0000,3,0.095621,1,0.148400,9.835297,1.042215,1.635649,13.568136,0
2013-06-19,sh.600004,6.7500,6.7500,6.6100,6.6400,6.7500,2355155,15669280.0000,3,0.204796,1,-1.629600,9.675018,1.025230,1.608994,13.347026,0
2013-06-20,sh.600004,6.6400,6.6600,6.5300,6.5400,6.6400,2165495,14273241.0000,3,0.188304,1,-1.506000,9.529310,1.009790,1.584762,13.146017,0
2013-06-21,sh.600004,6.5000,6.5700,6.4300,6.5500,6.5400,2330945,15174363.0000,3,0.202691,1,0.152900,9.543880,1.011334,1.587185,13.166117,0
2013-06-24,sh.600004,6.5400,6.5400,6.2300,6.2500,6.5500,3373112,21450772.0000,3,0.293314,1,-4.580200,9.106756,0.965014,1.514489,12.563089,0
2013-06-25,sh.600004,6.2400,6.2600,5.9900,6.2500,6.2500,5027925,30949546.0000,3,0.437211,1,0.000000,9.106756,0.965014,1.514489,12.563089,0
2013-06-26,sh.600004,6.2500,6.2900,6.1500,6.2200,6.2500,2811319,17444392.0000,3,0.244463,1,-0.480000,9.063044,0.960381,1.507220,12.502786,0
2013-06-27,sh.600004,6.2500,6.2900,6.2000,6.2700,6.2200,3606544,22503176.0000,3,0.313613,1,0.803900,9.135898,0.968102,1.519336,12.603291,0
2013-06-28,sh.600004,6.2600,6.3400,6.2000,6.2900,6.2700,3478745,21805910.0000,3,0.302500,1,0.319000,9.165039,0.971190,1.524182,12.643493,0
2013-07-01,sh.600004,6.2700,6.3300,6.2200,6.3100,6.2900,1614794,10129791.0000,3,0.140417,1,0.318000,9.194181,0.974278,1.529029,12.683695,0
2013-07-02,sh.600004,6.3100,6.3200,6.2500,6.3000,6.3100,1803921,11338476.0000,3,0.156863,1,-0.158500,9.179610,0.972734,1.526605,12.663594,0
2013-07-03,sh.600004,6.2800,6.3200,6.2200,6.2700,6.3000,1794708,11245212.0000,3,0.156062,1,-0.476200,9.135898,0.968102,1.519336,12.603291,0
2013-07-04,sh.600004,6.2500,6.3500,6.2400,6.3000,6.2700,2368304,14922485.0000,3,0.205939,1,0.478500,9.179610,0.972734,1.526605,12.663594,0
2013-07-05,sh.600004,6.3000,6.3800,6.3000,6.3100,6.3000,2135566,13525472.0000,3,0.185701,1,0.158700,9.194181,0.974278,1.529029,12.683695,0
2013-07-08,sh.600004,6.2800,6.2900,6.1400,6.1400,6.3100,2105890,13059932.0000,3,0.183121,1,-2.694100,8.946477,0.948029,1.487834,12.341979,0
2013-07-09,sh.600004,6.1500,6.1900,6.1300,6.1700,6.1400,1086331,6689044.0000,3,0.094464,1,0.488600,8.990190,0.952661,1.495104,12.402282,0
2013-07-10,sh.600004,6.1800,6.3400,6.1800,6.3300,6.1700,1535657,9629624.0000,3,0.133535,1,2.593200,9.223323,0.977366,1.533875,12.723897,0
2013-07-11,sh.600004,6.3000,6.5200,6.3000,6.5000,6.3300,4472628,28820368.0000,3,0.388924,1,2.685600,9.471026,1.003614,1.575069,13.065613,0
2013-07-12,sh.600004,6.5000,6.5100,6.4000,6.4200,6.5000,2377287,15350586.0000,3,0.206721,1,-1.230800,9.354460,0.991262,1.555684,12.904805,0
2013-07-15,sh.600004,6.4300,6.5100,6.4200,6.4600,6.4200,1661584,10739751.0000,3,0.144486,1,0.623100,9.412743,0.997438,1.565376,12.985209,0
2013-07-16,sh.600004,6.4600,6.5200,6.4300,6.5100,6.4600,1515610,9809459.0000,3,0.131792,1,0.774000,9.485597,1.005158,1.577492,13.085714,0
2013-07-17,sh.600004,6.5100,6.5100,6.4500,6.4600,6.5100,1705993,11069434.0000,3,0.148347,1,-0.768000,9.412743,0.997438,1.565376,12.985209,0
2013-07-18,sh.600004,6.4600,6.4600,6.3800,6.4200,6.4600,2118130,13569917.0000,3,0.184185,1,-0.619200,9.354460,0.991262,1.555684,12.904805,0
2013-07-19,sh.600004,6.4200,6.4500,6.3100,6.3200,6.4200,2582885,16474454.0000,3,0.224599,1,-1.557600,9.208752,0.975822,1.531452,12.703796,0
2013-07-22,sh.600004,6.3200,6.3900,6.3100,6.3800,6.3200,3178896,20181480.0000,3,0.276426,1,0.949400,9.296177,0.985086,1.545991,12.824401,0
2013-07-23,sh.600004,6.3900,6.4900,6.3500,6.4800,6.3800,5147742,33204016.0000,3,0.447630,1,1.567400,9.441885,1.000526,1.570223,13.025411,0
2013-07-24,sh.600004,6.5000,6.5000,6.4000,6.4500,6.4800,4703533,30329218.0000,3,0.409003,1,-0.463000,9.398172,0.995894,1.562953,12.965108,0
2013-07-25,sh.600004,6.4700,6.4900,6.4200,6.4600,6.4500,5356849,34602040.0000,3,0.465813,1,0.155000,9.412743,0.997438,1.565376,12.985209,0
2013-07-26,sh.600004,6.1300,6.1300,6.0400,6.0500,6.1300,2876660,17490812.0000,3,0.250144,1,-1.305100,8.815340,0.934133,1.466026,12.161070,0
2013-07-29,sh.600004,6.0500,6.0500,5.9500,5.9700,6.0500,3463416,20734528.0000,3,0.301167,1,-1.322300,8.698773,0.921781,1.446640,12.000263,0
2013-07-30,sh.600004,5.9700,6.0300,5.9600,5.9800,5.9700,1750602,10492756.0000,3,0.152226,1,0.167500,8.713344,0.923325,1.449064,12.020364,0
2013-07-31,sh.600004,6.0200,6.0400,6.0100,6.0300,5.9800,1806421,10889208.0000,3,0.157080,1,0.836100,8.786198,0.931045,1.461179,12.120868,0
2013-08-01,sh.600004,6.0400,6.1100,6.0100,6.0900,6.0300,3032739,18423212.0000,3,0.263716,1,0.995000,8.873623,0.940309,1.475719,12.241474,0
2013-08-02,sh.600004,6.1000,6.1600,6.0800,6.1000,6.0900,4186972,25583928.0000,3,0.364085,1,0.164200,8.888194,0.941853,1.478142,12.261575,0
2013-08-05,sh.600004,6.1200,6.1400,6.0800,6.1300,6.1000,2273010,13894439.0000,3,0.197653,1,0.491800,8.931906,0.946485,1.485411,12.321878,0
2013-08-06,sh.600004,6.1400,6.1800,6.0900,6.1500,6.1300,3881719,23793308.0000,3,0.337541,1,0.326300,8.961048,0.949573,1.490258,12.362080,0
2013-08-07,sh.600004,6.1200,6.1900,6.1200,6.1500,6.1500,3142052,19338564.0000,3,0.273222,1,0.000000,8.961048,0.949573,1.490258,12.362080,0
2013-08-08,sh.600004,6.1200,6.1800,6.1200,6.1300,6.1500,2121504,13050814.0000,3,0.184479,1,-0.325200,8.931906,0.946485,1.485411,12.321878,0
2013-08-09,sh.600004,6.1500,6.1600,6.1000,6.1500,6.1300,2393215,14669163.0000,3,0.208106,1,0.326300,8.961048,0.949573,1.490258,12.362080,0
2013-08-12,sh.600004,6.1500,6.2300,6.1200,6.2200,6.1500,5599074,34632416.0000,3,0.486876,1,1.138200,9.063044,0.960381,1.507220,12.502786,0
2013-08-13,sh.600004,6.2300,6.2600,6.2000,6.2500,6.2200,3257931,20326608.0000,3,0.283298,1,0.482300,9.106756,0.965014,1.514489,12.563089,0
2013-08-14,sh.600004,6.2500,6.3000,6.2100,6.2200,6.2500,3510871,21916148.0000,3,0.305293,1,-0.480000,9.063044,0.960381,1.507220,12.502786,0
2013-08-15,sh.600004,6.2300,6.2400,6.1700,6.1900,6.2200,3777993,23463008.0000,3,0.328521,1,-0.482300,9.019331,0.955749,1.499950,12.442484,0
2013-08-16,sh.600004,6.1600,6.3500,6.1300,6.1500,6.1900,5411603,33661688.0000,3,0.470574,1,-0.646200,8.961048,0.949573,1.490258,12.362080,0
2013-08-19,sh.600004,6.1200,6.1900,6.1100,6.1700,6.1500,2742311,16856616.0000,3,0.238462,1,0.325200,8.990190,0.952661,1.495104,12.402282,0
2013-08-20,sh.600004,6.1700,6.2000,6.1300,6.1500,6.1700,2209965,13609787.0000,3,0.192171,1,-0.324100,8.961048,0.949573,1.490258,12.362080,0
2013-08-21,sh.600004,6.1500,6.1800,6.1200,6.1700,6.1500,1673597,10278889.0000,3,0.145530,1,0.325200,8.990190,0.952661,1.495104,12.402282,0
2013-08-22,sh.600004,6.1500,6.1900,6.1400,6.1800,6.1700,2445565,15097979.0000,3,0.212658,1,0.162100,9.004761,0.954205,1.497527,12.422383,0
2013-08-23,sh.600004,6.1700,6.2100,6.1100,6.1600,6.1800,2274378,14024786.0000,3,0.197772,1,-0.323600,8.975619,0.951117,1.492681,12.382181,0
2013-08-26,sh.600004,6.1600,6.3200,6.1400,6.2900,6.1600,6089877,38118568.0000,3,0.529555,1,2.110400,9.165039,0.971190,1.524182,12.643493,0
2013-08-27,sh.600004,6.2700,6.4100,6.2500,6.3300,6.2900,7011576,44495624.0000,3,0.609702,1,0.635900,9.223323,0.977366,1.533875,12.723897,0
2013-08-28,sh.600004,6.3000,6.4700,6.2600,6.4000,6.3300,9642068,61495340.0000,3,0.838441,1,1.105800,9.325318,0.988174,1.550837,12.864603,0
2013-08-29,sh.600004,6.4500,6.6200,6.3800,6.4800,6.4000,11570943,75326448.0000,3,1.006169,1,1.250000,9.441885,1.000526,1.570223,13.025411,0
2013-08-30,sh.600004,6.5400,6.8800,6.5000,6.7700,6.4800,20440018,137427472.0000,3,1.777393,1,4.475300,9.548868,1.067580,1.606505,11.874165,0
2013-09-02,sh.600004,6.7700,6.9100,6.4500,6.5300,6.7700,11190410,73859528.0000,3,0.973079,1,-3.545100,9.210355,1.029734,1.549553,11.453219,0
2013-09-03,sh.600004,6.6800,7.0400,6.6800,6.8000,6.5300,20295384,139151712.0000,3,1.764816,1,4.134800,9.591182,1.072311,1.613623,11.926783,0
2013-09-04,sh.600004,6.7900,6.9400,6.7200,6.7900,6.8000,9739819,66472060.0000,3,0.846941,1,-0.147100,9.577077,1.070734,1.611250,11.909243,0
2013-09-05,sh.600004,6.7700,6.7700,6.5400,6.5900,6.7900,8573550,56801928.0000,3,0.745526,1,-2.945500,9.294983,1.039195,1.563791,11.558456,0
2013-09-06,sh.600004,6.6000,6.8300,6.5800,6.7400,6.5900,7258235,48620616.0000,3,0.631151,1,2.276200,9.506554,1.062849,1.599386,11.821547,0
2013-09-09,sh.600004,6.7300,7.1600,6.6800,7.0100,6.7400,22905854,159078800.0000,3,1.991813,1,4.005900,9.887380,1.105426,1.663456,12.295110,0
2013-09-10,sh.600004,7.1000,7.6700,7.0100,7.5200,7.0100,36672057,270989696.0000,3,3.188875,1,7.275300,10.606719,1.185849,1.784478,13.189619,0
2013-09-11,sh.600004,7.4100,7.4600,7.1800,7.2300,7.5200,19159063,139430607.0000,3,1.666005,1,-3.856400,10.197683,1.140119,1.715661,12.680977,0
2013-09-12,sh.600004,7.2000,7.3500,7.1500,7.2500,7.2300,10759737,77888515.0000,3,0.935629,1,0.276600,10.225892,1.143272,1.720407,12.716055,0
2013-09-13,sh.600004,7.2500,7.4000,7.0500,7.1700,7.2500,10989319,79329321.0000,3,0.955593,1,-1.103400,10.113055,1.130657,1.701424,12.575740,0
2013-09-16,sh.600004,7.1700,7.3100,7.1400,7.1900,7.1700,7054474,50964858.0000,3,0.613433,1,0.278900,10.141264,1.133811,1.706169,12.610819,0
2013-09-17,sh.600004,7.2300,7.2400,6.9100,6.9300,7.1900,9661851,68015194.0000,3,0.840161,1,-3.616100,9.774542,1.092811,1.644472,12.154795,0
2013-09-18,sh.600004,6.9000,6.9900,6.8400,6.9400,6.9300,5434916,37556410.0000,3,0.472601,1,0.144300,9.788647,1.094388,1.646845,12.172334,0
2013-09-23,sh.600004,6.9400,7.1200,6.9200,7.0100,6.9400,5557252,38964668.0000,3,0.483239,1,1.008600,9.887380,1.105426,1.663456,12.295110,0
2013-09-24,sh.600004,7.0300,7.0500,6.8700,6.9700,7.0100,5217253,36241686.0000,3,0.453674,1,-0.570600,9.830961,1.099118,1.653964,12.224952,0
2013-09-25,sh.600004,6.9400,7.0000,6.8500,6.8800,6.9700,6530487,45165483.0000,3,0.567868,1,-1.291200,9.704019,1.084926,1.632607,12.067098,0
2013-09-26,sh.600004,6.8600,6.8700,6.6800,6.7400,6.8800,8266314,55701853.0000,3,0.718810,1,-2.034900,9.506554,1.062849,1.599386,11.821547,0
2013-09-27,sh.600004,6.7200,6.7900,6.7000,6.7400,6.7400,2350345,15833545.0000,3,0.204378,1,0.000000,9.506554,1.062849,1.599386,11.821547,0
2013-09-30,sh.600004,6.7500,6.8000,6.7300,6.7700,6.7400,2692715,18206242.0000,3,0.234149,1,0.445100,9.548868,1.067580,1.606505,11.874165,0
2013-10-08,sh.600004,6.7800,6.8600,6.7400,6.8300,6.7700,4144526,28269664.0000,3,0.360394,1,0.886300,9.633496,1.077041,1.620742,11.979401,0
2013-10-09,sh.600004,6.8300,6.9900,6.8000,6.9800,6.8300,6539779,45173487.0000,3,0.568676,1,2.196200,9.845066,1.100695,1.656337,12.242492,0
2013-10-10,sh.600004,6.9800,7.0400,6.8300,6.8600,6.9800,6158103,42684877.0000,3,0.535487,1,-1.719200,9.675810,1.081772,1.627861,12.032019,0
2013-10-11,sh.600004,6.9000,7.0300,6.8800,6.9900,6.8600,5366065,37385029.0000,3,0.466614,1,1.895000,9.859171,1.102272,1.658710,12.260031,0
2013-10-14,sh.600004,7.0000,7.1500,7.0000,7.0200,6.9900,5678862,40128333.0000,3,0.493814,1,0.429200,9.901485,1.107003,1.665829,12.312649,0
2013-10-15,sh.600004,7.0500,7.1900,6.9300,7.0700,7.0200,7282300,51360101.0000,3,0.633243,1,0.712300,9.972008,1.114888,1.677694,12.400346,0
2013-10-16,sh.600004,7.1000,7.1000,6.8300,6.8600,7.0700,5892749,40775682.0000,3,0.512413,1,-2.970300,9.675810,1.081772,1.627861,12.032019,0
2013-10-17,sh.600004,6.8800,6.9300,6.8300,6.8400,6.8600,3461723,23799275.0000,3,0.301019,1,-0.291500,9.647600,1.078618,1.623115,11.996940,0
2013-10-18,sh.600004,6.8600,6.9000,6.8200,6.8700,6.8400,2587413,17751806.0000,3,0.224992,1,0.438600,9.689914,1.083349,1.630234,12.049559,0
2013-10-21,sh.600004,6.8900,6.9600,6.8100,6.9500,6.8700,4129161,28465429.0000,3,0.359057,1,1.164500,9.802752,1.095965,1.649218,12.189874,0
2013-10-22,sh.600004,6.9400,6.9600,6.8500,6.8700,6.9500,3328266,22959284.0000,3,0.289414,1,-1.151100,9.689914,1.083349,1.630234,12.049559,0
2013-10-23,sh.600004,6.8800,6.9000,6.7400,6.7500,6.8700,4648568,31639548.0000,3,0.404223,1,-1.746700,9.520658,1.064426,1.601759,11.839086,0
2013-10-24,sh.600004,6.7300,6.7800,6.6800,6.7200,6.7500,3318457,22347064.0000,3,0.288561,1,-0.444400,9.478344,1.059695,1.594640,11.786468,0
2013-10-25,sh.600004,6.7300,6.7900,6.6200,6.6500,6.7200,3327975,22303968.0000,3,0.289389,1,-1.041700,9.379611,1.048657,1.578029,11.663692,0
2013-10-28,sh.600004,6.6400,6.7200,6.6200,6.6800,6.6500,2568223,17147040.0000,3,0.223324,1,0.451100,9.421926,1.053387,1.585148,11.716310,0
2013-10-29,sh.600004,6.6900,6.7600,6.4900,6.6000,6.6800,5176107,34194716.0000,3,0.450096,1,-1.197600,9.309088,1.040772,1.566164,11.575995,0
2013-10-30,sh.600004,6.6200,6.7600,6.6200,6.7600,6.6000,3314331,22232411.0000,3,0.288203,1,2.424200,9.238568,1.035893,1.551708,20.104573,0
2013-10-31,sh.600004,6.9100,7.1500,6.9100,6.9700,6.7600,13154363,92245816.0000,3,1.143858,1,3.106500,9.525565,1.068074,1.599912,20.729124,0
2013-11-01,sh.600004,6.8800,6.9600,6.8100,6.9400,6.9700,4130675,28488898.0000,3,0.359189,1,-0.430400,9.484565,1.063476,1.593025,20.639902,0
2013-11-04,sh.600004,6.9500,6.9900,6.8800,6.9100,6.9400,2502052,17335573.0000,3,0.217570,1,-0.432300,9.443566,1.058879,1.586139,20.550681,0
2013-11-05,sh.600004,6.8700,6.9500,6.7800,6.9200,6.9100,3586814,24607567.0000,3,0.311897,1,0.144700,9.457232,1.060412,1.588434,20.580421,0
2013-11-06,sh.600004,6.8900,6.9200,6.8200,6.8500,6.9200,3321630,22801356.0000,3,0.288837,1,-1.011600,9.361567,1.049685,1.572366,20.372238,0
2013-11-07,sh.600004,6.8500,6.8500,6.7700,6.7800,6.8500,2240866,15240065.0000,3,0.194858,1,-1.021900,9.265901,1.038958,1.556298,20.164054,0
2013-11-08,sh.600004,6.7900,6.8000,6.6600,6.7100,6.7800,2328582,15671789.0000,3,0.202485,1,-1.032400,9.170235,1.028232,1.540230,19.955871,0
2013-11-11,sh.600004,6.7100,6.7500,6.6600,6.7200,6.7100,1381773,9269359.0000,3,0.120154,1,0.149000,9.183902,1.029764,1.542526,19.985611,0
2013-11-12,sh.600004,6.7300,6.7600,6.7000,6.7500,6.7200,2416516,16261032.0000,3,0.210132,1,0.446400,9.224901,1.034361,1.549412,20.074833,0
2013-11-13,sh.600004,6.7300,6.7800,6.6700,6.6800,6.7500,2990028,20091108.0000,3,0.260002,1,-1.037000,9.129236,1.023634,1.533344,19.866649,0
2013-11-14,sh.600004,6.7000,6.7300,6.6300,6.7200,6.6800,2191300,14632796.0000,3,0.190548,1,0.598800,9.183902,1.029764,1.542526,19.985611,0
2013-11-15,sh.600004,6.7300,6.8700,6.6800,6.8100,6.7200,5254653,35699504.0000,3,0.456926,1,1.339300,9.306901,1.043555,1.563185,20.253276,0
2013-11-18,sh.600004,6.8900,6.9500,6.8500,6.9500,6.8100,5413166,37424861.0000,3,0.470710,1,2.055800,9.498232,1.065009,1.595321,20.669643,0
2013-11-19,sh.600004,6.9800,6.9900,6.8700,6.9100,6.9500,4256477,29434172.0000,3,0.370128,1,-0.575500,9.443566,1.058879,1.586139,20.550681,0
2013-11-20,sh.600004,6.9100,6.9900,6.8900,6.9800,6.9100,4531070,31450503.0000,3,0.394006,1,1.013000,9.539231,1.069606,1.602207,20.758864,0
2013-11-21,sh.600004,6.9800,7.2900,6.9200,7.0900,6.9800,17670511,126023933.0000,3,1.536566,1,1.575900,9.689563,1.086462,1.627457,21.086010,0
2013-11-22,sh.600004,7.0900,7.1800,7.0100,7.0900,7.0900,5367792,38018336.0000,3,0.466765,1,0.000000,9.689563,1.086462,1.627457,21.086010,0
2013-11-25,sh.600004,7.1000,7.2900,7.0500,7.1700,7.0900,9367994,67454110.0000,3,0.814608,1,1.128300,9.798895,1.098721,1.645820,21.323934,0
2013-11-26,sh.600004,7.1700,7.2100,7.0400,7.0700,7.1700,5150953,36544283.0000,3,0.447909,1,-1.394700,9.662230,1.083397,1.622866,21.026529,0
2013-11-27,sh.600004,7.1000,7.1600,7.0600,7.1000,7.0700,4087214,29034861.0000,3,0.355410,1,0.424300,9.703230,1.087995,1.629752,21.115750,0
2013-11-28,sh.600004,7.1000,7.2200,7.0800,7.1300,7.1000,5591422,39975207.0000,3,0.486211,1,0.422500,9.744229,1.092592,1.636638,21.204972,0
2013-11-29,sh.600004,7.1200,7.1900,7.1000,7.1300,7.1300,4530081,32334581.0000,3,0.393920,1,0.000000,9.744229,1.092592,1.636638,21.204972,0
2013-12-02,sh.600004,7.0600,7.1100,6.8100,6.9500,7.1300,8219536,57375262.0000,3,0.714742,1,-2.524500,9.498232,1.065009,1.595321,20.669643,0
2013-12-03,sh.600004,6.9400,7.0900,6.9100,7.0800,6.9500,4303452,30121418.0000,3,0.374213,1,1.870500,9.675897,1.084930,1.625161,21.056269,0
2013-12-04,sh.600004,7.0800,7.2600,7.0400,7.2100,7.0800,11083311,79751240.0000,3,0.963766,1,1.836200,9.853561,1.104851,1.655002,21.442896,0
2013-12-05,sh.600004,7.2200,7.2200,7.1300,7.1600,7.2100,3830037,27459323.0000,3,0.333047,1,-0.693500,9.785229,1.097189,1.643525,21.294193,0
2013-12-06,sh.600004,7.1600,7.1900,7.1300,7.1400,7.1600,2716607,19442497.0000,3,0.236227,1,-0.279300,9.757896,1.094124,1.638934,21.234712,0
2013-12-09,sh.600004,7.1600,7.1800,7.1100,7.1400,7.1400,2549439,18220089.0000,3,0.221690,1,0.000000,9.757896,1.094124,1.638934,21.234712,0
2013-12-10,sh.600004,7.1600,7.2200,7.1300,7.2000,7.1400,5988721,42928412.0000,3,0.520758,1,0.840300,9.839895,1.103318,1.652706,21.413155,0
2013-12-11,sh.600004,7.1800,7.2800,7.1400,7.2400,7.2000,10334773,74604642.0000,3,0.898676,1,0.555600,9.894561,1.109448,1.661888,21.532117,0
2013-12-12,sh.600004,7.2100,7.3800,7.1800,7.3500,7.2400,10323935,75392837.0000,3,0.897733,1,1.519300,10.044893,1.126304,1.687138,21.859262,0
2013-12-13,sh.600004,7.3400,7.3700,7.2700,7.3000,7.3500,4968713,36341346.0000,3,0.432062,1,-0.680300,9.976560,1.118642,1.675661,21.710560,0
2013-12-16,sh.600004,7.3000,7.3100,7.1200,7.1700,7.3000,4902525,35263388.0000,3,0.426307,1,-1.780800,9.798895,1.098721,1.645820,21.323934,0
2013-12-17,sh.600004,7.1800,7.2700,7.1400,7.2300,7.1700,4626753,33367677.0000,3,0.402326,1,0.836800,9.880894,1.107916,1.659593,21.502376,0
2013-12-18,sh.600004,7.2500,7.2600,6.9800,7.0300,7.2300,8051943,56843237.0000,3,0.700169,1,-2.766300,9.607564,1.077268,1.613684,20.907567,0
2013-12-19,sh.600004,7.0300,7.0800,6.9900,7.0500,7.0300,3361325,23670163.0000,3,0.292289,1,0.284500,9.634897,1.080333,1.618275,20.967048,0
2013-12-20,sh.600004,7.0200,7.0600,6.8800,6.9200,7.0500,3036452,21111878.0000,3,0.264039,1,-1.844000,9.457232,1.060412,1.588434,20.580421,0
2013-12-23,sh.600004,6.9000,6.9400,6.7900,6.8300,6.9200,4420255,30162656.0000,3,0.384370,1,-1.300600,9.334234,1.046620,1.567776,20.312757,0
2013-12-24,sh.600004,7.0500,7.3300,7.0400,7.1100,6.8300,16577058,119019960.0000,3,1.441483,1,4.099600,9.716896,1.089527,1.632048,21.145491,0
2013-12-25,sh.600004,7.1200,7.1500,6.9500,7.1400,7.1100,7009772,49374468.0000,3,0.609545,1,0.421900,9.757896,1.094124,1.638934,21.234712,0
2013-12-26,sh.600004,7.0600,7.1100,6.9100,6.9200,7.1400,4889341,34251770.0000,3,0.425160,1,-3.081200,9.457232,1.060412,1.588434,20.580421,0
2013-12-27,sh.600004,6.9000,7.0400,6.9000,7.0300,6.9200,4352008,30438657.0000,3,0.378435,1,1.589600,9.607564,1.077268,1.613684,20.907567,0
2013-12-30,sh.600004,7.0400,7.0900,6.9800,6.9900,7.0300,3143762,22073762.0000,3,0.273371,1,-0.569000,9.552898,1.071138,1.604502,20.788605,0
2013-12-31,sh.600004,6.9800,7.0000,6.8400,6.9500,6.9900,5444592,37764894.0000,3,0.473443,1,-0.572200,9.498232,1.065009,1.595321,20.669643,0
2014-01-02,sh.600004,6.9300,6.9700,6.9000,6.9400,6.9500,2786503,19293316.0000,3,0.242305,1,-0.143900,9.484565,1.063476,1.593025,20.639902,0
2014-01-03,sh.600004,6.9300,6.9300,6.7700,6.8800,6.9400,5183965,35432233.0000,3,0.450780,1,-0.864600,9.402566,1.054282,1.579253,20.461459,0
2014-01-06,sh.600004,6.8400,6.8400,6.7000,6.7500,6.8800,3401812,23024656.0000,3,0.295810,1,-1.889500,9.224901,1.034361,1.549412,20.074833,0
2014-01-07,sh.600004,6.7100,6.7700,6.6600,6.7000,6.7500,2080991,13972997.0000,3,0.180956,1,-0.740700,9.156569,1.026699,1.537935,19.926130,0
2014-01-08,sh.600004,6.7000,6.7600,6.6800,6.7400,6.7000,3919699,26372494.0000,3,0.340843,1,0.597000,9.211235,1.032829,1.547117,20.045092,0
2014-01-09,sh.600004,6.7200,6.7700,6.6600,6.6600,6.7400,2640457,17767331.0000,3,0.229605,1,-1.186900,9.101903,1.020570,1.528753,19.807168,0
2014-01-10,sh.600004,6.6600,6.6900,6.5000,6.5700,6.6600,3520916,23211972.0000,3,0.306167,1,-1.351400,8.978904,1.006778,1.508095,19.539504,0
2014-01-13,sh.600004,6.5800,6.5900,6.4500,6.5000,6.5700,3742006,24361892.0000,3,0.325392,1,-1.065400,8.883238,0.996051,1.492027,19.331321,0
2014-01-14,sh.600004,6.5000,6.6300,6.4700,6.6200,6.5000,2439108,15995289.0000,3,0.212096,1,1.846200,9.047237,1.014440,1.519572,19.688206,0
2014-01-15,sh.600004,6.5600,6.6300,6.5600,6.6000,6.6200,1231081,8116742.0000,3,0.107051,1,-0.302100,9.019904,1.011375,1.514981,19.628725,0
2014-01-16,sh.600004,6.6000,6.6700,6.5700,6.6400,6.6000,1989675,13174540.0000,3,0.173015,1,0.606100,9.074570,1.017505,1.524163,19.747687,0
2014-01-17,sh.600004,6.6300,6.6300,6.5600,6.6000,6.6400,1406486,9267660.0000,3,0.122303,1,-0.602400,9.019904,1.011375,1.514981,19.628725,0
2014-01-20,sh.600004,6.5700,6.5900,6.5000,6.5500,6.6000,1848267,12095365.0000,3,0.160719,1,-0.757600,8.951571,1.003713,1.503504,19.480023,0
2014-01-21,sh.600004,6.5500,6.6300,6.5300,6.6100,6.5500,1432632,9450021.0000,3,0.124577,1,0.916000,9.033570,1.012908,1.517276,19.658466,0
2014-01-22,sh.600004,6.6200,6.7700,6.6200,6.7500,6.6100,2651275,17829372.0000,3,0.230546,1,2.118000,9.224901,1.034361,1.549412,20.074833,0
2014-01-23,sh.600004,6.7600,6.7900,6.7200,6.7500,6.7500,1902696,12850678.0000,3,0.165452,1,0.000000,9.224901,1.034361,1.549412,20.074833,0
2014-01-24,sh.600004,6.7300,6.8300,6.7100,6.7800,6.7500,2223633,15073661.0000,3,0.193359,1,0.444400,9.265901,1.038958,1.556298,20.164054,0
2014-01-27,sh.600004,6.7600,6.7800,6.6900,6.7300,6.7800,1897843,12754222.0000,3,0.165030,1,-0.737500,9.197568,1.031296,1.544821,20.015352,0
2014-01-28,sh.600004,6.7500,6.7600,6.6500,6.7400,6.7300,1931835,12976409.0000,3,0.167986,1,0.148600,9.211235,1.032829,1.547117,20.045092,0
2014-01-29,sh.600004,6.7500,6.7900,6.7000,6.7500,6.7400,1997700,13463545.0000,3,0.173713,1,0.148400,9.224901,1.034361,1.549412,20.074833,0
2014-01-30,sh.600004,6.7500,6.7600,6.6800,6.7200,6.7500,1514255,10149912.0000,3,0.131674,1,-0.444400,9.183902,1.029764,1.542526,19.985611,0
2014-02-07,sh.600004,6.7100,6.7100,6.6300,6.6900,6.7200,2070373,13788340.0000,3,0.180032,1,-0.446400,9.142902,1.025167,1.535640,19.896390,0
2014-02-10,sh.600004,6.7000,6.8400,6.6900,6.8200,6.6900,6122188,41519907.0000,3,0.532364,1,1.943200,9.320567,1.045088,1.565480,20.283016,0
2014-02-11,sh.600004,6.8100,6.8500,6.7700,6.8300,6.8200,4169071,28372445.0000,3,0.362528,1,0.146600,9.334234,1.046620,1.567776,20.312757,0
2014-02-12,sh.600004,6.8300,7.0300,6.8100,7.0000,6.8300,7910536,54781780.0000,3,0.687873,1,2.489000,9.566564,1.072671,1.606798,20.818345,0
2014-02-13,sh.600004,7.3000,7.4800,7.1200,7.1300,7.0000,23856140,173904626.0000,3,2.074447,1,1.857100,9.744229,1.092592,1.636638,21.204972,0
2014-02-14,sh.600004,7.1300,7.1700,7.0200,7.1400,7.1300,8553055,60758170.0000,3,0.743744,1,0.140300,9.757896,1.094124,1.638934,21.234712,0
2014-02-17,sh.600004,7.1500,7.1600,7.0600,7.1100,7.1400,6921617,49132831.0000,3,0.601880,1,-0.420200,9.716896,1.089527,1.632048,21.145491,0
2014-02-18,sh.600004,7.1100,7.1100,6.9800,7.0600,7.1100,7147505,50256688.0000,3,0.621522,1,-0.703200,9.648564,1.081865,1.620570,20.996788,0
2014-02-19,sh.600004,7.0500,7.1400,7.0500,7.1000,7.0600,9036240,64042901.0000,3,0.785760,1,0.566600,9.703230,1.087995,1.629752,21.115750,0
2014-02-20,sh.600004,7.1000,7.2800,7.0800,7.1000,7.1000,12165698,87205320.0000,3,1.057887,1,0.000000,9.703230,1.087995,1.629752,21.115750,0
2014-02-21,sh.600004,7.0900,7.1400,6.9300,6.9800,7.1000,5332713,37458868.0000,3,0.463714,1,-1.690100,9.539231,1.069606,1.602207,20.758864,0
2014-02-24,sh.600004,6.9900,7.2100,6.9600,7.1700,6.9800,15313414,109163209.0000,3,1.331601,1,2.722100,9.798895,1.098721,1.645820,21.323934,0
2014-02-25,sh.600004,7.1900,7.3000,6.9800,7.0300,7.1700,12941075,92982667.0000,3,1.125311,1,-1.952600,9.607564,1.077268,1.613684,20.907567,0
2014-02-26,sh.600004,7.0400,7.1100,6.8500,6.9900,7.0300,8889891,62044513.0000,3,0.773034,1,-0.569000,9.552898,1.071138,1.604502,20.788605,0
2014-02-27,sh.600004,6.9900,7.0700,6.9300,6.9600,6.9900,5097537,35720547.0000,3,0.443264,1,-0.429200,9.511898,1.066541,1.597616,20.699383,0
2014-02-28,sh.600004,6.9600,7.1400,6.9600,7.0700,6.9600,5996242,42373011.0000,3,0.521412,1,1.580500,9.662230,1.083397,1.622866,21.026529,0
2014-03-03,sh.600004,7.0500,7.1700,7.0000,7.1400,7.0700,7772760,55174046.0000,3,0.675892,1,0.990100,9.757896,1.094124,1.638934,21.234712,0
2014-03-04,sh.600004,7.1100,7.1300,7.0000,7.1100,7.1400,5279593,37238486.0000,3,0.459095,1,-0.420200,9.716896,1.089527,1.632048,21.145491,0
2014-03-05,sh.600004,7.1300,7.1500,7.0300,7.0400,7.1100,4424644,31353175.0000,3,0.384752,1,-0.984500,9.621230,1.078800,1.615980,20.937307,0
2014-03-06,sh.600004,7.0200,7.0700,6.9300,7.0400,7.0400,4579405,32041906.0000,3,0.398209,1,0.000000,9.621230,1.078800,1.615980,20.937307,0
2014-03-07,sh.600004,7.0600,7.1500,6.9800,7.0000,7.0400,3439696,24219463.0000,3,0.299104,1,-0.568200,9.566564,1.072671,1.606798,20.818345,0
2014-03-10,sh.600004,6.9500,6.9900,6.7300,6.7300,7.0000,6425757,43953455.0000,3,0.558761,1,-3.857100,9.197568,1.031296,1.544821,20.015352,0
2014-03-11,sh.600004,6.7300,6.7600,6.6900,6.7200,6.7300,3744346,25152345.0000,3,0.325595,1,-0.148600,9.183902,1.029764,1.542526,19.985611,0
2014-03-12,sh.600004,6.7200,6.7400,6.6200,6.6600,6.7200,3583073,23900227.0000,3,0.311572,1,-0.892900,9.101903,1.020570,1.528753,19.807168,0
2014-03-13,sh.600004,6.6600,6.7700,6.6400,6.7200,6.6600,3221494,21641194.0000,3,0.280130,1,0.900900,9.183902,1.029764,1.542526,19.985611,0
2014-03-14,sh.600004,6.7200,6.7400,6.6600,6.7000,6.7200,2324600,15565706.0000,3,0.202139,1,-0.297600,9.156569,1.026699,1.537935,19.926130,0
2014-03-17,sh.600004,6.7000,6.7800,6.6800,6.7600,6.7000,2414918,16250301.0000,3,0.209993,1,0.895500,9.238568,1.035893,1.551708,20.104573,0
2014-03-18,sh.600004,6.7600,6.7800,6.7300,6.7600,6.7600,2819900,19046878.0000,3,0.245209,1,0.000000,9.238568,1.035893,1.551708,20.104573,0
2014-03-19,sh.600004,6.7700,6.8000,6.6900,6.7800,6.7600,2991718,20137210.0000,3,0.260149,1,0.295900,9.265901,1.038958,1.556298,20.164054,0
2014-03-20,sh.600004,6.7800,6.7900,6.6700,6.6700,6.7800,2647597,17853964.0000,3,0.230226,1,-1.622400,9.115569,1.022102,1.531049,19.836909,0
2014-03-21,sh.600004,6.6900,6.8500,6.6600,6.8400,6.6700,4314144,29174620.0000,3,0.375143,1,2.548700,8.789243,1.048153,1.529959,20.342497,0
2014-03-24,sh.600004,6.8200,6.9400,6.8100,6.9200,6.8400,3850693,26512013.0000,3,0.334843,1,1.169600,8.892041,1.060412,1.547854,20.580421,0
2014-03-25,sh.600004,6.9000,6.9600,6.8800,6.9200,6.9200,2819486,19518401.0000,3,0.245173,1,0.000000,8.892041,1.060412,1.547854,20.580421,0
2014-03-26,sh.600004,6.9200,6.9500,6.8600,6.9000,6.9200,4043289,27939052.0000,3,0.351590,1,-0.289000,8.866342,1.057347,1.543380,20.520940,0
2014-03-27,sh.600004,6.8900,7.0300,6.8500,6.9200,6.9000,5116027,35501813.0000,3,0.444872,1,0.289900,8.892041,1.060412,1.547854,20.580421,0
2014-03-28,sh.600004,6.9200,7.0800,6.9200,7.0100,6.9200,5977932,41864726.0000,3,0.519820,1,1.300600,9.007689,1.074203,1.567985,20.848086,0
2014-03-31,sh.600004,7.0100,7.0600,6.9200,7.0100,7.0100,2988055,20868893.0000,3,0.259831,1,0.000000,9.007689,1.074203,1.567985,20.848086,0
2014-04-01,sh.600004,6.9800,7.0200,6.9400,6.9800,7.0100,3660343,25540746.0000,3,0.318291,1,-0.428000,8.969140,1.069606,1.561274,20.758864,0
2014-04-02,sh.600004,6.9700,7.0200,6.9600,7.0200,6.9800,2630521,18382706.0000,3,0.228741,1,0.573100,9.020539,1.075736,1.570221,20.877826,0
2014-04-03,sh.600004,7.0000,7.0300,6.9100,6.9500,7.0200,3333611,23257472.0000,3,0.289879,1,-0.997200,8.930591,1.065009,1.554564,20.669643,0
2014-04-04,sh.600004,6.9500,6.9900,6.9100,6.9800,6.9500,2635295,18325151.0000,3,0.229156,1,0.431700,8.969140,1.038675,1.561274,14.386854,0
2014-04-08,sh.600004,6.9700,7.0700,6.9500,7.0500,6.9800,4570266,32065013.0000,3,0.397414,1,1.002900,9.059088,1.049092,1.576932,14.531135,0
2014-04-09,sh.600004,7.0500,7.0600,6.9900,7.0200,7.0500,3790760,26591437.0000,3,0.329631,1,-0.425500,9.020539,1.044628,1.570221,14.469300,0
2014-04-10,sh.600004,7.0200,7.1000,6.9800,7.0800,7.0200,5338235,37614984.0000,3,0.464194,1,0.854700,9.097638,1.053556,1.583642,14.592969,0
2014-04-11,sh.600004,7.0700,7.1400,7.0500,7.0900,7.0800,4769707,33797908.0000,3,0.414757,1,0.141200,9.110487,1.055044,1.585879,14.613581,0
2014-04-14,sh.600004,7.0800,7.1100,7.0100,7.0400,7.0900,4445657,31357219.0000,3,0.386579,1,-0.705200,9.046238,1.047604,1.574695,14.510523,0
2014-04-15,sh.600004,7.0600,7.0600,6.9800,7.0000,7.0400,3104085,21751529.0000,3,0.269920,1,-0.568200,8.994839,1.041651,1.565748,14.428077,0
2014-04-16,sh.600004,7.0000,7.0200,6.9500,6.9900,7.0000,2197618,15356492.0000,3,0.191097,1,-0.142900,8.981990,1.040163,1.563511,14.407466,0
2014-04-17,sh.600004,7.0300,7.0400,6.9600,7.0100,6.9900,2768598,19373418.0000,3,0.240748,1,0.286100,9.007689,1.043140,1.567985,14.448689,0
2014-04-18,sh.600004,6.9800,7.0700,6.9500,7.0500,7.0100,3413427,23969908.0000,3,0.296820,1,0.570600,9.059088,1.049092,1.576932,14.531135,0
2014-04-21,sh.600004,7.0000,7.0100,6.8800,6.8900,7.0500,4005854,27917732.0000,3,0.348335,1,-2.269500,8.853492,1.025283,1.541143,14.201350,0
2014-04-22,sh.600004,6.9000,6.9500,6.8000,6.9000,6.8900,3864081,26585175.0000,3,0.336007,1,0.145100,8.866342,1.026771,1.543380,14.221962,0
2014-04-23,sh.600004,6.8900,6.9100,6.8600,6.8800,6.9000,1847470,12715809.0000,3,0.160650,1,-0.289900,8.840642,1.023795,1.538906,14.180739,0
2014-04-24,sh.600004,6.8800,7.0700,6.8700,7.0000,6.8800,6605703,46148263.0000,3,0.574409,1,1.744200,8.994839,1.041651,1.565748,14.428077,0
2014-04-25,sh.600004,6.9900,7.0100,6.8800,6.8900,7.0000,3871052,26905871.0000,3,0.336613,1,-1.571400,8.853492,1.025283,1.541143,14.201350,0
2014-04-28,sh.600004,6.8800,6.9100,6.7400,6.7700,6.8900,3689840,25076588.0000,3,0.320856,1,-1.741700,8.699295,1.007426,1.514302,13.954012,0
2014-04-29,sh.600004,6.7800,6.8600,6.7500,6.8400,6.7700,2511064,17090270.0000,3,0.218353,1,1.034000,8.789243,1.017842,1.529959,14.098292,0
2014-04-30,sh.600004,6.8600,6.9200,6.8500,6.9000,6.8400,3091866,21287801.0000,3,0.268858,1,0.877200,8.553074,0.995428,1.512807,12.464189,0
2014-05-05,sh.600004,6.8800,6.9600,6.8600,6.9500,6.9000,3780061,26120033.0000,3,0.328701,1,0.724600,8.615053,1.002642,1.523770,12.554509,0
2014-05-06,sh.600004,6.9500,6.9900,6.9100,6.9900,6.9500,2967451,20599658.0000,3,0.258039,1,0.575500,8.664636,1.008412,1.532540,12.626765,0
2014-05-07,sh.600004,6.9400,7.0300,6.9200,6.9400,6.9900,3974576,27746766.0000,3,0.345615,1,-0.715300,8.602657,1.001199,1.521577,12.536445,0
2014-05-08,sh.600004,6.9400,7.0200,6.9200,6.9400,6.9400,3049058,21248070.0000,3,0.265135,1,0.000000,8.602657,1.001199,1.521577,12.536445,0
2014-05-09,sh.600004,6.9400,6.9500,6.8200,6.8500,6.9400,3080526,21175674.0000,3,0.267872,1,-1.296800,8.491095,0.988215,1.501845,12.373869,0
2014-05-12,sh.600004,6.8900,6.9800,6.8300,6.9600,6.8500,5302586,36672506.0000,3,0.461094,1,1.605800,8.627449,1.004084,1.525962,12.572573,0
2014-05-13,sh.600004,6.9500,7.0600,6.9300,7.0200,6.9600,4797716,33591490.0000,3,0.417193,1,0.862100,8.701823,1.012740,1.539117,12.680957,0
2014-05-14,sh.600004,7.0400,7.0400,6.9600,6.9800,7.0200,2500171,17473696.0000,3,0.217406,1,-0.569800,8.652240,1.006969,1.530347,12.608701,0
2014-05-15,sh.600004,6.9600,7.0300,6.9400,6.9500,6.9800,3169314,22155899.0000,3,0.275593,1,-0.429800,8.615053,1.002642,1.523770,12.554509,0
2014-05-16,sh.600004,6.9400,6.9900,6.8800,6.9800,6.9500,2013762,13973422.0000,3,0.175110,1,0.431700,8.652240,1.006969,1.530347,12.608701,0
2014-05-19,sh.600004,6.9600,6.9700,6.8700,6.9100,6.9800,2485900,17206178.0000,3,0.216165,1,-1.002900,8.565470,0.996871,1.515000,12.482253,0
2014-05-20,sh.600004,6.9500,6.9600,6.9000,6.9200,6.9100,1356157,9406254.0000,3,0.117927,1,0.144700,8.577865,0.998314,1.517192,12.500317,0
2014-05-21,sh.600004,6.9200,7.0300,6.8800,7.0200,6.9200,3495201,24442087.0000,3,0.303931,1,1.445100,8.701823,1.012740,1.539117,12.680957,0
2014-05-22,sh.600004,7.0200,7.0500,6.9700,6.9900,7.0200,3000730,21059884.0000,3,0.260933,1,-0.427400,8.664636,1.008412,1.532540,12.626765,0
2014-05-23,sh.600004,7.0000,7.0500,6.9800,7.0500,6.9900,3194691,22428497.0000,3,0.277799,1,0.858400,8.739010,1.017068,1.545694,12.735150,0
2014-05-26,sh.600004,7.0500,7.0800,7.0200,7.0400,7.0500,3127395,22063115.0000,3,0.271947,1,-0.141800,8.726615,1.015625,1.543502,12.717086,0
2014-05-27,sh.600004,7.0500,7.0500,6.9900,6.9900,7.0400,2289604,16060081.0000,3,0.199096,1,-0.710200,8.664636,1.008412,1.532540,12.626765,0
2014-05-28,sh.600004,6.9800,7.0400,6.9700,7.0300,6.9900,2293836,16069383.0000,3,0.199464,1,0.572300,8.714219,1.014183,1.541310,12.699022,0
2014-05-29,sh.600004,7.0100,7.0300,6.9300,6.9400,7.0300,3238534,22575077.0000,3,0.281612,1,-1.280200,8.602657,1.001199,1.521577,12.536445,0
2014-05-30,sh.600004,6.9500,7.0200,6.9200,6.9800,6.9400,2699593,18799502.0000,3,0.234747,1,0.576400,8.652240,1.006969,1.530347,12.608701,0
2014-06-03,sh.600004,6.9800,7.0000,6.9200,6.9600,6.9800,1923181,13404714.0000,3,0.167233,1,-0.286500,8.627449,1.004084,1.525962,12.572573,0
2014-06-04,sh.600004,6.9100,6.9500,6.8500,6.8600,6.9600,3316094,22825023.0000,3,0.288356,1,-1.436800,8.503491,0.989658,1.504037,12.391933,0
2014-06-05,sh.600004,6.8700,6.9200,6.8500,6.9100,6.8600,1685083,11609306.0000,3,0.146529,1,0.728900,8.565470,0.996871,1.515000,12.482253,0
2014-06-06,sh.600004,6.9100,6.9100,6.8500,6.9000,6.9100,1634192,11242651.0000,3,0.142104,1,-0.144700,8.553074,0.995428,1.512807,12.464189,0
2014-06-09,sh.600004,6.8700,6.9200,6.8600,6.8700,6.9000,1323358,9115724.0000,3,0.115075,1,-0.434800,8.515887,0.991100,1.506230,12.409997,0
2014-06-10,sh.600004,6.8900,6.9500,6.8500,6.9300,6.8700,1869608,12904222.0000,3,0.162575,1,0.873400,8.590261,0.999756,1.519385,12.518381,0
2014-06-11,sh.600004,6.9400,6.9400,6.8800,6.9300,6.9300,1655767,11438747.0000,3,0.143980,1,0.000000,8.590261,0.999756,1.519385,12.518381,0
2014-06-12,sh.600004,6.9200,6.9300,6.8900,6.9000,6.9300,1238070,8554265.0000,3,0.107658,1,-0.432900,8.553074,0.995428,1.512807,12.464189,0
2014-06-13,sh.600004,6.9000,6.9800,6.8800,6.9800,6.9000,3453590,23978518.0000,3,0.300312,1,1.159400,8.652240,1.006969,1.530347,12.608701,0
2014-06-16,sh.600004,6.9700,6.9800,6.9100,6.9700,6.9800,3978482,27652696.0000,3,0.345955,1,-0.143300,8.639844,1.005527,1.528155,12.590637,0
2014-06-17,sh.600004,6.9700,6.9800,6.9200,6.9400,6.9700,2213290,15376587.0000,3,0.192460,1,-0.430400,8.602657,1.001199,1.521577,12.536445,0
2014-06-18,sh.600004,6.9300,6.9500,6.9000,6.9200,6.9400,2612935,18087515.0000,3,0.227212,1,-0.288200,8.577865,0.998314,1.517192,12.500317,0
2014-06-19,sh.600004,6.9200,6.9300,6.8100,6.8300,6.9200,3215449,22081962.0000,3,0.279604,1,-1.300600,8.466304,0.985330,1.497460,12.337741,0
2014-06-20,sh.600004,6.8200,6.8800,6.8200,6.8600,6.8300,1762417,12074973.0000,3,0.153254,1,0.439200,8.503491,0.989658,1.504037,12.391933,0
2014-06-23,sh.600004,6.8700,6.9300,6.8500,6.9100,6.8600,2033833,14030410.0000,3,0.176855,1,0.728900,8.565470,0.996871,1.515000,12.482253,0
2014-06-24,sh.600004,6.8900,6.9300,6.8900,6.9300,6.9100,1248340,8631086.0000,3,0.108551,1,0.289400,8.590261,0.999756,1.519385,12.518381,0
2014-06-25,sh.600004,6.9000,7.0300,6.8800,6.9900,6.9300,5227339,36415463.0000,3,0.454551,1,0.865800,8.664636,1.008412,1.532540,12.626765,0
2014-06-26,sh.600004,6.9900,7.0300,6.9800,7.0000,6.9900,3028455,21208981.0000,3,0.263344,1,0.143100,8.677032,1.009855,1.534732,12.644829,0
2014-06-27,sh.600004,7.0000,7.0800,6.9800,7.0100,7.0000,4293556,30149946.0000,3,0.373353,1,0.142900,8.689427,1.011297,1.536925,12.662893,0
2014-06-30,sh.600004,7.0100,7.0600,6.9800,7.0400,7.0100,2685264,18865135.0000,3,0.233501,1,0.428000,8.726615,1.015625,1.543502,12.717086,0
2014-07-01,sh.600004,7.0400,7.0700,7.0000,7.0500,7.0400,2695857,18969185.0000,3,0.234422,1,0.142000,8.739010,1.017068,1.545694,12.735150,0
2014-07-02,sh.600004,7.0400,7.0900,7.0100,7.0800,7.0500,4239059,29899399.0000,3,0.368614,1,0.425500,8.776198,1.021396,1.552272,12.789342,0
2014-07-03,sh.600004,7.0800,7.1300,7.0500,7.1100,7.0800,4332669,30787653.0000,3,0.376754,1,0.423700,8.813385,1.025724,1.558849,12.843534,0
2014-07-04,sh.600004,7.1200,7.1400,7.0700,7.1100,7.1100,3109598,22081869.0000,3,0.270400,1,0.000000,8.813385,1.025724,1.558849,12.843534,0
2014-07-07,sh.600004,7.1100,7.1200,7.0500,7.0800,7.1100,2924313,20712179.0000,3,0.254288,1,-0.421900,8.776198,1.021396,1.552272,12.789342,0
2014-07-08,sh.600004,7.0700,7.1200,7.0500,7.1100,7.0800,2639046,18724649.0000,3,0.229482,1,0.423700,8.813385,1.025724,1.558849,12.843534,0
2014-07-09,sh.600004,7.1100,7.1100,7.0000,7.0100,7.1100,3458722,24369442.0000,3,0.300758,1,-1.406500,8.689427,1.011297,1.536925,12.662893,0
2014-07-10,sh.600004,7.0100,7.0700,7.0100,7.0500,7.0100,2352529,16558231.0000,3,0.204568,1,0.570600,8.739010,1.017068,1.545694,12.735150,0
2014-07-11,sh.600004,7.0500,7.1200,7.0400,7.1100,7.0500,3393042,24093023.0000,3,0.295047,1,0.851100,8.813385,1.025724,1.558849,12.843534,0
2014-07-14,sh.600004,7.1400,7.2200,7.1000,7.2000,7.1100,5193493,37253400.0000,3,0.451608,1,1.265800,8.924947,1.038708,1.578582,13.006110,0
2014-07-15,sh.600004,7.1900,7.2300,7.1300,7.1700,7.2000,3381714,24234588.0000,3,0.294062,1,-0.416700,8.887759,1.034380,1.572004,12.951918,0
2014-07-16,sh.600004,7.1700,7.2100,7.1400,7.1900,7.1700,3634825,26088868.0000,3,0.316072,1,0.278900,8.912551,1.037265,1.576389,12.988046,0
2014-07-17,sh.600004,7.2200,7.3000,7.2000,7.3000,7.1900,10039551,72962448.0000,3,0.873004,1,1.529900,9.048904,1.053134,1.600506,13.186751,0
2014-07-18,sh.600004,7.2600,7.3300,7.2600,7.3000,7.3000,6071660,44294798.0000,3,0.527970,1,0.000000,9.048904,1.053134,1.600506,13.186751,0
2014-07-21,sh.600004,7.2700,7.2900,7.1600,7.1700,7.3000,4352601,31378164.0000,3,0.378487,1,-1.780800,8.887759,1.034380,1.572004,12.951918,0
2014-07-22,sh.600004,7.1500,7.2600,7.1500,7.2100,7.1700,2783447,20086744.0000,3,0.242039,1,0.557900,8.937342,1.040150,1.580774,13.024174,0
2014-07-23,sh.600004,7.2000,7.2600,7.1900,7.2000,7.2100,3523942,25471729.0000,3,0.306430,1,-0.138700,8.924947,1.038708,1.578582,13.006110,0
2014-07-24,sh.600004,7.2000,7.2800,7.1900,7.2700,7.2000,4623633,33503801.0000,3,0.402055,1,0.972200,9.011717,1.048806,1.593929,13.132559,0
2014-07-25,sh.600004,7.2700,7.3800,7.2400,7.3500,7.2700,5424177,39792502.0000,3,0.471668,1,1.100400,9.110883,1.060348,1.611469,13.277071,0
2014-07-28,sh.600004,7.3700,7.4700,7.3600,7.4500,7.3500,10055080,74602793.0000,3,0.874355,1,1.360500,9.234841,1.074774,1.633393,13.457711,0
2014-07-29,sh.600004,7.4600,7.4700,7.3900,7.4200,7.4500,5040001,37383137.0000,3,0.438261,1,-0.402700,9.197653,1.070446,1.626816,13.403519,0
2014-07-30,sh.600004,7.4000,7.4400,7.3200,7.3600,7.4200,5638789,41555362.0000,3,0.490329,1,-0.808600,9.123279,1.061790,1.613661,13.295135,0
2014-07-31,sh.600004,7.3500,7.4300,7.3300,7.4200,7.3600,3722068,27426763.0000,3,0.323658,1,0.815200,9.197653,1.070446,1.626816,13.403519,0
2014-08-01,sh.600004,7.4000,7.4600,7.3600,7.3700,7.4200,7612255,56371313.0000,3,0.661935,1,-0.673900,9.135675,1.063233,1.615854,13.313199,0
2014-08-04,sh.600004,7.4400,7.5400,7.4300,7.5300,7.3700,8242854,61777773.0000,3,0.716770,1,2.171000,9.334007,1.086315,1.650933,13.602224,0
2014-08-05,sh.600004,7.5700,7.5700,7.4500,7.4800,7.5300,8014239,60091999.0000,3,0.696890,1,-0.664000,9.272028,1.079102,1.639971,13.511903,0
2014-08-06,sh.600004,7.4800,7.5100,7.4400,7.5100,7.4800,7037400,52652148.0000,3,0.611948,1,0.401100,9.309215,1.083430,1.646548,13.566096,0
2014-08-07,sh.600004,7.5100,7.5200,7.4000,7.4300,7.5100,10603549,79078818.0000,3,0.922048,1,-1.065300,9.210049,1.071889,1.629009,13.421583,0
2014-08-08,sh.600004,7.0800,7.0800,7.0200,7.0600,7.0600,5834293,41107555.0000,3,0.507330,1,0.000000,8.751406,1.018511,1.547887,12.753214,0
2014-08-11,sh.600004,7.0400,7.1200,7.0400,7.1100,7.0600,5523938,39117527.0000,3,0.480342,1,0.708200,8.813385,1.025724,1.558849,12.843534,0
2014-08-12,sh.600004,7.1100,7.1400,7.0800,7.1400,7.1100,5421463,38600062.0000,3,0.471432,1,0.421900,8.850572,1.030052,1.565427,12.897726,0
2014-08-13,sh.600004,7.1300,7.1700,7.0500,7.1000,7.1400,6282681,44661481.0000,3,0.546320,1,-0.560200,8.800989,1.024281,1.556657,12.825470,0
2014-08-14,sh.600004,7.1000,7.1200,7.0600,7.0700,7.1000,4544575,32235958.0000,3,0.395180,1,-0.422500,8.763802,1.019953,1.550079,12.771278,0
2014-08-15,sh.600004,7.0700,7.1300,7.0600,7.1200,7.0700,4032107,28639755.0000,3,0.350618,1,0.707200,8.825781,1.027167,1.561042,12.861598,0
2014-08-18,sh.600004,7.1300,7.1700,7.1100,7.1500,7.1200,4663019,33277155.0000,3,0.405480,1,0.421400,8.862968,1.031495,1.567619,12.915790,0
2014-08-19,sh.600004,7.1500,7.2800,7.1200,7.2800,7.1500,11577759,83398743.0000,3,1.006762,1,1.818200,9.024113,1.050249,1.596121,13.150623,0
2014-08-20,sh.600004,7.2700,7.4800,7.2300,7.3800,7.2800,11880413,87270327.0000,3,1.033079,1,1.373600,9.148070,1.064675,1.618046,13.331263,0
2014-08-21,sh.600004,7.3800,7.5300,7.3400,7.4100,7.3800,7977472,58988423.0000,3,0.693693,1,0.406500,9.185258,1.069003,1.624624,13.385455,0
2014-08-22,sh.600004,7.4400,7.5900,7.3200,7.5000,7.4100,10922426,81523823.0000,3,0.949776,1,1.214600,9.296820,1.081987,1.644356,13.548032,0
2014-08-25,sh.600004,7.4900,7.5900,7.4300,7.5200,7.5000,8472242,63620104.0000,3,0.736717,1,0.266700,9.321611,1.084873,1.648741,13.584160,0
2014-08-26,sh.600004,7.4900,7.6300,7.3700,7.5600,7.5200,11957206,89768142.0000,3,1.039757,1,0.531900,9.371194,1.090643,1.657511,13.656416,0
2014-08-27,sh.600004,7.5500,7.6000,7.4900,7.5400,7.5600,6131203,46233692.0000,3,0.533148,1,-0.264600,9.346403,1.087758,1.653126,13.620288,0
2014-08-28,sh.600004,7.5300,7.5300,7.3700,7.3900,7.5400,5208960,38684360.0000,3,0.452953,1,-1.989400,9.160466,1.066118,1.620239,13.349327,0
2014-08-29,sh.600004,7.4200,7.4800,7.3000,7.4400,7.3900,4477828,33105849.0000,3,0.389376,1,0.676600,8.839237,1.093695,1.596142,11.938129,0
2014-09-01,sh.600004,7.4100,7.5400,7.3900,7.4900,7.4400,4367428,32596723.0000,3,0.379776,1,0.672000,8.898640,1.101045,1.606868,12.018358,0
2014-09-02,sh.600004,7.5100,7.5700,7.4700,7.5500,7.4900,9793873,73703509.0000,3,0.851641,1,0.801100,8.969924,1.109865,1.619741,12.114633,0
2014-09-03,sh.600004,7.5800,7.6100,7.5200,7.5900,7.5500,8260854,62566694.0000,3,0.718335,1,0.529800,9.017447,1.115745,1.628322,12.178817,0
2014-09-04,sh.600004,7.5700,7.6000,7.5400,7.5700,7.5900,9870471,74720548.0000,3,0.858302,1,-0.263500,8.993686,1.112805,1.624031,12.146725,0
2014-09-05,sh.600004,7.5800,7.8800,7.5700,7.8300,7.5700,16891879,130900826.0000,3,1.468859,1,3.434600,9.302584,1.151025,1.679810,12.563918,0
2014-09-09,sh.600004,7.8200,8.0300,7.8100,8.0100,7.8300,17415565,138626058.0000,3,1.514397,1,2.298900,9.516436,1.177486,1.718427,12.852743,0
2014-09-10,sh.600004,7.9800,8.1000,7.9100,7.9900,8.0100,12859752,102867648.0000,3,1.118239,1,-0.249700,9.492675,1.174546,1.714136,12.820652,0
2014-09-11,sh.600004,7.9900,8.0300,7.8700,7.9700,7.9900,9302333,74055493.0000,3,0.808899,1,-0.250300,9.468914,1.171606,1.709845,12.788560,0
2014-09-12,sh.600004,7.9500,8.1400,7.9200,8.1300,7.9700,14005798,112538834.0000,3,1.217895,1,2.007500,9.659005,1.195126,1.744171,13.045294,0
2014-09-15,sh.600004,8.0600,8.2300,8.0600,8.2200,8.1300,8396158,68527035.0000,3,0.730101,1,1.107000,9.765931,1.208356,1.763479,13.189707,0
2014-09-16,sh.600004,8.2100,8.3600,7.9000,8.0000,8.2200,13211935,107792018.0000,3,1.148864,1,-2.676400,9.504556,1.176016,1.716281,12.836698,0
2014-09-17,sh.600004,7.9600,8.0300,7.9200,8.0300,8.0000,10757227,85760394.0000,3,0.935411,1,0.375000,9.540198,1.180426,1.722717,12.884835,0
2014-09-18,sh.600004,8.0100,8.0800,7.9800,8.0500,8.0300,4720038,37861986.0000,3,0.410438,1,0.249100,9.563959,1.183366,1.727008,12.916927,0
2014-09-19,sh.600004,8.0200,8.0600,7.9700,8.0400,8.0500,5482844,43935834.0000,3,0.476769,1,-0.124200,9.552078,1.181896,1.724863,12.900881,0
2014-09-22,sh.600004,8.0100,8.0100,7.9100,7.9500,8.0400,6607130,52524167.0000,3,0.574533,1,-1.119400,9.445152,1.168666,1.705555,12.756468,0
2014-09-23,sh.600004,7.9100,7.9900,7.9100,7.9700,7.9500,3906318,31089881.0000,3,0.339680,1,0.251600,9.468914,1.171606,1.709845,12.788560,0
2014-09-24,sh.600004,7.9500,8.1200,7.9300,8.1000,7.9700,6797392,54710613.0000,3,0.591078,1,1.631100,9.623363,1.190716,1.737735,12.997156,0
2014-09-25,sh.600004,8.1200,8.2300,8.0600,8.0900,8.1000,8098522,66113917.0000,3,0.704219,1,-0.123500,9.611482,1.189246,1.735590,12.981110,0
2014-09-26,sh.600004,8.0500,8.1200,8.0200,8.0800,8.0900,4761911,38380714.0000,3,0.414079,1,-0.123600,9.599601,1.187776,1.733444,12.965065,0
2014-09-29,sh.600004,8.1100,8.2100,8.0600,8.2000,8.0800,9802325,79708696.0000,3,0.852376,1,1.485100,9.742170,1.205416,1.759188,13.157615,0
2014-09-30,sh.600004,8.2200,8.3600,8.1700,8.3500,8.2000,10769815,89028644.0000,3,0.936506,1,1.829300,9.920380,1.227467,1.791369,13.398303,0
2014-10-08,sh.600004,8.3500,8.3800,8.2100,8.3400,8.3500,6932488,57496810.0000,3,0.602825,1,-0.119800,9.908499,1.225996,1.789223,13.382257,0
2014-10-09,sh.600004,8.3600,8.4200,8.2400,8.3200,8.3400,7401717,61575325.0000,3,0.643628,1,-0.239800,9.884738,1.223056,1.784933,13.350165,0
2014-10-10,sh.600004,8.3200,8.3200,8.2000,8.2100,8.3200,6400021,52691695.0000,3,0.556524,1,-1.322100,9.754050,1.206886,1.761334,13.173661,0
2014-10-13,sh.600004,8.1700,8.2800,8.0500,8.2500,8.2100,11037064,89963292.0000,3,0.959745,1,0.487200,9.801573,1.212766,1.769915,13.237844,0
2014-10-14,sh.600004,8.2000,8.6000,8.1900,8.2900,8.2500,15300418,129015367.0000,3,1.330471,1,0.484800,9.849096,1.218646,1.778497,13.302028,0
2014-10-15,sh.600004,8.3200,8.4800,8.2900,8.4300,8.2900,7511086,63099034.0000,3,0.653138,1,1.688800,10.015426,1.239227,1.808531,13.526670,0
2014-10-16,sh.600004,8.3700,8.4500,8.2500,8.2900,8.4300,6998504,58519422.0000,3,0.608566,1,-1.660700,9.849096,1.218646,1.778497,13.302028,0
2014-10-17,sh.600004,8.2900,8.3500,8.0600,8.3200,8.2900,10326873,84657252.0000,3,0.897989,1,0.361900,9.884738,1.223056,1.784933,13.350165,0
2014-10-20,sh.600004,8.3100,8.4200,8.3000,8.4100,8.3200,7269013,60948501.0000,3,0.632088,1,1.081700,9.991664,1.236287,1.804241,13.494578,0
2014-10-21,sh.600004,8.4100,8.4500,8.3000,8.4400,8.4100,6675054,55882848.0000,3,0.580439,1,0.356700,10.027306,1.240697,1.810677,13.542716,0
2014-10-22,sh.600004,8.3800,8.6500,8.3500,8.4000,8.4400,8926516,75836460.0000,3,0.776219,1,-0.473900,9.979783,1.234817,1.802095,13.478532,0
2014-10-23,sh.600004,8.3900,8.4000,8.2000,8.2200,8.4000,7386882,61074769.0000,3,0.642338,1,-2.142800,9.765931,1.208356,1.763479,13.189707,0
2014-10-24,sh.600004,8.1700,8.2800,8.1500,8.2500,8.2200,5539268,45614453.0000,3,0.481675,1,0.365000,9.801573,1.212766,1.769915,13.237844,0
2014-10-27,sh.600004,8.2300,8.2600,8.0800,8.1900,8.2500,3708037,30364129.0000,3,0.322438,1,-0.727300,9.730289,1.203946,1.757043,13.141569,0
2014-10-28,sh.600004,8.2100,8.4100,8.2100,8.4000,8.1900,6294289,52471629.0000,3,0.547329,1,2.564100,9.979783,1.234817,1.802095,13.478532,0
2014-10-29,sh.600004,8.4400,9.0300,8.4200,9.0100,8.4000,23702215,207984234.0000,3,2.061062,1,7.261900,10.704506,1.324488,1.932962,14.457331,0
2014-10-30,sh.600004,8.9000,9.0400,8.8100,8.9200,9.0100,15557769,138926417.0000,3,1.352849,1,-0.998900,10.518722,1.274048,1.891025,8.606168,0
2014-10-31,sh.600004,8.9300,9.3900,8.8200,9.1700,8.9200,18669989,171009277.0000,3,1.623477,1,2.802700,10.813529,1.309756,1.944025,8.847372,0
2014-11-03,sh.600004,9.2500,9.6700,9.2500,9.3300,9.1700,20492017,193409383.0000,3,1.781915,1,1.744800,11.002206,1.332609,1.977944,9.001743,0
2014-11-04,sh.600004,9.3500,9.4300,9.1600,9.2400,9.3300,11729386,108732743.0000,3,1.019947,1,-0.964600,10.896075,1.319754,1.958864,8.914909,0
2014-11-05,sh.600004,9.1800,9.3000,9.1300,9.1800,9.2400,7949547,73153971.0000,3,0.691265,1,-0.649300,10.825321,1.311184,1.946145,8.857020,0
2014-11-06,sh.600004,9.2000,9.5000,9.1900,9.3600,9.1800,12395370,115902054.0000,3,1.077858,1,1.960800,11.037582,1.336893,1.984304,9.030687,0
2014-11-07,sh.600004,9.4600,9.5000,9.1800,9.2500,9.3600,15135034,141018417.0000,3,1.316090,1,-1.175200,10.907867,1.321182,1.960984,8.924557,0
2014-11-10,sh.600004,9.3100,9.6800,9.3100,9.6400,9.2500,19917727,190344041.0000,3,1.731976,1,4.216200,11.367767,1.376886,2.043664,9.300836,0
2014-11-11,sh.600004,9.6500,9.9300,9.3300,9.4600,9.6400,20992344,201951217.0000,3,1.825421,1,-1.867200,11.155505,1.351176,2.005504,9.127169,0
2014-11-12,sh.600004,9.4400,9.8900,9.3600,9.8500,9.4600,14073538,137326142.0000,3,1.223786,1,4.122600,11.615405,1.406880,2.088183,9.503448,0
2014-11-13,sh.600004,9.9400,10.0600,9.7700,9.8000,9.8500,15792860,156762551.0000,3,1.373292,1,-0.507600,11.556443,1.399739,2.077583,9.455207,0
2014-11-14,sh.600004,9.7600,9.8500,9.6100,9.6800,9.8000,8804006,85338776.0000,3,0.765566,1,-1.224500,11.414936,1.382599,2.052144,9.339429,0
2014-11-17,sh.600004,9.8800,9.9800,9.7000,9.7500,9.6800,9769414,95882913.0000,3,0.849514,1,0.723100,11.497482,1.392597,2.066984,9.406966,0
2014-11-18,sh.600004,9.7700,9.8000,9.3800,9.4500,9.7500,15806061,150162449.0000,3,1.374440,1,-3.076900,11.143713,1.349748,2.003384,9.117521,0
2014-11-19,sh.600004,9.4400,9.5300,9.2800,9.3800,9.4500,7244097,68115122.0000,3,0.629921,1,-0.740700,11.061167,1.339750,1.988544,9.049984,0
2014-11-20,sh.600004,9.3600,9.4400,9.2500,9.4300,9.3800,8160687,76098758.0000,3,0.709625,1,0.533100,11.120128,1.346892,1.999144,9.098224,0
2014-11-21,sh.600004,9.4100,9.7700,9.3600,9.7200,9.4300,13567599,130439001.0000,3,1.179791,1,3.075300,11.462105,1.388312,2.060624,9.378021,0
2014-11-24,sh.600004,9.7500,9.8800,9.6000,9.6900,9.7200,14047062,136928807.0000,3,1.221484,1,-0.308600,11.426728,1.384027,2.054264,9.349077,0
2014-11-25,sh.600004,9.7000,9.9500,9.6800,9.8300,9.6900,13621626,134154274.0000,3,1.184489,1,1.444800,11.591820,1.404024,2.083943,9.484151,0
2014-11-26,sh.600004,9.8300,9.8900,9.6700,9.7700,9.8300,11172138,109181318.0000,3,0.971490,1,-0.610400,11.521066,1.395454,2.071224,9.426262,0
2014-11-27,sh.600004,9.7700,9.8300,9.6000,9.6700,9.7700,12568094,121452201.0000,3,1.092878,1,-1.023500,11.403143,1.381171,2.050024,9.329781,0
2014-11-28,sh.600004,9.7200,10.4200,9.7000,10.0800,9.6700,25656331,259297494.0000,3,2.230985,1,4.239900,11.886627,1.439731,2.136943,9.725355,0
2014-12-01,sh.600004,10.0900,10.4000,9.8800,9.9200,10.0800,20803241,209875876.0000,3,1.808977,1,-1.587300,11.697951,1.416878,2.103023,9.570985,0
2014-12-02,sh.600004,9.9000,10.1200,9.7500,10.0700,9.9200,15982223,159170634.0000,3,1.389759,1,1.512100,11.874835,1.438303,2.134823,9.715707,0
2014-12-03,sh.600004,10.1000,10.1800,9.8800,10.0000,10.0700,17086188,171332560.0000,3,1.485755,1,-0.695100,11.792289,1.428305,2.119983,9.648170,0
2014-12-04,sh.600004,10.0000,10.2000,9.9500,10.1800,10.0000,19563330,197012326.0000,3,1.701159,1,1.800000,12.004550,1.454014,2.158143,9.821837,0
2014-12-05,sh.600004,10.2100,10.2700,9.7100,10.0000,10.1800,20953731,208670323.0000,3,1.822064,1,-1.768200,11.792289,1.428305,2.119983,9.648170,0
2014-12-08,sh.600004,10.1800,10.4700,10.0100,10.3800,10.0000,35098065,361316016.0000,3,3.052006,1,3.800000,12.240396,1.482581,2.200542,10.014801,0
2014-12-09,sh.600004,10.5000,11.4200,10.4500,11.1300,10.3800,59569909,660869632.0000,3,5.179992,1,7.225400,13.124818,1.589703,2.359541,10.738413,0
2014-12-10,sh.600004,11.3500,12.2400,10.6600,12.2200,11.1300,52658619,603061808.0000,3,4.579010,1,9.793400,14.410177,1.745389,2.590619,11.790064,0
2014-12-11,sh.600004,12.2200,13.3400,11.8800,12.7100,12.2200,54451836,695282704.0000,3,4.734942,1,4.009800,14.987999,1.815376,2.694499,12.262824,0
2014-12-12,sh.600004,12.5500,12.5900,12.0300,12.3400,12.7100,29677320,363109216.0000,3,2.580637,1,-2.911100,14.551685,1.762528,2.616059,11.905842,0
2014-12-15,sh.600004,13.0000,13.0000,12.1200,12.2100,12.3400,32002912,398690304.0000,3,2.782862,1,-1.053500,14.398385,1.743960,2.588499,11.780416,0
2014-12-16,sh.600004,12.1000,12.2000,11.7000,12.0100,12.2100,34151920,405684208.0000,3,2.969732,1,-1.638000,14.162539,1.715394,2.546100,11.587452,0
2014-12-17,sh.600004,12.0000,12.4400,11.8900,12.2400,12.0100,29850918,364879984.0000,3,2.595732,1,1.915100,14.433762,1.748245,2.594859,11.809360,0
2014-12-18,sh.600004,12.1500,12.1600,11.9300,11.9400,12.2400,19162767,229939457.0000,3,1.666328,1,-2.451000,14.079993,1.705396,2.531260,11.519915,0
2014-12-19,sh.600004,11.9600,12.2900,11.7000,12.2100,11.9400,32395855,391355040.0000,3,2.817031,1,2.261300,14.398385,1.743960,2.588499,11.780416,0
2014-12-22,sh.600004,12.0000,12.1500,11.5000,11.5500,12.2100,25777508,301385712.0000,3,2.241522,1,-5.405400,13.620094,1.649692,2.448581,11.143636,0
2014-12-23,sh.600004,11.5500,11.7000,11.2000,11.2700,11.5500,11692938,134356434.0000,3,1.016777,1,-2.424200,13.289910,1.609700,2.389221,10.873488,0
2014-12-24,sh.600004,11.2900,11.4500,11.1300,11.4200,11.2700,12017478,135967886.0000,3,1.044998,1,1.331000,13.466794,1.631124,2.421021,11.018210,0
2014-12-25,sh.600004,11.4000,11.7400,11.3600,11.6400,11.4200,12853801,148438755.0000,3,1.117722,1,1.926400,13.726224,1.662547,2.467660,11.230470,0
2014-12-26,sh.600004,11.6800,11.9200,11.5300,11.8300,11.6400,23525976,276380880.0000,3,2.045737,1,1.632300,13.950278,1.689685,2.507940,11.413785,0
2014-12-29,sh.600004,11.6400,11.6600,11.0900,11.2500,11.8300,37596381,426010736.0000,3,3.269251,1,-4.902800,13.266325,1.606843,2.384981,10.854191,0
2014-12-30,sh.600004,11.1800,11.2600,10.6500,10.7800,11.2500,25075183,273427008.0000,3,2.180451,1,-4.177800,12.712087,1.539713,2.285342,10.400727,0
2014-12-31,sh.600004,10.8000,10.9400,10.7000,10.9300,10.7800,19707899,213624420.0000,3,1.713730,1,1.391500,12.888972,1.561137,2.317142,10.545450,0
2015-01-05,sh.600004,11.0000,11.7500,10.9400,11.6500,10.9300,39217234,447453968.0000,3,3.410194,1,6.587400,13.738017,1.663975,2.469780,11.240118,0
2015-01-06,sh.600004,11.5000,11.8600,11.3000,11.6900,11.6500,23870238,277053296.0000,3,2.075673,1,0.343300,13.785186,1.669688,2.478260,11.278711,0
2015-01-07,sh.600004,11.7500,11.7900,11.4000,11.5700,11.6900,13349659,154539348.0000,3,1.160840,1,-1.026500,13.643678,1.652549,2.452820,11.162933,0
2015-01-08,sh.600004,11.5900,11.7500,11.2500,11.3200,11.5700,11512159,131349773.0000,3,1.001057,1,-2.160800,13.348871,1.616841,2.399821,10.921729,0
2015-01-09,sh.600004,11.3300,11.6300,11.2500,11.3700,11.3200,15393854,176458913.0000,3,1.338596,1,0.441700,13.407833,1.623983,2.410421,10.969969,0
2015-01-12,sh.600004,11.2900,11.3000,10.8600,10.9200,11.3700,11398746,126081480.0000,3,0.991195,1,-3.957800,12.877180,1.559709,2.315022,10.535802,0
2015-01-13,sh.600004,10.9000,11.0600,10.8200,11.0300,10.9200,9304637,101586323.0000,3,0.809099,1,1.007300,13.006895,1.575420,2.338341,10.641932,0
2015-01-14,sh.600004,11.0000,11.0300,10.8500,10.9200,11.0300,6880932,75154574.0000,3,0.598342,1,-0.997300,12.877180,1.559709,2.315022,10.535802,0
2015-01-15,sh.600004,10.9000,11.4100,10.8500,11.3500,10.9200,9657747,107630815.0000,3,0.839804,1,3.937700,13.384248,1.621126,2.406181,10.950673,0
2015-01-16,sh.600004,11.3200,11.4700,11.1900,11.3500,11.3500,8001071,90822878.0000,3,0.695745,1,0.000000,13.384248,1.621126,2.406181,10.950673,0
2015-01-19,sh.600004,10.7200,11.1000,10.3000,10.5300,11.3500,15491893,166251259.0000,3,1.347121,1,-7.224700,12.417280,1.504005,2.232342,10.159523,0
2015-01-20,sh.600004,10.5300,10.7800,10.5300,10.7700,10.5300,10466309,111836834.0000,3,0.910114,1,2.279200,12.700295,1.538284,2.283222,10.391079,0
2015-01-21,sh.600004,10.7900,11.2000,10.7900,11.1600,10.7700,11526454,126922939.0000,3,1.002300,1,3.621200,13.160194,1.593988,2.365901,10.767358,0
2015-01-22,sh.600004,11.1500,11.5200,11.0400,11.4300,11.1600,15549528,176338663.0000,3,1.352133,1,2.419400,13.478586,1.632553,2.423141,11.027858,0
2015-01-23,sh.600004,11.4500,11.7300,11.3600,11.4400,11.4300,13694571,157831006.0000,3,1.190832,1,0.087500,13.490379,1.633981,2.425261,11.037507,0
2015-01-26,sh.600004,11.3900,11.6200,11.3500,11.6100,11.4400,10807964,124561241.0000,3,0.939823,1,1.486000,13.690847,1.658262,2.461300,11.201526,0
2015-01-27,sh.600004,11.6100,11.7000,11.1800,11.4500,11.6100,14775761,169308555.0000,3,1.284849,1,-1.378100,13.502171,1.635409,2.427381,11.047155,0
2015-01-28,sh.600004,11.3900,11.5000,11.2700,11.3600,11.4500,6323963,71945967.0000,3,0.549910,1,-0.786000,13.396040,1.622554,2.408301,10.960321,0
2015-01-29,sh.600004,11.2500,11.3500,11.2000,11.2700,11.3600,5908413,66618052.0000,3,0.513775,1,-0.792200,13.289910,1.609700,2.389221,10.873488,0
2015-01-30,sh.600004,11.2700,11.4000,11.1100,11.1200,11.2700,6390615,71780067.0000,3,0.555706,1,-1.331000,13.113025,1.588275,2.357421,10.728765,0
2015-02-02,sh.600004,11.0300,11.0300,10.8000,10.8200,11.1200,6245098,67897243.0000,3,0.543052,1,-2.697800,12.759257,1.545426,2.293822,10.439320,0
2015-02-03,sh.600004,10.8500,10.9800,10.7800,10.9200,10.8200,6991531,76141367.0000,3,0.607959,1,0.924200,12.877180,1.559709,2.315022,10.535802,0
2015-02-04,sh.600004,10.9800,11.0300,10.8600,10.8700,10.9200,5526213,60512502.0000,3,0.480540,1,-0.457900,12.818218,1.552567,2.304422,10.487561,0
2015-02-05,sh.600004,11.0000,11.0800,10.8000,10.8100,10.8700,7864378,85842818.0000,3,0.683859,1,-0.552000,12.747464,1.543998,2.291702,10.429672,0
2015-02-06,sh.600004,10.7900,10.7900,10.4300,10.5200,10.8100,7546588,79729286.0000,3,0.656225,1,-2.682700,12.405488,1.502577,2.230222,10.149875,0
2015-02-09,sh.600004,10.5100,10.5100,10.2800,10.3000,10.5200,8906933,92227622.0000,3,0.774516,1,-2.091300,12.146058,1.471154,2.183583,9.937615,0
2015-02-10,sh.600004,10.3000,10.4600,10.2400,10.4600,10.3000,7996373,82739641.0000,3,0.695337,1,1.553400,12.334734,1.494007,2.217502,10.091986,0
2015-02-11,sh.600004,10.4500,10.5700,10.3800,10.5000,10.4600,5558414,58209117.0000,3,0.483340,1,0.382400,12.381903,1.499720,2.225982,10.130579,0
2015-02-12,sh.600004,10.4900,10.5900,10.4600,10.5700,10.5000,4368177,46001338.0000,3,0.379841,1,0.666700,12.464449,1.509718,2.240822,10.198116,0
2015-02-13,sh.600004,10.6200,10.8300,10.6200,10.7300,10.5700,6802065,73193032.0000,3,0.591484,1,1.513700,12.653126,1.532571,2.274742,10.352487,0
2015-02-16,sh.600004,10.7400,10.8800,10.7200,10.8400,10.7300,4925746,53123617.0000,3,0.428326,1,1.025200,12.782841,1.548283,2.298062,10.458616,0
2015-02-17,sh.600004,10.8500,11.1500,10.8300,11.1500,10.8400,9337429,102724310.0000,3,0.811950,1,2.859800,13.148402,1.592560,2.363781,10.757710,0
2015-02-25,sh.600004,11.0300,11.1200,10.9600,11.0100,11.1500,5954141,65648210.0000,3,0.517751,1,-1.255600,12.983310,1.572564,2.334101,10.622635,0
2015-02-26,sh.600004,11.0100,11.2100,10.8900,11.2000,11.0100,9459799,105084591.0000,3,0.822591,1,1.725700,13.207364,1.599702,2.374381,10.805951,0
2015-02-27,sh.600004,11.2000,11.5500,11.1800,11.4200,11.2000,13973495,159528180.0000,3,1.215087,1,1.964300,13.466794,1.631124,2.421021,11.018210,0
2015-03-02,sh.600004,11.5500,11.5800,11.2800,11.3900,11.4200,7324681,83392004.0000,3,0.636929,1,-0.262700,13.431417,1.626839,2.414661,10.989266,0
2015-03-03,sh.600004,11.3700,11.3700,10.9900,11.0200,11.3900,10876045,120929552.0000,3,0.945743,1,-3.248500,12.995102,1.573992,2.336221,10.632283,0
2015-03-04,sh.600004,11.0100,11.1100,10.9800,11.1000,11.0200,7659404,84630204.0000,3,0.666035,1,0.726000,13.089441,1.585418,2.353181,10.709469,0
2015-03-05,sh.600004,11.1000,11.1000,10.9300,11.0200,11.1000,6707090,73777865.0000,3,0.583225,1,-0.720700,12.995102,1.573992,2.336221,10.632283,0
2015-03-06,sh.600004,10.9800,11.0600,10.9500,11.0100,11.0200,5796014,63675401.0000,3,0.504001,1,-0.090700,12.983310,1.572564,2.334101,10.622635,0
2015-03-09,sh.600004,10.9600,11.1500,10.8500,11.1400,11.0100,6441425,70913010.0000,3,0.560124,1,1.180700,13.136610,1.591132,2.361661,10.748062,0
2015-03-10,sh.600004,11.1000,11.4100,11.0500,11.3400,11.1400,10950667,123531108.0000,3,0.952232,1,1.795300,13.372456,1.619698,2.404061,10.941025,0
2015-03-11,sh.600004,11.3400,11.6500,11.3000,11.3100,11.3400,12278215,140861766.0000,3,1.067671,1,-0.264500,13.337079,1.615413,2.397701,10.912080,0
2015-03-12,sh.600004,11.3200,11.4500,11.1300,11.2000,11.3100,11728393,132364491.0000,3,1.019860,1,-0.972600,13.207364,1.599702,2.374381,10.805951,0
2015-03-13,sh.600004,11.2200,11.4800,11.2200,11.4500,11.2000,12090129,137645555.0000,3,1.051316,1,2.232100,13.502171,1.635409,2.427381,11.047155,0
2015-03-16,sh.600004,11.6000,11.7300,11.5200,11.7100,11.4500,18204947,211973498.0000,3,1.583039,1,2.270700,13.808770,1.672545,2.482500,11.298007,0
2015-03-17,sh.600004,11.7400,12.6800,11.6800,12.4700,11.7100,36639007,450014432.0000,3,3.186001,1,6.490200,14.704984,1.781096,2.643619,12.031268,0
2015-03-18,sh.600004,12.4700,12.5500,12.2600,12.3800,12.4700,25303150,313297312.0000,3,2.200274,1,-0.721700,14.598854,1.768242,2.624539,11.944435,0
2015-03-19,sh.600004,12.3300,12.3300,12.1300,12.2000,12.3800,18999415,231983356.0000,3,1.652123,1,-1.454000,14.386593,1.742532,2.586379,11.770768,0
2015-03-20,sh.600004,12.2000,12.4100,12.1800,12.3000,12.2000,14374826,176646221.0000,3,1.249985,1,0.819700,14.504515,1.756815,2.607579,11.867249,0
2015-03-23,sh.600004,12.3100,12.5000,12.2600,12.3800,12.3000,21100625,260928696.0000,3,1.834837,1,0.650400,14.598854,1.768242,2.624539,11.944435,0
2015-03-24,sh.600004,12.3700,12.3800,11.9500,12.2300,12.3800,21418478,261083344.0000,3,1.862476,1,-1.211600,14.421969,1.746817,2.592739,11.799712,0
2015-03-25,sh.600004,12.3800,12.9400,12.3800,12.4200,12.2300,31043153,390688608.0000,3,2.699405,1,1.553600,14.646023,1.773955,2.633019,11.983027,0
2015-03-26,sh.600004,12.3200,12.7000,12.1500,12.4900,12.4200,22282679,276471328.0000,3,1.937624,1,0.563600,14.728569,1.783953,2.647859,12.050564,0
2015-03-27,sh.600004,12.4500,12.7600,12.4200,12.6100,12.4900,18614292,234848198.0000,3,1.618634,1,0.960800,14.870076,1.801093,2.673299,12.166343,0
2015-03-30,sh.600004,12.7400,13.3100,12.7400,13.1400,12.6100,29946875,389801584.0000,3,2.604076,1,4.203000,15.495068,1.876793,2.785658,12.677696,0
2015-03-31,sh.600004,13.1800,13.3000,12.7600,12.8200,13.1400,24722547,320414928.0000,3,2.149787,1,-2.435300,13.555004,1.736363,2.667123,10.906915,0
2015-04-01,sh.600004,12.8300,13.1000,12.8100,12.9900,12.8200,17169804,222517547.0000,3,1.493026,1,1.326100,13.734751,1.759388,2.702491,11.051547,0
2015-04-02,sh.600004,13.0300,13.0900,12.7400,12.9400,12.9900,19726153,254860256.0000,3,1.715318,1,-0.384900,13.681884,1.752616,2.692089,11.009008,0
2015-04-03,sh.600004,12.8500,13.4200,12.7400,13.3500,12.9400,28425492,372667584.0000,3,2.471782,1,3.168500,14.115391,1.808147,2.777387,11.357825,0
2015-04-07,sh.600004,13.3800,13.8700,13.2500,13.6800,13.3500,26752992,362145568.0000,3,2.326347,1,2.471900,14.464311,1.852843,2.846041,11.638580,0
2015-04-08,sh.600004,13.6500,13.6500,13.2800,13.4100,13.6800,21434302,288445952.0000,3,1.863852,1,-1.973700,14.178831,1.816273,2.789869,11.408871,0
2015-04-09,sh.600004,13.4200,13.4300,12.8700,12.9900,13.4100,19875439,259271191.0000,3,1.728299,1,-3.132000,13.734751,1.759388,2.702491,11.051547,0
2015-04-10,sh.600004,12.9900,13.3900,12.8600,13.3400,12.9900,17996374,237217493.0000,3,1.564902,1,2.694400,14.104817,1.806793,2.775306,11.349317,0
2015-04-13,sh.600004,13.3300,13.6500,13.3300,13.5800,13.3400,20338543,275222704.0000,3,1.768569,1,1.799100,14.358577,1.839299,2.825237,11.553503,0
2015-04-14,sh.600004,13.5700,14.1800,13.4800,13.9900,13.5800,23223844,322125536.0000,3,2.019465,1,3.019100,14.792084,1.894830,2.910535,11.902320,0
2015-04-15,sh.600004,13.9400,14.2800,13.5100,13.6600,13.9900,21880205,303802512.0000,3,1.902627,1,-2.358800,14.443164,1.850134,2.841880,11.621565,0
2015-04-16,sh.600004,13.5000,14.3100,13.4000,14.2800,13.6600,21548840,300755120.0000,3,1.873812,1,4.538800,15.098710,1.934108,2.970867,12.149044,0
2015-04-17,sh.600004,14.5400,14.7200,14.2000,14.4600,14.2800,26230135,379813008.0000,3,2.280881,1,1.260500,15.289030,1.958487,3.008315,12.302183,0
2015-04-20,sh.600004,14.5100,14.9800,14.2000,14.3400,14.4600,34147234,499408208.0000,3,2.969325,1,-0.829900,15.162150,1.942234,2.983350,12.200091,0
2015-04-21,sh.600004,14.4300,14.9600,14.3100,14.9400,14.3400,23839782,350021296.0000,3,2.073025,1,4.184100,15.796550,2.023499,3.108176,12.710555,0
2015-04-22,sh.600004,15.0600,15.5700,15.0600,15.1500,14.9400,22707818,346780176.0000,3,1.974593,1,1.405600,16.018590,2.051942,3.151866,12.889217,0
2015-04-23,sh.600004,15.1700,15.2500,14.7500,14.9800,15.1500,18803026,281221408.0000,3,1.635046,1,-1.122100,15.838843,2.028917,3.116498,12.744586,0
2015-04-24,sh.600004,14.6100,14.8000,14.4300,14.6700,14.9800,17757042,259607039.0000,3,1.544091,1,-2.069400,15.511070,1.986930,3.052005,12.480846,0
2015-04-27,sh.600004,14.7000,15.0900,14.7000,15.0400,14.6700,19189060,286991984.0000,3,1.668614,1,2.522200,15.902283,2.037043,3.128981,12.795632,0
2015-04-28,sh.600004,15.0700,15.1100,14.3200,14.5300,15.0400,16718079,244427706.0000,3,1.453746,1,-3.391000,15.363043,1.967968,3.022878,12.361738,0
2015-04-29,sh.600004,14.4500,14.8900,14.2600,14.8300,14.5300,16420093,241394713.0000,3,1.427834,1,2.064700,15.680243,2.008601,3.085292,12.616970,0
2015-04-30,sh.600004,15.0300,15.4000,14.9000,14.9200,14.8300,22441988,339202544.0000,3,1.951477,1,0.606900,14.946773,1.950805,3.048130,11.681985,0
2015-05-04,sh.600004,15.1900,16.0600,14.2300,15.8000,14.9200,32986760,509853792.0000,3,2.868414,1,5.898100,15.828353,2.065866,3.227912,12.371003,0
2015-05-05,sh.600004,15.4800,15.6500,14.7700,14.8700,15.8000,21190713,322510144.0000,3,1.842671,1,-5.886100,14.896684,1.944268,3.037915,11.642837,0
2015-05-06,sh.600004,14.8800,15.2100,14.6300,14.7800,14.8700,18569221,277636416.0000,3,1.614715,1,-0.605200,14.806522,1.932500,3.019528,11.572369,0
2015-05-07,sh.600004,14.6100,14.8400,14.3000,14.4100,14.7800,15718248,228973929.0000,3,1.366804,1,-2.503400,14.435858,1.884122,2.943938,11.282668,0
2015-05-08,sh.600004,14.4000,15.4200,14.4000,15.3100,14.4100,23688504,352094752.0000,3,2.059870,1,6.245700,15.337473,2.001798,3.127806,11.987346,0
2015-05-11,sh.600004,15.4000,15.5900,15.0500,15.5800,15.3100,14250055,219491065.0000,3,1.239135,1,1.763600,15.607958,2.037101,3.182967,12.198749,0
2015-05-12,sh.600004,15.6000,15.6800,15.3600,15.4500,15.5800,16962629,262885265.0000,3,1.475011,1,-0.834400,15.477725,2.020103,3.156408,12.096962,0
2015-05-13,sh.600004,15.4300,15.4500,15.0900,15.2800,15.4500,15521244,235887778.0000,3,1.349673,1,-1.100300,15.307419,1.997876,3.121677,11.963856,0
2015-05-14,sh.600004,15.2900,15.4000,15.0200,15.3200,15.2800,14368638,219353604.0000,3,1.249447,1,0.261800,15.347491,2.003106,3.129849,11.995175,0
2015-05-15,sh.600004,15.3100,15.4300,15.0000,15.2000,15.3200,11089678,168112032.0000,3,0.964320,1,-0.783300,15.227276,1.987416,3.105334,11.901218,0
2015-05-18,sh.600004,15.1100,15.1100,14.7000,14.7400,15.2000,10505704,156037509.0000,3,0.913539,1,-3.026300,14.766450,1.927270,3.011356,11.541050,0
2015-05-19,sh.600004,14.7400,15.2300,14.7200,15.2200,14.7400,14169026,213361191.0000,3,1.232089,1,3.256400,15.247312,1.990031,3.109419,11.916878,0
2015-05-20,sh.600004,15.3600,16.1000,15.2600,15.2900,15.2200,20272781,317270192.0000,3,1.762851,1,0.459900,15.317437,1.999183,3.123720,11.971686,0
2015-05-21,sh.600004,15.1800,15.9300,15.1800,15.9000,15.2900,18355438,287990560.0000,3,1.596125,1,3.989500,15.928532,2.078941,3.248342,12.449301,0
2015-05-22,sh.600004,16.1500,16.7000,16.1500,16.6400,15.9000,30541187,502322592.0000,3,2.655755,1,4.654100,16.669860,2.175697,3.399523,13.028702,0
2015-05-25,sh.600004,16.5300,18.0500,16.5300,17.9000,16.6400,30245929,529133568.0000,3,2.630081,1,7.572100,17.932121,2.340443,3.656939,14.015251,0
2015-05-26,sh.600004,18.0200,18.3000,17.3800,17.9900,17.9000,29454963,526991744.0000,3,2.561301,1,0.502800,18.022282,2.352211,3.675326,14.085718,0
2015-05-27,sh.600004,18.0000,19.1800,17.7100,18.7300,17.9900,28043259,519830800.0000,3,2.438544,1,4.113400,18.763610,2.448967,3.826506,14.665120,0
2015-05-28,sh.600004,18.5100,18.8100,17.0800,17.2500,18.7300,25619650,464088000.0000,3,2.227796,1,-7.901800,17.280955,2.255455,3.524145,13.506317,0
2015-05-29,sh.600004,17.3000,17.7200,16.4100,17.3400,17.2500,19840253,341287392.0000,3,1.725239,1,0.521700,17.371116,2.267223,3.542532,13.576785,0
2015-06-01,sh.600004,17.4000,19.0700,17.3200,19.0700,17.3400,25976038,476503104.0000,3,2.258786,1,9.976900,19.104221,2.493422,3.895968,14.931331,0
2015-06-02,sh.600004,19.0700,20.3000,18.7400,20.0000,19.0700,39087283,761632240.0000,3,3.398894,1,4.876800,20.035889,2.615021,4.085965,15.659498,0
2015-06-03,sh.600004,19.7000,20.1200,18.6800,19.7200,20.0000,29158985,566109776.0000,3,2.535564,1,-1.400000,19.755387,2.578410,4.028762,15.440265,0
2015-06-04,sh.600004,19.3900,19.4500,17.9600,19.1500,19.7200,16682745,315138912.0000,3,1.450673,1,-2.890500,19.184364,2.503882,3.912312,14.993969,0
2015-06-05,sh.600004,19.5000,19.7900,18.8000,19.4000,19.1500,20306076,393804880.0000,3,1.765746,1,1.305500,19.434813,2.536570,3.963386,15.189713,0
2015-06-08,sh.600004,19.3900,20.6300,19.0500,20.1500,19.4000,30296204,602675312.0000,3,2.634453,1,3.866000,20.186159,2.634633,4.116610,15.776944,0
2015-06-09,sh.600004,20.1200,20.1500,19.2600,19.7000,20.1500,21124144,414480000.0000,3,1.836882,1,-2.233200,19.735351,2.575795,4.024676,15.424605,0
2015-06-10,sh.600004,19.5000,20.0900,19.3600,19.7500,19.7000,19131678,379005936.0000,3,1.663624,1,0.253800,19.785441,2.582333,4.034891,15.463754,0
2015-06-11,sh.600004,19.7500,20.3000,19.5000,20.0000,19.7500,30136409,599381104.0000,3,2.620557,1,1.265800,20.035889,2.615021,4.085965,15.659498,0
2015-06-12,sh.600004,19.8900,19.9800,19.4900,19.8000,19.7100,19908465,392768624.0000,3,1.731171,1,0.456600,19.835530,2.588870,4.045105,15.502903,0
2015-06-15,sh.600004,19.9000,21.6700,19.8000,20.9600,19.8000,39927126,821669328.0000,3,3.471924,1,5.858600,20.997612,2.740542,4.282091,16.411154,0
2015-06-16,sh.600004,20.4800,20.7000,19.0800,19.4600,20.9600,23057516,458107584.0000,3,2.005001,1,-7.156500,19.494920,2.544415,3.975644,15.236692,0
2015-06-17,sh.600004,19.4200,20.4900,18.1500,20.1300,19.4600,28690169,556482464.0000,3,2.494797,1,3.443000,20.166123,2.632018,4.112524,15.761285,0
2015-06-18,sh.600004,20.0500,20.9600,19.5400,19.7400,20.1300,26963454,548972160.0000,3,2.344648,1,-1.937400,19.775423,2.581025,4.032848,15.455924,0
2015-06-19,sh.600004,18.7800,19.4300,17.7700,17.7700,19.7400,16901860,312071600.0000,3,1.469727,1,-9.979700,17.801888,2.323446,3.630380,13.913464,0
2015-06-23,sh.600004,17.6900,18.0000,16.2000,17.9900,17.7700,15639840,268202327.0000,3,1.359986,1,1.238000,18.022282,2.352211,3.675326,14.085718,0
2015-06-24,sh.600004,18.1400,18.7200,17.4600,18.2400,17.9900,25381553,461001632.0000,3,2.207092,1,1.389700,18.272731,2.384899,3.726400,14.281462,0
2015-06-25,sh.600004,18.2500,18.2500,16.6000,17.0000,18.2400,21366447,374448544.0000,3,1.857952,1,-6.798200,17.030506,2.222768,3.473070,13.310573,0
2015-06-26,sh.600004,16.6200,16.6200,15.3000,15.3100,17.0000,26609702,419936112.0000,3,2.313887,1,-9.941200,15.337473,2.001798,3.127806,11.987346,0
2015-06-29,sh.600004,15.7900,16.4000,13.8200,15.8200,15.3100,39157234,597773216.0000,3,3.404977,1,3.331200,15.848388,2.068481,3.231998,12.386663,0
2015-06-30,sh.600004,15.5000,17.0800,15.0000,16.9000,15.8200,33881996,551574912.0000,3,2.946261,1,6.826800,16.930327,2.209692,3.452641,13.232276,0
2015-07-01,sh.600004,16.7200,17.1000,15.4500,15.4800,16.9000,24217445,398104256.0000,3,2.105865,1,-8.402400,15.507778,2.024026,3.162537,12.120451,0
2015-07-02,sh.600004,15.5500,15.7900,13.9300,13.9300,15.4800,32901941,475830288.0000,3,2.861038,1,-10.012900,13.954997,1.821362,2.845875,10.906840,0
2015-07-03,sh.600004,13.3000,13.9500,12.5500,13.0200,13.9300,32089453,419325008.0000,3,2.790387,1,-6.532700,13.043364,1.702378,2.659963,10.194333,0
2015-07-06,sh.600004,14.3200,14.3200,12.0000,13.6500,13.0200,52684190,688356176.0000,3,4.581234,1,4.838700,13.674494,1.784752,2.788671,10.687607,0
2015-07-07,sh.600004,13.0000,13.5000,12.2900,12.2900,13.6500,39518002,494108944.0000,3,3.436348,1,-9.963400,12.312054,1.606930,2.510826,9.622761,0
2015-07-08,sh.600004,11.0600,12.0500,11.0600,11.2600,12.2900,81586285,935075008.0000,3,7.094460,1,-8.380800,11.280206,1.472257,2.300398,8.816297,0
2015-07-09,sh.600004,11.3500,12.3900,11.3500,12.3900,11.2600,17596791,212010887.0000,3,1.530156,1,10.035500,12.412233,1.620005,2.531255,9.701059,0
2015-07-10,sh.600004,13.0100,13.6300,13.0100,13.6300,12.3900,14456910,194473334.0000,3,1.257123,1,10.008100,13.654459,1.782137,2.784585,10.671948,0
2015-07-13,sh.600004,14.3800,14.9900,14.0000,14.9900,13.6300,20875597,303465600.0000,3,1.815269,1,9.978000,15.016899,1.959958,3.062431,11.736794,0
2015-07-14,sh.600004,14.8900,15.8400,14.5000,14.7400,14.9900,28304400,428545888.0000,3,2.461252,1,-1.667800,14.766450,1.927270,3.011356,11.541050,0
2015-07-15,sh.600004,14.3200,14.5900,13.2700,13.3400,14.7400,20301480,279800560.0000,3,1.765346,1,-9.498000,13.363938,1.744219,2.725339,10.444885,0
2015-07-16,sh.600004,13.3400,14.2500,13.0600,13.9700,13.3400,16511506,228006136.0000,3,1.435783,1,4.722600,13.995069,1.826592,2.854047,10.938159,0
2015-07-17,sh.600004,13.9900,14.9000,13.9900,14.6400,13.9700,17119957,247497106.0000,3,1.488692,1,4.796000,14.666271,1.914195,2.990926,11.462753,0
2015-07-20,sh.600004,14.6000,15.0300,14.3600,14.5600,14.6400,16268436,238584830.0000,3,1.414647,1,-0.546400,14.586127,1.903735,2.974583,11.400115,0
2015-07-21,sh.600004,14.2000,14.8800,14.1200,14.7100,14.5600,16869355,245637082.0000,3,1.466900,1,1.030200,14.736397,1.923348,3.005227,11.517561,0
2015-07-22,sh.600004,14.5900,14.8000,14.2000,14.5900,14.7100,14395674,209170524.0000,3,1.251798,1,-0.815800,14.616181,1.907658,2.980712,11.423604,0
2015-07-23,sh.600004,14.5900,15.3600,14.5100,15.2400,14.5900,24304640,366882256.0000,3,2.113447,1,4.455100,15.267348,1.992646,3.113505,11.932537,0
2015-07-24,sh.600004,15.2400,15.5400,14.7000,14.8600,15.2400,19521863,296400704.0000,3,1.697553,1,-2.493400,14.886666,1.942960,3.035872,11.635007,0
2015-07-27,sh.600004,14.5000,14.8000,13.3700,13.3700,14.8600,19071201,269370096.0000,3,1.658365,1,-10.026900,13.393992,1.748141,2.731468,10.468374,0
2015-07-28,sh.600004,13.1000,13.8200,12.5100,13.3900,13.3700,23210228,306387376.0000,3,2.018281,1,0.149600,13.414028,1.750756,2.735554,10.484034,0
2015-07-29,sh.600004,13.6000,14.0500,13.2500,14.0100,13.3900,11997081,162712826.0000,3,1.043224,1,4.630300,14.035141,1.831822,2.862219,10.969478,0
2015-07-30,sh.600004,14.0500,14.5800,13.6700,13.7100,14.0100,14681807,208954845.0000,3,1.276679,1,-2.141300,13.734602,1.792597,2.800929,10.734586,0
2015-07-31,sh.600004,13.5200,13.9000,13.4300,13.7900,13.7100,9428735,128637482.0000,3,0.819890,1,0.583500,13.814746,1.803057,2.817273,10.797224,0
2015-08-03,sh.600004,13.5200,14.1800,13.4200,14.1700,13.7900,12383590,170415140.0000,3,1.076834,1,2.755600,14.195428,1.852742,2.894906,11.094754,0
2015-08-04,sh.600004,14.1500,14.8100,14.1300,14.7100,14.1700,12831361,186045293.0000,3,1.115771,1,3.810900,14.736397,1.923348,3.005227,11.517561,0
2015-08-05,sh.600004,14.6900,14.9600,14.3200,14.4200,14.7100,10854459,158390865.0000,3,0.943866,1,-1.971400,14.445876,1.885430,2.945981,11.290498,0
2015-08-06,sh.600004,14.2100,14.6000,14.1800,14.4500,14.4200,9695045,139880942.0000,3,0.843047,1,0.208000,14.475930,1.889352,2.952110,11.313987,0
2015-08-07,sh.600004,14.4700,14.8800,14.4700,14.7100,14.4500,10773732,158243394.0000,3,0.936846,1,1.799300,14.736397,1.923348,3.005227,11.517561,0
2015-08-10,sh.600004,14.8800,15.7600,14.7300,15.5800,14.7100,19152984,292612960.0000,3,1.665477,1,5.914300,15.607958,2.037101,3.182967,12.198749,0
2015-08-11,sh.600004,15.5700,15.6000,15.1900,15.4500,15.5800,12951262,200075579.0000,3,1.126197,1,-0.834400,15.477725,2.020103,3.156408,12.096962,0
2015-08-12,sh.600004,15.0400,15.3400,14.8300,14.9000,15.4500,8808901,132596337.0000,3,0.765991,1,-3.559900,14.926738,1.948190,3.044044,11.666326,0
2015-08-13,sh.600004,14.7800,15.3800,14.7800,15.2600,14.9000,7403755,112099309.0000,3,0.643805,1,2.416100,15.287384,1.995261,3.117591,11.948197,0
2015-08-14,sh.600004,15.3900,15.7000,15.2300,15.3700,15.2600,11157920,172263458.0000,3,0.970254,1,0.720800,15.397581,2.009643,3.140064,12.034324,0
2015-08-17,sh.600004,15.3000,15.9600,15.2700,15.9400,15.3700,15670887,246164885.0000,3,1.362686,1,3.708500,15.968604,2.084171,3.256514,12.480620,0
2015-08-18,sh.600004,16.0300,16.4800,14.5200,14.7700,15.9400,21539071,338237312.0000,3,1.872963,1,-7.340000,14.375695,1.891629,3.022238,-55.529971,0
2015-08-19,sh.600004,14.4800,15.2800,14.1000,15.2300,14.7700,10703379,157239274.0000,3,0.930729,1,3.114400,14.823415,1.950542,3.116363,-57.259408,0
2015-08-20,sh.600004,14.9500,15.5900,14.8300,14.9500,15.2300,10333799,157998069.0000,3,0.898591,1,-1.838500,14.550890,1.914682,3.059069,-56.206707,0
2015-08-21,sh.600004,14.7200,14.9500,14.0000,14.1700,14.9500,10100078,145705962.0000,3,0.878268,1,-5.217400,13.791713,1.814786,2.899466,-53.274184,0
2015-08-24,sh.600004,13.6500,13.8500,12.7500,12.7500,14.1700,12430877,162007025.0000,3,1.080946,1,-10.021200,12.409622,1.632923,2.608905,-47.935486,0
2015-08-25,sh.600004,11.9500,13.1100,11.4800,11.5100,12.7500,17337393,208749510.0000,3,1.507599,1,-9.725500,11.202725,1.474113,2.355176,-43.273525,0
2015-08-26,sh.600004,11.8500,12.2900,11.1500,11.8500,11.5100,13178401,156691590.0000,3,1.145948,1,2.954000,11.533648,1.517658,2.424747,-44.551805,0
2015-08-27,sh.600004,12.1100,12.5400,11.9100,12.5200,11.8500,9961495,122285596.0000,3,0.866217,1,5.654000,12.185762,1.603466,2.561843,-47.070768,0
2015-08-28,sh.600004,12.7000,13.3000,12.5700,13.2300,12.5200,14083644,180888114.0000,3,1.224665,1,5.670900,12.876808,1.694398,2.707123,-49.740116,0
2015-08-31,sh.600004,13.0000,13.0000,12.6200,12.7300,13.2300,8384875,107333804.0000,3,0.729120,1,-3.779300,12.390156,1.630361,2.604813,-47.860293,0
2015-09-01,sh.600004,12.6800,12.6800,11.9200,12.1100,12.7300,8111935,99310237.0000,3,0.705386,1,-4.870400,11.786707,1.550957,2.477948,-45.529313,0
2015-09-02,sh.600004,11.7000,12.7000,11.5100,12.4800,12.1100,17541503,215834617.0000,3,1.525348,1,3.055300,12.146830,1.598343,2.553658,-46.920382,0
2015-09-07,sh.600004,12.5000,13.0900,12.2100,12.2800,12.4800,12936384,162038317.0000,3,1.124903,1,-1.602600,11.952169,1.572729,2.512734,-46.168453,0
2015-09-08,sh.600004,12.1700,12.7200,12.0200,12.6400,12.2800,7915938,97993567.0000,3,0.688342,1,2.931600,12.302558,1.618835,2.586397,-47.521925,0
2015-09-09,sh.600004,12.6700,13.0100,12.5700,12.8500,12.6400,12615110,161665295.0000,3,1.096966,1,1.661400,12.506952,1.645730,2.629367,-48.311451,0
2015-09-10,sh.600004,12.6800,12.8000,12.5300,12.5400,12.8500,5953150,75408446.0000,3,0.517665,1,-2.412500,12.205228,1.606028,2.565935,-47.145961,0
2015-09-11,sh.600004,12.6000,12.6400,12.3000,12.5100,12.5400,5988433,74782311.0000,3,0.520733,1,-0.239200,12.176029,1.602186,2.559796,-47.033171,0
2015-09-14,sh.600004,12.5500,12.6100,11.8200,11.9200,12.5100,7513954,91395821.0000,3,0.653387,1,-4.716200,11.601780,1.526623,2.439071,-44.814980,0
2015-09-15,sh.600004,11.7100,12.0600,11.5200,11.5700,11.9200,5093927,59997002.0000,3,0.442950,1,-2.936200,11.261123,1.481798,2.367454,-43.499104,0
2015-09-16,sh.600004,11.5900,12.5700,11.5000,12.4300,11.5700,10229153,122598767.0000,3,0.889492,1,7.433000,12.098165,1.591940,2.543427,-46.732400,0
2015-09-17,sh.600004,12.2000,12.4200,11.9200,11.9400,12.4300,10322196,125640363.0000,3,0.897582,1,-3.942100,11.621246,1.529184,2.443163,-44.890173,0
2015-09-18,sh.600004,11.9900,12.0800,11.8000,11.9200,11.9400,4548390,54221679.0000,3,0.395512,1,-0.167500,11.601780,1.526623,2.439071,-44.814980,0
2015-09-21,sh.600004,11.8300,12.1600,11.7000,12.1400,11.9200,5744354,68840090.0000,3,0.499509,1,1.845600,11.815907,1.554799,2.484087,-45.642102,0
2015-09-22,sh.600004,12.1800,12.5000,12.1000,12.3000,12.1400,8587184,105222489.0000,3,0.746712,1,1.318000,11.971635,1.575290,2.516826,-46.243646,0
2015-09-23,sh.600004,12.1300,12.2100,11.9500,11.9800,12.3000,4821692,58222958.0000,3,0.419278,1,-2.601600,11.660178,1.534307,2.451348,-45.040559,0
2015-09-24,sh.600004,11.9900,12.1700,11.9900,12.1000,11.9800,4412736,53393105.0000,3,0.383716,1,1.001700,11.776974,1.549676,2.475902,-45.491716,0
2015-09-25,sh.600004,12.1000,12.2100,11.9000,12.0000,12.1000,4473329,53940088.0000,3,0.388985,1,-0.826400,11.679644,1.536869,2.455440,-45.115752,0
2015-09-28,sh.600004,12.0700,12.1600,11.9200,12.1300,12.0000,2651477,31982568.0000,3,0.230563,1,1.083300,11.806174,1.553518,2.482041,-45.604506,0
2015-09-29,sh.600004,12.0200,12.0900,11.8600,11.9000,12.1300,3661195,43730346.0000,3,0.318365,1,-1.896100,11.582314,1.524061,2.434978,-44.739787,0
2015-09-30,sh.600004,11.9600,12.0800,11.9000,11.9900,11.9000,2567200,30757396.0000,3,0.223235,1,0.756300,11.669911,1.535588,2.453394,-45.078155,0
2015-10-08,sh.600004,12.3500,12.6200,12.3200,12.4100,11.9900,8179456,101927169.0000,3,0.711257,1,3.502900,12.078699,1.589378,2.539334,-46.657207,0
2015-10-09,sh.600004,12.4100,12.6100,12.3300,12.5800,12.4100,6610369,82798937.0000,3,0.574815,1,1.369900,12.244160,1.611151,2.574120,-47.296346,0
2015-10-12,sh.600004,12.6300,13.1400,12.5100,13.0800,12.5800,10012931,129767593.0000,3,0.870690,1,3.974600,12.730812,1.675187,2.676430,-49.176169,0
2015-10-13,sh.600004,13.0500,13.1100,12.8100,13.0400,13.0800,5767272,75058436.0000,3,0.501502,1,-0.305800,12.691880,1.670064,2.668245,-49.025784,0
2015-10-14,sh.600004,13.0300,13.1300,12.7400,12.7800,13.0400,5262012,68004339.0000,3,0.457566,1,-1.993900,12.438821,1.636765,2.615044,-48.048276,0
2015-10-15,sh.600004,12.7800,13.0500,12.7300,13.0400,12.7800,5162660,66839819.0000,3,0.448927,1,2.034400,12.691880,1.670064,2.668245,-49.025784,0
2015-10-16,sh.600004,13.1000,13.8100,13.1000,13.7300,13.0400,14996173,204264080.0000,3,1.304015,1,5.291400,13.363459,1.758434,2.809433,-51.619939,0
2015-10-19,sh.600004,13.6000,13.6600,13.3800,13.4600,13.7300,7853327,106068059.0000,3,0.682898,1,-1.966500,13.100667,1.723854,2.754185,-50.604835,0
2015-10-20,sh.600004,13.4700,13.7000,13.3900,13.6300,13.4600,5652141,76587296.0000,3,0.491491,1,1.263000,13.266129,1.745627,2.788971,-51.243975,0
2015-10-21,sh.600004,13.6300,13.7600,12.7000,12.8200,13.6300,8076983,107851566.0000,3,0.702346,1,-5.942800,12.477753,1.641888,2.623229,-48.198661,0
2015-10-22,sh.600004,12.8600,13.2100,12.8200,13.1700,12.8200,5898092,76876309.0000,3,0.512878,1,2.730100,12.818409,1.686713,2.694846,-49.514538,0
2015-10-23,sh.600004,13.2500,13.6200,13.1800,13.4300,13.1700,7776911,104348583.0000,3,0.676253,1,1.974200,13.071468,1.720012,2.748047,-50.492045,0
2015-10-26,sh.600004,13.6500,13.6600,13.3300,13.4300,13.4300,9096359,122126989.0000,3,0.790988,1,0.000000,13.071468,1.720012,2.748047,-50.492045,0
2015-10-27,sh.600004,13.4000,13.4000,12.9200,13.3600,13.4300,5322117,70053631.0000,3,0.462793,1,-0.521200,13.003337,1.711047,2.733723,-50.228870,0
2015-10-28,sh.600004,13.3100,13.4900,13.1400,13.2000,13.3600,5194000,69348839.0000,3,0.451652,1,-1.197600,12.847608,1.690556,2.700984,-49.627327,0
2015-10-29,sh.600004,13.2300,13.4500,13.1800,13.3400,13.2000,4168458,55471527.0000,3,0.362475,1,1.060600,12.983871,1.708486,2.729631,-50.153677,0
2015-10-30,sh.600004,13.3000,13.5000,13.0100,13.4600,13.3400,7312381,97214553.0000,3,0.635859,1,0.899500,13.100667,1.723854,2.754185,-50.604835,0
2015-11-02,sh.600004,13.2600,13.9000,13.2600,13.6200,13.4600,11973952,163315837.0000,3,1.041213,1,1.188700,12.342512,1.695220,2.775072,-22.605256,0
2015-11-03,sh.600004,13.6400,13.9300,13.5300,13.6100,13.6200,10990460,150853496.0000,3,0.955692,1,-0.073400,12.333450,1.693975,2.773035,-22.588658,0
2015-11-04,sh.600004,13.6800,14.2700,13.6700,14.2200,13.6100,17325020,243103298.0000,3,1.506523,1,4.482000,12.886235,1.769899,2.897322,-23.601082,0
2015-11-05,sh.600004,14.2300,14.9600,14.0100,14.0600,14.2200,36950033,532510880.0000,3,3.213046,1,-1.125200,12.741242,1.749985,2.864722,-23.335528,0
2015-11-06,sh.600004,14.1100,14.4200,14.0800,14.3600,14.0600,15016585,214557616.0000,3,1.305790,1,2.133700,13.013103,1.787324,2.925847,-23.833441,0
2015-11-09,sh.600004,14.4500,14.6200,14.2100,14.4700,14.3600,25049438,360384608.0000,3,2.178212,1,0.766000,13.112786,1.801016,2.948259,-24.016009,0
2015-11-10,sh.600004,14.3600,14.4600,14.1800,14.2300,14.4700,14241677,204115805.0000,3,1.238407,1,-1.658600,12.895297,1.771144,2.899360,-23.617679,0
2015-11-11,sh.600004,14.2900,14.3700,14.1800,14.2800,14.2300,8816997,125700089.0000,3,0.766695,1,0.351400,12.940607,1.777367,2.909547,-23.700664,0
2015-11-12,sh.600004,14.2800,14.2800,13.9000,14.0500,14.2800,12557349,176385763.0000,3,1.091943,1,-1.610600,12.732180,1.748740,2.862685,-23.318931,0
2015-11-13,sh.600004,13.9000,14.0000,13.7700,13.8600,14.0500,6130245,85125415.0000,3,0.533065,1,-1.352300,12.560001,1.725092,2.823972,-23.003586,0
2015-11-16,sh.600004,13.8000,14.0300,13.6600,14.0200,13.8600,6219138,86083000.0000,3,0.540795,1,1.154400,12.704994,1.745006,2.856572,-23.269140,0
2015-11-17,sh.600004,14.0800,14.2500,13.9100,13.9400,14.0200,15009632,211381573.0000,3,1.305185,1,-0.570600,12.632497,1.735049,2.840272,-23.136363,0
2015-11-18,sh.600004,13.8800,13.9700,13.7600,13.7900,13.9400,5690048,78893313.0000,3,0.494787,1,-1.076000,12.496567,1.716379,2.809710,-22.887406,0
2015-11-19,sh.600004,13.8100,13.9600,13.7500,13.9500,13.7900,5217062,72198208.0000,3,0.453658,1,1.160300,12.641559,1.736294,2.842310,-23.152960,0
2015-11-20,sh.600004,13.9700,13.9900,13.7900,13.9300,13.9500,7484792,103938214.0000,3,0.650851,1,-0.143400,12.623435,1.733804,2.838235,-23.119766,0
2015-11-23,sh.600004,13.9100,13.9800,13.7800,13.8500,13.9300,7448687,103513102.0000,3,0.647712,1,-0.574300,12.550939,1.723847,2.821935,-22.986989,0
2015-11-24,sh.600004,13.8200,13.8800,13.4800,13.6800,13.8500,10572096,143807060.0000,3,0.919313,1,-1.227400,12.396884,1.702688,2.787297,-22.704838,0
2015-11-25,sh.600004,13.6300,13.7200,13.4900,13.7100,13.6800,9538943,129547195.0000,3,0.829473,1,0.219300,12.424070,1.706422,2.793410,-22.754629,0
2015-11-26,sh.600004,13.7300,14.0100,13.6100,13.9100,13.7100,13474033,186386502.0000,3,1.171655,1,1.458800,12.605311,1.731315,2.834160,-23.086572,0
2015-11-27,sh.600004,13.8100,13.8600,13.1500,13.2100,13.9100,9990811,135527222.0000,3,0.868766,1,-5.032300,11.970968,1.644189,2.691535,-21.924774,0
2015-11-30,sh.600004,13.3000,13.3500,12.9100,13.2600,13.2100,7922882,104394975.0000,3,0.688946,1,0.378500,12.016278,1.650412,2.701722,-22.007760,0
2015-12-01,sh.600004,13.2600,13.4800,13.1200,13.4600,13.2600,6180936,82207255.0000,3,0.537473,1,1.508300,12.197519,1.675306,2.742472,-22.339702,0
2015-12-02,sh.600004,13.3500,13.9200,13.2800,13.8900,13.4600,10610471,144806449.0000,3,0.922650,1,3.194700,12.587187,1.728826,2.830085,-23.053377,0
2015-12-03,sh.600004,13.9000,14.0300,13.7700,13.9500,13.8900,8884870,123976789.0000,3,0.772597,1,0.432000,12.641559,1.736294,2.842310,-23.152960,0
2015-12-04,sh.600004,13.8200,13.9300,13.6500,13.7000,13.9500,6121987,84084684.0000,3,0.532347,1,-1.792100,12.415008,1.705177,2.791372,-22.738032,0
2015-12-07,sh.600004,13.7600,14.0400,13.7600,13.9500,13.7000,6914658,96193625.0000,3,0.601275,1,1.824800,12.641559,1.736294,2.842310,-23.152960,0
2015-12-08,sh.600004,13.8700,14.0800,13.7100,13.7300,13.9500,9026074,125275146.0000,3,0.784876,1,-1.577100,12.442194,1.708911,2.797485,-22.787824,0
2015-12-09,sh.600004,13.6900,13.8900,13.6000,13.7000,13.7300,4978976,68221380.0000,3,0.432954,1,-0.218500,12.415008,1.705177,2.791372,-22.738032,0
2015-12-10,sh.600004,13.7000,13.8500,13.6500,13.7300,13.7000,3335317,45889478.0000,3,0.290028,1,0.219000,12.442194,1.708911,2.797485,-22.787824,0
2015-12-11,sh.600004,13.6700,13.9300,13.6300,13.8100,13.7300,5753409,79427352.0000,3,0.500296,1,0.582700,12.514691,1.718868,2.813785,-22.920600,0
2015-12-14,sh.600004,13.7000,14.1200,13.6200,14.1000,13.8100,7196385,100183901.0000,3,0.625773,1,2.099900,12.777490,1.754963,2.872872,-23.401917,0
2015-12-15,sh.600004,14.1000,14.1500,13.8900,13.9700,14.1000,9145514,128444965.0000,3,0.795262,1,-0.922000,12.659683,1.738783,2.846385,-23.186154,0
2015-12-16,sh.600004,14.0800,14.2100,14.0000,14.0300,13.9700,7849618,110845734.0000,3,0.682575,1,0.429500,12.714056,1.746251,2.858610,-23.285737,0
2015-12-17,sh.600004,14.1300,14.2900,14.0600,14.2500,14.0300,9700415,137800984.0000,3,0.843514,1,1.568100,12.913421,1.773633,2.903435,-23.650873,0
2015-12-18,sh.600004,14.2400,14.5600,14.2100,14.3600,14.2500,13222357,190355589.0000,3,1.149770,1,0.771900,13.013103,1.787324,2.925847,-23.833441,0
2015-12-21,sh.600004,14.2500,15.2000,14.2400,14.7500,14.3600,25555625,376228560.0000,3,2.222228,1,2.715900,13.366523,1.835866,3.005309,-24.480728,0
2015-12-22,sh.600004,14.8800,14.8800,14.5700,14.7700,14.7500,10418705,153055948.0000,3,0.905974,1,0.135600,13.384647,1.838355,3.009384,-24.513922,0
2015-12-23,sh.600004,14.7500,14.8900,14.3000,14.4500,14.7700,17363933,253907359.0000,3,1.509907,1,-2.166600,13.094662,1.798526,2.944185,-23.982815,0
2015-12-24,sh.600004,14.3800,14.4900,14.2000,14.3500,14.4500,7575355,108432745.0000,3,0.658727,1,-0.692000,13.004041,1.786080,2.923810,-23.816844,0
2015-12-25,sh.600004,14.3600,14.5300,14.2300,14.4300,14.3500,6822300,98427505.0000,3,0.593243,1,0.557500,13.076538,1.796037,2.940110,-23.949621,0
2015-12-28,sh.600004,14.5900,14.5900,13.9900,14.0100,14.4300,18989742,271250528.0000,3,1.651282,1,-2.910600,12.695932,1.743762,2.854535,-23.252543,0
2015-12-29,sh.600004,13.9900,14.1500,13.9300,14.1300,14.0100,6558216,92169682.0000,3,0.570280,1,0.856500,12.804676,1.758697,2.878985,-23.451708,0
2015-12-30,sh.600004,14.1900,14.2300,14.0400,14.1600,14.1300,5719928,80888137.0000,3,0.497385,1,0.212300,12.831862,1.762431,2.885097,-23.501499,0
2015-12-31,sh.600004,14.2200,14.3900,14.2000,14.2300,14.1600,10631762,151957057.0000,3,0.924501,1,0.494300,12.895297,1.771144,2.899360,-23.617679,0
2016-01-04,sh.600004,14.2800,14.2800,12.8100,13.0400,14.2300,12091206,166226459.0000,3,1.051409,1,-8.362600,11.816913,1.623030,2.656897,-21.642623,0
2016-01-05,sh.600004,12.7900,13.3300,12.6000,13.1400,13.0400,17396695,227096572.0000,3,1.512756,1,0.766900,11.907533,1.635477,2.677272,-21.808595,0
2016-01-06,sh.600004,13.1700,13.4500,13.0600,13.4300,13.1400,9676196,127728786.0000,3,0.841408,1,2.207000,12.170333,1.671572,2.736360,-22.289911,0
2016-01-07,sh.600004,13.2300,13.2300,12.3500,12.4200,13.4300,2315000,29774567.0000,3,0.201304,1,-7.520500,11.255066,1.545861,2.530572,-20.613603,0
2016-01-08,sh.600004,12.6000,12.8400,12.1500,12.7000,12.4200,18756201,235967215.0000,3,1.630974,1,2.254400,11.508803,1.580712,2.587622,-21.078322,0
2016-01-11,sh.600004,12.4800,12.6100,12.0400,12.1000,12.7000,10098122,124532968.0000,3,0.878098,1,-4.724400,10.965080,1.506032,2.465372,-20.082496,0
2016-01-12,sh.600004,12.2000,12.3100,12.0000,12.1600,12.1000,8403447,102032068.0000,3,0.730735,1,0.495900,11.019452,1.513500,2.477597,-20.182078,0
2016-01-13,sh.600004,12.2000,12.2700,11.8800,11.8900,12.1600,6763062,81797791.0000,3,0.588092,1,-2.220400,10.774777,1.479895,2.422585,-19.733957,0
2016-01-14,sh.600004,11.6500,12.1000,11.6000,12.0700,11.8900,7806528,92650855.0000,3,0.678829,1,1.513900,10.937894,1.502299,2.459260,-20.032704,0
2016-01-15,sh.600004,12.0400,12.0500,11.5800,11.6700,12.0700,7051255,83515138.0000,3,0.613153,1,-3.314000,10.575412,1.452512,2.377760,-19.368820,0
2016-01-18,sh.600004,11.5000,12.0500,11.4000,12.0000,11.6700,7216720,85217207.0000,3,0.627541,1,2.827800,10.874460,1.493586,2.444998,-19.916525,0
2016-01-19,sh.600004,11.9000,12.5600,11.8800,12.5200,12.0000,10009045,122420557.0000,3,0.870352,1,4.333300,11.345686,1.558308,2.550947,-20.779574,0
2016-01-20,sh.600004,12.4100,12.6600,12.2000,12.4500,12.5200,7396558,92107570.0000,3,0.643179,1,-0.559100,11.282252,1.549595,2.536685,-20.663394,0
2016-01-21,sh.600004,12.3200,12.5100,12.0100,12.2000,12.4500,5320053,65624470.0000,3,0.462613,1,-2.008000,11.055701,1.518479,2.485747,-20.248467,0
2016-01-22,sh.600004,12.2500,12.4400,12.0100,12.3600,12.2000,5586704,68494416.0000,3,0.485800,1,1.311500,11.200693,1.538394,2.518347,-20.514020,0
2016-01-25,sh.600004,12.3900,12.4800,12.2600,12.4600,12.3600,4701640,58191215.0000,3,0.408838,1,0.809100,11.291314,1.550840,2.538722,-20.679991,0
2016-01-26,sh.600004,12.3700,12.5700,11.8500,11.8700,12.4600,6531924,80274949.0000,3,0.567993,1,-4.735200,10.756653,1.477405,2.418510,-19.700762,0
2016-01-27,sh.600004,11.8100,12.0000,11.3800,11.9200,11.8700,7327287,85747273.0000,3,0.637155,1,0.421200,10.801963,1.483629,2.428698,-19.783748,0
2016-01-28,sh.600004,11.6800,11.9500,11.5800,11.8000,11.9200,5615679,66062909.0000,3,0.488320,1,-1.006700,10.693219,1.468693,2.404248,-19.584583,0
2016-01-29,sh.600004,11.8000,12.2800,11.7600,12.2100,11.8000,6530007,78710645.0000,3,0.567827,1,3.474600,11.064763,1.519724,2.487785,-20.265064,0
2016-02-01,sh.600004,12.2000,12.2000,11.8800,11.9500,12.2100,3517054,42276932.0000,3,0.305831,1,-2.129400,10.829149,1.487363,2.434810,-19.833539,0
2016-02-02,sh.600004,11.9700,12.2700,11.9700,12.2000,11.9500,4773381,58184890.0000,3,0.415077,1,2.092100,11.055701,1.518479,2.485747,-20.248467,0
2016-02-03,sh.600004,12.1500,12.4200,12.0700,12.3600,12.2000,5981827,73534474.0000,3,0.520159,1,1.311500,11.200693,1.538394,2.518347,-20.514020,0
2016-02-04,sh.600004,12.3400,12.6200,12.3400,12.5400,12.3600,3993191,49790098.0000,3,0.347234,1,1.456300,11.363810,1.560797,2.555022,-20.812768,0
2016-02-05,sh.600004,12.5100,12.5900,12.2900,12.3500,12.5400,3120900,38963332.0000,3,0.271383,1,-1.515100,11.191631,1.537149,2.516310,-20.497423,0
2016-02-15,sh.600004,12.0800,12.5300,12.0800,12.3400,12.3500,2786924,34332340.0000,3,0.242341,1,-0.081000,11.182569,1.535904,2.514272,-20.480826,0
2016-02-16,sh.600004,12.3500,12.7300,12.3500,12.6900,12.3400,5260910,66244008.0000,3,0.457470,1,2.836300,11.499741,1.579467,2.585585,-21.061725,0
2016-02-17,sh.600004,12.7400,12.8800,12.5800,12.8300,12.6900,4913980,62399832.0000,3,0.427303,1,1.103200,11.626610,1.596892,2.614110,-21.294084,0
2016-02-18,sh.600004,12.8100,12.8700,12.6400,12.8000,12.8300,3777271,48263528.0000,3,0.328458,1,-0.233800,11.599424,1.593158,2.607997,-21.244293,0
2016-02-19,sh.600004,12.6800,12.7600,12.5800,12.7200,12.8000,6946982,87885621.0000,3,0.604085,1,-0.625000,11.526927,1.583201,2.591697,-21.111516,0
2016-02-22,sh.600004,12.7700,13.0700,12.7600,12.9800,12.7200,5120830,66198220.0000,3,0.445290,1,2.044000,11.762541,1.615562,2.644672,-21.543041,0
2016-02-23,sh.600004,13.0000,13.0300,12.7200,12.9900,12.9800,6243546,80364469.0000,3,0.542917,1,0.077000,11.771603,1.616807,2.646710,-21.559638,0
2016-02-24,sh.600004,13.2800,13.5800,13.0700,13.5400,12.9900,22388757,297629776.0000,3,1.946848,1,4.234000,12.270015,1.685263,2.758772,-22.472479,0
2016-02-25,sh.600004,13.4100,13.5000,12.7800,13.0500,13.5400,33329102,437854944.0000,3,2.898183,1,-3.618900,11.825975,1.624275,2.658935,-21.659221,0
2016-02-26,sh.600004,12.3800,12.4500,11.7500,11.8700,13.0500,43995867,525321264.0000,3,3.825728,1,-9.042100,10.756653,1.477405,2.418510,-19.700762,0
2016-02-29,sh.600004,11.7400,11.7400,11.1500,11.2800,11.8700,16402146,186494064.0000,3,1.426274,1,-4.970500,10.221992,1.403971,2.298298,-18.721533,0
2016-03-01,sh.600004,11.3000,11.5000,11.2100,11.4300,11.2800,10252758,116432172.0000,3,0.891544,1,1.329800,10.357923,1.422641,2.328860,-18.970490,0
2016-03-02,sh.600004,11.4400,11.9600,11.4300,11.8800,11.4300,13791306,162423398.0000,3,1.199244,1,3.937000,10.765715,1.478650,2.420548,-19.717359,0
2016-03-03,sh.600004,11.8900,11.9500,11.8000,11.8400,11.8800,8422393,99966518.0000,3,0.732382,1,-0.336700,10.729467,1.473671,2.412398,-19.650971,0
2016-03-04,sh.600004,11.8400,11.8900,11.5000,11.7300,11.8400,9342396,109695429.0000,3,0.812382,1,-0.929100,10.629784,1.459980,2.389985,-19.468403,0
2016-03-07,sh.600004,11.8100,12.0300,11.7500,11.8400,11.7300,8238326,97839382.0000,3,0.716376,1,0.937800,10.729467,1.473671,2.412398,-19.650971,0
2016-03-08,sh.600004,11.8000,11.8600,11.4800,11.8500,11.8400,5711818,66742090.0000,3,0.496680,1,0.084500,10.738529,1.474916,2.414435,-19.667568,0
2016-03-09,sh.600004,11.6800,11.8600,11.5500,11.7200,11.8500,4074858,47774104.0000,3,0.354335,1,-1.097000,10.620722,1.458736,2.387948,-19.451806,0
2016-03-10,sh.600004,11.6700,11.8000,11.5700,11.5900,11.7200,3878119,45385925.0000,3,0.337228,1,-1.109200,10.502916,1.442555,2.361460,-19.236043,0
2016-03-11,sh.600004,11.5600,11.6700,11.4600,11.6000,11.5900,3334393,38610549.0000,3,0.289947,1,0.086300,10.511978,1.443800,2.363498,-19.252641,0
2016-03-14,sh.600004,11.6900,11.9900,11.6900,11.8300,11.6000,7292832,86575877.0000,3,0.634159,1,1.982800,10.720405,1.472427,2.410360,-19.634374,0
2016-03-15,sh.600004,11.8700,12.1300,11.8200,12.0200,11.8300,9998629,120002474.0000,3,0.869446,1,1.606100,10.892584,1.496075,2.449073,-19.949719,0
2016-03-16,sh.600004,12.0700,12.0900,11.8800,11.9300,12.0200,4314733,51625863.0000,3,0.375194,1,-0.748800,10.811025,1.484873,2.430735,-19.800345,0
2016-03-17,sh.600004,11.9400,12.1800,11.9100,12.1100,11.9300,6138879,74017065.0000,3,0.533816,1,1.508800,10.974142,1.507277,2.467410,-20.099093,0
2016-03-18,sh.600004,12.1500,12.4200,12.1100,12.3400,12.1100,7536562,92635651.0000,3,0.655353,1,1.899300,11.182569,1.535904,2.514272,-20.480826,0
2016-03-21,sh.600004,12.3900,12.5900,12.3600,12.5000,12.3400,8027849,100398614.0000,3,0.698074,1,1.296600,11.327562,1.555819,2.546872,-20.746380,0
2016-03-22,sh.600004,12.4000,12.4900,12.3000,12.4000,12.5000,6346385,78574206.0000,3,0.551860,1,-0.800000,11.236942,1.543372,2.526497,-20.580409,0
2016-03-23,sh.600004,12.3900,12.4300,12.1200,12.2500,12.4000,7097973,86774237.0000,3,0.617215,1,-1.209700,11.101011,1.524702,2.495935,-20.331452,0
2016-03-24,sh.600004,12.1800,12.2600,12.0300,12.1000,12.2500,4906959,59662735.0000,3,0.426692,1,-1.224500,10.965080,1.506032,2.465372,-20.082496,0
2016-03-25,sh.600004,12.0900,12.3200,12.0800,12.2000,12.1000,3465601,42240954.0000,3,0.301357,1,0.826400,11.055701,1.518479,2.485747,-20.248467,0
2016-03-28,sh.600004,12.2700,12.4600,12.1500,12.2100,12.2000,5695957,70240100.0000,3,0.495301,1,0.082000,11.064763,1.519724,2.487785,-20.265064,0
2016-03-29,sh.600004,12.2300,12.2900,12.0000,12.0900,12.2100,6765616,82174644.0000,3,0.588314,1,-0.982800,10.956018,1.504788,2.463335,-20.065899,0
2016-03-30,sh.600004,12.1800,12.5400,12.1500,12.5200,12.0900,10814416,133888978.0000,3,0.940384,1,3.556700,11.345686,1.558308,2.550947,-20.779574,0
2016-03-31,sh.600004,12.4000,12.5400,12.3500,12.4000,12.5200,10320709,128317185.0000,3,0.897453,1,-0.958500,11.236942,1.543372,2.526497,-20.580409,0
2016-04-01,sh.600004,12.3600,12.5000,12.1600,12.3200,12.4000,6689774,82256366.0000,3,0.581719,1,-0.645200,11.164445,1.533415,2.510197,-20.447632,0
2016-04-05,sh.600004,12.3000,12.6400,12.2600,12.5800,12.3200,7335643,91696880.0000,3,0.637882,1,2.110400,11.400059,1.565776,2.563172,-20.879157,0
2016-04-06,sh.600004,12.6000,12.6600,12.5100,12.6500,12.5800,5078337,63891162.0000,3,0.441595,1,0.556400,11.463493,1.574488,2.577435,-20.995336,0
2016-04-07,sh.600004,12.6200,12.7900,12.4800,12.4900,12.6500,4684514,59116001.0000,3,0.407349,1,-1.264800,11.318500,1.554574,2.544835,-20.729783,0
2016-04-08,sh.600004,12.4400,12.4500,12.2500,12.3600,12.4900,4665666,57595398.0000,3,0.405710,1,-1.040800,11.200693,1.538394,2.518347,-20.514020,0
2016-04-11,sh.600004,12.4300,12.6100,12.4300,12.5800,12.3600,4971316,62326846.0000,3,0.432288,1,1.779900,11.400059,1.565776,2.563172,-20.879157,0
2016-04-12,sh.600004,12.5600,12.6000,12.4100,12.5100,12.5800,3578649,44699118.0000,3,0.311187,1,-0.556400,11.336624,1.557063,2.548910,-20.762977,0
2016-04-13,sh.600004,12.5200,12.8600,12.5200,12.6900,12.5100,8363785,106563324.0000,3,0.727286,1,1.438800,11.499741,1.579467,2.585585,-21.061725,0
2016-04-14,sh.600004,12.7100,12.7800,12.6300,12.7500,12.6900,3145457,39971702.0000,3,0.273518,1,0.472800,11.554113,1.586935,2.597810,-21.161307,0
2016-04-15,sh.600004,12.7100,12.7900,12.6200,12.7500,12.7500,3310438,42103651.0000,3,0.287864,1,0.000000,11.554113,1.586935,2.597810,-21.161307,0
2016-04-18,sh.600004,12.7000,12.7000,12.4600,12.4900,12.7500,5078105,63759780.0000,3,0.441574,1,-2.039200,11.462455,1.554574,2.555903,-20.729783,0
2016-04-19,sh.600004,12.5200,12.5900,12.3500,12.4000,12.4900,6608953,82245444.0000,3,0.574692,1,-0.720600,11.379859,1.543372,2.537486,-20.580409,0
2016-04-20,sh.600004,12.4100,12.5000,11.9500,12.1500,12.4000,7270983,88918129.0000,3,0.632259,1,-2.016100,11.150427,1.512256,2.486327,-20.165481,0
2016-04-21,sh.600004,12.0900,12.2700,12.0700,12.1200,12.1500,3346946,40780675.0000,3,0.291039,1,-0.246900,11.122895,1.508522,2.480188,-20.115690,0
2016-04-22,sh.600004,12.1200,12.2100,12.0100,12.1200,12.1200,3757379,45453605.0000,3,0.326729,1,0.000000,11.122895,1.508522,2.480188,-20.115690,0
2016-04-25,sh.600004,12.0900,12.2400,11.9200,12.1500,12.1200,5629917,68107154.0000,3,0.489558,1,0.247500,11.150427,1.512256,2.486327,-20.165481,0
2016-04-26,sh.600004,12.1100,12.2300,12.0900,12.2000,12.1500,2648945,32217714.0000,3,0.230343,1,0.411500,11.196313,1.518479,2.496559,-20.248467,0
2016-04-27,sh.600004,12.1800,12.2400,12.1100,12.1400,12.2000,3828657,46595478.0000,3,0.332927,1,-0.491800,11.141249,1.511011,2.484281,-20.148884,0
2016-04-28,sh.600004,12.1300,12.1800,12.0000,12.0900,12.1400,3234104,39102158.0000,3,0.281226,1,-0.411900,11.095363,1.504788,2.474049,-20.065899,0
2016-04-29,sh.600004,12.0700,12.1600,12.0100,12.0200,12.0900,4540384,54857843.0000,3,0.394816,1,-0.579000,10.720236,1.343330,2.436677,-23.679872,0
2016-05-03,sh.600004,12.0500,12.3400,12.0400,12.3000,12.0200,8367160,102364363.0000,3,0.727579,1,2.329400,10.969958,1.374623,2.493438,-24.231483,0
2016-05-04,sh.600004,12.2400,12.4300,12.1500,12.3800,12.3000,10916342,134374927.0000,3,0.949247,1,0.650400,11.041308,1.383563,2.509656,-24.389086,0
2016-05-05,sh.600004,12.3600,12.4800,12.3200,12.4200,12.3800,8964561,111198996.0000,3,0.779527,1,0.323100,11.076982,1.388033,2.517764,-24.467888,0
2016-05-06,sh.600004,12.4500,12.5600,12.2100,12.2700,12.4200,12265276,151757168.0000,3,1.066546,1,-1.207700,10.943202,1.371270,2.487357,-24.172382,0
2016-05-09,sh.600004,12.2500,12.2500,11.8000,11.9000,12.2700,7995254,95774518.0000,3,0.695239,1,-3.015500,10.613212,1.329919,2.412351,-23.443467,0
2016-05-10,sh.600004,11.8400,11.9700,11.8400,11.9400,11.9000,3767434,44915729.0000,3,0.327603,1,0.336100,10.648886,1.334390,2.420460,-23.522269,0
2016-05-11,sh.600004,11.9900,12.6500,11.9400,12.3400,11.9400,12269659,150305421.0000,3,1.066927,1,3.350100,11.005633,1.379093,2.501547,-24.310284,0
2016-05-12,sh.600004,12.2600,12.3600,12.0900,12.2800,12.3400,6264058,76579274.0000,3,0.544701,1,-0.486200,10.952121,1.372387,2.489384,-24.192082,0
2016-05-13,sh.600004,12.2200,12.4000,12.1200,12.1900,12.2800,5671598,69406950.0000,3,0.493182,1,-0.732900,10.871853,1.362329,2.471139,-24.014778,0
2016-05-16,sh.600004,12.1900,12.3100,12.1300,12.3000,12.1900,3701441,45277959.0000,3,0.321864,1,0.902400,10.969958,1.374623,2.493438,-24.231483,0
2016-05-17,sh.600004,12.2900,12.3700,12.1700,12.2600,12.3000,3644458,44701530.0000,3,0.316909,1,-0.325200,10.934284,1.370152,2.485329,-24.152681,0
2016-05-18,sh.600004,12.2200,12.2600,11.9500,12.0200,12.2600,5148771,62305076.0000,3,0.447719,1,-1.957600,10.720236,1.343330,2.436677,-23.679872,0
2016-05-19,sh.600004,12.0300,12.1000,11.9700,11.9900,12.0200,4641469,55793230.0000,3,0.403606,1,-0.249600,10.693480,1.339978,2.430595,-23.620771,0
2016-05-20,sh.600004,11.9600,12.0400,11.9300,12.0300,11.9900,2915937,34960937.0000,3,0.253560,1,0.333600,10.729154,1.344448,2.438704,-23.699572,0
2016-05-23,sh.600004,11.9900,12.2700,11.9800,12.1600,12.0300,5421637,65918352.0000,3,0.471447,1,1.080600,10.845097,1.358976,2.465058,-23.955677,0
2016-05-24,sh.600004,12.1500,12.1600,12.0000,12.0800,12.1600,2725634,32900342.0000,3,0.237012,1,-0.657900,10.773748,1.350036,2.448840,-23.798074,0
2016-05-25,sh.600004,12.1400,12.1700,12.0200,12.0400,12.0800,2127760,25710612.0000,3,0.185023,1,-0.331100,10.738073,1.345565,2.440731,-23.719273,0
2016-05-26,sh.600004,12.0700,12.0700,11.9000,12.0000,12.0400,4465033,53410841.0000,3,0.388264,1,-0.332200,10.702398,1.341095,2.432623,-23.640471,0
2016-05-27,sh.600004,11.9900,12.0300,11.9100,11.9600,12.0000,3292669,39394852.0000,3,0.286319,1,-0.333300,10.666724,1.336625,2.424514,-23.561669,0
2016-05-30,sh.600004,11.9500,12.0100,11.8700,11.9000,11.9600,3785261,45118266.0000,3,0.329153,1,-0.501700,10.613212,1.329919,2.412351,-23.443467,0
2016-05-31,sh.600004,11.9200,12.2400,11.9200,12.2400,11.9000,9090874,110248063.0000,3,0.790511,1,2.857100,10.916446,1.367917,2.481275,-24.113280,0
2016-06-01,sh.600004,12.2300,12.2400,12.1500,12.1900,12.2400,5616280,68471048.0000,3,0.488372,1,-0.408500,10.871853,1.362329,2.471139,-24.014778,0
2016-06-02,sh.600004,12.2000,12.2200,12.1300,12.1900,12.1900,4056587,49377308.0000,3,0.352747,1,0.000000,10.871853,1.362329,2.471139,-24.014778,0
2016-06-03,sh.600004,12.2100,12.3200,12.1500,12.2800,12.1900,8076250,99074647.0000,3,0.702283,1,0.738300,10.952121,1.372387,2.489384,-24.192082,0
2016-06-06,sh.600004,12.3100,12.4600,12.2800,12.3200,12.2800,6097888,75402815.0000,3,0.530251,1,0.325700,10.987796,1.376858,2.497493,-24.270884,0
2016-06-07,sh.600004,12.3000,12.3300,12.2200,12.2600,12.3200,2858086,35039721.0000,3,0.248529,1,-0.487000,10.934284,1.370152,2.485329,-24.152681,0
2016-06-08,sh.600004,12.2500,12.2500,12.0900,12.1600,12.2600,3910121,47575218.0000,3,0.340011,1,-0.815700,10.845097,1.358976,2.465058,-23.955677,0
2016-06-13,sh.600004,12.0800,12.1200,11.9400,11.9600,12.1600,4023986,48502731.0000,3,0.349912,1,-1.644700,10.666724,1.336625,2.424514,-23.561669,0
2016-06-14,sh.600004,11.9400,12.0000,11.9000,11.9700,11.9600,3605852,43074845.0000,3,0.313552,1,0.083600,10.675642,1.337742,2.426541,-23.581370,0
2016-06-15,sh.600004,11.9100,12.1600,11.9000,12.1500,11.9700,3932811,47429231.0000,3,0.341984,1,1.503800,10.836178,1.357859,2.463030,-23.935977,0
2016-06-16,sh.600004,12.1000,12.1000,11.9700,12.0100,12.1500,3004600,36189245.0000,3,0.261270,1,-1.152300,10.711317,1.342213,2.434650,-23.660171,0
2016-06-17,sh.600004,12.0300,12.1300,12.0300,12.0900,12.0100,3116545,37662124.0000,3,0.271004,1,0.666100,10.782666,1.351153,2.450867,-23.817775,0
2016-06-20,sh.600004,12.0700,12.0900,11.9400,12.0600,12.0900,3496555,41943149.0000,3,0.304048,1,-0.248100,10.755910,1.347801,2.444786,-23.758673,0
2016-06-21,sh.600004,12.0700,12.1500,12.0500,12.0900,12.0600,4110059,49730571.0000,3,0.357396,1,0.248800,10.782666,1.351153,2.450867,-23.817775,0
2016-06-22,sh.600004,12.0600,12.2500,12.0400,12.2500,12.0900,4226107,51382403.0000,3,0.367488,1,1.323400,10.925365,1.369035,2.483302,-24.132981,0
2016-06-23,sh.600004,12.2300,12.2600,12.1300,12.1800,12.2500,1825590,22232952.0000,3,0.158747,1,-0.571400,10.862934,1.361212,2.469112,-23.995078,0
2016-06-24,sh.600004,12.1300,12.2000,11.8300,12.0500,12.1800,3575409,43114430.0000,3,0.310905,1,-1.067300,10.746992,1.346683,2.442759,-23.738973,0
2016-06-27,sh.600004,12.0500,12.2000,12.0300,12.1700,12.0500,2421825,29400716.0000,3,0.210593,1,0.995800,10.854016,1.360094,2.467085,-23.975378,0
2016-06-28,sh.600004,12.1300,12.1700,12.0500,12.1600,12.1700,4022661,48710077.0000,3,0.349797,1,-0.082200,10.845097,1.358976,2.465058,-23.955677,0
2016-06-29,sh.600004,12.1700,12.2600,12.1500,12.2500,12.1600,4332837,52969910.0000,3,0.376768,1,0.740100,10.925365,1.369035,2.483302,-24.132981,0
2016-06-30,sh.600004,12.2900,12.3000,12.2100,12.2600,12.2500,2988600,36588448.0000,3,0.259878,1,0.081600,10.934284,1.370152,2.485329,-24.152681,0
2016-07-01,sh.600004,12.2700,12.3200,12.2400,12.2800,12.2600,2551342,31338939.0000,3,0.221856,1,0.163100,10.952121,1.372387,2.489384,-24.192082,0
2016-07-04,sh.600004,12.2700,12.5900,12.2200,12.4800,12.2800,8041640,100314515.0000,3,0.699273,1,1.628700,11.130494,1.394739,2.529928,-24.586090,0
2016-07-05,sh.600004,12.5100,12.6500,12.4900,12.5800,12.4800,5884384,74027826.0000,3,0.511686,1,0.801300,11.219681,1.405915,2.550199,-24.783094,0
2016-07-06,sh.600004,12.6000,12.7000,12.4800,12.6700,12.5800,7213400,90905572.0000,3,0.627252,1,0.715400,11.299949,1.415973,2.568444,-24.960397,0
2016-07-07,sh.600004,12.6400,12.6800,12.5200,12.6400,12.6700,4842503,61054673.0000,3,0.421087,1,-0.236800,11.273193,1.412620,2.562363,-24.901296,0
2016-07-08,sh.600004,12.6400,12.6600,12.4900,12.5000,12.6400,4440849,55675212.0000,3,0.386161,1,-1.107600,11.148332,1.396974,2.533982,-24.625491,0
2016-07-11,sh.600004,12.5300,12.6100,12.4400,12.5300,12.5000,6176461,77438303.0000,3,0.537084,1,0.240000,11.175088,1.400327,2.540063,-24.684592,0
2016-07-12,sh.600004,12.5200,13.1200,12.5000,13.0200,12.5300,20966763,269660080.0000,3,1.823197,1,3.910600,11.612102,1.455088,2.639396,-25.649911,0
2016-07-13,sh.600004,13.0500,13.0800,12.8700,12.9400,13.0200,9546639,123692069.0000,3,0.830143,1,-0.614400,11.540753,1.446148,2.623178,-25.492308,0
2016-07-14,sh.600004,12.9400,12.9600,12.8500,12.9600,12.9400,6541075,84448495.0000,3,0.568789,1,0.154600,11.558590,1.448383,2.627232,-25.531709,0
2016-07-15,sh.600004,12.9500,13.1200,12.9500,13.0600,12.9600,6202975,81049229.0000,3,0.539389,1,0.771600,11.647777,1.459559,2.647504,-25.728713,0
2016-07-18,sh.600004,13.0600,13.2500,12.9400,12.9600,13.0600,7728348,101040523.0000,3,0.672030,1,-0.765700,11.558590,1.448383,2.627232,-25.531709,0
2016-07-19,sh.600004,12.9800,12.9800,12.8500,12.9400,12.9600,5078733,65552994.0000,3,0.441629,1,-0.154300,11.540753,1.446148,2.623178,-25.492308,0
2016-07-20,sh.600004,12.9300,12.9900,12.8700,12.9100,12.9400,3104636,40109408.0000,3,0.269968,1,-0.231800,11.513997,1.442795,2.617097,-25.433207,0
2016-07-21,sh.600004,12.9000,13.4100,12.8900,13.3000,12.9100,15778076,208640548.0000,3,1.372007,1,3.020900,11.861825,1.486380,2.696157,-26.201522,0
2016-07-22,sh.600004,13.2400,13.3600,13.1700,13.2000,13.3000,6974892,92639368.0000,3,0.606512,1,-0.751900,11.772638,1.475205,2.675885,-26.004518,0
2016-07-25,sh.600004,13.1500,13.2900,13.1300,13.2200,13.2000,4521527,59789727.0000,3,0.393176,1,0.151500,11.790476,1.477440,2.679939,-26.043919,0
2016-07-26,sh.600004,13.2500,13.5600,13.2000,13.5500,13.2200,8991482,120901564.0000,3,0.781868,1,2.496200,12.084792,1.514320,2.746836,-26.694032,0
2016-07-27,sh.600004,13.5700,13.8500,13.3000,13.4400,13.5500,14913381,203042501.0000,3,1.296816,1,-0.811800,11.986686,1.502027,2.724537,-26.477328,0
2016-07-28,sh.600004,13.5100,13.8600,13.4100,13.7900,13.4400,11291979,154316464.0000,3,0.981911,1,2.604200,12.298840,1.541142,2.795489,-27.166841,0
2016-07-29,sh.600004,13.7600,13.9000,13.5300,13.5800,13.7900,8610588,118097851.0000,3,0.748747,1,-1.522800,12.111548,1.517673,2.752918,-26.753133,0
2016-08-01,sh.600004,13.5200,13.5700,13.3300,13.4200,13.5800,7562240,101610813.0000,3,0.657586,1,-1.178200,11.968849,1.499791,2.720483,-26.437927,0
2016-08-02,sh.600004,13.4200,13.4800,13.2400,13.4000,13.4200,4363629,58309646.0000,3,0.379446,1,-0.149000,11.951012,1.497556,2.716429,-26.398526,0
2016-08-03,sh.600004,13.3800,13.5400,13.3300,13.4900,13.4000,4688486,63154557.0000,3,0.407694,1,0.671600,12.031280,1.507614,2.734673,-26.575830,0
2016-08-04,sh.600004,13.4700,13.5800,13.4000,13.5000,13.4900,4864527,65602267.0000,3,0.423002,1,0.074100,12.040198,1.508732,2.736700,-26.595530,0
2016-08-05,sh.600004,13.2000,13.2500,13.1400,13.1900,13.1800,4007065,52838311.0000,3,0.348440,1,0.075900,11.763720,1.474087,2.673858,-25.984818,0
2016-08-08,sh.600004,13.0900,13.1200,12.8800,13.0900,13.1900,6699884,87133062.0000,3,0.582599,1,-0.758100,11.674533,1.462911,2.653586,-25.787814,0
2016-08-09,sh.600004,13.0700,13.2600,13.0600,13.2000,13.0900,4755112,62616820.0000,3,0.413488,1,0.840300,11.772638,1.475205,2.675885,-26.004518,0
2016-08-10,sh.600004,13.2100,13.2200,13.0100,13.0500,13.2000,4961867,64945897.0000,3,0.431467,1,-1.136400,11.638858,1.458441,2.645477,-25.709012,0
2016-08-11,sh.600004,13.0500,13.0900,12.8600,12.9000,13.0500,6204200,80491163.0000,3,0.539496,1,-1.149400,11.505078,1.441677,2.615069,-25.413506,0
2016-08-12,sh.600004,12.9000,13.3100,12.8800,13.3100,12.9000,7443655,97608950.0000,3,0.647274,1,3.178300,11.870744,1.487498,2.698184,-26.221222,0
2016-08-15,sh.600004,13.2600,13.6600,13.2600,13.5300,13.3100,12745401,172202197.0000,3,1.108296,1,1.652900,12.066954,1.512085,2.742782,-26.654631,0
2016-08-16,sh.600004,13.5500,13.8100,13.3300,13.3700,13.5300,17916552,242147322.0000,3,1.557961,1,-1.182600,11.924256,1.494203,2.710347,-26.339425,0
2016-08-17,sh.600004,13.3900,13.5200,13.3700,13.4700,13.3700,6693260,90068782.0000,3,0.582023,1,0.747900,12.013442,1.505379,2.730619,-26.536429,0
2016-08-18,sh.600004,13.4900,13.6400,13.4500,13.4900,13.4700,6744387,91340502.0000,3,0.586468,1,0.148500,12.031280,1.507614,2.734673,-26.575830,0
2016-08-19,sh.600004,13.5500,13.6200,13.3700,13.5500,13.4900,6766706,91354606.0000,3,0.588409,1,0.444800,12.084792,1.514320,2.746836,-26.694032,0
2016-08-22,sh.600004,13.5600,13.8400,13.5300,13.6700,13.5500,10270372,141064617.0000,3,0.893076,1,0.885600,12.191816,1.527731,2.771163,-26.930437,0
2016-08-23,sh.600004,13.6400,13.8300,13.6300,13.6800,13.6700,4072202,55852218.0000,3,0.354105,1,0.073200,12.200734,1.528848,2.773190,-26.950137,0
2016-08-24,sh.600004,13.6900,13.9900,13.6900,13.9300,13.6800,10460394,145540986.0000,3,0.909599,1,1.827500,12.423701,1.556788,2.823869,-27.442647,0
2016-08-25,sh.600004,13.9300,14.2500,13.8100,14.2000,13.9300,12583672,176267437.0000,3,1.094232,1,1.938300,12.664505,1.586963,2.878603,-27.974557,0
2016-08-26,sh.600004,14.2200,14.4300,14.1200,14.1800,14.2000,7429834,106188995.0000,3,0.646073,1,-0.140800,12.646667,1.584727,2.874549,-27.935157,0
2016-08-29,sh.600004,14.1200,14.1500,13.8100,13.9800,14.1800,7115507,99589757.0000,3,0.618740,1,-1.410400,12.468294,1.562376,2.834005,-27.541149,0
2016-08-30,sh.600004,13.9800,14.0900,13.9200,14.0600,13.9800,3707827,51841656.0000,3,0.322420,1,0.572300,12.539643,1.571316,2.850223,-27.698752,0
2016-08-31,sh.600004,13.9800,14.0400,13.7200,13.8000,14.0600,10262938,141989775.0000,3,0.892429,1,-1.849200,11.933482,1.545028,2.721915,18.677819,0
2016-09-01,sh.600004,13.8200,13.9200,13.7800,13.8100,13.8000,4565131,63261124.0000,3,0.396968,1,0.072500,11.942129,1.546148,2.723888,18.691354,0
2016-09-02,sh.600004,13.8100,13.9000,13.7300,13.8200,13.8100,4086145,56480431.0000,3,0.355317,1,0.072400,11.950776,1.547268,2.725860,18.704889,0
2016-09-05,sh.600004,13.8300,14.0900,13.8100,14.0700,13.8200,6350163,88956320.0000,3,0.552188,1,1.808972,12.166963,1.575257,2.775170,19.043255,0
2016-09-06,sh.600004,14.0700,14.2000,13.9100,14.0900,14.0700,6062704,85381529.0000,3,0.527192,1,0.142150,12.184258,1.577496,2.779115,19.070324,0
2016-09-07,sh.600004,14.0900,14.4000,14.0800,14.2800,14.0900,7536435,107721917.0000,3,0.655342,1,1.348471,12.348559,1.598769,2.816591,19.327483,0
2016-09-08,sh.600004,14.2800,14.4900,14.1400,14.2600,14.2800,5012989,71777751.0000,3,0.435912,1,-0.140053,12.331264,1.596529,2.812646,19.300413,0
2016-09-09,sh.600004,14.2600,14.4500,14.2100,14.3600,14.2600,5376158,77300333.0000,3,0.467492,1,0.701258,12.417739,1.607725,2.832370,19.435760,0
2016-09-12,sh.600004,14.1800,14.2000,13.7500,13.9300,14.3600,11167580,155445810.0000,3,0.971094,1,-2.994425,12.045898,1.559583,2.747557,18.853770,0
2016-09-13,sh.600004,13.9400,14.0500,13.8200,13.9300,13.9300,4084943,56875598.0000,3,0.355212,1,0.000000,12.045898,1.559583,2.747557,18.853770,0
2016-09-14,sh.600004,13.9200,13.9300,13.7700,13.8100,13.9300,3692635,51084533.0000,3,0.321099,1,-0.861449,11.942129,1.546148,2.723888,18.691354,0
2016-09-19,sh.600004,13.8200,14.0900,13.8100,14.0300,13.8100,3292453,45954599.0000,3,0.286300,1,1.593043,12.132373,1.570779,2.767281,18.989116,0
2016-09-20,sh.600004,14.0300,14.2400,13.9200,14.0500,14.0300,6032505,85079910.0000,3,0.524566,1,0.142555,12.149668,1.573018,2.771226,19.016186,0
2016-09-21,sh.600004,14.0700,14.1100,13.9600,14.0400,14.0500,2993607,42082236.0000,3,0.260314,1,-0.071176,12.141020,1.571898,2.769253,19.002651,0
2016-09-22,sh.600004,14.0500,14.3600,14.0000,14.0500,14.0400,6787362,96091483.0000,3,0.590205,1,0.071227,12.149668,1.573018,2.771226,19.016186,0
2016-09-23,sh.600004,14.0700,14.1600,14.0600,14.0900,14.0500,2958620,41700777.0000,3,0.257271,1,0.284697,12.184258,1.577496,2.779115,19.070324,0
2016-09-26,sh.600004,14.0900,14.1100,13.8200,13.8600,14.0900,3482269,48491149.0000,3,0.302806,1,-1.632367,11.985366,1.551746,2.733750,18.759027,0
2016-09-27,sh.600004,13.8400,13.9400,13.7800,13.9100,13.8600,2228833,30921758.0000,3,0.193812,1,0.360752,12.028603,1.557344,2.743612,18.826700,0
2016-09-28,sh.600004,13.9000,13.9200,13.6600,13.7000,13.9100,4947084,67960022.0000,3,0.430181,1,-1.509706,11.847007,1.533833,2.702191,18.542473,0
2016-09-29,sh.600004,13.7500,13.8400,13.7100,13.7800,13.7000,3031420,41791199.0000,3,0.263602,1,0.583941,11.916187,1.542789,2.717971,18.650750,0
2016-09-30,sh.600004,13.7800,13.8500,13.7200,13.8200,13.7800,1980138,27303222.0000,3,0.172182,1,0.290276,11.951048,1.547303,2.725922,18.705313,0
2016-10-10,sh.600004,13.9000,14.1500,13.8700,14.1000,13.8200,5346822,75064754.0000,3,0.464930,1,2.026054,12.193182,1.578652,2.781151,19.084292,0
2016-10-11,sh.600004,14.1300,14.1300,14.0100,14.0600,14.1000,5135147,72272524.0000,3,0.446524,1,-0.283688,12.158591,1.574173,2.773261,19.030152,0
2016-10-12,sh.600004,14.0500,14.0800,13.8800,13.9600,14.0600,3271893,45752773.0000,3,0.284506,1,-0.711240,12.072115,1.562977,2.753536,18.894803,0
2016-10-13,sh.600004,13.9600,14.0300,13.9000,13.9500,13.9600,2670033,37249326.0000,3,0.232172,1,-0.071635,12.063467,1.561858,2.751564,18.881268,0
2016-10-14,sh.600004,13.9500,14.0100,13.8200,14.0000,13.9500,4031229,55971952.0000,3,0.350534,1,0.358424,12.106705,1.567456,2.761426,18.948942,0
2016-10-17,sh.600004,13.9900,14.0600,13.8900,13.9000,14.0000,4277329,59903269.0000,3,0.371933,1,-0.714288,12.020229,1.556260,2.741702,18.813593,0
2016-10-18,sh.600004,13.8900,14.1700,13.8900,14.1400,13.9000,5645122,79455299.0000,3,0.490869,1,1.726624,12.227772,1.583130,2.789040,19.138432,0
2016-10-19,sh.600004,14.1200,14.2100,14.0900,14.1500,14.1400,3423315,48454437.0000,3,0.297673,1,0.070716,12.236420,1.584250,2.791013,19.151967,0
2016-10-20,sh.600004,14.1900,14.2000,14.1100,14.1700,14.1500,3816051,53996881.0000,3,0.331823,1,0.141346,12.253715,1.586489,2.794958,19.179037,0
2016-10-21,sh.600004,14.1600,14.2500,14.1200,14.2300,14.1700,3656860,51880589.0000,3,0.317981,1,0.423426,12.305601,1.593207,2.806792,19.260247,0
2016-10-24,sh.600004,14.2500,14.5500,14.2100,14.4700,14.2300,7368081,106652455.0000,3,0.640688,1,1.686583,12.513145,1.620077,2.854131,19.585086,0
2016-10-25,sh.600004,14.5000,14.6400,14.4000,14.5500,14.4700,4748427,68919447.0000,3,0.412897,1,0.552867,12.582326,1.629034,2.869911,19.693365,0
2016-10-26,sh.600004,14.5500,14.5500,14.4000,14.4800,14.5500,2407785,34831394.0000,3,0.209368,1,-0.481104,12.521792,1.621197,2.856104,19.598620,0
2016-10-27,sh.600004,14.4800,14.5900,14.3300,14.3800,14.4800,2841547,40974316.0000,3,0.247085,1,-0.690604,12.435316,1.610001,2.836379,19.463271,0
2016-10-28,sh.600004,14.3800,14.6200,14.3400,14.5000,14.3800,4248853,61749352.0000,3,0.369457,1,0.834492,12.539088,1.623436,2.860049,19.625690,0
2016-10-31,sh.600004,14.5300,14.8700,14.5000,14.6400,14.5000,7776537,114014878.0000,3,0.676205,1,0.965520,12.167248,1.583170,2.825921,23.995711,0
2016-11-01,sh.600004,14.6200,14.7300,14.4900,14.6500,14.6400,3900052,56959574.0000,3,0.339127,1,0.068301,12.175559,1.584251,2.827851,24.012102,0
2016-11-02,sh.600004,14.5900,14.6600,14.5000,14.6500,14.6500,3394490,49487931.0000,3,0.295166,1,0.000000,12.175559,1.584251,2.827851,24.012102,0
2016-11-03,sh.600004,14.5900,14.6900,14.4500,14.5800,14.6500,4641823,67676070.0000,3,0.403628,1,-0.477814,12.117382,1.576682,2.814339,23.897368,0
2016-11-04,sh.600004,14.6100,14.7700,14.6000,14.6800,14.5800,3786526,55629341.0000,3,0.329256,1,0.685874,12.200492,1.587496,2.833642,24.061274,0
2016-11-07,sh.600004,14.6400,14.8600,14.5800,14.8400,14.6800,4457906,65729989.0000,3,0.387635,1,1.089917,12.333467,1.604798,2.864526,24.323522,0
2016-11-08,sh.600004,14.8800,15.0900,14.8500,15.0500,14.8400,4812756,72213564.0000,3,0.418491,1,1.415094,12.507998,1.627507,2.905062,24.667722,0
2016-11-09,sh.600004,15.0400,15.0700,14.6800,14.8300,15.0500,5719386,85101645.0000,3,0.497327,1,-1.461796,12.325157,1.603717,2.862596,24.307131,0
2016-11-10,sh.600004,14.9100,15.3200,14.9100,15.1700,14.8300,5348684,81296076.0000,3,0.465092,1,2.292651,12.607729,1.640484,2.928225,24.864409,0
2016-11-11,sh.600004,15.1300,15.2900,15.1300,15.2600,15.1700,4028967,61315104.0000,3,0.350337,1,0.593277,12.682528,1.650217,2.945598,25.011923,0
2016-11-14,sh.600004,15.2500,15.3100,14.9800,15.1700,15.2600,4961859,75187314.0000,3,0.431456,1,-0.589778,12.607729,1.640484,2.928225,24.864409,0
2016-11-15,sh.600004,15.1700,15.2500,15.0100,15.1400,15.1700,2905980,43981504.0000,3,0.252688,1,-0.197757,12.582796,1.637240,2.922434,24.815237,0
2016-11-16,sh.600004,15.1500,15.1700,14.9800,15.0100,15.1400,4872836,73329167.0000,3,0.423715,1,-0.858653,12.474754,1.623182,2.897341,24.602160,0
2016-11-17,sh.600004,15.0100,15.1600,14.9700,15.0900,15.0100,4355474,65539534.0000,3,0.378728,1,0.532977,12.541242,1.631833,2.912783,24.733285,0
2016-11-18,sh.600004,15.0700,15.1800,14.9700,15.0000,15.0900,2674590,40255970.0000,3,0.232568,1,-0.596422,12.466443,1.622100,2.895410,24.585770,0
2016-11-21,sh.600004,14.9900,15.0900,14.8900,14.9800,15.0000,4455837,66786574.0000,3,0.387455,1,-0.133336,12.449821,1.619938,2.891550,24.552989,0
2016-11-22,sh.600004,14.9800,15.0100,14.9200,15.0100,14.9800,3204064,47951758.0000,3,0.278608,1,0.200272,12.474754,1.623182,2.897341,24.602160,0
2016-11-23,sh.600004,15.0600,15.0900,14.9000,14.9500,15.0100,3287269,49338382.0000,3,0.285843,1,-0.399736,12.424888,1.616693,2.885759,24.503817,0
2016-11-24,sh.600004,14.9800,15.1300,14.8900,15.0100,14.9500,4859975,72851781.0000,3,0.422597,1,0.401341,12.474754,1.623182,2.897341,24.602160,0
2016-11-25,sh.600004,15.0100,15.0500,14.8500,15.0000,15.0100,4217637,62964882.0000,3,0.366743,1,-0.066624,12.466443,1.622100,2.895410,24.585770,0
2016-11-28,sh.600004,15.0300,15.0600,14.9000,14.9500,15.0000,7850853,117614747.0000,3,0.682667,1,-0.333335,12.424888,1.616693,2.885759,24.503817,0
2016-11-29,sh.600004,14.9400,15.3500,14.8600,15.0200,14.9500,9684645,146303797.0000,3,0.842124,1,0.468232,12.483065,1.624263,2.899271,24.618551,0
2016-11-30,sh.600004,15.0500,15.0800,14.6300,14.7100,15.0200,9771049,144923007.0000,3,0.849637,1,-2.063918,12.225425,1.590740,2.839432,24.110445,0
2016-12-01,sh.600004,14.7700,14.8300,14.6200,14.6600,14.7100,10038345,147641940.0000,3,0.872880,1,-0.339906,12.183870,1.585333,2.829781,24.028492,0
2016-12-02,sh.600004,14.7000,14.7200,14.5900,14.6700,14.6600,7747888,113477035.0000,3,0.673714,1,0.068214,12.192181,1.586414,2.831711,24.044883,0
2016-12-05,sh.600004,14.6000,14.7000,14.5800,14.6100,14.6700,4405904,64443739.0000,3,0.383113,1,-0.409001,12.142315,1.579926,2.820130,23.946540,0
2016-12-06,sh.600004,14.5900,14.6800,14.5800,14.6400,14.6100,2207238,32334638.0000,3,0.191929,1,0.205344,12.167248,1.583170,2.825921,23.995711,0
2016-12-07,sh.600004,14.6600,14.6600,14.5600,14.6000,14.6400,3779173,55183539.0000,3,0.328616,1,-0.273224,12.134004,1.578844,2.818199,23.930149,0
2016-12-08,sh.600004,14.6200,14.7000,14.5700,14.6400,14.6000,5583003,81753262.0000,3,0.485468,1,0.273972,12.167248,1.583170,2.825921,23.995711,0
2016-12-09,sh.600004,14.6400,14.7400,14.5900,14.6800,14.6400,3792135,55674920.0000,3,0.329743,1,0.273224,12.200492,1.587496,2.833642,24.061274,0
2016-12-12,sh.600004,14.6900,14.7400,14.1000,14.1600,14.6800,12529362,179748276.0000,3,1.089485,1,-3.542237,11.768322,1.531263,2.733267,23.208967,0
2016-12-13,sh.600004,14.1600,14.2200,13.9000,14.0900,14.1600,6653962,93521484.0000,3,0.578592,1,-0.494348,11.710145,1.523693,2.719755,23.094233,0
2016-12-14,sh.600004,14.0700,14.1000,13.7400,13.7600,14.0900,7785760,108150487.0000,3,0.677007,1,-2.342086,11.435884,1.488007,2.656056,22.553346,0
2016-12-15,sh.600004,13.7900,13.9000,13.6800,13.7100,13.7600,6657282,91980612.0000,3,0.578881,1,-0.363374,11.394329,1.482600,2.646405,22.471394,0
2016-12-16,sh.600004,13.7100,14.0900,13.6900,14.0400,13.7100,6654144,92687206.0000,3,0.578608,1,2.407002,11.668591,1.518286,2.710104,23.012281,0
2016-12-19,sh.600004,13.9600,14.1300,13.9500,14.0500,14.0400,4269372,59998467.0000,3,0.371241,1,0.071227,11.676901,1.519367,2.712034,23.028671,0
2016-12-20,sh.600004,14.0400,14.0900,13.9200,13.9600,14.0500,3240056,45369610.0000,3,0.281738,1,-0.640571,11.602103,1.509635,2.694662,22.881157,0
2016-12-21,sh.600004,13.9600,14.2500,13.9600,14.2400,13.9600,5705524,80842644.0000,3,0.496121,1,2.005729,11.834810,1.539914,2.748710,23.340091,0
2016-12-22,sh.600004,14.2300,14.3500,14.2000,14.2600,14.2400,3860833,55129084.0000,3,0.335717,1,0.140453,11.851432,1.542077,2.752570,23.372872,0
2016-12-23,sh.600004,14.2700,14.3000,14.0900,14.1400,14.2600,3196532,45317871.0000,3,0.277953,1,-0.841514,11.751700,1.529100,2.729407,23.176186,0
2016-12-26,sh.600004,14.1000,14.1800,13.9300,14.1100,14.1400,4417188,62110848.0000,3,0.384095,1,-0.212169,11.726767,1.525856,2.723616,23.127014,0
2016-12-27,sh.600004,14.1800,14.3300,14.1000,14.2600,14.1100,3588130,51170829.0000,3,0.312004,1,1.063080,11.851432,1.542077,2.752570,23.372872,0
2016-12-28,sh.600004,14.2500,14.3300,14.0000,14.1000,14.2600,4018045,56716018.0000,3,0.349387,1,-1.122018,11.718456,1.524774,2.721686,23.110624,0
2016-12-29,sh.600004,14.0800,14.1500,14.0000,14.0800,14.1000,2577709,36340434.0000,3,0.224144,1,-0.141847,11.701834,1.522612,2.717825,23.077843,0
2016-12-30,sh.600004,14.1500,14.1900,14.0800,14.0900,14.0800,1931655,27281123.0000,3,0.167966,1,0.071024,11.710145,1.523693,2.719755,23.094233,0
2017-01-03,sh.600004,14.0900,14.3300,14.0900,14.2900,14.0900,4107092,58569557.0000,3,0.357118,1,1.419445,11.876761,1.545373,2.758453,23.422825,0
2017-01-04,sh.600004,14.2800,14.4300,14.2700,14.3900,14.2900,6627299,95211187.0000,3,0.576255,1,0.699793,11.959873,1.556187,2.777756,23.586735,0
2017-01-05,sh.600004,14.4100,14.5200,14.3200,14.3500,14.3900,5044270,72830150.0000,3,0.438608,1,-0.277971,11.926628,1.551861,2.770035,23.521171,0
2017-01-06,sh.600004,14.3100,14.4300,14.2700,14.3500,14.3500,3351562,48071400.0000,3,0.291424,1,0.000000,11.926628,1.551861,2.770035,23.521171,0
2017-01-09,sh.600004,14.3300,14.4800,14.3300,14.4700,14.3500,3177596,45783238.0000,3,0.276297,1,0.836236,12.026363,1.564838,2.793199,23.717864,0
2017-01-10,sh.600004,14.4600,14.5400,14.3600,14.4600,14.4700,3198967,46290202.0000,3,0.278155,1,-0.069110,12.018052,1.563757,2.791269,23.701473,0
2017-01-11,sh.600004,14.4500,14.4500,14.3100,14.3400,14.4600,4459747,64180868.0000,3,0.387782,1,-0.829875,11.918317,1.550780,2.768105,23.504780,0
2017-01-12,sh.600004,14.3400,14.3700,14.1500,14.1600,14.3400,3637391,51815115.0000,3,0.316277,1,-1.255232,11.768715,1.531314,2.733359,23.209741,0
2017-01-13,sh.600004,14.2400,14.2400,14.0700,14.1300,14.1600,3002532,42449636.0000,3,0.261075,1,-0.211863,11.743781,1.528070,2.727568,23.160568,0
2017-01-16,sh.600004,14.1000,14.1500,13.6800,13.9700,14.1300,12019647,167585146.0000,3,1.045128,1,-1.132342,11.610801,1.510767,2.696682,22.898311,0
2017-01-17,sh.600004,13.9100,14.0300,13.8700,13.9300,13.9700,5050698,70520783.0000,3,0.439167,1,-0.286328,11.577556,1.506441,2.688961,22.832747,0
2017-01-18,sh.600004,13.9700,14.0500,13.9300,14.0000,13.9300,6033338,84488189.0000,3,0.524609,1,0.502510,11.635735,1.514011,2.702473,22.947484,0
2017-01-19,sh.600004,13.9900,14.0700,13.9500,14.0100,14.0000,3665457,51344763.0000,3,0.318718,1,0.071430,11.644046,1.515092,2.704404,22.963875,0
2017-01-20,sh.600004,13.9900,14.1800,13.9400,14.1700,14.0100,3496520,49272449.0000,3,0.304028,1,1.142040,11.777026,1.532395,2.735289,23.226132,0
2017-01-23,sh.600004,14.1600,14.3000,14.1500,14.2300,14.1700,3680163,52428727.0000,3,0.319996,1,0.423426,11.826893,1.538884,2.746871,23.324478,0
2017-01-24,sh.600004,14.2500,14.2900,14.1500,14.2600,14.2300,3104957,44180264.0000,3,0.269981,1,0.210827,11.851827,1.542128,2.752662,23.373652,0
2017-01-25,sh.600004,14.2400,14.4400,14.2100,14.4300,14.2600,4876146,70036836.0000,3,0.423989,1,1.192146,11.993118,1.560513,2.785478,23.652300,0
2017-01-26,sh.600004,14.4600,14.5200,14.3600,14.4400,14.4300,3183355,45966371.0000,3,0.276798,1,0.069295,12.001429,1.561594,2.787408,23.668691,0
2017-02-03,sh.600004,14.3800,14.4400,14.1700,14.2500,14.4400,5703293,81481513.0000,3,0.495911,1,-1.315787,11.843516,1.541047,2.750732,23.357261,0
2017-02-06,sh.600004,14.2500,14.3300,14.1700,14.3200,14.2500,4380304,62351574.0000,3,0.380875,1,0.491226,11.901694,1.548617,2.764244,23.471998,0
2017-02-07,sh.600004,14.3100,14.4400,14.2700,14.4300,14.3200,5451583,78368723.0000,3,0.474024,1,0.768161,11.993118,1.560513,2.785478,23.652300,0
2017-02-08,sh.600004,14.4200,14.4900,14.3100,14.4700,14.4300,3386493,48832295.0000,3,0.294461,1,0.277200,12.026363,1.564838,2.793199,23.717864,0
2017-02-09,sh.600004,14.4700,14.5000,14.4100,14.4900,14.4700,3456748,49968408.0000,3,0.300570,1,0.138214,12.042986,1.567001,2.797060,23.750646,0
2017-02-10,sh.600004,14.4900,14.6000,14.4600,14.5600,14.4900,3823025,55667511.0000,3,0.332418,1,0.483096,12.101164,1.574571,2.810572,23.865383,0
2017-02-13,sh.600004,14.5700,14.6600,14.5300,14.6000,14.5600,3770590,55033912.0000,3,0.327859,1,0.274725,12.134409,1.578897,2.818293,23.930948,0
2017-02-14,sh.600004,14.6000,14.6500,14.5000,14.5500,14.6000,3962113,57720769.0000,3,0.344512,1,-0.342467,12.092853,1.573490,2.808642,23.848992,0
2017-02-15,sh.600004,14.5200,14.5600,14.4300,14.4400,14.5500,6775016,98254361.0000,3,0.589099,1,-0.756018,12.001429,1.561594,2.787408,23.668691,0
2017-02-16,sh.600004,14.4600,14.5200,14.4200,14.4800,14.4400,4211315,60940627.0000,3,0.366181,1,0.277008,12.034674,1.565920,2.795129,23.734255,0
2017-02-17,sh.600004,14.4800,14.5100,14.3200,14.3300,14.4800,4926788,70978480.0000,3,0.428392,1,-1.035909,11.910006,1.549698,2.766174,23.488389,0
2017-02-20,sh.600004,14.3600,14.7500,14.3400,14.7300,14.3300,9577726,139577456.0000,3,0.832799,1,2.791344,12.242455,1.592956,2.843388,24.144031,0
2017-02-21,sh.600004,14.7500,14.8400,14.6600,14.8400,14.7300,7098840,104795949.0000,3,0.617256,1,0.746779,12.333879,1.604852,2.864622,24.324333,0
2017-02-22,sh.600004,14.7800,14.9200,14.7800,14.8600,14.8400,4745151,70488509.0000,3,0.412599,1,0.134768,12.350501,1.607014,2.868482,24.357115,0
2017-02-23,sh.600004,14.8600,15.2900,14.8500,15.2700,14.8600,15021438,227651908.0000,3,1.306139,1,2.759090,12.691262,1.651353,2.947626,25.029149,0
2017-02-24,sh.600004,15.2000,15.6900,15.0200,15.3500,15.2700,12731154,195044250.0000,3,1.106995,1,0.523903,12.757752,1.660005,2.963069,25.160277,0
2017-02-27,sh.600004,15.2100,15.2500,14.9200,14.9400,15.3500,7326323,110641936.0000,3,0.637036,1,-2.671015,12.416991,1.615666,2.883925,24.488244,0
2017-02-28,sh.600004,14.9700,15.1000,14.9300,15.0300,14.9400,5234501,78555545.0000,3,0.455148,1,0.602411,12.491792,1.625399,2.901298,24.635763,0
2017-03-01,sh.600004,15.0000,15.1800,15.0000,15.0200,15.0300,3883877,58640650.0000,3,0.337710,1,-0.066529,12.483481,1.624317,2.899368,24.619372,0
2017-03-02,sh.600004,15.0800,15.0900,14.8500,14.9000,15.0200,4960148,74214630.0000,3,0.431293,1,-0.798940,12.383746,1.611340,2.876204,24.422679,0
2017-03-03,sh.600004,14.8400,14.9900,14.7200,14.9400,14.9000,4304419,63822994.0000,3,0.374276,1,0.268456,12.416991,1.615666,2.883925,24.488244,0
2017-03-06,sh.600004,14.9000,15.1600,14.9000,15.0800,14.9400,6068922,91372814.0000,3,0.527703,1,0.937084,12.533349,1.630806,2.910950,24.717719,0
2017-03-07,sh.600004,15.1000,15.1000,14.9500,15.0300,15.0800,3028837,45435391.0000,3,0.263362,1,-0.331566,12.491792,1.625399,2.901298,24.635763,0
2017-03-08,sh.600004,15.0300,15.0300,14.9300,14.9600,15.0300,2042372,30566117.0000,3,0.177588,1,-0.465733,12.433614,1.617829,2.887786,24.521026,0
2017-03-09,sh.600004,14.9900,15.2500,14.9900,15.2400,14.9600,13428545,203033071.0000,3,1.167634,1,1.871656,12.666328,1.648109,2.941835,24.979976,0
2017-03-10,sh.600004,15.2000,15.2600,15.1300,15.1900,15.2400,4495865,68266934.0000,3,0.390923,1,-0.328085,12.624772,1.642702,2.932183,24.898020,0
2017-03-13,sh.600004,15.6100,16.3500,15.4500,16.2000,15.1900,31423618,500435520.0000,3,2.732335,1,6.649119,13.464207,1.751927,3.127148,26.553517,0
2017-03-14,sh.600004,16.1400,16.2500,15.8800,16.0900,16.2000,11694345,188565963.0000,3,1.016843,1,-0.679016,13.372784,1.740031,3.105914,26.373216,0
2017-03-15,sh.600004,16.1200,16.3500,16.0300,16.1900,16.0900,9177667,148702378.0000,3,0.798013,1,0.621506,13.455896,1.750846,3.125217,26.537126,0
2017-03-16,sh.600004,16.1800,16.2900,16.0000,16.2800,16.1900,8374768,135308125.0000,3,0.728200,1,0.555900,13.530697,1.760578,3.142590,26.684646,0
2017-03-17,sh.600004,16.2800,16.3600,16.1300,16.1600,16.2800,7830122,127202306.0000,3,0.680842,1,-0.737106,13.430962,1.747601,3.119426,26.487953,0
2017-03-20,sh.600004,16.1600,16.2300,15.9800,16.2200,16.1600,7625365,123105072.0000,3,0.663038,1,0.371284,13.480830,1.754090,3.131008,26.586299,0
2017-03-21,sh.600004,16.1700,16.3500,16.1000,16.2500,16.2200,7373365,119676718.0000,3,0.641126,1,0.184961,13.505764,1.757334,3.136799,26.635473,0
2017-03-22,sh.600004,16.1700,16.1800,15.9500,15.9600,16.2500,7651173,122648028.0000,3,0.665282,1,-1.784615,13.264738,1.725972,3.080819,26.160132,0
2017-03-23,sh.600004,15.9000,16.1500,15.7200,16.0000,15.9600,10356616,165237626.0000,3,0.900525,1,0.250626,13.297983,1.730298,3.088541,26.225696,0
2017-03-24,sh.600004,16.0100,16.4500,15.9600,16.4100,16.0000,13736116,224068793.0000,3,1.194378,1,2.562499,13.638743,1.774637,3.167685,26.897730,0
2017-03-27,sh.600004,16.4200,16.7100,16.1200,16.2000,16.4100,12820894,210401938.0000,3,1.114798,1,-1.279702,13.464207,1.751927,3.127148,26.553517,0
2017-03-28,sh.600004,16.1800,16.1800,15.8200,15.9800,16.2000,8277423,132215076.0000,3,0.719736,1,-1.358032,13.281360,1.728135,3.084680,26.192914,0
2017-03-29,sh.600004,16.0300,16.4300,15.9000,16.0900,15.9800,15339440,248123526.0000,3,1.333790,1,0.688364,13.372784,1.740031,3.105914,26.373216,0
2017-03-30,sh.600004,16.0800,16.1000,15.6900,15.8300,16.0900,8144509,129340289.0000,3,0.708178,1,-1.615912,13.156692,1.711914,3.055725,25.947048,0
2017-03-31,sh.600004,15.8300,16.0500,15.7800,15.9400,15.8300,7594659,120884473.0000,3,0.656741,1,0.694881,13.321291,1.733331,3.093954,26.271664,0
2017-04-05,sh.600004,16.0000,16.1100,15.9400,15.9800,15.9400,9934533,158997753.0000,3,0.859079,1,0.250941,13.354720,1.737681,3.101718,26.337591,0
2017-04-06,sh.600004,15.9900,16.1400,15.9500,16.0100,15.9800,9496068,152298860.0000,3,0.821163,1,0.187739,13.379791,1.740943,3.107541,26.387035,0
2017-04-07,sh.600004,16.0100,16.2500,15.9100,16.1700,16.0100,8622299,138962853.0000,3,0.745605,1,0.999374,13.513506,1.758341,3.138597,26.650741,0
2017-04-10,sh.600004,16.1100,16.1900,15.8800,15.9500,16.1700,9430858,151091553.0000,3,0.815524,1,-1.360546,13.329648,1.734418,3.095895,26.288146,0
2017-04-11,sh.600004,15.9400,16.0400,15.5500,16.0300,15.9500,15262097,241017423.0000,3,1.319775,1,0.501573,13.396506,1.743118,3.111423,26.419999,0
2017-04-12,sh.600004,16.6300,16.9500,16.3200,16.7100,16.0300,48719640,809938048.0000,3,4.212983,1,4.242036,13.964791,1.817062,3.243411,27.540747,0
2017-04-13,sh.600004,16.4800,16.8500,16.3900,16.7000,16.7100,40721526,677260144.0000,3,3.521354,1,-0.059834,13.956434,1.815974,3.241470,27.524266,0
2017-04-14,sh.600004,16.6300,16.7000,16.2400,16.2600,16.7000,18061029,297399920.0000,3,1.561810,1,-2.634733,13.588720,1.768128,3.156066,26.799075,0
2017-04-17,sh.600004,16.1500,16.2600,15.9100,15.9700,16.2600,9862624,158126989.0000,3,0.852861,1,-1.783518,13.346363,1.736593,3.099777,26.321109,0
2017-04-18,sh.600004,15.9500,16.1600,15.9500,15.9700,15.9700,8461784,136000270.0000,3,0.731724,1,0.000000,13.346363,1.736593,3.099777,26.321109,0
2017-04-19,sh.600004,15.9900,16.1200,15.6400,16.0500,15.9700,13154056,208505105.0000,3,1.137484,1,0.500933,13.413220,1.745293,3.115305,26.452962,0
2017-04-20,sh.600004,16.0800,16.4700,16.0500,16.4400,16.0500,15395127,250517824.0000,3,1.331278,1,2.429915,13.739149,1.787702,3.191004,27.095744,0
2017-04-21,sh.600004,16.3900,16.4000,16.1600,16.2700,16.4400,7926978,128971757.0000,3,0.685478,1,-1.034064,13.597077,1.769216,3.158007,26.815557,0
2017-04-24,sh.600004,16.2800,16.2900,15.7400,15.8400,16.2700,9384835,149483959.0000,3,0.811544,1,-2.642903,13.237720,1.722457,3.074544,26.106848,0
2017-04-25,sh.600004,15.9000,16.0900,15.8100,15.9800,15.8400,8079170,128998356.0000,3,0.698638,1,0.883834,13.354720,1.737681,3.101718,26.337591,0
2017-04-26,sh.600004,16.0000,16.1100,15.8700,15.9200,15.9800,6074850,96982620.0000,3,0.525317,1,-0.375466,13.304577,1.731156,3.090072,26.238701,0
2017-04-27,sh.600004,15.9200,16.0400,15.7200,16.0300,15.9200,7052073,112276115.0000,3,0.609821,1,0.690959,13.396506,1.743118,3.111423,26.419999,0
2017-04-28,sh.600004,16.0100,16.0100,15.7900,15.9500,16.0300,7455272,118539582.0000,3,0.644687,1,-0.499070,13.329648,1.734418,3.095895,26.288146,0
2017-05-02,sh.600004,16.0200,16.3600,16.0200,16.2900,15.9500,13927882,225748762.0000,3,1.204400,1,2.131669,12.951941,1.733827,2.993990,-8.963772,0
2017-05-03,sh.600004,16.2500,16.8700,16.2500,16.7600,16.2900,29536134,491919072.0000,3,2.554108,1,2.885201,13.325631,1.783851,3.080373,-9.222396,0
2017-05-04,sh.600004,16.8800,17.0200,16.6600,16.6900,16.7600,20672171,348095168.0000,3,1.787605,1,-0.417659,13.269975,1.776401,3.067507,-9.183877,0
2017-05-05,sh.600004,16.5700,16.8100,16.5700,16.6900,16.6900,13572251,226781616.0000,3,1.157706,1,0.000000,13.452699,1.800861,3.109746,-9.310337,0
2017-05-08,sh.600004,16.7500,16.8900,16.3900,16.6300,16.6900,14647328,244216541.0000,3,1.249409,1,-0.359505,13.404337,1.794387,3.098567,-9.276867,0
2017-05-09,sh.600004,16.5700,16.5700,16.3100,16.4700,16.6300,10015776,164659559.0000,3,0.854340,1,-0.962116,13.275372,1.777123,3.068755,-9.187612,0
2017-05-10,sh.600004,16.4000,16.5500,16.0600,16.0700,16.4700,9164441,149996131.0000,3,0.781722,1,-2.428656,12.952958,1.733963,2.994225,-8.964477,0
2017-05-11,sh.600004,16.0400,16.1900,15.8100,16.1800,16.0700,11946091,191204451.0000,3,1.018995,1,0.684509,13.041622,1.745832,3.014721,-9.025839,0
2017-05-12,sh.600004,16.1500,16.6200,16.0800,16.4500,16.1800,13175007,216005065.0000,3,1.123821,1,1.668730,13.259251,1.774965,3.065028,-9.176456,0
2017-05-15,sh.600004,16.6000,16.8200,16.4700,16.5000,16.4500,18978160,316428240.0000,3,1.618827,1,0.303947,13.299553,1.780360,3.074344,-9.204348,0
2017-05-16,sh.600004,16.5300,17.0900,16.4800,17.0800,16.5000,25112732,421632992.0000,3,2.142102,1,3.515151,13.767052,1.842943,3.182412,-9.527894,0
2017-05-17,sh.600004,17.0000,17.1800,16.9200,16.9700,17.0800,19871710,338483408.0000,3,1.695046,1,-0.644032,13.678388,1.831074,3.161917,-9.466532,0
2017-05-18,sh.600004,16.8500,17.1000,16.7800,16.9300,16.9700,14098566,239136203.0000,3,1.202600,1,-0.235704,13.646147,1.826758,3.154464,-9.444218,0
2017-05-19,sh.600004,16.9300,17.0000,16.6900,16.9400,16.9300,17313926,291995408.0000,3,1.364445,1,0.059068,14.779244,1.978441,3.416392,-10.228411,0
2017-05-22,sh.600004,16.9200,17.0500,16.6600,17.0100,16.9400,18512402,312251632.0000,3,1.458893,1,0.413221,14.840315,1.986616,3.430509,-10.270677,0
2017-05-23,sh.600004,16.8800,16.9000,16.2100,16.4300,17.0100,34691477,572501952.0000,3,2.733904,1,-3.409759,14.334296,1.918877,3.313537,-9.920472,0
2017-05-24,sh.600004,16.2900,16.3200,15.8900,16.0100,16.4300,34064893,547441456.0000,3,2.684526,1,-2.556300,13.967868,1.869825,3.228833,-9.666875,0
2017-05-25,sh.600004,15.9800,16.2300,15.9400,16.1900,16.0100,19530573,314200480.0000,3,1.539131,1,1.124299,14.124909,1.890848,3.265135,-9.775560,0
2017-05-26,sh.600004,16.2800,16.5000,16.1800,16.3100,16.1900,26038171,425137072.0000,3,2.051970,1,0.741192,14.229602,1.904862,3.289336,-9.848016,0
2017-05-31,sh.600004,16.3500,16.5500,16.3100,16.5100,16.3100,32400327,532267488.0000,3,2.553348,1,1.226246,14.404092,1.928221,3.329671,-9.968776,0
2017-06-01,sh.600004,16.4800,16.9100,16.4000,16.7500,16.5100,28811420,482719664.0000,3,2.270519,1,1.453663,14.613479,1.956251,3.378074,-10.113689,0
2017-06-02,sh.600004,16.6700,17.0500,16.6700,16.8200,16.7500,20900116,352790880.0000,3,1.647059,1,0.417909,14.674550,1.964426,3.392191,-10.155955,0
2017-06-05,sh.600004,16.8300,17.0300,16.7000,17.0100,16.8200,15177315,255922017.0000,3,1.196067,1,1.129611,14.840315,1.986616,3.430509,-10.270677,0
2017-06-06,sh.600004,17.0500,17.5500,16.9400,17.4700,17.0100,33027590,573372160.0000,3,2.314287,1,2.704286,17.141626,2.294684,3.962484,-11.863368,0
2017-06-07,sh.600004,17.5000,18.1200,17.4700,18.0700,17.4700,27234969,487816720.0000,3,1.908390,1,3.434461,17.730348,2.373494,4.098574,-12.270810,0
2017-06-08,sh.600004,17.9500,18.3700,17.8800,18.2700,18.0700,18622067,337920496.0000,3,1.304873,1,1.106811,17.926589,2.399764,4.143937,-12.406624,0
2017-06-09,sh.600004,18.2700,18.2800,17.9600,18.1200,18.2700,17826893,321927728.0000,3,1.249154,1,-0.821016,17.779408,2.380061,4.109915,-12.304764,0
2017-06-12,sh.600004,18.0900,18.8700,18.0000,18.1600,18.1200,27845684,512539760.0000,3,1.951184,1,0.220745,17.818656,2.385315,4.118987,-12.331927,0
2017-06-13,sh.600004,18.1900,18.2700,17.9100,18.1900,18.1600,12827825,232523826.0000,3,0.898863,1,0.165202,17.848093,2.389256,4.125792,-12.352299,0
2017-06-14,sh.600004,18.1700,18.3000,17.7400,17.9500,18.1900,16514824,296667360.0000,3,1.157215,1,-1.319405,17.612604,2.357732,4.071356,-12.189322,0
2017-06-15,sh.600004,17.8800,17.9700,17.6200,17.7000,17.9500,14032350,248979681.0000,3,0.983265,1,-1.392758,17.367303,2.324894,4.014652,-12.019554,0
2017-06-16,sh.600004,17.6600,17.9100,17.6500,17.7400,17.7000,8931100,158674632.0000,3,0.625814,1,0.225983,17.406551,2.330148,4.023724,-12.046717,0
2017-06-19,sh.600004,17.7100,17.9500,17.6800,17.8500,17.7400,9677467,172460835.0000,3,0.678113,1,0.620071,17.514483,2.344597,4.048674,-12.121415,0
2017-06-20,sh.600004,17.8900,17.9200,17.5400,17.6600,17.8500,15119765,266754444.0000,3,1.059462,1,-1.064429,17.328055,2.319640,4.005579,-11.992391,0
2017-06-21,sh.600004,17.6800,18.1800,17.6400,18.1600,17.6600,26943458,482352112.0000,3,1.887963,1,2.831257,17.818656,2.385315,4.118987,-12.331927,0
2017-06-22,sh.600004,18.0500,18.3200,17.8100,17.8300,18.1600,21144363,384026288.0000,3,1.481613,1,-1.817180,17.494859,2.341970,4.044138,-12.107833,0
2017-06-23,sh.600004,17.8600,18.4900,17.8000,18.4600,17.8300,20240000,367641920.0000,3,1.418243,1,3.533366,18.113017,2.424720,4.187032,-12.535648,0
2017-06-26,sh.600004,18.5300,18.7800,18.3900,18.6700,18.4600,18893503,350656736.0000,3,1.323893,1,1.137600,18.319070,2.452304,4.234664,-12.678253,0
2017-06-27,sh.600004,18.7000,18.7400,18.3000,18.4000,18.6700,18892833,347906592.0000,3,1.323846,1,-1.446173,18.054145,2.416839,4.173423,-12.494904,0
2017-06-28,sh.600004,18.3000,18.5400,18.0300,18.0700,18.4000,17503884,319245168.0000,3,1.226520,1,-1.793478,17.730348,2.373494,4.098574,-12.270810,0
2017-06-29,sh.600004,18.1000,18.3700,18.0200,18.3100,18.0700,16920602,307818384.0000,3,1.185649,1,1.328167,17.965837,2.405018,4.153010,-12.433787,0
2017-06-30,sh.600004,18.3600,18.4900,18.2000,18.4600,18.3100,16322213,299851280.0000,3,1.143719,1,0.819222,18.113017,2.424720,4.187032,-12.535648,0
2017-07-03,sh.600004,18.5000,19.5700,18.5000,19.2900,18.4600,35930244,681809024.0000,3,2.517679,1,4.496218,18.927416,2.533741,4.375290,-13.099277,0
2017-07-04,sh.600004,19.1900,19.6800,19.1000,19.5000,19.2900,30374805,591059504.0000,3,2.128402,1,1.088642,19.133469,2.561324,4.422921,-13.241882,0
2017-07-05,sh.600004,19.4900,19.6000,19.2400,19.5200,19.5000,10623367,206498771.0000,3,0.744393,1,0.102567,19.153093,2.563951,4.427458,-13.255463,0
2017-07-06,sh.600004,19.5000,20.0200,19.4300,19.6600,19.5200,16237926,320789312.0000,3,1.137813,1,0.717210,19.290462,2.582340,4.459212,-13.350533,0
2017-07-07,sh.600004,19.6000,20.0500,19.5500,19.8900,19.6600,11853486,234748169.0000,3,0.830589,1,1.169886,19.516139,2.612551,4.511380,-13.506719,0
2017-07-10,sh.600004,19.9000,19.9700,19.3400,19.4100,19.8900,18167341,356179040.0000,3,1.273009,1,-2.413271,19.045161,2.549503,4.402508,-13.180765,0
2017-07-11,sh.600004,19.3000,19.7600,19.3000,19.5900,19.4100,11379958,222713613.0000,3,0.797409,1,0.927359,19.221777,2.573146,4.443335,-13.302998,0
2017-07-12,sh.600004,19.6300,19.9900,19.6000,19.6600,19.5900,10789542,213101203.0000,3,0.756037,1,0.357324,19.290462,2.582340,4.459212,-13.350533,0
2017-07-13,sh.600004,19.7800,19.9300,19.5400,19.7000,19.6600,10038825,197646041.0000,3,0.703434,1,0.203463,19.329710,2.587594,4.468285,-13.377696,0
2017-07-14,sh.600004,13.4600,13.7800,13.4100,13.7100,13.3300,14632820,199497199.0000,3,0.707132,1,2.850713,19.505836,2.611172,4.508998,-13.499589,0
2017-07-17,sh.600004,13.6000,13.6900,12.8600,13.3300,13.7100,27550261,370531664.0000,3,1.331368,1,-2.771700,18.965193,2.538798,4.384022,-13.125421,0
2017-07-18,sh.600004,13.3300,13.5800,13.0600,13.3800,13.3300,15665939,208801307.0000,3,0.757057,1,0.375095,19.036330,2.548321,4.400466,-13.174654,0
2017-07-19,sh.600004,13.3900,13.6900,13.2500,13.6200,13.3800,18932964,255777959.0000,3,0.914936,1,1.793720,19.377789,2.594031,4.479399,-13.410970,0
2017-07-20,sh.600004,13.6300,14.1100,13.4700,14.1000,13.6200,28920770,403003888.0000,3,1.397597,1,3.524233,20.060707,2.685450,4.637263,-13.883603,0
2017-07-21,sh.600004,14.0000,14.4500,13.9800,14.0500,14.1000,24297104,344447344.0000,3,1.174159,1,-0.354611,19.989569,2.675927,4.620819,-13.834371,0
2017-07-24,sh.600004,13.9900,14.1800,13.9100,14.1000,14.0500,13776173,193594942.0000,3,0.665734,1,0.355873,20.060707,2.685450,4.637263,-13.883603,0
2017-07-25,sh.600004,14.1000,14.1200,13.8000,13.9000,14.1000,12237757,170276474.0000,3,0.591390,1,-1.418445,19.776157,2.647359,4.571486,-13.686673,0
2017-07-26,sh.600004,13.8300,13.9100,13.4300,13.6300,13.9000,22726608,308890400.0000,3,1.098264,1,-1.942443,19.392016,2.595935,4.482687,-13.420817,0
2017-07-27,sh.600004,13.5100,13.7400,13.2600,13.6400,13.6300,15656368,211384272.0000,3,0.756595,1,0.073369,19.406244,2.597840,4.485976,-13.430663,0
2017-07-28,sh.600004,13.5700,13.6600,13.4600,13.5000,13.6400,13029448,176345006.0000,3,0.629649,1,-1.026395,19.207059,2.571176,4.439932,-13.292812,0
2017-07-31,sh.600004,13.4600,13.6100,13.3900,13.5100,13.5000,13456124,181698191.0000,3,0.650268,1,0.074076,19.221287,2.573080,4.443221,-13.302658,0
2017-08-01,sh.600004,13.5300,13.6500,13.3900,13.4600,13.5100,14070415,189946376.0000,3,0.679953,1,-0.370098,19.150150,2.563557,4.426777,-13.253426,0
2017-08-02,sh.600004,13.4800,13.5800,13.4400,13.4900,13.4600,15247453,205812159.0000,3,0.736834,1,0.222881,19.192832,2.569271,4.436644,-13.282965,0
2017-08-03,sh.600004,13.4500,13.5600,13.3000,13.4000,13.4900,18574044,249468232.0000,3,0.897591,1,-0.667162,19.064785,2.552130,4.407044,-13.194347,0
2017-08-04,sh.600004,13.4000,13.5500,13.3600,13.4200,13.4000,12439921,167578029.0000,3,0.601160,1,0.149257,19.093240,2.555939,4.413622,-13.214040,0
2017-08-07,sh.600004,13.4200,13.4700,13.1200,13.2100,13.4200,19773506,261695239.0000,3,0.955556,1,-1.564829,18.794463,2.515943,4.344556,-13.007263,0
2017-08-08,sh.600004,13.2300,13.3300,12.9800,13.0800,13.2100,25519880,334509248.0000,3,1.233249,1,-0.984104,18.609506,2.491184,4.301801,-12.879258,0
2017-08-09,sh.600004,13.0400,13.2500,12.8800,13.2300,13.0800,15705141,205566837.0000,3,0.758952,1,1.146786,18.822918,2.519752,4.351134,-13.026956,0
2017-08-10,sh.600004,13.2300,13.2300,12.9500,13.0600,13.2300,12330260,161246659.0000,3,0.595860,1,-1.284952,18.581052,2.487374,4.295224,-12.859565,0
2017-08-11,sh.600004,12.9100,13.0100,12.8100,12.8700,13.0600,13957083,180164511.0000,3,0.674477,1,-1.454828,18.310730,2.451187,4.232736,-12.672481,0
2017-08-14,sh.600004,12.8400,13.1200,12.7700,12.9300,12.8700,10219692,132785222.0000,3,0.493867,1,0.466204,18.396095,2.462615,4.252469,-12.731560,0
2017-08-15,sh.600004,12.9700,13.3600,12.8800,13.3500,12.9300,18451239,243201850.0000,3,0.891657,1,3.248260,18.993648,2.542607,4.390600,-13.145114,0
2017-08-16,sh.600004,13.3000,13.3300,13.1300,13.2000,13.3500,7682636,101473052.0000,3,0.371264,1,-1.123600,18.780236,2.514038,4.341267,-12.997416,0
2017-08-17,sh.600004,13.2000,13.3000,13.0100,13.1700,13.2000,9006506,118230020.0000,3,0.435240,1,-0.227271,18.737554,2.508325,4.331401,-12.967876,0
2017-08-18,sh.600004,13.1200,13.3400,13.0400,13.2800,13.1700,10182181,134790675.0000,3,0.492054,1,0.835229,18.894055,2.529275,4.367578,-13.076188,0
2017-08-21,sh.600004,13.2800,13.3700,13.1500,13.2300,13.2800,8501725,112412166.0000,3,0.410846,1,-0.376507,18.822918,2.519752,4.351134,-13.026956,0
2017-08-22,sh.600004,13.2800,13.3300,13.1500,13.2300,13.2300,6643699,87969788.0000,3,0.321057,1,0.000000,18.822918,2.519752,4.351134,-13.026956,0
2017-08-23,sh.600004,13.2100,13.2500,13.0800,13.1100,13.2300,5119132,67435552.0000,3,0.247382,1,-0.907029,18.652189,2.496897,4.311668,-12.908797,0
2017-08-24,sh.600004,13.1100,13.1700,13.0300,13.0800,13.1100,4923622,64445517.0000,3,0.237934,1,-0.228831,18.609506,2.491184,4.301801,-12.879258,0
2017-08-25,sh.600004,13.0800,13.2500,13.0500,13.1700,13.0800,7657985,100855028.0000,3,0.370072,1,0.688075,18.737554,2.508325,4.331401,-12.967876,0
2017-08-28,sh.600004,13.2000,13.4800,13.1500,13.4700,13.1700,17432360,232001768.0000,3,0.842420,1,2.277906,19.164377,2.565462,4.430066,-13.263272,0
2017-08-29,sh.600004,13.4900,13.5800,13.3300,13.5500,13.4700,12553225,169239339.0000,3,0.606635,1,0.593912,19.278197,2.580699,4.456377,-13.342044,0
2017-08-30,sh.600004,13.6100,13.8400,13.6000,13.7500,13.5500,19382936,266681091.0000,3,0.936681,1,1.476013,19.562746,2.618790,4.522153,-13.538975,0
2017-08-31,sh.600004,13.7200,13.7200,13.3800,13.4000,13.7500,17295761,232936686.0000,3,0.835818,1,-2.545457,18.791677,2.008568,4.359150,-15.581698,0
2017-09-01,sh.600004,13.4200,13.4700,13.2900,13.3800,13.4000,12093658,161956128.0000,3,0.584427,1,-0.149250,18.763630,2.005570,4.352644,-15.558441,0
2017-09-04,sh.600004,13.3400,13.3400,13.1000,13.2500,13.3800,13524930,178560841.0000,3,0.653593,1,-0.971600,18.581323,1.986084,4.310354,-15.407276,0
2017-09-05,sh.600004,13.3000,13.3400,13.2000,13.3000,13.2500,11081557,147265629.0000,3,0.535517,1,0.377360,18.651441,1.993579,4.326619,-15.465416,0
2017-09-06,sh.600004,13.2600,13.2900,13.1500,13.1900,13.3000,7634682,100751008.0000,3,0.368946,1,-0.827072,18.497181,1.977090,4.290835,-15.337507,0
2017-09-07,sh.600004,13.1900,13.5500,13.1700,13.4800,13.1900,21873118,293884816.0000,3,1.057019,1,2.198635,18.903866,2.020559,4.385175,-15.674723,0
2017-09-08,sh.600004,13.3900,13.7800,13.3900,13.6700,13.4800,25485228,346423888.0000,3,1.231575,1,1.409500,19.170315,2.049039,4.446984,-15.895657,0
2017-09-11,sh.600004,13.6800,13.8000,13.4500,13.5300,13.6700,22367409,305211600.0000,3,1.080906,1,-1.024143,18.973984,2.028054,4.401441,-15.732863,0
2017-09-12,sh.600004,13.5200,13.6700,13.4100,13.5500,13.5300,11944925,161683092.0000,3,0.577239,1,0.147823,19.002032,2.031052,4.407947,-15.756120,0
2017-09-13,sh.600004,13.5600,13.6000,13.4200,13.5500,13.5500,8426669,113883951.0000,3,0.407219,1,0.000000,19.002032,2.031052,4.407947,-15.756120,0
2017-09-14,sh.600004,13.5300,13.5600,13.3000,13.4200,13.5500,13236979,177362166.0000,3,0.639678,1,-0.959410,18.819724,2.011566,4.365656,-15.604954,0
2017-09-15,sh.600004,13.3900,13.4300,13.2500,13.3000,13.4200,11820730,157210837.0000,3,0.571237,1,-0.894187,18.651441,1.993579,4.326619,-15.465416,0
2017-09-18,sh.600004,13.3000,13.4300,13.2600,13.3900,13.3000,9838515,131365632.0000,3,0.475447,1,0.676693,18.777653,2.007069,4.355897,-15.570070,0
2017-09-19,sh.600004,13.3800,13.4400,13.1100,13.1600,13.3900,15461181,204402727.0000,3,0.747162,1,-1.717703,18.455110,1.972594,4.281076,-15.302622,0
2017-09-20,sh.600004,13.2100,13.2500,13.0700,13.1700,13.1600,11121789,146340567.0000,3,0.537461,1,0.075990,18.469133,1.974093,4.284329,-15.314251,0
2017-09-21,sh.600004,13.1700,13.2300,13.1100,13.1500,13.1700,5978481,78736872.0000,3,0.288910,1,-0.151864,18.441086,1.971095,4.277823,-15.290994,0
2017-09-22,sh.600004,13.1500,13.2000,12.8400,13.0100,13.1500,20717226,268954041.0000,3,1.001161,1,-1.064634,18.244755,1.950110,4.232279,-15.128200,0
2017-09-25,sh.600004,13.0000,13.0100,12.7400,12.8100,13.0100,17524114,225266599.0000,3,0.846854,1,-1.537278,17.964282,1.920131,4.167218,-14.895638,0
2017-09-26,sh.600004,12.8100,12.9600,12.7800,12.8400,12.8100,9962993,128134090.0000,3,0.481462,1,0.234190,18.006353,1.924628,4.176977,-14.930522,0
2017-09-27,sh.600004,12.8600,13.0700,12.8600,13.0600,12.8400,10870272,141342790.0000,3,0.525306,1,1.713398,18.314873,1.957604,4.248545,-15.186341,0
2017-09-28,sh.600004,13.0700,13.0900,12.9300,12.9600,13.0600,6463992,83902592.0000,3,0.312373,1,-0.765700,18.174637,1.942615,4.216014,-15.070060,0
2017-09-29,sh.600004,12.9500,13.1900,12.9500,13.0900,12.9600,9763918,128076968.0000,3,0.471842,1,1.003087,18.356944,1.962101,4.258304,-15.221226,0
2017-10-09,sh.600004,13.2500,13.3400,13.0400,13.1300,13.0900,20012567,264374105.0000,3,0.967108,1,0.305576,18.413039,1.968097,4.271317,-15.267738,0
2017-10-10,sh.600004,13.1000,13.1000,12.5500,12.6800,13.1300,49484806,630856321.0000,3,2.391355,1,-3.427264,17.781975,1.900645,4.124927,-14.744472,0
2017-10-11,sh.600004,12.6800,12.7500,12.6000,12.6300,12.6800,23013985,291857829.0000,3,1.112152,1,-0.394323,17.711857,1.893150,4.108662,-14.686331,0
2017-10-12,sh.600004,12.6600,12.9700,12.6300,12.9500,12.6300,24755244,317275112.0000,3,1.196298,1,2.533648,18.160613,1.941116,4.212761,-15.058432,0
2017-10-13,sh.600004,12.9700,13.0700,12.9000,12.9700,12.9500,14570974,189080306.0000,3,0.704143,1,0.154444,18.188661,1.944114,4.219267,-15.081688,0
2017-10-16,sh.600004,12.9700,12.9900,12.7500,12.8900,12.9700,14006709,180137540.0000,3,0.676875,1,-0.616807,18.076471,1.932122,4.193242,-14.988663,0
2017-10-17,sh.600004,12.8900,12.9300,12.7500,12.9000,12.8900,9353356,120147758.0000,3,0.452001,1,0.077574,18.090495,1.933621,4.196495,-15.000291,0
2017-10-18,sh.600004,12.8600,13.1300,12.8200,13.1100,12.9000,18768770,243733800.0000,3,0.907002,1,1.627907,18.384992,1.965099,4.264810,-15.244482,0
2017-10-19,sh.600004,13.1200,13.2500,12.9500,13.1800,13.1100,15468134,203082313.0000,3,0.747498,1,0.533949,18.483157,1.975591,4.287582,-15.325879,0
2017-10-20,sh.600004,13.1100,13.3200,13.0300,13.0900,13.1800,12528933,164750183.0000,3,0.605461,1,-0.682854,18.356944,1.962101,4.258304,-15.221226,0
2017-10-23,sh.600004,13.0800,13.1000,12.9000,13.0300,13.0900,12116806,157272665.0000,3,0.585545,1,-0.458368,18.272802,1.953108,4.238786,-15.151457,0
2017-10-24,sh.600004,12.9700,13.0500,12.9200,13.0100,13.0300,10472810,135920978.0000,3,0.506099,1,-0.153488,18.244755,1.950110,4.232279,-15.128200,0
2017-10-25,sh.600004,13.0100,13.1000,12.9100,13.0700,13.0100,11388751,148143612.0000,3,0.550362,1,0.461180,18.328897,1.959103,4.251798,-15.197969,0
2017-10-26,sh.600004,13.0100,13.6800,13.0100,13.6600,13.0700,41588225,556948174.0000,3,2.009753,1,4.514156,19.156292,2.047540,4.443731,-15.884029,0
2017-10-27,sh.600004,13.6000,13.8200,13.5500,13.7500,13.6600,28192631,385920211.0000,3,1.362410,1,0.658859,19.282504,2.061031,4.473009,-15.988682,0
2017-10-30,sh.600004,13.8500,14.0800,13.6000,14.0600,13.7500,40487579,561486114.0000,3,1.956564,1,2.254549,19.717237,2.107497,4.573855,-16.349154,0
2017-10-31,sh.600004,13.9700,14.0400,13.8000,13.9700,14.0600,22106493,307635725.0000,3,1.068297,1,-0.640115,19.098837,2.037611,4.413107,-20.121333,0
2017-11-01,sh.600004,14.0100,14.3200,14.0100,14.2700,13.9700,31128410,441328559.0000,3,1.504282,1,2.147460,19.508977,2.081368,4.507876,-20.553431,0
2017-11-02,sh.600004,14.2000,14.3200,14.0000,14.1200,14.2700,18757016,264731821.0000,3,0.906434,1,-1.051160,19.303907,2.059489,4.460491,-20.337382,0
2017-11-03,sh.600004,14.1500,14.1900,13.8500,13.9400,14.1200,19121287,266623918.0000,3,0.924037,1,-1.274790,19.057823,2.033235,4.403630,-20.078124,0
2017-11-06,sh.600004,13.9800,14.6500,13.9500,14.6300,13.9400,33950218,488575434.0000,3,1.640646,1,4.949789,20.001144,2.133876,4.621600,-21.071948,0
2017-11-07,sh.600004,14.6400,14.8500,14.5200,14.7200,14.6300,20739742,303700258.0000,3,1.002249,1,0.615175,20.124186,2.147003,4.650031,-21.201577,0
2017-11-08,sh.600004,14.6000,15.1500,14.6000,14.7300,14.7200,27006954,402967307.0000,3,1.305112,1,0.067930,20.137857,2.148462,4.653190,-21.215980,0
2017-11-09,sh.600004,14.7700,15.1800,14.6600,15.1000,14.7300,20923530,313408929.0000,3,1.011130,1,2.511886,20.643696,2.202428,4.770072,-21.748900,0
2017-11-10,sh.600004,15.1000,15.3500,15.0100,15.2300,15.1000,18348445,278416653.0000,3,0.886689,1,0.860922,20.821424,2.221390,4.811139,-21.936142,0
2017-11-13,sh.600004,15.3800,15.6400,15.1400,15.4900,15.2300,18066976,278449045.0000,3,0.873087,1,1.707158,21.176878,2.259312,4.893273,-22.310627,0
2017-11-14,sh.600004,15.3500,15.4900,14.9100,15.0400,15.4900,22695544,341855077.0000,3,1.096763,1,-2.905099,20.561668,2.193677,4.751118,-21.662481,0
2017-11-15,sh.600004,14.9700,15.1200,14.6000,14.6900,15.0400,25652952,379828587.0000,3,1.239680,1,-2.327130,20.083172,2.142627,4.640554,-21.158367,0
2017-11-16,sh.600004,14.7000,15.1800,14.6400,15.0300,14.6900,25109420,375522173.0000,3,1.213414,1,2.314501,20.547997,2.192218,4.747959,-21.648077,0
2017-11-17,sh.600004,15.1000,15.2700,14.8100,15.0100,15.0300,21028578,315003796.0000,3,1.016207,1,-0.133064,20.520654,2.189301,4.741641,-21.619271,0
2017-11-20,sh.600004,15.0000,15.1900,14.6000,15.1700,15.0100,21647707,323419437.0000,3,1.046126,1,1.065955,20.739396,2.212638,4.792185,-21.849723,0
2017-11-21,sh.600004,15.1700,15.7400,15.1200,15.5100,15.1700,24536870,379925021.0000,3,1.185745,1,2.241267,21.204221,2.262229,4.899591,-22.339433,0
2017-11-22,sh.600004,15.5600,15.8500,15.2000,15.4500,15.5100,26135930,406503002.0000,3,1.263020,1,-0.386850,21.122193,2.253478,4.880637,-22.253014,0
2017-11-23,sh.600004,15.4000,15.4000,14.4200,14.5000,15.4500,34563285,512031606.0000,3,1.670272,1,-6.148866,19.823417,2.114915,4.580533,-20.884705,0
2017-11-24,sh.600004,14.4800,14.5700,14.1900,14.3800,14.5000,19212831,275854724.0000,3,0.928461,1,-0.827585,19.659361,2.097412,4.542625,-20.711867,0
2017-11-27,sh.600004,14.3900,14.4700,14.0500,14.1100,14.3800,15044382,214531295.0000,3,0.727020,1,-1.877611,19.290235,2.058031,4.457332,-20.322979,0
2017-11-28,sh.600004,14.1600,14.3100,14.0800,14.2300,14.1100,11390571,161968472.0000,3,0.550450,1,0.850460,19.454291,2.075533,4.495240,-20.495818,0
2017-11-29,sh.600004,14.2800,14.3700,13.8800,14.1800,14.2300,14781051,208198535.0000,3,0.714295,1,-0.351365,19.385935,2.068241,4.479445,-20.423802,0
2017-11-30,sh.600004,14.1200,14.3100,13.9800,14.0300,14.1800,10699393,151353128.0000,3,0.517049,1,-1.057832,19.180865,2.046362,4.432061,-20.207753,0
2017-12-01,sh.600004,14.0500,14.1800,13.9300,14.0500,14.0300,7142005,100450567.0000,3,0.345138,1,0.142555,19.208208,2.049279,4.438379,-20.236559,0
2017-12-04,sh.600004,14.0200,14.3000,13.8900,14.2500,14.0500,13227514,186903413.0000,3,0.639220,1,1.423486,19.481634,2.078451,4.501558,-20.524624,0
2017-12-05,sh.600004,14.1900,14.4000,14.1000,14.3100,14.2500,12363219,176385998.0000,3,0.597453,1,0.421056,19.563662,2.087202,4.520512,-20.611044,0
2017-12-06,sh.600004,14.2500,14.2500,13.7800,14.0300,14.3100,15981431,223956307.0000,3,0.772303,1,-1.956678,19.180865,2.046362,4.432061,-20.207753,0
2017-12-07,sh.600004,14.0400,14.1100,13.6900,13.7300,14.0300,12730359,176807059.0000,3,0.615195,1,-2.138277,18.770725,2.002605,4.337291,-19.775656,0
2017-12-08,sh.600004,13.7600,13.9300,13.6600,13.8700,13.7300,12629905,174631447.0000,3,0.610341,1,1.019668,18.962124,2.023025,4.381517,-19.977301,0
2017-12-11,sh.600004,13.9300,14.2900,13.8800,14.2700,13.8700,18312038,258743968.0000,3,0.884930,1,2.883926,19.508977,2.081368,4.507876,-20.553431,0
2017-12-12,sh.600004,14.3000,14.3200,14.1000,14.1100,14.2700,9912521,141027095.0000,3,0.479023,1,-1.121239,19.290235,2.058031,4.457332,-20.322979,0
2017-12-13,sh.600004,14.1100,14.7100,14.1100,14.6700,14.1100,18324906,265025871.0000,3,0.885552,1,3.968820,20.055830,2.139710,4.634236,-21.129561,0
2017-12-14,sh.600004,14.7200,14.7800,14.6100,14.7500,14.6700,13544813,199188901.0000,3,0.654554,1,0.545330,20.165200,2.151379,4.659508,-21.244787,0
2017-12-15,sh.600004,14.7700,14.7700,14.4800,14.6100,14.7500,8899892,129896500.0000,3,0.430088,1,-0.949155,19.973802,2.130959,4.615282,-21.043141,0
2017-12-18,sh.600004,14.6200,14.7100,14.3300,14.5800,14.6100,11246867,162672336.0000,3,0.543505,1,-0.205337,19.932788,2.126583,4.605805,-20.999931,0
2017-12-19,sh.600004,14.5500,14.7900,14.4800,14.7400,14.5800,9875047,144790704.0000,3,0.477212,1,1.097393,20.151529,2.149920,4.656349,-21.230383,0
2017-12-20,sh.600004,14.7400,14.9200,14.6100,14.6400,14.7400,14790007,218444629.0000,3,0.714728,1,-0.678422,20.014816,2.135335,4.624759,-21.086351,0
2017-12-21,sh.600004,14.6400,14.9200,14.5700,14.8200,14.6400,12367180,182863364.0000,3,0.597644,1,1.229504,20.260899,2.161589,4.681621,-21.345609,0
2017-12-22,sh.600004,14.8200,14.9700,14.6400,14.6800,14.8200,10382768,153251889.0000,3,0.501748,1,-0.944665,20.069501,2.141169,4.637395,-21.143964,0
2017-12-25,sh.600004,14.6500,14.8700,14.6500,14.7200,14.6800,13282411,196145323.0000,3,0.641873,1,0.272479,20.124186,2.147003,4.650031,-21.201577,0
2017-12-26,sh.600004,14.6900,14.8800,14.6000,14.7500,14.7200,12253505,180566883.0000,3,0.592151,1,0.203802,20.165200,2.151379,4.659508,-21.244787,0
2017-12-27,sh.600004,14.8300,14.8300,14.1300,14.2400,14.7500,16584766,239665214.0000,3,0.801460,1,-3.457628,19.467963,2.076992,4.498399,-20.510221,0
2017-12-28,sh.600004,14.2800,14.6100,14.1600,14.5500,14.2400,11354573,164009728.0000,3,0.548710,1,2.176969,19.891774,2.122207,4.596328,-20.956722,0
2017-12-29,sh.600004,14.6200,14.7200,14.5000,14.7000,14.5500,8474704,124086573.0000,3,0.409540,1,1.030925,20.096843,2.144086,4.643713,-21.172770,0
2018-01-02,sh.600004,14.7300,14.8500,14.5900,14.8000,14.7000,13127900,193508326.0000,3,0.634406,1,0.680275,20.233557,2.158672,4.675303,-21.316803,0
2018-01-03,sh.600004,14.8400,14.8400,14.6500,14.8000,14.8000,15046954,222055580.0000,3,0.727145,1,0.000000,20.233557,2.158672,4.675303,-21.316803,0
2018-01-04,sh.600004,14.7500,14.7800,14.5400,14.6200,14.8000,18563569,271737272.0000,3,0.897085,1,-1.216218,19.987473,2.132417,4.618441,-21.057544,0
2018-01-05,sh.600004,14.6000,14.6700,14.4800,14.5700,14.6200,11979532,174297478.0000,3,0.578911,1,-0.341999,19.919116,2.125125,4.602646,-20.985528,0
2018-01-08,sh.600004,14.6800,14.6900,14.4100,14.5000,14.5700,16492258,239516323.0000,3,0.796989,1,-0.480437,19.823417,2.114915,4.580533,-20.884705,0
2018-01-09,sh.600004,14.4600,15.0300,14.3700,15.0200,14.5000,21186005,312458529.0000,3,1.023815,1,3.586210,20.534326,2.190760,4.744800,-21.633674,0
2018-01-10,sh.600004,15.0200,15.0200,14.7100,14.8500,15.0200,17674001,262194308.0000,3,0.854097,1,-1.131825,20.301913,2.165964,4.691098,-21.388819,0
2018-01-11,sh.600004,14.6800,14.9300,14.6800,14.6900,14.8500,10981364,162262894.0000,3,0.530675,1,-1.077446,20.083172,2.142627,4.640554,-21.158367,0
2018-01-12,sh.600004,14.6800,15.0300,14.6400,14.9500,14.6900,17402475,258716172.0000,3,0.840975,1,1.769913,20.438627,2.180550,4.722687,-21.532852,0
2018-01-15,sh.600004,14.9000,15.5900,14.8300,15.4000,14.9500,33936533,520366317.0000,3,1.639984,1,3.010032,21.053836,2.246185,4.864842,-22.180998,0
2018-01-16,sh.600004,15.3200,15.8700,15.3200,15.8300,15.4000,29974451,469740225.0000,3,1.448517,1,2.792210,21.641703,2.308903,5.000678,-22.800337,0
2018-01-17,sh.600004,15.8000,15.9000,15.3800,15.6800,15.8300,18631368,290662786.0000,3,0.900362,1,-0.947565,21.436633,2.287025,4.953294,-22.584288,0
2018-01-18,sh.600004,15.6000,16.0800,15.5600,15.8600,15.6800,15433621,244845462.0000,3,0.745830,1,1.147955,21.682717,2.313279,5.010155,-22.843547,0
2018-01-19,sh.600004,15.8600,16.0500,15.6300,15.7600,15.8600,14899530,236123314.0000,3,0.720020,1,-0.630513,21.546004,2.298693,4.978566,-22.699514,0
2018-01-22,sh.600004,15.7700,16.0000,15.5200,15.9600,15.7600,13056478,205710388.0000,3,0.630955,1,1.269034,21.819430,2.327865,5.041745,-22.987579,0
2018-01-23,sh.600004,15.9000,16.5500,15.9000,16.4900,15.9600,19417939,317270193.0000,3,0.938373,1,3.320800,22.544010,2.405168,5.209172,-23.750951,0
2018-01-24,sh.600004,16.3600,16.8000,16.2600,16.7500,16.4900,21905059,362896205.0000,3,1.058563,1,1.576715,22.899465,2.443091,5.291305,-24.125436,0
2018-01-25,sh.600004,16.6600,16.6600,16.1800,16.4400,16.7500,15224843,250022134.0000,3,0.735741,1,-1.850743,22.475654,2.397876,5.193377,-23.678935,0
2018-01-26,sh.600004,16.4900,16.6600,16.2700,16.5300,16.4400,11883909,195677853.0000,3,0.574290,1,0.547446,22.598695,2.411003,5.221808,-23.808564,0
2018-01-29,sh.600004,16.5200,16.6400,16.1700,16.4800,16.5300,19815000,324558161.0000,3,0.957561,1,-0.302487,22.530339,2.403710,5.206013,-23.736548,0
2018-01-30,sh.600004,16.3500,16.6900,16.2300,16.6200,16.4800,15204022,251955286.0000,3,0.734735,1,0.849522,22.721737,2.424130,5.250239,-23.938193,0
2018-01-31,sh.600004,16.4100,17.0000,16.2900,16.9000,16.6200,16252045,271772664.0000,3,0.785381,1,1.684710,23.104534,2.464970,5.338690,-24.341484,0
2018-02-01,sh.600004,16.9800,17.2500,16.5500,16.7700,16.9000,18814840,318455014.0000,3,0.909228,1,-0.769226,22.926807,2.446008,5.297623,-24.154242,0
2018-02-02,sh.600004,16.5800,17.3000,16.0900,17.2200,16.7700,20182601,337333239.0000,3,0.975325,1,2.683356,23.542017,2.511643,5.439778,-24.802388,0
2018-02-05,sh.600004,16.7800,17.4100,16.6000,17.1500,17.2200,23345851,397108324.0000,3,1.128189,1,-0.406502,23.446317,2.501434,5.417665,-24.701565,0
2018-02-06,sh.600004,16.5500,16.8800,16.1700,16.2000,17.1500,29526124,484236643.0000,3,1.426851,1,-5.539352,22.147542,2.362870,5.117561,-23.333257,0
2018-02-07,sh.600004,16.5700,16.6300,15.3100,15.4900,16.2000,25909388,411557112.0000,3,1.252072,1,-4.382722,21.176878,2.259312,4.893273,-22.310627,0
2018-02-08,sh.600004,15.5000,15.7900,15.1000,15.3700,15.4900,15033867,231487876.0000,3,0.726512,1,-0.774693,21.012822,2.241810,4.855365,-22.137788,0
2018-02-09,sh.600004,14.9000,15.0600,14.0000,14.9000,15.3700,36118023,531786995.0000,3,1.745405,1,-3.057907,20.370270,2.173257,4.706893,-21.460835,0
2018-02-12,sh.600004,14.9000,15.4800,14.8300,15.3200,14.9000,12120357,184193683.0000,3,0.585717,1,2.818793,20.944465,2.234517,4.839570,-22.065772,0
2018-02-13,sh.600004,15.4500,16.0900,15.4500,15.6100,15.3200,13573885,214452309.0000,3,0.655959,1,1.892950,21.340934,2.276815,4.931181,-22.483466,0
2018-02-14,sh.600004,15.7900,16.0900,15.4800,15.9300,15.6100,10124497,160323910.0000,3,0.489267,1,2.049972,21.778416,2.323489,5.032268,-22.944370,0
2018-02-22,sh.600004,16.1500,16.6700,16.0400,16.5800,15.9300,10427022,171275489.0000,3,0.503886,1,4.080349,22.667052,2.418296,5.237603,-23.880580,0
2018-02-23,sh.600004,16.6500,16.6500,16.2100,16.4900,16.5800,9203697,151012543.0000,3,0.444769,1,-0.542824,22.544010,2.405168,5.209172,-23.750951,0
2018-02-26,sh.600004,16.4800,17.1500,16.4700,17.0000,16.4900,14437622,244010865.0000,3,0.697699,1,3.092785,23.241248,2.479555,5.370280,-24.485517,0
2018-02-27,sh.600004,17.0500,17.1700,16.6000,16.6500,17.0000,8544690,143501260.0000,3,0.412923,1,-2.058826,22.762751,2.428505,5.259715,-23.981403,0
2018-02-28,sh.600004,16.6000,16.6000,16.1900,16.3700,16.6500,10039075,164408151.0000,3,0.485139,1,-1.681674,22.379954,2.387666,5.171264,-23.578112,0
2018-03-01,sh.600004,16.3000,16.5200,16.2400,16.3600,16.3700,5939912,97434465.0000,3,0.287046,1,-0.061089,22.366283,2.386207,5.168105,-23.563709,0
2018-03-02,sh.600004,16.2900,16.3600,16.0500,16.1900,16.3600,6348477,102907705.0000,3,0.306790,1,-1.039120,22.133870,2.361412,5.114402,-23.318854,0
2018-03-05,sh.600004,16.1200,16.4100,16.1100,16.1700,16.1900,5713811,92837108.0000,3,0.276120,1,-0.123536,22.106528,2.358494,5.108084,-23.290047,0
2018-03-06,sh.600004,16.3000,16.3300,15.7300,16.3100,16.1700,9920998,159088452.0000,3,0.479433,1,0.865797,22.297926,2.378914,5.152310,-23.491693,0
2018-03-07,sh.600004,16.3200,16.3500,15.8800,15.9700,16.3100,7125420,114876216.0000,3,0.344336,1,-2.084606,21.833101,2.329323,5.044904,-23.001983,0
2018-03-08,sh.600004,16.0200,16.1700,15.9000,16.1500,15.9700,5373444,86146194.0000,3,0.259672,1,1.127109,22.079185,2.355577,5.101766,-23.261241,0
2018-03-09,sh.600004,16.1700,16.4300,16.1500,16.3000,16.1500,8153400,132800621.0000,3,0.394013,1,0.928790,22.284255,2.377456,5.149151,-23.477290,0
2018-03-12,sh.600004,16.2900,16.5700,16.2600,16.5000,16.3000,10818460,178065821.0000,3,0.522803,1,1.226999,22.557681,2.406627,5.212331,-23.765355,0
2018-03-13,sh.600004,16.4500,16.5800,16.1000,16.1300,16.5000,8581168,139807564.0000,3,0.414685,1,-2.242429,22.051843,2.352660,5.095448,-23.232434,0
2018-03-14,sh.600004,16.1400,16.1400,15.8500,15.9400,16.1300,6317731,100719763.0000,3,0.305305,1,-1.177927,21.792087,2.324948,5.035427,-22.958773,0
2018-03-15,sh.600004,15.9100,16.1500,15.8700,15.9900,15.9400,4955745,79244962.0000,3,0.239487,1,0.313677,21.860444,2.332240,5.051222,-23.030789,0
2018-03-16,sh.600004,16.0000,16.2000,15.9000,15.9300,15.9900,3977509,63719814.0000,3,0.192213,1,-0.375231,21.778416,2.323489,5.032268,-22.944370,0
2018-03-19,sh.600004,15.9000,15.9000,15.7000,15.8200,15.9300,5517563,87126243.0000,3,0.266636,1,-0.690525,21.628032,2.307445,4.997519,-22.785934,0
2018-03-20,sh.600004,15.7200,15.9500,15.7000,15.8700,15.8200,4136883,65497943.0000,3,0.199915,1,0.316057,21.696388,2.314738,5.013314,-22.857950,0
2018-03-21,sh.600004,15.8700,15.9900,15.8100,15.8300,15.8700,5396018,85828469.0000,3,0.260763,1,-0.252048,21.641703,2.308903,5.000678,-22.800337,0
2018-03-22,sh.600004,15.8300,15.9300,15.4500,15.5400,15.8300,9583178,149391543.0000,3,0.463107,1,-1.831964,21.245235,2.266605,4.909068,-22.382643,0
2018-03-23,sh.600004,15.0100,15.3800,14.8800,15.2300,15.5400,12757897,193592668.0000,3,0.616526,1,-1.994855,20.821424,2.221390,4.811139,-21.936142,0
2018-03-26,sh.600004,15.1800,15.3800,14.9200,15.2300,15.2300,10683027,161363420.0000,3,0.516258,1,0.000000,19.749377,2.100182,4.661024,-21.936142,0
2018-03-27,sh.600004,15.3600,15.7300,15.3600,15.6100,15.2300,9583308,149324771.0000,3,0.463114,1,2.495076,20.242139,2.152584,4.777320,-22.483466,0
2018-03-28,sh.600004,15.4000,15.6800,14.9900,15.0600,15.6100,12360697,188992183.0000,3,0.597331,1,-3.523378,19.528931,2.076740,4.608997,-21.691287,0
2018-03-29,sh.600004,15.0800,15.5000,14.8200,15.4300,15.0600,10386270,157893131.0000,3,0.501917,1,2.456838,20.008725,2.127762,4.722233,-22.224207,0
2018-03-30,sh.600004,15.4300,15.7700,15.3500,15.6400,15.4300,7111866,110773488.0000,3,0.343681,1,1.360985,20.281041,2.156720,4.786501,-22.526675,0
2018-04-02,sh.600004,15.6100,15.6800,15.2000,15.2400,15.6400,6476907,100053095.0000,3,0.312997,1,-2.557548,19.762344,2.101561,4.664085,-21.950546,0
2018-04-03,sh.600004,15.0400,15.4800,15.0200,15.4700,15.2400,7213492,110248551.0000,3,0.348592,1,1.509190,20.060595,2.133278,4.734474,-22.281820,0
2018-04-04,sh.600004,15.4700,15.6500,15.4200,15.4600,15.4700,9014096,140306467.0000,3,0.435607,1,-0.064643,20.047628,2.131899,4.731414,-22.267417,0
2018-04-09,sh.600004,15.4300,15.6400,15.3100,15.6300,15.4600,6797947,105670893.0000,3,0.328511,1,1.099612,20.268074,2.155341,4.783441,-22.512272,0
2018-04-10,sh.600004,15.7200,16.0900,15.6300,16.0200,15.6300,12501555,199183786.0000,3,0.604138,1,2.495204,20.773803,2.209122,4.902797,-23.073999,0
2018-04-11,sh.600004,16.0400,16.3400,16.0400,16.2200,16.0200,8091388,131052612.0000,3,0.391017,1,1.248432,21.033151,2.236701,4.964006,-23.362064,0
2018-04-12,sh.600004,16.2000,16.3400,16.0900,16.2600,16.2200,9471382,153421418.0000,3,0.457705,1,0.246615,21.085021,2.242217,4.976248,-23.419677,0
2018-04-13,sh.600004,16.2700,16.4000,15.7800,15.8800,16.2600,8533422,136843965.0000,3,0.412378,1,-2.337024,20.592259,2.189816,4.859952,-22.872353,0
2018-04-16,sh.600004,15.8400,16.1000,15.4300,15.6400,15.8800,8678436,136381619.0000,3,0.419386,1,-1.511334,20.281041,2.156720,4.786501,-22.526675,0
2018-04-17,sh.600004,15.6300,15.7400,15.1500,15.1900,15.6400,9924498,152980837.0000,3,0.479602,1,-2.877243,19.697507,2.094666,4.648782,-21.878529,0
2018-04-18,sh.600004,15.3400,15.4000,14.9000,15.2200,15.1900,10875651,164229578.0000,3,0.525566,1,0.197503,19.736410,2.098803,4.657964,-21.921739,0
2018-04-19,sh.600004,15.2300,15.4400,15.0300,15.4000,15.2200,6337422,96992410.0000,3,0.306256,1,1.182650,19.969823,2.123625,4.713051,-22.180998,0
2018-04-20,sh.600004,15.4300,15.4500,15.1000,15.2300,15.4000,7355295,112319838.0000,3,0.355445,1,-1.103897,19.749377,2.100182,4.661024,-21.936142,0
2018-04-23,sh.600004,15.2500,15.3400,14.7400,14.8300,15.2300,11594541,173696913.0000,3,0.560307,1,-2.626393,18.934287,1.987650,4.446507,14.127242,0
2018-04-24,sh.600004,14.8400,15.3200,14.8400,15.1800,14.8300,10568021,159726058.0000,3,0.510700,1,2.360084,19.381152,2.034560,4.551448,14.460657,0
2018-04-25,sh.600004,15.2000,15.3400,15.1100,15.2900,15.1800,7213335,109963103.0000,3,0.348585,1,0.724635,19.521595,2.049304,4.584430,14.565444,0
2018-04-26,sh.600004,15.3000,15.3500,14.9800,15.1300,15.2900,6072588,91795821.0000,3,0.293458,1,-1.046435,19.317314,2.027859,4.536457,14.413026,0
2018-04-27,sh.600004,15.2000,15.2700,14.8900,15.2200,15.1300,6985788,105378757.0000,3,0.337588,1,0.594846,19.432222,2.039922,4.563442,14.498761,0
2018-05-02,sh.600004,15.2300,15.4300,15.0500,15.3900,15.2200,8094412,123385176.0000,3,0.391163,1,1.116952,19.649270,2.062707,4.614413,14.660705,0
2018-05-03,sh.600004,15.3300,15.3600,15.0700,15.2900,15.3900,7160056,109111154.0000,3,0.346010,1,-0.649775,19.521595,2.049304,4.584430,14.565444,0
2018-05-04,sh.600004,15.2300,15.3300,15.0400,15.1000,15.2900,6459884,98043215.0000,3,0.312174,1,-1.242640,19.279011,2.023838,4.527462,14.384448,0
2018-05-07,sh.600004,15.2200,15.4000,15.0600,15.3500,15.1000,7909537,120724917.0000,3,0.382229,1,1.655629,19.598200,2.057345,4.602420,14.622601,0
2018-05-08,sh.600004,15.3900,15.7700,15.3800,15.7600,15.3500,12410996,193415833.0000,3,0.599762,1,2.671009,20.121670,2.112297,4.725351,15.013172,0
2018-05-09,sh.600004,15.8600,15.9000,15.6300,15.8300,15.7600,10179742,160435549.0000,3,0.491936,1,0.444161,20.211043,2.121679,4.746339,15.079855,0
2018-05-10,sh.600004,15.8500,16.3300,15.8500,16.2500,15.8300,13823910,222425819.0000,3,0.668041,1,2.653191,20.747280,2.177972,4.872269,15.479952,0
2018-05-11,sh.600004,16.2900,16.3800,16.0400,16.2400,16.2500,9804921,159032913.0000,3,0.473823,1,-0.061540,20.734513,2.176631,4.869270,15.470426,0
2018-05-14,sh.600004,16.2200,16.3800,15.8400,16.0500,16.2400,14552064,233573098.0000,3,0.703229,1,-1.169954,20.491929,2.151166,4.812302,15.289429,0
2018-05-15,sh.600004,16.0500,16.1000,15.8300,16.0800,16.0500,10436016,166659516.0000,3,0.504321,1,0.186920,20.530232,2.155187,4.821297,15.318008,0
2018-05-16,sh.600004,16.0000,16.1700,15.9000,15.9500,16.0800,9208918,147584804.0000,3,0.445021,1,-0.808458,20.364253,2.137763,4.782319,15.194168,0
2018-05-17,sh.600004,15.9400,16.1300,15.9200,16.0100,15.9500,7712410,123707103.0000,3,0.372703,1,0.376178,20.440859,2.145805,4.800309,15.251325,0
2018-05-18,sh.600004,15.9500,16.0600,15.7400,16.0000,16.0100,7697640,122294288.0000,3,0.371989,1,-0.062462,20.428091,2.144464,4.797311,15.241799,0
2018-05-21,sh.600004,16.1900,16.3500,16.0400,16.1300,16.0000,10001106,162124722.0000,3,0.483304,1,0.812495,20.594069,2.161888,4.836289,15.365638,0
2018-05-22,sh.600004,16.1800,16.2000,15.9600,15.9800,16.1300,5907950,94872898.0000,3,0.285502,1,-0.929942,20.402556,2.141784,4.791314,15.222747,0
2018-05-23,sh.600004,16.0300,16.0600,15.6100,15.6200,15.9800,11428930,180180257.0000,3,0.552304,1,-2.252814,19.942924,2.093533,4.683374,14.879806,0
2018-05-24,sh.600004,15.6200,15.7300,15.5300,15.5500,15.6200,6805532,106348263.0000,3,0.328878,1,-0.448141,19.853551,2.084151,4.662386,14.813123,0
2018-05-25,sh.600004,15.5900,15.6500,15.2500,15.4000,15.5500,11218296,173285341.0000,3,0.542125,1,-0.964634,19.662038,2.064047,4.617411,14.670231,0
2018-05-28,sh.600004,15.4500,15.8900,15.3500,15.8800,15.4000,11865296,185993931.0000,3,0.573391,1,3.116887,20.274881,2.128381,4.761331,15.127485,0
2018-05-29,sh.600004,15.8300,16.1000,15.6700,16.0400,15.8800,15653399,249699730.0000,3,0.756451,1,1.007562,20.479161,2.149825,4.809304,15.279903,0
2018-05-30,sh.600004,15.8800,16.1700,15.7200,15.8600,16.0400,13182173,209967462.0000,3,0.637029,1,-1.122202,20.249345,2.125700,4.755334,15.108433,0
2018-05-31,sh.600004,15.9600,16.6600,15.9100,16.6200,15.8600,28507493,465006963.0000,3,1.377626,1,4.791937,21.219680,2.227562,4.983206,15.832419,0
2018-06-01,sh.600004,16.5200,16.7200,16.2800,16.5600,16.6200,17187486,283441826.0000,3,0.830586,1,-0.361019,21.143074,2.219521,4.965216,15.775262,0
2018-06-04,sh.600004,16.6300,17.1100,16.6200,17.0900,16.5600,27746285,469179116.0000,3,1.340840,1,3.200487,21.819755,2.290556,5.124127,16.280146,0
2018-06-05,sh.600004,17.1500,17.5000,17.0000,17.3400,17.0900,17953255,310446283.0000,3,0.867592,1,1.462844,22.138944,2.324063,5.199085,16.518300,0
2018-06-06,sh.600004,17.3600,18.2500,17.2300,17.9400,17.3400,21760012,388037721.0000,3,1.051553,1,3.460210,22.904997,2.404481,5.378985,17.089867,0
2018-06-07,sh.600004,17.9400,18.0900,17.5000,17.7800,17.9400,16971877,301120403.0000,3,0.820167,1,-0.891861,22.700716,2.383036,5.331011,16.937449,0
2018-06-08,sh.600004,17.6300,18.1800,17.5800,17.9200,17.7800,14414530,256880436.0000,3,0.696583,1,0.787398,22.879462,2.401800,5.372988,17.070815,0
2018-06-11,sh.600004,17.7600,17.9800,17.5500,17.6900,17.9200,10016082,177772035.0000,3,0.484028,1,-1.283480,22.585808,2.370973,5.304027,16.851714,0
2018-06-12,sh.600004,17.7200,18.8700,17.7000,18.7800,17.6900,23069265,426146526.0000,3,1.114823,1,6.161674,23.977472,2.517065,5.630843,17.890061,0
2018-06-13,sh.600004,18.5100,18.7700,18.4400,18.6200,18.7800,17435073,324954579.0000,3,0.842551,1,-0.851969,23.773191,2.495620,5.582870,17.737643,0
2018-06-14,sh.600004,18.5500,18.7200,18.3600,18.4500,18.6200,15158607,280047942.0000,3,0.732540,1,-0.912997,23.556143,2.472835,5.531899,17.575699,0
2018-06-15,sh.600004,18.4500,18.6900,18.1000,18.4800,18.4500,9937148,182435663.0000,3,0.480213,1,0.162595,23.594445,2.476856,5.540894,17.604278,0
2018-06-19,sh.600004,16.6300,16.6300,16.6300,16.6300,18.4800,8716700,144958721.0000,3,0.421235,1,-10.010830,21.232447,2.228903,4.986205,15.841945,0
2018-06-20,sh.600004,14.9700,14.9700,14.9700,14.9700,16.6300,18874200,282546774.0000,3,0.912097,1,-9.981955,19.113033,2.006414,4.488484,14.260608,0
2018-06-21,sh.600004,14.5000,15.1400,14.5000,14.8200,14.9700,100450354,1491046027.0000,3,4.854268,1,-1.002008,18.921519,1.986310,4.443509,14.117716,0
2018-06-22,sh.600004,14.2600,14.6400,14.0300,14.2200,14.8200,52171964,744277816.0000,3,2.521212,1,-4.048579,18.155466,1.905893,4.263610,13.546149,0
2018-06-25,sh.600004,14.2700,14.4200,14.0500,14.2100,14.2200,28744848,409521243.0000,3,1.389096,1,-0.070325,18.142699,1.904552,4.260611,13.536623,0
2018-06-26,sh.600004,14.1100,14.2500,13.9200,14.0800,14.2100,19480698,273868707.0000,3,0.941406,1,-0.914849,17.976720,1.887129,4.221633,13.412783,0
2018-06-27,sh.600004,14.0800,14.3000,13.6000,13.6100,14.0800,19568457,273367314.0000,3,0.945646,1,-3.338070,17.376645,1.824135,4.080712,12.965055,0
2018-06-28,sh.600004,13.4700,13.4900,12.4000,12.5900,13.6100,53828181,696810961.0000,3,2.601249,1,-7.494486,16.074354,1.687425,3.774884,11.993390,0
2018-06-29,sh.600004,12.7400,13.2400,12.6600,13.0900,12.5900,28146764,364676598.0000,3,1.360194,1,3.971406,16.712732,1.754440,3.924800,12.469697,0
2018-07-02,sh.600004,13.0500,13.3000,12.7300,12.8000,13.0900,14340171,187753260.0000,3,0.692989,1,-2.215431,16.342473,1.715571,3.837848,12.193439,0
2018-07-03,sh.600004,13.0000,13.4500,12.7700,13.3800,12.8000,26704991,351108306.0000,3,1.290520,1,4.531250,17.082991,1.793308,4.011751,12.745954,0
2018-07-04,sh.600004,13.3000,13.4400,13.1100,13.2600,13.3800,18434245,243983357.0000,3,0.890836,1,-0.896860,16.929781,1.777225,3.975771,12.631641,0
2018-07-05,sh.600004,13.2000,13.3300,12.8600,12.9300,13.2600,14684639,191022717.0000,3,0.709636,1,-2.488687,16.508451,1.732995,3.876827,12.317279,0
2018-07-06,sh.600004,12.9500,13.4400,12.8200,13.2700,12.9300,15927074,209779264.0000,3,0.769677,1,2.629545,16.942548,1.778565,3.978769,12.641167,0
2018-07-09,sh.600004,13.3000,14.1000,13.2100,13.9500,13.2700,15306820,210136767.0000,3,0.739703,1,5.124336,17.810742,1.869705,4.182655,13.288943,0
2018-07-10,sh.600004,13.9900,14.6500,13.9900,14.2800,13.9500,20118802,288482995.0000,3,0.972242,1,2.365591,18.232071,1.913934,4.281600,13.603305,0
2018-07-11,sh.600004,14.1300,14.3000,13.9100,14.2100,14.2800,13555191,190476692.0000,3,0.655055,1,-0.490194,18.142699,1.904552,4.260611,13.536623,0
2018-07-12,sh.600004,14.1500,14.6500,14.1500,14.4700,14.2100,10706121,154860974.0000,3,0.517374,1,1.829699,18.474655,1.939400,4.338568,13.784302,0
2018-07-13,sh.600004,14.3300,14.5800,14.1000,14.2900,14.2300,13248257,189570543.0000,3,0.640223,1,0.421647,18.244839,1.915275,4.284598,13.612832,0
2018-07-16,sh.600004,14.3300,14.6500,14.1800,14.4100,14.2900,9579094,138476890.0000,3,0.462910,1,0.839747,18.398050,1.931358,4.320578,13.727145,0
2018-07-17,sh.600004,14.3000,14.5000,14.1700,14.2900,14.4100,10606705,151303475.0000,3,0.512569,1,-0.832754,18.244839,1.915275,4.284598,13.612832,0
2018-07-18,sh.600004,14.2700,14.6300,14.1600,14.2800,14.2900,11766376,169574967.0000,3,0.568611,1,-0.069981,18.232071,1.913934,4.281600,13.603305,0
2018-07-19,sh.600004,14.2900,14.3300,13.9700,14.1700,14.2800,11512674,162595376.0000,3,0.556350,1,-0.770306,18.091628,1.899191,4.248618,13.498518,0
2018-07-20,sh.600004,14.1500,14.3100,13.9500,14.2900,14.1700,8397087,119112533.0000,3,0.405790,1,0.846859,18.244839,1.915275,4.284598,13.612832,0
2018-07-23,sh.600004,14.2000,14.5500,14.2000,14.2800,14.2900,9218536,132500498.0000,3,0.445486,1,-0.069981,18.232071,1.913934,4.281600,13.603305,0
2018-07-24,sh.600004,14.2800,14.8400,14.2700,14.6600,14.2800,13774667,200108602.0000,3,0.665661,1,2.661065,18.717239,1.964865,4.395536,13.965298,0
2018-07-25,sh.600004,14.6000,14.6200,14.3600,14.3800,14.6600,10555414,152475822.0000,3,0.510091,1,-1.909957,18.359747,1.927337,4.311583,13.698567,0
2018-07-26,sh.600004,14.4400,14.4700,14.1200,14.1300,14.3800,7764493,110904052.0000,3,0.375219,1,-1.738526,18.040558,1.893830,4.236625,13.460414,0
2018-07-27,sh.600004,14.1000,14.2500,13.9900,14.1200,14.1300,6445642,90950257.0000,3,0.311486,1,-0.070773,18.027791,1.892490,4.233627,13.450887,0
2018-07-30,sh.600004,14.1200,14.1900,13.6000,13.7300,14.1200,9516611,131645164.0000,3,0.459891,1,-2.762042,17.529856,1.840218,4.116692,13.079369,0
2018-07-31,sh.600004,13.7000,13.9800,13.7000,13.8700,13.7300,6357594,88229394.0000,3,0.307231,1,1.019668,17.708602,1.858982,4.158669,13.212734,0
2018-08-01,sh.600004,13.9100,14.4600,13.9100,14.1600,13.8700,11854452,169131876.0000,3,0.572867,1,2.090843,18.078861,1.897851,4.245620,13.488992,0
2018-08-02,sh.600004,14.1000,14.2500,13.6700,13.8000,14.1600,8665368,120280837.0000,3,0.418754,1,-2.542371,17.619229,1.849600,4.137680,13.146052,0
2018-08-03,sh.600004,13.8000,13.8600,13.0400,13.2400,13.8000,11331969,151333006.0000,3,0.547618,1,-4.057974,16.904245,1.774544,3.969775,12.612589,0
2018-08-06,sh.600004,13.1900,13.2900,12.9000,13.0900,13.2400,9734885,128201163.0000,3,0.470439,1,-1.132928,16.712732,1.754440,3.924800,12.469697,0
2018-08-07,sh.600004,13.1600,13.5500,12.9000,13.5200,13.0900,9175648,122360623.0000,3,0.443414,1,3.284953,17.261737,1.812072,4.053727,12.879320,0
2018-08-08,sh.600004,13.4500,13.5200,12.9300,13.0700,13.5200,9614828,127107681.0000,3,0.464637,1,-3.328408,16.687197,1.751759,3.918803,12.450644,0
2018-08-09,sh.600004,13.0600,13.6500,13.0600,13.5400,13.0700,9785757,131756146.0000,3,0.472897,1,3.596024,17.287272,1.814753,4.059724,12.898372,0
2018-08-10,sh.600004,13.5000,13.8700,13.5000,13.7400,13.5400,8786105,120492285.0000,3,0.424589,1,1.477103,17.542623,1.841559,4.119690,13.088895,0
2018-08-13,sh.600004,13.6700,13.7300,13.2900,13.4800,13.7400,9491048,127593344.0000,3,0.458655,1,-1.892287,17.210667,1.806711,4.041734,12.841216,0
2018-08-14,sh.600004,13.5000,13.6200,13.3800,13.5200,13.4800,5111557,69157721.0000,3,0.247016,1,0.296743,17.261737,1.812072,4.053727,12.879320,0
2018-08-15,sh.600004,13.2600,13.4400,13.0700,13.1400,13.5200,6875720,90760916.0000,3,0.332269,1,-2.810652,16.776570,1.761141,3.939791,12.517327,0
2018-08-16,sh.600004,13.0900,13.1900,12.8000,13.0100,13.1400,5686726,74149713.0000,3,0.274811,1,-0.989346,16.610592,1.743718,3.900813,12.393488,0
2018-08-17,sh.600004,13.0700,13.2000,12.5800,12.6400,13.0100,9371672,120140004.0000,3,0.452886,1,-2.843965,16.138192,1.694127,3.789875,12.041021,0
2018-08-20,sh.600004,12.3300,12.6000,11.8500,12.5400,12.6400,19002457,234313796.0000,3,0.918295,1,-0.791142,17.095144,1.654908,3.570098,15.120731,0
2018-08-21,sh.600004,12.4300,12.9700,12.4300,12.9300,12.5400,12641917,160475093.0000,3,0.610921,1,3.110051,17.626811,1.706377,3.681130,15.590993,0
2018-08-22,sh.600004,12.8100,12.8500,12.3700,12.5000,12.9300,13080018,164136393.0000,3,0.632092,1,-3.325602,17.040614,1.649630,3.558711,15.072499,0
2018-08-23,sh.600004,12.4500,12.6000,12.2600,12.3100,12.5000,9699786,120550476.0000,3,0.468743,1,-1.519997,16.781596,1.624555,3.504618,14.843397,0
2018-08-24,sh.600004,12.3200,12.5800,12.3100,12.3300,12.3100,10933102,136207365.0000,3,0.528343,1,0.162466,16.808861,1.627195,3.510312,14.867513,0
2018-08-27,sh.600004,12.4900,12.8000,12.4000,12.7400,12.3300,11125726,140919398.0000,3,0.537651,1,3.325222,17.367793,1.681302,3.627038,15.361891,0
2018-08-28,sh.600004,12.7200,12.9500,12.6800,12.7800,12.7400,6018607,77094689.0000,3,0.290849,1,0.313972,17.422323,1.686581,3.638426,15.410123,0
2018-08-29,sh.600004,12.7600,12.7600,12.0100,12.3000,12.7800,10780770,133696999.0000,3,0.520981,1,-3.755865,16.767964,1.623235,3.501771,14.831339,0
2018-08-30,sh.600004,12.3200,12.5800,12.2600,12.4000,12.3000,11822352,146558142.0000,3,0.571316,1,0.813003,16.904289,1.636433,3.530241,14.951919,0
2018-08-31,sh.600004,12.5100,12.5200,12.1400,12.2100,12.4000,7839273,95736043.0000,3,0.378833,1,-1.532255,16.645271,1.611358,3.476149,14.722817,0
2018-09-03,sh.600004,12.1100,12.1700,11.8600,12.0100,12.2100,8893089,106557696.0000,3,0.429759,1,-1.638000,16.372622,1.584964,3.419209,14.481657,0
2018-09-04,sh.600004,12.0200,12.1600,11.9000,12.1000,12.0100,6520101,78438547.0000,3,0.315084,1,0.749377,16.495314,1.596841,3.444832,14.590179,0
2018-09-05,sh.600004,12.1100,12.1100,11.7600,11.7900,12.1000,8015815,95268926.0000,3,0.387365,1,-2.561987,16.072707,1.555931,3.356576,14.216381,0
2018-09-06,sh.600004,11.8500,11.8800,11.5200,11.6000,11.7900,5876377,68626768.0000,3,0.283976,1,-1.611532,15.813689,1.530856,3.302483,13.987279,0
2018-09-07,sh.600004,11.6000,11.8800,11.5800,11.7600,11.6000,5822824,68461719.0000,3,0.281388,1,1.379309,16.031809,1.551971,3.348035,14.180207,0
2018-09-10,sh.600004,11.6800,11.7700,11.5100,11.7100,11.7600,4089859,47626087.0000,3,0.197643,1,-0.425172,15.963647,1.545373,3.333800,14.119917,0
2018-09-11,sh.600004,11.6600,11.9400,11.5600,11.7700,11.7100,9325449,109760049.0000,3,0.450653,1,0.512386,16.045442,1.553291,3.350882,14.192265,0
2018-09-12,sh.600004,11.7500,11.8600,11.5900,11.7300,11.7700,5297214,62081464.0000,3,0.255988,1,-0.339855,15.990912,1.548012,3.339494,14.144033,0
2018-09-13,sh.600004,11.8500,11.9700,11.7700,11.8700,11.7300,5114517,60633026.0000,3,0.247159,1,1.193524,16.181767,1.566488,3.379352,14.312845,0
2018-09-14,sh.600004,11.9100,11.9600,11.7900,11.8700,11.8700,2941443,34937026.0000,3,0.142145,1,0.000000,16.181767,1.566488,3.379352,14.312845,0
2018-09-17,sh.600004,11.8700,11.9300,11.7100,11.8100,11.8700,3494566,41346050.0000,3,0.168875,1,-0.505471,16.099972,1.558570,3.362270,14.240497,0
2018-09-18,sh.600004,11.7800,11.9500,11.7000,11.9100,11.8100,4584214,54187974.0000,3,0.221532,1,0.846735,16.236297,1.571767,3.390739,14.361077,0
2018-09-19,sh.600004,11.8900,12.4100,11.8200,12.3400,11.9100,11108396,136035506.0000,3,0.536814,1,3.610414,16.822494,1.628514,3.513159,14.879571,0
2018-09-20,sh.600004,12.2500,12.3400,12.1600,12.2800,12.3400,5832959,71396063.0000,3,0.281878,1,-0.486227,16.740699,1.620596,3.496077,14.807223,0
2018-09-21,sh.600004,12.2600,12.6400,12.2600,12.5700,12.2800,7518411,93759321.0000,3,0.363328,1,2.361563,17.136041,1.658867,3.578639,15.156905,0
2018-09-25,sh.600004,12.4200,12.5000,12.3100,12.4000,12.5700,3770310,46698102.0000,3,0.182200,1,-1.352427,16.904289,1.636433,3.530241,14.951919,0
2018-09-26,sh.600004,12.4100,12.7100,12.3800,12.4200,12.4000,12266994,153676089.0000,3,0.592803,1,0.161294,16.931554,1.639072,3.535935,14.976035,0
2018-09-27,sh.600004,12.4100,12.5800,12.2500,12.2500,12.4200,6634360,82218225.0000,3,0.320606,1,-1.368761,16.699801,1.616637,3.487536,14.771049,0
2018-09-28,sh.600004,12.3700,12.7700,12.3600,12.7700,12.2500,14764256,186502894.0000,3,0.713483,1,4.244902,17.408691,1.685262,3.635579,15.398065,0
2018-10-08,sh.600004,12.3300,12.5400,12.1300,12.2500,12.7700,10850691,133568761.0000,3,0.524360,1,-4.072047,16.699801,1.616637,3.487536,14.771049,0
2018-10-09,sh.600004,12.2600,12.2600,11.8300,11.8800,12.2500,11678124,139732002.0000,3,0.564346,1,-3.020407,16.195399,1.567808,3.382199,14.324903,0
2018-10-10,sh.600004,11.8100,11.9800,11.7600,11.8500,11.8800,4841398,57476666.0000,3,0.233961,1,-0.252523,16.154502,1.563849,3.373658,14.288729,0
2018-10-11,sh.600004,11.4400,11.6700,10.9500,11.1500,11.8500,12989153,146423619.0000,3,0.627701,1,-5.907179,15.200227,1.471470,3.174370,13.444669,0
2018-10-12,sh.600004,11.1200,11.4300,11.0500,11.3800,11.1500,6993929,78682201.0000,3,0.337982,1,2.062785,15.513775,1.501823,3.239850,13.722003,0
2018-10-15,sh.600004,11.4000,11.5300,11.0200,11.1700,11.3800,5235496,58856092.0000,3,0.253006,1,-1.845343,15.227492,1.474109,3.180064,13.468785,0
2018-10-16,sh.600004,11.1500,11.1500,10.8900,10.9600,11.1700,5043351,55526533.0000,3,0.243720,1,-1.880036,14.941210,1.446395,3.120277,13.215567,0
2018-10-17,sh.600004,11.1200,11.1900,10.7700,11.1400,10.9600,7473314,82049148.0000,3,0.361148,1,1.642339,15.186595,1.470150,3.171523,13.432611,0
2018-10-18,sh.600004,11.0900,11.0900,10.7000,10.8600,11.1400,10633027,115017990.0000,3,0.513841,1,-2.513471,14.804885,1.433198,3.091808,13.094987,0
2018-10-19,sh.600004,10.6900,11.2200,10.6600,11.0900,10.8600,7769616,85416460.0000,3,0.375467,1,2.117868,15.118432,1.463551,3.157288,13.372321,0
2018-10-22,sh.600004,11.0900,11.9200,11.0900,11.7800,11.0900,12821023,149349907.0000,3,0.619576,1,6.221817,16.059074,1.554611,3.353729,14.204323,0
2018-10-23,sh.600004,11.7000,11.9300,11.2100,11.2500,11.7800,7070739,80912375.0000,3,0.341694,1,-4.499149,15.336552,1.484667,3.202840,13.565249,0
2018-10-24,sh.600004,11.2500,11.4400,11.1600,11.1700,11.2500,5864573,66109507.0000,3,0.283406,1,-0.711110,15.227492,1.474109,3.180064,13.468785,0
2018-10-25,sh.600004,10.8900,11.0300,10.7600,10.9400,11.1700,8391433,91318865.0000,3,0.405516,1,-2.059091,14.913945,1.443756,3.114584,13.191451,0
2018-10-26,sh.600004,10.9900,11.0800,10.7800,10.8300,10.9400,6160196,67049757.0000,3,0.297692,1,-1.005481,14.763988,1.429239,3.083267,13.058813,0
2018-10-29,sh.600004,10.8300,10.8400,10.1800,10.2200,10.8300,14000627,145323347.0000,3,0.676581,1,-5.632499,13.932406,1.348737,2.909602,12.323275,0
2018-10-30,sh.600004,10.2000,10.2300,9.5000,9.9800,10.2200,28142069,276889523.0000,3,1.359967,1,-2.348344,13.605226,1.317064,2.841275,12.033883,0
2018-10-31,sh.600004,9.6100,9.9500,9.6100,9.7900,9.9800,29532817,288896760.0000,3,1.427175,1,-1.903803,15.144106,1.289613,2.649416,8.173851,0
2018-11-01,sh.600004,9.8600,10.0100,9.7300,9.9100,9.7900,28357906,280313036.0000,3,1.370397,1,1.225739,15.329733,1.305420,2.681891,8.274041,0
2018-11-02,sh.600004,10.1500,10.6200,10.1000,10.6000,9.9100,28005190,289078804.0000,3,1.353352,1,6.962670,16.397091,1.396312,2.868622,8.850134,0
2018-11-05,sh.600004,10.4000,10.5200,10.1900,10.4300,10.6000,15204344,157260133.0000,3,0.734751,1,-1.603774,16.134119,1.373919,2.822616,8.708198,0
2018-11-06,sh.600004,10.4000,10.4200,10.0500,10.1200,10.4300,15334178,155788947.0000,3,0.741025,1,-2.972200,15.654581,1.333083,2.738723,8.449374,0
2018-11-07,sh.600004,10.1700,10.2000,10.0600,10.1100,10.1200,17679377,179060672.0000,3,0.854357,1,-0.098816,15.639113,1.331766,2.736016,8.441024,0
2018-11-08,sh.600004,10.1800,10.2200,10.0100,10.0200,10.1100,9360618,94481492.0000,3,0.452352,1,-0.890200,15.499892,1.319910,2.711660,8.365882,0
2018-11-09,sh.600004,9.9800,9.9900,9.8500,9.8700,10.0200,6586409,65201929.0000,3,0.318288,1,-1.497012,15.267858,1.300151,2.671066,8.240644,0
2018-11-12,sh.600004,9.8800,10.1800,9.7900,10.1200,9.8700,9877257,99302354.0000,3,0.477319,1,2.532928,15.654581,1.333083,2.738723,8.449374,0
2018-11-13,sh.600004,10.0100,10.2900,9.9400,10.2200,10.1200,15436062,156632001.0000,3,0.745948,1,0.988146,15.809271,1.346256,2.765785,8.532865,0
2018-11-14,sh.600004,10.3300,10.5000,10.1500,10.1600,10.2200,12304013,126797486.0000,3,0.594592,1,-0.587088,15.716457,1.338352,2.749548,8.482770,0
2018-11-15,sh.600004,10.0900,10.3100,10.0600,10.2900,10.1600,8525662,87013197.0000,3,0.412003,1,1.279529,15.917554,1.355477,2.784729,8.591310,0
2018-11-16,sh.600004,10.3100,10.4500,10.2300,10.3500,10.2900,12442136,129053947.0000,3,0.601267,1,0.583094,16.010367,1.363381,2.800966,8.641405,0
2018-11-19,sh.600004,10.3000,10.4500,10.3000,10.4300,10.3500,7649037,79281319.0000,3,0.369640,1,0.772946,16.134119,1.373919,2.822616,8.708198,0
2018-11-20,sh.600004,10.3700,10.3700,10.0600,10.0600,10.4300,9780032,99495808.0000,3,0.472620,1,-3.547458,15.561768,1.325180,2.722485,8.399279,0
2018-11-21,sh.600004,9.9300,10.1500,9.9300,10.1400,10.0600,6767894,68051344.0000,3,0.327059,1,0.795228,15.685519,1.335718,2.744135,8.466072,0
2018-11-22,sh.600004,10.1400,10.1400,10.0000,10.0300,10.1400,7140051,71702594.0000,3,0.345043,1,-1.084819,15.515361,1.321228,2.714366,8.374231,0
2018-11-23,sh.600004,10.0700,10.0700,9.7600,9.7600,10.0300,8996670,88704045.0000,3,0.434764,1,-2.691919,15.097699,1.285661,2.641298,8.148803,0
2018-11-26,sh.600004,9.7800,9.9500,9.7800,9.8600,9.7600,5165690,51077577.0000,3,0.249632,1,1.024584,15.252389,1.298834,2.668360,8.232295,0
2018-11-27,sh.600004,9.8600,10.0200,9.8600,9.9400,9.8600,5907598,58752184.0000,3,0.285485,1,0.811358,15.376140,1.309372,2.690010,8.299088,0
2018-11-28,sh.600004,9.9000,10.0400,9.7500,10.0200,9.9400,5701516,56725102.0000,3,0.275526,1,0.804838,15.499892,1.319910,2.711660,8.365882,0
2018-11-29,sh.600004,10.0700,10.1800,10.0000,10.0100,10.0200,8977313,90669921.0000,3,0.433829,1,-0.099803,15.484423,1.318593,2.708954,8.357533,0
2018-11-30,sh.600004,10.0000,10.1400,9.9100,10.1300,10.0100,5206841,52419078.0000,3,0.251621,1,1.198800,15.670050,1.334400,2.741429,8.457723,0
2018-12-03,sh.600004,10.2800,10.7000,10.2200,10.6400,10.1300,19923850,209029204.0000,3,0.962821,1,5.034553,16.458967,1.401582,2.879447,8.883531,0
2018-12-04,sh.600004,10.5500,10.7400,10.4800,10.7000,10.6400,9921949,105123617.0000,3,0.479479,1,0.563905,16.551781,1.409485,2.895685,8.933626,0
2018-12-05,sh.600004,10.4900,10.6700,10.4300,10.5600,10.7000,8024367,84726369.0000,3,0.387778,1,-1.308406,16.335215,1.391043,2.857798,8.816738,0
2018-12-06,sh.600004,10.4600,10.4600,10.2000,10.2400,10.5600,8976984,92249586.0000,3,0.433813,1,-3.030309,15.840209,1.348891,2.771198,8.549564,0
2018-12-07,sh.600004,10.2400,10.3900,10.2400,10.3300,10.2400,5248165,54148889.0000,3,0.253618,1,0.878908,15.979430,1.360746,2.795554,8.624706,0
2018-12-10,sh.600004,10.2400,10.4000,10.1800,10.2900,10.3300,7688403,79159021.0000,3,0.371542,1,-0.387221,15.917554,1.355477,2.784729,8.591310,0
2018-12-11,sh.600004,10.3500,10.5600,10.3000,10.4700,10.2900,8487920,88807436.0000,3,0.410179,1,1.749274,16.195995,1.379188,2.833441,8.741595,0
2018-12-12,sh.600004,10.5800,10.6000,10.2900,10.4100,10.4700,9046755,94705793.0000,3,0.437185,1,-0.573070,16.103181,1.371284,2.817204,8.691500,0
2018-12-13,sh.600004,10.4900,11.1000,10.4100,10.8800,10.4100,24829408,268845387.0000,3,1.199882,1,4.514892,16.830222,1.433196,2.944397,9.083912,0
2018-12-14,sh.600004,10.8800,10.9400,10.5700,10.6000,10.8800,22283956,239856119.0000,3,1.076873,1,-2.573527,16.397091,1.396312,2.868622,8.850134,0
2018-12-17,sh.600004,10.6500,10.8300,10.4600,10.6900,10.6000,13698293,146230462.0000,3,0.661971,1,0.849049,16.536312,1.408168,2.892979,8.925277,0
2018-12-18,sh.600004,10.5900,10.8300,10.5600,10.7000,10.6900,9766390,104071296.0000,3,0.471961,1,0.093548,16.551781,1.409485,2.895685,8.933626,0
2018-12-19,sh.600004,10.7400,10.7800,10.4100,10.4500,10.7000,8244616,87036296.0000,3,0.398421,1,-2.336449,16.165057,1.376553,2.828029,8.724897,0
2018-12-20,sh.600004,10.3500,10.5600,10.2000,10.5100,10.4500,8554466,88649510.0000,3,0.413395,1,0.574167,16.257871,1.384457,2.844266,8.774992,0
2018-12-21,sh.600004,10.4000,10.4300,10.1400,10.2300,10.5100,8525911,87275747.0000,3,0.412015,1,-2.664136,15.824740,1.347573,2.768491,8.541215,0
2018-12-24,sh.600004,10.1700,10.3700,10.0800,10.2800,10.2300,7085982,72642267.0000,3,0.342430,1,0.488760,15.902085,1.354160,2.782023,8.582961,0
2018-12-25,sh.600004,10.1600,10.2000,9.9900,10.1400,10.2800,6970730,70276227.0000,3,0.336861,1,-1.361862,15.685519,1.335718,2.744135,8.466072,0
2018-12-26,sh.600004,10.1000,10.1600,9.9300,10.0000,10.1400,5897889,59282117.0000,3,0.285016,1,-1.380674,15.468954,1.317276,2.706248,8.349183,0
2018-12-27,sh.600004,10.1800,10.2300,9.8000,9.8700,10.0000,11734279,116840952.0000,3,0.567060,1,-1.300001,15.267858,1.300151,2.671066,8.240644,0
2018-12-28,sh.600004,9.8900,10.0700,9.7900,10.0500,9.8700,7595054,75677909.0000,3,0.367031,1,1.823711,15.546299,1.323862,2.719779,8.390929,0
2019-01-02,sh.600004,10.0500,10.1200,9.8500,9.9000,10.0500,6433500,63967250.0000,3,0.310899,1,-1.492543,15.314264,1.304103,2.679185,8.265692,0
2019-01-03,sh.600004,9.9000,9.9500,9.7300,9.7700,9.9000,8317763,81681965.0000,3,0.401956,1,-1.313123,15.113168,1.286979,2.644004,8.157152,0
2019-01-04,sh.600004,9.7000,9.9700,9.6400,9.9000,9.7700,9233077,90822777.0000,3,0.446189,1,1.330595,15.314264,1.304103,2.679185,8.265692,0
2019-01-07,sh.600004,9.9900,10.0200,9.8900,9.9400,9.9000,10693238,106348233.0000,3,0.516751,1,0.404040,15.376140,1.309372,2.690010,8.299088,0
2019-01-08,sh.600004,9.9500,9.9500,9.7500,9.7900,9.9400,10241147,100426762.0000,3,0.494904,1,-1.509051,15.144106,1.289613,2.649416,8.173851,0
2019-01-09,sh.600004,9.8400,9.9700,9.7800,9.8900,9.7900,14007497,138857795.0000,3,0.676913,1,1.021454,15.298796,1.302786,2.676479,8.257342,0
2019-01-10,sh.600004,9.8700,9.8700,9.6500,9.7700,9.8900,13690365,133965136.0000,3,0.661587,1,-1.213346,15.113168,1.286979,2.644004,8.157152,0
2019-01-11,sh.600004,9.7300,9.8000,9.6800,9.7700,9.7700,9406871,91595327.0000,3,0.454587,1,0.000000,15.113168,1.286979,2.644004,8.157152,0
2019-01-14,sh.600004,9.7700,9.7700,9.5500,9.5700,9.7700,13252747,127545485.0000,3,0.640440,1,-2.047091,14.803789,1.260633,2.589879,7.990169,0
2019-01-15,sh.600004,9.5900,9.7100,9.5300,9.6900,9.5700,13673335,131643811.0000,3,0.660764,1,1.253917,14.989416,1.276440,2.622354,8.090359,0
2019-01-16,sh.600004,9.6800,9.7100,9.5600,9.6500,9.6900,10430173,100508651.0000,3,0.504039,1,-0.412796,14.927541,1.271171,2.611529,8.056962,0
2019-01-17,sh.600004,9.6300,9.8600,9.6000,9.7900,9.6500,24167280,235705065.0000,3,1.167885,1,1.450781,15.144106,1.289613,2.649416,8.173851,0
2019-01-18,sh.600004,9.8400,10.5900,9.7700,10.3600,9.7900,56614584,577053472.0000,3,2.735902,1,5.822264,16.025836,1.364698,2.803673,8.649754,0
2019-01-21,sh.600004,10.3600,11.2800,10.3600,10.9500,10.3600,57999110,635645467.0000,3,2.802809,1,5.694983,16.938505,1.442417,2.963341,9.142356,0
2019-01-22,sh.600004,10.9500,10.9800,10.7100,10.7800,10.9500,28570304,309224783.0000,3,1.380661,1,-1.552512,16.675532,1.420023,2.917335,9.000420,0
2019-01-23,sh.600004,10.8000,10.8800,10.5800,10.6600,10.7800,20847202,222776086.0000,3,1.007442,1,-1.113171,16.489905,1.404216,2.884860,8.900230,0
2019-01-24,sh.600004,10.6500,11.0000,10.6500,10.8300,10.6600,29233876,316310173.0000,3,1.412728,1,1.594747,16.752877,1.426610,2.930866,9.042166,0
2019-01-25,sh.600004,10.7500,11.0400,10.7300,10.8300,10.8300,29795521,324154287.0000,3,1.439870,1,0.000000,16.752877,1.426610,2.930866,9.042166,0
2019-01-28,sh.600004,10.8700,11.2300,10.8700,11.1500,10.8300,34155500,380055514.0000,3,1.650566,1,2.954752,17.247884,1.468763,3.017466,9.309340,0
2019-01-29,sh.600004,11.0100,11.2500,10.8500,11.0200,11.1500,25813355,284682041.0000,3,1.247431,1,-1.165912,17.046787,1.451638,2.982285,9.200800,0
2019-01-30,sh.600004,10.8400,11.6000,10.8000,11.3100,11.0200,26897117,305407340.0000,3,1.299804,1,2.631578,17.495387,1.489839,3.060766,9.442926,0
2019-01-31,sh.600004,11.3500,11.8500,11.3500,11.8100,11.3100,22843596,267149237.0000,3,1.103918,1,4.420866,18.268835,1.555703,3.196078,9.860386,0
2019-02-01,sh.600004,11.8700,11.9400,11.3100,11.6000,11.8100,30315659,351093465.0000,3,1.465005,1,-1.778154,17.943987,1.528040,3.139247,9.685053,0
2019-02-11,sh.600004,11.4900,12.2200,11.4600,12.1600,11.6000,20373679,241104428.0000,3,0.984559,1,4.827581,18.810248,1.601807,3.290797,10.152607,0
2019-02-12,sh.600004,12.0600,12.2600,12.0100,12.1800,12.1600,18577105,225529145.0000,3,0.897739,1,0.164477,18.841186,1.604442,3.296210,10.169305,0
2019-02-13,sh.600004,12.1800,12.6600,12.0800,12.5000,12.1800,22499336,279252236.0000,3,1.087281,1,2.627255,19.336193,1.646595,3.382810,10.436479,0
2019-02-14,sh.600004,12.5000,12.5500,12.2700,12.5100,12.5000,10642198,132674588.0000,3,0.514285,1,0.080002,19.351661,1.647912,3.385516,10.444828,0
2019-02-15,sh.600004,12.5100,12.5400,12.1300,12.1700,12.5100,12779536,156670192.0000,3,0.617572,1,-2.717827,18.825717,1.603125,3.293503,10.160956,0
2019-02-18,sh.600004,12.2300,12.9000,12.2200,12.7300,12.1700,15357880,194203059.0000,3,0.742170,1,4.601474,19.691978,1.676892,3.445053,10.628510,0
2019-02-19,sh.600004,13.2000,13.4500,12.4900,12.6600,12.7300,35185780,452111780.0000,3,1.700354,1,-0.549880,19.583696,1.667671,3.426110,10.570066,0
2019-02-20,sh.600004,12.6400,12.6900,12.3300,12.4500,12.6600,19267413,239984574.0000,3,0.931099,1,-1.658768,19.258848,1.640008,3.369278,10.394733,0
2019-02-21,sh.600004,12.3600,12.4700,12.0300,12.1300,12.4500,26447609,324345398.0000,3,1.278082,1,-2.570279,18.763841,1.597856,3.282678,10.127559,0
2019-02-22,sh.600004,12.2200,12.3500,12.0400,12.3300,12.1300,20077268,245450927.0000,3,0.970235,1,1.648803,19.073220,1.624201,3.336803,10.294543,0
2019-02-25,sh.600004,12.4200,12.9900,12.2800,12.9500,12.3300,32334019,409755490.0000,3,1.562543,1,5.028385,20.032295,1.705872,3.504591,10.812193,0
2019-02-26,sh.600004,12.8500,12.8600,12.5800,12.6200,12.9500,21045917,267362544.0000,3,1.017045,1,-2.548262,19.521820,1.662402,3.415285,10.536669,0
2019-02-27,sh.600004,12.6000,12.6700,12.1800,12.4000,12.6200,16473891,205231500.0000,3,0.796101,1,-1.743267,19.181503,1.633422,3.355747,10.352987,0
2019-02-28,sh.600004,12.4100,12.4400,12.2700,12.3200,12.4000,9171892,113336919.0000,3,0.443232,1,-0.645161,19.057751,1.622884,3.334097,10.286194,0
2019-03-01,sh.600004,12.4400,13.1700,12.3600,13.1500,12.3200,29721436,380547995.0000,3,1.436290,1,6.737012,20.341675,1.732218,3.558716,10.979176,0
2019-03-04,sh.600004,13.1500,14.0600,13.0100,13.6000,13.1500,34987320,475699785.0000,3,1.690764,1,3.422059,21.037777,1.791495,3.680497,11.354889,0
2019-03-05,sh.600004,13.4900,13.5800,13.2600,13.4400,13.6000,20187022,270809752.0000,3,0.975539,1,-1.176476,20.790274,1.770419,3.637197,11.221303,0
2019-03-06,sh.600004,13.4200,13.5900,13.1500,13.4900,13.4400,21216972,283441565.0000,3,1.025311,1,0.372025,20.867619,1.777005,3.650728,11.263048,0
2019-03-07,sh.600004,13.4900,13.5300,13.0800,13.1800,13.4900,18760929,249424773.0000,3,0.906623,1,-2.297995,20.388081,1.736170,3.566834,11.004224,0
2019-03-08,sh.600004,13.0000,13.1500,12.6900,13.0100,13.1800,21787807,282180582.0000,3,1.052897,1,-1.289834,20.125109,1.713776,3.520828,10.862288,0
2019-03-11,sh.600004,13.0500,13.5500,13.0200,13.3100,13.0100,20152779,268719342.0000,3,0.973884,1,2.305920,20.589178,1.753294,3.602016,11.112763,0
2019-03-12,sh.600004,13.5300,13.5600,13.2000,13.3000,13.3100,21198320,283446977.0000,3,1.024410,1,-0.075133,20.573709,1.751977,3.599309,11.104414,0
2019-03-13,sh.600004,13.2600,13.7000,13.2300,13.3000,13.3000,20256809,273687713.0000,3,0.978911,1,0.000000,20.573709,1.751977,3.599309,11.104414,0
2019-03-14,sh.600004,13.4000,13.5800,13.0000,13.1700,13.3000,12832469,170873614.0000,3,0.620130,1,-0.977445,20.372612,1.734852,3.564128,10.995875,0
2019-03-15,sh.600004,13.3300,13.4600,13.0900,13.3000,13.1700,11160652,148623173.0000,3,0.539339,1,0.987093,20.573709,1.751977,3.599309,11.104414,0
2019-03-18,sh.600004,13.3200,14.2600,13.3000,14.1500,13.3000,24500463,340237585.0000,3,1.183986,1,6.390973,21.888570,1.863945,3.829340,11.814095,0
2019-03-19,sh.600004,14.1600,14.3700,13.9400,13.9900,14.1500,16716347,234994739.0000,3,0.807818,1,-1.130741,21.641067,1.842869,3.786040,11.680508,0
2019-03-20,sh.600004,13.9900,14.1200,13.8000,14.0700,13.9900,13541853,189087643.0000,3,0.654411,1,0.571836,21.764818,1.853407,3.807690,11.747301,0
2019-03-21,sh.600004,14.1100,14.6500,13.9900,14.4300,14.0700,25252115,362639187.0000,3,1.220310,1,2.558640,22.321701,1.900829,3.905115,12.047872,0
2019-03-22,sh.600004,14.4000,15.0000,14.3100,14.8900,14.4300,22007997,324663261.0000,3,1.063537,1,3.187804,23.033273,1.961424,4.029603,12.431934,0
2019-03-25,sh.600004,14.6900,15.0500,14.3500,14.4800,14.8900,15508274,227072450.0000,3,0.749438,1,-2.753531,22.399045,1.907415,3.918647,12.089618,0
2019-03-26,sh.600004,14.4100,14.8000,14.3100,14.4800,14.4800,14259221,207243437.0000,3,0.689077,1,0.000000,22.399045,1.907415,3.918647,12.089618,0
2019-03-27,sh.600004,14.5100,14.9800,14.4800,14.6000,14.4800,14686692,215971514.0000,3,0.709735,1,0.828735,22.584673,1.923223,3.951122,12.189808,0
2019-03-28,sh.600004,14.6000,14.8300,14.4000,14.4100,14.6000,11398491,166128631.0000,3,0.550833,1,-1.301373,22.290763,1.898195,3.899703,12.031173,0
2019-03-29,sh.600004,14.4500,14.8000,14.2800,14.7800,14.4100,17802232,260053761.0000,3,0.860294,1,2.567661,22.863114,1.946934,3.999834,12.340093,0
2019-04-01,sh.600004,14.8200,15.3700,14.8000,15.0100,14.7800,21987266,331071868.0000,3,1.062536,1,1.556160,23.218900,1.977231,4.062078,12.532124,0
2019-04-02,sh.600004,15.1600,15.1600,14.6800,14.7000,15.0100,19773772,293161648.0000,3,0.955568,1,-2.065293,22.739362,1.936396,3.978184,12.273300,0
2019-04-03,sh.600004,14.7000,15.0000,14.6200,14.9500,14.7000,11074213,164100041.0000,3,0.535162,1,1.700680,23.126086,1.969327,4.045840,12.482029,0
2019-04-04,sh.600004,15.6200,16.4500,14.9000,15.0000,14.9500,41519862,641817482.0000,3,2.006449,1,0.334449,23.203431,1.975914,4.059371,12.523775,0
2019-04-08,sh.600004,14.8200,14.8500,14.2900,14.4600,15.0000,32076319,466852220.0000,3,1.550089,1,-3.600000,22.368108,1.904781,3.913234,12.072919,0
2019-04-09,sh.600004,14.4100,14.7600,14.3600,14.4700,14.4600,14028391,203919277.0000,3,0.677923,1,0.069158,22.383576,1.906098,3.915940,12.081268,0
2019-04-10,sh.600004,14.4000,14.4600,13.9500,14.3000,14.4700,19332294,274936837.0000,3,0.934234,1,-1.174845,22.120604,1.883705,3.869934,11.939332,0
2019-04-11,sh.600004,14.2500,14.5600,14.0900,14.2500,14.3000,13483858,192889867.0000,3,0.651608,1,-0.349652,22.043259,1.877118,3.856403,11.897586,0
2019-04-12,sh.600004,14.2200,14.3500,13.9600,14.0700,14.2500,9019341,127165570.0000,3,0.435860,1,-1.263160,21.764818,1.853407,3.807690,11.747301,0
2019-04-15,sh.600004,14.2500,14.3000,14.0300,14.0500,14.0700,14263559,201716902.0000,3,0.689287,1,-0.142143,21.733880,1.850773,3.802278,11.730603,0
2019-04-16,sh.600004,13.9700,14.3100,13.9300,14.3000,14.0500,12265863,174291755.0000,3,0.592748,1,1.779359,22.120604,1.883705,3.869934,11.939332,0
2019-04-17,sh.600004,14.2800,14.3600,14.1300,14.1900,14.3000,13856285,196977800.0000,3,0.669606,1,-0.769235,21.950446,1.869214,3.840165,11.847491,0
2019-04-18,sh.600004,14.2700,14.3500,14.0500,14.1800,14.1900,8986060,127512845.0000,3,0.434252,1,-0.070467,21.934977,1.867897,3.837459,11.839142,0
2019-04-19,sh.600004,14.1800,14.4800,14.1300,14.4400,14.1800,11406684,163265029.0000,3,0.551228,1,1.833563,22.337170,1.902146,3.907822,12.056221,0
2019-04-22,sh.600004,14.4900,14.6000,14.0700,14.1300,14.4400,11457750,163860756.0000,3,0.553696,1,-2.146811,21.857632,1.861311,3.823928,11.797396,0
2019-04-23,sh.600004,14.1300,14.4300,13.9500,14.1600,14.1300,12404459,176166809.0000,3,0.599446,1,0.212312,21.904039,1.865263,3.832047,11.822444,0
2019-04-24,sh.600004,14.1600,14.4600,14.1400,14.3300,14.1600,8920879,127376719.0000,3,0.431102,1,1.200565,22.167011,1.887656,3.878053,11.964380,0
2019-04-25,sh.600004,14.4000,14.9400,14.3100,14.4500,14.3300,21479930,314386101.0000,3,1.038019,1,0.837403,22.352639,1.903464,3.910528,12.064570,0
2019-04-26,sh.600004,14.3100,14.8000,14.2600,14.5100,14.4500,15425754,225882330.0000,3,0.745450,1,0.415228,22.445452,1.911367,3.926765,12.114665,0
2019-04-29,sh.600004,14.5000,15.0900,14.4800,15.0400,14.5100,24877159,370170190.0000,3,1.202190,1,3.652652,23.265307,1.981183,4.070196,12.557172,0
2019-04-30,sh.600004,14.6400,15.3800,14.3000,15.2400,15.0400,28690835,428177808.0000,3,1.386486,1,1.329786,34.281049,1.989440,3.971343,-16.575891,0
2019-05-06,sh.600004,14.7500,15.3500,14.3000,15.0900,15.2400,26828818,398880760.0000,3,1.296504,1,-0.984249,33.943638,1.969859,3.932255,-16.412743,0
2019-05-07,sh.600004,15.0500,16.0800,14.7500,15.9700,15.0900,31652300,492330263.0000,3,1.529599,1,5.831677,35.923121,2.084735,4.161572,-17.369881,0
2019-05-08,sh.600004,15.9000,16.6200,15.5300,15.9000,15.9700,31518514,510146617.0000,3,1.523134,1,-0.438326,35.765662,2.075597,4.143331,-17.293745,0
2019-05-09,sh.600004,15.4500,15.8400,14.6700,14.7800,15.9000,27982265,422444664.0000,3,1.352244,1,-7.044025,33.246320,1.929391,3.851474,-16.075569,0
2019-05-10,sh.600004,15.1000,16.2600,14.9600,16.2600,14.7800,25352225,395187109.0000,3,1.225147,1,10.013540,36.575450,2.122591,4.237142,-17.685302,0
2019-05-13,sh.600004,16.1800,16.7700,15.9800,16.5200,16.2600,18171010,297547834.0000,3,0.878115,1,1.599017,37.160298,2.156532,4.304895,-17.968092,0
2019-05-14,sh.600004,16.3000,16.4800,15.8200,15.8800,16.5200,19333246,311222836.0000,3,0.934280,1,-3.874094,35.720674,2.072986,4.138119,-17.271992,0
2019-05-15,sh.600004,15.9000,16.3600,15.7800,16.0800,15.8800,18870491,302483853.0000,3,0.911917,1,1.259445,36.170556,2.099094,4.190236,-17.489523,0
2019-05-16,sh.600004,15.9500,16.6800,15.9000,16.5800,16.0800,16277011,265329180.0000,3,0.786587,1,3.109453,37.295262,2.164364,4.320530,-18.033352,0
2019-05-17,sh.600004,16.4400,16.7900,16.1000,16.1900,16.5800,15742497,258772014.0000,3,0.760757,1,-2.352228,36.417991,2.113454,4.218901,-17.609166,0
2019-05-20,sh.600004,16.0700,16.2700,15.3700,15.8700,16.1900,14014011,220716330.0000,3,0.677228,1,-1.976533,35.698179,2.071681,4.135513,-17.261115,0
2019-05-21,sh.600004,15.9300,16.5400,15.7800,16.3500,15.8700,16252484,264951134.0000,3,0.785402,1,3.024578,36.777897,2.134340,4.260595,-17.783191,0
2019-05-22,sh.600004,16.3300,16.8500,16.1300,16.6900,16.3500,15292555,254084790.0000,3,0.739013,1,2.079512,37.542698,2.178724,4.349194,-18.152994,0
2019-05-23,sh.600004,16.5300,16.8400,16.2600,16.7000,16.6900,11828340,195761453.0000,3,0.571605,1,0.059917,37.565192,2.180029,4.351800,-18.163871,0
2019-05-24,sh.600004,16.6400,16.7800,16.0100,16.3000,16.7000,11713867,191566231.0000,3,0.566073,1,-2.395219,36.665427,2.127813,4.247566,-17.728808,0
2019-05-27,sh.600004,16.2100,16.2900,15.7800,16.1800,16.3000,14179934,226907618.0000,3,0.685246,1,-0.736190,36.395497,2.112148,4.216295,-17.598289,0
2019-05-28,sh.600004,16.1800,16.2400,15.8500,15.9200,16.1800,16232610,259807384.0000,3,0.784442,1,-1.606924,35.810650,2.078208,4.148543,-17.315498,0
2019-05-29,sh.600004,15.7000,15.8600,15.5000,15.8000,15.9200,14584911,229084837.0000,3,0.704816,1,-0.753768,35.540721,2.062543,4.117272,-17.184979,0
2019-05-30,sh.600004,15.6400,15.7500,15.2700,15.5500,15.8000,17073550,264203679.0000,3,0.825080,1,-1.582278,34.978367,2.029908,4.052125,-16.913065,0
2019-05-31,sh.600004,15.5300,15.8200,15.4600,15.6700,15.5500,11495940,179842736.0000,3,0.555542,1,0.771703,35.248297,2.045572,4.083396,-17.043584,0
2019-06-03,sh.600004,15.7000,16.1300,15.5100,15.7500,15.6700,11804681,186764537.0000,3,0.570462,1,0.510529,35.428250,2.056016,4.104243,-17.130596,0
2019-06-04,sh.600004,15.5500,15.8800,15.3300,15.5900,15.7500,8019627,124812043.0000,3,0.387549,1,-1.015872,35.068344,2.035129,4.062549,-16.956571,0
2019-06-05,sh.600004,15.7500,15.8300,15.3200,15.3300,15.5900,6194190,96036275.0000,3,0.299334,1,-1.667737,34.483497,2.001189,3.994796,-16.673781,0
2019-06-06,sh.600004,15.4700,15.4700,14.8800,14.9600,15.3300,11948312,180314782.0000,3,0.577403,1,-2.413567,33.651214,1.952889,3.898379,-16.271348,0
2019-06-10,sh.600004,15.0000,15.7000,14.9700,15.6400,14.9600,11954818,184429446.0000,3,0.577717,1,4.545456,35.180814,2.041656,4.075578,-17.010954,0
2019-06-11,sh.600004,15.5100,16.2300,15.5100,16.1400,15.6400,13659489,217832080.0000,3,0.660095,1,3.196925,36.305521,2.106927,4.205872,-17.554783,0
2019-06-12,sh.600004,16.1200,16.2800,15.9500,16.0900,16.1400,7742649,124718488.0000,3,0.374164,1,-0.309785,36.193050,2.100400,4.192842,-17.500400,0
2019-06-13,sh.600004,16.0100,16.1300,15.7800,15.9400,16.0900,7840898,124892409.0000,3,0.378912,1,-0.932260,35.855638,2.080818,4.153754,-17.337251,0
2019-06-14,sh.600004,15.9400,16.1400,15.7700,15.8000,15.9400,8777947,139596756.0000,3,0.424195,1,-0.878290,35.540721,2.062543,4.117272,-17.184979,0
2019-06-17,sh.600004,15.8000,15.9700,15.5900,15.6800,15.8000,7951844,125454179.0000,3,0.384273,1,-0.759493,35.270791,2.046878,4.086002,-17.054461,0
2019-06-18,sh.600004,15.7800,16.3200,15.6700,16.1800,15.6800,12234111,196411325.0000,3,0.591214,1,3.188776,36.395497,2.112148,4.216295,-17.598289,0
2019-06-19,sh.600004,16.4800,16.7500,16.2300,16.2900,16.1800,11859098,195000124.0000,3,0.573091,1,0.679855,36.642933,2.126508,4.244960,-17.717931,0
2019-06-20,sh.600004,16.3700,17.6500,16.3300,17.1600,16.2900,23032060,392272412.0000,3,1.113025,1,5.340693,38.599922,2.240078,4.471670,-18.664193,0
2019-06-21,sh.600004,17.1400,17.4400,16.9000,17.0200,17.1600,12653711,215911100.0000,3,0.611491,1,-0.815847,38.285004,2.221802,4.435188,-18.511921,0
2019-06-24,sh.600004,17.0600,17.7700,16.8500,17.6500,17.0200,14595870,254325574.0000,3,0.705346,1,3.701523,39.702134,2.304043,4.599358,-19.197145,0
2019-06-25,sh.600004,17.6300,17.9500,17.4300,17.8200,17.6500,11397726,201495123.0000,3,0.550796,1,0.963173,40.084534,2.326235,4.643658,-19.382046,0
2019-06-26,sh.600004,17.6100,17.8300,17.4900,17.7200,17.8200,8278440,146158782.0000,3,0.400056,1,-0.561169,39.859593,2.313181,4.617599,-19.273281,0
2019-06-27,sh.600004,17.6200,18.1600,17.6200,17.8300,17.7200,11080026,198473051.0000,3,0.535443,1,0.620771,40.107028,2.327540,4.646263,-19.392923,0
2019-06-28,sh.600004,17.7000,18.2500,17.5100,18.2000,17.8300,10975707,196024151.0000,3,0.530401,1,2.075159,40.939311,2.375840,4.742681,-19.795356,0
2019-07-01,sh.600004,18.2900,19.1500,18.2900,18.6800,18.2000,14906151,278458005.0000,3,0.720340,1,2.637360,42.019029,2.438500,4.867762,-20.317431,0
2019-07-02,sh.600004,18.5200,18.8100,18.4300,18.6800,18.6800,8465221,157610333.0000,3,0.409082,1,0.000000,42.019029,2.438500,4.867762,-20.317431,0
2019-07-03,sh.600004,18.5700,18.5700,17.2500,17.5800,18.6800,34192868,608724161.0000,3,1.652372,1,-5.888653,39.544675,2.294905,4.581117,-19.121009,0
2019-07-04,sh.600004,17.5000,17.5000,16.3000,16.4100,17.5800,47115944,787912427.0000,3,2.276880,1,-6.655291,36.912862,2.142173,4.276230,-17.848450,0
2019-07-05,sh.600004,16.5000,16.9500,16.3700,16.7800,16.4100,34150388,572409717.0000,3,1.650319,1,2.254728,37.745145,2.190473,4.372647,-18.250883,0
2019-07-08,sh.600004,16.9900,17.0700,16.3800,16.6500,16.7800,23691878,396102971.0000,3,1.144911,1,-0.774738,37.452721,2.173502,4.338771,-18.109488,0
2019-07-09,sh.600004,16.5800,17.2300,16.4900,17.0100,16.6500,20033852,340194179.0000,3,0.968137,1,2.162166,38.262510,2.220497,4.432582,-18.501044,0
2019-07-10,sh.600004,16.9900,17.4800,16.9500,17.3400,17.0100,12795826,221139288.0000,3,0.618359,1,1.940035,39.004816,2.263575,4.518576,-18.859971,0
2019-07-11,sh.600004,17.4200,17.6400,17.1100,17.2000,17.3400,11406281,197819793.0000,3,0.551209,1,-0.807378,38.689898,2.245300,4.482094,-18.707699,0
2019-07-12,sh.600004,17.2500,17.6500,17.1500,17.6000,17.2000,8745280,152804017.0000,3,0.422616,1,2.325579,39.589663,2.297516,4.586328,-19.142762,0
2019-07-15,sh.600004,17.5000,17.5600,16.9200,17.3400,17.6000,11096647,191249260.0000,3,0.536246,1,-1.477274,39.004816,2.263575,4.518576,-18.859971,0
2019-07-16,sh.600004,17.3000,17.3000,16.9600,17.0600,17.3400,8622939,147190799.0000,3,0.416704,1,-1.614768,38.374981,2.227024,4.445612,-18.555427,0
2019-07-17,sh.600004,16.9500,17.2100,16.8500,17.0600,17.0600,5474300,93403077.0000,3,0.264546,1,0.000000,38.374981,2.227024,4.445612,-18.555427,0
2019-07-18,sh.600004,16.9300,17.0600,16.7500,16.8300,17.0600,5966159,101114556.0000,3,0.288315,1,-1.348180,37.857616,2.197000,4.385677,-18.305266,0
2019-07-19,sh.600004,16.9000,17.3000,16.8600,16.8900,16.8300,7810105,133148449.0000,3,0.377424,1,0.356503,37.992580,2.204832,4.401312,-18.370525,0
2019-07-22,sh.600004,16.9300,17.0400,16.5400,16.8500,16.8900,13078475,219385863.0000,3,0.632018,1,-0.236821,37.902604,2.199610,4.390888,-18.327019,0
2019-07-23,sh.600004,16.8000,16.8000,16.6000,16.7000,16.8500,7279605,121461866.0000,3,0.351787,1,-0.890205,37.565192,2.180029,4.351800,-18.163871,0
2019-07-24,sh.600004,16.6900,17.2900,16.6900,17.1700,16.7000,13792089,236720319.0000,3,0.666503,1,2.814367,38.622416,2.241383,4.474276,-18.675069,0
2019-07-25,sh.600004,17.1700,17.2400,17.0200,17.1900,17.1700,6420784,110081778.0000,3,0.310285,1,0.116485,38.667404,2.243994,4.479488,-18.696822,0
2019-07-26,sh.600004,17.1700,17.7600,17.1300,17.7600,17.1900,11278862,198087605.0000,3,0.545100,1,3.315900,39.949569,2.318402,4.628022,-19.316787,0
2019-07-29,sh.600004,17.6900,18.0400,17.5800,17.8600,17.7600,12137775,216915662.0000,3,0.586558,1,0.563065,40.174511,2.331457,4.654081,-19.425553,0
2019-07-30,sh.600004,18.0000,18.0000,17.6500,17.8100,17.8600,7164863,127433470.0000,3,0.346200,1,-0.280000,40.062040,2.324930,4.641052,-19.371170,0
2019-07-31,sh.600004,17.6500,17.7900,17.4600,17.6300,17.8100,6522729,114871706.0000,3,0.315200,1,-1.010700,39.657146,2.301432,4.594146,-19.175391,0
2019-08-01,sh.600004,17.7200,17.8200,17.4500,17.7900,17.6300,9580798,169331634.0000,3,0.463000,1,0.907600,40.017052,2.322319,4.635840,-19.349417,0
2019-08-02,sh.600004,17.4000,17.8100,17.3800,17.5100,17.7900,9101529,159813155.0000,3,0.439800,1,-1.573900,39.387216,2.285767,4.562876,-19.044873,0
2019-08-05,sh.600004,17.5500,18.0000,17.0000,17.1000,17.5100,12871785,224983741.0000,3,0.622000,1,-2.341500,38.464957,2.232246,4.456035,-18.598933,0
2019-08-06,sh.600004,16.8500,17.0500,16.7200,16.9300,17.1000,11433868,193369607.0000,3,0.552500,1,-0.994200,38.082557,2.210054,4.411735,-18.414032,0
2019-08-07,sh.600004,17.0700,17.5700,16.9500,17.1400,16.9300,10541178,182194055.0000,3,0.509400,1,1.240400,38.554934,2.237467,4.466458,-18.642440,0
2019-08-08,sh.600004,17.2400,17.8300,17.2400,17.5500,17.1400,11895086,209411287.0000,3,0.574800,1,2.392100,39.477193,2.290989,4.573299,-19.088379,0
2019-08-09,sh.600004,17.4900,17.7100,17.1100,17.2400,17.3800,10479627,182159190.0000,3,0.506400,1,-0.805500,38.779875,2.250521,4.492517,-18.751205,0
2019-08-12,sh.600004,17.1000,18.4600,17.1000,18.2900,17.2400,20238121,363881206.0000,3,0.978000,1,6.090500,41.141758,2.387589,4.766133,-19.893245,0
2019-08-13,sh.600004,18.3300,19.3900,18.1300,19.1100,18.2900,33342571,629290368.0000,3,1.611300,1,4.483300,42.986277,2.494632,4.979815,-20.785124,0
2019-08-14,sh.600004,19.1800,19.1800,17.9200,18.0600,19.1100,31570468,578035402.0000,3,1.525600,1,-5.494500,40.624393,2.357565,4.706198,-19.643084,0
2019-08-15,sh.600004,17.6500,18.3700,17.5000,18.0800,18.0600,15569805,280210110.0000,3,0.752400,1,0.110700,40.669381,2.360176,4.711410,-19.664837,0
2019-08-16,sh.600004,18.0800,18.3700,17.8100,18.1800,18.0800,13342996,241747382.0000,3,0.644800,1,0.553100,40.894323,2.373230,4.737469,-19.773603,0
2019-08-19,sh.600004,18.4000,18.9900,18.2100,18.4400,18.1800,13407222,247805350.0000,3,0.647900,1,1.430100,41.479170,2.407170,4.805221,-20.056394,0
2019-08-20,sh.600004,18.4000,18.4700,18.1300,18.3200,18.4400,8440543,154445058.0000,3,0.407900,1,-0.650800,41.209241,2.391505,4.773951,-19.925875,0
2019-08-21,sh.600004,18.2800,18.3100,18.0200,18.1200,18.3200,7539061,136786568.0000,3,0.364300,1,-1.091700,40.759358,2.365397,4.721834,-19.708343,0
2019-08-22,sh.600004,18.0800,18.4900,18.0000,18.4000,18.1200,7076705,129616022.0000,3,0.342000,1,1.545200,41.389194,2.401949,4.794798,-20.012887,0
2019-08-23,sh.600004,18.4000,18.7100,18.2300,18.6100,18.4000,7985631,147607150.0000,3,0.385900,1,1.141300,41.861570,2.429362,4.849521,-20.241295,0
2019-08-26,sh.600004,18.2600,18.9000,18.1600,18.8100,18.6100,10258323,190666065.0000,3,0.495700,1,1.074700,42.311453,2.455470,4.901638,-20.458827,0
2019-08-27,sh.600004,18.8500,19.0900,18.4800,18.8900,18.8100,10265443,193033098.0000,3,0.496100,1,0.425300,42.491406,2.465913,4.922485,-20.545839,0
2019-08-28,sh.600004,18.8500,19.0400,18.7200,18.9500,18.8900,7502575,142013076.0000,3,0.362600,1,0.317600,42.626370,2.473746,4.938121,-20.611099,0
2019-08-29,sh.600004,18.9500,19.4400,18.9500,19.0300,18.9500,10689105,205146178.0000,3,0.516600,1,0.422200,42.806324,2.484189,4.958968,-20.698111,0
2019-08-30,sh.600004,19.0300,19.3900,18.2600,18.7000,19.0300,7979611,150913508.0000,3,0.385600,1,-1.734100,42.064017,2.441111,4.872974,-20.339184,0
2019-09-02,sh.600004,18.6200,19.1800,18.6000,19.1100,18.7000,9824948,186485769.0000,3,0.474800,1,2.192500,46.290721,2.464241,5.014673,-28.040752,0
2019-09-03,sh.600004,19.0900,19.5100,19.0700,19.5000,19.1100,10063301,194542599.0000,3,0.486300,1,2.040800,47.235429,2.514531,5.117014,-28.613012,0
2019-09-04,sh.600004,19.3500,20.2900,19.2200,20.0600,19.5000,16145100,320715253.0000,3,0.780200,1,2.871800,48.591934,2.586744,5.263964,-29.434719,0
2019-09-05,sh.600004,20.1000,20.8000,20.1000,20.3100,20.0600,11087276,227154021.0000,3,0.535800,1,1.246300,49.197517,2.618981,5.329567,-29.801552,0
2019-09-06,sh.600004,20.6400,20.7000,20.0200,20.6400,20.3100,7758503,158591325.0000,3,0.374900,1,1.624800,49.996885,2.661535,5.416162,-30.285773,0
2019-09-09,sh.600004,20.8000,21.0000,20.3800,20.6500,20.6400,9234428,190608397.0000,3,0.446300,1,0.048500,50.021109,2.662824,5.418786,-30.300446,0
2019-09-10,sh.600004,20.7700,20.7700,20.0300,20.1900,20.6500,12325986,249411406.0000,3,0.595700,1,-2.227600,48.906837,2.603507,5.298077,-29.625472,0
2019-09-11,sh.600004,20.3600,20.3600,19.6800,19.8500,20.1900,10935581,217737489.0000,3,0.528500,1,-1.684000,48.083245,2.559664,5.208857,-29.126579,0
2019-09-12,sh.600004,20.0400,20.3500,19.7400,20.0900,19.8500,6896988,138495023.0000,3,0.333300,1,1.209100,48.664604,2.590612,5.271836,-29.478739,0
2019-09-16,sh.600004,20.2900,20.2900,19.8100,20.0700,20.0900,6414095,128831860.0000,3,0.310000,1,-0.099600,48.616157,2.588033,5.266588,-29.449392,0
2019-09-17,sh.600004,20.0600,20.1500,19.5100,19.7000,20.0700,7131990,141111131.0000,3,0.344700,1,-1.843500,47.719895,2.540322,5.169496,-28.906479,0
2019-09-18,sh.600004,19.7000,21.1800,19.7000,20.9400,19.7000,15576078,321434926.0000,3,0.752700,1,6.294400,50.723584,2.700220,5.494885,-30.725973,0
2019-09-19,sh.600004,21.0500,21.1800,20.6700,20.9800,20.9400,7882955,164506389.0000,3,0.380900,1,0.191000,50.820477,2.705378,5.505382,-30.784666,0
2019-09-20,sh.600004,20.9800,21.5300,20.8100,21.2600,20.9800,10717425,226538188.0000,3,0.517900,1,1.334600,51.498730,2.741484,5.578857,-31.195520,0
2019-09-23,sh.600004,21.1300,21.4500,20.9000,21.2200,21.2600,7817595,165867940.0000,3,0.377800,1,-0.188200,51.401837,2.736326,5.568360,-31.136826,0
2019-09-24,sh.600004,21.2700,22.9000,21.2700,22.6500,21.2200,13003663,289098790.0000,3,0.628400,1,6.738900,54.865768,2.920725,5.943608,-33.235114,0
2019-09-25,sh.600004,22.6900,22.8100,22.0900,22.3400,22.6500,9908553,222051365.0000,3,0.478800,1,-1.368700,54.114846,2.880750,5.862261,-32.780240,0
2019-09-26,sh.600004,22.3500,23.3500,22.0900,22.3000,22.3400,15353217,348143651.0000,3,0.741900,1,-0.179100,54.017953,2.875592,5.851764,-32.721547,0
2019-09-27,sh.600004,22.4600,22.6100,21.3700,22.4000,22.3000,9379175,208411145.0000,3,0.453200,1,0.448400,54.260186,2.888487,5.878005,-32.868280,0
2019-09-30,sh.600004,22.4800,23.1300,22.2000,22.4500,22.4000,7872095,178051654.0000,3,0.380400,1,0.223200,54.381302,2.894935,5.891126,-32.941647,0
2019-10-08,sh.600004,22.4500,23.2900,22.2300,22.9600,22.4500,16224595,372208603.0000,3,0.784100,1,2.271700,55.616690,2.960700,6.024956,-33.689987,0
2019-10-09,sh.600004,22.9700,23.2900,22.4000,23.0300,22.9600,12010663,273668041.0000,3,0.580400,1,0.304900,55.786253,2.969726,6.043324,-33.792701,0
2019-10-10,sh.600004,23.0000,23.6900,22.8300,23.4600,23.0300,10640485,247979268.0000,3,0.514200,1,1.867100,56.827855,3.025175,6.156161,-34.423654,0
2019-10-11,sh.600004,23.2400,23.6700,22.8900,23.5000,23.4600,11839141,275841475.0000,3,0.572100,1,0.170500,56.924748,3.030333,6.166657,-34.482348,0
2019-10-14,sh.600004,23.5100,23.6000,22.4500,22.5800,23.5000,22662780,515179789.0000,3,1.095200,1,-3.914900,54.696205,2.911699,5.925239,-33.132400,0
2019-10-15,sh.600004,22.4000,23.0200,21.9600,22.9000,22.5800,14566396,330789488.0000,3,0.703900,1,1.417200,55.471350,2.952963,6.009211,-33.601947,0
2019-10-16,sh.600004,22.7500,22.9800,22.2200,22.5000,22.9000,10635838,239417196.0000,3,0.514000,1,-1.746700,54.502419,2.901382,5.904247,-33.015014,0
2019-10-17,sh.600004,22.6000,22.6600,22.2900,22.4400,22.5000,7155467,160750692.0000,3,0.345800,1,-0.266700,54.357079,2.893645,5.888502,-32.926974,0
2019-10-18,sh.600004,22.4500,22.7100,21.9000,21.9400,22.4400,11159528,247378640.0000,3,0.539300,1,-2.228200,53.145914,2.829170,5.757296,-32.193307,0
2019-10-21,sh.600004,22.0000,22.2200,21.5100,21.7000,21.9400,10217795,221946381.0000,3,0.493800,1,-1.093900,52.564555,2.798222,5.694318,-31.841147,0
2019-10-22,sh.600004,21.7600,21.8300,21.2400,21.5700,21.7000,13405082,287964697.0000,3,0.647800,1,-0.599100,52.249652,2.781459,5.660204,-31.650393,0
2019-10-23,sh.600004,21.6500,22.0500,21.0000,21.2300,21.5700,11980175,257737247.0000,3,0.578900,1,-1.576300,51.426060,2.737616,5.570985,-31.151500,0
2019-10-24,sh.600004,21.3200,21.3800,20.7500,20.9700,21.2300,17035409,357130175.0000,3,0.823200,1,-1.224700,50.796254,2.704088,5.502758,-30.769993,0
2019-10-25,sh.600004,21.0700,21.2300,20.7000,21.0600,20.9700,13155778,276754401.0000,3,0.635800,1,0.429200,51.014264,2.715694,5.526375,-30.902053,0
2019-10-28,sh.600004,21.3800,21.5300,20.9200,21.0000,21.0600,10954165,231388591.0000,3,0.529400,1,-0.284900,50.868924,2.707957,5.510630,-30.814013,0
2019-10-29,sh.600004,20.1000,20.1000,18.9000,18.9000,21.0000,27932903,532368240.0000,3,1.349900,1,-10.000000,49.922894,2.468363,5.029247,-24.694906,0
2019-10-30,sh.600004,18.2000,18.7900,18.2000,18.5000,18.9000,43806542,808141253.0000,3,2.117000,1,-2.116400,48.866325,2.416123,4.922808,-24.172263,0
2019-10-31,sh.600004,18.5100,18.5800,17.4200,18.3000,18.5000,61123243,1093193807.0000,3,2.953800,1,-1.081100,48.338040,2.390003,4.869588,-23.910941,0
2019-11-01,sh.600004,18.0200,18.1600,17.7100,18.1100,18.3000,40800811,731322256.0000,3,1.971700,1,-1.038200,47.836170,2.365188,4.819030,-23.662685,0
2019-11-04,sh.600004,18.0100,18.8500,17.9600,18.5800,18.1100,39444859,732041333.0000,3,1.906200,1,2.595200,49.077639,2.426571,4.944096,-24.276791,0
2019-11-05,sh.600004,18.7400,18.7800,18.1600,18.4800,18.5800,34697992,640543661.0000,3,1.676800,1,-0.538200,48.813496,2.413511,4.917486,-24.146130,0
2019-11-06,sh.600004,18.5100,18.5100,17.8800,18.1100,18.4800,24175071,437419344.0000,3,1.168300,1,-2.002200,47.836170,2.365188,4.819030,-23.662685,0
2019-11-07,sh.600004,18.1300,18.1700,17.8900,18.1300,18.1100,17067530,307676449.0000,3,0.824800,1,0.110400,47.888998,2.367800,4.824352,-23.688817,0
2019-11-08,sh.600004,18.1500,18.4000,17.9800,18.1100,18.1300,16083562,292120394.0000,3,0.777200,1,-0.110300,47.836170,2.365188,4.819030,-23.662685,0
2019-11-11,sh.600004,17.8700,18.0000,17.2800,17.3000,18.1100,25666002,451216712.0000,3,1.240300,1,-4.472700,45.696617,2.259401,4.603491,-22.604332,0
2019-11-12,sh.600004,17.3700,17.5400,17.1900,17.3500,17.3000,15114512,262281470.0000,3,0.730400,1,0.289000,45.828688,2.265931,4.616795,-22.669662,0
2019-11-13,sh.600004,17.3900,17.6500,17.1200,17.2800,17.3500,15276901,264391130.0000,3,0.738300,1,-0.403500,45.643789,2.256789,4.598169,-22.578200,0
2019-11-14,sh.600004,17.3600,17.4700,17.1600,17.3100,17.2800,20650701,358295795.0000,3,0.997900,1,0.173600,45.723031,2.260707,4.606152,-22.617398,0
2019-11-15,sh.600004,17.3300,17.4900,17.2500,17.3200,17.3100,11655111,202440679.0000,3,0.563200,1,0.057800,45.749446,2.262013,4.608813,-22.630464,0
2019-11-18,sh.600004,17.2800,17.8000,17.1500,17.6700,17.3200,20641127,362912322.0000,3,0.997500,1,2.020800,46.673944,2.307724,4.701947,-23.087777,0
2019-11-19,sh.600004,17.7200,17.7300,17.4600,17.6300,17.6700,16071972,283577926.0000,3,0.776700,1,-0.226400,46.568287,2.302500,4.691303,-23.035513,0
2019-11-20,sh.600004,17.6300,18.0000,17.4700,17.5600,17.6300,17344534,307209544.0000,3,0.838200,1,-0.397000,46.383387,2.293358,4.672676,-22.944050,0
2019-11-21,sh.600004,17.4900,17.5000,17.0100,17.1100,17.5600,18618440,319662950.0000,3,0.899700,1,-2.562600,45.194747,2.234587,4.552932,-22.356076,0
2019-11-22,sh.600004,17.1200,17.2300,16.5500,16.7100,17.1100,19955213,336707862.0000,3,0.964300,1,-2.337800,44.138178,2.182347,4.446493,-21.833433,0
2019-11-25,sh.600004,16.6600,16.8400,16.3400,16.4300,16.7100,19421666,321070353.0000,3,0.938600,1,-1.675600,43.398579,2.145778,4.371986,-21.467582,0
2019-11-26,sh.600004,16.4600,16.8300,16.2000,16.4400,16.4300,34124125,563805365.0000,3,1.649000,1,0.060900,43.424993,2.147084,4.374647,-21.480648,0
2019-11-27,sh.600004,16.4600,16.8200,16.3800,16.7500,16.4400,21079231,351062282.0000,3,1.018700,1,1.885600,44.243835,2.187571,4.457137,-21.885697,0
2019-11-28,sh.600004,17.1700,17.5600,17.0100,17.2600,16.7500,32866106,567149150.0000,3,1.588300,1,3.044800,45.590960,2.254177,4.592847,-22.552068,0
2019-11-29,sh.600004,17.3300,17.3800,16.5400,16.7000,17.2600,21781701,366941282.0000,3,1.052600,1,-3.244500,44.111763,2.181041,4.443832,-21.820367,0
2019-12-02,sh.600004,16.7300,17.1600,16.6700,16.8100,16.7000,15640314,263939669.0000,3,0.755800,1,0.658700,44.402320,2.195407,4.473103,-21.964094,0
2019-12-03,sh.600004,16.8100,17.1000,16.5700,17.0700,16.8100,12435146,208915520.0000,3,0.600900,1,1.546700,45.089090,2.229363,4.542288,-22.303812,0
2019-12-04,sh.600004,17.0000,17.1400,16.9200,17.0800,17.0700,11193274,190795211.0000,3,0.540900,1,0.058600,45.115504,2.230669,4.544949,-22.316878,0
2019-12-05,sh.600004,17.2000,17.7100,17.1100,17.6000,17.0800,23472321,410087706.0000,3,1.134300,1,3.044500,46.489044,2.298582,4.683320,-22.996315,0
2019-12-06,sh.600004,17.7000,17.9200,17.4500,17.8100,17.6000,14180777,251290221.0000,3,0.685300,1,1.193200,47.043743,2.326008,4.739200,-23.270702,0
2019-12-09,sh.600004,17.8100,17.9300,17.4600,17.5800,17.8100,10541458,186037436.0000,3,0.509400,1,-1.291400,46.436216,2.295970,4.677998,-22.970182,0
2019-12-10,sh.600004,17.5000,17.6000,17.3100,17.3800,17.5800,11203387,194800929.0000,3,0.541400,1,-1.137700,45.907931,2.269849,4.624778,-22.708861,0
2019-12-11,sh.600004,17.4400,17.6500,17.3200,17.6000,17.3800,9173678,160229175.0000,3,0.443300,1,1.265800,46.489044,2.298582,4.683320,-22.996315,0
2019-12-12,sh.600004,17.5900,17.6100,17.2600,17.2800,17.6000,9235747,160331294.0000,3,0.446300,1,-1.818200,45.643789,2.256789,4.598169,-22.578200,0
2019-12-13,sh.600004,17.4500,17.4800,17.3200,17.4500,17.2800,15556430,270768581.0000,3,0.751800,1,0.983800,46.092831,2.278992,4.643405,-22.800323,0
2019-12-16,sh.600004,17.5000,18.1800,17.4300,18.0400,17.4500,28601175,509157878.0000,3,1.382200,1,3.381100,47.651270,2.356046,4.800403,-23.571222,0
2019-12-17,sh.600004,18.0900,18.3700,17.8400,18.2800,18.0400,19414753,353039353.0000,3,0.938200,1,1.330400,48.285212,2.387391,4.864266,-23.884809,0
2019-12-18,sh.600004,18.2000,18.3900,18.0600,18.0700,18.2800,11053482,201311530.0000,3,0.534200,1,-1.148800,47.730513,2.359964,4.808386,-23.610421,0
2019-12-19,sh.600004,18.0100,18.3300,18.0000,18.1500,18.0700,7982765,145164838.0000,3,0.385800,1,0.442700,47.941827,2.370412,4.829674,-23.714949,0
2019-12-20,sh.600004,18.2000,18.2200,17.8900,18.1300,18.1500,8548440,154357490.0000,3,0.413100,1,-0.110200,47.888998,2.367800,4.824352,-23.688817,0
2019-12-23,sh.600004,18.0500,18.0500,17.6800,17.7500,18.1300,12052936,215219322.0000,3,0.582500,1,-2.096000,46.885258,2.318172,4.723235,-23.192306,0
2019-12-24,sh.600004,17.7400,17.7700,17.5100,17.7700,17.7500,7163237,126221457.0000,3,0.346200,1,0.112700,46.938086,2.320784,4.728557,-23.218438,0
2019-12-25,sh.600004,17.7200,17.7600,17.5800,17.6600,17.7700,6108911,107776699.0000,3,0.295200,1,-0.619000,46.647529,2.306418,4.699286,-23.074711,0
2019-12-26,sh.600004,17.6500,17.8100,17.6000,17.7500,17.6600,6965681,123205240.0000,3,0.336600,1,0.509600,46.885258,2.318172,4.723235,-23.192306,0
2019-12-27,sh.600004,17.7700,17.8500,17.5000,17.6300,17.7500,11884928,209959920.0000,3,0.574300,1,-0.676100,46.568287,2.302500,4.691303,-23.035513,0
2019-12-30,sh.600004,17.4100,17.7900,17.1800,17.7900,17.6300,13506035,236541161.0000,3,0.652700,1,0.907600,46.990914,2.323396,4.733878,-23.244570,0
2019-12-31,sh.600004,17.7700,17.9200,17.4100,17.4500,17.7900,16125231,283534549.0000,3,0.779300,1,-1.911200,46.092831,2.278992,4.643405,-22.800323,0
2020-01-02,sh.600004,17.5600,17.6200,17.4000,17.5200,17.4500,17792404,311394028.0000,3,0.859800,1,0.401100,46.277730,2.288134,4.662032,-22.891786,0
2020-01-03,sh.600004,17.6100,17.6200,17.3100,17.3800,17.5200,16314649,284126626.0000,3,0.788400,1,-0.799100,45.907931,2.269849,4.624778,-22.708861,0
2020-01-06,sh.600004,17.2400,17.2400,16.9500,17.0800,17.3800,21455327,366006757.0000,3,1.036800,1,-1.726100,45.115504,2.230669,4.544949,-22.316878,0
2020-01-07,sh.600004,17.0600,17.2900,16.9000,17.2600,17.0800,16800760,287242100.0000,3,0.811900,1,1.053900,45.590960,2.254177,4.592847,-22.552068,0
2020-01-08,sh.600004,17.2100,17.3300,16.9500,17.0900,17.2600,16681509,284963344.0000,3,0.806100,1,-0.984900,45.141918,2.231975,4.547610,-22.329944,0
2020-01-09,sh.600004,17.1700,17.3400,17.0000,17.1800,17.0900,13289255,228140223.0000,3,0.642200,1,0.526600,45.379646,2.243729,4.571559,-22.447539,0
2020-01-10,sh.600004,17.2500,17.9100,17.0900,17.8500,17.1800,28620381,502746203.0000,3,1.383100,1,3.899900,47.149400,2.331232,4.749844,-23.322967,0
2020-01-13,sh.600004,17.8200,18.3000,17.7000,18.1000,17.8500,27538492,498436468.0000,3,1.330800,1,1.400600,47.809756,2.363882,4.816369,-23.649619,0
2020-01-14,sh.600004,18.1000,18.1800,17.7200,17.8200,18.1000,15483288,276828326.0000,3,0.748200,1,-1.547000,47.070157,2.327314,4.741861,-23.283769,0
2020-01-15,sh.600004,17.8000,17.9400,17.6400,17.7900,17.8200,10198978,181021968.0000,3,0.492900,1,-0.168300,46.990914,2.323396,4.733878,-23.244570,0
2020-01-16,sh.600004,17.7900,17.8400,17.6000,17.6400,17.7900,8889679,157448363.0000,3,0.429600,1,-0.843200,46.594701,2.303806,4.693964,-23.048579,0
2020-01-17,sh.600004,17.6400,17.8000,17.6100,17.6500,17.6400,8847922,156431858.0000,3,0.427600,1,0.056700,46.621115,2.305112,4.696625,-23.061645,0
2020-01-20,sh.600004,17.6000,17.6500,16.7300,17.0800,17.6500,30944308,525831530.0000,3,1.495400,1,-3.229500,45.115504,2.230669,4.544949,-22.316878,0
2020-01-21,sh.600004,16.7900,16.9700,16.6500,16.7800,17.0800,22047146,370416611.0000,3,1.065400,1,-1.756400,44.323077,2.191489,4.465120,-21.924895,0
2020-01-22,sh.600004,16.6700,16.9000,16.5900,16.6900,16.7800,12879071,215292873.0000,3,0.622400,1,-0.536400,44.085349,2.179735,4.441171,-21.807301,0
2020-01-23,sh.600004,16.5000,16.5000,15.0500,15.3400,16.6900,43961567,690745231.0000,3,2.124400,1,-8.088700,40.519428,2.003423,4.081939,-20.043379,0
2020-02-03,sh.600004,13.8100,14.6000,13.8100,14.4000,15.3400,58974626,827006876.0000,3,2.850000,1,-6.127800,38.036491,1.880658,3.831807,-18.815167,0
2020-02-04,sh.600004,14.3500,15.3600,14.2500,15.2500,14.4000,33035754,496923644.0000,3,1.596500,1,5.902800,40.281700,1.991669,4.057990,-19.925784,0
2020-02-05,sh.600004,15.2500,15.6600,15.1100,15.3300,15.2500,21091787,324625275.0000,3,1.019300,1,0.524600,40.493014,2.002117,4.079278,-20.030313,0
2020-02-06,sh.600004,15.3000,15.4800,15.1300,15.3900,15.3300,12835665,197032161.0000,3,0.620300,1,0.391400,40.651499,2.009953,4.095244,-20.108709,0
2020-02-07,sh.600004,15.3900,15.6100,15.2000,15.5800,15.3900,10382232,159265985.0000,3,0.501700,1,1.234600,41.153370,2.034767,4.145803,-20.356965,0
2020-02-10,sh.600004,15.4900,16.1500,15.3800,16.0000,15.5800,16954462,269599996.0000,3,0.819300,1,2.695800,42.262767,2.089620,4.257564,-20.905741,0
2020-02-11,sh.600004,16.0000,16.2000,15.8300,15.9700,16.0000,8191794,131025838.0000,3,0.395900,1,-0.187500,42.183525,2.085702,4.249581,-20.866542,0
2020-02-12,sh.600004,15.8500,16.1100,15.8100,15.9900,15.9700,9055254,144679210.0000,3,0.437600,1,0.125200,42.236353,2.088314,4.254903,-20.892674,0
2020-02-13,sh.600004,16.0000,16.0600,15.6000,15.7000,15.9900,9914291,156528970.0000,3,0.479100,1,-1.813600,41.470340,2.050439,4.177734,-20.513758,0
2020-02-14,sh.600004,15.7000,15.8100,15.6000,15.8100,15.7000,5995797,94128033.0000,3,0.289700,1,0.700600,41.760897,2.064805,4.207005,-20.657485,0
2020-02-17,sh.600004,15.8400,16.0000,15.7500,16.0000,15.8100,11843599,188832533.0000,3,0.572300,1,1.201800,42.262767,2.089620,4.257564,-20.905741,0
2020-02-18,sh.600004,16.0000,16.0500,15.7600,15.8800,16.0000,11035403,175062615.0000,3,0.533300,1,-0.750000,41.945797,2.073948,4.225632,-20.748948,0
2020-02-19,sh.600004,15.8400,16.0400,15.7300,15.8400,15.8800,10430481,165694129.0000,3,0.504100,1,-0.251900,41.945797,2.073948,4.225632,-20.748948,0
2020-02-20,sh.600004,15.8800,17.2500,15.8600,17.0100,15.8400,34459201,577358745.0000,3,1.665200,1,7.386400,44.930605,2.221527,4.526322,-22.225415,0
2020-02-21,sh.600004,17.0500,17.2800,16.7500,17.0900,17.0100,18380258,313442878.0000,3,0.888200,1,0.470300,45.141918,2.231975,4.547610,-22.329944,0
2020-02-24,sh.600004,16.8400,16.9900,16.2500,16.3200,17.0900,26544066,435986222.0000,3,1.282700,1,-4.505600,43.108023,2.131412,4.342715,-21.323855,0
2020-02-25,sh.600004,15.9400,16.1500,15.6300,15.8300,16.3200,19639180,311364489.0000,3,0.949100,1,-3.002400,41.813725,2.067418,4.212327,-20.683617,0
2020-02-26,sh.600004,15.6000,16.0800,15.2500,15.8600,15.8300,22218918,347681830.0000,3,1.073700,1,0.189500,41.892968,2.071336,4.220310,-20.722815,0
2020-02-27,sh.600004,15.8000,15.9000,15.5100,15.7300,15.8600,12301383,193215572.0000,3,0.594500,1,-0.819700,41.549583,2.054357,4.185717,-20.552956,0
2020-02-28,sh.600004,15.3500,15.5100,15.1100,15.4800,15.7300,14192982,217005296.0000,3,0.685900,1,-1.589300,40.889227,2.021707,4.119193,-20.226304,0
2020-03-02,sh.600004,15.3800,15.9400,15.3300,15.8200,15.4800,13072919,205121195.0000,3,0.631700,1,2.196400,41.787311,2.066111,4.209666,-20.670551,0
2020-03-03,sh.600004,15.8500,16.2800,15.8500,16.0700,15.8200,11643731,186868075.0000,3,0.562700,1,1.580300,42.447667,2.098762,4.276190,-20.997203,0
2020-03-04,sh.600004,15.9400,16.4000,15.8300,16.3000,16.0700,12391656,200544695.0000,3,0.598800,1,1.431200,43.055194,2.128800,4.337393,-21.297723,0
2020-03-05,sh.600004,16.3900,16.9300,16.2200,16.7800,16.3000,20661394,343467715.0000,3,0.998500,1,2.944800,44.323077,2.191489,4.465120,-21.924895,0
2020-03-06,sh.600004,16.5800,16.7500,16.1600,16.2900,16.7800,14021115,230286746.0000,3,0.677600,1,-2.920100,43.028780,2.127494,4.334732,-21.284657,0
2020-03-09,sh.600004,15.9400,15.9400,15.4300,15.5000,16.2900,16295859,254915927.0000,3,0.787500,1,-4.849600,40.942056,2.024319,4.124515,-20.252436,0
2020-03-10,sh.600004,15.2900,15.8900,15.2900,15.7800,15.5000,14796100,231197455.0000,3,0.715000,1,1.806400,41.681654,2.060887,4.199022,-20.618287,0
2020-03-11,sh.600004,15.8000,16.0200,15.5600,15.6100,15.7800,10348510,162953229.0000,3,0.500100,1,-1.077300,41.232612,2.038685,4.153785,-20.396163,0
2020-03-12,sh.600004,15.4500,15.4600,14.9300,14.9700,15.6100,19111723,287549235.0000,3,0.923600,1,-4.099900,39.542102,1.955100,3.983483,-19.559934,0
2020-03-13,sh.600004,14.2800,14.7800,14.2500,14.5000,14.9700,18418795,266464995.0000,3,0.890100,1,-3.139600,38.300633,1.893718,3.858417,-18.945827,0
2020-03-16,sh.600004,14.5100,14.6000,13.3300,13.4700,14.5000,24436858,341267366.0000,3,1.180900,1,-7.103400,35.579967,1.759199,3.584336,-17.600020,0
2020-03-17,sh.600004,13.3600,14.1100,12.7200,13.2100,13.4700,22078435,290112520.0000,3,1.066900,1,-1.930200,34.893197,1.725242,3.515151,-17.260302,0
2020-03-18,sh.600004,13.1800,13.7500,13.1300,13.2200,13.2100,19652423,263421111.0000,3,0.949700,1,0.075700,34.919612,1.726548,3.517812,-17.273368,0
2020-03-19,sh.600004,13.1300,13.3800,12.7000,12.9000,13.2200,13791906,178466707.0000,3,0.666500,1,-2.420600,34.074356,1.684756,3.432661,-16.855253,0
2020-03-20,sh.600004,13.0100,13.3500,12.9900,13.3000,12.9000,9689808,127814773.0000,3,0.468300,1,3.100800,35.130925,1.736996,3.539100,-17.377897,0
2020-03-23,sh.600004,13.0000,13.0500,12.5100,12.7100,13.3000,11621050,148899719.0000,3,0.561600,1,-4.436100,33.572486,1.659942,3.382102,-16.606998,0
2020-03-24,sh.600004,12.9300,13.3800,12.8700,13.3200,12.7100,10743888,140834073.0000,3,0.519200,1,4.799400,35.183754,1.739608,3.544422,-17.404029,0
2020-03-25,sh.600004,13.7000,13.8300,13.5500,13.7900,13.3200,11888937,163148627.0000,3,0.574500,1,3.528500,36.425223,1.800991,3.669488,-18.018135,0
2020-03-26,sh.600004,13.7800,13.9000,13.4900,13.5500,13.7900,10560687,144582965.0000,3,0.510300,1,-1.740400,35.791281,1.769647,3.605624,-17.704549,0
2020-03-27,sh.600004,13.6600,13.6900,13.1700,13.2300,13.5500,8671821,116375130.0000,3,0.419100,1,-2.361600,34.946026,1.727854,3.520473,-17.286434,0
2020-03-30,sh.600004,13.0300,13.1100,12.5900,12.6100,13.2300,14031524,178569477.0000,3,0.678100,1,-4.686300,33.308344,1.646882,3.355492,-16.476337,0
2020-03-31,sh.600004,12.7700,12.8400,12.5000,12.5500,12.6100,11476138,144764713.0000,3,0.554600,1,-0.475800,33.149858,1.639045,3.339526,-16.397940,0
2020-04-01,sh.600004,12.5200,12.8100,12.4500,12.4500,12.5500,8374113,105467835.0000,3,0.404700,1,-0.796800,32.885716,1.625985,3.312917,-16.267279,0
2020-04-02,sh.600004,12.4600,12.6700,12.2700,12.6500,12.4500,10831020,135201992.0000,3,0.523400,1,1.606400,33.414000,1.652106,3.366136,-16.528601,0
2020-04-03,sh.600004,12.5600,13.1500,12.5500,13.0000,12.6500,18910836,244066183.0000,3,0.913900,1,2.766800,34.338498,1.697816,3.459270,-16.985914,0
2020-04-07,sh.600004,13.1800,13.2400,12.9700,13.0500,13.0000,10419084,136224487.0000,3,0.503500,1,0.384600,34.470570,1.704346,3.472575,-17.051245,0
2020-04-08,sh.600004,12.9000,13.3100,12.7000,13.2000,13.0500,11996200,156713747.0000,3,0.579700,1,1.149400,34.866783,1.723936,3.512490,-17.247236,0
2020-04-09,sh.600004,13.2400,13.8100,13.2400,13.6100,13.2000,12333394,168033595.0000,3,0.596000,1,3.106100,35.949766,1.777483,3.621590,-17.782946,0
2020-04-10,sh.600004,13.6600,13.7500,13.3200,13.4100,13.6100,6536758,88486388.0000,3,0.315900,1,-1.469500,35.421482,1.751363,3.568370,-17.521624,0
2020-04-13,sh.600004,13.3900,13.5100,13.2100,13.4400,13.4100,6081568,81341521.0000,3,0.293900,1,0.223700,35.500725,1.755281,3.576353,-17.560822,0
2020-04-14,sh.600004,13.4400,13.6600,13.4000,13.6000,13.4400,6492424,87875130.0000,3,0.313700,1,1.190500,35.923352,1.776177,3.618929,-17.769879,0
2020-04-15,sh.600004,13.6500,13.7700,13.3600,13.3700,13.6000,7112680,96229851.0000,3,0.343700,1,-1.691200,35.315825,1.746138,3.557727,-17.469359,0
2020-04-16,sh.600004,13.3100,13.5700,13.2400,13.5400,13.3700,7357770,98702058.0000,3,0.355600,1,1.271500,35.764867,1.768341,3.602963,-17.691483,0
2020-04-17,sh.600004,13.7100,14.5000,13.7100,14.1900,13.5400,21754684,309440862.0000,3,1.051300,1,4.800600,37.481792,1.853231,3.775927,-18.540779,0
2020-04-20,sh.600004,14.2700,14.6600,14.0500,14.5500,14.1900,12215311,176586435.0000,3,0.590300,1,2.537000,38.432704,1.900248,3.871722,-19.011158,0
2020-04-21,sh.600004,14.5400,14.6500,14.3400,14.5000,14.5500,11431329,165559182.0000,3,0.552400,1,-0.343600,38.300633,1.893718,3.858417,-18.945827,0
2020-04-22,sh.600004,14.3600,14.7100,14.2700,14.6300,14.5000,8905095,129617154.0000,3,0.430300,1,0.896600,38.644018,1.910696,3.893010,-19.115687,0
2020-04-23,sh.600004,14.5500,15.1000,14.5300,14.9900,14.6300,13752942,205205679.0000,3,0.664600,1,2.460700,39.594930,1.957712,3.988805,-19.586066,0
2020-04-24,sh.600004,14.9000,14.9000,14.1400,14.3600,14.9900,13887216,200846525.0000,3,0.671100,1,-4.202800,37.930834,1.875434,3.821163,-18.762902,0
2020-04-27,sh.600004,14.2500,14.4000,14.0000,14.0500,14.3600,9398487,133332526.0000,3,0.454200,1,-2.158800,37.111993,1.834947,3.738673,-18.357853,0
2020-04-28,sh.600004,15.0000,15.4600,14.3200,15.4600,14.0500,52774426,802532776.0000,3,2.550300,1,10.035600,46.138388,1.931398,4.458553,42.061472,0
2020-04-29,sh.600004,15.8000,16.0000,15.5100,15.7500,15.4600,29067674,457731134.0000,3,1.404700,1,1.875800,47.003856,1.967627,4.542187,42.850465,0
2020-04-30,sh.600004,15.7500,16.0600,15.5100,15.8000,15.7500,18279808,288294656.0000,3,0.883400,1,0.317500,47.153074,1.973874,4.556607,42.986498,0
2020-05-06,sh.600004,15.4700,15.6500,14.7400,14.9900,15.8000,34968685,525140368.0000,3,1.689900,1,-5.126600,44.735733,1.872682,4.323009,40.782760,0
2020-05-07,sh.600004,14.8300,14.9000,14.0000,14.0300,14.9900,45488493,651049655.0000,3,2.198200,1,-6.404300,41.870736,1.752750,4.046152,38.170922,0
2020-05-08,sh.600004,14.1500,14.2500,13.9400,14.1800,14.0300,32412264,456642460.0000,3,1.566300,1,1.069100,42.318392,1.771489,4.089411,38.579022,0
2020-05-11,sh.600004,14.1800,14.2700,13.8400,13.9800,14.1800,27960775,392869912.0000,3,1.351200,1,-1.410400,41.721518,1.746504,4.031732,38.034889,0
2020-05-12,sh.600004,13.9100,14.1900,13.7700,14.0800,13.9800,19642812,274728270.0000,3,0.949200,1,0.715300,42.019955,1.758996,4.060571,38.306955,0
2020-05-13,sh.600004,14.0000,14.0200,13.8200,13.9800,14.0800,17511237,243762307.0000,3,0.846200,1,-0.710200,41.721518,1.746504,4.031732,38.034889,0
2020-05-14,sh.600004,13.9100,13.9200,13.6300,13.6700,13.9800,22168212,304928499.0000,3,1.071300,1,-2.217400,40.796362,1.707776,3.942330,37.191483,0
2020-05-15,sh.600004,13.6800,13.8200,13.6600,13.7000,13.6700,12346393,169654992.0000,3,0.596600,1,0.219500,40.885894,1.711524,3.950982,37.273103,0
2020-05-18,sh.600004,13.7000,14.1900,13.5200,14.1700,13.7000,26219836,366143307.0000,3,1.267100,1,3.430700,42.288548,1.770240,4.086527,38.551815,0
2020-05-19,sh.600004,14.3000,15.2700,14.3000,15.1700,14.1700,54895085,818762403.0000,3,2.652800,1,7.057200,45.272920,1.895169,4.374919,41.272479,0
2020-05-20,sh.600004,15.1900,15.3500,14.8900,15.1900,15.1700,29229032,443015741.0000,3,1.412500,1,0.131800,45.332608,1.897667,4.380687,41.326893,0
2020-05-21,sh.600004,15.2400,15.4600,14.9000,14.9400,15.1900,18510931,279764710.0000,3,0.894500,1,-1.645800,44.586515,1.866435,4.308589,40.646727,0
2020-05-22,sh.600004,14.9700,15.0600,14.6800,14.8900,14.9400,16929538,252110525.0000,3,0.818100,1,-0.334700,44.437296,1.860189,4.294169,40.510693,0
2020-05-25,sh.600004,14.8700,15.2200,14.5500,15.1800,14.8900,16395798,245121665.0000,3,0.792300,1,1.947600,45.302764,1.896418,4.377803,41.299686,0
2020-05-26,sh.600004,15.2000,15.5400,15.1400,15.4400,15.1800,18432035,283783934.0000,3,0.890700,1,1.712800,46.078701,1.928899,4.452786,42.007059,0
2020-05-27,sh.600004,15.6200,15.7600,14.9500,15.0100,15.4400,12331135,187987652.0000,3,0.595900,1,-2.785000,44.795421,1.875180,4.328777,40.837173,0
2020-05-28,sh.600004,15.2800,15.6500,15.0800,15.6000,15.0100,19499589,300085708.0000,3,0.942300,1,3.930700,46.556200,1.948888,4.498928,42.442365,0
2020-05-29,sh.600004,15.4500,16.5900,15.4200,16.3500,15.6000,27333112,444265436.0000,3,1.320900,1,4.807700,48.794479,2.042585,4.715223,44.482864,0
2020-06-01,sh.600004,16.4400,17.1300,16.1100,17.0000,16.3500,23632803,396849331.0000,3,1.142100,1,3.975500,50.734321,2.123788,4.902678,46.251295,0
2020-06-02,sh.600004,17.0000,17.4200,16.7600,16.9100,17.0000,21836015,371726999.0000,3,1.055200,1,-0.529400,50.465727,2.112545,4.876723,46.006436,0
2020-06-03,sh.600004,16.9000,17.0300,16.6100,16.7000,16.9100,15362575,257807638.0000,3,0.742400,1,-1.241900,49.839009,2.086310,4.816161,45.435096,0
2020-06-04,sh.600004,16.6500,16.6500,16.0000,16.3400,16.7000,25111397,408961368.0000,3,1.213500,1,-2.155700,48.764635,2.041335,4.712339,44.455657,0
2020-06-05,sh.600004,16.3200,16.9000,16.2800,16.7000,16.3400,16781670,279171427.0000,3,0.811000,1,2.203200,49.839009,2.086310,4.816161,45.435096,0
2020-06-08,sh.600004,16.7700,16.9000,16.2000,16.3100,16.7000,17544048,288202645.0000,3,0.847800,1,-2.335300,48.675104,2.037587,4.703687,44.374037,0
2020-06-09,sh.600004,16.3700,16.6400,16.2300,16.4400,16.3100,12063901,198603304.0000,3,0.583000,1,0.797100,49.063072,2.053828,4.741178,44.727723,0
2020-06-10,sh.600004,16.3700,16.5000,16.1000,16.3100,16.4400,8605807,140484737.0000,3,0.415900,1,-0.790800,48.675104,2.037587,4.703687,44.374037,0
2020-06-11,sh.600004,16.2500,16.4000,15.9200,16.0200,16.3100,10577686,170719011.0000,3,0.511200,1,-1.778000,47.809636,2.001358,4.620053,43.585044,0
2020-06-12,sh.600004,15.7000,16.0200,15.5500,16.0200,16.0200,11886621,188137532.0000,3,0.574400,1,0.000000,47.809636,2.001358,4.620053,43.585044,0
2020-06-15,sh.600004,15.8000,15.8800,15.2000,15.2100,16.0200,20681503,318364560.0000,3,0.999400,1,-5.056200,45.392295,1.900166,4.386455,41.381306,0
2020-06-16,sh.600004,15.4000,16.1700,15.3800,15.6300,15.2100,12962572,202993810.0000,3,0.626400,1,2.761300,46.645731,1.952636,4.507580,42.523985,0
2020-06-17,sh.600004,15.5100,15.8400,15.3900,15.6500,15.6300,12656684,197695462.0000,3,0.611600,1,0.128000,46.705419,1.955135,4.513348,42.578398,0
2020-06-18,sh.600004,15.6000,15.9900,15.5500,15.7100,15.6500,11025603,174082054.0000,3,0.532800,1,0.383400,46.884481,1.962630,4.530652,42.741638,0
2020-06-19,sh.600004,15.6900,15.9100,15.5100,15.8200,15.7100,13283625,209895602.0000,3,0.641900,1,0.700200,47.212762,1.976372,4.562375,43.040911,0
2020-06-22,sh.600004,15.8000,15.8400,15.3000,15.3500,15.8200,17513261,269670504.0000,3,0.846300,1,-2.970900,45.810107,1.917656,4.426830,41.762199,0
2020-06-23,sh.600004,15.3500,15.3500,15.0700,15.3200,15.3500,15988818,243172986.0000,3,0.772700,1,-0.195400,45.720576,1.913908,4.418178,41.680579,0
2020-06-24,sh.600004,15.3200,15.5100,15.1000,15.3300,15.3200,17481442,266883682.0000,3,0.844800,1,0.065300,45.750420,1.915157,4.421062,41.707786,0
2020-06-29,sh.600004,15.1900,15.2400,15.0200,15.0900,15.3300,12955221,195533054.0000,3,0.626100,1,-1.565600,45.034170,1.885174,4.351848,41.054826,0
2020-06-30,sh.600004,15.2200,15.4900,15.1000,15.2400,15.0900,12797698,195791583.0000,3,0.618400,1,0.994000,45.481826,1.903914,4.395107,41.462926,0
2020-07-01,sh.600004,15.3000,15.5000,15.1300,15.4100,15.2400,15588332,238803064.0000,3,0.753300,1,1.115500,45.989169,1.925152,4.444134,41.925439,0
2020-07-02,sh.600004,15.4000,15.8900,15.2200,15.8700,15.4100,38659110,601433382.0000,3,1.868200,1,2.985100,47.361980,1.982619,4.576794,43.176945,0
2020-07-03,sh.600004,15.9000,15.9400,15.4500,15.6200,15.8700,34225240,532664412.0000,3,1.653900,1,-1.575300,46.615887,1.951387,4.504696,42.496778,0
2020-07-06,sh.600004,15.6300,16.4200,15.5100,16.3600,15.6200,50841825,813257353.0000,3,2.456900,1,4.737500,48.824323,2.043834,4.718107,44.510070,0
2020-07-07,sh.600004,16.4800,16.7700,16.0300,16.1000,16.3600,49317581,804657182.0000,3,2.383300,1,-1.589200,48.048386,2.011352,4.643125,43.802697,0
2020-07-08,sh.600004,16.0400,16.0900,15.7500,16.0300,16.1000,36759657,585314440.0000,3,1.776400,1,-0.434800,47.839480,2.002607,4.622937,43.612251,0
2020-07-09,sh.600004,16.0400,16.2800,15.9200,16.1600,16.0300,40221681,648457331.0000,3,1.943700,1,0.811000,48.227448,2.018848,4.660428,43.965937,0
2020-07-10,sh.600004,16.1400,16.6800,15.8000,16.5700,16.1600,53146014,864140430.0000,3,2.568300,1,2.537100,49.451041,2.070069,4.778669,45.081410,0
2020-07-13,sh.600004,16.4800,16.6300,16.1100,16.4100,16.5700,41286807,674533167.0000,3,1.995200,1,-0.965600,48.973541,2.050080,4.732527,44.646103,0
2020-07-14,sh.600004,16.3000,16.3600,15.8900,16.0000,16.4100,27876071,448221180.0000,3,1.347100,1,-2.498500,47.749949,1.998860,4.614286,43.530631,0
2020-07-15,sh.600004,16.1700,16.5000,15.9600,16.0500,16.0000,41498119,676426759.0000,3,2.005400,1,0.312500,47.899167,2.005106,4.628705,43.666664,0
2020-07-16,sh.600004,16.2200,16.2300,14.9000,15.0500,16.0500,36440261,568359183.0000,3,1.761000,1,-6.230500,44.914796,1.880177,4.340312,40.946000,0
2020-07-17,sh.600004,15.1800,15.3000,14.6000,14.8400,15.0500,29198048,437163029.0000,3,1.411000,1,-1.395300,44.288077,1.853942,4.279750,40.374660,0
2020-07-20,sh.600004,14.8700,15.0900,14.5600,15.0200,14.8400,34608337,514717166.0000,3,1.672400,1,1.212900,44.825264,1.876429,4.331661,40.864380,0
2020-07-21,sh.600004,15.0400,15.1500,14.8300,14.9100,15.0200,19606033,293288170.2600,3,0.947500,1,-0.732400,44.496983,1.862687,4.299937,40.565107,0
2020-07-22,sh.600004,14.9900,15.2500,14.8600,14.9300,14.9100,27715298,416803420.2000,3,1.339300,1,0.134100,44.556671,1.865186,4.305705,40.619520,0
2020-07-23,sh.600004,14.8700,14.8700,14.2000,14.5900,14.9300,37599193,544420575.5600,3,1.817000,1,-2.277300,43.541985,1.822710,4.207652,39.694494,0
2020-07-24,sh.600004,14.4600,14.7800,14.0900,14.1900,14.5900,28148107,406929226.0300,3,1.360300,1,-2.741600,42.348236,1.772739,4.092295,38.606228,0
2020-07-27,sh.600004,14.1900,14.3100,13.8500,13.9400,14.1900,18843535,264081282.6800,3,0.910600,1,-1.761800,41.602143,1.741506,4.020196,37.926062,0
2020-07-28,sh.600004,14.0600,14.1300,13.7400,13.8200,13.9400,21597520,300170178.6100,3,1.043700,1,-0.860800,41.244018,1.726515,3.985589,37.599582,0
2020-07-29,sh.600004,13.8200,14.3900,13.6800,14.3300,13.8200,25570898,360487502.7200,3,1.235700,1,3.690300,42.766048,1.790229,4.132670,38.987121,0
2020-07-30,sh.600004,14.4100,14.4100,13.9500,14.0400,14.3300,23062656,325130573.4000,3,1.114500,1,-2.023700,41.900580,1.753999,4.049036,38.198129,0
2020-07-31,sh.600004,14.0500,14.4000,14.0000,14.2000,14.0400,20450976,290724094.7300,3,0.988300,1,1.139600,42.378080,1.773988,4.095178,38.633435,0
2020-08-03,sh.600004,14.2600,14.3500,14.1000,14.2500,14.2000,35572704,504421769.4800,3,1.719100,1,0.352100,42.527298,1.780234,4.109598,38.769468,0
2020-08-04,sh.600004,14.1600,14.2700,14.0100,14.1400,14.1100,27526161,388893832.3300,3,1.330200,1,0.212600,42.199017,1.766492,4.077875,38.470195,0
2020-08-05,sh.600004,14.0900,14.1400,13.8500,14.0300,14.1400,18872351,264294536.1000,3,0.912000,1,-0.777900,41.870736,1.752750,4.046152,38.170922,0
2020-08-06,sh.600004,14.0000,14.1200,13.8500,13.9700,14.0300,15897700,221849451.4800,3,0.768300,1,-0.427700,41.691674,1.745254,4.028848,38.007682,0
2020-08-07,sh.600004,14.0000,14.2700,13.9300,14.1200,13.9700,21778311,307352877.4500,3,1.052400,1,1.073700,42.139330,1.763994,4.072107,38.415782,0
2020-08-10,sh.600004,14.1500,14.4000,14.0000,14.3700,14.1200,22561034,321521598.6100,3,1.090300,1,1.770500,42.885423,1.795226,4.144205,39.095948,0
2020-08-11,sh.600004,14.3700,14.7000,14.2500,14.3500,14.3700,25487589,370358109.7400,3,1.231700,1,-0.139200,42.825735,1.792727,4.138437,39.041535,0
2020-08-12,sh.600004,14.3900,14.9000,14.3600,14.7900,14.3500,44705614,657693023.3500,3,2.160400,1,3.066200,44.138859,1.847696,4.265330,40.238627,0
2020-08-13,sh.600004,14.8500,14.9000,14.3300,14.4300,14.7900,33592114,489756665.3400,3,1.623300,1,-2.434100,43.064485,1.802721,4.161509,39.259188,0
2020-08-14,sh.600004,14.4100,15.0700,14.2100,15.0400,14.4300,38047995,561482572.4800,3,1.838700,1,4.227300,44.884952,1.878928,4.337428,40.918793,0
2020-08-17,sh.600004,15.1400,15.1900,14.8300,15.0300,15.0400,29918915,448145367.3800,3,1.445800,1,-0.066500,44.855108,1.877679,4.334544,40.891586,0
2020-08-18,sh.600004,15.0400,15.3800,14.8600,15.1000,15.0300,26890340,404894036.7100,3,1.299500,1,0.465700,45.064014,1.886424,4.354732,41.082033,0
2020-08-19,sh.600004,15.0800,15.8500,14.9200,15.4600,15.1000,52645556,815983949.8800,3,2.544100,1,2.384100,46.138388,1.931398,4.458553,42.061472,0
2020-08-20,sh.600004,15.3700,15.5600,14.9500,15.0400,15.4600,25586892,389682517.3600,3,1.236500,1,-2.716700,44.884952,1.878928,4.337428,40.918793,0
2020-08-21,sh.600004,15.2000,15.5400,14.9800,15.3600,15.0400,22385203,342496304.5500,3,1.081800,1,2.127700,45.839951,1.918905,4.429714,41.789406,0
2020-08-24,sh.600004,15.4700,15.8000,15.3000,15.6500,15.3600,22322331,347574303.3600,3,1.078700,1,1.888000,46.705419,1.955135,4.513348,42.578398,0
2020-08-25,sh.600004,15.5900,15.6700,15.1500,15.4200,15.6500,17556123,270440735.0000,3,0.848400,1,-1.469600,46.019013,1.926401,4.447018,41.952646,0
2020-08-26,sh.600004,15.4200,15.6400,15.1300,15.2700,15.4200,17023970,261893447.9800,3,0.822700,1,-0.972800,45.571357,1.907662,4.403759,41.544546,0
2020-08-27,sh.600004,15.2700,15.2800,14.8200,14.9000,15.2700,16201429,242274918.0000,3,0.782900,1,-2.423100,44.467140,1.861438,4.297053,40.537900,0
2020-08-28,sh.600004,14.9700,15.2000,14.8100,15.1900,14.9000,17099477,257283936.1000,3,0.826300,1,1.946300,45.332608,1.897667,4.380687,41.326893,0
2020-08-31,sh.600004,15.1500,15.3600,15.0000,15.2200,15.1900,21780388,330484652.7100,3,1.052500,1,0.197500,87.855759,1.913810,5.095553,-86.664379,0
2020-09-01,sh.600004,15.2200,15.2300,14.8700,14.9800,15.2200,19315960,289178113.0700,3,0.933400,1,-1.576900,86.470386,1.883631,5.015203,-85.297792,0
2020-09-02,sh.600004,15.0500,15.1600,14.7800,14.8200,14.9800,15912764,236823576.8600,3,0.769000,1,-1.068100,85.546804,1.863513,4.961636,-84.386735,0
2020-09-03,sh.600004,14.8600,15.1400,14.5200,14.7600,14.8200,21404888,318636916.0200,3,1.034400,1,-0.404900,85.200461,1.855968,4.941549,-84.045088,0
2020-09-04,sh.600004,14.5500,14.9500,14.2900,14.9300,14.7600,18795853,274230544.1000,3,0.908300,1,1.151800,86.181767,1.877344,4.998463,-85.013087,0
2020-09-07,sh.600004,14.7800,15.0800,14.7100,14.8800,14.9300,24786709,370129835.6600,3,1.197800,1,-0.334900,85.893147,1.871057,4.981724,-84.728381,0
2020-09-08,sh.600004,14.8800,15.4400,14.8800,15.4200,14.8800,27562636,419199234.0300,3,1.332000,1,3.629000,89.010237,1.938958,5.162512,-87.803201,0
2020-09-09,sh.600004,15.3000,15.6300,15.1400,15.2800,15.4200,22561737,346009891.4700,3,1.090300,1,-0.907900,88.202103,1.921354,5.115641,-87.006026,0
2020-09-10,sh.600004,15.4100,15.4300,15.0600,15.0800,15.2800,19270067,293656571.7100,3,0.931200,1,-1.308900,87.047625,1.896206,5.048682,-85.867204,0
2020-09-11,sh.600004,15.1300,15.1300,14.2500,14.5000,15.0800,35741133,519812614.8700,3,1.727200,1,-3.846200,83.699639,1.823275,4.854502,-82.564619,0
2020-09-14,sh.600004,14.5500,14.6000,14.1500,14.3100,14.5000,29202382,419183356.7600,3,1.411200,1,-1.310300,82.602886,1.799384,4.790892,-81.482738,0
2020-09-15,sh.600004,14.2200,14.5600,14.1000,14.5600,14.3100,24607225,353731017.5500,3,1.189100,1,1.747000,84.045983,1.830819,4.874590,-82.906265,0
2020-09-16,sh.600004,14.5200,14.9000,14.4800,14.6200,14.5600,18543894,272273731.8000,3,0.896100,1,0.412100,84.392326,1.838364,4.894677,-83.247912,0
2020-09-17,sh.600004,14.5000,14.7000,14.3400,14.4800,14.6200,13960105,202321979.1700,3,0.674600,1,-0.957600,83.584192,1.820760,4.847806,-82.450737,0
2020-09-18,sh.600004,14.4600,14.7000,14.3500,14.6800,14.4800,15165183,220546611.3500,3,0.732900,1,1.381200,84.738669,1.845908,4.914765,-83.589559,0
2020-09-21,sh.600004,14.6900,14.7100,14.3700,14.4200,14.6800,13287070,192448884.2400,3,0.642100,1,-1.771100,83.237848,1.813215,4.827719,-82.109090,0
2020-09-22,sh.600004,14.2600,14.2600,13.9000,13.9800,14.4200,24703388,347034171.2900,3,1.193800,1,-3.051300,80.697997,1.757888,4.680410,-79.603681,0
2020-09-23,sh.600004,14.0000,14.0900,13.8900,13.9400,13.9800,11028876,154152591.7800,3,0.533000,1,-0.286100,80.467102,1.752859,4.667018,-79.375916,0
2020-09-24,sh.600004,13.9700,13.9800,13.7600,13.7800,13.9400,13408437,185371556.3100,3,0.648000,1,-1.147800,79.543519,1.732740,4.613451,-78.464858,0
2020-09-25,sh.600004,13.8100,13.8500,13.5500,13.6300,13.7800,10619129,145159968.1400,3,0.513200,1,-1.088500,78.677661,1.713878,4.563232,-77.610742,0
2020-09-28,sh.600004,13.6600,13.8400,13.6400,13.7600,13.6300,7817199,107261694.0500,3,0.377800,1,0.953800,79.428072,1.730225,4.606755,-78.350976,0
2020-09-29,sh.600004,13.8100,13.8400,13.6400,13.6800,13.7600,9286693,127398900.7600,3,0.448800,1,-0.581400,78.966280,1.720165,4.579972,-77.895447,0
2020-09-30,sh.600004,13.7000,13.7300,13.5200,13.6100,13.6800,8751916,119252756.5200,3,0.422900,1,-0.511700,78.562213,1.711363,4.556536,-77.496859,0
2020-10-09,sh.600004,13.7200,13.8200,13.6000,13.6400,13.6100,12631652,173038163.2600,3,0.610400,1,0.220400,78.735385,1.715136,4.566580,-77.667683,0
2020-10-12,sh.600004,13.7000,13.9200,13.5900,13.9100,13.6400,16236019,223838580.2500,3,0.784600,1,1.979500,80.293930,1.749086,4.656974,-79.205093,0
2020-10-13,sh.600004,13.9100,13.9200,13.7100,13.8000,13.9100,12438079,171381314.1300,3,0.601100,1,-0.790800,79.658967,1.735255,4.620147,-78.578741,0
2020-10-14,sh.600004,13.7700,13.7800,13.6000,13.7800,13.8000,13779369,188368764.4700,3,0.665900,1,-0.144900,79.543519,1.732740,4.613451,-78.464858,0
2020-10-15,sh.600004,13.7300,13.7700,13.4100,13.4300,13.7800,25807886,349017945.2700,3,1.247200,1,-2.539900,77.523183,1.688730,4.496274,-76.471919,0
2020-10-16,sh.600004,13.3900,13.4900,13.3600,13.4100,13.4300,13475125,180801187.6300,3,0.651200,1,-0.148900,77.407735,1.686215,4.489578,-76.358037,0
2020-10-19,sh.600004,13.4200,13.5200,13.2100,13.2600,13.4100,13118230,175091133.0800,3,0.633900,1,-1.118600,76.541877,1.667353,4.439359,-75.503920,0
2020-10-20,sh.600004,13.2600,13.2600,13.1500,13.2200,13.2600,8671761,114372558.9400,3,0.419100,1,-0.301700,76.310982,1.662324,4.425967,-75.276156,0
2020-10-21,sh.600004,13.2200,13.4200,13.2000,13.3200,13.2200,12995734,173137936.0300,3,0.628000,1,0.756400,76.888220,1.674898,4.459446,-75.845567,0
2020-10-22,sh.600004,13.2700,13.3000,13.0800,13.1700,13.3200,8674105,114140671.3000,3,0.419200,1,-1.126100,76.022362,1.656036,4.409227,-74.991450,0
2020-10-23,sh.600004,13.1700,13.2300,13.0900,13.1100,13.1700,7871550,103450616.6700,3,0.380400,1,-0.455600,75.676019,1.648492,4.389140,-74.649804,0
2020-10-26,sh.600004,13.1000,13.1000,12.8900,12.9100,13.1100,9968625,129081796.5000,3,0.481700,1,-1.525600,74.521541,1.623343,4.322181,-73.510981,0
2020-10-27,sh.600004,12.8400,12.9200,12.7500,12.8000,12.9100,9709352,124286792.8400,3,0.469200,1,-0.852100,73.886578,1.609511,4.285354,-72.884629,0
2020-10-28,sh.600004,12.7700,12.8000,12.4000,12.7500,12.8000,14440367,182130585.0600,3,0.697800,1,-0.390600,73.597959,1.603224,4.268614,-72.599923,0
2020-10-29,sh.600004,12.5200,12.6300,12.4800,12.5600,12.7500,10080465,126634255.5800,3,0.487100,1,-1.490200,72.501205,1.579333,4.205003,-71.518042,0
2020-10-30,sh.600004,12.5400,12.7400,12.5100,12.5500,12.5600,9367886,118164278.8800,3,0.452700,1,-0.079600,72.443481,1.578076,4.201655,-71.461101,0
2020-11-02,sh.600004,12.4900,12.5900,11.9400,11.9600,12.5500,28121285,340836639.8800,3,1.359000,1,-4.701200,69.037772,1.544021,4.004127,-57.236107,0
2020-11-03,sh.600004,12.0100,12.2500,11.9100,12.2200,11.9600,16766659,202955714.0900,3,0.810200,1,2.173900,70.538593,1.577587,4.091174,-58.480370,0
2020-11-04,sh.600004,12.1700,12.5900,12.1500,12.4900,12.2200,14340413,177663848.7900,3,0.693000,1,2.209500,72.097138,1.612443,4.181568,-59.772490,0
2020-11-05,sh.600004,12.6000,13.1200,12.5300,12.9600,12.4900,21662269,279000554.5800,3,1.046800,1,3.763000,85.561697,1.913576,4.962500,-70.935349,0
2020-11-06,sh.600004,12.9900,13.1100,12.8300,12.9500,12.9600,10838713,140405420.1300,3,0.523800,1,-0.077200,85.495677,1.912100,4.958671,-70.880615,0
2020-11-09,sh.600004,13.0900,13.3900,13.0800,13.2000,12.9500,17384763,230167986.5400,3,0.840100,1,1.930500,87.146173,1.949013,5.054398,-72.248967,0
2020-11-10,sh.600004,14.5200,14.5200,14.0100,14.0100,13.2000,96391755,1385216602.4700,3,4.658100,1,6.136400,92.493779,2.068611,5.364554,-76.682426,0
2020-11-11,sh.600004,14.0500,14.4000,13.8300,14.1000,14.0100,30696458,432941148.6200,3,1.483400,1,0.642400,93.087957,2.081900,5.399016,-77.175033,0
2020-11-12,sh.600004,13.9300,14.3300,13.9200,14.1700,14.1000,16811408,237883475.8900,3,0.812400,1,0.496500,93.550096,2.092236,5.425820,-77.558171,0
2020-11-13,sh.600004,14.0500,14.5700,13.9500,14.3800,14.1700,27533889,395894498.4900,3,1.330600,1,1.482000,94.936512,2.123243,5.506231,-78.707587,0
2020-11-16,sh.600004,14.4600,15.0900,14.3100,14.9700,14.3800,40029193,593555111.7800,3,1.934400,1,4.102900,98.831682,2.210358,5.732147,-81.936896,0
2020-11-17,sh.600004,15.1100,15.8000,15.1100,15.3000,14.9700,63492410,981374226.9800,3,3.068300,1,2.204400,101.010337,2.259083,5.858507,-83.743121,0
2020-11-18,sh.600004,15.3400,15.8400,15.1900,15.7000,15.3000,41252677,644608271.5400,3,1.993500,1,2.614400,103.651130,2.318144,6.011670,-85.932483,0
2020-11-19,sh.600004,15.4700,15.6400,15.2200,15.3800,15.7000,26039432,400303272.4200,3,1.258400,1,-2.038200,101.538495,2.270895,5.889140,-84.180993,0
2020-11-20,sh.600004,15.3700,15.4900,15.0900,15.2800,15.3800,25225561,385059087.2800,3,1.219000,1,-0.650200,100.878297,2.256130,5.850849,-83.633652,0
2020-11-23,sh.600004,15.0500,15.1300,13.7500,14.8000,15.2800,35952439,535089829.8900,3,1.737400,1,-3.141400,97.709345,2.185257,5.667052,-81.006417,0
2020-11-24,sh.600004,14.9000,15.0600,14.6100,14.7600,14.8000,18568596,274622072.3200,3,0.897300,1,-0.270300,97.445266,2.179351,5.651736,-80.787481,0
2020-11-25,sh.600004,14.9200,15.2400,14.6900,14.7800,14.7600,24188269,361132796.9100,3,1.168900,1,0.135500,97.577306,2.182304,5.659394,-80.896949,0
2020-11-26,sh.600004,14.6000,14.9000,14.6000,14.8200,14.7800,13958058,206141746.1400,3,0.674500,1,0.270600,97.841385,2.188210,5.674711,-81.115885,0
2020-11-27,sh.600004,14.7800,15.0300,14.7000,14.8800,14.8200,11596082,172033042.7600,3,0.560400,1,0.404900,98.237504,2.197069,5.697685,-81.444290,0
2020-11-30,sh.600004,14.9000,15.2700,14.7700,15.0300,14.8800,26896441,406025409.0000,3,1.299800,1,1.008100,99.227801,2.219217,5.755121,-82.265301,0
2020-12-01,sh.600004,14.9900,15.1900,14.8800,15.1600,15.0300,17153817,258174381.8000,3,0.829000,1,0.864900,100.086059,2.238412,5.804900,-82.976844,0
2020-12-02,sh.600004,15.2000,15.2900,14.8500,14.9000,15.1600,15938002,238720885.8200,3,0.770200,1,-1.715000,98.369543,2.200022,5.705343,-81.553758,0
2020-12-03,sh.600004,15.0000,15.1700,14.8800,15.1100,14.9000,11953136,179656017.2300,3,0.577600,1,1.409400,99.755960,2.231029,5.785754,-82.703173,0
2020-12-04,sh.600004,15.1500,15.2800,14.9500,14.9900,15.1100,8879917,133815977.8300,3,0.429100,1,-0.794200,98.963722,2.213311,5.739805,-82.046364,0
2020-12-07,sh.600004,14.9500,15.1000,14.7300,15.0000,14.9900,9587323,143187091.5500,3,0.463300,1,0.066700,99.029742,2.214787,5.743634,-82.101099,0
2020-12-08,sh.600004,15.0600,15.0600,14.6400,14.6500,15.0000,11004699,162912986.3000,3,0.531800,1,-2.333300,96.719048,2.163109,5.609616,-80.185406,0
2020-12-09,sh.600004,14.7800,14.7800,14.3600,14.4600,14.6500,10653267,154958261.6900,3,0.514800,1,-1.296900,95.464671,2.135055,5.536863,-79.145459,0
2020-12-10,sh.600004,14.4600,14.5300,14.3200,14.3500,14.4600,6337776,91225744.9200,3,0.306300,1,-0.760700,94.738453,2.118813,5.494743,-78.543384,0
2020-12-11,sh.600004,14.4600,14.4700,13.9900,14.1800,14.3500,12069537,170476008.8800,3,0.583300,1,-1.184700,93.616116,2.093712,5.429649,-77.612905,0
2020-12-14,sh.600004,14.2400,14.3200,14.1100,14.2600,14.1800,6549523,93163331.6200,3,0.316500,1,0.564200,94.144274,2.105525,5.460282,-78.050778,0
2020-12-15,sh.600004,14.2600,14.7000,14.0300,14.5800,14.2600,12634855,182063862.0500,3,0.610600,1,2.244000,96.256909,2.152773,5.582812,-79.802268,0
2020-12-16,sh.600004,14.6000,14.7000,14.3600,14.3800,14.5800,9237876,133971393.5400,3,0.446400,1,-1.371700,94.936512,2.123243,5.506231,-78.707587,0
2020-12-17,sh.600004,14.5000,14.5200,14.2000,14.4300,14.3800,8556253,122915449.8600,3,0.413500,1,0.347700,95.266612,2.130625,5.525376,-78.981257,0
2020-12-18,sh.600004,14.4300,14.4300,14.1500,14.2100,14.4300,8264145,117739517.2000,3,0.399400,1,-1.524600,93.814175,2.098142,5.441136,-77.777107,0
2020-12-21,sh.600004,14.0500,14.1500,13.6300,14.1200,14.2100,12875181,179205691.8900,3,0.622200,1,-0.633400,93.219997,2.084853,5.406674,-77.284501,0
2020-12-22,sh.600004,13.9600,13.9600,13.3100,13.3500,14.1200,25641953,348439956.8500,3,1.239100,1,-5.453300,88.136470,1.971161,5.111834,-73.069978,0
2020-12-23,sh.600004,13.3900,13.4600,13.2500,13.3500,13.3500,12231653,163204891.4800,3,0.591100,1,0.000000,88.136470,1.971161,5.111834,-73.069978,0
2020-12-24,sh.600004,13.3500,13.4100,13.1800,13.3500,13.3500,7808001,104002222.3500,3,0.377300,1,0.000000,88.136470,1.971161,5.111834,-73.069978,0
2020-12-25,sh.600004,13.2500,13.5000,13.2200,13.4800,13.3500,5702612,76510480.0500,3,0.275600,1,0.973800,88.994728,1.990356,5.161613,-73.781521,0
2020-12-28,sh.600004,13.4300,13.4500,13.1700,13.2700,13.4800,12073786,160222484.5900,3,0.583500,1,-1.557900,87.608312,1.959349,5.081202,-72.632105,0
2020-12-29,sh.600004,13.1800,13.6100,13.1800,13.3700,13.2700,9705708,130418052.0100,3,0.469000,1,0.753600,88.268510,1.974114,5.119493,-73.179446,0
2020-12-30,sh.600004,13.3600,13.7200,13.2500,13.6300,13.3700,10509832,142205692.5200,3,0.507900,1,1.944700,89.985025,2.012503,5.219049,-74.602532,0
2020-12-31,sh.600004,13.8000,14.3000,13.7000,14.1300,13.6300,18685509,261417827.0700,3,0.903000,1,3.668400,93.286017,2.086330,5.410503,-77.339235,0
2021-01-04,sh.600004,14.1000,14.1700,13.8300,14.0400,14.1300,19132196,267631893.0700,3,0.924600,1,-0.636900,92.691838,2.073041,5.376042,-76.846628,0
2021-01-05,sh.600004,13.8800,13.8900,13.6300,13.8100,14.0400,20091922,276457383.8400,3,0.970900,1,-1.638200,91.173382,2.039081,5.287973,-75.587745,0
2021-01-06,sh.600004,13.7000,13.9100,13.4300,13.5400,13.8100,18756339,255739101.7900,3,0.906400,1,-1.955100,89.390847,1.999215,5.184587,-74.109925,0
2021-01-07,sh.600004,13.5300,13.6100,12.7600,12.8300,13.5400,44866067,584819055.2200,3,2.168200,1,-5.243700,84.703439,1.894382,4.912722,-70.223806,0
2021-01-08,sh.600004,12.8000,13.3800,12.7000,13.1800,12.8300,25773793,337464771.3600,3,1.245500,1,2.728000,87.014133,1.946060,5.046740,-72.139499,0
2021-01-11,sh.600004,13.0100,13.1800,12.8600,12.8800,13.1800,17800044,231104463.9100,3,0.860200,1,-2.276200,559.670357,1.901764,5.527468,-70.497477,0
2021-01-12,sh.600004,12.9000,13.1100,12.8000,13.0700,12.8800,16239936,210545876.9100,3,0.784800,1,1.475200,567.926364,1.929818,5.609006,-71.537424,0
2021-01-13,sh.600004,13.1000,13.7100,12.9300,13.5700,13.0700,24582612,329601999.8000,3,1.188000,1,3.825600,589.652698,2.003644,5.823582,-74.274127,0
2021-01-14,sh.600004,13.4800,13.4800,13.0400,13.0800,13.5700,20687605,273376513.7600,3,0.999700,1,-3.610900,568.360891,1.931295,5.613298,-71.592158,0
2021-01-15,sh.600004,13.1000,13.2400,12.9600,13.0400,13.0800,15339387,200347118.0300,3,0.741300,1,-0.305800,566.622784,1.925389,5.596132,-71.373222,0
2021-01-18,sh.600004,13.0400,13.1300,12.8400,12.8900,13.0400,20540488,265999932.1000,3,0.992600,1,-1.150300,560.104884,1.903241,5.531759,-70.552211,0
2021-01-19,sh.600004,12.9400,13.3000,12.7900,13.1500,12.8900,18273902,238673753.8700,3,0.883100,1,2.017100,571.402577,1.941630,5.643339,-71.975296,0
2021-01-20,sh.600004,13.1600,13.2500,12.9500,13.0600,13.1500,12361714,161978512.6300,3,0.597400,1,-0.684400,567.491837,1.928342,5.604715,-71.482690,0
2021-01-21,sh.600004,13.0200,13.3500,12.8600,13.2600,13.0600,26455710,347714141.7700,3,1.278500,1,1.531400,576.182371,1.957872,5.690545,-72.577371,0
2021-01-22,sh.600004,13.2000,13.5400,13.1800,13.3100,13.2600,18779382,251029901.0100,3,0.907500,1,0.377100,578.355004,1.965255,5.712003,-72.851041,0
2021-01-25,sh.600004,13.1400,13.3300,12.9500,13.1800,13.3100,12318318,162017156.0200,3,0.595300,1,-0.976700,572.706157,1.946060,5.656213,-72.139499,0
2021-01-26,sh.600004,13.2900,13.5200,13.0600,13.3700,13.1800,20146233,268171777.0500,3,0.973600,1,1.441600,580.962164,1.974114,5.737752,-73.179446,0
2021-01-27,sh.600004,13.2700,13.7800,13.2000,13.6700,13.3700,28563552,388321867.5700,3,1.380300,1,2.243800,593.997964,2.018410,5.866497,-74.821468,0
2021-01-28,sh.600004,13.5500,13.6700,13.3000,13.3200,13.6700,23631379,318113075.6700,3,1.142000,1,-2.560400,578.789531,1.966731,5.716294,-72.905776,0
2021-01-29,sh.600004,13.4300,14.0000,13.0800,13.7900,13.3200,43506158,593883332.4100,3,2.102400,1,3.528500,599.212284,2.036128,5.917995,-75.478277,0
2021-02-01,sh.600004,13.2000,13.2000,12.4100,12.5000,13.7900,81379082,1030455105.1800,3,3.932600,1,-9.354600,543.158343,1.845656,5.364390,-68.417582,0
2021-02-02,sh.600004,12.1200,12.3200,11.2800,11.3800,12.5000,107702587,1261330141.4300,3,5.204700,1,-8.960000,494.491356,1.680285,4.883741,-62.287367,0
2021-02-03,sh.600004,11.2300,11.9300,11.2300,11.7300,11.3800,62395111,731200807.2400,3,3.015200,1,3.075600,509.699789,1.731964,5.033944,-64.203059,0
2021-02-04,sh.600004,11.9200,12.3300,11.7000,11.9600,11.7300,49864403,601628660.0400,3,2.409700,1,1.960800,519.693903,1.765924,5.132649,-65.461943,0
2021-02-05,sh.600004,12.2000,12.4900,11.9200,12.0000,11.9600,29264156,357401832.7800,3,1.414200,1,0.334400,521.432010,1.771830,5.149815,-65.680879,0
2021-02-08,sh.600004,12.0300,12.1000,11.6000,11.9500,12.0000,30716850,363491749.3200,3,1.484400,1,-0.416700,519.259376,1.764447,5.128357,-65.407209,0
2021-02-09,sh.600004,11.9500,12.3000,11.9100,12.2300,11.9500,25292767,307004245.5200,3,1.222300,1,2.343100,531.426123,1.805790,5.248519,-66.939762,0
2021-02-10,sh.600004,12.2300,12.3000,12.1300,12.2500,12.2300,16243677,198448357.8000,3,0.785000,1,0.163500,532.295177,1.808743,5.257102,-67.049230,0
2021-02-18,sh.600004,12.5800,13.1700,12.4000,13.0000,12.2500,39209837,502077819.5500,3,1.894800,1,6.122400,564.884677,1.919482,5.578966,-71.154285,0
2021-02-19,sh.600004,12.9700,13.6500,12.7900,13.5500,13.0000,38121384,503181459.7000,3,1.842200,1,4.230800,588.783644,2.000691,5.814999,-74.164659,0
2021-02-22,sh.600004,13.4500,13.9800,13.3500,13.5000,13.5500,63192632,865242647.9200,3,3.053800,1,-0.369000,586.611011,1.993309,5.793542,-73.890989,0
2021-02-23,sh.600004,13.5400,13.7100,13.2000,13.4300,13.5000,25701985,345917651.3300,3,1.242000,1,-0.518500,583.569324,1.982973,5.763501,-73.507850,0
2021-02-24,sh.600004,13.6500,13.9500,13.3000,13.4700,13.4300,28870976,393575901.2600,3,1.395200,1,0.297800,585.307431,1.988879,5.780667,-73.726787,0
2021-02-25,sh.600004,13.6200,13.8800,13.5700,13.6500,13.4700,28553857,391722218.6000,3,1.379900,1,1.336300,593.128911,2.015457,5.857914,-74.712000,0
2021-02-26,sh.600004,13.4400,13.6600,13.1000,13.1800,13.6500,27695840,368808060.9100,3,1.338400,1,-3.443200,572.706157,1.946060,5.656213,-72.139499,0
2021-03-01,sh.600004,13.2700,13.5600,13.1400,13.4900,13.1800,18741383,251503135.1200,3,0.905700,1,2.352000,586.176484,1.991832,5.789250,-73.836255,0
2021-03-02,sh.600004,13.5400,13.5500,13.2400,13.3400,13.4900,12780550,171060615.3900,3,0.617600,1,-1.111900,579.658584,1.969684,5.724877,-73.015244,0
2021-03-03,sh.600004,13.2800,13.6400,13.2800,13.6100,13.3400,15266816,206236795.5900,3,0.737800,1,2.024000,591.390804,2.009550,5.840748,-74.493063,0
2021-03-04,sh.600004,13.5300,13.7400,13.2900,13.3400,13.6100,17751703,239459699.9700,3,0.857900,1,-1.983800,579.658584,1.969684,5.724877,-73.015244,0
2021-03-05,sh.600004,13.0000,13.5400,12.9800,13.3800,13.3400,16806522,223864500.7500,3,0.812200,1,0.299900,581.396691,1.975590,5.742043,-73.234180,0
2021-03-08,sh.600004,13.4100,13.5300,13.0700,13.0800,13.3800,18541574,245865772.8600,3,0.896000,1,-2.242200,568.360891,1.931295,5.613298,-71.592158,0
2021-03-09,sh.600004,13.2000,13.4500,12.8100,13.1400,13.0800,19745625,259975429.7000,3,0.954200,1,0.458700,570.968051,1.940154,5.639047,-71.920562,0
2021-03-10,sh.600004,13.1700,13.2400,13.0200,13.1200,13.1400,10964655,143770458.3400,3,0.529900,1,-0.152200,570.098997,1.937201,5.630464,-71.811094,0
2021-03-11,sh.600004,13.1300,13.5600,13.0700,13.3700,13.1200,18033687,241069629.8100,3,0.871500,1,1.905500,580.962164,1.974114,5.737752,-73.179446,0
2021-03-12,sh.600004,13.3800,13.5300,13.2700,13.5000,13.3700,13329313,179123800.6700,3,0.644100,1,0.972300,586.611011,1.993309,5.793542,-73.890989,0
2021-03-15,sh.600004,13.6400,14.2300,13.5000,14.0400,13.5000,42042265,588801204.5400,3,2.031700,1,4.000000,610.075451,2.073041,6.025283,-76.846628,0
2021-03-16,sh.600004,14.0600,14.5900,14.0000,14.4100,14.0400,37846265,542289855.2700,3,1.828900,1,2.635300,626.152938,2.127672,6.184069,-78.871789,0
2021-03-17,sh.600004,14.3000,14.4600,14.2000,14.4000,14.4100,18544279,265547096.0900,3,0.896200,1,-0.069400,625.718412,2.126196,6.179778,-78.817055,0
2021-03-18,sh.600004,14.3800,14.5000,14.1300,14.2500,14.4000,16344461,233170278.1100,3,0.789800,1,-1.041700,619.200511,2.104048,6.115405,-77.996044,0
2021-03-19,sh.600004,14.1000,14.2800,13.8600,13.9000,14.2500,18108889,253715078.4700,3,0.875100,1,-2.456100,603.992078,2.052370,5.965202,-76.080351,0
2021-03-22,sh.600004,13.8800,14.1500,13.8200,13.9800,13.9000,15187645,212338670.1300,3,0.733900,1,0.575500,607.468291,2.064182,5.999534,-76.518224,0
2021-03-23,sh.600004,13.9700,14.0600,13.7000,13.7700,13.9800,13484353,186802965.0200,3,0.651600,1,-1.502100,598.343231,2.033175,5.909412,-75.368808,0
2021-03-24,sh.600004,13.7000,13.7300,13.2800,13.3100,13.7700,18573885,249315477.4900,3,0.897600,1,-3.340600,578.355004,1.965255,5.712003,-72.851041,0
2021-03-25,sh.600004,13.3100,13.3900,12.9900,13.0500,13.3100,19364259,254281258.6700,3,0.935800,1,-1.953400,567.057311,1.926865,5.600423,-71.427956,0
2021-03-26,sh.600004,13.1600,13.5000,13.1400,13.1900,13.0500,18295846,242937135.4800,3,0.884100,1,1.072800,573.140684,1.947536,5.660505,-72.194233,0
2021-03-29,sh.600004,13.2600,13.3800,13.1600,13.2600,13.1900,13750171,182600866.4500,3,0.664500,1,0.530700,576.182371,1.957872,5.690545,-72.577371,0
2021-03-30,sh.600004,13.3400,13.4500,13.2000,13.3700,13.2600,14222952,189704372.3800,3,0.687300,1,0.829600,580.962164,1.974114,5.737752,-73.179446,0
2021-03-31,sh.600004,13.3500,13.4700,13.2400,13.3400,13.3700,10148019,135394019.3600,3,0.490400,1,-0.224400,579.658584,1.969684,5.724877,-73.015244,0
2021-04-01,sh.600004,13.3900,13.4300,13.2000,13.2700,13.3400,9704054,128813669.6600,3,0.468900,1,-0.524700,576.616897,1.959349,5.694837,-72.632105,0
2021-04-02,sh.600004,13.2600,13.2600,13.0600,13.1400,13.2700,11331156,148692513.0400,3,0.547600,1,-0.979700,570.968051,1.940154,5.639047,-71.920562,0
2021-04-06,sh.600004,13.2100,13.3100,13.1500,13.2100,13.1400,6738943,89084917.5200,3,0.325700,1,0.532700,574.009737,1.950489,5.669088,-72.303701,0
2021-04-07,sh.600004,13.2200,13.3200,13.0700,13.3000,13.2100,10600858,139834180.3600,3,0.512300,1,0.681300,577.920477,1.963778,5.707711,-72.796307,0
2021-04-08,sh.600004,13.2000,13.2000,13.0100,13.0300,13.3000,15600326,204383300.3300,3,0.753900,1,-2.030100,566.188257,1.923912,5.591840,-71.318488,0
2021-04-09,sh.600004,12.9900,13.1100,12.9700,13.0300,13.0300,8233163,107246553.1700,3,0.397900,1,0.000000,566.188257,1.923912,5.591840,-71.318488,0
2021-04-12,sh.600004,13.0800,13.0900,12.8200,12.8900,13.0300,10688400,137755835.3100,3,0.516500,1,-1.074400,560.104884,1.903241,5.531759,-70.552211,0
2021-04-13,sh.600004,12.9000,12.9200,12.6400,12.6700,12.8900,13371174,170341698.4000,3,0.646200,1,-1.706700,550.545297,1.870757,5.437346,-69.348061,0
2021-04-14,sh.600004,12.6100,12.9100,12.5300,12.8300,12.6700,9108746,116330787.7600,3,0.440200,1,1.262800,557.497724,1.894382,5.506010,-70.223806,0
2021-04-15,sh.600004,12.7500,12.8900,12.6100,12.6600,12.8300,9658350,122962043.8100,3,0.466700,1,-1.325000,550.110770,1.869281,5.433054,-69.293327,0
2021-04-16,sh.600004,12.7000,12.9300,12.6900,12.9000,12.6600,9601871,123400395.7200,3,0.464000,1,1.895700,560.539410,1.904717,5.536051,-70.606945,0
2021-04-19,sh.600004,12.9200,13.3700,12.9200,13.3500,12.9000,20500547,271091244.9400,3,0.990700,1,3.488400,580.093111,1.971161,5.729169,-73.069978,0
2021-04-20,sh.600004,13.3000,13.4400,12.9900,13.2100,13.3500,12164694,161719139.8500,3,0.587900,1,-1.048700,574.009737,1.950489,5.669088,-72.303701,0
2021-04-21,sh.600004,13.1800,13.1800,12.9700,13.0700,13.2100,10005062,130821969.3500,3,0.483500,1,-1.059800,567.926364,1.929818,5.609006,-71.537424,0
2021-04-22,sh.600004,13.1100,13.2000,13.0000,13.0400,13.0700,7380051,96372006.5600,3,0.356600,1,-0.229500,566.622784,1.925389,5.596132,-71.373222,0
2021-04-23,sh.600004,13.0200,13.0600,12.7900,12.9300,13.0400,10303861,132959931.4700,3,0.497900,1,-0.843600,561.842990,1.909147,5.548925,-70.771147,0
2021-04-26,sh.600004,12.8500,12.9600,12.5600,12.6800,12.9300,19902430,253237138.0500,3,0.961800,1,-1.933500,550.979824,1.872234,5.441638,-69.402795,0
2021-04-27,sh.600004,12.7100,12.7400,12.0400,12.1100,12.6800,32461665,397634535.5300,3,1.568700,1,-4.495300,526.211803,1.788072,5.197021,-66.282954,0
2021-04-28,sh.600004,12.1600,12.3300,12.1000,12.2500,12.1100,17436332,212277680.3600,3,0.842600,1,1.156100,532.295177,1.808743,5.257102,-67.049230,0
2021-04-29,sh.600004,12.1400,12.3800,12.1000,12.2900,12.2500,10506699,128852779.5000,3,0.507700,1,0.326500,534.033283,1.814649,5.274269,-67.268167,0
2021-04-30,sh.600004,12.2300,12.3700,12.0400,12.1600,12.2900,15347951,186601561.3300,3,0.741700,1,-1.057800,-84.157990,1.539142,5.647535,65.905313,0
2021-05-06,sh.600004,12.1100,12.1300,11.6600,11.7000,12.1600,25704441,302857250.7900,3,1.242200,1,-3.782900,-80.974381,1.480917,5.433895,63.412185,0
2021-05-07,sh.600004,11.7100,11.7600,11.5000,11.5900,11.7000,17943451,208824889.8800,3,0.867100,1,-0.940200,-80.213084,1.466994,5.382807,62.816002,0
2021-05-10,sh.600004,11.5000,11.6200,11.3700,11.5000,11.5900,14628584,167986651.2100,3,0.706900,1,-0.776500,-79.590204,1.455603,5.341008,62.328216,0
2021-05-11,sh.600004,11.6500,11.8400,11.4900,11.7400,11.5000,14972454,174463729.5700,3,0.723500,1,2.087000,-81.251217,1.485980,5.452472,63.628978,0
2021-05-12,sh.600004,11.6800,11.8200,11.6500,11.7800,11.7400,13148301,154597137.9600,3,0.635400,1,0.340700,-81.528052,1.491043,5.471050,63.845772,0
2021-05-13,sh.600004,11.7000,12.0400,11.6600,11.9900,11.7800,16025746,191620395.6600,3,0.774400,1,1.782700,-82.981439,1.517624,5.568581,64.983940,0
2021-05-14,sh.600004,11.9100,12.2700,11.9100,12.2400,11.9900,16631021,202830028.3400,3,0.803700,1,2.085100,-84.711661,1.549268,5.684690,66.338901,0
2021-05-17,sh.600004,12.1600,12.3200,12.0200,12.1000,12.2400,14779315,179701780.3000,3,0.714200,1,-1.143800,-83.742736,1.531547,5.619669,65.580123,0
2021-05-18,sh.600004,12.1000,12.1700,12.0000,12.1200,12.1000,7229825,87493847.2600,3,0.349400,1,0.165300,-83.881154,1.534079,5.628958,65.688519,0
2021-05-19,sh.600004,12.1800,12.1800,12.0000,12.0600,12.1200,7671501,92341445.8400,3,0.370700,1,-0.495000,-83.465901,1.526484,5.601091,65.363329,0
2021-05-20,sh.600004,12.0100,12.0900,11.8900,12.0200,12.0600,11037786,132457991.3400,3,0.533400,1,-0.331700,-83.189065,1.521421,5.582514,65.146535,0
2021-05-21,sh.600004,12.0700,12.0700,11.8700,11.9600,12.0200,9892407,118388326.7400,3,0.478100,1,-0.499200,-82.773812,1.513827,5.554648,64.821344,0
2021-05-24,sh.600004,11.9300,12.0100,11.8700,12.0100,11.9600,8984329,107466783.4400,3,0.434200,1,0.418100,-83.119857,1.520155,5.577870,65.092337,0
2021-05-25,sh.600004,12.0300,12.2200,11.9700,12.1400,12.0100,17528129,212609818.5000,3,0.847000,1,1.082400,-84.019572,1.536610,5.638246,65.796916,0
2021-05-26,sh.600004,12.1400,12.2000,11.9500,12.0000,12.1400,17203158,206940695.8700,3,0.831300,1,-1.153200,-83.050648,1.518890,5.573225,65.038138,0
2021-05-27,sh.600004,11.9700,12.0400,11.8800,11.9800,12.0000,19875449,237336211.2400,3,0.960500,1,-0.166700,-82.912230,1.516358,5.563937,64.929741,0
2021-05-28,sh.600004,11.9800,11.9800,11.8300,11.8600,11.9800,13057518,155064767.0300,3,0.631000,1,-1.001700,-82.081723,1.501169,5.508204,64.279360,0
2021-05-31,sh.600004,11.6100,11.6500,11.5000,11.5900,11.8600,25959722,300186409.2000,3,1.254500,1,-2.276600,-80.213084,1.466994,5.382807,62.816002,0
2021-06-01,sh.600004,11.5700,11.7600,11.5700,11.7100,11.5900,17878994,208502733.0600,3,0.864000,1,1.035400,-81.043590,1.482183,5.438539,63.466383,0
2021-06-02,sh.600004,11.7000,11.7800,11.5700,11.6300,11.7100,22023832,256507868.9600,3,1.064300,1,-0.683200,-80.489919,1.472057,5.401384,63.032795,0
2021-06-03,sh.600004,11.6300,11.8000,11.6100,11.6900,11.6300,18393693,215076345.1900,3,0.888900,1,0.515900,-80.905173,1.479652,5.429250,63.357986,0
2021-06-04,sh.600004,11.7000,11.7200,11.5200,11.5900,11.6900,16701495,193344214.2000,3,0.807100,1,-0.855400,-80.213084,1.466994,5.382807,62.816002,0
2021-06-07,sh.600004,11.5900,11.5900,11.4600,11.5200,11.5900,15552821,179014265.7900,3,0.751600,1,-0.604000,-79.728622,1.458134,5.350296,62.436613,0
2021-06-08,sh.600004,11.5500,11.9300,11.5100,11.8200,11.5200,35214914,415412502.7200,3,1.701800,1,2.604200,-81.804888,1.496106,5.489627,64.062566,0
2021-06-09,sh.600004,11.8000,11.8600,11.7100,11.8600,11.8200,17557113,206984313.3600,3,0.848400,1,0.338400,-82.081723,1.501169,5.508204,64.279360,0
2021-06-10,sh.600004,11.8800,12.0800,11.8500,11.8500,11.8600,25420100,303311836.2400,3,1.228400,1,-0.084300,-82.012515,1.499904,5.503560,64.225161,0
2021-06-11,sh.600004,11.7000,11.7900,11.5600,11.6900,11.8500,40387205,470938850.7000,3,1.951700,1,-1.350200,-80.905173,1.479652,5.429250,63.357986,0
2021-06-15,sh.600004,11.6800,11.6900,11.5100,11.5300,11.6900,15567355,179807187.9000,3,0.752300,1,-1.368700,-79.797831,1.459400,5.354941,62.490811,0
2021-06-16,sh.600004,11.5300,11.5700,11.3000,11.3500,11.5300,23784966,271381943.7800,3,1.149400,1,-1.561100,-78.552071,1.436617,5.271342,61.515239,0
2021-06-17,sh.600004,11.3500,11.4700,11.3500,11.4400,11.3500,13340971,152418365.7700,3,0.644700,1,0.793000,-79.174951,1.448008,5.313141,62.003025,0
2021-06-18,sh.600004,11.4500,11.4800,11.2400,11.3300,11.4400,17305127,195598143.5900,3,0.836300,1,-0.961500,-78.413653,1.434085,5.262054,61.406842,0
2021-06-21,sh.600004,11.2500,11.3100,11.1300,11.1500,11.3300,17078462,190771690.7900,3,0.825300,1,-1.588700,-77.167893,1.411302,5.178455,60.431270,0
2021-06-22,sh.600004,11.1500,11.2400,11.1400,11.2400,11.1500,7350767,82355613.8800,3,0.355200,1,0.807200,-77.790773,1.422693,5.220254,60.919056,0
2021-06-23,sh.600004,11.2400,11.4300,11.2000,11.3900,11.2400,12325428,139628345.0600,3,0.595600,1,1.334500,-78.828906,1.441679,5.289920,61.732033,0
2021-06-24,sh.600004,11.3300,11.3500,11.2300,11.3000,11.3900,9129646,102885872.6100,3,0.441200,1,-0.790200,-78.206027,1.430288,5.248120,61.244247,0
2021-06-25,sh.600004,11.3900,11.4900,11.2000,11.4000,11.3000,16872713,190958055.7000,3,0.815400,1,0.885000,-78.898115,1.442945,5.294564,61.786231,0
2021-06-28,sh.600004,11.3700,11.3700,11.2200,11.2800,11.4000,11311086,127417804.1800,3,0.546600,1,-1.052600,-78.067609,1.427756,5.238832,61.135850,0
2021-06-29,sh.600004,11.2600,11.2600,11.1200,11.1600,11.2800,15490140,172718388.0000,3,0.748600,1,-1.063800,-77.237102,1.412567,5.183100,60.485468,0
2021-06-30,sh.600004,11.1500,11.2200,11.1200,11.1800,11.1600,6971690,77889216.6200,3,0.336900,1,0.179200,-77.375520,1.415099,5.192388,60.593865,0
2021-07-01,sh.600004,11.2200,11.2300,11.1000,11.1000,11.1800,12823566,142786236.8600,3,0.619700,1,-0.715600,-76.821849,1.404973,5.155233,60.160278,0
2021-07-02,sh.600004,11.1000,11.1500,10.9300,11.0000,11.1000,19465833,213960517.4700,3,0.940700,1,-0.900900,-76.129760,1.392316,5.108790,59.618293,0
2021-07-05,sh.600004,11.0000,11.0200,10.8300,10.8600,11.0000,12459450,135699819.6000,3,0.602100,1,-1.272700,-75.160836,1.374595,5.043769,58.859515,0
2021-07-06,sh.600004,10.8200,10.9500,10.8100,10.9000,10.8600,9604953,104426119.6300,3,0.464200,1,0.368300,-75.437672,1.379658,5.062346,59.076309,0
2021-07-07,sh.600004,10.8600,10.9000,10.8200,10.9000,10.9000,8024400,87212864.8300,3,0.387800,1,0.000000,-75.437672,1.379658,5.062346,59.076309,0
2021-07-08,sh.600004,10.8900,10.8900,10.7000,10.7200,10.9000,11049922,119025605.6200,3,0.534000,1,-1.651400,-74.191912,1.356875,4.978748,58.100737,0
2021-07-09,sh.600004,10.6600,10.6800,10.4700,10.5700,10.7200,18537738,195445648.3500,3,0.895800,1,-1.399300,-73.153779,1.337889,4.909083,57.287760,0
2021-07-12,sh.600004,10.6000,10.6400,10.5400,10.5600,10.5700,9217109,97609252.0400,3,0.445400,1,-0.094600,-73.084570,1.336623,4.904438,57.233562,0
2021-07-13,sh.600004,10.5500,10.6400,10.5200,10.6200,10.5600,9912101,104872190.3800,3,0.479000,1,0.568200,-73.499823,1.344217,4.932304,57.558752,0
2021-07-14,sh.600004,10.6100,10.7100,10.5400,10.5400,10.6200,8756400,92616569.7600,3,0.423200,1,-0.753300,-72.946152,1.334091,4.895150,57.125165,0
2021-07-15,sh.600004,10.5000,10.5400,10.3300,10.4200,10.5400,11090625,115528013.7500,3,0.536000,1,-1.138500,-72.115646,1.318903,4.839417,56.474783,0
2021-07-16,sh.600004,10.4200,10.5400,10.4000,10.4700,10.4200,8567911,89694476.7200,3,0.414000,1,0.479800,-72.461690,1.325231,4.862639,56.745775,0
2021-07-19,sh.600004,10.4200,10.4200,10.1400,10.3600,10.4700,15824806,162447191.7400,3,0.764700,1,-1.050600,-71.700392,1.311308,4.811551,56.149593,0
2021-07-20,sh.600004,10.2600,10.4400,10.2500,10.2700,10.3600,7886566,81254847.7800,3,0.381100,1,-0.868700,-71.077513,1.299916,4.769752,55.661807,0
2021-07-21,sh.600004,10.2500,10.3000,10.0700,10.0900,10.2700,14915013,151535103.6500,3,0.720800,1,-1.752700,-69.831753,1.277133,4.686154,54.686234,0
2021-07-22,sh.600004,10.0900,10.1600,9.9900,10.0700,10.0900,11486715,115606293.9600,3,0.555100,1,-0.198200,-69.693335,1.274602,4.676865,54.577838,0
2021-07-23,sh.600004,10.0500,10.0500,9.9000,9.9200,10.0700,14062726,140021823.3800,3,0.679600,1,-1.489600,-68.655202,1.255615,4.607200,53.764861,0
2021-07-26,sh.600004,9.8800,9.8800,9.5100,9.5200,9.9200,23296137,224116319.9900,3,1.125800,1,-4.032300,-65.886847,1.204986,4.421425,51.596923,0
2021-07-27,sh.600004,9.5700,9.5800,9.3000,9.3200,9.5200,18151350,171086335.6600,3,0.877200,1,-2.100800,-64.502670,1.179671,4.328538,50.512954,0
2021-07-28,sh.600004,9.2900,9.3000,8.9900,9.0400,9.3200,25913684,235056867.8300,3,1.252300,1,-3.004300,-62.564821,1.144230,4.198496,48.995397,0
2021-07-29,sh.600004,9.0300,9.1700,8.7000,8.8200,9.0400,38383505,340075425.6400,3,1.854900,1,-2.433600,-61.042226,1.116384,4.096321,47.803032,0
2021-07-30,sh.600004,8.7000,8.8400,8.5800,8.7500,8.8200,21317800,185542145.5500,3,1.030200,1,-0.793700,-60.557764,1.107524,4.063810,47.423642,0
2021-08-02,sh.600004,8.6500,8.7500,8.3900,8.6600,8.7500,31994061,275211496.3100,3,1.546100,1,-1.028600,-59.934884,1.096132,4.022011,46.935856,0
2021-08-03,sh.600004,8.5800,8.9500,8.5800,8.7300,8.6600,29270259,256458428.8000,3,1.414500,1,0.808300,-60.419346,1.104992,4.054521,47.315245,0
2021-08-04,sh.600004,8.7300,8.7500,8.5600,8.6100,8.7300,18044583,156032619.3000,3,0.872000,1,-1.374600,-59.588840,1.089803,3.998789,46.664864,0
2021-08-05,sh.600004,8.5800,8.7200,8.4800,8.5400,8.6100,15960865,137230329.9300,3,0.771300,1,-0.813000,-59.104378,1.080943,3.966279,46.285475,0
2021-08-06,sh.600004,8.5900,8.6000,8.3900,8.4100,8.5400,15962347,134611409.4500,3,0.771400,1,-1.522200,-58.204662,1.064489,3.905902,45.580895,0
2021-08-09,sh.600004,8.3500,8.7400,8.3200,8.6900,8.4100,19760979,169718419.4300,3,0.955000,1,3.329400,-60.142511,1.099929,4.035944,47.098452,0
2021-08-10,sh.600004,8.6500,8.7300,8.6200,8.7100,8.6900,15265029,132514206.1800,3,0.737700,1,0.230100,-60.280928,1.102461,4.045233,47.206849,0
2021-08-11,sh.600004,8.7200,8.9600,8.7000,8.8400,8.7100,24481379,215998421.1600,3,1.183100,1,1.492500,-61.180644,1.118915,4.105609,47.911428,0
2021-08-12,sh.600004,8.8500,8.8700,8.7200,8.7400,8.8400,14841588,130313053.9500,3,0.717200,1,-1.131200,-60.488555,1.106258,4.059166,47.369444,0
2021-08-13,sh.600004,8.7000,8.8000,8.6600,8.7400,8.7000,8623382,75319518.2400,3,0.416700,1,0.459800,-60.488555,1.106258,4.059166,47.369444,0
2021-08-16,sh.600004,8.7400,9.1000,8.6900,9.0800,8.7400,26184689,233946421.9400,3,1.265400,1,3.890200,-62.841657,1.149293,4.217074,49.212191,0
2021-08-17,sh.600004,9.0800,9.4300,8.8900,8.9600,9.0800,41632006,382284807.1800,3,2.011900,1,-1.321600,-62.011150,1.134104,4.161342,48.561810,0
2021-08-18,sh.600004,8.9300,9.1900,8.8700,9.1200,8.9600,18389277,167254084.3800,3,0.888700,1,1.785700,-63.118492,1.154356,4.235651,49.428985,0
2021-08-19,sh.600004,9.1200,9.1400,8.9600,9.0000,9.1200,15159252,136647956.4400,3,0.732600,1,-1.315800,-62.287986,1.139167,4.179919,48.778604,0
2021-08-20,sh.600004,8.9600,8.9900,8.8500,8.9600,9.0000,11876996,105813382.3000,3,0.574000,1,-0.444400,-62.011150,1.134104,4.161342,48.561810,0
2021-08-23,sh.600004,8.9900,9.0900,8.9700,9.0400,8.9600,9837778,88806712.7600,3,0.475400,1,0.892900,-62.564821,1.144230,4.198496,48.995397,0
2021-08-24,sh.600004,9.0400,9.1100,8.9000,9.0200,9.0400,14263225,128334496.2100,3,0.689300,1,-0.221200,-62.426403,1.141699,4.189208,48.887000,0
2021-08-25,sh.600004,9.0200,9.6200,9.0000,9.5600,9.0200,40886365,383370878.4700,3,1.975800,1,5.986700,-66.163683,1.210049,4.440003,51.813717,0
2021-08-26,sh.600004,9.4800,9.5300,9.3700,9.4400,9.5600,20590363,194222255.4100,3,0.995000,1,-1.255200,-65.333176,1.194860,4.384271,51.163335,0
2021-08-27,sh.600004,9.4500,9.5300,9.3500,9.3900,9.4400,13726800,129323476.6700,3,0.663300,1,-0.529700,-64.987132,1.188531,4.361049,50.892343,0
2021-08-30,sh.600004,9.3900,9.3900,9.1700,9.1800,9.3900,13286901,122648173.2100,3,0.642100,1,-2.236400,-63.533745,1.161951,4.263517,49.754176,0
2021-08-31,sh.600004,9.1600,9.5000,9.1300,9.4400,9.1800,22827799,214166076.8100,3,1.103200,1,2.832200,-45.417358,1.218657,4.242097,27.249819,0
2021-09-01,sh.600004,9.4100,9.9000,9.3500,9.8000,9.4400,33595318,322198435.5900,3,1.623500,1,3.813600,-47.149376,1.265131,4.403872,28.289007,0
2021-09-02,sh.600004,9.7800,9.9700,9.7000,9.8100,9.8000,20658699,202831829.8400,3,0.998300,1,0.102000,-47.197487,1.266422,4.408366,28.317873,0
2021-09-03,sh.600004,9.8100,10.0500,9.7200,10.0100,9.8100,23456208,233390566.1900,3,1.133500,1,2.038700,-48.159719,1.292241,4.498241,28.895200,0
2021-09-06,sh.600004,10.0500,10.5900,9.9400,10.3900,10.0100,48658007,504020349.6300,3,2.351400,1,3.796200,-49.987961,1.341297,4.669003,29.992120,0
2021-09-07,sh.600004,10.5500,10.8200,10.3500,10.7900,10.3900,34816715,368745680.4800,3,1.682500,1,3.849900,-51.912425,1.392935,4.848753,31.146774,0
2021-09-08,sh.600004,10.7000,10.9000,10.4900,10.5000,10.7900,26889280,286637037.9800,3,1.299400,1,-2.687700,-50.517188,1.355498,4.718434,30.309650,0
2021-09-09,sh.600004,10.5100,10.6700,10.3600,10.5300,10.5000,16127886,169229817.5900,3,0.779400,1,0.285700,-50.661523,1.359371,4.731916,30.396249,0
2021-09-10,sh.600004,10.5800,11.0200,10.5700,10.9300,10.5300,40343927,439604604.2900,3,1.949600,1,3.798700,-52.585987,1.411009,4.911666,31.550902,0
2021-09-13,sh.600004,10.6700,11.0300,10.5300,10.7800,10.9300,29689445,318399205.7600,3,1.434700,1,-1.372400,-51.864313,1.391644,4.844259,31.117907,0
2021-09-14,sh.600004,10.7200,10.7200,10.3300,10.3600,10.7800,19788994,207901874.1800,3,0.956300,1,-3.896100,-49.843626,1.337425,4.655522,29.905521,0
2021-09-15,sh.600004,10.2900,10.5400,10.1300,10.4000,10.3600,17277535,178495293.1000,3,0.834900,1,0.386100,-50.036072,1.342588,4.673497,30.020987,0
2021-09-16,sh.600004,10.3300,10.4700,10.0800,10.1000,10.4000,15296342,156223946.2400,3,0.739200,1,-2.884600,-48.592724,1.303860,4.538685,29.154997,0
2021-09-17,sh.600004,10.0700,11.0000,10.0400,10.8700,10.1000,33846896,358375230.7900,3,1.635700,1,7.623800,-52.297318,1.403263,4.884703,31.377704,0
2021-09-22,sh.600004,10.7400,10.9600,10.5300,10.9000,10.8700,20713547,222374738.0000,3,1.001000,1,0.276000,-52.441653,1.407136,4.898184,31.464303,0
2021-09-23,sh.600004,10.8800,11.0300,10.7800,10.8700,10.9000,11234566,122258101.4700,3,0.542900,1,-0.275200,-52.297318,1.403263,4.884703,31.377704,0
2021-09-24,sh.600004,10.8700,11.3000,10.8600,11.1000,10.8700,26282536,292062615.9700,3,1.270100,1,2.115900,-53.403885,1.432955,4.988059,32.041630,0
2021-09-27,sh.600004,11.0800,11.2800,10.8600,10.9300,11.1000,19044282,210082832.3000,3,0.920300,1,-1.531500,-52.585987,1.411009,4.911666,31.550902,0
2021-09-28,sh.600004,10.9000,11.0100,10.7500,10.8800,10.9300,9897913,107633108.7400,3,0.478300,1,-0.457500,-52.345429,1.404554,4.889197,31.406571,0
2021-09-29,sh.600004,10.8000,10.8900,10.6600,10.7800,10.8800,11740630,126330577.4800,3,0.567400,1,-0.919100,-51.864313,1.391644,4.844259,31.117907,0
2021-09-30,sh.600004,10.7900,10.9600,10.6500,10.7400,10.7800,10115999,108883299.9600,3,0.488900,1,-0.371100,-51.671867,1.386481,4.826284,31.002442,0
2021-10-08,sh.600004,11.0000,11.4900,11.0000,11.3800,10.7400,38643084,437213739.1400,3,1.867400,1,5.959000,-54.751010,1.469101,5.113884,32.849887,0
2021-10-11,sh.600004,11.3500,11.7000,11.2500,11.5800,11.3800,27967454,322565151.0900,3,1.351500,1,1.757500,-55.713242,1.494920,5.203759,33.427214,0
2021-10-12,sh.600004,11.5000,11.7500,11.4000,11.4800,11.5800,18723002,215914890.0500,3,0.904800,1,-0.863600,-55.232126,1.482011,5.158822,33.138551,0
2021-10-13,sh.600004,11.4300,11.4800,11.0100,11.3100,11.4800,18201327,205439432.1500,3,0.879600,1,-1.480800,-54.414229,1.460065,5.082428,32.647823,0
2021-10-14,sh.600004,11.3400,12.3100,11.3100,11.9400,11.3100,70365911,848702825.7200,3,3.400400,1,5.570300,-57.445260,1.541395,5.365534,34.466402,0
2021-10-15,sh.600004,11.9500,12.3000,11.8700,11.9200,11.9400,40741352,491919336.7400,3,1.968800,1,-0.167500,-57.349037,1.538813,5.356547,34.408669,0
2021-10-18,sh.600004,11.8100,12.0700,11.6100,12.0200,11.9200,20851648,247614751.2500,3,1.007700,1,0.838900,-57.830153,1.551722,5.401484,34.697333,0
2021-10-19,sh.600004,11.8900,11.9800,11.7000,11.8500,12.0200,14404516,170018098.9500,3,0.696100,1,-1.414300,-57.012255,1.529776,5.325090,34.206605,0
2021-10-20,sh.600004,11.7500,11.8800,11.4300,11.8000,11.8500,21937589,255448852.0300,3,1.060100,1,-0.421900,-56.771697,1.523321,5.302622,34.062273,0
2021-10-21,sh.600004,11.8000,11.9800,11.4200,11.4300,11.8000,17902384,207929607.2700,3,0.865100,1,-3.135600,-54.991568,1.475556,5.136353,32.994219,0
2021-10-22,sh.600004,11.4200,11.5300,11.1100,11.1800,11.4300,17081366,194050055.4900,3,0.825500,1,-2.187200,-53.788778,1.443282,5.024009,32.272561,0
2021-10-25,sh.600004,10.9700,11.0000,10.5000,10.9600,11.1800,22589555,244268707.9800,3,1.091600,1,-1.967800,-52.730322,1.414882,4.925147,31.637501,0
2021-10-26,sh.600004,10.8400,11.1500,10.8000,11.0400,10.9600,12341614,136170069.6900,3,0.596400,1,0.729900,-53.115215,1.425209,4.961097,31.868432,0
2021-10-27,sh.600004,10.9400,11.1400,10.9000,10.9200,11.0400,8509819,93644132.5000,3,0.411200,1,-1.087000,-52.537876,1.409718,4.907172,31.522036,0
2021-10-28,sh.600004,10.9200,11.3200,10.8700,11.2800,10.9200,16109639,180179302.1100,3,0.778500,1,3.296700,-54.269894,1.456192,5.068947,32.561224,0
2021-10-29,sh.600004,11.2400,11.9300,11.1000,11.8400,11.2800,26889453,313661538.3100,3,1.299400,1,4.964500,-56.964144,1.528485,5.320597,34.177739,0
2021-11-01,sh.600004,11.7000,11.8800,11.5200,11.7700,11.8400,17624913,207259660.1700,3,0.851700,1,-0.591200,-63.164272,1.527171,5.469867,69.021149,0
2021-11-02,sh.600004,11.7600,11.8500,11.4200,11.6100,11.7700,12273204,142575138.2900,3,0.593100,1,-1.359400,-62.305625,1.506410,5.395510,68.082884,0
2021-11-03,sh.600004,11.5100,11.6800,11.3600,11.5200,11.6100,9612656,110598401.2700,3,0.464500,1,-0.775200,-61.822635,1.494733,5.353685,67.555110,0
2021-11-04,sh.600004,11.4800,11.5300,11.1800,11.2800,11.5200,15207198,171582050.8600,3,0.734900,1,-2.083300,-60.534664,1.463593,5.242150,66.147712,0
2021-11-05,sh.600004,11.2000,11.4700,11.1800,11.1800,11.2800,11281437,127264712.5600,3,0.545200,1,-0.886500,-59.998009,1.450617,5.195677,65.561296,0
2021-11-08,sh.600004,11.5400,12.2900,11.5400,12.2100,11.1800,60012698,728749963.8500,3,2.900100,1,9.212900,-65.525554,1.584261,5.674348,71.601379,0
2021-11-09,sh.600004,12.1900,12.3000,11.8600,12.0000,12.2100,21602326,260147926.9300,3,1.043900,1,-1.719900,-64.398578,1.557013,5.576755,70.369906,0
2021-11-10,sh.600004,11.9600,12.0400,11.7600,11.9300,12.0000,14531838,172966730.0100,3,0.702300,1,-0.583300,-64.022920,1.547931,5.544224,69.959415,0
2021-11-11,sh.600004,11.8800,12.3500,11.8500,12.2700,11.9300,25107446,306288163.5800,3,1.213300,1,2.850000,-65.847546,1.592046,5.702232,71.953229,0
2021-11-12,sh.600004,12.2600,12.8500,12.1400,12.7300,12.2700,31066014,391838685.6300,3,1.501300,1,3.749000,-68.316159,1.651732,5.916007,74.650742,0
2021-11-15,sh.600004,12.6500,12.7100,12.5000,12.5100,12.7300,13532530,170390064.2900,3,0.654000,1,-1.728200,-67.135518,1.623186,5.813767,73.360627,0
2021-11-16,sh.600004,12.6000,12.6500,12.2800,12.3900,12.5100,11045013,137411305.6100,3,0.533800,1,-0.959200,-66.491532,1.607616,5.757999,72.656928,0
2021-11-17,sh.600004,12.3800,12.5200,12.3000,12.4000,12.3900,8269187,102494920.2900,3,0.399600,1,0.080700,-66.545198,1.608914,5.762647,72.715569,0
2021-11-18,sh.600004,12.4000,12.5000,12.1700,12.2000,12.4000,8570140,105615118.2200,3,0.414200,1,-1.612900,-65.471888,1.582964,5.669701,71.542738,0
2021-11-19,sh.600004,12.1700,12.2400,11.8100,11.9700,12.2000,18248019,218324063.3200,3,0.881800,1,-1.885200,-64.237582,1.553121,5.562813,70.193981,0
2021-11-22,sh.600004,11.9700,12.2200,11.9100,12.0800,11.9700,14521744,175404902.2700,3,0.701800,1,0.919000,-64.827902,1.567393,5.613933,70.839039,0
2021-11-23,sh.600004,12.1800,12.2800,11.9100,11.9900,12.0800,9768014,117755131.4300,3,0.472000,1,-0.745000,-64.344913,1.555716,5.572108,70.311264,0
2021-11-24,sh.600004,12.0100,12.0200,11.5600,11.8800,11.9900,17907182,210288285.2100,3,0.865400,1,-0.917400,-63.754593,1.541443,5.520987,69.666207,0
2021-11-25,sh.600004,11.8700,11.8800,11.6500,11.7000,11.8800,9325493,109338570.1600,3,0.450700,1,-1.515200,-62.788614,1.518088,5.437336,68.610658,0
2021-11-26,sh.600004,11.6000,11.8400,11.1600,11.7400,11.7000,40534211,463780159.5200,3,1.958800,1,0.341900,-63.003276,1.523278,5.455925,68.845225,0
2021-11-29,sh.600004,11.1900,11.3500,10.7900,10.9800,11.7400,57517271,631488791.8700,3,2.779500,1,-6.473600,-58.924699,1.424667,5.102731,64.388464,0
2021-11-30,sh.600004,10.8800,10.9700,10.6800,10.7000,10.9800,21508693,231678310.2000,3,1.039400,1,-2.550100,-57.422066,1.388337,4.972606,62.746499,0
2021-12-01,sh.600004,10.6700,11.0000,10.6700,10.9700,10.7000,17123028,186138038.3700,3,0.827500,1,2.523400,-58.871034,1.423370,5.098083,64.329822,0
2021-12-02,sh.600004,10.9000,10.9600,10.7200,10.7800,10.9700,14154575,153055930.6000,3,0.684000,1,-1.732000,-57.851390,1.398717,5.009785,63.215632,0
2021-12-03,sh.600004,10.9000,11.2200,10.8600,11.1200,10.7800,17586842,194664190.4000,3,0.849900,1,3.154000,-59.676016,1.442832,5.167793,65.209446,0
2021-12-06,sh.600004,11.0000,11.3000,10.9400,11.1100,11.1200,11983418,133281176.7200,3,0.579100,1,-0.089900,-59.622351,1.441535,5.163146,65.150805,0
2021-12-07,sh.600004,11.2900,11.7700,11.2400,11.6600,11.1100,32302097,373674461.3400,3,1.561000,1,4.950500,-62.573952,1.512898,5.418747,68.376092,0
2021-12-08,sh.600004,11.7500,11.8400,11.5800,11.7600,11.6600,14151315,165682106.9000,3,0.683900,1,0.857600,-63.110607,1.525873,5.465220,68.962508,0
2021-12-09,sh.600004,11.7000,12.0700,11.7000,11.7400,11.7600,15587440,183965872.5900,3,0.753300,1,-0.170100,-63.003276,1.523278,5.455925,68.845225,0
2021-12-10,sh.600004,11.6400,11.7600,11.4900,11.5000,11.7400,14579261,168730338.6900,3,0.704500,1,-2.044300,-61.715304,1.492138,5.344390,67.437826,0
2021-12-13,sh.600004,11.5000,11.5400,11.2500,11.3300,11.5000,14499133,164736224.0200,3,0.700700,1,-1.478300,-60.802991,1.470080,5.265386,66.440920,0
2021-12-14,sh.600004,11.2800,11.2800,11.0100,11.1100,11.3300,11901950,132502873.2000,3,0.575200,1,-1.941700,-59.622351,1.441535,5.163146,65.150805,0
2021-12-15,sh.600004,11.1200,11.2500,11.0300,11.0500,11.1100,9765050,108429234.9000,3,0.471900,1,-0.540100,-59.300358,1.433750,5.135262,64.798955,0
2021-12-16,sh.600004,11.0500,11.1400,10.8200,11.1000,11.0500,18170421,198949437.8400,3,0.878100,1,0.452500,-59.568685,1.440237,5.158498,65.092163,0
2021-12-17,sh.600004,11.0700,11.0900,10.9000,11.0300,11.1000,9455433,103961170.8300,3,0.456900,1,-0.630600,-59.193027,1.431155,5.125967,64.681672,0
2021-12-20,sh.600004,10.9100,11.1100,10.8600,11.0400,11.0300,12601683,138619762.5500,3,0.609000,1,0.090700,-59.246692,1.432452,5.130615,64.740313,0
2021-12-21,sh.600004,11.0400,11.2800,10.9700,11.2700,11.0400,10907513,121858477.6700,3,0.527100,1,2.083300,-60.480998,1.462295,5.237502,66.089070,0
2021-12-22,sh.600004,11.4300,11.5500,11.3000,11.3600,11.2700,15358438,175512864.2300,3,0.742200,1,0.798600,-60.963988,1.473973,5.279328,66.616844,0
2021-12-23,sh.600004,11.3100,11.3900,11.0900,11.1300,11.3600,10986429,122809298.1600,3,0.530900,1,-2.024600,-59.729682,1.444130,5.172440,65.268088,0
2021-12-24,sh.600004,11.1400,11.1800,11.0500,11.1000,11.1300,8533741,94750116.6700,3,0.412400,1,-0.269500,-59.568685,1.440237,5.158498,65.092163,0
2021-12-27,sh.600004,11.0900,11.7500,11.0500,11.7100,11.1000,26579488,306565190.6900,3,1.284500,1,5.495500,-62.842279,1.519385,5.441983,68.669300,0
2021-12-28,sh.600004,11.7000,11.9200,11.5000,11.6000,11.7100,18447071,215982436.9000,3,0.891500,1,-0.939400,-62.251959,1.505113,5.390863,68.024242,0
2021-12-29,sh.600004,11.6100,12.0600,11.6100,12.0000,11.6000,28525993,341077988.4700,3,1.378500,1,3.448300,-64.398578,1.557013,5.576755,70.369906,0
2021-12-30,sh.600004,11.9300,12.2100,11.9100,12.0300,12.0000,19219827,231554137.7600,3,0.928800,1,0.250000,-64.559575,1.560906,5.590697,70.545831,0
2021-12-31,sh.600004,12.0100,12.1600,11.9000,12.0600,12.0300,13793679,165832254.9000,3,0.666600,1,0.249400,-64.720571,1.564798,5.604639,70.721755,0
2022-01-04,sh.600004,12.0400,12.5000,11.9800,12.4600,12.0600,27874372,343540160.2900,3,1.347000,1,3.316700,-66.867191,1.616699,5.790531,73.067419,0
2022-01-05,sh.600004,12.4100,13.1100,12.3800,12.8300,12.4600,54939067,708271702.1100,3,2.654900,1,2.969500,-68.852813,1.664707,5.962480,75.237158,0
2022-01-06,sh.600004,12.7800,12.8800,12.2200,12.3200,12.8300,26669488,331062109.4300,3,1.288800,1,-3.975100,-66.115874,1.598534,5.725468,72.246437,0
2022-01-07,sh.600004,12.2900,12.6200,12.2200,12.4800,12.3200,14351529,178979198.6900,3,0.693500,1,1.298700,-66.974522,1.619294,5.799825,73.184702,0
2022-01-10,sh.600004,12.1100,12.8000,12.0500,12.5800,12.4800,28748964,360693801.8600,3,1.389300,1,0.801300,-67.511176,1.632269,5.846298,73.771118,0
2022-01-11,sh.600004,12.5900,12.9300,12.5700,12.7200,12.5800,17624853,225276059.6600,3,0.851700,1,1.112900,-68.262493,1.650434,5.911360,74.592100,0
2022-01-12,sh.600004,12.6500,12.8600,12.5400,12.6700,12.7200,13502395,171564352.5800,3,0.652500,1,-0.393100,-67.994166,1.643947,5.888124,74.298892,0
2022-01-13,sh.600004,12.6300,13.0000,12.6000,12.7700,12.6700,15382419,197938809.9100,3,0.743400,1,0.789300,-68.530821,1.656922,5.934597,74.885308,0
2022-01-14,sh.600004,12.7300,12.8300,12.2300,12.3100,12.7700,21993616,273731021.5700,3,1.062800,1,-3.602200,-66.062208,1.597236,5.720821,72.187795,0
2022-01-17,sh.600004,12.3100,12.5300,12.1500,12.3600,12.3100,13765295,169350832.1500,3,0.665200,1,0.406200,-66.330536,1.603724,5.744058,72.481003,0
2022-01-18,sh.600004,12.3900,12.5100,12.1100,12.4500,12.3600,15971860,196489478.9000,3,0.771800,1,0.728200,-66.813525,1.615401,5.785883,73.008777,0
2022-01-19,sh.600004,12.4300,12.5400,12.2400,12.4200,12.4500,11521975,142998826.1800,3,0.556800,1,-0.241000,-66.652529,1.611509,5.771941,72.832853,0
2022-01-20,sh.600004,12.4300,12.9300,12.3700,12.8200,12.4200,19328148,247791244.4200,3,0.934000,1,3.220600,-68.799148,1.663409,5.957833,75.178516,0
2022-01-21,sh.600004,13.1800,14.0300,13.0600,13.1200,12.8200,76379616,1041517516.7700,3,3.691000,1,2.340100,-70.409112,1.702335,6.097252,76.937764,0
2022-01-24,sh.600004,13.2700,13.5900,13.0000,13.1300,13.1200,44618269,591713463.0200,3,2.156200,1,0.076200,-70.462778,1.703632,6.101899,76.996405,0
2022-01-25,sh.600004,13.0800,13.9600,13.0200,13.5200,13.1300,34861739,476307425.6000,3,1.684700,1,2.970300,-72.555732,1.754235,6.283144,79.283427,0
2022-01-26,sh.600004,13.4700,13.6900,13.2600,13.4200,13.5200,18139055,243884504.0500,3,0.876600,1,-0.739600,-72.019077,1.741260,6.236671,78.697011,0
2022-01-27,sh.600004,13.3800,13.8700,13.2200,13.3700,13.4200,30932650,419741720.0800,3,1.494800,1,-0.372600,-71.750749,1.734772,6.213434,78.403803,0
2022-01-28,sh.600004,13.3500,13.8800,13.2000,13.6800,13.3700,26212350,356381877.4300,3,1.266700,1,2.318600,-73.414379,1.774995,6.357501,80.221693,0
2022-02-07,sh.600004,13.6800,14.1300,13.6700,14.0000,13.6800,32310191,449207287.5200,3,1.561400,1,2.339200,-75.131675,1.816516,6.506214,82.098224,0
2022-02-08,sh.600004,13.9700,14.3000,13.8400,14.1700,14.0000,23213007,326719719.2600,3,1.121800,1,1.214300,-76.043988,1.838573,6.585218,83.095131,0
2022-02-09,sh.600004,14.1500,14.2700,14.0100,14.1100,14.1700,20988313,296692130.9300,3,1.014300,1,-0.423400,-75.721995,1.830788,6.557334,82.743281,0
2022-02-10,sh.600004,14.0100,15.0000,13.9600,14.6900,14.1100,38710497,567395065.4900,3,1.870700,1,4.110600,-78.834593,1.906044,6.826877,86.144493,0
2022-02-11,sh.600004,14.6600,15.0000,14.4300,14.7600,14.6900,31651997,468591460.3000,3,1.529600,1,0.476500,-79.210251,1.915126,6.859409,86.554984,0
2022-02-14,sh.600004,14.7400,14.9900,14.4500,14.7000,14.7600,21101439,310557004.9700,3,1.019700,1,-0.406500,-78.888259,1.907341,6.831525,86.203135,0
2022-02-15,sh.600004,14.6000,14.6500,13.3100,13.6400,14.7000,55015125,752414036.8100,3,2.658600,1,-7.210900,-73.199718,1.769805,6.338911,79.987126,0
2022-02-16,sh.600004,13.5800,14.0000,13.4000,13.7000,13.6400,24259554,333109188.0200,3,1.172300,1,0.439900,-73.521710,1.777590,6.366795,80.338976,0
2022-02-17,sh.600004,13.6900,13.6900,13.1000,13.3400,13.7000,28344095,376494746.9500,3,1.369700,1,-2.627700,-71.589753,1.730880,6.199493,78.227879,0
2022-02-18,sh.600004,13.2600,13.9200,13.1700,13.8300,13.3400,27719834,378453686.8600,3,1.339600,1,3.673200,-74.219362,1.794458,6.427210,81.101317,0
2022-02-21,sh.600004,13.8300,13.8900,13.3200,13.4100,13.8300,18608542,250500888.8900,3,0.899300,1,-3.036900,-71.965411,1.739962,6.232024,78.638370,0
2022-02-22,sh.600004,13.2200,13.2700,12.7500,12.8900,13.4100,27108804,351733576.5800,3,1.310000,1,-3.877700,-69.174806,1.672492,5.990364,75.589007,0
2022-02-23,sh.600004,12.8900,12.9800,12.5500,12.7600,12.8900,27941451,354747119.2000,3,1.350300,1,-1.008500,-68.477155,1.655624,5.929949,74.826667,0
2022-02-24,sh.600004,12.6000,12.7800,12.3300,12.4200,12.7600,28314765,355469696.6500,3,1.368300,1,-2.664600,-66.652529,1.611509,5.771941,72.832853,0
2022-02-25,sh.600004,12.5600,12.6400,12.3700,12.5300,12.4200,19915910,248699660.5700,3,0.962400,1,0.885700,-67.242849,1.625781,5.823062,73.477910,0
2022-02-28,sh.600004,12.4300,12.6800,12.1300,12.5600,12.5300,16689066,207659180.0000,3,0.806500,1,0.239400,-67.403845,1.629674,5.837003,0.000000,0
2022-03-01,sh.600004,12.5200,13.2600,12.4700,13.2200,12.5600,33825001,440420864.0000,3,1.634600,1,5.254800,-70.945767,1.715310,6.143725,77.524180,0
2022-03-02,sh.600004,13.0800,13.3400,12.9900,13.1900,13.2200,19788520,259782505.0000,3,0.956300,1,-0.226900,-70.784771,1.711417,6.129783,77.348255,0
2022-03-03,sh.600004,13.2600,14.3600,13.2100,14.0900,13.1900,47507472,663748896.0000,3,2.295800,1,6.823400,-75.614664,1.828193,6.548040,82.625998,0
2022-03-04,sh.600004,13.9700,14.0000,13.5000,13.5800,14.0900,22444763,307828608.0000,3,1.084600,1,-3.619600,-72.877725,1.762020,6.311028,79.635277,0
2022-03-07,sh.600004,13.4500,13.4500,12.4900,12.5400,13.5800,38963130,498003696.0000,3,1.882900,1,-7.658300,-67.296514,1.627079,5.827709,73.536552,0
2022-03-08,sh.600004,12.5500,12.9000,12.2900,12.3600,12.5400,24397679,307056208.0000,3,1.179000,1,-1.435400,-66.330536,1.603724,5.744058,72.481003,0
2022-03-09,sh.600004,12.4500,12.5700,11.3300,12.0800,12.3600,39623353,473979696.0000,3,1.914800,1,-2.265400,-64.827902,1.567393,5.613933,70.839039,0
2022-03-10,sh.600004,12.3300,12.4300,12.0300,12.3000,12.0800,21552938,264067863.0000,3,1.041500,1,1.821200,-66.008543,1.595939,5.716174,72.129154,0
2022-03-11,sh.600004,12.0900,13.2100,11.8300,13.0400,12.3000,38327813,483902976.0000,3,1.852200,1,6.016300,-69.979789,1.691954,6.060074,76.468631,0
2022-03-14,sh.600004,12.6300,12.7000,11.8300,11.9100,13.0400,40946891,499885936.0000,3,1.978800,1,-8.665600,-63.915589,1.545336,5.534929,69.842132,0
2022-03-15,sh.600004,11.7900,12.0100,11.1400,11.2300,11.9100,44088953,509769296.0000,3,2.130600,1,-5.709500,-60.266336,1.457105,5.218913,65.854504,0
2022-03-16,sh.600004,11.6200,12.3400,11.6200,12.3300,11.2300,47045560,564452064.0000,3,2.273500,1,9.795200,-66.169539,1.599831,5.730116,72.305078,0
2022-03-17,sh.600004,12.6000,12.9000,12.1600,12.4500,12.3300,31938158,400772736.0000,3,1.543400,1,0.973200,-66.813525,1.615401,5.785883,73.008777,0
2022-03-18,sh.600004,12.3400,12.9600,12.2600,12.8600,12.4500,25646842,327144514.5300,3,1.239400,1,3.293200,-69.013810,1.668599,5.976422,75.413083,0
2022-03-21,sh.600004,12.7900,13.1500,12.5100,13.0800,12.8600,22972254,294987451.3400,3,1.110100,1,1.710700,-70.194451,1.697145,6.078663,76.703197,0
2022-03-22,sh.600004,12.6800,13.3300,12.6100,12.9700,13.0800,32373852,418840631.2100,3,1.564500,1,-0.841000,-69.604130,1.682872,6.027543,76.058140,0
2022-03-23,sh.600004,12.8900,13.0700,12.6600,12.8800,12.9700,14593980,186999280.7000,3,0.705300,1,-0.693900,-69.121141,1.671194,5.985717,75.530366,0
2022-03-24,sh.600004,12.8400,13.0900,12.8100,12.8500,12.8800,11644081,150436714.6700,3,0.562700,1,-0.232900,-68.960144,1.667302,5.971775,75.354441,0
2022-03-25,sh.600004,12.8000,12.9300,12.0100,12.2100,12.8500,26368578,326445561.7300,3,1.274300,1,-4.980500,-65.525554,1.584261,5.674348,71.601379,0
2022-03-28,sh.600004,11.9600,12.5000,11.7500,12.2000,12.2100,23260794,281135477.5600,3,1.124100,1,-0.081900,-65.471888,1.582964,5.669701,71.542738,0
2022-03-29,sh.600004,12.2000,12.4400,12.0500,12.2000,12.2000,12790470,156474477.0500,3,0.618100,1,0.000000,-65.471888,1.582964,5.669701,71.542738,0
2022-03-30,sh.600004,12.2500,12.7500,12.1200,12.6800,12.2000,18077046,225272536.5100,3,0.873600,1,3.934400,-68.047831,1.645244,5.892771,74.357534,0
2022-03-31,sh.600004,12.5900,12.9000,12.1700,12.2500,12.6800,21240572,263933513.7900,3,1.026500,1,-3.391200,-65.740216,1.589451,5.692937,71.835946,0
2022-04-01,sh.600004,12.1300,12.8700,12.1300,12.8200,12.2500,29277919,371198878.1300,3,1.414900,1,4.653100,-68.799148,1.663409,5.957833,75.178516,0
2022-04-06,sh.600004,12.7400,13.1100,12.6800,12.8100,12.8200,19461246,250190360.2500,3,0.940500,1,-0.078000,-68.745482,1.662112,5.953186,75.119875,0
2022-04-07,sh.600004,12.7500,13.0000,12.5100,12.5200,12.8100,12073151,152834696.8100,3,0.583400,1,-2.263900,-67.189184,1.624484,5.818414,73.419269,0
2022-04-08,sh.600004,12.5700,12.8400,12.3300,12.7600,12.5200,16154072,204404438.1200,3,0.780600,1,1.916900,-68.477155,1.655624,5.929949,74.826667,0
2022-04-11,sh.600004,12.7600,12.8400,12.3000,12.4300,12.7600,20353262,254546050.0400,3,0.983600,1,-2.586200,-72.486264,1.606393,5.678949,-39.118607,0
2022-04-12,sh.600004,12.3000,13.4500,12.3000,13.3100,12.4300,38733344,502800438.2200,3,1.871800,1,7.079600,-77.618035,1.720120,6.080998,-41.888065,0
2022-04-13,sh.600004,13.0200,13.3000,12.8600,12.9900,13.3100,22463905,294283685.7500,3,1.085600,1,-2.404200,-75.751937,1.678764,5.934798,-40.880989,0
2022-04-14,sh.600004,13.3000,13.6700,13.0200,13.3500,12.9900,21389738,286405865.7200,3,1.033700,1,2.771400,-77.851297,1.725289,6.099273,-42.013950,0
2022-04-15,sh.600004,13.1900,13.6000,13.1600,13.4300,13.3500,19722390,264340772.0100,3,0.953100,1,0.599300,-78.317822,1.735628,6.135823,-42.265719,0
2022-04-18,sh.600004,13.2900,13.6700,13.1800,13.3200,13.4300,17789207,238777907.0900,3,0.859700,1,-0.819100,-77.676351,1.721412,6.085567,-41.919537,0
2022-04-19,sh.600004,13.2600,13.3800,13.0700,13.2400,13.3200,11086672,146172168.8900,3,0.535800,1,-0.600600,-77.209826,1.711073,6.049017,-41.667768,0
2022-04-20,sh.600004,13.2800,13.4400,12.9900,13.3000,13.2400,13673021,180879385.7100,3,0.660700,1,0.453200,-77.559720,1.718827,6.076430,-41.856594,0
2022-04-21,sh.600004,13.2000,13.2000,12.6700,12.7900,13.3000,20474042,264183128.1300,3,0.989400,1,-3.834600,-74.585625,1.652917,5.843424,-40.251567,0
2022-04-22,sh.600004,12.7000,12.7500,12.2300,12.4600,12.7900,15905693,198635540.3300,3,0.768600,1,-2.580100,-72.661211,1.610270,5.692655,-39.213020,0
2022-04-25,sh.600004,11.9000,12.1900,11.6900,11.8100,12.4600,20682900,246805188.8900,3,0.999500,1,-5.216700,-68.870698,1.526267,5.395687,-37.167397,0
2022-04-26,sh.600004,11.9000,12.0800,11.6200,11.7600,11.8100,15555302,184663261.2800,3,0.751700,1,-0.423400,-68.579120,1.519805,5.372843,-37.010041,0
2022-04-27,sh.600004,11.6400,11.9900,11.3500,11.9600,11.7600,19383734,226212579.0200,3,0.936700,1,1.700700,-69.745432,1.545652,5.464218,-37.639464,0
2022-04-28,sh.600004,11.7200,12.0400,11.4800,11.6400,11.9600,17388068,204368600.0200,3,0.840300,1,-2.675600,-67.879334,1.504297,5.318018,-36.632388,0
2022-04-29,sh.600004,11.5600,12.0100,11.2700,11.9600,11.6400,21448870,250418813.5300,3,1.036500,1,2.749100,-69.745432,1.545652,5.464218,-37.639464,0
2022-05-05,sh.600004,11.8500,12.3800,11.8000,12.1600,11.9600,14330710,173715137.7800,3,0.605500,1,1.672200,-86.210695,1.578684,5.498830,-40.643472,0
2022-05-06,sh.600004,11.8700,11.9400,11.2600,11.4000,12.1600,25638804,295229639.2500,3,1.083300,1,-6.250000,-80.822527,1.480016,5.155153,-38.103255,0
2022-05-09,sh.600004,11.2100,11.6300,11.1500,11.2500,11.4000,17368560,197033532.3900,3,0.733900,1,-1.315800,-79.759073,1.460542,5.087322,-37.601896,0
2022-05-10,sh.600004,11.1100,11.2700,11.0300,11.2500,11.2500,18587240,207566451.5700,3,0.785400,1,0.000000,-79.759073,1.460542,5.087322,-37.601896,0
2022-05-11,sh.600004,11.3000,12.0000,11.3000,11.6300,11.2500,30623109,356963294.2600,3,1.293900,1,3.377800,-82.453157,1.509876,5.259160,-38.872004,0
2022-05-12,sh.600004,11.5800,11.5800,11.1600,11.3800,11.6300,25867635,293262270.4400,3,1.093000,1,-2.149600,-80.680733,1.477420,5.146109,-38.036407,0
2022-05-13,sh.600004,11.3400,11.4500,11.1700,11.4100,11.3800,18904130,213664605.6400,3,0.798700,1,0.263600,-80.893424,1.481315,5.159675,-38.136678,0
2022-05-16,sh.600004,11.6000,11.7400,11.4000,11.5900,11.4100,19666854,228016294.9700,3,0.831000,1,1.577600,-82.169569,1.504683,5.241072,-38.738309,0
2022-05-17,sh.600004,11.5600,11.6700,11.3100,11.6500,11.5900,13490962,155278460.5000,3,0.570000,1,0.517700,-82.594951,1.512473,5.268204,-38.938852,0
2022-05-18,sh.600004,11.6600,11.6600,11.3500,11.5700,11.6500,17547979,202026315.4400,3,0.741400,1,-0.686700,-82.027775,1.502087,5.232028,-38.671461,0
2022-05-19,sh.600004,11.3400,11.5000,11.2800,11.3700,11.5700,16659678,189223298.8000,3,0.703900,1,-1.728600,-80.609836,1.476122,5.141586,-38.002983,0
2022-05-20,sh.600004,11.3700,11.8900,11.3700,11.8700,11.3700,27539720,321939259.6400,3,1.163600,1,4.397500,-84.154684,1.541035,5.367690,-39.674178,0
2022-05-23,sh.600004,11.8900,11.9000,11.5200,11.6600,11.8700,17822924,207701846.0000,3,0.753100,1,-1.769200,-82.665848,1.513771,5.272726,-38.972276,0
2022-05-24,sh.600004,11.7000,11.8600,11.2800,11.2800,11.6600,21184560,244778804.3600,3,0.895100,1,-3.259000,-79.971763,1.464437,5.100888,-37.702168,0
2022-05-25,sh.600004,11.2800,11.8000,11.2100,11.6300,11.2800,23920869,276894313.1000,3,1.010700,1,3.102800,-82.453157,1.509876,5.259160,-38.872004,0
2022-05-26,sh.600004,11.6300,11.8500,11.6000,11.7800,11.6300,18130126,212943850.6700,3,0.766000,1,1.289800,-83.516611,1.529350,5.326991,-39.373363,0
2022-05-27,sh.600004,11.7800,12.0300,11.7400,11.9500,11.7800,16376323,194747675.0800,3,0.691900,1,1.443100,-84.721859,1.551421,5.403866,-39.941569,0
2022-05-30,sh.600004,12.0700,12.6800,12.0700,12.4900,11.9500,28263761,352143532.7000,3,1.194200,1,4.518800,-88.550295,1.621527,5.648058,-41.746460,0
2022-05-31,sh.600004,12.4500,12.8300,12.2600,12.6900,12.4900,16669894,211464810.8400,3,0.704300,1,1.601300,-89.968234,1.647492,5.738499,-42.414939,0
2022-06-01,sh.600004,12.7400,12.8300,12.3300,12.4000,12.6900,14244740,178154889.9300,3,0.601900,1,-2.285300,-87.912222,1.609842,5.607359,-41.445645,0
2022-06-02,sh.600004,12.3900,12.4900,12.1200,12.2300,12.4000,11966665,146324834.1200,3,0.505600,1,-1.371000,-86.706974,1.587772,5.530484,-40.877439,0
2022-06-06,sh.600004,12.2300,12.2800,12.0500,12.2400,12.2300,12114799,147322343.9500,3,0.511900,1,0.081800,-86.777871,1.589070,5.535006,-40.910863,0
2022-06-07,sh.600004,12.2800,12.4600,12.1700,12.3400,12.2400,12494128,153734506.4200,3,0.527900,1,0.817000,-87.486841,1.602053,5.580227,-41.245102,0
2022-06-08,sh.600004,12.3600,12.4400,12.0900,12.4100,12.3400,14575694,179042911.2000,3,0.615900,1,0.567300,-87.983119,1.611141,5.611881,-41.479069,0
2022-06-09,sh.600004,12.3000,12.5200,12.1400,12.1800,12.4100,10015076,122870746.0800,3,0.423200,1,-1.853300,-86.352489,1.581281,5.507874,-40.710319,0
2022-06-10,sh.600004,12.1000,12.1800,12.0000,12.1200,12.1800,12979579,156547123.1100,3,0.548400,1,-0.492600,-85.927108,1.573491,5.480741,-40.509776,0
2022-06-13,sh.600004,11.9900,12.0300,11.6100,11.7800,12.1200,21111496,248448742.0300,3,0.892000,1,-2.805300,-83.516611,1.529350,5.326991,-39.373363,0
2022-06-14,sh.600004,11.6800,12.0100,11.6000,12.0000,11.7800,13778729,163070867.0800,3,0.582200,1,1.867600,-85.076344,1.557912,5.426476,-40.108689,0
2022-06-15,sh.600004,11.9700,12.1800,11.8200,11.9100,12.0000,18506160,222409697.9700,3,0.781900,1,-0.750000,-84.438272,1.546228,5.385778,-39.807874,0
2022-06-16,sh.600004,11.9100,12.1700,11.8800,12.0000,11.9100,13356681,160522869.3100,3,0.564400,1,0.755700,-85.076344,1.557912,5.426476,-40.108689,0
2022-06-17,sh.600004,11.9000,11.9900,11.6800,11.9700,12.0000,22131404,261687723.5000,3,0.935100,1,-0.250000,-84.863653,1.554017,5.412910,-40.008417,0
2022-06-20,sh.600004,12.0900,12.4400,11.9100,12.2200,11.9700,21926933,266526533.0600,3,0.926500,1,2.088600,-86.636077,1.586474,5.525962,-40.844015,0
2022-06-21,sh.600004,12.2500,12.5200,11.9600,12.0800,12.2200,23229062,284419795.8700,3,0.981500,1,-1.145700,-85.643520,1.568298,5.462653,-40.376080,0
2022-06-22,sh.600004,12.1200,12.2900,11.8900,11.9500,12.0800,17294430,208964431.1200,3,0.730700,1,-1.076200,-84.721859,1.551421,5.403866,-39.941569,0
2022-06-23,sh.600004,11.9500,12.0800,11.8400,11.9700,11.9500,13465215,160662483.1600,3,0.568900,1,0.167400,-84.863653,1.554017,5.412910,-40.008417,0
2022-06-24,sh.600004,11.9300,12.3600,11.8300,12.3000,11.9700,25014349,302560709.2700,3,1.056900,1,2.756900,-87.203253,1.596860,5.562138,-41.111406,0
2022-06-27,sh.600004,12.4900,13.5000,12.4800,13.3600,12.3000,64172982,851160299.1200,3,2.711500,1,8.617900,-94.718330,1.734475,6.041477,-44.654340,0
2022-06-28,sh.600004,13.5200,14.4200,13.2800,14.1600,13.3600,56214750,777107020.2200,3,2.375200,1,5.988000,-100.390086,1.838336,6.403242,-47.328253,0
2022-06-29,sh.600004,14.1500,14.7000,13.9700,14.1500,14.1600,48830567,697755166.2400,3,2.063200,1,-0.070600,-100.319189,1.837038,6.398720,-47.294829,0
2022-06-30,sh.600004,14.4800,15.1300,14.3800,14.9100,14.1500,50112367,743380847.0000,3,2.117400,1,5.371000,-105.707358,1.935706,6.742397,-49.835046,0
2022-07-01,sh.600004,14.7100,15.0900,14.1100,14.3100,14.9100,38659008,559387643.2400,3,1.633400,1,-4.024100,-101.453540,1.857810,6.471073,-47.829612,0
2022-07-04,sh.600004,14.1700,14.7100,14.1200,14.2900,14.3100,22707386,326446373.9400,3,0.959400,1,-0.139800,-101.311746,1.855213,6.462029,-47.762764,0
2022-07-05,sh.600004,14.2000,14.5000,13.9700,14.0500,14.2900,22727743,320899519.3500,3,0.960300,1,-1.679500,-99.610220,1.824055,6.353500,-46.960590,0
2022-07-06,sh.600004,13.9900,14.0400,13.5500,13.6600,14.0500,21913118,299878943.8800,3,0.925900,1,-2.775800,-96.845238,1.773423,6.177139,-45.657058,0
2022-07-07,sh.600004,13.5700,13.9300,13.4100,13.7800,13.6600,20021430,274001624.6800,3,0.846000,1,0.878500,-97.696002,1.789002,6.231404,-46.058145,0
2022-07-08,sh.600004,13.9700,14.4700,13.9200,13.9300,13.7800,19517991,276188095.1900,3,0.824700,1,1.088500,-98.759456,1.808476,6.299235,-46.559503,0
2022-07-11,sh.600004,13.6100,13.8700,13.5000,13.6700,13.9300,14681806,200396972.7400,3,0.620300,1,-1.866500,-96.916135,1.774721,6.181661,-45.690482,0
2022-07-12,sh.600004,13.6900,13.8500,13.5800,13.6700,13.6700,11992394,164658410.0600,3,0.506700,1,0.000000,-96.916135,1.774721,6.181661,-45.690482,0
2022-07-13,sh.600004,13.7400,14.2100,13.7000,14.1500,13.6700,16172005,226402314.4800,3,0.683300,1,3.511300,-100.319189,1.837038,6.398720,-47.294829,0
2022-07-14,sh.600004,13.9800,14.3400,13.6700,14.1600,14.1500,22043422,310413613.0000,3,0.931400,1,0.070700,-100.390086,1.838336,6.403242,-47.328253,0
2022-07-15,sh.600004,14.1600,14.3800,13.9100,13.9200,14.1600,14789706,208826310.6000,3,0.624900,1,-1.694900,-98.688559,1.807178,6.294713,-46.526079,0
2022-07-18,sh.600004,13.8600,14.0200,13.6500,13.9100,13.9200,14717312,204254927.9100,3,0.621800,1,-0.071800,-98.617662,1.805880,6.290191,-46.492655,0
2022-07-19,sh.600004,13.9400,14.1300,13.4300,13.5500,13.9100,22853993,311534119.3000,3,0.965600,1,-2.588100,-96.065372,1.759142,6.127396,-45.289395,0
2022-07-20,sh.600004,13.7200,13.8000,13.5500,13.6400,13.5500,11798866,161252593.4600,3,0.498500,1,0.664200,-96.703444,1.770827,6.168095,-45.590210,0
2022-07-21,sh.600004,13.6400,13.8300,13.5700,13.6000,13.6400,10690113,146608435.5800,3,0.451700,1,-0.293300,-96.419857,1.765634,6.150007,-45.456514,0
2022-07-22,sh.600004,13.6200,14.1800,13.6200,13.8700,13.6000,14400877,200813719.3600,3,0.608500,1,1.985300,-98.334074,1.800687,6.272102,-46.358960,0
2022-07-25,sh.600004,13.8300,13.9200,13.6100,13.7300,13.8700,9468994,129907251.6300,3,0.400100,1,-1.009400,-97.341517,1.782511,6.208794,-45.891025,0
2022-07-26,sh.600004,13.9000,14.1200,13.6600,13.8200,13.7300,13140473,181882761.2800,3,0.555200,1,0.655500,-97.979590,1.794195,6.249492,-46.191840,0
2022-07-27,sh.600004,13.8200,13.8300,13.5800,13.6500,13.8200,7676370,104951156.7100,3,0.324300,1,-1.230100,-96.774341,1.772125,6.172617,-45.623634,0
2022-07-28,sh.600004,13.6600,14.1100,13.6200,13.8400,13.6500,13348361,185568575.5500,3,0.564000,1,1.391900,-98.121384,1.796792,6.258536,-46.258688,0
2022-07-29,sh.600004,13.7000,13.7500,12.9000,12.9500,13.8400,34608291,454912084.9500,3,1.462300,1,-6.430600,-91.811555,1.681247,5.856073,-43.283960,0
2022-08-01,sh.600004,12.9500,13.5000,12.9500,13.3700,12.9500,18906667,251671320.7200,3,0.798900,1,3.243200,-94.789227,1.735774,6.045999,-44.687764,0
2022-08-02,sh.600004,13.2200,13.5100,13.0000,13.2900,13.3700,14295423,189730591.1400,3,0.604000,1,-0.598400,-94.222051,1.725387,6.009823,-44.420373,0
2022-08-03,sh.600004,13.2900,13.4400,12.9000,12.9100,13.2900,12721389,166844511.5100,3,0.537500,1,-2.859300,-91.527967,1.676054,5.837984,-43.150265,0
2022-08-04,sh.600004,12.9800,13.2800,12.9100,13.0900,12.9100,9521279,124690271.0000,3,0.402300,1,1.394300,-92.804112,1.699422,5.919381,-43.751895,0
2022-08-05,sh.600004,13.2000,13.3700,13.0100,13.3300,13.0900,8951645,118288804.0000,3,0.378200,1,1.833500,-94.505639,1.730581,6.027911,-44.554069,0
2022-08-08,sh.600004,13.1300,13.2400,12.9100,12.9400,13.3300,16143694,209541800.0000,3,0.682100,1,-2.925700,-91.740658,1.679948,5.851550,-43.250536,0
2022-08-09,sh.600004,12.9500,13.2200,12.7500,13.2000,12.9400,13973000,182399438.0000,3,0.590400,1,2.009300,-93.583979,1.713703,5.969124,-44.119558,0
2022-08-10,sh.600004,13.2500,13.2600,12.8000,12.9100,13.2000,12362032,160053376.0000,3,0.522300,1,-2.197000,-91.527967,1.676054,5.837984,-43.150265,0
2022-08-11,sh.600004,12.9000,13.0800,12.8700,13.0400,12.9100,7433401,96513657.0000,3,0.314100,1,1.007000,-92.449627,1.692931,5.896771,-43.584775,0
2022-08-12,sh.600004,13.0800,13.3100,12.9100,13.2100,13.0400,13957980,183491240.0000,3,0.589800,1,1.303700,-93.654875,1.715001,5.973646,-44.152982,0
2022-08-15,sh.600004,13.1200,13.2400,12.8600,13.0200,13.2100,14795071,192491160.9200,3,0.625100,1,-1.438300,-92.307833,1.690334,5.887727,-43.517928,0
2022-08-16,sh.600004,13.0600,13.4400,13.0200,13.2200,13.0200,14017768,185431680.1000,3,0.592300,1,1.536100,-93.725772,1.716300,5.978168,-44.186406,0
2022-08-17,sh.600004,13.2700,13.5300,13.1600,13.4700,13.2200,14493375,194397396.4000,3,0.612400,1,1.891100,-95.498196,1.748756,6.091220,-45.022003,0
2022-08-18,sh.600004,13.3600,13.4700,13.1100,13.1500,13.4700,12262271,161916113.6800,3,0.518100,1,-2.375600,-93.229494,1.707212,5.946514,-43.952438,0
2022-08-19,sh.600004,13.1800,13.2000,13.0100,13.0500,13.1500,7108194,92938723.9600,3,0.300300,1,-0.760500,-92.520524,1.694229,5.901293,-43.618199,0
2022-08-22,sh.600004,13.0900,13.2800,12.9000,13.0100,13.0500,16043495,209456212.2200,3,0.677900,1,-0.306500,-92.236936,1.689036,5.883205,-43.484504,0
2022-08-23,sh.600004,12.9300,13.2500,12.9100,13.0500,13.0100,13518355,176642771.6600,3,0.571200,1,0.307500,-92.520524,1.694229,5.901293,-43.618199,0
2022-08-24,sh.600004,13.1300,13.1800,12.9800,13.0300,13.0500,11570860,151282760.3500,3,0.488900,1,-0.153300,-92.378730,1.691633,5.892249,-43.551352,0
2022-08-25,sh.600004,13.0300,13.7300,13.0000,13.6300,13.0300,23201116,311147842.7700,3,0.980300,1,4.604800,-96.632548,1.769528,6.163573,-45.556786,0
2022-08-26,sh.600004,13.6700,14.0500,13.5800,13.6400,13.6300,17123718,236185153.3000,3,0.723500,1,0.073400,-96.703444,1.770827,6.168095,-45.590210,0
2022-08-29,sh.600004,13.4800,13.8000,13.4000,13.5500,13.6400,15242432,207048068.2200,3,0.644000,1,-0.659800,-96.065372,1.759142,6.127396,-45.289395,0
2022-08-30,sh.600004,13.5000,13.6800,13.4300,13.6300,13.5500,8957887,121679759.7800,3,0.378500,1,0.590400,-96.632548,1.769528,6.163573,-45.556786,0
2022-08-31,sh.600004,13.6300,13.8400,13.4300,13.5100,13.6300,12579709,170812461.4900,3,0.531500,1,-0.880400,-62.324164,1.797724,6.637769,353.189269,0
2022-09-01,sh.600004,13.5800,13.5800,12.9500,13.0100,13.5100,17298613,228021601.4500,3,0.730900,1,-3.701000,-60.017570,1.731191,6.392107,340.117868,0
2022-09-02,sh.600004,13.0900,13.1600,12.8700,13.1200,13.0100,10553894,137095779.5300,3,0.445900,1,0.845500,-60.525020,1.745828,6.446153,342.993576,0
2022-09-05,sh.600004,13.1000,13.2700,12.9500,13.0700,13.1200,11006521,143619777.2700,3,0.465100,1,-0.381100,-60.294361,1.739175,6.421587,341.686436,0
2022-09-06,sh.600004,12.9900,13.4400,12.9900,13.4300,13.0700,13009974,173092456.8900,3,0.549700,1,2.754400,-61.955109,1.787079,6.598463,351.097845,0
2022-09-07,sh.600004,13.3800,13.5400,13.3300,13.3600,13.4300,9153325,122648438.8400,3,0.386800,1,-0.521200,-61.632185,1.777764,6.564070,349.267849,0
2022-09-08,sh.600004,13.3800,13.9000,13.3700,13.7900,13.3600,19289172,265225336.8500,3,0.815000,1,3.218600,-63.615856,1.834983,6.775339,360.509254,0
2022-09-09,sh.600004,13.7700,13.9700,13.6100,13.8600,13.7900,12287633,169889282.7900,3,0.519200,1,0.507600,-63.938779,1.844297,6.809731,362.339250,0
2022-09-13,sh.600004,13.9100,14.1500,13.8000,14.0500,13.8600,11764850,164952109.6000,3,0.497100,1,1.370900,-64.815285,1.869580,6.903083,367.306383,0
2022-09-14,sh.600004,13.8100,14.0700,13.7500,13.8300,14.0500,10128530,140572915.9000,3,0.428000,1,-1.565800,-63.800384,1.840305,6.794992,361.554966,0
2022-09-15,sh.600004,13.9600,14.0100,13.6800,13.8600,13.8300,8869501,122594501.4100,3,0.374800,1,0.216900,-63.938779,1.844297,6.809731,362.339250,0
2022-09-16,sh.600004,13.8800,14.1000,13.7800,13.7800,13.8600,18860335,263748157.1900,3,0.796900,1,-0.577200,-63.569724,1.833652,6.770426,360.247826,0
2022-09-19,sh.600004,13.7600,14.3500,13.6700,14.1700,13.7800,18449963,261123144.6400,3,0.779600,1,2.830200,-65.368867,1.885548,6.962041,370.443519,0
2022-09-20,sh.600004,14.1900,14.3000,13.9500,14.2200,14.1700,15230287,214764723.7400,3,0.643500,1,0.352900,-65.599527,1.892201,6.986608,371.750659,0
2022-09-21,sh.600004,14.2600,14.2800,13.9400,14.1800,14.2200,8903401,126280943.2100,3,0.376200,1,-0.281300,-65.414999,1.886878,6.966955,370.704947,0
2022-09-22,sh.600004,14.1300,14.1600,13.7600,13.8800,14.1800,10011210,139069788.1000,3,0.423000,1,-2.115700,-64.031043,1.846959,6.819558,362.862106,0
2022-09-23,sh.600004,13.8800,14.1400,13.7200,13.7800,13.8800,9255185,128438367.4600,3,0.391100,1,-0.720500,-63.569724,1.833652,6.770426,360.247826,0
2022-09-26,sh.600004,13.7800,14.5000,13.7500,14.1100,13.7800,18003509,255940104.9600,3,0.760700,1,2.394800,-65.092076,1.877564,6.932562,368.874951,0
2022-09-27,sh.600004,14.0200,15.0800,14.0200,14.9900,14.1100,37664825,555579801.2900,3,1.591400,1,6.236700,-69.151681,1.994662,7.364926,391.880618,0
2022-09-28,sh.600004,14.9200,15.0800,14.7100,14.9200,14.9900,21099878,314818327.1600,3,0.891500,1,-0.467000,-68.828758,1.985347,7.330533,390.050622,0
2022-09-29,sh.600004,14.9300,14.9600,14.3500,14.5200,14.9200,17754975,259181057.9300,3,0.750200,1,-2.681000,-66.983483,1.932121,7.134004,379.593500,0
2022-09-30,sh.600004,14.5000,14.5400,14.0700,14.2600,14.5200,13763492,195658942.4200,3,0.581500,1,-1.790600,-65.784054,1.897524,7.006261,372.796372,0
2022-10-10,sh.600004,14.2100,14.5800,14.0600,14.1000,14.2600,13136049,188468979.9400,3,0.555000,1,-1.122000,-65.045944,1.876233,6.927649,368.613523,0
2022-10-11,sh.600004,14.1200,14.1500,13.6100,13.9500,14.1000,13445543,186054319.8900,3,0.568100,1,-1.063800,-64.353966,1.856273,6.853951,364.692103,0
2022-10-12,sh.600004,13.7500,13.9000,13.0000,13.5400,13.9500,23726359,317333049.3300,3,1.002500,1,-2.939100,-62.462559,1.801716,6.652508,353.973553,0
2022-10-13,sh.600004,13.3900,14.0700,13.2500,13.7200,13.5400,14796002,203290093.9500,3,0.625200,1,1.329400,-63.292933,1.825668,6.740946,358.679258,0
2022-10-14,sh.600004,13.7400,14.0500,13.6500,13.8200,13.7200,12862751,177985474.8800,3,0.543500,1,0.728900,-63.754252,1.838975,6.790079,361.293538,0
2022-10-17,sh.600004,13.8100,14.2000,13.6000,14.0200,13.8200,11355490,158328497.4600,3,0.479800,1,1.447200,-64.676889,1.865588,6.888343,366.522099,0
2022-10-18,sh.600004,14.3200,14.9100,13.7300,13.7400,14.0200,18158086,256850156.6800,3,0.767200,1,-1.997100,-63.385197,1.828329,6.750773,359.202114,0
2022-10-19,sh.600004,13.7200,14.0700,13.6500,13.6900,13.7400,11123884,153697403.3500,3,0.470000,1,-0.363900,-63.154537,1.821676,6.726207,357.894974,0
2022-10-20,sh.600004,13.5000,14.2400,13.3700,13.8000,13.6900,16681885,230433738.3400,3,0.704900,1,0.803500,-63.661988,1.836313,6.780252,360.770682,0
2022-10-21,sh.600004,13.6200,14.0400,13.6200,14.0100,13.8000,13096430,181958346.6000,3,0.553400,1,1.521700,-64.630757,1.864257,6.883430,366.260671,0
2022-10-24,sh.600004,13.8800,13.9000,13.1800,13.2700,14.0100,23805120,319553406.8100,3,1.005800,1,-5.281900,-61.216999,1.765788,6.519851,346.914996,0
2022-10-25,sh.600004,13.2000,13.8000,13.1200,13.6800,13.2700,15779195,214463974.7800,3,0.666700,1,3.089700,-63.108405,1.820345,6.721293,357.633546,0
2022-10-26,sh.600004,13.6400,14.3600,13.6400,14.1200,13.6800,22613287,319171647.3900,3,0.955500,1,3.216400,-65.138208,1.878894,6.937475,369.136379,0
2022-10-27,sh.600004,14.1000,14.4000,13.8900,14.1900,14.1200,14432920,205030728.7100,3,0.609800,1,0.495800,-65.461131,1.888209,6.971868,370.966375,0
2022-10-28,sh.600004,14.1900,14.6600,14.0200,14.2900,14.1900,23439770,337307954.3700,3,0.990400,1,0.704700,-65.922450,1.901516,7.021000,373.580656,0
2022-10-31,sh.600004,14.2000,14.3800,13.8000,13.9400,14.2900,27900844,391617189.2200,3,1.178900,1,-2.449300,-60.771584,1.867129,6.790363,78.320858,0
2022-11-01,sh.600004,13.8400,15.3300,13.6200,15.2200,13.9400,38714390,567256737.5500,3,1.635800,1,9.182200,-66.351759,2.038573,7.413869,85.512443,0
2022-11-02,sh.600004,15.0600,16.4500,14.8800,15.6500,15.2200,64014314,1003018477.2900,3,2.704800,1,2.825200,-68.226348,2.096167,7.623328,87.928366,0
2022-11-03,sh.600004,15.5500,15.9000,15.4500,15.8100,15.6500,24659593,388084088.4600,3,1.041900,1,1.022400,-68.923870,2.117598,7.701266,88.827314,0
2022-11-04,sh.600004,15.8100,16.6600,15.4700,15.6800,15.8100,43459961,691752229.5700,3,1.836300,1,-0.822300,-68.357134,2.100186,7.637941,88.096919,0
2022-11-07,sh.600004,15.2800,15.5500,15.1200,15.4700,15.6800,27216600,417533565.8100,3,1.150000,1,-1.339300,-67.441636,2.072058,7.535647,86.917049,0
2022-11-08,sh.600004,15.3300,15.8800,15.0600,15.1700,15.4700,20124787,308610035.6400,3,0.850300,1,-1.939200,-66.133783,2.031876,7.389513,85.231521,0
2022-11-09,sh.600004,15.1900,15.7700,15.0700,15.4400,15.1700,19073608,295388778.8500,3,0.805900,1,1.779800,-67.310851,2.068040,7.521034,86.748496,0
2022-11-10,sh.600004,15.2000,16.0700,15.1000,15.9600,15.4400,25080592,391863517.1700,3,1.059700,1,3.367900,-69.577797,2.137689,7.774333,89.670078,0
2022-11-11,sh.600004,16.2700,16.5600,14.9500,15.2600,15.9600,70818819,1101587176.2100,3,2.992300,1,-4.386000,-66.526139,2.043931,7.433353,85.737180,0
2022-11-14,sh.600004,15.0800,15.0900,14.0400,14.2000,15.2600,58006784,833457881.8200,3,2.450900,1,-6.946300,-61.905057,1.901954,6.917013,79.781648,0
2022-11-15,sh.600004,14.2700,14.7300,14.2500,14.5900,14.2000,30825295,448517327.3900,3,1.302400,1,2.746500,-63.605267,1.954191,7.106987,81.972834,0
2022-11-16,sh.600004,14.6800,15.1500,14.3300,14.3700,14.5900,28566953,418641082.0700,3,1.207000,1,-1.507900,-62.646174,1.924724,6.999822,80.736781,0
2022-11-17,sh.600004,14.3800,14.6000,14.2100,14.4100,14.3700,22989285,330886193.9500,3,0.971400,1,0.278400,-62.820555,1.930081,7.019307,80.961518,0
2022-11-18,sh.600004,14.4000,14.5000,13.9100,14.0000,14.4100,39215900,553535060.3100,3,1.657000,1,-2.845200,-61.033155,1.875166,6.819590,78.657963,0
2022-11-21,sh.600004,13.7800,13.9400,13.7100,13.7500,14.0000,17780447,245053320.8300,3,0.751300,1,-1.785700,-59.943277,1.841681,6.697812,77.253357,0
2022-11-22,sh.600004,13.7300,14.0000,13.4600,13.6300,13.7500,21758879,297116516.6400,3,0.919400,1,-0.872700,-59.420136,1.825608,6.639358,76.579146,0
2022-11-23,sh.600004,13.6200,13.6300,13.3400,13.5800,13.6300,17854934,240693308.4800,3,0.754400,1,-0.366800,-59.202160,1.818911,6.615003,76.298224,0
2022-11-24,sh.600004,13.5800,13.6800,13.2500,13.3400,13.5800,21625795,289360188.3400,3,0.913700,1,-1.767300,-58.155878,1.786765,6.498095,74.949802,0
2022-11-25,sh.600004,13.2200,13.4800,13.1600,13.4100,13.3400,15556835,207912195.9300,3,0.657300,1,0.524700,-58.461044,1.796141,6.532193,75.343092,0
2022-11-28,sh.600004,13.1900,13.9500,13.1800,13.8800,13.4100,29474628,403912650.7400,3,1.245400,1,3.504800,-60.510014,1.859093,6.761137,77.983752,0
2022-11-29,sh.600004,13.8500,14.6700,13.7500,14.5000,13.8800,48154566,689345599.1200,3,2.034700,1,4.466900,-63.212911,1.942136,7.063147,81.467176,0
2022-11-30,sh.600004,14.4300,14.5700,14.0100,14.5400,14.5000,28696402,410034349.4400,3,1.212500,1,0.275900,-63.387291,1.947494,7.082632,81.691913,0
2022-12-01,sh.600004,15.1000,15.1300,14.1900,14.4300,14.5400,54419872,789825712.7700,3,2.299400,1,-0.756500,-62.907745,1.932760,7.029049,81.073886,0
2022-12-02,sh.600004,14.2500,14.4900,14.1300,14.2200,14.4300,19872749,283039260.1500,3,0.839700,1,-1.455300,-61.992247,1.904633,6.926755,79.894017,0
2022-12-05,sh.600004,14.4700,15.3000,14.3100,14.9700,14.2200,47674142,709879511.5200,3,2.014400,1,5.274300,-65.261881,2.005088,7.292090,84.107836,0
2022-12-06,sh.600004,14.9100,15.5500,14.8100,15.3800,14.9700,37630401,576373437.4500,3,1.590000,1,2.738800,-67.049280,2.060004,7.491807,86.411391,0
2022-12-07,sh.600004,15.3900,15.8800,15.2500,15.4900,15.3800,40710787,631142339.0000,3,1.720100,1,0.715200,-67.528827,2.074737,7.545390,87.029418,0
2022-12-08,sh.600004,15.5300,15.7400,15.3000,15.4900,15.4900,26670968,413749304.4500,3,1.126900,1,0.000000,-67.528827,2.074737,7.545390,87.029418,0
2022-12-09,sh.600004,15.5700,15.6300,15.0200,15.3200,15.4900,20504809,312649886.5500,3,0.866400,1,-1.097500,-66.787710,2.051967,7.462580,86.074285,0
2022-12-12,sh.600004,15.4600,16.1000,15.2800,15.6900,15.3200,34056140,536636692.6600,3,1.439000,1,2.415100,-68.400729,2.101525,7.642812,88.153103,0
2022-12-13,sh.600004,15.7100,16.5100,15.5800,16.1200,15.6900,36430804,585505514.1900,3,1.539300,1,2.740600,-70.275319,2.159119,7.852271,90.569026,0
2022-12-14,sh.600004,16.0000,16.5800,15.9100,16.3500,16.1200,26486582,433955609.0900,3,1.119100,1,1.426800,-71.278006,2.189926,7.964307,91.861264,0
2022-12-15,sh.600004,16.5800,16.5800,15.8900,15.9500,16.3500,19898483,319749880.7600,3,0.840800,1,-2.446500,-69.534202,2.136350,7.769462,89.613894,0
2022-12-16,sh.600004,16.0100,16.3000,15.7400,16.1800,15.9500,17491251,281280972.3300,3,0.739100,1,1.442000,-70.536889,2.167156,7.881498,90.906132,0
2022-12-19,sh.600004,16.0800,16.3500,15.8600,16.1500,16.1800,16678765,268464932.9500,3,0.704700,1,-0.185400,-70.406104,2.163138,7.866884,90.737579,0
2022-12-20,sh.600004,16.2000,16.2100,15.3000,15.5400,16.1500,23671481,370053123.1000,3,1.000200,1,-3.777100,-67.746802,2.081434,7.569745,87.310339,0
2022-12-21,sh.600004,15.7200,15.8600,15.4300,15.5900,15.5400,14885400,232590137.0000,3,0.628900,1,0.321800,-67.964778,2.088131,7.594101,87.591260,0
2022-12-22,sh.600004,15.7400,15.9300,15.2800,15.4100,15.5900,20465600,318032971.0000,3,0.864700,1,-1.154600,-67.180066,2.064022,7.506420,86.579944,0
2022-12-23,sh.600004,15.2500,15.7000,15.2500,15.6000,15.4100,19906915,309649061.1700,3,0.841100,1,1.233000,-68.008373,2.089470,7.598972,87.647445,0
2022-12-26,sh.600004,15.5600,16.1600,15.5100,15.9000,15.6000,20254374,322676492.6800,3,0.855800,1,1.923100,-69.316226,2.129653,7.745106,89.332972,0
2022-12-27,sh.600004,16.3000,16.3300,15.4900,15.6000,15.9000,27624560,433107749.5000,3,1.167200,1,-1.886800,-68.008373,2.089470,7.598972,87.647445,0
2022-12-28,sh.600004,15.5800,15.7200,15.1000,15.2600,15.6000,22192831,340557227.2800,3,0.937700,1,-2.179500,-66.526139,2.043931,7.433353,85.737180,0
2022-12-29,sh.600004,15.1200,15.3000,14.8800,14.9700,15.2600,18294075,274830969.6900,3,0.773000,1,-1.900400,-65.261881,2.005088,7.292090,84.107836,0
2022-12-30,sh.600004,14.9900,15.1400,14.8200,15.0100,14.9700,15328324,229638363.4400,3,0.647700,1,0.267200,-65.436261,2.010446,7.311575,84.332573,0
2023-01-03,sh.600004,14.9900,15.0000,14.3100,14.5600,15.0100,30688983,445475572.4100,3,1.296700,1,-2.998000,-63.474481,1.950172,7.092374,81.804282,0
2023-01-04,sh.600004,14.4600,14.7200,14.3900,14.6200,14.5600,19397700,282750135.0000,3,0.819600,1,0.412100,-63.736052,1.958209,7.121601,82.141387,0
2023-01-05,sh.600004,14.6500,15.0500,14.5400,15.0100,14.6200,27971136,416376624.1000,3,1.181900,1,2.667600,-65.436261,2.010446,7.311575,84.332573,0
2023-01-06,sh.600004,14.9300,14.9700,14.5100,14.5900,15.0100,27380571,401100584.5800,3,1.156900,1,-2.798100,-63.605267,1.954191,7.106987,81.972834,0
2023-01-09,sh.600004,14.6900,15.2600,14.6100,15.2500,14.5900,38987277,583921737.3200,3,1.647300,1,4.523600,-66.482544,2.042591,7.428482,85.680996,0
2023-01-10,sh.600004,15.2800,15.3000,14.9400,15.1700,15.2500,20243351,304648637.9500,3,0.855300,1,-0.524600,-66.133783,2.031876,7.389513,85.231521,0
2023-01-11,sh.600004,15.1400,15.1400,14.7000,14.8500,15.1700,28031108,415193317.0900,3,1.184400,1,-2.109400,-64.738739,1.989015,7.233637,83.433625,0
2023-01-12,sh.600004,14.8600,15.0800,14.8000,14.8400,14.8500,18514244,276285592.4600,3,0.782300,1,-0.067300,-64.695144,1.987676,7.228766,83.377441,0
2023-01-13,sh.600004,14.9600,15.0800,14.8500,15.0200,14.8400,24102068,360673078.9400,3,1.018400,1,1.212900,-65.479856,2.011785,7.316446,84.388758,0
2023-01-16,sh.600004,15.2800,15.6300,14.9100,14.9900,15.0200,40351088,612254889.7400,3,1.704900,1,-0.199700,-65.349071,2.007767,7.301833,84.220205,0
2023-01-17,sh.600004,14.9700,14.9700,14.5300,14.8000,14.9900,27929004,409811213.9600,3,1.180100,1,-1.267500,-64.520764,1.982318,7.209281,83.152704,0
2023-01-18,sh.600004,14.7800,14.9000,14.5600,14.5800,14.8000,19543968,286298633.5800,3,0.825800,1,-1.486500,-63.561671,1.952851,7.102116,81.916650,0
2023-01-19,sh.600004,14.5100,14.6200,14.2400,14.3800,14.5800,27828423,399774145.6100,3,1.175800,1,-1.371700,-62.689769,1.926063,7.004693,80.792965,0
2023-01-20,sh.600004,14.3400,14.5000,14.2000,14.4300,14.3800,23469181,337522173.6100,3,0.991600,1,0.347700,-62.907745,1.932760,7.029049,81.073886,0
2023-01-30,sh.600004,14.6300,14.7100,14.0900,14.1400,14.4300,37409132,534567135.5400,3,1.580600,1,-2.009700,-61.643487,1.893917,6.887786,79.444543,0
2023-01-31,sh.600004,14.1000,14.2500,13.8600,13.9700,14.1400,28650706,400998012.3200,3,1.210600,1,-1.202300,-60.902370,1.871148,6.804977,78.489410,0
2023-02-01,sh.600004,14.0400,14.0500,13.7600,13.9600,13.9700,35925910,498097136.9700,3,1.518000,1,-0.071600,-60.858775,1.869808,6.800106,78.433226,0
2023-02-02,sh.600004,13.9900,14.2900,13.9700,14.2400,13.9600,36394603,516106832.6200,3,1.537800,1,2.005700,-62.079438,1.907312,6.936498,80.006385,0
2023-02-03,sh.600004,14.1500,14.2600,14.0000,14.2400,14.2400,19055385,269605714.7400,3,0.805100,1,0.000000,-62.079438,1.907312,6.936498,80.006385,0
2023-02-06,sh.600004,14.2100,14.5600,14.0400,14.2700,14.2400,34205325,490314049.6000,3,1.445300,1,0.210700,-62.210223,1.911330,6.951111,80.174938,0
2023-02-07,sh.600004,14.3000,14.3600,14.1800,14.2800,14.2700,17270041,246097240.8800,3,0.729700,1,0.070100,-62.253818,1.912669,6.955982,80.231122,0
2023-02-08,sh.600004,14.3000,14.4100,14.1600,14.2100,14.2800,18032703,257331018.3100,3,0.761900,1,-0.490200,-61.948652,1.903293,6.921884,79.837833,0
2023-02-09,sh.600004,14.1700,14.3300,14.1200,14.1900,14.2100,21531594,305801833.9300,3,0.909800,1,-0.140700,-61.861462,1.900614,6.912142,79.725464,0
2023-02-10,sh.600004,14.1900,14.2800,14.1100,14.2400,14.1900,18003594,255325967.0700,3,0.760700,1,0.352400,-62.079438,1.907312,6.936498,80.006385,0
2023-02-13,sh.600004,14.2100,14.7100,14.1400,14.6800,14.2400,49792122,726032496.4700,3,2.103800,1,3.089900,-63.997623,1.966245,7.150828,82.478493,0
2023-02-14,sh.600004,14.7100,14.7800,14.5500,14.7000,14.6800,25525150,374475225.2500,3,1.078500,1,0.136200,-64.084813,1.968924,7.160570,82.590861,0
2023-02-15,sh.600004,14.7300,14.7400,14.5500,14.6700,14.7000,15445640,226068895.6700,3,0.652600,1,-0.204100,-63.954027,1.964906,7.145956,82.422309,0
2023-02-16,sh.600004,14.6600,15.1900,14.5000,14.6200,14.6700,39816435,593824590.6300,3,1.682300,1,-0.340800,-63.736052,1.958209,7.121601,82.141387,0
2023-02-17,sh.600004,14.6400,15.1500,14.6200,14.6700,14.6200,30949769,460490510.7100,3,1.307700,1,0.342000,-63.954027,1.964906,7.145956,82.422309,0
2023-02-20,sh.600004,14.7700,14.8500,14.5000,14.7600,14.6700,20860497,307409719.1800,3,0.881400,1,0.613500,-64.346383,1.976961,7.189797,82.927967,0
2023-02-21,sh.600004,14.7100,14.7200,14.4300,14.5100,14.7600,23781878,345950919.8100,3,1.004800,1,-1.693800,-63.256506,1.943475,7.068018,81.523360,0
2023-02-22,sh.600004,14.5100,14.5100,14.2700,14.3600,14.5100,18455002,264982792.4700,3,0.779800,1,-1.033800,-62.602579,1.923384,6.994951,80.680596,0
2023-02-23,sh.600004,14.4100,14.4200,14.1500,14.2200,14.3600,14037200,200106049.3000,3,0.593100,1,-0.974900,-61.992247,1.904633,6.926755,79.894017,0
2023-02-24,sh.600004,14.2400,14.2800,14.1300,14.1600,14.2200,11162200,158216084.0000,3,0.471600,1,-0.421900,-61.730677,1.896596,6.897528,79.556911,0
2023-02-27,sh.600004,14.1200,14.3000,13.9100,14.3000,14.1600,20083968,284003995.1800,3,0.848600,1,0.988700,-62.341008,1.915348,6.965724,80.343491,0
2023-02-28,sh.600004,14.2500,14.3300,14.1600,14.2700,14.3000,11518683,163913166.3400,3,0.486700,1,-0.209800,-62.210223,1.911330,6.951111,80.174938,0
2023-03-01,sh.600004,14.2500,14.4300,14.2000,14.3100,14.2700,14724168,211056760.5000,3,0.622100,1,0.280300,-62.384603,1.916687,6.970595,80.399675,0
2023-03-02,sh.600004,14.3600,14.5200,14.2500,14.4600,14.3100,20531066,296460915.8300,3,0.867500,1,1.048200,-63.038530,1.936778,7.043663,81.242439,0
2023-03-03,sh.600004,14.5100,15.2500,14.4900,15.0000,14.4600,53701947,800000430.8500,3,2.269000,1,3.734400,-65.392666,2.009106,7.306704,84.276389,0
2023-03-06,sh.600004,15.1800,15.9400,15.1800,15.7400,15.0000,75754546,1188557341.4800,3,3.200800,1,4.933300,-68.618704,2.108222,7.667168,88.434024,0
2023-03-07,sh.600004,15.7700,15.8900,15.3100,15.4100,15.7400,35428397,554127053.3900,3,1.496900,1,-2.096600,-67.180066,2.064022,7.506420,86.579944,0
2023-03-08,sh.600004,15.2300,15.7700,15.1900,15.6600,15.4100,27142994,423003208.5100,3,1.146900,1,1.622300,-68.269943,2.097507,7.628199,87.984550,0
2023-03-09,sh.600004,15.6200,16.0000,15.5200,15.6200,15.6600,21448559,336511357.7200,3,0.906300,1,-0.255400,-68.095563,2.092149,7.608714,87.759813,0
2023-03-10,sh.600004,15.7100,15.8200,15.2800,15.3100,15.6200,16321771,252396262.5500,3,0.689600,1,-1.984600,-66.744115,2.050628,7.457709,86.018101,0
2023-03-13,sh.600004,15.3000,15.8800,15.2700,15.7900,15.3100,21356832,334397595.0100,3,0.902400,1,3.135200,-68.836680,2.114919,7.691524,88.714946,0
2023-03-14,sh.600004,15.7500,16.1600,15.6600,15.7300,15.7900,21919226,348541221.5900,3,0.926100,1,-0.380000,-68.575109,2.106883,7.662297,88.377840,0
2023-03-15,sh.600004,15.8400,15.8700,15.5200,15.7500,15.7300,16706751,262149755.9100,3,0.705900,1,0.127100,-68.662299,2.109562,7.672039,88.490209,0
2023-03-16,sh.600004,15.6100,15.7200,15.2800,15.4100,15.7500,19151247,295125180.4700,3,0.809200,1,-2.158700,-67.180066,2.064022,7.506420,86.579944,0
2023-03-17,sh.600004,15.4200,15.5600,15.1200,15.2300,15.4100,17214645,262716179.7000,3,0.727400,1,-1.168100,-66.395354,2.039913,7.418740,85.568627,0
2023-03-20,sh.600004,15.2500,15.3000,14.8600,14.9100,15.2300,16861091,253173388.0900,3,0.712400,1,-2.101100,-65.000310,1.997052,7.262864,83.770731,0
2023-03-21,sh.600004,14.9600,15.5700,14.8700,15.5000,14.9100,21325346,327026357.8900,3,0.901100,1,3.957100,-67.572422,2.076076,7.550261,87.085602,0
2023-03-22,sh.600004,15.4300,15.5800,15.2000,15.3000,15.5000,13885553,213271791.7300,3,0.586700,1,-1.290300,-66.700519,2.049288,7.452838,85.961917,0
2023-03-23,sh.600004,15.1800,15.3800,14.9100,15.0600,15.3000,17349335,260484451.2100,3,0.733100,1,-1.568600,-65.654237,2.017143,7.335931,84.613495,0
2023-03-24,sh.600004,15.0700,15.0700,14.6100,14.6900,15.0600,20043667,296610784.4600,3,0.846900,1,-2.456800,-64.041218,1.967585,7.155699,82.534677,0
2023-03-27,sh.600004,14.6800,14.9600,14.5500,14.8600,14.6900,19376920,286312876.2000,3,0.818700,1,1.157200,-64.782335,1.990355,7.238508,83.489809,0
2023-03-28,sh.600004,14.7600,15.0300,14.7500,14.8400,14.8600,12354770,183989181.1000,3,0.522000,1,-0.134600,-64.695144,1.987676,7.228766,83.377441,0
2023-03-29,sh.600004,14.8500,15.3600,14.8500,15.1100,14.8400,20791000,315600567.9000,3,0.878500,1,1.819400,-65.872212,2.023840,7.360286,84.894416,0
2023-03-30,sh.600004,15.1100,15.5600,15.0900,15.5000,15.1100,22833855,351045807.9000,3,0.964800,1,2.581100,-67.572422,2.076076,7.550261,87.085602,0
2023-03-31,sh.600004,15.5200,15.7800,15.4500,15.6300,15.5000,17746615,276750741.1600,3,0.749800,1,0.838700,-68.139158,2.093489,7.613585,87.815997,0
2023-04-03,sh.600004,15.6100,16.1100,15.5800,16.0400,15.6300,26548369,422271444.1200,3,1.121700,1,2.623200,-69.926558,2.148404,7.813302,90.119552,0
2023-04-04,sh.600004,15.9000,16.7000,15.8900,16.5900,16.0400,41839956,687640121.3100,3,1.767800,1,3.428900,-72.324289,2.222071,8.081214,93.209686,0
2023-04-06,sh.600004,16.5800,17.0200,16.4000,16.7000,16.5900,23154660,388890943.7400,3,0.978300,1,0.663100,-72.803835,2.236805,8.134797,93.827713,0
2023-04-07,sh.600004,16.7500,16.9000,16.4000,16.4600,16.7000,20348522,338260635.8600,3,0.859800,1,-1.437100,-36.366706,2.204659,9.810269,92.479291,0
2023-04-10,sh.600004,16.5000,16.5000,15.9800,16.1000,16.4600,18614850,300496100.3100,3,0.786500,1,-2.187100,-35.571322,2.156441,9.595706,90.456658,0
2023-04-11,sh.600004,16.1500,16.3500,16.0200,16.2000,16.1000,16728789,270470478.9900,3,0.706800,1,0.621100,-35.792262,2.169835,9.655307,91.018500,0
2023-04-12,sh.600004,16.2100,16.2700,15.9200,16.2200,16.2000,16880666,271961849.1900,3,0.713300,1,0.123500,-35.836450,2.172514,9.667227,91.130869,0
2023-04-13,sh.600004,16.1800,16.1800,15.8100,16.0400,16.2200,13525955,215691326.9500,3,0.571500,1,-1.109700,-35.438758,2.148404,9.559946,90.119552,0
2023-04-14,sh.600004,16.0700,16.0900,15.7000,15.7600,16.0400,14064823,222459931.0400,3,0.594300,1,-1.745600,-34.820127,2.110901,9.393064,88.546393,0
2023-04-17,sh.600004,15.8200,16.2600,15.7500,16.1000,15.7600,17368098,279534576.0400,3,0.733800,1,2.157400,-35.571322,2.156441,9.595706,90.456658,0
2023-04-18,sh.600004,16.1900,16.1900,15.8100,15.8500,16.1000,12092835,192306762.4000,3,0.511000,1,-1.552800,-35.018972,2.122956,9.446705,89.052051,0
2023-04-19,sh.600004,16.0900,16.1200,15.8100,15.9800,15.8500,15247691,242990333.4800,3,0.644300,1,0.820200,-40.073226,2.194599,9.244016,42.302221,0
2023-04-20,sh.600004,15.9500,16.0300,15.5400,15.6100,15.9800,16804185,263588930.8900,3,0.710000,1,-2.315400,-39.145373,2.143785,9.029980,41.322758,0
2023-04-21,sh.600004,15.6500,15.7800,15.2500,15.3200,15.6100,15004090,231961454.9900,3,0.634000,1,-1.857800,-38.418137,2.103958,8.862223,40.555071,0
2023-04-24,sh.600004,15.3500,15.3500,14.8500,14.9400,15.3200,24381340,366495909.9300,3,1.030200,1,-2.480400,-37.465207,2.051771,8.642403,39.549136,0
2023-04-25,sh.600004,15.0500,15.2000,14.5100,14.8800,14.9400,18687620,277020503.4700,3,0.789600,1,-0.401600,-37.314744,2.043531,8.607694,39.390304,0
2023-04-26,sh.600004,14.9800,15.4900,14.8800,15.3600,14.8800,27117450,413470266.2500,3,1.145800,1,3.225800,-38.518445,2.109452,8.885362,40.660959,0
2023-04-27,sh.600004,15.3700,15.7900,15.2600,15.6400,15.3600,19046195,295844009.5500,3,0.804800,1,1.822900,-39.220605,2.147905,9.047334,41.402174,0
2023-04-28,sh.600004,15.7600,15.7600,15.4000,15.6800,15.6400,12704986,198056424.8900,3,0.536800,1,0.255800,-39.320913,2.153398,9.070473,41.508062,0
2023-05-04,sh.600004,15.6900,15.6900,15.1700,15.2600,15.6800,17571350,268744769.2800,3,0.742400,1,-2.678600,-38.267674,2.095718,8.827514,40.396239,0
2023-05-05,sh.600004,15.2500,15.3600,15.0900,15.1800,15.2600,11977040,182167031.5900,3,0.506100,1,-0.524200,-38.067057,2.084731,8.781236,40.184463,0
2023-05-08,sh.600004,15.2800,15.3400,14.8000,14.8900,15.1800,19303629,288577558.0000,3,0.815600,1,-1.910400,-37.339821,2.044905,8.613479,39.416776,0
2023-05-09,sh.600004,14.8100,15.0500,14.5800,14.6900,14.8900,21809452,322800623.5600,3,0.921500,1,-1.343200,-36.838279,2.017438,8.497784,38.887336,0
2023-05-10,sh.600004,14.6100,14.7100,14.2700,14.5700,14.6900,17954365,259392008.5800,3,0.758600,1,-0.816900,-36.537353,2.000958,8.428367,38.569672,0
2023-05-11,sh.600004,14.5800,14.7300,14.2900,14.3500,14.5700,15671545,226558196.0900,3,0.662200,1,-1.510000,-35.985657,1.970744,8.301103,37.987289,0
2023-05-12,sh.600004,14.4000,14.4300,14.1000,14.3100,14.3500,13502830,192500163.9800,3,0.570500,1,-0.278700,-35.885349,1.965251,8.277964,37.881401,0
2023-05-15,sh.600004,14.3100,14.8400,14.0700,14.7700,14.3100,23181876,335437123.4500,3,0.979500,1,3.214500,-37.038896,2.028424,8.544062,39.099112,0
2023-05-16,sh.600004,14.7600,14.7800,14.4100,14.4500,14.7700,13508205,196691977.2300,3,0.570800,1,-2.166600,-36.236428,1.984478,8.358950,38.252009,0
2023-05-17,sh.600004,14.4200,14.4300,14.0200,14.1700,14.4500,18156322,257512476.3900,3,0.767200,1,-1.937700,-35.534269,1.946024,8.196978,37.510793,0
2023-05-18,sh.600004,14.1800,14.3400,14.0800,14.1800,14.1700,9978718,141596792.4800,3,0.421600,1,0.070600,-35.559346,1.947397,8.202762,37.537265,0
2023-05-19,sh.600004,14.1600,14.2400,14.0000,14.1800,14.1800,7083138,99867453.0900,3,0.299300,1,0.000000,-35.559346,1.947397,8.202762,37.537265,0
2023-05-22,sh.600004,14.1700,14.6700,14.0600,14.6400,14.1800,24883362,359972223.4600,3,1.051400,1,3.244000,-36.712893,2.010571,8.468860,38.754976,0
2023-05-23,sh.600004,14.5100,14.5500,14.2500,14.2700,14.6400,10129396,145523669.5300,3,0.428000,1,-2.527300,-35.785040,1.959757,8.254825,37.775513,0
2023-05-24,sh.600004,14.1800,14.2600,13.5300,13.5300,14.2700,33128517,455514008.2100,3,1.399800,1,-5.185700,-33.929334,1.858130,7.826754,35.816587,0
2023-05-25,sh.600004,13.5000,13.6300,13.1000,13.5800,13.5300,20041267,268388143.9800,3,0.846800,1,0.369500,-34.054719,1.864997,7.855678,35.948946,0
2023-05-26,sh.600004,13.6000,13.8000,13.4800,13.7500,13.5800,11509723,157398741.4100,3,0.486300,1,1.251800,-34.481030,1.888344,7.954018,36.398970,0
2023-05-29,sh.600004,13.8100,14.1600,13.7600,14.0600,13.7500,17882344,250932160.6600,3,0.755600,1,2.254500,-35.258421,1.930917,8.133345,37.219601,0
2023-05-30,sh.600004,14.0800,14.1200,13.8600,14.0700,14.0600,13791194,192829154.3600,3,0.582700,1,0.071100,-35.283498,1.932291,8.139130,37.246073,0
2023-05-31,sh.600004,14.0600,14.3600,13.9500,14.2000,14.0700,20414608,289479106.5800,3,0.862600,1,0.924000,-35.609500,1.950144,8.214332,37.590209,0
2023-06-01,sh.600004,14.1200,14.1200,13.6400,13.7700,14.2000,18297593,253010077.6000,3,0.773100,1,-3.028200,-34.531184,1.891090,7.965588,36.451914,0
2023-06-02,sh.600004,13.8000,13.9000,13.7000,13.8200,13.7700,7914569,109481395.8000,3,0.334400,1,0.363100,-34.656570,1.897957,7.994512,36.584274,0
2023-06-05,sh.600004,13.8200,13.9800,13.7900,13.9000,13.8200,6954730,96575413.9500,3,0.293900,1,0.578900,-34.857187,1.908944,8.040790,36.796050,0
2023-06-06,sh.600004,13.8500,14.0500,13.7600,13.8600,13.9000,8836692,122475686.4400,3,0.373400,1,-0.287800,-34.756878,1.903450,8.017651,36.690162,0
2023-06-07,sh.600004,13.8200,14.2900,13.8100,14.2400,13.8600,18311017,258152926.8700,3,0.773700,1,2.741700,-35.709809,1.955637,8.237471,37.696097,0
2023-06-08,sh.600004,14.1800,14.4100,14.0500,14.1900,14.2400,11635982,165216633.8300,3,0.491700,1,-0.351100,-35.584423,1.948771,8.208547,37.563737,0
2023-06-09,sh.600004,14.2200,14.2400,13.9300,14.0000,14.1900,10448836,146528662.3800,3,0.441500,1,-1.339000,-35.107958,1.922677,8.098637,37.060770,0
2023-06-12,sh.600004,13.9600,14.1200,13.8300,13.9800,14.0000,6883953,96240839.8500,3,0.290900,1,-0.142900,-35.057804,1.919931,8.087068,37.007826,0
2023-06-13,sh.600004,13.9000,14.2200,13.8800,14.0800,13.9800,12708421,178518974.6100,3,0.537000,1,0.715300,-35.308575,1.933664,8.144915,37.272545,0
2023-06-14,sh.600004,14.0800,14.2200,13.9600,13.9800,14.0800,10215113,143671119.1300,3,0.431600,1,-0.710200,-35.057804,1.919931,8.087068,37.007826,0
2023-06-15,sh.600004,13.9500,14.0600,13.8400,14.0300,13.9800,11842308,165275033.5700,3,0.500400,1,0.357700,-35.183189,1.926797,8.115991,37.140186,0
2023-06-16,sh.600004,14.0400,14.3200,14.0400,14.2400,14.0300,13720729,194966626.5600,3,0.579700,1,1.496800,-35.709809,1.955637,8.237471,37.696097,0
2023-06-19,sh.600004,14.3100,14.7200,14.2600,14.5400,14.2400,23749516,346222136.7900,3,1.003500,1,2.106700,-36.462122,1.996838,8.411013,38.490256,0
2023-06-20,sh.600004,14.6400,14.6700,14.4000,14.4500,14.5400,9881374,143174389.3600,3,0.417500,1,-0.619000,-36.236428,1.984478,8.358950,38.252009,0
2023-06-21,sh.600004,14.3700,15.0800,14.3500,14.8800,14.4500,34209296,509001810.8400,3,1.445400,1,2.975800,-37.314744,2.043531,8.607694,39.390304,0
2023-06-26,sh.600004,14.7200,14.7200,14.3400,14.5100,14.8800,22890958,331579488.1500,3,0.967200,1,-2.486600,-36.386891,1.992718,8.393659,38.410840,0
2023-06-27,sh.600004,14.4000,14.9300,14.3900,14.9000,14.5100,16312854,241484638.1500,3,0.689300,1,2.687800,-37.364898,2.046278,8.619264,39.443248,0
2023-06-28,sh.600004,14.9000,14.9800,14.6400,14.8000,14.9000,10743367,158864102.8400,3,0.453900,1,-0.671100,-37.114127,2.032544,8.561416,39.178528,0
2023-06-29,sh.600004,14.7300,14.8000,14.5300,14.6000,14.8000,9667367,141665163.1800,3,0.408500,1,-1.351400,-36.612585,2.005078,8.445721,38.649088,0
2023-06-30,sh.600004,14.5200,14.5900,14.3100,14.3400,14.6000,13278850,191284105.5700,3,0.561100,1,-1.780800,-35.960580,1.969371,8.295318,37.960817,0
2023-07-03,sh.600004,14.3400,15.1400,14.3100,15.0800,14.3400,30566803,455021327.3100,3,1.291500,1,5.160400,-37.816286,2.070998,8.723389,39.919743,0
2023-07-04,sh.600004,15.0000,15.3000,14.9300,15.1800,15.0800,13379249,202695843.9000,3,0.565300,1,0.663100,-38.067057,2.084731,8.781236,40.184463,0
2023-07-05,sh.600004,15.1200,15.3000,15.0400,15.1200,15.1800,7976817,120928529.2400,3,0.337000,1,-0.395300,-37.916595,2.076491,8.746528,40.025631,0
2023-07-06,sh.600004,15.1200,15.3000,14.8800,14.9500,15.1200,9796650,147274691.7300,3,0.413900,1,-1.124300,-37.490284,2.053145,8.648187,39.575608,0
2023-07-07,sh.600004,14.9000,15.0800,14.8200,14.9900,14.9500,9301298,138798436.2400,3,0.393000,1,0.267600,-37.590592,2.058638,8.671326,39.681495,0
2023-07-10,sh.600004,15.0400,15.1300,14.7900,14.8700,14.9900,6942914,103415772.3400,3,0.293400,1,-0.800500,-37.289667,2.042158,8.601909,39.363832,0
2023-07-11,sh.600004,14.8600,14.8600,14.4000,14.4600,14.8700,21996623,319554405.9000,3,0.929400,1,-2.757200,-36.261505,1.985851,8.364735,38.278481,0
2023-07-12,sh.600004,14.5000,14.5500,14.0100,14.0700,14.4600,29605039,418821867.1600,3,1.250900,1,-2.697100,-35.283498,1.932291,8.139130,37.246073,0
2023-07-13,sh.600004,14.2400,14.2700,14.0800,14.1600,14.0700,14354808,203122800.6300,3,0.606500,1,0.639700,-35.509192,1.944651,8.191193,37.484321,0
2023-07-14,sh.600004,14.3100,14.3700,13.8000,13.8500,14.1600,27761491,386561063.9000,3,1.173000,1,-2.189300,-34.731801,1.902077,8.011866,36.663690,0
2023-07-17,sh.600004,13.9000,13.9300,13.7000,13.8200,13.8500,14896505,205713158.7000,3,0.629400,1,-0.216600,-34.656570,1.897957,7.994512,36.584274,0
2023-07-18,sh.600004,13.9000,14.1400,13.7700,14.1000,13.8200,19875334,278801640.4400,3,0.839800,1,2.026000,-35.358729,1.936411,8.156484,37.325489,0
2023-07-19,sh.600004,14.1000,14.1000,13.7700,13.8400,14.1000,18314124,253970865.5700,3,0.773800,1,-1.844000,-34.706724,1.900704,8.006081,36.637218,0
2023-07-20,sh.600004,13.8500,13.9300,13.7600,13.7800,13.8400,10286508,142198687.8200,3,0.434600,1,-0.433500,-34.556262,1.892464,7.971373,36.478386,0
2023-07-21,sh.600004,13.8000,13.9000,13.7100,13.7600,13.7800,12381366,170641765.4600,3,0.523100,1,-0.145100,-34.506107,1.889717,7.959803,36.425442,0
2023-07-24,sh.600004,13.7700,13.8100,13.5800,13.6300,13.7600,11652013,159342518.1100,3,0.492300,1,-0.944800,-34.180105,1.871864,7.884602,36.081306,0
2023-07-25,sh.600004,13.8000,14.0800,13.7800,14.0200,13.6300,23994561,334383401.9900,3,1.013800,1,2.861300,-35.158112,1.925424,8.110206,37.113714,0
2023-07-26,sh.600004,14.0000,14.1200,13.8200,13.8700,14.0200,10092271,140520106.2800,3,0.426400,1,-1.069900,-34.781956,1.904824,8.023435,36.716634,0
2023-07-27,sh.600004,13.8300,13.9900,13.8000,13.9000,13.8700,12236010,170097126.0600,3,0.517000,1,0.216300,-34.857187,1.908944,8.040790,36.796050,0
2023-07-28,sh.600004,13.8400,14.0900,13.6900,14.0700,13.9000,16502905,229967590.9200,3,0.697300,1,1.223000,-35.283498,1.932291,8.139130,37.246073,0
2023-07-31,sh.600004,14.3000,14.6600,14.2600,14.3800,14.0700,33112227,479041930.1300,3,1.399100,1,2.203300,-36.060888,1.974864,8.318457,38.066705,0
2023-08-01,sh.600004,14.4600,14.7500,14.3800,14.4700,14.3800,21192682,307694698.1300,3,0.895400,1,0.625900,-36.286582,1.987224,8.370520,38.304953,0
2023-08-02,sh.600004,14.4000,14.4900,14.0900,14.1100,14.4700,17139905,243693526.4500,3,0.724200,1,-2.487900,-35.383806,1.937784,8.162269,37.351961,0
2023-08-03,sh.600004,14.0800,14.1600,13.9300,14.0900,14.1100,13542116,189881205.2600,3,0.572200,1,-0.141700,-35.333652,1.935037,8.150700,37.299017,0
2023-08-04,sh.600004,14.1000,14.2600,14.0400,14.0600,14.0900,14591804,206000902.2900,3,0.616500,1,-0.212900,-35.258421,1.930917,8.133345,37.219601,0
2023-08-07,sh.600004,14.0200,14.0300,13.8500,13.9200,14.0600,10706408,148908257.1800,3,0.452400,1,-0.995700,-34.907341,1.911690,8.052359,36.848994,0
2023-08-08,sh.600004,13.8600,14.0300,13.8400,13.9300,13.9200,7950458,110904065.3100,3,0.335900,1,0.071800,-34.932418,1.913064,8.058144,36.875466,0
2023-08-09,sh.600004,13.8700,13.9700,13.8400,13.8700,13.9300,8452707,117420363.8800,3,0.357100,1,-0.430700,-34.781956,1.904824,8.023435,36.716634,0
2023-08-10,sh.600004,13.8500,14.4400,13.8500,14.3900,13.8700,35895684,510422683.3900,3,1.516700,1,3.749100,-36.085965,1.976238,8.324242,38.093177,0
2023-08-11,sh.600004,14.3900,14.7300,14.2900,14.3100,14.3900,33132676,481804429.5500,3,1.399900,1,-0.555900,-35.885349,1.965251,8.277964,37.881401,0
2023-08-14,sh.600004,14.2900,14.4000,14.0500,14.2400,14.3100,15483605,220016074.7300,3,0.654200,1,-0.489200,-35.709809,1.955637,8.237471,37.696097,0
2023-08-15,sh.600004,14.2700,14.3800,13.8500,13.9400,14.2400,16360787,229208334.8500,3,0.691300,1,-2.106700,-34.957495,1.914437,8.063929,36.901938,0
2023-08-16,sh.600004,13.9400,14.1200,13.8600,14.0200,13.9400,12646805,177088640.6400,3,0.534400,1,0.573900,-35.158112,1.925424,8.110206,37.113714,0
2023-08-17,sh.600004,13.9400,14.0000,13.7600,13.9800,14.0200,11108247,154080869.6600,3,0.469400,1,-0.285300,-35.057804,1.919931,8.087068,37.007826,0
2023-08-18,sh.600004,13.9500,13.9900,13.6800,13.7000,13.9800,13714359,189390332.1300,3,0.579500,1,-2.002900,-34.355645,1.881477,7.925095,36.266610,0
2023-08-21,sh.600004,13.7000,13.7000,12.3300,12.4800,13.7000,104709974,1312325830.7400,3,4.424300,1,-8.905100,-31.296237,1.713929,7.219356,33.037029,0
2023-08-22,sh.600004,12.2800,12.3600,11.8100,12.0600,12.4800,60442090,724476708.5600,3,2.553800,1,-3.365400,-30.242998,1.656249,6.976397,31.925206,0
2023-08-23,sh.600004,12.0200,12.0200,11.7500,11.7600,12.0600,28470756,337192312.4500,3,1.203000,1,-2.487600,-29.490685,1.615049,6.802855,31.131046,0
2023-08-24,sh.600004,11.7700,12.0100,11.7400,11.8800,11.7600,25208092,299558431.1000,3,1.065100,1,1.020400,-29.791610,1.631529,6.872272,31.448710,0
2023-08-25,sh.600004,11.8400,11.9600,11.7400,11.8000,11.8800,15818248,187268825.9700,3,0.668400,1,-0.673400,-29.590993,1.620542,6.825994,31.236934,0
2023-08-28,sh.600004,12.2300,12.3000,11.5100,11.6500,11.8000,38017032,450959094.5800,3,1.606300,1,-1.271200,-29.214837,1.599942,6.739223,30.839855,0
2023-08-29,sh.600004,11.5600,11.8500,11.5400,11.8500,11.6500,25874562,304425026.6200,3,1.093300,1,1.716700,-29.716379,1.627409,6.854918,31.369294,0
2023-08-30,sh.600004,11.8800,11.8800,11.7100,11.8100,11.8500,17454713,205885130.3800,3,0.737500,1,-0.337600,-29.616070,1.621916,6.831779,31.263406,0
2023-08-31,sh.600004,11.8300,11.9100,11.7400,11.7900,11.8100,15802266,186780635.2500,3,0.667700,1,-0.169300,-70.472784,1.608414,5.778326,-76.346842,0
2023-09-01,sh.600004,11.8100,11.9800,11.8100,11.9000,11.7900,16575312,197063515.3400,3,0.700400,1,0.933000,-71.130291,1.623420,5.832238,-77.059153,0
2023-09-04,sh.600004,11.9100,12.1600,11.8400,12.1500,11.9000,27081934,325422477.1600,3,1.144300,1,2.100800,-72.624624,1.657526,5.954764,-78.678043,0
2023-09-05,sh.600004,12.1000,12.2400,12.0200,12.1800,12.1500,16783078,203788755.3600,3,0.709100,1,0.246900,-72.803944,1.661618,5.969467,-78.872310,0
2023-09-06,sh.600004,12.1700,12.2100,11.9400,12.0400,12.1800,15269860,183813252.9600,3,0.645200,1,-1.149400,-71.967118,1.642519,5.900852,-77.965732,0
2023-09-07,sh.600004,11.9800,12.0300,11.8600,11.8900,12.0400,12872501,153687960.8900,3,0.543900,1,-1.245800,-71.070517,1.622056,5.827337,-76.994398,0
2023-09-08,sh.600004,11.8800,12.0100,11.8100,11.9500,11.8900,7878800,93890317.8600,3,0.332900,1,0.504600,-71.429157,1.630241,5.856743,-77.382931,0
2023-09-11,sh.600004,11.9700,12.0400,11.8600,12.0100,11.9500,9123204,109329293.9700,3,0.385500,1,0.502100,-71.787797,1.638427,5.886149,-77.771465,0
2023-09-12,sh.600004,11.9700,12.0800,11.9600,12.0200,12.0100,6759989,81256302.5500,3,0.285600,1,0.083300,-71.847571,1.639791,5.891050,-77.836220,0
2023-09-13,sh.600004,12.0300,12.0700,11.8800,11.9600,12.0200,7449400,89067174.0000,3,0.314800,1,-0.499200,-71.488931,1.631606,5.861644,-77.447687,0
2023-09-14,sh.600004,11.9600,11.9900,11.8100,11.8600,11.9600,8922927,105938254.3900,3,0.377000,1,-0.836100,-70.891197,1.617963,5.812634,-76.800131,0
2023-09-15,sh.600004,11.8800,11.9500,11.7400,11.8500,11.8600,15935427,188714106.8700,3,0.673300,1,-0.084300,-70.831424,1.616599,5.807733,-76.735375,0
2023-09-18,sh.600004,11.8300,11.9000,11.7500,11.8500,11.8500,11622080,137731382.4000,3,0.491100,1,0.000000,-70.831424,1.616599,5.807733,-76.735375,0
2023-09-19,sh.600004,11.8500,11.8700,11.6500,11.7000,11.8500,12985685,152241451.5400,3,0.548700,1,-1.265800,-69.934824,1.596136,5.734217,-75.764041,0
2023-09-20,sh.600004,11.6800,11.6800,11.5700,11.6000,11.7000,10068901,116842880.6100,3,0.425400,1,-0.854700,-69.337090,1.582494,5.685207,-75.116486,0
2023-09-21,sh.600004,11.5700,11.6100,11.3800,11.4000,11.6000,15836553,181590463.4700,3,0.669100,1,-1.724100,-68.141623,1.555209,5.587186,-73.821374,0
2023-09-22,sh.600004,11.3800,11.5400,11.3100,11.5100,11.4000,13134077,149870392.0000,3,0.554900,1,0.964900,-68.799130,1.570216,5.641097,-74.533685,0
2023-09-25,sh.600004,11.4800,11.5400,11.3900,11.4700,11.5100,8916264,102423421.7800,3,0.376700,1,-0.347500,-68.560036,1.564759,5.621493,-74.274663,0
2023-09-26,sh.600004,11.4700,11.4900,11.1400,11.1800,11.4700,18913217,212965861.5400,3,0.799100,1,-2.528300,-66.826609,1.525196,5.479363,-72.396751,0
2023-09-27,sh.600004,11.1700,11.4200,11.1500,11.2100,11.1800,15222989,171464988.5400,3,0.643200,1,0.268300,-67.005929,1.529289,5.494066,-72.591017,0
2023-09-28,sh.600004,11.2700,11.2800,11.1000,11.2000,11.2100,13720722,153089620.0800,3,0.579700,1,-0.089200,-66.946156,1.527925,5.489165,-72.526262,0
2023-10-09,sh.600004,11.1700,11.1700,10.7200,10.7900,11.2000,25705006,278338632.1300,3,1.086100,1,-3.660700,-64.495448,1.471992,5.288222,-69.871283,0
2023-10-10,sh.600004,10.7900,10.9200,10.7200,10.8300,10.7900,15186449,164372310.4800,3,0.641700,1,0.370700,-64.734542,1.477449,5.307827,-70.130305,0
2023-10-11,sh.600004,10.8400,10.8800,10.6700,10.7300,10.8300,13412500,144191182.7500,3,0.566700,1,-0.923400,-64.136808,1.463807,5.258816,-69.482749,0
2023-10-12,sh.600004,10.7700,10.8800,10.7400,10.8800,10.7300,12847359,139321429.2400,3,0.542800,1,1.397900,-65.033409,1.484270,5.332332,-70.454083,0
2023-10-13,sh.600004,10.8000,10.8300,10.6900,10.7300,10.8800,8069344,86637707.6500,3,0.341000,1,-1.378700,-64.136808,1.463807,5.258816,-69.482749,0
2023-10-16,sh.600004,10.7400,10.7800,10.6200,10.6500,10.7300,7427447,79139048.9900,3,0.313800,1,-0.745600,-63.658621,1.452893,5.219608,-68.964704,0
2023-10-17,sh.600004,10.6700,10.7000,10.5800,10.6800,10.6500,6921335,73683703.1000,3,0.292400,1,0.281700,-63.837941,1.456986,5.234311,-69.158971,0
2023-10-18,sh.600004,10.6700,10.6700,10.5000,10.5000,10.6800,9538070,100509777.1000,3,0.403000,1,-1.685400,-62.762021,1.432430,5.146092,-67.993371,0
2023-10-19,sh.600004,10.4700,10.5500,10.3400,10.3900,10.5000,9476955,98907045.0400,3,0.400400,1,-1.047600,-62.104514,1.417423,5.092181,-67.281059,0
2023-10-20,sh.600004,10.3600,10.4600,10.3300,10.3600,10.3900,7441595,77307355.4100,3,0.314400,1,-0.288700,-61.925194,1.413331,5.077478,-67.086792,0
2023-10-23,sh.600004,10.3100,10.3300,10.1200,10.1900,10.3600,10708900,109395905.5700,3,0.452500,1,-1.640900,-60.909047,1.390139,4.994160,-65.985947,0
2023-10-24,sh.600004,10.2100,10.3900,10.1800,10.3600,10.1900,11697422,120289203.5900,3,0.494200,1,1.668300,-61.925194,1.413331,5.077478,-67.086792,0
2023-10-25,sh.600004,10.4300,10.6200,10.4300,10.5800,10.3600,12616757,133202288.2900,3,0.533100,1,2.123600,-63.240208,1.443343,5.185301,-68.511415,0
2023-10-26,sh.600004,10.5400,10.6700,10.4800,10.6600,10.5800,7925832,83929506.7400,3,0.334900,1,0.756100,-63.718395,1.454257,5.224509,-69.029460,0
2023-10-27,sh.600004,10.6800,10.8400,10.6500,10.8300,10.6600,11577909,124684379.6300,3,0.489200,1,1.594700,-64.734542,1.477449,5.307827,-70.130305,0
2023-10-30,sh.600004,10.8400,11.0900,10.8400,11.0600,10.8300,18833998,207023414.8100,3,0.795800,1,2.123700,-66.109329,1.508826,5.420550,-71.619684,0
2023-10-31,sh.600004,11.0200,11.0300,10.5300,10.5900,11.0600,29153535,310669777.2100,3,1.231800,1,-4.249500,-147.477473,1.435108,4.755285,183.024447,0
2023-11-01,sh.600004,10.6000,10.7100,10.5600,10.6200,10.5900,9565561,101530535.3400,3,0.404200,1,0.283300,-147.895257,1.439173,4.768756,183.542930,0
2023-11-02,sh.600004,10.6200,10.6400,10.5000,10.5400,10.6200,7912460,83579738.4000,3,0.334300,1,-0.753300,-146.781168,1.428332,4.732833,182.160309,0
2023-11-03,sh.600004,10.5400,10.7100,10.5200,10.6300,10.5400,8584000,91243939.6000,3,0.362700,1,0.853900,-148.034518,1.440528,4.773247,183.715758,0
2023-11-06,sh.600004,10.6600,10.8300,10.6500,10.8200,10.6300,11556325,124398619.5500,3,0.488300,1,1.787400,-150.680478,1.466276,4.858563,186.999482,0
2023-11-07,sh.600004,10.7800,10.7900,10.6400,10.7700,10.8200,8602536,92202275.7600,3,0.363500,1,-0.462100,-149.984173,1.459501,4.836112,186.135344,0
2023-11-08,sh.600004,10.7500,10.8500,10.6900,10.7800,10.7700,7512733,80928158.1800,3,0.317400,1,0.092900,-150.123434,1.460856,4.840602,186.308172,0
2023-11-09,sh.600004,10.7400,10.8800,10.7400,10.8500,10.7800,7699301,83360669.1100,3,0.325300,1,0.649400,-151.098261,1.470342,4.872034,187.517965,0
2023-11-10,sh.600004,10.8100,10.8200,10.6600,10.8000,10.8500,6962430,74725678.9000,3,0.294200,1,-0.460800,-150.401956,1.463566,4.849583,186.653827,0
2023-11-13,sh.600004,10.8400,10.8900,10.7200,10.8000,10.8000,7721347,83254890.2600,3,0.326200,1,0.000000,-150.401956,1.463566,4.849583,186.653827,0
2023-11-14,sh.600004,10.8100,10.9300,10.7800,10.9100,10.8000,9644144,104742507.8300,3,0.407500,1,1.018500,-151.933828,1.478473,4.898977,188.554931,0
2023-11-15,sh.600004,11.0100,11.0400,10.8700,10.9100,10.9100,8811611,96345710.7900,3,0.372300,1,0.000000,-151.933828,1.478473,4.898977,188.554931,0
2023-11-16,sh.600004,10.9200,10.9300,10.8100,10.8600,10.9100,6540795,70977745.9500,3,0.276400,1,-0.458300,-151.237522,1.471697,4.876525,187.690793,0
2023-11-17,sh.600004,10.8600,10.9500,10.8300,10.9100,10.8600,7286878,79382129.7200,3,0.307900,1,0.460400,-151.933828,1.478473,4.898977,188.554931,0
2023-11-20,sh.600004,10.9000,11.0700,10.8600,11.0400,10.9100,11146379,122536091.2000,3,0.471000,1,1.191600,-153.744222,1.496090,4.957351,190.801690,0
2023-11-21,sh.600004,11.0800,11.1300,10.9800,11.0200,11.0400,9905245,109572907.4700,3,0.418500,1,-0.181200,-153.465699,1.493379,4.948370,190.456035,0
2023-11-22,sh.600004,11.0000,11.0100,10.9100,10.9100,11.0200,6716538,73662256.1500,3,0.283800,1,-0.998200,-151.933828,1.478473,4.898977,188.554931,0
2023-11-23,sh.600004,10.8600,10.9700,10.8600,10.9600,10.9100,5194892,56735830.5600,3,0.219500,1,0.458300,-152.630133,1.485248,4.921428,189.419069,0
2023-11-24,sh.600004,10.9700,11.0000,10.8500,10.9100,10.9600,6327399,69062632.3000,3,0.267300,1,-0.456200,-151.933828,1.478473,4.898977,188.554931,0
2023-11-27,sh.600004,10.9000,11.0100,10.8400,11.0100,10.9100,9855186,107782075.3200,3,0.416400,1,0.916600,-153.326438,1.492024,4.943880,190.283207,0
2023-11-28,sh.600004,11.0000,11.0600,10.9300,11.0500,11.0100,6754962,74356057.9200,3,0.285400,1,0.363300,-153.883483,1.497445,4.961842,190.974517,0
2023-11-29,sh.600004,11.0300,11.0700,10.9300,10.9600,11.0500,6309775,69313441.7500,3,0.266600,1,-0.814500,-152.630133,1.485248,4.921428,189.419069,0
2023-11-30,sh.600004,10.9600,11.0700,10.9500,11.0300,10.9600,7811994,86137247.4600,3,0.330100,1,0.638700,-153.604960,1.494735,4.952861,190.628862,0
2023-12-01,sh.600004,11.0400,11.0600,10.7900,10.8200,11.0300,12176200,132467847.0000,3,0.514500,1,-1.903900,-150.680478,1.466276,4.858563,186.999482,0
2023-12-04,sh.600004,10.8500,10.9100,10.7700,10.8100,10.8200,12604171,136648990.3100,3,0.532600,1,-0.092400,-150.541217,1.464921,4.854073,186.826655,0
2023-12-05,sh.600004,10.8200,10.8200,10.6000,10.6000,10.8100,10107399,107878129.4000,3,0.427100,1,-1.942600,-147.616734,1.436463,4.759776,183.197275,0
2023-12-06,sh.600004,10.5900,10.6000,10.4800,10.5000,10.6000,12455605,131333441.2200,3,0.526300,1,-0.943400,-146.224124,1.422911,4.714872,181.468999,0
2023-12-07,sh.600004,10.5000,10.5900,10.3500,10.3700,10.5000,14003861,145796964.8700,3,0.591700,1,-1.238100,-144.413730,1.405294,4.656497,179.222240,0
2023-12-08,sh.600004,10.3700,10.5200,10.2500,10.2800,10.3700,33240447,344596611.5100,3,1.404500,1,-0.867900,-143.160380,1.393098,4.616084,177.666791,0
2023-12-11,sh.600004,10.2300,10.3000,9.9100,10.3000,10.2800,21533908,217195542.7500,3,0.909900,1,0.194600,-143.438902,1.395808,4.625065,178.012446,0
2023-12-12,sh.600004,10.2400,10.2800,10.1700,10.2500,10.3000,11732259,119959188.2100,3,0.495700,1,-0.485400,-142.742597,1.389033,4.602613,177.148308,0
2023-12-13,sh.600004,10.2500,10.2500,10.0400,10.0600,10.2500,10452257,105843303.8500,3,0.441600,1,-1.853700,-140.096637,1.363285,4.517296,173.864583,0
2023-12-14,sh.600004,10.1300,10.2200,10.0500,10.0500,10.0600,9290336,94130662.6000,3,0.392500,1,-0.099400,-139.957376,1.361929,4.512806,173.691756,0
2023-12-15,sh.600004,10.0800,10.1300,9.9300,9.9700,10.0500,14448337,144599977.9800,3,0.610500,1,-0.796000,-138.843287,1.351088,4.476883,172.309135,0
2023-12-18,sh.600004,9.9400,9.9400,9.7300,9.7700,9.9700,13980683,137409247.3000,3,0.590700,1,-2.006000,-136.058066,1.323985,4.387076,168.852582,0
2023-12-19,sh.600004,9.7700,9.8500,9.6900,9.7600,9.7700,8782154,85827018.2700,3,0.371100,1,-0.102400,-135.918805,1.322630,4.382586,168.679755,0
2023-12-20,sh.600004,9.7900,9.8000,9.5100,9.5400,9.7600,12717788,122117751.3600,3,0.537400,1,-2.254100,-132.855061,1.292817,4.283798,164.877547,0
2023-12-21,sh.600004,9.5000,9.7300,9.4600,9.7300,9.5400,12379362,119175363.3200,3,0.523100,1,1.991600,-135.501021,1.318565,4.369115,168.161272,0
2023-12-22,sh.600004,9.7200,9.8000,9.6000,9.7000,9.7300,10937391,106004522.4100,3,0.462100,1,-0.308300,-135.083238,1.314499,4.355644,167.642789,0
2023-12-25,sh.600004,9.6900,9.7600,9.6300,9.7500,9.7000,6908372,67040598.9500,3,0.291900,1,0.515500,-135.779543,1.321275,4.378095,168.506927,0
2023-12-26,sh.600004,9.7400,9.7400,9.6100,9.6300,9.7500,8127257,78383432.2900,3,0.343400,1,-1.230800,-134.108411,1.305013,4.324211,166.432996,0
2023-12-27,sh.600004,9.6400,9.6900,9.4400,9.5200,9.6300,11272120,107348902.5400,3,0.476300,1,-1.142300,-132.576539,1.290106,4.274817,164.531892,0
2023-12-28,sh.600004,9.5200,9.8300,9.4900,9.8200,9.5200,15918428,154577154.8600,3,0.672600,1,3.151300,-136.754371,1.330761,4.409528,169.716721,0
2023-12-29,sh.600004,9.8300,9.8700,9.7100,9.7800,9.8200,13704425,133771776.2800,3,0.579000,1,-0.407300,-136.197327,1.325340,4.391567,169.025410,0
2024-01-02,sh.600004,9.7800,9.8100,9.6800,9.7200,9.7800,9389159,91338191.7500,3,0.396700,1,-0.613500,-135.361760,1.317209,4.364624,167.988444,0
2024-01-03,sh.600004,9.7200,9.7900,9.6000,9.6300,9.7200,14776412,142929230.5900,3,0.624300,1,-0.925900,-134.108411,1.305013,4.324211,166.432996,0
2024-01-04,sh.600004,9.6500,9.6500,9.2300,9.2700,9.6300,43703252,407395977.3300,3,1.846600,1,-3.738300,-129.095012,1.256227,4.162558,160.211202,0
2024-01-05,sh.600004,9.2300,9.3800,9.1900,9.2200,9.2700,18837753,175014799.6700,3,0.795900,1,-0.539400,-128.398707,1.249452,4.140107,159.347063,0
2024-01-08,sh.600004,9.2000,9.2500,9.0900,9.1100,9.2200,14888448,135907594.2200,3,0.629100,1,-1.193100,-126.866835,1.234545,4.090713,157.445960,0
2024-01-09,sh.600004,9.1200,9.3200,9.0900,9.2400,9.1100,20589005,189675494.3500,3,0.869900,1,1.427000,-128.677229,1.252162,4.149087,159.692719,0
2024-01-10,sh.600004,9.1900,9.2700,9.0900,9.2000,9.2400,13644691,125493993.7200,3,0.576500,1,-0.432900,-128.120185,1.246741,4.131126,159.001408,0
2024-01-11,sh.600004,9.1300,9.3200,9.1200,9.2900,9.2000,13097140,121270349.3000,3,0.553400,1,0.978300,-129.373534,1.258938,4.171539,160.556857,0
2024-01-12,sh.600004,9.2800,9.4200,9.2600,9.3400,9.2900,13285004,124305286.7000,3,0.561300,1,0.538200,-130.069840,1.265714,4.193991,161.420995,0
2024-01-15,sh.600004,9.4200,9.6000,9.3600,9.4900,9.3400,23057279,219015085.8300,3,0.974200,1,1.606000,-132.158756,1.286041,4.261346,164.013409,0
2024-01-16,sh.600004,9.4800,9.9100,9.4300,9.8900,9.4900,44390436,432822913.0300,3,1.875600,1,4.215000,-137.729198,1.340247,4.440960,170.926514,0
2024-01-17,sh.600004,9.9000,9.9300,9.6500,9.6700,9.8900,25503088,249903986.6600,3,1.077600,1,-2.224500,-134.665455,1.310434,4.342173,167.124306,0
2024-01-18,sh.600004,9.6300,9.7400,9.4100,9.7200,9.6700,27990137,267931156.1800,3,1.182700,1,0.517100,-135.361760,1.317209,4.364624,167.988444,0
2024-01-19,sh.600004,9.6700,9.7400,9.5500,9.6400,9.7200,15442120,148747420.4000,3,0.652500,1,-0.823000,-134.247672,1.306368,4.328702,166.605823,0
2024-01-22,sh.600004,9.5700,9.5800,9.1900,9.2300,9.6400,24143780,226002786.0200,3,1.020100,1,-4.253100,-128.537968,1.250807,4.144597,159.519891,0
2024-01-23,sh.600004,9.2700,9.3300,9.0900,9.3000,9.2300,19070535,175820403.6000,3,0.805800,1,0.758400,-129.512795,1.260293,4.176030,160.729684,0
2024-01-24,sh.600004,9.3600,9.4900,9.1100,9.4700,9.3000,23802949,222474452.9800,3,1.005700,1,1.828000,-131.880234,1.283331,4.252366,163.667754,0
2024-01-25,sh.600004,9.4700,9.6900,9.3800,9.6900,9.4700,29258394,279394017.6700,3,1.236200,1,2.323100,-134.943977,1.313144,4.351153,167.469962,0
2024-01-26,sh.600004,9.7000,9.8500,9.6300,9.7400,9.6900,27555031,268281870.7400,3,1.164300,1,0.516000,-135.640282,1.319920,4.373605,168.334100,0
2024-01-29,sh.600004,9.7800,10.0800,9.7300,9.8300,9.7400,37679844,373743618.7800,3,1.592100,1,0.924000,-136.893632,1.332116,4.414018,169.889548,0
2024-01-30,sh.600004,9.7400,9.7900,9.4800,9.4800,9.8300,23244916,223789824.3200,3,0.982200,1,-3.560500,-132.019495,1.284686,4.256856,163.840582,0
2024-01-31,sh.600004,9.4200,9.5600,9.3200,9.4100,9.4800,22951805,216380711.8500,3,0.969800,1,-0.738400,-131.044667,1.275200,4.225423,162.630788,0
2024-02-01,sh.600004,9.3800,9.4500,9.1600,9.2800,9.4100,18317906,170414585.0900,3,0.774000,1,-1.381500,-129.234273,1.257583,4.167049,160.384029,0
2024-02-02,sh.600004,9.2600,9.4800,9.0200,9.2800,9.2800,26092800,242493718.8800,3,1.102500,1,0.000000,-129.234273,1.257583,4.167049,160.384029,0
2024-02-05,sh.600004,9.1900,9.3800,8.9900,9.2900,9.2800,29585363,270859990.0000,3,1.250100,1,0.107800,-129.373534,1.258938,4.171539,160.556857,0
2024-02-06,sh.600004,9.1700,9.7400,9.0900,9.7400,9.2900,29169181,276640303.7100,3,1.232500,1,4.843900,-135.640282,1.319920,4.373605,168.334100,0
2024-02-07,sh.600004,9.7400,10.0600,9.6700,10.0600,9.7400,41624326,412897860.2100,3,1.758700,1,3.285400,-140.096637,1.363285,4.517296,173.864583,0
2024-02-08,sh.600004,10.1200,10.5900,10.1200,10.1900,10.0600,41530017,430421364.9600,3,1.754800,1,1.292200,-141.907031,1.380902,4.575671,176.111342,0
2024-02-19,sh.600004,10.3500,10.3900,9.9900,10.1000,10.1900,27381370,276881066.7100,3,1.156900,1,-0.883200,-140.653681,1.368705,4.535258,174.555894,0
2024-02-20,sh.600004,10.0700,10.0800,9.9600,10.0500,10.1000,15032428,150587451.9100,3,0.635200,1,-0.495000,-139.957376,1.361929,4.512806,173.691756,0
2024-02-21,sh.600004,10.0200,10.3300,9.9800,10.1300,10.0500,22688901,231057813.4300,3,0.958700,1,0.796000,-141.071464,1.372771,4.548729,175.074377,0
2024-02-22,sh.600004,10.1000,10.2200,10.0700,10.1900,10.1300,15952952,161760259.7200,3,0.674100,1,0.592300,-141.907031,1.380902,4.575671,176.111342,0
2024-02-23,sh.600004,10.2000,10.2500,10.0100,10.1100,10.1900,20674380,208524264.3800,3,0.873500,1,-0.785100,-140.792942,1.370060,4.539748,174.728721,0
2024-02-26,sh.600004,10.1000,10.1500,9.9900,10.0300,10.1100,21080179,211976162.0700,3,0.890700,1,-0.791300,-139.678853,1.359219,4.503825,173.346101,0
2024-02-27,sh.600004,10.0500,10.1300,9.9900,10.1300,10.0300,16690509,168318159.4200,3,0.705200,1,0.997000,-141.071464,1.372771,4.548729,175.074377,0
2024-02-28,sh.600004,10.1300,10.2800,10.0100,10.0100,10.1300,25846177,262462942.1300,3,1.092100,1,-1.184600,-139.400331,1.356509,4.494845,173.000445,0
2024-02-29,sh.600004,9.9700,10.1300,9.9600,10.1300,10.0100,21231916,213336988.0000,3,0.897100,1,1.198800,-141.071464,1.372771,4.548729,175.074377,0
2024-03-01,sh.600004,10.1200,10.1300,10.0100,10.0700,10.1300,14995302,150681749.4200,3,0.633600,1,-0.592300,-140.235898,1.364640,4.521787,174.037411,0
2024-03-04,sh.600004,10.0400,10.0900,10.0000,10.0700,10.0700,16003774,160793659.0900,3,0.676200,1,0.000000,-140.235898,1.364640,4.521787,174.037411,0
2024-03-05,sh.600004,10.0300,10.0500,9.9500,10.0100,10.0700,17161182,171387209.6500,3,0.725100,1,-0.595800,-139.400331,1.356509,4.494845,173.000445,0
2024-03-06,sh.600004,10.0800,10.2800,10.0700,10.2000,10.0100,33100782,336152227.1900,3,1.398600,1,1.898100,-142.046292,1.382257,4.580161,176.284170,0
2024-03-07,sh.600004,10.2500,10.3400,10.1400,10.1500,10.2000,31049391,317904333.6500,3,1.311900,1,-0.490200,-141.349986,1.375481,4.557710,175.420032,0
2024-03-08,sh.600004,10.1400,10.1900,10.0200,10.1200,10.1500,18578340,187275783.5500,3,0.785000,1,-0.295600,-140.932203,1.371416,4.544239,174.901549,0
2024-03-11,sh.600004,10.1000,10.2800,10.0600,10.2600,10.1200,21698649,221471118.3000,3,0.916800,1,1.383400,-142.881858,1.390388,4.607104,177.321136,0
2024-03-12,sh.600004,10.2800,10.4300,10.1800,10.4100,10.2600,27676429,286765475.4200,3,1.169400,1,1.462000,-144.970774,1.410715,4.674459,179.913550,0
2024-03-13,sh.600004,10.3800,10.4200,10.2000,10.2000,10.4100,21538872,221166246.7400,3,0.910100,1,-2.017300,-142.046292,1.382257,4.580161,176.284170,0
2024-03-14,sh.600004,10.1900,10.4500,10.1800,10.4000,10.2000,26728682,277071437.8100,3,1.129400,1,1.960800,-144.831513,1.409360,4.669969,179.740722,0
2024-03-15,sh.600004,10.4000,10.4900,10.3300,10.4500,10.4000,19226791,200003752.6000,3,0.812400,1,0.480800,-145.527818,1.416136,4.692420,180.604860,0
2024-03-18,sh.600004,10.4400,10.6500,10.4300,10.5400,10.4500,18366643,193840132.0400,3,0.776000,1,0.861200,-146.781168,1.428332,4.732833,182.160309,0
2024-03-19,sh.600004,10.5300,10.5400,10.3800,10.3900,10.5400,15326311,159700954.1300,3,0.647600,1,-1.423100,-144.692252,1.408005,4.665478,179.567895,0
2024-03-20,sh.600004,10.3700,10.4500,10.3700,10.4200,10.3900,10594257,110289388.2800,3,0.447600,1,0.288700,-145.110035,1.412070,4.678949,180.086378,0
2024-03-21,sh.600004,10.4200,10.4500,10.3000,10.3900,10.4200,16092423,166806403.8900,3,0.679900,1,-0.287900,-144.692252,1.408005,4.665478,179.567895,0
2024-03-22,sh.600004,10.3300,10.3700,10.1400,10.1600,10.3900,16579183,169491377.1600,3,0.700500,1,-2.213700,-141.489247,1.376836,4.562200,175.592860,0
2024-03-25,sh.600004,10.1200,10.1500,10.0000,10.0100,10.1600,18072329,181712143.2400,3,0.763600,1,-1.476400,-139.400331,1.356509,4.494845,173.000445,0
2024-03-26,sh.600004,10.0000,10.0300,9.9200,10.0100,10.0100,14510025,144727545.0400,3,0.613100,1,0.000000,-139.400331,1.356509,4.494845,173.000445,0
2024-03-27,sh.600004,10.0100,10.0600,9.8900,9.8900,10.0100,11664700,116271728.0000,3,0.492900,1,-1.198800,-137.729198,1.340247,4.440960,170.926514,0
2024-03-28,sh.600004,9.8900,10.1000,9.8700,10.0700,9.8900,13123950,131265412.4500,3,0.554500,1,1.820000,-140.235898,1.364640,4.521787,174.037411,0
2024-03-29,sh.600004,10.0700,10.0900,9.9800,10.0800,10.0700,10371807,103976025.1600,3,0.438200,1,0.099300,-140.375159,1.365995,4.526277,174.210239,0
2024-04-01,sh.600004,10.0900,10.3800,10.0800,10.3600,10.0800,19504458,200295979.5800,3,0.824100,1,2.777800,-144.274469,1.403939,4.652007,179.049412,0
2024-04-02,sh.600004,10.3600,10.4100,10.2600,10.3300,10.3600,13285276,137110729.3700,3,0.561300,1,-0.289600,-143.856686,1.399874,4.638536,178.530929,0
2024-04-03,sh.600004,10.3200,10.3500,10.2000,10.3000,10.3300,13532817,138735143.9500,3,0.571800,1,-0.290400,-143.438902,1.395808,4.625065,178.012446,0
2024-04-08,sh.600004,10.2700,10.2800,10.1100,10.1200,10.3000,15699262,159953342.8800,3,0.663300,1,-1.747600,-140.932203,1.371416,4.544239,174.901549,0
2024-04-09,sh.600004,10.1500,10.2400,10.1200,10.1700,10.1200,12999200,132276687.7900,3,0.549200,1,0.494100,-141.628508,1.378191,4.566690,175.765687,0
2024-04-10,sh.600004,10.1600,10.2100,10.0800,10.1600,10.1700,13704332,138983369.8500,3,0.579000,1,-0.098300,-141.489247,1.376836,4.562200,175.592860,0
2024-04-11,sh.600004,10.1100,10.2400,10.0500,10.1800,10.1600,11554271,117399038.0600,3,0.488200,1,0.196900,-141.767769,1.379546,4.571181,175.938515,0
2024-04-12,sh.600004,10.1600,10.2400,10.0300,10.0500,10.1800,11688156,118331632.5800,3,0.493900,1,-1.277000,-139.957376,1.361929,4.512806,173.691756,0
2024-04-15,sh.600004,10.0300,10.2700,9.9600,10.2400,10.0500,23383279,237746131.9000,3,0.988000,1,1.890500,-142.603336,1.387677,4.598123,176.975480,0
2024-04-16,sh.600004,10.2400,10.3800,10.0700,10.0900,10.2400,28409146,290548039.0700,3,1.200400,1,-1.464800,-140.514420,1.367350,4.530768,174.383066,0
2024-04-17,sh.600004,10.0900,10.3300,10.0900,10.3300,10.0900,22240191,227155770.3800,3,0.939700,1,2.378600,-143.856686,1.399874,4.638536,178.530929,0
2024-04-18,sh.600004,10.3000,10.4300,10.2500,10.3600,10.3300,21918274,226748632.7500,3,0.926100,1,0.290400,-144.274469,1.403939,4.652007,179.049412,0
2024-04-19,sh.600004,10.3100,10.3800,10.2000,10.2700,10.3600,18176461,186824907.4300,3,0.768000,1,-0.868700,-143.021119,1.391743,4.611594,177.493963,0
2024-04-22,sh.600004,10.2700,10.4000,10.2300,10.3900,10.2700,18836185,194924164.8900,3,0.795900,1,1.168500,-144.692252,1.408005,4.665478,179.567895,0
2024-04-23,sh.600004,10.3900,10.4000,10.2000,10.2400,10.3900,15073400,155033417.0000,3,0.636900,1,-1.443700,-142.603336,1.387677,4.598123,176.975480,0
2024-04-24,sh.600004,10.2400,10.3100,10.1800,10.3100,10.2400,12559318,128741366.0900,3,0.530700,1,0.683600,-143.578163,1.397163,4.629555,178.185274,0
2024-04-25,sh.600004,10.2800,10.5800,10.2400,10.5100,10.3100,25916336,270860012.6300,3,1.095000,1,1.939900,-146.363385,1.424267,4.719362,181.641826,0
2024-04-26,sh.600004,10.4900,10.5900,10.4200,10.5800,10.5100,27587601,289737831.5200,3,1.165600,1,0.666000,-147.338212,1.433753,4.750795,182.851619,0
2024-04-29,sh.600004,10.5800,10.5800,10.3200,10.5300,10.5800,36631688,382912333.3100,3,1.547800,1,-0.472600,42.617043,1.400985,3.700432,27.598421,0
2024-04-30,sh.600004,10.5200,10.5200,10.2700,10.3500,10.5300,32219068,333355318.1300,3,1.361300,1,-1.709400,41.888546,1.377036,3.637176,27.126653,0
2024-05-06,sh.600004,10.4300,10.5200,10.3700,10.4500,10.3500,26397356,276071734.4800,3,1.115400,1,0.966200,42.293267,1.390341,3.672318,27.388746,0
2024-05-07,sh.600004,10.4700,10.4900,10.3500,10.4200,10.4500,17230110,179260041.7700,3,0.728000,1,-0.287100,42.171851,1.386349,3.661776,27.310118,0
2024-05-08,sh.600004,10.3400,10.3900,10.3000,10.3100,10.4200,13684100,141475318.0000,3,0.578200,1,-1.055700,41.726658,1.371714,3.623120,27.021816,0
2024-05-09,sh.600004,10.3000,10.3900,10.2900,10.3600,10.3100,13023000,134820025.0000,3,0.550300,1,0.485000,41.929018,1.378367,3.640691,27.152862,0
2024-05-10,sh.600004,10.3700,10.4000,10.2500,10.2900,10.3600,18070754,186058478.9300,3,0.763500,1,-0.675700,41.645714,1.369053,3.616091,26.969397,0
2024-05-13,sh.600004,10.2500,10.3500,10.1800,10.3000,10.2900,14841984,152362802.2700,3,0.627100,1,0.097200,41.686186,1.370384,3.619606,26.995606,0
2024-05-14,sh.600004,10.2800,10.3200,10.2500,10.2800,10.3000,9119187,93840699.3600,3,0.385300,1,-0.194200,41.605242,1.367723,3.612577,26.943188,0
2024-05-15,sh.600004,10.2900,10.3000,10.2200,10.2300,10.2800,8342300,85588565.0000,3,0.352500,1,-0.486400,41.402882,1.361071,3.595006,26.812141,0
2024-05-16,sh.600004,10.2300,10.2700,10.1500,10.1700,10.2300,15625600,159433724.0000,3,0.660200,1,-0.586500,41.160050,1.353088,3.573921,26.654885,0
2024-05-17,sh.600004,10.1800,10.3600,10.1600,10.3600,10.1700,18207965,187275119.0800,3,0.769300,1,1.868200,41.929018,1.378367,3.640691,27.152862,0
2024-05-20,sh.600004,10.4000,10.4800,10.3700,10.4300,10.3600,23424825,244432741.7400,3,0.989800,1,0.675700,42.212323,1.387680,3.665290,27.336328,0
2024-05-21,sh.600004,10.4100,10.4500,10.3600,10.3800,10.4300,13512300,140529805.0000,3,0.570900,1,-0.479400,42.009963,1.381028,3.647719,27.205281,0
2024-05-22,sh.600004,10.3800,10.5400,10.3700,10.4900,10.3800,20443800,214402094.0000,3,0.863800,1,1.059700,42.455155,1.395663,3.686375,27.493584,0
2024-05-23,sh.600004,10.4900,10.5100,10.2600,10.2800,10.4900,17681900,183060315.0000,3,0.747100,1,-2.001900,41.605242,1.367723,3.612577,26.943188,0
2024-05-24,sh.600004,10.2800,10.3300,10.1800,10.1800,10.2800,16425500,168072151.0000,3,0.694000,1,-0.972800,41.200522,1.354418,3.577435,26.681095,0
2024-05-27,sh.600004,10.1800,10.2500,10.1400,10.2300,10.1800,11407700,116175424.0000,3,0.482000,1,0.491200,41.402882,1.361071,3.595006,26.812141,0
2024-05-28,sh.600004,10.2000,10.2200,10.1400,10.1500,10.2300,10471734,106554049.7600,3,0.442500,1,-0.782000,41.079106,1.350427,3.566893,26.602467,0
2024-05-29,sh.600004,10.1500,10.1900,10.1200,10.1500,10.1500,10537331,106966520.0300,3,0.445200,1,0.000000,41.079106,1.350427,3.566893,26.602467,0
2024-05-30,sh.600004,10.1200,10.1900,10.0800,10.1000,10.1500,11800734,119451556.5300,3,0.498600,1,-0.492600,40.876746,1.343774,3.549322,26.471420,0
2024-05-31,sh.600004,10.1200,10.1800,10.1100,10.1400,10.1000,10540486,106990907.2800,3,0.445400,1,0.396000,41.038634,1.349096,3.563379,26.576257,0
2024-06-03,sh.600004,10.1400,10.1900,10.0400,10.0800,10.1400,13337245,134704296.1800,3,0.563500,1,-0.591700,40.795802,1.341113,3.542294,26.419001,0
2024-06-04,sh.600004,10.0700,10.3000,10.0500,10.2800,10.0800,19028783,194207670.4600,3,0.804000,1,1.984100,41.605242,1.367723,3.612577,26.943188,0
2024-06-05,sh.600004,10.3000,10.3500,10.1900,10.2100,10.2800,12928170,132991797.9800,3,0.546200,1,-0.680900,41.321938,1.358410,3.587978,26.759722,0
2024-06-06,sh.600004,10.2100,10.2600,10.1000,10.1200,10.2100,11501926,116978372.6800,3,0.486000,1,-0.881500,40.957690,1.346435,3.556350,26.523839,0
2024-06-07,sh.600004,10.1600,10.2300,10.1200,10.2300,10.1200,8744400,89012224.0000,3,0.369500,1,1.087000,41.402882,1.361071,3.595006,26.812141,0
2024-06-11,sh.600004,10.2500,10.2500,10.1100,10.1400,10.2300,7907388,80272705.8900,3,0.334100,1,-0.879800,41.038634,1.349096,3.563379,26.576257,0
2024-06-12,sh.600004,10.1300,10.1500,10.0500,10.0800,10.1400,11792350,119000598.0000,3,0.498300,1,-0.591700,40.795802,1.341113,3.542294,26.419001,0
2024-06-13,sh.600004,10.0900,10.1000,9.8500,9.9000,10.0800,26041920,258649553.6100,3,1.100300,1,-1.785700,40.067305,1.317165,3.479038,25.947233,0
2024-06-14,sh.600004,9.8400,10.1000,9.8400,10.0600,9.9000,15670278,156611051.2200,3,0.662100,1,1.616200,40.714858,1.338453,3.535265,26.366583,0
2024-06-17,sh.600004,10.0000,10.0700,9.9600,10.0000,10.0600,8376149,83777788.0600,3,0.353900,1,-0.596400,40.472026,1.330470,3.514180,26.209327,0
2024-06-18,sh.600004,10.0000,10.0800,9.9700,10.0000,10.0000,9435621,94480140.0100,3,0.398700,1,0.000000,40.472026,1.330470,3.514180,26.209327,0
2024-06-19,sh.600004,10.0000,10.0000,9.8500,9.8700,10.0000,12951051,128143186.1100,3,0.547200,1,-1.300000,39.945889,1.313174,3.468496,25.868605,0
2024-06-20,sh.600004,9.8500,9.8600,9.6000,9.6100,9.8700,18974228,183937441.5800,3,0.801700,1,-2.634200,38.893617,1.278581,3.377127,25.187163,0
2024-06-21,sh.600004,9.6400,9.6700,9.5100,9.5400,9.6100,10422223,99753582.1900,3,0.440400,1,-0.728400,38.610312,1.269268,3.352528,25.003698,0
2024-06-24,sh.600004,9.5100,9.5100,9.3600,9.4500,9.5400,12022770,113582498.1000,3,0.508000,1,-0.943400,38.246064,1.257294,3.320900,24.767814,0
2024-06-25,sh.600004,9.5000,9.5400,9.3500,9.4100,9.4500,10091235,95284890.8000,3,0.426400,1,-0.423300,38.084176,1.251972,3.306843,24.662976,0
2024-06-26,sh.600004,9.4200,9.4800,9.2800,9.4700,9.4100,10017204,93829882.8800,3,0.423300,1,0.637600,38.327008,1.259955,3.327929,24.820232,0
2024-06-27,sh.600004,9.4500,9.5100,9.3800,9.4300,9.4700,10160549,95924954.0300,3,0.429300,1,-0.422400,38.165120,1.254633,3.313872,24.715395,0
2024-06-28,sh.600004,9.4200,9.5300,9.4100,9.4800,9.4300,9027403,85615126.3800,3,0.381400,1,0.530200,38.367480,1.261285,3.331443,24.846442,0
2024-07-01,sh.600004,9.4900,9.5500,9.4200,9.5200,9.4800,10546230,100041244.2300,3,0.445600,1,0.421900,38.529368,1.266607,3.345499,24.951279,0
2024-07-02,sh.600004,9.5200,9.5600,9.4500,9.4800,9.5200,10482117,99615039.1900,3,0.442900,1,-0.420200,38.367480,1.261285,3.331443,24.846442,0
2024-07-03,sh.600004,9.5100,9.7000,9.4400,9.6700,9.4800,18091739,173745251.6900,3,0.764400,1,2.004200,39.136449,1.286564,3.398212,25.344419,0
2024-07-04,sh.600004,9.6200,9.6300,9.4000,9.4200,9.6700,12846945,122242558.7200,3,0.542800,1,-2.585300,38.124648,1.253302,3.310358,24.689186,0
2024-07-05,sh.600004,9.4200,9.4800,9.3400,9.3900,9.4200,8544940,80343396.2000,3,0.361000,1,-0.318500,38.003232,1.249311,3.299815,24.610558,0
2024-07-08,sh.600004,9.3900,9.4300,9.2400,9.2600,9.3900,11054200,102916603.0000,3,0.467100,1,-1.384500,37.477096,1.232015,3.254131,24.269836,0
2024-07-09,sh.600004,9.4000,9.7400,9.4000,9.7200,9.2600,26741778,256300184.8400,3,1.129900,1,4.967600,39.338809,1.293217,3.415783,25.475465,0
2024-07-10,sh.600004,9.6500,9.7800,9.5500,9.5700,9.7200,17810300,171759743.0000,3,0.752500,1,-1.543200,38.731728,1.273260,3.363070,25.082326,0
2024-07-11,sh.600004,9.6800,9.8600,9.6500,9.8500,9.5700,20310138,198696972.5700,3,0.858200,1,2.925800,39.864945,1.310513,3.461467,25.816187,0
2024-07-12,sh.600004,9.8400,9.9300,9.7900,9.8200,9.8500,12624353,124427656.9300,3,0.533400,1,-0.304600,39.743529,1.306521,3.450925,25.737559,0
2024-07-15,sh.600004,9.6900,9.7900,9.6000,9.6200,9.8200,16133241,155993510.4700,3,0.681700,1,-2.036700,38.934089,1.279912,3.380641,25.213372,0
2024-07-16,sh.600004,9.6100,9.6500,9.5600,9.6400,9.6200,7659500,73561335.5000,3,0.323600,1,0.207900,39.015033,1.282573,3.387670,25.265791,0
2024-07-17,sh.600004,9.6400,9.7600,9.5900,9.7200,9.6400,11216348,108706984.1500,3,0.473900,1,0.829900,39.338809,1.293217,3.415783,25.475465,0
2024-07-18,sh.600004,9.6800,9.7000,9.6000,9.6700,9.7200,8776146,84743932.2900,3,0.370800,1,-0.514400,39.136449,1.286564,3.398212,25.344419,0
2024-07-19,sh.600004,9.6500,9.6800,9.5600,9.6500,9.6700,12060368,116051541.0600,3,0.509600,1,-0.206800,39.055505,1.283903,3.391184,25.292000,0
2024-07-22,sh.600004,9.6400,9.7000,9.5700,9.6100,9.6500,8401175,80883869.0400,3,0.355000,1,-0.414500,38.893617,1.278581,3.377127,25.187163,0
2024-07-23,sh.600004,9.6300,9.6400,9.4900,9.5200,9.6100,8985850,86006449.5400,3,0.379700,1,-0.936500,38.529368,1.266607,3.345499,24.951279,0
2024-07-24,sh.600004,9.5200,9.5600,9.4000,9.4600,9.5200,8604816,81601036.8000,3,0.363600,1,-0.630300,38.286536,1.258624,3.324414,24.794023,0
2024-07-25,sh.600004,9.4300,9.5800,9.4200,9.5300,9.4600,7697163,73286365.6400,3,0.325200,1,0.740000,38.569840,1.267938,3.349014,24.977488,0
2024-07-26,sh.600004,9.5500,9.6100,9.4200,9.5100,9.5300,10920806,104080925.3800,3,0.461400,1,-0.209900,38.488896,1.265277,3.341985,24.925070,0
2024-07-29,sh.600004,9.5300,9.5300,9.3700,9.4300,9.5100,11620404,109422803.6100,3,0.491000,1,-0.841200,38.165120,1.254633,3.313872,24.715395,0
2024-07-30,sh.600004,9.4200,9.4300,9.3500,9.4100,9.4300,7188400,67470824.0000,3,0.303700,1,-0.212100,38.084176,1.251972,3.306843,24.662976,0
2024-07-31,sh.600004,9.4100,9.6500,9.3700,9.6300,9.4100,18637354,178192264.4600,3,0.787500,1,2.337900,38.974561,1.281242,3.384155,25.239582,0
2024-08-01,sh.600004,9.6200,9.6700,9.5700,9.6200,9.6300,12669362,121844366.3700,3,0.535300,1,-0.103800,38.934089,1.279912,3.380641,25.213372,0
2024-08-02,sh.600004,9.6000,9.6600,9.5500,9.5900,9.6200,8690723,83617506.5100,3,0.367200,1,-0.311900,38.812672,1.275920,3.370099,25.134744,0
2024-08-05,sh.600004,9.5800,9.7500,9.5500,9.5900,9.5900,13452021,129901663.3900,3,0.568400,1,0.000000,38.812672,1.275920,3.370099,25.134744,0
2024-08-06,sh.600004,9.5900,9.6900,9.5100,9.5800,9.5900,9326601,89425150.5500,3,0.394100,1,-0.104300,38.772200,1.274590,3.366585,25.108535,0
2024-08-07,sh.600004,9.5600,9.5700,9.4700,9.4800,9.5800,7734999,73507560.5400,3,0.326800,1,-1.043800,38.367480,1.261285,3.331443,24.846442,0
2024-08-08,sh.600004,9.4600,9.5400,9.4100,9.5200,9.4800,7433000,70480387.0000,3,0.314100,1,0.421900,38.529368,1.266607,3.345499,24.951279,0
2024-08-09,sh.600004,9.5000,9.5000,9.3800,9.3800,9.4500,8033354,75759537.0600,3,0.339400,1,-0.740700,37.962760,1.247981,3.296301,24.584348,0
2024-08-12,sh.600004,9.3800,9.4100,9.2500,9.2700,9.3800,10553676,98113427.1000,3,0.445900,1,-1.172700,37.517568,1.233345,3.257645,24.296046,0
2024-08-13,sh.600004,9.2700,9.3300,9.1900,9.3300,9.2700,7435426,68849082.9000,3,0.314200,1,0.647200,37.760400,1.241328,3.278730,24.453302,0
2024-08-14,sh.600004,9.3000,9.3300,9.2200,9.2200,9.3300,6380159,58999651.7500,3,0.269600,1,-1.179000,37.315208,1.226693,3.240074,24.164999,0
2024-08-15,sh.600004,9.2200,9.2900,9.1300,9.2500,9.2200,11693317,107810597.0600,3,0.494100,1,0.325400,37.436624,1.230684,3.250617,24.243627,0
2024-08-16,sh.600004,9.2400,9.2500,9.1700,9.2000,9.2500,8589500,78987976.0000,3,0.362900,1,-0.540500,37.234263,1.224032,3.233046,24.112581,0
2024-08-19,sh.600004,9.1900,9.2300,9.1500,9.1700,9.2000,6223520,57175834.7700,3,0.263000,1,-0.326100,37.112847,1.220041,3.222503,24.033953,0
2024-08-20,sh.600004,9.1500,9.1900,9.0600,9.0900,9.1700,10103300,91925761.0000,3,0.426900,1,-0.872400,36.789071,1.209397,3.194390,23.824278,0
2024-08-21,sh.600004,9.0600,9.1000,8.9800,8.9900,9.0900,8614500,77871583.0000,3,0.364000,1,-1.100100,36.384351,1.196092,3.159248,23.562185,0
2024-08-22,sh.600004,9.0100,9.0200,8.6900,8.7200,8.9900,20410145,179785485.9500,3,0.862400,1,-3.003300,35.291606,1.160170,3.064365,22.854533,0
2024-08-23,sh.600004,8.7100,8.8900,8.6800,8.8500,8.7200,8866125,78055259.2500,3,0.374600,1,1.490800,35.817743,1.177466,3.110049,23.195254,0
2024-08-26,sh.600004,8.8600,8.9900,8.8400,8.9700,8.8500,8015356,71564158.3400,3,0.338700,1,1.355900,36.303407,1.193431,3.152220,23.509766,0
2024-08-27,sh.600004,8.9800,8.9800,8.8700,8.9300,8.9700,5644860,50381115.4000,3,0.238500,1,-0.445900,36.141519,1.188109,3.138163,23.404929,0
2024-08-28,sh.600004,8.9500,8.9800,8.8800,8.9100,8.9300,4601491,41075594.9900,3,0.194400,1,-0.224000,36.060575,1.185449,3.131134,23.352510,0
2024-08-29,sh.600004,8.9000,9.0400,8.8700,9.0300,8.9100,6023700,54128440.0000,3,0.254500,1,1.346800,36.546239,1.201414,3.173305,23.667022,0
2024-08-30,sh.600004,9.0300,9.1700,9.0000,9.1300,9.0300,13528156,123267797.3600,3,0.571600,1,1.107400,36.950959,1.214719,3.208446,23.929115,0
2024-09-02,sh.600004,9.0200,9.0500,8.7700,8.8700,9.1300,19438100,172283848.0000,3,0.821300,1,-2.847800,29.088995,1.176431,2.998658,9.710578,0
2024-09-03,sh.600004,8.8700,9.0400,8.8400,8.9500,8.8700,10710900,95992334.6000,3,0.452600,1,0.901900,29.351353,1.187041,3.025704,9.798159,0
2024-09-04,sh.600004,8.9000,9.0600,8.8800,8.9900,8.9500,6675485,59991082.0500,3,0.282100,1,0.446900,29.482532,1.192347,3.039226,9.841950,0
2024-09-05,sh.600004,8.9800,9.0300,8.9500,8.9700,8.9900,4237445,38072111.5500,3,0.179000,1,-0.222500,29.416943,1.189694,3.032465,9.820054,0
2024-09-06,sh.600004,9.0100,9.0100,8.8900,8.9000,8.9700,5026031,44882231.8900,3,0.212400,1,-0.780400,29.187379,1.180410,3.008800,9.743421,0
2024-09-09,sh.600004,8.9000,8.9400,8.8200,8.8600,8.9000,5735909,50898488.5700,3,0.242400,1,-0.449400,29.056200,1.175105,2.995278,9.699630,0
2024-09-10,sh.600004,8.8900,8.9000,8.6200,8.7700,8.8600,12114142,105520239.7700,3,0.511900,1,-1.015800,28.761047,1.163168,2.964851,9.601101,0
2024-09-11,sh.600004,8.7600,8.8000,8.6800,8.7400,8.7700,6076932,53125546.7200,3,0.256800,1,-0.342100,28.662662,1.159189,2.954709,9.568258,0
2024-09-12,sh.600004,8.7000,8.7800,8.6000,8.6200,8.7400,12539845,108541903.2500,3,0.529800,1,-1.373000,28.269125,1.143273,2.914141,9.436886,0
2024-09-13,sh.600004,8.6400,8.6500,8.5500,8.5800,8.6200,5624945,48400715.5500,3,0.237700,1,-0.464000,28.137945,1.137968,2.900619,9.393096,0
2024-09-18,sh.600004,8.5700,8.6400,8.4500,8.5700,8.5800,8213061,69940396.0600,3,0.347000,1,-0.116600,28.105151,1.136642,2.897238,9.382148,0
2024-09-19,sh.600004,8.6000,8.7900,8.5700,8.6800,8.5700,12552742,109005252.1400,3,0.530400,1,1.283500,28.465893,1.151231,2.934425,9.502572,0
2024-09-20,sh.600004,8.6500,8.7200,8.5600,8.7100,8.6800,8845850,76490268.5000,3,0.373800,1,0.345600,28.564278,1.155210,2.944567,9.535415,0
2024-09-23,sh.600004,8.7100,8.7600,8.6700,8.7300,8.7100,4440735,38741641.2000,3,0.187600,1,0.229600,28.629867,1.157863,2.951329,9.557311,0
2024-09-24,sh.600004,8.7700,9.0200,8.7400,9.0200,8.7300,20221652,179918873.9700,3,0.854400,1,3.321900,29.580917,1.196325,3.049368,9.874793,0
2024-09-25,sh.600004,9.0900,9.2400,9.0700,9.0900,9.0200,21325290,195237255.1300,3,0.901000,1,0.776100,29.810481,1.205610,3.073033,9.951426,0
2024-09-26,sh.600004,9.0900,9.4800,9.0300,9.4800,9.0900,24791452,230307755.4400,3,1.047500,1,4.290400,31.089478,1.257335,3.204879,10.378385,0
2024-09-27,sh.600004,9.5800,9.8100,9.5800,9.7800,9.4800,24280514,235634989.9600,3,1.025900,1,3.164600,32.073322,1.297124,3.306300,10.706815,0
2024-09-30,sh.600004,10.1000,10.5500,9.8800,10.4600,9.7800,84382557,863825467.8600,3,3.565400,1,6.953000,34.303369,1.387313,3.536185,11.451256,0
2024-10-08,sh.600004,11.4800,11.4800,10.1000,10.5000,10.4600,94665195,1014062982.1500,3,3.999900,1,0.382400,34.434549,1.392618,3.549708,11.495047,0
2024-10-09,sh.600004,10.3400,10.3400,9.8100,9.8400,10.5000,49137895,492236396.0500,3,2.076200,1,-6.285700,32.270091,1.305082,3.326584,10.772501,0
2024-10-10,sh.600004,9.8600,10.0700,9.7900,9.9200,9.8400,33390544,331982155.2200,3,1.410800,1,0.813000,32.532450,1.315693,3.353629,10.860083,0
2024-10-11,sh.600004,9.8700,9.9200,9.5000,9.5700,9.9200,30960563,300142336.8100,3,1.308200,1,-3.528200,31.384631,1.269272,3.235305,10.476914,0
2024-10-14,sh.600004,9.6300,9.6900,9.4800,9.6000,9.5700,19810346,189809353.0900,3,0.837000,1,0.313500,31.483016,1.273251,3.245447,10.509757,0
2024-10-15,sh.600004,9.5900,9.6900,9.4800,9.4800,9.6000,18624671,178472225.1100,3,0.786900,1,-1.250000,31.089478,1.257335,3.204879,10.378385,0
2024-10-16,sh.600004,9.4400,9.5200,9.3600,9.4400,9.4800,19708934,185986049.3400,3,0.832800,1,-0.421900,30.958299,1.252030,3.191357,10.334595,0
2024-10-17,sh.600004,9.4400,9.5000,9.2700,9.2700,9.4400,20262150,189654495.5000,3,0.856100,1,-1.800800,30.400787,1.229483,3.133885,10.148484,0
2024-10-18,sh.600004,9.2700,9.5000,9.1700,9.4100,9.2700,34895490,325077264.3000,3,1.474400,1,1.510200,30.859914,1.248051,3.181215,10.301752,0
2024-10-21,sh.600004,9.4000,9.5100,9.3400,9.4300,9.4100,25531842,240697664.1200,3,1.078800,1,0.212500,30.925504,1.250704,3.187976,10.323647,0
2024-10-22,sh.600004,9.4000,9.5400,9.3700,9.5300,9.4300,20554888,194967449.3000,3,0.868500,1,1.060400,31.253452,1.263967,3.221783,10.433124,0
2024-10-23,sh.600004,9.5400,9.7000,9.5400,9.6400,9.5300,24665176,237503167.9900,3,1.042200,1,1.154200,31.614195,1.278556,3.258970,10.553548,0
2024-10-24,sh.600004,9.5700,9.6500,9.4700,9.5200,9.6400,16632001,158669270.5800,3,0.702700,1,-1.244800,31.220657,1.262641,3.218402,10.422176,0
2024-10-25,sh.600004,9.5300,9.6100,9.5000,9.6000,9.5200,15911212,152166840.4800,3,0.672300,1,0.840300,31.483016,1.273251,3.245447,10.509757,0
2024-10-28,sh.600004,9.5800,9.7600,9.5600,9.7500,9.6000,22361102,216483126.9000,3,0.944800,1,1.562500,31.974938,1.293146,3.296158,10.673972,0
2024-10-29,sh.600004,9.7900,9.7900,9.5800,9.6500,9.7500,20812738,201165963.2400,3,0.879400,1,-1.025600,31.646990,1.279883,3.262351,10.564496,0
2024-10-30,sh.600004,9.6000,9.7800,9.5900,9.7100,9.6500,20154733,195177247.8000,3,0.851600,1,0.621800,31.843759,1.287840,3.282635,10.630182,0
2024-10-31,sh.600004,9.7200,9.7600,9.6500,9.6800,9.7100,20806764,201720461.2500,3,0.879100,1,-0.309000,27.411537,1.267011,3.215883,11.610620,0
2024-11-01,sh.600004,9.6500,9.6900,9.5400,9.6500,9.6800,21692355,208899529.3000,3,0.916600,1,-0.309900,27.326584,1.263084,3.205916,11.574637,0
2024-11-04,sh.600004,9.6500,9.7400,9.6300,9.7400,9.6500,16842366,162984842.4400,3,0.711600,1,0.932600,27.581444,1.274864,3.235816,11.682587,0
2024-11-05,sh.600004,9.7100,9.8700,9.7000,9.8600,9.7400,31216598,306601592.6200,3,1.319000,1,1.232000,27.921256,1.290571,3.275683,11.826520,0
2024-11-06,sh.600004,9.8900,9.9400,9.7700,9.8300,9.8600,29808054,293169821.0200,3,1.259500,1,-0.304300,27.836303,1.286644,3.265716,11.790537,0
2024-11-07,sh.600004,9.7800,10.0900,9.7200,10.0800,9.8300,42611648,423803044.8200,3,1.800500,1,2.543200,28.544246,1.319367,3.348771,12.090398,0
2024-11-08,sh.600004,10.1300,10.3000,9.9800,10.0700,10.0800,51652995,521651147.6000,3,2.182500,1,-0.099200,28.515928,1.318058,3.345449,12.078404,0
2024-11-11,sh.600004,10.0000,10.0700,9.9400,10.0100,10.0700,26318814,262972065.5100,3,1.112000,1,-0.595800,28.346022,1.310204,3.325515,12.006437,0
2024-11-12,sh.600004,10.0100,10.1500,9.9500,9.9900,10.0100,28360701,285154472.4900,3,1.198300,1,-0.199800,28.289386,1.307587,3.318871,11.982448,0
2024-11-13,sh.600004,9.9700,10.0600,9.9200,10.0000,9.9900,17220036,171733830.4800,3,0.727600,1,0.100100,28.317704,1.308895,3.322193,11.994443,0
2024-11-14,sh.600004,9.9700,9.9700,9.8200,9.8200,10.0000,19565032,193711527.1900,3,0.826700,1,-1.800000,27.807985,1.285335,3.262394,11.778543,0
2024-11-15,sh.600004,9.8200,9.9800,9.8100,9.8500,9.8200,24999681,247990428.7900,3,1.056300,1,0.305500,27.892938,1.289262,3.272360,11.814526,0
2024-11-18,sh.600004,9.9300,10.0000,9.8300,9.8700,9.8500,27916001,277068943.8000,3,1.179500,1,0.203000,27.949574,1.291880,3.279005,11.838515,0
2024-11-19,sh.600004,9.8700,9.9300,9.7300,9.8500,9.8700,19736150,194164495.1200,3,0.833900,1,-0.202600,27.892938,1.289262,3.272360,11.814526,0
2024-11-20,sh.600004,9.8400,9.8900,9.7800,9.8700,9.8500,14507114,142872456.5600,3,0.613000,1,0.203000,27.949574,1.291880,3.279005,11.838515,0
2024-11-21,sh.600004,9.8600,9.8800,9.7900,9.8500,9.8700,14217260,139756992.8200,3,0.600700,1,-0.202600,27.892938,1.289262,3.272360,11.814526,0
2024-11-22,sh.600004,9.8500,9.9000,9.5800,9.6200,9.8500,25093906,245106348.9800,3,1.060300,1,-2.335000,27.241631,1.259157,3.195950,11.538654,0
2024-11-25,sh.600004,9.6200,9.7700,9.5200,9.5500,9.6200,29170549,279865031.8300,3,1.232500,1,-0.727700,27.043407,1.249995,3.172695,11.454693,0
2024-11-26,sh.600004,9.5700,9.7300,9.5300,9.6200,9.5500,15857296,152984089.6600,3,0.670000,1,0.733000,27.241631,1.259157,3.195950,11.538654,0
2024-11-27,sh.600004,9.6000,9.6600,9.5000,9.6500,9.6200,22643506,216639205.9600,3,0.956700,1,0.311900,27.326584,1.263084,3.205916,11.574637,0
2024-11-28,sh.600004,9.6500,9.7500,9.6200,9.6800,9.6500,16650550,161511464.2300,3,0.703500,1,0.310900,27.411537,1.267011,3.215883,11.610620,0
2024-11-29,sh.600004,9.6900,9.7500,9.6400,9.7200,9.6800,15566447,151181692.1400,3,0.657700,1,0.413200,27.524808,1.272246,3.229172,11.658598,0
2024-12-02,sh.600004,9.7200,9.8800,9.7200,9.8400,9.7200,20565885,201887121.4000,3,0.869000,1,1.234600,27.864621,1.287953,3.269038,11.802531,0
2024-12-03,sh.600004,9.8600,9.8900,9.7700,9.8500,9.8400,14429694,141626563.9600,3,0.609700,1,0.101600,27.892938,1.289262,3.272360,11.814526,0
2024-12-04,sh.600004,9.8400,9.8400,9.7200,9.7500,9.8500,12358343,120870098.9200,3,0.522200,1,-1.015200,27.609761,1.276173,3.239138,11.694581,0
2024-12-05,sh.600004,9.7700,9.7800,9.7100,9.7300,9.7500,9568295,93190373.3500,3,0.404300,1,-0.205100,27.553126,1.273555,3.232494,11.670593,0
2024-12-06,sh.600004,9.7200,9.8700,9.7200,9.8600,9.7300,17472822,171351637.8700,3,0.738300,1,1.336100,27.921256,1.290571,3.275683,11.826520,0
2024-12-09,sh.600004,9.8600,9.9500,9.8100,9.8500,9.8600,16339403,161356184.7000,3,0.690400,1,-0.101400,27.892938,1.289262,3.272360,11.814526,0
2024-12-10,sh.600004,10.0200,10.0800,9.8500,9.8600,9.8500,27812353,276325090.5900,3,1.175100,1,0.101500,27.921256,1.290571,3.275683,11.826520,0
2024-12-11,sh.600004,9.8300,9.9400,9.8300,9.9200,9.8600,15970738,158101392.5800,3,0.674800,1,0.608500,28.091162,1.298424,3.295616,11.898487,0
2024-12-12,sh.600004,9.9100,10.0200,9.8800,10.0200,9.9200,20326369,202916647.8000,3,0.858800,1,1.008100,28.374339,1.311513,3.328838,12.018431,0
2024-12-13,sh.600004,10.0000,10.0100,9.8800,9.9000,10.0200,19816652,196980563.1100,3,0.837300,1,-1.197600,28.034527,1.295806,3.288971,11.874498,0
2024-12-16,sh.600004,9.9000,9.9800,9.8700,9.8900,9.9000,15717626,155765884.0400,3,0.664100,1,-0.101000,28.006209,1.294498,3.285649,11.862504,0
2024-12-17,sh.600004,9.8900,9.9200,9.7800,9.8100,9.8900,15475927,152087774.5400,3,0.653900,1,-0.808900,27.779668,1.284026,3.259072,11.766548,0
2024-12-18,sh.600004,9.8400,9.8600,9.7800,9.8000,9.8100,9850510,96810599.1700,3,0.416200,1,-0.101900,27.751350,1.282717,3.255749,11.754554,0
2024-12-19,sh.600004,9.7800,9.7800,9.6600,9.7600,9.8000,13787842,133988564.9600,3,0.582600,1,-0.408200,27.638079,1.277482,3.242461,11.706576,0
2024-12-20,sh.600004,9.7500,9.8000,9.7200,9.7300,9.7600,10506888,102431954.2800,3,0.443900,1,-0.307400,27.553126,1.273555,3.232494,11.670593,0
2024-12-23,sh.600004,9.7200,9.8300,9.6600,9.6800,9.7300,15445956,150474062.9900,3,0.652600,1,-0.513900,27.411537,1.267011,3.215883,11.610620,0
2024-12-24,sh.600004,9.6900,9.7600,9.6800,9.7600,9.6800,11551908,112328228.8800,3,0.488100,1,0.826400,27.638079,1.277482,3.242461,11.706576,0
2024-12-25,sh.600004,9.7300,9.8000,9.6900,9.7700,9.7600,11178670,108821462.5000,3,0.472300,1,0.102500,27.666397,1.278791,3.245783,11.718570,0
2024-12-26,sh.600004,9.7900,9.8000,9.6900,9.7000,9.7700,11792715,114662096.3500,3,0.498300,1,-0.716500,27.468173,1.269629,3.222527,11.634609,0
2024-12-27,sh.600004,9.7000,9.8700,9.6800,9.8600,9.7000,20750478,203643721.7300,3,0.876800,1,1.649500,27.921256,1.290571,3.275683,11.826520,0
2024-12-30,sh.600004,9.8200,9.8600,9.7600,9.7700,9.8600,16215842,158676659.0200,3,0.685200,1,-0.912800,27.666397,1.278791,3.245783,11.718570,0
2024-12-31,sh.600004,9.7600,9.7900,9.5900,9.6000,9.7700,19466226,188431036.3000,3,0.822500,1,-1.740000,27.184996,1.256540,3.189306,11.514665,0
2025-01-02,sh.600004,9.6100,9.6900,9.3000,9.3500,9.6000,26572075,251189411.4700,3,1.122700,1,-2.604200,26.477053,1.223817,3.106251,11.214804,0
2025-01-03,sh.600004,9.3300,9.4300,9.2000,9.2300,9.3500,20325460,189081591.2800,3,0.858800,1,-1.283400,26.137241,1.208110,3.066384,11.070870,0
2025-01-06,sh.600004,9.2500,9.2800,9.1700,9.2600,9.2300,12488311,115207521.8800,3,0.527700,1,0.325000,26.222194,1.212037,3.076351,11.106854,0
2025-01-07,sh.600004,9.2400,9.2600,9.1400,9.1900,9.2600,13202434,121307226.5800,3,0.557800,1,-0.755900,26.023970,1.202875,3.053096,11.022893,0
2025-01-08,sh.600004,9.1700,9.2000,9.0400,9.1700,9.1900,13484547,123055474.4900,3,0.569800,1,-0.217600,25.967335,1.200257,3.046451,10.998904,0
2025-01-09,sh.600004,9.1200,9.1700,9.0700,9.1300,9.1700,7830800,71568414.0000,3,0.330900,1,-0.436200,25.854064,1.195022,3.033162,10.950926,0
2025-01-10,sh.600004,9.1300,9.1800,9.0200,9.0200,9.1300,9678030,88023529.2000,3,0.408900,1,-1.204800,25.542569,1.180624,2.996618,10.818987,0
2025-01-13,sh.600004,8.9900,9.0500,8.9700,9.0500,9.0200,9805019,88335527.8100,3,0.414300,1,0.332600,25.627522,1.184550,3.006585,10.854971,0
2025-01-14,sh.600004,9.0500,9.2800,9.0500,9.2700,9.0500,15137680,139208281.4300,3,0.639600,1,2.430900,26.250512,1.213346,3.079673,11.118848,0
2025-01-15,sh.600004,9.2600,9.3100,9.2200,9.2600,9.2700,9491417,87913542.0600,3,0.401000,1,-0.107900,26.222194,1.212037,3.076351,11.106854,0
2025-01-16,sh.600004,9.2600,9.3500,9.1600,9.2000,9.2600,10318901,95353327.2200,3,0.436000,1,-0.647900,26.052288,1.204184,3.056418,11.034887,0
2025-01-17,sh.600004,9.1800,9.2900,9.1500,9.2400,9.2000,10593301,97854000.2300,3,0.447600,1,0.434800,26.165558,1.209419,3.069707,11.082865,0
2025-01-20,sh.600004,9.2800,9.3200,9.2500,9.2700,9.2400,8829200,82007904.0000,3,0.373100,1,0.324700,26.250512,1.213346,3.079673,11.118848,0
2025-01-21,sh.600004,9.3800,9.4200,9.2900,9.3200,9.2700,10172877,94966889.1800,3,0.429800,1,0.539400,26.392100,1.219891,3.096284,11.178820,0
2025-01-22,sh.600004,9.2900,9.3600,9.2600,9.3500,9.3200,10045286,93651435.6700,3,0.424400,1,0.321900,26.477053,1.223817,3.106251,11.214804,0
2025-01-23,sh.600004,9.3800,9.4900,9.3800,9.4000,9.3500,13493800,127314421.0000,3,0.570100,1,0.534800,26.618642,1.230362,3.122862,11.274776,0
2025-01-24,sh.600004,9.4000,9.4200,9.3100,9.3700,9.4000,16596941,155226023.3300,3,0.701300,1,-0.319100,26.533689,1.226435,3.112895,11.238793,0
2025-01-27,sh.600004,9.3700,9.4800,9.3700,9.3800,9.3700,12520501,117939204.8100,3,0.529000,1,0.106700,26.562006,1.227744,3.116217,11.250787,0
2025-02-05,sh.600004,9.4400,9.4400,9.2100,9.2500,9.3800,13592127,126309714.6600,3,0.574300,1,-1.385900,26.193876,1.210728,3.073029,11.094859,0
2025-02-06,sh.600004,9.2300,9.3000,9.1900,9.3000,9.2500,10403798,96336904.4000,3,0.439600,1,0.540500,26.335465,1.217273,3.089640,11.154832,0
2025-02-07,sh.600004,9.2800,9.3600,9.2400,9.3100,9.3000,16057427,149440073.3300,3,0.678500,1,0.107500,26.363782,1.218582,3.092962,11.166826,0
2025-02-10,sh.600004,9.3200,9.3500,9.3000,9.3300,9.3100,12124277,113072656.9800,3,0.512300,1,0.214800,26.420418,1.221199,3.099606,11.190815,0
2025-02-11,sh.600004,9.3400,9.3500,9.2700,9.2800,9.3300,13535720,125756782.1500,3,0.571900,1,-0.535900,26.278829,1.214655,3.082995,11.130843,0
2025-02-12,sh.600004,9.2700,9.2900,9.2000,9.2600,9.2800,13732470,126889282.0400,3,0.580200,1,-0.215500,26.222194,1.212037,3.076351,11.106854,0
2025-02-13,sh.600004,9.2500,9.3300,9.2400,9.2500,9.2600,13949466,129300731.5000,3,0.589400,1,-0.108000,26.193876,1.210728,3.073029,11.094859,0
2025-02-14,sh.600004,9.2500,9.2700,9.2100,9.2700,9.2500,11572812,106923059.0400,3,0.489000,1,0.216200,26.250512,1.213346,3.079673,11.118848,0
2025-02-17,sh.600004,9.2700,9.2700,9.1900,9.2100,9.2700,14596309,134498282.8000,3,0.616700,1,-0.647200,26.080605,1.205493,3.059740,11.046882,0
2025-02-18,sh.600004,9.2000,9.2100,9.0600,9.0800,9.2100,19307109,176271346.5300,3,0.815800,1,-1.411500,25.712475,1.188477,3.016551,10.890954,0
2025-02-19,sh.600004,9.0900,9.1200,9.0600,9.1100,9.0800,12360940,112347682.0900,3,0.522300,1,0.330400,25.797428,1.192404,3.026518,10.926937,0
2025-02-20,sh.600004,9.1100,9.1300,9.0700,9.0900,9.1100,10481593,95412333.4300,3,0.442900,1,-0.219500,25.740793,1.189786,3.019874,10.902948,0
2025-02-21,sh.600004,9.1000,9.1400,9.0800,9.1300,9.0900,10595505,96559189.0800,3,0.447700,1,0.440000,25.854064,1.195022,3.033162,10.950926,0
2025-02-24,sh.600004,9.1200,9.1800,9.1000,9.1700,9.1300,14626156,133764034.3600,3,0.618000,1,0.438100,25.967335,1.200257,3.046451,10.998904,0
2025-02-25,sh.600004,9.1400,9.1500,9.0700,9.0900,9.1700,15012850,136695799.2700,3,0.634300,1,-0.872400,25.740793,1.189786,3.019874,10.902948,0
2025-02-26,sh.600004,9.1000,9.1300,9.0700,9.1300,9.0900,14994485,136384538.0500,3,0.633600,1,0.440000,25.854064,1.195022,3.033162,10.950926,0
2025-02-27,sh.600004,9.1200,9.2300,9.1200,9.1900,9.1300,20983933,192627250.9300,3,0.886600,1,0.657200,26.023970,1.202875,3.053096,11.022893,0
2025-02-28,sh.600004,9.1800,9.2100,9.0800,9.1100,9.1900,14763552,135010635.7800,3,0.623800,1,-0.870500,25.797428,1.192404,3.026518,10.926937,0
2025-03-03,sh.600004,9.1000,9.1400,9.0600,9.0700,9.1100,16083717,146295831.1900,3,0.679600,1,-0.439100,25.684158,1.187168,3.013229,10.878959,0
2025-03-04,sh.600004,9.0700,9.0900,9.0500,9.0900,9.0700,9530836,86461345.4500,3,0.402700,1,0.220500,25.740793,1.189786,3.019874,10.902948,0
2025-03-05,sh.600004,9.0900,9.1000,9.0400,9.0900,9.0900,9856953,89376627.7900,3,0.416500,1,0.000000,25.740793,1.189786,3.019874,10.902948,0
2025-03-06,sh.600004,9.0900,9.1300,9.0700,9.1200,9.0900,15415556,140362855.7500,3,0.651300,1,0.330000,25.825746,1.193713,3.029840,10.938932,0
2025-03-07,sh.600004,9.0900,9.1000,9.0500,9.0600,9.1200,17435342,158053335.3300,3,0.736700,1,-0.657900,25.655840,1.185859,3.009907,10.866965,0
2025-03-10,sh.600004,9.0600,9.0600,9.0200,9.0400,9.0600,12975382,117269775.6300,3,0.548200,1,-0.220800,25.599204,1.183241,3.003263,10.842976,0
2025-03-11,sh.600004,9.0100,9.0800,8.9800,9.0800,9.0400,13601116,122858452.9500,3,0.574700,1,0.442500,25.712475,1.188477,3.016551,10.890954,0
2025-03-12,sh.600004,9.1000,9.1100,9.0400,9.0500,9.0800,11848245,107381745.7300,3,0.500600,1,-0.330400,25.627522,1.184550,3.006585,10.854971,0
2025-03-13,sh.600004,9.0400,9.0600,9.0200,9.0500,9.0500,10722311,96916829.4400,3,0.453000,1,0.000000,25.627522,1.184550,3.006585,10.854971,0
2025-03-14,sh.600004,9.0500,9.1200,9.0400,9.1100,9.0500,30990852,281512277.7700,3,1.309400,1,0.663000,25.797428,1.192404,3.026518,10.926937,0
2025-03-17,sh.600004,9.1500,9.1900,9.1100,9.1300,9.1100,21394449,195746404.7000,3,0.904000,1,0.219500,25.854064,1.195022,3.033162,10.950926,0
2025-03-18,sh.600004,9.1700,9.1700,9.0900,9.1100,9.1300,18885586,172267193.7300,3,0.798000,1,-0.219100,25.797428,1.192404,3.026518,10.926937,0
2025-03-19,sh.600004,9.1100,9.1400,9.0900,9.1100,9.1100,11245270,102482293.7000,3,0.475100,1,0.000000,25.797428,1.192404,3.026518,10.926937,0
2025-03-20,sh.600004,9.1200,9.1300,9.0900,9.1000,9.1100,13229524,120548446.9000,3,0.559000,1,-0.109800,25.769111,1.191095,3.023196,10.914943,0
2025-03-21,sh.600004,9.0800,9.1500,9.0200,9.0800,9.1000,24779514,224911596.2200,3,1.047000,1,-0.219800,25.712475,1.188477,3.016551,10.890954,0
2025-03-24,sh.600004,9.0800,9.1000,9.0200,9.0600,9.0800,17537242,158890119.9000,3,0.741000,1,-0.220300,25.655840,1.185859,3.009907,10.866965,0
2025-03-25,sh.600004,9.0600,9.1800,9.0300,9.1800,9.0600,24609039,224273304.4600,3,1.039800,1,1.324500,25.995652,1.201566,3.049773,11.010898,0
2025-03-26,sh.600004,9.1700,9.1700,9.1100,9.1400,9.1800,13237670,121011528.5000,3,0.559300,1,-0.435700,25.882381,1.196330,3.036485,10.962920,0
2025-03-27,sh.600004,9.1500,9.1700,9.1100,9.1300,9.1400,11353988,103775124.3200,3,0.479700,1,-0.109400,25.854064,1.195022,3.033162,10.950926,0
2025-03-28,sh.600004,9.1500,9.1600,9.0700,9.1000,9.1300,11609513,105827914.6700,3,0.490500,1,-0.328600,25.769111,1.191095,3.023196,10.914943,0
2025-03-31,sh.600004,9.0700,9.1200,9.0300,9.0400,9.1000,14556471,132018807.0100,3,0.615000,1,-0.659300,25.599204,1.183241,3.003263,10.842976,0
2025-04-01,sh.600004,9.0600,9.0900,9.0500,9.0800,9.0400,9426846,85545145.9000,3,0.398300,1,0.442500,25.712475,1.188477,3.016551,10.890954,0
2025-04-02,sh.600004,9.0800,9.1000,9.0600,9.0800,9.0800,8000699,72616414.9200,3,0.338100,1,0.000000,25.712475,1.188477,3.016551,10.890954,0
2025-04-03,sh.600004,9.0400,9.1500,9.0300,9.1000,9.0800,14997309,136423770.8500,3,0.633700,1,0.220300,25.769111,1.191095,3.023196,10.914943,0
2025-04-07,sh.600004,8.9000,8.9900,8.3400,8.4500,9.1000,45689786,395611706.7300,3,1.930500,1,-7.142900,23.928460,1.106017,2.807253,10.135304,0
2025-04-08,sh.600004,8.4500,8.6900,8.4500,8.6800,8.4500,27574831,237889472.3900,3,1.165100,1,2.721900,24.579767,1.136121,2.883664,10.411176,0
2025-04-09,sh.600004,8.6400,9.0400,8.5100,8.9500,8.6800,36470028,321249791.0400,3,1.541000,1,3.110600,25.344345,1.171461,2.973363,10.735026,0
2025-04-10,sh.600004,8.9500,8.9900,8.8500,8.9100,8.9500,25628562,228828643.4700,3,1.082900,1,-0.446900,25.231074,1.166226,2.960074,10.687048,0
2025-04-11,sh.600004,8.9000,8.9600,8.8800,8.9000,8.9100,17305370,154296126.3000,3,0.731200,1,-0.112200,25.202757,1.164917,2.956752,10.675054,0
2025-04-14,sh.600004,8.9000,8.9300,8.8800,8.8800,8.9000,14651294,130362137.6600,3,0.619100,1,-0.224700,25.146121,1.162299,2.950108,10.651065,0
2025-04-15,sh.600004,8.8800,8.8900,8.8100,8.8300,8.8800,11728800,103671709.0000,3,0.495600,1,-0.563100,25.004533,1.155755,2.933497,10.591093,0
2025-04-16,sh.600004,8.8300,8.9300,8.8100,8.9300,8.8300,15767125,139989781.7500,3,0.666200,1,1.132500,25.287710,1.168844,2.966719,10.711037,0
2025-04-17,sh.600004,8.9000,8.9300,8.8600,8.9000,8.9300,8034760,71556206.4000,3,0.339500,1,-0.335900,25.202757,1.164917,2.956752,10.675054,0
2025-04-18,sh.600004,8.9000,8.9100,8.8400,8.8700,8.9000,7416200,65732819.6500,3,0.313400,1,-0.337100,25.117803,1.160990,2.946785,10.639071,0
2025-04-21,sh.600004,8.8500,8.8900,8.8500,8.8500,8.8700,8952137,79352738.9400,3,0.378300,1,-0.225500,25.061168,1.158372,2.940141,10.615082,0
2025-04-22,sh.600004,8.8300,8.8600,8.8200,8.8200,8.8500,10404948,91981904.9200,3,0.439600,1,-0.339000,24.976215,1.154446,2.930174,10.579098,0
2025-04-23,sh.600004,8.8400,8.8500,8.7600,8.7900,8.8200,12938153,113772692.3800,3,0.546700,1,-0.340100,24.891262,1.150519,2.920208,10.543115,0
2025-04-24,sh.600004,8.8000,8.8400,8.7700,8.7900,8.7900,8519341,74980559.7900,3,0.360000,1,0.000000,24.891262,1.150519,2.920208,10.543115,0
2025-04-25,sh.600004,8.7900,8.8300,8.7800,8.8200,8.7900,7486636,65934858.8500,3,0.316300,1,0.341300,24.976215,1.154446,2.930174,10.579098,0
2025-04-28,sh.600004,8.8500,8.8600,8.7900,8.8300,8.8200,9802846,86570051.9800,3,0.414200,1,0.113400,25.004533,1.155755,2.933497,10.591093,0
2025-04-29,sh.600004,8.8100,8.8300,8.7800,8.7900,8.8300,9407100,82787005.0000,3,0.397500,1,-0.453000,24.891262,1.150519,2.920208,10.543115,0
2025-04-30,sh.600004,8.8800,9.0600,8.8600,9.0300,8.7900,32632999,293080602.4800,3,1.378800,1,2.730400,20.666655,1.146571,2.818736,9.108104,0
2025-05-06,sh.600004,9.0400,9.1500,9.0400,9.0900,9.0300,20511679,186335024.5400,3,0.866700,1,0.664500,20.803975,1.154189,2.837465,9.168622,0
2025-05-07,sh.600004,9.1300,9.1500,9.0500,9.1300,9.0900,16758721,152483349.0700,3,0.708100,1,0.440000,20.895522,1.159268,2.849951,9.208968,0
2025-05-08,sh.600004,9.1100,9.1300,9.0600,9.0800,9.1300,11715261,106505460.5800,3,0.495000,1,-0.547600,20.781089,1.152919,2.834344,9.158536,0
2025-05-09,sh.600004,9.1100,9.1100,9.0400,9.0700,9.0800,10129194,91970618.4300,3,0.428000,1,-0.110100,20.758202,1.151650,2.831222,9.148449,0
2025-05-12,sh.600004,9.1100,9.1900,9.0500,9.1700,9.0700,14825631,135360975.7600,3,0.626400,1,1.102500,20.987069,1.164347,2.862437,9.249314,0
2025-05-13,sh.600004,9.2100,9.2100,9.1600,9.2000,9.1700,12880969,118456514.5100,3,0.544300,1,0.327200,21.055729,1.168156,2.871802,9.279574,0
2025-05-14,sh.600004,9.2100,9.2500,9.1700,9.2400,9.2000,12511501,115274793.2000,3,0.528600,1,0.434800,21.147275,1.173235,2.884288,9.319920,0
2025-05-15,sh.600004,9.2500,9.3800,9.2400,9.3400,9.2400,21872598,203865983.9400,3,0.924200,1,1.082300,21.376142,1.185932,2.915503,9.420785,0
2025-05-16,sh.600004,9.3800,9.4400,9.3000,9.3900,9.3400,15430501,144665176.0600,3,0.652000,1,0.535300,21.490575,1.192281,2.931111,9.471217,0
2025-05-19,sh.600004,9.4400,9.5500,9.4000,9.5400,9.3900,19449915,184607218.3000,3,0.821800,1,1.597400,21.833875,1.211327,2.977934,9.622515,0
2025-05-20,sh.600004,9.5400,9.5800,9.4000,9.4200,9.5400,15226500,144361411.0000,3,0.643400,1,-1.257900,21.559235,1.196090,2.940476,9.501477,0
2025-05-21,sh.600004,9.4400,9.4600,9.3800,9.4100,9.4200,9545665,89845948.4100,3,0.403300,1,-0.106200,21.536349,1.194821,2.937354,9.491390,0
2025-05-22,sh.600004,9.4100,9.4100,9.3300,9.3500,9.4100,9772316,91545639.9300,3,0.412900,1,-0.637600,21.399029,1.187202,2.918625,9.430871,0
2025-05-23,sh.600004,9.3500,9.4200,9.2800,9.2800,9.3500,12594114,117679063.4200,3,0.532100,1,-0.748700,21.238822,1.178314,2.896774,9.360266,0
2025-05-26,sh.600004,9.3100,9.4900,9.2800,9.4800,9.2800,20232801,190743201.0700,3,0.854900,1,2.155200,21.696555,1.203709,2.959205,9.561996,0
2025-05-27,sh.600004,9.4900,9.7000,9.4800,9.6700,9.4800,27228964,261861444.3900,3,1.150500,1,2.004200,22.131402,1.227834,3.018514,9.753639,0
2025-05-28,sh.600004,9.6800,9.7300,9.6100,9.6600,9.6700,15680300,151776358.5500,3,0.662500,1,-0.103400,22.108515,1.226564,3.015392,9.743553,0
2025-05-29,sh.600004,9.6500,9.6900,9.5900,9.6700,9.6600,15744245,151704202.5100,3,0.665200,1,0.103500,22.131402,1.227834,3.018514,9.753639,0
2025-05-30,sh.600004,9.6900,9.6900,9.5500,9.5500,9.6700,12161696,116921472.8000,3,0.513900,1,-1.241000,21.856762,1.212597,2.981055,9.632601,0
2025-06-03,sh.600004,9.5600,9.6000,9.4900,9.5600,9.5500,11265327,107583807.5700,3,0.476000,1,0.104700,21.879649,1.213867,2.984177,9.642688,0
2025-06-04,sh.600004,9.5800,9.5800,9.4200,9.4800,9.5600,13212130,125073357.6000,3,0.558200,1,-0.836800,21.696555,1.203709,2.959205,9.561996,0
2025-06-05,sh.600004,9.4900,9.5300,9.4500,9.4500,9.4800,8795627,83398914.7300,3,0.371600,1,-0.316500,21.627895,1.199899,2.949840,9.531736,0
2025-06-06,sh.600004,9.4600,9.4900,9.4200,9.4400,9.4500,7461465,70537852.6000,3,0.315300,1,-0.105800,21.605009,1.198630,2.946719,9.521650,0
2025-06-09,sh.600004,9.4600,9.4800,9.3800,9.4000,9.4400,14370696,135272154.1900,3,0.607200,1,-0.423700,21.513462,1.193551,2.934233,9.481304,0
2025-06-10,sh.600004,9.4000,9.4200,9.3100,9.3600,9.4000,11222412,105157942.3200,3,0.474200,1,-0.425500,21.421915,1.188472,2.921746,9.440958,0
2025-06-11,sh.600004,9.3700,9.4500,9.3600,9.4200,9.3600,9269833,87232436.3900,3,0.391700,1,0.641000,21.559235,1.196090,2.940476,9.501477,0
2025-06-12,sh.600004,9.4200,9.4300,9.3400,9.3700,9.4200,8087246,75728957.1000,3,0.341700,1,-0.530800,21.444802,1.189742,2.924868,9.451044,0
2025-06-13,sh.600004,9.3600,9.3900,9.3100,9.3300,9.3700,11547019,107996954.1700,3,0.487900,1,-0.426900,21.353255,1.184663,2.912382,9.410698,0
2025-06-16,sh.600004,9.3200,9.3500,9.2300,9.2600,9.3300,11279644,104574997.3800,3,0.476600,1,-0.750300,21.193049,1.175775,2.890531,9.340093,0
2025-06-17,sh.600004,9.2800,9.3500,9.2700,9.3100,9.2600,11745443,109366601.1100,3,0.496300,1,0.540000,21.307482,1.182123,2.906139,9.390525,0
2025-06-18,sh.600004,9.2900,9.3900,9.2100,9.2100,9.3100,8666154,80180910.1300,3,0.366200,1,-1.074100,21.078615,1.169426,2.874924,9.289660,0
2025-06-19,sh.600004,9.2300,9.2400,9.1100,9.1300,9.2100,10664042,97593355.0400,3,0.450600,1,-0.868600,20.895522,1.159268,2.849951,9.208968,0
2025-06-20,sh.600004,9.1500,9.2100,9.1400,9.2000,9.1300,9068401,83193692.3900,3,0.383200,1,0.766700,21.055729,1.168156,2.871802,9.279574,0
2025-06-23,sh.600004,9.1500,9.2400,9.1500,9.2000,9.2000,8530046,78591890.3700,3,0.360400,1,0.000000,21.055729,1.168156,2.871802,9.279574,0
2025-06-24,sh.600004,9.2400,9.3200,9.2300,9.2500,9.2000,11060723,102513312.5900,3,0.467300,1,0.543500,21.170162,1.174505,2.887410,9.330006,0
2025-06-25,sh.600004,9.2600,9.3300,9.2100,9.3000,9.2500,10982692,101814868.2900,3,0.464000,1,0.540500,21.284595,1.180853,2.903017,9.380439,0
2025-06-26,sh.600004,9.3000,9.3100,9.2400,9.2600,9.3000,10556730,97854558.6000,3,0.446000,1,-0.430100,21.193049,1.175775,2.890531,9.340093,0
2025-06-27,sh.600004,9.1300,9.2000,9.1100,9.1400,9.1000,10338975,94666555.2900,3,0.436800,1,0.439600,20.918409,1.160538,2.853073,9.219055,0
2025-06-30,sh.600004,9.1500,9.1700,9.0900,9.1000,9.1400,12335023,112403655.0500,3,0.521200,1,-0.437600,20.826862,1.155459,2.840587,9.178709,0
2025-07-01,sh.600004,9.1000,9.1300,9.0600,9.0700,9.1000,11561341,105037160.4200,3,0.488500,1,-0.329700,20.758202,1.151650,2.831222,9.148449,0
2025-07-02,sh.600004,9.0700,9.1200,9.0300,9.1000,9.0700,10304072,93613397.2400,3,0.435400,1,0.330800,20.826862,1.155459,2.840587,9.178709,0
2025-07-03,sh.600004,9.1000,9.1300,9.0800,9.0900,9.1000,8208500,74668962.7500,3,0.346800,1,-0.109900,20.803975,1.154189,2.837465,9.168622,0
2025-07-04,sh.600004,9.0900,9.1200,9.0600,9.0600,9.0900,12651915,114968296.9000,3,0.534600,1,-0.330000,20.735315,1.150380,2.828101,9.138363,0
2025-07-07,sh.600004,9.0600,9.0800,9.0300,9.0400,9.0600,11878902,107495823.6400,3,0.501900,1,-0.220800,20.689542,1.147840,2.821858,9.118190,0
2025-07-08,sh.600004,9.0400,9.0700,9.0300,9.0700,9.0400,11399711,103211265.0900,3,0.481700,1,0.331900,20.758202,1.151650,2.831222,9.148449,0
2025-07-09,sh.600004,9.0700,9.2100,9.0600,9.1500,9.0700,16593217,151678363.7800,3,0.701100,1,0.882000,20.941295,1.161807,2.856194,9.229141,0
2025-07-10,sh.600004,9.1600,9.2100,9.1300,9.2100,9.1500,12701390,116545156.5000,3,0.536700,1,0.655700,21.078615,1.169426,2.874924,9.289660,0
2025-07-11,sh.600004,9.2200,9.2800,9.2100,9.2600,9.2100,14505338,134136688.9600,3,0.612900,1,0.542900,21.193049,1.175775,2.890531,9.340093,0
2025-07-14,sh.600004,9.4400,9.5900,9.4100,9.4300,9.2600,44657839,424107893.8800,3,1.886900,1,1.835900,21.582122,1.197360,2.943597,9.511563,0
2025-07-15,sh.600004,9.4100,9.4600,9.2500,9.2800,9.4300,22265119,207633973.2500,3,0.940800,1,-1.590700,21.238822,1.178314,2.896774,9.360266,0
2025-07-16,sh.600004,9.2800,9.3500,9.2700,9.3300,9.2800,11321262,105537617.4800,3,0.478400,1,0.538800,21.353255,1.184663,2.912382,9.410698,0
2025-07-17,sh.600004,9.3400,9.3600,9.2600,9.2900,9.3300,10559828,98124991.9100,3,0.446200,1,-0.428700,21.261709,1.179584,2.899896,9.370352,0
2025-07-18,sh.600004,9.2900,9.3500,9.2600,9.3300,9.2900,9160683,85285079.4700,3,0.387100,1,0.430600,21.353255,1.184663,2.912382,9.410698,0
2025-07-21,sh.600004,9.3500,9.4200,9.3300,9.3900,9.3300,13193725,123771995.2400,3,0.557500,1,0.643100,21.490575,1.192281,2.931111,9.471217,0
2025-07-22,sh.600004,9.4100,9.4600,9.3500,9.4500,9.3900,14928090,140515007.4100,3,0.630800,1,0.639000,21.627895,1.199899,2.949840,9.531736,0
2025-07-23,sh.600004,9.4900,9.5700,9.4500,9.4700,9.4500,24824711,236449361.6200,3,1.048900,1,0.211600,21.673669,1.202439,2.956083,9.551909,0
2025-07-24,sh.600004,9.4400,9.7500,9.4400,9.7000,9.4700,33736025,324434758.1000,3,1.425400,1,2.428700,22.200062,1.231643,3.027878,9.783899,0
2025-07-25,sh.600004,9.7000,9.7000,9.5800,9.5900,9.7000,19739518,190242194.4100,3,0.834000,1,-1.134000,21.948308,1.217676,2.993541,9.672947,0
2025-07-28,sh.600004,9.5500,9.5900,9.4900,9.5000,9.5900,15601700,148740543.0000,3,0.659200,1,-0.938500,21.742329,1.206248,2.965448,9.582169,0
2025-07-29,sh.600004,9.4900,9.5000,9.4000,9.4400,9.5000,13096700,123514990.0000,3,0.553400,1,-0.631600,21.605009,1.198630,2.946719,9.521650,0
2025-07-30,sh.600004,9.4500,9.5700,9.4500,9.4900,9.4400,13286881,126344843.1500,3,0.561400,1,0.529700,21.719442,1.204978,2.962326,9.572082,0
2025-07-31,sh.600004,9.4900,9.4900,9.3100,9.3300,9.4900,21079368,197631780.5500,3,0.890700,1,-1.686000,21.353255,1.184663,2.912382,9.410698,0
2025-08-01,sh.600004,9.3300,9.4100,9.3300,9.3600,9.3300,10677837,100126434.3200,3,0.451200,1,0.321500,21.421915,1.188472,2.921746,9.440958,0
2025-08-04,sh.600004,9.3400,9.3800,9.3300,9.3700,9.3600,8763665,82026331.9000,3,0.370300,1,0.106800,21.444802,1.189742,2.924868,9.451044,0
2025-08-05,sh.600004,9.3800,9.4700,9.3700,9.4600,9.3700,10591339,99931197.8600,3,0.447500,1,0.960500,21.650782,1.201169,2.952962,9.541823,0
2025-08-06,sh.600004,9.4400,9.4400,9.3600,9.3800,9.4600,12278007,115162360.9000,3,0.518800,1,-0.845700,21.467689,1.191011,2.927989,9.461131,0
2025-08-07,sh.600004,9.3900,9.4400,9.3700,9.4000,9.3800,9709461,91248909.9500,3,0.410200,1,0.213200,21.513462,1.193551,2.934233,9.481304,0
2025-08-08,sh.600004,9.3900,9.4500,9.3700,9.4400,9.4000,10001145,94202949.4000,3,0.422600,1,0.425500,21.605009,1.198630,2.946719,9.521650,0
2025-08-11,sh.600004,9.4400,9.4500,9.3900,9.4200,9.4400,10371435,97702157.3500,3,0.438200,1,-0.211900,21.559235,1.196090,2.940476,9.501477,0
2025-08-12,sh.600004,9.4200,9.4700,9.4000,9.4300,9.4200,9662956,91226716.6400,3,0.408300,1,0.106200,21.582122,1.197360,2.943597,9.511563,0
2025-08-13,sh.600004,9.4700,9.5000,9.4200,9.4400,9.4300,14452149,136455764.5600,3,0.610600,1,0.106000,21.605009,1.198630,2.946719,9.521650,0
2025-08-14,sh.600004,9.4400,9.5400,9.4000,9.4500,9.4400,17724992,168024351.9700,3,0.748900,1,0.105900,21.627895,1.199899,2.949840,9.531736,0
2025-08-15,sh.600004,9.4300,9.5300,9.4000,9.5300,9.4500,17852896,169130868.4800,3,0.754300,1,0.846600,21.810989,1.210057,2.974812,9.612428,0
2025-08-18,sh.600004,9.5500,9.6500,9.5200,9.5800,9.5300,20491825,196452185.3500,3,0.865800,1,0.524700,21.925422,1.216406,2.990420,9.662861,0
2025-08-19,sh.600004,9.6000,9.6100,9.5200,9.5200,9.5800,12360879,118027673.1700,3,0.522300,1,-0.626300,21.788102,1.208788,2.971691,9.602342,0
2025-08-20,sh.600004,9.5200,9.7000,9.4900,9.7000,9.5200,19701039,189275449.7000,3,0.832400,1,1.890800,22.200062,1.231643,3.027878,9.783899,0
2025-08-21,sh.600004,9.8500,9.9900,9.7900,9.8500,9.7000,56998603,562868784.0400,3,2.408300,1,1.546400,18.828963,1.244375,3.031740,13.222359,0
2025-08-22,sh.600004,9.8000,9.9500,9.8000,9.9300,9.8500,35240448,347595534.6400,3,1.489000,1,0.812200,18.981889,1.254482,3.056363,13.329749,0
2025-08-25,sh.600004,9.9900,9.9900,9.8200,9.8900,9.9300,35117890,347202960.7600,3,1.483800,1,-0.402800,18.905426,1.249429,3.044051,13.276054,0
2025-08-26,sh.600004,9.8600,9.9600,9.8100,9.9200,9.8900,22166750,219746855.9500,3,0.936600,1,0.303300,18.962773,1.253219,3.053285,13.316325,0
2025-08-27,sh.600004,9.9200,10.0300,9.8400,9.8400,9.9200,33408396,332210343.2900,3,1.411600,1,-0.806500,18.809847,1.243112,3.028662,13.208936,0
2025-08-28,sh.600004,9.8300,9.9700,9.7500,9.9400,9.8400,28921750,285772545.5000,3,1.222000,1,1.016300,19.001004,1.255745,3.059441,13.343173,0
2025-08-29,sh.600004,9.9600,10.1300,9.9000,10.0100,9.9400,35269475,353679169.2400,3,1.490200,1,0.704200,19.134814,1.264589,3.080986,13.437139,0
2025-09-01,sh.600004,10.0100,10.0500,9.9300,9.9500,10.0100,25276992,252203980.1900,3,1.068000,1,-0.599400,19.020120,1.257009,3.062519,13.356597,0
2025-09-02,sh.600004,9.9500,9.9700,9.7900,9.8400,9.9500,21410485,210962901.6800,3,0.904600,1,-1.105500,18.809847,1.243112,3.028662,13.208936,0
2025-09-03,sh.600004,9.8600,9.8800,9.6500,9.6800,9.8400,19236100,187238253.8000,3,0.812800,1,-1.626000,18.503996,1.222899,2.979415,12.994156,0
2025-09-04,sh.600004,9.6900,9.7100,9.5600,9.6500,9.6800,18353177,176850010.9700,3,0.775500,1,-0.309900,18.446649,1.219109,2.970182,12.953885,0
2025-09-05,sh.600004,9.6900,9.6900,9.5900,9.6800,9.6500,16109643,155339633.4000,3,0.680700,1,0.310900,18.503996,1.222899,2.979415,12.994156,0
2025-09-08,sh.600004,9.6800,9.7900,9.6500,9.7400,9.6800,18967707,184586309.0400,3,0.801400,1,0.619800,18.618690,1.230479,2.997883,13.074699,0
2025-09-09,sh.600004,9.7400,9.7500,9.6400,9.6900,9.7400,12382320,119941031.5200,3,0.523200,1,-0.513300,18.523112,1.224162,2.982493,13.007580,0
2025-09-10,sh.600004,9.6600,9.6900,9.6400,9.6400,9.6900,10225845,98773312.7000,3,0.432100,1,-0.516000,18.427533,1.217845,2.967104,12.940461,0
2025-09-11,sh.600004,9.6200,9.6600,9.5500,9.6500,9.6400,22398837,214930698.3800,3,0.946400,1,0.103700,18.446649,1.219109,2.970182,12.953885,0
2025-09-12,sh.600004,9.6700,9.6900,9.5700,9.5800,9.6500,16389350,157648463.5000,3,0.692500,1,-0.725400,18.312839,1.210266,2.948636,12.859919,0
2025-09-15,sh.600004,9.5800,9.6400,9.5500,9.5600,9.5800,12803638,122656513.9900,3,0.541000,1,-0.208800,18.274608,1.207739,2.942480,12.833072,0
2025-09-16,sh.600004,9.5800,9.6000,9.5000,9.5500,9.5600,13639996,130126805.3200,3,0.576300,1,-0.104600,18.255492,1.206476,2.939403,12.819648,0
2025-09-17,sh.600004,9.5700,9.7100,9.5300,9.6600,9.5500,24197750,232801479.5000,3,1.022400,1,1.151800,18.465765,1.220372,2.973260,12.967309,0
2025-09-18,sh.600004,9.6900,9.7400,9.4700,9.5400,9.6600,26535721,255105336.0800,3,1.121200,1,-1.242200,18.236376,1.205212,2.936325,12.806224,0
2025-09-19,sh.600004,9.5400,9.5900,9.4500,9.5800,9.5400,18938535,180197396.5500,3,0.800200,1,0.419300,18.312839,1.210266,2.948636,12.859919,0
2025-09-22,sh.600004,9.5800,9.5800,9.4500,9.4600,9.5800,12341870,117019211.9000,3,0.521500,1,-1.252600,18.083451,1.195106,2.911701,12.698835,0
2025-09-23,sh.600004,9.4500,9.4600,9.3100,9.4600,9.4600,16463175,154429052.0000,3,0.695600,1,0.000000,18.083451,1.195106,2.911701,12.698835,0
2025-09-24,sh.600004,9.4400,9.5100,9.4000,9.4700,9.4600,12587942,119014821.9000,3,0.531900,1,0.105700,18.102566,1.196369,2.914779,12.712258,0
2025-09-25,sh.600004,9.4400,9.4600,9.3500,9.4100,9.4700,14066261,132097623.3100,3,0.594300,1,-0.633600,17.987872,1.188789,2.896312,12.631716,0
2025-09-26,sh.600004,9.3900,9.4200,9.3500,9.4000,9.4100,12255619,115093461.2200,3,0.517800,1,-0.106300,17.968757,1.187526,2.893234,12.618292,0
2025-09-29,sh.600004,9.4100,9.4900,9.3200,9.4700,9.4000,16714532,157150495.0700,3,0.706200,1,0.744700,18.102566,1.196369,2.914779,12.712258,0
2025-09-30,sh.600004,9.4500,9.5000,9.4200,9.4800,9.4700,15163581,143481078.6800,3,0.640700,1,0.105600,18.121682,1.197632,2.917857,12.725682,0
2025-10-09,sh.600004,9.4900,9.5200,9.3600,9.4400,9.4800,20103405,189146902.9500,3,0.849400,1,-0.421900,18.045219,1.192579,2.905546,12.671987,0
2025-10-10,sh.600004,9.4000,9.5600,9.4000,9.5500,9.4400,18179788,172692333.6900,3,0.768100,1,1.165300,18.255492,1.206476,2.939403,12.819648,0
2025-10-13,sh.600004,9.3900,9.4800,9.3500,9.4600,9.5500,18950051,178268603.4000,3,0.800700,1,-0.942400,18.083451,1.195106,2.911701,12.698835,0
2025-10-14,sh.600004,9.4600,9.5700,9.4400,9.5400,9.4600,17944479,170744278.4800,3,0.758200,1,0.845700,18.236376,1.205212,2.936325,12.806224,0
2025-10-15,sh.600004,9.5500,9.6300,9.4900,9.6000,9.5400,21224833,203330465.4400,3,0.896800,1,0.628900,18.351071,1.212792,2.954792,12.886767,0
2025-10-16,sh.600004,9.6100,9.6400,9.5700,9.6100,9.6000,15036109,144350979.6300,3,0.635300,1,0.104200,18.370186,1.214056,2.957870,12.900190,0
2025-10-17,sh.600004,9.6100,9.6200,9.4700,9.4700,9.6100,17537757,167389554.3000,3,0.741000,1,-1.456800,18.102566,1.196369,2.914779,12.712258,0
2025-10-20,sh.600004,9.5700,9.6000,9.4600,9.5900,9.4700,16080051,153203551.7500,3,0.679400,1,1.267200,18.331955,1.211529,2.951714,12.873343,0
2025-10-21,sh.600004,9.5900,9.5900,9.5300,9.5500,9.5900,14754533,141069139.3700,3,0.623400,1,-0.417100,18.255492,1.206476,2.939403,12.819648,0
2025-10-22,sh.600004,9.5300,9.5600,9.5000,9.5300,9.5500,10223437,97428598.6100,3,0.432000,1,-0.209400,18.217261,1.203949,2.933247,12.792801,0
2025-10-23,sh.600004,9.5300,9.6400,9.5200,9.6000,9.5300,16900307,161871191.7800,3,0.714100,1,0.734500,18.351071,1.212792,2.954792,12.886767,0
2025-10-24,sh.600004,9.6000,9.6300,9.5300,9.5600,9.6000,12601468,120555574.3000,3,0.532400,1,-0.416700,18.274608,1.207739,2.942480,12.833072,0
2025-10-27,sh.600004,9.5800,9.5900,9.5200,9.5500,9.5600,16246860,155237176.6000,3,0.686500,1,-0.104600,18.255492,1.206476,2.939403,12.819648,0
2025-10-28,sh.600004,9.5600,9.6700,9.5500,9.5900,9.5500,19702883,189587111.5400,3,0.832500,1,0.418800,18.331955,1.211529,2.951714,12.873343,0
2025-10-29,sh.600004,9.5600,9.7200,9.5300,9.7200,9.5900,21022319,202823388.0700,3,0.888200,1,1.355600,18.580459,1.227952,2.991727,13.047851,0
2025-10-30,sh.600004,9.7200,9.8100,9.6500,9.7000,9.7200,24876176,242294325.0200,3,1.051100,1,-0.205800,18.542228,1.225425,2.985571,13.021004,0
2025-10-31,sh.600004,9.7500,9.8000,9.6800,9.7800,9.7000,23844978,232337044.6600,3,1.007500,1,0.824700,17.098459,1.214767,2.959866,11.181174,0
2025-11-03,sh.600004,9.7800,9.8500,9.7100,9.8300,9.7800,21435271,210359801.3700,3,0.905700,1,0.511200,17.185874,1.220977,2.974998,11.238337,0
2025-11-04,sh.600004,9.8500,9.9100,9.7900,9.8500,9.8300,22140769,218327125.8700,3,0.935500,1,0.203500,17.220841,1.223462,2.981051,11.261203,0
2025-11-05,sh.600004,9.8100,9.9600,9.7400,9.9100,9.8500,25877977,255976527.6400,3,1.093400,1,0.609100,17.325739,1.230914,2.999210,11.329799,0
2025-11-06,sh.600004,9.9000,9.9100,9.8400,9.8800,9.9100,15692136,154968612.9400,3,0.663000,1,-0.302700,17.273290,1.227188,2.990130,11.295501,0
2025-11-07,sh.600004,9.8900,9.9900,9.8600,9.9700,9.8800,18917408,188152658.8000,3,0.799300,1,0.910900,17.430638,1.238367,3.017368,11.398395,0
2025-11-10,sh.600004,10.0000,10.1900,9.9400,10.1700,9.9700,33079582,334293852.9100,3,1.397700,1,2.006000,17.780299,1.263208,3.077897,11.627049,0
2025-11-11,sh.600004,10.1200,10.2700,10.1100,10.2600,10.1700,25502625,260358247.6900,3,1.077600,1,0.885000,17.937647,1.274387,3.105135,11.729943,0
2025-11-12,sh.600004,10.2600,10.4100,10.2100,10.2100,10.2600,27427460,282299459.3600,3,1.158900,1,-0.487300,17.850232,1.268177,3.090003,11.672780,0
2025-11-13,sh.600004,10.2200,10.3500,10.1800,10.3300,10.2100,25005393,256719202.3200,3,1.056500,1,1.175300,18.060029,1.283082,3.126321,11.809972,0
2025-11-14,sh.600004,10.3200,10.4100,10.1700,10.1700,10.3300,21442444,220630150.2200,3,0.906000,1,-1.548900,17.780299,1.263208,3.077897,11.627049,0
2025-11-17,sh.600004,10.1500,10.1500,9.9500,10.0500,10.1700,23743575,238452273.8700,3,1.003200,1,-1.179900,17.570502,1.248303,3.041580,11.489857,0
2025-11-18,sh.600004,10.0500,10.0600,9.8400,9.9000,10.0500,18198936,180722248.1800,3,0.769000,1,-1.492500,17.308256,1.229672,2.996183,11.318366,0
2025-11-19,sh.600004,9.9000,9.9500,9.8000,9.8100,9.9000,13889415,136841970.3500,3,0.586900,1,-0.909100,17.150908,1.218493,2.968945,11.215472,0
2025-11-20,sh.600004,9.8500,9.8900,9.7700,9.8000,9.8100,11532525,113221668.4100,3,0.487300,1,-0.101900,17.133425,1.217251,2.965919,11.204039,0
2025-11-21,sh.600004,9.7500,9.8000,9.5800,9.5800,9.8000,22410421,216733693.9700,3,0.946900,1,-2.244900,16.748797,1.189925,2.899337,10.952520,0
2025-11-24,sh.600004,9.6300,9.6900,9.5400,9.6300,9.5800,17384438,167126460.7000,3,0.734500,1,0.521900,16.836213,1.196135,2.914469,11.009684,0
2025-11-25,sh.600004,9.6500,9.6500,9.5800,9.6000,9.6300,16523542,158905997.5200,3,0.698200,1,-0.311500,16.783763,1.192409,2.905390,10.975386,0
2025-11-26,sh.600004,9.6200,9.6900,9.5900,9.6000,9.6000,12126151,116786731.8200,3,0.512400,1,0.000000,16.783763,1.192409,2.905390,10.975386,0
2025-11-27,sh.600004,9.6100,9.6700,9.5600,9.6200,9.6000,11705401,112571008.6200,3,0.494600,1,0.208300,16.818730,1.194893,2.911443,10.998251,0
2025-11-28,sh.600004,9.6200,9.6800,9.5700,9.6500,9.6200,11053557,106483013.3800,3,0.467000,1,0.311900,16.871179,1.198620,2.920522,11.032549,0
2025-12-01,sh.600004,9.6500,9.6600,9.5800,9.6600,9.6500,16208518,155809703.0900,3,0.684900,1,0.103600,16.888662,1.199862,2.923549,11.043982,0
2025-12-02,sh.600004,9.6600,9.7700,9.6100,9.7500,9.6600,17603309,171170921.6800,3,0.743800,1,0.931700,17.046010,1.211041,2.950787,11.146876,0
2025-12-03,sh.600004,9.7400,9.8800,9.7100,9.8500,9.7500,18183278,178570692.8000,3,0.768300,1,1.025600,17.220841,1.223462,2.981051,11.261203,0
2025-12-04,sh.600004,9.8500,9.8500,9.7400,9.7800,9.8500,11685487,114285275.4300,3,0.493700,1,-0.710700,17.098459,1.214767,2.959866,11.181174,0
2025-12-05,sh.600004,9.8000,9.8000,9.6700,9.7600,9.7800,14203966,138241130.8800,3,0.600200,1,-0.204500,17.063493,1.212283,2.953813,11.158309,0
2025-12-08,sh.600004,9.7600,9.8200,9.7000,9.7700,9.7600,11154055,108770992.9500,3,0.471300,1,0.102500,17.080976,1.213525,2.956839,11.169741,0
2025-12-09,sh.600004,9.7500,9.7600,9.6500,9.6500,9.7700,11635495,112825208.0500,3,0.491600,1,-1.228200,16.871179,1.198620,2.920522,11.032549,0
2025-12-10,sh.600004,9.6200,9.7400,9.5900,9.7100,9.6500,10819035,104691380.2000,3,0.457100,1,0.621800,16.976077,1.206072,2.938681,11.101145,0
2025-12-11,sh.600004,9.7000,9.7300,9.6100,9.6200,9.7100,9206169,88956657.1900,3,0.389000,1,-0.926900,16.818730,1.194893,2.911443,10.998251,0
2025-12-12,sh.600004,9.6100,9.6400,9.4800,9.5200,9.6200,16099575,153692468.6500,3,0.680200,1,-1.039500,16.643899,1.182472,2.881178,10.883924,0
2025-12-15,sh.600004,9.5200,9.6200,9.5000,9.5500,9.5200,10678814,102017955.9800,3,0.451200,1,0.315100,16.696348,1.186199,2.890258,10.918222,0
2025-12-16,sh.600004,9.5500,9.6000,9.4700,9.5400,9.5500,12824883,121965131.4100,3,0.541900,1,-0.104700,16.678865,1.184957,2.887231,10.906789,0
2025-12-17,sh.600004,9.5500,9.6600,9.4700,9.6200,9.5400,15518583,148925566.2100,3,0.655700,1,0.838600,16.818730,1.194893,2.911443,10.998251,0
2025-12-18,sh.600004,9.6300,9.8000,9.6200,9.7200,9.6200,21056161,205048959.3100,3,0.889700,1,1.039500,16.993560,1.207314,2.941707,11.112578,0
2025-12-19,sh.600004,9.7400,9.8000,9.7100,9.7800,9.7200,16924257,165086500.7500,3,0.715100,1,0.617300,17.098459,1.214767,2.959866,11.181174,0
2025-12-22,sh.600004,9.7800,9.8400,9.7000,9.7000,9.7800,17154449,167263749.2400,3,0.724800,1,-0.818000,16.958594,1.204830,2.935654,11.089712,0
2025-12-23,sh.600004,9.7400,9.7400,9.5500,9.5800,9.7000,19461484,186948582.1300,3,0.822300,1,-1.237100,16.748797,1.189925,2.899337,10.952520,0
2025-12-24,sh.600004,9.5700,9.6300,9.5400,9.6200,9.5800,12501081,119936025.6700,3,0.528200,1,0.417500,16.818730,1.194893,2.911443,10.998251,0
2025-12-25,sh.600004,9.6200,9.6500,9.5700,9.6100,9.6200,12166928,116884431.1600,3,0.514100,1,-0.104000,16.801246,1.193651,2.908416,10.986818,0
2025-12-26,sh.600004,9.6000,9.6400,9.5600,9.5900,9.6100,14559119,139620040.9100,3,0.615200,1,-0.208100,16.766280,1.191167,2.902363,10.963953,0
2025-12-29,sh.600004,9.5600,9.7200,9.5300,9.5800,9.5900,21785674,209558694.9200,3,0.920500,1,-0.104300,16.748797,1.189925,2.899337,10.952520,0
2025-12-30,sh.600004,9.5600,9.5900,9.4200,9.4200,9.5800,28071323,265580900.4100,3,1.186100,1,-1.670100,17.934038,1.274131,3.104511,11.727583,0
2025-12-31,sh.600004,9.4100,9.5200,9.3300,9.4600,9.4200,24351308,229240339.6400,3,1.028900,1,0.424600,18.010191,1.279541,3.117693,11.777382,0
2026-01-05,sh.600004,9.4600,9.4700,9.3900,9.4600,9.4600,18463220,174030494.0700,3,0.780100,1,0.000000,18.010191,1.279541,3.117693,11.777382,0
2026-01-06,sh.600004,9.4600,9.5200,9.4300,9.5200,9.4600,19352320,183686870.5400,3,0.817700,1,0.634200,18.124421,1.287657,3.137467,11.852080,0
2026-01-07,sh.600004,9.5200,9.5300,9.4400,9.4600,9.5200,15382125,145843703.9900,3,0.649900,1,-0.630300,18.010191,1.279541,3.117693,11.777382,0
2026-01-08,sh.600004,9.4300,9.4800,9.4000,9.4500,9.4600,13032832,122945828.5200,3,0.550700,1,-0.105700,17.991153,1.278189,3.114398,11.764932,0
2026-01-09,sh.600004,9.4500,9.4900,9.4200,9.4600,9.4500,16041814,151658861.1300,3,0.677800,1,0.105800,18.010191,1.279541,3.117693,11.777382,0
2026-01-12,sh.600004,9.4600,9.4900,9.4400,9.4900,9.4600,21024734,199037555.1900,3,0.888300,1,0.317100,18.067306,1.283599,3.127580,11.814731,0
2026-01-13,sh.600004,9.4900,9.5500,9.4500,9.4800,9.4900,24442633,232311792.9700,3,1.032800,1,-0.105400,18.048268,1.282246,3.124285,11.802281,0
2026-01-14,sh.600004,9.4700,9.5200,9.4200,9.4400,9.4800,26243698,248617069.5900,3,1.108900,1,-0.421900,17.972115,1.276836,3.111102,11.752483,0
2026-01-15,sh.600004,9.4500,9.4800,9.4200,9.4300,9.4400,13248935,125063952.7900,3,0.559800,1,-0.105900,17.953076,1.275484,3.107806,11.740033,0
2026-01-16,sh.600004,9.4400,9.4700,9.3600,9.3700,9.4300,16975430,159447111.6000,3,0.717300,1,-0.636300,17.838847,1.267368,3.088032,11.665335,0
2026-01-19,sh.600004,9.3500,9.5100,9.3500,9.4800,9.3700,21635778,204492909.1900,3,0.914200,1,1.174000,18.048268,1.282246,3.124285,11.802281,0
2026-01-20,sh.600004,9.4900,9.6300,9.4600,9.6200,9.4800,33162240,317517548.2800,3,1.401200,1,1.476800,18.314803,1.301183,3.170424,11.976577,0
2026-01-21,sh.600004,9.6200,9.6200,9.5200,9.5500,9.6200,16709362,159588414.1600,3,0.706000,1,-0.727700,18.181536,1.291714,3.147354,11.889429,0
2026-01-22,sh.600004,9.5600,9.6200,9.5300,9.6000,9.5500,12269015,117559292.6700,3,0.518400,1,0.523600,18.276727,1.298477,3.163832,11.951677,0
2026-01-23,sh.600004,9.6000,9.7100,9.5800,9.6500,9.6000,24342000,234822248.2600,3,1.028500,1,0.520800,18.371918,1.305240,3.180311,12.013926,0
2026-01-26,sh.600004,9.6200,9.6700,9.5200,9.5900,9.6500,18769486,179923714.9900,3,0.793100,1,-0.621800,18.257689,1.297125,3.160537,11.939228,0
2026-01-27,sh.600004,9.5700,9.6100,9.4800,9.5100,9.5900,15593125,148541957.0000,3,0.658900,1,-0.834200,18.105382,1.286304,3.134172,11.839630,0
2026-01-28,sh.600004,9.4900,9.6300,9.4900,9.5600,9.5100,22665273,216855576.9900,3,0.957700,1,0.525800,18.200574,1.293067,3.150650,11.901879,0
2026-01-29,sh.600004,9.5100,9.5900,9.4800,9.5800,9.5600,19722075,188071032.5000,3,0.833300,1,0.209200,18.238650,1.295772,3.157241,11.926778,0
2026-01-30,sh.600004,9.5700,9.6300,9.4800,9.5600,9.5800,18635364,177941124.7100,3,0.787400,1,-0.208800,18.200574,1.293067,3.150650,11.901879,0
2026-02-02,sh.600004,9.5700,9.6900,9.4700,9.4800,9.5600,29103718,279405235.7700,3,1.229700,1,-0.836800,18.048268,1.282246,3.124285,11.802281,0
2026-02-03,sh.600004,9.5000,9.5800,9.3500,9.4500,9.4800,31501146,297084873.7500,3,1.331000,1,-0.316500,17.991153,1.278189,3.114398,11.764932,0
2026-02-04,sh.600004,9.4400,9.6400,9.4000,9.6200,9.4500,34149049,326996515.5300,3,1.442900,1,1.798900,18.314803,1.301183,3.170424,11.976577,0
2026-02-05,sh.600004,9.6200,9.6800,9.5800,9.6400,9.6200,25348991,244212608.3800,3,1.071100,1,0.207900,18.352880,1.303888,3.177015,12.001476,0
2026-02-06,sh.600004,9.6200,9.6300,9.5000,9.5100,9.6400,23074645,220105918.3000,3,0.975000,1,-1.348500,18.105382,1.286304,3.134172,11.839630,0
2026-02-09,sh.600004,9.5500,9.5600,9.4900,9.5400,9.5100,16443216,156575114.0900,3,0.694800,1,0.315500,18.162497,1.290362,3.144059,11.876979,0
2026-02-10,sh.600004,9.5400,9.5500,9.4900,9.5200,9.5400,15399680,146486579.6800,3,0.650700,1,-0.209600,18.124421,1.287657,3.137467,11.852080,0
2026-02-11,sh.600004,9.5300,9.5400,9.5000,9.5200,9.5200,9395267,89474181.3500,3,0.397000,1,0.000000,18.124421,1.287657,3.137467,11.852080,0
2026-02-12,sh.600004,9.5300,9.5300,9.4300,9.4400,9.5200,19651898,185929784.0800,3,0.830300,1,-0.840300,17.972115,1.276836,3.111102,11.752483,0
2026-02-13,sh.600004,9.4500,9.4700,9.3600,9.3700,9.4400,15893700,149517880.0000,3,0.671600,1,-0.741500,17.838847,1.267368,3.088032,11.665335,0
2026-02-24,sh.600004,9.4000,9.4300,9.3800,9.4000,9.3700,14506580,136343109.1500,3,0.612900,1,0.320200,17.895962,1.271426,3.097919,11.702684,0
2026-02-25,sh.600004,9.4000,9.4600,9.4000,9.4200,9.4000,13406021,126488029.0700,3,0.566400,1,0.212800,17.934038,1.274131,3.104511,11.727583,0
2026-02-26,sh.600004,9.4300,9.4400,9.3700,9.3900,9.4200,12709365,119432916.5700,3,0.537000,1,-0.318500,17.876923,1.270073,3.094624,11.690234,0
2026-02-27,sh.600004,9.3900,9.4200,9.3700,9.4000,9.3900,10805792,101490534.5800,3,0.456600,1,0.106500,17.895962,1.271426,3.097919,11.702684,0
2026-03-02,sh.600004,9.2800,9.3300,9.2400,9.2500,9.4000,26718084,247663650.1600,3,1.128900,1,-1.595700,17.610388,1.251137,3.048484,11.515939,0
2026-03-03,sh.600004,9.2500,9.3000,9.1300,9.1400,9.2500,23520400,216267934.0000,3,0.993800,1,-1.189200,17.400967,1.236259,3.012232,11.378993,0
2026-03-04,sh.600004,9.0900,9.1200,9.0000,9.0300,9.1400,17286387,156417627.9400,3,0.730400,1,-1.203500,17.191546,1.221380,2.975980,11.242046,0
2026-03-05,sh.600004,9.0700,9.1000,9.0400,9.0600,9.0300,11255622,102147698.1500,3,0.475600,1,0.332200,17.248661,1.225438,2.985867,11.279395,0
2026-03-06,sh.600004,9.0600,9.1500,9.0300,9.1400,9.0600,9729580,88567422.7200,3,0.411100,1,0.883000,17.400967,1.236259,3.012232,11.378993,0
2026-03-09,sh.600004,9.0500,9.0800,9.0000,9.0500,9.1400,13141013,118741166.5500,3,0.555200,1,-0.984700,17.229623,1.224085,2.982571,11.266946,0
2026-03-10,sh.600004,9.1300,9.1900,9.0800,9.1300,9.0500,10329676,94234100.9800,3,0.436500,1,0.884000,17.381929,1.234906,3.008937,11.366543,0
2026-03-11,sh.600004,9.1700,9.1700,9.0900,9.1500,9.1300,8166690,74547604.8000,3,0.345100,1,0.219100,17.420005,1.237611,3.015528,11.391442,0
2026-03-12,sh.600004,9.1200,9.1800,9.1100,9.1700,9.1500,10601338,97032397.4900,3,0.447900,1,0.218600,17.458082,1.240316,3.022119,11.416342,0
2026-03-13,sh.600004,9.1500,9.2400,9.1400,9.2000,9.1700,12174826,112114968.3100,3,0.514400,1,0.327200,17.515197,1.244374,3.032006,11.453691,0
2026-03-16,sh.600004,9.2200,9.2300,9.1500,9.2000,9.2000,9559251,87915589.1400,3,0.403900,1,0.000000,17.515197,1.244374,3.032006,11.453691,0
2026-03-17,sh.600004,9.2200,9.2700,9.2000,9.2100,9.2000,8619748,79647274.6000,3,0.364200,1,0.108700,17.534235,1.245727,3.035302,11.466140,0
2026-03-18,sh.600004,9.2100,9.2200,9.1000,9.1400,9.2100,10040200,91813289.0000,3,0.424200,1,-0.760000,17.400967,1.236259,3.012232,11.378993,0
2026-03-19,sh.600004,9.1000,9.1400,9.0500,9.0600,9.1400,8602117,78200687.8700,3,0.363500,1,-0.875300,17.248661,1.225438,2.985867,11.279395,0
2026-03-20,sh.600004,9.0700,9.1400,9.0400,9.0400,9.0600,10878339,98802572.5600,3,0.459600,1,-0.220800,17.210584,1.222733,2.979276,11.254496,0
