date,code,open,high,low,close,preclose,volume,amount,adjustflag,turn,tradestatus,pctChg,peTTM,pbMRQ,psTTM,pcfNcfTTM,isST
2010-01-04,sh.600000,21.8300,21.8700,21.1600,21.1900,21.6900,66191338,1419984112.0000,3,0.835129,1,-2.305200,14.435065,2.877081,5.316299,7.091240,0
2010-01-05,sh.600000,21.4100,21.5800,20.7900,21.3500,21.1900,115147943,2436890938.0000,3,1.452808,1,0.755100,14.287342,2.898805,5.178308,7.144784,0
2010-01-06,sh.600000,21.2900,21.3000,20.8800,20.9300,21.3500,96782575,2034174032.0000,3,1.221095,1,-1.967200,14.006279,2.841779,5.076439,7.004231,0
2010-01-07,sh.600000,20.8800,21.0400,20.3000,20.4600,20.9300,85236072,1761800969.0000,3,1.075414,1,-2.245600,13.691757,2.777965,4.962444,6.846945,0
2010-01-08,sh.600000,20.3400,20.8000,20.3000,20.6900,20.4600,65707646,1349532409.0000,3,0.829026,1,1.124100,13.845672,2.809193,5.018229,6.923915,0
2010-01-11,sh.600000,21.6000,21.8000,20.5700,20.6900,20.6900,116304812,2456819007.0000,3,1.467404,1,0.000000,13.845672,2.809193,5.018229,6.923915,0
2010-01-12,sh.600000,20.6300,20.9700,20.2600,20.8000,20.6900,82351139,1691919888.0000,3,1.039015,1,0.531700,13.919284,2.824128,5.044909,6.960726,0
2010-01-13,sh.600000,20.2500,20.3500,19.8000,19.8300,20.8000,146399684,2930936726.0000,3,1.847108,1,-4.663500,13.270163,2.692426,4.809641,6.636116,0
2010-01-14,sh.600000,19.8700,20.0200,19.6400,19.9700,19.8300,77340771,1535655470.0000,3,0.975800,1,0.706000,13.363851,2.711435,4.843598,6.682967,0
2010-01-15,sh.600000,20.0200,20.2500,19.7200,20.0400,19.9700,69183668,1384564649.0000,3,0.872882,1,0.350500,13.410695,2.720939,4.860576,6.706392,0
2010-01-18,sh.600000,19.9100,20.2900,19.8700,20.2400,20.0400,69940218,1408342623.0000,3,0.882428,1,0.998000,13.544534,2.748094,4.909084,6.773322,0
2010-01-19,sh.600000,20.2500,20.5900,20.2100,20.3500,20.2400,69966139,1428370744.0000,3,0.882755,1,0.543500,13.618145,2.763029,4.935764,6.810134,0
2010-01-20,sh.600000,20.4200,20.5300,19.6000,19.7900,20.3500,80776510,1612704739.0000,3,1.019148,1,-2.751800,13.243395,2.686995,4.799940,6.622730,0
2010-01-21,sh.600000,19.8800,20.5700,19.7600,20.4700,19.7900,93418186,1888959519.0000,3,1.178647,1,3.436100,13.698449,2.779323,4.964869,6.850292,0
2010-01-22,sh.600000,20.2000,21.1000,20.0100,20.9000,20.4700,154445976,3188523865.0000,3,1.948627,1,2.100600,13.986203,2.837706,5.069163,6.994191,0
2010-01-25,sh.600000,20.5600,20.9800,20.4200,20.4600,20.9000,80232725,1658596995.0000,3,1.012287,1,-2.105300,13.691757,2.777965,4.962444,6.846945,0
2010-01-26,sh.600000,20.4900,20.9000,20.1700,20.6900,20.4600,91936559,1885519209.0000,3,1.159953,1,1.124100,13.845672,2.809193,5.018229,6.923915,0
2010-01-27,sh.600000,20.6700,20.8000,19.7800,19.8600,20.6900,94264363,1898605119.0000,3,1.189323,1,-4.011600,13.290239,2.696500,4.816918,6.646155,0
2010-01-28,sh.600000,19.7800,19.8500,19.3800,19.7000,19.8600,58691704,1152620124.0000,3,0.740506,1,-0.805600,13.183168,2.674775,4.778111,6.592611,0
2010-01-29,sh.600000,19.6000,20.0400,19.4800,19.6200,19.7000,53690104,1062334288.0000,3,0.677402,1,-0.406100,13.129632,2.663913,4.758707,6.565839,0
2010-02-01,sh.600000,19.6200,19.6200,19.0000,19.2200,19.6200,51669420,994322854.0000,3,0.651907,1,-2.038700,12.861954,2.609603,4.661690,6.431979,0
2010-02-02,sh.600000,19.3300,19.7000,19.1700,19.2400,19.2200,48969591,951736982.0000,3,0.617844,1,0.104100,12.875337,2.612319,4.666541,6.438672,0
2010-02-03,sh.600000,19.3100,19.9300,19.0100,19.8900,19.2400,76493075,1499985351.0000,3,0.965104,1,3.378400,13.310315,2.700573,4.824194,6.656195,0
2010-02-04,sh.600000,19.6100,19.8900,19.6000,19.6600,19.8900,46162099,909308990.0000,3,0.582422,1,-1.156400,13.156400,2.669344,4.768409,6.579225,0
2010-02-05,sh.600000,19.2000,19.6800,19.1600,19.4200,19.6600,43895954,850183267.0000,3,0.553830,1,-1.220800,12.995793,2.636758,4.710198,6.498909,0
2010-02-08,sh.600000,19.4500,19.5000,19.0800,19.2200,19.4200,37230982,716731662.0000,3,0.469739,1,-1.029900,12.861954,2.609603,4.661690,6.431979,0
2010-02-09,sh.600000,19.2000,19.4900,19.1700,19.4200,19.2200,26496190,513741764.0000,3,0.334299,1,1.040600,12.995793,2.636758,4.710198,6.498909,0
2010-02-10,sh.600000,19.5900,19.7500,19.5000,19.6800,19.4200,30709495,602686038.0000,3,0.387458,1,1.338800,13.169784,2.672060,4.773260,6.585918,0
2010-02-11,sh.600000,19.6900,19.8000,19.5900,19.6400,19.6800,27375492,538434170.0000,3,0.345393,1,-0.203300,13.143016,2.666629,4.763558,6.572532,0
2010-02-12,sh.600000,19.7300,19.8800,19.6600,19.8100,19.6400,29682512,587217269.0000,3,0.374501,1,0.865600,13.256779,2.689711,4.804791,6.629423,0
2010-02-22,sh.600000,19.7300,19.8600,19.5800,19.6800,19.8100,33430729,659002500.0000,3,0.421792,1,-0.656200,13.169784,2.672060,4.773260,6.585918,0
2010-02-23,sh.600000,19.6500,19.6500,19.2500,19.4900,19.6800,30570947,593524963.0000,3,0.385710,1,-0.965400,13.042637,2.646263,4.727177,6.522334,0
2010-02-24,sh.600000,19.3500,19.6800,19.2400,19.6600,19.4900,38978358,758532890.0000,3,0.491785,1,0.872200,13.156400,2.669344,4.768409,6.579225,0
2010-02-25,sh.600000,19.7500,20.8000,19.7500,20.7400,19.6600,194475975,3998875321.0000,3,2.453681,1,5.493400,13.879132,2.815982,5.030356,6.940647,0
2010-02-26,sh.600000,20.7400,20.7400,20.7400,20.7400,20.7400,0,0.0000,3,,0,0.000000,13.879132,2.815982,5.030356,6.940647,0
2010-03-01,sh.600000,20.7400,20.7400,20.7400,20.7400,20.7400,0,0.0000,3,,0,0.000000,13.879132,2.815982,5.030356,6.940647,0
2010-03-02,sh.600000,20.7400,20.7400,20.7400,20.7400,20.7400,0,0.0000,3,,0,0.000000,13.879132,2.815982,5.030356,6.940647,0
2010-03-03,sh.600000,20.7400,20.7400,20.7400,20.7400,20.7400,0,0.0000,3,,0,0.000000,13.879132,2.815982,5.030356,6.940647,0
2010-03-04,sh.600000,20.7400,20.7400,20.7400,20.7400,20.7400,0,0.0000,3,,0,0.000000,13.879132,2.815982,5.030356,6.940647,0
2010-03-05,sh.600000,20.7400,20.7400,20.7400,20.7400,20.7400,0,0.0000,3,,0,0.000000,13.879132,2.815982,5.030356,6.940647,0
2010-03-08,sh.600000,20.7400,20.7400,20.7400,20.7400,20.7400,0,0.0000,3,,0,0.000000,13.879132,2.815982,5.030356,6.940647,0
2010-03-09,sh.600000,20.7400,20.7400,20.7400,20.7400,20.7400,0,0.0000,3,,0,0.000000,13.879132,2.815982,5.030356,6.940647,0
2010-03-10,sh.600000,20.7400,20.7400,20.7400,20.7400,20.7400,0,0.0000,3,,0,0.000000,13.879132,2.815982,5.030356,6.940647,0
2010-03-11,sh.600000,21.0000,21.8000,20.9000,21.3000,20.7400,230271759,4943091130.0000,3,2.905312,1,2.700100,14.253882,2.892016,5.166181,7.128052,0
2010-03-12,sh.600000,21.3200,21.5200,21.0200,21.0400,21.3000,74911752,1595763943.0000,3,0.945153,1,-1.220700,14.079891,2.856714,5.103119,7.041042,0
2010-03-15,sh.600000,21.0000,21.1500,20.5800,20.6800,21.0400,58127318,1208927247.0000,3,0.733386,1,-1.711000,13.838980,2.807835,5.015804,6.920568,0
2010-03-16,sh.600000,20.6300,21.2000,20.5100,21.1900,20.6800,56343015,1176059947.0000,3,0.710873,1,2.466200,14.180270,2.877081,5.139501,7.091240,0
2010-03-17,sh.600000,21.2300,21.7500,20.9500,21.6700,21.1900,90740415,1945888211.0000,3,1.144861,1,2.265200,14.501485,2.942253,5.255922,7.251872,0
2010-03-18,sh.600000,21.6600,22.2100,21.5500,21.7000,21.6700,88983821,1948256914.0000,3,1.122699,1,0.138400,14.521560,2.946326,5.263198,7.261912,0
2010-03-19,sh.600000,21.8200,22.0400,21.5000,21.8000,21.7000,44756709,974278040.0000,3,0.564690,1,0.460800,14.588480,2.959904,5.287452,7.295377,0
2010-03-22,sh.600000,21.8500,22.3500,21.8500,22.2100,21.8000,96636042,2147457185.0000,3,1.219246,1,1.880700,14.862851,3.015572,5.386895,7.432583,0
2010-03-23,sh.600000,22.2500,22.4300,21.8900,22.0000,22.2100,62566261,1386852319.0000,3,0.789391,1,-0.945500,14.722319,2.987059,5.335961,7.362307,0
2010-03-24,sh.600000,22.0500,22.3900,22.0000,22.0300,22.0000,51092919,1134210263.0000,3,0.644633,1,0.136400,14.742395,2.991132,5.343238,7.372346,0
2010-03-25,sh.600000,21.9600,21.9600,21.4600,21.6100,22.0300,52512296,1139337600.0000,3,0.662542,1,-1.906500,14.461333,2.934106,5.241369,7.231793,0
2010-03-26,sh.600000,21.5200,22.5100,21.5200,22.2600,21.6100,82497766,1834668501.0000,3,1.040865,1,3.007900,14.896310,3.022360,5.399023,7.449316,0
2010-03-29,sh.600000,22.4500,23.1200,22.3100,22.9800,22.2600,139499328,3200058576.0000,3,1.760047,1,3.234500,15.378132,3.120119,5.573654,7.690264,0
2010-03-30,sh.600000,22.9800,22.9800,22.9800,22.9800,22.9800,0,0.0000,3,,0,0.000000,15.378132,3.120119,5.573654,7.690264,0
2010-03-31,sh.600000,23.0700,23.0900,22.7000,22.7800,22.9800,54201365,1237976726.0000,3,0.683852,1,-0.870300,15.244293,3.092964,5.525145,7.623334,0
2010-04-01,sh.600000,22.7700,23.1200,22.6500,22.8500,22.7800,58179154,1330514487.0000,3,0.734040,1,0.307300,15.291136,3.102468,5.542123,7.646759,0
2010-04-02,sh.600000,22.8600,23.1000,22.8000,22.9100,22.8500,40777535,934433179.0000,3,0.514485,1,0.262600,15.331288,3.110615,5.556676,7.666839,0
2010-04-06,sh.600000,23.0500,23.3800,22.9100,22.9900,22.9100,53809591,1243972016.0000,3,0.678909,1,0.349200,15.384824,3.121477,5.576079,7.693611,0
2010-04-07,sh.600000,23.0000,23.0800,22.5400,22.7800,22.9900,50601633,1150564457.0000,3,0.638435,1,-0.913400,15.219400,2.960110,5.462438,5.267735,0
2010-04-08,sh.600000,22.5000,22.9700,22.5000,22.5800,22.7800,46876305,1063340620.0000,3,0.591433,1,-0.878000,15.085780,2.934121,5.414480,5.221486,0
2010-04-09,sh.600000,22.6000,23.0200,22.5900,22.9400,22.5800,38392741,876658018.0000,3,0.484397,1,1.594300,15.326297,2.980901,5.500804,5.304734,0
2010-04-12,sh.600000,23.0000,23.0500,22.2100,22.4300,22.9400,57895624,1306221421.0000,3,0.730462,1,-2.223200,14.985564,2.914630,5.378511,5.186799,0
2010-04-13,sh.600000,22.4000,23.1200,22.2500,23.0300,22.4300,84063856,1920139746.0000,3,1.060624,1,2.675000,15.386426,2.992596,5.522386,5.325545,0
2010-04-14,sh.600000,23.1200,23.1200,22.7600,22.8800,23.0300,38865502,889428485.0000,3,0.490362,1,-0.651300,15.286211,2.973104,5.486417,5.290859,0
2010-04-15,sh.600000,22.9600,22.9800,22.4900,22.7700,22.8800,42311790,961485305.0000,3,0.533843,1,-0.480800,15.212719,2.958811,5.460040,5.265422,0
2010-04-16,sh.600000,22.6700,22.6800,22.0200,22.0600,22.7700,54964770,1223884911.0000,3,0.693484,1,-3.118100,14.738366,2.866551,5.289788,5.101239,0
2010-04-19,sh.600000,21.6900,21.6900,20.4900,20.5600,22.0600,123269959,2578443261.0000,3,1.555283,1,-6.799600,13.736210,2.671636,4.930102,4.754373,0
2010-04-20,sh.600000,20.5500,20.7000,20.0000,20.5400,20.5600,63866293,1299015756.0000,3,0.805794,1,-0.097300,13.722848,2.669037,4.925306,4.749748,0
2010-04-21,sh.600000,20.4600,20.8900,20.2900,20.8600,20.5400,55737608,1148975017.0000,3,0.703235,1,1.557900,13.936641,2.710619,5.002039,4.823746,0
2010-04-22,sh.600000,20.6900,20.6900,20.0800,20.1900,20.8600,69600677,1410303098.0000,3,0.878144,1,-3.211900,13.489012,2.623557,4.841379,4.668813,0
2010-04-23,sh.600000,20.2000,20.8500,19.9500,20.3900,20.1900,83772876,1704941913.0000,3,1.056953,1,0.990600,13.622633,2.649545,4.889337,4.715062,0
2010-04-26,sh.600000,20.4200,20.7900,20.2200,20.4600,20.3900,46179483,949350082.0000,3,0.582641,1,0.343300,13.669400,2.658641,4.906123,4.731249,0
2010-04-27,sh.600000,20.2600,20.3600,19.7800,20.1100,20.4600,57834285,1160690576.0000,3,0.729689,1,-1.710700,13.435564,2.613161,4.822196,4.650313,0
2010-04-28,sh.600000,20.1100,20.1100,20.1100,20.1100,20.1100,0,0.0000,3,,0,0.000000,13.435564,2.613161,4.822196,4.650313,0
2010-04-29,sh.600000,20.2500,20.6000,20.1600,20.1900,20.1100,54096309,1103099387.0000,3,0.682527,1,0.397800,13.489012,2.623557,4.841379,4.668813,0
2010-04-30,sh.600000,20.3000,20.6300,20.1600,20.5900,20.1900,52265741,1070286777.0000,3,0.659431,1,1.981200,12.659021,2.517860,4.585860,-23.298987,0
2010-05-04,sh.600000,20.2200,20.5700,19.9000,20.1900,20.5900,46170463,933963133.0000,3,0.582527,1,-1.942700,12.413096,2.468946,4.496771,-22.846360,0
2010-05-05,sh.600000,19.9500,20.3500,19.6700,20.3100,20.1900,54733838,1092883258.0000,3,0.690571,1,0.594400,12.486873,2.483620,4.523498,-22.982148,0
2010-05-06,sh.600000,20.1000,20.1000,19.0000,19.0400,20.3100,74669511,1455622741.0000,3,0.942097,1,-6.253100,11.706060,2.328318,4.240640,-21.545057,0
2010-05-07,sh.600000,18.6600,19.0800,18.4500,18.5500,19.0400,61558279,1154038840.0000,3,0.776674,1,-2.573500,11.404801,2.268398,4.131506,-20.990588,0
2010-05-10,sh.600000,18.7200,19.1500,18.5000,18.9800,18.5500,45360001,855166079.0000,3,0.572302,1,2.318100,11.669171,2.320981,4.227277,-21.477163,0
2010-05-11,sh.600000,19.4400,19.5200,18.5000,18.7500,18.9800,59396296,1134347419.0000,3,0.749396,1,-1.211800,11.527764,2.292855,4.176051,-21.216902,0
2010-05-12,sh.600000,18.4700,19.2400,18.4300,19.1900,18.7500,81130496,1535265025.0000,3,1.023614,1,2.346700,11.798282,2.346661,4.274049,-21.714792,0
2010-05-13,sh.600000,19.1000,19.9600,19.0000,19.7100,19.1900,78035578,1526868697.0000,3,0.984566,1,2.709700,12.117985,2.410249,4.389864,-22.303208,0
2010-05-14,sh.600000,19.5100,19.6400,19.2300,19.4000,19.7100,38321249,744352290.0000,3,0.483495,1,-1.572800,11.927393,2.372340,4.320820,-21.952421,0
2010-05-17,sh.600000,19.1700,19.1700,18.6000,18.6600,19.4000,43804793,822883415.0000,3,0.552680,1,-3.814400,11.472430,2.281849,4.156006,-21.115061,0
2010-05-18,sh.600000,18.7300,19.5000,18.7200,19.3500,18.6600,62168559,1190275864.0000,3,0.784374,1,3.697700,11.896652,2.366226,4.309684,-21.895843,0
2010-05-19,sh.600000,19.1600,19.6700,19.0000,19.2600,19.3500,40046627,774847529.0000,3,0.505264,1,-0.465100,11.841319,2.355221,4.289639,-21.794002,0
2010-05-20,sh.600000,19.1000,19.4500,18.7900,18.9100,19.2600,38877427,740314165.0000,3,0.490512,1,-1.817200,11.626134,2.312421,4.211686,-21.397953,0
2010-05-21,sh.600000,18.4800,19.3000,18.4000,19.2300,18.9100,40777827,771270524.0000,3,0.514489,1,1.692200,11.822874,2.351552,4.282957,-21.760055,0
2010-05-24,sh.600000,19.3800,20.0000,19.3800,19.7400,19.2300,61911238,1221387596.0000,3,0.781127,1,2.652100,12.136429,2.413918,4.396546,-22.337155,0
2010-05-25,sh.600000,19.6000,19.6600,18.9900,19.1400,19.7400,52506336,1010824727.0000,3,0.662466,1,-3.039500,11.767541,2.340546,4.262912,-21.658214,0
2010-05-26,sh.600000,19.2100,19.3800,18.9400,19.1100,19.1400,25592461,489097257.0000,3,0.322897,1,-0.156700,11.749097,2.336878,4.256231,-21.624267,0
2010-05-27,sh.600000,19.0800,19.3200,18.8000,19.3100,19.1100,31281232,598110768.0000,3,0.394672,1,1.046600,11.872059,2.361335,4.300775,-21.850580,0
2010-05-28,sh.600000,19.5200,19.6000,19.0300,19.1300,19.3100,32337600,623966140.0000,3,0.408000,1,-0.932200,11.761393,2.339323,4.260685,-21.646898,0
2010-05-31,sh.600000,18.9000,19.1100,18.5000,18.5400,19.1300,51779891,972373572.0000,3,0.653301,1,-3.084200,11.398653,2.267175,4.129279,-20.979273,0
2010-06-01,sh.600000,18.4700,18.7300,18.3000,18.4200,18.5400,41838832,771511544.0000,3,0.527876,1,-0.647200,11.324875,2.252501,4.102552,-20.843485,0
2010-06-02,sh.600000,18.3800,18.4800,18.0700,18.4000,18.4200,31485389,575726765.0000,3,0.397248,1,-0.108600,11.312579,2.250055,4.098098,-20.820853,0
2010-06-03,sh.600000,18.4900,18.6000,18.1600,18.2000,18.4000,41470018,761913864.0000,3,0.523222,1,-1.087000,11.189616,2.225598,4.053553,-20.594540,0
2010-06-04,sh.600000,18.1300,18.2800,18.0500,18.1700,18.2000,28804637,522316732.0000,3,0.363425,1,-0.164800,11.171171,2.221929,4.046871,-20.560593,0
2010-06-07,sh.600000,17.9000,18.0500,17.5900,17.6400,18.1700,47409887,842961733.0000,3,0.598165,1,-2.916900,10.845320,2.157118,3.928828,-19.960862,0
2010-06-08,sh.600000,17.6900,17.8100,17.1800,17.4000,17.6400,40051743,701941332.0000,3,0.505328,1,-1.360500,10.697765,2.127769,3.875375,-19.689285,0
2010-06-09,sh.600000,17.4900,18.5400,17.1700,18.5000,17.4000,93220918,1677856551.0000,3,1.176158,1,6.321841,11.374060,2.262283,4.120370,-20.934010,0
2010-06-10,sh.600000,13.7000,14.0000,13.6600,13.7000,14.1200,52437769,725462720.0000,3,0.508924,1,-2.974500,10.949838,2.177906,3.966691,-20.153228,0
2010-06-11,sh.600000,13.7700,14.1700,13.7100,13.8200,13.7000,63179327,880845072.0000,3,0.613174,1,0.875900,11.045749,2.196983,4.001436,-20.329753,0
2010-06-17,sh.600000,13.9100,14.1300,13.7700,13.8500,13.8200,47895735,667865285.0000,3,0.464842,1,0.217100,11.069727,2.201752,4.010122,-20.373884,0
2010-06-18,sh.600000,13.8600,14.2000,13.7800,13.9000,13.8500,65781891,922043291.0000,3,0.638433,1,0.361000,11.109690,2.209701,4.024599,-20.447436,0
2010-06-21,sh.600000,14.0000,14.6400,13.8500,14.4800,13.9000,98921549,1418075364.0000,3,0.960063,1,4.172700,11.573260,2.301904,4.192532,-21.300638,0
2010-06-22,sh.600000,14.4200,14.6700,14.3600,14.4900,14.4800,43036535,623676508.0000,3,0.417682,1,0.069100,11.581252,2.303494,4.195427,-21.315349,0
2010-06-23,sh.600000,14.4000,14.5300,14.0900,14.2500,14.4900,39150500,558300835.0000,3,0.379967,1,-1.656300,11.389430,2.265341,4.125938,-20.962299,0
2010-06-24,sh.600000,14.2100,14.5000,14.0400,14.3400,14.2500,34387096,492785965.0000,3,0.333737,1,0.631600,11.461364,2.279648,4.151997,-21.094693,0
2010-06-25,sh.600000,14.2500,14.4800,14.2000,14.4000,14.3400,32535651,467122590.0000,3,0.315768,1,0.418400,11.509319,2.289186,4.169369,-21.182955,0
2010-06-28,sh.600000,14.4000,14.6500,14.2200,14.4300,14.4000,48930056,708587795.0000,3,0.474881,1,0.208300,11.533297,2.293955,4.178055,-21.227086,0
2010-06-29,sh.600000,14.4500,14.5000,13.7400,13.7600,14.4300,65494721,921508600.0000,3,0.635646,1,-4.643100,10.997794,2.187445,3.984064,-20.241490,0
2010-06-30,sh.600000,13.6900,13.8600,13.5200,13.6000,13.7600,34558958,473254412.0000,3,0.335405,1,-1.162800,10.869912,2.162009,3.937737,-20.006124,0
2010-07-01,sh.600000,13.5600,13.8000,13.4800,13.5000,13.6000,32989253,448251017.0000,3,0.320170,1,-0.735300,10.789987,2.146112,3.908783,-19.859020,0
2010-07-02,sh.600000,13.5500,13.6800,13.1400,13.6700,13.5000,44785293,602308778.0000,3,0.434655,1,1.259300,10.925861,2.173137,3.958005,-20.109097,0
2010-07-05,sh.600000,13.4500,13.7500,13.2100,13.5300,13.6700,35989580,485101365.0000,3,0.349290,1,-1.024100,10.813964,2.150881,3.917470,-19.903152,0
2010-07-06,sh.600000,13.5400,13.8500,13.4500,13.8300,13.5300,50169905,685881949.0000,3,0.486914,1,2.217300,11.053742,2.198573,4.004331,-20.344463,0
2010-07-07,sh.600000,13.7400,13.8300,13.6000,13.7600,13.8300,33977340,465516552.0000,3,0.329760,1,-0.506100,10.997794,2.187445,3.984064,-20.241490,0
2010-07-08,sh.600000,13.8800,14.0600,13.7300,13.7900,13.7600,45101784,626025809.0000,3,0.437726,1,0.218000,11.021772,2.192214,3.992750,-20.285622,0
2010-07-09,sh.600000,13.8100,14.4900,13.6900,14.2300,13.7900,76856389,1085618756.0000,3,0.745914,1,3.190700,11.373445,2.262161,4.120147,-20.932879,0
2010-07-12,sh.600000,14.2300,14.6600,14.1500,14.4300,14.2300,58299174,841572628.0000,3,0.565811,1,1.405500,11.533297,2.293955,4.178055,-21.227086,0
2010-07-13,sh.600000,14.2100,14.3700,14.0600,14.1700,14.4300,44913760,636641748.0000,3,0.435901,1,-1.801800,11.325490,2.252623,4.102775,-20.844616,0
2010-07-14,sh.600000,14.2200,14.6400,14.2200,14.4100,14.1700,60363343,871449960.0000,3,0.585844,1,1.693700,11.517312,2.290776,4.172264,-21.197665,0
2010-07-15,sh.600000,14.4100,14.6200,14.0700,14.1000,14.4100,47460309,678620878.0000,3,0.460616,1,-2.151300,11.269542,2.241495,4.082507,-20.741644,0
2010-07-16,sh.600000,14.0000,14.2300,13.9000,14.1500,14.1000,40892325,573948198.0000,3,0.396872,1,0.354604,11.309505,2.249443,4.096984,-20.815195,0
2010-07-19,sh.600000,14.0700,14.6300,13.9800,14.5300,14.1500,65708689,947603768.0000,3,0.637722,1,2.685500,11.613223,2.309853,4.207009,-21.374190,0
2010-07-20,sh.600000,14.5900,14.9600,14.5000,14.6500,14.5300,79072757,1165343108.0000,3,0.767425,1,0.825900,11.709134,2.328929,4.241754,-21.550715,0
2010-07-21,sh.600000,14.6800,14.7300,14.5100,14.6500,14.6500,44902488,656426774.0000,3,0.435792,1,0.000000,11.709134,2.328929,4.241754,-21.550715,0
2010-07-22,sh.600000,14.5900,14.8500,14.4900,14.8000,14.6500,56509381,833413442.0000,3,0.548440,1,1.023900,11.829022,2.352775,4.285185,-21.771370,0
2010-07-23,sh.600000,14.8000,15.1500,14.7300,14.9200,14.8000,76799211,1145633847.0000,3,0.745359,1,0.810800,11.924933,2.371851,4.319929,-21.947895,0
2010-07-26,sh.600000,14.9200,15.0000,14.7600,14.8900,14.9200,40369550,599720851.0000,3,0.391798,1,-0.201100,11.900956,2.367082,4.311243,-21.903764,0
2010-07-27,sh.600000,14.8100,14.8100,14.5600,14.6100,14.8900,52103320,763431981.0000,3,0.505678,1,-1.880500,11.677163,2.322570,4.230172,-21.491873,0
2010-07-28,sh.600000,14.7000,15.1400,14.5800,15.0700,14.6100,85532236,1277292888.0000,3,0.830116,1,3.148500,12.044822,2.395697,4.363360,-22.168551,0
2010-07-29,sh.600000,15.1000,15.2200,14.9200,15.0800,15.0700,69649439,1049605494.0000,3,0.675968,1,0.066400,12.052815,2.397287,4.366256,-22.183261,0
2010-07-30,sh.600000,15.0000,15.0500,14.8600,14.9800,15.0800,33083139,494243446.0000,3,0.321082,1,-0.663100,11.972889,2.381390,4.337302,-22.036157,0
2010-08-02,sh.600000,14.9100,15.3000,14.8700,15.3000,14.9800,65421012,992064194.0000,3,0.634930,1,2.136200,12.228652,2.432260,4.429954,-22.506890,0
2010-08-03,sh.600000,15.3100,15.3400,14.9000,14.9100,15.3000,62854668,950090558.0000,3,0.610023,1,-2.549000,11.916941,2.370262,4.317034,-21.933185,0
2010-08-04,sh.600000,14.9000,14.9300,14.5400,14.7900,14.9100,75269997,1107946627.0000,3,0.730518,1,-0.804800,11.821030,2.351185,4.282289,-21.756660,0
2010-08-05,sh.600000,14.7500,14.7500,14.4200,14.5300,14.7900,64461099,939332428.0000,3,0.625614,1,-1.757900,11.613223,2.309853,4.207009,-21.374190,0
2010-08-06,sh.600000,14.5000,14.7400,14.3000,14.6900,14.5300,63904291,927585923.0000,3,0.620210,1,1.101200,11.741104,2.335288,4.253335,-21.609556,0
2010-08-09,sh.600000,14.6500,14.8000,14.5000,14.6000,14.6900,65817780,961880755.0000,3,0.638781,1,-0.612700,11.669171,2.320981,4.227277,-21.477163,0
2010-08-10,sh.600000,14.6200,14.6900,14.0300,14.0700,14.6000,70934886,1019389647.0000,3,0.688444,1,-3.630100,11.245564,2.236726,4.073821,-20.697512,0
2010-08-11,sh.600000,14.0500,14.2900,14.0100,14.1200,14.0700,40185978,567503571.0000,3,0.390017,1,0.355400,11.285527,2.244674,4.088298,-20.771064,0
2010-08-12,sh.600000,13.9800,14.1200,13.8200,13.8900,14.1200,52092833,725912633.0000,3,0.505576,1,-1.628900,11.101697,2.208111,4.021704,-20.432725,0
2010-08-13,sh.600000,13.9300,14.0200,13.7000,13.9900,13.8900,65122982,902877091.0000,3,0.632038,1,0.719900,11.181623,2.224008,4.050658,-20.579829,0
2010-08-16,sh.600000,13.9100,14.3800,13.8500,14.3000,13.9900,70298086,995317243.0000,3,0.682264,1,2.215900,11.429393,2.273289,4.140415,-21.035851,0
2010-08-17,sh.600000,14.3100,14.4700,14.1800,14.4100,14.3000,58280094,834705798.0000,3,0.565626,1,0.769200,11.517312,2.290776,4.172264,-21.197665,0
2010-08-18,sh.600000,14.4200,14.5900,14.2500,14.3000,14.4100,72467574,1043450943.0000,3,0.703319,1,-0.763400,11.429393,2.273289,4.140415,-21.035851,0
2010-08-19,sh.600000,14.3000,14.5600,14.1300,14.4500,14.3000,88905564,1278554855.0000,3,0.862855,1,1.049000,11.549282,2.297135,4.183846,-21.256507,0
2010-08-20,sh.600000,14.3000,14.5500,14.1600,14.1900,14.4500,62482199,896280043.0000,3,0.606408,1,-1.799300,11.341475,2.255802,4.108566,-20.874037,0
2010-08-23,sh.600000,14.2000,14.5800,14.2000,14.3400,14.1900,57525198,829524099.0000,3,0.558299,1,1.057100,11.461364,2.279648,4.151997,-21.094693,0
2010-08-24,sh.600000,14.3200,14.5400,14.1500,14.3800,14.3400,48256463,694908875.0000,3,0.468343,1,0.278900,11.493334,2.286007,4.163578,-21.153534,0
2010-08-25,sh.600000,14.2900,14.3300,13.9800,14.0300,14.3800,49499195,699447224.0000,3,0.480404,1,-2.433900,11.213594,2.230367,4.062239,-20.638671,0
2010-08-26,sh.600000,14.1600,14.1900,13.9300,13.9700,14.0300,29704170,416241560.0000,3,0.288288,1,-0.427700,11.165638,2.220829,4.044867,-20.550408,0
2010-08-27,sh.600000,13.9900,14.1300,13.8800,13.9800,13.9700,35648958,498344600.0000,3,0.345984,1,0.071600,11.173631,2.222418,4.047762,-20.565119,0
2010-08-30,sh.600000,14.0600,14.2000,13.9700,14.1000,13.9800,52065218,733619305.0000,3,0.505308,1,0.858400,10.431044,2.132967,3.773009,2.197284,0
2010-08-31,sh.600000,14.0400,14.1300,13.9200,13.9900,14.1000,51313006,718625404.0000,3,0.498008,1,-0.780100,10.349667,2.116327,3.743574,2.180142,0
2010-09-01,sh.600000,14.0700,14.3400,13.7900,13.9900,13.9900,90479283,1270601410.0000,3,0.878128,1,0.000000,10.349667,2.116327,3.743574,2.180142,0
2010-09-02,sh.600000,14.2800,14.2800,13.9500,14.0700,13.9900,67694138,952725720.0000,3,0.656992,1,0.571800,10.408850,2.128429,3.764981,2.192609,0
2010-09-03,sh.600000,14.0700,14.0700,13.8300,13.9500,14.0700,61894269,860281572.0000,3,0.600702,1,-0.852900,10.320075,2.110276,3.732871,2.173909,0
2010-09-06,sh.600000,14.0100,14.2600,13.8800,14.2300,13.9500,104581943,1478452480.0000,3,1.014999,1,2.007200,10.527216,2.152633,3.807796,2.217543,0
2010-09-07,sh.600000,14.2500,14.3400,14.0500,14.1600,14.2300,58235840,825884779.0000,3,0.565196,1,-0.491900,10.475431,2.142043,3.789064,2.206634,0
2010-09-08,sh.600000,14.0500,14.0700,13.8000,13.8900,14.1600,86168491,1196825831.0000,3,0.836291,1,-1.906776,10.275688,2.101199,3.716815,2.164559,0
2010-09-09,sh.600000,13.8900,13.9000,13.4500,13.5400,13.8900,111465647,1518435847.0000,3,1.081807,1,-2.519800,10.016761,2.048253,3.623159,2.110016,0
2010-09-10,sh.600000,13.5500,13.6100,13.3000,13.5100,13.5400,53410553,718666801.0000,3,0.518365,1,-0.221600,9.994567,2.043715,3.615131,2.105341,0
2010-09-13,sh.600000,13.4500,13.6500,13.3000,13.4900,13.5100,72412342,973891188.0000,3,0.702783,1,-0.148000,9.979772,2.040690,3.609780,2.102224,0
2010-09-14,sh.600000,13.5800,13.6700,13.4100,13.5000,13.4900,61653853,837069869.0000,3,0.598369,1,0.074100,9.987170,2.042202,3.612455,2.103783,0
2010-09-15,sh.600000,13.5300,13.5300,13.3000,13.3300,13.5000,44861148,598976950.0000,3,0.435391,1,-1.259300,9.861405,2.016486,3.566965,2.077291,0
2010-09-16,sh.600000,13.3000,13.3000,12.9000,13.0200,13.3300,73439103,962141564.0000,3,0.712748,1,-2.325600,9.632070,1.969591,3.484013,2.028982,0
2010-09-17,sh.600000,13.0900,13.1300,12.9000,12.9600,13.0200,43280633,561810742.0000,3,0.420051,1,-0.460800,9.587683,1.960514,3.467957,2.019631,0
2010-09-20,sh.600000,12.9600,12.9600,12.9600,12.9600,12.9600,0,0.0000,3,,0,0.000000,9.587683,1.960514,3.467957,2.019631,0
2010-09-21,sh.600000,13.0000,13.1000,12.8700,12.9400,12.9600,33671474,435800784.0000,3,0.326792,1,-0.154300,9.572887,1.957489,3.462605,2.016515,0
2010-09-27,sh.600000,13.0000,13.0200,12.8900,12.9300,12.9400,43203690,558528362.0000,3,0.419305,1,-0.077300,9.565489,1.955976,3.459930,2.014956,0
2010-09-28,sh.600000,12.9200,12.9200,12.5700,12.5800,12.9300,63988129,812414100.0000,3,0.621024,1,-2.706900,9.306562,1.903030,3.366273,1.960414,0
2010-09-29,sh.600000,12.2000,12.6900,12.1200,12.4900,12.5800,79916494,997197203.0000,3,0.696194,1,-0.715400,9.239981,1.889415,3.342190,1.946389,0
2010-09-30,sh.600000,12.3700,12.9900,12.3200,12.9600,12.4900,76420556,979547222.0000,3,0.665739,1,3.763000,9.587683,1.960514,3.467957,2.019631,0
2010-10-08,sh.600000,13.0900,13.4700,12.8600,13.3600,12.9600,99243331,1315643037.0000,3,0.864560,1,3.086400,9.883599,2.021024,3.574993,2.081966,0
2010-10-11,sh.600000,13.3700,14.0500,13.3600,13.8900,13.3600,168240264,2318100819.0000,3,1.465628,1,3.967100,10.275688,2.101199,3.716815,2.164559,0
2010-10-12,sh.600000,13.8300,13.9800,13.7000,13.9600,13.8900,108929191,1510044994.0000,3,0.948938,1,0.504000,10.327473,2.111789,3.735547,2.175467,0
2010-10-13,sh.600000,13.9700,14.4900,13.8800,14.4400,13.9600,211717370,3007557042.0000,3,1.844379,1,3.438400,10.682572,2.184400,3.863989,2.250268,0
2010-10-14,sh.600000,14.5100,15.0000,14.3400,14.3900,14.4400,219500516,3224287046.0000,3,1.912182,1,-0.346300,13.306979,2.721046,4.813262,2.803096,0
2010-10-15,sh.600000,14.3200,15.2900,14.2900,15.2500,14.3900,282011075,4209289593.0000,3,2.456744,1,5.976400,14.102253,2.883665,5.100921,2.970619,0
2010-10-18,sh.600000,15.6000,15.9500,15.2100,15.3500,15.2500,267097716,4152881189.0000,3,2.326826,1,0.655700,14.194727,2.902575,5.134370,2.990099,0
2010-10-19,sh.600000,15.3500,15.4000,15.0000,15.3600,15.3500,144202185,2190463392.0000,3,1.256220,1,0.065100,14.203974,2.904466,5.137714,2.992047,0
2010-10-20,sh.600000,15.2300,15.7500,15.1000,15.2700,15.3600,185767858,2865243850.0000,3,1.618320,1,-0.585900,14.120748,2.887447,5.107611,2.974515,0
2010-10-21,sh.600000,15.2700,15.2900,14.5500,14.6900,15.2700,150426073,2232984803.0000,3,1.310439,1,-3.798300,13.584400,2.777773,4.913608,2.861534,0
2010-10-22,sh.600000,14.6400,14.7400,14.3800,14.5500,14.6900,109896506,1596056502.0000,3,0.957365,1,-0.953000,13.454937,2.751300,4.866780,2.834263,0
2010-10-25,sh.600000,14.5800,14.9500,14.2400,14.7200,14.5500,143474639,2098193318.0000,3,1.249882,1,1.168400,13.612142,2.783446,4.923643,2.867378,0
2010-10-26,sh.600000,14.7600,14.9700,14.4000,14.6200,14.7200,107789175,1582273772.0000,3,0.939007,1,-0.679300,13.519668,2.764537,4.890194,2.847899,0
2010-10-27,sh.600000,14.5600,14.9800,14.3900,14.4300,14.6200,121544448,1780283745.0000,3,1.058836,1,-1.299600,13.343968,2.728609,4.826642,2.810888,0
2010-10-28,sh.600000,14.4300,14.7000,14.2700,14.5700,14.4300,99319456,1438269029.0000,3,0.865223,1,0.970200,13.473431,2.755082,4.873470,2.838159,0
2010-10-29,sh.600000,14.6800,14.6800,14.3000,14.4800,14.5700,97225797,1407668560.0000,3,0.846984,1,-0.617700,11.696358,2.546175,4.480383,6.612077,0
2010-11-01,sh.600000,14.5100,14.7400,14.4700,14.6500,14.4800,116241177,1695574766.0000,3,1.012637,1,1.174000,11.833677,2.576068,4.532984,6.689705,0
2010-11-02,sh.600000,14.6500,14.7800,14.2700,14.5000,14.6500,137575640,1996966952.0000,3,1.198492,1,-1.023900,11.712513,2.549692,4.486572,6.621210,0
2010-11-03,sh.600000,14.5000,14.9800,14.3600,14.6900,14.5000,192927706,2844550996.0000,3,1.680693,1,1.310300,11.865988,2.583101,4.545361,6.707971,0
2010-11-04,sh.600000,14.7500,14.8300,14.5000,14.7000,14.6900,159439685,2340672415.0000,3,1.388961,1,0.068100,11.874065,2.584860,4.548455,6.712537,0
2010-11-05,sh.600000,14.8600,14.9400,14.5800,14.7200,14.7000,148253623,2178617062.0000,3,1.291514,1,0.136100,11.890220,2.588376,4.554644,6.721670,0
2010-11-08,sh.600000,14.7800,15.1200,14.7400,14.9100,14.7200,158999856,2373788723.0000,3,1.385130,1,1.290800,12.043695,2.621786,4.613433,6.808431,0
2010-11-09,sh.600000,14.9500,15.0000,14.4000,14.5100,14.9100,168692580,2472861556.0000,3,1.469568,1,-2.682800,11.720591,2.551450,4.489666,6.625777,0
2010-11-10,sh.600000,14.4500,14.4500,13.9800,14.1200,14.5100,185659480,2623791390.0000,3,1.617375,1,-2.687800,11.405565,2.482872,4.368993,6.447689,0
2010-11-11,sh.600000,14.1100,14.4500,14.0500,14.2400,14.1200,140741160,1997773591.0000,3,1.226069,1,0.849900,11.502496,2.503973,4.406123,6.502485,0
2010-11-12,sh.600000,14.1400,14.1400,13.3600,13.3800,14.2400,162468793,2234619167.0000,3,1.415349,1,-6.039300,10.807823,2.352750,4.140023,6.109779,0
2010-11-15,sh.600000,13.4500,13.5900,13.1600,13.5300,13.3800,102330904,1361157810.0000,3,0.891457,1,1.121100,10.928986,2.379126,4.186435,6.178274,0
2010-11-16,sh.600000,13.4000,13.4100,12.9700,13.0300,13.5300,101346354,1333616455.0000,3,0.882880,1,-3.695500,10.525107,2.291206,4.031726,5.949956,0
2010-11-17,sh.600000,12.9200,13.3600,12.8500,13.1300,13.0300,88936367,1168116297.0000,3,0.774771,1,0.767500,10.605883,2.308790,4.062668,5.995620,0
2010-11-18,sh.600000,13.2500,13.3100,13.0500,13.1900,13.1300,51868061,683851034.0000,3,0.451849,1,0.457000,10.654348,2.319340,4.081233,6.023018,0
2010-11-19,sh.600000,13.2400,13.2600,12.8600,13.1200,13.1900,80225581,1047077141.0000,3,0.698886,1,-0.530700,10.597805,2.307031,4.059574,5.991054,0
2010-11-22,sh.600000,12.9000,13.0300,12.8000,12.8700,13.1200,81871304,1055428706.0000,3,0.713223,1,-1.905500,10.395865,2.263071,3.982219,5.876895,0
2010-11-23,sh.600000,12.8300,12.8300,12.5200,12.6600,12.8700,82534428,1044622800.0000,3,0.719000,1,-1.631700,10.226236,2.226144,3.917241,5.781001,0
2010-11-24,sh.600000,12.6500,12.9200,12.6400,12.7900,12.6600,59367417,759510255.0000,3,0.517180,1,1.026900,10.331244,2.249004,3.957466,5.840364,0
2010-11-25,sh.600000,12.9000,13.0700,12.6900,13.0000,12.7900,85551206,1103140782.0000,3,0.745281,1,1.641900,10.500874,2.285930,4.022444,5.936257,0
2010-11-26,sh.600000,13.0900,13.2000,12.9100,13.0400,13.0000,72170185,941692413.0000,3,0.628712,1,0.307700,10.533184,2.292964,4.034820,5.954523,0
2010-11-29,sh.600000,12.9700,13.0500,12.8400,12.9600,13.0400,44456207,574483829.0000,3,0.387281,1,-0.613500,10.468564,2.278897,4.010067,5.917992,0
2010-11-30,sh.600000,12.9200,12.9800,12.5300,12.6900,12.9600,70465506,896825469.0000,3,0.613861,1,-2.083300,10.250468,2.231420,3.926524,5.794701,0
2010-12-01,sh.600000,12.6600,12.8200,12.6200,12.7400,12.6900,31699307,403667347.0000,3,0.276149,1,0.394000,10.290856,2.240212,3.941995,5.817532,0
2010-12-02,sh.600000,12.9500,12.9700,12.7500,12.7900,12.7400,46735608,601006327.0000,3,0.407138,1,0.392500,10.331244,2.249004,3.957466,5.840364,0
2010-12-03,sh.600000,12.8100,12.8900,12.7300,12.8200,12.7900,33562275,430350135.0000,3,0.292378,1,0.234600,10.355477,2.254279,3.966748,5.854063,0
2010-12-06,sh.600000,12.8700,13.1200,12.8100,13.0500,12.8200,67233922,873902630.0000,3,0.585709,1,1.794100,10.541262,2.294722,4.037914,5.959089,0
2010-12-07,sh.600000,13.0000,13.1100,12.8700,13.0600,13.0500,50371023,653787569.0000,3,0.438808,1,0.076600,10.549339,2.296481,4.041009,5.963656,0
2010-12-08,sh.600000,13.0400,13.0700,12.8700,12.9100,13.0600,46375216,600882768.0000,3,0.403998,1,-1.148500,10.428176,2.270105,3.994596,5.895160,0
2010-12-09,sh.600000,12.8500,12.8600,12.6800,12.7000,12.9100,50052445,638381476.0000,3,0.436033,1,-1.626600,10.258546,2.233178,3.929618,5.799267,0
2010-12-10,sh.600000,12.6400,12.8500,12.6300,12.7800,12.7000,33921914,431884199.0000,3,0.295511,1,0.629900,10.323167,2.247245,3.954371,5.835798,0
2010-12-13,sh.600000,12.8300,13.0300,12.7300,13.0000,12.7800,83881971,1078465179.0000,3,0.730739,1,1.721400,10.500874,2.285930,4.022444,5.936257,0
2010-12-14,sh.600000,13.0000,13.0900,12.8800,12.9500,13.0000,54829480,711605411.0000,3,0.477648,1,-0.384600,10.460486,2.277138,4.006973,5.913426,0
2010-12-15,sh.600000,12.9600,13.0700,12.9100,12.9400,12.9500,72040472,935727298.0000,3,0.627582,1,-0.077200,10.452408,2.275380,4.003878,5.908859,0
2010-12-16,sh.600000,12.9300,12.9400,12.7300,12.7900,12.9400,60753484,779685337.0000,3,0.529255,1,-1.159200,10.331244,2.249004,3.957466,5.840364,0
2010-12-17,sh.600000,12.7800,12.7800,12.6600,12.7200,12.7900,57386953,728978376.0000,3,0.499927,1,-0.547300,10.274701,2.236695,3.935806,5.808400,0
2010-12-20,sh.600000,12.7400,12.7500,12.3100,12.4300,12.7200,91831797,1147808499.0000,3,0.799994,1,-2.279900,10.040451,2.185701,3.846075,5.675975,0
2010-12-21,sh.600000,12.4500,12.8700,12.3500,12.7900,12.4300,97255977,1230271064.0000,3,0.847247,1,2.896200,10.331244,2.249004,3.957466,5.840364,0
2010-12-22,sh.600000,12.7800,12.8500,12.5000,12.5400,12.7900,58037506,734623647.0000,3,0.505595,1,-1.954700,10.129305,2.205044,3.880111,5.726205,0
2010-12-23,sh.600000,12.5700,13.0100,12.4800,12.7000,12.5400,85513637,1090345542.0000,3,0.744953,1,1.275900,10.258546,2.233178,3.929618,5.799267,0
2010-12-24,sh.600000,12.6000,12.8700,12.5300,12.7400,12.7000,61330576,782233351.0000,3,0.534282,1,0.315000,10.290856,2.240212,3.941995,5.817532,0
2010-12-27,sh.600000,12.9100,12.9800,12.4800,12.5100,12.7400,62916617,800835219.0000,3,0.548099,1,-1.805300,10.105072,2.199768,3.870828,5.712506,0
2010-12-28,sh.600000,12.5000,12.6800,12.3600,12.3800,12.5100,50643978,634014688.0000,3,0.441186,1,-1.039200,10.000063,2.176909,3.830604,5.653144,0
2010-12-29,sh.600000,12.4200,12.5100,12.3000,12.3900,12.3800,43781538,541086518.0000,3,0.381404,1,0.080800,10.008141,2.178667,3.833698,5.657710,0
2010-12-30,sh.600000,12.4000,12.4700,12.1900,12.3100,12.3900,49486273,609301305.0000,3,0.431100,1,-0.645700,9.943520,2.164600,3.808945,5.621179,0
2010-12-31,sh.600000,12.3300,12.4000,12.2500,12.3900,12.3100,70100841,863181172.0000,3,0.610685,1,0.649900,10.008141,2.178667,3.833698,5.657710,0
2011-01-04,sh.600000,12.4200,12.6800,12.3000,12.6100,12.3900,104301454,1307174907.0000,3,0.908624,1,1.775600,10.185848,2.217352,3.901770,5.758170,0
2011-01-05,sh.600000,12.7000,12.9100,12.6300,12.7100,12.6100,107014161,1367751457.0000,3,0.932255,1,0.793000,9.560367,2.234936,3.656539,5.803833,0
2011-01-06,sh.600000,12.7300,12.8900,12.6000,12.6700,12.7100,63954083,814451688.0000,3,0.557137,1,-0.314700,9.530279,2.227903,3.645032,5.785568,0
2011-01-07,sh.600000,12.6900,13.5100,12.5800,13.2300,12.6700,278797594,3673752810.0000,3,2.428749,1,4.419900,9.951507,2.326374,3.806138,6.041284,0
2011-01-10,sh.600000,13.1100,13.3400,12.9300,13.0700,13.2300,128007500,1679801972.0000,3,1.115139,1,-1.209400,9.831156,2.298239,3.760108,5.968222,0
2011-01-11,sh.600000,13.0000,13.4200,13.0000,13.4000,13.0700,114502560,1518387987.0000,3,0.997491,1,2.524900,10.079380,2.356267,3.855045,6.118911,0
2011-01-12,sh.600000,13.4400,13.5000,13.2100,13.4900,13.4000,103066730,1380549766.0000,3,0.897867,1,0.671600,10.147077,2.372092,3.880937,6.160009,0
2011-01-13,sh.600000,13.4900,13.5500,13.3300,13.3400,13.4900,55412160,743119674.0000,3,0.482724,1,-1.111900,10.034248,2.345716,3.837784,6.091513,0
2011-01-14,sh.600000,13.2900,13.2900,13.0700,13.1400,13.3400,58900525,775149729.0000,3,0.513113,1,-1.499300,9.883809,2.310548,3.780246,6.000186,0
2011-01-17,sh.600000,12.9700,13.1000,12.4100,12.6100,13.1400,85126256,1090522990.0000,3,0.741579,1,-4.033500,9.485147,2.217352,3.627770,5.758170,0
2011-01-18,sh.600000,12.5700,12.7800,12.5200,12.6900,12.6100,39880973,505302336.0000,3,0.347424,1,0.634400,9.545323,2.231420,3.650786,5.794701,0
2011-01-19,sh.600000,12.7000,12.8300,12.5800,12.8200,12.6900,39144999,497010146.0000,3,0.341012,1,1.024400,9.643108,2.254279,3.688185,5.854063,0
2011-01-20,sh.600000,12.7700,12.8100,12.4700,12.4800,12.8200,45362809,571579155.0000,3,0.395179,1,-2.652100,9.387362,2.194493,3.590371,5.698807,0
2011-01-21,sh.600000,12.4900,13.1800,12.4800,12.7500,12.4800,69001299,884042057.0000,3,0.601106,1,2.163500,9.590454,2.241970,3.668047,5.822099,0
2011-01-24,sh.600000,12.7200,12.8500,12.6100,12.7400,12.7500,40025944,509605615.0000,3,0.348687,1,-0.078400,9.582932,2.240212,3.665170,5.817532,0
2011-01-25,sh.600000,12.7500,12.9500,12.6700,12.8700,12.7400,49402537,634358540.0000,3,0.430371,1,1.020400,9.680717,2.263071,3.702570,5.876895,0
2011-01-26,sh.600000,12.9000,12.9300,12.8200,12.8800,12.8700,32488433,418118023.0000,3,0.283023,1,0.077700,9.688239,2.264829,3.705447,5.881461,0
2011-01-27,sh.600000,12.7500,12.8700,12.5100,12.8300,12.8800,69649478,885350180.0000,3,0.606752,1,-0.388200,9.650630,2.256037,3.691062,5.858629,0
2011-01-28,sh.600000,12.7700,12.8400,12.5900,12.6900,12.8300,53000399,672289551.0000,3,0.461714,1,-1.091200,9.545323,2.231420,3.650786,5.794701,0
2011-01-31,sh.600000,12.7000,12.7800,12.6000,12.7200,12.6900,52767631,669997047.0000,3,0.459686,1,0.236400,9.567889,2.236695,3.659416,5.808400,0
2011-02-01,sh.600000,12.7300,12.7700,12.6500,12.7600,12.7200,41824771,532086956.0000,3,0.364357,1,0.314500,9.597976,2.243729,3.670924,5.826665,0
2011-02-09,sh.600000,12.7100,12.8300,12.5900,12.6300,12.7600,50344812,640373686.0000,3,0.438580,1,-1.018800,9.500191,2.220869,3.633524,5.767302,0
2011-02-10,sh.600000,12.6100,12.7900,12.5700,12.7700,12.6300,47401671,601093803.0000,3,0.412940,1,1.108500,9.605498,2.245487,3.673801,5.831231,0
2011-02-11,sh.600000,12.7500,12.7800,12.6300,12.7500,12.7700,86524659,1097943958.0000,3,0.753761,1,-0.156600,9.590454,2.241970,3.668047,5.822099,0
2011-02-14,sh.600000,12.7300,13.2000,12.7200,13.1400,12.7500,155522887,2025335181.0000,3,1.354840,1,3.058800,9.883809,2.310548,3.780246,6.000186,0
2011-02-15,sh.600000,13.1500,13.2000,13.0000,13.0300,13.1400,111743067,1462480075.0000,3,0.973451,1,-0.837100,9.801068,2.291206,3.748600,5.949956,0
2011-02-16,sh.600000,12.9800,13.0200,12.8800,12.9600,13.0300,108130990,1399038867.0000,3,0.941985,1,-0.537200,9.748415,2.278897,3.728462,5.917992,0
2011-02-17,sh.600000,13.0400,13.2100,12.9800,13.0800,12.9600,107896347,1410869149.0000,3,0.939941,1,0.925900,9.838678,2.299998,3.762985,5.972788,0
2011-02-18,sh.600000,13.0400,13.1800,12.9100,13.0400,13.0800,68116200,887867061.0000,3,0.593395,1,-0.305800,9.808590,2.292964,3.751477,5.954523,0
2011-02-21,sh.600000,12.9300,13.0200,12.8600,13.0100,13.0400,76184521,985182775.0000,3,0.663683,1,-0.230100,9.786024,2.287689,3.742846,5.940824,0
2011-02-22,sh.600000,12.9900,12.9900,12.6000,12.6500,13.0100,93354989,1190287248.0000,3,0.813263,1,-2.767100,9.515235,2.224386,3.639278,5.776435,0
2011-02-23,sh.600000,12.6200,12.7300,12.5100,12.6100,12.6500,66811755,842434337.0000,3,0.582032,1,-0.316200,9.485147,2.217352,3.627770,5.758170,0
2011-02-24,sh.600000,12.6000,12.6100,12.4800,12.6000,12.6100,97281919,1219329453.0000,3,0.847473,1,-0.079300,9.477626,2.215594,3.624893,5.753603,0
2011-02-25,sh.600000,12.5900,12.7600,12.5200,12.6500,12.6000,61226468,773953714.0000,3,0.533375,1,0.396800,9.515235,2.224386,3.639278,5.776435,0
2011-02-28,sh.600000,12.6500,12.7400,12.5500,12.7100,12.6500,50718950,642186209.0000,3,0.441839,1,0.474300,9.560367,2.234936,3.656539,5.803833,0
2011-03-01,sh.600000,12.7300,13.0100,12.7300,12.9500,12.7100,128630210,1658382901.0000,3,1.120564,1,1.888275,9.740893,2.277138,3.725585,5.913426,0
2011-03-02,sh.600000,12.8800,13.3400,12.8300,13.1800,12.9500,198210460,2605382475.0000,3,1.726713,1,1.776100,9.913897,2.317582,3.791754,6.018452,0
2011-03-03,sh.600000,13.1800,13.7900,13.1800,13.4500,13.1800,263696326,3550340429.0000,3,2.297195,1,2.048600,10.116989,2.365059,3.869430,6.141743,0
2011-03-04,sh.600000,13.3900,13.5900,13.3300,13.5600,13.4500,120797971,1626377341.0000,3,1.052333,1,0.817800,10.199730,2.384401,3.901076,6.191973,0
2011-03-07,sh.600000,13.5800,13.8200,13.4700,13.6100,13.5600,121331696,1655653037.0000,3,1.056983,1,0.368700,10.237340,2.393193,3.915460,6.214805,0
2011-03-08,sh.600000,13.5900,13.8200,13.5400,13.6300,13.6100,95174193,1301033092.0000,3,0.829111,1,0.147000,10.252384,2.396710,3.921214,6.223938,0
2011-03-09,sh.600000,13.6800,13.7900,13.5800,13.6100,13.6300,75569415,1034222216.0000,3,0.658324,1,-0.146700,10.237340,2.393193,3.915460,6.214805,0
2011-03-10,sh.600000,13.5700,13.5700,13.2100,13.2400,13.6100,94145605,1256351019.0000,3,0.820151,1,-2.718600,9.959029,2.328132,3.809015,6.045850,0
2011-03-11,sh.600000,13.2200,13.2900,13.0200,13.1000,13.2400,64682922,851985611.0000,3,0.563486,1,-1.057400,9.853722,2.303514,3.768738,5.981921,0
2011-03-14,sh.600000,13.0900,13.2100,13.0700,13.1200,13.1000,44064900,578145219.0000,3,0.383872,1,0.152700,9.868766,2.307031,3.774492,5.991054,0
2011-03-15,sh.600000,13.0800,13.0800,12.7400,12.9100,13.1200,92725768,1193536418.0000,3,0.807782,1,-1.600600,9.710805,2.270105,3.714077,5.895160,0
2011-03-16,sh.600000,12.8900,13.0800,12.8200,13.0100,12.9100,62901816,814119990.0000,3,0.547970,1,0.774600,9.786024,2.287689,3.742846,5.940824,0
2011-03-17,sh.600000,12.8800,12.9700,12.8100,12.8600,13.0100,46829496,602924313.0000,3,0.407956,1,-1.153000,9.673196,2.261313,3.699693,5.872328,0
2011-03-18,sh.600000,12.9500,13.0300,12.8500,12.9000,12.8600,43770807,566212767.0000,3,0.381310,1,0.311000,9.703283,2.268346,3.711200,5.890594,0
2011-03-21,sh.600000,12.9000,13.0500,12.8600,12.9400,12.9000,46708141,604983300.0000,3,0.406899,1,0.310100,9.733371,2.275380,3.722708,5.908859,0
2011-03-22,sh.600000,12.9800,13.3100,12.8300,13.1800,12.9400,70018764,919015986.0000,3,0.609970,1,1.854700,9.913897,2.317582,3.791754,6.018452,0
2011-03-23,sh.600000,13.1500,13.3800,13.1100,13.2800,13.1800,56238253,746472075.0000,3,0.489920,1,0.758700,9.989116,2.335166,3.820523,6.064115,0
2011-03-24,sh.600000,13.3000,13.3800,13.1200,13.1800,13.2800,39629180,523824429.0000,3,0.345230,1,-0.753000,9.913897,2.317582,3.791754,6.018452,0
2011-03-25,sh.600000,13.2100,13.5700,13.2100,13.4000,13.1800,83143551,1116145973.0000,3,0.724306,1,1.669200,10.079380,2.356267,3.855045,6.118911,0
2011-03-28,sh.600000,13.5500,13.7100,13.4100,13.4400,13.4000,89692561,1219766909.0000,3,0.781358,1,0.298500,10.109467,2.363300,3.866553,6.137177,0
2011-03-29,sh.600000,13.4700,13.8500,13.4600,13.6200,13.4400,116597369,1593941060.0000,3,1.015740,1,1.339300,10.244862,2.394952,3.918337,6.219371,0
2011-03-30,sh.600000,13.7300,14.0000,13.6500,13.8500,13.6200,171723152,2380731247.0000,3,1.495969,1,1.688700,10.362884,1.615749,3.986116,5.937013,0
2011-03-31,sh.600000,13.8500,13.9000,13.5100,13.6200,13.8500,78290829,1072999145.0000,3,0.682032,1,-1.660600,10.190793,1.588917,3.919921,5.838420,0
2011-04-01,sh.600000,13.6000,14.1700,13.6000,14.1400,13.6200,139484638,1947168599.0000,3,1.215123,1,3.817900,10.579869,1.649581,4.069580,6.061326,0
2011-04-06,sh.600000,14.1500,14.6000,14.1500,14.5900,14.1400,191242695,2768155356.0000,3,1.666014,1,3.182500,10.916569,1.702078,4.199093,6.254226,0
2011-04-07,sh.600000,14.5800,14.7000,14.4700,14.5500,14.5900,98951023,1443643904.0000,3,0.862013,1,-0.274200,10.886640,1.697411,4.187581,6.237079,0
2011-04-08,sh.600000,14.5300,14.7000,14.3900,14.5200,14.5500,68431749,995248750.0000,3,0.596144,1,-0.206200,10.864193,1.693912,4.178946,6.224219,0
2011-04-11,sh.600000,14.5600,14.9000,14.4900,14.5300,14.5200,120906813,1775882545.0000,3,1.053282,1,0.068900,10.871676,1.695078,4.181824,6.228506,0
2011-04-12,sh.600000,14.4900,14.6700,14.2900,14.4300,14.5300,87681115,1271603492.0000,3,0.763835,1,-0.688200,10.796853,1.683412,4.153044,6.185639,0
2011-04-13,sh.600000,14.3400,15.0500,14.3300,14.9900,14.4300,114475526,1677223732.0000,3,0.997255,1,3.880800,11.215858,1.748742,4.314215,6.425692,0
2011-04-14,sh.600000,15.0800,15.2600,14.9200,14.9600,14.9900,126396923,1907393199.0000,3,1.101109,1,-0.200100,11.193411,1.745242,4.305581,6.412832,0
2011-04-15,sh.600000,14.9000,15.1500,14.8000,15.0800,14.9600,72972838,1095421275.0000,3,0.635704,1,0.802100,11.283198,1.759242,4.340118,6.464272,0
2011-04-18,sh.600000,15.0100,15.2000,14.9000,15.0000,15.0800,79681035,1200582151.0000,3,0.694143,1,-0.530500,11.223340,1.749909,4.317093,6.429978,0
2011-04-19,sh.600000,14.8500,15.0000,14.5600,14.5700,15.0000,85498252,1261580043.0000,3,0.744819,1,-2.866700,10.901604,1.699745,4.193337,6.245652,0
2011-04-20,sh.600000,14.6000,14.8000,14.4100,14.5100,14.5700,60869160,887371140.0000,3,0.530263,1,-0.411800,10.856711,1.692745,4.176068,6.219932,0
2011-04-21,sh.600000,14.6300,14.8000,14.4900,14.5500,14.5100,56955897,832686418.0000,3,0.496172,1,0.275700,10.886640,1.697411,4.187581,6.237079,0
2011-04-22,sh.600000,14.5500,14.6500,14.3800,14.4500,14.5500,47599632,690125810.0000,3,0.414665,1,-0.687300,10.811818,1.685745,4.158800,6.194212,0
2011-04-25,sh.600000,14.5700,14.7300,14.4000,14.5400,14.4500,75979221,1108066459.0000,3,0.661894,1,0.622800,10.879158,1.696245,4.184703,6.232792,0
2011-04-26,sh.600000,14.5800,14.7600,14.5000,14.7500,14.5400,84160008,1234241154.0000,3,0.733161,1,1.444300,11.036285,1.720744,4.245142,6.322812,0
2011-04-27,sh.600000,14.8300,14.9900,14.4500,14.6200,14.7500,97470766,1439938969.0000,3,0.849118,1,-0.881400,10.939016,1.705578,4.207727,6.267086,0
2011-04-28,sh.600000,14.6200,14.6200,14.6200,14.6200,14.6200,0,0.0000,3,,0,0.000000,9.928089,1.625366,3.861370,2.124877,0
2011-04-29,sh.600000,14.7000,14.7400,14.0000,14.2800,14.6200,101688583,1452649693.0000,3,0.885862,1,-2.325600,9.697203,1.587567,3.771570,2.075461,0
2011-05-03,sh.600000,14.2400,14.4100,14.1200,14.2900,14.2800,47035506,673472605.0000,3,0.409751,1,0.070000,9.703994,1.588678,3.774212,2.076915,0
2011-05-04,sh.600000,14.2000,14.3700,13.7400,13.8300,14.2900,81001236,1132838506.0000,3,0.705643,1,-3.219000,9.391619,1.537538,3.652718,2.010058,0
2011-05-05,sh.600000,13.7500,13.9900,13.6300,13.8800,13.8300,46974559,650093903.0000,3,0.409220,1,0.361500,9.425573,1.543097,3.665924,2.017325,0
2011-05-06,sh.600000,13.7200,13.9700,13.6600,13.8200,13.8800,36757391,508740035.0000,3,0.320213,1,-0.432300,9.384828,1.536426,3.650077,2.008605,0
2011-05-09,sh.600000,13.8000,13.9700,13.7000,13.7600,13.8200,30554676,422490266.0000,3,0.266178,1,-0.434200,9.344084,1.529756,3.634230,1.999884,0
2011-05-10,sh.600000,13.8000,13.9900,13.7100,13.9700,13.7600,36795361,511163677.0000,3,0.320543,1,1.526200,9.486690,1.553103,3.689695,2.030406,0
2011-05-11,sh.600000,13.9700,14.0500,13.8100,13.8800,13.9700,27344003,380898283.0000,3,0.238208,1,-0.644200,9.425573,1.543097,3.665924,2.017325,0
2011-05-12,sh.600000,13.8100,13.9400,13.6400,13.6500,13.8800,37059483,511077951.0000,3,0.322844,1,-1.657100,9.269386,1.517527,3.605178,1.983897,0
2011-05-13,sh.600000,13.6800,13.8300,13.4900,13.8300,13.6500,52149614,712045065.0000,3,0.454302,1,1.318700,9.391619,1.537538,3.652718,2.010058,0
2011-05-16,sh.600000,13.7500,13.9100,13.6800,13.6900,13.8300,37488832,517163716.0000,3,0.326585,1,-1.012300,9.296549,1.521974,3.615742,1.989710,0
2011-05-17,sh.600000,13.7000,14.0000,13.6200,13.9100,13.6900,48282261,669260989.0000,3,0.420612,1,1.607000,9.445945,1.546432,3.673848,2.021685,0
2011-05-18,sh.600000,13.8900,14.2200,13.8400,14.1500,13.9100,54624469,770723084.0000,3,0.475862,1,1.725400,9.608923,1.573114,3.737235,2.056567,0
2011-05-19,sh.600000,14.1800,14.3200,14.1000,14.1400,14.1500,44471117,632129346.0000,3,0.387411,1,-0.070700,9.602133,1.572002,3.734594,2.055114,0
2011-05-20,sh.600000,14.1300,14.3500,14.1000,14.2400,14.1400,51652211,736778833.0000,3,0.449969,1,0.707200,9.670040,1.583120,3.761006,2.069648,0
2011-05-23,sh.600000,14.1700,14.2300,13.8000,13.8600,14.2400,49529764,690545338.0000,3,0.431479,1,-2.668500,9.411991,1.540873,3.660642,2.014418,0
2011-05-24,sh.600000,13.8200,13.9400,13.7900,13.8500,13.8600,33302192,462259457.0000,3,0.290113,1,-0.072200,9.405201,1.539762,3.658001,2.012965,0
2011-05-25,sh.600000,13.8200,13.8600,13.5800,13.6000,13.8500,30456437,417290094.0000,3,0.265322,1,-1.805100,9.235432,1.511968,3.591972,1.976630,0
2011-05-26,sh.600000,13.7100,13.7500,13.5600,13.6500,13.6000,32165477,439304202.0000,3,0.280210,1,0.367600,9.269386,1.517527,3.605178,1.983897,0
2011-05-27,sh.600000,13.6800,13.8900,13.5700,13.6900,13.6500,42690707,586884307.0000,3,0.371901,1,0.293000,9.296549,1.521974,3.615742,1.989710,0
2011-05-30,sh.600000,13.6500,13.8600,13.5700,13.8000,13.6900,32773527,450312962.0000,3,0.285507,1,0.803500,9.371247,1.534203,3.644795,2.005698,0
2011-05-31,sh.600000,13.8100,13.8700,13.6400,13.8600,13.8000,54862272,754258699.0000,3,0.477934,1,0.434800,9.411991,1.540873,3.660642,2.014418,0
2011-06-01,sh.600000,13.8000,13.8800,13.6900,13.7400,13.8600,43373105,597661115.0000,3,0.377845,1,-0.865800,9.330502,1.527533,3.628948,1.996977,0
2011-06-02,sh.600000,13.6000,13.6500,13.0700,13.2100,13.7400,78054220,1039092746.0000,3,0.679971,1,-3.857400,8.970592,1.468610,3.488967,1.919947,0
2011-06-03,sh.600000,10.0200,10.1400,10.0000,10.0900,10.0400,38481953,387260340.0000,3,0.257874,1,0.498000,8.907438,1.458271,3.464404,1.906430,0
2011-06-07,sh.600000,10.0400,10.1300,9.9800,10.1000,10.0900,32112692,322851680.0000,3,0.215192,1,0.099100,8.916266,1.459716,3.467837,1.908320,0
2011-06-08,sh.600000,10.1100,10.1200,9.7800,9.9200,10.1000,71399603,705901472.0000,3,0.478461,1,-1.782200,8.757362,1.433702,3.406034,1.874310,0
2011-06-09,sh.600000,9.9000,9.9000,9.6700,9.6900,9.9200,50650154,494816808.0000,3,0.339415,1,-2.318500,8.554319,1.400460,3.327064,1.830853,0
2011-06-10,sh.600000,9.7100,9.8000,9.6800,9.7400,9.6900,41514189,403650864.0000,3,0.278193,1,0.516000,8.598459,1.407687,3.344231,1.840300,0
2011-06-13,sh.600000,9.7000,9.8300,9.6200,9.7900,9.7400,33499528,325257133.0000,3,0.224486,1,0.513300,8.642599,1.414913,3.361399,1.849748,0
2011-06-14,sh.600000,9.7800,10.0400,9.7300,9.9200,9.7900,59763717,594459887.0000,3,0.400487,1,1.327900,8.757362,1.433702,3.406034,1.874310,0
2011-06-15,sh.600000,9.9000,9.9000,9.6900,9.7200,9.9200,50642541,494521264.0000,3,0.339364,1,-2.016100,8.580803,1.404796,3.337364,1.836522,0
2011-06-16,sh.600000,9.6700,9.7100,9.5900,9.6100,9.7200,43684110,420806039.0000,3,0.292734,1,-1.131700,8.483695,1.388898,3.299596,1.815738,0
2011-06-17,sh.600000,9.6100,9.6900,9.5500,9.5600,9.6100,38151775,367427557.0000,3,0.255661,1,-0.520300,8.439555,1.381672,3.282428,1.806291,0
2011-06-20,sh.600000,9.5500,9.6700,9.5100,9.6500,9.5600,49155845,471826236.0000,3,0.329401,1,0.941400,8.519007,1.394679,3.313330,1.823296,0
2011-06-21,sh.600000,9.6600,9.7200,9.6300,9.6800,9.6500,44032371,426182669.0000,3,0.295068,1,0.310900,8.545491,1.399015,3.323630,1.828964,0
2011-06-22,sh.600000,9.7300,9.7300,9.5700,9.6300,9.6800,44402682,428768703.0000,3,0.297550,1,-0.516500,8.501351,1.391789,3.306463,1.819517,0
2011-06-23,sh.600000,9.6200,9.7900,9.5000,9.7400,9.6300,51462993,496177923.0000,3,0.344862,1,1.142300,8.598459,1.407687,3.344231,1.840300,0
2011-06-24,sh.600000,9.6900,10.1800,9.6700,10.1000,9.7400,108608292,1083590773.0000,3,0.727802,1,3.696100,8.916266,1.459716,3.467837,1.908320,0
2011-06-27,sh.600000,10.1000,10.2100,10.0000,10.0700,10.1000,61879841,624566437.0000,3,0.414667,1,-0.297000,8.889782,1.455381,3.457537,1.902652,0
2011-06-28,sh.600000,10.0700,10.0800,9.8900,10.0000,10.0700,48625916,485148836.0000,3,0.325850,1,-0.695100,8.827986,1.445264,3.433502,1.889426,0
2011-06-29,sh.600000,10.0000,10.0400,9.7400,9.7600,10.0000,92115792,906629869.0000,3,0.617283,1,-2.400000,8.616115,1.410577,3.351098,1.844079,0
2011-06-30,sh.600000,9.7800,9.9700,9.7400,9.8400,9.7600,89477914,880212562.0000,3,0.599606,1,0.819700,8.686738,1.422139,3.378566,1.859195,0
2011-07-01,sh.600000,9.8500,9.8600,9.6500,9.7400,9.8400,84950358,829257826.0000,3,0.569266,1,-1.016300,8.598459,1.407687,3.344231,1.840300,0
2011-07-04,sh.600000,9.7900,10.1200,9.7800,10.1000,9.7400,137704167,1372265445.0000,3,0.922778,1,3.696100,8.916266,1.459716,3.467837,1.908320,0
2011-07-05,sh.600000,10.1000,10.1800,9.9900,10.0500,10.1000,79844236,803065821.0000,3,0.535049,1,-0.495000,8.872126,1.452490,3.450670,1.898873,0
2011-07-06,sh.600000,10.0100,10.0100,9.8000,9.9200,10.0500,78083396,771582190.0000,3,0.523250,1,-1.293500,8.757362,1.433702,3.406034,1.874310,0
2011-07-07,sh.600000,10.0900,10.1500,9.9000,9.9300,9.9200,110306181,1107281017.0000,3,0.739180,1,0.100800,8.766190,1.435147,3.409468,1.876200,0
2011-07-08,sh.600000,9.9500,10.2500,9.9300,10.1400,9.9300,96178652,973144633.0000,3,0.644509,1,2.114804,8.951578,1.465497,3.481571,1.915877,0
2011-07-11,sh.600000,10.0500,10.1300,9.9600,10.0500,10.1400,77297565,774789745.0000,3,0.517984,1,-0.887600,8.872126,1.452490,3.450670,1.898873,0
2011-07-12,sh.600000,9.9700,10.0200,9.8400,9.8800,10.0500,73779698,730710128.0000,3,0.494410,1,-1.691500,8.722050,1.427920,3.392300,1.866752,0
2011-07-13,sh.600000,9.9300,10.0800,9.8700,10.0100,9.8800,60517246,605053186.0000,3,0.405536,1,1.315800,8.836814,1.446709,3.436936,1.891315,0
2011-07-14,sh.600000,10.0000,10.1000,9.9700,10.1000,10.0100,72244581,725394120.0000,3,0.484123,1,0.899100,8.916266,1.459716,3.467837,1.908320,0
2011-07-15,sh.600000,10.0500,10.1400,9.9900,10.0900,10.1000,66656003,672068536.0000,3,0.446673,1,-0.099000,8.907438,1.458271,3.464404,1.906430,0
2011-07-18,sh.600000,10.1000,10.1000,9.9300,10.0000,10.0900,88296134,883661214.0000,3,0.591687,1,-0.892000,8.827986,1.445264,3.433502,1.889426,0
2011-07-19,sh.600000,9.9400,9.9600,9.8200,9.8500,10.0000,77790440,768616582.0000,3,0.521287,1,-1.500000,8.695566,1.423585,3.382000,1.861084,0
2011-07-20,sh.600000,9.9000,9.9400,9.7700,9.8400,9.8500,63761031,626819364.0000,3,0.427273,1,-0.101500,8.686738,1.422139,3.378566,1.859195,0
2011-07-21,sh.600000,9.8300,9.8500,9.6400,9.7300,9.8400,73648903,716204441.0000,3,0.493533,1,-1.117900,8.589631,1.406242,3.340798,1.838411,0
2011-07-22,sh.600000,9.7500,9.7800,9.6700,9.7000,9.7300,52488395,509417136.0000,3,0.351733,1,-0.308300,8.563147,1.401906,3.330497,1.832743,0
2011-07-25,sh.600000,9.6500,9.6700,9.3700,9.4300,9.7000,88189088,838678395.0000,3,0.590970,1,-2.783500,8.324791,1.362884,3.237793,1.781728,0
2011-07-26,sh.600000,9.4300,9.5500,9.3800,9.4200,9.4300,45125010,426214467.0000,3,0.302390,1,-0.106000,8.315963,1.361438,3.234359,1.779839,0
2011-07-27,sh.600000,9.3800,9.4200,9.3500,9.3900,9.4200,48213160,452508637.0000,3,0.323084,1,-0.318500,8.289479,1.357103,3.224059,1.774171,0
2011-07-28,sh.600000,9.3300,9.3400,9.1500,9.2200,9.3900,65663811,605993962.0000,3,0.440024,1,-1.810400,8.139403,1.332533,3.165689,1.742050,0
2011-07-29,sh.600000,9.2500,9.6100,9.1300,9.4000,9.2200,95487760,894864393.0000,3,0.639879,1,1.952300,8.298307,1.358548,3.227492,1.776060,0
2011-08-01,sh.600000,9.3300,9.4600,9.2700,9.3200,9.4000,44930056,420409959.0000,3,0.301084,1,-0.851100,8.227683,1.346986,3.200024,1.760945,0
2011-08-02,sh.600000,9.2500,9.3100,9.1300,9.2600,9.3200,41364988,380816089.0000,3,0.277194,1,-0.643800,8.174715,1.338314,3.179423,1.749608,0
2011-08-03,sh.600000,9.1900,9.3100,9.1700,9.2600,9.2600,31523822,291253828.0000,3,0.211246,1,0.000000,8.174715,1.338314,3.179423,1.749608,0
2011-08-04,sh.600000,9.3100,9.4000,9.2700,9.2800,9.2600,30410552,283911226.0000,3,0.203786,1,0.216000,8.192371,1.341205,3.186290,1.753387,0
2011-08-05,sh.600000,9.0900,9.1500,9.0000,9.0300,9.2800,71952165,651685202.0000,3,0.482163,1,-2.694000,7.971672,1.305073,3.100453,1.706151,0
2011-08-08,sh.600000,8.9500,9.0900,8.6200,8.7300,9.0300,98624718,871891979.0000,3,0.660901,1,-3.322300,7.706832,1.261715,2.997448,1.649468,0
2011-08-09,sh.600000,8.5200,8.9500,8.4700,8.8700,8.7300,110925176,968666716.0000,3,0.743328,1,1.603700,7.830424,1.281949,3.045517,1.675920,0
2011-08-10,sh.600000,9.0200,9.0800,8.8700,8.9100,8.8700,67295852,605242196.0000,3,0.450961,1,0.451000,7.865736,1.287730,3.059251,1.683478,0
2011-08-11,sh.600000,8.7300,9.1500,8.7100,9.1000,8.9100,74782511,673428896.0000,3,0.501130,1,2.132400,8.033467,1.315190,3.124487,1.719377,0
2011-08-12,sh.600000,9.1200,9.1500,8.9800,9.0300,9.1000,51162640,463907926.0000,3,0.342849,1,-0.769200,7.971672,1.305073,3.100453,1.706151,0
2011-08-15,sh.600000,9.0700,9.3900,8.9900,9.3700,9.0300,89493443,825023455.0000,3,0.599710,1,3.765200,8.271823,1.354212,3.217192,1.770392,0
2011-08-16,sh.600000,9.3500,9.5100,9.2700,9.3500,9.3700,92194078,866602343.0000,3,0.617808,1,-0.213400,7.590967,1.309106,2.957631,59.384947,0
2011-08-17,sh.600000,9.3400,9.4100,9.2800,9.2800,9.3500,44535594,415370550.0000,3,0.298440,1,-0.748700,7.534137,1.299305,2.935489,58.940354,0
2011-08-18,sh.600000,9.3200,9.3300,9.0900,9.1200,9.2800,40832235,375402155.0000,3,0.273624,1,-1.724100,7.404238,1.276904,2.884877,57.924141,0
2011-08-19,sh.600000,8.9900,9.0800,8.9400,9.0200,9.1200,55545006,500195838.0000,3,0.372216,1,-1.096500,7.323051,1.262902,2.853245,57.289007,0
2011-08-22,sh.600000,9.0400,9.1500,8.9500,8.9800,9.0200,42762550,385779149.0000,3,0.286559,1,-0.443500,7.290576,1.257302,2.840592,57.034954,0
2011-08-23,sh.600000,9.0300,9.1900,8.9300,9.1800,8.9800,48210876,438712166.0000,3,0.323069,1,2.227200,7.452950,1.285304,2.903856,58.305220,0
2011-08-24,sh.600000,9.2100,9.3400,9.0800,9.1000,9.1800,53322202,490717794.0000,3,0.357321,1,-0.871500,7.388000,1.274103,2.878550,57.797114,0
2011-08-25,sh.600000,9.1500,9.5300,9.1100,9.4800,9.1000,121038880,1135191015.0000,3,0.811102,1,4.175800,7.696510,1.327308,2.998754,60.210620,0
2011-08-26,sh.600000,9.4200,9.5100,9.3200,9.4600,9.4800,61998169,584450251.0000,3,0.415460,1,-0.210965,7.680273,1.324507,2.992427,60.083593,0
2011-08-29,sh.600000,9.2900,9.2900,9.1300,9.1800,9.4600,75330948,693917105.0000,3,0.504805,1,-2.959800,7.452950,1.285304,2.903856,58.305220,0
2011-08-30,sh.600000,9.2500,9.4000,9.1500,9.1900,9.1800,49166774,456223295.0000,3,0.329475,1,0.108900,7.461068,1.286704,2.907020,58.368734,0
2011-08-31,sh.600000,9.1800,9.3500,9.1600,9.2900,9.1900,34349428,318100885.0000,3,0.230181,1,1.088100,7.542255,1.300706,2.938652,59.003867,0
2011-09-01,sh.600000,9.3100,9.4300,9.2800,9.3700,9.2900,58506018,548068833.0000,3,0.392059,1,0.861100,7.607205,1.311906,2.963958,59.511973,0
2011-09-02,sh.600000,9.3500,9.4000,9.2000,9.2900,9.3700,32039819,297248797.0000,3,0.214704,1,-0.853800,7.542255,1.300706,2.938652,59.003867,0
2011-09-05,sh.600000,9.2000,9.2200,9.1100,9.1500,9.2900,30840689,282591754.0000,3,0.206669,1,-1.507000,7.428594,1.281104,2.894367,58.114681,0
2011-09-06,sh.600000,9.0900,9.2200,9.0300,9.1100,9.1500,42139539,384694366.0000,3,0.282384,1,-0.437200,7.396119,1.275503,2.881714,57.860627,0
2011-09-07,sh.600000,9.1300,9.3800,9.0800,9.2900,9.1100,40598521,374413883.0000,3,0.272057,1,1.975900,7.542255,1.300706,2.938652,59.003867,0
2011-09-08,sh.600000,9.3000,9.3300,9.2000,9.2600,9.2900,28413650,263397211.0000,3,0.190405,1,-0.322925,7.517899,1.296505,2.929162,58.813327,0
2011-09-09,sh.600000,9.3000,9.4100,9.2200,9.3000,9.2600,38055811,354331602.0000,3,0.255018,1,0.432000,7.550374,1.302106,2.941815,59.067380,0
2011-09-13,sh.600000,9.1800,9.2200,9.1200,9.1500,9.3000,27627217,252939806.0000,3,0.185135,1,-1.612900,7.428594,1.281104,2.894367,58.114681,0
2011-09-14,sh.600000,9.2000,9.2100,8.9400,9.1000,9.1500,50592099,457967156.0000,3,0.339026,1,-0.546400,7.388000,1.274103,2.878550,57.797114,0
2011-09-15,sh.600000,9.1000,9.1700,8.9400,8.9500,9.1000,56765027,512651845.0000,3,0.380392,1,-1.648400,7.266220,1.253102,2.831102,56.844414,0
2011-09-16,sh.600000,9.0200,9.0700,8.9500,8.9800,8.9500,42224050,380213995.0000,3,0.282950,1,0.335200,7.290576,1.257302,2.840592,57.034954,0
2011-09-19,sh.600000,8.9100,8.9200,8.7900,8.8100,8.9800,41510239,366080582.0000,3,0.278167,1,-1.893100,7.152558,1.233500,2.786816,55.955228,0
2011-09-20,sh.600000,8.8000,8.9200,8.7300,8.8600,8.8100,34551618,305251347.0000,3,0.231536,1,0.567500,7.193152,1.240501,2.802633,56.272794,0
2011-09-21,sh.600000,8.8600,9.2200,8.7600,9.0900,8.8600,70353056,635069866.0000,3,0.471447,1,2.595900,7.379882,1.272703,2.875387,57.733601,0
2011-09-22,sh.600000,9.0100,9.0200,8.8000,8.8200,9.0900,53791988,479557639.0000,3,0.360469,1,-2.970300,7.160677,1.234900,2.789980,56.018741,0
2011-09-23,sh.600000,8.7100,8.8100,8.6100,8.7300,8.8200,54164832,470756862.0000,3,0.362968,1,-1.020400,7.087609,1.222299,2.761510,55.447121,0
2011-09-26,sh.600000,8.6500,8.7200,8.4000,8.4400,8.7300,81748380,697436150.0000,3,0.547809,1,-3.321900,6.852167,1.181696,2.669776,53.605235,0
2011-09-27,sh.600000,8.5200,8.5800,8.4800,8.5200,8.4400,40252611,343008396.0000,3,0.269739,1,0.947900,6.917117,1.192897,2.695082,54.113342,0
2011-09-28,sh.600000,8.5900,8.6000,8.4000,8.4300,8.5200,42407399,360008943.0000,3,0.284179,1,-1.056300,6.844049,1.180296,2.666613,53.541722,0
2011-09-29,sh.600000,8.3900,8.5200,8.3300,8.4500,8.4300,43757787,369392508.0000,3,0.293228,1,0.237200,6.860286,1.183096,2.672940,53.668749,0
2011-09-30,sh.600000,8.4800,8.6400,8.4400,8.5400,8.4500,60468787,515663929.0000,3,0.405211,1,1.065100,6.933354,1.195697,2.701409,54.240369,0
2011-10-10,sh.600000,8.5200,8.5600,8.4100,8.4200,8.5400,32428434,274365576.0000,3,0.217308,1,-1.405200,6.835930,1.178896,2.663450,53.478209,0
2011-10-11,sh.600000,8.7800,8.7800,8.4800,8.5700,8.4200,59130344,511050472.0000,3,0.396242,1,1.781500,6.957710,1.199897,2.710899,54.430908,0
2011-10-12,sh.600000,8.5400,8.9200,8.4900,8.8500,8.5700,89412222,787072851.0000,3,0.599166,1,3.267200,7.185033,1.239101,2.799469,56.209281,0
2011-10-13,sh.600000,8.8200,8.9400,8.7600,8.8700,8.8500,51298778,453963294.0000,3,0.343762,1,0.226000,7.201271,1.241901,2.805796,56.336308,0
2011-10-14,sh.600000,8.8400,8.8800,8.7300,8.8300,8.8700,40504198,356399899.0000,3,0.271425,1,-0.451000,7.168796,1.236300,2.793143,56.082255,0
2011-10-17,sh.600000,8.8400,9.0500,8.8200,8.9200,8.8300,46009758,410848342.0000,3,0.308319,1,1.019300,7.241864,1.248901,2.821612,56.653874,0
2011-10-18,sh.600000,8.8500,8.9000,8.7500,8.7800,8.9200,41115344,362177732.0000,3,0.275521,1,-1.569500,7.128202,1.229300,2.777327,55.764688,0
2011-10-19,sh.600000,8.7800,8.9200,8.7500,8.8400,8.7800,36188377,319545731.0000,3,0.242504,1,0.683400,7.176915,1.237700,2.796306,56.145768,0
2011-10-20,sh.600000,8.7700,8.8600,8.6400,8.7300,8.8400,50658455,443175230.0000,3,0.339471,1,-1.244300,7.087609,1.222299,2.761510,55.447121,0
2011-10-21,sh.600000,8.7500,8.9700,8.7000,8.8900,8.7300,59306969,526976700.0000,3,0.397426,1,1.832800,7.217508,1.244701,2.812122,56.463334,0
2011-10-24,sh.600000,8.9100,9.2100,8.8700,9.1600,8.8900,94932084,864185495.0000,3,0.636156,1,3.037100,7.436712,1.282504,2.897530,58.178194,0
2011-10-25,sh.600000,9.1800,9.2500,9.0800,9.1600,9.1600,66314936,608223062.0000,3,0.444387,1,0.000000,7.436712,1.282504,2.897530,58.178194,0
2011-10-26,sh.600000,9.1300,9.3000,9.0500,9.1800,9.1600,68454846,631301579.0000,3,0.458727,1,0.218300,7.452950,1.285304,2.903856,58.305220,0
2011-10-27,sh.600000,9.2600,9.3500,9.2100,9.2600,9.1800,45585827,422360453.0000,3,0.305478,1,0.871500,7.517899,1.296505,2.929162,58.813327,0
2011-10-28,sh.600000,9.4000,9.5500,9.2600,9.3800,9.2600,82502754,775731742.0000,3,0.552865,1,1.295900,7.615323,1.313307,2.967121,59.575487,0
2011-10-31,sh.600000,9.3500,9.3500,9.1600,9.2100,9.3800,50778832,468747732.0000,3,0.340277,1,-1.812400,7.084505,1.230940,2.715256,6.626964,0
2011-11-01,sh.600000,9.1500,9.3400,9.1100,9.1800,9.2100,57198902,527513052.0000,3,0.383299,1,-0.325700,7.061428,1.226930,2.706411,6.605378,0
2011-11-02,sh.600000,9.0800,9.3700,9.0400,9.3600,9.1800,59397848,546059796.0000,3,0.398035,1,1.960800,7.199887,1.250988,2.759478,6.734895,0
2011-11-03,sh.600000,9.3800,9.3900,9.2200,9.2400,9.3600,84349601,785658964.0000,3,0.565241,1,-1.282100,7.107581,1.234950,2.724100,6.648550,0
2011-11-04,sh.600000,9.3500,9.3600,9.2300,9.3100,9.2400,42565042,395922342.0000,3,0.285235,1,0.757600,7.161427,1.244305,2.744737,6.698918,0
2011-11-07,sh.600000,9.2500,9.2800,9.1600,9.1800,9.3100,32870037,302777625.0000,3,0.220268,1,-1.396300,7.061428,1.226930,2.706411,6.605378,0
2011-11-08,sh.600000,9.2400,9.3000,9.1400,9.2100,9.1800,31693301,291603574.0000,3,0.212382,1,0.326800,7.084505,1.230940,2.715256,6.626964,0
2011-11-09,sh.600000,9.2400,9.2900,9.1800,9.2700,9.2100,27951632,257975143.0000,3,0.187309,1,0.651500,7.130658,1.238959,2.732945,6.670136,0
2011-11-10,sh.600000,9.2000,9.2500,9.0400,9.0500,9.2700,46636157,426657140.0000,3,0.312517,1,-2.373200,6.961430,1.209556,2.668085,6.511837,0
2011-11-11,sh.600000,9.0600,9.1700,9.0500,9.0800,9.0500,25261827,230005502.0000,3,0.169284,1,0.331500,6.984506,1.213565,2.676930,6.533424,0
2011-11-14,sh.600000,9.1800,9.2700,9.1300,9.2100,9.0800,42296963,389371091.0000,3,0.283439,1,1.431700,7.084505,1.230940,2.715256,6.626964,0
2011-11-15,sh.600000,9.2000,9.2200,9.1300,9.1800,9.2100,30013432,275179280.0000,3,0.201125,1,-0.325700,7.061428,1.226930,2.706411,6.605378,0
2011-11-16,sh.600000,9.1800,9.1800,8.8700,8.9200,9.1800,64028631,576115159.0000,3,0.429066,1,-2.832200,6.861431,1.192181,2.629759,6.418297,0
2011-11-17,sh.600000,8.9400,8.9700,8.8400,8.8600,8.9200,32007465,284590451.0000,3,0.214487,1,-0.672600,6.815278,1.184162,2.612070,6.375125,0
2011-11-18,sh.600000,8.8000,8.8900,8.7600,8.8000,8.8600,36819930,324198795.0000,3,0.246736,1,-0.677200,6.769125,1.176142,2.594381,6.331952,0
2011-11-21,sh.600000,8.8400,8.8500,8.6700,8.7400,8.8000,32355327,281903843.0000,3,0.216818,1,-0.681800,6.722972,1.168123,2.576692,6.288780,0
2011-11-22,sh.600000,8.7000,8.8100,8.6800,8.7500,8.7400,30669913,268099631.0000,3,0.205524,1,0.114400,6.730664,1.169460,2.579640,6.295975,0
2011-11-23,sh.600000,8.7600,8.7700,8.6200,8.6900,8.7500,26370231,228822392.0000,3,0.176711,1,-0.685700,6.684511,1.161441,2.561951,6.252803,0
2011-11-24,sh.600000,8.6200,8.7600,8.6000,8.7000,8.6900,24460075,212634673.0000,3,0.163911,1,0.115100,6.692203,1.162777,2.564899,6.259998,0
2011-11-25,sh.600000,8.7000,8.7200,8.6000,8.6200,8.7000,21366538,184856605.0000,3,0.143181,1,-0.919500,6.630666,1.152085,2.541314,6.202435,0
2011-11-28,sh.600000,8.6300,8.6800,8.5700,8.6000,8.6200,23967739,206431563.0000,3,0.160612,1,-0.232000,6.615281,1.149412,2.535418,6.188044,0
2011-11-29,sh.600000,8.6600,8.7400,8.6200,8.7300,8.6000,25960610,225388356.0000,3,0.173966,1,1.511600,6.715280,1.166787,2.573744,6.281585,0
2011-11-30,sh.600000,8.6900,8.7300,8.4700,8.5000,8.7300,44971839,384658393.0000,3,0.301364,1,-2.634600,6.538359,1.136047,2.505936,6.116090,0
2011-12-01,sh.600000,8.7400,8.9500,8.7300,8.8100,8.5000,89049077,787219129.0000,3,0.596733,1,3.647100,6.776817,1.177479,2.597329,6.339148,0
2011-12-02,sh.600000,8.7800,8.8500,8.7100,8.8000,8.8100,38638133,339557364.0000,3,0.258921,1,-0.113500,6.769125,1.176142,2.594381,6.331952,0
2011-12-05,sh.600000,8.8400,8.9100,8.6300,8.8000,8.8000,40188321,354439402.0000,3,0.269309,1,0.000000,6.769125,1.176142,2.594381,6.331952,0
2011-12-06,sh.600000,8.7600,8.8400,8.7000,8.7300,8.8000,26440305,232129306.0000,3,0.177181,1,-0.795500,6.715280,1.166787,2.573744,6.281585,0
2011-12-07,sh.600000,8.7400,8.8300,8.7000,8.7800,8.7300,23350899,204935333.0000,3,0.156478,1,0.572700,6.753741,1.173469,2.588485,6.317562,0
2011-12-08,sh.600000,8.7800,8.8300,8.6800,8.7800,8.7800,21909676,191759965.0000,3,0.146820,1,0.000000,6.753741,1.173469,2.588485,6.317562,0
2011-12-09,sh.600000,8.7300,8.7800,8.6400,8.7000,8.7800,29514000,257109793.0000,3,0.197778,1,-0.911200,6.692203,1.162777,2.564899,6.259998,0
2011-12-12,sh.600000,8.6800,8.7400,8.6400,8.6600,8.7000,23035328,200109781.0000,3,0.154364,1,-0.459800,6.661434,1.157431,2.553107,6.231217,0
2011-12-13,sh.600000,8.6400,8.7200,8.5600,8.5800,8.6600,47600711,412160766.0000,3,0.318980,1,-0.923800,6.599897,1.146739,2.529522,6.173654,0
2011-12-14,sh.600000,8.5700,8.6500,8.5400,8.6000,8.5800,27334982,235202167.0000,3,0.183176,1,0.233100,6.615281,1.149412,2.535418,6.188044,0
2011-12-15,sh.600000,8.5600,8.6200,8.4800,8.4900,8.6000,41518789,354799723.0000,3,0.278224,1,-1.279100,6.530667,1.134710,2.502988,6.108895,0
2011-12-16,sh.600000,8.5100,8.6500,8.4900,8.6200,8.4900,37730295,322463285.0000,3,0.252837,1,1.531200,6.630666,1.152085,2.541314,6.202435,0
2011-12-19,sh.600000,8.5700,8.6400,8.3700,8.6100,8.6200,45264959,384672669.0000,3,0.303328,1,-0.116000,6.622973,1.150748,2.538366,6.195240,0
2011-12-20,sh.600000,8.5800,8.7500,8.5600,8.5900,8.6100,38376971,331731071.0000,3,0.257170,1,-0.232300,6.607589,1.148075,2.532470,6.180849,0
2011-12-21,sh.600000,8.6600,8.7200,8.5000,8.5300,8.5900,41637650,359681306.0000,3,0.279021,1,-0.698500,6.561436,1.140056,2.514781,6.137677,0
2011-12-22,sh.600000,8.4900,8.5900,8.4500,8.5300,8.5300,42682705,363453847.0000,3,0.286024,1,0.000000,6.561436,1.140056,2.514781,6.137677,0
2011-12-23,sh.600000,8.5400,8.6100,8.4900,8.5400,8.5300,23263186,198890329.0000,3,0.155890,1,0.117200,6.569128,1.141393,2.517729,6.144872,0
2011-12-26,sh.600000,8.5200,8.5600,8.4200,8.4700,8.5400,31788769,269877056.0000,3,0.213022,1,-0.819700,6.515283,1.132037,2.497092,6.094504,0
2011-12-27,sh.600000,8.4700,8.5300,8.4000,8.4400,8.4700,31075676,262876940.0000,3,0.208243,1,-0.354200,6.492206,1.128027,2.488247,6.072918,0
2011-12-28,sh.600000,8.4300,8.4600,8.2500,8.3800,8.4400,42011046,351109636.0000,3,0.281523,1,-0.710900,6.446053,1.120008,2.470558,6.029746,0
2011-12-29,sh.600000,8.3500,8.3800,8.2900,8.3500,8.3800,40055045,333839370.0000,3,0.268415,1,-0.358000,6.422977,1.115999,2.461714,6.008159,0
2011-12-30,sh.600000,8.3900,8.5100,8.3800,8.4900,8.3500,52982530,448339738.0000,3,0.355045,1,1.676600,6.530667,1.134710,2.502988,6.108895,0
2012-01-04,sh.600000,8.5400,8.5600,8.3900,8.4100,8.4900,34201379,290229551.0000,3,0.229189,1,-0.942300,6.469130,1.124018,2.479403,6.051332,0
2012-01-05,sh.600000,8.4700,8.8200,8.4700,8.6500,8.4100,132116203,1144753023.0000,3,0.885333,1,2.853700,5.924237,1.156095,2.390514,6.224021,0
2012-01-06,sh.600000,8.6300,8.7800,8.6200,8.7100,8.6500,61778687,537043761.0000,3,0.413989,1,0.693600,5.965330,1.164114,2.407096,6.267194,0
2012-01-09,sh.600000,8.7200,8.9900,8.6800,8.9500,8.7100,80136249,711429611.0000,3,0.537006,1,2.755500,6.129702,1.196190,2.473422,6.439883,0
2012-01-10,sh.600000,8.9500,9.1000,8.8800,9.0700,8.9500,72004632,647206633.0000,3,0.482515,1,1.340800,6.211888,1.212229,2.506585,6.526228,0
2012-01-11,sh.600000,9.0500,9.1000,8.9800,9.0000,9.0700,49261157,444366552.0000,3,0.330107,1,-0.771800,6.163946,1.202873,2.487240,6.475860,0
2012-01-12,sh.600000,9.0000,9.2100,8.9900,9.0900,9.0000,60486981,551261471.0000,3,0.405333,1,1.000000,6.225586,1.214902,2.512112,6.540619,0
2012-01-13,sh.600000,9.1100,9.1800,8.9700,9.0400,9.0900,56725332,514638094.0000,3,0.380126,1,-0.550100,6.191342,1.208219,2.498294,6.504642,0
2012-01-16,sh.600000,9.0000,9.1200,8.9600,8.9700,9.0400,33100160,299225053.0000,3,0.221810,1,-0.774300,6.143400,1.198863,2.478949,6.454274,0
2012-01-17,sh.600000,9.0000,9.2600,8.7900,9.2000,8.9700,97357263,876457391.0000,3,0.652407,1,2.564100,6.300923,1.229603,2.542512,6.619768,0
2012-01-18,sh.600000,9.1600,9.2300,9.0000,9.0400,9.2000,58089289,529288104.0000,3,0.389266,1,-1.739100,6.191342,1.208219,2.498294,6.504642,0
2012-01-19,sh.600000,9.0500,9.2200,9.0200,9.2000,9.0400,68645571,628781817.0000,3,0.460005,1,1.769900,6.300923,1.229603,2.542512,6.619768,0
2012-01-20,sh.600000,9.2500,9.4300,9.1700,9.4200,9.2000,95052703,883450355.0000,3,0.636964,1,2.391300,6.451597,1.259007,2.603311,6.778067,0
2012-01-30,sh.600000,9.4000,9.4100,9.2000,9.2200,9.4200,71883155,668276691.0000,3,0.481701,1,-2.123100,6.314621,1.232276,2.548039,6.634159,0
2012-01-31,sh.600000,9.2400,9.2800,9.1600,9.2200,9.2200,35464104,326763252.0000,3,0.237651,1,0.000000,6.314621,1.232276,2.548039,6.634159,0
2012-02-01,sh.600000,9.2000,9.2600,9.0500,9.0800,9.2200,39647888,362716575.0000,3,0.265687,1,-1.518400,6.218737,1.213565,2.509349,6.533424,0
2012-02-02,sh.600000,9.1200,9.4200,9.0800,9.4000,9.0800,87973331,816297537.0000,3,0.589524,1,3.524200,6.437900,1.256334,2.597784,6.763676,0
2012-02-03,sh.600000,9.3500,9.5000,9.3200,9.4400,9.4000,97135312,914988444.0000,3,0.650920,1,0.425500,6.465295,1.261680,2.608838,6.792458,0
2012-02-06,sh.600000,9.4600,9.5100,9.2900,9.3900,9.4400,63691281,599080983.0000,3,0.426806,1,-0.529700,6.431051,1.254997,2.595020,6.756481,0
2012-02-07,sh.600000,9.3200,9.3600,9.1800,9.2400,9.3900,51391402,475945766.0000,3,0.344382,1,-1.597400,6.328318,1.234950,2.553566,6.648550,0
2012-02-08,sh.600000,9.2300,9.4800,9.2300,9.4500,9.2400,64270717,602796522.0000,3,0.430689,1,2.272700,6.472144,1.263017,2.611602,6.799653,0
2012-02-09,sh.600000,9.4500,9.4800,9.3600,9.4000,9.4500,50273854,473358227.0000,3,0.336893,1,-0.529100,6.437900,1.256334,2.597784,6.763676,0
2012-02-10,sh.600000,9.3600,9.4800,9.3200,9.3700,9.4000,51836488,487049474.0000,3,0.347365,1,-0.319100,6.417353,1.252324,2.589493,6.742090,0
2012-02-13,sh.600000,9.2500,9.3700,9.1800,9.2700,9.3700,49204966,456411669.0000,3,0.329731,1,-1.067200,6.348865,1.238959,2.561857,6.670136,0
2012-02-14,sh.600000,9.2400,9.2800,9.1300,9.1900,9.2700,53024869,487049233.0000,3,0.355328,1,-0.863000,6.294074,1.228267,2.539748,6.612573,0
2012-02-15,sh.600000,9.1600,9.2900,9.1400,9.2300,9.1900,55064760,507511353.0000,3,0.368998,1,0.435300,6.321469,1.233613,2.550803,6.641355,0
2012-02-16,sh.600000,9.2500,9.2800,9.1400,9.1900,9.2300,47501799,437494063.0000,3,0.318317,1,-0.433400,6.294074,1.228267,2.539748,6.612573,0
2012-02-17,sh.600000,9.2500,9.3100,9.2000,9.2600,9.1900,41743292,386595857.0000,3,0.279729,1,0.761700,6.342016,1.237623,2.559094,6.662941,0
2012-02-20,sh.600000,9.4100,9.4100,9.2500,9.2600,9.2600,57740009,539245887.0000,3,0.386925,1,0.000000,6.342016,1.237623,2.559094,6.662941,0
2012-02-21,sh.600000,9.2700,9.3100,9.2000,9.2800,9.2600,42757386,395923924.0000,3,0.286524,1,0.216000,6.355714,1.240296,2.564621,6.677332,0
2012-02-22,sh.600000,9.2800,9.3600,9.2000,9.3200,9.2800,81447790,755732387.0000,3,0.545795,1,0.431000,6.383109,1.245642,2.575675,6.706113,0
2012-02-23,sh.600000,9.3200,9.4000,9.2800,9.3300,9.3200,87754888,818404842.0000,3,0.588060,1,0.107300,6.389958,1.246978,2.578439,6.713309,0
2012-02-24,sh.600000,9.3500,9.5300,9.3100,9.5100,9.3300,128341832,1207795585.0000,3,0.860040,1,1.929300,6.513237,1.271036,2.628184,6.842826,0
2012-02-27,sh.600000,9.5700,9.6200,9.4500,9.4800,9.5100,126664015,1206459798.0000,3,0.848797,1,-0.315500,6.492690,1.267026,2.619893,6.821240,0
2012-02-28,sh.600000,9.4800,9.7000,9.4600,9.6600,9.4800,136121116,1308533877.0000,3,0.912170,1,1.898700,6.615969,1.291084,2.669638,6.950757,0
2012-02-29,sh.600000,9.6700,9.6700,9.5100,9.5400,9.6600,77757837,745267161.0000,3,0.521068,1,-1.242200,6.533783,1.275045,2.636474,6.864412,0
2012-03-01,sh.600000,9.5000,9.5900,9.4900,9.5500,9.5400,46237868,441399342.0000,3,0.309848,1,0.104800,6.540632,1.276382,2.639238,6.871607,0
2012-03-02,sh.600000,9.5500,9.7000,9.5400,9.6900,9.5500,74013187,711842953.0000,3,0.495975,1,1.466000,6.636516,1.295093,2.677928,6.972343,0
2012-03-05,sh.600000,9.7400,9.7500,9.5800,9.5800,9.6900,66098035,638459411.0000,3,0.442934,1,-1.135200,6.561178,1.280391,2.647529,6.893194,0
2012-03-06,sh.600000,9.5300,9.6100,9.4100,9.4400,9.5800,68450355,650629551.0000,3,0.458697,1,-1.461400,6.465295,1.261680,2.608838,6.792458,0
2012-03-07,sh.600000,9.3900,9.4400,9.3300,9.3400,9.4400,51077237,479615280.0000,3,0.342277,1,-1.059300,6.396807,1.248315,2.581202,6.720504,0
2012-03-08,sh.600000,9.3900,9.5000,9.3700,9.4600,9.3400,54828552,517039328.0000,3,0.367415,1,1.284800,6.478992,1.264353,2.614366,6.806849,0
2012-03-09,sh.600000,9.4700,9.5100,9.4200,9.4700,9.4600,47510501,449318745.0000,3,0.318376,1,0.105700,6.485841,1.265690,2.617129,6.814044,0
2012-03-12,sh.600000,9.4400,9.4500,9.3300,9.3800,9.4700,52784386,494779980.0000,3,0.353717,1,-0.950400,6.424202,1.253661,2.592257,6.749286,0
2012-03-13,sh.600000,9.3900,9.5300,9.3500,9.4700,9.3800,61430150,582028877.0000,3,0.411654,1,0.959500,6.485841,1.265690,2.617129,6.814044,0
2012-03-14,sh.600000,9.5300,9.6100,9.3200,9.3600,9.4700,99280321,940852511.0000,3,0.665294,1,-1.161600,6.410504,1.250988,2.586730,6.734895,0
2012-03-15,sh.600000,9.3600,9.4500,9.1600,9.1900,9.3600,70673894,661561276.0000,3,0.473597,1,-1.816200,6.294074,1.228267,2.539748,6.612573,0
2012-03-16,sh.600000,9.2500,9.3400,9.2000,9.2500,9.1900,72584563,672304027.0000,3,0.486401,1,0.652900,6.323563,1.158863,2.540497,1.189704,0
2012-03-19,sh.600000,9.2600,9.3200,9.2400,9.2800,9.2500,50228036,466395766.0000,3,0.336586,1,0.324300,6.344072,1.162622,2.548736,1.193562,0
2012-03-20,sh.600000,9.2500,9.2600,9.1200,9.1200,9.2800,62725576,575220524.0000,3,0.420334,1,-1.724100,6.234691,1.142577,2.504792,1.172984,0
2012-03-21,sh.600000,9.1800,9.1900,9.0200,9.0800,9.1200,51867060,471579975.0000,3,0.347570,1,-0.438600,6.207346,1.137565,2.493806,1.167839,0
2012-03-22,sh.600000,9.0900,9.2100,9.0300,9.1200,9.0800,38651197,352251184.0000,3,0.259008,1,0.440500,6.234691,1.142577,2.504792,1.172984,0
2012-03-23,sh.600000,9.1000,9.1200,9.0200,9.0600,9.1200,35268448,319927048.0000,3,0.236340,1,-0.657900,6.193673,1.135060,2.488313,1.165267,0
2012-03-26,sh.600000,9.0500,9.1700,9.0500,9.1300,9.0600,33692849,306941853.0000,3,0.225781,1,0.772600,6.241527,1.143830,2.507539,1.174270,0
2012-03-27,sh.600000,9.1500,9.1700,9.0800,9.1200,9.1300,27294640,249025233.0000,3,0.182906,1,-0.109500,6.234691,1.142577,2.504792,1.172984,0
2012-03-28,sh.600000,9.1200,9.1400,8.9300,8.9700,9.1200,43565307,394701420.0000,3,0.291938,1,-1.644700,6.132147,1.123784,2.463595,1.153691,0
2012-03-29,sh.600000,8.9400,9.0000,8.8500,8.8700,8.9700,48391415,432068893.0000,3,0.324279,1,-1.114800,6.063784,1.111256,2.436130,1.140830,0
2012-03-30,sh.600000,8.9200,8.9700,8.8800,8.9300,8.8700,50587012,451335933.0000,3,0.338992,1,0.676400,6.104802,1.118773,2.452609,1.148547,0
2012-04-05,sh.600000,8.9000,8.9500,8.8100,8.9300,8.9300,76352001,677374501.0000,3,0.511647,1,0.000000,6.104802,1.118773,2.452609,1.148547,0
2012-04-06,sh.600000,8.9300,8.9600,8.8400,8.9400,8.9300,56682481,504458934.0000,3,0.379839,1,0.112000,6.111638,1.120026,2.455356,1.149833,0
2012-04-09,sh.600000,8.8900,8.9400,8.8300,8.8400,8.9400,34889828,309720486.0000,3,0.233803,1,-1.118600,6.043275,1.107498,2.427891,1.136971,0
2012-04-10,sh.600000,8.8600,8.9300,8.7800,8.9200,8.8400,45147000,399088179.0000,3,0.302538,1,0.905000,6.097965,1.117520,2.449863,1.147260,0
2012-04-11,sh.600000,8.8700,8.9500,8.8500,8.8900,8.9200,39397074,350489715.0000,3,0.264006,1,-0.336300,6.077456,1.113762,2.441623,1.143402,0
2012-04-12,sh.600000,8.8900,9.1400,8.8700,9.1200,8.8900,64571634,581979210.0000,3,0.432705,1,2.587200,6.234691,1.142577,2.504792,1.172984,0
2012-04-13,sh.600000,9.1100,9.1500,9.0200,9.1400,9.1200,61175666,556243010.0000,3,0.409948,1,0.219300,6.248364,1.145082,2.510285,1.175556,0
2012-04-16,sh.600000,9.0800,9.1200,9.0400,9.0600,9.1400,38614798,350462999.0000,3,0.258764,1,-0.875300,6.193673,1.135060,2.488313,1.165267,0
2012-04-17,sh.600000,9.0600,9.0900,8.9300,8.9300,9.0600,49466011,444391607.0000,3,0.331480,1,-1.434900,6.104802,1.118773,2.452609,1.148547,0
2012-04-18,sh.600000,8.9300,9.1400,8.9200,9.1200,8.9300,67117990,607091633.0000,3,0.449769,1,2.127700,6.234691,1.142577,2.504792,1.172984,0
2012-04-19,sh.600000,9.1000,9.1600,9.0600,9.1200,9.1200,48488000,441712581.0000,3,0.324926,1,0.000000,6.234691,1.142577,2.504792,1.172984,0
2012-04-20,sh.600000,9.1000,9.3200,9.0900,9.3100,9.1200,77240835,714085575.0000,3,0.517604,1,2.083300,6.364580,1.166380,2.556975,1.197421,0
2012-04-23,sh.600000,9.2700,9.3300,9.2100,9.2400,9.3100,41839068,387763897.0000,3,0.280371,1,-0.751900,6.316726,1.157611,2.537750,1.188418,0
2012-04-24,sh.600000,9.2300,9.5500,9.2200,9.3800,9.2400,113165453,1065629977.0000,3,0.758340,1,1.515200,6.412434,1.175150,2.576201,1.206424,0
2012-04-25,sh.600000,9.3400,9.4400,9.3300,9.3500,9.3800,66489024,623235371.0000,3,0.445554,1,-0.319800,6.391925,1.171392,2.567961,1.202566,0
2012-04-26,sh.600000,9.4200,9.4600,9.3000,9.3700,9.3500,53826936,503917233.0000,3,0.360703,1,0.213900,6.405598,1.173897,2.573454,1.205138,0
2012-04-27,sh.600000,9.3900,9.4500,9.3500,9.4100,9.3700,47114993,443152186.0000,3,0.315725,1,0.426900,6.432943,1.178909,2.584440,1.210283,0
2012-05-02,sh.600000,9.4800,9.5900,9.4100,9.5600,9.4100,107696972,1023491921.0000,3,0.721695,1,1.594000,6.123629,1.135439,2.455265,0.905285,0
2012-05-03,sh.600000,9.5100,9.5500,9.4200,9.4600,9.5600,60560075,574341330.0000,3,0.405823,1,-1.046000,6.059575,1.123562,2.429582,0.895816,0
2012-05-04,sh.600000,9.4700,9.5000,9.3900,9.4900,9.4600,71659892,677231238.0000,3,0.480205,1,0.317100,6.078791,1.127125,2.437287,0.898657,0
2012-05-07,sh.600000,9.4300,9.4800,9.3400,9.4200,9.4900,82225733,773477051.0000,3,0.551008,1,-0.737600,6.033953,1.118811,2.419309,0.892028,0
2012-05-08,sh.600000,9.4100,9.4200,9.2800,9.3600,9.4200,86721348,810233956.0000,3,0.581134,1,-0.636900,5.995520,1.111685,2.403899,0.886346,0
2012-05-09,sh.600000,9.3000,9.3100,9.1800,9.2000,9.3600,65066893,600930021.0000,3,0.436024,1,-1.709400,5.893032,1.092682,2.362807,0.871195,0
2012-05-10,sh.600000,9.2100,9.2400,9.1100,9.1600,9.2000,67576254,619397962.0000,3,0.452840,1,-0.434800,5.867410,1.087931,2.352534,0.867407,0
2012-05-11,sh.600000,9.1600,9.2300,9.1200,9.1600,9.1600,35532729,325856898.0000,3,0.238111,1,0.000000,5.867410,1.087931,2.352534,0.867407,0
2012-05-14,sh.600000,9.2100,9.2300,9.0600,9.0800,9.1600,70896633,648414480.0000,3,0.475090,1,-0.873400,5.816167,1.078429,2.331988,0.859832,0
2012-05-15,sh.600000,9.0000,9.0500,8.9800,9.0400,9.0800,60429994,544604567.0000,3,0.404951,1,-0.440500,5.790545,1.073679,2.321715,0.856044,0
2012-05-16,sh.600000,9.0300,9.0300,8.8900,8.9100,9.0400,75535741,676147543.0000,3,0.506178,1,-1.438100,5.707274,1.058239,2.288327,0.843734,0
2012-05-17,sh.600000,8.9300,9.0200,8.9000,8.9700,8.9100,43092663,386025718.0000,3,0.288771,1,0.673400,5.745707,1.065365,2.303737,0.849415,0
2012-05-18,sh.600000,8.9200,8.9200,8.8200,8.8600,8.9700,61950167,549225590.0000,3,0.415138,1,-1.226300,5.675246,1.052300,2.275486,0.838999,0
2012-05-21,sh.600000,8.8600,8.9100,8.8300,8.8700,8.8600,46679612,413635877.0000,3,0.312808,1,0.112900,5.681652,1.053488,2.278054,0.839946,0
2012-05-22,sh.600000,8.9000,8.9700,8.8800,8.9600,8.8700,67549651,602839656.0000,3,0.452661,1,1.014700,5.739301,1.064177,2.301168,0.848468,0
2012-05-23,sh.600000,8.9500,8.9600,8.8500,8.8900,8.9600,61979794,552097474.0000,3,0.415337,1,-0.781200,5.694463,1.055863,2.283191,0.841840,0
2012-05-24,sh.600000,8.8800,8.9400,8.8100,8.8500,8.8900,49757216,441704165.0000,3,0.333431,1,-0.449900,5.668841,1.051112,2.272917,0.838052,0
2012-05-25,sh.600000,8.8500,8.8600,8.7700,8.7900,8.8500,45887776,404197693.0000,3,0.307502,1,-0.678000,5.630408,1.043986,2.257508,0.832370,0
2012-05-28,sh.600000,8.8000,8.8800,8.7700,8.8700,8.7900,52347656,461949299.0000,3,0.350790,1,0.910100,5.681652,1.053488,2.278054,0.839946,0
2012-05-29,sh.600000,8.8600,8.9800,8.8200,8.9500,8.8700,93478648,831085291.0000,3,0.626416,1,0.901900,5.732896,1.062989,2.298600,0.847521,0
2012-05-30,sh.600000,8.9200,8.9300,8.7900,8.8200,8.9500,88036486,779244023.0000,3,0.589947,1,-1.452500,5.649624,1.047549,2.265213,0.835211,0
2012-05-31,sh.600000,8.7900,8.8000,8.7500,8.7700,8.8200,67011196,587833136.0000,3,0.449053,1,-0.566900,5.617597,1.041611,2.252371,0.830476,0
2012-06-01,sh.600000,8.7800,8.8400,8.7500,8.7800,8.7700,42401677,372673966.0000,3,0.284141,1,0.114000,5.624003,1.042799,2.254940,0.831423,0
2012-06-04,sh.600000,8.7100,8.7100,8.5800,8.5900,8.7800,69367973,599453523.0000,3,0.464846,1,-2.164000,5.502299,1.020232,2.206142,0.813431,0
2012-06-05,sh.600000,8.6200,8.6400,8.5500,8.5600,8.5900,69666907,598110567.0000,3,0.466849,1,-0.349200,5.483082,1.016669,2.198438,0.810590,0
2012-06-06,sh.600000,8.5900,8.6800,8.5500,8.6200,8.5600,49918846,429065873.0000,3,0.334514,1,0.700900,5.521515,1.023795,2.213847,0.816272,0
2012-06-07,sh.600000,8.6800,8.7000,8.5300,8.5600,8.6200,48026408,413324686.0000,3,0.321833,1,-0.696100,5.483082,1.016669,2.198438,0.810590,0
2012-06-08,sh.600000,8.5100,8.5300,8.3100,8.3400,8.5600,140389731,1176530441.0000,3,0.940775,1,-2.570100,5.342162,0.990540,2.141936,0.789757,0
2012-06-11,sh.600000,8.3600,8.3800,8.3100,8.3400,8.3400,71644862,597652524.0000,3,0.480104,1,0.000000,5.342162,0.990540,2.141936,0.789757,0
2012-06-12,sh.600000,8.3100,8.3500,8.1900,8.2900,8.3400,82431224,680814847.0000,3,0.552385,1,-0.599500,5.310135,0.984601,2.129094,0.785023,0
2012-06-13,sh.600000,8.2900,8.2900,8.2900,8.2900,8.2900,0,0.0000,3,,0,0.000000,5.310135,0.984601,2.129094,0.785023,0
2012-06-14,sh.600000,8.3000,8.3400,8.2500,8.2700,8.2900,80017463,664166685.0000,3,0.536210,1,-0.241300,5.297324,0.982226,2.123958,0.783129,0
2012-06-15,sh.600000,8.3100,8.5300,8.2900,8.4700,8.2700,134216053,1129580248.0000,3,0.899404,1,2.418400,5.425433,1.005980,2.175323,0.802068,0
2012-06-18,sh.600000,8.4700,8.4800,8.4200,8.4600,8.4700,50212960,424346827.0000,3,0.336485,1,-0.118100,5.419028,1.004792,2.172755,0.801121,0
2012-06-19,sh.600000,8.4700,8.5400,8.4300,8.4900,8.4600,47008304,398791959.0000,3,0.315010,1,0.354600,5.438244,1.008355,2.180460,0.803962,0
2012-06-20,sh.600000,8.5400,8.6100,8.4800,8.5000,8.4900,50000107,427039914.0000,3,0.335059,1,0.117800,5.444649,1.009543,2.183028,0.804909,0
2012-06-21,sh.600000,8.5100,8.5100,8.4000,8.4400,8.5000,39423884,332932086.0000,3,0.264186,1,-0.705900,5.406217,1.002417,2.167618,0.799227,0
2012-06-25,sh.600000,8.4200,8.4800,8.3400,8.3500,8.4400,52706596,443526592.0000,3,0.353196,1,-1.066400,5.348567,0.991728,2.144504,0.790704,0
2012-06-26,sh.600000,8.0700,8.1200,8.0300,8.0600,8.0500,39982538,323089664.0000,3,0.267930,1,0.124200,5.162809,0.957284,2.070024,0.763243,0
2012-06-27,sh.600000,8.0600,8.0900,8.0300,8.0500,8.0600,26966055,217422022.0000,3,0.180704,1,-0.124100,5.156403,0.956097,2.067456,0.762296,0
2012-06-28,sh.600000,8.0500,8.0700,8.0100,8.0100,8.0500,28876449,232014025.0000,3,0.193506,1,-0.496900,5.130781,0.951346,2.057183,0.758508,0
2012-06-29,sh.600000,8.0400,8.1600,8.0200,8.1300,8.0100,50974236,412653792.0000,3,0.341587,1,1.498100,5.207647,0.965598,2.088002,0.769871,0
2012-07-02,sh.600000,8.1500,8.1500,8.0500,8.0900,8.1300,43691987,353033253.0000,3,0.292787,1,-0.492000,5.182025,0.960847,2.077729,0.766084,0
2012-07-03,sh.600000,8.0900,8.1500,8.0700,8.0900,8.0900,40080965,324895958.0000,3,0.268589,1,0.000000,5.182025,0.960847,2.077729,0.766084,0
2012-07-04,sh.600000,8.1000,8.1800,8.0800,8.1200,8.0900,39552477,321375929.0000,3,0.265048,1,0.370800,5.201242,0.964410,2.085434,0.768924,0
2012-07-05,sh.600000,8.1100,8.1200,8.0500,8.0700,8.1200,33635896,271555077.0000,3,0.225400,1,-0.615800,5.169214,0.958472,2.072593,0.764190,0
2012-07-06,sh.600000,7.9200,7.9700,7.8800,7.9700,8.0700,115797069,917011451.0000,3,0.775975,1,-1.239200,5.105160,0.946595,2.046910,0.754720,0
2012-07-09,sh.600000,7.9300,7.9400,7.6500,7.6700,7.9700,106535413,829804094.0000,3,0.713911,1,-3.764100,4.912995,0.910964,1.969862,0.726312,0
2012-07-10,sh.600000,7.6700,7.7600,7.6600,7.7000,7.6700,45089773,347540683.0000,3,0.302154,1,0.391100,4.932212,0.914527,1.977567,0.729152,0
2012-07-11,sh.600000,7.6900,7.7400,7.6700,7.7100,7.7000,32425638,249889719.0000,3,0.217290,1,0.129900,4.938617,0.915715,1.980135,0.730099,0
2012-07-12,sh.600000,7.7100,7.7200,7.5800,7.6700,7.7100,100909326,770420629.0000,3,0.676210,1,-0.518800,4.912995,0.910964,1.969862,0.726312,0
2012-07-13,sh.600000,7.6600,7.7900,7.6400,7.7300,7.6700,45202381,349346441.0000,3,0.302909,1,0.782300,4.951428,0.918090,1.985271,0.731993,0
2012-07-16,sh.600000,7.7500,7.7500,7.6200,7.6300,7.7300,46584899,358037212.0000,3,0.312173,1,-1.293700,4.887374,0.906213,1.959589,0.722524,0
2012-07-17,sh.600000,7.6500,7.7300,7.6200,7.6900,7.6300,30224255,232272374.0000,3,0.202538,1,0.786400,4.925806,0.913339,1.974998,0.728206,0
2012-07-18,sh.600000,7.6900,7.6900,7.6000,7.6700,7.6900,47630983,363638278.0000,3,0.319183,1,-0.260100,4.912995,0.910964,1.969862,0.726312,0
2012-07-19,sh.600000,7.6500,7.7300,7.6100,7.6900,7.6700,77344589,594527735.0000,3,0.518299,1,0.260800,4.925806,0.913339,1.974998,0.728206,0
2012-07-20,sh.600000,7.6700,7.6800,7.6000,7.6100,7.6900,55545514,423521040.0000,3,0.372220,1,-1.040300,4.874563,0.903838,1.954452,0.720630,0
2012-07-23,sh.600000,7.5700,7.5700,7.4200,7.4500,7.6100,64501900,480841537.0000,3,0.432238,1,-2.102500,4.772075,0.884835,1.913360,0.705479,0
2012-07-24,sh.600000,7.4300,7.5000,7.4100,7.4600,7.4500,48389405,360293105.0000,3,0.324265,1,0.134200,4.778481,0.886022,1.915928,0.706426,0
2012-07-25,sh.600000,7.4300,7.5000,7.3900,7.4100,7.4600,47580447,353247490.0000,3,0.318844,1,-0.670200,4.746453,0.880084,1.903087,0.701691,0
2012-07-26,sh.600000,7.4000,7.4500,7.3700,7.4000,7.4100,30350495,224778997.0000,3,0.203384,1,-0.135000,4.740048,0.878896,1.900519,0.700744,0
2012-07-27,sh.600000,7.4200,7.5600,7.4000,7.4900,7.4000,58500797,438293389.0000,3,0.392024,1,1.216200,4.797697,0.889586,1.923633,0.709267,0
2012-07-30,sh.600000,7.5200,7.6500,7.4900,7.5600,7.4900,62142486,470732267.0000,3,0.416427,1,0.934600,4.842535,0.897899,1.941611,0.715895,0
2012-07-31,sh.600000,7.5700,7.6900,7.5600,7.6600,7.5600,70118950,535947136.0000,3,0.469879,1,1.322800,4.906590,0.909776,1.967294,0.725365,0
2012-08-01,sh.600000,7.6700,7.7100,7.5900,7.6500,7.6600,62270863,476495464.0000,3,0.417287,1,-0.130500,4.900184,0.908589,1.964725,0.724418,0
2012-08-02,sh.600000,7.6800,7.7700,7.6500,7.7500,7.6500,75444190,581966475.0000,3,0.505564,1,1.307200,4.964239,0.920466,1.990408,0.733887,0
2012-08-03,sh.600000,7.7400,7.7500,7.6800,7.7400,7.7500,44045380,339338689.0000,3,0.295155,1,-0.129000,4.957834,0.919278,1.987840,0.732940,0
2012-08-06,sh.600000,7.7300,7.7400,7.6900,7.7200,7.7400,46411105,358235336.0000,3,0.311008,1,-0.258400,4.945023,0.916903,1.982703,0.731046,0
2012-08-07,sh.600000,7.7200,7.7300,7.6500,7.6900,7.7200,34912528,268267939.0000,3,0.233955,1,-0.388600,4.925806,0.913339,1.974998,0.728206,0
2012-08-08,sh.600000,7.7000,7.7700,7.6900,7.7300,7.6900,53821168,416624081.0000,3,0.360665,1,0.520200,4.951428,0.918090,1.985271,0.731993,0
2012-08-09,sh.600000,7.7500,7.7600,7.6900,7.7500,7.7300,32490296,251340987.0000,3,0.217723,1,0.258700,4.964239,0.920466,1.990408,0.733887,0
2012-08-10,sh.600000,7.7900,7.8500,7.7800,7.8000,7.7500,46782980,365500895.0000,3,0.313500,1,0.645200,4.996267,0.926404,2.003249,0.738622,0
2012-08-13,sh.600000,7.8000,7.8300,7.7400,7.7500,7.8000,47282079,368478427.0000,3,0.316845,1,-0.641000,4.964239,0.920466,1.990408,0.733887,0
2012-08-14,sh.600000,7.7600,7.8000,7.7300,7.8000,7.7500,39743689,308683311.0000,3,0.266329,1,0.645200,4.996267,0.926404,2.003249,0.738622,0
2012-08-15,sh.600000,7.8000,7.8000,7.5500,7.5800,7.8000,89555247,683068987.0000,3,0.600125,1,-2.820500,4.474551,0.872635,1.859079,1.173973,0
2012-08-16,sh.600000,7.5900,7.5900,7.5000,7.5300,7.5800,40630297,306256972.0000,3,0.272270,1,-0.659600,4.445036,0.866879,1.846816,1.166229,0
2012-08-17,sh.600000,7.5200,7.5800,7.5100,7.5500,7.5300,33322665,251555254.0000,3,0.223301,1,0.265600,4.456842,0.869181,1.851722,1.169327,0
2012-08-20,sh.600000,7.5200,7.5600,7.4600,7.5200,7.5500,27038216,202877230.0000,3,0.181188,1,-0.397400,4.439133,0.865727,1.844364,1.164680,0
2012-08-21,sh.600000,7.5100,7.5600,7.4900,7.5100,7.5200,36268940,272732527.0000,3,0.243044,1,-0.133000,4.433230,0.864576,1.841911,1.163132,0
2012-08-22,sh.600000,7.5200,7.5300,7.4700,7.5200,7.5100,35326454,264640473.0000,3,0.236728,1,0.133200,4.439133,0.865727,1.844364,1.164680,0
2012-08-23,sh.600000,7.5100,7.5500,7.4700,7.5200,7.5200,36366406,273444020.0000,3,0.243697,1,0.000000,4.439133,0.865727,1.844364,1.164680,0
2012-08-24,sh.600000,7.5200,7.5300,7.4500,7.4900,7.5200,36963616,277056694.0000,3,0.247699,1,-0.398900,4.421423,0.862274,1.837006,1.160034,0
2012-08-27,sh.600000,7.4500,7.4900,7.3900,7.4000,7.4900,40334510,300069736.0000,3,0.270288,1,-1.201600,4.368296,0.851913,1.814932,1.146095,0
2012-08-28,sh.600000,7.4300,7.6200,7.4000,7.6000,7.4000,54763743,411991622.0000,3,0.366981,1,2.702700,4.486358,0.874937,1.863985,1.177071,0
2012-08-29,sh.600000,7.5600,7.5700,7.5200,7.5500,7.6000,38419444,289895904.0000,3,0.257455,1,-0.657900,4.456842,0.869181,1.851722,1.169327,0
2012-08-30,sh.600000,7.5000,7.6200,7.5000,7.6100,7.5500,44804211,339823939.0000,3,0.300240,1,0.794701,4.492261,0.876089,1.866437,1.178619,0
2012-08-31,sh.600000,7.5800,7.6800,7.5700,7.6100,7.6100,37255105,284745594.0000,3,0.249653,1,0.000000,4.492261,0.876089,1.866437,1.178619,0
2012-09-03,sh.600000,7.6300,7.6300,7.5300,7.5800,7.6100,55393324,419440943.0000,3,0.371200,1,-0.394200,4.474551,0.872635,1.859079,1.173973,0
2012-09-04,sh.600000,7.5600,7.5900,7.4300,7.4600,7.5800,44361378,332534233.0000,3,0.297273,1,-1.583100,4.403714,0.858820,1.829648,1.155388,0
2012-09-05,sh.600000,7.4400,7.4500,7.2800,7.3200,7.4600,73135906,536590326.0000,3,0.490096,1,-1.876700,4.321071,0.842703,1.795311,1.133705,0
2012-09-06,sh.600000,7.3400,7.3900,7.3000,7.3800,7.3200,38370245,281996026.0000,3,0.257125,1,0.819700,4.356489,0.849610,1.810027,1.142998,0
2012-09-07,sh.600000,7.4200,7.7800,7.4000,7.6000,7.3800,145971941,1108956749.0000,3,0.978182,1,2.981000,4.486358,0.874937,1.863985,1.177071,0
2012-09-10,sh.600000,7.5900,7.6100,7.5300,7.5600,7.6000,63799021,482615575.0000,3,0.427528,1,-0.526300,4.462745,0.870332,1.854174,1.170876,0
2012-09-11,sh.600000,7.5400,7.5400,7.4300,7.4900,7.5600,50981388,381041955.0000,3,0.341635,1,-0.925900,4.421423,0.862274,1.837006,1.160034,0
2012-09-12,sh.600000,7.5300,7.5600,7.4200,7.4800,7.4900,41199392,308089937.0000,3,0.276084,1,-0.133500,4.415520,0.861123,1.834553,1.158485,0
2012-09-13,sh.600000,7.4700,7.5000,7.4400,7.4500,7.4800,28598526,213621171.0000,3,0.191643,1,-0.401100,4.397811,0.857669,1.827195,1.153839,0
2012-09-14,sh.600000,7.5000,7.5600,7.4400,7.5200,7.4500,60553998,454887764.0000,3,0.405782,1,0.939600,4.439133,0.865727,1.844364,1.164680,0
2012-09-17,sh.600000,7.5200,7.5200,7.4000,7.4100,7.5200,39495794,294478234.0000,3,0.264668,1,-1.462800,4.374199,0.853064,1.817385,1.147644,0
2012-09-18,sh.600000,7.3900,7.4000,7.3400,7.3500,7.4100,29556474,217783066.0000,3,0.198063,1,-0.809700,4.338780,0.846156,1.802669,1.138351,0
2012-09-19,sh.600000,7.3500,7.3800,7.3300,7.3400,7.3500,35316266,259404103.0000,3,0.236660,1,-0.136100,4.332877,0.845005,1.800217,1.136803,0
2012-09-20,sh.600000,7.3200,7.3400,7.2200,7.2300,7.3400,48072062,349808077.0000,3,0.322139,1,-1.498600,4.267943,0.832342,1.773238,1.119766,0
2012-09-21,sh.600000,7.2200,7.2600,7.1800,7.2100,7.2300,37540673,271098089.0000,3,0.251566,1,-0.276600,4.256137,0.830039,1.768333,1.116668,0
2012-09-24,sh.600000,7.1800,7.2100,7.1100,7.1700,7.2100,44280628,316830860.0000,3,0.296732,1,-0.554800,4.232524,0.825434,1.758522,1.110473,0
2012-09-25,sh.600000,7.1600,7.1800,7.1300,7.1600,7.1700,23528437,168346308.0000,3,0.157668,1,-0.139500,4.226621,0.824283,1.756070,1.108925,0
2012-09-26,sh.600000,7.1500,7.1800,7.1000,7.1100,7.1600,28344266,202126616.0000,3,0.189940,1,-0.698300,4.197106,0.818527,1.743807,1.101181,0
2012-09-27,sh.600000,7.1100,7.3600,7.1000,7.3200,7.1100,74565209,540842730.0000,3,0.499674,1,2.953600,4.321071,0.842703,1.795311,1.133705,0
2012-09-28,sh.600000,7.2800,7.3900,7.2400,7.3800,7.3200,62930106,460162691.0000,3,0.421705,1,0.819700,4.356489,0.849610,1.810027,1.142998,0
2012-10-08,sh.600000,7.3800,7.4200,7.2800,7.3200,7.3800,32324563,237702592.0000,3,0.216612,1,-0.813000,4.321071,0.842703,1.795311,1.133705,0
2012-10-09,sh.600000,7.3500,7.4800,7.3400,7.4500,7.3200,48620078,361695652.0000,3,0.325811,1,1.776000,4.397811,0.857669,1.827195,1.153839,0
2012-10-10,sh.600000,7.4300,7.4600,7.4000,7.4400,7.4500,27147361,201761964.0000,3,0.181919,1,-0.134200,4.391908,0.856518,1.824743,1.152290,0
2012-10-11,sh.600000,7.4100,7.4300,7.3700,7.4100,7.4400,29564294,218797754.0000,3,0.198115,1,-0.403200,4.374199,0.853064,1.817385,1.147644,0
2012-10-12,sh.600000,7.4300,7.5000,7.4100,7.4500,7.4100,37953795,283061227.0000,3,0.254335,1,0.539800,4.397811,0.857669,1.827195,1.153839,0
2012-10-15,sh.600000,7.4600,7.4700,7.3700,7.4100,7.4500,22249339,164793074.0000,3,0.149097,1,-0.536900,4.374199,0.853064,1.817385,1.147644,0
2012-10-16,sh.600000,7.4100,7.5200,7.3900,7.4600,7.4100,43952520,328313924.0000,3,0.294533,1,0.674800,4.403714,0.858820,1.829648,1.155388,0
2012-10-17,sh.600000,7.4800,7.5800,7.4400,7.5500,7.4600,52658490,395714435.0000,3,0.352873,1,1.206400,4.456842,0.869181,1.851722,1.169327,0
2012-10-18,sh.600000,7.5500,7.6500,7.5400,7.6200,7.5500,51397333,390882250.0000,3,0.344422,1,0.927200,4.498164,0.877240,1.868890,1.180168,0
2012-10-19,sh.600000,7.6200,7.6300,7.5500,7.5800,7.6200,40185550,305185395.0000,3,0.269290,1,-0.524934,4.474551,0.872635,1.859079,1.173973,0
2012-10-22,sh.600000,7.5400,7.6800,7.5300,7.6500,7.5800,36799861,280112259.0000,3,0.246602,1,0.923500,4.515873,0.880693,1.876248,1.184815,0
2012-10-23,sh.600000,7.6600,7.6800,7.5500,7.5700,7.6500,32189190,245356334.0000,3,0.215705,1,-1.045800,4.468648,0.871484,1.856627,1.172424,0
2012-10-24,sh.600000,7.5500,7.6300,7.5400,7.5900,7.5700,28328508,215116946.0000,3,0.189834,1,0.264200,4.480454,0.873786,1.861532,1.175522,0
2012-10-25,sh.600000,7.5800,7.6200,7.5000,7.5300,7.5900,29807495,225449545.0000,3,0.199745,1,-0.790500,4.445036,0.866879,1.846816,1.166229,0
2012-10-26,sh.600000,7.5400,7.5700,7.4200,7.4600,7.5300,49611207,370899603.0000,3,0.332453,1,-0.929600,4.403714,0.858820,1.829648,1.155388,0
2012-10-29,sh.600000,7.4400,7.4900,7.4200,7.4700,7.4600,28176827,210091716.0000,3,0.188818,1,0.134000,4.409617,0.859971,1.832101,1.156937,0
2012-10-30,sh.600000,7.4700,7.5300,7.4000,7.4800,7.4700,37082866,276344872.0000,3,0.248498,1,0.133900,4.415520,0.861123,1.834553,1.158485,0
2012-10-31,sh.600000,7.4900,7.5300,7.4300,7.5100,7.4800,36411101,273109830.0000,3,0.243997,1,0.401100,4.181486,0.825530,1.763435,1.132193,0
2012-11-01,sh.600000,7.5200,7.7000,7.5100,7.6400,7.5100,57205114,436219680.0000,3,0.383341,1,1.731000,4.253869,0.839820,1.793961,1.151792,0
2012-11-02,sh.600000,7.6500,7.7000,7.6100,7.6800,7.6400,47587494,364830180.0000,3,0.318892,1,0.523600,4.276141,0.844217,1.803353,1.157822,0
2012-11-05,sh.600000,7.7000,7.7800,7.6600,7.7300,7.6800,56974001,439602346.0000,3,0.381792,1,0.651000,4.303980,0.849714,1.815094,1.165360,0
2012-11-06,sh.600000,7.7400,7.7400,7.5900,7.6800,7.7300,42177128,323024801.0000,3,0.282636,1,-0.646800,4.276141,0.844217,1.803353,1.157822,0
2012-11-07,sh.600000,7.6700,7.7300,7.6400,7.6900,7.6800,26193792,201366783.0000,3,0.175529,1,0.130200,4.281709,0.845317,1.805701,1.159330,0
2012-11-08,sh.600000,7.6300,7.6600,7.5300,7.5400,7.6900,38667163,293900674.0000,3,0.259115,1,-1.950600,4.198190,0.828828,1.770479,1.136716,0
2012-11-09,sh.600000,7.5300,7.5900,7.5000,7.5300,7.5400,26921255,202868999.0000,3,0.180404,1,-0.132600,4.192622,0.827729,1.768131,1.135208,0
2012-11-12,sh.600000,7.5400,7.6400,7.5300,7.6300,7.5300,43645487,331521946.0000,3,0.292476,1,1.328000,4.248301,0.838721,1.791612,1.150284,0
2012-11-13,sh.600000,7.6200,7.6200,7.4800,7.4900,7.6300,37691617,283805513.0000,3,0.252578,1,-1.834900,4.170351,0.823332,1.758739,1.129178,0
2012-11-14,sh.600000,7.4900,7.5300,7.4700,7.5000,7.4900,21823216,163644374.0000,3,0.146241,1,0.133500,4.175919,0.824431,1.761087,1.130686,0
2012-11-15,sh.600000,7.4900,7.5000,7.4100,7.4200,7.5000,29220009,217739719.0000,3,0.195808,1,-1.066700,4.131375,0.815637,1.742302,1.118625,0
2012-11-16,sh.600000,7.4100,7.4100,7.3400,7.3600,7.4200,33266319,245149918.0000,3,0.222923,1,-0.808600,4.097968,0.809042,1.728213,1.109579,0
2012-11-19,sh.600000,7.3600,7.4000,7.3300,7.3700,7.3600,24785310,182453735.0000,3,0.166090,1,0.135900,4.103536,0.810141,1.730561,1.111087,0
2012-11-20,sh.600000,7.4000,7.4100,7.3300,7.3500,7.3700,20252986,149215097.0000,3,0.135719,1,-0.271400,4.092400,0.807942,1.725865,1.108072,0
2012-11-21,sh.600000,7.3500,7.4800,7.3400,7.4700,7.3500,28957627,214374137.0000,3,0.194050,1,1.632700,4.159215,0.821133,1.754043,1.126163,0
2012-11-22,sh.600000,7.4500,7.4800,7.4000,7.4400,7.4700,22784842,169442910.0000,3,0.152685,1,-0.401600,4.142511,0.817836,1.746998,1.121640,0
2012-11-23,sh.600000,7.4600,7.5600,7.4300,7.5100,7.4400,35819826,268999532.0000,3,0.240035,1,0.940900,4.181486,0.825530,1.763435,1.132193,0
2012-11-26,sh.600000,7.5000,7.5400,7.4300,7.4700,7.5100,28167480,210337432.0000,3,0.188755,1,-0.532600,4.159215,0.821133,1.754043,1.126163,0
2012-11-27,sh.600000,7.4400,7.5200,7.4200,7.4600,7.4700,40827533,304729094.0000,3,0.273592,1,-0.133900,4.153647,0.820034,1.751694,1.124655,0
2012-11-28,sh.600000,7.4400,7.5000,7.4200,7.4400,7.4600,41978767,312815519.0000,3,0.281307,1,-0.268100,4.142511,0.817836,1.746998,1.121640,0
2012-11-29,sh.600000,7.4600,7.4700,7.4000,7.4100,7.4400,39279397,291914537.0000,3,0.263218,1,-0.403200,4.125808,0.814538,1.739954,1.117117,0
2012-11-30,sh.600000,7.4100,7.4800,7.3700,7.4600,7.4100,38822287,288486299.0000,3,0.260155,1,0.674800,4.153647,0.820034,1.751694,1.124655,0
2012-12-03,sh.600000,7.4600,7.4700,7.3400,7.3500,7.4600,53769233,396827583.0000,3,0.360317,1,-1.474500,4.092400,0.807942,1.725865,1.108072,0
2012-12-04,sh.600000,7.3300,7.4600,7.3300,7.4300,7.3500,34974819,258840206.0000,3,0.234372,1,1.088400,4.136943,0.816736,1.744650,1.120132,0
2012-12-05,sh.600000,7.4300,7.9200,7.4100,7.8800,7.4300,227002022,1764021567.0000,3,1.521178,1,6.056500,4.387498,0.866202,1.850315,1.187974,0
2012-12-06,sh.600000,7.8700,7.9700,7.8300,7.8900,7.8800,115134979,910874057.0000,3,0.771539,1,0.126900,4.393066,0.867301,1.852663,1.189481,0
2012-12-07,sh.600000,7.9300,8.2800,7.9200,8.2600,7.8900,229249195,1863056888.0000,3,1.536237,1,4.689500,4.599078,0.907973,1.939544,1.245262,0
2012-12-10,sh.600000,8.3500,8.4200,8.2600,8.3300,8.2600,215254803,1796312749.0000,3,1.442458,1,0.847500,4.638054,0.915668,1.955981,1.255815,0
2012-12-11,sh.600000,8.3200,8.3700,8.2500,8.2800,8.3300,114930761,955761506.0000,3,0.770170,1,-0.600200,4.610214,0.910172,1.944240,1.248277,0
2012-12-12,sh.600000,8.2900,8.4900,8.2900,8.4000,8.2800,174126970,1463952981.0000,3,1.166854,1,1.449300,4.677029,0.923363,1.972417,1.266368,0
2012-12-13,sh.600000,8.3500,8.4500,8.2800,8.2900,8.4000,124094525,1038553776.0000,3,0.831578,1,-1.309500,4.615782,0.911271,1.946588,1.249784,0
2012-12-14,sh.600000,8.3200,8.9900,8.3200,8.9000,8.2900,344394455,3002867566.0000,3,2.307844,1,7.358300,4.955423,0.978325,2.089823,1.341747,0
2012-12-17,sh.600000,9.0000,9.1100,8.9400,9.0700,8.9000,254783070,2298528870.0000,3,1.707344,1,1.910100,5.050078,0.997012,2.129741,1.367376,0
2012-12-18,sh.600000,9.0100,9.2900,8.9700,9.1400,9.0700,234880214,2144833795.0000,3,1.573971,1,0.771800,5.089053,1.004707,2.146178,1.377929,0
2012-12-19,sh.600000,9.1100,9.1600,8.9800,9.0500,9.1400,176670647,1601205282.0000,3,1.183899,1,-0.984700,5.038942,0.994813,2.125045,1.364361,0
2012-12-20,sh.600000,8.9900,9.0700,8.8800,9.0600,9.0500,149750877,1346132252.0000,3,1.003505,1,0.110500,5.044510,0.995913,2.127393,1.365868,0
2012-12-21,sh.600000,9.0600,9.1100,8.8800,8.9700,9.0600,130820092,1174200111.0000,3,0.876647,1,-0.993400,4.994399,0.986019,2.106260,1.352300,0
2012-12-24,sh.600000,8.9400,9.2600,8.9400,9.0900,8.9700,134642726,1224943518.0000,3,0.902263,1,1.337800,5.061213,0.999210,2.134437,1.370391,0
2012-12-25,sh.600000,9.0700,9.5600,9.0400,9.4500,9.0900,234226689,2200438398.0000,3,1.569592,1,3.960400,5.261657,1.038783,2.218970,1.424664,0
2012-12-26,sh.600000,9.4600,9.4900,9.3700,9.4600,9.4500,96013021,904988194.0000,3,0.643399,1,0.105800,5.267225,1.039882,2.221318,1.426171,0
2012-12-27,sh.600000,9.4600,9.6400,9.3200,9.3900,9.4600,127847946,1211244239.0000,3,0.856730,1,-0.740000,5.228250,1.032188,2.204881,1.415618,0
2012-12-28,sh.600000,9.3700,9.6400,9.3700,9.5900,9.3900,119599842,1140200526.0000,3,0.801458,1,2.129900,5.339608,1.054172,2.251843,1.445770,0
2012-12-31,sh.600000,9.6400,9.9600,9.6300,9.9200,9.5900,198451648,1956467612.0000,3,1.329857,1,3.441100,5.523348,1.090447,2.329331,1.495520,0
2013-01-04,sh.600000,10.1000,10.2600,9.9300,10.0200,9.9200,261436810,2633796691.0000,3,1.751931,1,1.008100,5.579027,1.101440,2.352812,1.510596,0
2013-01-07,sh.600000,10.0500,10.3400,10.0100,10.3200,10.0200,248200915,2534161998.0000,3,1.663235,1,2.994000,5.635193,1.134417,2.330075,1.555823,0
2013-01-08,sh.600000,10.3400,10.3500,10.0600,10.1200,10.3200,154851189,1573240155.0000,3,1.037683,1,-1.938000,5.525984,1.112432,2.284919,1.525672,0
2013-01-09,sh.600000,10.0900,10.1800,9.9800,10.1400,10.1200,175906181,1774560423.0000,3,1.178776,1,0.197600,5.536905,1.114631,2.289434,1.528687,0
2013-01-10,sh.600000,10.1100,10.2100,9.9900,10.0400,10.1400,121226794,1224888956.0000,3,0.812361,1,-0.986200,5.482300,1.103638,2.266856,1.513611,0
2013-01-11,sh.600000,10.0700,10.1200,9.7700,9.8200,10.0400,171547464,1709899032.0000,3,1.149568,1,-2.191200,5.362170,1.079455,2.217184,1.480444,0
2013-01-14,sh.600000,9.7500,10.3600,9.7500,10.3500,9.8200,228634872,2326609986.0000,3,1.532120,1,5.397100,5.651574,1.137715,2.336849,1.560346,0
2013-01-15,sh.600000,10.3500,10.4100,10.2200,10.3300,10.3500,134039003,1383536241.0000,3,0.898218,1,-0.193200,5.640653,1.135516,2.332333,1.557331,0
2013-01-16,sh.600000,10.2800,10.3200,9.9800,10.1200,10.3300,156691872,1588121377.0000,3,1.050018,1,-2.032900,5.525984,1.112432,2.284919,1.525672,0
2013-01-17,sh.600000,10.0500,10.1700,9.8800,10.0300,10.1200,116672023,1163327254.0000,3,0.781839,1,-0.889300,5.476840,1.102539,2.264598,1.512103,0
2013-01-18,sh.600000,10.0800,10.2500,9.9700,10.1600,10.0300,129872645,1315677034.0000,3,0.870298,1,1.296100,5.547826,1.116829,2.293950,1.531702,0
2013-01-21,sh.600000,10.2000,10.4400,10.0500,10.4000,10.1600,178154882,1826584603.0000,3,1.193845,1,2.362200,5.678877,1.143211,2.348138,1.567884,0
2013-01-22,sh.600000,10.3800,10.7600,10.2500,10.4800,10.4000,242222065,2546398122.0000,3,1.623170,1,0.769200,5.722560,1.152005,2.366200,1.579945,0
2013-01-23,sh.600000,10.4400,10.6200,10.3700,10.6000,10.4800,155968498,1637582752.0000,3,1.045171,1,1.145000,5.788086,1.165196,2.393294,1.598036,0
2013-01-24,sh.600000,10.6000,11.0400,10.5300,10.6100,10.6000,320210498,3446063883.0000,3,2.145784,1,0.094300,5.793546,1.166295,2.395552,1.599543,0
2013-01-25,sh.600000,10.6000,10.6800,10.5300,10.6600,10.6100,89716806,951423104.0000,3,0.601207,1,0.471300,5.820848,1.171791,2.406841,1.607081,0
2013-01-28,sh.600000,10.6600,11.2100,10.6500,11.1800,10.6600,263089195,2903989341.0000,3,1.763004,1,4.878000,6.104792,1.228952,2.524248,1.685475,0
2013-01-29,sh.600000,11.2100,11.4700,11.1100,11.3000,11.1800,191067344,2155684299.0000,3,1.280374,1,1.073300,6.170318,1.242143,2.551342,1.703566,0
2013-01-30,sh.600000,11.2900,11.3600,11.0900,11.2400,11.3000,172171454,1933404997.0000,3,1.153749,1,-0.531000,6.137555,1.235547,2.537795,1.694521,0
2013-01-31,sh.600000,11.2400,11.5000,11.1200,11.4800,11.2400,181147190,2051351346.0000,3,1.213897,1,2.135200,6.268606,1.261929,2.591983,1.730703,0
2013-02-01,sh.600000,11.4100,11.9700,11.3100,11.9500,11.4800,223157195,2595572299.0000,3,1.495413,1,4.094100,6.525248,1.313593,2.698101,1.801559,0
2013-02-04,sh.600000,11.9800,12.2700,11.8300,12.0700,11.9500,271540507,3269293147.0000,3,1.819638,1,1.004200,6.590773,1.326784,2.725195,1.819650,0
2013-02-05,sh.600000,11.9100,12.0000,11.6500,11.8700,12.0700,176944688,2098278652.0000,3,1.185736,1,-1.657000,6.481564,1.304799,2.680038,1.789498,0
2013-02-06,sh.600000,11.8500,12.0500,11.7200,12.0000,11.8700,133748186,1595335908.0000,3,0.896269,1,1.095200,6.552550,1.319090,2.709390,1.809097,0
2013-02-07,sh.600000,12.0000,12.0200,11.1700,11.4300,12.0000,315193605,3634915098.0000,3,2.112165,1,-4.750000,6.241304,1.256433,2.580694,1.723165,0
2013-02-08,sh.600000,11.4000,11.4500,11.0600,11.3400,11.4300,195904902,2214211012.0000,3,1.312791,1,-0.787400,6.192160,1.246540,2.560373,1.709597,0
2013-02-18,sh.600000,11.4200,11.5000,11.1900,11.2600,11.3400,119051849,1348960810.0000,3,0.797786,1,-0.705500,6.148476,1.237746,2.542311,1.697536,0
2013-02-19,sh.600000,11.2300,11.3100,11.0700,11.1000,11.2600,114565262,1279590709.0000,3,0.767721,1,-1.421000,6.061109,1.220158,2.506186,1.673415,0
2013-02-20,sh.600000,11.1000,11.1200,10.5800,10.8100,11.1000,264523040,2849978249.0000,3,1.772613,1,-2.612600,5.902755,1.188280,2.440709,1.629695,0
2013-02-21,sh.600000,10.6500,10.6800,10.0000,10.2200,10.8100,290791316,2996527715.0000,3,1.948641,1,-5.457900,5.580588,1.123425,2.307497,1.540747,0
2013-02-22,sh.600000,10.1900,10.3400,10.0800,10.1400,10.2200,143226433,1463429410.0000,3,0.959784,1,-0.782800,5.536905,1.114631,2.289434,1.528687,0
2013-02-25,sh.600000,10.2100,10.4000,10.2000,10.3200,10.1400,116274545,1198145581.0000,3,0.779175,1,1.775100,5.635193,1.134417,2.330075,1.555823,0
2013-02-26,sh.600000,10.2000,10.7600,10.1500,10.3300,10.3200,238592674,2515148260.0000,3,1.598849,1,0.096900,5.640653,1.135516,2.332333,1.557331,0
2013-02-27,sh.600000,10.3600,10.7000,10.3100,10.3900,10.3300,158815735,1662077351.0000,3,1.064251,1,0.580800,5.673416,1.142112,2.345880,1.566376,0
2013-02-28,sh.600000,10.5500,11.0700,10.3900,11.0600,10.3900,224658466,2416913062.0000,3,1.505474,1,6.448500,6.039267,1.215761,2.497154,1.667384,0
2013-03-01,sh.600000,11.0700,11.3100,10.8000,11.1700,11.0600,223208905,2475460511.0000,3,1.495760,1,0.994600,6.099332,1.227853,2.521990,1.683968,0
2013-03-04,sh.600000,10.8600,10.9000,10.2700,10.3900,11.1700,261002023,2758781288.0000,3,1.749018,1,-6.983000,5.673416,1.142112,2.345880,1.566376,0
2013-03-05,sh.600000,10.3600,11.2200,10.3600,11.0700,10.3900,233607734,2525017018.0000,3,1.565444,1,6.544800,6.044727,1.216860,2.499412,1.668892,0
2013-03-06,sh.600000,11.1600,11.3100,10.9600,11.1100,11.0700,205631621,2289024741.0000,3,1.377972,1,0.361300,6.066569,1.221257,2.508443,1.674922,0
2013-03-07,sh.600000,11.0200,11.1000,10.5100,10.7600,11.1100,191555154,2072717387.0000,3,1.283643,1,-3.150300,5.875453,1.182784,2.429420,1.622157,0
2013-03-08,sh.600000,10.8100,10.8800,10.6000,10.7100,10.7600,103046487,1106726782.0000,3,0.690532,1,-0.464700,5.848151,1.177287,2.418130,1.614619,0
2013-03-11,sh.600000,10.6700,10.6700,10.4100,10.4700,10.7100,94081221,990803399.0000,3,0.630454,1,-2.240900,5.717100,1.150906,2.363943,1.578437,0
2013-03-12,sh.600000,10.4600,10.6500,10.1800,10.2900,10.4700,132298619,1371021517.0000,3,0.886555,1,-1.719200,5.618812,1.131119,2.323302,1.551301,0
2013-03-13,sh.600000,10.2900,10.4200,10.1100,10.2500,10.2900,105764431,1083876595.0000,3,0.708745,1,-0.388700,5.596970,1.126722,2.314270,1.545270,0
2013-03-14,sh.600000,10.4000,10.5600,10.2700,10.4500,10.2500,163419368,1707645843.0000,3,1.095100,1,1.951200,5.702006,1.098209,2.349898,-9.530105,0
2013-03-15,sh.600000,10.4700,10.9300,10.3800,10.5100,10.4500,214299272,2283442403.0000,3,1.436055,1,0.574200,5.734745,1.104514,2.363391,-9.584824,0
2013-03-18,sh.600000,10.4400,10.6400,10.3900,10.4800,10.5100,142604467,1499673088.0000,3,0.955616,1,-0.285400,5.718375,1.101362,2.356645,-9.557465,0
2013-03-19,sh.600000,10.4700,10.6600,10.4300,10.6500,10.4800,114470221,1207222528.0000,3,0.767084,1,1.622100,5.811135,1.119227,2.394873,-9.712500,0
2013-03-20,sh.600000,10.6800,11.2000,10.6500,11.1900,10.6500,253698290,2793678336.0000,3,1.700074,1,5.070400,6.105784,1.175977,2.516303,-10.204965,0
2013-03-21,sh.600000,11.2000,11.2800,10.9400,11.1000,11.1900,193267919,2143848448.0000,3,1.295120,1,-0.804300,6.056676,1.166518,2.496064,-10.122887,0
2013-03-22,sh.600000,11.0100,11.1100,10.9500,11.0600,11.1000,122824527,1356165888.0000,3,0.823067,1,-0.360400,6.034850,1.162315,2.487070,-10.086408,0
2013-03-25,sh.600000,11.1300,11.2400,11.0000,11.0400,11.0600,89020579,986945920.0000,3,0.596542,1,-0.180800,6.023937,1.160213,2.482572,-10.068169,0
2013-03-26,sh.600000,10.9800,10.9900,10.6500,10.7000,11.0400,126327261,1358262016.0000,3,0.846540,1,-3.079700,5.838418,1.124482,2.406116,-9.758098,0
2013-03-27,sh.600000,10.7100,10.9500,10.6300,10.7600,10.7000,113814685,1225592704.0000,3,0.762691,1,0.560800,5.871156,1.130787,2.419608,-9.812817,0
2013-03-28,sh.600000,10.2000,10.2500,9.6800,10.0200,10.7600,298069472,2992135424.0000,3,1.997413,1,-6.877300,5.467378,1.053019,2.253204,-9.137958,0
2013-03-29,sh.600000,10.0300,10.2100,9.9100,10.1300,10.0200,131028762,1315731584.0000,3,0.878045,1,1.097800,5.527399,1.064579,2.277940,-9.238274,0
2013-04-01,sh.600000,10.0600,10.2000,10.0300,10.0500,10.1300,76052116,767292288.0000,3,0.509638,1,-0.789700,5.483747,1.056172,2.259950,-9.165317,0
2013-04-02,sh.600000,10.0700,10.1700,9.9400,10.0300,10.0500,83681538,840890496.0000,3,0.560764,1,-0.199000,5.472834,1.054070,2.255453,-9.147077,0
2013-04-03,sh.600000,10.0500,10.1500,9.9500,10.0600,10.0300,88765772,892637696.0000,3,0.594834,1,0.299100,5.489204,1.057223,2.262199,-9.174436,0
2013-04-08,sh.600000,9.8700,9.9900,9.7000,9.9200,10.0600,89499064,883268160.0000,3,0.599748,1,-1.391700,5.412813,1.042510,2.230717,-9.046760,0
2013-04-09,sh.600000,9.9600,10.1200,9.9600,10.0400,9.9200,65806596,660726016.0000,3,0.440981,1,1.209700,5.478291,1.055121,2.257701,-9.156197,0
2013-04-10,sh.600000,10.0300,10.0400,9.9200,10.0000,10.0400,54586848,544630528.0000,3,0.365796,1,-0.398400,5.456465,1.050918,2.248707,-9.119718,0
2013-04-11,sh.600000,10.0800,10.1200,10.0000,10.0200,10.0000,43303750,435013696.0000,3,0.290186,1,0.200000,5.467378,1.053019,2.253204,-9.137958,0
2013-04-12,sh.600000,10.0300,10.0600,9.9000,9.9400,10.0200,41832297,417375296.0000,3,0.280325,1,-0.798412,5.423726,1.044612,2.235214,-9.065000,0
2013-04-15,sh.600000,9.9400,9.9900,9.7900,9.8300,9.9400,75763623,747795136.0000,3,0.507705,1,-1.106600,5.363705,1.033052,2.210479,-8.964683,0
2013-04-16,sh.600000,9.7500,9.8300,9.6000,9.7400,9.8300,126274720,1224441856.0000,3,0.846188,1,-0.915566,5.314597,1.023594,2.190240,-8.882605,0
2013-04-17,sh.600000,9.7400,9.7400,9.5200,9.5900,9.7400,86278542,829038336.0000,3,0.578167,1,-1.540000,5.232750,1.007830,2.156510,-8.745810,0
2013-04-18,sh.600000,9.4600,9.6600,9.4200,9.6300,9.5900,103421937,985199552.0000,3,0.693048,1,0.417100,5.254576,1.012034,2.165505,-8.782289,0
2013-04-19,sh.600000,9.6500,10.1900,9.6200,10.1400,9.6300,178675031,1778831232.0000,3,1.197331,1,5.295952,5.532856,1.065630,2.280189,-9.247394,0
2013-04-22,sh.600000,10.1100,10.2200,10.1000,10.2200,10.1400,123343744,1254891776.0000,3,0.826547,1,0.789000,5.576507,1.074038,2.298178,-9.320352,0
2013-04-23,sh.600000,10.2800,10.2900,9.8000,9.8400,10.2200,108826815,1083711232.0000,3,0.729267,1,-3.718200,5.369162,1.034103,2.212727,-8.973803,0
2013-04-24,sh.600000,9.8600,10.1500,9.7700,10.0300,9.8400,105005043,1045917568.0000,3,0.703656,1,1.930900,5.472834,1.054070,2.255453,-9.147077,0
2013-04-25,sh.600000,10.0000,10.0700,9.8200,9.9100,10.0300,74320334,737540032.0000,3,0.498033,1,-1.196400,5.407357,1.041459,2.228468,-9.037641,0
2013-04-26,sh.600000,9.9600,10.0100,9.8500,9.8800,9.9100,52806428,524919872.0000,3,0.353865,1,-0.302722,5.390987,1.038307,2.221722,-9.010281,0
2013-05-02,sh.600000,9.7700,9.8600,9.6600,9.8200,9.8800,80667825,786928384.0000,3,0.540568,1,-0.607300,5.204634,0.980353,2.153656,-0.928857,0
2013-05-03,sh.600000,9.8700,10.1700,9.8300,10.0100,9.8200,109373480,1097528960.0000,3,0.732930,1,1.934832,5.305335,0.999322,2.195326,-0.946829,0
2013-05-06,sh.600000,10.0300,10.2100,9.9700,10.1300,10.0100,87865272,888293824.0000,3,0.588800,1,1.198800,5.368935,1.011302,2.221643,-0.958179,0
2013-05-07,sh.600000,10.0900,10.1000,9.9800,10.0600,10.1300,60095952,603143680.0000,3,0.402713,1,-0.691000,5.331835,1.004313,2.206292,-0.951558,0
2013-05-08,sh.600000,10.1200,10.2000,10.0100,10.0500,10.0600,72153519,728615168.0000,3,0.483513,1,-0.099400,5.326535,1.003315,2.204098,-0.950612,0
2013-05-09,sh.600000,10.0600,10.0800,9.8900,9.9700,10.0500,64667334,644949056.0000,3,0.433347,1,-0.796000,5.284134,0.995328,2.186553,-0.943045,0
2013-05-10,sh.600000,9.9300,10.0600,9.8900,10.0300,9.9700,63127003,630968320.0000,3,0.423024,1,0.601800,5.315935,1.001318,2.199712,-0.948720,0
2013-05-13,sh.600000,10.0200,10.1100,9.9300,10.0200,10.0300,66994306,670319744.0000,3,0.448940,1,-0.099700,5.310635,1.000320,2.197519,-0.947775,0
2013-05-14,sh.600000,10.0300,10.0500,9.9300,9.9700,10.0200,67348057,671548096.0000,3,0.451310,1,-0.499000,5.284134,0.995328,2.186553,-0.943045,0
2013-05-15,sh.600000,9.9800,10.0200,9.9300,9.9900,9.9700,47275904,471747488.0000,3,0.316804,1,0.200600,5.294734,0.997325,2.190940,-0.944937,0
2013-05-16,sh.600000,9.9900,10.1600,9.8400,10.1500,9.9900,111647303,1120193792.0000,3,0.748167,1,1.601600,5.379535,1.013298,2.226030,-0.960071,0
2013-05-17,sh.600000,10.1500,10.2800,10.0500,10.2400,10.1500,122955149,1250713216.0000,3,0.823943,1,0.886700,5.427235,1.022283,2.245768,-0.968584,0
2013-05-20,sh.600000,10.2600,10.5400,10.2000,10.4100,10.2400,156851179,1632285440.0000,3,1.051086,1,1.660200,5.517336,1.039255,2.283051,-0.984664,0
2013-05-21,sh.600000,10.3800,10.4200,10.2400,10.3400,10.4100,91775245,946356992.0000,3,0.615001,1,-0.672427,5.480236,1.032266,2.267699,-0.978043,0
2013-05-22,sh.600000,10.3300,10.3800,10.2800,10.3600,10.3400,71207689,734819200.0000,3,0.477175,1,0.193400,5.490836,1.034263,2.272086,-0.979935,0
2013-05-23,sh.600000,10.2900,10.3300,10.1500,10.1500,10.3600,82484743,845485696.0000,3,0.552744,1,-2.027000,5.379535,1.013298,2.226030,-0.960071,0
2013-05-24,sh.600000,10.2000,10.2800,10.1000,10.2000,10.1500,63230983,644944768.0000,3,0.423721,1,0.492600,5.406035,1.018290,2.236995,-0.964800,0
2013-05-27,sh.600000,10.2100,10.3300,10.1800,10.2900,10.2000,69546991,714504576.0000,3,0.466046,1,0.882400,5.453735,1.027275,2.256734,-0.973313,0
2013-05-28,sh.600000,10.3000,10.5600,10.2500,10.5500,10.2900,111377099,1160468736.0000,3,0.746356,1,2.526700,5.591536,1.053231,2.313755,-0.997906,0
2013-05-29,sh.600000,10.5800,10.6200,10.5100,10.5200,10.5500,91459014,966132032.0000,3,0.612882,1,-0.284400,5.575636,1.050236,2.307176,-0.995069,0
2013-05-30,sh.600000,10.4800,10.6200,10.4700,10.5400,10.5200,89454796,942531008.0000,3,0.599451,1,0.190100,5.586236,1.052233,2.311562,-0.996960,0
2013-05-31,sh.600000,10.5600,10.6200,10.4600,10.4700,10.5400,101875600,1074952832.0000,3,0.682685,1,-0.664134,5.549136,1.045245,2.296210,-0.990339,0
2013-06-03,sh.600000,9.9700,10.0100,9.8100,9.8400,9.9200,83186090,823621312.0000,3,0.557444,1,-0.806500,5.215234,0.982350,2.158043,-0.930749,0
2013-06-04,sh.600000,9.8900,9.8900,9.7000,9.7400,9.8400,60164557,587136128.0000,3,0.403173,1,-1.016300,5.162234,0.972367,2.136111,-0.921290,0
2013-06-05,sh.600000,9.7400,9.7700,9.6000,9.6500,9.7400,56405768,545296064.0000,3,0.377984,1,-0.924000,5.114533,0.963382,2.116373,-0.912777,0
2013-06-06,sh.600000,9.6100,9.6700,9.4200,9.4500,9.6500,72417597,688813184.0000,3,0.485282,1,-2.072500,5.008533,0.943416,2.072510,-0.893859,0
2013-06-07,sh.600000,9.5100,9.5700,9.3200,9.3500,9.4500,72344081,682011584.0000,3,0.484790,1,-1.058200,4.955532,0.933432,2.050579,-0.884400,0
2013-06-13,sh.600000,9.2500,9.2500,8.9100,9.0200,9.3500,127820275,1152185088.0000,3,0.856545,1,-3.529400,4.780631,0.900488,1.978206,-0.853186,0
2013-06-14,sh.600000,9.0700,9.0700,8.9800,9.0200,9.0200,77530686,699500736.0000,3,0.519546,1,0.000000,4.780631,0.900488,1.978206,-0.853186,0
2013-06-17,sh.600000,9.0500,9.1000,8.9600,9.0100,9.0200,52039165,469144448.0000,3,0.348723,1,-0.110900,4.775331,0.899489,1.976013,-0.852240,0
2013-06-18,sh.600000,9.0500,9.1200,9.0100,9.0700,9.0100,40358845,365844160.0000,3,0.270451,1,0.665900,4.807131,0.905479,1.989171,-0.857916,0
2013-06-19,sh.600000,9.0500,9.0500,8.8200,8.8900,9.0700,53104791,473179680.0000,3,0.355864,1,-1.984600,4.711731,0.887509,1.949695,-0.840890,0
2013-06-20,sh.600000,8.8600,8.8600,8.4000,8.4200,8.8900,137571510,1178952704.0000,3,0.921889,1,-5.286800,4.462629,0.840588,1.846618,-0.796433,0
2013-06-21,sh.600000,8.3100,8.4700,8.2200,8.2800,8.4200,147442615,1229287040.0000,3,0.988037,1,-1.662700,4.388429,0.826612,1.815914,-0.783191,0
2013-06-24,sh.600000,8.2900,8.2900,7.5000,7.5200,8.2800,249977361,1942163840.0000,3,1.675140,1,-9.178700,3.985626,0.750739,1.649236,-0.711304,0
2013-06-25,sh.600000,7.4500,7.8400,7.1800,7.8000,7.5200,246601203,1856925568.0000,3,1.652515,1,3.723400,4.134027,0.778692,1.710644,-0.737789,0
2013-06-26,sh.600000,7.9000,7.9500,7.6300,7.7700,7.8000,130788936,1016856704.0000,3,0.876438,1,-0.384600,4.118127,0.775697,1.704064,-0.734951,0
2013-06-27,sh.600000,7.8500,7.9200,7.7000,7.8800,7.7700,125823284,982597056.0000,3,0.843163,1,1.415700,4.176427,0.786679,1.728189,-0.745356,0
2013-06-28,sh.600000,7.8200,8.3000,7.7600,8.2800,7.8800,157753950,1276035968.0000,3,1.057135,1,5.076100,4.388429,0.826612,1.815914,-0.783191,0
2013-07-01,sh.600000,8.2200,8.2700,8.0700,8.1700,8.2800,86027064,702497408.0000,3,0.576482,1,-1.328500,4.330128,0.815630,1.791789,-0.772786,0
2013-07-02,sh.600000,8.1800,8.2200,7.9500,8.1500,8.1700,84019573,677872896.0000,3,0.563029,1,-0.244800,4.319528,0.813633,1.787403,-0.770895,0
2013-07-03,sh.600000,8.1000,8.1100,7.9700,8.0400,8.1500,69690313,560255104.0000,3,0.467006,1,-1.349700,4.261228,0.802652,1.763279,-0.760490,0
2013-07-04,sh.600000,8.0600,8.2800,8.0200,8.1200,8.0400,85794489,697456128.0000,3,0.574923,1,0.995000,4.303628,0.810639,1.780824,-0.768057,0
2013-07-05,sh.600000,8.1100,8.2200,8.0800,8.1100,8.1200,58764344,477728576.0000,3,0.393790,1,-0.123200,4.298328,0.809640,1.778631,-0.767111,0
2013-07-08,sh.600000,8.0000,8.0500,7.9000,7.9100,8.1100,63977579,508688896.0000,3,0.428724,1,-2.466100,4.192327,0.789674,1.734768,-0.748193,0
2013-07-09,sh.600000,7.9200,7.9600,7.8800,7.9200,7.9100,40964528,324418304.0000,3,0.274510,1,0.126400,4.197627,0.790672,1.736961,-0.749139,0
2013-07-10,sh.600000,7.9500,8.1300,7.9000,8.1100,7.9200,60829122,488041472.0000,3,0.407626,1,2.399000,4.298328,0.809640,1.778631,-0.767111,0
2013-07-11,sh.600000,8.1700,8.9200,8.1700,8.8600,8.1100,274152432,2369027072.0000,3,1.837141,1,9.247800,4.695831,0.884514,1.943116,-0.838052,0
2013-07-12,sh.600000,8.7600,8.8500,8.4300,8.4900,8.8600,162211373,1400965632.0000,3,1.087005,1,-4.176100,4.499729,0.847576,1.861970,-0.803055,0
2013-07-15,sh.600000,8.5500,8.7100,8.4100,8.5600,8.4900,103850924,891216128.0000,3,0.695922,1,0.824500,4.536830,0.854565,1.877322,-0.809676,0
2013-07-16,sh.600000,8.5200,8.5500,8.4100,8.5400,8.5600,78430472,664317056.0000,3,0.525576,1,-0.233600,4.526229,0.852568,1.872935,-0.807784,0
2013-07-17,sh.600000,8.5200,8.5500,8.3800,8.4500,8.5400,79489709,673336896.0000,3,0.532674,1,-1.053900,4.478529,0.843583,1.853197,-0.799271,0
2013-07-18,sh.600000,8.4100,8.4500,8.1600,8.2000,8.4500,99044377,818192320.0000,3,0.663713,1,-2.958600,4.346028,0.818625,1.798369,-0.775624,0
2013-07-19,sh.600000,8.2200,8.2400,8.0200,8.0300,8.2000,76242268,619426688.0000,3,0.510912,1,-2.073200,4.255928,0.801654,1.761086,-0.759544,0
2013-07-22,sh.600000,7.9000,7.9900,7.8200,7.9500,8.0300,95552055,754153152.0000,3,0.640310,1,-0.996300,4.213527,0.793667,1.743541,-0.751977,0
2013-07-23,sh.600000,7.9900,8.2300,7.9400,8.1400,7.9500,115906521,942643008.0000,3,0.776709,1,2.389900,4.314228,0.812635,1.785210,-0.769949,0
2013-07-24,sh.600000,8.0400,8.0900,7.9000,8.0000,8.1400,87410550,697536448.0000,3,0.585753,1,-1.719900,4.240028,0.798659,1.754506,-0.756706,0
2013-07-25,sh.600000,8.0200,8.1100,7.9600,8.0200,8.0000,62010839,497968448.0000,3,0.415545,1,0.250000,4.250628,0.800655,1.758892,-0.758598,0
2013-07-26,sh.600000,7.9800,8.0100,7.9400,7.9700,8.0200,42800503,341110336.0000,3,0.286813,1,-0.623400,4.224127,0.795664,1.747927,-0.753869,0
2013-07-29,sh.600000,7.9000,7.9000,7.7100,7.7400,7.9700,84518514,655293184.0000,3,0.566373,1,-2.885800,4.102227,0.772702,1.697485,-0.732113,0
2013-07-30,sh.600000,7.7800,7.9600,7.7400,7.8400,7.7400,68907635,540970752.0000,3,0.461761,1,1.292000,4.155227,0.782685,1.719416,-0.741572,0
2013-07-31,sh.600000,7.9100,8.0200,7.8200,7.8600,7.8400,50335414,397874880.0000,3,0.337306,1,0.255100,4.165827,0.784682,1.723802,-0.743464,0
2013-08-01,sh.600000,7.9200,8.0200,7.8700,7.9900,7.8600,58959381,469433184.0000,3,0.395097,1,1.653900,4.234728,0.797660,1.752313,-0.755760,0
2013-08-02,sh.600000,8.0600,8.1200,7.9700,7.9800,7.9900,57767151,463891776.0000,3,0.387107,1,-0.125200,4.229428,0.796662,1.750120,-0.754814,0
2013-08-05,sh.600000,7.9800,8.0700,7.9500,8.0600,7.9800,53056118,425459712.0000,3,0.355538,1,1.002500,4.271828,0.804649,1.767665,-0.762382,0
2013-08-06,sh.600000,8.0300,8.0800,7.9800,8.0300,8.0600,82798496,664260224.0000,3,0.554846,1,-0.372200,4.255928,0.801654,1.761086,-0.759544,0
2013-08-07,sh.600000,8.0300,8.1400,8.0000,8.0100,8.0300,68679917,553785280.0000,3,0.460235,1,-0.249100,4.245328,0.799657,1.756699,-0.757652,0
2013-08-08,sh.600000,8.0100,8.0700,7.9500,7.9900,8.0100,54611350,436833728.0000,3,0.365960,1,-0.249700,4.234728,0.797660,1.752313,-0.755760,0
2013-08-09,sh.600000,8.0500,8.0800,7.9600,8.0100,7.9900,55483572,444645248.0000,3,0.371805,1,0.250300,4.245328,0.799657,1.756699,-0.757652,0
2013-08-12,sh.600000,8.0400,8.3200,8.0100,8.3100,8.0100,142760853,1171789056.0000,3,0.956664,1,3.745300,4.404329,0.829607,1.822493,-0.786029,0
2013-08-13,sh.600000,8.3000,8.4300,8.2700,8.4200,8.3100,118672580,991814144.0000,3,0.795245,1,1.323700,4.462629,0.840588,1.846618,-0.796433,0
2013-08-14,sh.600000,8.4400,8.5300,8.3000,8.3100,8.4200,121903670,1025898624.0000,3,0.816897,1,-1.306400,4.260984,0.830247,1.732579,-2.161718,0
2013-08-15,sh.600000,8.3100,8.3700,8.2000,8.2200,8.3100,67134769,556547136.0000,3,0.449881,1,-1.083000,4.214836,0.821255,1.713814,-2.138306,0
2013-08-16,sh.600000,8.1700,9.0400,8.1500,8.3100,8.2200,264712593,2254296064.0000,3,1.773883,1,1.094900,4.260984,0.830247,1.732579,-2.161718,0
2013-08-19,sh.600000,8.2400,8.5000,8.2300,8.4500,8.3100,124704778,1044624768.0000,3,0.835667,1,1.684700,4.332770,0.844234,1.761768,-2.198137,0
2013-08-20,sh.600000,8.4200,8.7800,8.3900,8.5100,8.4500,153605678,1314061952.0000,3,1.029337,1,0.710100,4.363535,0.850228,1.774277,-2.213745,0
2013-08-21,sh.600000,8.5300,8.5800,8.3700,8.4500,8.5100,65732224,554833024.0000,3,0.440483,1,-0.705100,4.332770,0.844234,1.761768,-2.198137,0
2013-08-22,sh.600000,8.4100,8.6200,8.4000,8.4400,8.4500,60326480,513025408.0000,3,0.404258,1,-0.118300,4.327642,0.843235,1.759683,-2.195536,0
2013-08-23,sh.600000,8.5400,8.6300,8.2500,8.4200,8.4400,117530030,995509248.0000,3,0.787588,1,-0.237000,4.317387,0.841237,1.755513,-2.190333,0
2013-08-26,sh.600000,8.4500,8.7800,8.4000,8.7400,8.4200,161720147,1399048064.0000,3,1.083713,1,3.800500,4.481468,0.873208,1.822231,-2.273576,0
2013-08-27,sh.600000,8.7500,9.0500,8.7000,8.9500,8.7400,224672933,2001682176.0000,3,1.505571,1,2.402700,4.589147,0.894188,1.866014,-2.328205,0
2013-08-28,sh.600000,8.8800,9.1500,8.7900,9.0000,8.9500,243574963,2194823680.0000,3,1.632236,1,0.558700,4.614784,0.899184,1.876439,-2.341211,0
2013-08-29,sh.600000,9.1100,9.2100,8.8600,8.9200,9.0000,146496955,1320039168.0000,3,0.981700,1,-0.888900,4.573764,0.891191,1.859760,-2.320401,0
2013-08-30,sh.600000,8.8600,9.0500,8.7600,8.9900,8.9200,129143351,1152526336.0000,3,0.865411,1,0.784800,4.609657,0.898185,1.874354,-2.338610,0
2013-09-02,sh.600000,9.1100,9.2900,8.9500,8.9700,8.9900,141236900,1281805056.0000,3,0.946452,1,-0.222500,4.599402,0.896187,1.870184,-2.333407,0
2013-09-03,sh.600000,8.9600,9.1200,8.8900,9.0900,8.9700,140383661,1269355904.0000,3,0.940734,1,1.337800,4.660932,0.908176,1.895203,-2.364623,0
2013-09-04,sh.600000,9.0400,9.2400,9.0300,9.1400,9.0900,142450054,1305299456.0000,3,0.954581,1,0.550100,4.686570,0.913171,1.905628,-2.377630,0
2013-09-05,sh.600000,9.1900,9.1900,9.0600,9.1300,9.1400,93544409,852833088.0000,3,0.626857,1,-0.109400,4.681442,0.912172,1.903543,-2.375029,0
2013-09-06,sh.600000,9.1500,9.8700,9.1200,9.5700,9.1300,301015120,2850092288.0000,3,2.017152,1,4.819300,4.907054,0.956132,1.995280,-2.489488,0
2013-09-09,sh.600000,10.2800,10.5300,10.1800,10.5300,9.5700,580189232,6069489664.0000,3,3.887944,1,10.031300,5.399298,1.052045,2.195434,-2.739217,0
2013-09-10,sh.600000,11.0000,11.4900,10.7700,11.4000,10.5300,1198024112,13328930816.0000,3,8.028158,1,8.262100,5.845394,1.138966,2.376823,-2.965534,0
2013-09-11,sh.600000,11.2100,11.4700,11.2000,11.2700,11.4000,603551024,6834516224.0000,3,4.044495,1,-1.140400,5.778736,1.125978,2.349719,-2.931717,0
2013-09-12,sh.600000,11.3000,12.4000,11.1600,12.2500,11.2700,1041527536,12498180352.0000,3,6.979448,1,8.695700,6.281234,1.223889,2.554042,-3.186649,0
2013-09-13,sh.600000,12.0800,12.2700,11.7300,11.9100,12.2500,661646544,7947104256.0000,3,4.433803,1,-2.775500,6.106898,1.189920,2.483154,-3.098203,0
2013-09-16,sh.600000,12.0000,12.0200,11.2300,11.4900,11.9100,699493328,8064946432.0000,3,4.687421,1,-3.526400,5.891541,1.147958,2.395587,-2.988946,0
2013-09-17,sh.600000,11.4100,11.4800,10.7700,10.8300,11.4900,511737936,5694768128.0000,3,3.429241,1,-5.744100,5.553124,1.082018,2.257982,-2.817258,0
2013-09-18,sh.600000,10.9500,11.1900,10.8300,11.0000,10.8300,400172144,4413153536.0000,3,2.681620,1,1.569700,5.640292,1.099003,2.293425,-2.861481,0
2013-09-23,sh.600000,11.0500,11.2000,10.8000,11.1800,11.0000,453630144,4987201280.0000,3,3.039851,1,1.636400,5.732588,1.116986,2.330954,-2.908305,0
2013-09-24,sh.600000,11.1900,11.2000,10.5700,10.8100,11.1800,476900624,5154101248.0000,3,3.195790,1,-3.309500,5.542869,1.080020,2.253812,-2.812055,0
2013-09-25,sh.600000,10.7400,11.1800,10.6900,10.7800,10.8100,384146144,4206311472.0000,3,2.574227,1,-0.277500,5.527486,1.077023,2.247557,-2.804251,0
2013-09-26,sh.600000,10.7500,10.7600,10.0700,10.1700,10.7800,448493840,4639913728.0000,3,3.005431,1,-5.658600,5.214706,1.016078,2.120376,-2.645569,0
2013-09-27,sh.600000,10.1100,10.3300,10.0500,10.2400,10.1700,243782409,2485876800.0000,3,1.633626,1,0.688300,5.250599,1.023072,2.134971,-2.663778,0
2013-09-30,sh.600000,10.3400,10.3700,10.0200,10.0900,10.2400,256510906,2609512400.0000,3,1.718922,1,-1.464800,5.173686,1.008085,2.103697,-2.624758,0
2013-10-08,sh.600000,10.0300,10.3300,9.8800,10.2300,10.0900,258444174,2618477424.0000,3,1.731877,1,1.387500,5.245472,1.022072,2.132886,-2.661177,0
2013-10-09,sh.600000,10.1000,10.4600,10.0700,10.2700,10.2300,244015218,2503190592.0000,3,1.635186,1,0.391000,5.265982,1.026069,2.141225,-2.671582,0
2013-10-10,sh.600000,10.3000,10.3500,9.9300,9.9800,10.2700,249225016,2508885952.0000,3,1.670098,1,-2.823800,5.117283,0.997095,2.080762,-2.596143,0
2013-10-11,sh.600000,10.1000,10.6500,10.0000,10.5500,9.9800,441961264,4582589696.0000,3,2.961656,1,5.711400,5.409553,1.054043,2.199603,-2.744420,0
2013-10-14,sh.600000,10.4500,10.5000,10.2500,10.2900,10.5500,274009312,2834786592.0000,3,1.836182,1,-2.464500,5.276237,1.028067,2.145395,-2.676785,0
2013-10-15,sh.600000,10.3000,10.3500,10.0200,10.1100,10.2900,212323978,2155489648.0000,3,1.422818,1,-1.749300,5.183941,1.010083,2.107866,-2.629961,0
2013-10-16,sh.600000,10.0900,10.0900,9.8200,9.9100,10.1100,217322904,2160308480.0000,3,1.456317,1,-1.978200,5.081390,0.990101,2.066168,-2.577934,0
2013-10-17,sh.600000,10.0100,10.0700,9.8100,9.8200,9.9100,145253461,1440499472.0000,3,0.973367,1,-0.908200,5.035243,0.981110,2.047403,-2.554522,0
2013-10-18,sh.600000,9.8200,10.0600,9.8000,9.8800,9.8200,129849775,1290361120.0000,3,0.870145,1,0.611000,5.066008,0.987104,2.059913,-2.570130,0
2013-10-21,sh.600000,9.9500,10.1600,9.8000,10.1200,9.8800,211850917,2123854880.0000,3,1.419648,1,2.429100,5.189069,1.011082,2.109951,-2.632562,0
2013-10-22,sh.600000,10.1100,10.1100,9.8600,9.9300,10.1200,156011435,1554175488.0000,3,1.045458,1,-1.877500,5.091645,0.992100,2.070338,-2.583137,0
2013-10-23,sh.600000,9.9500,10.3500,9.9100,10.0200,9.9300,260513178,2639944208.0000,3,1.745742,1,0.906300,5.137793,1.001091,2.089102,-2.606549,0
2013-10-24,sh.600000,9.9600,10.1600,9.8200,9.9800,10.0200,170003394,1700451824.0000,3,1.139221,1,-0.399200,5.117283,0.997095,2.080762,-2.596143,0
2013-10-25,sh.600000,10.0100,10.2600,9.9900,10.0700,9.9800,256524257,2593128912.0000,3,1.719012,1,0.901800,5.163431,1.006087,2.099527,-2.619555,0
2013-10-28,sh.600000,10.0800,10.2200,9.9200,10.1500,10.0700,164098118,1650688528.0000,3,1.099649,1,0.794400,5.204451,1.014080,2.116206,-2.640366,0
2013-10-29,sh.600000,10.2200,10.6900,10.1800,10.4800,10.1500,494214048,5150564608.0000,3,3.311810,1,3.251200,5.373660,1.047050,2.185009,-2.726211,0
2013-10-30,sh.600000,10.4800,10.6200,10.3100,10.5900,10.4800,301165856,3162162384.0000,3,2.018162,1,1.049600,5.430063,1.058040,2.207943,-2.754825,0
2013-10-31,sh.600000,10.5800,10.6000,10.3100,10.3300,10.5900,211637554,2206625472.0000,3,1.418218,1,-2.455100,5.087131,0.984475,2.036918,-1.948119,0
2013-11-01,sh.600000,10.3200,10.5300,10.2300,10.4200,10.3300,164057262,1704932176.0000,3,1.099375,1,0.871200,5.131453,0.993052,2.054664,-1.965092,0
2013-11-04,sh.600000,10.4800,10.5400,10.2600,10.3000,10.4200,138786390,1438550560.0000,3,0.930031,1,-1.151600,5.072357,0.981616,2.031002,-1.942461,0
2013-11-05,sh.600000,10.2200,10.2500,10.0400,10.2000,10.3000,172536527,1747250976.0000,3,1.156196,1,-0.970900,5.023111,0.972086,2.011284,-1.923602,0
2013-11-06,sh.600000,10.0700,10.2000,10.0000,10.0300,10.2000,151026564,1522867120.0000,3,1.012054,1,-1.666700,4.939393,0.955885,1.977762,-1.891542,0
2013-11-07,sh.600000,10.0800,10.1900,9.9700,10.0500,10.0300,114983822,1158380384.0000,3,0.770526,1,0.199400,4.949242,0.957791,1.981706,-1.895314,0
2013-11-08,sh.600000,10.0200,10.1000,9.9300,9.9800,10.0500,110388788,1104891680.0000,3,0.739734,1,-0.696500,4.914770,0.951119,1.967903,-1.882113,0
2013-11-11,sh.600000,9.9900,10.0200,9.9000,9.9700,9.9800,79759246,793983216.0000,3,0.534480,1,-0.100200,4.909845,0.950166,1.965931,-1.880227,0
2013-11-12,sh.600000,10.0100,10.1900,10.0000,10.1200,9.9700,119655182,1209294432.0000,3,0.801829,1,1.504500,4.983714,0.964462,1.995509,-1.908515,0
2013-11-13,sh.600000,10.0400,10.0500,9.6300,9.6400,10.1200,208714474,2049839120.0000,3,1.398630,1,-4.743100,4.747333,0.918717,1.900860,-1.817993,0
2013-11-14,sh.600000,9.6000,9.6800,9.3900,9.4900,9.6400,169111025,1601513584.0000,3,1.133241,1,-1.556000,4.673463,0.904421,1.871282,-1.789704,0
2013-11-15,sh.600000,9.4900,9.8500,9.4800,9.6800,9.4900,180564555,1753424288.0000,3,1.209993,1,2.002100,4.767031,0.922529,1.908747,-1.825536,0
2013-11-18,sh.600000,9.7500,10.1100,9.6600,10.1000,9.6800,231275931,2289354080.0000,3,1.549818,1,4.338800,4.973865,0.962556,1.991565,-1.904743,0
2013-11-19,sh.600000,10.1000,10.1000,9.9500,9.9700,10.1000,128516630,1286050560.0000,3,0.861211,1,-1.287100,4.909845,0.950166,1.965931,-1.880227,0
2013-11-20,sh.600000,10.0100,10.1800,9.9700,10.0500,9.9700,125986570,1265362960.0000,3,0.844257,1,0.802400,4.949242,0.957791,1.981706,-1.895314,0
2013-11-21,sh.600000,10.0000,10.0800,9.7800,10.0700,10.0500,172340745,1708643968.0000,3,1.154884,1,0.199000,4.959091,0.959697,1.985650,-1.899086,0
2013-11-22,sh.600000,10.0500,10.1100,9.9800,10.0600,10.0700,131116961,1317526608.0000,3,0.878636,1,-0.099300,4.954167,0.958744,1.983678,-1.897200,0
2013-11-25,sh.600000,9.9900,10.1100,9.9200,9.9300,10.0600,96767050,967272352.0000,3,0.648452,1,-1.292200,4.890147,0.946354,1.958044,-1.872683,0
2013-11-26,sh.600000,9.9000,10.0300,9.8800,9.9000,9.9300,72857686,724350736.0000,3,0.488231,1,-0.302100,4.875373,0.943495,1.952128,-1.867026,0
2013-11-27,sh.600000,9.8700,10.0800,9.7600,9.9300,9.9000,134357122,1332415712.0000,3,0.900349,1,0.303000,4.890147,0.946354,1.958044,-1.872683,0
2013-11-28,sh.600000,9.9500,10.0600,9.9000,9.9600,9.9300,121839005,1217508432.0000,3,0.816463,1,0.302100,4.904920,0.949213,1.963959,-1.878341,0
2013-11-29,sh.600000,10.0600,10.1200,9.9600,9.9900,9.9600,112491968,1128740864.0000,3,0.753827,1,0.301200,4.919694,0.952072,1.969875,-1.883999,0
2013-12-02,sh.600000,10.1000,10.3400,9.9900,10.3200,9.9900,408952608,4162905232.0000,3,2.740459,1,3.303300,5.082207,0.983522,2.034946,-1.946233,0
2013-12-03,sh.600000,10.2700,10.3400,10.1400,10.2600,10.3200,178953713,1832350272.0000,3,1.199198,1,-0.581400,5.052659,0.977804,2.023115,-1.934917,0
2013-12-04,sh.600000,10.2400,10.5700,10.2000,10.4000,10.2600,283303328,2951386528.0000,3,1.898463,1,1.364500,5.121604,0.991146,2.050720,-1.961320,0
2013-12-05,sh.600000,10.4000,10.4400,10.2800,10.3500,10.4000,150565456,1557557552.0000,3,1.008964,1,-0.480800,5.096981,0.986381,2.040861,-1.951890,0
2013-12-06,sh.600000,10.3400,10.3400,10.1300,10.2200,10.3500,157734044,1611228720.0000,3,1.057002,1,-1.256000,5.032961,0.973992,2.015227,-1.927374,0
2013-12-09,sh.600000,10.2100,10.2500,10.0800,10.1100,10.2200,111336390,1127426960.0000,3,0.746084,1,-1.076300,4.978790,0.963509,1.993537,-1.906629,0
2013-12-10,sh.600000,10.1200,10.2100,10.0800,10.1400,10.1100,89476538,907205504.0000,3,0.599597,1,0.296700,4.993564,0.966368,1.999452,-1.912287,0
2013-12-11,sh.600000,10.1100,10.1300,9.9100,9.9300,10.1400,127176728,1268123952.0000,3,0.852232,1,-2.071000,4.890147,0.946354,1.958044,-1.872683,0
2013-12-12,sh.600000,9.9100,9.9600,9.8700,9.8800,9.9300,89839025,889730896.0000,3,0.602026,1,-0.503500,4.865523,0.941589,1.948184,-1.863254,0
2013-12-13,sh.600000,9.8400,9.8500,9.7700,9.8300,9.8800,98124624,963431280.0000,3,0.657549,1,-0.506100,4.840900,0.936824,1.938325,-1.853824,0
2013-12-16,sh.600000,9.8500,9.9700,9.7200,9.7400,9.8300,119802106,1177159744.0000,3,0.802814,1,-0.915600,4.796579,0.928247,1.920579,-1.836851,0
2013-12-17,sh.600000,9.7600,9.7700,9.6600,9.6900,9.7400,78126226,758108128.0000,3,0.523537,1,-0.513300,4.771956,0.923482,1.910719,-1.827422,0
2013-12-18,sh.600000,9.7100,9.8000,9.6800,9.7100,9.6900,55191766,536799936.0000,3,0.369849,1,0.206400,4.781805,0.925388,1.914663,-1.831194,0
2013-12-19,sh.600000,9.7500,9.7800,9.6000,9.6100,9.7100,71003510,687152704.0000,3,0.475806,1,-1.029900,4.732559,0.915857,1.894945,-1.812335,0
2013-12-20,sh.600000,9.6300,9.6400,9.3400,9.3600,9.6100,107593841,1018130464.0000,3,0.721004,1,-2.601500,4.609443,0.892032,1.845648,-1.765188,0
2013-12-23,sh.600000,9.4100,9.4800,9.3100,9.3400,9.3600,63014853,590896800.0000,3,0.422273,1,-0.213700,4.599594,0.890126,1.841705,-1.761416,0
2013-12-24,sh.600000,9.3700,9.4100,9.2500,9.3400,9.3400,71802936,671260000.0000,3,0.481163,1,0.000000,4.599594,0.890126,1.841705,-1.761416,0
2013-12-25,sh.600000,9.3300,9.3500,9.1500,9.2700,9.3400,89003265,821820576.0000,3,0.596426,1,-0.749500,4.565122,0.883455,1.827902,-1.748215,0
2013-12-26,sh.600000,9.2600,9.2700,9.0600,9.0900,9.2700,82518650,753839552.0000,3,0.552971,1,-1.941700,4.476479,0.866300,1.792409,-1.714269,0
2013-12-27,sh.600000,9.0900,9.3200,9.0800,9.2400,9.0900,88052311,811334784.0000,3,0.590053,1,1.650200,4.550348,0.880595,1.821986,-1.742557,0
2013-12-30,sh.600000,9.3000,9.3200,9.1900,9.2000,9.2400,70408751,650877056.0000,3,0.471821,1,-0.432900,4.530649,0.876783,1.814099,-1.735014,0
2013-12-31,sh.600000,9.2100,9.5300,9.1700,9.4300,9.2000,107237045,1006340928.0000,3,0.718613,1,2.500000,4.643916,0.898703,1.859451,-1.778389,0
2014-01-02,sh.600000,9.4400,9.4500,9.2900,9.3300,9.4300,69821037,652410784.0000,3,0.467882,1,-1.060400,4.594669,0.889173,1.839733,-1.759530,0
2014-01-03,sh.600000,9.2800,9.3000,9.0800,9.1400,9.3300,88351969,807094464.0000,3,0.592061,1,-2.036400,4.501102,0.871065,1.802268,-1.723698,0
2014-01-06,sh.600000,9.3100,9.3400,9.1300,9.1900,9.1400,117267700,1079925472.0000,3,0.785830,1,0.547000,4.186008,0.875830,1.713432,-1.733128,0
2014-01-07,sh.600000,9.1700,9.2100,9.0100,9.1400,9.1900,72150947,657895520.0000,3,0.483495,1,-0.544100,4.163233,0.871065,1.704109,-1.723698,0
2014-01-08,sh.600000,9.1400,9.3200,9.1100,9.2000,9.1400,78603481,724415952.0000,3,0.526735,1,0.656500,4.190563,0.876783,1.715296,-1.735014,0
2014-01-09,sh.600000,9.2000,9.4400,9.1600,9.2900,9.2000,109976763,1025797664.0000,3,0.736972,1,0.978300,4.231558,0.885361,1.732076,-1.751987,0
2014-01-10,sh.600000,9.2800,9.4500,9.2400,9.4100,9.2900,93379978,875061952.0000,3,0.625755,1,1.291700,4.286217,0.896797,1.754450,-1.774617,0
2014-01-13,sh.600000,9.4400,9.4700,9.3300,9.3900,9.4100,65935363,618500144.0000,3,0.441844,1,-0.212500,4.277107,0.894891,1.750721,-1.770845,0
2014-01-14,sh.600000,9.4000,9.4300,9.2500,9.4000,9.3900,79710266,744481152.0000,3,0.534152,1,0.106500,4.281662,0.895844,1.752585,-1.772731,0
2014-01-15,sh.600000,9.3900,9.4000,9.1600,9.2300,9.4000,77606643,717370000.0000,3,0.520055,1,-1.808500,4.204228,0.879642,1.720889,-1.740671,0
2014-01-16,sh.600000,9.2200,9.2600,9.1700,9.1800,9.2300,67204743,618488784.0000,3,0.450350,1,-0.541700,4.181453,0.874877,1.711567,-1.731242,0
2014-01-17,sh.600000,9.1700,9.1700,9.0700,9.1200,9.1800,66047496,601804112.0000,3,0.442595,1,-0.653600,4.154123,0.869159,1.700380,-1.719927,0
2014-01-20,sh.600000,9.1000,9.1300,9.0400,9.0700,9.1200,42094792,382309904.0000,3,0.282084,1,-0.548200,4.131349,0.864394,1.691058,-1.710497,0
2014-01-21,sh.600000,9.1000,9.2600,9.0900,9.1600,9.0700,47596032,436604864.0000,3,0.318949,1,0.992300,4.172343,0.872971,1.707838,-1.727470,0
2014-01-22,sh.600000,9.1800,9.3800,9.1700,9.3400,9.1600,91387277,849733120.0000,3,0.612401,1,1.965100,4.254332,0.890126,1.741398,-1.761416,0
2014-01-23,sh.600000,9.3100,9.3400,9.2100,9.2200,9.3400,63055407,583623056.0000,3,0.422545,1,-1.284800,4.199673,0.878689,1.719025,-1.738785,0
2014-01-24,sh.600000,9.1700,9.3200,9.1400,9.2300,9.2200,70757205,653717696.0000,3,0.474156,1,0.108500,4.204228,0.879642,1.720889,-1.740671,0
2014-01-27,sh.600000,9.1900,9.2000,9.1000,9.1200,9.2300,69858649,637844256.0000,3,0.468134,1,-1.191800,4.154123,0.869159,1.700380,-1.719927,0
2014-01-28,sh.600000,9.1200,9.2900,9.1200,9.1900,9.1200,57333618,527187520.0000,3,0.384202,1,0.767500,4.186008,0.875830,1.713432,-1.733128,0
2014-01-29,sh.600000,9.2400,9.3100,9.2000,9.2900,9.1900,71042825,659122848.0000,3,0.476070,1,1.088100,4.231558,0.885361,1.732076,-1.751987,0
2014-01-30,sh.600000,9.2700,9.3000,9.1500,9.1700,9.2900,52508927,485399536.0000,3,0.351871,1,-1.291700,4.176898,0.873924,1.709703,-1.729356,0
2014-02-07,sh.600000,9.1300,9.1800,9.0700,9.1800,9.1700,51136921,466080896.0000,3,0.342677,1,0.109100,4.181453,0.874877,1.711567,-1.731242,0
2014-02-10,sh.600000,9.1800,9.3000,9.1600,9.2900,9.1800,91573113,848138384.0000,3,0.613647,1,1.198300,4.231558,0.885361,1.732076,-1.751987,0
2014-02-11,sh.600000,9.3100,9.6800,9.2200,9.5400,9.2900,212392409,2017636448.0000,3,1.423277,1,2.691100,4.345432,0.909186,1.778687,-1.799134,0
2014-02-12,sh.600000,9.5000,9.6400,9.4400,9.5000,9.5400,106449343,1012082704.0000,3,0.713335,1,-0.419300,4.327212,0.905374,1.771230,-1.791590,0
2014-02-13,sh.600000,9.4800,9.8400,9.4100,9.6000,9.5000,197765140,1901282560.0000,3,1.325257,1,1.052600,4.372761,0.914904,1.789874,-1.810449,0
2014-02-14,sh.600000,9.6000,9.6300,9.5100,9.5900,9.6000,80503230,770860224.0000,3,0.539465,1,-0.104200,4.368206,0.913951,1.788010,-1.808563,0
2014-02-17,sh.600000,9.6200,9.6600,9.4800,9.5200,9.5900,107916285,1029473520.0000,3,0.723165,1,-0.729900,4.336322,0.907280,1.774958,-1.795362,0
2014-02-18,sh.600000,9.5100,9.5100,9.2300,9.2600,9.5200,131972251,1231564464.0000,3,0.884368,1,-2.731100,4.217893,0.882502,1.726483,-1.746329,0
2014-02-19,sh.600000,9.2500,9.5700,9.2000,9.4900,9.2600,150729704,1420983504.0000,3,1.010065,1,2.483800,4.322657,0.904421,1.769365,-1.789704,0
2014-02-20,sh.600000,9.5300,9.7300,9.3600,9.3900,9.4900,144607391,1379086320.0000,3,0.969038,1,-1.053700,4.277107,0.894891,1.750721,-1.770845,0
2014-02-21,sh.600000,9.3900,9.4300,9.2200,9.2900,9.3900,82312549,765984704.0000,3,0.551590,1,-1.065000,4.231558,0.885361,1.732076,-1.751987,0
2014-02-24,sh.600000,9.2000,9.2100,8.9700,9.0100,9.2900,135269196,1223507888.0000,3,0.906461,1,-3.014000,4.104019,0.858676,1.679871,-1.699182,0
2014-02-25,sh.600000,9.0100,9.0800,8.8100,8.8300,9.0100,112988180,1012070336.0000,3,0.757152,1,-1.997800,4.022030,0.841521,1.646311,-1.665236,0
2014-02-26,sh.600000,8.8100,8.8900,8.7700,8.8500,8.8300,79811062,704799664.0000,3,0.534827,1,0.226500,4.031139,0.843428,1.650040,-1.669008,0
2014-02-27,sh.600000,8.9000,9.0300,8.8100,8.9400,8.8500,112556009,1005356240.0000,3,0.754256,1,1.016900,4.072134,0.852005,1.666820,-1.685981,0
2014-02-28,sh.600000,8.9000,9.0100,8.8000,8.9100,8.9400,75427866,671034448.0000,3,0.505455,1,-0.335600,4.058469,0.849146,1.661227,-1.680323,0
2014-03-03,sh.600000,8.9100,8.9200,8.8100,8.8500,8.9100,81389991,720619856.0000,3,0.545408,1,-0.673400,4.031139,0.843428,1.650040,-1.669008,0
2014-03-04,sh.600000,8.8400,8.9100,8.6800,8.8700,8.8500,113473857,994582736.0000,3,0.760407,1,0.226000,4.040249,0.845334,1.653769,-1.672779,0
2014-03-05,sh.600000,8.8600,8.8800,8.6800,8.7000,8.8700,66776262,585846336.0000,3,0.447479,1,-1.916600,3.962815,0.829132,1.622073,-1.640719,0
2014-03-06,sh.600000,8.7000,8.8600,8.6200,8.8000,8.7000,105221671,920528160.0000,3,0.705108,1,1.149400,4.008365,0.838662,1.640718,-1.659578,0
2014-03-07,sh.600000,8.8000,8.9100,8.7100,8.7300,8.8000,85996638,757643568.0000,3,0.576278,1,-0.795500,3.976480,0.831991,1.627667,-1.646377,0
2014-03-10,sh.600000,8.6700,8.7100,8.4200,8.4400,8.7300,100335990,859115776.0000,3,0.672368,1,-3.321900,3.844386,0.804353,1.573598,-1.591686,0
2014-03-11,sh.600000,8.4300,8.5300,8.3900,8.4600,8.4400,71119520,600753232.0000,3,0.476584,1,0.237000,3.853496,0.806260,1.577327,-1.595458,0
2014-03-12,sh.600000,8.4700,8.6700,8.3900,8.5600,8.4600,110468613,942803792.0000,3,0.740268,1,1.182000,3.899046,0.815790,1.595971,-1.614317,0
2014-03-13,sh.600000,8.7600,9.1300,8.6800,8.8400,8.5600,198115864,1758751744.0000,3,1.327607,1,3.271000,4.026584,0.842474,1.648176,-1.667122,0
2014-03-14,sh.600000,8.7800,9.0300,8.7200,8.9900,8.8400,179769247,1602451088.0000,3,1.204663,1,1.696800,4.094909,0.856770,1.676143,-1.695410,0
2014-03-17,sh.600000,8.9900,8.9900,8.9900,8.9900,8.9900,0,0.0000,3,,0,0.000000,4.094909,0.856770,1.676143,-1.695410,0
2014-03-18,sh.600000,9.2200,9.2300,8.8700,8.8900,8.9900,167965350,1523657840.0000,3,1.125564,1,-1.112300,4.049359,0.847240,1.657498,-1.676551,0
2014-03-19,sh.600000,8.8500,9.0700,8.7600,9.0500,8.8900,93838218,832057184.0000,3,0.628825,1,1.799800,4.122239,0.862488,1.687329,-1.706725,0
2014-03-20,sh.600000,8.9600,9.2000,8.9500,8.9900,9.0500,166058733,1510412576.0000,3,1.112787,1,-0.663000,4.097911,0.820525,1.676696,-6.435440,0
2014-03-21,sh.600000,8.9800,9.8900,8.9700,9.8900,8.9900,577730144,5543459840.0000,3,3.871465,1,10.011100,4.508158,0.902668,1.844552,-7.079700,0
2014-03-24,sh.600000,9.8900,10.0100,9.7400,9.8000,9.8900,550938112,5438997504.0000,3,3.691927,1,-0.910000,4.467133,0.894454,1.827766,-7.015274,0
2014-03-25,sh.600000,9.7600,9.8600,9.6800,9.7500,9.8000,225324449,2201589728.0000,3,1.509936,1,-0.510200,4.444342,0.889890,1.818441,-6.979482,0
2014-03-26,sh.600000,9.7800,9.8300,9.5100,9.5800,9.7500,188654730,1813592752.0000,3,1.264207,1,-1.743600,4.366850,0.874374,1.786735,-6.857789,0
2014-03-27,sh.600000,9.5300,9.9400,9.4800,9.6900,9.5800,310183456,3020967376.0000,3,2.078591,1,1.148200,4.416992,0.884414,1.807250,-6.936532,0
2014-03-28,sh.600000,9.6400,9.9200,9.6000,9.6700,9.6900,235609623,2299182848.0000,3,1.578859,1,-0.206400,4.407875,0.882589,1.803520,-6.922215,0
2014-03-31,sh.600000,9.7000,9.7700,9.5700,9.7200,9.6700,117957984,1139701360.0000,3,0.790456,1,0.517100,4.430667,0.887152,1.812845,-6.958007,0
2014-04-01,sh.600000,9.6600,9.8400,9.6300,9.7300,9.7200,121142230,1177869504.0000,3,0.811794,1,0.102900,4.435225,0.888065,1.814711,-6.965165,0
2014-04-02,sh.600000,9.7500,10.0400,9.7100,9.9400,9.7300,221487036,2188083760.0000,3,1.484221,1,2.158300,4.530949,0.907232,1.853877,-7.115493,0
2014-04-03,sh.600000,9.9400,10.0000,9.6400,9.6700,9.9400,202589136,1988726352.0000,3,1.357583,1,-2.716300,4.407875,0.882589,1.803520,-6.922215,0
2014-04-04,sh.600000,9.6200,9.7500,9.5700,9.7300,9.6700,103710191,1003039504.0000,3,0.694979,1,0.620500,4.435225,0.888065,1.814711,-6.965165,0
2014-04-08,sh.600000,9.7100,10.3100,9.7100,10.1400,9.7300,389948096,3925146608.0000,3,2.613107,1,4.213800,4.622115,0.925486,1.891178,-7.258661,0
2014-04-09,sh.600000,10.1200,10.1900,10.0300,10.1000,10.1400,166971745,1686236320.0000,3,1.118905,1,-0.394500,4.603882,0.921835,1.883718,-7.230028,0
2014-04-10,sh.600000,10.1400,10.4100,10.0300,10.2300,10.1000,251774137,2565192736.0000,3,1.687180,1,1.287100,4.663140,0.933700,1.907964,-7.323087,0
2014-04-11,sh.600000,10.1800,10.3200,10.1400,10.2500,10.2300,187981794,1923682592.0000,3,1.259697,1,0.195500,4.672257,0.935526,1.911694,-7.337404,0
2014-04-14,sh.600000,10.2500,10.2900,10.0900,10.1200,10.2500,133566631,1356868496.0000,3,0.895052,1,-1.268300,4.612999,0.923661,1.887448,-7.244345,0
2014-04-15,sh.600000,10.0700,10.0800,9.8200,9.8500,10.1200,176166147,1746784880.0000,3,1.180519,1,-2.668000,4.489925,0.899017,1.837091,-7.051067,0
2014-04-16,sh.600000,9.8200,9.9700,9.8100,9.9000,9.8500,100765541,997304848.0000,3,0.675247,1,0.507600,4.512716,0.903581,1.846417,-7.086859,0
2014-04-17,sh.600000,9.9300,9.9700,9.7400,9.7600,9.9000,147878398,1453030912.0000,3,0.990958,1,-1.414100,4.448900,0.890803,1.820306,-6.986641,0
2014-04-18,sh.600000,9.7300,9.8100,9.6300,9.7800,9.7600,115394462,1120720912.0000,3,0.773277,1,0.204900,4.458016,0.892629,1.824036,-7.000957,0
2014-04-21,sh.600000,9.7400,9.9600,9.6800,9.7100,9.7800,131392321,1292829712.0000,3,0.880482,1,-0.715700,4.426108,0.886240,1.810980,-6.950848,0
2014-04-22,sh.600000,9.6800,9.9200,9.6600,9.9000,9.7100,141231411,1385544272.0000,3,0.946415,1,1.956700,4.512716,0.903581,1.846417,-7.086859,0
2014-04-23,sh.600000,9.8500,10.0000,9.8300,9.8800,9.9000,136419564,1352733680.0000,3,0.914170,1,-0.202000,4.503599,0.901756,1.842687,-7.072542,0
2014-04-24,sh.600000,9.9000,9.9800,9.8500,9.8700,9.8800,82309479,815388784.0000,3,0.551569,1,-0.101200,4.499041,0.900843,1.840822,-7.065383,0
2014-04-25,sh.600000,9.9200,10.0600,9.8200,9.8400,9.8700,180573527,1794439408.0000,3,1.210053,1,-0.303900,4.485366,0.898105,1.835226,-7.043908,0
2014-04-28,sh.600000,9.8200,9.8700,9.6500,9.6700,9.8400,123425122,1198581008.0000,3,0.827092,1,-1.727600,4.407875,0.882589,1.803520,-6.922215,0
2014-04-29,sh.600000,9.6700,9.8200,9.6500,9.8000,9.6700,88443328,859931424.0000,3,0.592673,1,1.344400,4.467133,0.894454,1.827766,-7.015274,0
2014-04-30,sh.600000,9.9800,10.0200,9.7600,9.7700,9.8000,142558919,1407065792.0000,3,0.955311,1,-0.306100,4.265122,0.841003,1.725701,-6.378204,0
2014-05-05,sh.600000,9.7700,9.7900,9.5800,9.7400,9.7700,103509079,1001815680.0000,3,0.693631,1,-0.307100,4.252026,0.838420,1.720402,-6.358619,0
2014-05-06,sh.600000,9.7000,9.8000,9.6700,9.7000,9.7400,58797626,572224192.0000,3,0.394013,1,-0.410700,4.234564,0.834977,1.713337,-6.332505,0
2014-05-07,sh.600000,9.6900,9.7500,9.6400,9.6600,9.7000,55972788,542274528.0000,3,0.375083,1,-0.412400,4.217102,0.831534,1.706272,-6.306392,0
2014-05-08,sh.600000,9.6600,9.8700,9.6400,9.7500,9.6600,95225892,930740688.0000,3,0.638124,1,0.931700,4.256391,0.839281,1.722169,-6.365147,0
2014-05-09,sh.600000,9.7500,9.8200,9.6900,9.7600,9.7500,74829332,731563200.0000,3,0.501444,1,0.102600,4.260757,0.840142,1.723935,-6.371675,0
2014-05-12,sh.600000,9.8500,9.9600,9.7900,9.9300,9.7600,129589586,1282666096.0000,3,0.868401,1,1.741800,4.334971,0.854775,1.753963,-6.482657,0
2014-05-13,sh.600000,9.9000,9.9400,9.8300,9.9000,9.9300,66182545,653997056.0000,3,0.443500,1,-0.302100,4.321874,0.852193,1.748664,-6.463072,0
2014-05-14,sh.600000,9.8900,9.9200,9.7800,9.8100,9.9000,114355129,1124734336.0000,3,0.766313,1,-0.909100,4.282585,0.844446,1.732767,-6.404317,0
2014-05-15,sh.600000,9.7900,9.8300,9.7100,9.7300,9.8100,70426925,688077264.0000,3,0.471942,1,-0.815500,4.247660,0.837559,1.718636,-6.352090,0
2014-05-16,sh.600000,9.7000,9.8000,9.7000,9.7500,9.7300,57142230,556664624.0000,3,0.382920,1,0.205600,4.256391,0.839281,1.722169,-6.365147,0
2014-05-19,sh.600000,9.7200,9.7200,9.4700,9.5200,9.7500,137405978,1314192256.0000,3,0.920780,1,-2.359000,4.155984,0.819483,1.681543,-6.214995,0
2014-05-20,sh.600000,9.5600,9.6000,9.4800,9.5500,9.5200,64057749,610778784.0000,3,0.429262,1,0.315100,4.169081,0.822065,1.686842,-6.234580,0
2014-05-21,sh.600000,9.5200,9.6100,9.4100,9.6000,9.5500,54298040,517810704.0000,3,0.363860,1,0.523600,4.190908,0.826369,1.695674,-6.267222,0
2014-05-22,sh.600000,9.5900,9.7300,9.5700,9.6000,9.6000,71688611,692799600.0000,3,0.480397,1,0.000000,4.190908,0.826369,1.695674,-6.267222,0
2014-05-23,sh.600000,9.6100,9.7000,9.5900,9.7000,9.6000,47057342,454096752.0000,3,0.315339,1,1.041700,4.234564,0.834977,1.713337,-6.332505,0
2014-05-26,sh.600000,9.7600,9.7800,9.6900,9.7400,9.7000,54108963,526560768.0000,3,0.362593,1,0.412400,4.252026,0.838420,1.720402,-6.358619,0
2014-05-27,sh.600000,9.7300,9.7400,9.6200,9.6600,9.7400,74436155,720820160.0000,3,0.498809,1,-0.821400,4.217102,0.831534,1.706272,-6.306392,0
2014-05-28,sh.600000,9.6600,9.7200,9.6000,9.6800,9.6600,92478303,892246144.0000,3,0.619712,1,0.207000,4.225833,0.833255,1.709804,-6.319449,0
2014-05-29,sh.600000,9.6800,9.7200,9.6000,9.6200,9.6800,75258524,726796768.0000,3,0.504320,1,-0.619800,4.199639,0.828091,1.699206,-6.280278,0
2014-05-30,sh.600000,9.6200,9.6300,9.5500,9.5700,9.6200,69096841,662738432.0000,3,0.463029,1,-0.519800,4.177812,0.823787,1.690375,-6.247637,0
2014-06-03,sh.600000,9.5900,9.6400,9.5300,9.5400,9.5700,70641283,677281792.0000,3,0.473379,1,-0.313500,4.164715,0.821204,1.685076,-6.228052,0
2014-06-04,sh.600000,9.5500,9.5600,9.4000,9.4500,9.5400,86246408,816293696.0000,3,0.577951,1,-0.943400,4.125425,0.813457,1.669179,-6.169296,0
2014-06-05,sh.600000,9.4500,9.6300,9.4300,9.6200,9.4500,56500335,538639264.0000,3,0.378618,1,1.798900,4.199639,0.828091,1.699206,-6.280278,0
2014-06-06,sh.600000,9.6000,9.6200,9.4500,9.5100,9.6200,53426017,509267440.0000,3,0.358017,1,-1.143400,4.151619,0.818622,1.679777,-6.208466,0
2014-06-09,sh.600000,9.4600,9.6700,9.4600,9.5400,9.5100,58231714,557813040.0000,3,0.390220,1,0.315500,4.164715,0.821204,1.685076,-6.228052,0
2014-06-10,sh.600000,9.5900,9.6500,9.5200,9.6300,9.5400,68256823,655798672.0000,3,0.457400,1,0.943400,4.204005,0.828951,1.700973,-6.286807,0
2014-06-11,sh.600000,9.5900,9.6300,9.5500,9.5900,9.6300,46334806,444252128.0000,3,0.310497,1,-0.415400,4.186543,0.825508,1.693907,-6.260693,0
2014-06-12,sh.600000,9.5700,9.5900,9.5200,9.5400,9.5900,42917693,410062032.0000,3,0.287599,1,-0.521400,4.164715,0.821204,1.685076,-6.228052,0
2014-06-13,sh.600000,9.5500,9.7800,9.5400,9.7300,9.5400,129624894,1256394768.0000,3,0.868638,1,1.991600,4.247660,0.837559,1.718636,-6.352090,0
2014-06-16,sh.600000,9.7300,9.8700,9.6900,9.8100,9.7300,118477367,1159724320.0000,3,0.793936,1,0.822200,4.282585,0.844446,1.732767,-6.404317,0
2014-06-17,sh.600000,9.8300,9.8300,9.7100,9.7300,9.8100,91317081,892676096.0000,3,0.611931,1,-0.815500,4.247660,0.837559,1.718636,-6.352090,0
2014-06-18,sh.600000,9.7300,9.7700,9.7100,9.7300,9.7300,66459996,647470880.0000,3,0.445359,1,0.000000,4.247660,0.837559,1.718636,-6.352090,0
2014-06-19,sh.600000,9.7400,9.8100,9.6000,9.6400,9.7300,68906460,668029792.0000,3,0.461754,1,-0.925000,4.208371,0.829812,1.702739,-6.293335,0
2014-06-20,sh.600000,9.6400,9.7100,9.6200,9.7000,9.6400,57665733,557096336.0000,3,0.386428,1,0.622400,4.234564,0.834977,1.713337,-6.332505,0
2014-06-23,sh.600000,9.7100,9.7700,9.6300,9.6600,9.7000,86019554,834638560.0000,3,0.576431,1,-0.412400,4.217102,0.831534,1.706272,-6.306392,0
2014-06-24,sh.600000,9.0500,9.0900,9.0100,9.0400,9.0000,83305537,753572848.0000,3,0.558244,1,0.444400,3.946439,0.778164,1.596759,-5.901634,0
2014-06-25,sh.600000,9.0500,9.0500,8.9700,8.9800,9.0400,46797781,421074928.0000,3,0.313600,1,-0.663700,3.920246,0.772999,1.586162,-5.862464,0
2014-06-26,sh.600000,8.9800,9.0400,8.9800,8.9900,8.9800,43052470,387941136.0000,3,0.288502,1,0.111400,3.924611,0.773860,1.587928,-5.868992,0
2014-06-27,sh.600000,8.9900,9.0200,8.9600,8.9700,8.9900,42713239,383829264.0000,3,0.286228,1,-0.222500,3.915880,0.772138,1.584395,-5.855935,0
2014-06-30,sh.600000,8.9800,9.0800,8.9800,9.0500,8.9700,52645089,476195584.0000,3,0.352783,1,0.891900,3.950804,0.779025,1.598526,-5.908162,0
2014-07-01,sh.600000,9.0800,9.1000,9.0100,9.0600,9.0500,42584500,385288816.0000,3,0.285366,1,0.110500,3.955170,0.779886,1.600292,-5.914690,0
2014-07-02,sh.600000,9.0600,9.0900,9.0200,9.0600,9.0600,41262790,373724768.0000,3,0.276509,1,0.000000,3.955170,0.779886,1.600292,-5.914690,0
2014-07-03,sh.600000,9.0600,9.0900,9.0300,9.0700,9.0600,64553232,585009392.0000,3,0.432582,1,0.110400,3.959535,0.780746,1.602058,-5.921219,0
2014-07-04,sh.600000,9.0800,9.0900,9.0500,9.0700,9.0700,47263941,428330848.0000,3,0.316723,1,0.000000,3.959535,0.780746,1.602058,-5.921219,0
2014-07-07,sh.600000,9.0700,9.0800,9.0300,9.0500,9.0700,42831405,387738016.0000,3,0.287020,1,-0.220500,3.950804,0.779025,1.598526,-5.908162,0
2014-07-08,sh.600000,9.0500,9.0600,9.0100,9.0500,9.0500,52592964,475316192.0000,3,0.352434,1,0.000000,3.950804,0.779025,1.598526,-5.908162,0
2014-07-09,sh.600000,9.0500,9.0500,8.9100,8.9200,9.0500,75829647,680803744.0000,3,0.508147,1,-1.436500,3.894052,0.767834,1.575564,-5.823293,0
2014-07-10,sh.600000,8.9200,8.9500,8.9000,8.9200,8.9200,43284795,386256080.0000,3,0.290059,1,0.000000,3.894052,0.767834,1.575564,-5.823293,0
2014-07-11,sh.600000,8.9200,8.9900,8.9100,8.9400,8.9200,58461216,523490704.0000,3,0.391758,1,0.224200,3.902783,0.769556,1.579096,-5.836350,0
2014-07-14,sh.600000,8.9300,9.0100,8.9000,9.0000,8.9400,50192334,449273968.0000,3,0.336347,1,0.671100,3.928977,0.774721,1.589694,-5.875520,0
2014-07-15,sh.600000,9.0100,9.0200,8.9800,9.0100,9.0000,57331618,515793888.0000,3,0.384189,1,0.111100,3.933342,0.775582,1.591460,-5.882049,0
2014-07-16,sh.600000,9.0100,9.0500,9.0000,9.0200,9.0100,57758013,521218624.0000,3,0.387046,1,0.111000,3.937708,0.776442,1.593227,-5.888577,0
2014-07-17,sh.600000,9.0300,9.0400,8.9700,8.9900,9.0200,43076122,387416768.0000,3,0.288660,1,-0.332600,3.924611,0.773860,1.587928,-5.868992,0
2014-07-18,sh.600000,8.9800,9.0500,8.9600,9.0200,8.9900,60143570,542519440.0000,3,0.403032,1,0.333700,3.937708,0.776442,1.593227,-5.888577,0
2014-07-21,sh.600000,9.0100,9.0200,8.9700,8.9800,9.0200,43394538,390236864.0000,3,0.290794,1,-0.443500,3.920246,0.772999,1.586162,-5.862464,0
2014-07-22,sh.600000,8.9600,9.1000,8.9600,9.0600,8.9800,101186449,915202976.0000,3,0.678067,1,0.890900,3.955170,0.779886,1.600292,-5.914690,0
2014-07-23,sh.600000,9.0400,9.1400,9.0400,9.0800,9.0600,95071892,864070608.0000,3,0.637092,1,0.220700,3.963901,0.781607,1.603825,-5.927747,0
2014-07-24,sh.600000,9.0900,9.3800,9.0900,9.3200,9.0800,235007435,2179260256.0000,3,1.574824,1,2.643200,4.068674,0.802267,1.646217,-6.084428,0
2014-07-25,sh.600000,9.3800,9.4400,9.3000,9.3900,9.3200,134460946,1259192304.0000,3,0.901045,1,0.751100,4.099232,0.808292,1.658581,-6.130126,0
2014-07-28,sh.600000,9.4400,9.8300,9.4400,9.7600,9.3900,315856672,3067199392.0000,3,2.116608,1,3.940400,4.260757,0.840142,1.723935,-6.371675,0
2014-07-29,sh.600000,9.8000,9.8800,9.7200,9.7800,9.7600,203049428,1989649792.0000,3,1.360668,1,0.204900,4.269488,0.841863,1.727468,-6.384732,0
2014-07-30,sh.600000,9.8900,9.9200,9.6700,9.7100,9.7800,182728243,1785992160.0000,3,1.224492,1,-0.715700,4.238929,0.835838,1.715103,-6.339034,0
2014-07-31,sh.600000,9.6900,9.8100,9.6600,9.8000,9.7100,113003643,1098506208.0000,3,0.757256,1,0.926900,4.278219,0.843585,1.731000,-6.397789,0
2014-08-01,sh.600000,9.7700,9.9600,9.7400,9.7600,9.8000,199316283,1966817232.0000,3,1.335651,1,-0.408200,4.260757,0.840142,1.723935,-6.371675,0
2014-08-04,sh.600000,9.8200,9.9400,9.7300,9.9200,9.7600,167001355,1646470448.0000,3,1.119104,1,1.639300,4.330605,0.853915,1.752196,-6.476129,0
2014-08-05,sh.600000,9.9200,9.9500,9.8000,9.8700,9.9200,116942080,1154644400.0000,3,0.783648,1,-0.504000,4.308778,0.849611,1.743365,-6.443487,0
2014-08-06,sh.600000,9.8300,9.8300,9.6600,9.7400,9.8700,134531042,1309646592.0000,3,0.901515,1,-1.317100,4.252026,0.838420,1.720402,-6.358619,0
2014-08-07,sh.600000,9.7500,9.7800,9.5500,9.5600,9.7400,141244203,1363312800.0000,3,0.946501,1,-1.848000,4.173446,0.822926,1.688608,-6.241108,0
2014-08-08,sh.600000,9.5600,9.6000,9.5000,9.5400,9.5600,120982762,1154961184.0000,3,0.810726,1,-0.209200,4.164715,0.821204,1.685076,-6.228052,0
2014-08-11,sh.600000,9.5700,9.7300,9.5700,9.7000,9.5400,99902317,966146832.0000,3,0.669462,1,1.677100,4.234564,0.834977,1.713337,-6.332505,0
2014-08-12,sh.600000,9.6900,9.7000,9.6000,9.6400,9.7000,80856190,779243632.0000,3,0.541831,1,-0.618600,4.208371,0.829812,1.702739,-6.293335,0
2014-08-13,sh.600000,9.6400,9.6800,9.5300,9.6100,9.6400,97201687,932751440.0000,3,0.651365,1,-0.311200,4.195274,0.827230,1.697440,-6.273750,0
2014-08-14,sh.600000,9.6300,9.6800,9.5800,9.6000,9.6100,102325664,986409904.0000,3,0.685701,1,-0.104100,4.052166,0.820263,1.591197,-4.951154,0
2014-08-15,sh.600000,9.6300,9.7000,9.5800,9.6800,9.6000,83507836,806096128.0000,3,0.559600,1,0.833300,4.085934,0.827099,1.604457,-4.992413,0
2014-08-18,sh.600000,9.6900,9.8100,9.6700,9.7200,9.6800,96111663,933999552.0000,3,0.644060,1,0.413200,4.102818,0.830517,1.611087,-5.013043,0
2014-08-19,sh.600000,9.7800,9.7800,9.6400,9.7100,9.7200,99796164,968114272.0000,3,0.668751,1,-0.102900,4.098597,0.829662,1.609430,-5.007886,0
2014-08-20,sh.600000,9.7100,9.7100,9.6300,9.6400,9.7100,70135543,677452352.0000,3,0.469990,1,-0.720900,4.069050,0.823681,1.597827,-4.971783,0
2014-08-21,sh.600000,9.6400,9.6500,9.4300,9.5000,9.6400,118057183,1123688992.0000,3,0.791121,1,-1.452300,4.009956,0.811719,1.574622,-4.899579,0
2014-08-22,sh.600000,9.5000,9.5800,9.4700,9.5400,9.5000,76885741,733185584.0000,3,0.515224,1,0.421100,4.026840,0.815137,1.581252,-4.920209,0
2014-08-25,sh.600000,9.5200,9.5300,9.4200,9.4400,9.5400,90596114,856940048.0000,3,0.607100,1,-1.048200,3.984630,0.806592,1.564677,-4.868634,0
2014-08-26,sh.600000,9.4300,9.5000,9.4100,9.4600,9.4400,85213616,804802448.0000,3,0.571031,1,0.211900,3.993072,0.808301,1.567992,-4.878949,0
2014-08-27,sh.600000,9.4500,9.5000,9.4300,9.4500,9.4600,54628769,516864192.0000,3,0.366076,1,-0.105700,3.988851,0.807447,1.566335,-4.873792,0
2014-08-28,sh.600000,9.4500,9.4500,9.3600,9.3600,9.4500,70289162,661133088.0000,3,0.471019,1,-0.952400,3.950862,0.799757,1.551417,-4.827375,0
2014-08-29,sh.600000,9.4000,9.4800,9.3600,9.4700,9.3600,53881605,507394704.0000,3,0.361070,1,1.175200,3.997293,0.809156,1.569650,-4.884107,0
2014-09-01,sh.600000,9.4900,9.5200,9.4400,9.4900,9.4700,68578076,650654496.0000,3,0.459553,1,0.211200,4.005735,0.810864,1.572965,-4.894422,0
2014-09-02,sh.600000,9.5100,9.6300,9.4600,9.6000,9.4900,128705724,1227884240.0000,3,0.862478,1,1.159100,4.052166,0.820263,1.591197,-4.951154,0
2014-09-03,sh.600000,9.6300,9.7400,9.6200,9.6800,9.6000,128588110,1244849632.0000,3,0.861690,1,0.833300,4.085934,0.827099,1.604457,-4.992413,0
2014-09-04,sh.600000,9.7000,9.7200,9.6300,9.7100,9.6800,98919202,956753808.0000,3,0.662874,1,0.309900,4.098597,0.829662,1.609430,-5.007886,0
2014-09-05,sh.600000,9.7300,9.7800,9.6900,9.7400,9.7100,126925907,1234561984.0000,3,0.850552,1,0.309000,4.111260,0.832225,1.614402,-5.023358,0
2014-09-09,sh.600000,9.7500,9.8200,9.6800,9.7000,9.7400,123866063,1205605808.0000,3,0.830047,1,-0.410700,4.094376,0.828808,1.607772,-5.002728,0
2014-09-10,sh.600000,9.6500,9.6600,9.5700,9.5900,9.7000,111659515,1073076816.0000,3,0.748249,1,-1.134000,4.047945,0.819409,1.589540,-4.945996,0
2014-09-11,sh.600000,9.6000,9.7300,9.5700,9.6000,9.5900,119763193,1152958000.0000,3,0.802553,1,0.104300,4.052166,0.820263,1.591197,-4.951154,0
2014-09-12,sh.600000,9.6100,9.6100,9.5300,9.6000,9.6000,80296496,768304368.0000,3,0.538080,1,0.000000,4.052166,0.820263,1.591197,-4.951154,0
2014-09-15,sh.600000,9.5600,9.6400,9.5100,9.6000,9.6000,99444466,950656352.0000,3,0.666394,1,0.000000,4.052166,0.820263,1.591197,-4.951154,0
2014-09-16,sh.600000,9.6500,9.7600,9.5900,9.6200,9.6000,222751521,2154511984.0000,3,1.492695,1,0.208300,4.060608,0.821972,1.594512,-4.961469,0
2014-09-17,sh.600000,9.6300,9.6600,9.5300,9.5700,9.6200,116577448,1116528160.0000,3,0.781205,1,-0.519800,4.039503,0.817700,1.586225,-4.935681,0
2014-09-18,sh.600000,9.5600,9.7500,9.5300,9.7300,9.5700,218993865,2119148592.0000,3,1.467514,1,1.671900,4.107039,0.831371,1.612745,-5.018201,0
2014-09-19,sh.600000,9.7200,9.9100,9.7000,9.8500,9.7300,286004784,2816151312.0000,3,1.916565,1,1.233300,4.157691,0.841624,1.632635,-5.080090,0
2014-09-22,sh.600000,9.8300,9.8300,9.6100,9.6100,9.8500,155546883,1505934016.0000,3,1.042345,1,-2.436600,4.056387,0.821118,1.592855,-4.956311,0
2014-09-23,sh.600000,9.6100,9.6900,9.6000,9.6300,9.6100,88224150,850252144.0000,3,0.591205,1,0.208100,4.064829,0.822827,1.596170,-4.966626,0
2014-09-24,sh.600000,9.6100,9.7900,9.5900,9.7600,9.6300,152637326,1480725856.0000,3,1.022848,1,1.349900,4.119702,0.833934,1.617717,-5.033673,0
2014-09-25,sh.600000,9.7900,9.8300,9.6800,9.7100,9.7600,137216320,1340440528.0000,3,0.919509,1,-0.512300,4.098597,0.829662,1.609430,-5.007886,0
2014-09-26,sh.600000,9.6900,9.7400,9.6400,9.7200,9.7100,80598327,781818064.0000,3,0.540103,1,0.103000,4.102818,0.830517,1.611087,-5.013043,0
2014-09-29,sh.600000,9.7500,9.8100,9.7200,9.7600,9.7200,121763013,1188241040.0000,3,0.815954,1,0.411500,4.119702,0.833934,1.617717,-5.033673,0
2014-09-30,sh.600000,9.7800,9.8000,9.7000,9.7500,9.7600,105093276,1023862496.0000,3,0.704247,1,-0.102500,4.115481,0.833080,1.616060,-5.028515,0
2014-10-08,sh.600000,9.7800,9.8500,9.7300,9.8400,9.7500,142724444,1398725072.0000,3,0.956420,1,0.923100,4.153470,0.840770,1.630977,-5.074933,0
2014-10-09,sh.600000,9.8500,9.9400,9.8100,9.8500,9.8400,130968217,1293022528.0000,3,0.877640,1,0.101600,4.157691,0.841624,1.632635,-5.080090,0
2014-10-10,sh.600000,9.8000,9.9100,9.7700,9.8300,9.8500,133030186,1308626416.0000,3,0.891457,1,-0.203100,4.149249,0.839915,1.629320,-5.069775,0
2014-10-13,sh.600000,9.7900,9.8300,9.6800,9.7300,9.8300,109831220,1069089808.0000,3,0.735997,1,-1.017300,4.107039,0.831371,1.612745,-5.018201,0
2014-10-14,sh.600000,9.7200,9.8200,9.6900,9.7200,9.7300,84002904,818017648.0000,3,0.562917,1,-0.102800,4.102818,0.830517,1.611087,-5.013043,0
2014-10-15,sh.600000,9.7200,9.8500,9.6400,9.7900,9.7200,133922265,1304901632.0000,3,0.897435,1,0.720200,4.132365,0.836498,1.622690,-5.049145,0
2014-10-16,sh.600000,9.7400,10.0400,9.7000,9.8900,9.7900,296366864,2936900128.0000,3,1.986003,1,1.021500,4.174575,0.845042,1.639265,-5.100720,0
2014-10-17,sh.600000,9.8800,10.0000,9.7500,9.8500,9.8900,161019857,1588282416.0000,3,1.079021,1,-0.404400,4.157691,0.841624,1.632635,-5.080090,0
2014-10-20,sh.600000,9.9300,9.9500,9.8200,9.9000,9.8500,114718758,1133473888.0000,3,0.768749,1,0.507600,4.178796,0.845897,1.640922,-5.105877,0
2014-10-21,sh.600000,9.8900,9.9100,9.7600,9.7800,9.9000,105290636,1034461920.0000,3,0.705570,1,-1.212100,4.128144,0.835643,1.621032,-5.043988,0
2014-10-22,sh.600000,9.7900,9.8800,9.7500,9.7800,9.7800,91092137,893481680.0000,3,0.610423,1,0.000000,4.128144,0.835643,1.621032,-5.043988,0
2014-10-23,sh.600000,9.7800,9.8800,9.7200,9.7500,9.7800,118416324,1159897472.0000,3,0.793527,1,-0.306700,4.115481,0.833080,1.616060,-5.028515,0
2014-10-24,sh.600000,9.7700,9.7900,9.6600,9.6800,9.7500,108312657,1054022656.0000,3,0.725821,1,-0.717900,4.085934,0.827099,1.604457,-4.992413,0
2014-10-27,sh.600000,9.6200,9.6300,9.4000,9.4700,9.6800,138929487,1323460336.0000,3,0.930989,1,-2.169400,3.997293,0.809156,1.569650,-4.884107,0
2014-10-28,sh.600000,9.5000,9.6100,9.5000,9.5900,9.4700,101044054,965189344.0000,3,0.677113,1,1.267200,4.047945,0.819409,1.589540,-4.945996,0
2014-10-29,sh.600000,9.6100,9.7500,9.5700,9.7000,9.5900,161050635,1555124016.0000,3,1.079227,1,1.147000,4.094376,0.828808,1.607772,-5.002728,0
2014-10-30,sh.600000,9.7200,9.8500,9.6500,9.8100,9.7000,176780522,1722710640.0000,3,1.184636,1,1.134000,4.140807,0.838207,1.626005,-5.059460,0
2014-10-31,sh.600000,9.8800,10.3800,9.8500,10.2000,9.8100,491064704,4953082624.0000,3,3.290706,1,3.975500,4.144945,0.822463,1.621889,-6.251328,0
2014-11-03,sh.600000,10.2500,10.2800,10.1000,10.1600,10.2000,248371619,2525984144.0000,3,1.664379,1,-0.392200,4.128690,0.819238,1.615529,-6.226813,0
2014-11-04,sh.600000,10.2000,10.2000,10.0200,10.0700,10.1600,163212641,1645394576.0000,3,1.093715,1,-0.885800,4.092117,0.811981,1.601218,-6.171654,0
2014-11-05,sh.600000,10.0800,10.1100,9.9600,9.9900,10.0700,157561422,1578932512.0000,3,1.055845,1,-0.794400,4.059608,0.805530,1.588497,-6.122624,0
2014-11-06,sh.600000,10.0100,10.0400,9.9500,10.0300,9.9900,101863094,1018619328.0000,3,0.682601,1,0.400400,4.075863,0.808756,1.594857,-6.147139,0
2014-11-07,sh.600000,10.0100,10.3900,9.9800,10.1800,10.0300,407114112,4155058256.0000,3,2.728139,1,1.495500,4.136818,0.820851,1.618709,-6.239070,0
2014-11-10,sh.600000,10.5300,10.8100,10.4200,10.5500,10.1800,489376864,5168943872.0000,3,3.279395,1,3.634600,4.287173,0.850685,1.677542,-6.465834,0
2014-11-11,sh.600000,10.6200,11.2600,10.6200,10.9200,10.5500,653738976,7163875584.0000,3,4.380813,1,3.507100,4.437529,0.880520,1.736375,-6.692598,0
2014-11-12,sh.600000,10.8500,11.0700,10.7400,11.0500,10.9200,271038576,2961655248.0000,3,1.816274,1,1.190500,4.490357,0.891002,1.757046,-6.772272,0
2014-11-13,sh.600000,11.1000,11.3800,10.8600,10.9400,11.0500,371263984,4115769392.0000,3,2.487901,1,-0.995500,4.445657,0.882132,1.739555,-6.704855,0
2014-11-14,sh.600000,10.8800,10.9800,10.7500,10.9000,10.9400,198414346,2154897408.0000,3,1.329607,1,-0.365600,4.429402,0.878907,1.733195,-6.680340,0
2014-11-17,sh.600000,10.9400,11.0800,10.7300,10.7500,10.9000,214519835,2329015776.0000,3,1.437533,1,-1.376100,4.368447,0.866812,1.709344,-6.588409,0
2014-11-18,sh.600000,10.7500,10.8000,10.4300,10.4500,10.7500,254900899,2687326960.0000,3,1.708133,1,-2.790700,4.246537,0.842622,1.661641,-6.404546,0
2014-11-19,sh.600000,10.4300,10.5400,10.3900,10.4700,10.4500,145326646,1518565392.0000,3,0.973858,1,0.191400,4.254664,0.844235,1.664821,-6.416804,0
2014-11-20,sh.600000,10.4500,10.6600,10.3700,10.5700,10.4700,162402495,1709647456.0000,3,1.088286,1,0.955100,4.295301,0.852298,1.680722,-6.478091,0
2014-11-21,sh.600000,10.5800,10.8200,10.4600,10.7900,10.5700,209997641,2234174864.0000,3,1.407229,1,2.081400,4.384702,0.870037,1.715704,-6.612924,0
2014-11-24,sh.600000,10.5700,10.9900,10.4500,10.8600,10.7900,474049920,5090821632.0000,3,3.176687,1,0.648700,4.413147,0.875682,1.726835,-6.655825,0
2014-11-25,sh.600000,10.8100,11.0900,10.7500,11.0800,10.8600,289490096,3159162416.0000,3,1.939921,1,2.025800,4.502548,0.893421,1.761817,-6.790658,0
2014-11-26,sh.600000,11.2500,11.4300,11.1000,11.3200,11.0800,452263344,5092828928.0000,3,3.030692,1,2.166100,4.600076,0.912773,1.799979,-6.937748,0
2014-11-27,sh.600000,11.4800,11.7200,11.2800,11.4800,11.3200,439738272,5062406912.0000,3,2.946759,1,1.413400,4.665095,0.925675,1.825420,-7.035808,0
2014-11-28,sh.600000,11.5300,12.4800,11.4800,12.4000,11.4800,832183264,9950390272.0000,3,5.576598,1,8.013900,5.038953,0.999858,1.971708,-7.599653,0
2014-12-01,sh.600000,12.4500,12.9800,12.1200,12.1600,12.4000,607270368,7590567424.0000,3,4.069419,1,-1.935500,4.941425,0.980505,1.933546,-7.452563,0
2014-12-02,sh.600000,12.0300,13.0800,12.0300,12.8700,12.1600,589371024,7404591104.0000,3,3.949473,1,5.838800,5.229945,1.037755,2.046442,-7.887705,0
2014-12-03,sh.600000,12.8400,13.2900,12.3200,12.5800,12.8700,730561456,9380076800.0000,3,4.895613,1,-2.253300,5.112099,1.014372,2.000330,-7.709971,0
2014-12-04,sh.600000,12.5800,13.3000,12.3700,13.2700,12.5800,720041664,9307945984.0000,3,4.825118,1,5.484900,5.392492,1.070009,2.110046,-8.132855,0
2014-12-05,sh.600000,13.4200,14.0000,12.9000,13.5300,13.2700,859647616,11553890816.0000,3,5.760641,1,1.959300,5.498148,1.090974,2.151388,-8.292202,0
2014-12-08,sh.600000,13.3900,14.0400,13.2000,13.8100,13.5300,703922496,9622363392.0000,3,4.717101,1,2.069500,5.611930,1.113551,2.195910,-8.463807,0
2014-12-09,sh.600000,13.5600,14.1600,12.4600,12.6500,13.8100,869193776,11788051456.0000,3,5.824611,1,-8.399700,5.140544,1.020016,2.011460,-7.752872,0
2014-12-10,sh.600000,12.7000,13.2500,12.2100,13.1600,12.6500,620272400,7901267968.0000,3,4.156548,1,4.031600,5.347792,1.061139,2.092555,-8.065438,0
2014-12-11,sh.600000,12.9600,13.5500,12.8500,13.0500,13.1600,442571184,5847503360.0000,3,2.965743,1,-0.835900,5.303091,1.052269,2.075064,-7.998022,0
2014-12-12,sh.600000,13.0500,13.3800,12.7800,12.9800,13.0500,310558736,4067040272.0000,3,2.081106,1,-0.536400,5.274646,1.046625,2.063933,-7.955121,0
2014-12-15,sh.600000,12.8000,12.8200,12.4600,12.7600,12.9800,335025408,4232421872.0000,3,2.245061,1,-1.694900,5.185245,1.028886,2.028951,-7.820288,0
2014-12-16,sh.600000,12.7000,13.3000,12.6500,13.2900,12.7600,438688000,5706439936.0000,3,2.939721,1,4.153600,5.400619,1.071622,2.113226,-8.145112,0
2014-12-17,sh.600000,13.4900,14.3900,13.3300,14.1100,13.2900,869703584,12037657344.0000,3,5.828028,1,6.170100,5.733841,1.137741,2.243613,-8.647670,0
2014-12-18,sh.600000,14.2200,14.3400,13.7100,13.8900,14.1100,499627856,7010664192.0000,3,3.348089,1,-1.559200,5.644440,1.120002,2.208631,-8.512837,0
2014-12-19,sh.600000,13.9600,14.2000,13.6300,14.0900,13.8900,436244208,6099396096.0000,3,2.923345,1,1.439900,5.725713,1.136128,2.240433,-8.635412,0
2014-12-22,sh.600000,14.1800,15.2000,14.1400,14.6800,14.0900,683449520,10043569152.0000,3,4.579908,1,4.187400,5.965470,1.183702,2.334248,-8.997009,0
2014-12-23,sh.600000,14.4000,14.9800,14.0800,14.1100,14.6800,441578784,6398625280.0000,3,2.959093,1,-3.882800,5.733841,1.137741,2.243613,-8.647670,0
2014-12-24,sh.600000,14.1100,14.2000,13.3100,13.4600,14.1100,417579536,5715187968.0000,3,2.798270,1,-4.606700,5.469702,1.085329,2.140257,-8.249301,0
2014-12-25,sh.600000,13.7500,14.2700,13.5300,14.2500,13.4600,455721904,6359588352.0000,3,3.053868,1,5.869200,5.790732,1.149030,2.265874,-8.733472,0
2014-12-26,sh.600000,14.3000,14.8400,14.1900,14.7700,14.2500,466983120,6790353408.0000,3,3.129331,1,3.649100,6.002043,1.190959,2.348559,-9.052168,0
2014-12-29,sh.600000,15.4000,15.8800,14.7100,14.9500,14.7700,625216144,9556435968.0000,3,4.189677,1,1.218700,6.075189,1.205473,2.377180,-9.162485,0
2014-12-30,sh.600000,14.9500,15.5000,14.8300,15.3600,14.9500,443655552,6774519552.0000,3,2.973009,1,2.742500,6.241799,1.238533,2.442374,-9.413764,0
2014-12-31,sh.600000,15.4500,15.7900,15.1100,15.6900,15.3600,468832336,7271524864.0000,3,3.141723,1,2.148400,6.375901,1.265142,2.494847,-9.616013,0
2015-01-05,sh.600000,15.8800,16.2500,15.5600,16.0700,15.6900,513568704,8182820864.0000,3,3.441509,1,2.421900,6.530320,1.295783,2.555270,-9.848905,0
2015-01-06,sh.600000,16.0000,16.6800,15.8200,16.1300,16.0700,511684528,8311084800.0000,3,3.428883,1,0.373400,6.398990,1.300621,2.448213,-9.885678,0
2015-01-07,sh.600000,15.9000,16.1700,15.5300,15.8100,16.1300,385716816,6114241024.0000,3,2.584752,1,-1.983900,6.272041,1.274818,2.399643,-9.689558,0
2015-01-08,sh.600000,15.8700,15.8800,15.2000,15.2500,15.8100,330627168,5101310720.0000,3,2.215587,1,-3.542100,6.049882,1.229664,2.314647,-9.346348,0
2015-01-09,sh.600000,15.2000,16.2500,15.1100,15.4300,15.2500,491999936,7692348672.0000,3,3.296973,1,1.180300,6.121290,1.244178,2.341967,-9.456665,0
2015-01-12,sh.600000,15.5000,15.7100,14.9500,15.2200,15.4300,367787264,5625726976.0000,3,2.464603,1,-1.361000,6.037980,1.227245,2.310093,-9.327961,0
2015-01-13,sh.600000,15.1300,15.4100,15.1000,15.1800,15.2200,178404956,2712026688.0000,3,1.195521,1,-0.262800,6.022112,1.224019,2.304022,-9.303446,0
2015-01-14,sh.600000,15.3100,15.7900,15.3100,15.4900,15.1800,309018848,4812472320.0000,3,2.070786,1,2.042200,6.145093,1.249016,2.351074,-9.493438,0
2015-01-15,sh.600000,15.4900,16.1500,15.3900,16.1200,15.4900,329826848,5216166912.0000,3,2.210224,1,4.067100,6.395023,1.299815,2.446695,-9.879549,0
2015-01-16,sh.600000,16.2400,16.7500,16.1600,16.4700,16.1200,480245888,7938757888.0000,3,3.218207,1,2.171200,6.533872,1.328037,2.499818,-10.094056,0
2015-01-19,sh.600000,15.3800,15.7300,14.8200,14.8200,16.4700,623520880,9496942848.0000,3,4.178317,1,-10.018200,5.879295,1.194991,2.249381,-9.082811,0
2015-01-20,sh.600000,14.8800,15.1700,14.5800,15.0000,14.8200,479215744,7142638848.0000,3,3.211304,1,1.214600,5.950703,1.209505,2.276702,-9.193129,0
2015-01-21,sh.600000,15.1000,15.8700,14.8100,15.7400,15.0000,487540368,7489943296.0000,3,3.267089,1,4.933300,6.244271,1.269174,2.389019,-9.646657,0
2015-01-22,sh.600000,15.7300,15.7600,15.3500,15.6300,15.7400,294738256,4592023040.0000,3,1.975090,1,-0.698900,6.200633,1.260304,2.372323,-9.579240,0
2015-01-23,sh.600000,15.7400,16.0400,15.5400,15.6300,15.6300,320042992,5044685824.0000,3,2.144661,1,0.000000,6.200633,1.260304,2.372323,-9.579240,0
2015-01-26,sh.600000,15.5600,15.5900,15.1300,15.4300,15.6300,268566928,4122351616.0000,3,1.799711,1,-1.279600,6.121290,1.244178,2.341967,-9.456665,0
2015-01-27,sh.600000,15.4400,15.4400,14.7500,15.0100,15.4300,351914016,5286301696.0000,3,2.358234,1,-2.722000,5.954670,1.210311,2.278219,-9.199258,0
2015-01-28,sh.600000,14.8200,15.1100,14.6600,14.8100,15.0100,242203054,3592645040.0000,3,1.623043,1,-1.332400,5.875328,1.194185,2.247863,-9.076683,0
2015-01-29,sh.600000,14.5800,14.6800,14.3200,14.4200,14.8100,266968083,3864614160.0000,3,1.788997,1,-2.633400,5.720609,1.162738,2.188669,-8.837661,0
2015-01-30,sh.600000,14.5800,14.6900,14.3600,14.4700,14.4200,207865327,3021747776.0000,3,1.392940,1,0.346700,5.740445,1.166769,2.196258,-8.868305,0
2015-02-02,sh.600000,14.0600,14.2600,13.9900,14.0400,14.4700,211617677,2989272544.0000,3,1.418085,1,-2.971700,5.569858,1.132097,2.130993,-8.604769,0
2015-02-03,sh.600000,14.2100,14.4600,14.0200,14.4500,14.0400,196263569,2792706736.0000,3,1.315195,1,2.920200,5.732511,1.165157,2.193223,-8.856048,0
2015-02-04,sh.600000,14.5000,14.5900,14.1200,14.1800,14.4500,167896219,2421384720.0000,3,1.125100,1,-1.868500,5.625398,1.143385,2.152242,-8.690571,0
2015-02-05,sh.600000,14.7500,14.8000,14.1700,14.1800,14.1800,394332688,5742890496.0000,3,2.642489,1,0.000000,5.625398,1.143385,2.152242,-8.690571,0
2015-02-06,sh.600000,14.0900,14.3200,13.9500,14.0900,14.1800,186547522,2637143936.0000,3,1.250086,1,-0.634700,5.589694,1.136128,2.138582,-8.635412,0
2015-02-09,sh.600000,14.0600,14.2700,13.8500,14.1600,14.0900,224585511,3155932080.0000,3,1.504985,1,0.496800,5.617464,1.141773,2.149206,-8.678314,0
2015-02-10,sh.600000,14.1500,14.4800,14.0800,14.4300,14.1600,183693513,2629916384.0000,3,1.230961,1,1.906800,5.724577,1.163544,2.190187,-8.843790,0
2015-02-11,sh.600000,14.4300,14.5400,14.3100,14.4200,14.4300,124127097,1789572960.0000,3,0.831796,1,-0.069300,5.720609,1.162738,2.188669,-8.837661,0
2015-02-12,sh.600000,14.4200,14.4300,14.1100,14.3500,14.4200,148954152,2121808304.0000,3,0.998166,1,-0.485400,5.692840,1.157093,2.178045,-8.794760,0
2015-02-13,sh.600000,14.5000,14.6700,14.3500,14.4300,14.3500,208366810,3023274160.0000,3,1.396300,1,0.557500,5.724577,1.163544,2.190187,-8.843790,0
2015-02-16,sh.600000,14.4300,14.4600,14.2600,14.4000,14.4300,139220024,1995677504.0000,3,0.932936,1,-0.207900,5.712675,1.161125,2.185634,-8.825404,0
2015-02-17,sh.600000,14.4200,14.5800,14.4100,14.4700,14.4000,120665263,1747213088.0000,3,0.808598,1,0.486100,5.740445,1.166769,2.196258,-8.868305,0
2015-02-25,sh.600000,14.4800,14.5000,14.1800,14.2800,14.4700,140932583,2025174384.0000,3,0.944413,1,-1.313100,5.665070,1.151449,2.167420,-8.751859,0
2015-02-26,sh.600000,14.2500,14.6800,14.1100,14.6200,14.2800,215013978,3104052160.0000,3,1.440844,1,2.381000,5.799952,1.178864,2.219025,-8.960236,0
2015-02-27,sh.600000,14.6000,14.8000,14.4800,14.5300,14.6200,195606870,2861206464.0000,3,1.310794,1,-0.615600,5.764248,1.171607,2.205365,-8.905078,0
2015-03-02,sh.600000,14.5800,14.5800,14.3600,14.4800,14.5300,218763276,3159377728.0000,3,1.465969,1,-0.344100,5.744412,1.167576,2.197776,-8.874434,0
2015-03-03,sh.600000,14.4400,14.4400,13.9800,14.0000,14.4800,266372415,3766071232.0000,3,1.785006,1,-3.314900,5.553990,1.128871,2.124921,-8.580254,0
2015-03-04,sh.600000,14.0500,14.0700,13.8500,13.9100,14.0000,156595995,2183814576.0000,3,1.049376,1,-0.642900,5.518286,1.121614,2.111261,-8.525095,0
2015-03-05,sh.600000,13.8400,13.8400,13.5100,13.5800,13.9100,226504580,3090569664.0000,3,1.517845,1,-2.372400,5.387370,1.095005,2.061174,-8.322846,0
2015-03-06,sh.600000,13.5800,13.7800,13.5400,13.6300,13.5800,128036367,1750570352.0000,3,0.857993,1,0.368200,5.407206,1.099037,2.068763,-8.353490,0
2015-03-09,sh.600000,13.8100,14.7000,13.6100,14.5100,13.6300,434801472,6170955264.0000,3,2.913677,1,6.456300,5.756314,1.169995,2.202329,-8.892820,0
2015-03-10,sh.600000,14.3200,14.3700,14.0700,14.1000,14.5100,254844764,3623305552.0000,3,1.707757,1,-2.825600,5.593661,1.136935,2.140099,-8.641541,0
2015-03-11,sh.600000,14.1700,14.5600,14.1700,14.2500,14.1000,215069722,3087509376.0000,3,1.441218,1,1.063800,5.653168,1.149030,2.162867,-8.733472,0
2015-03-12,sh.600000,14.6500,15.5600,14.5800,15.1200,14.2500,632781872,9512030464.0000,3,4.240376,1,6.105300,5.998309,1.219181,2.294915,-9.266674,0
2015-03-13,sh.600000,15.1900,15.8000,15.0800,15.2900,15.1200,440178384,6789040896.0000,3,2.949708,1,1.124300,6.065750,1.232889,2.320718,-9.370863,0
2015-03-16,sh.600000,15.5600,15.6100,15.2000,15.4700,15.2900,316116672,4867224320.0000,3,2.118350,1,1.177200,6.137159,1.247403,2.348038,-9.481180,0
2015-03-17,sh.600000,15.6000,15.6800,15.3600,15.5400,15.4700,309677648,4797833472.0000,3,2.075201,1,0.452500,6.164929,1.253047,2.358663,-9.524082,0
2015-03-18,sh.600000,15.5700,15.8800,15.4300,15.8800,15.5400,354655136,5558613504.0000,3,2.376603,1,2.187900,6.299811,1.280463,2.410268,-9.732459,0
2015-03-19,sh.600000,15.8800,15.8900,15.5800,15.6400,15.8800,316770912,4978776064.0000,3,2.122734,1,-1.511300,6.203808,1.189762,2.368387,-3.772569,0
2015-03-20,sh.600000,15.6200,16.0900,15.3700,15.7500,15.6400,456531216,7180731392.0000,3,3.059291,1,0.703300,6.247441,1.198130,2.385045,-3.799102,0
2015-03-23,sh.600000,15.8200,16.0400,15.7700,15.9100,15.7500,357592736,5692415744.0000,3,2.396288,1,1.015900,6.310907,1.210301,2.409274,-3.837696,0
2015-03-24,sh.600000,15.8900,16.0000,15.6000,15.6900,15.9100,324657536,5114146816.0000,3,2.175584,1,-1.382800,6.223642,1.193565,2.375959,-3.784629,0
2015-03-25,sh.600000,15.6000,15.7200,15.1500,15.2400,15.6900,331730336,5108990976.0000,3,2.222980,1,-2.868100,6.045143,1.159333,2.307815,-3.676084,0
2015-03-26,sh.600000,15.1500,15.5800,15.0400,15.3600,15.2400,282340720,4326755840.0000,3,1.892012,1,0.787400,6.092743,1.168462,2.325986,-3.705029,0
2015-03-27,sh.600000,15.3200,15.5500,15.1700,15.3600,15.3600,218174978,3350088368.0000,3,1.462027,1,0.000000,6.092743,1.168462,2.325986,-3.705029,0
2015-03-30,sh.600000,15.5500,16.2000,15.4400,16.0200,15.3600,487442656,7735007488.0000,3,3.266434,1,4.296900,6.354540,1.218669,2.425931,-3.864230,0
2015-03-31,sh.600000,16.4800,16.5800,15.7400,15.7900,16.0200,494049248,7990395392.0000,3,3.310706,1,-1.435700,6.263308,1.201173,2.391102,-3.808751,0
2015-04-01,sh.600000,15.7900,16.1400,15.7500,15.9500,15.7900,305878384,4868332032.0000,3,2.049742,1,1.013300,6.326774,1.213344,2.415331,-3.847345,0
2015-04-02,sh.600000,16.3000,16.3800,15.8700,16.1800,15.9500,410087648,6611462400.0000,3,2.748065,1,1.442000,6.418006,1.230840,2.450160,-3.902824,0
2015-04-03,sh.600000,16.0000,16.2900,15.9300,16.2000,16.1800,320361504,5171219200.0000,3,2.146795,1,0.123600,6.425940,1.232362,2.453189,-3.907648,0
2015-04-07,sh.600000,16.5000,16.8700,16.4500,16.7100,16.2000,502260208,8372655104.0000,3,3.365729,1,3.148100,6.628238,1.271159,2.530419,-4.030667,0
2015-04-08,sh.600000,16.7300,17.0400,16.4500,17.0200,16.7100,514816368,8633478144.0000,3,3.449870,1,1.855200,6.751203,1.294741,2.577362,-4.105443,0
2015-04-09,sh.600000,17.0500,17.4800,16.8000,16.8700,17.0200,497335456,8497436160.0000,3,3.332727,1,-0.881300,6.691704,1.283330,2.554648,-4.069261,0
2015-04-10,sh.600000,16.8600,17.5700,16.7600,17.5300,16.8700,451543440,7772119552.0000,3,3.025867,1,3.912300,6.953501,1.333537,2.654592,-4.228461,0
2015-04-13,sh.600000,17.9900,18.4800,17.6200,18.0300,17.5300,581406592,10470524416.0000,3,3.896102,1,2.852300,7.151833,1.371573,2.730308,-4.349068,0
2015-04-14,sh.600000,18.0300,18.0400,17.5600,17.8900,18.0300,372837056,6640484608.0000,3,2.498443,1,-0.776500,7.096300,1.360923,2.709108,-4.315298,0
2015-04-15,sh.600000,17.8000,18.4500,17.7100,17.9600,17.8900,449643904,8170773760.0000,3,3.013138,1,0.391300,7.124066,1.366248,2.719708,-4.332183,0
2015-04-16,sh.600000,17.9700,18.6700,17.8500,18.6500,17.9600,415984576,7577392896.0000,3,2.787582,1,3.841900,7.397764,1.418738,2.824196,-4.498619,0
2015-04-17,sh.600000,18.9500,19.0500,18.4700,18.6000,18.6500,490159328,9167362816.0000,3,3.284639,1,-0.268100,7.377931,1.414934,2.816624,-4.486559,0
2015-04-20,sh.600000,18.7200,18.7200,17.6000,17.9000,18.6000,572435808,10446728448.0000,3,3.835987,1,-3.763400,7.100267,1.361684,2.710622,-4.317710,0
2015-04-21,sh.600000,17.7500,18.1900,17.7500,18.1600,17.9000,368194688,6615540736.0000,3,2.467334,1,1.452500,7.203399,1.381463,2.749994,-4.380425,0
2015-04-22,sh.600000,18.3000,18.5500,18.0800,18.5000,18.1600,420766736,7712130816.0000,3,2.819628,1,1.872200,7.338264,1.407327,2.801481,-4.462438,0
2015-04-23,sh.600000,18.5000,18.6400,18.1100,18.2200,18.5000,363593632,6675542016.0000,3,2.436501,1,-1.513500,7.227199,1.386027,2.759080,-4.394898,0
2015-04-24,sh.600000,17.8000,18.0300,17.4600,17.6800,18.2200,422927104,7509013248.0000,3,2.834105,1,-2.963800,7.013001,1.344948,2.677307,-4.264643,0
2015-04-27,sh.600000,17.7200,18.2500,17.7200,18.1700,17.6800,384541408,6942247936.0000,3,2.576876,1,2.771500,7.207366,1.382223,2.751509,-4.382837,0
2015-04-28,sh.600000,18.2400,19.0000,18.0000,18.3000,18.1700,600053984,11100683776.0000,3,4.021061,1,0.715500,7.258932,1.392113,2.771195,-4.414195,0
2015-04-29,sh.600000,18.2700,18.6600,18.0600,18.5300,18.3000,358393728,6591915008.0000,3,2.401656,1,1.256800,7.350164,1.409609,2.806024,-4.469674,0
2015-04-30,sh.600000,18.2800,18.4600,18.0500,18.0700,18.5300,412760528,7523663360.0000,3,2.765977,1,-2.482500,7.094680,1.318867,2.621671,-73.869873,0
2015-05-04,sh.600000,18.0000,18.0000,17.6000,17.8100,18.0700,258064565,4597698816.0000,3,1.729333,1,-1.438900,6.992598,1.299891,2.583949,-72.806997,0
2015-05-05,sh.600000,17.7300,17.7500,16.8500,17.0800,17.8100,375386432,6483576064.0000,3,2.515527,1,-4.098800,6.705984,1.246611,2.478038,-69.822768,0
2015-05-06,sh.600000,17.0800,17.5100,16.9700,17.0600,17.0800,303607872,5225100288.0000,3,2.034527,1,-0.117100,6.698131,1.245151,2.475136,-69.741009,0
2015-05-07,sh.600000,17.0300,17.2800,16.9800,17.0700,17.0600,214390703,3674226160.0000,3,1.436668,1,0.058600,6.702058,1.245881,2.476587,-69.781888,0
2015-05-08,sh.600000,17.1900,17.3000,16.8200,17.1100,17.0700,184560000,3151167760.0000,3,1.236767,1,0.234300,6.717762,1.248800,2.482390,-69.945408,0
2015-05-11,sh.600000,16.9800,17.3100,16.7900,17.2700,17.1100,277153424,4711900672.0000,3,1.857251,1,0.935100,6.780582,1.260478,2.505604,-70.599485,0
2015-05-12,sh.600000,17.2500,17.4000,17.0400,17.2400,17.2700,219176341,3768388800.0000,3,1.468737,1,-0.173700,6.768803,1.258289,2.501251,-70.476846,0
2015-05-13,sh.600000,17.3300,17.3900,16.9000,17.0700,17.2400,245244498,4198950112.0000,3,1.643424,1,-0.986100,6.702058,1.245881,2.476587,-69.781888,0
2015-05-14,sh.600000,17.1000,17.2500,16.9400,16.9900,17.0700,192361949,3283133216.0000,3,1.289049,1,-0.468700,6.670648,1.240042,2.464980,-69.454850,0
2015-05-15,sh.600000,16.9100,17.0700,16.5900,16.7800,16.9900,209597267,3526291456.0000,3,1.404546,1,-1.236000,6.588197,1.224715,2.434512,-68.596373,0
2015-05-18,sh.600000,16.6200,16.7600,16.3400,16.3800,16.7800,187555204,3106379584.0000,3,1.256838,1,-2.383800,6.431148,1.195520,2.376479,-66.961179,0
2015-05-19,sh.600000,16.3700,17.0900,16.3500,17.0400,16.3800,242251271,4080429264.0000,3,1.623366,1,4.029300,6.690279,1.243691,2.472234,-69.659249,0
2015-05-20,sh.600000,17.0400,17.4900,16.9700,17.1500,17.0400,265675717,4567803904.0000,3,1.780337,1,0.645500,6.733467,1.251720,2.488193,-70.108927,0
2015-05-21,sh.600000,17.2500,17.4000,17.1000,17.3200,17.1500,166403483,2873100256.0000,3,1.115097,1,0.991300,6.800213,1.264128,2.512858,-70.803884,0
2015-05-22,sh.600000,17.4600,17.7900,17.3400,17.7600,17.3200,248087543,4379120128.0000,3,1.662476,1,2.540400,6.972967,1.296242,2.576695,-72.602597,0
2015-05-25,sh.600000,17.8500,18.1800,17.8400,18.1400,17.7600,273874768,4942206976.0000,3,1.835280,1,2.139600,7.122163,1.323977,2.631827,-74.156031,0
2015-05-26,sh.600000,18.2200,18.4500,17.9100,18.3900,18.1400,301665296,5504873472.0000,3,2.021509,1,1.378200,7.220319,1.342223,2.668098,-75.178027,0
2015-05-27,sh.600000,18.4400,18.6500,18.0500,18.0700,18.3900,296942304,5444651008.0000,3,1.989860,1,-1.740100,7.094680,1.318867,2.621671,-73.869873,0
2015-05-28,sh.600000,18.1000,18.1400,17.0100,17.0400,18.0700,334032208,5908534784.0000,3,2.238405,1,-5.700000,6.690279,1.243691,2.472234,-69.659249,0
2015-05-29,sh.600000,17.0800,17.3500,16.7100,17.0400,17.0400,256087315,4370819072.0000,3,1.716083,1,0.000000,6.690279,1.243691,2.472234,-69.659249,0
2015-06-01,sh.600000,17.0400,18.0800,16.8600,17.9300,17.0400,286379248,5015007488.0000,3,1.919075,1,5.223000,7.039713,1.308649,2.601359,-73.297555,0
2015-06-02,sh.600000,17.9300,17.9700,17.5000,17.8400,17.9300,224935535,4001574464.0000,3,1.507330,1,-0.502000,7.004377,1.302081,2.588302,-72.929636,0
2015-06-03,sh.600000,17.8900,18.0500,17.5400,17.9000,17.8400,244139688,4338757632.0000,3,1.636020,1,0.336300,7.027934,1.306460,2.597007,-73.174915,0
2015-06-04,sh.600000,18.0000,18.8000,17.5800,18.6300,17.9000,471864928,8635099392.0000,3,3.162045,1,4.078200,7.314548,1.359740,2.702918,-76.159144,0
2015-06-05,sh.600000,19.0000,19.1700,18.0200,18.4300,18.6300,362420160,6742853888.0000,3,2.428637,1,-1.073500,7.236024,1.345143,2.673901,-75.341547,0
2015-06-08,sh.600000,18.4300,18.4300,18.4300,18.4300,18.4300,0,0.0000,3,,0,0.000000,7.236024,1.345143,2.673901,-75.341547,0
2015-06-09,sh.600000,18.4300,18.4300,18.4300,18.4300,18.4300,0,0.0000,3,,0,0.000000,7.236024,1.345143,2.673901,-75.341547,0
2015-06-10,sh.600000,18.4300,18.4300,18.4300,18.4300,18.4300,0,0.0000,3,,0,0.000000,7.236024,1.345143,2.673901,-75.341547,0
2015-06-11,sh.600000,18.4300,18.4300,18.4300,18.4300,18.4300,0,0.0000,3,,0,0.000000,7.236024,1.345143,2.673901,-75.341547,0
2015-06-12,sh.600000,18.4300,18.4300,18.4300,18.4300,18.4300,0,0.0000,3,,0,0.000000,7.236024,1.345143,2.673901,-75.341547,0
2015-06-15,sh.600000,18.4300,18.4300,18.4300,18.4300,18.4300,0,0.0000,3,,0,0.000000,7.236024,1.345143,2.673901,-75.341547,0
2015-06-16,sh.600000,18.4300,18.4300,18.4300,18.4300,18.4300,0,0.0000,3,,0,0.000000,7.236024,1.345143,2.673901,-75.341547,0
2015-06-17,sh.600000,18.4900,18.9800,17.9500,18.2000,18.4300,513118656,9419105792.0000,3,3.438493,1,-1.248000,7.145720,1.328356,2.640532,-74.401310,0
2015-06-18,sh.600000,18.0900,18.2500,17.6400,17.7200,18.2000,278296736,4980064768.0000,3,1.864912,1,-2.637400,6.957262,1.293322,2.570891,-72.439078,0
2015-06-19,sh.600000,17.5800,17.9500,16.8400,17.0700,17.7200,278090224,4894778624.0000,3,1.863529,1,-3.668200,6.702058,1.245881,2.476587,-69.781888,0
2015-06-23,sh.600000,16.4500,17.0900,16.2400,17.0200,16.3100,297748896,4966949376.0000,3,1.995265,1,4.353200,6.682427,1.242232,2.469333,-69.577489,0
2015-06-24,sh.600000,17.0300,17.3000,16.5800,17.2500,17.0200,257825317,4364353280.0000,3,1.727730,1,1.351300,6.772730,1.259018,2.502702,-70.517726,0
2015-06-25,sh.600000,17.6000,17.7400,16.6500,16.7100,17.2500,271649040,4704733184.0000,3,1.820365,1,-3.130400,6.560714,1.219606,2.424356,-68.310214,0
2015-06-26,sh.600000,16.4300,17.0800,15.3300,15.8500,16.7100,361776736,5893832448.0000,3,2.424326,1,-5.146600,6.223059,1.156837,2.299584,-64.794548,0
2015-06-29,sh.600000,16.3000,16.5300,14.8100,15.9100,15.8500,420675696,6723070976.0000,3,2.819017,1,0.378500,6.246616,1.161216,2.308289,-65.039827,0
2015-06-30,sh.600000,15.9300,16.9800,15.9100,16.9600,15.9100,375411264,6204981760.0000,3,2.515693,1,6.599600,6.658869,1.237852,2.460627,-69.332210,0
2015-07-01,sh.600000,16.8100,16.9300,16.2000,16.3200,16.9600,250555997,4180149248.0000,3,1.679017,1,-3.773600,6.407591,1.191141,2.367774,-66.715900,0
2015-07-02,sh.600000,16.5000,16.8300,15.8100,16.3700,16.3200,322264864,5297602304.0000,3,2.159550,1,0.306400,6.427222,1.194790,2.375028,-66.920300,0
2015-07-03,sh.600000,16.3900,16.6400,15.1000,15.8700,16.3700,312701072,5041250048.0000,3,2.095462,1,-3.054400,6.230911,1.158297,2.302486,-64.876308,0
2015-07-06,sh.600000,17.4000,17.4600,16.6300,17.2200,15.8700,659421888,11195523072.0000,3,4.418895,1,8.506600,6.760951,1.256829,2.498349,-70.395086,0
2015-07-07,sh.600000,16.9400,17.8200,16.4600,17.5700,17.2200,713763504,12379048448.0000,3,4.783047,1,2.032500,6.898369,1.282374,2.549129,-71.825881,0
2015-07-08,sh.600000,16.2000,17.5000,15.8100,15.9500,17.5700,837950416,13833635584.0000,3,5.615244,1,-9.220300,6.262321,1.164136,2.314092,-65.203346,0
2015-07-09,sh.600000,15.9500,17.4000,15.3800,16.9500,15.9500,545237280,8927542016.0000,3,3.653725,1,6.269600,6.654943,1.237122,2.459177,-69.291330,0
2015-07-10,sh.600000,16.7600,18.1500,16.6500,17.2800,16.9500,647768576,11376342784.0000,3,4.340804,1,1.946900,6.784508,1.261208,2.507054,-70.640365,0
2015-07-13,sh.600000,16.9900,17.4800,16.8100,17.0400,17.2800,372594656,6364720128.0000,3,2.496818,1,-1.388900,6.690279,1.243691,2.472234,-69.659249,0
2015-07-14,sh.600000,16.7800,16.9800,16.3600,16.7500,17.0400,305725808,5111292928.0000,3,2.048719,1,-1.701900,6.576419,1.222525,2.430160,-68.473734,0
2015-07-15,sh.600000,16.7000,17.1300,16.5100,17.0700,16.7500,348253552,5845359104.0000,3,2.333705,1,1.910400,6.702058,1.245881,2.476587,-69.781888,0
2015-07-16,sh.600000,17.0700,17.1200,16.7100,16.9600,17.0700,181402598,3069471168.0000,3,1.215609,1,-0.644400,6.658869,1.237852,2.460627,-69.332210,0
2015-07-17,sh.600000,17.0300,17.1900,16.8800,17.0200,16.9600,195927578,3336786144.0000,3,1.312943,1,0.353800,6.682427,1.242232,2.469333,-69.577489,0
2015-07-20,sh.600000,17.0000,17.0300,16.6500,16.6800,17.0200,172918155,2908824608.0000,3,1.158753,1,-1.997700,6.548935,1.217416,2.420004,-68.187575,0
2015-07-21,sh.600000,16.5800,16.7200,16.3000,16.3800,16.6800,156268261,2572676432.0000,3,1.047179,1,-1.798600,6.431148,1.195520,2.376479,-66.961179,0
2015-07-22,sh.600000,16.3300,16.3800,16.1500,16.1600,16.3800,120352700,1956978864.0000,3,0.806503,1,-1.343100,6.344772,1.179463,2.344560,-66.061823,0
2015-07-23,sh.600000,16.2400,16.5100,16.1800,16.4300,16.1600,114525468,1878869152.0000,3,0.767454,1,1.670800,6.450780,1.199169,2.383733,-67.165579,0
2015-07-24,sh.600000,16.4300,16.4900,16.1300,16.1400,16.4300,123609179,2016987552.0000,3,0.828326,1,-1.765100,6.336919,1.178003,2.341658,-65.980063,0
2015-07-27,sh.600000,16.0000,16.1000,14.8400,14.9100,16.1400,225091581,3515372640.0000,3,1.508376,1,-7.620800,5.853994,1.088230,2.163205,-60.951843,0
2015-07-28,sh.600000,14.6800,15.4000,14.6200,15.2400,14.9100,246095094,3717225984.0000,3,1.649124,1,2.213300,5.983559,1.112315,2.211083,-62.300878,0
2015-07-29,sh.600000,15.2200,15.3000,15.1200,15.2900,15.2400,135858697,2063868112.0000,3,0.910412,1,0.328100,6.003190,1.115965,2.218337,-62.505277,0
2015-07-30,sh.600000,15.2900,15.3600,14.8800,14.9000,15.2900,118921723,1807407776.0000,3,0.796914,1,-2.550700,5.850068,1.087500,2.161754,-60.910963,0
2015-07-31,sh.600000,14.9700,15.1600,14.6500,15.0700,14.9000,234941266,3516273904.0000,3,1.574380,1,1.140900,5.916814,1.099908,2.186418,-61.605920,0
2015-08-03,sh.600000,14.9900,15.6000,14.8600,15.5500,15.0700,212367132,3246435568.0000,3,1.423107,1,3.185100,6.105272,1.134941,2.256059,-63.568153,0
2015-08-04,sh.600000,15.4800,15.6700,15.3800,15.6200,15.5500,85154364,1320992960.0000,3,0.570633,1,0.450200,6.132756,1.140050,2.266215,-63.854312,0
2015-08-05,sh.600000,15.6000,15.6400,15.2700,15.3100,15.6200,58185882,899150928.0000,3,0.389913,1,-1.984600,6.011043,1.117424,2.221239,-62.587036,0
2015-08-06,sh.600000,15.1600,15.5700,15.1400,15.3800,15.3100,65377995,1007550208.0000,3,0.438109,1,0.457200,6.038526,1.122534,2.231394,-62.873195,0
2015-08-07,sh.600000,15.5800,15.6400,15.3900,15.4700,15.3800,65302258,1014250624.0000,3,0.437601,1,0.585200,6.073862,1.129102,2.244452,-63.241114,0
2015-08-10,sh.600000,15.4500,15.8600,15.3500,15.7800,15.4700,116938205,1823776976.0000,3,0.783622,1,2.003900,6.195575,1.151728,2.289428,-64.508389,0
2015-08-11,sh.600000,15.7000,15.7500,15.5100,15.5700,15.7800,105104123,1642256848.0000,3,0.704320,1,-1.330800,6.113125,1.136401,2.258960,-63.649912,0
2015-08-12,sh.600000,15.4000,15.6000,15.3800,15.3900,15.5700,79184358,1225370352.0000,3,0.530627,1,-1.156100,6.042453,1.123263,2.232845,-62.914075,0
2015-08-13,sh.600000,15.4700,15.5600,15.2900,15.4500,15.3900,74034209,1141661424.0000,3,0.496115,1,0.389900,6.066010,1.127643,2.241550,-63.159354,0
2015-08-14,sh.600000,15.4700,15.5400,15.3700,15.4900,15.4500,66356010,1025758704.0000,3,0.444663,1,0.258900,6.081715,1.130562,2.247354,-63.322874,0
2015-08-17,sh.600000,15.4100,15.4100,15.2200,15.3200,15.4900,120892083,1851641792.0000,3,0.810118,1,-1.097500,6.014969,1.118154,2.222689,-62.627916,0
2015-08-18,sh.600000,15.3500,15.5200,14.8300,14.8700,15.3200,198445221,3032249664.0000,3,1.329814,1,-2.937300,5.838289,1.085310,2.157402,-60.788323,0
2015-08-19,sh.600000,14.8700,15.1700,14.5000,15.0000,14.8700,199062097,2952584752.0000,3,1.333948,1,0.874200,5.889330,1.094799,2.176263,-61.319761,0
2015-08-20,sh.600000,14.9400,14.9900,14.6600,14.6800,15.0000,88124782,1309322544.0000,3,0.590539,1,-2.133300,5.672590,1.070597,2.030814,7.524744,0
2015-08-21,sh.600000,14.6100,14.7400,14.2000,14.2200,14.6800,123792817,1794884640.0000,3,0.829556,1,-3.133500,5.494839,1.037049,1.967178,7.288955,0
2015-08-24,sh.600000,13.9300,13.9500,12.8000,12.8700,14.2200,334859424,4407389440.0000,3,2.243948,1,-9.493700,4.973177,0.938595,1.780421,6.596966,0
2015-08-25,sh.600000,12.5400,13.0800,11.9100,12.3900,12.8700,289470688,3659079616.0000,3,1.939791,1,-3.729600,4.787697,0.903590,1.714018,6.350925,0
2015-08-26,sh.600000,12.6500,13.3500,12.4000,13.0200,12.3900,235214588,3028238688.0000,3,1.576212,1,5.084700,5.031140,0.949535,1.801172,6.673853,0
2015-08-27,sh.600000,13.1600,14.0900,12.9800,13.9800,13.0200,212008806,2835655232.0000,3,1.420706,1,7.373300,5.402099,1.019547,1.933977,7.165935,0
2015-08-28,sh.600000,14.1000,14.3200,13.8500,14.2400,13.9800,208950955,2942159408.0000,3,1.400215,1,1.859800,5.502567,1.038508,1.969945,7.299207,0
2015-08-31,sh.600000,14.2000,14.9800,13.9600,14.9600,14.2400,202628515,2902670624.0000,3,1.357847,1,5.056200,5.780787,1.091017,2.069549,7.668268,0
2015-09-01,sh.600000,14.6600,15.3400,14.4100,15.3300,14.9600,304904688,4572547328.0000,3,2.043217,1,2.473300,5.923761,1.118001,2.120734,7.857924,0
2015-09-02,sh.600000,14.9000,15.3700,14.7200,14.8900,15.3300,255045273,3831534736.0000,3,1.709101,1,-2.870200,5.753738,1.085912,2.059865,7.632387,0
2015-09-07,sh.600000,14.7300,15.0100,14.1600,14.5000,14.8900,287948624,4206785568.0000,3,1.929591,1,-2.619200,5.603036,1.057470,2.005913,7.432479,0
2015-09-08,sh.600000,14.5200,15.1600,14.2200,15.0600,14.5000,330814192,4893450752.0000,3,2.216841,1,3.862100,5.819429,1.098310,2.083383,7.719526,0
2015-09-09,sh.600000,14.9100,15.2700,14.9100,15.1600,15.0600,241917533,3653652176.0000,3,1.621129,1,0.664000,5.858070,1.105603,2.097217,7.770785,0
2015-09-10,sh.600000,15.0600,15.2700,14.9600,15.2500,15.1600,205749026,3113080976.0000,3,1.378758,1,0.593700,5.892848,1.112166,2.109667,7.816917,0
2015-09-11,sh.600000,15.3500,15.6600,15.3000,15.5600,15.2500,288708560,4469128192.0000,3,1.934684,1,2.032800,6.012637,1.134774,2.152552,7.975819,0
2015-09-14,sh.600000,15.5000,15.9500,14.9300,15.9300,15.5600,183936607,2836987904.0000,3,1.232590,1,2.377900,6.155611,1.161758,2.203738,8.165475,0
2015-09-15,sh.600000,15.5300,15.5500,15.2400,15.4600,15.9300,107602458,1658227600.0000,3,0.721062,1,-2.950400,5.973995,1.127481,2.138719,7.924560,0
2015-09-16,sh.600000,15.3100,15.8000,15.0300,15.4300,15.4600,74128982,1135218752.0000,3,0.496751,1,-0.194000,5.962403,1.125293,2.134568,7.909183,0
2015-09-17,sh.600000,15.3400,15.4600,15.1000,15.1100,15.4300,50848655,778452704.0000,3,0.340745,1,-2.073900,5.838749,1.101956,2.090300,7.745155,0
2015-09-18,sh.600000,15.1600,15.2900,15.0200,15.0300,15.1100,40899248,619915760.0000,3,0.274073,1,-0.529500,5.807836,1.096122,2.079233,7.704149,0
2015-09-21,sh.600000,14.9600,15.0800,14.8400,14.9700,15.0300,40488316,604842000.0000,3,0.271319,1,-0.399200,5.784651,1.091746,2.070932,7.673394,0
2015-09-22,sh.600000,14.9700,15.2300,14.9700,15.0500,14.9700,38673835,584644944.0000,3,0.259160,1,0.534400,5.815564,1.097580,2.082000,7.714400,0
2015-09-23,sh.600000,14.9100,15.0000,14.6800,14.9500,15.0500,54580634,810914240.0000,3,0.365754,1,-0.664500,5.776923,1.090288,2.068166,7.663142,0
2015-09-24,sh.600000,14.9500,15.3000,14.8700,15.2700,14.9500,78862572,1192962816.0000,3,0.528471,1,2.140500,5.900576,1.113625,2.112434,7.827169,0
2015-09-25,sh.600000,15.1500,15.6200,15.1500,15.5900,15.2700,136070895,2096781872.0000,3,0.911834,1,2.095600,6.024229,1.136962,2.156703,7.991196,0
2015-09-28,sh.600000,15.5500,15.9600,15.4200,15.9200,15.5900,91425816,1436492496.0000,3,0.612660,1,2.116700,6.151747,1.161029,2.202354,8.160349,0
2015-09-29,sh.600000,15.7900,15.9900,15.6700,15.9700,15.9200,114190253,1807681568.0000,3,0.765208,1,0.314100,6.171067,1.164675,2.209271,8.185978,0
2015-09-30,sh.600000,15.9500,16.6500,15.9000,16.6300,15.9700,211038123,3452096800.0000,3,1.414201,1,4.132700,6.426102,1.212808,2.300575,8.524284,0
2015-10-08,sh.600000,16.8000,16.8000,15.8300,15.8700,16.6300,140057148,2277284656.0000,3,0.938546,1,-4.570100,6.132426,1.157382,2.195437,8.134720,0
2015-10-09,sh.600000,15.9700,16.1500,15.8500,15.9000,15.8700,41525835,663144752.0000,3,0.278271,1,0.189000,6.144018,1.159570,2.199588,8.150097,0
2015-10-12,sh.600000,15.9000,16.2500,15.7300,16.0600,15.9000,93633306,1497165792.0000,3,0.627452,1,1.006300,6.205845,1.171239,2.221722,8.232111,0
2015-10-13,sh.600000,15.9800,16.1100,15.8500,15.9700,16.0600,54698799,873290848.0000,3,0.366546,1,-0.560400,6.171067,1.164675,2.209271,8.185978,0
2015-10-14,sh.600000,15.8100,16.0900,15.8100,15.9000,15.9700,44297812,706211872.0000,3,0.237478,1,-0.438300,6.144018,1.159570,2.199588,8.150097,0
2015-10-15,sh.600000,15.9000,15.9000,15.9000,15.9000,15.9000,0,0.0000,3,,0,0.000000,6.144018,1.159570,2.199588,8.150097,0
2015-10-16,sh.600000,15.9000,15.9000,15.9000,15.9000,15.9000,0,0.0000,3,,0,0.000000,6.144018,1.159570,2.199588,8.150097,0
2015-10-19,sh.600000,15.9000,15.9000,15.9000,15.9000,15.9000,0,0.0000,3,,0,0.000000,6.144018,1.159570,2.199588,8.150097,0
2015-10-20,sh.600000,15.9000,15.9000,15.9000,15.9000,15.9000,0,0.0000,3,,0,0.000000,6.144018,1.159570,2.199588,8.150097,0
2015-10-21,sh.600000,15.9000,15.9000,15.9000,15.9000,15.9000,0,0.0000,3,,0,0.000000,6.144018,1.159570,2.199588,8.150097,0
2015-10-22,sh.600000,15.9000,15.9000,15.9000,15.9000,15.9000,0,0.0000,3,,0,0.000000,6.144018,1.159570,2.199588,8.150097,0
2015-10-23,sh.600000,15.9000,15.9000,15.9000,15.9000,15.9000,0,0.0000,3,,0,0.000000,6.144018,1.159570,2.199588,8.150097,0
2015-10-26,sh.600000,16.0300,16.5700,16.0300,16.2800,15.9000,101041055,1648965008.0000,3,0.541674,1,2.389900,6.290856,1.187283,2.252156,8.344880,0
2015-10-27,sh.600000,16.2300,16.4500,16.1500,16.3200,16.2800,74933996,1223267248.0000,3,0.401716,1,0.245700,6.306313,1.190200,2.257690,8.365383,0
2015-10-28,sh.600000,16.2600,16.5400,16.0900,16.3100,16.3200,74226285,1217460768.0000,3,0.397922,1,-0.061300,6.302449,1.189471,2.256307,8.360257,0
2015-10-29,sh.600000,16.3000,16.6300,16.2300,16.5900,16.3100,75760565,1251114544.0000,3,0.406147,1,1.716700,6.410646,1.209891,2.295041,8.503781,0
2015-10-30,sh.600000,16.5000,16.6800,16.3800,16.3900,16.5900,45465414,750144864.0000,3,0.243737,1,-1.205600,6.190253,1.130890,2.152425,1.586767,0
2015-11-02,sh.600000,16.3000,16.5200,16.2200,16.4100,16.3900,38122791,625014480.0000,3,0.204374,1,0.122000,6.197807,1.132270,2.155051,1.588704,0
2015-11-03,sh.600000,16.4000,16.7700,16.3700,16.4600,16.4100,60485065,1005503936.0000,3,0.324256,1,0.304700,6.216691,1.135720,2.161617,1.593544,0
2015-11-04,sh.600000,16.4300,16.9200,16.4300,16.8400,16.4600,65053992,1086409872.0000,3,0.348750,1,2.308600,6.360211,1.161939,2.211521,1.630333,0
2015-11-05,sh.600000,16.8500,18.0700,16.7500,17.7100,16.8400,231799691,4077390384.0000,3,1.242662,1,5.166300,6.688797,1.221968,2.325774,1.714561,0
2015-11-06,sh.600000,17.5200,18.1800,17.5100,17.8800,17.7100,127594225,2277276144.0000,3,0.684024,1,0.959900,6.753003,1.233698,2.348100,1.731019,0
2015-11-09,sh.600000,17.9200,19.1900,17.8800,18.1500,17.8800,157820058,2925510320.0000,3,0.846063,1,1.510100,6.854978,1.252328,2.383557,1.757158,0
2015-11-10,sh.600000,18.0000,18.6900,17.8200,18.3700,18.1500,140427138,2575229760.0000,3,0.752820,1,1.212100,6.938069,1.267507,2.412449,1.778457,0
2015-11-11,sh.600000,18.4100,18.4900,17.5000,17.7300,18.3700,92130221,1643831040.0000,3,0.493904,1,-3.483900,6.696350,1.223348,2.328401,1.716497,0
2015-11-12,sh.600000,17.8000,17.8300,17.1500,17.3600,17.7300,77790159,1353612960.0000,3,0.417028,1,-2.086900,6.556607,1.197819,2.279810,1.680676,0
2015-11-13,sh.600000,17.2000,17.6000,17.1500,17.5800,17.3600,73433156,1283306208.0000,3,0.393670,1,1.267300,6.639698,1.212998,2.308702,1.701975,0
2015-11-16,sh.600000,17.3400,17.5800,17.2000,17.4200,17.5800,45144666,785563824.0000,3,0.242018,1,-0.910100,6.579268,1.201959,2.287690,1.686485,0
2015-11-17,sh.600000,17.4600,17.8100,17.4200,17.4400,17.4200,63539278,1119712544.0000,3,0.340630,1,0.114800,6.586822,1.203338,2.290316,1.688421,0
2015-11-18,sh.600000,17.4700,17.6800,17.2400,17.3900,17.4400,57584578,1003785440.0000,3,0.308707,1,-0.286700,6.567938,1.199889,2.283750,1.683580,0
2015-11-19,sh.600000,17.3000,17.9900,17.3000,17.9000,17.3900,102543449,1821483168.0000,3,0.549729,1,2.932700,6.760557,1.235078,2.350726,1.732955,0
2015-11-20,sh.600000,17.8100,18.6300,17.7800,18.4700,17.9000,148206210,2733449296.0000,3,0.794523,1,3.184400,6.975837,1.274407,2.425582,1.788139,0
2015-11-23,sh.600000,18.5100,19.1300,18.4400,19.0600,18.4700,171203791,3235638656.0000,3,0.917812,1,3.194400,7.198671,1.315116,2.503064,1.845258,0
2015-11-24,sh.600000,18.9000,19.1200,18.5900,19.0500,19.0600,129389144,2437634480.0000,3,0.693646,1,-0.052500,7.194894,1.314426,2.501750,1.844290,0
2015-11-25,sh.600000,18.9000,19.6800,18.4400,19.6700,19.0500,326524784,6295983616.0000,3,1.750477,1,3.254600,7.429059,1.357206,2.583172,1.904314,0
2015-11-26,sh.600000,19.5000,19.7000,19.2000,19.3700,19.6700,214944239,4187889904.0000,3,1.152302,1,-1.525200,7.315753,1.336506,2.543775,1.875270,0
2015-11-27,sh.600000,19.1600,19.4200,18.4000,18.5300,19.3700,105608733,1999981232.0000,3,0.566161,1,-4.336600,6.998498,1.278547,2.433461,1.793947,0
2015-11-30,sh.600000,18.4400,18.8100,17.6000,18.6500,18.5300,97633827,1779188256.0000,3,0.523408,1,0.647600,7.043820,1.286827,2.449220,1.805565,0
2015-12-01,sh.600000,18.3500,19.0000,18.0800,18.6600,18.6500,63430576,1179526368.0000,3,0.340047,1,0.053600,7.047597,1.287517,2.450533,1.806533,0
2015-12-02,sh.600000,18.5100,20.0000,18.4800,19.8500,18.6600,153608076,2972238976.0000,3,0.823483,1,6.377300,7.497042,1.369626,2.606811,1.921741,0
2015-12-03,sh.600000,19.7000,19.7700,19.2200,19.2500,19.8500,110346329,2147606960.0000,3,0.591559,1,-3.022700,7.270431,1.328226,2.528016,1.863653,0
2015-12-04,sh.600000,19.2700,19.2700,18.6900,18.7100,19.2500,70275848,1331588240.0000,3,0.376744,1,-2.805200,7.066481,1.290967,2.457100,1.811374,0
2015-12-07,sh.600000,18.7100,19.5000,18.7100,19.4500,18.7100,83346816,1592198368.0000,3,0.446817,1,3.955100,7.345968,1.342026,2.554281,1.883016,0
2015-12-08,sh.600000,19.2800,20.1200,18.8100,20.1000,19.4500,239884949,4764109312.0000,3,1.286007,1,3.341900,7.591463,1.386875,2.639642,1.945944,0
2015-12-09,sh.600000,19.5800,19.5800,19.1100,19.2300,20.1000,92049465,1776578416.0000,3,0.493471,1,-4.328400,7.262877,1.326846,2.525389,1.861717,0
2015-12-10,sh.600000,19.3400,19.8800,19.1100,19.2700,19.2300,57091310,1108934592.0000,3,0.306063,1,0.208000,7.277985,1.329606,2.530642,1.865589,0
2015-12-11,sh.600000,19.0100,19.2200,18.4300,18.6000,19.2700,87066826,1630390304.0000,3,0.466759,1,-3.476900,7.024936,1.283377,2.442654,1.800724,0
2015-12-14,sh.600000,18.3100,18.6300,18.0300,18.4500,18.6000,70736958,1290712912.0000,3,0.379216,1,-0.806400,6.968283,1.273027,2.422955,1.786202,0
2015-12-15,sh.600000,18.4400,18.8200,18.1700,18.3100,18.4500,51685772,950672912.0000,3,0.277084,1,-0.758800,6.915408,1.263367,2.404570,1.772649,0
2015-12-16,sh.600000,18.3600,18.4500,18.1100,18.1800,18.3100,38700640,705621168.0000,3,0.207472,1,-0.710000,6.866308,1.254398,2.387497,1.760063,0
2015-12-17,sh.600000,18.2600,18.6100,18.2000,18.4900,18.1800,53304071,983362560.0000,3,0.285760,1,1.705200,6.983391,1.275787,2.428208,1.790075,0
2015-12-18,sh.600000,18.4900,19.8000,18.4300,18.8100,18.4900,92211924,1753311888.0000,3,0.494342,1,1.730700,7.104250,1.297867,2.470232,1.821055,0
2015-12-21,sh.600000,18.7900,19.4000,18.5400,19.1400,18.8100,82490082,1567681248.0000,3,0.442224,1,1.754400,7.228886,1.320636,2.513570,1.853003,0
2015-12-22,sh.600000,19.0100,19.2900,18.7700,18.9000,19.1400,53122744,1006796480.0000,3,0.284787,1,-1.253900,7.138242,1.304077,2.482052,1.829768,0
2015-12-23,sh.600000,18.9100,19.1300,18.6100,18.8800,18.9000,66128171,1249610544.0000,3,0.354509,1,-0.105800,7.130688,1.302697,2.479425,1.827832,0
2015-12-24,sh.600000,18.8500,19.1400,18.6700,19.0400,18.8800,57171554,1083459056.0000,3,0.306493,1,0.847500,7.191117,1.313737,2.500437,1.843322,0
2015-12-25,sh.600000,19.0200,19.4800,18.9300,19.3200,19.0400,55427897,1069153872.0000,3,0.297145,1,1.470600,7.296869,1.333056,2.537208,1.870430,0
2015-12-28,sh.600000,19.3700,19.4300,18.6200,18.7000,19.3200,49980698,945164688.0000,3,0.267943,1,-3.209100,7.062705,1.290277,2.455787,1.810406,0
2015-12-29,sh.600000,18.6300,18.9200,18.3900,18.7400,18.7000,47288465,883333856.0000,3,0.253510,1,0.213900,7.077812,1.293037,2.461040,1.814278,0
2015-12-30,sh.600000,18.7100,18.7800,18.3100,18.5700,18.7400,35687385,660326976.0000,3,0.191318,1,-0.907200,7.013606,1.281307,2.438714,1.797820,0
2015-12-31,sh.600000,18.5200,18.5200,18.2600,18.2700,18.5700,27936138,513758896.0000,3,0.149764,1,-1.615500,6.900300,1.260607,2.399317,1.768776,0
2016-01-04,sh.600000,18.2800,18.2800,17.5500,17.8000,18.2700,42240610,754425776.0000,3,0.226449,1,-2.572500,6.722788,1.228178,2.337594,1.723274,0
2016-01-05,sh.600000,17.5100,18.0600,17.4000,17.9600,17.8000,58054793,1034181472.0000,3,0.311228,1,0.898900,6.621138,1.239218,2.286130,1.738764,0
2016-01-06,sh.600000,17.9000,18.1400,17.6900,18.1000,17.9600,46772653,838667392.0000,3,0.250745,1,0.779500,6.672751,1.248878,2.303951,1.752318,0
2016-01-07,sh.600000,17.8000,17.9000,17.4000,17.5100,18.1000,11350479,199502702.0000,3,0.060849,1,-3.259700,6.455241,1.208168,2.228849,1.695198,0
2016-01-08,sh.600000,17.7400,17.8800,16.9100,17.4900,17.5100,71918296,1262105056.0000,3,0.385549,1,-0.114200,6.447868,1.206788,2.226304,1.693262,0
2016-01-11,sh.600000,17.2100,17.4500,16.9600,17.0500,17.4900,90177135,1550155936.0000,3,0.483434,1,-2.515700,6.285657,1.176429,2.170296,1.650664,0
2016-01-12,sh.600000,17.1700,17.5200,17.0800,17.4500,17.0500,55374454,964061504.0000,3,0.296859,1,2.346100,6.433121,1.204028,2.221212,1.689389,0
2016-01-13,sh.600000,17.5700,17.9000,17.3500,17.3900,17.4500,47869312,843717360.0000,3,0.256624,1,-0.343800,6.411002,1.199889,2.213575,1.683580,0
2016-01-14,sh.600000,17.0000,17.9900,16.8900,17.9200,17.3900,54838833,966117856.0000,3,0.293987,1,3.047700,6.606392,1.236458,2.281038,1.734891,0
2016-01-15,sh.600000,17.8000,18.1500,17.5200,17.5800,17.9200,46723139,836146432.0000,3,0.250480,1,-1.897300,6.481047,1.212998,2.237760,1.701975,0
2016-01-18,sh.600000,17.4300,17.9900,17.3200,17.6800,17.5800,32729006,583291552.0000,3,0.175458,1,0.568800,6.517913,1.219898,2.250489,1.711656,0
2016-01-19,sh.600000,17.7800,17.8800,17.5000,17.7700,17.6800,29807159,527753168.0000,3,0.159794,1,0.509100,6.551093,1.226108,2.261945,1.720369,0
2016-01-20,sh.600000,17.6100,17.7000,17.0800,17.2500,17.7700,35968636,623546928.0000,3,0.192825,1,-2.926300,6.359389,1.190229,2.195754,1.670027,0
2016-01-21,sh.600000,17.2200,17.4600,16.5000,16.5800,17.2500,34197115,582845472.0000,3,0.183328,1,-3.884100,6.112387,1.144000,2.110470,1.605162,0
2016-01-22,sh.600000,16.8400,17.1100,16.4900,17.0200,16.5800,42007318,708179248.0000,3,0.225198,1,2.653800,6.274597,1.174359,2.166477,1.647760,0
2016-01-25,sh.600000,17.0000,17.1700,16.7200,17.0300,17.0200,23558971,400445072.0000,3,0.126298,1,0.058800,6.278284,1.175049,2.167750,1.648728,0
2016-01-26,sh.600000,16.9600,17.1400,16.4000,16.6600,17.0300,38279766,643611760.0000,3,0.205215,1,-2.172600,6.141880,1.149519,2.120653,1.612907,0
2016-01-27,sh.600000,16.7500,16.9800,16.5100,16.6800,16.6600,44291307,742640736.0000,3,0.237443,1,0.120100,6.149253,1.150899,2.123199,1.614843,0
2016-01-28,sh.600000,16.7600,16.8200,15.8800,16.5800,16.6800,38902180,643984176.0000,3,0.208552,1,-0.599500,6.112387,1.144000,2.110470,1.605162,0
2016-01-29,sh.600000,16.5200,17.0500,16.4100,16.9000,16.5800,47429000,799493376.0000,3,0.254264,1,1.930000,6.230358,1.166079,2.151202,1.636142,0
2016-02-01,sh.600000,16.9900,17.0000,16.4100,16.5000,16.9000,29139596,485275136.0000,3,0.156215,1,-2.366900,6.082894,1.138480,2.100286,1.597417,0
2016-02-02,sh.600000,16.5000,16.9400,16.4600,16.7600,16.5000,25380981,425396896.0000,3,0.136066,1,1.575800,6.178746,1.156419,2.133382,1.622588,0
2016-02-03,sh.600000,16.6000,16.6600,16.4500,16.6100,16.7600,27779183,459255616.0000,3,0.148922,1,-0.895000,6.123447,1.146070,2.114288,1.608066,0
2016-02-04,sh.600000,16.8400,17.3200,16.6300,17.3000,16.6100,47162860,799283792.0000,3,0.252837,1,4.154100,6.377822,1.193679,2.202119,1.674867,0
2016-02-05,sh.600000,17.2400,18.3900,17.1500,18.3800,17.3000,78413454,1401156048.0000,3,0.420369,1,6.242800,6.775975,1.268197,2.339592,1.779425,0
2016-02-15,sh.600000,17.9800,18.4800,17.8000,18.4500,18.3800,67296317,1221398336.0000,3,0.360771,1,0.380900,6.801782,1.273027,2.348502,1.786202,0
2016-02-16,sh.600000,18.4500,18.4500,18.4500,18.4500,18.4500,0,0.0000,3,,0,0.000000,6.801782,1.273027,2.348502,1.786202,0
2016-02-17,sh.600000,18.4500,18.4500,18.4500,18.4500,18.4500,0,0.0000,3,,0,0.000000,6.801782,1.273027,2.348502,1.786202,0
2016-02-18,sh.600000,18.4500,18.4500,18.4500,18.4500,18.4500,0,0.0000,3,,0,0.000000,6.801782,1.273027,2.348502,1.786202,0
2016-02-19,sh.600000,18.4500,18.4500,18.4500,18.4500,18.4500,0,0.0000,3,,0,0.000000,6.801782,1.273027,2.348502,1.786202,0
2016-02-22,sh.600000,18.4500,18.4500,18.4500,18.4500,18.4500,0,0.0000,3,,0,0.000000,6.801782,1.273027,2.348502,1.786202,0
2016-02-23,sh.600000,18.4500,18.4500,18.4500,18.4500,18.4500,0,0.0000,3,,0,0.000000,6.801782,1.273027,2.348502,1.786202,0
2016-02-24,sh.600000,18.4500,18.4500,18.4500,18.4500,18.4500,0,0.0000,3,,0,0.000000,6.801782,1.273027,2.348502,1.786202,0
2016-02-25,sh.600000,18.4500,18.4500,18.4500,18.4500,18.4500,0,0.0000,3,,0,0.000000,6.801782,1.273027,2.348502,1.786202,0
2016-02-26,sh.600000,18.4500,18.4500,18.4500,18.4500,18.4500,0,0.0000,3,,0,0.000000,6.801782,1.273027,2.348502,1.786202,0
2016-02-29,sh.600000,18.4500,18.4500,18.4500,18.4500,18.4500,0,0.0000,3,,0,0.000000,6.801782,1.273027,2.348502,1.786202,0
2016-03-01,sh.600000,18.4500,18.4500,18.4500,18.4500,18.4500,0,0.0000,3,,0,0.000000,6.801782,1.273027,2.348502,1.786202,0
2016-03-02,sh.600000,18.4500,18.4500,18.4500,18.4500,18.4500,0,0.0000,3,,0,0.000000,6.801782,1.273027,2.348502,1.786202,0
2016-03-03,sh.600000,18.4500,18.4500,18.4500,18.4500,18.4500,0,0.0000,3,,0,0.000000,6.801782,1.273027,2.348502,1.786202,0
2016-03-04,sh.600000,18.4500,18.4500,18.4500,18.4500,18.4500,0,0.0000,3,,0,0.000000,6.801782,1.273027,2.348502,1.786202,0
2016-03-07,sh.600000,18.4500,18.4500,18.4500,18.4500,18.4500,0,0.0000,3,,0,0.000000,6.801782,1.273027,2.348502,1.786202,0
2016-03-08,sh.600000,18.4500,18.4500,18.4500,18.4500,18.4500,0,0.0000,3,,0,0.000000,6.801782,1.273027,2.348502,1.786202,0
2016-03-09,sh.600000,18.4500,18.4500,18.4500,18.4500,18.4500,0,0.0000,3,,0,0.000000,6.801782,1.273027,2.348502,1.786202,0
2016-03-10,sh.600000,18.4500,18.4500,18.4500,18.4500,18.4500,0,0.0000,3,,0,0.000000,6.801782,1.273027,2.348502,1.786202,0
2016-03-11,sh.600000,17.5100,17.5300,16.6100,16.9700,18.4500,98240322,1657158640.0000,3,0.526660,1,-8.021700,6.256164,1.170909,2.160113,1.642919,0
2016-03-14,sh.600000,16.8800,17.4700,16.8200,16.8600,16.9700,56922239,973317376.0000,3,0.305156,1,-0.648200,6.215612,1.163319,2.146111,1.632270,0
2016-03-15,sh.600000,16.9500,17.1900,16.8100,17.0200,16.8600,37540932,638223056.0000,3,0.201254,1,0.949000,6.274597,1.174359,2.166477,1.647760,0
2016-03-16,sh.600000,16.9200,18.0700,16.9100,18.0300,17.0200,108404378,1924212608.0000,3,0.581149,1,5.934200,6.646944,1.244048,2.295040,1.745541,0
2016-03-17,sh.600000,17.8100,18.1900,17.4500,17.7000,18.0300,68635812,1219236352.0000,3,0.367952,1,-1.830300,6.525286,1.221278,2.253035,1.713593,0
2016-03-18,sh.600000,17.7900,18.0000,17.6500,17.8400,17.7000,55987968,996332592.0000,3,0.300148,1,0.791000,6.929309,1.296895,2.392535,1.819692,0
2016-03-21,sh.600000,17.7800,18.2500,17.7800,18.0600,17.8400,42001532,756966800.0000,3,0.225167,1,1.233200,7.014760,1.312889,2.422039,1.842132,0
2016-03-22,sh.600000,18.0900,18.6300,18.0200,18.1500,18.0600,43760811,800814896.0000,3,0.234599,1,0.498300,7.049718,1.319431,2.434109,1.851312,0
2016-03-23,sh.600000,18.1600,18.3500,18.0600,18.1300,18.1500,27830795,506023216.0000,3,0.149199,1,-0.110200,7.041949,1.317977,2.431427,1.849272,0
2016-03-24,sh.600000,18.1100,18.1100,17.6800,17.7200,18.1300,27448272,488313664.0000,3,0.147148,1,-2.261400,6.882700,1.288172,2.376441,1.807452,0
2016-03-25,sh.600000,17.7200,17.8700,17.6800,17.7400,17.7200,13619185,241971869.0000,3,0.073012,1,0.112900,6.890468,1.289626,2.379124,1.809492,0
2016-03-28,sh.600000,17.7800,18.0000,17.3700,17.4500,17.7400,24521696,433449200.0000,3,0.131459,1,-1.634700,6.777828,1.268544,2.340231,1.779912,0
2016-03-29,sh.600000,17.5300,17.6600,17.3700,17.4500,17.4500,19151152,335806208.0000,3,0.102668,1,0.000000,6.777828,1.268544,2.340231,1.779912,0
2016-03-30,sh.600000,17.6500,17.9500,17.6500,17.8700,17.4500,35562148,634175200.0000,3,0.190646,1,2.406900,6.940962,1.299076,2.396558,1.822752,0
2016-03-31,sh.600000,17.9800,18.0800,17.7200,17.9300,17.8700,23762112,425380432.0000,3,0.127387,1,0.335800,6.964267,1.303438,2.404605,1.828872,0
2016-04-01,sh.600000,17.9800,18.2500,17.6100,18.1800,17.9300,35790541,643979472.0000,3,0.191871,1,1.394300,7.061370,1.321612,2.438132,1.854372,0
2016-04-05,sh.600000,17.9400,18.2900,17.7600,18.1700,18.1800,42622297,768010128.0000,3,0.228495,1,-0.055000,7.057486,1.320885,2.436791,1.853352,0
2016-04-06,sh.600000,18.0300,18.1400,17.8700,17.9600,18.1700,23428724,421234848.0000,3,0.125600,1,-1.155800,6.975919,1.305619,2.408628,1.831932,0
2016-04-07,sh.600000,17.9500,18.0000,17.6300,17.6900,17.9600,29047713,516129856.0000,3,0.155723,1,-1.503300,6.870233,1.218795,2.372305,4.580336,0
2016-04-08,sh.600000,17.5600,17.7600,17.5300,17.6000,17.6900,17132244,301704528.0000,3,0.091845,1,-0.508800,6.835279,1.212594,2.360235,4.557033,0
2016-04-11,sh.600000,17.6000,17.8200,17.5500,17.6700,17.6000,24117635,426862384.0000,3,0.129293,1,0.397700,6.862465,1.217417,2.369623,4.575158,0
2016-04-12,sh.600000,17.6900,17.7000,17.5300,17.6200,17.6700,14100759,248002295.0000,3,0.075593,1,-0.283000,6.843047,1.213972,2.362917,4.562211,0
2016-04-13,sh.600000,17.7300,17.9900,17.6900,17.7400,17.6200,35189716,627667712.0000,3,0.188650,1,0.681000,6.889651,1.222240,2.379010,4.593282,0
2016-04-14,sh.600000,17.9000,18.0100,17.7500,17.8000,17.7400,15796208,281977248.0000,3,0.084682,1,0.338200,6.912953,1.226374,2.387056,4.608818,0
2016-04-15,sh.600000,17.9500,18.0600,17.8000,17.8900,17.8000,34773526,623836224.0000,3,0.186419,1,0.505600,6.947906,1.232574,2.399126,4.632121,0
2016-04-18,sh.600000,17.7500,18.0300,17.6600,17.8100,17.8900,28084133,501790672.0000,3,0.150557,1,-0.447200,6.916837,1.227063,2.388397,4.611407,0
2016-04-19,sh.600000,17.9500,17.9800,17.7800,17.9000,17.8100,27246371,487095920.0000,3,0.146066,1,0.505300,6.951790,1.233263,2.400467,4.634710,0
2016-04-20,sh.600000,17.8900,17.9900,17.3100,17.9600,17.9000,46614611,825437840.0000,3,0.249898,1,0.335200,6.975092,1.237397,2.408513,4.650245,0
2016-04-21,sh.600000,17.8200,18.3500,17.7500,18.1200,17.9600,48212915,872382608.0000,3,0.258466,1,0.890900,7.037231,1.248421,2.429969,4.691673,0
2016-04-22,sh.600000,18.0000,18.3600,17.9400,18.2400,18.1200,28178162,513194656.0000,3,0.151061,1,0.662200,7.083835,1.256688,2.446062,4.722743,0
2016-04-25,sh.600000,18.1500,18.1600,17.8200,17.8800,18.2400,24294360,435467856.0000,3,0.130240,1,-1.973700,6.944022,1.231885,2.397784,4.629531,0
2016-04-26,sh.600000,17.8700,18.0800,17.7500,17.9200,17.8800,15739400,281501392.0000,3,0.084378,1,0.223700,6.959557,1.234641,2.403149,4.639888,0
2016-04-27,sh.600000,17.9700,17.9700,17.8000,17.8600,17.9200,13838875,247622905.0000,3,0.074189,1,-0.334800,6.936255,1.230507,2.395102,4.624353,0
2016-04-28,sh.600000,17.9300,18.1000,17.8300,17.9000,17.8600,15728417,282201360.0000,3,0.084319,1,0.224000,6.951790,1.233263,2.400467,4.634710,0
2016-04-29,sh.600000,17.8300,17.9400,17.7500,17.8300,17.9000,23065933,412460992.0000,3,0.123655,1,-0.391100,6.924604,1.228441,2.391079,4.616585,0
2016-05-03,sh.600000,17.9500,18.2400,17.8300,18.1200,17.8300,27776723,501830128.0000,3,0.148909,1,1.626500,6.677267,1.135199,2.286434,3.972913,0
2016-05-04,sh.600000,18.0600,18.2300,18.0200,18.0800,18.1200,23118959,418592992.0000,3,0.123939,1,-0.220800,6.662527,1.132693,2.281386,3.964142,0
2016-05-05,sh.600000,18.0600,18.1200,17.9800,18.0600,18.0800,14936632,269576080.0000,3,0.080074,1,-0.110600,6.655157,1.131440,2.278863,3.959757,0
2016-05-06,sh.600000,18.0700,18.1000,17.7100,17.7300,18.0600,23406763,418454832.0000,3,0.125482,1,-1.827200,6.533551,1.110766,2.237222,3.887403,0
2016-05-09,sh.600000,17.7100,17.8000,17.4000,17.5100,17.7300,21947591,386423424.0000,3,0.117660,1,-1.240800,6.452481,1.096983,2.209462,3.839167,0
2016-05-10,sh.600000,17.3800,17.5600,17.3800,17.4800,17.5100,16846648,294675472.0000,3,0.090314,1,-0.171300,6.441426,1.095104,2.205677,3.832589,0
2016-05-11,sh.600000,17.5500,17.5700,17.4000,17.4500,17.4800,11941164,208655785.0000,3,0.064016,1,-0.171600,6.430371,1.093225,2.201891,3.826011,0
2016-05-12,sh.600000,17.4300,17.5000,17.2000,17.4100,17.4500,14668954,254410730.0000,3,0.078639,1,-0.229200,6.415631,1.090719,2.196844,3.817241,0
2016-05-13,sh.600000,17.3700,17.4600,17.2200,17.2400,17.4100,11013829,190929402.0000,3,0.059044,1,-0.976500,6.352985,1.080068,2.175393,3.779968,0
2016-05-16,sh.600000,17.2300,17.3500,17.2100,17.2900,17.2400,11045624,190872655.0000,3,0.059215,1,0.290000,6.371410,1.083201,2.181702,3.790930,0
2016-05-17,sh.600000,17.2900,17.3400,17.1600,17.2500,17.2900,9765153,168387277.0000,3,0.052350,1,-0.231400,6.356670,1.080695,2.176654,3.782160,0
2016-05-18,sh.600000,17.2500,17.6200,17.0200,17.5600,17.2500,30962453,536935472.0000,3,0.165988,1,1.797100,6.470906,1.100116,2.215771,3.850130,0
2016-05-19,sh.600000,17.4400,17.4900,17.3300,17.3500,17.5600,10380826,180686332.0000,3,0.055651,1,-1.195900,6.393520,1.086960,2.189273,3.804086,0
2016-05-20,sh.600000,17.3100,17.5000,17.2700,17.4500,17.3500,11140621,194223009.0000,3,0.059724,1,0.576400,6.430371,1.093225,2.201891,3.826011,0
2016-05-23,sh.600000,17.5000,17.6800,17.4400,17.5500,17.4500,14080659,247441303.0000,3,0.075485,1,0.573100,6.467221,1.099489,2.214509,3.847937,0
2016-05-24,sh.600000,17.4800,17.6000,17.4300,17.5500,17.5500,10725938,187905438.0000,3,0.057501,1,0.000000,6.467221,1.099489,2.214509,3.847937,0
2016-05-25,sh.600000,17.6800,17.7300,17.6000,17.6700,17.5500,13766238,243549455.0000,3,0.073800,1,0.683800,6.511441,1.107007,2.229651,3.874248,0
2016-05-26,sh.600000,17.6500,17.8600,17.6500,17.7000,17.6700,11065062,196266938.0000,3,0.059319,1,0.169800,6.522496,1.108887,2.233437,3.880825,0
2016-05-27,sh.600000,17.6900,17.7700,17.6300,17.7400,17.7000,11621242,205801175.0000,3,0.062301,1,0.226000,6.537236,1.111393,2.238484,3.889596,0
2016-05-30,sh.600000,17.8400,17.9700,17.6800,17.9500,17.7400,17538184,313324800.0000,3,0.094021,1,1.183800,6.614622,1.124549,2.264982,3.935639,0
2016-05-31,sh.600000,17.9300,18.4000,17.9200,18.2900,17.9500,35631526,650177328.0000,3,0.191018,1,1.894200,6.739913,1.145850,2.307885,4.010186,0
2016-06-01,sh.600000,18.3000,18.3500,18.1300,18.1900,18.2900,18312424,333790688.0000,3,0.098172,1,-0.546700,6.703063,1.139585,2.295266,3.988261,0
2016-06-02,sh.600000,18.2000,18.3000,17.9300,18.0200,18.1900,17786525,321768768.0000,3,0.095352,1,-0.934600,6.640417,1.128934,2.273815,3.950987,0
2016-06-03,sh.600000,18.1200,18.1300,17.9000,18.0100,18.0200,18003512,323746000.0000,3,0.096516,1,-0.055500,6.636732,1.128308,2.272553,3.948795,0
2016-06-06,sh.600000,18.0500,18.1100,17.9700,18.0200,18.0100,17856247,321865760.0000,3,0.095726,1,0.055500,6.640417,1.128934,2.273815,3.950987,0
2016-06-07,sh.600000,18.1000,18.1300,17.9700,18.0200,18.0200,16533983,298145360.0000,3,0.088638,1,0.000000,6.640417,1.128934,2.273815,3.950987,0
2016-06-08,sh.600000,18.0100,18.0700,17.9700,17.9900,18.0200,23758300,427741584.0000,3,0.127367,1,-0.166500,6.629362,1.127055,2.270030,3.944409,0
2016-06-13,sh.600000,17.8600,17.9400,17.7700,17.7800,17.9900,30051583,536281152.0000,3,0.161105,1,-1.167300,6.551977,1.113899,2.243531,3.898366,0
2016-06-14,sh.600000,17.7700,17.8300,17.7000,17.7900,17.7800,18773357,333449712.0000,3,0.100643,1,0.056200,6.555662,1.114525,2.244793,3.900558,0
2016-06-15,sh.600000,17.6100,17.7600,17.5500,17.7400,17.7900,26332177,464557376.0000,3,0.141165,1,-0.281100,6.537236,1.111393,2.238484,3.889596,0
2016-06-16,sh.600000,17.6700,17.9300,17.6000,17.8000,17.7400,30871127,549171216.0000,3,0.165498,1,0.338200,6.559347,1.115152,2.246055,3.902751,0
2016-06-17,sh.600000,17.7500,17.9900,17.7400,17.7700,17.8000,17412233,311113072.0000,3,0.093346,1,-0.168500,6.548292,1.113272,2.242270,3.896173,0
2016-06-20,sh.600000,17.9300,17.9300,17.7500,17.8500,17.7700,9681495,172507202.0000,3,0.051902,1,0.450200,6.577772,1.118284,2.252364,3.913714,0
2016-06-21,sh.600000,17.8800,17.9500,17.7500,17.7800,17.8500,15852873,282663680.0000,3,0.084986,1,-0.392200,6.551977,1.113899,2.243531,3.898366,0
2016-06-22,sh.600000,17.8000,17.9000,17.7800,17.8900,17.7800,14227501,253800359.0000,3,0.076273,1,0.618700,6.592512,1.120790,2.257412,3.922484,0
2016-06-23,sh.600000,15.9000,15.9000,15.7100,15.7200,15.8000,12882295,203560849.0000,3,0.062783,1,-0.506300,6.372147,1.083326,2.181954,3.791369,0
2016-06-24,sh.600000,15.7000,15.7900,15.0800,15.2800,15.7200,30575522,470756352.0000,3,0.149012,1,-2.799000,6.193792,1.053004,2.120882,3.685249,0
2016-06-27,sh.600000,15.2900,15.3900,15.1800,15.3100,15.2800,19163499,292488224.0000,3,0.093395,1,0.196300,6.205953,1.055071,2.125046,3.692485,0
2016-06-28,sh.600000,15.2700,15.3000,15.1800,15.2800,15.3100,12559826,191346962.0000,3,0.061211,1,-0.196000,6.193792,1.053004,2.120882,3.685249,0
2016-06-29,sh.600000,15.2900,15.5400,15.2800,15.5000,15.2800,21253351,326320208.0000,3,0.103580,1,1.439800,6.282970,1.068165,2.151418,3.738309,0
2016-06-30,sh.600000,15.5000,15.6600,15.4400,15.5700,15.5000,20735886,323223552.0000,3,0.101058,1,0.451600,6.311344,1.072989,2.161134,3.755192,0
2016-07-01,sh.600000,15.5700,15.9600,15.5400,15.9200,15.5700,25106479,394802032.0000,3,0.122358,1,2.247900,6.453218,1.097109,2.209714,3.839605,0
2016-07-04,sh.600000,15.8600,16.0300,15.8000,15.9300,15.9200,21411650,341120784.0000,3,0.104351,1,0.062800,6.457271,1.097798,2.211102,3.842017,0
2016-07-05,sh.600000,15.9400,15.9500,15.7500,15.7900,15.9300,16171615,255727223.0000,3,0.078814,1,-0.878800,6.400522,1.088150,2.191670,3.808252,0
2016-07-06,sh.600000,15.7100,15.7600,15.6100,15.6400,15.7900,22976510,360070176.0000,3,0.111978,1,-0.950000,6.339719,1.077813,2.170850,3.772075,0
2016-07-07,sh.600000,15.6300,15.6400,15.4500,15.5700,15.6400,24498042,380536336.0000,3,0.119393,1,-0.447600,6.311344,1.072989,2.161134,3.755192,0
2016-07-08,sh.600000,15.5500,15.5600,15.4400,15.4500,15.5700,14901331,230568191.0000,3,0.072623,1,-0.770700,6.262702,1.064719,2.144478,3.726250,0
2016-07-11,sh.600000,15.5600,15.5700,15.4000,15.4300,15.4500,22852491,354003568.0000,3,0.111373,1,-0.129400,6.254595,1.063341,2.141702,3.721426,0
2016-07-12,sh.600000,15.4800,15.6500,15.4500,15.6400,15.4300,25545130,397267008.0000,3,0.124496,1,1.361000,6.339719,1.077813,2.170850,3.772075,0
2016-07-13,sh.600000,15.6500,15.9700,15.6400,15.7900,15.6400,36238056,573546768.0000,3,0.176609,1,0.959100,6.400522,1.088150,2.191670,3.808252,0
2016-07-14,sh.600000,15.7700,15.8400,15.6400,15.7000,15.7900,16883421,265364888.0000,3,0.082283,1,-0.570000,6.364040,1.081948,2.179178,3.786545,0
2016-07-15,sh.600000,15.7100,15.7500,15.6500,15.7100,15.7000,15998100,251152944.0000,3,0.077968,1,0.063700,6.368094,1.082637,2.180566,3.788957,0
2016-07-18,sh.600000,15.7300,15.9100,15.6600,15.7700,15.7100,27766982,438169696.0000,3,0.135324,1,0.381900,6.392415,1.086772,2.188894,3.803428,0
2016-07-19,sh.600000,15.7700,15.8000,15.6500,15.7300,15.7700,17179816,269908288.0000,3,0.083727,1,-0.253700,6.376201,1.084015,2.183342,3.793781,0
2016-07-20,sh.600000,15.7000,15.7600,15.6300,15.7500,15.7300,14866526,233284416.0000,3,0.072453,1,0.127100,6.384308,1.085393,2.186118,3.798604,0
2016-07-21,sh.600000,15.7400,15.8700,15.7000,15.8300,15.7500,22020445,348156592.0000,3,0.107318,1,0.507900,6.416736,1.090907,2.197222,3.817899,0
2016-07-22,sh.600000,15.8100,15.8200,15.5800,15.6300,15.8300,16711700,262066573.0000,3,0.081446,1,-1.263400,6.335666,1.077124,2.169462,3.769663,0
2016-07-25,sh.600000,15.6300,15.7600,15.6300,15.6900,15.6300,11441970,179598105.0000,3,0.055763,1,0.383900,6.359987,1.081259,2.177790,3.784134,0
2016-07-26,sh.600000,15.6900,15.7900,15.6500,15.7400,15.6900,20462397,321598672.0000,3,0.099725,1,0.318700,6.380254,1.084704,2.184730,3.796193,0
2016-07-27,sh.600000,15.7300,15.8800,15.4500,15.8700,15.7400,40697330,637937312.0000,3,0.198341,1,0.825900,6.432950,1.093663,2.202774,3.827546,0
2016-07-28,sh.600000,15.7700,15.7900,15.6500,15.6800,15.8700,17451372,274345296.0000,3,0.085051,1,-1.197200,6.355933,1.080569,2.176402,3.781722,0
2016-07-29,sh.600000,15.6500,15.7100,15.6100,15.7000,15.6800,14348301,224747562.0000,3,0.069928,1,0.127500,6.364040,1.081948,2.179178,3.786545,0
2016-08-01,sh.600000,15.6800,15.8500,15.6500,15.8000,15.7000,22909943,361191344.0000,3,0.111653,1,0.636900,6.404576,1.088839,2.193058,3.810663,0
2016-08-02,sh.600000,15.7900,15.8500,15.6800,15.7500,15.8000,10877815,171311340.0000,3,0.053014,1,-0.316500,6.384308,1.085393,2.186118,3.798604,0
2016-08-03,sh.600000,15.6400,15.7200,15.6200,15.6700,15.7500,10583990,165699514.0000,3,0.051582,1,-0.507900,6.351880,1.079880,2.175014,3.779310,0
2016-08-04,sh.600000,15.6900,15.6900,15.4900,15.5900,15.6700,15610498,243122631.0000,3,0.076079,1,-0.510500,6.319451,1.074367,2.163910,3.760015,0
2016-08-05,sh.600000,15.6000,15.8000,15.5900,15.7300,15.5900,17648517,277447200.0000,3,0.086011,1,0.898000,6.376201,1.084015,2.183342,3.793781,0
2016-08-08,sh.600000,15.7600,15.7600,15.6600,15.7400,15.7300,13129367,206333087.0000,3,0.063987,1,0.063600,6.380254,1.084704,2.184730,3.796193,0
2016-08-09,sh.600000,15.7500,15.8000,15.7100,15.7900,15.7400,15480879,243949588.0000,3,0.075447,1,0.317700,6.400522,1.088150,2.191670,3.808252,0
2016-08-10,sh.600000,15.8000,15.8500,15.7300,15.8300,15.7900,18499535,292534448.0000,3,0.090159,1,0.253300,6.416736,1.090907,2.197222,3.817899,0
2016-08-11,sh.600000,15.7500,16.4000,15.7400,16.0700,15.8300,52689421,852413104.0000,3,0.256786,1,1.516100,6.497087,1.101051,2.198478,4.877719,0
2016-08-12,sh.600000,16.1200,16.3900,16.0000,16.3600,16.0700,46991632,763634352.0000,3,0.229017,1,1.804600,6.614334,1.120920,2.238152,4.965742,0
2016-08-15,sh.600000,16.5000,17.0200,16.4500,16.9400,16.3600,77333862,1299618496.0000,3,0.376892,1,3.545200,6.848828,1.160660,2.317500,5.141789,0
2016-08-16,sh.600000,16.9400,16.9900,16.6700,16.7000,16.9400,49384036,829743472.0000,3,0.240677,1,-1.416800,6.751796,1.144216,2.284666,5.068942,0
2016-08-17,sh.600000,16.7200,16.8500,16.5200,16.6400,16.7000,36446597,606581280.0000,3,0.177625,1,-0.359300,6.727538,1.140105,2.276458,5.050730,0
2016-08-18,sh.600000,16.5500,16.7700,16.3500,16.4400,16.6400,37110139,612294416.0000,3,0.180859,1,-1.201900,6.646678,1.126402,2.249097,4.990025,0
2016-08-19,sh.600000,16.4300,16.5000,16.3600,16.4200,16.4400,19927300,327521632.0000,3,0.097117,1,-0.121700,6.638592,1.125031,2.246361,4.983954,0
2016-08-22,sh.600000,16.4200,16.4700,16.3100,16.4100,16.4200,19768630,324280096.0000,3,0.096344,1,-0.060900,6.634549,1.124346,2.244993,4.980919,0
2016-08-23,sh.600000,16.4100,16.5600,16.3200,16.4000,16.4100,31754370,521794928.0000,3,0.154757,1,-0.060900,6.630506,1.123661,2.243625,4.977883,0
2016-08-24,sh.600000,16.4100,16.5100,16.3400,16.3900,16.4000,17085424,280402640.0000,3,0.083267,1,-0.061000,6.626463,1.122976,2.242256,4.974848,0
2016-08-25,sh.600000,16.3600,16.4100,16.2000,16.3400,16.3900,24749915,403472224.0000,3,0.120621,1,-0.305100,6.606248,1.119550,2.235416,4.959672,0
2016-08-26,sh.600000,16.3600,16.4000,16.2900,16.3400,16.3400,14688056,240035889.0000,3,0.071583,1,0.000000,6.606248,1.119550,2.235416,4.959672,0
2016-08-29,sh.600000,16.3100,16.3700,16.0800,16.2300,16.3400,30202023,489414016.0000,3,0.147192,1,-0.673200,6.561775,1.112013,2.220367,4.926283,0
2016-08-30,sh.600000,16.2400,16.4900,16.2400,16.4000,16.2300,36396993,597418080.0000,3,0.177383,1,1.047400,6.630506,1.123661,2.243625,4.977883,0
2016-08-31,sh.600000,16.3500,16.5600,16.3200,16.4800,16.4000,22003438,362526032.0000,3,0.107235,1,0.487800,6.662850,1.129142,2.254569,5.002166,0
2016-09-01,sh.600000,16.4800,16.5500,16.3800,16.4100,16.4800,21272047,349934544.0000,3,0.103671,1,-0.424800,6.634549,1.124346,2.244993,4.980919,0
2016-09-02,sh.600000,16.3800,16.5000,16.3500,16.4800,16.4100,23147001,380418560.0000,3,0.112809,1,0.426600,6.662850,1.129142,2.254569,5.002166,0
2016-09-05,sh.600000,16.4900,16.5800,16.4200,16.4900,16.4800,25677035,423399296.0000,3,0.125139,1,0.060681,6.666893,1.129828,2.255937,5.005201,0
2016-09-06,sh.600000,16.4900,16.5300,16.3700,16.4100,16.4900,20282647,333206432.0000,3,0.098849,1,-0.485142,6.634549,1.124346,2.244993,4.980919,0
2016-09-07,sh.600000,16.4100,16.5000,16.3500,16.4800,16.4100,17975558,295519904.0000,3,0.087605,1,0.426567,6.662850,1.129142,2.254569,5.002166,0
2016-09-08,sh.600000,16.4700,16.6100,16.4300,16.6000,16.4800,24406900,403801792.0000,3,0.118949,1,0.728160,6.711366,1.137364,2.270986,5.038589,0
2016-09-09,sh.600000,16.6200,16.6600,16.5000,16.5600,16.6000,18739471,310623904.0000,3,0.091328,1,-0.240969,6.695194,1.134624,2.265514,5.026448,0
2016-09-12,sh.600000,16.3800,16.4700,16.2600,16.4000,16.5600,36509177,597895472.0000,3,0.177930,1,-0.966183,6.630506,1.123661,2.243625,4.977883,0
2016-09-13,sh.600000,16.4000,16.4600,16.3900,16.4500,16.4000,14234378,233969071.0000,3,0.069372,1,0.304885,6.650721,1.127087,2.250465,4.993060,0
2016-09-14,sh.600000,16.4300,16.4800,16.3800,16.4000,16.4500,23981413,393967824.0000,3,0.116875,1,-0.303958,6.630506,1.123661,2.243625,4.977883,0
2016-09-19,sh.600000,16.4500,16.5100,16.4200,16.4600,16.4000,14465955,238091122.0000,3,0.070501,1,0.365850,6.654764,1.127772,2.251833,4.996095,0
2016-09-20,sh.600000,16.4700,16.4800,16.4200,16.4600,16.4600,17396811,286078656.0000,3,0.084785,1,0.000000,6.654764,1.127772,2.251833,4.996095,0
2016-09-21,sh.600000,16.4700,16.5100,16.4300,16.4500,16.4600,9416102,154918234.0000,3,0.045890,1,-0.060743,6.650721,1.127087,2.250465,4.993060,0
2016-09-22,sh.600000,16.4900,16.5900,16.4700,16.5300,16.4500,11527832,190442429.0000,3,0.056182,1,0.486322,6.683065,1.132568,2.261409,5.017342,0
2016-09-23,sh.600000,16.5500,16.5500,16.4800,16.4800,16.5300,10200460,168270146.0000,3,0.049713,1,-0.302487,6.662850,1.129142,2.254569,5.002166,0
2016-09-26,sh.600000,16.4500,16.5700,16.4100,16.4800,16.4800,20769186,342748704.0000,3,0.101220,1,0.000000,6.662850,1.129142,2.254569,5.002166,0
2016-09-27,sh.600000,16.4200,16.5200,16.4200,16.4800,16.4800,17025470,280852912.0000,3,0.082975,1,0.000000,6.662850,1.129142,2.254569,5.002166,0
2016-09-28,sh.600000,16.4800,16.5300,16.4600,16.4800,16.4800,12841990,211844619.0000,3,0.062586,1,0.000000,6.662850,1.129142,2.254569,5.002166,0
2016-09-29,sh.600000,16.5200,16.5500,16.4900,16.5000,16.4800,10997408,181620111.0000,3,0.053597,1,0.121362,6.670936,1.130513,2.257305,5.008236,0
2016-09-30,sh.600000,16.5000,16.5300,16.4800,16.4900,16.5000,12190268,201085204.0000,3,0.059410,1,-0.060607,6.666893,1.129828,2.255937,5.005201,0
2016-10-10,sh.600000,16.5300,16.6000,16.4800,16.5500,16.4900,18666854,308450224.0000,3,0.090974,1,0.363854,6.691151,1.133938,2.264145,5.023413,0
2016-10-11,sh.600000,16.5700,16.5800,16.5000,16.5700,16.5500,12690366,209785537.0000,3,0.061847,1,0.120849,6.699237,1.135309,2.266882,5.029483,0
2016-10-12,sh.600000,16.5400,16.5400,16.4800,16.5100,16.5700,10643884,175594201.0000,3,0.051874,1,-0.362097,6.674979,1.131198,2.258673,5.011272,0
2016-10-13,sh.600000,16.5100,16.5200,16.4200,16.4300,16.5100,14504356,238973130.0000,3,0.070688,1,-0.484554,6.642635,1.125717,2.247729,4.986989,0
2016-10-14,sh.600000,16.4300,16.4700,16.3800,16.4600,16.4300,10660114,175020225.0000,3,0.051953,1,0.182585,6.654764,1.127772,2.251833,4.996095,0
2016-10-17,sh.600000,16.4100,16.4400,16.2200,16.2700,16.4600,16424904,268130860.0000,3,0.080048,1,-1.154305,6.577947,1.114754,2.225840,4.938425,0
2016-10-18,sh.600000,16.2800,16.3900,16.2400,16.3400,16.2700,18251833,298064112.0000,3,0.088952,1,0.430238,6.606248,1.119550,2.235416,4.959672,0
2016-10-19,sh.600000,16.3500,16.3900,16.2400,16.2700,16.3400,11143167,181631901.0000,3,0.054307,1,-0.428395,6.577947,1.114754,2.225840,4.938425,0
2016-10-20,sh.600000,16.2700,16.3400,16.2500,16.2900,16.2700,8985794,146255319.0000,3,0.043793,1,0.122928,6.586033,1.116124,2.228576,4.944495,0
2016-10-21,sh.600000,16.2900,16.3400,16.2200,16.3000,16.2900,10884798,177155062.0000,3,0.053048,1,0.061377,6.590076,1.116809,2.229944,4.947530,0
2016-10-24,sh.600000,16.3000,16.5800,16.2700,16.4700,16.3000,24757241,406980672.0000,3,0.120656,1,1.042945,6.658807,1.128457,2.253201,4.999130,0
2016-10-25,sh.600000,16.4800,16.5000,16.3600,16.4200,16.4700,13309321,218721453.0000,3,0.064864,1,-0.303578,6.638592,1.125031,2.246361,4.983954,0
2016-10-26,sh.600000,16.4000,16.4200,16.3000,16.3200,16.4200,12436805,203174010.0000,3,0.060612,1,-0.609016,6.598162,1.118180,2.232680,4.953601,0
2016-10-27,sh.600000,16.3000,16.3100,16.1800,16.1900,16.3200,19517454,316513312.0000,3,0.095120,1,-0.796563,6.545603,1.109273,2.214895,4.914142,0
2016-10-28,sh.600000,16.1900,16.3400,16.1800,16.2900,16.1900,15067204,244739683.0000,3,0.073431,1,0.617668,6.586033,1.116124,2.228576,4.944495,0
2016-10-31,sh.600000,16.2300,16.3100,16.0100,16.2700,16.2900,14673298,237635070.0000,3,0.071511,1,-0.122777,6.498585,1.066199,2.214279,-5.549446,0
2016-11-01,sh.600000,16.2600,16.3300,16.2100,16.3000,16.2700,13028259,212179107.0000,3,0.063494,1,0.184381,6.510568,1.068165,2.218362,-5.559678,0
2016-11-02,sh.600000,16.2100,16.3000,16.1800,16.2000,16.3000,25051160,406667264.0000,3,0.122089,1,-0.613488,6.470626,1.061612,2.204753,-5.525570,0
2016-11-03,sh.600000,16.1900,16.3800,16.1900,16.3500,16.2000,25864110,421412544.0000,3,0.126051,1,0.925924,6.530539,1.071441,2.225167,-5.576732,0
2016-11-04,sh.600000,16.3000,16.5300,16.2900,16.4000,16.3500,21516475,353348688.0000,3,0.104862,1,0.305806,6.550510,1.074718,2.231972,-5.593787,0
2016-11-07,sh.600000,16.3900,16.4500,16.3800,16.4200,16.4000,21351658,350381744.0000,3,0.104059,1,0.121954,6.558498,1.076029,2.234694,-5.600608,0
2016-11-08,sh.600000,16.4500,16.5400,16.4400,16.4700,16.4200,17307155,285419776.0000,3,0.084348,1,0.304502,6.578469,1.079305,2.241498,-5.617663,0
2016-11-09,sh.600000,16.4700,16.5300,16.3600,16.4600,16.4700,39826582,655055488.0000,3,0.194098,1,-0.060718,6.574475,1.078650,2.240138,-5.614252,0
2016-11-10,sh.600000,16.5500,16.6400,16.4800,16.5700,16.4600,20484554,339602784.0000,3,0.099833,1,0.668291,6.618411,1.085858,2.255108,-5.651771,0
2016-11-11,sh.600000,16.5600,16.6300,16.4500,16.5900,16.5700,21539188,356740640.0000,3,0.104973,1,0.120703,6.626400,1.087169,2.257830,-5.658593,0
2016-11-14,sh.600000,16.5300,16.7000,16.5200,16.6000,16.5900,18124496,301208000.0000,3,0.088331,1,0.060279,6.630394,1.087824,2.259191,-5.662004,0
2016-11-15,sh.600000,16.5900,16.6100,16.5000,16.5900,16.6000,15714142,260648299.0000,3,0.076584,1,-0.060242,6.626400,1.087169,2.257830,-5.658593,0
2016-11-16,sh.600000,16.5900,16.6300,16.5400,16.6000,16.5900,12395504,205688793.0000,3,0.060410,1,0.060279,6.630394,1.087824,2.259191,-5.662004,0
2016-11-17,sh.600000,16.5800,16.6300,16.5200,16.6000,16.6000,22718556,376599280.0000,3,0.110721,1,0.000000,6.630394,1.087824,2.259191,-5.662004,0
2016-11-18,sh.600000,16.5900,16.6400,16.5500,16.6000,16.6000,29274383,485488352.0000,3,0.142671,1,0.000000,6.630394,1.087824,2.259191,-5.662004,0
2016-11-21,sh.600000,16.5900,16.7300,16.5400,16.6400,16.6000,21432453,356612256.0000,3,0.104453,1,0.240958,6.646371,1.090446,2.264635,-5.675647,0
2016-11-22,sh.600000,16.6700,16.7200,16.6300,16.6800,16.6400,21080968,351666624.0000,3,0.102740,1,0.240390,6.662348,1.093067,2.270079,-5.689290,0
2016-11-23,sh.600000,16.6800,17.2300,16.6600,16.9300,16.6800,45036427,765689744.0000,3,0.219488,1,1.498801,6.762203,1.109450,2.304103,-5.774561,0
2016-11-24,sh.600000,16.9300,17.1200,16.8600,16.8900,16.9300,21043140,356783600.0000,3,0.102555,1,-0.236272,6.746226,1.106828,2.298659,-5.760918,0
2016-11-25,sh.600000,16.8900,17.1000,16.8100,17.0900,16.8900,23335230,396231888.0000,3,0.113726,1,1.184137,6.826110,1.119935,2.325878,-5.829135,0
2016-11-28,sh.600000,17.1500,17.4900,17.1500,17.2100,17.0900,33835281,584558240.0000,3,0.164899,1,0.702159,6.874041,1.127799,2.342209,-5.870065,0
2016-11-29,sh.600000,17.2100,17.3500,17.1100,17.2600,17.2100,29530098,509203664.0000,3,0.143917,1,0.290535,6.894012,1.131075,2.349014,-5.887119,0
2016-11-30,sh.600000,17.2800,17.4500,17.1000,17.1600,17.2600,20135026,346784528.0000,3,0.098130,1,-0.579376,6.854070,1.124522,2.335405,-5.853011,0
2016-12-01,sh.600000,17.1500,17.2700,17.0500,17.1500,17.1600,18449219,316391200.0000,3,0.089914,1,-0.058276,6.850076,1.123867,2.334044,-5.849600,0
2016-12-02,sh.600000,17.1000,17.1800,16.8000,17.1000,17.1500,33895875,576329872.0000,3,0.165194,1,-0.291541,6.830105,1.120590,2.327239,-5.832546,0
2016-12-05,sh.600000,16.9500,17.3200,16.9100,17.3000,17.1000,38201368,655302816.0000,3,0.186177,1,1.169584,6.909989,1.133696,2.354458,-5.900763,0
2016-12-06,sh.600000,17.2800,17.4200,17.2000,17.2200,17.3000,20948075,362989440.0000,3,0.102092,1,-0.462427,6.878035,1.128454,2.343570,-5.873476,0
2016-12-07,sh.600000,17.1700,17.2000,17.0600,17.0700,17.2200,15550748,265825550.0000,3,0.075788,1,-0.871078,6.818122,1.118624,2.323156,-5.822313,0
2016-12-08,sh.600000,17.1500,17.2000,17.0400,17.1400,17.0700,13234569,226759229.0000,3,0.064500,1,0.410074,6.846082,1.123211,2.332683,-5.846189,0
2016-12-09,sh.600000,17.1400,17.4600,17.1200,17.3400,17.1400,28835648,500164624.0000,3,0.140533,1,1.166866,6.925966,1.136318,2.359902,-5.914406,0
2016-12-12,sh.600000,17.3400,17.5700,17.1900,17.4900,17.3400,48359554,841905184.0000,3,0.235684,1,0.865050,6.985879,1.146147,2.380316,-5.965569,0
2016-12-13,sh.600000,17.3600,17.4400,17.1600,17.1700,17.4900,15602869,270112432.0000,3,0.076042,1,-1.829615,6.858064,1.125177,2.336766,-5.856422,0
2016-12-14,sh.600000,17.1700,17.4200,17.1200,17.1800,17.1700,17860552,309185680.0000,3,0.087045,1,0.058242,6.862058,1.125833,2.338127,-5.859833,0
2016-12-15,sh.600000,17.1300,17.1300,16.7000,16.7000,17.1800,30809613,517398944.0000,3,0.150153,1,-2.793944,6.670336,1.094377,2.272801,-5.696112,0
2016-12-16,sh.600000,16.7000,16.8300,16.6300,16.6600,16.7000,14531366,242842108.0000,3,0.070820,1,-0.239526,6.654359,1.091756,2.267357,-5.682469,0
2016-12-19,sh.600000,16.6500,16.7000,16.5100,16.5200,16.6600,8483493,140430889.0000,3,0.041345,1,-0.840332,6.598440,1.082582,2.248303,-5.634717,0
2016-12-20,sh.600000,16.5200,16.5600,16.1200,16.2800,16.5200,22525817,366213568.0000,3,0.109781,1,-1.452783,6.502579,1.066854,2.215640,-5.552856,0
2016-12-21,sh.600000,16.2600,16.3700,16.2500,16.3200,16.2800,12638809,206022869.0000,3,0.061596,1,0.245694,6.518556,1.069475,2.221084,-5.566500,0
2016-12-22,sh.600000,16.3200,16.3300,16.1400,16.1900,16.3200,11499190,186428629.0000,3,0.056042,1,-0.796563,6.466631,1.060956,2.203392,-5.522159,0
2016-12-23,sh.600000,16.1700,16.2200,16.0700,16.1900,16.1900,11187906,180365980.0000,3,0.054525,1,0.000000,6.466631,1.060956,2.203392,-5.522159,0
2016-12-26,sh.600000,16.1300,16.2800,16.0100,16.2500,16.1900,14482456,233999583.0000,3,0.070581,1,0.370596,6.490597,1.064888,2.211557,-5.542624,0
2016-12-27,sh.600000,16.2500,16.3200,16.1300,16.1400,16.2500,10665824,172900199.0000,3,0.051981,1,-0.676927,6.446660,1.057680,2.196587,-5.505105,0
2016-12-28,sh.600000,16.1400,16.1900,16.0300,16.0900,16.1400,14441526,232406679.0000,3,0.070382,1,-0.309785,6.426689,1.054403,2.189782,-5.488050,0
2016-12-29,sh.600000,16.0900,16.1500,15.9900,16.0700,16.0900,11851308,190400022.0000,3,0.057758,1,-0.124304,6.418701,1.053093,2.187060,-5.481229,0
2016-12-30,sh.600000,16.0700,16.2300,16.0400,16.2100,16.0700,12262167,197653917.0000,3,0.059761,1,0.871185,6.474620,1.062267,2.206114,-5.528981,0
2017-01-03,sh.600000,16.2100,16.4400,16.1700,16.3000,16.2100,16237125,265043268.0000,3,0.079133,1,0.555214,6.510568,1.068165,2.218362,-5.559678,0
2017-01-04,sh.600000,16.2900,16.3500,16.1800,16.3300,16.3000,29658734,482612224.0000,3,0.144544,1,0.184053,6.648459,1.070131,2.195548,-5.569911,0
2017-01-05,sh.600000,16.3000,16.3800,16.2400,16.3000,16.3300,26437646,431449120.0000,3,0.128846,1,-0.183715,6.636245,1.068165,2.191514,-5.559678,0
2017-01-06,sh.600000,16.3000,16.3000,16.1300,16.1800,16.3000,17195598,278864544.0000,3,0.083804,1,-0.736190,6.587389,1.060301,2.175380,-5.518748,0
2017-01-09,sh.600000,16.2400,16.2900,16.1300,16.2000,16.1800,14908745,241579598.0000,3,0.072659,1,0.123612,6.595532,1.061612,2.178069,-5.525570,0
2017-01-10,sh.600000,16.1800,16.2400,16.1400,16.1900,16.2000,7996756,129458363.0000,3,0.038973,1,-0.061730,6.591460,1.060956,2.176725,-5.522159,0
2017-01-11,sh.600000,16.2400,16.2400,16.1500,16.1600,16.1900,9193332,148793816.0000,3,0.044804,1,-0.185304,6.579246,1.058990,2.172691,-5.511926,0
2017-01-12,sh.600000,16.1800,16.2000,16.1100,16.1200,16.1600,8296150,134057682.0000,3,0.040432,1,-0.247519,6.562961,1.056369,2.167314,-5.498283,0
2017-01-13,sh.600000,16.1000,16.2900,16.1000,16.2700,16.1200,19034143,308468976.0000,3,0.092764,1,0.930519,6.624031,1.066199,2.187481,-5.549446,0
2017-01-16,sh.600000,16.2300,16.6000,16.1000,16.5600,16.2700,53304724,876414512.0000,3,0.259785,1,1.782415,6.742099,1.085203,2.226471,-5.648360,0
2017-01-17,sh.600000,16.4600,16.5400,16.3700,16.4000,16.5600,12555292,206230538.0000,3,0.061189,1,-0.966183,6.676958,1.074718,2.204959,-5.593787,0
2017-01-18,sh.600000,16.4200,16.5500,16.3600,16.4800,16.4000,11478663,189191354.0000,3,0.055942,1,0.487804,6.709528,1.079961,2.215715,-5.621073,0
2017-01-19,sh.600000,16.4300,16.6400,16.4300,16.5400,16.4800,12180687,201675871.0000,3,0.059363,1,0.364086,6.733956,1.083892,2.223782,-5.641538,0
2017-01-20,sh.600000,16.5800,16.6600,16.5000,16.6000,16.5400,14288268,236958622.0000,3,0.069635,1,0.362754,6.758384,1.087824,2.231849,-5.662004,0
2017-01-23,sh.600000,16.6600,16.6900,16.5100,16.5700,16.6000,14616540,242945923.0000,3,0.071235,1,-0.180727,6.746170,1.085858,2.227815,-5.651771,0
2017-01-24,sh.600000,16.5800,16.7000,16.5800,16.6900,16.5700,14985241,249503391.0000,3,0.073032,1,0.724205,6.795026,1.093722,2.243949,-5.692701,0
2017-01-25,sh.600000,16.6900,16.7400,16.6100,16.6900,16.6900,11284869,188172530.0000,3,0.054998,1,0.000000,6.795026,1.093722,2.243949,-5.692701,0
2017-01-26,sh.600000,16.6900,16.8400,16.6100,16.7400,16.6900,8602907,144343272.0000,3,0.041927,1,0.299576,6.815383,1.096999,2.250672,-5.709755,0
2017-02-03,sh.600000,16.8200,16.8500,16.6200,16.6300,16.7400,8174289,136532939.0000,3,0.039838,1,-0.657112,6.770598,1.089790,2.235882,-5.672236,0
2017-02-06,sh.600000,16.7500,16.7800,16.6600,16.6600,16.6300,13455850,225037394.0000,3,0.065578,1,0.180401,6.782812,1.091756,2.239916,-5.682469,0
2017-02-07,sh.600000,16.6500,16.7400,16.6300,16.6700,16.6600,14759284,246037892.0000,3,0.071930,1,0.060025,6.786883,1.092412,2.241260,-5.685879,0
2017-02-08,sh.600000,16.6300,16.6900,16.5400,16.6700,16.6700,11238867,186815177.0000,3,0.054773,1,0.000000,6.786883,1.092412,2.241260,-5.685879,0
2017-02-09,sh.600000,16.6800,16.7700,16.5900,16.7200,16.6700,11393034,190339364.0000,3,0.055525,1,0.299935,6.807240,1.095688,2.247983,-5.702934,0
2017-02-10,sh.600000,16.7600,16.8400,16.7000,16.7800,16.7200,13985262,234489132.0000,3,0.068158,1,0.358860,6.831668,1.099620,2.256050,-5.723399,0
2017-02-13,sh.600000,16.8800,16.9000,16.7800,16.8500,16.7800,19992872,336932208.0000,3,0.097437,1,0.417162,6.860167,1.104207,2.265461,-5.747275,0
2017-02-14,sh.600000,16.8700,16.8800,16.7400,16.7500,16.8500,12987235,217924152.0000,3,0.063294,1,-0.593474,6.819454,1.097654,2.252016,-5.713166,0
2017-02-15,sh.600000,16.8200,16.9300,16.7500,16.8400,16.7500,25688032,433573968.0000,3,0.125193,1,0.537314,6.856096,1.103552,2.264117,-5.743864,0
2017-02-16,sh.600000,16.8800,16.9100,16.7600,16.7800,16.8400,16327832,274241728.0000,3,0.079575,1,-0.356291,6.831668,1.099620,2.256050,-5.723399,0
2017-02-17,sh.600000,16.7800,16.8200,16.5900,16.6400,16.7800,13863642,231623672.0000,3,0.067565,1,-0.834334,6.774670,1.090446,2.237227,-5.675647,0
2017-02-20,sh.600000,16.6200,16.9800,16.6200,16.9100,16.6400,29949984,503858480.0000,3,0.145963,1,1.622599,6.884595,1.108139,2.273528,-5.767740,0
2017-02-21,sh.600000,16.8800,17.0800,16.8100,16.8800,16.9100,17509118,296489040.0000,3,0.085332,1,-0.177414,6.872381,1.106173,2.269495,-5.757507,0
2017-02-22,sh.600000,16.8800,16.9000,16.7300,16.7500,16.8800,17032277,285870624.0000,3,0.083008,1,-0.770137,6.819454,1.097654,2.252016,-5.713166,0
2017-02-23,sh.600000,16.7800,16.8300,16.6400,16.6900,16.7500,15011148,250909254.0000,3,0.073158,1,-0.358206,6.795026,1.093722,2.243949,-5.692701,0
2017-02-24,sh.600000,16.6700,16.7500,16.6600,16.7100,16.6900,11594971,193610637.0000,3,0.056509,1,0.119823,6.803169,1.095033,2.246638,-5.699523,0
2017-02-27,sh.600000,16.6900,16.7200,16.5300,16.5900,16.7100,13732273,228302043.0000,3,0.066925,1,-0.718127,6.754313,1.087169,2.230504,-5.658593,0
2017-02-28,sh.600000,16.5800,16.6700,16.5300,16.5900,16.5900,12097943,200661656.0000,3,0.058960,1,0.000000,6.754313,1.087169,2.230504,-5.658593,0
2017-03-01,sh.600000,16.5800,16.6200,16.5200,16.5600,16.5900,16226984,268840224.0000,3,0.079083,1,-0.180836,6.742099,1.085203,2.226471,-5.648360,0
2017-03-02,sh.600000,16.6200,16.6200,16.3900,16.4100,16.5600,18996632,312626384.0000,3,0.092582,1,-0.905795,6.681029,1.075373,2.206304,-5.597197,0
2017-03-03,sh.600000,16.4200,16.4300,16.3200,16.3500,16.4100,12429467,203315662.0000,3,0.060576,1,-0.365627,6.656601,1.071441,2.198237,-5.576732,0
2017-03-06,sh.600000,16.3700,16.5300,16.3500,16.4100,16.3500,15703751,258165904.0000,3,0.076533,1,0.366969,6.681029,1.075373,2.206304,-5.597197,0
2017-03-07,sh.600000,16.3800,16.4500,16.3700,16.4300,16.4100,9319842,152969168.0000,3,0.045421,1,0.121880,6.689172,1.076684,2.208993,-5.604019,0
2017-03-08,sh.600000,16.4000,16.4400,16.3500,16.3900,16.4300,10109647,165715073.0000,3,0.049270,1,-0.243463,6.672887,1.074063,2.203615,-5.590376,0
2017-03-09,sh.600000,16.3700,16.4000,16.2200,16.2200,16.3900,17366025,282644704.0000,3,0.084635,1,-1.037218,6.603674,1.062922,2.180758,-5.532391,0
2017-03-10,sh.600000,16.2300,16.2800,16.1700,16.2300,16.2200,16396375,265663459.0000,3,0.079909,1,0.061654,6.607746,1.063578,2.182103,-5.535802,0
2017-03-13,sh.600000,16.2300,16.3400,16.1600,16.3400,16.2300,17950147,291999360.0000,3,0.087481,1,0.677761,6.652530,1.070786,2.196892,-5.573322,0
2017-03-14,sh.600000,16.3400,16.3500,16.2400,16.2600,16.3400,16988979,276642688.0000,3,0.082797,1,-0.489596,6.619960,1.065544,2.186136,-5.546035,0
2017-03-15,sh.600000,16.2400,16.2800,16.1700,16.2400,16.2600,18900324,306175984.0000,3,0.092112,1,-0.123004,6.611817,1.064233,2.183447,-5.539213,0
2017-03-16,sh.600000,16.2700,16.3500,16.2500,16.2900,16.2400,19036545,310417984.0000,3,0.092776,1,0.307889,6.632173,1.067510,2.190170,-5.556267,0
2017-03-17,sh.600000,16.3000,16.3200,16.1400,16.2000,16.2900,21560354,350179472.0000,3,0.105076,1,-0.552487,6.595532,1.061612,2.178069,-5.525570,0
2017-03-20,sh.600000,16.2400,16.2500,16.1300,16.1400,16.2000,15017806,242775930.0000,3,0.069468,1,-0.370379,6.571104,1.057680,2.170002,-5.505105,0
2017-03-21,sh.600000,16.1500,16.1600,15.9800,16.0000,16.1400,31124617,499206640.0000,3,0.143974,1,-0.867406,6.514105,1.048505,2.151180,-5.457353,0
2017-03-22,sh.600000,15.9800,15.9800,15.7000,15.7800,16.0000,43811429,691677888.0000,3,0.202659,1,-1.375002,6.424536,1.034088,2.121601,-5.382314,0
2017-03-23,sh.600000,15.8000,15.9200,15.7900,15.8800,15.7800,22225660,352635984.0000,3,0.102810,1,0.633716,6.465250,1.040642,2.135046,-5.416423,0
2017-03-24,sh.600000,15.8500,16.0000,15.8300,15.9600,15.8800,19902006,316984960.0000,3,0.092061,1,0.503778,6.497820,1.045884,2.145802,-5.443709,0
2017-03-27,sh.600000,15.9700,16.1300,15.9000,16.0400,15.9600,18997369,304990144.0000,3,0.087876,1,0.501259,6.530391,1.051127,2.156558,-5.470996,0
2017-03-28,sh.600000,16.1100,16.1300,15.9700,16.0100,16.0400,13212969,211750766.0000,3,0.061119,1,-0.187037,6.518177,1.049161,2.152524,-5.460764,0
2017-03-29,sh.600000,16.0100,16.1100,15.8000,15.8700,16.0100,23446792,372794464.0000,3,0.108458,1,-0.874456,6.461178,1.039986,2.133701,-5.413012,0
2017-03-30,sh.600000,15.8800,15.9000,15.7200,15.8100,15.8700,23645144,373665120.0000,3,0.109376,1,-0.378068,6.436750,1.036054,2.125634,-5.392547,0
2017-03-31,sh.600000,15.7800,16.0500,15.7700,16.0100,15.8100,24187120,385793424.0000,3,0.111883,1,1.265021,6.518177,1.049161,2.152524,-5.460764,0
2017-04-05,sh.600000,16.0500,16.2000,15.8900,16.1600,16.0100,31036271,499121568.0000,3,0.143565,1,0.936912,6.579246,1.033501,2.172691,-20.221776,0
2017-04-06,sh.600000,16.0900,16.1800,16.0300,16.1000,16.1600,22335442,359361840.0000,3,0.103317,1,-0.371284,6.554818,1.029664,2.164625,-20.146695,0
2017-04-07,sh.600000,16.0600,16.1600,16.0200,16.1000,16.1000,20126948,323821648.0000,3,0.093102,1,0.000000,6.554818,1.029664,2.164625,-20.146695,0
2017-04-10,sh.600000,16.1200,16.1200,15.9400,15.9700,16.1000,16154024,258662668.0000,3,0.074724,1,-0.807454,6.501891,1.021350,2.147146,-19.984020,0
2017-04-11,sh.600000,15.9700,15.9900,15.8100,15.8900,15.9700,18611375,295381664.0000,3,0.086091,1,-0.500939,6.469321,1.016234,2.136390,-19.883912,0
2017-04-12,sh.600000,15.8800,15.9600,15.7500,15.8900,15.8900,22210541,352357728.0000,3,0.102740,1,0.000000,6.469321,1.016234,2.136390,-19.883912,0
2017-04-13,sh.600000,15.8800,15.8900,15.7300,15.7500,15.8900,23426650,369388224.0000,3,0.108365,1,-0.881059,6.412322,1.007280,2.117567,-19.708724,0
2017-04-14,sh.600000,15.7600,15.7800,15.4200,15.5100,15.7500,40156553,625510640.0000,3,0.185753,1,-1.523808,6.314611,0.991931,2.085300,-19.408400,0
2017-04-17,sh.600000,15.5300,15.6000,15.3000,15.5600,15.5100,36739448,566536784.0000,3,0.169946,1,0.322374,6.334967,0.995129,2.092022,-19.470968,0
2017-04-18,sh.600000,15.5000,15.5200,15.3000,15.3000,15.5600,22889980,351624624.0000,3,0.105883,1,-1.670953,6.229113,0.978501,2.057066,-19.145617,0
2017-04-19,sh.600000,15.2500,15.2700,15.1100,15.1100,15.3000,24455407,371021504.0000,3,0.113124,1,-1.241834,6.151758,0.966349,2.031520,-18.907861,0
2017-04-20,sh.600000,15.1200,15.1400,14.9000,14.9100,15.1100,41061406,614436384.0000,3,0.189938,1,-1.323626,6.070332,0.953559,2.004631,-18.657592,0
2017-04-21,sh.600000,14.9200,15.0700,14.8500,15.0500,14.9100,22688358,340453104.0000,3,0.104950,1,0.938970,6.127330,0.962512,2.023453,-18.832780,0
2017-04-24,sh.600000,15.0500,15.1100,14.9100,15.0000,15.0500,17627803,264649933.0000,3,0.081541,1,-0.332227,6.106974,0.959314,2.016731,-18.770213,0
2017-04-25,sh.600000,15.0200,15.1000,14.9900,15.0500,15.0000,12975919,195296862.0000,3,0.060023,1,0.333335,6.127330,0.962512,2.023453,-18.832780,0
2017-04-26,sh.600000,15.0600,15.1100,15.0000,15.0500,15.0500,14939871,225022668.0000,3,0.069108,1,0.000000,6.127330,0.962512,2.023453,-18.832780,0
2017-04-27,sh.600000,15.0500,15.2500,15.0300,15.2100,15.0500,22887645,345791520.0000,3,0.105872,1,1.063122,6.130130,0.939090,2.042818,-2.982386,0
2017-04-28,sh.600000,15.1500,15.2200,15.0800,15.2100,15.2100,15718509,238419161.0000,3,0.072709,1,0.000000,6.130130,0.939090,2.042818,-2.982386,0
2017-05-02,sh.600000,15.2100,15.2200,15.1300,15.1600,15.2100,12607509,191225527.0000,3,0.058319,1,-0.328732,6.109978,0.936003,2.036103,-2.972582,0
2017-05-03,sh.600000,15.1600,15.1600,15.0500,15.0800,15.1600,14247943,215130847.0000,3,0.065907,1,-0.527704,6.077736,0.931064,2.025358,-2.956896,0
2017-05-04,sh.600000,15.0700,15.0700,14.9000,14.9800,15.0800,19477788,291839744.0000,3,0.090099,1,-0.663133,6.037432,0.924890,2.011927,-2.937288,0
2017-05-05,sh.600000,14.9500,14.9800,14.5200,14.9200,14.9800,40194577,592160192.0000,3,0.185929,1,-0.400531,6.013250,0.921185,2.003869,-2.925523,0
2017-05-08,sh.600000,14.7800,14.9000,14.5100,14.8600,14.9200,43568576,638781008.0000,3,0.201536,1,-0.402148,5.989068,0.917481,1.995810,-2.913758,0
2017-05-09,sh.600000,14.6900,14.8400,14.6600,14.7600,14.8600,19225492,283864640.0000,3,0.088932,1,-0.672944,5.948765,0.911307,1.982380,-2.894150,0
2017-05-10,sh.600000,14.7600,14.8500,14.5500,14.6100,14.7600,28359413,418201408.0000,3,0.131183,1,-1.016264,5.888310,0.902045,1.962234,-2.864738,0
2017-05-11,sh.600000,14.5700,14.7900,14.5500,14.7500,14.6100,27312908,400313952.0000,3,0.126342,1,0.958250,5.944735,0.910689,1.981037,-2.892189,0
2017-05-12,sh.600000,14.7500,15.2300,14.7300,15.2100,14.7500,45733426,687468464.0000,3,0.211550,1,3.118644,6.130130,0.939090,2.042818,-2.982386,0
2017-05-15,sh.600000,15.2700,15.4300,15.1600,15.2700,15.2100,29965820,458298672.0000,3,0.138613,1,0.394480,6.154312,0.942795,2.050877,-2.994151,0
2017-05-16,sh.600000,15.2300,15.2900,15.0800,15.2700,15.2700,24875396,377908560.0000,3,0.115066,1,0.000000,6.154312,0.942795,2.050877,-2.994151,0
2017-05-17,sh.600000,15.2400,15.2600,15.0700,15.2100,15.2700,33434411,505883680.0000,3,0.154658,1,-0.392930,6.130130,0.939090,2.042818,-2.982386,0
2017-05-18,sh.600000,15.1000,15.1400,14.9500,15.0100,15.2100,30657927,460669392.0000,3,0.141815,1,-1.314923,6.049523,0.926742,2.015957,-2.943170,0
2017-05-19,sh.600000,15.0400,15.0800,14.9100,15.0200,15.0100,28610626,428236208.0000,3,0.132345,1,0.066624,6.053554,0.927359,2.017300,-2.945131,0
2017-05-22,sh.600000,15.0200,15.0600,14.9300,15.0400,15.0200,30227245,453230624.0000,3,0.139823,1,0.133153,6.061614,0.928594,2.019986,-2.949052,0
2017-05-23,sh.600000,15.0000,15.5700,14.9800,15.4300,15.0400,75400428,1154524432.0000,3,0.348781,1,2.593087,6.218797,0.952674,2.072366,-3.025524,0
2017-05-24,sh.600000,15.3800,15.5200,15.2100,15.4700,15.4300,70439028,1081376992.0000,3,0.325831,1,0.259235,6.234918,0.955143,2.077738,-3.033367,0
2017-05-25,sh.600000,11.7500,12.9300,11.7200,12.9300,11.7500,222373433,2803027088.0000,3,0.791259,1,10.042560,6.774579,1.037815,2.257576,-3.295919,0
2017-05-26,sh.600000,12.8100,12.9100,12.5400,12.8400,12.9300,176456630,2246593328.0000,3,0.627875,1,-0.696057,6.727425,1.030591,2.241862,-3.272978,0
2017-05-31,sh.600000,12.7500,13.0500,12.6600,12.8400,12.8400,113009809,1450286640.0000,3,0.402116,1,0.000000,6.727425,1.030591,2.241862,-3.272978,0
2017-06-01,sh.600000,12.7800,12.9700,12.6900,12.9200,12.8400,96217055,1235216032.0000,3,0.342364,1,0.623052,6.769340,1.037013,2.255830,-3.293370,0
2017-06-02,sh.600000,12.9300,13.0100,12.7400,12.8900,12.9200,80197701,1034450240.0000,3,0.285363,1,-0.232196,6.753622,1.034605,2.250592,-3.285723,0
2017-06-05,sh.600000,12.7900,12.8800,12.5100,12.8500,12.8900,75876475,963227280.0000,3,0.269987,1,-0.310318,6.732664,1.031394,2.243608,-3.275527,0
2017-06-06,sh.600000,12.8000,12.8400,12.6600,12.8000,12.8500,36104406,460469440.0000,3,0.128468,1,-0.389107,6.706467,1.027381,2.234878,-3.262781,0
2017-06-07,sh.600000,12.8100,12.9900,12.7800,12.8400,12.8000,64395191,827766624.0000,3,0.229134,1,0.312500,6.727425,1.030591,2.241862,-3.272978,0
2017-06-08,sh.600000,12.7600,12.8600,12.6700,12.8400,12.8400,48194843,615876304.0000,3,0.171489,1,0.000000,6.727425,1.030591,2.241862,-3.272978,0
2017-06-09,sh.600000,12.7900,13.2000,12.7700,12.9300,12.8400,114434319,1489264560.0000,3,0.407185,1,0.700936,6.774579,1.037815,2.257576,-3.295919,0
2017-06-12,sh.600000,12.9000,13.1400,12.7600,12.7800,12.9300,73931192,955965936.0000,3,0.263065,1,-1.160097,6.695988,1.025776,2.231386,-3.257683,0
2017-06-13,sh.600000,12.7800,12.7800,12.5600,12.5900,12.7800,52716070,665205808.0000,3,0.187577,1,-1.486695,6.596439,1.010525,2.198212,-3.209251,0
2017-06-14,sh.600000,12.6000,12.6400,12.3100,12.4600,12.5900,55306982,687620416.0000,3,0.196796,1,-1.032566,6.528326,1.000091,2.175514,-3.176114,0
2017-06-15,sh.600000,12.4100,12.4600,12.2800,12.3800,12.4600,37492860,462612624.0000,3,0.133409,1,-0.642054,6.486411,0.993670,2.161546,-3.155721,0
2017-06-16,sh.600000,12.3800,12.4600,12.2700,12.3500,12.3800,47351062,586081488.0000,3,0.168487,1,-0.242324,6.470693,0.991262,2.156308,-3.148074,0
2017-06-19,sh.600000,12.3600,12.4300,12.3000,12.4000,12.3500,32941278,407834848.0000,3,0.117213,1,0.404852,6.496890,0.995275,2.165038,-3.160820,0
2017-06-20,sh.600000,12.4100,12.4400,12.2200,12.2900,12.4000,44645196,548932352.0000,3,0.158858,1,-0.887094,6.439256,0.986446,2.145832,-3.132780,0
2017-06-21,sh.600000,12.4000,12.4000,12.2600,12.3400,12.2900,34000062,418820224.0000,3,0.120980,1,0.406836,6.465453,0.990459,2.154562,-3.145525,0
2017-06-22,sh.600000,12.3300,12.8400,12.2900,12.5700,12.3400,110259441,1392278624.0000,3,0.392330,1,1.863854,6.585960,1.008920,2.194720,-3.204153,0
2017-06-23,sh.600000,12.5500,12.6500,12.3600,12.6400,12.5700,68579079,858095952.0000,3,0.244021,1,0.556887,6.622636,1.014539,2.206942,-3.221997,0
2017-06-26,sh.600000,12.6400,12.8200,12.5500,12.6400,12.6400,60509162,766551264.0000,3,0.215306,1,0.000000,6.622636,1.014539,2.206942,-3.221997,0
2017-06-27,sh.600000,12.6400,12.7300,12.5300,12.7000,12.6400,46687475,589020016.0000,3,0.166125,1,0.474679,6.654073,1.019354,2.217418,-3.237291,0
2017-06-28,sh.600000,12.6600,12.9100,12.6000,12.7900,12.7000,75349557,963202800.0000,3,0.268112,1,0.708663,6.701227,1.026578,2.233132,-3.260232,0
2017-06-29,sh.600000,12.8100,12.8600,12.7000,12.7600,12.7900,38994542,497489968.0000,3,0.138752,1,-0.234556,6.685509,1.024170,2.227894,-3.252585,0
2017-06-30,sh.600000,12.7000,12.7300,12.5900,12.6500,12.7600,36566479,462244016.0000,3,0.130112,1,-0.862074,6.627875,1.015341,2.208688,-3.224546,0
2017-07-03,sh.600000,12.6400,12.6500,12.4700,12.5600,12.6500,38778949,486264672.0000,3,0.137985,1,-0.711456,6.580721,1.008118,2.192974,-3.201604,0
2017-07-04,sh.600000,12.5500,12.5800,12.4100,12.5500,12.5600,36659128,458434432.0000,3,0.130442,1,-0.079620,6.575481,1.007315,2.191228,-3.199055,0
2017-07-05,sh.600000,12.5000,12.6500,12.4700,12.6200,12.5500,26470507,332542464.0000,3,0.094188,1,0.557767,6.612157,1.012933,2.203450,-3.216899,0
2017-07-06,sh.600000,12.6200,12.7200,12.5100,12.6600,12.6200,37414241,471582096.0000,3,0.133129,1,0.316957,6.633115,1.016144,2.210434,-3.227095,0
2017-07-07,sh.600000,12.6200,12.6900,12.5500,12.6000,12.6600,24667294,311101536.0000,3,0.087772,1,-0.473929,6.601678,1.011328,2.199958,-3.211800,0
2017-07-10,sh.600000,12.5900,12.6400,12.5200,12.5300,12.6000,26411530,331940512.0000,3,0.093979,1,-0.555561,6.565002,1.005710,2.187736,-3.193957,0
2017-07-11,sh.600000,12.5100,12.9400,12.5100,12.8000,12.5300,96835349,1238626608.0000,3,0.344564,1,2.154832,6.706467,1.027381,2.234878,-3.262781,0
2017-07-12,sh.600000,12.8000,13.0600,12.7400,12.8600,12.8000,80469025,1039614032.0000,3,0.286328,1,0.468746,6.737903,1.032197,2.245354,-3.278076,0
2017-07-13,sh.600000,12.8200,13.2900,12.7700,13.2700,12.8600,110219238,1436784304.0000,3,0.392187,1,3.188187,6.952720,1.065105,2.316940,-3.382587,0
2017-07-14,sh.600000,13.3400,13.8000,13.3400,13.5900,13.2700,146865370,1991795312.0000,3,0.522583,1,2.411452,7.120382,1.090790,2.372812,-3.464156,0
2017-07-17,sh.600000,13.6200,14.0200,13.2800,13.7600,13.5900,178661221,2448349168.0000,3,0.635720,1,1.250920,7.209452,1.104434,2.402494,-3.507490,0
2017-07-18,sh.600000,13.6500,13.7200,13.4000,13.5500,13.7600,69895876,946717552.0000,3,0.248706,1,-1.526163,7.099424,1.087579,2.365828,-3.453960,0
2017-07-19,sh.600000,13.5600,13.7800,13.4800,13.6900,13.5500,66108709,900014400.0000,3,0.235231,1,1.033206,7.172776,1.098816,2.390272,-3.489647,0
2017-07-20,sh.600000,13.6700,13.7000,13.5300,13.6200,13.6900,40017492,544175216.0000,3,0.142392,1,-0.511320,7.136100,1.093197,2.378050,-3.471803,0
2017-07-21,sh.600000,13.6100,13.6300,13.3800,13.4500,13.6200,52272375,702999232.0000,3,0.185998,1,-1.248165,7.047030,1.079553,2.348368,-3.428470,0
2017-07-24,sh.600000,13.4500,13.7400,13.3600,13.6700,13.4500,65820954,892033680.0000,3,0.234207,1,1.635690,7.162297,1.097211,2.386780,-3.484549,0
2017-07-25,sh.600000,13.6200,13.7500,13.4100,13.5100,13.6700,58478099,795769072.0000,3,0.208079,1,-1.170445,7.078466,1.084368,2.358844,-3.443764,0
2017-07-26,sh.600000,13.4500,13.7000,13.3600,13.3800,13.5100,57495388,775489072.0000,3,0.204583,1,-0.962251,7.010354,1.073934,2.336146,-3.410626,0
2017-07-27,sh.600000,13.3800,13.4700,13.2800,13.3800,13.3800,33612097,449548320.0000,3,0.119600,1,0.000000,7.010354,1.073934,2.336146,-3.410626,0
2017-07-28,sh.600000,13.3700,13.4900,13.3000,13.4700,13.3800,24954961,334111568.0000,3,0.088796,1,0.672647,7.057509,1.081158,2.351860,-3.433568,0
2017-07-31,sh.600000,13.4500,13.5200,13.3100,13.3600,13.4700,45083081,602638880.0000,3,0.160417,1,-0.816634,6.999875,1.072329,2.332654,-3.405528,0
2017-08-01,sh.600000,13.4200,13.4900,13.3200,13.4300,13.3600,64198064,860914608.0000,3,0.228432,1,0.523957,7.036551,1.077947,2.344876,-3.423371,0
2017-08-02,sh.600000,13.4400,13.6000,13.3900,13.4400,13.4300,61644148,830433616.0000,3,0.219345,1,0.074455,7.041790,1.078750,2.346622,-3.425920,0
2017-08-03,sh.600000,13.4200,13.4200,13.0400,13.0800,13.4400,78581867,1036842144.0000,3,0.279613,1,-2.678569,6.853171,1.049855,2.283766,-3.334155,0
2017-08-04,sh.600000,13.0900,13.1000,12.8500,12.8700,13.0800,63181971,818014672.0000,3,0.224817,1,-1.605505,6.743143,1.032999,2.247100,-3.280625,0
2017-08-07,sh.600000,12.8700,12.9500,12.8300,12.9300,12.8700,29528429,380518688.0000,3,0.105069,1,0.466204,6.774579,1.037815,2.257576,-3.295919,0
2017-08-08,sh.600000,12.9100,12.9300,12.8300,12.8700,12.9300,23570298,303469936.0000,3,0.083869,1,-0.464040,6.743143,1.032999,2.247100,-3.280625,0
2017-08-09,sh.600000,12.8400,12.8800,12.7500,12.7600,12.8700,32303821,413575792.0000,3,0.114945,1,-0.854698,6.685509,1.024170,2.227894,-3.252585,0
2017-08-10,sh.600000,12.7400,12.8800,12.7000,12.7900,12.7600,44056044,563372048.0000,3,0.156762,1,0.235108,6.701227,1.026578,2.233132,-3.260232,0
2017-08-11,sh.600000,12.7200,12.7300,12.4600,12.6800,12.7900,88890056,1118537328.0000,3,0.316292,1,-0.860044,6.643594,1.017749,2.213926,-3.232193,0
2017-08-14,sh.600000,12.6200,12.6300,12.5200,12.5600,12.6800,45562027,572465232.0000,3,0.162121,1,-0.946371,6.580721,1.008118,2.192974,-3.201604,0
2017-08-15,sh.600000,12.5800,12.7600,12.5600,12.5900,12.5600,62591905,792887776.0000,3,0.222717,1,0.238851,6.596439,1.010525,2.198212,-3.209251,0
2017-08-16,sh.600000,12.5600,12.5600,12.4700,12.4900,12.5900,33886531,423706576.0000,3,0.120576,1,-0.794284,6.544045,1.002499,2.180752,-3.183761,0
2017-08-17,sh.600000,12.4900,12.5500,12.4700,12.5300,12.4900,39091156,488847376.0000,3,0.139096,1,0.320256,6.565002,1.005710,2.187736,-3.193957,0
2017-08-18,sh.600000,12.5000,12.5700,12.4600,12.5100,12.5300,35976632,450071392.0000,3,0.128014,1,-0.159613,6.554524,1.004104,2.184244,-3.188859,0
2017-08-21,sh.600000,12.5000,12.5700,12.4600,12.5100,12.5100,33810237,422478336.0000,3,0.120305,1,0.000000,6.554524,1.004104,2.184244,-3.188859,0
2017-08-22,sh.600000,12.5100,12.5300,12.4100,12.4300,12.5100,58829999,731959984.0000,3,0.209331,1,-0.639488,6.512608,0.997683,2.170276,-3.168467,0
2017-08-23,sh.600000,12.4400,12.6600,12.4100,12.5700,12.4300,96871587,1215804704.0000,3,0.344693,1,1.126302,6.585960,1.008920,2.194720,-3.204153,0
2017-08-24,sh.600000,12.5800,12.6600,12.4500,12.4700,12.5700,62153175,779043376.0000,3,0.221156,1,-0.795540,6.533566,1.000894,2.177260,-3.178663,0
2017-08-25,sh.600000,12.4700,12.8000,12.4700,12.7800,12.4700,145590666,1842766912.0000,3,0.518047,1,2.485962,6.695988,1.025776,2.231386,-3.257683,0
2017-08-28,sh.600000,12.8300,12.9600,12.7500,12.8900,12.7800,104113170,1339965984.0000,3,0.370460,1,0.860725,6.753622,1.034605,2.250592,-3.285723,0
2017-08-29,sh.600000,12.8500,12.9800,12.7700,12.9600,12.8900,60063956,772995360.0000,3,0.213722,1,0.543054,6.790298,1.040223,2.262814,-3.303566,0
2017-08-30,sh.600000,12.9100,12.9800,12.8200,12.8700,12.9600,60479990,779708160.0000,3,0.215202,1,-0.694446,6.637344,1.012985,2.233046,-2.819094,0
2017-08-31,sh.600000,12.8300,12.8400,12.6500,12.7100,12.8700,44790313,570138144.0000,3,0.159375,1,-1.243200,6.554829,1.000392,2.205285,-2.784047,0
2017-09-01,sh.600000,12.6800,12.8700,12.6800,12.7700,12.7100,39264131,501796400.0000,3,0.139711,1,0.472073,6.585772,1.005114,2.215696,-2.797190,0
2017-09-04,sh.600000,12.7800,12.8400,12.6500,12.7800,12.7700,35667447,454951472.0000,3,0.126913,1,0.078303,6.883686,1.050582,2.315925,-2.923724,0
2017-09-05,sh.600000,12.7800,13.0900,12.7800,13.0300,12.7800,73493027,954528912.0000,3,0.261506,1,1.956182,7.018343,1.071133,2.361228,-2.980917,0
2017-09-06,sh.600000,12.9900,13.0500,12.9000,12.9600,13.0300,33823576,438219616.0000,3,0.120352,1,-0.537219,6.980639,1.065378,2.348543,-2.964903,0
2017-09-07,sh.600000,12.9400,13.0200,12.8200,12.8500,12.9600,38224782,494212416.0000,3,0.136013,1,-0.848763,6.921390,1.056336,2.328610,-2.939738,0
2017-09-08,sh.600000,12.8500,13.1200,12.8300,13.0300,12.8500,64778087,842285792.0000,3,0.230496,1,1.400773,7.018343,1.071133,2.361228,-2.980917,0
2017-09-11,sh.600000,13.1500,13.1500,12.9500,12.9900,13.0300,52234735,683194000.0000,3,0.185864,1,-0.306984,6.996798,1.067845,2.353980,-2.971766,0
2017-09-12,sh.600000,13.0000,13.0400,12.9100,13.0400,12.9900,51012322,661471546.0000,3,0.181514,1,0.384913,7.023730,1.071955,2.363041,-2.983205,0
2017-09-13,sh.600000,13.0100,13.0100,12.8600,12.8700,13.0400,31972897,412327510.0000,3,0.113767,1,-1.303681,6.932163,1.057980,2.332234,-2.944313,0
2017-09-14,sh.600000,12.8800,12.9800,12.8100,12.8500,12.8700,24160832,311079246.0000,3,0.085970,1,-0.155396,6.921390,1.056336,2.328610,-2.939738,0
2017-09-15,sh.600000,12.8200,12.8600,12.7500,12.8300,12.8500,24874312,318464945.0000,3,0.088509,1,-0.155646,6.910618,1.054692,2.324985,-2.935162,0
2017-09-18,sh.600000,12.8200,12.9600,12.8000,12.9100,12.8300,35747529,461032051.0000,3,0.127198,1,0.623538,6.953708,1.061268,2.339483,-2.953464,0
2017-09-19,sh.600000,12.9300,12.9500,12.8200,12.9000,12.9100,30170124,388627660.0000,3,0.107353,1,-0.077461,6.948322,1.060446,2.337670,-2.951176,0
2017-09-20,sh.600000,12.8800,12.9300,12.8300,12.8800,12.9000,19867148,255856510.0000,3,0.070692,1,-0.155035,6.937549,1.058802,2.334046,-2.946601,0
2017-09-21,sh.600000,12.8600,12.9500,12.8300,12.8700,12.8800,20140268,259643727.0000,3,0.071664,1,-0.077642,6.932163,1.057980,2.332234,-2.944313,0
2017-09-22,sh.600000,12.8400,12.9200,12.7900,12.8900,12.8700,24192687,311178548.0000,3,0.086083,1,0.155404,6.942935,1.059624,2.335858,-2.948889,0
2017-09-25,sh.600000,12.8900,12.9500,12.7100,12.9400,12.8900,50687628,650703773.0000,3,0.180359,1,0.387892,6.969867,1.063734,2.344919,-2.960327,0
2017-09-26,sh.600000,12.8900,12.9300,12.8500,12.8600,12.9400,22163311,285364898.0000,3,0.078862,1,-0.618237,6.926776,1.057158,2.330422,-2.942025,0
2017-09-27,sh.600000,12.8300,12.9100,12.7600,12.8500,12.8600,26374752,339097277.0000,3,0.093848,1,-0.077755,6.921390,1.056336,2.328610,-2.939738,0
2017-09-28,sh.600000,12.8500,12.8800,12.7700,12.8400,12.8500,24124934,309223171.0000,3,0.085842,1,-0.077823,6.916004,1.055514,2.326798,-2.937450,0
2017-09-29,sh.600000,12.8200,12.9100,12.8100,12.8700,12.8400,19822263,255341342.0000,3,0.070532,1,0.233643,6.932163,1.057980,2.332234,-2.944313,0
2017-10-09,sh.600000,13.2700,13.2900,13.0000,13.0400,12.8700,52149081,684274104.0000,3,0.185559,1,1.320902,7.023730,1.071955,2.363041,-2.983205,0
2017-10-10,sh.600000,13.0500,13.1000,12.9800,13.1000,13.0400,27493986,359114767.0000,3,0.097830,1,0.460126,7.056048,1.076887,2.373913,-2.996931,0
2017-10-11,sh.600000,13.0800,13.1100,13.0300,13.0600,13.1000,18706308,244440298.0000,3,0.066562,1,-0.305343,7.034502,1.073599,2.366665,-2.987780,0
2017-10-12,sh.600000,13.0500,13.0900,12.9700,13.0500,13.0600,17125284,223204024.0000,3,0.060936,1,-0.076571,7.029116,1.072777,2.364853,-2.985492,0
2017-10-13,sh.600000,13.0100,13.0800,12.9200,12.9400,13.0500,20857578,271308478.0000,3,0.074216,1,-0.842916,6.969867,1.063734,2.344919,-2.960327,0
2017-10-16,sh.600000,12.9800,13.0600,12.9400,13.0400,12.9400,23611164,307206532.0000,3,0.084014,1,0.772801,7.023730,1.071955,2.363041,-2.983205,0
2017-10-17,sh.600000,13.0400,13.0600,12.9400,12.9900,13.0400,14692320,190770505.0000,3,0.052279,1,-0.383437,6.996798,1.067845,2.353980,-2.971766,0
2017-10-18,sh.600000,12.9900,13.1000,12.9300,13.0700,12.9900,45458736,592125606.0000,3,0.161753,1,0.615858,7.039889,1.074421,2.368477,-2.990068,0
2017-10-19,sh.600000,13.0300,13.1600,12.9800,13.1300,13.0700,52881168,690607546.0000,3,0.188164,1,0.459070,7.072206,1.079353,2.379350,-3.003794,0
2017-10-20,sh.600000,13.0900,13.1000,13.0100,13.0100,13.1300,17228409,224781272.0000,3,0.061303,1,-0.913937,7.007571,1.069489,2.357604,-2.976341,0
2017-10-23,sh.600000,13.0200,13.0300,12.8300,12.8400,13.0100,31563834,406941717.0000,3,0.112312,1,-1.306688,6.916004,1.055514,2.326798,-2.937450,0
2017-10-24,sh.600000,12.8400,12.9500,12.8200,12.8600,12.8400,27236042,350864968.0000,3,0.096912,1,0.155759,6.926776,1.057158,2.330422,-2.942025,0
2017-10-25,sh.600000,12.8600,12.9400,12.8200,12.9000,12.8600,20743829,267109744.0000,3,0.073812,1,0.311042,6.948322,1.060446,2.337670,-2.951176,0
2017-10-26,sh.600000,12.8700,12.8800,12.7800,12.8200,12.9000,25275166,324110141.0000,3,0.089935,1,-0.620155,6.905231,1.053870,2.323173,-2.932875,0
2017-10-27,sh.600000,12.8500,12.9400,12.8200,12.8500,12.8200,32673820,420972314.0000,3,0.116261,1,0.234015,6.921390,1.056336,2.328610,-2.939738,0
2017-10-30,sh.600000,12.8400,12.8400,12.5900,12.7000,12.8500,74713617,947820344.0000,3,0.265849,1,-1.167320,6.863898,0.962145,2.264271,-2.002360,0
2017-10-31,sh.600000,12.6000,12.6600,12.5800,12.6100,12.7000,20120724,253737598.0000,3,0.071594,1,-0.708663,6.815256,0.955326,2.248225,-1.988170,0
2017-11-01,sh.600000,12.6300,12.7200,12.5300,12.5400,12.6100,35368712,446287606.0000,3,0.125850,1,-0.555113,6.777423,0.950023,2.235744,-1.977134,0
2017-11-02,sh.600000,12.5200,12.5700,12.4300,12.5300,12.5400,48267038,602955872.0000,3,0.171746,1,-0.079747,6.772019,0.949266,2.233962,-1.975557,0
2017-11-03,sh.600000,12.5300,12.6000,12.4300,12.5800,12.5300,32848169,411198265.0000,3,0.116882,1,0.399044,6.799042,0.953054,2.242876,-1.983440,0
2017-11-06,sh.600000,12.5600,12.5600,12.4500,12.4700,12.5800,20016827,249788208.0000,3,0.071225,1,-0.874401,6.739591,0.944720,2.223264,-1.966097,0
2017-11-07,sh.600000,12.4900,12.6000,12.4100,12.5400,12.4700,38677337,482986126.0000,3,0.137623,1,0.561345,6.777423,0.950023,2.235744,-1.977134,0
2017-11-08,sh.600000,12.5400,12.6800,12.4900,12.5800,12.5400,37134146,468242270.0000,3,0.132132,1,0.318979,6.799042,0.953054,2.242876,-1.983440,0
2017-11-09,sh.600000,12.5700,12.6300,12.5300,12.5500,12.5800,17463373,219541345.0000,3,0.062139,1,-0.238472,6.782828,0.950781,2.237527,-1.978710,0
2017-11-10,sh.600000,12.5400,12.6300,12.4600,12.6300,12.5500,49925359,626756843.0000,3,0.177647,1,0.637450,6.826065,0.956842,2.251791,-1.991324,0
2017-11-13,sh.600000,12.6500,12.8500,12.6300,12.8000,12.6300,78009337,996962275.0000,3,0.277576,1,1.346002,6.917944,0.969721,2.282100,-2.018127,0
2017-11-14,sh.600000,12.7600,12.7700,12.5800,12.6000,12.8000,33754928,426955935.0000,3,0.120108,1,-1.562499,6.809851,0.954569,2.246442,-1.986594,0
2017-11-15,sh.600000,12.6000,12.6300,12.5500,12.6000,12.6000,28076530,353327083.0000,3,0.099903,1,0.000000,6.809851,0.954569,2.246442,-1.986594,0
2017-11-16,sh.600000,12.5700,12.5700,12.3800,12.3900,12.6000,35680762,444238625.0000,3,0.126961,1,-1.666667,6.696354,0.938659,2.209001,-1.953484,0
2017-11-17,sh.600000,12.3800,12.8000,12.3800,12.7800,12.3900,109336535,1378873267.0000,3,0.389046,1,3.147695,6.907135,0.968205,2.278534,-2.014974,0
2017-11-20,sh.600000,12.7000,12.8600,12.6100,12.8500,12.7800,61495420,783077227.0000,3,0.218816,1,0.547736,6.944967,0.973509,2.291014,-2.026010,0
2017-11-21,sh.600000,12.8100,13.1700,12.7500,12.9400,12.8500,116179412,1512638142.0000,3,0.413394,1,0.700383,6.993609,0.980327,2.307060,-2.040200,0
2017-11-22,sh.600000,13.0000,13.4400,13.0000,13.2300,12.9400,114576266,1513356223.0000,3,0.407690,1,2.241113,7.150344,1.002297,2.358764,-2.085923,0
2017-11-23,sh.600000,13.2400,13.3200,12.9100,13.0600,13.2300,81912602,1076890039.0000,3,0.291465,1,-1.284952,7.058465,0.989418,2.328455,-2.059120,0
2017-11-24,sh.600000,13.1100,13.1800,12.9300,13.0900,13.0600,59612483,777699709.0000,3,0.212116,1,0.229707,7.074679,0.991691,2.333803,-2.063850,0
2017-11-27,sh.600000,13.0900,13.1200,12.8100,13.1000,13.0900,79250273,1028510255.0000,3,0.281992,1,0.076396,7.080083,0.992448,2.335586,-2.065427,0
2017-11-28,sh.600000,13.0300,13.0700,12.9200,12.9400,13.1000,34031908,441466983.0000,3,0.121094,1,-1.221380,6.993609,0.980327,2.307060,-2.040200,0
2017-11-29,sh.600000,12.9500,13.0400,12.8100,12.9400,12.9400,41846783,540439739.0000,3,0.148901,1,0.000000,6.993609,0.980327,2.307060,-2.040200,0
2017-11-30,sh.600000,12.9100,12.9500,12.8000,12.9100,12.9400,39916356,513785829.0000,3,0.142032,1,-0.231837,6.977395,0.978054,2.301711,-2.035470,0
2017-12-01,sh.600000,12.9300,12.9500,12.8100,12.9100,12.9100,38577445,496330241.0000,3,0.137268,1,0.000000,6.977395,0.978054,2.301711,-2.035470,0
2017-12-04,sh.600000,12.8700,12.9400,12.8400,12.9200,12.9100,36479233,470155474.0000,3,0.129802,1,0.077461,6.982800,0.978812,2.303494,-2.037047,0
2017-12-05,sh.600000,12.9200,13.2700,12.9100,13.1700,12.9200,123796797,1623138207.0000,3,0.440499,1,1.934985,7.117916,0.997752,2.348067,-2.076463,0
2017-12-06,sh.600000,13.1200,13.1600,12.9100,12.9600,13.1700,43564931,566372423.0000,3,0.155015,1,-1.594533,7.004418,0.981842,2.310626,-2.043354,0
2017-12-07,sh.600000,12.9500,13.0300,12.9100,12.9600,12.9600,34802229,451233524.0000,3,0.123835,1,0.000000,7.004418,0.981842,2.310626,-2.043354,0
2017-12-08,sh.600000,12.9800,12.9900,12.8700,12.9300,12.9600,31296221,404411517.0000,3,0.111360,1,-0.231479,6.988205,0.979569,2.305277,-2.038624,0
2017-12-11,sh.600000,12.9200,13.0400,12.8500,12.9700,12.9300,36649902,474566888.0000,3,0.130409,1,0.309358,7.009823,0.982600,2.312409,-2.044930,0
2017-12-12,sh.600000,12.9700,12.9700,12.7400,12.7500,12.9700,30370097,390113096.0000,3,0.108064,1,-1.696224,6.890921,0.965933,2.273185,-2.010244,0
2017-12-13,sh.600000,12.8000,12.8100,12.6300,12.7400,12.7500,19345338,246331123.0000,3,0.068835,1,-0.078433,6.885516,0.965175,2.271402,-2.008667,0
2017-12-14,sh.600000,12.7900,12.7900,12.6600,12.6900,12.7400,16141678,205219487.0000,3,0.057436,1,-0.392466,6.858493,0.961387,2.262488,-2.000784,0
2017-12-15,sh.600000,12.6900,12.7300,12.6100,12.6200,12.6900,16210108,205323767.0000,3,0.057679,1,-0.551613,6.820661,0.956084,2.250008,-1.989747,0
2017-12-18,sh.600000,12.7100,12.7100,12.6100,12.6500,12.6200,13445648,170140035.0000,3,0.047843,1,0.237716,6.836874,0.958357,2.255356,-1.994477,0
2017-12-19,sh.600000,12.6500,12.7600,12.6200,12.7500,12.6500,18399603,233884666.0000,3,0.065470,1,0.790517,6.890921,0.965933,2.273185,-2.010244,0
2017-12-20,sh.600000,12.7600,12.7600,12.6000,12.7300,12.7500,26639844,337603451.0000,3,0.094791,1,-0.156866,6.880112,0.964417,2.269619,-2.007090,0
2017-12-21,sh.600000,12.6700,12.7800,12.6000,12.7000,12.7300,21052388,267624195.0000,3,0.074909,1,-0.235662,6.863898,0.962145,2.264271,-2.002360,0
2017-12-22,sh.600000,12.6800,12.7200,12.6100,12.6200,12.7000,16076938,203468779.0000,3,0.057206,1,-0.629921,6.820661,0.956084,2.250008,-1.989747,0
2017-12-25,sh.600000,12.6100,12.6800,12.5600,12.5900,12.6200,19306662,243553698.0000,3,0.068698,1,-0.237716,6.804447,0.953811,2.244659,-1.985017,0
2017-12-26,sh.600000,12.5700,12.6600,12.5600,12.6400,12.5900,15225722,192219131.0000,3,0.054177,1,0.397142,6.831470,0.957599,2.253573,-1.992900,0
2017-12-27,sh.600000,12.6500,12.6600,12.5300,12.6200,12.6400,32731881,412197987.0000,3,0.116468,1,-0.158231,6.820661,0.956084,2.250008,-1.989747,0
2017-12-28,sh.600000,12.6000,12.6600,12.5300,12.5400,12.6200,23870824,300834017.0000,3,0.084938,1,-0.633914,6.777423,0.950023,2.235744,-1.977134,0
2017-12-29,sh.600000,12.5200,12.6200,12.5100,12.5900,12.5400,16351826,205752875.0000,3,0.058184,1,0.398726,6.804447,0.953811,2.244659,-1.985017,0
2018-01-02,sh.600000,12.6100,12.7700,12.6000,12.7200,12.5900,31323053,398614966.0000,3,0.111455,1,1.032566,6.874707,0.963660,2.267837,-2.005514,0
2018-01-03,sh.600000,12.7300,12.8000,12.6600,12.6600,12.7200,37839101,480954809.0000,3,0.134641,1,-0.471701,6.842279,0.959114,2.257139,-1.996054,0
2018-01-04,sh.600000,12.7000,12.7300,12.6200,12.6600,12.6600,27883804,353205838.0000,3,0.099217,1,0.000000,6.842279,0.959114,2.257139,-1.996054,0
2018-01-05,sh.600000,12.6700,12.7100,12.6200,12.6900,12.6600,31026744,393058250.0000,3,0.110401,1,0.236965,6.858493,0.961387,2.262488,-2.000784,0
2018-01-08,sh.600000,12.6900,12.7100,12.6300,12.6800,12.6900,31389887,397842209.0000,3,0.111693,1,-0.078797,6.861806,0.960630,2.207251,-1.999207,0
2018-01-09,sh.600000,12.6800,12.7400,12.6600,12.7000,12.6800,26215432,332848333.0000,3,0.093281,1,0.157725,6.872629,0.962145,2.210732,-2.002360,0
2018-01-10,sh.600000,12.7000,13.0900,12.6800,13.0200,12.7000,90679990,1174202006.0000,3,0.322661,1,2.519690,7.045798,0.986388,2.266435,-2.052814,0
2018-01-11,sh.600000,12.9500,13.0400,12.8700,12.9400,13.0200,37816412,489588906.0000,3,0.134560,1,-0.614446,7.002506,0.980327,2.252510,-2.040200,0
2018-01-12,sh.600000,12.9700,13.0000,12.9000,12.9100,12.9400,24203419,313215088.0000,3,0.086122,1,-0.231837,6.986271,0.978054,2.247287,-2.035470,0
2018-01-15,sh.600000,12.8800,13.0800,12.8500,13.0200,12.9100,61320680,796861091.0000,3,0.218194,1,0.852058,7.045798,0.986388,2.266435,-2.052814,0
2018-01-16,sh.600000,12.9700,13.0600,12.7800,12.9000,13.0200,74892652,963701144.0000,3,0.266486,1,-0.921665,6.980860,0.977297,2.245547,-2.033894,0
2018-01-17,sh.600000,12.9100,13.4200,12.8900,13.1000,12.9000,127132813,1675235171.0000,3,0.452369,1,1.550394,7.089090,0.992448,2.280361,-2.065427,0
2018-01-18,sh.600000,13.1400,13.2500,13.0500,13.2400,13.1000,111608076,1465159094.0000,3,0.397129,1,1.068698,7.164851,1.003055,2.304732,-2.087500,0
2018-01-19,sh.600000,13.3300,13.6100,13.1800,13.2400,13.2400,171648871,2300220633.0000,3,0.610768,1,0.000000,7.164851,1.003055,2.304732,-2.087500,0
2018-01-22,sh.600000,12.9300,13.1500,12.7100,12.7700,13.2400,272513808,3514775144.0000,3,0.969670,1,-3.549844,6.910510,0.967448,2.222917,-2.013397,0
2018-01-23,sh.600000,12.7500,12.9200,12.6800,12.9000,12.7700,217827457,2791828653.0000,3,0.775083,1,1.018004,6.980860,0.977297,2.245547,-2.033894,0
2018-01-24,sh.600000,12.9700,14.0000,12.8900,13.5700,12.9000,379653632,5099364114.0000,3,1.350900,1,5.193799,7.343432,1.028055,2.362176,-2.139530,0
2018-01-25,sh.600000,13.5400,13.7600,13.3600,13.6500,13.5700,176989631,2400208784.0000,3,0.629772,1,0.589535,7.386724,1.034116,2.376102,-2.152143,0
2018-01-26,sh.600000,13.6500,13.7200,13.3600,13.4100,13.6500,218419685,2954019925.0000,3,0.777190,1,-1.758240,7.256847,1.015934,2.334324,-2.114303,0
2018-01-29,sh.600000,13.4800,13.5300,13.3200,13.4600,13.4100,153783104,2065139247.0000,3,0.547198,1,0.372858,7.283905,1.019722,2.343028,-2.122187,0
2018-01-30,sh.600000,13.4500,13.4900,13.0900,13.1100,13.4600,107804018,1429924976.0000,3,0.383593,1,-2.600300,7.094502,0.993206,2.282102,-2.067004,0
2018-01-31,sh.600000,13.0500,13.1900,12.9800,13.1700,13.1100,117703264,1541960901.0000,3,0.418817,1,0.457669,7.126971,0.997752,2.292547,-2.076463,0
2018-02-01,sh.600000,13.1400,13.3300,12.9400,13.3000,13.1700,173573331,2289044601.0000,3,0.617616,1,0.987093,7.197321,1.007600,2.315176,-2.096960,0
2018-02-02,sh.600000,13.1900,13.1900,13.0100,13.1400,13.3000,71796780,941467191.0000,3,0.255470,1,-1.203006,7.110736,0.995479,2.287324,-2.071733,0
2018-02-05,sh.600000,13.0000,13.5400,12.9800,13.4900,13.1400,150149657,2006361757.0000,3,0.534269,1,2.663618,7.300139,1.021995,2.348250,-2.126917,0
2018-02-06,sh.600000,13.2900,13.5000,13.2000,13.4800,13.4900,244358992,3270199180.0000,3,0.869488,1,-0.074131,7.294728,1.021237,2.346509,-2.125340,0
2018-02-07,sh.600000,13.5800,13.9000,13.2400,13.4500,13.4800,200770115,2720519687.0000,3,0.714389,1,-0.222550,7.278493,1.018964,2.341287,-2.120610,0
2018-02-08,sh.600000,13.3400,13.4000,12.9500,13.1000,13.4500,109426872,1438198801.0000,3,0.389367,1,-2.602226,7.089090,0.992448,2.280361,-2.065427,0
2018-02-09,sh.600000,12.8900,12.9800,12.2400,12.7800,13.1000,149257356,1877264356.0000,3,0.531094,1,-2.442753,6.915922,0.968205,2.224658,-2.014974,0
2018-02-12,sh.600000,12.6600,12.6800,12.4300,12.4900,12.7800,64799197,811027710.0000,3,0.230571,1,-2.269170,6.758988,0.946235,2.174177,-1.969250,0
2018-02-13,sh.600000,12.5500,12.6800,12.5000,12.5100,12.4900,54900214,690054113.0000,3,0.195348,1,0.160132,6.769811,0.947750,2.177658,-1.972404,0
2018-02-14,sh.600000,12.5000,12.5500,12.3800,12.4600,12.5100,32597811,406060202.0000,3,0.115991,1,-0.399682,6.742753,0.943962,2.168954,-1.964520,0
2018-02-22,sh.600000,12.6000,12.6800,12.5300,12.6300,12.4600,42012285,529856471.0000,3,0.149490,1,1.364367,6.834749,0.956842,2.198547,-1.991324,0
2018-02-23,sh.600000,12.6600,12.7800,12.5900,12.7200,12.6300,38736515,491768409.0000,3,0.137834,1,0.712590,6.883452,0.963660,2.214213,-2.005514,0
2018-02-26,sh.600000,12.7700,12.8400,12.6100,12.7300,12.7200,48806055,620261080.0000,3,0.173664,1,0.078611,6.888864,0.964417,2.215954,-2.007090,0
2018-02-27,sh.600000,12.7500,12.7600,12.6100,12.6900,12.7300,48561087,615622149.0000,3,0.172792,1,-0.314218,6.867218,0.961387,2.208991,-2.000784,0
2018-02-28,sh.600000,12.6100,12.6600,12.4400,12.4600,12.6900,39888938,499258844.0000,3,0.141935,1,-1.812447,6.742753,0.943962,2.168954,-1.964520,0
2018-03-01,sh.600000,12.4000,12.5000,12.3800,12.4700,12.4600,34491031,429574072.0000,3,0.122727,1,0.080259,6.748165,0.944720,2.170695,-1.966097,0
2018-03-02,sh.600000,12.4000,12.4600,12.3600,12.4100,12.4700,23024132,285473130.0000,3,0.081925,1,-0.481158,6.715695,0.940174,2.160251,-1.956637,0
2018-03-05,sh.600000,12.4100,12.4800,12.3400,12.4200,12.4100,29343464,363849705.0000,3,0.104411,1,0.080582,6.721107,0.940932,2.161991,-1.958214,0
2018-03-06,sh.600000,12.4800,12.5100,12.3800,12.4900,12.4200,27222668,339015159.0000,3,0.096865,1,0.563605,6.758988,0.946235,2.174177,-1.969250,0
2018-03-07,sh.600000,12.5100,12.6000,12.4600,12.4900,12.4900,38817575,487036820.0000,3,0.138122,1,0.000000,6.758988,0.946235,2.174177,-1.969250,0
2018-03-08,sh.600000,12.5500,12.5500,12.4000,12.4700,12.4900,22164132,276013913.0000,3,0.078865,1,-0.160124,6.748165,0.944720,2.170695,-1.966097,0
2018-03-09,sh.600000,12.4900,12.5100,12.4200,12.4800,12.4700,23558287,293550899.0000,3,0.083826,1,0.080187,6.753576,0.945478,2.172436,-1.967674,0
2018-03-12,sh.600000,12.5300,12.5400,12.4600,12.5000,12.4800,25161821,314544074.0000,3,0.089532,1,0.160260,6.764399,0.946993,2.175917,-1.970827,0
2018-03-13,sh.600000,12.5000,12.5800,12.4300,12.4900,12.5000,25145000,314545358.0000,3,0.089472,1,-0.080002,6.758988,0.946235,2.174177,-1.969250,0
2018-03-14,sh.600000,12.4500,12.4500,12.3800,12.3900,12.4900,22804603,282970086.0000,3,0.081144,1,-0.800636,6.704872,0.938659,2.156769,-1.953484,0
2018-03-15,sh.600000,12.3500,12.4100,12.3400,12.3900,12.3900,17287774,213972089.0000,3,0.061514,1,0.000000,6.704872,0.938659,2.156769,-1.953484,0
2018-03-16,sh.600000,12.3600,12.4000,12.3000,12.3000,12.3900,26781399,330778426.0000,3,0.095295,1,-0.726394,6.656169,0.931841,2.141103,-1.939294,0
2018-03-19,sh.600000,12.3100,12.3300,12.2600,12.3100,12.3000,16896048,207819310.0000,3,0.060120,1,0.081303,6.661580,0.932599,2.142843,-1.940871,0
2018-03-20,sh.600000,12.2800,12.3900,12.2500,12.3200,12.3100,20672283,254187843.0000,3,0.073557,1,0.081229,6.666992,0.933356,2.144584,-1.942447,0
2018-03-21,sh.600000,12.3400,12.4000,12.2800,12.2900,12.3200,23878465,294872209.0000,3,0.084965,1,-0.243504,6.650757,0.931083,2.139362,-1.937717,0
2018-03-22,sh.600000,12.3500,12.3500,12.2500,12.2500,12.2900,22948484,281975042.0000,3,0.081656,1,-0.325468,6.629111,0.928053,2.132399,-1.931411,0
2018-03-23,sh.600000,12.0000,12.0600,11.6400,11.7100,12.2500,57106391,676679666.0000,3,0.203198,1,-4.408163,6.336889,0.887143,2.038399,-1.846271,0
2018-03-26,sh.600000,11.7100,11.7500,11.5000,11.6100,11.7100,36425054,422233460.0000,3,0.129609,1,-0.853974,6.282774,0.879567,2.020992,-1.830504,0
2018-03-27,sh.600000,11.7000,11.7700,11.5600,11.6200,11.6100,27332809,318586664.0000,3,0.097257,1,0.086135,6.288185,0.880325,2.022733,-1.832081,0
2018-03-28,sh.600000,11.5300,11.7500,11.5200,11.5700,11.6200,22911282,266121467.0000,3,0.081524,1,-0.430294,6.261128,0.876537,2.014029,-1.824198,0
2018-03-29,sh.600000,11.5700,11.7100,11.4500,11.6200,11.5700,33108805,383064999.0000,3,0.117809,1,0.432154,6.288185,0.880325,2.022733,-1.832081,0
2018-03-30,sh.600000,11.6300,11.6900,11.6100,11.6500,11.6200,23271965,270987701.0000,3,0.082807,1,0.258173,6.304420,0.882597,2.027955,-1.836811,0
2018-04-02,sh.600000,11.6800,11.8200,11.6500,11.7100,11.6500,27719599,325667590.0000,3,0.098633,1,0.515025,6.336889,0.887143,2.038399,-1.846271,0
2018-04-03,sh.600000,11.6600,11.6700,11.5400,11.5600,11.7100,18303514,211906876.0000,3,0.065128,1,-1.280953,6.255716,0.875779,2.012288,-1.822621,0
2018-04-04,sh.600000,11.6100,11.6500,11.5300,11.5300,11.5600,19637509,227689712.0000,3,0.069875,1,-0.259522,6.239482,0.873506,2.007066,-1.817891,0
2018-04-09,sh.600000,11.5300,11.5900,11.4900,11.5000,11.5300,16722481,192709506.0000,3,0.059503,1,-0.260188,6.223247,0.871233,2.001844,-1.813161,0
2018-04-10,sh.600000,11.5200,11.7900,11.5100,11.7700,11.5000,28748298,336076808.0000,3,0.102293,1,2.347830,6.369358,0.891688,2.048844,-1.855731,0
2018-04-11,sh.600000,11.7900,12.0200,11.7500,11.9100,11.7700,31298519,372471249.0000,3,0.111368,1,1.189459,6.445119,0.902295,2.073214,-1.877804,0
2018-04-12,sh.600000,11.9100,11.9600,11.7600,11.7800,11.9100,18824289,222769476.0000,3,0.066981,1,-1.091521,6.374770,0.892446,2.050584,-1.857307,0
2018-04-13,sh.600000,11.8300,11.8900,11.6900,11.6900,11.7800,14094853,166015524.0000,3,0.050153,1,-0.764008,6.326066,0.885628,2.034918,-1.843118,0
2018-04-16,sh.600000,11.8000,11.8000,11.5400,11.5500,11.6900,23720095,275070676.0000,3,0.084402,1,-1.197600,6.250305,0.875021,2.010548,-1.821044,0
2018-04-17,sh.600000,11.5600,11.7000,11.5500,11.5500,11.5500,25469983,296234022.0000,3,0.090628,1,0.000000,6.250305,0.875021,2.010548,-1.821044,0
2018-04-18,sh.600000,11.7500,11.7900,11.6600,11.7300,11.5500,26295275,308485462.0000,3,0.093565,1,1.558436,6.347712,0.888658,2.041881,-1.849424,0
2018-04-19,sh.600000,11.8000,11.8900,11.7600,11.8000,11.7300,16553270,195771190.0000,3,0.058901,1,0.596766,6.385593,0.893961,2.054066,-1.860461,0
2018-04-20,sh.600000,11.7400,11.7900,11.5700,11.6100,11.8000,18377407,213965166.0000,3,0.065391,1,-1.610174,6.282774,0.879567,2.020992,-1.830504,0
2018-04-23,sh.600000,11.5600,11.7500,11.5300,11.6000,11.6100,18181610,211046456.0000,3,0.064695,1,-0.086126,6.277362,0.878809,2.019251,-1.828928,0
2018-04-24,sh.600000,11.5600,11.7800,11.5600,11.7800,11.6000,23032861,269871844.0000,3,0.081956,1,1.551718,6.374770,0.892446,2.050584,-1.857307,0
2018-04-25,sh.600000,11.7100,11.7700,11.6500,11.6600,11.7800,16082634,188149247.0000,3,0.057226,1,-1.018675,6.309831,0.883355,2.029696,-1.838388,0
2018-04-26,sh.600000,11.7300,11.7800,11.5500,11.5700,11.6600,18205794,211987526.0000,3,0.064781,1,-0.771871,6.261128,0.876537,2.014029,-1.824198,0
2018-04-27,sh.600000,11.5800,11.6700,11.5500,11.6100,11.5700,23450783,272328553.0000,3,0.083444,1,0.345721,6.282774,0.879567,2.020992,-1.830504,0
2018-05-02,sh.600000,11.3300,11.3300,10.9700,11.0300,11.6100,69325684,769050164.0000,3,0.246678,1,-4.995693,5.984241,0.812838,1.958545,12.978691,0
2018-05-03,sh.600000,10.9900,11.0100,10.8300,10.9200,11.0300,34665572,378055362.0000,3,0.123349,1,-0.997277,5.924562,0.804732,1.939013,12.849257,0
2018-05-04,sh.600000,10.9100,10.9400,10.8000,10.8300,10.9200,22253089,241749748.0000,3,0.079182,1,-0.824177,5.875733,0.798099,1.923032,12.743357,0
2018-05-07,sh.600000,10.8200,10.8900,10.7600,10.8400,10.8300,27425378,297162770.0000,3,0.097586,1,0.092338,5.881158,0.798836,1.924808,12.755123,0
2018-05-08,sh.600000,10.8400,10.9700,10.8100,10.9500,10.8400,28796453,314537694.0000,3,0.102465,1,1.014757,5.940838,0.806943,1.944340,12.884557,0
2018-05-09,sh.600000,10.9500,11.0000,10.8900,10.9300,10.9500,18510621,202375456.0000,3,0.065865,1,-0.182644,5.929987,0.805469,1.940789,12.861024,0
2018-05-10,sh.600000,10.9800,11.0000,10.9100,10.9500,10.9300,16030500,175546224.0000,3,0.057040,1,0.182978,5.940838,0.806943,1.944340,12.884557,0
2018-05-11,sh.600000,11.0000,11.0100,10.9400,10.9500,10.9500,22015135,241676135.0000,3,0.078335,1,0.000000,5.940838,0.806943,1.944340,12.884557,0
2018-05-14,sh.600000,10.9700,11.0500,10.9600,11.0000,10.9500,23763310,261553535.0000,3,0.084556,1,0.456623,5.967965,0.810627,1.953219,12.943391,0
2018-05-15,sh.600000,11.0300,11.0500,10.8800,10.9900,11.0000,23548459,258018710.0000,3,0.083791,1,-0.090911,5.962540,0.809890,1.951443,12.931624,0
2018-05-16,sh.600000,10.9300,10.9600,10.8600,10.8700,10.9900,23580345,257351420.0000,3,0.083905,1,-1.091901,5.897435,0.801047,1.930135,12.790423,0
2018-05-17,sh.600000,10.8600,10.9100,10.8100,10.8300,10.8700,18474690,200668980.0000,3,0.065737,1,-0.367985,5.875733,0.798099,1.923032,12.743357,0
2018-05-18,sh.600000,10.8500,10.9000,10.8100,10.9000,10.8300,21717105,235717339.0000,3,0.077275,1,0.646350,5.913711,0.803258,1.935462,12.825724,0
2018-05-21,sh.600000,10.9800,10.9800,10.9000,10.9400,10.9000,23393724,255891648.0000,3,0.083241,1,0.366972,5.935413,0.806206,1.942565,12.872791,0
2018-05-22,sh.600000,10.9400,10.9500,10.8500,10.8800,10.9400,16014501,174138743.0000,3,0.056983,1,-0.548441,5.902860,0.801784,1.931911,12.802190,0
2018-05-23,sh.600000,10.8800,10.8900,10.7900,10.8000,10.8800,21194469,229712309.0000,3,0.075415,1,-0.735293,5.859457,0.795889,1.917705,12.708056,0
2018-05-24,sh.600000,10.8300,10.8400,10.7600,10.7900,10.8000,15229580,164430466.0000,3,0.054191,1,-0.092595,5.854031,0.795152,1.915930,12.696290,0
2018-05-25,sh.600000,10.8300,10.8300,10.6800,10.7100,10.7900,19016226,204634790.0000,3,0.067664,1,-0.741426,5.810628,0.789256,1.901725,12.602156,0
2018-05-28,sh.600000,10.7100,10.7900,10.6100,10.7600,10.7100,18370343,196979804.0000,3,0.065366,1,0.466855,5.837755,0.792941,1.910603,12.660990,0
2018-05-29,sh.600000,10.7000,10.7400,10.6100,10.6400,10.7600,16933980,180559166.0000,3,0.060255,1,-1.115241,5.772650,0.784098,1.889295,12.519789,0
2018-05-30,sh.600000,10.5600,10.6000,10.3900,10.4400,10.6400,32230788,338274421.0000,3,0.114685,1,-1.879706,5.664142,0.769359,1.853782,12.284455,0
2018-05-31,sh.600000,10.4600,10.6900,10.4600,10.5500,10.4400,45532670,480871723.0000,3,0.162016,1,1.053646,5.723821,0.777465,1.873314,12.413888,0
2018-06-01,sh.600000,10.6000,10.6900,10.5300,10.6800,10.5500,18365527,195167690.0000,3,0.065349,1,1.232229,5.794352,0.787045,1.896398,12.566856,0
2018-06-04,sh.600000,10.7600,10.8300,10.7000,10.7500,10.6800,16180325,174154210.0000,3,0.057574,1,0.655428,5.832330,0.792204,1.908827,12.649223,0
2018-06-05,sh.600000,10.7100,10.7500,10.6100,10.6600,10.7500,18692609,199025891.0000,3,0.066513,1,-0.837211,5.783501,0.785572,1.892846,12.543322,0
2018-06-06,sh.600000,10.6400,10.6400,10.5300,10.5500,10.6600,14983603,158227437.0000,3,0.053315,1,-1.031892,5.723821,0.777465,1.873314,12.413888,0
2018-06-07,sh.600000,10.5600,10.6600,10.5100,10.6200,10.5500,23355633,247771033.0000,3,0.083105,1,0.663504,5.761799,0.782624,1.885744,12.496256,0
2018-06-08,sh.600000,10.5500,10.5700,10.3700,10.4200,10.6200,27181997,283822904.0000,3,0.096720,1,-1.883237,5.653291,0.767885,1.850231,12.260921,0
2018-06-11,sh.600000,10.3800,10.4300,10.2800,10.4200,10.4200,18004293,186272758.0000,3,0.064064,1,0.000000,5.653291,0.767885,1.850231,12.260921,0
2018-06-12,sh.600000,10.4100,10.4100,10.3000,10.3500,10.4200,16085667,166400389.0000,3,0.057237,1,-0.671782,5.615313,0.762727,1.837801,12.178554,0
2018-06-13,sh.600000,10.3000,10.3300,10.1800,10.2100,10.3500,19961576,204624613.0000,3,0.071028,1,-1.352660,5.539357,0.752410,1.812942,12.013820,0
2018-06-14,sh.600000,10.1600,10.2600,10.1600,10.2200,10.2100,17557528,179339350.0000,3,0.062474,1,0.097945,5.544782,0.753147,1.814718,12.025587,0
2018-06-15,sh.600000,10.2200,10.3400,10.1900,10.3000,10.2200,19914990,204800278.0000,3,0.070862,1,0.782778,5.588186,0.759042,1.828923,12.119721,0
2018-06-19,sh.600000,10.2300,10.2400,9.8100,9.9200,10.3000,42988471,432159776.0000,3,0.152963,1,-3.689322,5.382020,0.731039,1.761448,11.672585,0
2018-06-20,sh.600000,9.9200,9.9800,9.8700,9.8900,9.9200,18915740,187504468.0000,3,0.067307,1,-0.302417,5.365743,0.728828,1.756121,11.637285,0
2018-06-21,sh.600000,9.8800,9.9800,9.7500,9.8300,9.8900,23636961,234236776.0000,3,0.084106,1,-0.606678,5.333191,0.724406,1.745467,11.566685,0
2018-06-22,sh.600000,9.8300,9.8300,9.6700,9.7600,9.8300,25040001,243586307.0000,3,0.089098,1,-0.712103,5.295213,0.719248,1.733038,11.484318,0
2018-06-25,sh.600000,9.7700,9.8200,9.5500,9.5600,9.7600,24244380,234851670.0000,3,0.086267,1,-2.049178,5.186704,0.704509,1.697524,11.248983,0
2018-06-26,sh.600000,9.6000,9.6000,9.3500,9.4800,9.5600,24424095,231698549.0000,3,0.086907,1,-0.836829,5.143301,0.698613,1.683319,11.154850,0
2018-06-27,sh.600000,9.4100,9.5300,9.3600,9.3700,9.4800,24913770,234831869.0000,3,0.088649,1,-1.160334,5.083621,0.690507,1.663787,11.025416,0
2018-06-28,sh.600000,9.3300,9.6100,9.3200,9.5000,9.3700,30741337,290768015.0000,3,0.109385,1,1.387408,5.154152,0.700087,1.686871,11.178383,0
2018-06-29,sh.600000,9.5600,9.6000,9.4500,9.5600,9.5000,19493546,185831802.0000,3,0.069363,1,0.631583,5.186704,0.704509,1.697524,11.248983,0
2018-07-02,sh.600000,9.5500,9.5500,9.2300,9.2900,9.5600,22669089,212743905.0000,3,0.080662,1,-2.824272,5.040218,0.684612,1.649582,10.931282,0
2018-07-03,sh.600000,9.2900,9.3800,9.2000,9.3500,9.2900,24123551,224816757.0000,3,0.085837,1,0.645860,5.072770,0.689033,1.660236,11.001882,0
2018-07-04,sh.600000,9.3400,9.4200,9.2800,9.3100,9.3500,14464777,135000876.0000,3,0.051469,1,-0.427807,5.051069,0.686086,1.653133,10.954815,0
2018-07-05,sh.600000,9.2600,9.3500,9.2200,9.2600,9.3100,16495438,152978661.0000,3,0.058695,1,-0.537059,5.023942,0.682401,1.644255,10.895982,0
2018-07-06,sh.600000,9.3100,9.4300,9.1700,9.3700,9.2600,22594443,210564106.0000,3,0.080397,1,1.187901,5.083621,0.690507,1.663787,11.025416,0
2018-07-09,sh.600000,9.3700,9.6300,9.3700,9.6000,9.3700,22172565,212109327.0000,3,0.078895,1,2.454648,5.208406,0.707457,1.704627,11.296050,0
2018-07-10,sh.600000,9.6100,9.6500,9.5000,9.5700,9.6000,12402837,118668133.0000,3,0.044132,1,-0.312507,5.192130,0.705246,1.699300,11.260750,0
2018-07-11,sh.600000,9.3700,9.4400,9.3200,9.3800,9.5700,15203933,142450919.0000,3,0.054099,1,-1.985367,5.089047,0.691244,1.665563,11.037182,0
2018-07-12,sh.600000,9.4100,9.6100,9.3900,9.5700,9.3800,19704837,188206858.0000,3,0.070115,1,2.025582,5.192130,0.705246,1.699300,11.260750,0
2018-07-13,sh.600000,9.5700,9.5800,9.4600,9.4900,9.4700,15026339,142708347.0000,3,0.053467,1,0.211188,5.148726,0.699350,1.685095,11.166616,0
2018-07-16,sh.600000,9.5000,9.5400,9.3400,9.4100,9.4900,14414119,135697106.0000,3,0.051289,1,-0.842992,5.105323,0.693455,1.670890,11.072483,0
2018-07-17,sh.600000,9.4100,9.4800,9.3800,9.4400,9.4100,13713495,129512091.0000,3,0.048796,1,0.318807,5.121599,0.695666,1.676217,11.107783,0
2018-07-18,sh.600000,9.5100,9.6400,9.4800,9.5100,9.4400,18922700,180858003.0000,3,0.067332,1,0.741532,5.159577,0.700824,1.688646,11.190150,0
2018-07-19,sh.600000,9.6000,9.6200,9.5300,9.5600,9.5100,18360482,175909129.0000,3,0.065331,1,0.525764,5.186704,0.704509,1.697524,11.248983,0
2018-07-20,sh.600000,9.5600,9.9500,9.4700,9.8700,9.5600,33275650,325018010.0000,3,0.118403,1,3.242672,5.354892,0.727354,1.752570,11.613752,0
2018-07-23,sh.600000,9.9100,10.0300,9.7400,9.9600,9.8700,31484434,311612051.0000,3,0.112029,1,0.911856,5.403721,0.733986,1.768551,11.719652,0
2018-07-24,sh.600000,9.9800,10.1400,9.9700,10.0200,9.9600,36424560,365678865.0000,3,0.129607,1,0.602414,5.436274,0.738408,1.779205,11.790252,0
2018-07-25,sh.600000,10.1200,10.1200,9.9600,10.0200,10.0200,15889970,159153073.0000,3,0.056540,1,0.000000,5.436274,0.738408,1.779205,11.790252,0
2018-07-26,sh.600000,10.0700,10.0800,9.9500,9.9600,10.0200,15206330,151927483.0000,3,0.054108,1,-0.598807,5.403721,0.733986,1.768551,11.719652,0
2018-07-27,sh.600000,9.9600,10.0400,9.9300,9.9900,9.9600,12120067,121060815.0000,3,0.043126,1,0.301202,5.419997,0.736197,1.773878,11.754952,0
2018-07-30,sh.600000,9.9900,10.1600,9.9700,10.1300,9.9900,20096364,202566237.0000,3,0.071508,1,1.401405,5.495953,0.746514,1.798737,11.919686,0
2018-07-31,sh.600000,10.1200,10.2000,10.0000,10.1700,10.1300,18203008,184265064.0000,3,0.064771,1,0.394866,5.517655,0.749462,1.805839,11.966753,0
2018-08-01,sh.600000,10.2600,10.2700,9.9000,9.9100,10.1700,20741884,209512354.0000,3,0.073805,1,-2.556541,5.376594,0.730302,1.759672,11.660818,0
2018-08-02,sh.600000,9.9100,10.0300,9.6600,9.7900,9.9100,24483871,240792864.0000,3,0.087120,1,-1.210897,5.311489,0.721458,1.738365,11.519618,0
2018-08-03,sh.600000,9.7900,9.9800,9.7600,9.8300,9.7900,16997939,168026922.0000,3,0.060483,1,0.408580,5.333191,0.724406,1.745467,11.566685,0
2018-08-06,sh.600000,9.9700,10.0300,9.8700,9.9100,9.8300,17444492,173559265.0000,3,0.062072,1,0.813835,5.376594,0.730302,1.759672,11.660818,0
2018-08-07,sh.600000,9.9400,10.1200,9.9400,10.1100,9.9100,21784661,218926426.0000,3,0.077515,1,2.018162,5.485103,0.745040,1.795185,11.896153,0
2018-08-08,sh.600000,10.1500,10.1500,10.0100,10.0500,10.1100,13461992,135623302.0000,3,0.047901,1,-0.593467,5.452550,0.740619,1.784531,11.825553,0
2018-08-09,sh.600000,10.0000,10.1800,9.9900,10.1400,10.0500,17689853,179007673.0000,3,0.062945,1,0.895524,5.501379,0.747251,1.800512,11.931453,0
2018-08-10,sh.600000,10.1400,10.1400,10.0200,10.0700,10.1400,13172633,132643603.0000,3,0.046871,1,-0.690342,5.463401,0.742093,1.788083,11.849086,0
2018-08-13,sh.600000,10.0000,10.0600,9.9000,9.9800,10.0700,17927668,178552668.0000,3,0.063791,1,-0.893745,5.414572,0.735460,1.772102,11.743186,0
2018-08-14,sh.600000,9.9800,10.0700,9.9500,10.0600,9.9800,15868585,158997523.0000,3,0.056464,1,0.801612,5.457975,0.741356,1.786307,11.837319,0
2018-08-15,sh.600000,10.0600,10.0600,9.9000,9.9000,10.0600,14787033,147639905.0000,3,0.052616,1,-1.590465,5.371169,0.729565,1.757897,11.649052,0
2018-08-16,sh.600000,9.8700,10.1200,9.8400,10.0600,9.9000,24323652,243554060.0000,3,0.086549,1,1.616170,5.457975,0.741356,1.786307,11.837319,0
2018-08-17,sh.600000,10.1600,10.1600,9.9300,9.9800,10.0600,15090455,151684025.0000,3,0.053695,1,-0.795237,5.414572,0.735460,1.772102,11.743186,0
2018-08-20,sh.600000,10.1700,10.1700,10.0100,10.1500,9.9800,26975300,272534557.0000,3,0.095985,1,1.703408,5.506804,0.747988,1.802288,11.943220,0
2018-08-21,sh.600000,10.1800,10.2000,10.0900,10.1200,10.1500,19786535,200852851.0000,3,0.070405,1,-0.295564,5.490528,0.745777,1.796961,11.907920,0
2018-08-22,sh.600000,10.1200,10.1400,10.0000,10.0900,10.1200,11993541,120615691.0000,3,0.042676,1,-0.296440,5.474252,0.743566,1.791634,11.872619,0
2018-08-23,sh.600000,10.1300,10.1400,9.9800,10.0700,10.0900,15537812,156583263.0000,3,0.055287,1,-0.198221,5.463401,0.742093,1.788083,11.849086,0
2018-08-24,sh.600000,10.0600,10.4300,10.0200,10.3000,10.0700,32268837,330331268.0000,3,0.114820,1,2.284017,5.588186,0.759042,1.828923,12.119721,0
2018-08-27,sh.600000,10.3300,10.3500,10.2100,10.3300,10.3000,23266645,239467138.0000,3,0.082788,1,0.291260,5.604462,0.761253,1.834250,12.155021,0
2018-08-28,sh.600000,10.3000,10.3800,10.2500,10.3000,10.3300,14609685,150677769.0000,3,0.051985,1,-0.290414,5.588186,0.759042,1.828923,12.119721,0
2018-08-29,sh.600000,10.2900,10.3200,10.2600,10.3200,10.3000,10362000,106687297.0000,3,0.036871,1,0.194170,5.599036,0.760516,1.832474,12.143254,0
2018-08-30,sh.600000,10.3000,10.4100,10.1700,10.1700,10.3200,18621890,191336868.0000,3,0.066261,1,-1.453485,5.461027,0.726418,1.789310,29.094606,0
2018-08-31,sh.600000,10.1600,10.3600,10.1600,10.3300,10.1700,37311724,383679854.0000,3,0.132764,1,1.573253,5.546943,0.737847,1.817461,29.552338,0
2018-09-03,sh.600000,10.2700,10.3000,10.1700,10.2400,10.3300,14309539,146457275.0000,3,0.050917,1,-0.871250,5.498615,0.731418,1.801626,29.294864,0
2018-09-04,sh.600000,10.2100,10.4000,10.1800,10.3700,10.2400,16353060,168632347.0000,3,0.058188,1,1.269532,5.568422,0.740704,1.824498,29.666771,0
2018-09-05,sh.600000,10.3100,10.3700,10.1200,10.1200,10.3700,22729232,232884783.0000,3,0.080876,1,-2.410800,5.434178,0.722847,1.780513,28.951565,0
2018-09-06,sh.600000,10.1200,10.2300,10.1200,10.1400,10.1200,10546916,107317753.0000,3,0.037528,1,0.197633,5.444918,0.724275,1.784032,29.008781,0
2018-09-07,sh.600000,10.1500,10.2500,10.1200,10.1900,10.1400,8995716,91694437.0000,3,0.032009,1,0.493089,5.471766,0.727847,1.792829,29.151823,0
2018-09-10,sh.600000,10.1600,10.2300,10.1300,10.1800,10.1900,11822813,120376355.0000,3,0.042068,1,-0.098128,5.466397,0.727132,1.791070,29.123214,0
2018-09-11,sh.600000,10.2200,10.2700,9.9800,10.0200,10.1800,19689042,199401394.0000,3,0.070058,1,-1.571708,5.380481,0.715704,1.762919,28.665482,0
2018-09-12,sh.600000,9.9900,10.0700,9.9500,10.0400,10.0200,16506103,165231589.0000,3,0.058733,1,0.199596,5.391220,0.717133,1.766438,28.722699,0
2018-09-13,sh.600000,10.1700,10.3000,10.1100,10.2900,10.0400,29417198,300441533.0000,3,0.104674,1,2.490040,5.525464,0.734989,1.810423,29.437905,0
2018-09-14,sh.600000,10.3600,10.3600,10.2100,10.2600,10.2900,16450780,169083471.0000,3,0.058536,1,-0.291543,5.509355,0.732847,1.805145,29.352080,0
2018-09-17,sh.600000,10.2600,10.2800,10.1000,10.1500,10.2600,10535343,107339083.0000,3,0.037487,1,-1.072131,5.450288,0.724990,1.785792,29.037389,0
2018-09-18,sh.600000,10.1600,10.2600,10.0900,10.2600,10.1500,16684789,170045729.0000,3,0.059369,1,1.083750,5.509355,0.732847,1.805145,29.352080,0
2018-09-19,sh.600000,10.2800,10.2900,10.2000,10.2400,10.2600,18550643,190221692.0000,3,0.066008,1,-0.194936,5.498615,0.731418,1.801626,29.294864,0
2018-09-20,sh.600000,10.2600,10.2800,10.1800,10.2200,10.2400,16307051,166658023.0000,3,0.058024,1,-0.195308,5.487876,0.729990,1.798107,29.237647,0
2018-09-21,sh.600000,10.2400,10.4900,10.1500,10.4900,10.2200,37571431,388504217.0000,3,0.133688,1,2.641874,5.632859,0.749275,1.845611,30.010071,0
2018-09-25,sh.600000,10.3800,10.4700,10.3200,10.3500,10.4900,15879199,164580504.0000,3,0.056502,1,-1.334599,5.557682,0.739275,1.820980,29.609555,0
2018-09-26,sh.600000,10.3900,10.5600,10.3400,10.4100,10.3500,31175799,326010701.0000,3,0.110931,1,0.579705,5.589901,0.743561,1.831536,29.781204,0
2018-09-27,sh.600000,10.4500,10.4800,10.3800,10.4800,10.4100,24182714,252306120.0000,3,0.086048,1,0.672427,5.627489,0.748561,1.843852,29.981462,0
2018-09-28,sh.600000,10.4900,10.7500,10.4400,10.6200,10.4800,37430602,396863685.0000,3,0.133187,1,1.335881,5.702665,0.758561,1.868483,30.381978,0
2018-10-08,sh.600000,10.3900,10.4800,10.1500,10.1600,10.6200,41957276,432913252.0000,3,0.149294,1,-4.331450,5.455657,0.725704,1.787551,29.065998,0
2018-10-09,sh.600000,10.0800,10.2400,10.0700,10.1500,10.1600,23159026,234661842.0000,3,0.082405,1,-0.098427,5.450288,0.724990,1.785792,29.037389,0
2018-10-10,sh.600000,10.1400,10.2800,10.1300,10.1700,10.1500,18124701,184735118.0000,3,0.064492,1,0.197049,5.461027,0.726418,1.789310,29.094606,0
2018-10-11,sh.600000,10.0000,10.0500,9.7100,9.8000,10.1700,39056785,386778863.0000,3,0.138974,1,-3.638150,5.262347,0.699990,1.724213,28.036100,0
2018-10-12,sh.600000,9.9000,10.1000,9.8300,10.0300,9.8000,25145127,250805638.0000,3,0.089472,1,2.346934,5.385851,0.716418,1.764679,28.694090,0
2018-10-15,sh.600000,10.0500,10.1600,9.9700,10.0300,10.0300,13957844,140122866.0000,3,0.049665,1,0.000000,5.385851,0.716418,1.764679,28.694090,0
2018-10-16,sh.600000,10.0300,10.1900,9.9700,10.0500,10.0300,15308344,154272073.0000,3,0.054471,1,0.199406,5.396590,0.717847,1.768198,28.751307,0
2018-10-17,sh.600000,10.1800,10.3100,10.1400,10.2900,10.0500,26520895,271564080.0000,3,0.094368,1,2.388057,5.525464,0.734989,1.810423,29.437905,0
2018-10-18,sh.600000,10.3500,10.3500,10.1600,10.1900,10.2900,22403988,229432798.0000,3,0.079719,1,-0.971821,5.471766,0.727847,1.792829,29.151823,0
2018-10-19,sh.600000,10.2500,10.4300,10.0700,10.3800,10.1900,40331386,414893373.0000,3,0.143509,1,1.864578,5.573792,0.741418,1.826258,29.695380,0
2018-10-22,sh.600000,10.3200,10.7000,10.3200,10.6200,10.3800,47003409,497527573.0000,3,0.167250,1,2.312136,5.702665,0.758561,1.868483,30.381978,0
2018-10-23,sh.600000,10.6400,10.7000,10.4500,10.4500,10.6200,38089035,403493088.0000,3,0.135530,1,-1.600754,5.611380,0.746418,1.838574,29.895637,0
2018-10-24,sh.600000,10.5700,11.0500,10.5200,10.7400,10.4500,59165552,639391016.0000,3,0.210525,1,2.775119,5.767102,0.767132,1.889596,30.725277,0
2018-10-25,sh.600000,10.6000,10.8900,10.5400,10.8400,10.7400,36866593,393987422.0000,3,0.131180,1,0.931102,5.820800,0.774275,1.907190,31.011360,0
2018-10-26,sh.600000,10.8500,10.9800,10.7400,10.9200,10.8400,27519309,298733755.0000,3,0.097920,1,0.738007,5.863758,0.779989,1.921265,31.240226,0
2018-10-29,sh.600000,11.0800,11.1200,10.7100,10.7900,10.9200,35265959,385116491.0000,3,0.125485,1,-1.190477,5.793951,0.770703,1.898393,30.868318,0
2018-10-30,sh.600000,10.9300,11.0500,10.8900,10.9500,10.7900,33086049,363018055.0000,3,0.117728,1,1.482853,5.879867,0.782132,1.926544,31.326051,0
2018-10-31,sh.600000,10.9900,11.0300,10.8700,10.9800,10.9500,21737114,237583046.0000,3,0.077346,1,0.273970,5.799324,0.757521,1.892937,3.101736,0
2018-11-01,sh.600000,11.0500,11.0900,10.8600,10.8900,10.9800,23505322,257781673.0000,3,0.083638,1,-0.819665,5.751789,0.751312,1.877422,3.076312,0
2018-11-02,sh.600000,11.1000,11.2500,10.9400,11.1800,10.8900,47788920,530913675.0000,3,0.170045,1,2.662993,5.904959,0.771319,1.927417,3.158234,0
2018-11-05,sh.600000,11.1500,11.2500,11.0800,11.1400,11.1800,17012759,189481162.0000,3,0.060536,1,-0.357781,5.883832,0.768560,1.920521,3.146934,0
2018-11-06,sh.600000,11.1300,11.1500,11.0000,11.0300,11.1400,18422477,203565760.0000,3,0.065552,1,-0.987438,5.825733,0.760971,1.901557,3.115860,0
2018-11-07,sh.600000,11.0900,11.1000,10.8700,10.9000,11.0300,20843864,228836505.0000,3,0.074168,1,-1.178605,5.757070,0.752002,1.879146,3.079136,0
2018-11-08,sh.600000,11.0500,11.1000,10.9000,11.0600,10.9000,19991683,220506116.0000,3,0.071135,1,1.467897,5.841578,0.763040,1.906729,3.124335,0
2018-11-09,sh.600000,10.9900,11.0300,10.7000,10.7500,11.0600,25570050,277004944.0000,3,0.090984,1,-2.802897,5.677845,0.741653,1.853286,3.036763,0
2018-11-12,sh.600000,10.7700,10.9500,10.7500,10.8000,10.7500,27015827,292478247.0000,3,0.096129,1,0.465118,5.704253,0.745103,1.861906,3.050888,0
2018-11-13,sh.600000,10.6800,10.9000,10.6800,10.8200,10.8000,20708729,223541479.0000,3,0.073687,1,0.185181,5.714817,0.746483,1.865354,3.056537,0
2018-11-14,sh.600000,10.8700,10.8700,10.6800,10.7000,10.8200,17998183,193809658.0000,3,0.064042,1,-1.109056,5.651436,0.738204,1.844666,3.022639,0
2018-11-15,sh.600000,10.7200,10.8100,10.6500,10.7700,10.7000,16580059,178144575.0000,3,0.058996,1,0.654212,5.688408,0.743033,1.856734,3.042413,0
2018-11-16,sh.600000,10.7700,10.8500,10.7100,10.7600,10.7700,21394417,230509596.0000,3,0.076127,1,-0.092853,5.683126,0.742343,1.855010,3.039588,0
2018-11-19,sh.600000,10.8600,10.9000,10.7700,10.8800,10.7600,21384793,231999662.0000,3,0.076092,1,1.115241,5.746507,0.750622,1.875698,3.073487,0
2018-11-20,sh.600000,10.8700,10.8900,10.6500,10.6900,10.8800,21883780,234959214.0000,3,0.077868,1,-1.746328,5.646154,0.737514,1.842942,3.019814,0
2018-11-21,sh.600000,10.6100,10.7200,10.6100,10.6600,10.6900,16027458,170915676.0000,3,0.057030,1,-0.280634,5.630309,0.735444,1.837770,3.011339,0
2018-11-22,sh.600000,10.7300,10.7300,10.5700,10.6400,10.6600,14008305,148745106.0000,3,0.049845,1,-0.187613,5.619746,0.734064,1.834322,3.005689,0
2018-11-23,sh.600000,10.6000,10.6600,10.5000,10.5000,10.6400,14715010,155566104.0000,3,0.052360,1,-1.315793,5.545802,0.724405,1.810186,2.966141,0
2018-11-26,sh.600000,10.6600,10.6600,10.4300,10.5000,10.5000,14377396,151609376.0000,3,0.051158,1,0.000000,5.545802,0.724405,1.810186,2.966141,0
2018-11-27,sh.600000,10.5000,10.6100,10.4500,10.4900,10.5000,15084666,158853285.0000,3,0.053675,1,-0.095240,5.540520,0.723716,1.808462,2.963316,0
2018-11-28,sh.600000,10.5600,10.6200,10.5000,10.5800,10.4900,18339621,193914889.0000,3,0.065257,1,0.857962,5.588056,0.729925,1.823978,2.988740,0
2018-11-29,sh.600000,10.6400,10.7500,10.5400,10.6300,10.5800,20685685,220670065.0000,3,0.073605,1,0.472592,5.614464,0.733374,1.832598,3.002864,0
2018-11-30,sh.600000,10.6500,10.7500,10.6200,10.7100,10.6300,28572651,305468672.0000,3,0.101668,1,0.752586,5.656718,0.738894,1.846390,3.025463,0
2018-12-03,sh.600000,10.9900,11.0500,10.8400,11.0200,10.7100,43049070,472438382.0000,3,0.153179,1,2.894495,5.820451,0.760281,1.899833,3.113035,0
2018-12-04,sh.600000,11.0000,11.0800,10.9700,11.0800,11.0200,20811293,229713745.0000,3,0.074052,1,0.544460,5.852141,0.764420,1.910177,3.129985,0
2018-12-05,sh.600000,10.9900,11.1000,10.9600,11.0000,11.0800,25491217,281189602.0000,3,0.090704,1,-0.722021,5.809888,0.758901,1.896385,3.107385,0
2018-12-06,sh.600000,10.8200,10.9300,10.8200,10.9000,11.0000,23597997,256533148.0000,3,0.083967,1,-0.909094,5.757070,0.752002,1.879146,3.079136,0
2018-12-07,sh.600000,10.9400,11.0300,10.8800,10.8900,10.9000,10580550,115760323.0000,3,0.037648,1,-0.091736,5.751789,0.751312,1.877422,3.076312,0
2018-12-10,sh.600000,10.7700,10.9000,10.7700,10.8300,10.8900,15927563,172346141.0000,3,0.056674,1,-0.550968,5.720098,0.747172,1.867078,3.059362,0
2018-12-11,sh.600000,10.8400,10.9000,10.6900,10.7200,10.8300,17234222,185675067.0000,3,0.061324,1,-1.015694,5.662000,0.739583,1.848114,3.028288,0
2018-12-12,sh.600000,10.8900,10.8900,10.7000,10.7300,10.7200,12448791,134006589.0000,3,0.044296,1,0.093277,5.667281,0.740273,1.849838,3.031113,0
2018-12-13,sh.600000,10.7600,10.8600,10.7300,10.8000,10.7300,19792340,213866046.0000,3,0.070426,1,0.652383,5.704253,0.745103,1.861906,3.050888,0
2018-12-14,sh.600000,10.7400,10.8000,10.5900,10.6200,10.8000,24163831,257441060.0000,3,0.085981,1,-1.666670,5.609182,0.732684,1.830874,3.000039,0
2018-12-17,sh.600000,10.6500,10.7800,10.6200,10.7800,10.6200,19746228,211971706.0000,3,0.070262,1,1.506590,5.693690,0.743723,1.858458,3.045238,0
2018-12-18,sh.600000,10.6800,10.8200,10.5400,10.5700,10.7800,19451677,207318277.0000,3,0.069214,1,-1.948052,5.582774,0.729235,1.822254,2.985915,0
2018-12-19,sh.600000,10.5900,10.6500,10.5400,10.5400,10.5700,13603633,144342542.0000,3,0.048405,1,-0.283820,5.566929,0.727165,1.817082,2.977440,0
2018-12-20,sh.600000,10.5300,10.5900,10.1100,10.2500,10.5400,30069914,309207188.0000,3,0.106996,1,-2.751423,5.413759,0.707158,1.767086,2.895518,0
2018-12-21,sh.600000,10.2300,10.2400,10.0000,10.0700,10.2500,20885862,209975605.0000,3,0.074317,1,-1.756101,5.318688,0.694739,1.736055,2.844670,0
2018-12-24,sh.600000,9.9800,10.0400,9.8600,9.9100,10.0700,22779882,225706451.0000,3,0.081056,1,-1.588876,5.234181,0.683701,1.708471,2.799472,0
2018-12-25,sh.600000,9.7700,9.8600,9.6000,9.7900,9.9100,34810397,337985911.0000,3,0.123864,1,-1.210897,5.170800,0.675422,1.687783,2.765573,0
2018-12-26,sh.600000,9.8100,9.8800,9.6400,9.6700,9.7900,20569202,200359184.0000,3,0.073190,1,-1.225739,5.107419,0.667143,1.667095,2.731674,0
2018-12-27,sh.600000,9.7700,9.8000,9.6600,9.6600,9.6700,27347564,266280883.0000,3,0.097309,1,-0.103415,5.102138,0.666453,1.665371,2.728849,0
2018-12-28,sh.600000,9.7200,9.9500,9.7100,9.8000,9.6600,27404028,269118592.0000,3,0.097510,1,1.449279,5.176082,0.676112,1.689507,2.768398,0
2019-01-02,sh.600000,9.7400,9.7900,9.5800,9.7000,9.8000,23762822,229625669.0000,3,0.084554,1,-1.020412,5.123265,0.669213,1.672267,2.740149,0
2019-01-03,sh.600000,9.7000,9.8200,9.6600,9.8100,9.7000,18654262,181975985.0000,3,0.066376,1,1.134027,5.181363,0.676802,1.691231,2.771223,0
2019-01-04,sh.600000,9.7300,10.0000,9.7000,9.9600,9.8100,27172844,268964563.0000,3,0.096688,1,1.529048,5.228507,0.687150,1.704228,2.813596,0
2019-01-07,sh.600000,10.0900,10.0900,9.9200,9.9800,9.9600,23597376,235440197.0000,3,0.083965,1,0.200798,5.239006,0.688530,1.707650,2.819246,0
2019-01-08,sh.600000,10.0300,10.0300,9.9100,9.9600,9.9800,15104933,150501650.0000,3,0.053747,1,-0.200396,5.228507,0.687150,1.704228,2.813596,0
2019-01-09,sh.600000,10.0600,10.1600,9.9800,9.9900,9.9600,23163720,233890281.0000,3,0.082422,1,0.301202,5.244255,0.689220,1.709361,2.822071,0
2019-01-10,sh.600000,9.9400,10.0200,9.9200,9.9600,9.9900,15923566,158718755.0000,3,0.056660,1,-0.300298,5.228507,0.687150,1.704228,2.813596,0
2019-01-11,sh.600000,10.0300,10.1500,9.9600,10.0500,9.9600,19069069,191290102.0000,3,0.067852,1,0.903616,5.275752,0.693359,1.719628,2.839020,0
2019-01-14,sh.600000,10.0300,10.1000,10.0100,10.0600,10.0500,20352840,204659052.0000,3,0.072420,1,0.099505,5.281002,0.694049,1.721339,2.841845,0
2019-01-15,sh.600000,10.1000,10.1500,10.0500,10.1100,10.0600,15632125,158126136.0000,3,0.055623,1,0.497010,5.307249,0.697499,1.729894,2.855970,0
2019-01-16,sh.600000,10.1000,10.1500,10.0700,10.1300,10.1100,12988340,131354721.0000,3,0.046216,1,0.197828,5.317748,0.698879,1.733316,2.861620,0
2019-01-17,sh.600000,10.1700,10.2800,10.0700,10.1700,10.1300,22766048,232114667.0000,3,0.081007,1,0.394866,5.338746,0.701638,1.740161,2.872919,0
2019-01-18,sh.600000,10.2900,10.4400,10.2200,10.4300,10.1700,29087141,300979124.0000,3,0.103499,1,2.556541,5.475233,0.719576,1.784649,2.946366,0
2019-01-21,sh.600000,10.3600,10.4600,10.3000,10.3500,10.4300,18947789,196394076.0000,3,0.067421,1,-0.767018,5.433237,0.714057,1.770960,2.923767,0
2019-01-22,sh.600000,10.3800,10.3800,10.2300,10.2500,10.3500,16250557,167165417.0000,3,0.057823,1,-0.966187,5.380742,0.707158,1.753849,2.895518,0
2019-01-23,sh.600000,10.2900,10.3400,10.2500,10.2700,10.2500,16520327,170289907.0000,3,0.058783,1,0.195126,5.391241,0.708538,1.757271,2.901168,0
2019-01-24,sh.600000,10.3400,10.3900,10.2700,10.3800,10.2700,15006699,155265972.0000,3,0.053397,1,1.071077,5.448986,0.716127,1.776093,2.932242,0
2019-01-25,sh.600000,10.4500,10.5600,10.3800,10.5000,10.3800,19696587,206935398.0000,3,0.070085,1,1.156068,5.511980,0.724405,1.796626,2.966141,0
2019-01-28,sh.600000,10.5300,10.6600,10.3900,10.4200,10.5000,21769073,229185387.0000,3,0.077460,1,-0.761904,5.469984,0.718886,1.782938,2.943541,0
2019-01-29,sh.600000,10.3900,10.6300,10.3800,10.5800,10.4200,23768004,250301612.0000,3,0.084572,1,1.535507,5.553976,0.729925,1.810315,2.988740,0
2019-01-30,sh.600000,10.5900,10.6400,10.4700,10.5000,10.5800,16054256,169387635.0000,3,0.057125,1,-0.756143,5.511980,0.724405,1.796626,2.966141,0
2019-01-31,sh.600000,10.5900,10.7300,10.5100,10.7300,10.5000,25131034,267614893.0000,3,0.089422,1,2.190472,5.632719,0.740273,1.835981,3.031113,0
2019-02-01,sh.600000,10.8200,10.8200,10.6200,10.7700,10.7300,19119343,204604273.0000,3,0.068031,1,0.372795,5.653717,0.743033,1.842825,3.042413,0
2019-02-11,sh.600000,10.6200,10.7300,10.6200,10.7000,10.7700,20216568,215903077.0000,3,0.071935,1,-0.649960,5.616970,0.738204,1.830848,3.022639,0
2019-02-12,sh.600000,10.7100,10.7300,10.6300,10.7200,10.7000,16769601,179099038.0000,3,0.059670,1,0.186920,5.627469,0.739583,1.834270,3.028288,0
2019-02-13,sh.600000,10.7400,10.9300,10.6800,10.8600,10.7200,30248695,325845959.0000,3,0.107632,1,1.305964,5.700962,0.749242,1.858225,3.067837,0
2019-02-14,sh.600000,10.8500,10.9100,10.8000,10.8200,10.8600,19815286,215023175.0000,3,0.070508,1,-0.368324,5.679964,0.746483,1.851380,3.056537,0
2019-02-15,sh.600000,10.7800,10.8500,10.6600,10.6600,10.8200,17758789,190960435.0000,3,0.063190,1,-1.478742,5.595972,0.735444,1.824003,3.011339,0
2019-02-18,sh.600000,10.7500,10.8700,10.7000,10.8400,10.6600,20102219,217621153.0000,3,0.071529,1,1.688558,5.690463,0.747862,1.854803,3.062187,0
2019-02-19,sh.600000,10.8500,10.9600,10.7800,10.8000,10.8400,25952745,281465131.0000,3,0.092346,1,-0.369003,5.669465,0.745103,1.847958,3.050888,0
2019-02-20,sh.600000,10.9200,10.9200,10.8100,10.8300,10.8000,22286311,242111573.0000,3,0.079300,1,0.277775,5.685214,0.747172,1.853092,3.059362,0
2019-02-21,sh.600000,10.8300,10.9300,10.7500,10.7900,10.8300,25402390,275374197.0000,3,0.090388,1,-0.369344,5.664216,0.744413,1.846247,3.048063,0
2019-02-22,sh.600000,10.7600,11.0100,10.7600,11.0100,10.7900,25907438,281913760.0000,3,0.092185,1,2.038927,5.779705,0.759591,1.883891,3.110210,0
2019-02-25,sh.600000,11.0300,11.9500,11.0300,11.9200,11.0100,93712264,1075040678.0000,3,0.333451,1,8.265212,6.257410,0.822373,2.039598,3.367276,0
2019-02-26,sh.600000,11.9100,12.1500,11.6000,11.6500,11.9200,83643265,990289721.0000,3,0.297623,1,-2.265105,6.115673,0.803745,1.993399,3.291004,0
2019-02-27,sh.600000,11.7100,12.0700,11.6700,11.8300,11.6500,71201603,843023417.0000,3,0.253353,1,1.545067,6.210164,0.816163,2.024199,3.341852,0
2019-02-28,sh.600000,11.8300,11.9200,11.6800,11.7400,11.8300,39393414,464139463.0000,3,0.140171,1,-0.760779,6.162918,0.809954,2.008799,3.316428,0
2019-03-01,sh.600000,11.8100,12.0600,11.6000,12.0200,11.7400,63254621,747753342.0000,3,0.225075,1,2.385015,6.309905,0.829272,2.056709,3.395525,0
2019-03-04,sh.600000,12.1200,12.3800,11.9500,12.0200,12.0200,85024777,1030561509.0000,3,0.302539,1,0.000000,6.309905,0.829272,2.056709,3.395525,0
2019-03-05,sh.600000,12.0100,12.0400,11.8700,11.9800,12.0200,54564202,652552200.0000,3,0.194153,1,-0.332786,6.288907,0.826512,2.049865,3.384225,0
2019-03-06,sh.600000,11.9900,12.1500,11.8600,12.0200,11.9800,53693164,644243050.0000,3,0.191053,1,0.333898,6.309905,0.829272,2.056709,3.395525,0
2019-03-07,sh.600000,12.0300,12.0400,11.8700,11.8800,12.0200,52618824,628390863.0000,3,0.187231,1,-1.164728,6.236412,0.819613,2.032754,3.355976,0
2019-03-08,sh.600000,11.7200,11.7200,11.3600,11.5000,11.8800,52670531,609490591.0000,3,0.187415,1,-3.198654,6.036930,0.793396,1.967733,3.248630,0
2019-03-11,sh.600000,11.4400,11.5900,11.3600,11.4700,11.5000,39922020,457056506.0000,3,0.142052,1,-0.260867,6.021182,0.791327,1.962600,3.240156,0
2019-03-12,sh.600000,11.5900,11.6900,11.4000,11.4400,11.4700,52211807,602940683.0000,3,0.185782,1,-0.261558,6.005433,0.789257,1.957467,3.231681,0
2019-03-13,sh.600000,11.4100,11.5600,11.3000,11.4400,11.4400,41373014,472974759.0000,3,0.147215,1,0.000000,6.005433,0.789257,1.957467,3.231681,0
2019-03-14,sh.600000,11.4600,11.5800,11.4300,11.4600,11.4400,34337899,395468492.0000,3,0.122183,1,0.174829,6.015932,0.790637,1.960889,3.237331,0
2019-03-15,sh.600000,11.4700,11.6000,11.4300,11.4300,11.4600,33769320,388244487.0000,3,0.120159,1,-0.261778,6.000184,0.788567,1.955756,3.228856,0
2019-03-18,sh.600000,11.4500,11.6000,11.3700,11.5900,11.4300,43879562,503915219.0000,3,0.156134,1,1.399824,6.084176,0.799606,1.983133,3.274054,0
2019-03-19,sh.600000,11.6300,11.6700,11.5100,11.5500,11.5900,27500231,318521475.0000,3,0.097852,1,-0.345125,6.063178,0.796846,1.976289,3.262755,0
2019-03-20,sh.600000,11.5200,11.6400,11.4900,11.5500,11.5500,27325424,315587208.0000,3,0.097230,1,0.000000,6.063178,0.796846,1.976289,3.262755,0
2019-03-21,sh.600000,11.5600,11.5900,11.4400,11.4600,11.5500,35037035,403573243.0000,3,0.124670,1,-0.779222,6.015932,0.790637,1.960889,3.237331,0
2019-03-22,sh.600000,11.4900,11.5100,11.3100,11.3900,11.4600,35436446,403972783.0000,3,0.126091,1,-0.610818,5.979186,0.785807,1.948912,3.217556,0
2019-03-25,sh.600000,11.2800,11.2900,11.0100,11.0300,11.3900,57716577,642860108.0000,3,0.205370,1,-3.160673,5.790204,0.760971,1.887313,3.115860,0
2019-03-26,sh.600000,11.1100,11.1400,11.0300,11.0900,11.0300,30795722,341425280.0000,3,0.109579,1,0.543975,5.821701,0.737055,1.897579,8.100198,0
2019-03-27,sh.600000,11.1100,11.2400,11.0400,11.0800,11.0900,42124489,469246326.0000,3,0.149889,1,-0.090173,5.816451,0.736391,1.895868,8.092894,0
2019-03-28,sh.600000,11.0300,11.0500,10.9000,11.0300,11.0800,29296120,321585861.0000,3,0.104243,1,-0.451265,5.790204,0.733068,1.887313,8.056374,0
2019-03-29,sh.600000,10.9800,11.3000,10.9800,11.2800,11.0300,60526266,678436536.0000,3,0.215367,1,2.266546,5.921441,0.749683,1.930090,8.238975,0
2019-04-01,sh.600000,11.3600,11.5200,11.2900,11.4400,11.2800,70637405,808657530.0000,3,0.251345,1,1.418438,6.005433,0.760317,1.957467,8.355840,0
2019-04-02,sh.600000,11.5000,11.5200,11.4100,11.4400,11.4400,46714710,534896816.0000,3,0.166222,1,0.000000,6.005433,0.760317,1.957467,8.355840,0
2019-04-03,sh.600000,11.3700,11.5400,11.3400,11.5000,11.4400,50271029,575799446.0000,3,0.178876,1,0.524479,6.036930,0.764304,1.967733,8.399665,0
2019-04-04,sh.600000,11.5500,11.7100,11.5400,11.7100,11.5000,75232527,876099547.0000,3,0.267696,1,1.826087,6.147170,0.778261,2.003666,8.553050,0
2019-04-08,sh.600000,11.7900,11.9600,11.6500,11.7200,11.7100,77870373,920513531.0000,3,0.277082,1,0.085399,6.152419,0.778926,2.005377,8.560354,0
2019-04-09,sh.600000,11.7200,11.7500,11.4900,11.5400,11.7200,56895992,660406225.0000,3,0.202450,1,-1.535839,6.057928,0.766963,1.974578,8.428881,0
2019-04-10,sh.600000,11.5000,11.5600,11.4200,11.4800,11.5400,41027539,470666649.0000,3,0.145986,1,-0.519934,6.026431,0.762975,1.964311,8.385057,0
2019-04-11,sh.600000,11.4700,11.5900,11.3500,11.4700,11.4800,50172794,575765348.0000,3,0.178527,1,-0.087102,6.021182,0.762311,1.962600,8.377753,0
2019-04-12,sh.600000,11.4700,11.5600,11.4300,11.4900,11.4700,26273690,301752036.0000,3,0.093488,1,0.174364,6.031681,0.763640,1.966022,8.392361,0
2019-04-15,sh.600000,11.6700,11.7700,11.4600,11.4700,11.4900,70509167,823853432.0000,3,0.250889,1,-0.174060,6.021182,0.762311,1.962600,8.377753,0
2019-04-16,sh.600000,11.4600,11.9900,11.4300,11.9500,11.4700,100665400,1188260123.0000,3,0.358192,1,4.184826,6.273158,0.794212,2.044732,8.728347,0
2019-04-17,sh.600000,11.9600,12.0900,11.8800,11.9100,11.9500,68157211,816127043.0000,3,0.242520,1,-0.334728,6.252160,0.791554,2.037887,8.699131,0
2019-04-18,sh.600000,11.9100,12.0500,11.8400,11.9100,11.9100,43048980,513835270.0000,3,0.153179,1,0.000000,6.252160,0.791554,2.037887,8.699131,0
2019-04-19,sh.600000,12.0100,12.2000,11.8600,12.0100,11.9100,56013041,672739660.0000,3,0.199308,1,0.839634,6.304655,0.798200,2.054998,8.772172,0
2019-04-22,sh.600000,12.0200,12.0700,11.6800,11.7100,12.0100,53389418,631192357.0000,3,0.189972,1,-2.497920,6.147170,0.778261,2.003666,8.553050,0
2019-04-23,sh.600000,11.6800,11.8000,11.6300,11.7000,11.7100,33847719,396659664.0000,3,0.120438,1,-0.085399,6.141920,0.777597,2.001955,8.545746,0
2019-04-24,sh.600000,11.7600,11.7700,11.5100,11.6200,11.7000,38201108,444929313.0000,3,0.135929,1,-0.683760,6.099924,0.772280,1.988266,8.487313,0
2019-04-25,sh.600000,11.5600,11.6900,11.4800,11.5400,11.6200,40876129,473973527.0000,3,0.145447,1,-0.688468,6.057928,0.766963,1.974578,8.428881,0
2019-04-26,sh.600000,11.4300,11.5600,11.2800,11.3200,11.5400,42469581,485267261.0000,3,0.151117,1,-1.906415,5.942439,0.752341,1.936934,8.268192,0
2019-04-29,sh.600000,11.3500,11.5400,11.3400,11.4800,11.3200,38586938,442046727.0000,3,0.137302,1,1.413426,6.026431,0.762975,1.964311,8.385057,0
2019-04-30,sh.600000,11.7000,12.0900,11.7000,11.9700,11.4800,123474738,1466714710.0000,3,0.439353,1,4.268299,6.050568,0.765994,1.928398,-13.893171,0
2019-05-06,sh.600000,11.7500,11.8600,11.5400,11.8000,11.9700,124545414,1460217054.0000,3,0.443163,1,-1.420218,5.964637,0.755115,1.901010,-13.695858,0
2019-05-07,sh.600000,11.8200,11.9400,11.6000,11.8000,11.8000,85489922,1010271124.0000,3,0.304194,1,0.000000,5.964637,0.755115,1.901010,-13.695858,0
2019-05-08,sh.600000,11.6400,11.7800,11.4900,11.5100,11.8000,58500103,677487368.0000,3,0.208158,1,-2.457627,5.818049,0.736557,1.854290,-13.359265,0
2019-05-09,sh.600000,11.4800,11.5600,11.1000,11.1200,11.5100,64128049,722119098.0000,3,0.228183,1,-3.388361,5.620912,0.711600,1.791460,-12.906605,0
2019-05-10,sh.600000,11.2300,11.4200,11.0600,11.3200,11.1200,48550722,548884302.0000,3,0.172755,1,1.798560,5.722008,0.724398,1.823681,-13.138738,0
2019-05-13,sh.600000,11.2000,11.4000,11.1500,11.3100,11.3200,40284963,455643057.0000,3,0.143344,1,-0.088333,5.716953,0.723758,1.822070,-13.127132,0
2019-05-14,sh.600000,11.1800,11.4400,11.1700,11.2100,11.3100,41888998,473151522.0000,3,0.149051,1,-0.884177,5.666405,0.717359,1.805960,-13.011065,0
2019-05-15,sh.600000,11.2800,11.4200,11.2300,11.3200,11.2100,34404465,389533437.0000,3,0.122419,1,0.981264,5.722008,0.724398,1.823681,-13.138738,0
2019-05-16,sh.600000,11.2800,11.3600,11.2200,11.3000,11.3200,34141755,385015233.0000,3,0.121485,1,-0.176674,5.711898,0.723118,1.820459,-13.115525,0
2019-05-17,sh.600000,11.3200,11.3500,11.2000,11.2400,11.3000,38399831,433108021.0000,3,0.136636,1,-0.530977,5.681570,0.719279,1.810793,-13.045885,0
2019-05-20,sh.600000,11.2800,11.4400,11.2500,11.3400,11.2400,34904438,396448397.0000,3,0.124198,1,0.889683,5.732117,0.725678,1.826903,-13.161952,0
2019-05-21,sh.600000,11.3300,11.4500,11.3100,11.3200,11.3400,32975873,374972621.0000,3,0.117336,1,-0.176371,5.722008,0.724398,1.823681,-13.138738,0
2019-05-22,sh.600000,11.3200,11.3400,11.1200,11.1600,11.3200,40000391,447828812.0000,3,0.142331,1,-1.413426,5.641131,0.714159,1.797905,-12.953032,0
2019-05-23,sh.600000,11.1200,11.1500,10.9500,11.1000,11.1600,36312689,401709177.0000,3,0.129209,1,-0.537630,5.610803,0.710320,1.788238,-12.883392,0
2019-05-24,sh.600000,11.1700,11.2200,11.0000,11.1100,11.1000,24160265,269312449.0000,3,0.085968,1,0.090084,5.615857,0.710960,1.789849,-12.894998,0
2019-05-27,sh.600000,11.0900,11.2600,10.9600,11.2200,11.1100,35087915,390018809.0000,3,0.124851,1,0.990105,5.671460,0.717999,1.807571,-13.022672,0
2019-05-28,sh.600000,11.1900,11.3000,11.0200,11.2900,11.2200,72278135,809741253.0000,3,0.257183,1,0.623883,5.706843,0.722478,1.818848,-13.103918,0
2019-05-29,sh.600000,11.1700,11.2900,11.0700,11.1200,11.2900,40860970,455620583.0000,3,0.145393,1,-1.505758,5.620912,0.711600,1.791460,-12.906605,0
2019-05-30,sh.600000,11.1800,11.1800,11.0300,11.1100,11.1200,26650033,295267455.0000,3,0.094827,1,-0.089930,5.615857,0.710960,1.789849,-12.894998,0
2019-05-31,sh.600000,11.1100,11.2300,11.0500,11.1300,11.1100,36976728,412819768.0000,3,0.131572,1,0.180022,5.625967,0.712240,1.793071,-12.918212,0
2019-06-03,sh.600000,11.1700,11.2900,11.1300,11.2800,11.1300,30492063,342326268.0000,3,0.108498,1,1.347705,5.701789,0.721839,1.817237,-13.092312,0
2019-06-04,sh.600000,11.2900,11.3700,11.2600,11.3500,11.2800,25077393,283826808.0000,3,0.089231,1,0.620573,5.737172,0.726318,1.828514,-13.173558,0
2019-06-05,sh.600000,11.4300,11.5200,11.3500,11.4100,11.3500,31423641,359479709.0000,3,0.111813,1,0.528630,5.767501,0.730158,1.838180,-13.243198,0
2019-06-06,sh.600000,11.5100,11.5100,11.3800,11.4700,11.4100,26427215,303162728.0000,3,0.094034,1,0.525858,5.797829,0.733997,1.847846,-13.312838,0
2019-06-10,sh.600000,11.5700,11.7000,11.5300,11.6100,11.4700,43183779,502599177.0000,3,0.153658,1,1.220570,5.868596,0.742956,1.870401,-13.475331,0
2019-06-11,sh.600000,11.3500,11.4500,11.2700,11.4200,11.2600,52266217,594464068.0000,3,0.185976,1,1.420958,5.772556,0.730798,1.839791,-13.254805,0
2019-06-12,sh.600000,11.4200,11.7000,11.4000,11.6000,11.4200,50635228,584680927.0000,3,0.180172,1,1.576185,5.863542,0.742316,1.868790,-13.463725,0
2019-06-13,sh.600000,11.5700,11.7900,11.5000,11.7000,11.6000,46966016,548219997.0000,3,0.167116,1,0.862064,5.914089,0.748716,1.884900,-13.579791,0
2019-06-14,sh.600000,11.7400,11.8700,11.7100,11.7900,11.7000,47385174,558641883.0000,3,0.168608,1,0.769232,5.959582,0.754475,1.899399,-13.684251,0
2019-06-17,sh.600000,11.7800,11.9200,11.7500,11.7700,11.7900,35220103,416594828.0000,3,0.125322,1,-0.169631,5.949473,0.753195,1.896177,-13.661038,0
2019-06-18,sh.600000,11.8200,11.9000,11.7200,11.8200,11.7700,28965124,341904864.0000,3,0.103065,1,0.424802,5.974747,0.756395,1.904232,-13.719071,0
2019-06-19,sh.600000,12.0400,12.0700,11.8100,11.8800,11.8200,44927745,537339845.0000,3,0.159864,1,0.507618,6.005075,0.760234,1.913898,-13.788711,0
2019-06-20,sh.600000,11.9500,12.3200,11.8500,12.2000,11.8800,71647496,869024541.0000,3,0.254939,1,2.693600,6.166828,0.780712,1.965451,-14.160124,0
2019-06-21,sh.600000,12.1800,12.3000,12.0300,12.0900,12.2000,55381180,670759370.0000,3,0.197060,1,-0.901637,6.111226,0.773673,1.947730,-14.032451,0
2019-06-24,sh.600000,12.0900,12.1300,11.9600,12.0300,12.0900,34195336,411172373.0000,3,0.121675,1,-0.496281,6.080897,0.769833,1.938064,-13.962811,0
2019-06-25,sh.600000,11.9800,11.9800,11.5100,11.6600,12.0300,80359367,940465134.0000,3,0.285938,1,-3.075643,5.893870,0.746156,1.878456,-13.533365,0
2019-06-26,sh.600000,11.5600,11.7300,11.5500,11.6600,11.6600,36973199,431115050.0000,3,0.131560,1,0.000000,5.893870,0.746156,1.878456,-13.533365,0
2019-06-27,sh.600000,11.6800,11.8400,11.5500,11.6400,11.6600,47997783,561472043.0000,3,0.170788,1,-0.171522,5.883761,0.744876,1.875234,-13.510151,0
2019-06-28,sh.600000,11.6700,11.6800,11.5400,11.6800,11.6400,29545173,343056316.0000,3,0.105129,1,0.343642,5.903980,0.747436,1.881678,-13.556578,0
2019-07-01,sh.600000,11.8600,11.9200,11.6900,11.7100,11.6800,54887882,646405195.0000,3,0.195304,1,0.256847,5.919144,0.749355,1.886511,-13.591398,0
2019-07-02,sh.600000,11.7200,11.7400,11.5700,11.6100,11.7100,51165729,595072188.0000,3,0.182060,1,-0.853974,5.868596,0.742956,1.870401,-13.475331,0
2019-07-03,sh.600000,11.6200,11.6300,11.5100,11.5600,11.6100,36567085,422580470.0000,3,0.130115,1,-0.430657,5.843322,0.739757,1.862346,-13.417298,0
2019-07-04,sh.600000,11.6100,11.6700,11.5700,11.6200,11.5600,30369201,352968330.0000,3,0.108061,1,0.519026,5.873651,0.743596,1.872012,-13.486938,0
2019-07-05,sh.600000,11.6300,11.6400,11.5300,11.5700,11.6200,25753241,298158887.0000,3,0.091636,1,-0.430294,5.848377,0.740396,1.863957,-13.428905,0
2019-07-08,sh.600000,11.5600,11.5700,11.3100,11.3600,11.5700,34710676,395611376.0000,3,0.123509,1,-1.815039,5.742227,0.726958,1.830125,-13.185165,0
2019-07-09,sh.600000,11.4000,11.4300,11.3300,11.3700,11.3600,21885404,248524017.0000,3,0.077874,1,0.088030,5.747282,0.727598,1.831736,-13.196771,0
2019-07-10,sh.600000,11.4300,11.4300,11.3100,11.3500,11.3700,23409890,265773696.0000,3,0.083298,1,-0.175897,5.737172,0.726318,1.828514,-13.173558,0
2019-07-11,sh.600000,11.4300,11.4600,11.3400,11.4000,11.3500,23285835,265672149.0000,3,0.082857,1,0.440522,5.762446,0.729518,1.836569,-13.231591,0
2019-07-12,sh.600000,11.3900,11.6200,11.3900,11.5200,11.4000,34816996,400591791.0000,3,0.123887,1,1.052639,5.823103,0.737197,1.855901,-13.370871,0
2019-07-15,sh.600000,11.4000,11.5400,11.2200,11.5000,11.5200,40305603,459022365.0000,3,0.143417,1,-0.173615,5.812994,0.735917,1.852679,-13.347658,0
2019-07-16,sh.600000,11.5000,11.5700,11.4400,11.5500,11.5000,21606007,248901949.0000,3,0.076879,1,0.434784,5.838268,0.739117,1.860735,-13.405691,0
2019-07-17,sh.600000,11.4900,11.5700,11.4600,11.4800,11.5500,17480372,201420080.0000,3,0.062199,1,-0.606066,5.802884,0.734637,1.849457,-13.324445,0
2019-07-18,sh.600000,11.5300,11.5300,11.4500,11.4900,11.4800,18260034,209938962.0000,3,0.064974,1,0.087110,5.807939,0.735277,1.851068,-13.336051,0
2019-07-19,sh.600000,11.5100,11.6300,11.4900,11.5800,11.4900,19619622,227078769.0000,3,0.069811,1,0.783291,5.853432,0.741036,1.865568,-13.440511,0
2019-07-22,sh.600000,11.5400,11.6300,11.4700,11.4800,11.5800,25617875,295840612.0000,3,0.091155,1,-0.863561,5.802884,0.734637,1.849457,-13.324445,0
2019-07-23,sh.600000,11.4300,11.5600,11.4300,11.4900,11.4800,17927898,206511000.0000,3,0.063792,1,0.087110,5.807939,0.735277,1.851068,-13.336051,0
2019-07-24,sh.600000,11.5400,11.6800,11.5300,11.5900,11.4900,24112288,279914884.0000,3,0.085797,1,0.870325,5.858487,0.741676,1.867179,-13.452118,0
2019-07-25,sh.600000,11.5700,11.9600,11.5700,11.8800,11.5900,55900219,660037408.0000,3,0.198907,1,2.502156,6.005075,0.760234,1.913898,-13.788711,0
2019-07-26,sh.600000,11.8300,11.9400,11.8100,11.8700,11.8800,30368988,360677451.0000,3,0.108100,1,-0.084200,6.000021,0.759594,1.912287,-13.777104,0
2019-07-29,sh.600000,11.9000,11.9400,11.8000,11.8600,11.8700,21465011,254289650.0000,3,0.076378,1,-0.084248,5.994966,0.758954,1.910676,-13.765498,0
2019-07-30,sh.600000,11.8400,12.0000,11.8400,11.8600,11.8600,33731002,401937925.0000,3,0.120000,1,0.000000,5.994966,0.758954,1.910676,-13.765498,0
2019-07-31,sh.600000,11.8100,11.9400,11.7300,11.8700,11.8600,30650758,362607630.0000,3,0.109100,1,0.084300,6.000021,0.759594,1.912287,-13.777104,0
2019-08-01,sh.600000,11.7600,11.8500,11.6300,11.6500,11.8700,32471702,380252159.0000,3,0.115500,1,-1.853400,5.888815,0.745516,1.876845,-13.521758,0
2019-08-02,sh.600000,11.4800,11.5600,11.4100,11.4800,11.6500,38976091,447723838.0000,3,0.138700,1,-1.459200,5.802884,0.734637,1.849457,-13.324445,0
2019-08-05,sh.600000,11.4200,11.4600,11.2300,11.2400,11.4800,42719073,483523857.0000,3,0.152000,1,-2.090600,5.681570,0.719279,1.810793,-13.045885,0
2019-08-06,sh.600000,11.1000,11.2300,10.9700,11.0900,11.2400,45203853,501885625.0000,3,0.160800,1,-1.334500,5.605748,0.709680,1.786627,-12.871785,0
2019-08-07,sh.600000,11.1400,11.1600,11.0500,11.0700,11.0900,31462085,349267412.0000,3,0.111900,1,-0.180300,5.595638,0.708400,1.783405,-12.848572,0
2019-08-08,sh.600000,11.1500,11.3100,11.1100,11.2600,11.0700,33258085,373205583.0000,3,0.118300,1,1.716400,5.691679,0.720559,1.814015,-13.069098,0
2019-08-09,sh.600000,11.3100,11.4100,11.2600,11.3700,11.2600,40637993,461422060.0000,3,0.144600,1,0.976900,5.747282,0.727598,1.831736,-13.196771,0
2019-08-12,sh.600000,11.3300,11.4500,11.3100,11.4300,11.3700,34989082,398523209.0000,3,0.124500,1,0.527700,5.777610,0.731437,1.841402,-13.266411,0
2019-08-13,sh.600000,11.4000,11.4000,11.2900,11.3300,11.4300,18839979,213447653.0000,3,0.067000,1,-0.874900,5.727063,0.725038,1.825292,-13.150345,0
2019-08-14,sh.600000,11.4200,11.4800,11.2800,11.2800,11.3300,19874457,225555663.0000,3,0.070700,1,-0.441300,5.701789,0.721839,1.817237,-13.092312,0
2019-08-15,sh.600000,11.1600,11.3200,11.1200,11.2900,11.2800,19101192,214656224.0000,3,0.068000,1,0.088700,5.706843,0.722478,1.818848,-13.103918,0
2019-08-16,sh.600000,11.2500,11.3400,11.2100,11.2200,11.2900,24823561,279706602.0000,3,0.088300,1,-0.620000,5.671460,0.717999,1.807571,-13.022672,0
2019-08-19,sh.600000,11.2200,11.3800,11.0800,11.3800,11.2200,38253341,430744321.0000,3,0.136100,1,1.426000,5.752336,0.728238,1.833347,-13.208378,0
2019-08-20,sh.600000,11.3000,11.4700,11.2800,11.3700,11.3800,23758050,270727986.0000,3,0.084500,1,-0.087900,5.747282,0.727598,1.831736,-13.196771,0
2019-08-21,sh.600000,11.3500,11.4400,11.3400,11.4100,11.3700,14656537,167119481.0000,3,0.052200,1,0.351800,5.767501,0.730158,1.838180,-13.243198,0
2019-08-22,sh.600000,11.4300,11.4500,11.3700,11.4300,11.4100,15866836,180907933.0000,3,0.056500,1,0.175300,5.777610,0.731437,1.841402,-13.266411,0
2019-08-23,sh.600000,11.3900,11.5900,11.3800,11.5900,11.4300,33655377,387195405.0000,3,0.119800,1,1.399800,5.858487,0.741676,1.867179,-13.452118,0
2019-08-26,sh.600000,11.3900,11.4400,11.1500,11.3000,11.5900,41845176,472500378.0000,3,0.148900,1,-2.502200,5.579023,0.716608,1.772563,-6.346335,0
2019-08-27,sh.600000,11.3700,11.5700,11.3000,11.3000,11.3000,66247458,756664142.0000,3,0.235700,1,0.000000,5.579023,0.716608,1.772563,-6.346335,0
2019-08-28,sh.600000,11.3700,11.4000,11.3000,11.3200,11.3000,25525597,289685352.0000,3,0.090800,1,0.177000,5.588898,0.717877,1.775701,-6.357567,0
2019-08-29,sh.600000,11.3000,11.3500,11.1800,11.2300,11.3200,28049594,315060610.0000,3,0.099800,1,-0.795100,5.544463,0.712169,1.761583,-6.307021,0
2019-08-30,sh.600000,11.3400,11.3700,11.2200,11.2800,11.2300,25424004,287099396.0000,3,0.090500,1,0.445200,5.569149,0.715340,1.769426,-6.335103,0
2019-09-02,sh.600000,11.3000,11.4200,11.2400,11.3400,11.2800,27749879,315706922.0000,3,0.098700,1,0.531900,5.598772,0.719145,1.778838,-6.368800,0
2019-09-03,sh.600000,11.3900,11.4100,11.3100,11.3500,11.3400,16286609,184932344.0000,3,0.058000,1,0.088200,5.603709,0.719779,1.780407,-6.374416,0
2019-09-04,sh.600000,11.4000,11.5000,11.3600,11.4900,11.3500,30670961,350981214.0000,3,0.109100,1,1.233500,5.672830,0.728657,1.802368,-6.453043,0
2019-09-05,sh.600000,11.5000,11.7400,11.5000,11.6200,11.4900,46828000,544694736.0000,3,0.166600,1,1.131400,5.737013,0.736901,1.822760,-6.526054,0
2019-09-06,sh.600000,11.6800,11.7000,11.5800,11.6900,11.6200,34392057,400477410.0000,3,0.122400,1,0.602400,5.771574,0.741341,1.833740,-6.565368,0
2019-09-09,sh.600000,11.7800,11.7900,11.6800,11.7500,11.6900,40059368,470186970.0000,3,0.142500,1,0.513300,5.801197,0.745146,1.843152,-6.599065,0
2019-09-10,sh.600000,11.7900,11.8600,11.6900,11.8500,11.7500,37041097,437072473.0000,3,0.131800,1,0.851100,5.850569,0.751487,1.858839,-6.655227,0
2019-09-11,sh.600000,11.8500,12.0000,11.8500,11.9500,11.8500,39063654,466909327.0000,3,0.139000,1,0.843900,5.899940,0.757829,1.874525,-6.711390,0
2019-09-12,sh.600000,12.0800,12.0900,11.9200,12.0000,11.9500,26104824,313028158.0000,3,0.092900,1,0.418400,5.924626,0.761000,1.882368,-6.739471,0
2019-09-16,sh.600000,11.9900,12.0100,11.8300,11.9300,12.0000,25489116,303225647.0000,3,0.090700,1,-0.583300,5.890066,0.756561,1.871388,-6.700157,0
2019-09-17,sh.600000,11.9600,12.0100,11.7700,11.8100,11.9300,33558932,399569109.0000,3,0.119400,1,-1.005900,5.830820,0.748951,1.852564,-6.632763,0
2019-09-18,sh.600000,11.9400,12.0000,11.8700,11.9300,11.8100,31387271,375059086.0000,3,0.111700,1,1.016100,5.890066,0.756561,1.871388,-6.700157,0
2019-09-19,sh.600000,12.0000,12.0000,11.8800,11.9400,11.9300,23742171,283084515.0000,3,0.084500,1,0.083800,5.895003,0.757195,1.872956,-6.705773,0
2019-09-20,sh.600000,11.9900,11.9900,11.8500,11.9500,11.9400,40109279,478010547.0000,3,0.142700,1,0.083800,5.899940,0.757829,1.874525,-6.711390,0
2019-09-23,sh.600000,11.9000,11.9200,11.6800,11.7500,11.9500,27710795,325475285.0000,3,0.098600,1,-1.673600,5.801197,0.745146,1.843152,-6.599065,0
2019-09-24,sh.600000,11.8100,11.8600,11.7300,11.7500,11.7500,21870962,257910160.0000,3,0.077800,1,0.000000,5.801197,0.745146,1.843152,-6.599065,0
2019-09-25,sh.600000,11.7500,11.9500,11.6900,11.8100,11.7500,30136356,356897100.0000,3,0.107200,1,0.510600,5.830820,0.748951,1.852564,-6.632763,0
2019-09-26,sh.600000,11.8800,12.1800,11.8400,11.9700,11.8100,72726461,876687793.0000,3,0.258800,1,1.354800,5.909815,0.759097,1.877662,-6.722622,0
2019-09-27,sh.600000,11.9500,11.9900,11.7600,11.9000,11.9700,36807878,437372188.0000,3,0.131000,1,-0.584800,5.875255,0.754658,1.866682,-6.683309,0
2019-09-30,sh.600000,11.8500,12.0700,11.8100,11.8400,11.9000,35947577,430109099.0000,3,0.127900,1,-0.504200,5.845631,0.750853,1.857270,-6.649611,0
2019-10-08,sh.600000,11.8000,12.0300,11.8000,11.9000,11.8400,32415886,386027564.0000,3,0.115300,1,0.506800,5.875255,0.754658,1.866682,-6.683309,0
2019-10-09,sh.600000,11.8200,12.1300,11.8000,11.9900,11.9000,42209602,506474302.0000,3,0.150200,1,0.756300,5.919689,0.760366,1.880800,-6.733855,0
2019-10-10,sh.600000,12.0200,12.0400,11.9100,11.9600,11.9900,27261229,326023332.0000,3,0.097000,1,-0.250200,5.904878,0.758463,1.876094,-6.717006,0
2019-10-11,sh.600000,12.0500,12.4500,12.0000,12.4500,11.9600,92030800,1131441679.0000,3,0.327500,1,4.097000,6.146800,0.789537,1.952957,-6.992201,0
2019-10-14,sh.600000,12.5900,13.2200,12.5200,12.9400,12.4500,123970103,1596408955.0000,3,0.441100,1,3.935700,6.388722,0.820611,2.029820,-7.267396,0
2019-10-15,sh.600000,12.9500,13.1400,12.8600,13.0900,12.9400,73394591,952804782.0000,3,0.261200,1,1.159200,6.462780,0.830124,2.053350,-7.351639,0
2019-10-16,sh.600000,13.0800,13.3300,12.9000,13.0800,13.0900,67002223,876221010.0000,3,0.238400,1,-0.076400,6.457843,0.829490,2.051781,-7.346023,0
2019-10-17,sh.600000,13.0700,13.2500,13.0300,13.1700,13.0800,47869313,628571153.0000,3,0.170300,1,0.688100,6.502277,0.835197,2.065899,-7.396569,0
2019-10-18,sh.600000,13.2400,13.2900,12.7200,12.7800,13.1700,64992896,840281772.0000,3,0.231300,1,-2.961300,6.309727,0.810465,2.004722,-7.177536,0
2019-10-21,sh.600000,12.8000,13.0300,12.7500,12.9100,12.7800,38996287,502880211.0000,3,0.138800,1,1.017200,6.373911,0.818709,2.025114,-7.250547,0
2019-10-22,sh.600000,13.0300,13.0500,12.7700,12.9300,12.9100,31396257,404182674.0000,3,0.111700,1,0.154900,6.383785,0.819977,2.028252,-7.261780,0
2019-10-23,sh.600000,12.8900,12.9500,12.7700,12.8600,12.9300,32821414,422141011.0000,3,0.116800,1,-0.541400,6.349225,0.815538,2.017271,-7.222466,0
2019-10-24,sh.600000,12.9800,13.2400,12.9500,13.0900,12.8600,103158806,1347032670.0000,3,0.367100,1,1.788500,6.462780,0.830124,2.053350,-7.351639,0
2019-10-25,sh.600000,13.0900,13.0900,12.7800,12.9000,13.0900,97876357,1260246484.0000,3,0.348300,1,-1.451500,6.368973,0.818075,2.023546,-7.244931,0
2019-10-28,sh.600000,12.7500,12.8800,12.6500,12.7000,12.9000,72380466,919894887.0000,3,0.257500,1,-1.550400,6.270230,0.805391,1.992173,-7.132607,0
2019-10-29,sh.600000,12.7400,12.8500,12.6200,12.7700,12.7000,52604090,669546625.0000,3,0.187200,1,0.551200,6.304790,0.809831,2.003153,-7.171920,0
2019-10-30,sh.600000,12.7500,12.7900,12.5200,12.5900,12.7700,53734730,678152770.0000,3,0.191200,1,-1.409600,6.052421,0.769619,1.933989,-6.130334,0
2019-10-31,sh.600000,12.6800,12.7000,12.5000,12.5100,12.5900,33347533,419182995.0000,3,0.118700,1,-0.635400,6.013963,0.764729,1.921700,-6.091381,0
2019-11-01,sh.600000,12.5000,12.8300,12.4400,12.7500,12.5100,62705733,793656950.0000,3,0.223100,1,1.918500,6.129339,0.779400,1.958567,-6.208242,0
2019-11-04,sh.600000,12.7500,12.8900,12.6900,12.7400,12.7500,49737996,634816416.0000,3,0.177000,1,-0.078400,6.124531,0.778789,1.957031,-6.203373,0
2019-11-05,sh.600000,12.7400,13.1900,12.6900,12.9500,12.7400,74274389,962257376.0000,3,0.264300,1,1.648400,6.225485,0.791626,1.989289,-6.305626,0
2019-11-06,sh.600000,12.9500,13.1000,12.8600,12.9200,12.9500,46023920,597016896.0000,3,0.163800,1,-0.231700,6.211063,0.789792,1.984681,-6.291018,0
2019-11-07,sh.600000,12.9500,12.9500,12.7100,12.7600,12.9200,46267281,592408771.0000,3,0.164600,1,-1.238400,6.134146,0.780011,1.960103,-6.213111,0
2019-11-08,sh.600000,12.8000,12.8100,12.5600,12.5700,12.7600,48841866,617218205.0000,3,0.173800,1,-1.489000,6.042807,0.768397,1.930916,-6.120596,0
2019-11-11,sh.600000,12.4800,12.4800,12.2900,12.2900,12.5700,38594267,477989511.0000,3,0.137300,1,-2.227500,5.908202,0.751280,1.887905,-5.984258,0
2019-11-12,sh.600000,12.3100,12.3600,12.1700,12.2400,12.2900,39239395,480742763.0000,3,0.139600,1,-0.406800,5.884165,0.748224,1.880224,-5.959912,0
2019-11-13,sh.600000,12.2100,12.2900,12.1500,12.2300,12.2400,32274979,394505189.0000,3,0.114800,1,-0.081700,5.879358,0.747613,1.878688,-5.955043,0
2019-11-14,sh.600000,12.2300,12.2700,12.1000,12.1400,12.2300,28943647,351795388.0000,3,0.103000,1,-0.735900,5.836092,0.742111,1.864863,-5.911220,0
2019-11-15,sh.600000,12.2200,12.2600,12.1200,12.1500,12.1400,27324299,332797325.0000,3,0.097200,1,0.082400,5.840899,0.742722,1.866399,-5.916089,0
2019-11-18,sh.600000,12.1700,12.3500,12.1300,12.2400,12.1500,28796529,352880166.0000,3,0.102500,1,0.740700,5.884165,0.748224,1.880224,-5.959912,0
2019-11-19,sh.600000,12.2000,12.3100,12.1800,12.2300,12.2400,29370803,359115488.0000,3,0.104500,1,-0.081700,5.879358,0.747613,1.878688,-5.955043,0
2019-11-20,sh.600000,12.1700,12.2200,12.0100,12.0400,12.2300,38092059,460234691.0000,3,0.135500,1,-1.553600,5.788019,0.735998,1.849502,-5.862528,0
2019-11-21,sh.600000,12.0000,12.0400,11.9100,11.9600,12.0400,34617175,414077527.0000,3,0.123200,1,-0.664500,5.749560,0.731108,1.837212,-5.823574,0
2019-11-22,sh.600000,12.0100,12.0600,11.9400,11.9900,11.9600,29531099,354250530.0000,3,0.105100,1,0.250800,5.763982,0.732942,1.841821,-5.838182,0
2019-11-25,sh.600000,12.0300,12.1400,12.0000,12.0700,11.9900,25153256,303962341.0000,3,0.089500,1,0.667200,5.802441,0.737832,1.854110,-5.877136,0
2019-11-26,sh.600000,12.1500,12.1700,11.9800,12.0600,12.0700,59633264,719075408.0000,3,0.212200,1,-0.082800,5.797633,0.737221,1.852574,-5.872266,0
2019-11-27,sh.600000,12.0700,12.0700,11.9000,11.9900,12.0600,28703956,343598879.0000,3,0.102100,1,-0.580400,5.763982,0.732942,1.841821,-5.838182,0
2019-11-28,sh.600000,12.0000,12.0100,11.9200,11.9600,11.9900,17797225,212826181.0000,3,0.063300,1,-0.250200,5.749560,0.731108,1.837212,-5.823574,0
2019-11-29,sh.600000,11.9300,12.0700,11.8900,11.9100,11.9600,24566935,293541788.0000,3,0.087400,1,-0.418100,5.725523,0.728051,1.829532,-5.799228,0
2019-12-02,sh.600000,11.9600,11.9700,11.8200,11.8700,11.9100,22163020,263131788.0000,3,0.078900,1,-0.335900,5.706294,0.725606,1.823387,-5.779751,0
2019-12-03,sh.600000,11.8100,11.9000,11.7700,11.8600,11.8700,19557865,231361399.0000,3,0.069600,1,-0.084200,5.701487,0.724995,1.821851,-5.774882,0
2019-12-04,sh.600000,11.7800,11.8300,11.7000,11.7500,11.8600,24734662,290465763.0000,3,0.088000,1,-0.927500,5.648606,0.718271,1.804954,-5.721321,0
2019-12-05,sh.600000,11.7900,11.8900,11.7600,11.8900,11.7500,24976130,295963968.0000,3,0.088900,1,1.191500,5.715909,0.726829,1.826460,-5.789490,0
2019-12-06,sh.600000,11.9200,11.9500,11.8300,11.9200,11.8900,20654438,245635919.0000,3,0.073500,1,0.252300,5.730331,0.728663,1.831068,-5.804097,0
2019-12-09,sh.600000,11.9000,11.9300,11.8500,11.9000,11.9200,17349258,206211639.0000,3,0.061700,1,-0.167800,5.720716,0.727440,1.827996,-5.794359,0
2019-12-10,sh.600000,11.8800,11.9100,11.8600,11.8600,11.9000,15324640,181988682.0000,3,0.054500,1,-0.336100,5.701487,0.724995,1.821851,-5.774882,0
2019-12-11,sh.600000,11.8800,11.9900,11.8500,11.9800,11.8600,33409045,398582360.0000,3,0.118900,1,1.011800,5.759175,0.732330,1.840285,-5.833313,0
2019-12-12,sh.600000,11.9900,11.9900,11.8800,11.9000,11.9800,27021203,321917933.0000,3,0.096100,1,-0.667800,5.720716,0.727440,1.827996,-5.794359,0
2019-12-13,sh.600000,11.9800,12.1200,11.9400,12.1200,11.9000,59520554,716034787.0000,3,0.211800,1,1.848700,5.826477,0.740888,1.861791,-5.901482,0
2019-12-16,sh.600000,12.1200,12.1500,12.0000,12.1300,12.1200,37971632,458170277.0000,3,0.135100,1,0.082500,5.831284,0.741500,1.863327,-5.906351,0
2019-12-17,sh.600000,12.1700,12.5100,12.1000,12.3900,12.1300,57435605,707895681.0000,3,0.204400,1,2.143400,5.956275,0.757393,1.903266,-6.032950,0
2019-12-18,sh.600000,12.3600,12.5000,12.3400,12.4000,12.3900,34565268,428827229.0000,3,0.123000,1,0.080700,5.961082,0.758005,1.904802,-6.037819,0
2019-12-19,sh.600000,12.4000,12.5000,12.3800,12.4100,12.4000,23789907,295686647.0000,3,0.084700,1,0.080600,5.965890,0.758616,1.906338,-6.042689,0
2019-12-20,sh.600000,12.4100,12.5500,12.3800,12.4200,12.4100,40150148,500592355.0000,3,0.142900,1,0.080600,5.970697,0.759227,1.907874,-6.047558,0
2019-12-23,sh.600000,12.4600,12.4600,12.1700,12.2000,12.4200,37033891,455979055.0000,3,0.131800,1,-1.771300,5.864936,0.745779,1.874080,-5.940435,0
2019-12-24,sh.600000,12.2100,12.2900,12.2000,12.2800,12.2000,21671029,265496459.0000,3,0.077100,1,0.655700,5.903394,0.750669,1.886369,-5.979389,0
2019-12-25,sh.600000,12.2900,12.2900,12.2000,12.2400,12.2800,13678175,167407896.0000,3,0.048700,1,-0.325700,5.884165,0.748224,1.880224,-5.959912,0
2019-12-26,sh.600000,12.2600,12.3200,12.2300,12.2900,12.2400,15739054,193083033.0000,3,0.056000,1,0.408500,5.908202,0.751280,1.887905,-5.984258,0
2019-12-27,sh.600000,12.2500,12.4300,12.2500,12.3200,12.2900,27932109,344832499.0000,3,0.099400,1,0.244100,5.922624,0.753114,1.892513,-5.998866,0
2019-12-30,sh.600000,12.2700,12.3600,12.1200,12.3400,12.3200,41051555,503090483.0000,3,0.146100,1,0.162300,5.932238,0.754337,1.895585,-6.008604,0
2019-12-31,sh.600000,12.3200,12.3800,12.2100,12.3700,12.3400,31953628,392736236.0000,3,0.113700,1,0.243100,5.946660,0.756171,1.900194,-6.023212,0
2020-01-02,sh.600000,12.4700,12.6400,12.4500,12.4700,12.3700,51629079,647446166.0000,3,0.183700,1,0.808400,5.994733,0.762284,1.915555,-6.071904,0
2020-01-03,sh.600000,12.5700,12.6300,12.4700,12.6000,12.4700,38018810,477053357.0000,3,0.135300,1,1.042500,6.057229,0.770231,1.935525,-6.135204,0
2020-01-06,sh.600000,12.5200,12.6500,12.4200,12.4600,12.6000,41001193,514432551.0000,3,0.145900,1,-1.111100,5.989926,0.761672,1.914019,-6.067035,0
2020-01-07,sh.600000,12.5100,12.6000,12.4600,12.5000,12.4600,28421482,355811756.0000,3,0.101100,1,0.321000,6.009155,0.764118,1.920164,-6.086512,0
2020-01-08,sh.600000,12.4100,12.4500,12.2500,12.3200,12.5000,35240536,434980266.0000,3,0.125400,1,-1.440000,5.922624,0.753114,1.892513,-5.998866,0
2020-01-09,sh.600000,12.3900,12.4300,12.3500,12.3700,12.3200,26151448,324168061.0000,3,0.093100,1,0.405800,5.946660,0.756171,1.900194,-6.023212,0
2020-01-10,sh.600000,12.3700,12.4200,12.3100,12.3900,12.3700,18321252,226580302.0000,3,0.065200,1,0.161700,5.956275,0.757393,1.903266,-6.032950,0
2020-01-13,sh.600000,12.4000,12.4100,12.3100,12.4100,12.3900,20715566,255982380.0000,3,0.073700,1,0.161400,5.965890,0.758616,1.906338,-6.042689,0
2020-01-14,sh.600000,12.4000,12.6900,12.3900,12.4300,12.4100,29994561,374971640.0000,3,0.106700,1,0.161200,5.975504,0.759839,1.909411,-6.052427,0
2020-01-15,sh.600000,12.4100,12.4500,12.2500,12.2500,12.4300,31897217,392531149.0000,3,0.113500,1,-1.448100,5.888972,0.748835,1.881760,-5.964781,0
2020-01-16,sh.600000,12.2800,12.3100,12.1600,12.2000,12.2500,22454876,274130148.0000,3,0.079900,1,-0.408200,5.864936,0.745779,1.874080,-5.940435,0
2020-01-17,sh.600000,12.2200,12.2900,12.1600,12.2300,12.2000,17593111,215028083.0000,3,0.062600,1,0.245900,5.879358,0.747613,1.878688,-5.955043,0
2020-01-20,sh.600000,12.2600,12.2700,12.1900,12.2500,12.2300,23734609,290296136.0000,3,0.084500,1,0.163500,5.888972,0.748835,1.881760,-5.964781,0
2020-01-21,sh.600000,12.2000,12.2500,12.0400,12.0800,12.2500,31787474,384580844.0000,3,0.113100,1,-1.387800,5.807248,0.738443,1.855646,-5.882005,0
2020-01-22,sh.600000,11.7000,11.8400,11.6500,11.7700,12.0800,78133556,917203481.0000,3,0.278000,1,-2.566200,5.864338,0.719493,1.811724,-5.731059,0
2020-01-23,sh.600000,11.7500,11.7500,11.3200,11.3500,11.7700,76534796,879151046.0000,3,0.272300,1,-3.568400,5.655075,0.693819,1.747074,-5.526553,0
2020-02-03,sh.600000,10.2200,10.6900,10.2200,10.4700,11.3500,95367382,997686058.0000,3,0.339300,1,-7.753300,5.216620,0.640025,1.611618,-5.098062,0
2020-02-04,sh.600000,10.5100,10.7400,10.4800,10.6600,10.4700,66783767,710434836.0000,3,0.237600,1,1.814700,5.311286,0.651640,1.640865,-5.190577,0
2020-02-05,sh.600000,10.6900,10.7800,10.5800,10.7000,10.6600,45046658,481639081.0000,3,0.160300,1,0.375200,5.331216,0.654085,1.647022,-5.210054,0
2020-02-06,sh.600000,10.8100,10.8600,10.6500,10.7900,10.7000,38023801,408101901.0000,3,0.135300,1,0.841100,5.376058,0.659586,1.660875,-5.253877,0
2020-02-07,sh.600000,10.7300,10.9100,10.6700,10.8600,10.7900,31896956,342581621.0000,3,0.113500,1,0.648700,5.410935,0.663865,1.671650,-5.287961,0
2020-02-10,sh.600000,10.7600,10.8400,10.7100,10.7700,10.8600,34032121,366391170.0000,3,0.121100,1,-0.828700,5.366093,0.658364,1.657797,-5.244138,0
2020-02-11,sh.600000,10.8200,10.9500,10.7800,10.8600,10.7700,34856302,378583345.0000,3,0.124000,1,0.835600,5.410935,0.663865,1.671650,-5.287961,0
2020-02-12,sh.600000,10.8400,10.8800,10.7600,10.8600,10.8600,26313927,284693716.0000,3,0.093600,1,0.000000,5.410935,0.663865,1.671650,-5.287961,0
2020-02-13,sh.600000,10.8200,10.8800,10.7600,10.7600,10.8600,22630613,244794981.0000,3,0.080500,1,-0.920800,5.361111,0.657752,1.656257,-5.239269,0
2020-02-14,sh.600000,10.7600,10.8800,10.7400,10.8600,10.7600,22360549,242102421.0000,3,0.079600,1,0.929400,5.410935,0.663865,1.671650,-5.287961,0
2020-02-17,sh.600000,10.8800,11.2100,10.8600,11.1800,10.8600,41343320,457641227.0000,3,0.147100,1,2.946600,5.570373,0.683427,1.720907,-5.443776,0
2020-02-18,sh.600000,11.0900,11.1800,11.0400,11.0600,11.1800,30162703,334474238.0000,3,0.107300,1,-1.073300,5.510584,0.676091,1.702435,-5.385345,0
2020-02-19,sh.600000,11.0800,11.2400,11.0400,11.1100,11.0600,25100157,279375283.0000,3,0.089300,1,0.452100,5.510584,0.676091,1.702435,-5.385345,0
2020-02-20,sh.600000,11.1700,11.2700,11.0600,11.2300,11.1100,36656416,408938116.0000,3,0.130400,1,1.080100,5.595285,0.686483,1.728603,-5.468122,0
2020-02-21,sh.600000,11.2300,11.3900,11.2100,11.3000,11.2300,38949418,439706991.0000,3,0.138600,1,0.623300,5.630163,0.690762,1.739378,-5.502206,0
2020-02-24,sh.600000,11.2300,11.3400,11.1000,11.1600,11.3000,44738622,501186013.0000,3,0.159200,1,-1.238900,5.560408,0.682204,1.717828,-5.434038,0
2020-02-25,sh.600000,11.0700,11.1500,11.0100,11.0900,11.1600,48324564,535241824.0000,3,0.172000,1,-0.627200,5.525531,0.677925,1.707053,-5.399953,0
2020-02-26,sh.600000,11.0100,11.3300,11.0100,11.2000,11.0900,51906287,581437742.0000,3,0.184700,1,0.991900,5.580338,0.684649,1.723985,-5.453514,0
2020-02-27,sh.600000,11.2000,11.3000,11.1300,11.2100,11.2000,33029824,370549707.0000,3,0.117500,1,0.089300,5.585321,0.685261,1.725525,-5.458384,0
2020-02-28,sh.600000,11.1100,11.1800,10.8500,10.8500,11.2100,50137988,550529618.0000,3,0.178400,1,-3.211400,5.405953,0.663254,1.670111,-5.283092,0
2020-03-02,sh.600000,10.9500,11.1000,10.9200,11.0400,10.8500,39245056,432698824.0000,3,0.139600,1,1.751100,5.500619,0.674869,1.699357,-5.375607,0
2020-03-03,sh.600000,11.1300,11.2300,11.0400,11.0600,11.0400,39332460,437422565.0000,3,0.140000,1,0.181200,5.510584,0.676091,1.702435,-5.385345,0
2020-03-04,sh.600000,11.0100,11.1000,10.9500,11.0300,11.0600,34628358,381014627.0000,3,0.123200,1,-0.271300,5.495637,0.674257,1.697818,-5.370738,0
2020-03-05,sh.600000,11.0800,11.3200,11.0300,11.3200,11.0300,73047882,819311470.0000,3,0.259900,1,2.629200,5.640127,0.691985,1.742457,-5.511945,0
2020-03-06,sh.600000,11.2300,11.2800,11.1100,11.1200,11.3200,41587820,464404003.0000,3,0.148000,1,-1.766800,5.540479,0.679759,1.711671,-5.414561,0
2020-03-09,sh.600000,11.0000,11.0000,10.7500,10.7800,11.1200,59495242,644379973.0000,3,0.211700,1,-3.057600,5.371075,0.658975,1.659336,-5.249008,0
2020-03-10,sh.600000,10.7100,10.9600,10.7000,10.8700,10.7800,44761737,485896696.0000,3,0.159300,1,0.834900,5.415917,0.664477,1.673189,-5.292830,0
2020-03-11,sh.600000,10.9300,10.9300,10.7700,10.7700,10.8700,31688826,343734180.0000,3,0.112800,1,-0.920000,5.366093,0.658364,1.657797,-5.244138,0
2020-03-12,sh.600000,10.7500,10.7500,10.6100,10.6400,10.7700,32632350,348157969.0000,3,0.116100,1,-1.207100,5.301321,0.650417,1.637786,-5.180839,0
2020-03-13,sh.600000,10.4000,10.7300,10.2800,10.7000,10.6400,57457109,603756305.0000,3,0.204400,1,0.563900,5.331216,0.654085,1.647022,-5.210054,0
2020-03-16,sh.600000,10.7000,10.7800,10.5000,10.5100,10.7000,47649924,507308318.0000,3,0.169500,1,-1.775700,5.236549,0.642470,1.617775,-5.117539,0
2020-03-17,sh.600000,10.6800,10.6900,10.2900,10.4300,10.5100,42139008,440636619.0000,3,0.149900,1,-0.761200,5.196690,0.637580,1.605461,-5.078585,0
2020-03-18,sh.600000,10.4000,10.5000,10.2000,10.2100,10.4300,33176646,343553119.0000,3,0.118100,1,-2.109300,5.087076,0.624131,1.571597,-4.971463,0
2020-03-19,sh.600000,10.1900,10.3400,9.8600,9.9400,10.2100,55707113,558047012.0000,3,0.198200,1,-2.644500,4.952550,0.607626,1.530037,-4.839994,0
2020-03-20,sh.600000,10.1200,10.1800,9.9600,10.0900,9.9400,42609358,428744766.0000,3,0.151600,1,1.509100,5.027287,0.616796,1.553126,-4.913032,0
2020-03-23,sh.600000,9.9500,9.9500,9.8200,9.8400,10.0900,28286030,279043930.0000,3,0.100600,1,-2.477700,4.902726,0.601513,1.514644,-4.791302,0
2020-03-24,sh.600000,10.0300,10.1300,9.9800,10.0600,9.8400,28990754,291586379.0000,3,0.103200,1,2.235800,5.012339,0.614962,1.548508,-4.898425,0
2020-03-25,sh.600000,10.2000,10.2700,10.1200,10.1500,10.0600,32172278,327768574.0000,3,0.114500,1,0.894600,5.057181,0.620463,1.562362,-4.942247,0
2020-03-26,sh.600000,10.1000,10.3700,10.0800,10.2300,10.1500,30921803,315960382.0000,3,0.110000,1,0.788200,5.097041,0.625354,1.574676,-4.981201,0
2020-03-27,sh.600000,10.3500,10.3800,10.2000,10.2400,10.2300,27107951,278718751.0000,3,0.096500,1,0.097800,5.102023,0.625965,1.576215,-4.986070,0
2020-03-30,sh.600000,10.1800,10.2800,10.1100,10.2800,10.2400,26046018,265782024.0000,3,0.092700,1,0.390600,5.121953,0.628410,1.582372,-5.005547,0
2020-03-31,sh.600000,10.3000,10.3600,10.1300,10.1500,10.2800,26144854,267681227.0000,3,0.093000,1,-1.264600,5.057181,0.620463,1.562362,-4.942247,0
2020-04-01,sh.600000,10.1100,10.2600,10.0900,10.0900,10.1500,22479192,228559545.0000,3,0.080000,1,-0.591100,5.027287,0.616796,1.553126,-4.913032,0
2020-04-02,sh.600000,10.0900,10.2000,10.0700,10.2000,10.0900,17042135,172675321.0000,3,0.060600,1,1.090200,5.082094,0.623520,1.570058,-4.966593,0
2020-04-03,sh.600000,10.1300,10.2100,10.1200,10.1500,10.2000,14842382,150706819.0000,3,0.052800,1,-0.490200,5.057181,0.620463,1.562362,-4.942247,0
2020-04-07,sh.600000,10.3000,10.3300,10.2300,10.2800,10.1500,23825611,244911012.0000,3,0.084800,1,1.280800,5.121953,0.628410,1.582372,-5.005547,0
2020-04-08,sh.600000,10.2500,10.2900,10.1800,10.2400,10.2800,17952255,183606904.0000,3,0.063900,1,-0.389100,5.102023,0.625965,1.576215,-4.986070,0
2020-04-09,sh.600000,10.2600,10.2900,10.1800,10.2000,10.2400,13569586,138881044.0000,3,0.048300,1,-0.390600,5.082094,0.623520,1.570058,-4.966593,0
2020-04-10,sh.600000,10.2200,10.2400,10.1500,10.2100,10.2000,16625528,169625912.0000,3,0.059200,1,0.098000,5.087076,0.624131,1.571597,-4.971463,0
2020-04-13,sh.600000,10.1500,10.2200,10.1000,10.1100,10.2100,11966986,121315470.0000,3,0.042600,1,-0.979400,5.037252,0.618018,1.556205,-4.922771,0
2020-04-14,sh.600000,10.1700,10.2500,10.1200,10.2500,10.1100,17792926,181192027.0000,3,0.063300,1,1.384800,5.107006,0.626576,1.577754,-4.990939,0
2020-04-15,sh.600000,10.2000,10.2700,10.1500,10.1800,10.2500,14945608,152284659.0000,3,0.053200,1,-0.682900,5.072129,0.622297,1.566979,-4.956855,0
2020-04-16,sh.600000,10.1000,10.1800,10.1000,10.1600,10.1800,14403197,145969853.0000,3,0.051300,1,-0.196500,5.062164,0.621075,1.563901,-4.947117,0
2020-04-17,sh.600000,10.1800,10.2300,10.1500,10.2000,10.1600,22744411,231788988.0000,3,0.080900,1,0.393700,5.082094,0.623520,1.570058,-4.966593,0
2020-04-20,sh.600000,10.1500,10.1900,10.0900,10.1100,10.2000,23503715,237574344.0000,3,0.083600,1,-0.882400,5.037252,0.618018,1.556205,-4.922771,0
2020-04-21,sh.600000,10.0700,10.1200,10.0100,10.0300,10.1100,17557525,176508085.0000,3,0.062500,1,-0.791300,4.997392,0.613128,1.543890,-4.883817,0
2020-04-22,sh.600000,10.0200,10.0700,9.9800,10.0700,10.0300,15802441,158372535.0000,3,0.056200,1,0.398800,5.017322,0.615573,1.550047,-4.903294,0
2020-04-23,sh.600000,10.1000,10.1000,10.0100,10.0600,10.0700,16878643,169579075.0000,3,0.060100,1,-0.099300,5.012339,0.614962,1.548508,-4.898425,0
2020-04-24,sh.600000,10.0600,10.0900,10.0100,10.0600,10.0600,16973113,170599170.0000,3,0.060400,1,0.000000,5.012339,0.614962,1.548508,-4.898425,0
2020-04-27,sh.600000,10.1500,10.4200,10.1500,10.3400,10.0600,50342806,520243997.0000,3,0.179100,1,2.783300,5.074156,0.591906,1.548251,16.149657,0
2020-04-28,sh.600000,10.3600,10.3800,10.2200,10.3300,10.3400,29222578,301584635.0000,3,0.104000,1,-0.096700,5.069249,0.591334,1.546753,16.134039,0
2020-04-29,sh.600000,10.3500,10.6100,10.3300,10.6100,10.3300,35056836,367739389.0000,3,0.124700,1,2.710500,5.206654,0.607362,1.588679,16.571360,0
2020-04-30,sh.600000,10.5800,10.7900,10.5600,10.6300,10.6100,30906971,330157488.0000,3,0.110000,1,0.188500,5.216468,0.608507,1.591674,16.602597,0
2020-05-06,sh.600000,10.4400,10.4900,10.3600,10.4600,10.6300,41378362,431336740.0000,3,0.147200,1,-1.599200,5.133044,0.598776,1.566219,16.337081,0
2020-05-07,sh.600000,10.4500,10.4600,10.3700,10.3900,10.4600,26211656,272516386.0000,3,0.093300,1,-0.669200,5.098693,0.594768,1.555738,16.227751,0
2020-05-08,sh.600000,10.4400,10.4900,10.4000,10.4400,10.3900,20927670,218698514.0000,3,0.074500,1,0.481200,5.123229,0.597631,1.563224,16.305844,0
2020-05-11,sh.600000,10.4400,10.5400,10.4200,10.4300,10.4400,21472495,224819916.0000,3,0.076400,1,-0.095800,5.118322,0.597058,1.561727,16.290225,0
2020-05-12,sh.600000,10.4400,10.4800,10.3400,10.3400,10.4300,19405945,201474588.0000,3,0.069100,1,-0.862900,5.074156,0.591906,1.548251,16.149657,0
2020-05-13,sh.600000,10.3100,10.3900,10.2800,10.3800,10.3400,15574310,160783648.0000,3,0.055400,1,0.386800,5.093786,0.594196,1.554240,16.212132,0
2020-05-14,sh.600000,10.3200,10.3600,10.2700,10.3000,10.3800,15892376,163558192.0000,3,0.056500,1,-0.770700,5.054527,0.589616,1.542261,16.087183,0
2020-05-15,sh.600000,10.3600,10.3800,10.2600,10.2800,10.3000,13753770,141846602.0000,3,0.048900,1,-0.194200,5.044712,0.588472,1.539267,16.055946,0
2020-05-18,sh.600000,10.2800,10.4300,10.2500,10.3200,10.2800,15675941,162140715.0000,3,0.055800,1,0.389100,5.064342,0.590761,1.545256,16.118420,0
2020-05-19,sh.600000,10.4500,10.4500,10.3400,10.3500,10.3200,12576997,130445254.0000,3,0.044800,1,0.290700,5.079064,0.592479,1.549748,16.165276,0
2020-05-20,sh.600000,10.3700,10.4200,10.3300,10.4100,10.3500,20046300,208195248.0000,3,0.071300,1,0.579700,5.108507,0.595913,1.558732,16.258988,0
2020-05-21,sh.600000,10.4400,10.4400,10.3300,10.3300,10.4100,14361684,149140643.0000,3,0.051100,1,-0.768500,5.069249,0.591334,1.546753,16.134039,0
2020-05-22,sh.600000,10.3000,10.3400,10.1400,10.1400,10.3300,23722915,243204611.0000,3,0.084400,1,-1.839300,4.976010,0.580457,1.518304,15.837285,0
2020-05-25,sh.600000,10.3000,10.3100,10.1300,10.2700,10.1400,15722012,160438358.0000,3,0.055900,1,1.282100,5.039805,0.587899,1.537769,16.040327,0
2020-05-26,sh.600000,10.3200,10.3200,10.2500,10.2700,10.2700,14372249,147713417.0000,3,0.051100,1,0.000000,5.039805,0.587899,1.537769,16.040327,0
2020-05-27,sh.600000,10.2800,10.3800,10.2500,10.3500,10.2700,20145712,208419130.0000,3,0.071700,1,0.779000,5.079064,0.592479,1.549748,16.165276,0
2020-05-28,sh.600000,10.3600,10.5500,10.3600,10.5300,10.3500,38263189,401358593.0000,3,0.136100,1,1.739100,5.167395,0.602783,1.576700,16.446411,0
2020-05-29,sh.600000,10.4500,10.5700,10.4500,10.5700,10.5300,30659227,322828566.0000,3,0.109100,1,0.379900,5.187024,0.605072,1.582690,16.508886,0
2020-06-01,sh.600000,10.6300,10.7200,10.5700,10.6500,10.5700,28612841,304346423.0000,3,0.101800,1,0.756900,5.226283,0.609652,1.594668,16.633835,0
2020-06-02,sh.600000,10.5800,10.7400,10.5800,10.6800,10.6500,25922545,276609954.0000,3,0.092200,1,0.281700,5.241005,0.611369,1.599160,16.680691,0
2020-06-03,sh.600000,10.7500,10.8700,10.7000,10.7000,10.6800,27352188,294473001.0000,3,0.097300,1,0.187300,5.250819,0.612514,1.602155,16.711928,0
2020-06-04,sh.600000,10.8000,10.8000,10.6400,10.6400,10.7000,17559033,187688384.0000,3,0.062500,1,-0.560700,5.221376,0.609080,1.593171,16.618216,0
2020-06-05,sh.600000,10.6800,10.6900,10.5600,10.6700,10.6400,20958291,222668156.0000,3,0.074600,1,0.282000,5.236097,0.610797,1.597663,16.665072,0
2020-06-08,sh.600000,10.6400,10.7200,10.6000,10.6100,10.6700,18251152,194265349.0000,3,0.064900,1,-0.562300,5.206654,0.607362,1.588679,16.571360,0
2020-06-09,sh.600000,10.6200,10.7200,10.5800,10.6800,10.6100,17263160,184089097.0000,3,0.061400,1,0.659800,5.241005,0.611369,1.599160,16.680691,0
2020-06-10,sh.600000,10.7100,10.7100,10.5800,10.5800,10.6800,16693480,177440922.0000,3,0.059400,1,-0.936300,5.191932,0.605645,1.584187,16.524504,0
2020-06-11,sh.600000,10.5800,10.6100,10.4500,10.4800,10.5800,25171455,264822302.0000,3,0.089600,1,-0.945200,5.142859,0.599920,1.569214,16.368318,0
2020-06-12,sh.600000,10.5800,10.5800,10.4300,10.5500,10.4800,25514482,267574331.0000,3,0.090800,1,0.667900,5.177210,0.603928,1.579695,16.477649,0
2020-06-15,sh.600000,10.4100,10.4900,10.3500,10.3500,10.5500,25497883,265574307.0000,3,0.090700,1,-1.895700,5.079064,0.592479,1.549748,16.165276,0
2020-06-16,sh.600000,10.4400,10.5000,10.4000,10.4500,10.3500,17682742,184966297.0000,3,0.062900,1,0.966200,5.128137,0.598203,1.564722,16.321462,0
2020-06-17,sh.600000,10.4400,10.5100,10.4300,10.4700,10.4500,16148594,169024390.0000,3,0.057500,1,0.191400,5.137951,0.599348,1.567716,16.352699,0
2020-06-18,sh.600000,10.4200,10.5700,10.3900,10.5000,10.4700,20856551,218713603.0000,3,0.074200,1,0.286500,5.152673,0.601065,1.572208,16.399555,0
2020-06-19,sh.600000,10.5600,10.6800,10.5000,10.6100,10.5000,39814479,422462428.0000,3,0.141700,1,1.047600,5.206654,0.607362,1.588679,16.571360,0
2020-06-22,sh.600000,10.5700,10.6600,10.5300,10.5500,10.6100,24611903,260728901.0000,3,0.087600,1,-0.565500,5.177210,0.603928,1.579695,16.477649,0
2020-06-23,sh.600000,10.5100,10.5700,10.4700,10.4800,10.5500,19602212,206109220.0000,3,0.069700,1,-0.663500,5.142859,0.599920,1.569214,16.368318,0
2020-06-24,sh.600000,10.5400,10.6100,10.5000,10.6000,10.4800,22873884,241489165.0000,3,0.081400,1,1.145000,5.201746,0.606790,1.587182,16.555742,0
2020-06-29,sh.600000,10.6300,10.7300,10.4900,10.5700,10.6000,27875619,295223647.0000,3,0.099200,1,-0.283000,5.187024,0.605072,1.582690,16.508886,0
2020-06-30,sh.600000,10.5900,10.6400,10.5400,10.5800,10.5700,22886764,242601910.0000,3,0.081400,1,0.094600,5.191932,0.605645,1.584187,16.524504,0
2020-07-01,sh.600000,10.5900,10.7600,10.5500,10.7400,10.5800,36690710,390832225.0000,3,0.130600,1,1.512300,5.270449,0.614804,1.608144,16.774402,0
2020-07-02,sh.600000,10.7300,11.0500,10.7000,11.0500,10.7400,60951268,663308323.0000,3,0.216900,1,2.886400,5.422575,0.632550,1.654562,17.258580,0
2020-07-03,sh.600000,11.0800,11.2600,11.0200,11.1900,11.0500,82238477,916157920.0000,3,0.292600,1,1.267000,5.491283,0.640565,1.675527,17.477259,0
2020-07-06,sh.600000,11.3000,12.3100,11.2900,12.2000,11.1900,149558001,1776417981.0000,3,0.532200,1,9.025900,5.986922,0.698381,1.826758,19.054742,0
2020-07-07,sh.600000,12.4500,12.6900,12.1000,12.1100,12.2000,131469759,1621839646.0000,3,0.467800,1,-0.737700,5.942756,0.693229,1.813282,18.914174,0
2020-07-08,sh.600000,12.1700,12.4400,12.0300,12.1400,12.1100,104879230,1282339816.0000,3,0.373200,1,0.247700,5.957478,0.694947,1.817774,18.961030,0
2020-07-09,sh.600000,12.2600,12.2600,11.9400,11.9900,12.1400,91311738,1101713242.0000,3,0.324900,1,-1.235600,5.883868,0.686360,1.795314,18.726750,0
2020-07-10,sh.600000,11.9800,12.0900,11.5500,11.6000,11.9900,78611864,925839420.0000,3,0.279700,1,-3.252700,5.692483,0.664035,1.736918,18.117623,0
2020-07-13,sh.600000,11.6000,11.8500,11.5600,11.6600,11.6000,96564333,1128297577.0000,3,0.343600,1,0.517200,5.721927,0.667469,1.745902,18.211335,0
2020-07-14,sh.600000,11.6100,11.6900,11.3300,11.3800,11.6600,79944260,919482272.0000,3,0.284500,1,-2.401400,5.584522,0.651441,1.703976,17.774013,0
2020-07-15,sh.600000,11.4700,11.4700,11.1400,11.1800,11.3800,92438310,1042128861.0000,3,0.328900,1,-1.757500,5.486376,0.639992,1.674029,17.461640,0
2020-07-16,sh.600000,11.2500,11.4800,11.2000,11.2000,11.1800,96614162,1094090004.0000,3,0.343800,1,0.178900,5.496193,0.641137,1.677025,17.492884,0
2020-07-17,sh.600000,11.3700,11.3900,11.1700,11.2700,11.2000,68639480,771657319.0000,3,0.244200,1,0.625000,5.530544,0.645144,1.687506,17.602214,0
2020-07-20,sh.600000,11.3200,11.5700,11.2700,11.5200,11.2700,78766518,901216619.0000,3,0.280300,1,2.218300,5.653227,0.659455,1.724940,17.992681,0
2020-07-21,sh.600000,11.5900,11.6100,11.4000,11.5400,11.5200,55004587,632576750.4800,3,0.195700,1,0.173600,5.663041,0.660600,1.727934,18.023918,0
2020-07-22,sh.600000,11.5500,11.7500,11.5000,11.6200,11.5400,98687637,1147395851.0800,3,0.351200,1,0.693200,5.702300,0.665180,1.739913,18.148867,0
2020-07-23,sh.600000,10.9900,10.9900,10.6100,10.8400,11.0200,86806896,937319747.4400,3,0.308900,1,-1.633400,5.319529,0.620529,1.623120,16.930613,0
2020-07-24,sh.600000,10.7800,10.8000,10.4000,10.4200,10.8400,72886391,769923511.0200,3,0.259300,1,-3.874500,5.113422,0.596487,1.560232,16.274629,0
2020-07-27,sh.600000,10.5500,10.5500,10.3200,10.3700,10.4200,44655910,465608566.0200,3,0.158900,1,-0.479800,5.088885,0.593624,1.552745,16.196536,0
2020-07-28,sh.600000,10.4600,10.5400,10.3500,10.3900,10.3700,32599274,339999710.6400,3,0.116000,1,0.192900,5.098700,0.594769,1.555740,16.227774,0
2020-07-29,sh.600000,10.3500,10.5400,10.3200,10.5100,10.3900,45256602,474093212.7100,3,0.161000,1,1.155000,5.157588,0.601639,1.573708,16.415197,0
2020-07-30,sh.600000,10.5100,10.5300,10.4000,10.4000,10.5100,40443481,422561053.5800,3,0.143900,1,-1.046600,5.103607,0.595342,1.557237,16.243392,0
2020-07-31,sh.600000,10.4100,10.5200,10.3100,10.3600,10.4000,65368427,679850126.0200,3,0.232600,1,-0.384600,5.083978,0.593052,1.551248,16.180918,0
2020-08-03,sh.600000,10.4000,10.4800,10.3700,10.4100,10.3600,56272005,586201746.4000,3,0.200200,1,0.482600,5.108515,0.595914,1.558734,16.259011,0
2020-08-04,sh.600000,10.4600,10.7200,10.4300,10.6600,10.4100,88522454,937235108.7800,3,0.315000,1,2.401500,5.231198,0.610225,1.596168,16.649477,0
2020-08-05,sh.600000,10.6400,10.6400,10.4500,10.5100,10.6600,46011280,483338972.0200,3,0.163700,1,-1.407100,5.157588,0.601639,1.573708,16.415197,0
2020-08-06,sh.600000,10.5700,10.6300,10.4100,10.5300,10.5100,42484232,445698833.1400,3,0.151200,1,0.190300,5.167402,0.602784,1.576703,16.446435,0
2020-08-07,sh.600000,10.5100,10.5300,10.3600,10.4300,10.5300,44271966,461730420.8800,3,0.157500,1,-0.949700,5.118329,0.597059,1.561729,16.290248,0
2020-08-10,sh.600000,10.4200,10.5700,10.3900,10.5200,10.4300,48973967,514604347.7700,3,0.174300,1,0.862900,5.162495,0.602211,1.575205,16.430816,0
2020-08-11,sh.600000,10.5800,10.6800,10.4500,10.4700,10.5200,63673224,676102351.1700,3,0.226600,1,-0.475300,5.137959,0.599349,1.567718,16.352723,0
2020-08-12,sh.600000,10.4900,10.6000,10.4600,10.5600,10.4700,43268629,455458282.1200,3,0.154000,1,0.859600,5.182124,0.604501,1.581195,16.493291,0
2020-08-13,sh.600000,10.6000,10.6100,10.5000,10.5100,10.5600,25798477,271625415.1200,3,0.091800,1,-0.473500,5.157588,0.601639,1.573708,16.415197,0
2020-08-14,sh.600000,10.5300,10.6000,10.4800,10.5900,10.5100,37584530,396506222.6300,3,0.133700,1,0.761200,5.196846,0.606218,1.585687,16.540146,0
2020-08-17,sh.600000,10.5900,10.9800,10.5700,10.8400,10.5900,98742699,1066482968.3100,3,0.351300,1,2.360700,5.319529,0.620529,1.623120,16.930613,0
2020-08-18,sh.600000,10.8500,10.8500,10.6300,10.6900,10.8400,54091961,580056196.3200,3,0.192500,1,-1.383800,5.245920,0.611943,1.600660,16.696333,0
2020-08-19,sh.600000,10.6900,10.7400,10.5700,10.5800,10.6900,43448106,462151805.4300,3,0.154600,1,-1.029000,5.191939,0.605646,1.584189,16.524528,0
2020-08-20,sh.600000,10.5600,10.5700,10.4300,10.4700,10.5800,53539028,559975457.1000,3,0.190500,1,-1.039700,5.137959,0.599349,1.567718,16.352723,0
2020-08-21,sh.600000,10.5600,10.5600,10.4500,10.5000,10.4700,31451520,329790600.6200,3,0.111900,1,0.286500,5.152681,0.601066,1.572211,16.399579,0
2020-08-24,sh.600000,10.5700,10.5700,10.4400,10.4600,10.5000,38982822,408922474.8500,3,0.138700,1,-0.381000,5.133051,0.598776,1.566221,16.337104,0
2020-08-25,sh.600000,10.4800,10.5100,10.4100,10.4500,10.4600,37897250,396122405.2800,3,0.134800,1,-0.095600,5.128144,0.598204,1.564724,16.321485,0
2020-08-26,sh.600000,10.4400,10.4500,10.3500,10.3700,10.4500,39278732,408174291.9000,3,0.139800,1,-0.765600,5.088885,0.593624,1.552745,16.196536,0
2020-08-27,sh.600000,10.3800,10.4000,10.3200,10.3500,10.3700,30462492,315213297.1200,3,0.108400,1,-0.192900,5.079071,0.592480,1.549750,16.165299,0
2020-08-28,sh.600000,10.3500,10.4600,10.3100,10.4600,10.3500,53131203,552429110.6800,3,0.189100,1,1.062800,5.133051,0.598776,1.566221,16.337104,0
2020-08-31,sh.600000,10.4600,10.5100,10.3200,10.3600,10.4600,80037356,835524366.2700,3,0.284800,1,-0.956000,5.453515,0.605517,1.563467,2.300995,0
2020-09-01,sh.600000,10.3100,10.3600,10.2600,10.2900,10.3600,53931233,555922098.7400,3,0.191900,1,-0.675700,5.416669,0.601425,1.552903,2.285448,0
2020-09-02,sh.600000,10.2800,10.2900,10.1200,10.1800,10.2900,56787081,578763478.8800,3,0.202100,1,-1.069000,5.358764,0.594996,1.536303,2.261017,0
2020-09-03,sh.600000,10.1900,10.2300,10.1100,10.1200,10.1800,40832020,414701608.0100,3,0.145300,1,-0.589400,5.327180,0.591489,1.527248,2.247691,0
2020-09-04,sh.600000,10.0700,10.1500,10.0100,10.0700,10.1200,38443982,387141417.9400,3,0.131000,1,-0.494100,5.300860,0.588567,1.519702,2.236586,0
2020-09-07,sh.600000,10.0700,10.1600,10.0100,10.0100,10.0700,58564585,589509231.0200,3,0.199500,1,-0.595800,5.269276,0.585060,1.510647,2.223259,0
2020-09-08,sh.600000,10.0700,10.0900,10.0100,10.0500,10.0100,52972540,532346432.8700,3,0.180500,1,0.399600,5.290332,0.587398,1.516684,2.232143,0
2020-09-09,sh.600000,10.0100,10.0800,10.0000,10.0100,10.0500,49418500,496009217.1600,3,0.168400,1,-0.398000,5.269276,0.585060,1.510647,2.223259,0
2020-09-10,sh.600000,10.0600,10.0600,9.9400,9.9600,10.0100,54169916,540727380.9400,3,0.184600,1,-0.499500,5.242956,0.582138,1.503102,2.212154,0
2020-09-11,sh.600000,9.9500,9.9600,9.8500,9.9200,9.9600,49947642,494619679.9000,3,0.170200,1,-0.401600,5.221900,0.579800,1.497065,2.203270,0
2020-09-14,sh.600000,9.9500,9.9500,9.8600,9.9000,9.9200,38851230,384257705.8000,3,0.132400,1,-0.201600,5.211372,0.578631,1.494047,2.198828,0
2020-09-15,sh.600000,9.9100,9.9200,9.8500,9.8600,9.9000,46601549,459933677.8500,3,0.158800,1,-0.404000,5.190316,0.576293,1.488010,2.189944,0
2020-09-16,sh.600000,9.8700,9.9000,9.8000,9.8600,9.8600,51470657,507227129.4500,3,0.175400,1,0.000000,5.190316,0.576293,1.488010,2.189944,0
2020-09-17,sh.600000,9.8700,9.8900,9.8000,9.8300,9.8600,43171675,424496711.8200,3,0.147100,1,-0.304300,5.174524,0.574540,1.483483,2.183281,0
2020-09-18,sh.600000,9.8400,9.9400,9.8000,9.9400,9.8300,95230581,941630507.9200,3,0.324400,1,1.119000,5.232428,0.580969,1.500083,2.207712,0
2020-09-21,sh.600000,9.9400,9.9700,9.8300,9.8400,9.9400,55998716,553037614.4800,3,0.190800,1,-1.006000,5.179788,0.575124,1.484992,2.185502,0
2020-09-22,sh.600000,9.8100,9.8400,9.6900,9.7000,9.8400,65952098,643194146.4000,3,0.224700,1,-1.422800,5.106092,0.566941,1.463864,2.154407,0
2020-09-23,sh.600000,9.7100,9.7200,9.6200,9.6300,9.7000,41909587,404393340.1600,3,0.142800,1,-0.721600,5.069244,0.562850,1.453300,2.138860,0
2020-09-24,sh.600000,9.6100,9.6200,9.4600,9.5000,9.6300,53858739,512493256.0400,3,0.183500,1,-1.349900,5.000812,0.555252,1.433681,2.109986,0
2020-09-25,sh.600000,9.5000,9.5300,9.4600,9.4700,9.5000,29487505,279750442.3200,3,0.100500,1,-0.315800,4.985019,0.553498,1.429154,2.103323,0
2020-09-28,sh.600000,9.4900,9.5300,9.4600,9.4600,9.4700,26257827,249063489.4100,3,0.089500,1,-0.105600,4.979755,0.552914,1.427645,2.101102,0
2020-09-29,sh.600000,9.5000,9.5200,9.4300,9.4300,9.4600,32988266,312583584.9800,3,0.112400,1,-0.317100,4.963963,0.551161,1.423117,2.094439,0
2020-09-30,sh.600000,9.4500,9.4900,9.3500,9.3900,9.4300,39006807,367745388.5700,3,0.132900,1,-0.424200,4.942907,0.548823,1.417081,2.085555,0
2020-10-09,sh.600000,9.4400,9.4800,9.4000,9.4200,9.3900,39772687,375559366.0100,3,0.135500,1,0.319500,4.958699,0.550576,1.421608,2.092218,0
2020-10-12,sh.600000,9.4500,9.6300,9.4200,9.5900,9.4200,66671637,637356691.4000,3,0.227100,1,1.804700,5.048188,0.560512,1.447264,2.129976,0
2020-10-13,sh.600000,9.5800,9.5900,9.5200,9.5400,9.5900,28059097,267595710.6100,3,0.095600,1,-0.521400,5.021868,0.557590,1.439718,2.118871,0
2020-10-14,sh.600000,9.5400,9.5600,9.5000,9.5300,9.5400,42969217,409511681.6600,3,0.146400,1,-0.104800,5.016604,0.557005,1.438209,2.116650,0
2020-10-15,sh.600000,9.5400,9.7200,9.5300,9.6200,9.5300,66146732,637856656.3500,3,0.225400,1,0.944400,5.063980,0.562266,1.451791,2.136639,0
2020-10-16,sh.600000,9.6100,9.7700,9.6000,9.7200,9.6200,74850236,726361115.9100,3,0.255000,1,1.039500,5.116620,0.568110,1.466882,2.158849,0
2020-10-19,sh.600000,9.7300,9.9300,9.6400,9.6500,9.7200,84532385,826077895.1900,3,0.288000,1,-0.720200,5.079772,0.564019,1.456318,2.143302,0
2020-10-20,sh.600000,9.6300,9.6500,9.5100,9.5800,9.6500,46687029,446894604.2400,3,0.159100,1,-0.725400,5.042924,0.559928,1.445754,2.127755,0
2020-10-21,sh.600000,9.5800,9.7000,9.5100,9.7000,9.5800,61622129,592503578.5200,3,0.209900,1,1.252600,5.106092,0.566941,1.463864,2.154407,0
2020-10-22,sh.600000,9.6700,9.7600,9.5900,9.6500,9.7000,47288884,456765638.5400,3,0.161100,1,-0.515500,5.079772,0.564019,1.456318,2.143302,0
2020-10-23,sh.600000,9.6300,9.7900,9.6200,9.7000,9.6500,70954476,689493436.8500,3,0.241700,1,0.518100,5.106092,0.566941,1.463864,2.154407,0
2020-10-26,sh.600000,9.7200,9.7500,9.5900,9.6000,9.7000,52711443,508770627.5400,3,0.179600,1,-1.030900,5.053452,0.561097,1.448773,2.132197,0
2020-10-27,sh.600000,9.5900,9.5900,9.4800,9.4800,9.6000,38062780,362632658.5400,3,0.129700,1,-1.250000,4.990284,0.554083,1.430663,2.105544,0
2020-10-28,sh.600000,9.4800,9.5200,9.3800,9.4000,9.4800,45881367,432093181.1100,3,0.156300,1,-0.843900,4.948172,0.549407,1.418590,2.087776,0
2020-10-29,sh.600000,9.3500,9.4500,9.3400,9.3700,9.4000,43707348,409990836.3800,3,0.148900,1,-0.319100,4.932380,0.547654,1.414062,2.081113,0
2020-10-30,sh.600000,9.3800,9.4500,9.2500,9.2600,9.3700,56060864,523487861.4900,3,0.191000,1,-1.174000,4.874476,0.541224,1.397462,2.056682,0
2020-11-02,sh.600000,9.2800,9.3300,9.2200,9.2500,9.2600,46542251,431202859.4800,3,0.158600,1,-0.108000,4.909449,0.532103,1.406533,3.310539,0
2020-11-03,sh.600000,9.3100,9.4000,9.2800,9.3000,9.2500,67876111,632973896.6100,3,0.231200,1,0.540500,4.935986,0.534979,1.414136,3.328434,0
2020-11-04,sh.600000,9.3500,9.4000,9.2800,9.3400,9.3000,50256088,469008802.5000,3,0.171200,1,0.430100,4.957216,0.537280,1.420218,3.342750,0
2020-11-05,sh.600000,9.4600,9.4600,9.3300,9.3600,9.3400,55873229,523812724.4800,3,0.190400,1,0.214100,4.967831,0.538431,1.423259,3.349908,0
2020-11-06,sh.600000,9.3700,9.4300,9.3300,9.3900,9.3600,63919592,600129368.8900,3,0.217800,1,0.320500,4.983754,0.540157,1.427821,3.360645,0
2020-11-09,sh.600000,9.4200,9.4800,9.3900,9.4300,9.3900,88937655,839142819.5600,3,0.303000,1,0.426000,5.004984,0.542458,1.433903,3.374960,0
2020-11-10,sh.600000,9.4700,9.5900,9.4400,9.4600,9.4300,84217864,800256172.0500,3,0.286900,1,0.318100,5.020906,0.544183,1.438465,3.385697,0
2020-11-11,sh.600000,9.4900,9.5800,9.4400,9.5600,9.4600,64171805,610306555.3300,3,0.218600,1,1.057100,5.073982,0.549936,1.453671,3.421487,0
2020-11-12,sh.600000,9.5200,9.5300,9.4300,9.4300,9.5600,51891050,491018805.0800,3,0.176800,1,-1.359800,5.004984,0.542458,1.433903,3.374960,0
2020-11-13,sh.600000,9.4100,9.4100,9.3300,9.3600,9.4300,44910112,420337400.4700,3,0.153000,1,-0.742300,4.967831,0.538431,1.423259,3.349908,0
2020-11-16,sh.600000,9.3800,9.4600,9.3700,9.4500,9.3600,31878052,300508257.4300,3,0.108600,1,0.961500,5.015599,0.543608,1.436944,3.382118,0
2020-11-17,sh.600000,9.4600,9.5300,9.4400,9.5300,9.4500,47293970,448873504.2400,3,0.161100,1,0.846600,5.058059,0.548210,1.449109,3.410750,0
2020-11-18,sh.600000,9.5300,9.7700,9.5000,9.7000,9.5300,109417513,1059930872.6200,3,0.372800,1,1.783800,5.148287,0.557989,1.474959,3.471592,0
2020-11-19,sh.600000,9.7000,9.7800,9.6400,9.7400,9.7000,63840056,620569637.9800,3,0.217500,1,0.412400,5.169517,0.560290,1.481041,3.485908,0
2020-11-20,sh.600000,9.6800,9.7200,9.6100,9.6700,9.7400,46631360,450166503.4900,3,0.158900,1,-0.718700,5.132364,0.556264,1.470397,3.460855,0
2020-11-23,sh.600000,9.6600,9.9200,9.6300,9.9000,9.6700,92618240,909448904.4800,3,0.315500,1,2.378500,5.254437,0.569494,1.505370,3.543172,0
2020-11-24,sh.600000,9.9200,9.9700,9.8200,9.8500,9.9000,61221709,605831670.5200,3,0.208600,1,-0.505100,5.227899,0.566618,1.497767,3.525277,0
2020-11-25,sh.600000,9.9000,9.9900,9.8100,9.8100,9.8500,61216111,606063472.4200,3,0.208600,1,-0.406100,5.206669,0.564317,1.491685,3.510961,0
2020-11-26,sh.600000,9.8400,9.9900,9.7600,9.9800,9.8100,71595543,709188720.7500,3,0.243900,1,1.732900,5.296897,0.574096,1.517535,3.571803,0
2020-11-27,sh.600000,10.0100,10.2000,9.9600,10.2000,9.9800,113388037,1141650216.7000,3,0.386300,1,2.204400,5.413662,0.586752,1.550987,3.650540,0
2020-11-30,sh.600000,10.3000,10.5300,10.0600,10.0600,10.2000,203498922,2102112685.6900,3,0.693300,1,-1.372500,5.339357,0.578698,1.529699,3.600435,0
2020-12-01,sh.600000,10.0800,10.3500,10.0100,10.3000,10.0600,107812159,1099269635.9300,3,0.367300,1,2.385700,5.466737,0.592504,1.566193,3.686330,0
2020-12-02,sh.600000,10.2600,10.3900,10.1900,10.2500,10.3000,78702779,808812295.6100,3,0.268100,1,-0.485400,5.440200,0.589628,1.558590,3.668435,0
2020-12-03,sh.600000,10.2300,10.2800,10.1600,10.2400,10.2500,57195735,584153273.3800,3,0.194900,1,-0.097600,5.434892,0.589053,1.557070,3.664856,0
2020-12-04,sh.600000,10.2400,10.2500,10.0500,10.1700,10.2400,47336450,479183314.9700,3,0.161300,1,-0.683600,5.397740,0.585026,1.546426,3.639804,0
2020-12-07,sh.600000,10.1100,10.1700,9.9000,9.9900,10.1700,57810545,577584100.5400,3,0.197000,1,-1.769900,5.302205,0.574671,1.519055,3.575382,0
2020-12-08,sh.600000,9.9700,10.0600,9.9300,9.9800,9.9900,31522398,315079837.7200,3,0.107400,1,-0.100100,5.296897,0.574096,1.517535,3.571803,0
2020-12-09,sh.600000,9.9800,10.0900,9.9100,9.9100,9.9800,44090061,440752941.1800,3,0.150200,1,-0.701400,5.259744,0.570069,1.506891,3.546751,0
2020-12-10,sh.600000,9.9100,9.9600,9.7600,9.8200,9.9100,39400878,388252087.6400,3,0.134200,1,-0.908200,5.211977,0.564892,1.493206,3.514540,0
2020-12-11,sh.600000,9.8400,9.8800,9.6900,9.7000,9.8200,48386569,471620087.1100,3,0.164800,1,-1.222000,5.148287,0.557989,1.474959,3.471592,0
2020-12-14,sh.600000,9.7500,9.8000,9.6800,9.7500,9.7000,38743836,376928042.4700,3,0.132000,1,0.515500,5.174824,0.560866,1.482562,3.489487,0
2020-12-15,sh.600000,9.7300,9.7400,9.6000,9.7100,9.7500,39323070,379468277.5000,3,0.134000,1,-0.410300,5.153594,0.558565,1.476479,3.475171,0
2020-12-16,sh.600000,9.7200,9.7800,9.6400,9.6500,9.7100,47998904,465187094.3600,3,0.163500,1,-0.617900,5.121749,0.555113,1.467356,3.453698,0
2020-12-17,sh.600000,9.6400,9.7900,9.5900,9.7700,9.6500,42901555,415257095.4500,3,0.146200,1,1.243500,5.185439,0.562016,1.485603,3.496645,0
2020-12-18,sh.600000,9.7400,9.7900,9.6900,9.7600,9.7700,31884462,310411756.2600,3,0.108600,1,-0.102400,5.180132,0.561441,1.484082,3.493066,0
2020-12-21,sh.600000,9.7000,9.7700,9.6500,9.7500,9.7600,31965504,310813655.3600,3,0.108900,1,-0.102500,5.174824,0.560866,1.482562,3.489487,0
2020-12-22,sh.600000,9.7500,9.7500,9.5500,9.6100,9.7500,50418001,485974239.5300,3,0.171800,1,-1.435900,5.100519,0.552812,1.461274,3.439382,0
2020-12-23,sh.600000,9.6000,9.6400,9.4800,9.5500,9.6100,38656338,368816679.0900,3,0.131700,1,-0.624300,5.068674,0.549361,1.452150,3.417908,0
2020-12-24,sh.600000,9.5500,9.6600,9.5100,9.5500,9.5500,24871912,238279375.6100,3,0.084700,1,0.000000,5.068674,0.549361,1.452150,3.417908,0
2020-12-25,sh.600000,9.5600,9.6100,9.5100,9.5800,9.5500,22420976,214427367.0900,3,0.076400,1,0.314100,5.084597,0.551086,1.456712,3.428645,0
2020-12-28,sh.600000,9.5500,9.6300,9.5000,9.5700,9.5800,33765935,322826382.2700,3,0.115000,1,-0.104400,5.079289,0.550511,1.455191,3.425066,0
2020-12-29,sh.600000,9.5900,9.6200,9.5200,9.5300,9.5700,44150648,421945425.9600,3,0.150400,1,-0.418000,5.058059,0.548210,1.449109,3.410750,0
2020-12-30,sh.600000,9.5200,9.5400,9.4400,9.5000,9.5300,54885564,519975315.1900,3,0.187000,1,-0.314800,5.042136,0.546484,1.444547,3.400013,0
2020-12-31,sh.600000,9.5100,9.6900,9.4900,9.6800,9.5000,65992362,635666178.4700,3,0.224800,1,1.894700,5.137672,0.556839,1.471918,3.464434,0
2021-01-04,sh.600000,9.6400,9.7300,9.5500,9.6900,9.6800,62906939,606364958.9400,3,0.214300,1,0.103300,5.142979,0.557414,1.473438,3.468013,0
2021-01-05,sh.600000,9.6800,9.6800,9.5200,9.6800,9.6900,53859177,517135736.5900,3,0.183500,1,-0.103200,5.137673,0.556839,1.471918,3.464435,0
2021-01-06,sh.600000,9.6200,9.8300,9.6200,9.8200,9.6800,61881321,604071109.8900,3,0.210800,1,1.446300,5.211978,0.564892,1.493206,3.514541,0
2021-01-07,sh.600000,9.8300,9.9300,9.6600,9.8100,9.8200,57090442,557051919.5600,3,0.194500,1,-0.101800,5.206671,0.564317,1.491685,3.510962,0
2021-01-08,sh.600000,9.8300,9.9000,9.7300,9.8300,9.8100,55801455,547035204.6600,3,0.190100,1,0.203900,5.217286,0.565468,1.494727,3.518120,0
2021-01-11,sh.600000,9.8300,9.9400,9.6800,9.6900,9.8300,75984056,745359164.7200,3,0.258900,1,-1.424200,5.142980,0.557414,1.473438,3.468014,0
2021-01-12,sh.600000,9.7000,9.7900,9.5800,9.7800,9.6900,56732878,548277788.1600,3,0.193300,1,0.928800,5.190748,0.562591,1.487124,3.500225,0
2021-01-13,sh.600000,9.7500,9.8800,9.7200,9.8400,9.7800,57145173,560579197.6600,3,0.194700,1,0.613500,5.222593,0.566043,1.496247,3.521699,0
2021-01-14,sh.600000,9.8300,9.9600,9.7600,9.8700,9.8400,55338565,545908486.8800,3,0.188500,1,0.304900,5.238516,0.567769,1.500809,3.532435,0
2021-01-15,sh.600000,9.9800,10.2300,9.9200,9.9200,9.8700,143067603,1440725952.4800,3,0.487400,1,0.506600,5.265053,0.570645,1.508412,3.550330,0
2021-01-18,sh.600000,9.9200,10.1200,9.8700,10.0800,9.9200,96389498,962800689.2800,3,0.328400,1,1.612900,5.349973,0.579849,1.532741,3.607594,0
2021-01-19,sh.600000,10.0700,10.2200,9.9800,10.1600,10.0800,82816180,837479675.0600,3,0.282100,1,0.793700,5.392434,0.584451,1.544906,3.636225,0
2021-01-20,sh.600000,10.1300,10.1800,9.9600,9.9800,10.1600,66608913,669394442.0400,3,0.226900,1,-1.771700,5.296898,0.574096,1.517535,3.571804,0
2021-01-21,sh.600000,9.9900,10.0700,9.9300,9.9700,9.9800,53622907,536180004.0300,3,0.182700,1,-0.100200,5.291591,0.573521,1.516015,3.568225,0
2021-01-22,sh.600000,9.9600,9.9700,9.7600,9.7900,9.9700,61879785,607707949.2000,3,0.210800,1,-1.805400,5.196056,0.563167,1.488644,3.503804,0
2021-01-25,sh.600000,9.7700,9.7800,9.6700,9.7200,9.7900,51705648,501372367.7000,3,0.176200,1,-0.715000,5.158903,0.559140,1.478000,3.478751,0
2021-01-26,sh.600000,9.6900,9.7800,9.6600,9.6800,9.7200,39877611,386930899.3200,3,0.135900,1,-0.411500,5.137673,0.556839,1.471918,3.464435,0
2021-01-27,sh.600000,9.6700,9.8800,9.6600,9.7300,9.6800,55174457,539658291.6600,3,0.188000,1,0.516500,5.164210,0.559715,1.479521,3.482330,0
2021-01-28,sh.600000,9.7300,9.7400,9.6100,9.6600,9.7300,52360924,506059207.0200,3,0.178400,1,-0.719400,4.861409,0.555688,1.443908,3.457277,0
2021-01-29,sh.600000,9.6900,10.1300,9.6500,9.9600,9.6600,115257482,1142597658.7300,3,0.392700,1,3.105600,5.012384,0.572946,1.488750,3.564646,0
2021-02-01,sh.600000,9.9400,10.4800,9.9000,10.4400,9.9600,181883788,1867280982.5000,3,0.619700,1,4.819300,5.253945,0.600558,1.560497,3.736436,0
2021-02-02,sh.600000,10.3500,10.4700,10.1500,10.2200,10.4400,131403970,1349638624.6300,3,0.447700,1,-2.107300,5.143230,0.587902,1.527613,3.657699,0
2021-02-03,sh.600000,10.1900,10.4300,10.0600,10.2600,10.2200,131150745,1346692050.1900,3,0.446800,1,0.391400,5.163360,0.590203,1.533592,3.672015,0
2021-02-04,sh.600000,10.2100,10.4100,10.1200,10.2800,10.2600,92016450,944124557.5200,3,0.313500,1,0.194900,5.173425,0.591354,1.536581,3.679173,0
2021-02-05,sh.600000,10.2800,10.8200,10.2500,10.7200,10.2800,195506162,2078645790.8200,3,0.666100,1,4.280200,5.394856,0.616665,1.602349,3.836647,0
2021-02-08,sh.600000,10.7100,10.8100,10.5100,10.7200,10.7200,137089506,1467791360.0600,3,0.467100,1,0.000000,5.394856,0.616665,1.602349,3.836647,0
2021-02-09,sh.600000,10.7000,10.7400,10.5400,10.6800,10.7200,99871998,1061301526.7800,3,0.340300,1,-0.373100,5.374726,0.614364,1.596370,3.822331,0
2021-02-10,sh.600000,10.6700,10.8500,10.5600,10.6900,10.6800,105092241,1123961356.4800,3,0.358000,1,0.093600,5.379758,0.614939,1.597865,3.825910,0
2021-02-18,sh.600000,10.8000,11.0200,10.7400,10.8300,10.6900,143397923,1558504810.5900,3,0.488500,1,1.309600,5.450213,0.622992,1.618791,3.876016,0
2021-02-19,sh.600000,10.8300,11.1200,10.7700,10.9700,10.8300,122926300,1351290390.6400,3,0.418800,1,1.292700,5.520668,0.631046,1.639718,3.926121,0
2021-02-22,sh.600000,10.9200,10.9500,10.7000,10.7100,10.9700,127379414,1373533381.7900,3,0.434000,1,-2.370100,5.389823,0.616089,1.600855,3.833068,0
2021-02-23,sh.600000,10.7100,10.9900,10.7100,10.7800,10.7100,93327786,1010901315.5500,3,0.318000,1,0.653600,5.425051,0.620116,1.611318,3.858121,0
2021-02-24,sh.600000,10.8100,10.8900,10.5500,10.6000,10.7800,97783999,1047470278.6800,3,0.333100,1,-1.669800,5.334465,0.609762,1.584413,3.793700,0
2021-02-25,sh.600000,10.6600,10.8500,10.6000,10.8000,10.6000,89855495,964732754.7100,3,0.306100,1,1.886800,5.435116,0.621267,1.614307,3.865279,0
2021-02-26,sh.600000,10.7200,10.8200,10.5400,10.5400,10.8000,85386093,909298104.7600,3,0.290900,1,-2.407400,5.304270,0.606310,1.575444,3.772226,0
2021-03-01,sh.600000,10.5900,10.6400,10.5000,10.5800,10.5400,54746126,578491496.4100,3,0.186500,1,0.379500,5.324400,0.608611,1.581423,3.786542,0
2021-03-02,sh.600000,10.6100,10.7000,10.3600,10.4700,10.5800,74763149,786616693.3100,3,0.254700,1,-1.039700,5.269043,0.602283,1.564981,3.747173,0
2021-03-03,sh.600000,10.4500,10.9200,10.4300,10.9200,10.4700,113570860,1224387994.2200,3,0.386900,1,4.298000,5.495506,0.628170,1.632244,3.908226,0
2021-03-04,sh.600000,10.8000,10.9200,10.7600,10.8800,10.9200,75412865,817817158.7900,3,0.256900,1,-0.366300,5.475376,0.625869,1.626265,3.893911,0
2021-03-05,sh.600000,10.8700,10.9400,10.6900,10.8600,10.8800,72154782,778561759.3100,3,0.245800,1,-0.183800,5.465311,0.624718,1.623276,3.886753,0
2021-03-08,sh.600000,10.9800,11.0200,10.7100,10.7500,10.8600,80153097,869553732.9700,3,0.273100,1,-1.012900,5.409953,0.618390,1.606834,3.847384,0
2021-03-09,sh.600000,10.7800,10.9000,10.6500,10.7300,10.7500,83584061,900880588.8200,3,0.284800,1,-0.186000,5.399888,0.617240,1.603844,3.840226,0
2021-03-10,sh.600000,10.7600,10.7900,10.6300,10.7200,10.7300,50512161,542100935.2800,3,0.172100,1,-0.093200,5.394856,0.616665,1.602349,3.836647,0
2021-03-11,sh.600000,10.8000,10.9700,10.7600,10.9000,10.7200,76816962,836848985.2500,3,0.261700,1,1.679100,5.485441,0.627019,1.629255,3.901069,0
2021-03-12,sh.600000,10.8900,11.0300,10.8200,10.9000,10.9000,79235629,866141110.8500,3,0.269900,1,0.000000,5.485441,0.627019,1.629255,3.901069,0
2021-03-15,sh.600000,10.8800,11.2400,10.8800,11.1200,10.9000,113524449,1259911417.2400,3,0.386800,1,2.018300,5.596156,0.639674,1.662139,3.979806,0
2021-03-16,sh.600000,11.0500,11.2400,11.0100,11.1100,11.1200,65502259,728108285.0500,3,0.223200,1,-0.089900,5.591124,0.639099,1.660644,3.976227,0
2021-03-17,sh.600000,11.1000,11.1200,10.8900,10.9200,11.1100,57821851,634262121.4800,3,0.197000,1,-1.710200,5.495506,0.628170,1.632244,3.908226,0
2021-03-18,sh.600000,10.9700,11.0500,10.9000,11.0300,10.9200,50943550,559643203.1400,3,0.173600,1,1.007300,5.550864,0.634497,1.648686,3.947595,0
2021-03-19,sh.600000,11.0100,11.0500,10.5600,10.6500,11.0300,103359887,1110156577.3500,3,0.352100,1,-3.445100,5.359628,0.612638,1.591886,3.811595,0
2021-03-22,sh.600000,10.6200,10.8800,10.6200,10.7500,10.6500,66031003,710176261.0000,3,0.225000,1,0.939000,5.409953,0.618390,1.606834,3.847384,0
2021-03-23,sh.600000,10.7600,10.8300,10.6800,10.7800,10.7500,47127710,506263415.8500,3,0.160600,1,0.279100,5.425051,0.620116,1.611318,3.858121,0
2021-03-24,sh.600000,10.7700,10.8100,10.6300,10.6800,10.7800,44132642,472480387.6300,3,0.150400,1,-0.927600,5.374726,0.614364,1.596370,3.822331,0
2021-03-25,sh.600000,10.7200,10.7800,10.6100,10.6300,10.6800,43547662,465464538.5400,3,0.148400,1,-0.468200,5.349563,0.611487,1.588897,3.804437,0
2021-03-26,sh.600000,10.6800,10.7300,10.6100,10.6200,10.6300,40882734,435739848.2900,3,0.139300,1,-0.094100,5.344530,0.610912,1.587402,3.800858,0
2021-03-29,sh.600000,10.6000,10.6000,10.4000,10.4800,10.6200,92366772,964797269.3800,3,0.314700,1,-1.318300,5.274075,0.585360,1.566372,2.709412,0
2021-03-30,sh.600000,10.6500,11.0100,10.6200,11.0100,10.4800,173447215,1882440615.4600,3,0.590900,1,5.057300,5.540798,0.614964,1.645588,2.846434,0
2021-03-31,sh.600000,11.0100,11.0400,10.8700,10.9900,11.0100,66813691,731611998.6100,3,0.227600,1,-0.181700,5.530733,0.613847,1.642598,2.841264,0
2021-04-01,sh.600000,10.9900,11.0100,10.8100,10.8900,10.9900,47781207,519576384.4800,3,0.162800,1,-0.909900,5.480409,0.608261,1.627652,2.815411,0
2021-04-02,sh.600000,10.9400,10.9500,10.6700,10.7600,10.8900,65365057,704137147.4600,3,0.222700,1,-1.193800,5.414986,0.601000,1.608222,2.781802,0
2021-04-06,sh.600000,10.7600,10.7900,10.6800,10.7000,10.7600,33911224,363567283.1500,3,0.115500,1,-0.557600,5.384791,0.597649,1.599254,2.766290,0
2021-04-07,sh.600000,10.7400,10.7500,10.5800,10.6500,10.7000,60988540,648631698.6600,3,0.207800,1,-0.467300,5.359629,0.594856,1.591781,2.753363,0
2021-04-08,sh.600000,10.6300,10.7000,10.5600,10.6600,10.6500,42047850,447410758.0100,3,0.143300,1,0.093900,5.364661,0.595414,1.593276,2.755949,0
2021-04-09,sh.600000,10.6400,10.6400,10.5300,10.5900,10.6600,38683022,409118551.3800,3,0.131800,1,-0.656700,5.329434,0.591505,1.582813,2.737851,0
2021-04-12,sh.600000,10.5800,10.7500,10.5200,10.7300,10.5900,57023744,608748238.0200,3,0.194300,1,1.322000,5.399889,0.599324,1.603738,2.774046,0
2021-04-13,sh.600000,10.7400,10.8200,10.6700,10.7600,10.7300,52756234,566984751.8100,3,0.179700,1,0.279600,5.414986,0.601000,1.608222,2.781802,0
2021-04-14,sh.600000,10.8200,10.8200,10.5700,10.5900,10.7600,45686754,486204159.6500,3,0.155700,1,-1.579900,5.329434,0.591505,1.582813,2.737851,0
2021-04-15,sh.600000,10.5800,10.6100,10.3800,10.4300,10.5900,53172372,555086923.9300,3,0.181200,1,-1.510900,5.248913,0.582568,1.558899,2.696486,0
2021-04-16,sh.600000,10.4500,10.5500,10.4200,10.5400,10.4300,32895624,345237986.6700,3,0.112100,1,1.054700,5.304271,0.588712,1.575340,2.724925,0
2021-04-19,sh.600000,10.5500,10.6400,10.4500,10.5800,10.5400,50203914,529864990.2600,3,0.171000,1,0.379500,5.324401,0.590946,1.581319,2.735266,0
2021-04-20,sh.600000,10.5500,10.5800,10.4800,10.5000,10.5800,29450563,309777289.6900,3,0.100300,1,-0.756100,5.284141,0.586478,1.569362,2.714583,0
2021-04-21,sh.600000,10.4700,10.6200,10.4600,10.5800,10.5000,45439718,480039017.9100,3,0.154800,1,0.761900,5.324401,0.590946,1.581319,2.735266,0
2021-04-22,sh.600000,10.6000,10.6000,10.4000,10.4300,10.5800,41793378,437919109.3100,3,0.142400,1,-1.417800,5.248913,0.582568,1.558899,2.696486,0
2021-04-23,sh.600000,10.4200,10.4700,10.3800,10.4300,10.4300,24825285,259051575.2300,3,0.084600,1,0.000000,5.248913,0.582568,1.558899,2.696486,0
2021-04-26,sh.600000,10.4500,10.5000,10.2800,10.3000,10.4300,46387212,482566266.0800,3,0.158000,1,-1.246400,5.183491,0.575307,1.539469,2.662877,0
2021-04-27,sh.600000,10.3300,10.3400,10.2400,10.2700,10.3000,25042540,257631071.9400,3,0.085300,1,-0.291300,5.168393,0.573631,1.534985,2.655121,0
2021-04-28,sh.600000,10.3300,10.3300,10.1800,10.2500,10.2700,35321183,361207957.3900,3,0.120300,1,-0.194700,5.158328,0.572514,1.531996,2.649951,0
2021-04-29,sh.600000,10.2800,10.5500,10.2600,10.5400,10.2500,48194627,503908364.2100,3,0.164200,1,2.829300,5.304271,0.588712,1.575340,2.724925,0
2021-04-30,sh.600000,10.2800,10.2800,9.9600,10.0500,10.5400,156103445,1570141012.4200,3,0.531800,1,-4.649000,4.944420,0.543260,1.548645,2.875305,0
2021-05-06,sh.600000,9.9700,10.1800,9.9700,10.1000,10.0500,61139167,616780671.5700,3,0.208300,1,0.497500,4.969019,0.545963,1.556350,2.889610,0
2021-05-07,sh.600000,10.1000,10.1500,9.9900,10.0300,10.1000,72345288,728759605.3100,3,0.246500,1,-0.693100,4.934581,0.542179,1.545563,2.869583,0
2021-05-10,sh.600000,10.0600,10.0600,9.8800,9.9500,10.0300,61516454,610992515.4000,3,0.209600,1,-0.797600,4.895222,0.537854,1.533236,2.846695,0
2021-05-11,sh.600000,9.9200,10.0700,9.9000,10.0500,9.9500,42333780,423538344.9600,3,0.144200,1,1.005000,4.944420,0.543260,1.548645,2.875305,0
2021-05-12,sh.600000,10.0400,10.2000,10.0200,10.1200,10.0500,52012085,526835922.5900,3,0.177200,1,0.696500,4.978859,0.547044,1.559432,2.895332,0
2021-05-13,sh.600000,10.0900,10.1700,10.0100,10.0900,10.1200,47212565,475665503.3300,3,0.160800,1,-0.296400,4.964099,0.545422,1.554809,2.886749,0
2021-05-14,sh.600000,10.1000,10.2000,10.0300,10.1900,10.0900,47681403,483068526.7400,3,0.162400,1,0.991100,5.013298,0.550828,1.570218,2.915359,0
2021-05-17,sh.600000,10.2000,10.2900,10.1300,10.2100,10.1900,46363314,473603666.3400,3,0.158000,1,0.196300,5.023137,0.551909,1.573300,2.921081,0
2021-05-18,sh.600000,10.1800,10.2300,10.1500,10.2200,10.2100,19093505,194624788.0600,3,0.065000,1,0.097900,5.028057,0.552449,1.574841,2.923942,0
2021-05-19,sh.600000,10.1900,10.2000,10.0700,10.1200,10.2200,29273907,296073789.3300,3,0.099700,1,-0.978500,4.978859,0.547044,1.559432,2.895332,0
2021-05-20,sh.600000,10.1000,10.1800,10.0200,10.1600,10.1200,35395264,357783848.2000,3,0.120600,1,0.395300,4.998538,0.549206,1.565596,2.906776,0
2021-05-21,sh.600000,10.2000,10.2200,10.0700,10.0900,10.1600,28618932,289959892.9500,3,0.097500,1,-0.689000,4.964099,0.545422,1.554809,2.886749,0
2021-05-24,sh.600000,10.0800,10.1400,10.0500,10.0900,10.0900,23518901,237130459.3700,3,0.080100,1,0.000000,4.964099,0.545422,1.554809,2.886749,0
2021-05-25,sh.600000,10.1000,10.3300,10.0600,10.3200,10.0900,75417564,771994298.4800,3,0.256900,1,2.279500,5.077255,0.557855,1.590251,2.952552,0
2021-05-26,sh.600000,10.3100,10.4200,10.2800,10.3500,10.3200,54984815,568991552.4000,3,0.187300,1,0.290700,5.092015,0.559477,1.594874,2.961135,0
2021-05-27,sh.600000,10.3200,10.4300,10.2600,10.2900,10.3500,52063330,536862488.3300,3,0.177400,1,-0.579700,5.062496,0.556233,1.585628,2.943969,0
2021-05-28,sh.600000,10.3300,10.3600,10.2500,10.3500,10.2900,34593293,356339747.2700,3,0.117900,1,0.583100,5.092015,0.559477,1.594874,2.961135,0
2021-05-31,sh.600000,10.3400,10.3400,10.2200,10.2700,10.3500,37255726,381740399.5900,3,0.126900,1,-0.772900,5.052656,0.555152,1.582546,2.938247,0
2021-06-01,sh.600000,10.2300,10.2600,10.1800,10.1900,10.2700,41880384,427253268.7600,3,0.142700,1,-0.779000,5.013298,0.550828,1.570218,2.915359,0
2021-06-02,sh.600000,10.2100,10.2300,10.1300,10.2200,10.1900,35830478,364475986.3200,3,0.122100,1,0.294400,5.028057,0.552449,1.574841,2.923942,0
2021-06-03,sh.600000,10.2100,10.3200,10.1800,10.2300,10.2200,52244908,535599653.0700,3,0.178000,1,0.097800,5.032977,0.552990,1.576382,2.926803,0
2021-06-04,sh.600000,10.2500,10.3800,10.1900,10.2300,10.2300,71052432,729772587.1900,3,0.242100,1,0.000000,5.032977,0.552990,1.576382,2.926803,0
2021-06-07,sh.600000,10.2600,10.2700,10.2000,10.2300,10.2300,36301400,371369101.7600,3,0.123700,1,0.000000,5.032977,0.552990,1.576382,2.926803,0
2021-06-08,sh.600000,10.2400,10.3300,10.1800,10.3100,10.2300,50838116,522323155.3400,3,0.173200,1,0.782000,5.072336,0.557314,1.588710,2.949691,0
2021-06-09,sh.600000,10.2900,10.3500,10.2100,10.2100,10.3100,56095091,575008506.5700,3,0.191100,1,-0.969900,5.023137,0.551909,1.573300,2.921081,0
2021-06-10,sh.600000,10.2100,10.3100,10.2000,10.2300,10.2100,45685432,467893685.0100,3,0.155600,1,0.195900,5.032977,0.552990,1.576382,2.926803,0
2021-06-11,sh.600000,10.2400,10.2800,10.1100,10.1700,10.2300,58030251,591098508.1700,3,0.197700,1,-0.586500,5.003458,0.549747,1.567137,2.909637,0
2021-06-15,sh.600000,10.1500,10.1500,10.0100,10.0300,10.1700,46955773,472150826.0400,3,0.160000,1,-1.376600,4.934581,0.542179,1.545563,2.869583,0
2021-06-16,sh.600000,10.0400,10.1400,10.0100,10.0500,10.0300,32171081,324482531.7300,3,0.109600,1,0.199400,4.944420,0.543260,1.548645,2.875305,0
2021-06-17,sh.600000,10.0500,10.1200,10.0300,10.0400,10.0500,29689848,298576626.2100,3,0.101200,1,-0.099500,4.939500,0.542719,1.547104,2.872444,0
2021-06-18,sh.600000,10.0400,10.1000,10.0000,10.1000,10.0400,44451210,446813170.5400,3,0.151400,1,0.597600,4.969019,0.545963,1.556350,2.889610,0
2021-06-21,sh.600000,10.0600,10.0900,10.0100,10.0400,10.1000,39815744,399756078.5200,3,0.135600,1,-0.594100,4.939500,0.542719,1.547104,2.872444,0
2021-06-22,sh.600000,10.0600,10.1200,10.0000,10.0000,10.0400,45184564,453604603.9200,3,0.153900,1,-0.398400,4.919821,0.540557,1.540941,2.861000,0
2021-06-23,sh.600000,10.0100,10.0300,9.9600,9.9900,10.0000,34400099,343745818.9200,3,0.117200,1,-0.100000,4.914901,0.540017,1.539400,2.858139,0
2021-06-24,sh.600000,10.0000,10.0500,9.9700,10.0200,9.9900,31652661,316690710.4900,3,0.107800,1,0.300300,4.929661,0.541638,1.544022,2.866722,0
2021-06-25,sh.600000,10.0200,10.1100,10.0100,10.0800,10.0200,48335388,486548041.5600,3,0.164700,1,0.598800,4.959180,0.544882,1.553268,2.883888,0
2021-06-28,sh.600000,10.0600,10.0700,9.9900,10.0100,10.0800,32597114,326457360.3100,3,0.111100,1,-0.694400,4.924741,0.541098,1.542482,2.863861,0
2021-06-29,sh.600000,10.0100,10.0400,9.9800,9.9800,10.0100,32733370,327178180.2000,3,0.111500,1,-0.299700,4.909981,0.539476,1.537859,2.855278,0
2021-06-30,sh.600000,10.0000,10.0200,9.9700,10.0000,9.9800,21580051,215772914.0500,3,0.073500,1,0.200400,4.919821,0.540557,1.540941,2.861000,0
2021-07-01,sh.600000,10.0100,10.0600,9.9900,10.0300,10.0000,36999138,370991509.2000,3,0.126100,1,0.300000,4.934581,0.542179,1.545563,2.869583,0
2021-07-02,sh.600000,10.0100,10.0500,9.9200,9.9300,10.0300,51535129,513421350.3200,3,0.175600,1,-0.997000,4.885382,0.536773,1.530154,2.840973,0
2021-07-05,sh.600000,9.9500,9.9600,9.8500,9.9200,9.9300,44806863,442917699.0200,3,0.152700,1,-0.100700,4.880464,0.536233,1.528614,2.838113,0
2021-07-06,sh.600000,9.9100,10.0100,9.8800,9.9900,9.9200,37737379,375924559.3700,3,0.128600,1,0.705600,4.914903,0.540017,1.539400,2.858140,0
2021-07-07,sh.600000,10.0100,10.0400,9.9400,10.0300,9.9900,35666988,356794175.1600,3,0.121500,1,0.400400,4.934583,0.542179,1.545564,2.869584,0
2021-07-08,sh.600000,10.0500,10.0500,9.9200,9.9400,10.0300,30745176,306373156.4100,3,0.104700,1,-0.897300,4.890304,0.537314,1.531696,2.843835,0
2021-07-09,sh.600000,9.9300,10.0100,9.9000,9.9100,9.9400,34590087,343545046.8200,3,0.117800,1,-0.301800,4.875545,0.535692,1.527073,2.835252,0
2021-07-12,sh.600000,9.9600,9.9900,9.9000,9.9100,9.9100,33415612,332219127.8400,3,0.113800,1,0.000000,4.875545,0.535692,1.527073,2.835252,0
2021-07-13,sh.600000,9.9400,9.9900,9.8800,9.9600,9.9100,34611654,344399322.1100,3,0.117900,1,0.504500,4.900144,0.538395,1.534777,2.849557,0
2021-07-14,sh.600000,9.9700,9.9700,9.8000,9.8300,9.9600,52207557,514554736.2200,3,0.177900,1,-1.305200,4.836186,0.531368,1.514745,2.812364,0
2021-07-15,sh.600000,9.8300,9.9600,9.8100,9.9400,9.8300,45903396,454671007.7900,3,0.156400,1,1.119000,4.890304,0.537314,1.531696,2.843835,0
2021-07-16,sh.600000,10.0100,10.0800,9.9600,9.9800,9.9400,45557802,455679342.7300,3,0.155200,1,0.402400,4.909983,0.539476,1.537859,2.855279,0
2021-07-19,sh.600000,9.9800,10.0300,9.8500,10.0100,9.9800,53049438,527117554.0900,3,0.180700,1,0.300600,4.924743,0.541098,1.542482,2.863862,0
2021-07-20,sh.600000,10.0100,10.0200,9.9400,9.9900,10.0100,36834727,367615290.5300,3,0.125500,1,-0.199800,4.914903,0.540017,1.539400,2.858140,0
2021-07-21,sh.600000,9.5100,9.6400,9.5100,9.5500,9.5100,58450876,558646899.8500,3,0.199100,1,0.420600,4.698431,0.516232,1.471599,2.732256,0
2021-07-22,sh.600000,9.5800,9.7200,9.5600,9.6400,9.5500,43977169,424674365.9900,3,0.149800,1,0.942400,4.742709,0.521097,1.485467,2.758005,0
2021-07-23,sh.600000,9.6000,9.6700,9.5700,9.5800,9.6400,30090322,289065062.5700,3,0.102500,1,-0.622400,4.713190,0.517854,1.476222,2.740839,0
2021-07-26,sh.600000,9.5700,9.5800,9.3000,9.3400,9.5800,51742715,486767435.1600,3,0.176300,1,-2.505200,4.595115,0.504881,1.439239,2.672175,0
2021-07-27,sh.600000,9.3600,9.4300,9.0900,9.1500,9.3400,53279860,494584132.3400,3,0.181500,1,-2.034300,4.501638,0.494610,1.409961,2.617816,0
2021-07-28,sh.600000,9.1600,9.3600,9.1600,9.2100,9.1500,46335875,428304155.7800,3,0.157900,1,0.655700,4.531157,0.497853,1.419207,2.634982,0
2021-07-29,sh.600000,9.2500,9.2800,9.1000,9.1200,9.2100,43587733,398885079.3600,3,0.148500,1,-0.977200,4.486879,0.492988,1.405338,2.609233,0
2021-07-30,sh.600000,9.1300,9.1300,9.0100,9.0300,9.1200,35697122,323216885.3300,3,0.121600,1,-0.986800,4.442600,0.488123,1.391470,2.583484,0
2021-08-02,sh.600000,9.0300,9.2400,8.9700,9.1300,9.0300,45713350,416533736.8700,3,0.155700,1,1.107400,4.491798,0.493529,1.406879,2.612094,0
2021-08-03,sh.600000,9.1300,9.1400,9.0400,9.1200,9.1300,33014050,300047780.1100,3,0.112500,1,-0.109500,4.486879,0.492988,1.405338,2.609233,0
2021-08-04,sh.600000,9.1200,9.1400,9.0500,9.0700,9.1200,25214494,229004469.3700,3,0.085900,1,-0.548200,4.462279,0.490286,1.397634,2.594928,0
2021-08-05,sh.600000,9.0600,9.1200,9.0400,9.0500,9.0700,24267799,220300799.2300,3,0.082700,1,-0.220500,4.452440,0.489204,1.394552,2.589206,0
2021-08-06,sh.600000,9.0500,9.0800,9.0000,9.0800,9.0500,22486126,203315737.6900,3,0.076600,1,0.331500,4.467199,0.490826,1.399175,2.597789,0
2021-08-09,sh.600000,9.0600,9.2500,9.0500,9.1700,9.0800,37461914,344052120.3700,3,0.127600,1,0.991200,4.511478,0.495691,1.413043,2.623538,0
2021-08-10,sh.600000,9.1800,9.2300,9.1000,9.2000,9.1700,34370935,314539916.2100,3,0.117100,1,0.327200,4.526237,0.497313,1.417666,2.632121,0
2021-08-11,sh.600000,9.1800,9.2900,9.1600,9.2100,9.2000,37382098,345067501.8800,3,0.127400,1,0.108700,4.531157,0.497853,1.419207,2.634982,0
2021-08-12,sh.600000,9.2100,9.2200,9.1600,9.1700,9.2100,22978467,211023249.9600,3,0.078300,1,-0.434300,4.511478,0.495691,1.413043,2.623538,0
2021-08-13,sh.600000,9.1600,9.2300,9.1400,9.1800,9.1700,21925988,201254904.2300,3,0.074700,1,0.109100,4.516398,0.496232,1.414584,2.626399,0
2021-08-16,sh.600000,9.1900,9.2700,9.1600,9.2200,9.1800,27369511,252450157.4300,3,0.093200,1,0.435700,4.536077,0.498394,1.420748,2.637843,0
2021-08-17,sh.600000,9.2300,9.2900,9.1700,9.1900,9.2200,38016760,350733814.6700,3,0.129500,1,-0.325400,4.521317,0.496772,1.416125,2.629260,0
2021-08-18,sh.600000,9.2000,9.3900,9.1600,9.3300,9.1900,43424745,403158874.4200,3,0.147900,1,1.523400,4.590195,0.504340,1.437698,2.669314,0
2021-08-19,sh.600000,9.3400,9.3400,9.1900,9.2300,9.3300,36391371,336172105.1800,3,0.124000,1,-1.071800,4.540997,0.498934,1.422289,2.640704,0
2021-08-20,sh.600000,9.2500,9.3000,9.1800,9.2700,9.2300,35374387,327037545.2100,3,0.120500,1,0.433400,4.560676,0.501097,1.428452,2.652148,0
2021-08-23,sh.600000,9.3000,9.3100,9.2000,9.2000,9.2700,32418942,299502500.6500,3,0.110400,1,-0.755100,4.526237,0.497313,1.417666,2.632121,0
2021-08-24,sh.600000,9.2200,9.3000,9.1700,9.2100,9.2000,40815968,376573365.5300,3,0.139100,1,0.108700,4.531157,0.497853,1.419207,2.634982,0
2021-08-25,sh.600000,9.2300,9.2400,9.1600,9.1900,9.2100,34063999,313176526.9800,3,0.116100,1,-0.217200,4.521317,0.496772,1.416125,2.629260,0
2021-08-26,sh.600000,9.1800,9.2000,9.1300,9.1400,9.1900,29439149,269637951.0500,3,0.100300,1,-0.544100,4.496718,0.494069,1.408420,2.614955,0
2021-08-27,sh.600000,9.1600,9.2200,9.1400,9.1700,9.1400,27618817,253490155.8200,3,0.094100,1,0.328200,4.511478,0.495691,1.413043,2.623538,0
2021-08-30,sh.600000,9.0500,9.0800,8.9200,8.9600,9.1700,80410279,721952836.2000,3,0.274000,1,-2.290100,4.441888,0.487126,1.367332,4.460799,0
2021-08-31,sh.600000,8.9800,9.0500,8.9300,9.0500,8.9600,44633690,401545634.4700,3,0.152100,1,1.004500,4.486505,0.492019,1.381066,4.505606,0
2021-09-01,sh.600000,9.0300,9.2300,9.0100,9.1800,9.0500,58211312,532088406.3300,3,0.198300,1,1.436500,4.550952,0.499086,1.400905,4.570327,0
2021-09-02,sh.600000,9.2000,9.2400,9.1600,9.2300,9.1800,40122727,369226845.8100,3,0.136700,1,0.544700,4.575740,0.501805,1.408535,4.595220,0
2021-09-03,sh.600000,9.2400,9.3300,9.1600,9.2400,9.2300,50781588,470393997.2500,3,0.173000,1,0.108300,4.580697,0.502348,1.410061,4.600199,0
2021-09-06,sh.600000,9.2200,9.3100,9.2000,9.2100,9.2400,35627742,329503565.5100,3,0.121400,1,-0.324700,4.565825,0.500717,1.405483,4.585263,0
2021-09-07,sh.600000,9.2100,9.3900,9.1600,9.3400,9.2100,64051787,594700224.4000,3,0.218200,1,1.411500,4.630272,0.507785,1.425321,4.649985,0
2021-09-08,sh.600000,9.3400,9.3900,9.2900,9.3400,9.3400,40941784,382017869.1800,3,0.139500,1,0.000000,4.630272,0.507785,1.425321,4.649985,0
2021-09-09,sh.600000,9.3200,9.3400,9.2500,9.3000,9.3400,31951355,297126954.1900,3,0.108900,1,-0.428300,4.610442,0.505610,1.419217,4.630070,0
2021-09-10,sh.600000,9.3200,9.4800,9.3100,9.4100,9.3000,57250718,537963808.5200,3,0.195000,1,1.182800,4.664974,0.511591,1.436004,4.684835,0
2021-09-13,sh.600000,9.3800,9.4300,9.3400,9.3900,9.4100,29373307,275283515.4700,3,0.100100,1,-0.212500,4.655059,0.510503,1.432951,4.674877,0
2021-09-14,sh.600000,9.3900,9.4300,9.1700,9.2100,9.3900,53934721,500630063.1100,3,0.183800,1,-1.916900,4.565825,0.500717,1.405483,4.585263,0
2021-09-15,sh.600000,9.2100,9.2600,9.1300,9.1900,9.2100,38064766,349607327.8600,3,0.129700,1,-0.217200,4.555910,0.499630,1.402431,4.575306,0
2021-09-16,sh.600000,9.2000,9.2300,9.1100,9.1200,9.1900,49199895,450453204.4600,3,0.167600,1,-0.761700,4.521208,0.495824,1.391748,4.540456,0
2021-09-17,sh.600000,9.1100,9.1700,9.0800,9.1100,9.1200,30233529,275167575.0600,3,0.103000,1,-0.109600,4.516250,0.495281,1.390222,4.535477,0
2021-09-22,sh.600000,9.0000,9.0800,8.9600,9.0300,9.1100,35054148,316134897.2300,3,0.119400,1,-0.878200,4.476591,0.490931,1.378014,4.495649,0
2021-09-23,sh.600000,9.1000,9.1500,9.0100,9.0300,9.0300,39639967,359242361.3900,3,0.135000,1,0.000000,4.476591,0.490931,1.378014,4.495649,0
2021-09-24,sh.600000,9.0400,9.0800,8.9900,9.0200,9.0300,39925596,360045375.4900,3,0.136000,1,-0.110700,4.471633,0.490388,1.376488,4.490670,0
2021-09-27,sh.600000,9.0200,9.0500,8.9400,9.0200,9.0200,41708355,374465142.4000,3,0.142100,1,0.000000,4.471633,0.490388,1.376488,4.490670,0
2021-09-28,sh.600000,8.9800,9.0900,8.9800,9.0300,9.0200,33340762,301762292.3700,3,0.113600,1,0.110900,4.476591,0.490931,1.378014,4.495649,0
2021-09-29,sh.600000,9.0100,9.0900,8.9700,9.0200,9.0300,40008268,361288902.3600,3,0.136300,1,-0.110700,4.471633,0.490388,1.376488,4.490670,0
2021-09-30,sh.600000,9.0300,9.0500,8.9800,9.0000,9.0200,29190245,262917686.7400,3,0.099400,1,-0.221700,4.461718,0.489300,1.373436,4.480713,0
2021-10-08,sh.600000,9.0500,9.1500,9.0300,9.0800,9.0000,39080557,354870725.3100,3,0.133100,1,0.888900,4.501378,0.493650,1.385644,4.520542,0
2021-10-11,sh.600000,9.1200,9.2500,9.1000,9.1500,9.0800,46632488,427661681.1200,3,0.158900,1,0.770900,4.536082,0.497456,1.396327,4.555393,0
2021-10-12,sh.600000,9.1200,9.1900,9.0900,9.1400,9.1500,35725751,326390581.4300,3,0.121700,1,-0.109300,4.531124,0.496912,1.394801,4.550415,0
2021-10-13,sh.600000,9.1400,9.1500,9.0500,9.0700,9.1400,22538281,204856493.9000,3,0.076800,1,-0.765900,4.496422,0.493106,1.384119,4.515565,0
2021-10-14,sh.600000,9.0700,9.0900,9.0200,9.0400,9.0700,22584606,204329606.5900,3,0.076900,1,-0.330800,4.481549,0.491475,1.379540,4.500629,0
2021-10-15,sh.600000,9.0500,9.1100,9.0200,9.0700,9.0400,27525449,249700096.1000,3,0.093800,1,0.331900,4.496422,0.493106,1.384119,4.515565,0
2021-10-18,sh.600000,9.0600,9.1000,8.9800,9.0200,9.0700,25964695,234209596.7500,3,0.088500,1,-0.551300,4.471634,0.490388,1.376488,4.490672,0
2021-10-19,sh.600000,9.0300,9.0700,9.0100,9.0100,9.0200,28636166,258552846.4100,3,0.097600,1,-0.110900,4.466677,0.489844,1.374962,4.485693,0
2021-10-20,sh.600000,9.0300,9.0600,8.9900,9.0200,9.0100,27482428,247758528.8000,3,0.093600,1,0.111000,4.471634,0.490388,1.376488,4.490672,0
2021-10-21,sh.600000,9.0500,9.0900,9.0100,9.0400,9.0200,44074576,398999703.5000,3,0.150200,1,0.221700,4.481549,0.491475,1.379540,4.500629,0
2021-10-22,sh.600000,9.0700,9.1300,9.0200,9.0700,9.0400,38669415,350441991.4700,3,0.131700,1,0.331900,4.496422,0.493106,1.384119,4.515565,0
2021-10-25,sh.600000,9.0300,9.0600,9.0200,9.0300,9.0700,26585515,240319367.4500,3,0.090600,1,-0.441000,4.476592,0.490932,1.378014,4.495650,0
2021-10-26,sh.600000,9.0600,9.0900,9.0100,9.0300,9.0300,30751828,277872449.3100,3,0.104800,1,0.000000,4.476592,0.490932,1.378014,4.495650,0
2021-10-27,sh.600000,9.0100,9.0200,8.9600,8.9900,9.0300,34197280,307379955.9200,3,0.116500,1,-0.443000,4.456762,0.488757,1.371910,4.475736,0
2021-10-28,sh.600000,8.9900,9.0100,8.9500,8.9600,8.9900,28165181,252660139.6800,3,0.096000,1,-0.333700,4.441890,0.487126,1.367332,4.460800,0
2021-10-29,sh.600000,8.9600,9.0000,8.9300,8.9400,8.9600,35990731,322416660.8200,3,0.122600,1,-0.223200,4.431975,0.486039,1.364280,4.450843,0
2021-11-01,sh.600000,8.6900,8.7800,8.6000,8.7200,8.9400,64940974,564516752.3700,3,0.221200,1,-2.460900,4.643605,0.465503,1.339096,4.541760,0
2021-11-02,sh.600000,8.7100,8.7500,8.5000,8.5400,8.7200,70034623,602023097.2100,3,0.238600,1,-2.064200,4.547751,0.455894,1.311455,4.448008,0
2021-11-03,sh.600000,8.5900,8.5900,8.5100,8.5300,8.5400,29785185,254382300.5500,3,0.101500,1,-0.117100,4.542426,0.455360,1.309919,4.442800,0
2021-11-04,sh.600000,8.5300,8.5400,8.5000,8.5100,8.5300,26148859,222785141.9300,3,0.089100,1,-0.234500,4.531775,0.454293,1.306848,4.432383,0
2021-11-05,sh.600000,8.5100,8.5400,8.4900,8.5300,8.5100,22913355,195212631.3300,3,0.078100,1,0.235000,4.542426,0.455360,1.309919,4.442800,0
2021-11-08,sh.600000,8.4800,8.5300,8.4600,8.4900,8.5300,24353008,206985049.6000,3,0.083000,1,-0.468900,4.521125,0.453225,1.303776,4.421966,0
2021-11-09,sh.600000,8.5000,8.5500,8.4900,8.5400,8.4900,19548518,166547490.7200,3,0.066600,1,0.588900,4.547751,0.455894,1.311455,4.448008,0
2021-11-10,sh.600000,8.5300,8.5300,8.4400,8.4800,8.5400,27478869,232796692.1300,3,0.093600,1,-0.702600,4.515800,0.452691,1.302241,4.416757,0
2021-11-11,sh.600000,8.4800,8.6200,8.4700,8.6200,8.4800,31419321,269103086.2500,3,0.107000,1,1.650900,4.590353,0.460165,1.323740,4.489676,0
2021-11-12,sh.600000,8.6400,8.6500,8.5800,8.6500,8.6200,20498205,176737118.9000,3,0.069800,1,0.348000,4.606329,0.461766,1.328347,4.505301,0
2021-11-15,sh.600000,8.6600,8.7500,8.6500,8.7500,8.6500,27625801,240602623.6700,3,0.094100,1,1.156100,4.659581,0.467105,1.343703,4.557385,0
2021-11-16,sh.600000,8.7000,8.7400,8.6300,8.7300,8.7500,24030066,208943546.9700,3,0.081900,1,-0.228600,4.648931,0.466037,1.340632,4.546968,0
2021-11-17,sh.600000,8.6700,8.7200,8.6500,8.6500,8.7300,19301599,167446823.9000,3,0.065800,1,-0.916400,4.606329,0.461766,1.328347,4.505301,0
2021-11-18,sh.600000,8.6100,8.6600,8.5300,8.5600,8.6500,20465395,175306638.4700,3,0.069700,1,-1.040500,4.558402,0.456962,1.314526,4.458425,0
2021-11-19,sh.600000,8.5600,8.7000,8.5500,8.6500,8.5600,20471995,176572248.4400,3,0.069700,1,1.051400,4.606329,0.461766,1.328347,4.505301,0
2021-11-22,sh.600000,8.6300,8.6600,8.5900,8.6000,8.6500,20983745,180823526.8300,3,0.071500,1,-0.578000,4.579703,0.459097,1.320669,4.479259,0
2021-11-23,sh.600000,8.6100,8.7000,8.6100,8.6300,8.6000,21502374,185927806.7100,3,0.073300,1,0.348800,4.595678,0.460699,1.325276,4.494884,0
2021-11-24,sh.600000,8.6100,8.6900,8.5900,8.6800,8.6300,19342692,167133727.1600,3,0.065900,1,0.579400,4.622304,0.463368,1.332954,4.520926,0
2021-11-25,sh.600000,8.6800,8.6900,8.6100,8.6400,8.6800,13169070,113743004.8700,3,0.044900,1,-0.460800,4.601003,0.461233,1.326811,4.500092,0
2021-11-26,sh.600000,8.6100,8.6200,8.5500,8.5600,8.6400,21199061,181698146.0700,3,0.072200,1,-0.925900,4.558402,0.456962,1.314526,4.458425,0
2021-11-29,sh.600000,8.5700,8.5900,8.5000,8.5900,8.5600,23746400,202736522.1800,3,0.080900,1,0.350500,4.574377,0.458563,1.319133,4.474050,0
2021-11-30,sh.600000,8.5400,8.5900,8.5100,8.5100,8.5900,30900124,263703121.3600,3,0.105300,1,-0.931300,4.531775,0.454293,1.306848,4.432383,0
2021-12-01,sh.600000,8.5300,8.5800,8.5100,8.5600,8.5100,19333856,165443380.6500,3,0.065900,1,0.587500,4.558402,0.456962,1.314526,4.458425,0
2021-12-02,sh.600000,8.5600,8.6100,8.5200,8.5800,8.5600,22906201,196509475.3200,3,0.078000,1,0.233600,4.569052,0.458030,1.317597,4.468842,0
2021-12-03,sh.600000,8.5800,8.6000,8.5200,8.5900,8.5800,23848744,204050794.7000,3,0.081300,1,0.116600,4.574377,0.458563,1.319133,4.474050,0
2021-12-06,sh.600000,8.5900,8.6400,8.5700,8.6000,8.5900,33882029,291593648.0900,3,0.115400,1,0.116400,4.579703,0.459097,1.320669,4.479259,0
2021-12-07,sh.600000,8.6900,8.7000,8.6000,8.6800,8.6000,40016290,346582038.5600,3,0.136300,1,0.930200,4.622304,0.463368,1.332954,4.520926,0
2021-12-08,sh.600000,8.7000,8.7000,8.6300,8.6700,8.6800,28605916,247833289.8200,3,0.097500,1,-0.115200,4.616979,0.462834,1.331418,4.515718,0
2021-12-09,sh.600000,8.6900,8.8000,8.6600,8.7500,8.6700,51186201,447467444.5100,3,0.174400,1,0.922700,4.659581,0.467105,1.343703,4.557385,0
2021-12-10,sh.600000,8.7300,8.7800,8.7200,8.7700,8.7500,42494890,371969042.0100,3,0.144800,1,0.228600,4.670232,0.468172,1.346775,4.567802,0
2021-12-13,sh.600000,8.7900,8.8100,8.6200,8.6500,8.7700,56234006,488480938.5200,3,0.191600,1,-1.368300,4.606329,0.461766,1.328347,4.505301,0
2021-12-14,sh.600000,8.6400,8.6500,8.5400,8.5700,8.6500,49389318,423738409.4200,3,0.168300,1,-0.924900,4.563727,0.457496,1.316062,4.463633,0
2021-12-15,sh.600000,8.5400,8.5800,8.5300,8.5500,8.5700,20664239,176754858.0000,3,0.070400,1,-0.233400,4.553076,0.456428,1.312990,4.453216,0
2021-12-16,sh.600000,8.5600,8.6100,8.5500,8.6000,8.5500,26899524,230865611.9600,3,0.091600,1,0.584800,4.579703,0.459097,1.320669,4.479259,0
2021-12-17,sh.600000,8.6100,8.6200,8.5600,8.5600,8.6000,27269580,234082747.7300,3,0.092900,1,-0.465100,4.558402,0.456962,1.314526,4.458425,0
2021-12-20,sh.600000,8.5500,8.6100,8.5500,8.5800,8.5600,27786123,238630277.9600,3,0.094700,1,0.233600,4.569052,0.458030,1.317597,4.468842,0
2021-12-21,sh.600000,8.5500,8.6500,8.5500,8.6100,8.5800,26310957,226526115.7300,3,0.089600,1,0.349700,4.585028,0.459631,1.322204,4.484467,0
2021-12-22,sh.600000,8.6200,8.6400,8.5700,8.5700,8.6100,21618063,185663515.8200,3,0.073700,1,-0.464600,4.563727,0.457496,1.316062,4.463633,0
2021-12-23,sh.600000,8.5800,8.6000,8.5600,8.5800,8.5700,18901873,162106684.7000,3,0.064400,1,0.116700,4.569052,0.458030,1.317597,4.468842,0
2021-12-24,sh.600000,8.5800,8.5900,8.5300,8.5400,8.5800,18252048,156027072.8000,3,0.062200,1,-0.466200,4.547751,0.455894,1.311455,4.448008,0
2021-12-27,sh.600000,8.5400,8.5700,8.5300,8.5600,8.5400,19527735,167009883.6200,3,0.066500,1,0.234200,4.558402,0.456962,1.314526,4.458425,0
2021-12-28,sh.600000,8.5600,8.5900,8.5400,8.5700,8.5600,29833707,255590456.8500,3,0.101600,1,0.116800,4.563727,0.457496,1.316062,4.463633,0
2021-12-29,sh.600000,8.5700,8.5800,8.5300,8.5400,8.5700,20050130,171393527.7200,3,0.068300,1,-0.350100,4.547751,0.455894,1.311455,4.448008,0
2021-12-30,sh.600000,8.5400,8.5800,8.5300,8.5400,8.5400,23272484,199031072.9800,3,0.079300,1,0.000000,4.547751,0.455894,1.311455,4.448008,0
2021-12-31,sh.600000,8.5400,8.5700,8.5300,8.5300,8.5400,22929621,195941582.4200,3,0.078100,1,-0.117100,4.542426,0.455360,1.309919,4.442800,0
2022-01-04,sh.600000,8.5400,8.5800,8.5200,8.5700,8.5300,37707647,322145532.4000,3,0.128500,1,0.468900,4.563727,0.457496,1.316062,4.463633,0
2022-01-05,sh.600000,8.5700,8.6800,8.5600,8.6400,8.5700,55459135,478834469.9200,3,0.188900,1,0.816800,4.601003,0.461233,1.326811,4.500092,0
2022-01-06,sh.600000,8.6600,8.6600,8.5600,8.5700,8.6400,41031062,352720657.0900,3,0.139800,1,-0.810200,4.563727,0.457496,1.316062,4.463634,0
2022-01-07,sh.600000,8.5700,8.7300,8.5700,8.7100,8.5700,63018297,546456194.3700,3,0.214700,1,1.633600,4.638281,0.464969,1.337561,4.536552,0
2022-01-10,sh.600000,8.7200,8.7800,8.6600,8.7200,8.7100,34055312,296601230.4100,3,0.116000,1,0.114800,4.643606,0.465503,1.339097,4.541760,0
2022-01-11,sh.600000,8.7400,8.7800,8.6900,8.7300,8.7200,42646106,373093383.7400,3,0.145300,1,0.114700,4.648931,0.466037,1.340632,4.546969,0
2022-01-12,sh.600000,8.7500,8.7500,8.6300,8.6900,8.7300,41240670,358535694.1400,3,0.140500,1,-0.458200,4.627630,0.463902,1.334490,4.526135,0
2022-01-13,sh.600000,8.7300,8.8500,8.6900,8.7200,8.6900,48923692,429003208.4400,3,0.166700,1,0.345200,4.643606,0.465503,1.339097,4.541760,0
2022-01-14,sh.600000,8.7200,8.7200,8.5700,8.5900,8.7200,51060652,440215953.7200,3,0.174000,1,-1.490800,4.574378,0.458563,1.319133,4.474051,0
2022-01-17,sh.600000,8.5700,8.6300,8.5700,8.5700,8.5900,22177975,190459847.0600,3,0.075600,1,-0.232800,4.563727,0.457496,1.316062,4.463634,0
2022-01-18,sh.600000,8.5800,8.6600,8.5500,8.6300,8.5700,39995195,344181260.4900,3,0.136300,1,0.700100,4.595679,0.460699,1.325276,4.494884,0
2022-01-19,sh.600000,8.6300,8.6600,8.6100,8.6400,8.6300,26257662,226931296.8300,3,0.089500,1,0.115900,4.601004,0.461233,1.326811,4.500093,0
2022-01-20,sh.600000,8.6600,8.8200,8.6400,8.8000,8.6400,82842044,724160482.5900,3,0.282200,1,1.851900,4.686208,0.469774,1.351382,4.583428,0
2022-01-21,sh.600000,8.7800,8.8000,8.7200,8.7600,8.8000,47572539,416684184.3000,3,0.162100,1,-0.454500,4.664907,0.467639,1.345239,4.562594,0
2022-01-24,sh.600000,8.7900,8.7900,8.6600,8.6900,8.7600,32489722,282465419.0500,3,0.110700,1,-0.799100,4.627630,0.463902,1.334490,4.526135,0
2022-01-25,sh.600000,8.6800,8.6800,8.5600,8.5600,8.6900,43312412,372488758.8800,3,0.147600,1,-1.496000,4.558402,0.456962,1.314526,4.458425,0
2022-01-26,sh.600000,8.5700,8.5900,8.5400,8.5700,8.5600,23481959,201130974.2700,3,0.080000,1,0.116800,4.563727,0.457496,1.316062,4.463634,0
2022-01-27,sh.600000,8.5500,8.5600,8.4500,8.4500,8.5700,56281031,477716811.3400,3,0.191700,1,-1.400200,4.499824,0.451090,1.297634,4.401132,0
2022-01-28,sh.600000,8.4800,8.5100,8.4100,8.4100,8.4500,43993766,372256637.0700,3,0.149900,1,-0.473400,4.478523,0.448954,1.291491,4.380299,0
2022-02-07,sh.600000,8.4800,8.5500,8.4400,8.5200,8.4100,39988312,340086709.1100,3,0.136200,1,1.308000,4.537101,0.454827,1.308383,4.437592,0
2022-02-08,sh.600000,8.5300,8.6700,8.5100,8.6500,8.5200,47572520,409206610.6900,3,0.162100,1,1.525800,4.606329,0.461766,1.328347,4.505301,0
2022-02-09,sh.600000,8.6400,8.7100,8.6200,8.6400,8.6500,36223235,313861238.6700,3,0.123400,1,-0.115600,4.601004,0.461233,1.326811,4.500093,0
2022-02-10,sh.600000,8.6600,8.7100,8.6200,8.6900,8.6400,28716174,249045193.5500,3,0.097800,1,0.578700,4.627630,0.463902,1.334490,4.526135,0
2022-02-11,sh.600000,8.7000,8.7600,8.6700,8.7400,8.6900,37682874,328719166.0900,3,0.128400,1,0.575400,4.654256,0.466571,1.342168,4.552177,0
2022-02-14,sh.600000,8.6900,8.7100,8.5800,8.6000,8.7400,34727078,299136397.9200,3,0.118300,1,-1.601800,4.579703,0.459097,1.320669,4.479259,0
2022-02-15,sh.600000,8.5900,8.6300,8.5200,8.5500,8.6000,31680750,271300746.9500,3,0.107900,1,-0.581400,4.553077,0.456428,1.312990,4.453217,0
2022-02-16,sh.600000,8.5800,8.6400,8.5600,8.5900,8.5500,28609574,246064337.0200,3,0.097500,1,0.467800,4.574378,0.458563,1.319133,4.474051,0
2022-02-17,sh.600000,8.6000,8.6300,8.5600,8.5600,8.5900,24533221,210822959.4100,3,0.083600,1,-0.349200,4.558402,0.456962,1.314526,4.458425,0
2022-02-18,sh.600000,8.5500,8.6700,8.5300,8.6700,8.5600,34384620,296119868.3800,3,0.117100,1,1.285000,4.616980,0.462834,1.331418,4.515718,0
2022-02-21,sh.600000,8.6400,8.6400,8.5500,8.6000,8.6700,24334270,208998929.5600,3,0.082900,1,-0.807400,4.579703,0.459097,1.320669,4.479259,0
2022-02-22,sh.600000,8.5700,8.5900,8.5300,8.5800,8.6000,32497174,278140362.1900,3,0.110700,1,-0.232600,4.569052,0.458030,1.317597,4.468842,0
2022-02-23,sh.600000,8.5900,8.5900,8.5300,8.5400,8.5800,29476392,251902283.1900,3,0.100400,1,-0.466200,4.547752,0.455894,1.311455,4.448008,0
2022-02-24,sh.600000,8.5400,8.5500,8.4000,8.4400,8.5400,47703559,404232342.3300,3,0.162500,1,-1.171000,4.494499,0.450556,1.296098,4.395924,0
2022-02-25,sh.600000,8.4400,8.4800,8.4100,8.4300,8.4400,32239910,272095573.8500,3,0.109800,1,-0.118500,4.489174,0.450022,1.294562,4.390716,0
2022-02-28,sh.600000,8.4400,8.4500,8.3600,8.3900,8.4300,23393262,196216444.0000,3,0.079700,1,-0.474500,4.467873,0.447887,1.288420,0.000000,0
2022-03-01,sh.600000,8.3900,8.4600,8.3900,8.4400,8.3900,23540305,198243687.0000,3,0.080200,1,0.595900,4.494499,0.450556,1.296098,4.395924,0
2022-03-02,sh.600000,8.4100,8.4600,8.4000,8.4200,8.4400,16708051,140817898.0000,3,0.056900,1,-0.237000,4.483849,0.449488,1.293027,4.385507,0
2022-03-03,sh.600000,8.4400,8.5000,8.4300,8.4600,8.4200,19864647,167938715.0000,3,0.067700,1,0.475100,4.505150,0.451624,1.299169,4.406341,0
2022-03-04,sh.600000,8.4400,8.4400,8.3600,8.4000,8.4600,26395729,221531967.0000,3,0.089900,1,-0.709200,4.473198,0.448421,1.289955,4.375090,0
2022-03-07,sh.600000,8.3800,8.4000,8.2800,8.2900,8.4000,37177243,309677984.0000,3,0.126700,1,-1.309500,4.414621,0.442548,1.273063,4.317797,0
2022-03-08,sh.600000,8.2900,8.3000,8.0500,8.0800,8.2900,46688059,381542336.0000,3,0.159100,1,-2.533200,4.302791,0.431338,1.240814,4.208420,0
2022-03-09,sh.600000,8.1100,8.1300,7.7600,7.9000,8.0800,46035702,367319440.0000,3,0.156800,1,-2.227700,4.206936,0.421729,1.213172,4.114668,0
2022-03-10,sh.600000,8.0100,8.0500,7.9200,7.9200,7.9000,25181489,200622345.0000,3,0.085800,1,0.253200,4.217587,0.422797,1.216244,4.125085,0
2022-03-11,sh.600000,7.8900,8.0200,7.7700,8.0100,7.9200,33286005,262318143.0000,3,0.113400,1,1.136400,4.265514,0.427601,1.230065,4.171961,0
2022-03-14,sh.600000,7.9500,8.0000,7.9000,7.9100,8.0100,22770866,180826437.0000,3,0.077600,1,-1.248400,4.212262,0.422263,1.214708,4.119877,0
2022-03-15,sh.600000,7.9200,7.9300,7.6100,7.6300,7.9100,48962295,379252432.0000,3,0.166800,1,-3.539800,4.063155,0.407315,1.171710,3.974040,0
2022-03-16,sh.600000,7.6900,7.8000,7.5200,7.7700,7.6300,41520083,318505392.0000,3,0.141500,1,1.834900,4.137708,0.414789,1.193209,4.046958,0
2022-03-17,sh.600000,7.8500,7.8500,7.7100,7.7400,7.7700,41495556,322981456.0000,3,0.141400,1,-0.386100,4.121733,0.413188,1.188602,4.031333,0
2022-03-18,sh.600000,7.7300,7.9100,7.7100,7.9000,7.7400,53179530,417702651.8800,3,0.181200,1,2.067200,4.206936,0.421729,1.213172,4.114668,0
2022-03-21,sh.600000,7.8400,7.8400,7.7300,7.7600,7.9000,38823962,302127785.8500,3,0.132300,1,-1.772200,4.297357,0.414255,1.192640,4.041750,0
2022-03-22,sh.600000,7.7700,7.8800,7.7500,7.8300,7.7600,28224469,220766831.5600,3,0.096200,1,0.902100,4.336122,0.417992,1.203399,4.078209,0
2022-03-23,sh.600000,7.8300,7.8400,7.7700,7.8000,7.8300,25553686,199580747.3400,3,0.087100,1,-0.383100,4.319509,0.416391,1.198788,4.062584,0
2022-03-24,sh.600000,7.7800,7.8300,7.7600,7.8000,7.8000,16687677,130087627.4300,3,0.056900,1,0.000000,4.319509,0.416391,1.198788,4.062584,0
2022-03-25,sh.600000,7.8000,7.8600,7.7800,7.8000,7.8000,16474442,128855055.0900,3,0.056100,1,0.000000,4.319509,0.416391,1.198788,4.062584,0
2022-03-28,sh.600000,7.8000,7.8700,7.7100,7.8600,7.8000,28783984,224838880.0000,3,0.098100,1,0.769200,4.352736,0.419594,1.208009,4.093834,0
2022-03-29,sh.600000,7.8300,7.8600,7.8000,7.8200,7.8600,22516978,176131297.0700,3,0.076700,1,-0.508900,4.330584,0.417458,1.201862,4.073001,0
2022-03-30,sh.600000,7.8400,7.9200,7.8200,7.9200,7.8200,29854369,235127475.0300,3,0.101700,1,1.278800,4.385962,0.422797,1.217231,4.125085,0
2022-03-31,sh.600000,7.8900,8.0200,7.8600,8.0000,7.9200,25969772,206902403.8500,3,0.088500,1,1.010100,4.430265,0.427067,1.229526,4.166753,0
2022-04-01,sh.600000,7.9500,8.0700,7.9400,8.0700,8.0000,31881345,255823775.3900,3,0.108600,1,0.875000,4.469030,0.430804,1.240284,4.203212,0
2022-04-06,sh.600000,8.0000,8.1800,8.0000,8.1700,8.0700,42546117,345601824.9400,3,0.145000,1,1.239200,4.524409,0.436142,1.255654,4.255297,0
2022-04-07,sh.600000,8.1600,8.1800,8.0600,8.0700,8.1700,31712143,257349868.4700,3,0.108000,1,-1.224000,4.469031,0.430804,1.240285,4.203212,0
2022-04-08,sh.600000,8.0700,8.1200,8.0200,8.1100,8.0700,24089173,194553784.7300,3,0.082100,1,0.495700,4.491182,0.432939,1.246432,4.224046,0
2022-04-11,sh.600000,8.1100,8.1100,7.9700,8.0100,8.1100,30015679,240997447.8000,3,0.102300,1,-1.233000,4.435804,0.427601,1.231063,4.171962,0
2022-04-12,sh.600000,8.0200,8.1500,7.9800,8.1100,8.0100,31331939,252435317.7000,3,0.106700,1,1.248400,4.491182,0.432939,1.246432,4.224046,0
2022-04-13,sh.600000,8.0900,8.1400,8.0500,8.1000,8.1100,18501150,149849341.7100,3,0.063000,1,-0.123300,4.485644,0.432406,1.244895,4.218838,0
2022-04-14,sh.600000,8.1100,8.1500,8.1000,8.1100,8.1000,18973150,154167548.1800,3,0.064600,1,0.123500,4.491182,0.432939,1.246432,4.224046,0
2022-04-15,sh.600000,8.1100,8.1800,8.0900,8.1500,8.1100,21811956,177849450.0900,3,0.074300,1,0.493200,4.513333,0.435075,1.252580,4.244880,0
2022-04-18,sh.600000,8.1200,8.1400,8.0100,8.0300,8.1500,21022369,169238878.9400,3,0.071600,1,-1.472400,4.446879,0.428669,1.234137,4.182378,0
2022-04-19,sh.600000,8.0400,8.1400,8.0300,8.1400,8.0300,24564490,198485790.3200,3,0.083700,1,1.369900,4.507795,0.434541,1.251043,4.239671,0
2022-04-20,sh.600000,8.1300,8.1500,8.0800,8.1100,8.1400,19143935,155238284.0200,3,0.065200,1,-0.368600,4.491182,0.432939,1.246432,4.224046,0
2022-04-21,sh.600000,8.0800,8.1600,7.9900,8.0700,8.1100,29228035,236728146.0000,3,0.099600,1,-0.493200,4.469031,0.430804,1.240285,4.203212,0
2022-04-22,sh.600000,8.0100,8.1200,8.0100,8.0900,8.0700,27612017,222997628.4100,3,0.094100,1,0.247800,4.480106,0.431872,1.243358,4.213629,0
2022-04-25,sh.600000,8.0200,8.1000,7.8100,7.8200,8.0900,53311550,426094147.7600,3,0.181600,1,-3.337500,4.330585,0.417458,1.201862,4.073001,0
2022-04-26,sh.600000,7.8400,7.9900,7.7900,7.8700,7.8200,38204259,301693697.6200,3,0.130200,1,0.639400,4.358274,0.420127,1.209546,4.099043,0
2022-04-27,sh.600000,7.9100,7.9500,7.8100,7.8300,7.8700,38688614,304687721.4500,3,0.131800,1,-0.508300,4.336123,0.417992,1.203399,4.078210,0
2022-04-28,sh.600000,7.8600,7.9900,7.8600,7.9900,7.8300,45175169,358888163.3500,3,0.153900,1,2.043400,4.367785,0.408118,1.224911,-2.314479,0
2022-04-29,sh.600000,7.9800,8.0600,7.8600,8.0300,7.9900,44512846,354246099.7000,3,0.151700,1,0.500600,4.389651,0.410161,1.231043,-2.326066,0
2022-05-05,sh.600000,8.0300,8.0800,7.9600,7.9900,8.0300,29133140,233186177.3600,3,0.099300,1,-0.498100,4.367785,0.408118,1.224911,-2.314479,0
2022-05-06,sh.600000,7.9400,7.9800,7.8200,7.8500,7.9900,31795578,250345902.6500,3,0.108300,1,-1.752200,4.291253,0.400967,1.203448,-2.273925,0
2022-05-09,sh.600000,7.8500,7.8600,7.8000,7.8200,7.8500,16035420,125476461.2000,3,0.054600,1,-0.382200,4.274853,0.399435,1.198849,-2.265235,0
2022-05-10,sh.600000,7.8000,7.8900,7.7100,7.8500,7.8200,32991018,257366421.5800,3,0.112400,1,0.383600,4.291253,0.400967,1.203448,-2.273925,0
2022-05-11,sh.600000,7.8400,7.9000,7.8100,7.8600,7.8500,25116815,197407269.4600,3,0.085600,1,0.127400,4.296720,0.401478,1.204981,-2.276822,0
2022-05-12,sh.600000,7.8300,7.9100,7.8300,7.8700,7.8600,22352229,176091168.0900,3,0.076200,1,0.127200,4.302186,0.401989,1.206514,-2.279718,0
2022-05-13,sh.600000,7.9100,8.0500,7.9000,8.0500,7.8700,37343358,298941532.9300,3,0.127200,1,2.287200,4.400584,0.411183,1.234109,-2.331859,0
2022-05-16,sh.600000,8.0500,8.0700,7.9300,7.9700,8.0500,20990826,167326391.8400,3,0.071500,1,-0.993800,4.356852,0.407097,1.221845,-2.308686,0
2022-05-17,sh.600000,8.0100,8.0400,7.9500,8.0200,7.9700,18714191,149733542.9900,3,0.063800,1,0.627400,4.384185,0.409650,1.229510,-2.323169,0
2022-05-18,sh.600000,7.9800,8.0100,7.9200,7.9500,8.0200,19463913,154781980.2000,3,0.066300,1,-0.872800,4.345919,0.406075,1.218778,-2.302892,0
2022-05-19,sh.600000,7.9200,7.9800,7.8900,7.9100,7.9500,19904191,157705908.8500,3,0.067800,1,-0.503100,4.324053,0.404032,1.212646,-2.291305,0
2022-05-20,sh.600000,7.9400,8.0500,7.9200,8.0400,7.9100,32699572,262095154.1000,3,0.111400,1,1.643500,4.395118,0.410672,1.232576,-2.328963,0
2022-05-23,sh.600000,8.0600,8.0600,7.9500,7.9500,8.0400,25527572,203770115.6000,3,0.087000,1,-1.119400,4.345919,0.406075,1.218778,-2.302892,0
2022-05-24,sh.600000,7.9600,7.9700,7.8700,7.8800,7.9500,26028514,205916168.0300,3,0.088700,1,-0.880500,4.307653,0.402499,1.208047,-2.282615,0
2022-05-25,sh.600000,7.9200,7.9300,7.8500,7.8800,7.8800,21003364,165613956.5900,3,0.071600,1,0.000000,4.307653,0.402499,1.208047,-2.282615,0
2022-05-26,sh.600000,7.8900,7.9200,7.8400,7.9000,7.8800,23401589,184331253.0100,3,0.079700,1,0.253800,4.318586,0.403521,1.211113,-2.288409,0
2022-05-27,sh.600000,7.9200,8.0100,7.8800,8.0000,7.9000,31755338,252802576.6400,3,0.108200,1,1.265800,4.373252,0.408629,1.226444,-2.317376,0
2022-05-30,sh.600000,8.0100,8.0200,7.8700,7.8800,8.0000,35696257,282538705.1400,3,0.121600,1,-1.500000,4.307653,0.402499,1.208047,-2.282615,0
2022-05-31,sh.600000,7.9000,7.9800,7.8800,7.9400,7.8800,31750884,251916051.2100,3,0.108200,1,0.761400,4.340452,0.405564,1.217245,-2.299996,0
2022-06-01,sh.600000,7.9400,7.9400,7.8900,7.9100,7.9400,18401941,145647638.3900,3,0.062700,1,-0.377800,4.324053,0.404032,1.212646,-2.291305,0
2022-06-02,sh.600000,7.8900,7.9100,7.8700,7.8900,7.9100,18931116,149199713.0100,3,0.064500,1,-0.252800,4.313119,0.403010,1.209580,-2.285512,0
2022-06-06,sh.600000,7.8700,7.9000,7.8200,7.8600,7.8900,33010527,259403166.9200,3,0.112500,1,-0.380200,4.296720,0.401478,1.204981,-2.276822,0
2022-06-07,sh.600000,7.8400,7.8900,7.8300,7.8800,7.8600,30623076,240941764.4800,3,0.104300,1,0.254500,4.307653,0.402499,1.208047,-2.282615,0
2022-06-08,sh.600000,7.8700,7.8800,7.8300,7.8600,7.8800,39555666,310775180.4700,3,0.134800,1,-0.253800,4.296720,0.401478,1.204981,-2.276822,0
2022-06-09,sh.600000,7.8600,7.9600,7.8400,7.9500,7.8600,60606956,480180511.5600,3,0.206500,1,1.145000,4.345919,0.406075,1.218778,-2.302892,0
2022-06-10,sh.600000,7.9300,8.0500,7.8900,7.9300,7.9500,123446198,984436172.5200,3,0.420600,1,-0.251600,4.334986,0.405053,1.215712,-2.297099,0
2022-06-13,sh.600000,7.9100,7.9300,7.7400,7.7700,7.9300,104597235,816472114.7700,3,0.356400,1,-2.017700,4.247521,0.396881,1.191183,-2.250751,0
2022-06-14,sh.600000,7.7400,7.8900,7.7300,7.8700,7.7700,55047795,428964423.9900,3,0.187500,1,1.287000,4.302186,0.401989,1.206514,-2.279718,0
2022-06-15,sh.600000,7.8600,8.1300,7.8500,8.0300,7.8700,112759058,906495919.1800,3,0.384200,1,2.033000,4.389651,0.410161,1.231043,-2.326066,0
2022-06-16,sh.600000,8.0500,8.0800,7.9200,7.9200,8.0300,56889689,453897643.1300,3,0.193800,1,-1.369900,4.329519,0.404543,1.214179,-2.294202,0
2022-06-17,sh.600000,7.9100,8.0000,7.8900,7.9700,7.9200,35612494,283173437.1500,3,0.121300,1,0.631300,4.356852,0.407097,1.221845,-2.308686,0
2022-06-20,sh.600000,7.9500,7.9800,7.9100,7.9100,7.9700,30065154,238320268.4500,3,0.102400,1,-0.752800,4.324053,0.404032,1.212646,-2.291305,0
2022-06-21,sh.600000,7.9200,7.9800,7.9200,7.9700,7.9100,23245677,185071903.2300,3,0.079200,1,0.758500,4.356852,0.407097,1.221845,-2.308686,0
2022-06-22,sh.600000,7.9600,7.9700,7.9100,7.9200,7.9700,20635582,163685600.6200,3,0.070300,1,-0.627400,4.329519,0.404543,1.214179,-2.294202,0
2022-06-23,sh.600000,7.9400,7.9700,7.9100,7.9700,7.9200,23255144,184864875.4100,3,0.079200,1,0.631300,4.356852,0.407097,1.221845,-2.308686,0
2022-06-24,sh.600000,7.9700,7.9800,7.9300,7.9500,7.9700,23665322,188294112.8500,3,0.080600,1,-0.250900,4.345919,0.406075,1.218778,-2.302892,0
2022-06-27,sh.600000,7.9500,8.0100,7.9400,7.9700,7.9500,24067719,192131005.8500,3,0.082000,1,0.251600,4.356852,0.407097,1.221845,-2.308686,0
2022-06-28,sh.600000,7.9700,8.0400,7.9600,8.0400,7.9700,25729078,205871661.6700,3,0.087700,1,0.878300,4.395118,0.410672,1.232576,-2.328963,0
2022-06-29,sh.600000,8.0100,8.0600,8.0000,8.0500,8.0400,30299747,243477295.2400,3,0.103200,1,0.124400,4.400584,0.411183,1.234109,-2.331859,0
2022-06-30,sh.600000,8.0500,8.0600,8.0000,8.0100,8.0500,23369617,187691079.9400,3,0.079600,1,-0.496900,4.378718,0.409140,1.227977,-2.320273,0
2022-07-01,sh.600000,8.0100,8.0400,7.9800,7.9900,8.0100,17846787,142651655.1700,3,0.060800,1,-0.249700,4.367785,0.408118,1.224911,-2.314479,0
2022-07-04,sh.600000,7.9900,8.0000,7.9400,7.9600,7.9900,18222009,145047089.1700,3,0.062100,1,-0.375500,4.351385,0.406586,1.220312,-2.305789,0
2022-07-05,sh.600000,7.9600,8.0000,7.9400,7.9800,7.9600,21322243,169924262.9100,3,0.072600,1,0.251300,4.362319,0.407607,1.223378,-2.311582,0
2022-07-06,sh.600000,7.9700,7.9800,7.8700,7.9000,7.9800,28829658,227963132.4700,3,0.098200,1,-1.002500,4.318586,0.403521,1.211113,-2.288409,0
2022-07-07,sh.600000,7.8800,7.9200,7.8600,7.8700,7.9000,18636395,147034169.9300,3,0.063500,1,-0.379700,4.302186,0.401989,1.206514,-2.279719,0
2022-07-08,sh.600000,7.9000,7.9000,7.8700,7.8800,7.8700,12379190,97665056.8800,3,0.042200,1,0.127100,4.307653,0.402499,1.208047,-2.282615,0
2022-07-11,sh.600000,7.8700,7.9000,7.8600,7.8700,7.8800,16195472,127636556.9700,3,0.055200,1,-0.126900,4.302186,0.401989,1.206514,-2.279719,0
2022-07-12,sh.600000,7.8600,7.9400,7.8600,7.9100,7.8700,19889798,157433751.9200,3,0.067800,1,0.508300,4.324053,0.404032,1.212646,-2.291305,0
2022-07-13,sh.600000,7.9300,7.9400,7.8500,7.8500,7.9100,30506523,240374854.3500,3,0.103900,1,-0.758500,4.291253,0.400967,1.203448,-2.273925,0
2022-07-14,sh.600000,7.8400,7.8600,7.7500,7.7900,7.8500,40565878,315441408.7600,3,0.138200,1,-0.764300,4.258454,0.397902,1.194250,-2.256545,0
2022-07-15,sh.600000,7.7600,7.8000,7.6500,7.6700,7.7900,47127632,364457390.7800,3,0.160600,1,-1.540400,4.192855,0.391773,1.175853,-2.221784,0
2022-07-18,sh.600000,7.6800,7.7900,7.6800,7.7900,7.6700,25164232,195287190.7300,3,0.085700,1,1.564500,4.258454,0.397902,1.194250,-2.256545,0
2022-07-19,sh.600000,7.7900,7.8200,7.7700,7.8100,7.7900,28872304,224891813.3500,3,0.098400,1,0.256700,4.269387,0.398924,1.197316,-2.262338,0
2022-07-20,sh.600000,7.8500,7.8500,7.7700,7.7900,7.8100,39713402,309465405.6900,3,0.135300,1,-0.256100,4.258454,0.397902,1.194250,-2.256545,0
2022-07-21,sh.600000,7.4000,7.4100,7.3300,7.3300,7.3800,41541585,305408212.2200,3,0.141500,1,-0.677500,4.006992,0.374406,1.123729,-2.123296,0
2022-07-22,sh.600000,7.3400,7.3800,7.3400,7.3500,7.3300,19660796,144713989.7500,3,0.067000,1,0.272900,4.017925,0.375428,1.126795,-2.129089,0
2022-07-25,sh.600000,7.3300,7.3800,7.3300,7.3500,7.3500,17093960,125744844.4600,3,0.058200,1,0.000000,4.017925,0.375428,1.126795,-2.129089,0
2022-07-26,sh.600000,7.3600,7.3900,7.3400,7.3800,7.3500,18730569,138030623.4000,3,0.063800,1,0.408200,4.034325,0.376960,1.131394,-2.137779,0
2022-07-27,sh.600000,7.3600,7.3700,7.3300,7.3400,7.3800,17036417,125085329.4300,3,0.058000,1,-0.542000,4.012459,0.374917,1.125262,-2.126192,0
2022-07-28,sh.600000,7.3500,7.3700,7.3200,7.3300,7.3400,21524372,158047423.2700,3,0.073300,1,-0.136200,4.006992,0.374406,1.123729,-2.123296,0
2022-07-29,sh.600000,7.3500,7.3500,7.2300,7.2600,7.3300,43873316,319838541.1900,3,0.149500,1,-0.955000,3.968726,0.370831,1.112998,-2.103019,0
2022-08-01,sh.600000,7.2600,7.2800,7.2100,7.2300,7.2600,24438011,176997248.6800,3,0.083300,1,-0.413200,3.952326,0.369298,1.108399,-2.094329,0
2022-08-02,sh.600000,7.2200,7.2200,7.0700,7.1400,7.2300,40986083,291570126.8400,3,0.139600,1,-1.244800,3.903127,0.364701,1.094601,-2.068258,0
2022-08-03,sh.600000,7.1300,7.1700,7.0700,7.0700,7.1400,28144846,199887999.4900,3,0.095900,1,-0.980400,3.864861,0.361126,1.083870,-2.047981,0
2022-08-04,sh.600000,7.0900,7.1000,7.0600,7.0900,7.0700,21294463,150760431.0000,3,0.072500,1,0.282900,3.875794,0.362147,1.086936,-2.053774,0
2022-08-05,sh.600000,7.0900,7.1800,7.0800,7.1500,7.0900,22554203,160555049.0000,3,0.076800,1,0.846300,3.908594,0.365212,1.096134,-2.071155,0
2022-08-08,sh.600000,7.1700,7.1800,7.1200,7.1200,7.1500,12981219,92667054.0000,3,0.044200,1,-0.419600,3.892194,0.363680,1.091535,-2.062465,0
2022-08-09,sh.600000,7.1300,7.1500,7.1000,7.1200,7.1200,13023820,92757272.0000,3,0.044400,1,0.000000,3.892194,0.363680,1.091535,-2.062465,0
2022-08-10,sh.600000,7.1200,7.1300,7.0800,7.0900,7.1200,11674742,82872444.0000,3,0.039800,1,-0.421300,3.875794,0.362147,1.086936,-2.053774,0
2022-08-11,sh.600000,7.1200,7.1900,7.1000,7.1800,7.0900,21910821,156858352.0000,3,0.074600,1,1.269400,3.951117,0.366744,1.096159,-2.079845,0
2022-08-12,sh.600000,7.1900,7.2600,7.1700,7.2400,7.1800,22253354,160666706.0000,3,0.075800,1,0.835700,3.984134,0.369809,1.105319,-2.097225,0
2022-08-15,sh.600000,7.2400,7.2900,7.2000,7.2100,7.2400,20451392,148015692.8300,3,0.069700,1,-0.414400,3.967625,0.368277,1.100739,-2.088535,0
2022-08-16,sh.600000,7.2100,7.2600,7.1800,7.1900,7.2100,17910142,129120992.6100,3,0.061000,1,-0.277400,3.956619,0.367255,1.097686,-2.082742,0
2022-08-17,sh.600000,7.2100,7.3000,7.1800,7.2800,7.1900,20980840,152061978.5400,3,0.071500,1,1.251700,4.006146,0.371852,1.111426,-2.108812,0
2022-08-18,sh.600000,7.2700,7.2700,7.1900,7.2100,7.2800,12991819,93820911.1800,3,0.044300,1,-0.961500,3.967625,0.368277,1.100739,-2.088535,0
2022-08-19,sh.600000,7.1800,7.2800,7.1800,7.2000,7.2100,17544569,126989201.8600,3,0.059800,1,-0.138700,3.962122,0.367766,1.099212,-2.085638,0
2022-08-22,sh.600000,7.1800,7.2400,7.1600,7.2300,7.2000,13776616,99353492.4400,3,0.046900,1,0.416700,3.978631,0.369298,1.103792,-2.094329,0
2022-08-23,sh.600000,7.2100,7.2200,7.1700,7.1700,7.2300,15047471,108111339.9300,3,0.051300,1,-0.829900,3.945614,0.366234,1.094632,-2.076948,0
2022-08-24,sh.600000,7.1700,7.2200,7.1400,7.1500,7.1700,16855765,120996052.8000,3,0.057400,1,-0.278900,3.934608,0.365212,1.091579,-2.071155,0
2022-08-25,sh.600000,7.1600,7.2200,7.1500,7.2000,7.1500,15772556,113287116.5200,3,0.053700,1,0.699300,3.962122,0.367766,1.099212,-2.085638,0
2022-08-26,sh.600000,7.2300,7.2600,7.1800,7.2200,7.2000,17576235,126876440.7100,3,0.059900,1,0.277800,3.973128,0.368788,1.102266,-2.091432,0
2022-08-29,sh.600000,7.1600,7.2100,7.1200,7.1500,7.2200,27600324,197253687.4600,3,0.094000,1,-0.969500,3.934608,0.366516,1.091579,15.581561,0
2022-08-30,sh.600000,7.1400,7.2000,7.1300,7.1900,7.1500,22541928,161534932.8000,3,0.076800,1,0.559400,3.956619,0.368567,1.097686,15.668730,0
2022-08-31,sh.600000,7.1700,7.2800,7.1500,7.2700,7.1900,39566130,286509308.7500,3,0.134800,1,1.112700,4.000643,0.372668,1.109899,15.843069,0
2022-09-01,sh.600000,7.2300,7.2900,7.2000,7.2300,7.2700,23298388,169134999.2700,3,0.079400,1,-0.550200,3.978631,0.370617,1.103792,15.755900,0
2022-09-02,sh.600000,7.2400,7.2700,7.2000,7.2100,7.2300,19975499,144236248.5300,3,0.068100,1,-0.276600,3.967625,0.369592,1.100739,15.712315,0
2022-09-05,sh.600000,7.1800,7.2700,7.1400,7.2600,7.2100,26646247,192171036.5800,3,0.090800,1,0.693500,3.995140,0.372155,1.108372,15.821277,0
2022-09-06,sh.600000,7.2500,7.3000,7.2400,7.2600,7.2600,21866681,159009208.0900,3,0.074500,1,0.000000,3.995140,0.372155,1.108372,15.821277,0
2022-09-07,sh.600000,7.2300,7.2600,7.2200,7.2200,7.2600,16568470,119766057.0600,3,0.056400,1,-0.551000,3.973128,0.370105,1.102266,15.734107,0
2022-09-08,sh.600000,7.2400,7.2700,7.2200,7.2400,7.2200,14478347,104930852.8500,3,0.049300,1,0.277000,3.984134,0.371130,1.105319,15.777692,0
2022-09-09,sh.600000,7.2700,7.3400,7.2400,7.3100,7.2400,32423037,236986664.9300,3,0.110500,1,0.966900,4.022655,0.374718,1.116006,15.930239,0
2022-09-13,sh.600000,7.2800,7.3600,7.2700,7.3500,7.3100,23795140,174338448.0000,3,0.081100,1,0.547200,4.044667,0.376769,1.122113,16.017408,0
2022-09-14,sh.600000,7.2900,7.3400,7.2700,7.2800,7.3500,18649011,136014993.7400,3,0.063500,1,-0.952400,4.006146,0.373180,1.111426,15.864862,0
2022-09-15,sh.600000,7.2900,7.3700,7.2800,7.3200,7.2800,31940343,233945046.6400,3,0.108800,1,0.549500,4.028158,0.375231,1.117532,15.952031,0
2022-09-16,sh.600000,7.3000,7.3200,7.1400,7.1400,7.3200,33979138,245252583.8700,3,0.115800,1,-2.459000,3.929105,0.366004,1.090052,15.559768,0
2022-09-19,sh.600000,7.1600,7.2000,7.1000,7.1600,7.1400,22388073,160021576.5700,3,0.076300,1,0.280100,3.940111,0.367029,1.093106,15.603353,0
2022-09-20,sh.600000,7.1600,7.1800,7.1000,7.1100,7.1600,22247046,158496620.2400,3,0.075800,1,-0.698300,3.912596,0.364466,1.085472,15.494391,0
2022-09-21,sh.600000,7.1000,7.1600,7.0800,7.1300,7.1100,20026161,142605615.8800,3,0.068200,1,0.281300,3.923602,0.365491,1.088525,15.537976,0
2022-09-22,sh.600000,7.1100,7.1400,7.0800,7.1200,7.1300,19540404,138786681.5400,3,0.066600,1,-0.140300,3.918099,0.364979,1.086999,15.516183,0
2022-09-23,sh.600000,7.1200,7.1800,7.0900,7.1600,7.1200,21806262,155805817.2300,3,0.074300,1,0.561800,3.940111,0.367029,1.093106,15.603353,0
2022-09-26,sh.600000,7.1200,7.1700,7.0500,7.0600,7.1600,29503476,209607846.6600,3,0.100500,1,-1.396600,3.885081,0.361903,1.077839,15.385429,0
2022-09-27,sh.600000,7.0400,7.0900,7.0200,7.0700,7.0600,20128163,142035077.2300,3,0.068600,1,0.141600,3.890584,0.362416,1.079365,15.407221,0
2022-09-28,sh.600000,7.0500,7.1200,7.0200,7.0800,7.0700,25197590,178257967.4900,3,0.085800,1,0.141400,3.896087,0.362928,1.080892,15.429014,0
2022-09-29,sh.600000,7.1100,7.1300,6.9500,6.9900,7.0800,37072647,260386962.1000,3,0.126300,1,-1.271200,3.846561,0.358315,1.067152,15.232882,0
2022-09-30,sh.600000,7.0200,7.0700,6.9900,7.0400,6.9900,21572691,151907573.3900,3,0.073500,1,0.715300,3.874075,0.360878,1.074785,15.341844,0
2022-10-10,sh.600000,7.0400,7.0900,7.0100,7.0300,7.0400,20028296,141308416.0000,3,0.068200,1,-0.142000,3.868572,0.360365,1.073259,15.320052,0
2022-10-11,sh.600000,7.0700,7.0800,7.0000,7.0100,7.0300,18613647,130804312.0300,3,0.063400,1,-0.284500,3.857566,0.359340,1.070205,15.276467,0
2022-10-12,sh.600000,7.0100,7.0500,6.9600,7.0500,7.0100,20354488,142570655.0900,3,0.069300,1,0.570600,3.879578,0.361390,1.076312,15.363637,0
2022-10-13,sh.600000,7.0300,7.0400,6.9700,7.0000,7.0500,24107256,168676264.3200,3,0.082100,1,-0.709200,3.852064,0.358827,1.068679,15.254675,0
2022-10-14,sh.600000,7.0300,7.0700,7.0100,7.0300,7.0000,27342763,192757732.6700,3,0.093200,1,0.428600,3.868572,0.360365,1.073259,15.320052,0
2022-10-17,sh.600000,7.0500,7.0500,7.0000,7.0200,7.0300,20616536,144892075.7700,3,0.070200,1,-0.142200,3.863069,0.359853,1.071732,15.298260,0
2022-10-18,sh.600000,7.0400,7.0600,7.0100,7.0200,7.0200,21908675,154099279.6200,3,0.074600,1,0.000000,3.863069,0.359853,1.071732,15.298260,0
2022-10-19,sh.600000,7.0200,7.0400,6.9700,6.9700,7.0200,17988215,125873057.6700,3,0.061300,1,-0.712300,3.835555,0.357289,1.064099,15.189298,0
2022-10-20,sh.600000,6.9700,7.0000,6.9600,6.9700,6.9700,19765093,137810612.9400,3,0.067300,1,0.000000,3.835555,0.357289,1.064099,15.189298,0
2022-10-21,sh.600000,6.9900,7.0200,6.9100,6.9200,6.9700,24567888,170868902.5300,3,0.083700,1,-0.717400,3.808040,0.354726,1.056465,15.080336,0
2022-10-24,sh.600000,6.9300,6.9400,6.8000,6.8100,6.9200,38610105,265091387.6200,3,0.131500,1,-1.589600,3.747508,0.349088,1.039672,14.840619,0
2022-10-25,sh.600000,6.8800,6.8800,6.8000,6.8400,6.8100,26539881,181269047.4800,3,0.090400,1,0.440500,3.764016,0.350626,1.044252,14.905997,0
2022-10-26,sh.600000,6.8300,6.8600,6.8000,6.8200,6.8400,20377311,139135071.2400,3,0.069400,1,-0.292400,3.753010,0.349600,1.041198,14.862412,0
2022-10-27,sh.600000,6.8300,6.8700,6.8100,6.8200,6.8200,21293652,145765770.2300,3,0.072500,1,0.000000,3.753010,0.349600,1.041198,14.862412,0
2022-10-28,sh.600000,6.8400,6.8700,6.7500,6.8000,6.8200,28234295,192577659.8700,3,0.096200,1,-0.293300,3.742005,0.348575,1.038145,14.818827,0
2022-10-31,sh.600000,6.7300,6.7500,6.6300,6.6400,6.8000,32237373,215102267.5700,3,0.109800,1,-2.352900,3.753171,0.336423,1.019461,-1.782352,0
2022-11-01,sh.600000,6.6800,6.7400,6.6500,6.7400,6.6400,27035074,181314549.4500,3,0.092100,1,1.506000,3.809695,0.341489,1.034814,-1.809195,0
2022-11-02,sh.600000,6.7000,6.7400,6.6600,6.7100,6.7400,24034116,160891463.4900,3,0.081900,1,-0.445100,3.792738,0.339969,1.030208,-1.801142,0
2022-11-03,sh.600000,6.7100,6.7100,6.6400,6.6600,6.7100,21251911,141624735.1400,3,0.072400,1,-0.745200,3.764476,0.337436,1.022531,-1.787721,0
2022-11-04,sh.600000,6.6500,6.8000,6.6400,6.7900,6.6600,32665677,220460181.1200,3,0.111300,1,1.952000,3.837957,0.344023,1.042491,-1.822616,0
2022-11-07,sh.600000,6.7500,6.8300,6.7400,6.8100,6.7900,16269623,110507706.4300,3,0.055400,1,0.294600,3.849262,0.345036,1.045561,-1.827985,0
2022-11-08,sh.600000,6.8300,6.8300,6.7700,6.7900,6.8100,15282862,103708976.9100,3,0.052100,1,-0.293700,3.837957,0.344023,1.042491,-1.822616,0
2022-11-09,sh.600000,6.7700,6.8200,6.7700,6.7900,6.7900,13127494,89138502.1700,3,0.044700,1,0.000000,3.837957,0.344023,1.042491,-1.822616,0
2022-11-10,sh.600000,6.7500,6.8000,6.7400,6.7800,6.7900,12601008,85330918.6600,3,0.042900,1,-0.147300,3.832304,0.343516,1.040955,-1.819932,0
2022-11-11,sh.600000,6.8300,6.9800,6.8300,6.9400,6.7800,40237053,277525770.2600,3,0.137100,1,2.359900,3.922742,0.351623,1.065521,-1.862880,0
2022-11-14,sh.600000,6.9800,7.0900,6.9600,7.0300,6.9400,43777420,308265880.9900,3,0.149100,1,1.296800,3.973614,0.356183,1.079339,-1.887039,0
2022-11-15,sh.600000,7.0100,7.0900,7.0000,7.0600,7.0300,25212063,177876453.1200,3,0.085900,1,0.426700,3.990571,0.357702,1.083945,-1.895091,0
2022-11-16,sh.600000,7.0300,7.0600,7.0100,7.0300,7.0600,17398102,122332873.4700,3,0.059300,1,-0.424900,3.973614,0.356183,1.079339,-1.887039,0
2022-11-17,sh.600000,7.0200,7.0200,6.9500,6.9800,7.0300,22026825,153691239.7200,3,0.075000,1,-0.711200,3.945352,0.353649,1.071662,-1.873617,0
2022-11-18,sh.600000,6.9900,7.0000,6.9100,6.9100,6.9800,22662930,157460686.0300,3,0.077200,1,-1.002900,3.905785,0.350103,1.060915,-1.854827,0
2022-11-21,sh.600000,6.9000,6.9100,6.8300,6.8800,6.9100,22374965,153475265.8300,3,0.076200,1,-0.434200,3.888828,0.348583,1.056309,-1.846775,0
2022-11-22,sh.600000,6.8900,7.0400,6.8900,7.0200,6.8800,33424530,233200479.2600,3,0.113900,1,2.034900,3.967961,0.355676,1.077803,-1.884354,0
2022-11-23,sh.600000,7.0100,7.1200,6.9900,7.0500,7.0200,36694389,259475308.3800,3,0.125000,1,0.427400,3.984918,0.357196,1.082409,-1.892407,0
2022-11-24,sh.600000,7.0600,7.1400,7.0300,7.0300,7.0500,21534531,152263201.7300,3,0.073400,1,-0.283700,3.973614,0.356183,1.079339,-1.887039,0
2022-11-25,sh.600000,7.0400,7.1800,7.0400,7.1700,7.0300,43033799,307087081.8100,3,0.146600,1,1.991500,4.052747,0.363276,1.100833,-1.924618,0
2022-11-28,sh.600000,7.1000,7.1000,6.9800,7.0700,7.1700,37873189,266592726.1100,3,0.129000,1,-1.394700,3.996223,0.358209,1.085480,-1.897776,0
2022-11-29,sh.600000,7.1000,7.3000,7.0800,7.2700,7.0700,68171227,492975278.3000,3,0.232300,1,2.828900,4.109270,0.368342,1.116186,-1.951461,0
2022-11-30,sh.600000,7.2400,7.3000,7.2200,7.2200,7.2700,32346981,234334306.2400,3,0.110200,1,-0.687800,4.081009,0.365809,1.108510,-1.938040,0
2022-12-01,sh.600000,7.2800,7.3400,7.2100,7.2200,7.2200,30040435,217886966.6300,3,0.102300,1,0.000000,4.081009,0.365809,1.108510,-1.938040,0
2022-12-02,sh.600000,7.2500,7.2500,7.1700,7.2300,7.2200,25722026,185354138.2700,3,0.087600,1,0.138500,4.086661,0.366316,1.110045,-1.940724,0
2022-12-05,sh.600000,7.2800,7.3700,7.2400,7.3600,7.2300,47367357,346640963.0100,3,0.161400,1,1.798100,4.160142,0.372902,1.130004,-1.975619,0
2022-12-06,sh.600000,7.3200,7.3900,7.3000,7.3600,7.3600,30550306,224448680.3800,3,0.104100,1,0.000000,4.160142,0.372902,1.130004,-1.975619,0
2022-12-07,sh.600000,7.3500,7.4000,7.3000,7.3400,7.3600,31176550,229009592.5300,3,0.106200,1,-0.271700,4.148837,0.371889,1.126934,-1.970251,0
2022-12-08,sh.600000,7.3200,7.3900,7.3100,7.3800,7.3400,25551776,187977673.6700,3,0.087100,1,0.545000,4.171446,0.373916,1.133075,-1.980988,0
2022-12-09,sh.600000,7.3700,7.3900,7.3000,7.3200,7.3800,38192346,280350287.4800,3,0.130100,1,-0.813000,4.137532,0.370876,1.123863,-1.964882,0
2022-12-12,sh.600000,7.3100,7.3600,7.2300,7.2600,7.3200,26708550,194644289.6200,3,0.091000,1,-0.819700,4.103618,0.367836,1.114651,-1.948777,0
2022-12-13,sh.600000,7.2700,7.3500,7.2500,7.3200,7.2600,18253626,133464501.5800,3,0.062200,1,0.826400,4.137532,0.370876,1.123863,-1.964882,0
2022-12-14,sh.600000,7.3700,7.3700,7.2600,7.3200,7.3200,16180635,118352408.6600,3,0.055100,1,0.000000,4.137532,0.370876,1.123863,-1.964882,0
2022-12-15,sh.600000,7.2800,7.3200,7.2300,7.2400,7.3200,17471770,126757095.6500,3,0.059500,1,-1.092900,4.092313,0.366822,1.111581,-1.943408,0
2022-12-16,sh.600000,7.2500,7.3500,7.2300,7.3500,7.2400,31704629,232171543.6900,3,0.108000,1,1.519300,4.154489,0.372396,1.128469,-1.972935,0
2022-12-19,sh.600000,7.3700,7.3700,7.2100,7.2400,7.3500,20432546,148576218.2000,3,0.069600,1,-1.496600,4.092313,0.366822,1.111581,-1.943408,0
2022-12-20,sh.600000,7.2300,7.2800,7.1300,7.1400,7.2400,24800259,178369739.9900,3,0.084500,1,-1.381200,4.035790,0.361756,1.096227,-1.916565,0
2022-12-21,sh.600000,7.2200,7.2400,7.1300,7.1900,7.1400,17252934,124209180.5700,3,0.058800,1,0.700300,4.064051,0.364289,1.103904,-1.929987,0
2022-12-22,sh.600000,7.2800,7.3100,7.2000,7.2400,7.1900,18662641,135509039.2900,3,0.063600,1,0.695400,4.092313,0.366822,1.111581,-1.943408,0
2022-12-23,sh.600000,7.1900,7.2700,7.1700,7.1900,7.2400,12958464,93463047.0400,3,0.044100,1,-0.690600,4.064051,0.364289,1.103904,-1.929987,0
2022-12-26,sh.600000,7.1900,7.2100,7.0800,7.1000,7.1900,20138533,143606823.7100,3,0.068600,1,-1.251700,4.013180,0.359729,1.090086,-1.905828,0
2022-12-27,sh.600000,7.1300,7.2900,7.1200,7.2200,7.1000,24065192,173516852.3700,3,0.082000,1,1.690100,4.081009,0.365809,1.108510,-1.938040,0
2022-12-28,sh.600000,7.2200,7.3000,7.2000,7.3000,7.2200,20901364,152167733.8100,3,0.071200,1,1.108000,4.126227,0.369862,1.120793,-1.959514,0
2022-12-29,sh.600000,7.2700,7.2900,7.1800,7.2400,7.3000,18367088,132652083.0000,3,0.062600,1,-0.821900,4.092313,0.366822,1.111581,-1.943408,0
2022-12-30,sh.600000,7.2300,7.3000,7.2200,7.2800,7.2400,20352397,147932730.7100,3,0.069300,1,0.552500,4.114923,0.368849,1.117722,-1.954145,0
2023-01-03,sh.600000,7.2700,7.2800,7.1700,7.2300,7.2800,25892521,187094064.4100,3,0.088200,1,-0.686800,4.086661,0.366316,1.110045,-1.940724,0
2023-01-04,sh.600000,7.2700,7.3500,7.2300,7.3100,7.2300,30947081,226321372.0500,3,0.105400,1,1.106500,4.131880,0.370369,1.122328,-1.962198,0
2023-01-05,sh.600000,7.3700,7.3800,7.3000,7.3500,7.3100,30162154,221617354.6200,3,0.102800,1,0.547200,4.154489,0.372396,1.128469,-1.972935,0
2023-01-06,sh.600000,7.3500,7.3800,7.3100,7.3400,7.3500,20312881,149170537.8500,3,0.069200,1,-0.136100,4.148837,0.371889,1.126934,-1.970251,0
2023-01-09,sh.600000,7.3800,7.3800,7.3000,7.3400,7.3400,19612260,143998210.6000,3,0.066800,1,0.000000,4.148837,0.371889,1.126934,-1.970251,0
2023-01-10,sh.600000,7.3500,7.3500,7.2800,7.2800,7.3400,16194647,118223821.8600,3,0.055200,1,-0.817400,4.114923,0.368849,1.117722,-1.954145,0
2023-01-11,sh.600000,7.3100,7.3400,7.2700,7.3000,7.2800,19215541,140393995.9200,3,0.065500,1,0.274700,4.126228,0.369862,1.120793,-1.959514,0
2023-01-12,sh.600000,7.3300,7.3400,7.2400,7.2700,7.3000,16849908,122554362.2300,3,0.057400,1,-0.411000,4.109270,0.368342,1.116187,-1.951461,0
2023-01-13,sh.600000,7.2900,7.3500,7.2700,7.3400,7.2700,21770211,159178131.6100,3,0.074200,1,0.962900,4.148837,0.371889,1.126934,-1.970251,0
2023-01-16,sh.600000,7.3500,7.3800,7.2800,7.3300,7.3400,36816941,270170018.1000,3,0.125400,1,-0.136200,4.143185,0.371382,1.125399,-1.967567,0
2023-01-17,sh.600000,7.3400,7.3500,7.2700,7.3000,7.3300,24222613,176749046.1500,3,0.082500,1,-0.409300,4.126228,0.369862,1.120793,-1.959514,0
2023-01-18,sh.600000,7.3100,7.3300,7.2700,7.3100,7.3000,24494551,178868884.9500,3,0.083500,1,0.137000,4.131880,0.370369,1.122328,-1.962198,0
2023-01-19,sh.600000,7.3100,7.3300,7.2600,7.3300,7.3100,16713352,121983725.8700,3,0.056900,1,0.273600,4.143185,0.371382,1.125399,-1.967567,0
2023-01-20,sh.600000,7.3400,7.3600,7.3200,7.3600,7.3300,20986958,154239831.2600,3,0.071500,1,0.409300,4.160142,0.372902,1.130005,-1.975619,0
2023-01-30,sh.600000,7.4300,7.4300,7.3700,7.4000,7.3600,31810739,235352030.4500,3,0.108400,1,0.543500,4.182751,0.374929,1.136146,-1.986356,0
2023-01-31,sh.600000,7.4200,7.4500,7.3700,7.3700,7.4000,28438220,210715444.2400,3,0.096900,1,-0.405400,4.165794,0.373409,1.131540,-1.978304,0
2023-02-01,sh.600000,7.4000,7.4000,7.3300,7.3600,7.3700,18659542,137294549.4200,3,0.063600,1,-0.135700,4.160142,0.372902,1.130005,-1.975619,0
2023-02-02,sh.600000,7.3900,7.3900,7.3200,7.3600,7.3600,21900191,160961795.1600,3,0.074600,1,0.000000,4.160142,0.372902,1.130005,-1.975619,0
2023-02-03,sh.600000,7.3300,7.3500,7.2700,7.2700,7.3600,29885527,217904607.7900,3,0.101800,1,-1.222800,4.109270,0.368342,1.116187,-1.951461,0
2023-02-06,sh.600000,7.2500,7.2500,7.2100,7.2500,7.2700,22786780,164745210.2300,3,0.077600,1,-0.275100,4.097966,0.367329,1.113116,-1.946092,0
2023-02-07,sh.600000,7.2700,7.2700,7.2200,7.2400,7.2500,15481821,112169271.3200,3,0.052700,1,-0.137900,4.092313,0.366822,1.111581,-1.943408,0
2023-02-08,sh.600000,7.2400,7.2700,7.2200,7.2300,7.2400,13095025,94770356.7600,3,0.044600,1,-0.138100,4.086661,0.366316,1.110045,-1.940724,0
2023-02-09,sh.600000,7.2300,7.2800,7.2200,7.2600,7.2300,10895965,79099151.1900,3,0.037100,1,0.414900,4.103618,0.367836,1.114651,-1.948777,0
2023-02-10,sh.600000,7.2500,7.2700,7.2200,7.2400,7.2600,11944106,86527412.0800,3,0.040700,1,-0.275500,4.092313,0.366822,1.111581,-1.943408,0
2023-02-13,sh.600000,7.2200,7.2600,7.1800,7.2300,7.2400,20449779,147742689.0200,3,0.069700,1,-0.138100,4.086661,0.366316,1.110045,-1.940724,0
2023-02-14,sh.600000,7.2400,7.2600,7.2300,7.2400,7.2300,11929853,86373390.4700,3,0.040600,1,0.138300,4.092313,0.366822,1.111581,-1.943408,0
2023-02-15,sh.600000,7.2400,7.2500,7.1900,7.2000,7.2400,15467693,111509087.5600,3,0.052700,1,-0.552500,4.069704,0.364796,1.105439,-1.932671,0
2023-02-16,sh.600000,7.2100,7.2600,7.1800,7.1900,7.2000,18798353,135881168.8200,3,0.064000,1,-0.138900,4.064052,0.364289,1.103904,-1.929987,0
2023-02-17,sh.600000,7.1900,7.2200,7.1300,7.1300,7.1900,21148914,151882567.4900,3,0.072100,1,-0.834500,4.030137,0.361249,1.094692,-1.913881,0
2023-02-20,sh.600000,7.1600,7.2700,7.1500,7.2600,7.1300,25613504,184902604.4900,3,0.087300,1,1.823300,4.103618,0.367836,1.114651,-1.948777,0
2023-02-21,sh.600000,7.2600,7.3000,7.2300,7.2900,7.2600,16234446,118094160.8000,3,0.055300,1,0.413200,4.120575,0.369356,1.119257,-1.956830,0
2023-02-22,sh.600000,7.2800,7.2900,7.2400,7.2400,7.2900,12971392,94204601.1700,3,0.044200,1,-0.685900,4.092313,0.366822,1.111581,-1.943408,0
2023-02-23,sh.600000,7.2500,7.2800,7.2300,7.2300,7.2400,11436536,82898811.5600,3,0.039000,1,-0.138100,4.086661,0.366316,1.110045,-1.940724,0
2023-02-24,sh.600000,7.2200,7.2600,7.1800,7.1800,7.2300,16681114,120124647.8800,3,0.056800,1,-0.691600,4.058399,0.363782,1.102369,-1.927303,0
2023-02-27,sh.600000,7.1600,7.2000,7.1600,7.1600,7.1800,15800639,113363321.6700,3,0.053800,1,-0.278600,4.047094,0.362769,1.099298,-1.921934,0
2023-02-28,sh.600000,7.1800,7.2000,7.1400,7.1800,7.1600,17448100,125100407.8900,3,0.059400,1,0.279300,4.058399,0.363782,1.102369,-1.927303,0
2023-03-01,sh.600000,7.1700,7.2700,7.1700,7.2600,7.1800,25661325,185861461.9700,3,0.087400,1,1.114200,4.103618,0.367836,1.114651,-1.948777,0
2023-03-02,sh.600000,7.2300,7.2900,7.2300,7.2700,7.2600,17070002,124094304.5300,3,0.058200,1,0.137700,4.109270,0.368342,1.116187,-1.951461,0
2023-03-03,sh.600000,7.2900,7.3600,7.2600,7.3500,7.2700,31094168,227583047.8900,3,0.105900,1,1.100400,4.154489,0.372396,1.128469,-1.972935,0
2023-03-06,sh.600000,7.3500,7.3700,7.3100,7.3300,7.3500,24939950,182971731.4300,3,0.085000,1,-0.272100,4.143185,0.371382,1.125399,-1.967567,0
2023-03-07,sh.600000,7.3200,7.4600,7.3000,7.3100,7.3300,56642781,417960791.2600,3,0.193000,1,-0.272900,4.131880,0.370369,1.122328,-1.962198,0
2023-03-08,sh.600000,7.3000,7.3200,7.2500,7.3100,7.3100,19059038,138757482.3000,3,0.064900,1,0.000000,4.131880,0.370369,1.122328,-1.962198,0
2023-03-09,sh.600000,7.3100,7.3400,7.2500,7.2700,7.3100,18993344,138470614.8900,3,0.064700,1,-0.547200,4.109270,0.368342,1.116187,-1.951461,0
2023-03-10,sh.600000,7.2400,7.2600,7.1500,7.1500,7.2700,27843826,200486041.8900,3,0.094900,1,-1.650600,4.041442,0.362262,1.097763,-1.919250,0
2023-03-13,sh.600000,7.0500,7.0900,7.0300,7.0600,7.1500,51314997,362230489.5700,3,0.174800,1,-1.258700,3.990571,0.357702,1.083945,-1.895091,0
2023-03-14,sh.600000,7.0600,7.0700,7.0000,7.0200,7.0600,32453388,228164817.7600,3,0.110600,1,-0.566600,3.967961,0.355676,1.077803,-1.884354,0
2023-03-15,sh.600000,7.0700,7.1000,7.0600,7.0800,7.0200,25072976,177677434.5100,3,0.085400,1,0.854700,4.001876,0.358716,1.087015,-1.900460,0
2023-03-16,sh.600000,7.0800,7.1700,7.0500,7.1200,7.0800,28501314,203051783.7600,3,0.097100,1,0.565000,4.024485,0.360742,1.093157,-1.911197,0
2023-03-17,sh.600000,7.1400,7.2200,7.1000,7.1100,7.1200,36328142,260022747.7100,3,0.123800,1,-0.140400,4.018833,0.360236,1.091621,-1.908513,0
2023-03-20,sh.600000,7.1000,7.2200,7.1000,7.1300,7.1100,26292154,188546315.8400,3,0.089600,1,0.281300,4.030137,0.361249,1.094692,-1.913881,0
2023-03-21,sh.600000,7.1600,7.2000,7.1300,7.1300,7.1300,18977675,135798122.4600,3,0.064700,1,0.000000,4.030137,0.361249,1.094692,-1.913881,0
2023-03-22,sh.600000,7.1500,7.1900,7.1400,7.1800,7.1300,16988375,121799288.5900,3,0.057900,1,0.701300,4.058399,0.363782,1.102369,-1.927303,0
2023-03-23,sh.600000,7.1500,7.2200,7.1400,7.2100,7.1800,21506296,154656983.1700,3,0.073300,1,0.417800,4.135725,0.365302,1.121975,-1.935355,0
2023-03-24,sh.600000,7.1900,7.2500,7.1800,7.2100,7.2100,25687826,185477855.9900,3,0.087500,1,0.000000,4.135725,0.365302,1.121975,-1.935355,0
2023-03-27,sh.600000,7.2300,7.2300,7.1500,7.1500,7.2100,19141397,137294385.8200,3,0.065200,1,-0.832200,4.101308,0.362262,1.112638,-1.919250,0
2023-03-28,sh.600000,7.1600,7.1900,7.1400,7.1800,7.1500,16641290,119293208.8100,3,0.056700,1,0.419600,4.118517,0.363782,1.117307,-1.927303,0
2023-03-29,sh.600000,7.2300,7.2300,7.1600,7.1600,7.1800,12685806,91087594.0900,3,0.043200,1,-0.278600,4.107044,0.362769,1.114194,-1.921934,0
2023-03-30,sh.600000,7.1800,7.2100,7.1200,7.1900,7.1600,22504756,161359032.2500,3,0.076700,1,0.419000,4.124253,0.364289,1.118863,-1.929987,0
2023-03-31,sh.600000,7.1900,7.2400,7.1700,7.1900,7.1900,20048925,144423997.5500,3,0.068300,1,0.000000,4.124253,0.364289,1.118863,-1.929987,0
2023-04-03,sh.600000,7.1900,7.2100,7.1600,7.1900,7.1900,20246596,145394355.6700,3,0.069000,1,0.000000,4.124253,0.364289,1.118863,-1.929987,0
2023-04-04,sh.600000,7.1900,7.2200,7.1600,7.2100,7.1900,25718197,184997550.0200,3,0.087600,1,0.278200,4.135725,0.365302,1.121975,-1.935355,0
2023-04-06,sh.600000,7.2100,7.2200,7.1800,7.1800,7.2100,14740291,106072546.2000,3,0.050200,1,-0.416100,4.118517,0.363782,1.117307,-1.927303,0
2023-04-07,sh.600000,7.1900,7.2400,7.1600,7.2300,7.1800,17465820,125889350.1300,3,0.059500,1,0.696400,4.147197,0.366316,1.125087,-1.940724,0
2023-04-10,sh.600000,7.2100,7.2400,7.1900,7.2100,7.2300,17548307,126535778.9700,3,0.059800,1,-0.276600,4.135725,0.365302,1.121975,-1.935355,0
2023-04-11,sh.600000,7.2300,7.2300,7.1800,7.1800,7.2100,20191251,145358006.5900,3,0.068800,1,-0.416100,4.118517,0.363782,1.117307,-1.927303,0
2023-04-12,sh.600000,7.2000,7.2300,7.1700,7.2100,7.1800,19475694,140373569.7100,3,0.066400,1,0.417800,4.135725,0.365302,1.121975,-1.935355,0
2023-04-13,sh.600000,7.2200,7.2900,7.2000,7.2500,7.2100,25779019,186717623.6600,3,0.087800,1,0.554800,4.158669,0.367329,1.128200,-1.946092,0
2023-04-14,sh.600000,7.2800,7.3100,7.2500,7.2700,7.2500,25074604,182629852.3500,3,0.085400,1,0.275900,4.170141,0.368342,1.131312,-1.951461,0
2023-04-17,sh.600000,7.2600,7.4000,7.2600,7.3900,7.2700,36027756,264817274.9700,3,0.122700,1,1.650600,4.238975,0.374422,1.149986,-1.983672,0
2023-04-18,sh.600000,7.3800,7.5900,7.3700,7.5400,7.3900,77412335,582499847.8700,3,0.263700,1,2.029800,4.325016,0.382022,1.173328,-2.023936,0
2023-04-19,sh.600000,7.4900,7.5800,7.4300,7.5300,7.5400,52269783,393443029.2900,3,0.178100,1,-0.132600,4.319280,0.377698,1.171771,1.415192,0
2023-04-20,sh.600000,7.5000,7.6900,7.5000,7.6800,7.5300,72340661,550359765.7300,3,0.246500,1,1.992000,4.405321,0.385222,1.195114,1.443383,0
2023-04-21,sh.600000,7.6700,7.7300,7.5700,7.5900,7.6800,50258973,383793225.2900,3,0.171200,1,-1.171900,4.353697,0.380708,1.181108,1.426469,0
2023-04-24,sh.600000,7.5900,7.6400,7.4700,7.4900,7.5900,43348471,326606926.2200,3,0.147700,1,-1.317500,4.296336,0.375692,1.165547,1.407675,0
2023-04-25,sh.600000,7.5300,7.6200,7.5200,7.5600,7.4900,42805282,323698544.5900,3,0.145800,1,0.934600,4.336488,0.379203,1.176440,1.420830,0
2023-04-26,sh.600000,7.5600,7.5600,7.4200,7.4600,7.5600,50919367,380460212.9000,3,0.173500,1,-1.322800,4.279127,0.374187,1.160878,1.402036,0
2023-04-27,sh.600000,7.4800,7.5100,7.4200,7.4800,7.4600,49269460,367760166.5000,3,0.167900,1,0.268100,4.290599,0.375190,1.163991,1.405795,0
2023-04-28,sh.600000,7.4700,7.6500,7.4700,7.6000,7.4800,38841289,294352873.0000,3,0.132300,1,1.604300,4.359433,0.381209,1.182664,1.428348,0
2023-05-04,sh.600000,7.4800,7.7500,7.3500,7.6800,7.6000,75866605,575141257.4200,3,0.258500,1,1.052600,4.734421,0.374974,1.207423,3.607142,0
2023-05-05,sh.600000,7.6800,7.9000,7.6600,7.7600,7.6800,67991125,529531596.7600,3,0.231600,1,1.041700,4.783737,0.378879,1.220001,3.644716,0
2023-05-08,sh.600000,7.7700,8.1700,7.7600,8.0700,7.7600,143117862,1148389705.0000,3,0.487600,1,3.994800,4.974840,0.394015,1.268738,3.790317,0
2023-05-09,sh.600000,8.1400,8.2200,7.9400,7.9600,8.0700,122058988,987860019.4500,3,0.415800,1,-1.363100,4.907030,0.388644,1.251444,3.738652,0
2023-05-10,sh.600000,7.9300,7.9500,7.6500,7.7000,7.9600,87338919,677598926.9200,3,0.297600,1,-3.266300,4.746750,0.375950,1.210568,3.616535,0
2023-05-11,sh.600000,7.7200,7.8000,7.6500,7.6700,7.7000,43135406,332304491.0000,3,0.147000,1,-0.389600,4.728256,0.374485,1.205851,3.602445,0
2023-05-12,sh.600000,7.7000,7.7100,7.5800,7.6200,7.6700,55003725,420040623.0900,3,0.187400,1,-0.651900,4.697433,0.372044,1.197990,3.578961,0
2023-05-15,sh.600000,7.6200,7.7100,7.5100,7.6900,7.6200,49175572,373081744.3500,3,0.167500,1,0.918600,4.740585,0.375462,1.208995,3.611838,0
2023-05-16,sh.600000,7.7000,7.7800,7.6400,7.6700,7.6900,41397733,318997696.8800,3,0.141000,1,-0.260100,4.728256,0.374485,1.205851,3.602445,0
2023-05-17,sh.600000,7.6700,7.6900,7.5800,7.6100,7.6700,29442573,224614977.4200,3,0.100300,1,-0.782300,4.691268,0.371556,1.196418,3.574264,0
2023-05-18,sh.600000,7.6400,7.7500,7.6100,7.6800,7.6100,38714402,297590091.7300,3,0.131900,1,0.919800,4.734421,0.374974,1.207423,3.607142,0
2023-05-19,sh.600000,7.6700,7.6700,7.5200,7.5400,7.6800,35072548,265388165.9800,3,0.119500,1,-1.822900,4.648116,0.368138,1.185413,3.541386,0
2023-05-22,sh.600000,7.5800,7.6000,7.5200,7.5400,7.5400,21174297,159997715.1300,3,0.072100,1,0.000000,4.648116,0.368138,1.185413,3.541386,0
2023-05-23,sh.600000,7.5400,7.5900,7.4500,7.4500,7.5400,29213715,219372233.1400,3,0.099500,1,-1.193600,4.592635,0.363744,1.171263,3.499115,0
2023-05-24,sh.600000,7.4300,7.4400,7.2900,7.2900,7.4500,45145900,331690566.3600,3,0.153800,1,-2.147700,4.494001,0.355932,1.146109,3.423966,0
2023-05-25,sh.600000,7.2600,7.3300,7.2400,7.3100,7.2900,34408974,250361065.9800,3,0.117200,1,0.274300,4.506330,0.356908,1.149253,3.433360,0
2023-05-26,sh.600000,7.3100,7.3600,7.2500,7.3200,7.3100,18912850,138237160.6200,3,0.064400,1,0.136800,4.512495,0.357397,1.150825,3.438057,0
2023-05-29,sh.600000,7.3200,7.4600,7.3100,7.4100,7.3200,29624085,218780886.0400,3,0.100900,1,1.229500,4.567976,0.361791,1.164975,3.480328,0
2023-05-30,sh.600000,7.4200,7.4400,7.3000,7.3700,7.4100,26942819,198416676.4900,3,0.091800,1,-0.539800,4.543318,0.359838,1.158686,3.461541,0
2023-05-31,sh.600000,7.3700,7.3700,7.2900,7.3500,7.3700,26569353,194680268.7500,3,0.090500,1,-0.271400,4.530988,0.358861,1.155542,3.452147,0
2023-06-01,sh.600000,7.3300,7.3500,7.2600,7.2800,7.3500,30606250,223217358.2300,3,0.104300,1,-0.952400,4.487836,0.355444,1.144537,3.419270,0
2023-06-02,sh.600000,7.2900,7.3600,7.2900,7.3500,7.2800,20697156,151681592.4000,3,0.070500,1,0.961500,4.530988,0.358861,1.155542,3.452147,0
2023-06-05,sh.600000,7.3500,7.4300,7.3100,7.4100,7.3500,21286683,157069298.7400,3,0.072500,1,0.816300,4.567976,0.361791,1.164975,3.480328,0
2023-06-06,sh.600000,7.4100,7.5300,7.3600,7.3800,7.4100,33736363,251262503.6200,3,0.114900,1,-0.404900,4.549482,0.360326,1.160258,3.466238,0
2023-06-07,sh.600000,7.4000,7.5000,7.4000,7.4600,7.3800,21593403,161137015.0200,3,0.073600,1,1.084000,4.598799,0.364232,1.172836,3.503812,0
2023-06-08,sh.600000,7.4900,7.5900,7.4300,7.5700,7.4600,27634633,207840752.3100,3,0.094100,1,1.474500,4.666610,0.369603,1.190129,3.555477,0
2023-06-09,sh.600000,7.5700,7.6000,7.5300,7.5600,7.5700,22288077,168547960.9900,3,0.075900,1,-0.132100,4.660445,0.369115,1.188557,3.550780,0
2023-06-12,sh.600000,7.5400,7.5400,7.4300,7.4300,7.5600,20300133,151516728.3100,3,0.069200,1,-1.719600,4.580305,0.362767,1.168119,3.489722,0
2023-06-13,sh.600000,7.4300,7.4800,7.4000,7.4600,7.4300,15724325,117086539.2500,3,0.053600,1,0.403800,4.598799,0.364232,1.172836,3.503812,0
2023-06-14,sh.600000,7.4800,7.5100,7.4000,7.4000,7.4600,17986091,134018713.5900,3,0.061300,1,-0.804300,4.561812,0.361303,1.163403,3.475631,0
2023-06-15,sh.600000,7.4300,7.4900,7.3900,7.4500,7.4000,20936996,155705974.8300,3,0.071300,1,0.675700,4.592635,0.363744,1.171263,3.499115,0
2023-06-16,sh.600000,7.4500,7.4700,7.3900,7.4300,7.4500,26908579,199680699.1800,3,0.091700,1,-0.268500,4.580305,0.362767,1.168119,3.489722,0
2023-06-19,sh.600000,7.4100,7.4200,7.3400,7.3400,7.4300,17368652,128045971.2000,3,0.059200,1,-1.211300,4.524824,0.358373,1.153970,3.447450,0
2023-06-20,sh.600000,7.3600,7.3700,7.2900,7.2900,7.3400,20417397,149411204.4800,3,0.069600,1,-0.681200,4.494001,0.355932,1.146109,3.423966,0
2023-06-21,sh.600000,7.2900,7.3700,7.2700,7.2700,7.2900,20122147,147098242.3900,3,0.068600,1,-0.274300,4.481672,0.354955,1.142964,3.414573,0
2023-06-26,sh.600000,7.2700,7.2800,7.1400,7.1600,7.2700,34007942,244185921.4600,3,0.115900,1,-1.513100,4.413861,0.349585,1.125671,3.362908,0
2023-06-27,sh.600000,7.1500,7.2300,7.1400,7.1900,7.1600,18412655,132407800.9900,3,0.062700,1,0.419000,4.432355,0.351049,1.130387,3.376998,0
2023-06-28,sh.600000,7.2000,7.2200,7.1500,7.2100,7.1900,15806614,113547070.8100,3,0.053900,1,0.278200,4.444684,0.352026,1.133531,3.386392,0
2023-06-29,sh.600000,7.2100,7.2500,7.1800,7.1800,7.2100,21627405,155944843.4000,3,0.073700,1,-0.416100,4.426190,0.350561,1.128815,3.372302,0
2023-06-30,sh.600000,7.1700,7.2700,7.1700,7.2400,7.1800,19425283,140653932.2100,3,0.066200,1,0.835700,4.463178,0.353491,1.138248,3.400482,0
2023-07-03,sh.600000,7.2500,7.3300,7.2500,7.3200,7.2400,20873751,152174188.9900,3,0.071100,1,1.105000,4.512495,0.357397,1.150825,3.438057,0
2023-07-04,sh.600000,7.3000,7.3300,7.2300,7.2800,7.3200,17447358,126841704.1800,3,0.059400,1,-0.546400,4.487836,0.355444,1.144537,3.419270,0
2023-07-05,sh.600000,7.2600,7.2800,7.2100,7.2500,7.2800,11396554,82596377.7800,3,0.038800,1,-0.412100,4.469342,0.353979,1.139820,3.405179,0
2023-07-06,sh.600000,7.2500,7.2700,7.1900,7.2100,7.2500,14827400,107119877.5000,3,0.050500,1,-0.551700,4.444684,0.352026,1.133531,3.386392,0
2023-07-07,sh.600000,7.2100,7.2500,7.1800,7.2200,7.2100,14748837,106398636.4700,3,0.050200,1,0.138700,4.450849,0.352514,1.135104,3.391089,0
2023-07-10,sh.600000,7.2200,7.2500,7.2000,7.2200,7.2200,11410653,82406253.7200,3,0.038900,1,0.000000,4.450849,0.352514,1.135104,3.391089,0
2023-07-11,sh.600000,7.2600,7.2900,7.2300,7.2800,7.2200,14074191,102272415.8800,3,0.047900,1,0.831000,4.487836,0.355444,1.144537,3.419270,0
2023-07-12,sh.600000,7.2800,7.3200,7.2500,7.2500,7.2800,14414543,105021891.1500,3,0.049100,1,-0.412100,4.469342,0.353979,1.139820,3.405179,0
2023-07-13,sh.600000,7.3000,7.4000,7.2700,7.4000,7.2500,26925447,198390792.4600,3,0.091700,1,2.069000,4.561812,0.361303,1.163403,3.475631,0
2023-07-14,sh.600000,7.4200,7.4500,7.3800,7.4400,7.4000,19569658,145348729.7600,3,0.066700,1,0.540500,4.586470,0.363256,1.169691,3.494418,0
2023-07-17,sh.600000,7.4400,7.4500,7.3500,7.4200,7.4400,13992076,103339600.8300,3,0.047700,1,-0.268800,4.574141,0.362279,1.166547,3.485025,0
2023-07-18,sh.600000,7.4200,7.4200,7.3700,7.3900,7.4200,12026567,88895175.3100,3,0.041000,1,-0.404300,4.555647,0.360814,1.161830,3.470934,0
2023-07-19,sh.600000,7.3600,7.4300,7.3600,7.4100,7.3900,18189577,134677036.1600,3,0.062000,1,0.270600,4.567976,0.361791,1.164975,3.480328,0
2023-07-20,sh.600000,7.4300,7.4800,7.4000,7.4200,7.4100,26686817,198503271.4000,3,0.090900,1,0.135000,4.574141,0.362279,1.166547,3.485025,0
2023-07-21,sh.600000,7.1000,7.1500,7.0700,7.1200,7.1000,27661416,196813979.2400,3,0.094200,1,0.281700,4.389203,0.347632,1.119382,3.344121,0
2023-07-24,sh.600000,7.0800,7.1600,7.0700,7.1300,7.1200,25840210,184072421.9600,3,0.088000,1,0.140400,4.395367,0.348120,1.120954,3.348818,0
2023-07-25,sh.600000,7.1800,7.2900,7.1700,7.2700,7.1300,31444763,227784692.4200,3,0.107100,1,1.963500,4.481672,0.354955,1.142964,3.414573,0
2023-07-26,sh.600000,7.2800,7.3400,7.2600,7.2900,7.2700,22818033,166416269.2700,3,0.077700,1,0.275100,4.494001,0.355932,1.146109,3.423966,0
2023-07-27,sh.600000,7.3300,7.4000,7.2900,7.3700,7.2900,26198753,193006451.0500,3,0.089300,1,1.097400,4.543318,0.359838,1.158686,3.461541,0
2023-07-28,sh.600000,7.3300,7.5200,7.3300,7.5000,7.3700,46528827,347454786.7700,3,0.158500,1,1.763900,4.623458,0.366185,1.179124,3.522599,0
2023-07-31,sh.600000,7.5500,7.6400,7.5200,7.6000,7.5000,52804227,400087142.6400,3,0.179900,1,1.333300,4.685104,0.371068,1.194846,3.569567,0
2023-08-01,sh.600000,7.5800,7.6300,7.5400,7.6000,7.6000,30934266,234625800.2200,3,0.105400,1,0.000000,4.685104,0.371068,1.194846,3.569567,0
2023-08-02,sh.600000,7.5600,7.5900,7.4300,7.4800,7.6000,42654533,319717234.7300,3,0.145300,1,-1.578900,4.611129,0.365209,1.175980,3.513206,0
2023-08-03,sh.600000,7.5200,7.5800,7.4400,7.5600,7.4800,29329503,220449825.2400,3,0.099900,1,1.069500,4.660445,0.369115,1.188557,3.550780,0
2023-08-04,sh.600000,7.5900,7.6500,7.5400,7.5800,7.5600,34256817,260297665.1300,3,0.116700,1,0.264600,4.672775,0.370091,1.191702,3.560174,0
2023-08-07,sh.600000,7.5700,7.5700,7.4900,7.5200,7.5800,26012874,195449522.2600,3,0.088600,1,-0.791600,4.635787,0.367162,1.182269,3.531993,0
2023-08-08,sh.600000,7.4700,7.5500,7.4300,7.5200,7.5200,27001247,202344903.2700,3,0.092000,1,0.000000,4.635787,0.367162,1.182269,3.531993,0
2023-08-09,sh.600000,7.5000,7.5500,7.4700,7.5500,7.5200,17792571,133937331.6300,3,0.060600,1,0.398900,4.654281,0.368626,1.186985,3.546083,0
2023-08-10,sh.600000,7.4500,7.4600,7.3500,7.4200,7.5500,52865300,391107893.9300,3,0.180100,1,-1.721900,4.934704,0.362279,1.201896,3.485025,0
2023-08-11,sh.600000,7.4400,7.4400,7.2300,7.2300,7.4200,37051127,270665760.6300,3,0.126200,1,-2.560600,4.808343,0.353002,1.171120,3.395786,0
2023-08-14,sh.600000,7.1800,7.2000,7.0500,7.1000,7.2300,44245535,315007728.1300,3,0.150700,1,-1.798100,4.721886,0.346655,1.150062,3.334727,0
2023-08-15,sh.600000,7.1200,7.1900,7.0900,7.1700,7.1000,31218657,222582865.6200,3,0.106400,1,0.985900,4.768440,0.350073,1.161401,3.367605,0
2023-08-16,sh.600000,7.1500,7.1900,7.1200,7.1400,7.1700,22953985,163923268.6400,3,0.078200,1,-0.418400,4.748488,0.348608,1.156541,3.353514,0
2023-08-17,sh.600000,7.1300,7.1400,7.0500,7.1000,7.1400,37202484,263598981.0800,3,0.126700,1,-0.560200,4.721886,0.346655,1.150062,3.334727,0
2023-08-18,sh.600000,7.1000,7.1700,7.0700,7.0700,7.1000,28150555,200372018.6800,3,0.095900,1,-0.422500,4.701935,0.345190,1.145203,3.320637,0
2023-08-21,sh.600000,7.0600,7.1100,6.9600,6.9600,7.0700,42517681,298419531.4400,3,0.144900,1,-1.555900,4.628779,0.339820,1.127385,3.268972,0
2023-08-22,sh.600000,6.9800,7.0400,6.9700,7.0100,6.9600,32939985,230491370.3100,3,0.112200,1,0.718400,4.662031,0.342261,1.135484,3.292456,0
2023-08-23,sh.600000,7.0100,7.0900,6.9800,7.0200,7.0100,30151367,212210300.3400,3,0.102700,1,0.142700,4.668682,0.342749,1.137104,3.297153,0
2023-08-24,sh.600000,7.0300,7.0600,6.9800,6.9900,7.0200,24604979,172413193.4900,3,0.083800,1,-0.427400,4.648730,0.341284,1.132244,3.283063,0
2023-08-25,sh.600000,6.9900,7.0900,6.9700,7.0500,6.9900,24703830,174021380.6300,3,0.084200,1,0.858400,4.688633,0.344214,1.141963,3.311243,0
2023-08-28,sh.600000,7.3000,7.3200,7.1200,7.1500,7.0500,66648091,480922455.8700,3,0.227100,1,1.418400,4.755139,0.349096,1.158161,3.358211,0
2023-08-29,sh.600000,7.2000,7.2000,7.0300,7.0700,7.1500,50437460,357554835.4100,3,0.171800,1,-1.118900,4.701935,0.345190,1.145203,3.320637,0
2023-08-30,sh.600000,7.1000,7.1000,7.0100,7.0300,7.0700,28718303,202072785.1800,3,0.097800,1,-0.565800,4.675332,0.343237,1.138723,3.301850,0
2023-08-31,sh.600000,7.0300,7.0900,6.9800,6.9800,7.0300,32933152,231268204.8600,3,0.112200,1,-0.711200,4.642080,0.341231,1.130624,-6.695584,0
2023-09-01,sh.600000,6.9900,7.0400,6.9900,7.0100,6.9800,21792955,152752421.8200,3,0.074200,1,0.429800,4.662031,0.342698,1.135484,-6.724362,0
2023-09-04,sh.600000,7.0600,7.1400,7.0300,7.1100,7.0100,36814307,261369413.4800,3,0.125400,1,1.426500,4.728537,0.347586,1.151682,-6.820287,0
2023-09-05,sh.600000,7.1000,7.1200,7.0300,7.0400,7.1100,22326770,157581031.8600,3,0.076100,1,-0.984500,4.681983,0.344164,1.140343,-6.753140,0
2023-09-06,sh.600000,7.0200,7.0900,7.0200,7.0900,7.0400,16736457,118026826.2300,3,0.057000,1,0.710200,4.715236,0.346609,1.148442,-6.801102,0
2023-09-07,sh.600000,7.0900,7.1000,7.0200,7.0400,7.0900,20271873,143062805.7600,3,0.069100,1,-0.705200,4.681983,0.344164,1.140343,-6.753140,0
2023-09-08,sh.600000,7.0300,7.0500,7.0000,7.0000,7.0400,18416554,129109493.5700,3,0.062700,1,-0.568200,4.655381,0.342209,1.133864,-6.714769,0
2023-09-11,sh.600000,7.0200,7.0900,7.0000,7.0400,7.0000,24884950,175285112.3100,3,0.084800,1,0.571400,4.681983,0.344164,1.140343,-6.753140,0
2023-09-12,sh.600000,7.0300,7.0700,7.0300,7.0600,7.0400,20976211,147913331.9200,3,0.071500,1,0.284100,4.695284,0.345142,1.143583,-6.772325,0
2023-09-13,sh.600000,7.0900,7.1000,7.0400,7.0500,7.0600,20049817,141654379.5600,3,0.068300,1,-0.141600,4.688633,0.344653,1.141963,-6.762732,0
2023-09-14,sh.600000,7.0800,7.1200,7.0600,7.1100,7.0500,35579855,252575927.9000,3,0.121200,1,0.851100,4.728537,0.347586,1.151682,-6.820287,0
2023-09-15,sh.600000,7.1200,7.1600,7.0700,7.1200,7.1100,34081942,242512745.1400,3,0.116100,1,0.140600,4.735187,0.348075,1.153302,-6.829880,0
2023-09-18,sh.600000,7.0900,7.1000,7.0300,7.0700,7.1200,22282093,157407866.8100,3,0.075900,1,-0.702200,4.701935,0.345631,1.145203,-6.781917,0
2023-09-19,sh.600000,7.0800,7.1300,7.0500,7.1300,7.0700,28234575,200455770.6300,3,0.096200,1,0.848700,4.741838,0.348564,1.154921,-6.839472,0
2023-09-20,sh.600000,7.1200,7.1500,7.0800,7.1300,7.1300,16303047,116256770.9300,3,0.055500,1,0.000000,4.741838,0.348564,1.154921,-6.839472,0
2023-09-21,sh.600000,7.1300,7.1700,7.0900,7.1000,7.1300,27306965,194557948.3300,3,0.093000,1,-0.420800,4.721886,0.347097,1.150062,-6.810695,0
2023-09-22,sh.600000,7.1000,7.1800,7.0700,7.1800,7.1000,32181271,229743638.4600,3,0.109600,1,1.126800,4.775091,0.351008,1.163021,-6.887435,0
2023-09-25,sh.600000,7.1800,7.2000,7.1300,7.1600,7.1800,30717443,220116848.4800,3,0.104700,1,-0.278600,4.761789,0.350031,1.159781,-6.868250,0
2023-09-26,sh.600000,7.1700,7.1900,7.1200,7.1500,7.1600,21886050,156520401.9100,3,0.074600,1,-0.139700,4.755139,0.349542,1.158161,-6.858657,0
2023-09-27,sh.600000,7.1900,7.1900,7.1100,7.1300,7.1500,32067290,229044782.9100,3,0.109300,1,-0.279700,4.741838,0.348564,1.154921,-6.839472,0
2023-09-28,sh.600000,7.1500,7.1700,7.1000,7.1000,7.1300,22435320,159899371.9200,3,0.076400,1,-0.420800,4.721886,0.347097,1.150062,-6.810695,0
2023-10-09,sh.600000,7.0800,7.0800,7.0000,7.0300,7.1000,27763130,195214392.3900,3,0.094600,1,-0.985900,4.675332,0.343675,1.138723,-6.743547,0
2023-10-10,sh.600000,7.1300,7.1400,7.0100,7.0100,7.0300,24095561,169856240.6700,3,0.082100,1,-0.284500,4.662031,0.342698,1.135484,-6.724362,0
2023-10-11,sh.600000,7.0600,7.0800,7.0100,7.0200,7.0100,24057412,169371363.4600,3,0.082000,1,0.142700,4.668682,0.343187,1.137104,-6.733955,0
2023-10-12,sh.600000,7.0900,7.1700,7.0600,7.1400,7.0200,36346964,259223143.1800,3,0.123800,1,1.709400,4.748488,0.349053,1.156541,-6.849065,0
2023-10-13,sh.600000,7.1100,7.1500,7.0800,7.1000,7.1400,19650410,139771981.9300,3,0.066900,1,-0.560200,4.721886,0.347097,1.150062,-6.810695,0
2023-10-16,sh.600000,7.1200,7.1300,7.0400,7.0700,7.1000,24907733,176097574.1100,3,0.084900,1,-0.422500,4.701935,0.345631,1.145203,-6.781917,0
2023-10-17,sh.600000,7.0900,7.1000,7.0500,7.0900,7.0700,19029143,134630097.4800,3,0.064800,1,0.282900,4.715236,0.346609,1.148442,-6.801102,0
2023-10-18,sh.600000,7.0700,7.1100,7.0500,7.0500,7.0900,21485721,152063023.6400,3,0.073200,1,-0.564200,4.688634,0.344653,1.141963,-6.762732,0
2023-10-19,sh.600000,7.0400,7.0500,6.8300,6.8400,7.0500,61679771,425956887.3600,3,0.210100,1,-2.978700,4.548972,0.334387,1.107947,-6.561289,0
2023-10-20,sh.600000,6.8100,6.9300,6.8000,6.8700,6.8400,31067950,213203780.5800,3,0.105800,1,0.438600,4.568924,0.335853,1.112807,-6.590067,0
2023-10-23,sh.600000,6.8700,6.8900,6.8000,6.8300,6.8700,23824321,163199041.1600,3,0.081200,1,-0.582200,4.542322,0.333898,1.106327,-6.551697,0
2023-10-24,sh.600000,6.8500,6.8600,6.8100,6.8200,6.8300,28129297,192108544.1100,3,0.095800,1,-0.146400,4.535671,0.333409,1.104708,-6.542104,0
2023-10-25,sh.600000,6.8600,6.9300,6.8300,6.9300,6.8200,26841192,184734449.6100,3,0.091400,1,1.612900,4.608827,0.338787,1.122525,-6.647622,0
2023-10-26,sh.600000,6.9300,7.0200,6.8900,6.9600,6.9300,24739484,172369037.7700,3,0.084300,1,0.432900,4.628779,0.340253,1.127385,-6.676399,0
2023-10-27,sh.600000,6.9600,7.0200,6.9400,6.9900,6.9600,19465758,136008279.6300,3,0.066300,1,0.431000,4.648730,0.341720,1.132244,-6.705177,0
2023-10-30,sh.600000,6.8600,6.8900,6.7700,6.8000,6.9900,52388866,357184227.0000,3,0.178500,1,-2.718200,5.158155,0.331001,1.122852,35.307766,0
2023-10-31,sh.600000,6.7900,6.8400,6.7800,6.8200,6.8000,26173217,178254033.8900,3,0.089200,1,0.294100,5.173326,0.331974,1.126154,35.411612,0
2023-11-01,sh.600000,6.8300,6.8800,6.8000,6.8600,6.8200,28272210,193451603.1100,3,0.096300,1,0.586500,5.203668,0.333921,1.132759,35.619305,0
2023-11-02,sh.600000,6.9000,6.9500,6.8600,6.9400,6.8600,24611088,170407885.6200,3,0.083800,1,1.166200,5.264352,0.337816,1.145970,36.034690,0
2023-11-03,sh.600000,6.9400,6.9500,6.8900,6.8900,6.9400,22202536,153480943.0500,3,0.075600,1,-0.720500,5.226424,0.335382,1.137713,35.775074,0
2023-11-06,sh.600000,6.8900,6.9600,6.8900,6.9400,6.8900,19432835,134702056.9000,3,0.066200,1,0.725700,5.264352,0.337816,1.145970,36.034690,0
2023-11-07,sh.600000,6.9200,6.9400,6.8900,6.9100,6.9400,15913010,110004329.3900,3,0.054200,1,-0.432300,5.241596,0.336355,1.141016,35.878921,0
2023-11-08,sh.600000,6.9000,6.9200,6.8700,6.9000,6.9100,17761233,122454641.5900,3,0.060500,1,-0.144700,5.234010,0.335868,1.139365,35.826998,0
2023-11-09,sh.600000,6.9000,6.9600,6.8800,6.9300,6.9000,21910350,151983647.3300,3,0.074600,1,0.434800,5.256767,0.337329,1.144318,35.982767,0
2023-11-10,sh.600000,6.9100,6.9600,6.8600,6.8800,6.9300,20458993,141085870.4000,3,0.069700,1,-0.721500,5.218839,0.334895,1.136062,35.723151,0
2023-11-13,sh.600000,6.8800,6.9000,6.8200,6.8800,6.8800,14168068,97098284.7800,3,0.048300,1,0.000000,5.218839,0.334895,1.136062,35.723151,0
2023-11-14,sh.600000,6.8700,6.9100,6.8700,6.8800,6.8800,13777480,94936059.6400,3,0.046900,1,0.000000,5.218839,0.334895,1.136062,35.723151,0
2023-11-15,sh.600000,6.9300,6.9900,6.9100,6.9600,6.8800,24340030,169286980.7300,3,0.082900,1,1.162800,5.279523,0.338789,1.149272,36.138537,0
2023-11-16,sh.600000,6.9700,6.9800,6.9200,6.9300,6.9600,14412881,100069369.4600,3,0.049100,1,-0.431000,5.256767,0.337329,1.144318,35.982767,0
2023-11-17,sh.600000,6.9400,6.9400,6.8500,6.8600,6.9300,20775396,142782027.6800,3,0.070800,1,-1.010100,5.203668,0.333921,1.132759,35.619305,0
2023-11-20,sh.600000,6.8800,6.9200,6.8300,6.9100,6.8600,18326582,126204997.1100,3,0.062400,1,0.728900,5.241596,0.336355,1.141016,35.878921,0
2023-11-21,sh.600000,6.9400,7.0000,6.9200,6.9600,6.9100,29684278,206909185.0400,3,0.101100,1,0.723600,5.279523,0.338789,1.149272,36.138537,0
2023-11-22,sh.600000,6.9700,6.9900,6.9400,6.9400,6.9600,17540802,122178498.1100,3,0.059800,1,-0.287400,5.264352,0.337816,1.145970,36.034690,0
2023-11-23,sh.600000,6.9300,6.9600,6.8900,6.9300,6.9400,15742059,108872443.5800,3,0.053600,1,-0.144100,5.256767,0.337329,1.144318,35.982767,0
2023-11-24,sh.600000,6.9300,6.9800,6.9200,6.9500,6.9300,20165282,140204488.6600,3,0.068700,1,0.288600,5.271938,0.338302,1.147621,36.086613,0
2023-11-27,sh.600000,6.9600,6.9700,6.8600,6.9000,6.9500,23107698,159319644.9600,3,0.078700,1,-0.719400,5.234010,0.335868,1.139365,35.826998,0
2023-11-28,sh.600000,6.9200,6.9200,6.8600,6.8700,6.9000,18249280,125495682.6000,3,0.062200,1,-0.434800,5.211253,0.334408,1.134411,35.671228,0
2023-11-29,sh.600000,6.8800,6.8800,6.8000,6.8200,6.8700,28416567,193955098.3400,3,0.096800,1,-0.727800,5.173326,0.331974,1.126154,35.411612,0
2023-11-30,sh.600000,6.8200,6.8900,6.8200,6.8500,6.8200,31711200,217508581.9000,3,0.108000,1,0.439900,5.196082,0.333435,1.131108,35.567382,0
2023-12-01,sh.600000,6.8500,6.9000,6.8200,6.8500,6.8500,28946191,198723791.1000,3,0.098600,1,0.000000,5.196082,0.333435,1.131108,35.567382,0
2023-12-04,sh.600000,6.8600,6.8700,6.8100,6.8100,6.8500,18858701,128887073.7600,3,0.064200,1,-0.583900,5.165740,0.331488,1.124503,35.359689,0
2023-12-05,sh.600000,6.8200,6.8200,6.6900,6.7100,6.8100,34604936,233696141.3600,3,0.117900,1,-1.468400,5.089885,0.326620,1.107991,34.840457,0
2023-12-06,sh.600000,6.7000,6.7100,6.6100,6.6100,6.7100,39833177,264013330.6200,3,0.135700,1,-1.490300,5.014030,0.321752,1.091478,34.321225,0
2023-12-07,sh.600000,6.6100,6.6400,6.5300,6.6100,6.6100,30541661,201249908.8400,3,0.104100,1,0.000000,5.014030,0.321752,1.091478,34.321225,0
2023-12-08,sh.600000,6.6000,6.6800,6.5800,6.6700,6.6100,29519687,196385671.9800,3,0.100600,1,0.907700,5.059543,0.324673,1.101386,34.632764,0
2023-12-11,sh.600000,6.6400,6.7200,6.5300,6.7200,6.6700,33616409,222209869.2500,3,0.114500,1,0.749600,5.097471,0.327107,1.109642,34.892380,0
2023-12-12,sh.600000,6.6800,6.7300,6.6400,6.7100,6.7200,17003582,113954197.7300,3,0.057900,1,-0.148800,5.089885,0.326620,1.107991,34.840457,0
2023-12-13,sh.600000,6.7000,6.7500,6.6700,6.7100,6.7100,28683394,192579846.3300,3,0.097700,1,0.000000,5.089885,0.326620,1.107991,34.840457,0
2023-12-14,sh.600000,6.7000,6.7200,6.6300,6.6400,6.7100,19863107,132441280.6800,3,0.067700,1,-1.043200,5.036786,0.323213,1.096432,34.476995,0
2023-12-15,sh.600000,6.6600,6.7000,6.5700,6.5700,6.6400,33702985,223425091.6500,3,0.114800,1,-1.054200,4.983688,0.319805,1.084873,34.113532,0
2023-12-18,sh.600000,6.5700,6.6100,6.5100,6.5800,6.5700,27523762,180979296.5400,3,0.093800,1,0.152200,4.991273,0.320292,1.086524,34.165456,0
2023-12-19,sh.600000,6.5800,6.5900,6.5300,6.5600,6.5800,18988512,124564888.1800,3,0.064700,1,-0.304000,4.976102,0.319318,1.083222,34.061609,0
2023-12-20,sh.600000,6.5800,6.6200,6.5300,6.5300,6.5600,19369874,127359291.1800,3,0.066000,1,-0.457300,4.953346,0.317858,1.078268,33.905840,0
2023-12-21,sh.600000,6.5200,6.5900,6.4900,6.5700,6.5300,28140927,184156559.8900,3,0.095900,1,0.612600,4.983688,0.319805,1.084873,34.113532,0
2023-12-22,sh.600000,6.5700,6.6100,6.5300,6.5800,6.5700,23589282,155129803.2200,3,0.080400,1,0.152200,4.991273,0.320292,1.086524,34.165456,0
2023-12-25,sh.600000,6.5600,6.6100,6.5500,6.5800,6.5800,12904349,84908527.8400,3,0.044000,1,0.000000,4.991273,0.320292,1.086524,34.165456,0
2023-12-26,sh.600000,6.5700,6.6000,6.5400,6.5600,6.5800,11934542,78321375.7400,3,0.040700,1,-0.304000,4.976102,0.319318,1.083222,34.061609,0
2023-12-27,sh.600000,6.5600,6.6100,6.5100,6.6000,6.5600,18422704,120867594.4600,3,0.062800,1,0.609800,5.006444,0.321265,1.089827,34.269302,0
2023-12-28,sh.600000,6.6000,6.6900,6.5900,6.6800,6.6000,34802733,231691607.7000,3,0.118600,1,1.212100,5.067129,0.325160,1.103037,34.684687,0
2023-12-29,sh.600000,6.6600,6.7000,6.6100,6.6200,6.6800,33801429,224306296.9000,3,0.115200,1,-0.898200,5.021615,0.322239,1.093129,34.373148,0
2024-01-02,sh.600000,6.6300,6.6500,6.6000,6.6000,6.6200,22066700,146066303.7200,3,0.075200,1,-0.302100,5.006444,0.321265,1.089827,34.269302,0
2024-01-03,sh.600000,6.5900,6.6500,6.5900,6.6400,6.6000,18203654,120639706.0100,3,0.062000,1,0.606100,5.036787,0.323213,1.096432,34.476995,0
2024-01-04,sh.600000,6.6400,6.6700,6.5500,6.6200,6.6400,28885978,190580609.9900,3,0.098400,1,-0.301200,5.021615,0.322239,1.093129,34.373149,0
2024-01-05,sh.600000,6.6000,6.7600,6.5900,6.6800,6.6200,44421387,296976885.7900,3,0.151300,1,0.906300,5.067129,0.325160,1.103037,34.684688,0
2024-01-08,sh.600000,6.6800,6.7100,6.5600,6.5900,6.6800,37520337,247977824.9800,3,0.127800,1,-1.347300,4.998859,0.320779,1.088176,34.217379,0
2024-01-09,sh.600000,6.6000,6.6400,6.5400,6.6100,6.5900,30741897,202647645.7300,3,0.104700,1,0.303500,5.014030,0.321752,1.091478,34.321226,0
2024-01-10,sh.600000,6.6100,6.6300,6.5700,6.5700,6.6100,22240946,146695926.3000,3,0.075800,1,-0.605100,4.983688,0.319805,1.084873,34.113533,0
2024-01-11,sh.600000,6.5600,6.5900,6.5200,6.5300,6.5700,35914708,235312057.5600,3,0.122400,1,-0.608800,4.953346,0.317858,1.078268,33.905840,0
2024-01-12,sh.600000,6.5200,6.5600,6.5000,6.5000,6.5300,34624053,225743841.4600,3,0.118000,1,-0.459400,4.930589,0.316398,1.073314,33.750071,0
2024-01-15,sh.600000,6.5000,6.5400,6.4700,6.5100,6.5000,28694155,186476697.9200,3,0.097800,1,0.153800,4.938175,0.316885,1.074966,33.801994,0
2024-01-16,sh.600000,6.4900,6.6000,6.4900,6.5900,6.5100,53186496,348808283.0500,3,0.181200,1,1.228900,4.998859,0.320779,1.088176,34.217379,0
2024-01-17,sh.600000,6.5800,6.6200,6.5200,6.5300,6.5900,48249869,316982892.4100,3,0.164400,1,-0.910500,4.953346,0.317858,1.078268,33.905840,0
2024-01-18,sh.600000,6.5300,6.5800,6.3600,6.5600,6.5300,73994422,477803910.0900,3,0.252100,1,0.459400,4.976102,0.319318,1.083222,34.061610,0
2024-01-19,sh.600000,6.5200,6.6200,6.4700,6.5900,6.5600,57640079,378165074.8800,3,0.196400,1,0.457300,4.998859,0.320779,1.088176,34.217379,0
2024-01-22,sh.600000,6.5800,6.6700,6.5300,6.5900,6.5900,67173480,445086464.9200,3,0.228900,1,0.000000,4.998859,0.320779,1.088176,34.217379,0
2024-01-23,sh.600000,6.5800,6.6500,6.5000,6.6200,6.5900,33298531,218923249.1300,3,0.113400,1,0.455200,5.021615,0.322239,1.093129,34.373149,0
2024-01-24,sh.600000,6.6400,6.7300,6.6000,6.7100,6.6200,53746498,358343156.5500,3,0.183100,1,1.359500,5.089885,0.326620,1.107991,34.840458,0
2024-01-25,sh.600000,6.7300,6.8000,6.7000,6.7700,6.7100,50256871,339203853.2500,3,0.171200,1,0.894200,5.135398,0.329541,1.117898,35.151997,0
2024-01-26,sh.600000,6.7800,6.9100,6.7500,6.8700,6.7700,70997933,485347720.8600,3,0.241900,1,1.477100,5.211254,0.334408,1.134411,35.671229,0
2024-01-29,sh.600000,6.8600,6.9700,6.8500,6.9000,6.8700,55269921,381908899.0200,3,0.188300,1,0.436700,5.234010,0.335868,1.139365,35.826998,0
2024-01-30,sh.600000,6.9000,6.9500,6.8200,6.8300,6.9000,40737046,280193765.6000,3,0.138800,1,-1.014500,5.180911,0.332461,1.127806,35.463536,0
2024-01-31,sh.600000,6.8100,6.8800,6.7400,6.8300,6.8300,45661999,311141441.3700,3,0.155600,1,0.000000,5.180911,0.332461,1.127806,35.463536,0
2024-02-01,sh.600000,6.8300,6.8800,6.7800,6.8000,6.8300,44252421,302115559.8200,3,0.150800,1,-0.439200,5.158155,0.331001,1.122852,35.307766,0
2024-02-02,sh.600000,6.8200,6.9200,6.7200,6.8400,6.8000,59482913,407459709.5600,3,0.202700,1,0.588200,5.188497,0.332948,1.129457,35.515459,0
2024-02-05,sh.600000,6.8400,6.9200,6.7600,6.8900,6.8400,82713695,566786780.1000,3,0.281800,1,0.731000,5.226425,0.335382,1.137713,35.775075,0
2024-02-06,sh.600000,6.8900,7.0000,6.8600,7.0000,6.8900,71683218,498307470.7300,3,0.244200,1,1.596500,5.309865,0.340736,1.155877,36.346230,0
2024-02-07,sh.600000,7.0200,7.0300,6.8500,6.9400,7.0000,83731296,580014440.6700,3,0.285300,1,-0.857100,5.264352,0.337816,1.145970,36.034691,0
2024-02-08,sh.600000,6.9500,6.9700,6.8200,6.9600,6.9400,67164744,463209887.7200,3,0.228800,1,0.288200,5.279523,0.338789,1.149272,36.138537,0
2024-02-19,sh.600000,6.9800,7.1300,6.9500,7.1200,6.9600,57869788,407648425.0300,3,0.197200,1,2.298900,5.400892,0.346577,1.175692,36.969308,0
2024-02-20,sh.600000,7.1300,7.1500,7.0600,7.1000,7.1200,32408954,230505757.0000,3,0.110400,1,-0.280900,5.385721,0.345604,1.172390,36.865462,0
2024-02-21,sh.600000,7.1100,7.3200,7.0900,7.2400,7.1000,58809554,426038720.0100,3,0.200400,1,1.971800,5.491918,0.352418,1.195507,37.592386,0
2024-02-22,sh.600000,7.2400,7.2700,7.1800,7.2100,7.2400,33665209,242967428.0200,3,0.114700,1,-0.414400,5.469161,0.350958,1.190553,37.436617,0
2024-02-23,sh.600000,7.2100,7.3300,7.2000,7.2800,7.2100,37939600,276331223.8000,3,0.129300,1,0.970900,5.522260,0.354366,1.202112,37.800079,0
2024-02-26,sh.600000,7.2600,7.2800,7.0900,7.1000,7.2800,42483070,304097863.9600,3,0.144700,1,-2.472500,5.385721,0.345604,1.172390,36.865462,0
2024-02-27,sh.600000,7.0700,7.1500,7.0600,7.1400,7.1000,24862246,176742731.7000,3,0.084700,1,0.563400,5.416063,0.347551,1.178995,37.073155,0
2024-02-28,sh.600000,7.1200,7.1600,7.0800,7.1000,7.1400,35826714,255229185.7000,3,0.122100,1,-0.560200,5.385721,0.345604,1.172390,36.865462,0
2024-02-29,sh.600000,7.1100,7.1700,7.0900,7.1500,7.1000,34288217,244498953.2300,3,0.116800,1,0.704200,5.423648,0.348038,1.180646,37.125078,0
2024-03-01,sh.600000,7.1300,7.1600,7.1000,7.1100,7.1500,29431801,209474047.7300,3,0.100300,1,-0.559400,5.393306,0.346091,1.174041,36.917385,0
2024-03-04,sh.600000,7.1200,7.1200,7.0500,7.0700,7.1100,27855963,197157049.9500,3,0.094900,1,-0.562600,5.362964,0.344143,1.167436,36.709692,0
2024-03-05,sh.600000,7.0500,7.1800,7.0400,7.1600,7.0700,41756232,297676104.1800,3,0.142300,1,1.273000,5.431234,0.348524,1.182297,37.177001,0
2024-03-06,sh.600000,7.1700,7.2200,7.1200,7.1200,7.1600,25918749,185847810.3300,3,0.088300,1,-0.558700,5.400892,0.346577,1.175692,36.969308,0
2024-03-07,sh.600000,7.1200,7.2000,7.1100,7.1400,7.1200,24690348,176664368.6800,3,0.084100,1,0.280900,5.416063,0.347551,1.178995,37.073155,0
2024-03-08,sh.600000,7.1200,7.1700,7.1100,7.1200,7.1400,19861794,141724066.3000,3,0.067700,1,-0.280100,5.400892,0.346577,1.175692,36.969308,0
2024-03-11,sh.600000,7.1300,7.1700,7.0600,7.1100,7.1200,26195498,185957986.4700,3,0.089200,1,-0.140400,5.393306,0.346091,1.174041,36.917385,0
2024-03-12,sh.600000,7.1100,7.1500,7.0800,7.1000,7.1100,29030476,206425806.4300,3,0.098900,1,-0.140600,5.385721,0.345604,1.172390,36.865462,0
2024-03-13,sh.600000,7.1200,7.1200,7.0300,7.0400,7.1000,25948461,183084895.2900,3,0.088400,1,-0.845100,5.340207,0.342683,1.162482,36.553923,0
2024-03-14,sh.600000,7.0400,7.0900,7.0300,7.0400,7.0400,18703556,131973016.0800,3,0.063700,1,0.000000,5.340207,0.342683,1.162482,36.553923,0
2024-03-15,sh.600000,7.0400,7.0900,7.0300,7.0900,7.0400,29599544,208970012.2600,3,0.100800,1,0.710200,5.378135,0.345117,1.170738,36.813539,0
2024-03-18,sh.600000,7.0600,7.1300,7.0600,7.0900,7.0900,26558472,188382260.4800,3,0.090500,1,0.000000,5.378135,0.345117,1.170738,36.813539,0
2024-03-19,sh.600000,7.0800,7.0800,7.0100,7.0100,7.0900,22848715,160809197.7800,3,0.077800,1,-1.128300,5.317451,0.341223,1.157528,36.398153,0
2024-03-20,sh.600000,7.0100,7.0600,6.9800,7.0300,7.0100,19542993,137292231.6200,3,0.066600,1,0.285300,5.332622,0.342196,1.160831,36.502000,0
2024-03-21,sh.600000,7.0600,7.1300,7.0300,7.1000,7.0300,41924870,297257990.3900,3,0.142800,1,0.995700,5.678177,0.345604,1.201612,36.865462,0
2024-03-22,sh.600000,7.0800,7.1200,6.9600,7.0400,7.1000,35960453,252638801.7500,3,0.122500,1,-0.845100,5.630192,0.342683,1.191458,36.553923,0
2024-03-25,sh.600000,7.0600,7.0900,7.0100,7.0600,7.0400,24439536,172644826.7200,3,0.083300,1,0.284100,5.646187,0.343657,1.194843,36.657769,0
2024-03-26,sh.600000,7.0900,7.1500,7.0700,7.1500,7.0600,35111522,250044910.2600,3,0.119600,1,1.274800,5.718164,0.348038,1.210075,37.125078,0
2024-03-27,sh.600000,7.1400,7.2300,7.1100,7.1700,7.1500,41943066,301380699.6100,3,0.142900,1,0.279700,5.734159,0.349011,1.213459,37.228924,0
2024-03-28,sh.600000,7.1900,7.2000,7.1100,7.1700,7.1700,34535966,246970623.0600,3,0.117700,1,0.000000,5.734159,0.349011,1.213459,37.228924,0
2024-03-29,sh.600000,7.1300,7.1900,7.1100,7.1300,7.1700,18138885,129562450.7900,3,0.061800,1,-0.557900,5.702169,0.347064,1.206690,37.021231,0
2024-04-01,sh.600000,7.1500,7.2400,7.1400,7.2300,7.1300,36028832,259657243.8400,3,0.122700,1,1.402500,5.782144,0.351932,1.223614,37.540463,0
2024-04-02,sh.600000,7.2400,7.3100,7.2200,7.2700,7.2300,35095170,255236209.7300,3,0.119600,1,0.553300,5.814133,0.353879,1.230383,37.748156,0
2024-04-03,sh.600000,7.2300,7.2800,7.1900,7.2300,7.2700,25254107,182860243.7700,3,0.086000,1,-0.550200,5.782144,0.351932,1.223614,37.540464,0
2024-04-08,sh.600000,7.2300,7.3200,7.1900,7.2800,7.2300,32764493,238582732.1900,3,0.111600,1,0.691600,5.822131,0.354366,1.232076,37.800080,0
2024-04-09,sh.600000,7.2900,7.3200,7.2500,7.2600,7.2800,20335543,147972234.2700,3,0.069300,1,-0.274700,5.806136,0.353392,1.228691,37.696233,0
2024-04-10,sh.600000,7.2600,7.3300,7.2300,7.2700,7.2600,22436726,163551937.2600,3,0.076400,1,0.137700,5.814134,0.353879,1.230383,37.748156,0
2024-04-11,sh.600000,7.2300,7.2800,7.1900,7.2400,7.2700,25364241,183441391.9000,3,0.086400,1,-0.412700,5.790141,0.352419,1.225306,37.592387,0
2024-04-12,sh.600000,7.2000,7.2600,7.1200,7.1300,7.2400,32809731,235493709.5600,3,0.111800,1,-1.519300,5.702169,0.347064,1.206690,37.021232,0
2024-04-15,sh.600000,7.1200,7.3000,7.1200,7.3000,7.1300,48310304,350007625.5100,3,0.164600,1,2.384300,5.838126,0.355339,1.235461,37.903926,0
2024-04-16,sh.600000,7.2500,7.3200,7.2100,7.2600,7.3000,40203325,292494125.5100,3,0.137000,1,-0.547900,5.806136,0.353392,1.228691,37.696233,0
2024-04-17,sh.600000,7.2600,7.3500,7.1800,7.3400,7.2600,43151857,314102077.4100,3,0.147000,1,1.101900,5.870116,0.357286,1.242230,38.111619,0
2024-04-18,sh.600000,7.3400,7.4600,7.3100,7.3300,7.3400,46822476,345482145.7500,3,0.159500,1,-0.136200,5.862118,0.356799,1.240538,38.059696,0
2024-04-19,sh.600000,7.3200,7.4000,7.2600,7.3400,7.3300,38004160,278975860.1700,3,0.129500,1,0.136400,5.870116,0.357286,1.242230,38.111619,0
2024-04-22,sh.600000,7.3600,7.4300,7.2800,7.2900,7.3400,32694690,240124243.6300,3,0.111400,1,-0.681200,5.830128,0.354852,1.233768,37.852003,0
2024-04-23,sh.600000,7.3200,7.4000,7.2500,7.3400,7.2900,44055644,323208600.3600,3,0.150100,1,0.685900,5.870116,0.357286,1.242230,38.111619,0
2024-04-24,sh.600000,7.3800,7.4000,7.3000,7.3600,7.3400,24758859,181997245.4800,3,0.084400,1,0.272500,5.886110,0.358260,1.245615,38.215465,0
2024-04-25,sh.600000,7.3300,7.4200,7.3100,7.4100,7.3600,24676934,182019255.1800,3,0.084100,1,0.679300,5.926098,0.360694,1.254077,38.475081,0
2024-04-26,sh.600000,7.4100,7.4800,7.3500,7.4200,7.4100,45846571,339924206.1600,3,0.156200,1,0.135000,5.934095,0.361180,1.255770,38.527004,0
2024-04-29,sh.600000,7.3900,7.5200,7.3000,7.4200,7.4200,39317757,292685761.3700,3,0.134000,1,0.000000,5.934095,0.361180,1.255770,38.527004,0
2024-04-30,sh.600000,7.5800,7.8400,7.5600,7.7000,7.4200,105472788,813284484.0100,3,0.359300,1,3.773600,5.902323,0.358571,1.324161,3.122529,0
2024-05-06,sh.600000,7.8200,7.8900,7.7500,7.8500,7.7000,85937325,673787209.3200,3,0.292800,1,1.948100,6.017304,0.365556,1.349956,3.183357,0
2024-05-07,sh.600000,7.8500,7.8600,7.7200,7.8200,7.8500,46269505,360376177.5100,3,0.157600,1,-0.382200,5.994308,0.364159,1.344797,3.171192,0
2024-05-08,sh.600000,7.8100,7.8500,7.7800,7.8000,7.8200,30377893,237540800.0000,3,0.103500,1,-0.255800,5.978977,0.363228,1.341358,3.163081,0
2024-05-09,sh.600000,7.8000,7.8500,7.7600,7.8000,7.8000,33942090,264867395.7000,3,0.115600,1,0.000000,5.978977,0.363228,1.341358,3.163081,0
2024-05-10,sh.600000,7.8100,7.9500,7.8000,7.9400,7.8000,52211612,412342284.5200,3,0.177900,1,1.794900,6.086292,0.369748,1.365434,3.219854,0
2024-05-13,sh.600000,7.9300,7.9800,7.8700,7.9600,7.9400,40422120,320678360.7500,3,0.137700,1,0.251900,6.101623,0.370679,1.368873,3.227965,0
2024-05-14,sh.600000,7.9700,7.9800,7.8600,7.8800,7.9600,39843641,314999430.4600,3,0.135700,1,-1.005000,6.040300,0.366953,1.355115,3.195523,0
2024-05-15,sh.600000,7.9000,7.9300,7.8400,7.8900,7.8800,31039103,244683418.4700,3,0.105700,1,0.126900,6.047965,0.367419,1.356835,3.199578,0
2024-05-16,sh.600000,7.9200,8.0500,7.8800,8.0200,7.8900,60658707,485813395.3900,3,0.206700,1,1.647700,6.147615,0.373473,1.379191,3.252296,0
2024-05-17,sh.600000,8.0400,8.1600,8.0000,8.1600,8.0200,69438051,561342801.8700,3,0.236600,1,1.745600,6.254930,0.379992,1.403267,3.309070,0
2024-05-20,sh.600000,8.2000,8.3500,8.1500,8.3200,8.1600,88144991,731104374.2000,3,0.300300,1,1.960800,6.377575,0.387443,1.430782,3.373953,0
2024-05-21,sh.600000,8.3100,8.4200,8.2600,8.4200,8.3200,53146295,445171662.6100,3,0.181100,1,1.201900,6.454229,0.392100,1.447979,3.414506,0
2024-05-22,sh.600000,8.4100,8.6200,8.3800,8.5300,8.4200,71173213,605588075.6000,3,0.242500,1,1.306400,6.538548,0.397222,1.466895,3.459113,0
2024-05-23,sh.600000,8.5200,8.6000,8.4800,8.5200,8.5300,61212293,522802575.2500,3,0.208500,1,-0.117200,6.530882,0.396757,1.465175,3.455058,0
2024-05-24,sh.600000,8.5100,8.5900,8.4100,8.4400,8.5200,60740601,516406884.1900,3,0.206900,1,-0.939000,6.469560,0.393031,1.451418,3.422616,0
2024-05-27,sh.600000,8.4500,8.5600,8.4300,8.5400,8.4400,52858689,449932564.3000,3,0.180100,1,1.184800,6.546213,0.397688,1.468615,3.463168,0
2024-05-28,sh.600000,8.5800,8.6400,8.5100,8.5400,8.5400,40047322,342904480.0400,3,0.136400,1,0.000000,6.546213,0.397688,1.468615,3.463168,0
2024-05-29,sh.600000,8.5300,8.5900,8.4500,8.4900,8.5400,40802385,347290250.2400,3,0.139000,1,-0.585500,6.507886,0.395360,1.460016,3.442892,0
2024-05-30,sh.600000,8.4700,8.5500,8.3600,8.4000,8.4900,56701595,479146210.6200,3,0.193200,1,-1.060100,6.438898,0.391169,1.444539,3.406395,0
2024-05-31,sh.600000,8.4500,8.4500,8.3100,8.3400,8.4000,53797304,449689001.8400,3,0.183300,1,-0.714300,6.392906,0.388375,1.434221,3.382064,0
2024-06-03,sh.600000,8.3000,8.3300,8.1900,8.2800,8.3400,60213694,496075055.5200,3,0.205100,1,-0.719400,6.346914,0.385581,1.423903,3.357732,0
2024-06-04,sh.600000,8.2800,8.3400,8.2300,8.3200,8.2800,39800453,330354916.2800,3,0.135600,1,0.483100,6.377575,0.387443,1.430782,3.373953,0
2024-06-05,sh.600000,8.3300,8.3400,8.2600,8.2900,8.3200,31295787,259659810.6900,3,0.106600,1,-0.360600,6.354579,0.386046,1.425623,3.361788,0
2024-06-06,sh.600000,8.3100,8.3500,8.2400,8.2500,8.2900,34149589,283171544.4000,3,0.116300,1,-0.482500,6.323918,0.384183,1.418744,3.345567,0
2024-06-07,sh.600000,8.3200,8.3800,8.2000,8.3100,8.2500,41451677,344132158.5300,3,0.141200,1,0.727300,6.369910,0.386978,1.429062,3.369898,0
2024-06-11,sh.600000,8.3400,8.3600,8.1100,8.1500,8.3100,41132394,337102414.5300,3,0.140100,1,-1.925400,6.247264,0.379527,1.401547,3.305014,0
2024-06-12,sh.600000,8.1500,8.1700,8.0400,8.1100,8.1500,38617741,312851350.9800,3,0.131600,1,-0.490800,6.216603,0.377664,1.394668,3.288793,0
2024-06-13,sh.600000,8.1000,8.2000,8.0900,8.1300,8.1100,40433704,329399974.3200,3,0.137800,1,0.246600,6.231934,0.378595,1.398108,3.296904,0
2024-06-14,sh.600000,8.1000,8.1800,7.9900,8.1400,8.1300,44463016,359834401.6300,3,0.151500,1,0.123000,6.239599,0.379061,1.399827,3.300959,0
2024-06-17,sh.600000,8.1500,8.1600,8.0300,8.1000,8.1400,36278423,293415747.9600,3,0.123600,1,-0.491400,6.208938,0.377198,1.392949,3.284738,0
2024-06-18,sh.600000,8.1000,8.1500,8.0200,8.0900,8.1000,32876191,265920570.9300,3,0.112000,1,-0.123500,6.201272,0.376733,1.391229,3.280683,0
2024-06-19,sh.600000,8.1000,8.2600,8.0900,8.2200,8.0900,40605109,332732412.3000,3,0.138300,1,1.606900,6.300922,0.382786,1.413585,3.333401,0
2024-06-20,sh.600000,8.1800,8.2600,8.1500,8.2000,8.2200,25662317,210632866.0800,3,0.087400,1,-0.243300,6.285591,0.381855,1.410145,3.325291,0
2024-06-21,sh.600000,8.2000,8.2300,8.1200,8.1700,8.2000,40011366,327124974.4400,3,0.136300,1,-0.365900,6.262595,0.380458,1.404986,3.313125,0
2024-06-24,sh.600000,8.1900,8.2000,8.0300,8.1500,8.1700,37046666,301011768.2700,3,0.126200,1,-0.244800,6.247264,0.379527,1.401547,3.305014,0
2024-06-25,sh.600000,8.1800,8.2500,8.0900,8.2000,8.1500,39818093,326580575.7300,3,0.135700,1,0.613500,6.285591,0.381855,1.410145,3.325291,0
2024-06-26,sh.600000,8.2000,8.2300,8.1300,8.2100,8.2000,33563736,274593634.7500,3,0.114300,1,0.122000,6.293256,0.382321,1.411865,3.329346,0
2024-06-27,sh.600000,8.2100,8.3000,8.1300,8.2200,8.2100,44561528,366021815.9600,3,0.151800,1,0.121800,6.300922,0.382786,1.413585,3.333401,0
2024-06-28,sh.600000,8.2200,8.2900,8.1700,8.2300,8.2200,37799680,311360173.9700,3,0.128800,1,0.121700,6.308587,0.383252,1.415304,3.337456,0
2024-07-01,sh.600000,8.2200,8.3000,8.2000,8.2800,8.2300,28732962,237294502.0600,3,0.097900,1,0.607500,6.346914,0.385581,1.423903,3.357732,0
2024-07-02,sh.600000,8.2700,8.5400,8.2700,8.5300,8.2800,57345810,485897423.6600,3,0.195400,1,3.019300,6.538548,0.397222,1.466895,3.459113,0
2024-07-03,sh.600000,8.5300,8.6000,8.4800,8.5300,8.5300,46409668,396512668.3500,3,0.158100,1,0.000000,6.538548,0.397222,1.466895,3.459113,0
2024-07-04,sh.600000,8.5900,8.6300,8.4800,8.5000,8.5300,44412066,379773335.1000,3,0.151300,1,-0.351700,6.515552,0.395825,1.461736,3.446948,0
2024-07-05,sh.600000,8.5400,8.5500,8.2900,8.3400,8.5000,51997018,436429580.8400,3,0.177100,1,-1.882400,6.392906,0.388375,1.434221,3.382064,0
2024-07-08,sh.600000,8.3400,8.4900,8.2600,8.4300,8.3400,45320796,381472461.1800,3,0.154400,1,1.079100,6.461894,0.392566,1.449698,3.418561,0
2024-07-09,sh.600000,8.4700,8.6600,8.4100,8.6400,8.4300,54534187,466546716.6900,3,0.185800,1,2.491100,6.622867,0.402345,1.485812,3.503721,0
2024-07-10,sh.600000,8.6400,8.7200,8.6000,8.6900,8.6400,40604560,352263035.8900,3,0.138300,1,0.578700,6.661194,0.404673,1.494410,3.523997,0
2024-07-11,sh.600000,8.7100,8.7300,8.5600,8.6000,8.6900,34946181,301339420.5600,3,0.119100,1,-1.035700,6.592205,0.400482,1.478933,3.487500,0
2024-07-12,sh.600000,8.6300,8.8500,8.6100,8.8400,8.6000,57267692,503070724.4100,3,0.195100,1,2.790700,6.776174,0.411658,1.520206,3.584825,0
2024-07-15,sh.600000,8.8300,8.9100,8.8000,8.8800,8.8400,46191487,409364219.8900,3,0.157400,1,0.452500,6.806835,0.413521,1.527084,3.601046,0
2024-07-16,sh.600000,8.8700,8.9500,8.8200,8.8600,8.8800,44680322,397093120.0700,3,0.152200,1,-0.225200,6.791505,0.412590,1.523645,3.592936,0
2024-07-17,sh.600000,8.9000,9.0700,8.8600,9.0400,8.8600,88119289,794489955.7800,3,0.300200,1,2.031600,6.929481,0.420972,1.554599,3.665930,0
2024-07-18,sh.600000,8.7500,8.7800,8.6100,8.7700,8.7200,66209504,575924982.4600,3,0.225600,1,0.573400,6.722516,0.408399,1.508168,3.556439,0
2024-07-19,sh.600000,8.7900,8.7900,8.6200,8.7300,8.7700,61941334,539610902.6100,3,0.211000,1,-0.456100,6.691855,0.406536,1.501289,3.540218,0
2024-07-22,sh.600000,8.7100,8.7300,8.5200,8.5800,8.7300,63228917,543154122.4700,3,0.215400,1,-1.718200,6.576875,0.399551,1.475494,3.479389,0
2024-07-23,sh.600000,8.6200,8.6900,8.5900,8.5900,8.5800,41181512,356167715.4700,3,0.140300,1,0.116600,6.584540,0.400017,1.477213,3.483445,0
2024-07-24,sh.600000,8.6100,8.6800,8.5400,8.5500,8.5900,37551729,322441687.4900,3,0.127900,1,-0.465700,6.553879,0.398154,1.470335,3.467224,0
2024-07-25,sh.600000,8.5800,8.5800,8.3200,8.5200,8.5500,60156087,508007084.4600,3,0.204900,1,-0.350900,6.530882,0.396757,1.465176,3.455058,0
2024-07-26,sh.600000,8.4800,8.5200,8.2400,8.3300,8.5200,49358978,411165379.6100,3,0.168200,1,-2.230000,6.385241,0.387909,1.432501,3.378009,0
2024-07-29,sh.600000,8.3300,8.5700,8.3000,8.5300,8.3300,46463848,395067012.5300,3,0.158300,1,2.401000,6.538548,0.397222,1.466895,3.459113,0
2024-07-30,sh.600000,8.5400,8.5400,8.3600,8.3900,8.5300,40584273,341513549.6300,3,0.138300,1,-1.641300,6.431233,0.390703,1.442820,3.402340,0
2024-07-31,sh.600000,8.4500,8.4600,8.3500,8.4000,8.3900,43429641,365181480.2900,3,0.148000,1,0.119200,6.438898,0.391169,1.444539,3.406395,0
2024-08-01,sh.600000,8.4000,8.6100,8.3400,8.5700,8.4000,54560150,464982609.9000,3,0.185900,1,2.023800,6.569209,0.399085,1.473774,3.475334,0
2024-08-02,sh.600000,8.5600,8.6000,8.4000,8.4700,8.5700,31361531,266363128.8000,3,0.106800,1,-1.166900,6.492556,0.394428,1.456577,3.434782,0
2024-08-05,sh.600000,8.4700,8.5200,8.3500,8.3800,8.4700,41178838,346404332.2800,3,0.140300,1,-1.062600,6.423567,0.390237,1.441100,3.398285,0
2024-08-06,sh.600000,8.4300,8.4500,8.1900,8.2400,8.3800,41604073,344150544.5800,3,0.141700,1,-1.670600,6.316253,0.383718,1.417024,3.341511,0
2024-08-07,sh.600000,8.2300,8.3700,8.2200,8.3100,8.2400,26542223,220186458.7700,3,0.090400,1,0.849500,6.369910,0.386978,1.429062,3.369898,0
2024-08-08,sh.600000,8.3600,8.4500,8.2900,8.3800,8.3100,27669055,231992004.2800,3,0.094300,1,0.842400,6.065576,0.390237,1.443053,3.398285,0
2024-08-09,sh.600000,8.4100,8.6000,8.4100,8.5300,8.3800,39120101,334119265.4300,3,0.133300,1,1.790000,6.174149,0.397222,1.468883,3.459113,0
2024-08-12,sh.600000,8.5100,8.6300,8.4900,8.5800,8.5300,29249959,250903225.1000,3,0.099700,1,0.586200,6.210339,0.399551,1.477493,3.479389,0
2024-08-13,sh.600000,8.5600,8.6700,8.5400,8.5900,8.5800,27211550,234443968.6500,3,0.092700,1,0.116600,6.217578,0.400017,1.479215,3.483445,0
2024-08-14,sh.600000,8.6300,8.6500,8.5400,8.5700,8.5900,21145686,181445554.7000,3,0.072000,1,-0.232800,6.203101,0.399085,1.475771,3.475334,0
2024-08-15,sh.600000,8.5100,8.7500,8.5100,8.7400,8.5700,45066216,392033450.4500,3,0.153500,1,1.983700,6.326150,0.407002,1.505046,3.544273,0
2024-08-16,sh.600000,8.7400,8.8600,8.7000,8.8500,8.7400,37566933,331065667.3100,3,0.128000,1,1.258600,6.405770,0.412124,1.523988,3.588881,0
2024-08-19,sh.600000,8.8600,9.0300,8.8400,9.0200,8.8500,58937989,528390433.9000,3,0.200800,1,1.920900,6.528818,0.420041,1.553262,3.657820,0
2024-08-20,sh.600000,9.0100,9.0700,8.8800,8.9100,9.0200,50188819,449704844.3200,3,0.171000,1,-1.219500,6.449199,0.413268,1.534320,3.035269,0
2024-08-21,sh.600000,8.9100,9.0400,8.8200,8.9600,8.9100,43628079,390145316.8300,3,0.148600,1,0.561200,6.485389,0.415587,1.542930,3.052302,0
2024-08-22,sh.600000,8.9600,9.0700,8.9300,9.0100,8.9600,36264260,327034942.7400,3,0.123500,1,0.558000,6.521580,0.417906,1.551540,3.069335,0
2024-08-23,sh.600000,9.0100,9.0400,8.9000,9.0000,9.0100,31698749,284739204.5200,3,0.108000,1,-0.111000,6.514342,0.417442,1.549818,3.065928,0
2024-08-26,sh.600000,9.0000,9.0000,8.8300,8.8800,9.0000,51444628,457039668.6500,3,0.175300,1,-1.333300,6.427484,0.411876,1.529154,3.025049,0
2024-08-27,sh.600000,8.8700,8.9400,8.8200,8.8800,8.8800,30683375,272898055.6600,3,0.104500,1,0.000000,6.427484,0.411876,1.529154,3.025049,0
2024-08-28,sh.600000,8.9200,8.9300,8.7600,8.8200,8.8800,32528523,287017717.6100,3,0.110800,1,-0.675700,6.384055,0.409093,1.518822,3.004610,0
2024-08-29,sh.600000,8.8200,8.8300,8.5300,8.5500,8.8200,50949648,438959413.7400,3,0.173600,1,-3.061200,6.188625,0.396570,1.472327,2.912632,0
2024-08-30,sh.600000,8.5400,8.6200,8.3800,8.4300,8.5500,68354443,579069797.0900,3,0.232900,1,-1.403500,6.101767,0.391004,1.451663,2.871753,0
2024-09-02,sh.600000,8.3700,8.5000,8.3500,8.3900,8.4300,42178596,355164736.1900,3,0.143700,1,-0.474500,6.072814,0.389149,1.444775,2.858127,0
2024-09-03,sh.600000,8.3800,8.4300,8.2000,8.2500,8.3900,41257157,340798501.8700,3,0.140600,1,-1.668700,5.971480,0.382655,1.420667,2.810434,0
2024-09-04,sh.600000,8.2900,8.3700,8.2300,8.3200,8.2500,34187190,284531822.3900,3,0.116500,1,0.848500,6.022147,0.385902,1.432721,2.834281,0
2024-09-05,sh.600000,8.3800,8.4100,8.2300,8.3200,8.3200,36176713,300240961.2300,3,0.123300,1,0.000000,6.022147,0.385902,1.432721,2.834281,0
2024-09-06,sh.600000,8.3300,8.5100,8.3200,8.4300,8.3200,32293701,273118541.7500,3,0.110000,1,1.322100,6.101767,0.391004,1.451663,2.871753,0
2024-09-09,sh.600000,8.4400,8.4700,8.3200,8.3800,8.4300,34290373,287989234.1900,3,0.116800,1,-0.593100,6.065576,0.388685,1.443053,2.854720,0
2024-09-10,sh.600000,8.3800,8.5300,8.2900,8.5000,8.3800,39694136,333986131.9000,3,0.135200,1,1.432000,6.152434,0.394251,1.463717,2.895599,0
2024-09-11,sh.600000,8.4800,8.4900,8.2100,8.2500,8.5000,29395961,244556166.2700,3,0.100100,1,-2.941200,5.971480,0.382655,1.420667,2.810434,0
2024-09-12,sh.600000,8.2100,8.4900,8.1900,8.4700,8.2500,43128108,362723423.3600,3,0.146900,1,2.666700,6.130720,0.392860,1.458551,2.885379,0
2024-09-13,sh.600000,8.5000,8.5100,8.3200,8.3500,8.4700,28411141,238422068.6200,3,0.096800,1,-1.416800,6.043862,0.387294,1.437887,2.844500,0
2024-09-18,sh.600000,8.3500,8.4500,8.2600,8.3200,8.3500,20139428,167778133.3900,3,0.068600,1,-0.359300,6.022147,0.385902,1.432721,2.834281,0
2024-09-19,sh.600000,8.3700,8.5300,8.3000,8.5200,8.3200,39163824,330778713.8500,3,0.133400,1,2.403800,6.166910,0.395179,1.467161,2.902412,0
2024-09-20,sh.600000,8.4900,8.5700,8.4300,8.5100,8.5200,42872330,364859461.8900,3,0.146100,1,-0.117400,6.159672,0.394715,1.465439,2.899006,0
2024-09-23,sh.600000,8.5300,8.6500,8.4600,8.6300,8.5100,30023895,257517875.2200,3,0.102300,1,1.410100,6.246530,0.400281,1.486103,2.939885,0
2024-09-24,sh.600000,8.7500,9.0900,8.6600,9.0900,8.6300,89208035,795774265.4700,3,0.303900,1,5.330200,6.579485,0.421617,1.565316,3.096588,0
2024-09-25,sh.600000,9.2700,9.5500,9.2500,9.4900,9.0900,119063522,1125665675.4100,3,0.405600,1,4.400400,6.869012,0.440170,1.634197,3.232851,0
2024-09-26,sh.600000,9.5000,9.8400,9.4300,9.8400,9.4900,89839005,867160021.1800,3,0.306100,1,3.688100,7.122347,0.456404,1.694468,3.352082,0
2024-09-27,sh.600000,9.9900,10.0800,9.6000,9.8700,9.8400,57039467,560481160.6900,3,0.194300,1,0.304900,7.144062,0.457795,1.699634,3.362302,0
2024-09-30,sh.600000,10.0600,10.2900,9.8200,10.1300,9.8700,188375605,1892937391.6600,3,0.641800,1,2.634200,7.332254,0.469855,1.744406,3.450873,0
2024-10-08,sh.600000,10.8800,11.0200,10.2000,10.5000,10.1300,192133102,2037070000.5700,3,0.654600,1,3.652500,7.600066,0.487016,1.808121,3.576917,0
2024-10-09,sh.600000,10.5000,10.5000,9.9100,9.9100,10.5000,116072715,1183819439.6100,3,0.395400,1,-5.619000,7.173014,0.459650,1.706522,3.375928,0
2024-10-10,sh.600000,10.0600,10.4900,10.0500,10.3100,9.9100,101639927,1044726818.6000,3,0.346300,1,4.036300,7.462541,0.478203,1.775403,3.512191,0
2024-10-11,sh.600000,10.3700,10.5200,10.0200,10.1600,10.3100,58937652,606557617.7600,3,0.200800,1,-1.454900,7.353968,0.471246,1.749572,3.461093,0
2024-10-14,sh.600000,10.3100,10.5400,10.2500,10.4000,10.1600,88307795,918408286.4600,3,0.300900,1,2.362200,7.527684,0.482378,1.790901,3.542851,0
2024-10-15,sh.600000,10.4500,10.5300,10.2500,10.2500,10.4000,62939733,654527534.4900,3,0.214400,1,-1.442300,7.419112,0.475420,1.765071,3.491752,0
2024-10-16,sh.600000,10.1500,10.4600,10.1500,10.3400,10.2500,52614974,545095953.2400,3,0.179300,1,0.878000,7.484255,0.479595,1.780569,3.522411,0
2024-10-17,sh.600000,10.3400,10.4800,10.2200,10.2200,10.3400,45576672,471133860.4000,3,0.155300,1,-1.160500,7.397397,0.474029,1.759905,3.481532,0
2024-10-18,sh.600000,10.1800,10.3300,10.0200,10.1500,10.2200,62206282,633125532.2500,3,0.211900,1,-0.684900,7.346730,0.470782,1.747850,3.457686,0
2024-10-21,sh.600000,10.1800,10.2200,9.9500,10.1600,10.1500,64523034,651623310.1100,3,0.219800,1,0.098500,7.353968,0.471246,1.749572,3.461093,0
2024-10-22,sh.600000,10.1600,10.2700,10.0100,10.1300,10.1600,42803387,432235690.5600,3,0.145800,1,-0.295300,7.332254,0.469855,1.744406,3.450873,0
2024-10-23,sh.600000,10.1200,10.2500,10.1000,10.1800,10.1300,33566174,341483787.0800,3,0.114400,1,0.493600,7.368445,0.472174,1.753016,3.467906,0
2024-10-24,sh.600000,10.1200,10.2500,10.1200,10.1400,10.1800,24017341,244345561.6800,3,0.081800,1,-0.392900,7.339492,0.470318,1.746128,3.454279,0
2024-10-25,sh.600000,10.1400,10.2000,10.0700,10.0800,10.1400,28419908,287640630.8900,3,0.096800,1,-0.591700,7.296063,0.467535,1.735796,3.433840,0
2024-10-28,sh.600000,10.1000,10.1000,9.9500,10.0600,10.0800,31702745,317673595.0600,3,0.108000,1,-0.198400,7.281587,0.466608,1.732352,3.427027,0
2024-10-29,sh.600000,10.0100,10.1500,9.9700,9.9900,10.0600,34069864,341853848.1800,3,0.116100,1,-0.695800,7.230920,0.463361,1.720298,3.403181,0
2024-10-30,sh.600000,9.9900,10.1200,9.9100,9.9400,9.9900,42037416,419434796.5700,3,0.143200,1,-0.500500,7.194729,0.461042,1.711688,3.386148,0
2024-10-31,sh.600000,10.0100,10.0500,9.7100,9.8400,9.9400,60021367,589919637.8500,3,0.204500,1,-1.006000,6.573327,0.451286,1.694408,1.184502,0
2024-11-01,sh.600000,9.8600,10.0000,9.7700,9.9400,9.8400,43939258,435757873.3400,3,0.149700,1,1.016300,6.640129,0.455872,1.711628,1.196540,0
2024-11-04,sh.600000,9.9700,10.0000,9.8400,9.9900,9.9400,33773247,335231218.5700,3,0.115100,1,0.503000,6.673530,0.458165,1.720238,1.202558,0
2024-11-05,sh.600000,9.9700,10.0600,9.9100,10.0600,9.9900,41474815,414411280.1800,3,0.141300,1,0.700700,6.720292,0.461375,1.732291,1.210985,0
2024-11-06,sh.600000,10.0400,10.1400,9.9000,9.9500,10.0600,74208723,740524750.7600,3,0.252800,1,-1.093400,6.646810,0.456330,1.713350,1.197743,0
2024-11-07,sh.600000,9.9400,10.2800,9.9200,10.2800,9.9500,64397191,650432795.7400,3,0.219400,1,3.316600,6.867257,0.471465,1.770174,1.237468,0
2024-11-08,sh.600000,10.3300,10.3600,10.0300,10.0600,10.2800,53764728,545876292.6800,3,0.183200,1,-2.140100,6.720292,0.461375,1.732291,1.210985,0
2024-11-11,sh.600000,9.9000,10.1200,9.6600,9.7200,10.0600,80000294,779227779.9700,3,0.272600,1,-3.379700,6.493165,0.445782,1.673745,1.170057,0
2024-11-12,sh.600000,9.7300,9.8200,9.6600,9.6600,9.7200,49682703,483318065.2300,3,0.169300,1,-0.617300,6.453083,0.443030,1.663413,1.162834,0
2024-11-13,sh.600000,9.6300,9.7400,9.6000,9.6300,9.6600,43872201,423812435.1600,3,0.149500,1,-0.310600,6.433043,0.441654,1.658247,1.159223,0
2024-11-14,sh.600000,9.6100,9.7100,9.5700,9.6500,9.6300,45451896,438914971.6400,3,0.154900,1,0.207700,6.446403,0.442572,1.661691,1.161631,0
2024-11-15,sh.600000,9.6100,9.7000,9.5000,9.5400,9.6500,48821231,469147894.3900,3,0.166300,1,-1.139900,6.372921,0.437527,1.642749,1.148389,0
2024-11-18,sh.600000,9.6500,10.1000,9.6400,9.8300,9.5400,100696552,999828599.1300,3,0.343100,1,3.039800,6.566647,0.450827,1.692686,1.183298,0
2024-11-19,sh.600000,9.8500,10.0500,9.6700,9.7900,9.8300,73998208,728900945.5400,3,0.252100,1,-0.406900,6.539926,0.448992,1.685798,1.178483,0
2024-11-20,sh.600000,9.7700,9.8500,9.6900,9.7100,9.7900,45465799,442364519.9600,3,0.154900,1,-0.817200,6.486485,0.445323,1.672023,1.168853,0
2024-11-21,sh.600000,9.7100,9.7700,9.6800,9.7200,9.7100,29612755,287464178.3200,3,0.100900,1,0.103000,6.493165,0.445782,1.673745,1.170057,0
2024-11-22,sh.600000,9.7200,9.7500,9.4700,9.4800,9.7200,44359024,425677484.6500,3,0.151100,1,-2.469100,6.332840,0.434775,1.632418,1.141167,0
2024-11-25,sh.600000,9.6100,9.6100,9.3100,9.3300,9.4800,60921995,573140419.7700,3,0.207600,1,-1.582300,6.232637,0.427896,1.606588,1.123110,0
2024-11-26,sh.600000,9.3200,9.3300,9.2200,9.3100,9.3300,48983389,454616327.4700,3,0.166900,1,-0.214400,6.219276,0.426978,1.603144,1.120703,0
2024-11-27,sh.600000,9.3100,9.4700,9.1800,9.4300,9.3100,43007443,401498754.5000,3,0.146500,1,1.288900,6.299439,0.432482,1.623808,1.135148,0
2024-11-28,sh.600000,9.4900,9.5400,9.3300,9.4400,9.4300,39154733,370385580.0700,3,0.133400,1,0.106000,6.306119,0.432941,1.625530,1.136352,0
2024-11-29,sh.600000,9.5200,9.6100,9.4300,9.4600,9.4400,46540742,443290384.7100,3,0.158600,1,0.211900,6.319479,0.433858,1.628974,1.138759,0
2024-12-02,sh.600000,9.4500,9.5000,9.3700,9.4900,9.4600,46604260,440070881.2600,3,0.158800,1,0.317100,6.339520,0.435234,1.634140,1.142370,0
2024-12-03,sh.600000,9.4600,9.6500,9.4100,9.6500,9.4900,41926355,400570470.5900,3,0.142800,1,1.686000,6.446403,0.442572,1.661691,1.161631,0
2024-12-04,sh.600000,9.6500,9.7800,9.5500,9.7500,9.6500,51193385,496410994.9900,3,0.174400,1,1.036300,6.513205,0.447158,1.678911,1.173668,0
2024-12-05,sh.600000,9.6800,9.7800,9.6300,9.6400,9.7500,29173571,282719716.6700,3,0.099400,1,-1.128200,6.439723,0.442113,1.659969,1.160427,0
2024-12-06,sh.600000,9.6200,9.7900,9.6200,9.7000,9.6400,40629685,394516284.9600,3,0.138400,1,0.622400,6.479804,0.444865,1.670301,1.167649,0
2024-12-09,sh.600000,9.6500,9.7500,9.6300,9.6600,9.7000,32582928,315468553.6100,3,0.111000,1,-0.412400,6.453083,0.443030,1.663413,1.162834,0
2024-12-10,sh.600000,9.8200,9.9200,9.7100,9.8000,9.6600,58338643,572248613.9500,3,0.198800,1,1.449300,6.546606,0.449451,1.687520,1.179687,0
2024-12-11,sh.600000,9.8000,9.8400,9.6200,9.6300,9.8000,48762796,472263000.4200,3,0.166100,1,-1.734700,6.433043,0.441654,1.658247,1.159223,0
2024-12-12,sh.600000,9.6500,9.8200,9.5900,9.8200,9.6300,49651526,482603362.1600,3,0.169200,1,1.973000,6.559967,0.450368,1.690964,1.182095,0
2024-12-13,sh.600000,9.7600,9.8000,9.6000,9.6600,9.8200,67266875,652085646.9800,3,0.229200,1,-1.629300,6.453083,0.443030,1.663413,1.162834,0
2024-12-16,sh.600000,9.6200,9.7500,9.6200,9.6400,9.6600,34183618,331030756.3100,3,0.116500,1,-0.207000,6.439723,0.442113,1.659969,1.160427,0
2024-12-17,sh.600000,9.6500,9.7000,9.5000,9.5300,9.6400,41185694,394758764.1200,3,0.140300,1,-1.141100,6.366241,0.437068,1.641027,1.147185,0
2024-12-18,sh.600000,9.5600,9.6800,9.5100,9.5400,9.5300,39798741,381602845.0500,3,0.135600,1,0.104900,6.372921,0.437527,1.642749,1.148389,0
2024-12-19,sh.600000,9.5100,9.5600,9.4200,9.5300,9.5400,42987772,408829151.4200,3,0.146500,1,-0.104800,6.366241,0.437068,1.641027,1.147185,0
2024-12-20,sh.600000,9.5700,9.7200,9.5500,9.5800,9.5300,49298094,473948599.4100,3,0.168000,1,0.524700,6.399642,0.439361,1.649637,1.153204,0
2024-12-23,sh.600000,9.6300,10.0800,9.6000,9.9300,9.5800,116444693,1156091291.0300,3,0.396700,1,3.653400,6.633449,0.455413,1.709906,1.195336,0
2024-12-24,sh.600000,9.8900,10.1700,9.8900,10.1300,9.9300,84438152,851921287.1400,3,0.287700,1,2.014100,6.767053,0.464586,1.744345,1.219411,0
2024-12-25,sh.600000,10.1300,10.3900,10.1300,10.3500,10.1300,72739600,749135068.9400,3,0.247800,1,2.171800,6.914018,0.474675,1.782228,1.245894,0
2024-12-26,sh.600000,10.3500,10.3900,10.1600,10.3400,10.3500,61152236,628394286.5800,3,0.208300,1,-0.096600,6.907338,0.474217,1.780506,1.244690,0
2024-12-27,sh.600000,10.3300,10.3900,10.1200,10.3600,10.3400,69506374,714702133.5700,3,0.236800,1,0.193400,6.920698,0.475134,1.783950,1.247098,0
2024-12-30,sh.600000,10.3400,10.4900,10.3100,10.4700,10.3600,78477805,818657791.7100,3,0.267400,1,1.061800,6.994181,0.480179,1.802892,1.260339,0
2024-12-31,sh.600000,10.4300,10.5600,10.2800,10.2900,10.4700,57783443,602393523.1200,3,0.196900,1,-1.719200,6.873937,0.471924,1.771896,1.238671,0
2025-01-02,sh.600000,10.3000,10.4200,10.0500,10.1300,10.2900,78907129,803904040.2300,3,0.268800,1,-1.554900,6.767053,0.464586,1.744345,1.219411,0
2025-01-03,sh.600000,10.1200,10.2200,10.0200,10.0600,10.1300,50693944,511576493.6000,3,0.172700,1,-0.691000,6.720292,0.461375,1.732291,1.210985,0
2025-01-06,sh.600000,10.1300,10.2000,9.8100,10.1500,10.0600,79801276,804593503.5600,3,0.271900,1,0.894600,6.780414,0.465503,1.747789,1.221819,0
2025-01-07,sh.600000,10.1100,10.3000,10.1100,10.2700,10.1500,40265146,411488491.5100,3,0.137200,1,1.182300,6.860577,0.471006,1.768452,1.236264,0
2025-01-08,sh.600000,10.2600,10.3700,10.2000,10.3000,10.2700,48237450,496301044.8100,3,0.164300,1,0.292100,6.880617,0.472382,1.773618,1.239875,0
2025-01-09,sh.600000,10.3300,10.3300,10.1300,10.1900,10.3000,39221854,401208214.9300,3,0.133600,1,-1.068000,6.807135,0.467337,1.754677,1.226634,0
2025-01-10,sh.600000,10.2300,10.2800,10.0300,10.1300,10.1900,31933534,324388873.2600,3,0.108800,1,-0.588800,6.767054,0.464586,1.744345,1.219411,0
2025-01-13,sh.600000,10.0600,10.1300,9.8500,10.0000,10.1300,38217749,381632220.0900,3,0.130200,1,-1.283300,6.680211,0.458623,1.721960,1.203762,0
2025-01-14,sh.600000,10.0300,10.2100,9.9400,10.1600,10.0000,38658714,390328865.8300,3,0.131700,1,1.600000,6.787094,0.465961,1.749511,1.223022,0
2025-01-15,sh.600000,10.1600,10.3900,10.1300,10.2100,10.1600,38460814,394080519.9700,3,0.131000,1,0.492100,6.820495,0.468255,1.758121,1.229041,0
2025-01-16,sh.600000,10.2900,10.3100,10.1300,10.2100,10.2100,33768888,344708149.6900,3,0.115000,1,0.000000,6.820495,0.468255,1.758121,1.229041,0
2025-01-17,sh.600000,10.2500,10.3000,10.0800,10.2700,10.2100,41663218,426549432.1800,3,0.141900,1,0.587700,6.660779,0.471006,1.765449,1.236264,0
2025-01-20,sh.600000,10.3200,10.4500,10.2300,10.3700,10.2700,37442622,388948241.4700,3,0.127600,1,0.973700,6.725636,0.475593,1.782639,1.248301,0
2025-01-21,sh.600000,10.3600,10.4800,10.2700,10.3700,10.3700,30852134,320946733.2000,3,0.105100,1,0.000000,6.725636,0.475593,1.782639,1.248301,0
2025-01-22,sh.600000,10.3300,10.3800,10.0100,10.0300,10.3700,58374206,589944613.7000,3,0.198900,1,-3.278700,6.505123,0.459999,1.724192,1.207374,0
2025-01-23,sh.600000,10.1100,10.3700,10.0600,10.3100,10.0300,65580692,670951809.4200,3,0.223400,1,2.791600,6.686722,0.472841,1.772325,1.241079,0
2025-01-24,sh.600000,10.2600,10.4900,10.1700,10.3900,10.3100,72463834,752560118.1100,3,0.246900,1,0.775900,6.738607,0.476510,1.786077,1.250709,0
2025-01-27,sh.600000,10.4200,10.7000,10.4000,10.6500,10.3900,59488208,632694603.2700,3,0.202700,1,2.502400,6.907234,0.488434,1.830772,1.282007,0
2025-02-05,sh.600000,10.6600,10.6900,10.4000,10.4100,10.6500,51723455,542382244.5300,3,0.176200,1,-2.253500,6.751578,0.477427,1.789515,1.253117,0
2025-02-06,sh.600000,10.3800,10.5000,10.3000,10.4300,10.4100,38598431,400818916.7100,3,0.131500,1,0.192100,6.764550,0.478344,1.792953,1.255524,0
2025-02-07,sh.600000,10.4300,10.4500,10.3000,10.3400,10.4300,45600119,472723880.7700,3,0.155400,1,-0.862900,6.706179,0.474217,1.777482,1.244690,0
2025-02-10,sh.600000,10.3200,10.4400,10.2300,10.2700,10.3400,41234671,426297964.4000,3,0.140500,1,-0.677000,6.660779,0.471006,1.765449,1.236264,0
2025-02-11,sh.600000,10.2900,10.3800,10.2300,10.3000,10.2700,34651727,356843469.5200,3,0.118100,1,0.292100,6.680236,0.472382,1.770606,1.239875,0
2025-02-12,sh.600000,10.3200,10.4200,10.2400,10.4100,10.3000,33100308,342797073.5200,3,0.112800,1,1.068000,6.751578,0.477427,1.789515,1.253117,0
2025-02-13,sh.600000,10.3900,10.4400,10.3000,10.3100,10.4100,48454342,501218511.0600,3,0.165100,1,-0.960600,6.686722,0.472841,1.772325,1.241079,0
2025-02-14,sh.600000,10.3500,10.4300,10.2500,10.4100,10.3100,56300581,581842513.4400,3,0.191800,1,0.969900,6.751578,0.477427,1.789515,1.253117,0
2025-02-17,sh.600000,10.4400,10.4600,10.2000,10.2700,10.4100,52311132,538356330.5200,3,0.178200,1,-1.344900,6.660779,0.471006,1.765449,1.236264,0
2025-02-18,sh.600000,10.2600,10.5400,10.2100,10.5000,10.2700,62783988,654395130.6400,3,0.213900,1,2.239500,6.809949,0.481555,1.804987,1.263950,0
2025-02-19,sh.600000,10.4500,10.5900,10.4200,10.4400,10.5000,42364339,444710362.3200,3,0.144300,1,-0.571400,6.771035,0.478803,1.794673,1.256728,0
2025-02-20,sh.600000,10.4200,10.4900,10.3400,10.3900,10.4400,27223599,283297509.8500,3,0.092700,1,-0.478900,6.738607,0.476510,1.786077,1.250709,0
2025-02-21,sh.600000,10.3900,10.4300,10.2300,10.2900,10.3900,50391537,519161892.6100,3,0.171700,1,-0.962500,6.673750,0.471924,1.768887,1.238671,0
2025-02-24,sh.600000,10.2700,10.3100,10.1900,10.2100,10.2900,43741415,447600690.0000,3,0.149000,1,-0.777500,6.621865,0.468255,1.755135,1.229041,0
2025-02-25,sh.600000,10.2000,10.2500,10.0700,10.1000,10.2100,37159866,377213136.9500,3,0.126600,1,-1.077400,6.550523,0.463210,1.736225,1.215800,0
2025-02-26,sh.600000,10.1500,10.3200,10.1200,10.1800,10.1000,55536705,567601087.6200,3,0.189200,1,0.792100,6.602408,0.466879,1.749978,1.225430,0
2025-02-27,sh.600000,10.2200,10.2600,10.1100,10.2400,10.1800,37999169,387232885.4000,3,0.129500,1,0.589400,6.641322,0.469630,1.760292,1.232653,0
2025-02-28,sh.600000,10.2300,10.3000,10.1700,10.1700,10.2400,44651100,457102787.8200,3,0.152100,1,-0.683600,6.595922,0.466420,1.748259,1.224226,0
2025-03-03,sh.600000,10.1900,10.2200,10.0800,10.1500,10.1700,43010899,436849849.8500,3,0.146500,1,-0.196700,6.582951,0.465503,1.744820,1.221819,0
2025-03-04,sh.600000,10.1000,10.1900,10.1000,10.1000,10.1500,29769782,301634439.3500,3,0.101400,1,-0.492600,6.550523,0.463210,1.736225,1.215800,0
2025-03-05,sh.600000,10.1400,10.2600,10.0500,10.2500,10.1000,41686357,424730035.9800,3,0.142000,1,1.485100,6.647808,0.470089,1.762011,1.233856,0
2025-03-06,sh.600000,10.2500,10.2600,10.0800,10.1300,10.2500,43499424,441681583.7600,3,0.148200,1,-1.170700,6.569980,0.464586,1.741382,1.219411,0
2025-03-07,sh.600000,10.1500,10.1900,10.0600,10.1400,10.1300,37005882,374991809.2300,3,0.126100,1,0.098700,6.576465,0.465044,1.743101,1.220615,0
2025-03-10,sh.600000,10.1000,10.1400,10.0100,10.1000,10.1400,43594496,438534235.8900,3,0.148500,1,-0.394500,6.550523,0.463210,1.736225,1.215800,0
2025-03-11,sh.600000,10.0400,10.1200,10.0300,10.1200,10.1000,35208198,354675246.8800,3,0.120000,1,0.198000,6.563494,0.464127,1.739663,1.218207,0
2025-03-12,sh.600000,10.1200,10.1800,10.0100,10.1200,10.1200,42868920,433414444.5400,3,0.146100,1,0.000000,6.563494,0.464127,1.739663,1.218207,0
2025-03-13,sh.600000,10.1600,10.2500,10.1200,10.2200,10.1200,46714351,476613668.5900,3,0.159200,1,0.988100,6.628351,0.468713,1.756854,1.230245,0
2025-03-14,sh.600000,10.2800,10.4900,10.2400,10.4200,10.2200,78422138,815108919.0000,3,0.267200,1,1.956900,6.758064,0.477886,1.791234,1.254320,0
2025-03-17,sh.600000,10.5500,10.6600,10.3900,10.6000,10.4200,59251416,626647199.4900,3,0.201900,1,1.727400,6.874806,0.486141,1.822177,1.275988,0
2025-03-18,sh.600000,10.6300,10.7200,10.5200,10.6400,10.6000,40970582,436226250.2700,3,0.139600,1,0.377400,6.900749,0.487975,1.829053,1.280803,0
2025-03-19,sh.600000,10.5900,10.6800,10.5600,10.6500,10.6400,34604830,367827208.7400,3,0.117900,1,0.094000,6.907234,0.488434,1.830772,1.282007,0
2025-03-20,sh.600000,10.6400,10.6900,10.6000,10.6600,10.6500,29548507,314685882.2200,3,0.100700,1,0.093900,6.913720,0.488893,1.832491,1.283211,0
2025-03-21,sh.600000,10.6300,10.7200,10.4100,10.4700,10.6600,56344163,594649833.7900,3,0.192000,1,-1.782400,6.790492,0.480179,1.799830,1.260339,0
2025-03-24,sh.600000,10.4200,10.6300,10.4200,10.6100,10.4700,46449659,489527179.2300,3,0.158200,1,1.337200,6.881292,0.486600,1.823896,1.277192,0
2025-03-25,sh.600000,10.6500,10.6900,10.5000,10.6100,10.6100,37875416,401332739.2900,3,0.129000,1,0.000000,6.881292,0.486600,1.823896,1.277192,0
2025-03-26,sh.600000,10.6000,10.6100,10.4500,10.4700,10.6100,36660981,385049553.5800,3,0.124900,1,-1.319500,6.790492,0.480179,1.799830,1.260339,0
2025-03-27,sh.600000,10.5000,10.6600,10.4700,10.5500,10.4700,42508671,449288518.5700,3,0.144800,1,0.764100,6.842378,0.483848,1.813582,1.269969,0
2025-03-28,sh.600000,10.5300,10.5700,10.4100,10.4400,10.5500,36572944,382165241.2900,3,0.124600,1,-1.042700,6.771035,0.478803,1.794673,1.256728,0
2025-03-31,sh.600000,10.4700,10.6300,10.3500,10.4300,10.4400,49360687,518371937.1300,3,0.168200,1,-0.095800,6.764550,0.468375,1.792953,-3.459128,0
2025-04-01,sh.600000,10.4300,10.4600,10.2200,10.3500,10.4300,63920348,659250549.5200,3,0.217800,1,-0.767000,6.712664,0.464783,1.779201,-3.432596,0
2025-04-02,sh.600000,10.2900,10.5600,10.2900,10.4600,10.3500,45625673,477144592.5700,3,0.155400,1,1.062800,6.784007,0.469723,1.798111,-3.469078,0
2025-04-03,sh.600000,10.2900,10.5000,10.2900,10.4800,10.4600,36919313,384886879.9200,3,0.125800,1,0.191200,6.796978,0.470621,1.801549,-3.475711,0
2025-04-07,sh.600000,10.2700,10.2800,9.4600,9.6500,10.4800,142399646,1395103301.6200,3,0.485100,1,-7.919800,6.258668,0.433348,1.658869,-3.200440,0
2025-04-08,sh.600000,9.7700,10.2900,9.7500,10.2000,9.6500,149422915,1501459277.5200,3,0.509100,1,5.699500,6.615379,0.458047,1.753416,-3.382848,0
2025-04-09,sh.600000,10.1900,10.1900,9.8600,10.0100,10.2000,99714563,997750442.7400,3,0.339700,1,-1.862700,6.492152,0.449515,1.720754,-3.319834,0
2025-04-10,sh.600000,10.1800,10.1800,9.9100,10.0000,10.0100,78108087,781663685.8800,3,0.266100,1,-0.099900,6.485666,0.449066,1.719035,-3.316518,0
2025-04-11,sh.600000,10.0600,10.1200,9.9200,10.0700,10.0000,56246196,564930748.3600,3,0.191600,1,0.700000,6.531066,0.452209,1.731068,-3.339734,0
2025-04-14,sh.600000,10.0400,10.2200,10.0000,10.1800,10.0700,62154163,629562547.7500,3,0.211800,1,1.092400,6.602408,0.457149,1.749978,-3.376215,0
2025-04-15,sh.600000,10.1800,10.4800,10.1700,10.4700,10.1800,68556308,712990091.2000,3,0.233600,1,2.848700,6.790492,0.470172,1.799830,-3.472394,0
2025-04-16,sh.600000,10.4500,10.6000,10.3500,10.6000,10.4700,74094520,777378645.1900,3,0.252400,1,1.241600,6.874806,0.476009,1.822177,-3.515509,0
2025-04-17,sh.600000,10.6000,10.7500,10.4300,10.7500,10.6000,70420291,748750237.3800,3,0.239900,1,1.415100,6.972091,0.482745,1.847963,-3.565257,0
2025-04-18,sh.600000,10.7000,10.8700,10.6600,10.8100,10.7500,48024169,518493333.6400,3,0.163600,1,0.558100,7.011005,0.485440,1.858277,-3.585156,0
2025-04-21,sh.600000,10.7800,10.8800,10.5600,10.5700,10.8100,50053475,533248958.4600,3,0.170500,1,-2.220200,6.855349,0.474662,1.817020,-3.505559,0
2025-04-22,sh.600000,10.5600,10.7400,10.5500,10.7100,10.5700,46047223,491852201.1600,3,0.156900,1,1.324500,6.946148,0.480949,1.841087,-3.551991,0
2025-04-23,sh.600000,10.7100,10.7500,10.5800,10.6700,10.7100,33992733,362271178.0000,3,0.115800,1,-0.373500,6.920206,0.479153,1.834210,-3.538725,0
2025-04-24,sh.600000,10.6900,10.8500,10.6700,10.7400,10.6700,39754164,428435900.0700,3,0.135400,1,0.656000,6.965605,0.482296,1.846244,-3.561940,0
2025-04-25,sh.600000,10.7500,10.8000,10.5700,10.5900,10.7400,45447179,483223746.1600,3,0.154800,1,-1.396600,6.868320,0.475560,1.820458,-3.512193,0
2025-04-28,sh.600000,10.6000,10.7400,10.5900,10.7400,10.5900,48382197,517574619.9100,3,0.164800,1,1.416400,6.965605,0.482296,1.846244,-3.561940,0
2025-04-29,sh.600000,10.6600,10.8700,10.6500,10.8300,10.7400,52112683,562869895.5300,3,0.177500,1,0.838000,7.023976,0.486338,1.861715,-3.591789,0
2025-04-30,sh.600000,10.8200,11.0300,10.6000,10.9600,10.8300,92838022,1011035958.8200,3,0.316300,1,1.200400,7.080598,0.484149,1.877531,-8.048735,0
2025-05-06,sh.600000,11.0000,11.1900,10.8000,11.1700,10.9600,97264620,1076041107.1800,3,0.331400,1,1.916100,7.216266,0.493426,1.913505,-8.202953,0
2025-05-07,sh.600000,11.3600,11.3800,11.0800,11.3700,11.1700,71916086,811933127.1600,3,0.245000,1,1.790500,7.345474,0.502261,1.947767,-8.349828,0
2025-05-08,sh.600000,11.3500,11.6900,11.3300,11.6300,11.3700,77598543,899909970.1000,3,0.264400,1,2.286700,7.513445,0.513746,1.992307,-8.540765,0
2025-05-09,sh.600000,11.6500,11.8800,11.6200,11.8000,11.6300,82148077,967087777.8400,3,0.279900,1,1.461700,7.623271,0.521256,2.021429,-8.665609,0
2025-05-12,sh.600000,11.8300,11.9800,11.6500,11.7100,11.8000,106436592,1258603165.8400,3,0.362600,1,-0.762700,7.565128,0.517280,2.006011,-8.599515,0
2025-05-13,sh.600000,11.7300,12.1500,11.6700,12.0800,11.7100,85038009,1017847179.3500,3,0.289700,1,3.159700,7.804163,0.533625,2.069395,-8.871233,0
2025-05-14,sh.600000,11.9900,12.1900,11.9600,12.1500,12.0800,72183353,873575368.4800,3,0.245900,1,0.579500,7.849385,0.536717,2.081387,-8.922639,0
2025-05-15,sh.600000,12.1700,12.3500,12.0900,12.2900,12.1500,64989861,796202036.1500,3,0.221400,1,1.152300,7.939831,0.542901,2.105370,-9.025452,0
2025-05-16,sh.600000,12.3100,12.3800,12.0500,12.1000,12.2900,61049671,742473908.2800,3,0.208000,1,-1.546000,7.817083,0.534508,2.072821,-8.885921,0
2025-05-19,sh.600000,12.2000,12.2500,11.9700,12.0000,12.1000,63137397,762689367.4600,3,0.215100,1,-0.826400,7.752479,0.530091,2.055691,-8.812483,0
2025-05-20,sh.600000,12.0200,12.3400,12.0100,12.2700,12.0000,80013453,976894438.9700,3,0.272600,1,2.250000,7.926910,0.542018,2.101944,-9.010764,0
2025-05-21,sh.600000,12.2700,12.4200,12.2000,12.2700,12.2700,41672064,513339136.1500,3,0.142000,1,0.000000,7.926910,0.542018,2.101944,-9.010764,0
2025-05-22,sh.600000,12.2200,12.5300,12.1900,12.4300,12.2700,63895089,792331666.6900,3,0.217700,1,1.304000,8.030277,0.549086,2.129353,-9.128264,0
2025-05-23,sh.600000,12.3900,12.4800,12.2200,12.2300,12.4300,57961597,712934903.4000,3,0.197500,1,-1.609000,7.901069,0.540251,2.095091,-8.981389,0
2025-05-26,sh.600000,12.1900,12.2500,11.9900,12.0500,12.2300,86375810,1043951444.2600,3,0.294300,1,-1.471800,7.784781,0.532299,2.064256,-8.849202,0
2025-05-27,sh.600000,12.1100,12.2500,12.0500,12.1900,12.0500,51170123,622457334.2300,3,0.174300,1,1.161800,7.875227,0.538484,2.088239,-8.952014,0
2025-05-28,sh.600000,12.2000,12.3300,12.1300,12.2200,12.1900,45763183,559946076.0200,3,0.155900,1,0.246100,7.894608,0.539809,2.093378,-8.974046,0
2025-05-29,sh.600000,12.2100,12.2700,12.1700,12.1700,12.2200,39604139,483788795.6400,3,0.134900,1,-0.409200,7.862306,0.537600,2.084813,-8.937327,0
2025-05-30,sh.600000,12.2000,12.4100,12.1700,12.3300,12.1700,74173919,912668309.6900,3,0.252700,1,1.314700,7.965673,0.544668,2.112222,-9.054827,0
2025-06-03,sh.600000,12.3100,12.5700,12.2300,12.5400,12.3300,83435308,1038149397.0800,3,0.284300,1,1.703200,8.101341,0.553945,2.148197,-9.209045,0
2025-06-04,sh.600000,12.4800,12.5300,12.3300,12.3800,12.5400,54685133,677861305.3000,3,0.186300,1,-1.275900,7.997975,0.546877,2.120788,-9.091545,0
2025-06-05,sh.600000,12.4200,12.4500,12.2800,12.3200,12.3800,37014523,456671679.6100,3,0.126100,1,-0.484700,7.959212,0.544226,2.110509,-9.047483,0
2025-06-06,sh.600000,12.3300,12.3900,12.2100,12.3200,12.3200,43240203,531488384.3700,3,0.147300,1,0.000000,7.959212,0.544226,2.110509,-9.047483,0
2025-06-09,sh.600000,12.3100,12.3400,12.1000,12.3100,12.3200,56578144,691788948.9900,3,0.192800,1,-0.081200,7.952752,0.543785,2.108796,-9.040139,0
2025-06-10,sh.600000,12.2800,12.4500,12.2600,12.3600,12.3100,49879732,616254415.7600,3,0.169900,1,0.406200,7.985054,0.545993,2.117361,-9.076858,0
2025-06-11,sh.600000,12.3600,12.4200,12.2400,12.3500,12.3600,44114064,544126474.7300,3,0.150300,1,-0.080900,7.978593,0.545552,2.115648,-9.069514,0
2025-06-12,sh.600000,12.3500,12.5000,12.2300,12.4600,12.3500,47676653,592474539.1900,3,0.162400,1,0.890700,8.049658,0.550411,2.134492,-9.150295,0
2025-06-13,sh.600000,12.5000,12.5500,12.2800,12.3400,12.4600,61844935,764861363.2100,3,0.210700,1,-0.963100,7.972133,0.545110,2.113935,-9.062170,0
2025-06-16,sh.600000,12.3400,12.6000,12.2100,12.5800,12.3400,51085389,635504882.1700,3,0.174000,1,1.944900,8.127183,0.555712,2.155049,-9.238420,0
2025-06-17,sh.600000,12.5800,12.6500,12.4500,12.5400,12.5800,37369806,468354085.7300,3,0.127300,1,-0.318000,8.101341,0.553945,2.148197,-9.209045,0
2025-06-18,sh.600000,12.5600,12.8300,12.5100,12.7800,12.5400,69853954,890776691.5300,3,0.238000,1,1.913900,8.256391,0.564547,2.189311,-9.385295,0
2025-06-19,sh.600000,12.7800,12.8400,12.6400,12.7400,12.7800,43768050,557599592.6700,3,0.149100,1,-0.313000,8.230549,0.562780,2.182458,-9.355920,0
2025-06-20,sh.600000,12.7800,13.0200,12.7300,13.0200,12.7400,69793426,903428590.6000,3,0.237800,1,2.197800,8.411440,0.575148,2.230424,-9.561544,0
2025-06-23,sh.600000,12.9800,13.3600,12.8800,13.3100,13.0200,81059193,1067412053.3600,3,0.276200,1,2.227300,8.598792,0.587959,2.280104,-9.774513,0
2025-06-24,sh.600000,13.3100,13.5400,13.1600,13.3100,13.3100,84287565,1123477728.3900,3,0.287200,1,0.000000,8.598792,0.587959,2.280104,-9.774513,0
2025-06-25,sh.600000,13.3100,13.5200,13.2000,13.4600,13.3100,56329911,752682258.5600,3,0.191900,1,1.127000,8.695698,0.594585,2.305800,-9.884669,0
2025-06-26,sh.600000,13.4000,13.6500,13.3000,13.6200,13.4600,66332882,895310745.4700,3,0.226000,1,1.188700,8.799064,0.601653,2.333209,-10.002169,0
2025-06-27,sh.600000,13.6300,13.9900,13.4400,13.5500,13.6200,145112686,1990098971.0500,3,0.494400,1,-0.514000,8.753841,0.598561,2.321217,-9.950762,0
2025-06-30,sh.600000,13.4000,13.9800,13.2500,13.8800,13.5500,95051500,1297775515.0900,3,0.323800,1,2.435400,8.967034,0.613138,2.377749,-10.193106,0
2025-07-01,sh.600000,13.8800,14.3300,13.8700,14.1800,13.8800,87707054,1242184692.5600,3,0.289800,1,2.161400,9.445582,0.645860,2.504643,-10.737086,0
2025-07-02,sh.600000,14.2000,14.4000,14.1000,14.2000,14.1800,68484199,977656404.7000,3,0.226300,1,0.141000,9.458905,0.646771,2.508176,-10.752230,0
2025-07-03,sh.600000,14.2100,14.2800,14.0900,14.1800,14.2000,50965551,722233396.1400,3,0.168400,1,-0.140800,9.445583,0.645860,2.504643,-10.737086,0
2025-07-04,sh.600000,14.1500,14.7500,14.1400,14.5800,14.1800,93567870,1359237790.0600,3,0.309200,1,2.820900,9.712031,0.664079,2.575296,-11.039966,0
2025-07-07,sh.600000,14.6600,14.8000,14.5100,14.6000,14.5800,64970474,951840346.3200,3,0.214700,1,0.137200,9.725353,0.664990,2.578829,-11.055110,0
2025-07-08,sh.600000,14.5800,14.6200,14.1500,14.2300,14.6000,113914556,1624827333.4500,3,0.376400,1,-2.534200,9.478889,0.648137,2.513475,-10.774946,0
2025-07-09,sh.600000,14.2000,14.3000,14.1200,14.1700,14.2300,81762955,1162380709.4100,3,0.270200,1,-0.421600,9.438921,0.645404,2.502877,-10.729514,0
2025-07-10,sh.600000,14.1700,14.3400,14.1300,14.2000,14.1700,115968328,1652800753.3400,3,0.383100,1,0.211700,9.459899,0.646839,2.508440,-10.753360,0
2025-07-11,sh.600000,14.1700,14.2400,13.8000,13.8000,14.2000,161683677,2258575043.9400,3,0.534200,1,-2.816900,9.193423,0.628618,2.437779,-10.450449,0
2025-07-14,sh.600000,13.7500,14.1500,13.7500,14.1100,13.8000,114977276,1614456120.9400,3,0.379900,1,2.246400,9.399942,0.642739,2.492541,-10.685205,0
2025-07-15,sh.600000,14.1500,14.2000,13.8300,13.9300,14.1100,76673245,1073790980.7800,3,0.253300,1,-1.275700,9.280028,0.634540,2.460744,-10.548895,0
2025-07-16,sh.600000,13.5400,13.6000,13.2600,13.4800,13.5200,81426935,1092141761.0300,3,0.269000,1,-0.295900,8.980242,0.614041,2.381251,-10.208119,0
2025-07-17,sh.600000,13.4800,13.5800,13.4000,13.4400,13.4800,47080750,633619314.8800,3,0.155500,1,-0.296700,8.953595,0.612219,2.374185,-10.177828,0
2025-07-18,sh.600000,13.4700,13.6500,13.3900,13.4600,13.4400,56174733,758987555.4600,3,0.185600,1,0.148800,8.966918,0.613130,2.377718,-10.192974,0
2025-07-21,sh.600000,13.4600,13.5400,13.3600,13.4800,13.4600,55881659,751457579.1700,3,0.184600,1,0.148600,8.980242,0.614041,2.381251,-10.208119,0
2025-07-22,sh.600000,13.4600,13.5100,13.2000,13.2300,13.4800,91190502,1212020033.7900,3,0.301300,1,-1.854600,8.813695,0.602653,2.337088,-10.018800,0
2025-07-23,sh.600000,13.2000,13.4900,13.2000,13.3300,13.2300,67673356,904049598.9600,3,0.223600,1,0.755900,8.880314,0.607208,2.354753,-10.094527,0
2025-07-24,sh.600000,13.3700,13.3700,13.0500,13.0600,13.3300,97343311,1280091394.1100,3,0.321600,1,-2.025500,8.700442,0.594909,2.307058,-9.890062,0
2025-07-25,sh.600000,13.0300,13.2300,13.0300,13.0700,13.0600,65621788,860317426.2700,3,0.216800,1,0.076600,8.707104,0.595365,2.308824,-9.897635,0
2025-07-28,sh.600000,13.1200,13.2000,13.0300,13.0800,13.0700,76297474,1002195904.3600,3,0.252100,1,0.076500,8.713766,0.595820,2.310591,-9.905208,0
2025-07-29,sh.600000,13.0700,13.1200,12.7800,12.7900,13.0800,78919964,1017205989.2700,3,0.260700,1,-2.217100,8.520571,0.582610,2.259362,-9.685597,0
2025-07-30,sh.600000,12.8400,12.9300,12.7300,12.8800,12.7900,72158148,928059541.7600,3,0.238400,1,0.703700,8.580528,0.586710,2.275261,-9.753752,0
2025-07-31,sh.600000,12.8700,12.9000,12.7100,12.8100,12.8800,68538701,875810524.0100,3,0.226400,1,-0.543500,8.533895,0.583521,2.262895,-9.700742,0
2025-08-01,sh.600000,12.8200,12.9800,12.5800,12.9200,12.8100,79386102,1018578952.1500,3,0.262300,1,0.858700,8.607176,0.588532,2.282327,-9.784043,0
2025-08-04,sh.600000,12.9000,13.4500,12.9000,13.1300,12.9200,99782728,1321632122.7300,3,0.329700,1,1.625400,8.747076,0.598098,2.319423,-9.943072,0
2025-08-05,sh.600000,13.1500,13.7800,13.1400,13.7500,13.1300,133646594,1812399937.5300,3,0.441500,1,4.722000,9.160113,0.626340,2.428947,-10.412585,0
2025-08-06,sh.600000,13.7500,13.8500,13.6300,13.7900,13.7500,84891798,1170588593.9400,3,0.280500,1,0.290900,9.186761,0.628162,2.436013,-10.442876,0
2025-08-07,sh.600000,14.0800,14.0800,13.6600,13.9300,13.7900,96558141,1337645650.2800,3,0.319000,1,1.015200,8.782835,0.634540,2.436330,-10.548895,0
2025-08-08,sh.600000,13.9600,14.2900,13.9100,14.1700,13.9300,96742884,1367882502.4500,3,0.319600,1,1.722900,8.934154,0.645472,2.478305,-10.730642,0
2025-08-11,sh.600000,14.1000,14.2000,13.8500,13.9800,14.1700,89510437,1249751391.1200,3,0.295700,1,-1.340900,8.814360,0.636817,2.445075,-10.586759,0
2025-08-12,sh.600000,13.9700,14.1200,13.8700,13.8900,13.9800,76628234,1072660845.0900,3,0.253200,1,-0.643800,8.757615,0.632718,2.429334,-10.518604,0
2025-08-13,sh.600000,13.9800,14.0300,13.8000,13.8300,13.8900,79039619,1097891524.7300,3,0.261100,1,-0.432000,8.719785,0.629984,2.418840,-10.473167,0
2025-08-14,sh.600000,13.8300,13.9800,13.7900,13.8700,13.8300,71279949,990881028.7400,3,0.235500,1,0.289200,8.745005,0.631807,2.425836,-10.503458,0
2025-08-15,sh.600000,13.8500,13.9500,13.5500,13.5900,13.8700,93067809,1271714019.1500,3,0.307500,1,-2.018700,8.568466,0.619052,2.376864,-10.291420,0
2025-08-18,sh.600000,13.5300,13.7200,13.4700,13.6400,13.5900,83579911,1134949185.4000,3,0.276100,1,0.367900,8.599991,0.621330,2.385609,-10.329284,0
2025-08-19,sh.600000,13.6400,13.7600,13.5800,13.6900,13.6400,49497253,678047554.4600,3,0.163500,1,0.366600,8.631516,0.623607,2.394354,-10.367148,0
2025-08-20,sh.600000,13.6900,13.8700,13.6000,13.7200,13.6900,60322243,829302743.8500,3,0.199300,1,0.219100,8.650430,0.624974,2.399601,-10.389866,0
2025-08-21,sh.600000,13.7000,13.8600,13.5900,13.7800,13.7200,57468516,791948363.6900,3,0.189900,1,0.437300,8.688260,0.627707,2.410095,-10.435303,0
2025-08-22,sh.600000,13.8100,13.9500,13.7700,13.9400,13.7800,64098054,888813234.0700,3,0.211800,1,1.161100,8.789140,0.634995,2.438079,-10.556468,0
2025-08-25,sh.600000,13.9000,14.0500,13.7600,14.0300,13.9400,63137208,877162424.5100,3,0.208600,1,0.645600,8.845885,0.639095,2.453819,-10.624623,0
2025-08-26,sh.600000,14.0000,14.1500,13.8200,14.0300,14.0300,59365845,831883207.3700,3,0.196100,1,0.000000,8.845885,0.639095,2.453819,-10.624623,0
2025-08-27,sh.600000,13.9500,14.0000,13.7000,13.7500,14.0300,76975407,1065617631.0500,3,0.254300,1,-1.995700,8.669345,0.626340,2.404848,-10.412585,0
2025-08-28,sh.600000,13.6500,13.9400,13.4400,13.8600,13.7500,95618144,1314340523.8800,3,0.313500,1,0.800000,8.804916,0.620862,2.442455,-5.237260,0
2025-08-29,sh.600000,13.8100,13.9900,13.6300,13.6300,13.8600,128276384,1769227973.0200,3,0.420600,1,-1.659500,8.658803,0.610559,2.401923,-5.150350,0
2025-09-01,sh.600000,13.6800,13.9000,13.4500,13.4900,13.6300,116131640,1584600426.0300,3,0.380800,1,-1.027100,8.569864,0.604287,2.377252,-5.097449,0
2025-09-02,sh.600000,13.4300,13.7500,13.3900,13.7300,13.4900,79527127,1078332698.3500,3,0.260800,1,1.779100,8.722330,0.615038,2.419546,-5.188137,0
2025-09-03,sh.600000,13.7300,13.8700,13.6100,13.7800,13.7300,75418875,1039563267.5600,3,0.247300,1,0.364200,8.754094,0.617278,2.428357,-5.207031,0
2025-09-04,sh.600000,13.7000,13.8500,13.5000,13.7700,13.7800,101214019,1382067032.7200,3,0.331900,1,-0.072600,8.747741,0.616830,2.426595,-5.203252,0
2025-09-05,sh.600000,13.7400,13.7800,13.4700,13.6900,13.7700,79038636,1081534596.0100,3,0.259200,1,-0.581000,8.696919,0.613246,2.412497,-5.173022,0
2025-09-08,sh.600000,13.6900,13.9800,13.5300,13.5800,13.6900,123553472,1702186554.0700,3,0.405100,1,-0.803500,8.627039,0.608319,2.393112,-5.131457,0
2025-09-09,sh.600000,13.6900,14.0200,13.6200,14.0200,13.5800,117067240,1622965820.5700,3,0.383900,1,3.240100,8.906560,0.628029,2.470651,-5.297719,0
2025-09-10,sh.600000,14.0600,14.0700,13.8300,13.9700,14.0200,83617788,1169472183.6700,3,0.274200,1,-0.356600,8.874796,0.625789,2.461839,-5.278826,0
2025-09-11,sh.600000,13.9300,14.1700,13.8800,14.1200,13.9700,83259271,1168876344.1100,3,0.273000,1,1.073700,8.970087,0.632508,2.488273,-5.335506,0
2025-09-12,sh.600000,14.1400,14.2500,13.4500,13.6000,14.1200,137797397,1890112473.4100,3,0.451800,1,-3.682700,8.639744,0.609215,2.396637,-5.139014,0
2025-09-15,sh.600000,13.5100,13.6900,13.3700,13.4300,13.6000,84060835,1136419803.5000,3,0.275600,1,-1.250000,8.531747,0.601600,2.366679,-5.074777,0
2025-09-16,sh.600000,13.4100,13.4400,13.1300,13.1600,13.4300,88505780,1171744735.8300,3,0.290200,1,-2.010400,8.360223,0.589505,2.319099,-4.972752,0
2025-09-17,sh.600000,13.1500,13.2500,12.9500,12.9600,13.1600,66621805,869297895.1500,3,0.218500,1,-1.519800,8.233168,0.580546,2.283854,-4.897178,0
2025-09-18,sh.600000,12.9600,13.0100,12.6800,12.7500,12.9600,106507276,1365758685.4600,3,0.349200,1,-1.620400,8.099760,0.571139,2.246847,-4.817826,0
2025-09-19,sh.600000,12.6900,12.9000,12.5600,12.8100,12.7500,79638295,1015780801.3300,3,0.261100,1,0.470600,8.137877,0.573827,2.257420,-4.840498,0
2025-09-22,sh.600000,12.7800,12.8000,12.5000,12.5400,12.8100,49180587,620006457.9700,3,0.161300,1,-2.107700,7.966352,0.561732,2.209840,-4.738473,0
2025-09-23,sh.600000,12.5100,12.6500,12.3600,12.4500,12.5400,77159109,962632051.8400,3,0.253000,1,-0.717700,7.909178,0.557700,2.193980,-4.704465,0
2025-09-24,sh.600000,12.4500,12.5400,12.0600,12.2200,12.4500,102755861,1255684175.9600,3,0.336900,1,-1.847400,7.763064,0.547397,2.153449,-4.617555,0
2025-09-25,sh.600000,12.2300,12.5500,12.1300,12.4300,12.2200,128885102,1599981440.2600,3,0.422600,1,1.718500,7.896472,0.556804,2.190456,-4.696908,0
2025-09-26,sh.600000,12.3700,12.4800,11.9000,12.2500,12.4300,84171099,1024777755.5900,3,0.276000,1,-1.448100,7.782123,0.548741,2.158735,-4.628892,0
2025-09-29,sh.600000,12.2500,12.2600,11.9500,12.0600,12.2500,86111735,1041131901.0800,3,0.282400,1,-1.551000,7.661420,0.540230,2.125253,-4.557096,0
2025-09-30,sh.600000,12.0700,12.1100,11.8100,11.9000,12.0600,90383609,1077479637.7000,3,0.296400,1,-1.326700,7.559776,0.533063,2.097057,-4.496637,0
2025-10-09,sh.600000,11.7500,11.8700,11.6300,11.8000,11.9000,81279059,957141423.0800,3,0.266500,1,-0.840300,7.496249,0.528583,2.079435,-4.458851,0
2025-10-10,sh.600000,11.7900,12.0300,11.6800,11.8400,11.8000,93757429,1113065249.9900,3,0.299000,1,0.339000,7.733189,0.545291,2.145161,-4.599786,0
2025-10-13,sh.600000,11.9700,12.6000,11.7800,12.5100,11.8400,209588223,2580353841.5700,3,0.668400,1,5.658800,8.170794,0.576148,2.266551,-4.860077,0
2025-10-14,sh.600000,12.4500,12.8700,12.3100,12.7700,12.5100,146399373,1860041653.7500,3,0.460000,1,2.078300,8.466740,0.597016,2.348646,-5.036109,0
2025-10-15,sh.600000,12.7500,13.2400,12.6300,13.1700,12.7700,122625265,1591811158.5300,3,0.385300,1,3.132300,8.731947,0.615716,2.422213,-5.193857,0
2025-10-16,sh.600000,13.1600,13.5300,13.1100,13.3200,13.1700,99838590,1328610596.6500,3,0.313700,1,1.139000,8.831400,0.622729,2.449801,-5.253013,0
2025-10-17,sh.600000,13.2900,13.4400,13.1100,13.3200,13.3200,81693218,1084436740.1500,3,0.252300,1,0.000000,8.984238,0.633506,2.492198,-5.343923,0
2025-10-20,sh.600000,13.2700,13.2700,12.9300,12.9900,13.3200,80678774,1053892619.8900,3,0.246800,1,-2.477500,8.846443,0.623790,2.453974,-5.261961,0
2025-10-21,sh.600000,12.9900,13.3000,12.9200,12.9900,12.9900,154403206,2026895575.9500,3,0.472300,1,0.000000,8.846443,0.623790,2.453974,-5.261961,0
2025-10-22,sh.600000,12.9700,13.1500,12.8100,13.0300,12.9900,119621745,1553039597.0400,3,0.365900,1,0.307900,8.873684,0.625711,2.461531,-5.278164,0
2025-10-23,sh.600000,13.0300,13.1000,12.8400,12.9700,13.0300,80652260,1045171787.5900,3,0.246700,1,-0.460500,8.832823,0.622829,2.450196,-5.253859,0
2025-10-24,sh.600000,12.9900,13.1000,12.8300,12.9800,12.9700,183342863,2383331324.7100,3,0.560800,1,0.077100,8.839633,0.623310,2.452085,-5.257910,0
2025-10-27,sh.600000,12.9200,13.0600,12.8300,12.9700,12.9800,151665963,1964302302.0200,3,0.455400,1,-0.077000,8.998372,0.634503,2.496119,-5.352330,0
2025-10-28,sh.600000,13.0100,13.0700,12.2300,12.3900,12.9700,159866315,1992336125.9700,3,0.480000,1,-4.471900,8.595977,0.606129,2.384496,-5.112981,0
2025-10-29,sh.600000,12.3100,12.3600,11.7500,11.8100,12.3900,165619780,1970345899.7700,3,0.497300,1,-4.681200,8.193600,0.577756,2.272878,-4.873643,0
2025-10-30,sh.600000,11.7900,11.8300,11.6200,11.6400,11.8100,122375784,1430066830.9500,3,0.367400,1,-1.439500,8.075656,0.569439,2.240161,-4.803489,0
2025-10-31,sh.600000,11.7200,11.7400,11.4900,11.4900,11.6400,143534203,1657883721.0800,3,0.431000,1,-1.288700,7.833379,0.545907,2.209633,-1.805437,0
2025-11-03,sh.600000,11.4900,11.6400,11.3700,11.4100,11.4900,123384169,1414090218.4300,3,0.370500,1,-0.696300,7.778839,0.542106,2.194248,-1.792867,0
2025-11-04,sh.600000,11.4000,11.6300,11.3600,11.6200,11.4100,134964340,1553428253.4600,3,0.405200,1,1.840500,7.922008,0.552083,2.234633,-1.825864,0
2025-11-05,sh.600000,11.6400,11.9600,11.5800,11.8600,11.6200,162186560,1915573359.0800,3,0.487000,1,2.065400,8.085629,0.563486,2.280787,-1.863576,0
2025-11-06,sh.600000,11.8000,11.8000,11.5900,11.6600,11.8600,127867343,1491236057.4000,3,0.383900,1,-1.686300,7.949278,0.553984,2.242325,-1.832150,0
2025-11-07,sh.600000,11.6400,11.7500,11.5900,11.7000,11.6600,93125152,1088148705.1900,3,0.279600,1,0.343100,7.976548,0.555884,2.250018,-1.838435,0
2025-11-10,sh.600000,11.6500,11.8000,11.6100,11.6900,11.7000,90615790,1060061828.1700,3,0.272100,1,-0.085500,7.969731,0.555409,2.248095,-1.836863,0
2025-11-11,sh.600000,11.6700,11.7300,11.6000,11.6700,11.6900,78910662,920057996.7700,3,0.236900,1,-0.171100,7.956095,0.554459,2.244248,-1.833721,0
2025-11-12,sh.600000,11.6900,11.9200,11.6600,11.6800,11.6700,150937630,1773400017.8600,3,0.453200,1,0.085700,7.962913,0.554934,2.246171,-1.835292,0
2025-11-13,sh.600000,11.6600,11.7200,11.5100,11.6600,11.6800,121769523,1414343346.5300,3,0.365600,1,-0.171200,7.949278,0.553984,2.242325,-1.832150,0
2025-11-14,sh.600000,11.6100,11.7700,11.6100,11.6200,11.6600,113543245,1326048680.5000,3,0.340900,1,-0.343100,7.922008,0.552083,2.234633,-1.825864,0
2025-11-17,sh.600000,11.6000,11.6500,11.3500,11.3700,11.6200,98485526,1127109373.2900,3,0.295700,1,-2.151500,7.751569,0.540206,2.186556,-1.786581,0
2025-11-18,sh.600000,11.3500,11.4500,11.2500,11.4500,11.3700,56503139,642965676.8600,3,0.169600,1,0.703600,7.806109,0.544007,2.201940,-1.799152,0
2025-11-19,sh.600000,11.4300,11.6200,11.4000,11.5600,11.4500,93264386,1078378238.5300,3,0.280000,1,0.960700,7.881102,0.549233,2.223094,-1.816436,0
2025-11-20,sh.600000,11.5400,11.8100,11.4900,11.7000,11.5600,116125007,1361974217.2100,3,0.348700,1,1.211100,7.976548,0.555884,2.250018,-1.838435,0
2025-11-21,sh.600000,11.7000,11.7400,11.5000,11.5200,11.7000,100248709,1161931513.3400,3,0.301000,1,-1.538500,7.853832,0.547332,2.215402,-1.810151,0
2025-11-24,sh.600000,11.5400,11.6500,11.4900,11.5300,11.5200,94815363,1097744266.5900,3,0.284700,1,0.086800,7.860650,0.547807,2.217325,-1.811722,0
2025-11-25,sh.600000,11.5300,11.6400,11.4500,11.6100,11.5300,55709457,643212946.2200,3,0.167300,1,0.693800,7.915190,0.551608,2.232710,-1.824293,0
2025-11-26,sh.600000,11.6300,11.6700,11.4500,11.4800,11.6100,60876972,702261810.1300,3,0.182800,1,-1.119700,7.826562,0.545432,2.207710,-1.803866,0
2025-11-27,sh.600000,11.4200,11.7800,11.3100,11.6200,11.4800,93698611,1086584193.1600,3,0.281300,1,1.219500,7.922008,0.552083,2.234633,-1.825864,0
2025-11-28,sh.600000,11.6000,11.7000,11.4600,11.4800,11.6200,79682706,921539831.5300,3,0.239200,1,-1.204800,7.826562,0.545432,2.207710,-1.803866,0
2025-12-01,sh.600000,11.4100,11.5500,11.3700,11.5400,11.4800,68000214,779356764.1000,3,0.204200,1,0.522600,7.867467,0.548283,2.219248,-1.813294,0
2025-12-02,sh.600000,11.5100,11.5800,11.4300,11.4500,11.5400,50331401,577904085.2800,3,0.151100,1,-0.779900,7.806109,0.544007,2.201940,-1.799152,0
2025-12-03,sh.600000,11.4200,11.5000,11.3000,11.3000,11.4500,65916685,751358254.9100,3,0.197900,1,-1.310000,7.703846,0.536880,2.173094,-1.775582,0
2025-12-04,sh.600000,11.3300,11.3300,11.1500,11.2500,11.3000,45066850,506206455.8400,3,0.135300,1,-0.442500,7.669758,0.534504,2.163479,-1.767726,0
2025-12-05,sh.600000,11.2300,11.3200,11.1400,11.2600,11.2500,56770710,637399477.8400,3,0.170500,1,0.088900,7.676575,0.534979,2.165402,-1.769297,0
2025-12-08,sh.600000,11.2600,11.4300,11.2300,11.3900,11.2600,89418386,1017232427.1500,3,0.268500,1,1.154500,7.765204,0.541156,2.190402,-1.789724,0
2025-12-09,sh.600000,11.4100,11.4300,11.3100,11.3200,11.3900,58585930,664542013.9800,3,0.175900,1,-0.614600,7.717481,0.537830,2.176940,-1.778725,0
2025-12-10,sh.600000,11.3200,11.3300,11.1400,11.2800,11.3200,70831411,794675027.7100,3,0.212700,1,-0.353400,7.690211,0.535930,2.169248,-1.772440,0
2025-12-11,sh.600000,11.3000,11.4500,11.2200,11.4400,11.2800,107586743,1222579775.2700,3,0.323000,1,1.418400,7.799292,0.543531,2.200017,-1.797581,0
2025-12-12,sh.600000,11.4100,11.6100,11.3500,11.6100,11.4400,145372658,1672795399.4200,3,0.436500,1,1.486000,7.915190,0.551608,2.232710,-1.824293,0
2025-12-15,sh.600000,11.5900,11.7500,11.5000,11.6600,11.6100,111508150,1302167030.1400,3,0.334800,1,0.430700,7.949278,0.553984,2.242325,-1.832150,0
2025-12-16,sh.600000,11.6700,11.7200,11.4200,11.5500,11.6600,86733417,1000970373.5500,3,0.260400,1,-0.943400,7.874285,0.548758,2.221171,-1.814865,0
2025-12-17,sh.600000,11.5400,11.6700,11.4500,11.5400,11.5500,60894791,704546773.9600,3,0.182800,1,-0.086600,7.867467,0.548283,2.219248,-1.813294,0
2025-12-18,sh.600000,11.5900,11.7900,11.4800,11.7800,11.5400,69201006,809469482.7000,3,0.207800,1,2.079700,8.031089,0.559685,2.265402,-1.851005,0
2025-12-19,sh.600000,11.7200,11.8000,11.6500,11.6900,11.7800,67815119,794336354.3900,3,0.203600,1,-0.764000,7.969731,0.555409,2.248095,-1.836863,0
2025-12-22,sh.600000,11.6500,11.6900,11.5400,11.6400,11.6900,49907269,580340537.9400,3,0.149800,1,-0.427700,7.935643,0.553034,2.238479,-1.829007,0
2025-12-23,sh.600000,11.6700,11.8800,11.6200,11.8300,11.6400,61488273,724111795.7500,3,0.184600,1,1.632300,8.065176,0.562061,2.275018,-1.858862,0
2025-12-24,sh.600000,11.8300,11.9000,11.7500,11.8100,11.8300,46510627,550611164.2500,3,0.139600,1,-0.169100,8.051541,0.561111,2.271172,-1.855719,0
2025-12-25,sh.600000,11.8000,11.8600,11.7400,11.7700,11.8100,30326271,357369168.1600,3,0.091100,1,-0.338700,8.024271,0.559210,2.263479,-1.849434,0
2025-12-26,sh.600000,11.7700,11.8200,11.7100,11.7200,11.7700,29816927,350344914.4700,3,0.089500,1,-0.424800,7.990183,0.556835,2.253864,-1.841577,0
2025-12-29,sh.600000,11.7400,12.2200,11.6800,12.1700,11.7200,87875772,1055110814.0500,3,0.263800,1,3.839600,8.296974,0.578215,2.340403,-1.912286,0
2025-12-30,sh.600000,12.1700,12.4100,12.1000,12.3900,12.1700,74051075,910372295.0000,3,0.222300,1,1.807700,8.446960,0.588667,2.382711,-1.946855,0
2025-12-31,sh.600000,12.3500,12.4500,12.1400,12.4400,12.3900,82445909,1016605870.1800,3,0.247500,1,0.403600,8.481048,0.591043,2.392326,-1.954712,0
2026-01-05,sh.600000,12.4700,12.4800,11.8000,11.8200,12.4400,122284342,1459886350.3400,3,0.367200,1,-4.983900,8.058359,0.561586,2.273095,-1.857290,0
2026-01-06,sh.600000,11.7800,12.0300,11.7100,12.0000,11.8200,121375398,1439780652.1700,3,0.364400,1,1.522800,8.181075,0.570138,2.307710,-1.885574,0
2026-01-07,sh.600000,11.9100,11.9800,11.7600,11.7900,12.0000,70474220,833114858.7700,3,0.211600,1,-1.750000,8.037906,0.560160,2.267325,-1.852577,0
2026-01-08,sh.600000,11.7800,11.7800,11.4800,11.5400,11.7900,80017314,924663650.8700,3,0.240300,1,-2.120400,7.867467,0.548283,2.219248,-1.813294,0
2026-01-09,sh.600000,11.5600,11.5700,11.4600,11.5400,11.5400,42361629,487401034.0300,3,0.127200,1,0.000000,7.867467,0.548283,2.219248,-1.813294,0
2026-01-12,sh.600000,11.5500,11.6800,11.5100,11.6600,11.5400,60110177,697500168.2300,3,0.180500,1,1.039900,7.949278,0.553984,2.242325,-1.832150,0
2026-01-13,sh.600000,11.7200,11.7500,11.5400,11.5700,11.6600,49620112,577967675.7100,3,0.149000,1,-0.771900,7.887920,0.549708,2.225017,-1.818008,0
2026-01-14,sh.600000,11.6100,11.6400,11.2200,11.2400,11.5700,136564445,1562032442.7700,3,0.410000,1,-2.852200,7.484608,0.534029,2.151926,-1.766154,0
2026-01-15,sh.600000,11.2200,11.2600,11.1600,11.1600,11.2400,69278313,776363088.3600,3,0.208000,1,-0.711700,7.431336,0.530228,2.136610,-1.753584,0
2026-01-16,sh.600000,11.1900,11.2700,10.8800,11.0400,11.1600,126811321,1399112204.4300,3,0.380700,1,-1.075300,7.351430,0.524527,2.113635,-1.734728,0
2026-01-19,sh.600000,10.9900,11.2100,10.9300,11.1200,11.0400,73155055,811475590.3800,3,0.219600,1,0.724600,7.404701,0.528328,2.128952,-1.747299,0
2026-01-20,sh.600000,11.1000,11.1100,10.9400,11.0300,11.1200,73525878,809278404.3100,3,0.220800,1,-0.809400,7.344771,0.524052,2.111721,-1.733157,0
2026-01-21,sh.600000,11.0300,11.0600,10.7100,10.7400,11.0300,96262217,1044627492.4200,3,0.289000,1,-2.629200,7.151662,0.510273,2.056200,-1.687589,0
2026-01-22,sh.600000,10.7400,10.9000,10.6000,10.6300,10.7400,152975450,1633552621.2600,3,0.459300,1,-1.024200,7.078415,0.505047,2.035140,-1.670304,0
2026-01-23,sh.600000,10.6300,10.6600,10.4700,10.5100,10.6300,132324449,1394174258.5900,3,0.397300,1,-1.128900,6.998508,0.499346,2.012166,-1.651449,0
2026-01-26,sh.600000,10.4900,10.5300,10.3400,10.3500,10.5100,149077101,1552120341.3600,3,0.447600,1,-1.522400,6.891965,0.491744,1.981533,-1.626308,0
2026-01-27,sh.600000,10.3400,10.4000,10.1800,10.2000,10.3500,95430026,983073877.5200,3,0.286500,1,-1.449300,6.792082,0.484617,1.952815,-1.602738,0
2026-01-28,sh.600000,10.2000,10.2600,10.0100,10.0500,10.2000,140090242,1416381406.6600,3,0.420600,1,-1.470600,6.692198,0.477490,1.924097,-1.579168,0
2026-01-29,sh.600000,10.0300,10.1900,9.8800,10.1500,10.0500,182164726,1823281314.5500,3,0.546900,1,0.995000,6.758787,0.482242,1.943243,-1.594881,0
2026-01-30,sh.600000,10.1400,10.2800,10.0100,10.0400,10.1500,110436836,1119322395.0400,3,0.331600,1,-1.083700,6.685539,0.477015,1.922183,-1.577597,0
2026-02-02,sh.600000,10.0700,10.2500,10.0300,10.0600,10.0400,105771232,1072786034.7400,3,0.317600,1,0.199200,6.698857,0.477966,1.926012,-1.580740,0
2026-02-03,sh.600000,10.0600,10.0700,9.9100,10.0200,10.0600,77669459,775509783.4200,3,0.233200,1,-0.397600,6.672221,0.476065,1.918354,-1.574454,0
2026-02-04,sh.600000,10.0000,10.1500,9.9800,10.1300,10.0200,67248961,678972138.2900,3,0.201900,1,1.097800,6.745469,0.481291,1.939414,-1.591739,0
2026-02-05,sh.600000,10.1500,10.2800,10.1300,10.2300,10.1300,97223688,992778930.6400,3,0.291900,1,0.987200,6.812058,0.486043,1.958559,-1.607452,0
2026-02-06,sh.600000,10.2400,10.2700,10.0600,10.1200,10.2300,75925550,769321538.3000,3,0.228000,1,-1.075300,6.738810,0.480816,1.937499,-1.590167,0
2026-02-09,sh.600000,10.1100,10.2400,10.0800,10.1800,10.1200,61171546,621933880.4300,3,0.183700,1,0.592900,6.778764,0.483667,1.948986,-1.599595,0
2026-02-10,sh.600000,10.1900,10.2400,10.1500,10.1800,10.1800,46429780,472864734.1300,3,0.139400,1,0.000000,6.778764,0.483667,1.948986,-1.599595,0
2026-02-11,sh.600000,10.1800,10.1900,10.1100,10.1700,10.1800,39338830,399584929.6900,3,0.118100,1,-0.098200,6.772105,0.483192,1.947072,-1.598024,0
2026-02-12,sh.600000,10.1700,10.1800,9.9600,9.9800,10.1700,98376257,985620843.7300,3,0.295400,1,-1.868200,6.645586,0.474165,1.910696,-1.568169,0
2026-02-13,sh.600000,9.9800,10.0300,9.8800,9.8900,9.9800,70040725,696614490.0700,3,0.210300,1,-0.901800,6.585656,0.469889,1.893465,-1.554027,0
2026-02-24,sh.600000,9.9800,10.0200,9.9000,9.9000,9.8900,54739335,544210582.9600,3,0.164400,1,0.101100,6.592315,0.470364,1.895379,-1.555599,0
2026-02-25,sh.600000,9.9000,9.9400,9.7900,9.7900,9.9000,87423426,862104910.8500,3,0.262500,1,-1.111100,6.519067,0.465137,1.874320,-1.538314,0
2026-02-26,sh.600000,9.8000,9.8300,9.6900,9.7300,9.7900,76025001,740273716.0900,3,0.228300,1,-0.612900,6.479113,0.462287,1.862833,-1.528886,0
2026-02-27,sh.600000,9.7300,9.8400,9.7000,9.7200,9.7300,80281023,781977680.7800,3,0.241000,1,-0.102800,6.472454,0.461812,1.860918,-1.527315,0
2026-03-02,sh.600000,9.6900,9.7700,9.5800,9.6800,9.7200,73404604,710795803.7400,3,0.220400,1,-0.411500,6.445819,0.459911,1.853260,-1.521030,0
2026-03-03,sh.600000,9.6600,9.8200,9.6100,9.7300,9.6800,112936428,1098196732.0200,3,0.339100,1,0.516500,6.479113,0.462287,1.862833,-1.528886,0
2026-03-04,sh.600000,9.6900,9.7000,9.4300,9.6000,9.7300,161755557,1544304016.8100,3,0.485700,1,-1.336100,6.392547,0.456110,1.837944,-1.508459,0
2026-03-05,sh.600000,9.5600,9.8100,9.5600,9.7800,9.6000,119745268,1163684549.1900,3,0.359500,1,1.875000,6.512408,0.464662,1.872405,-1.536743,0
2026-03-06,sh.600000,9.7400,9.9000,9.7100,9.8900,9.7800,72726022,714778139.8800,3,0.218400,1,1.124700,6.585656,0.469889,1.893465,-1.554027,0
2026-03-09,sh.600000,9.8300,10.0200,9.7700,9.8500,9.8900,116840499,1156617401.4300,3,0.350800,1,-0.404400,6.559020,0.467988,1.885807,-1.547742,0
2026-03-10,sh.600000,9.8300,9.9900,9.8000,9.9600,9.8500,64916390,643507105.8900,3,0.194900,1,1.116800,6.632268,0.473214,1.906867,-1.565027,0
2026-03-11,sh.600000,9.9700,10.1000,9.8500,10.0700,9.9600,100884566,1010756030.1300,3,0.302900,1,1.104400,6.705516,0.478441,1.927926,-1.582311,0
2026-03-12,sh.600000,10.0400,10.2000,10.0100,10.1800,10.0700,89418328,905889175.7700,3,0.268500,1,1.092400,6.778764,0.483667,1.948986,-1.599595,0
2026-03-13,sh.600000,10.1600,10.4100,10.1300,10.2600,10.1800,99676711,1024835924.3000,3,0.299300,1,0.785900,6.832035,0.487468,1.964302,-1.612166,0
2026-03-16,sh.600000,10.2200,10.3200,10.2200,10.2900,10.2600,66490467,683009095.4200,3,0.199600,1,0.292400,6.852012,0.488893,1.970046,-1.616880,0
2026-03-17,sh.600000,10.2700,10.4200,10.2700,10.3800,10.2900,76260073,791761952.9600,3,0.229000,1,0.874600,6.911942,0.493169,1.987277,-1.631022,0
2026-03-18,sh.600000,10.3800,10.4200,10.3000,10.3700,10.3800,65221883,676223804.1500,3,0.195800,1,-0.096300,6.905283,0.492694,1.985362,-1.629450,0
2026-03-19,sh.600000,10.3200,10.4000,10.2500,10.3200,10.3700,75867153,784461844.8300,3,0.227800,1,-0.482200,6.871989,0.490319,1.975790,-1.621594,0
2026-03-20,sh.600000,10.3300,10.4600,10.2800,10.2800,10.3200,74883607,776364417.0800,3,0.224800,1,-0.387600,6.845353,0.488418,1.968131,-1.615308,0
